g Cube.020
v -0.033731516 0.35976377 -0.19711895
v -0.03349596 0.35976377 -0.1912513
v -0.016882204 -0.089046985 -0.19125128
v -0.016915478 -0.089046985 -0.19711895
v -0.0022188844 -0.50367445 -0.19125128
v -0.0021199193 -0.50367445 -0.19711895
v -0.048969563 0.785364 -0.1912513
v -0.049428165 0.785364 -0.19711892
v -0.06021245 1.1303599 -0.1912513
v -0.060865562 1.1303598 -0.19711895
v -0.06490385 1.3373573 -0.19711895
v -0.06413402 1.3373573 -0.19125128
v 0.0075152884 -0.82672477 -0.19711892
v 0.0074034105 -0.82672477 -0.1912513
v 0.013603093 -1.069487 -0.19711895
v 0.013557417 -1.0694869 -0.1912513
v 0.01781587 -1.2432499 -0.19125128
v 0.017756438 -1.2432499 -0.19711895
v 0.021751497 -1.3593028 -0.1912513
v 0.02158827 -1.3593028 -0.19711895
v 0.026711531 -1.4289345 -0.19711892
v 0.026937038 -1.4289345 -0.1912513
v -0.03349596 0.35976377 -0.1912513
v -0.028280627 0.35976377 -0.18362606
v -0.012071436 -0.089046985 -0.18362606
v -0.016882204 -0.089046985 -0.19125128
v 0.002327403 -0.50367445 -0.18362606
v -0.0022188844 -0.50367445 -0.19125128
v -0.043308146 0.785364 -0.18362606
v -0.048969563 0.785364 -0.1912513
v -0.054161992 1.1303598 -0.18362606
v -0.06021245 1.1303599 -0.1912513
v -0.06413402 1.3373573 -0.19125128
v -0.057850134 1.3373573 -0.18362606
v -0.061616816 1.4063563 -0.1912513
v -0.05525513 1.4063563 -0.18362606
v -0.033872455 0.785364 -0.17122863
v -0.019588407 0.35976377 -0.17122865
v -0.028280627 0.35976377 -0.18362606
v -0.0440779 1.1303599 -0.17122863
v -0.004053491 -0.089046985 -0.17122865
v 0.009904549 -0.50367445 -0.17122865
v -0.044652317 1.4063563 -0.17122865
v -0.04737701 1.3373573 -0.17122865
v 0.019457977 -0.82672477 -0.17122863
v 0.011923873 -0.82672477 -0.18362606
v 0.025965065 -1.0694869 -0.17122865
v 0.018210284 -1.069487 -0.18362606
v 0.022678949 -1.2432499 -0.18362606
v 0.030784082 -1.2432499 -0.17122865
v 0.026822176 -1.3593026 -0.18362606
v 0.035273306 -1.3593028 -0.17122863
v 0.040791 -1.4289343 -0.17122863
v 0.032132275 -1.4289343 -0.18362606
v 0.026937038 -1.4289345 -0.1912513
v 0.021751497 -1.3593028 -0.1912513
v 0.013557417 -1.0694869 -0.1912513
v 0.01781587 -1.2432499 -0.19125128
v 0.0074034105 -0.82672477 -0.1912513
v -0.033731516 0.35976377 -0.19711895
v -0.027484411 0.35976377 -0.20424362
v -0.043255415 0.785364 -0.20424362
v -0.049428165 0.785364 -0.19711892
v -0.05475765 1.1303599 -0.20424363
v -0.060865562 1.1303598 -0.19711895
v -0.010600945 -0.089046985 -0.20424363
v -0.016915478 -0.089046985 -0.19711895
v 0.004238693 -0.50367445 -0.20424362
v -0.0021199193 -0.50367445 -0.19711895
v -0.06490385 1.3373573 -0.19711895
v -0.058834832 1.3373573 -0.20424363
v -0.06242555 1.4063563 -0.19711895
v -0.056369502 1.4063563 -0.20424362
v 0.0075152884 -0.82672477 -0.19711892
v 0.013878205 -0.82672477 -0.20424362
v 0.013603093 -1.069487 -0.19711895
v 0.01994394 -1.0694869 -0.20424362
v 0.02406225 -1.2432499 -0.20424363
v 0.017756438 -1.2432499 -0.19711895
v 0.027859483 -1.3593028 -0.20424363
v 0.02158827 -1.3593028 -0.19711895
v 0.026711531 -1.4289345 -0.19711892
v 0.032961987 -1.4289343 -0.20424362
v -0.027484411 0.35976377 -0.20424362
v -0.013251761 0.35976377 -0.21563996
v -0.029022763 0.785364 -0.21563996
v -0.043255415 0.785364 -0.20424362
v -0.040525 1.1303598 -0.21563996
v -0.05475765 1.1303599 -0.20424363
v 0.0036317068 -0.089046985 -0.21563996
v -0.010600945 -0.089046985 -0.20424363
v 0.018471345 -0.50367445 -0.21563996
v 0.004238693 -0.50367445 -0.20424362
v -0.058834832 1.3373573 -0.20424363
v -0.044602178 1.3373573 -0.21563996
v -0.056369502 1.4063563 -0.20424362
v -0.042136855 1.4063563 -0.21563996
v -0.018415768 1.4063563 -0.2343225
v -0.020881094 1.3373573 -0.2343225
v -0.016803917 1.1303598 -0.2343225
v 0.013878205 -0.82672477 -0.20424362
v 0.028110856 -0.82672477 -0.21563996
v 0.051831942 -0.82672477 -0.2343225
v 0.057897676 -1.0694869 -0.2343225
v 0.034176596 -1.069487 -0.21563996
v 0.0382949 -1.2432499 -0.21563996
v 0.062015984 -1.2432499 -0.2343225
v 0.042092133 -1.3593026 -0.21563996
v 0.06581322 -1.3593028 -0.2343225
v 0.01994394 -1.0694869 -0.20424362
v 0.02406225 -1.2432499 -0.20424363
v 0.027859483 -1.3593028 -0.20424363
v 0.032961987 -1.4289343 -0.20424362
v 0.047194637 -1.4289345 -0.21563996
v 0.07091572 -1.4289345 -0.2343225
v 0.042192433 -0.50367445 -0.2343225
v 0.027352793 -0.089046985 -0.2343225
v 0.010469324 0.35976377 -0.2343225
v -0.0053016767 0.785364 -0.2343225
v 0.08408968 -1.069487 -0.2588111
v 0.057897676 -1.0694869 -0.2343225
v 0.062015984 -1.2432499 -0.2343225
v 0.088272616 -1.2432499 -0.25881112
v 0.06581322 -1.3593028 -0.2343225
v 0.092123695 -1.3593026 -0.2588111
v 0.051831942 -0.82672477 -0.2343225
v 0.07795932 -0.82672477 -0.2588111
v 0.042192433 -0.50367445 -0.2343225
v 0.06826597 -0.50367445 -0.2588111
v 0.05339402 -0.089046985 -0.25881112
v 0.027352793 -0.089046985 -0.2343225
v 0.036494397 0.35976374 -0.2588111
v 0.010469324 0.35976377 -0.2343225
v -0.0053016767 0.785364 -0.2343225
v 0.020718006 0.7853639 -0.2588111
v -0.016803917 1.1303598 -0.2343225
v 0.009215769 1.1303596 -0.2588111
v 0.005138589 1.3373572 -0.25881112
v -0.020881094 1.3373573 -0.2343225
v 0.0076093017 1.4063563 -0.2588111
v -0.018415768 1.4063563 -0.2343225
v 0.08408968 -1.069487 -0.2588111
v 0.10573509 -1.0694869 -0.2876255
v 0.09941088 -0.82672477 -0.2876255
v 0.07795932 -0.82672477 -0.2588111
v 0.08955596 -0.50367445 -0.2876255
v 0.06826597 -0.50367445 -0.2588111
v 0.11011189 -1.2432499 -0.2876255
v 0.088272616 -1.2432499 -0.25881112
v 0.114124514 -1.3593028 -0.2876255
v 0.092123695 -1.3593026 -0.2588111
v 0.05339402 -0.089046985 -0.25881112
v 0.074587084 -0.089046985 -0.2876255
v 0.036494397 0.35976374 -0.2588111
v 0.05763899 0.35976377 -0.2876255
v 0.041846454 0.785364 -0.2876255
v 0.020718006 0.7853639 -0.2588111
v 0.030344218 1.1303598 -0.2876255
v 0.009215769 1.1303596 -0.2588111
v 0.005138589 1.3373572 -0.25881112
v 0.026267037 1.3373572 -0.2876255
v 0.0076093017 1.4063563 -0.2588111
v 0.028753903 1.4063563 -0.2876255
v 0.097258516 -1.4289345 -0.2588111
v 0.11935626 -1.4289343 -0.2876255
v 0.10573509 -1.0694869 -0.2876255
v 0.11581639 -1.069487 -0.31928548
v 0.10910445 -0.82672477 -0.3192855
v 0.09941088 -0.82672477 -0.2876255
v 0.09892644 -0.50367445 -0.3192855
v 0.08955596 -0.50367445 -0.2876255
v 0.1205809 -1.2432499 -0.3192855
v 0.11011189 -1.2432499 -0.2876255
v 0.124916635 -1.3593026 -0.3192855
v 0.114124514 -1.3593028 -0.2876255
v 0.074587084 -0.089046985 -0.2876255
v 0.083763696 -0.089046985 -0.3192855
v 0.05763899 0.35976377 -0.2876255
v 0.06671868 0.35976377 -0.31928548
v 0.050893825 0.785364 -0.3192855
v 0.041846454 0.785364 -0.2876255
v 0.039391592 1.1303598 -0.3192855
v 0.030344218 1.1303598 -0.2876255
v 0.026267037 1.3373572 -0.2876255
v 0.03531441 1.3373573 -0.3192855
v 0.11935626 -1.4289343 -0.2876255
v 0.13034225 -1.4289345 -0.3192855
v 0.012333264 0.35640967 0.19526538
v 0.010010503 0.35976377 0.1912513
v 0.0108438665 -0.089046985 0.19125128
v 0.012860304 -0.089046985 0.19526821
v 0.010010503 0.35976377 0.1912513
v 0.0045069456 0.35976377 0.18362606
v 0.005928443 -0.089046985 0.18362606
v 0.0108438665 -0.089046985 0.19125128
v -0.0046656504 0.35976377 0.17122865
v -0.0022639316 -0.089046985 0.17122865
v 0.0045069456 0.35976377 0.18362606
v 0.010010503 0.35976377 0.1912513
v 0.0022028973 0.785364 0.18362606
v 0.008294588 0.785364 0.1912513
v -0.001261607 1.1303598 0.18362606
v 0.005320194 1.1303599 0.1912513
v 0.0007113946 1.3373573 0.19125128
v -0.006164473 1.3373572 0.18362606
v -0.00464926 1.4063563 0.1912513
v -0.01162315 1.4063563 0.18362606
v -0.0232463 1.4063563 0.17122865
v -0.017624253 1.3373572 0.17122865
v -0.012231275 1.1303598 0.17122865
v -0.0046656504 0.35976377 0.17122865
v -0.00794992 0.785364 0.17122863
v 0.0022028973 0.785364 0.18362606
v 0.012860304 -0.089046985 0.19526821
v 0.0108438665 -0.089046985 0.19125128
v 0.011170606 -0.50367445 0.19125128
v 0.01294199 -0.50367445 0.19526818
v 0.012991 -0.82672477 0.19526821
v 0.011366652 -0.82672477 0.1912513
v 0.012586487 -1.0683587 0.19526538
v 0.0110233985 -1.0694869 0.1912513
v 0.009732246 -1.2432499 0.19125128
v 0.011307603 -1.2387367 0.19525686
v 0.007084593 -1.3593028 0.1912513
v 0.008739624 -1.3510823 0.1952512
v 0.0108438665 -0.089046985 0.19125128
v 0.005928443 -0.089046985 0.18362606
v 0.0067452947 -0.50367445 0.18362606
v 0.011170606 -0.50367445 0.19125128
v -0.0022639316 -0.089046985 0.17122865
v -0.0006302281 -0.50367445 0.17122865
v 0.00034999382 -0.82672477 0.17122863
v 0.0072354055 -0.82672477 0.18362606
v 0.00039882906 -1.0694869 0.17122865
v 0.0070391856 -1.069487 0.18362606
v 0.0057970444 -1.2432499 0.18362606
v -0.00076162745 -1.2432499 0.17122865
v 0.0031493907 -1.3593026 0.18362606
v -0.0034092807 -1.3593028 0.17122863
v -0.007822037 -1.4289343 0.17122863
v -0.0012633649 -1.4289343 0.18362606
v 0.0026718378 -1.4289345 0.1912513
v 0.007084593 -1.3593028 0.1912513
v 0.0110233985 -1.0694869 0.1912513
v 0.009732246 -1.2432499 0.19125128
v 0.011366652 -0.82672477 0.1912513
v 0.012333264 0.35640967 0.19526538
v 0.010948188 0.77194744 0.19525686
v 0.008294588 0.785364 0.1912513
v 0.010010503 0.35976377 0.1912513
v 0.005320194 1.1303599 0.1912513
v 0.008298525 1.1059226 0.1952512
v 0.0039777216 1.3066909 0.19525686
v 0.0007113946 1.3373573 0.19125128
v 0.012333264 0.35640967 0.19526538
v 0.01196347 0.34634727 0.19682933
v 0.010786735 0.731698 0.19679528
v 0.010948188 0.77194744 0.19525686
v 0.01196347 0.34634727 0.19682933
v 0.009395491 0.33963904 0.19711185
v 0.008457781 0.7048649 0.19704984
v 0.010786735 0.731698 0.19679528
v 0.007191158 0.9335844 0.1969661
v 0.008457781 1.032611 0.19677258
v 0.009708062 -0.089046985 0.19713254
v 0.012355715 -0.089046985 0.19684066
v 0.009708062 -0.50367445 0.19713253
v 0.012355715 -0.50367445 0.19684066
v 0.012355715 -0.82672477 0.19684066
v 0.009708062 -0.82672477 0.19713253
v 0.01196347 -1.0649738 0.19682932
v 0.009395491 -1.0627172 0.19711185
v 0.008457781 -1.216171 0.19704984
v 0.010786735 -1.2251973 0.19679528
v 0.007191158 -1.2931097 0.1969661
v 0.008457781 -1.3264211 0.19677258
v 0.004608878 -1.3876711 0.19679528
v 0.0042656637 -1.3264211 0.19704984
v -0 -1.4083028 0.19681796
v -0 -1.3428619 0.19709119
v 0.004608878 -1.2251973 0.19720386
v -0 -1.2342236 0.19725576
v -0 -1.0672303 0.19733846
v 0.005123699 -1.0649738 0.1972817
v 0.008457781 -1.216171 0.19704984
v 0.009395491 -1.0627172 0.19711185
v -0 -1.3428619 0.19709119
v 0.0052953064 -0.82672477 0.19730765
v -0 -0.82672477 0.197366
v 0.0052953064 -0.50367445 0.19730765
v -0 -0.50367445 0.197366
v -0 -0.089046985 0.197366
v 0.0052953064 -0.089046985 0.19730765
v -0 0.35305554 0.19733846
v 0.005123699 0.3463473 0.1972817
v 0.009708062 -0.089046985 0.19713254
v 0.009395491 0.33963904 0.19711185
v 0.009708062 -0.50367445 0.19713253
v 0.004608878 0.731698 0.19720386
v -0 0.75853103 0.19725576
v 0.0042656637 1.032611 0.19704984
v -0 1.0814854 0.19709119
v 0.008457781 0.7048649 0.19704984
v 0.007191158 0.9335844 0.1969661
v -0.004608878 0.731698 0.19720386
v -0.005123699 0.34634727 0.1972817
v -0.008457781 0.7048649 0.19704984
v -0.009395491 0.339639 0.19711185
v -0.0042656637 1.032611 0.19704984
v -0.007191158 0.93358433 0.1969661
v -0.009708062 -0.089046985 0.19713253
v -0.0052953064 -0.089046985 0.19730765
v -0.0052953064 -0.50367445 0.19730765
v -0.009708062 -0.50367445 0.19713253
v -0 1.2760247 0.19681796
v -0.004608878 1.214692 0.19679528
v -0.0042656637 1.032611 0.19704984
v -0.008457781 1.0326109 0.19677258
v -0.0052953064 -0.82672477 0.19730765
v -0.005123699 -1.0649738 0.1972817
v -0.009708062 -0.82672477 0.19713254
v -0.009395491 -1.0627172 0.19711185
v -0.004608878 -1.2251973 0.19720386
v -0.0042656637 -1.3264211 0.19704984
v -0 -1.4083028 0.19681796
v -0.004608878 -1.3876711 0.19679528
v -0.007191158 -1.2931095 0.1969661
v -0.008457781 -1.3264211 0.19677258
v -0.010786735 -1.2251973 0.19679528
v -0.008457781 -1.2161709 0.19704984
v -0.01196347 -1.0649738 0.19682933
v -0.009395491 -1.0627172 0.19711185
v -0.009708062 -0.82672477 0.19713254
v -0.012355715 -0.82672477 0.19684066
v -0.009708062 -0.50367445 0.19713253
v -0.012355715 -0.50367445 0.19684066
v -0.012355715 -0.089046985 0.19684066
v -0.009708062 -0.089046985 0.19713253
v -0.01196347 0.34634727 0.19682932
v -0.009395491 0.339639 0.19711185
v -0.008457781 0.7048649 0.19704984
v -0.010786735 0.731698 0.19679528
v -0.007191158 0.93358433 0.1969661
v 0.010948188 0.77194744 0.19525686
v 0.010786735 0.731698 0.19679528
v 0.008457781 1.032611 0.19677258
v 0.008298525 1.1059226 0.1952512
v 0.012333264 0.35640967 0.19526538
v 0.012860304 -0.089046985 0.19526821
v 0.012355715 -0.089046985 0.19684066
v 0.01196347 0.34634727 0.19682933
v 0.012860304 -0.089046985 0.19526821
v 0.01294199 -0.50367445 0.19526818
v 0.012355715 -0.50367445 0.19684066
v 0.012355715 -0.089046985 0.19684066
v 0.012991 -0.82672477 0.19526821
v 0.012355715 -0.82672477 0.19684066
v 0.012586487 -1.0683587 0.19526538
v 0.01196347 -1.0649738 0.19682932
v 0.010786735 -1.2251973 0.19679528
v 0.011307603 -1.2387367 0.19525686
v -0.00065586716 -1.4411842 0.19526254
v -0.0026234686 -1.4521449 0.1912513
v -0.007918775 -1.4289343 0.19125128
v -0.0057795662 -1.4186186 0.19525686
v -0.0026234686 -1.4521449 0.1912513
v -0.0065586716 -1.4521449 0.18362606
v -0.011853978 -1.4289345 0.18362606
v -0.007918775 -1.4289343 0.19125128
v -0.013117343 -1.4521449 0.17122865
v -0.01841265 -1.4289345 0.17122865
v -0.0057795662 -1.4186186 0.19525686
v -0.007918775 -1.4289343 0.19125128
v -0.01233153 -1.3593028 0.19125128
v -0.0100513585 -1.3510823 0.1952512
v -0.007918775 -1.4289343 0.19125128
v -0.011853978 -1.4289345 0.18362606
v -0.016266733 -1.3593028 0.18362606
v -0.01233153 -1.3593028 0.19125128
v -0.01841265 -1.4289345 0.17122865
v -0.022825405 -1.3593028 0.17122865
v -0.025473058 -1.2432499 0.17122863
v -0.018914387 -1.2432499 0.18362606
v -0.026960256 -1.0694869 0.17122865
v -0.0203199 -1.069487 0.18362606
v -0.02100623 -0.82672477 0.18362606
v -0.02789164 -0.82672477 0.17122865
v -0.02149634 -0.50367445 0.18362606
v -0.028871864 -0.50367445 0.17122863
v -0.030505566 -0.089046985 0.17122863
v -0.02231319 -0.089046985 0.18362606
v -0.017397767 -0.089046985 0.1912513
v -0.017071027 -0.50367445 0.1912513
v -0.016335685 -1.0694869 0.1912513
v -0.016874982 -0.82672477 0.19125128
v -0.014979184 -1.2432499 0.1912513
v -0.014368083 -0.82672477 0.19526821
v -0.016874982 -0.82672477 0.19125128
v -0.013914559 -1.0683587 0.19526538
v -0.016335685 -1.0694869 0.1912513
v -0.014417095 -0.50367445 0.19526818
v -0.014979184 -1.2432499 0.1912513
v -0.012619336 -1.2387367 0.19525686
v -0.01233153 -1.3593028 0.19125128
v -0.0100513585 -1.3510823 0.1952512
v -0.01449878 -0.089046985 0.19526821
v -0.017071027 -0.50367445 0.1912513
v -0.017397767 -0.089046985 0.1912513
v -0.014167783 0.35640964 0.19526538
v -0.01734858 0.35976377 0.1912513
v -0.016416842 0.785364 0.19125128
v -0.012978751 0.77194744 0.19525686
v -0.02250853 0.785364 0.18362606
v -0.022852136 0.35976377 0.18362606
v -0.0140959285 1.1303598 0.1912513
v -0.010492458 1.1059226 0.1952512
v -0.02067773 1.1303598 0.18362606
v -0.032024734 0.35976377 0.17122865
v -0.032661345 0.785364 0.17122865
v -0.0316474 1.1303598 0.17122863
v -0.028214866 1.3373573 0.17122863
v -0.016755085 1.3373573 0.18362606
v -0.009879218 1.3373572 0.1912513
v -0.00464926 1.4063563 0.1912513
v -0.01162315 1.4063563 0.18362606
v -0.0232463 1.4063563 0.17122865
v -0.02250853 0.785364 0.18362606
v -0.00065586716 -1.4411842 0.19526254
v 0.004467832 -1.4186186 0.19525686
v 0.0026718378 -1.4289345 0.1912513
v -0.0026234686 -1.4521449 0.1912513
v 0.004467832 -1.4186186 0.19525686
v 0.008739624 -1.3510823 0.1952512
v 0.007084593 -1.3593028 0.1912513
v 0.0026718378 -1.4289345 0.1912513
v -0.0026234686 -1.4521449 0.1912513
v 0.0026718378 -1.4289345 0.1912513
v -0.0012633649 -1.4289343 0.18362606
v -0.0065586716 -1.4521449 0.18362606
v -0.013117343 -1.4521449 0.17122865
v -0.007822037 -1.4289343 0.17122863
v -0.00065586716 -1.4411842 0.19526254
v -0 -1.4083028 0.19681796
v 0.004608878 -1.3876711 0.19679528
v 0.004467832 -1.4186186 0.19525686
v 0.004467832 -1.4186186 0.19525686
v 0.004608878 -1.3876711 0.19679528
v 0.008457781 -1.3264211 0.19677258
v 0.008739624 -1.3510823 0.1952512
v -0.00065586716 -1.4411842 0.19526254
v -0.0057795662 -1.4186186 0.19525686
v -0.004608878 -1.3876711 0.19679528
v -0 -1.4083028 0.19681796
v -0.0057795662 -1.4186186 0.19525686
v -0.0100513585 -1.3510823 0.1952512
v -0.008457781 -1.3264211 0.19677258
v -0.004608878 -1.3876711 0.19679528
v -0.001162315 1.3737733 0.19526254
v -0.00464926 1.4063563 0.1912513
v 0.0007113946 1.3373573 0.19125128
v 0.0039777216 1.3066909 0.19525686
v -0.001162315 1.3737733 0.19526254
v -0.006269677 1.3066909 0.19525686
v -0.009879218 1.3373572 0.1912513
v -0.001162315 1.3737733 0.19526254
v -0.009879218 1.3373572 0.1912513
v -0.00464926 1.4063563 0.1912513
v -0.006269677 1.3066909 0.19525686
v -0.010492458 1.1059226 0.1952512
v -0.0140959285 1.1303598 0.1912513
v -0.006269677 1.3066909 0.19525686
v -0.0140959285 1.1303598 0.1912513
v -0.009879218 1.3373572 0.1912513
v -0.009879218 1.3373572 0.1912513
v -0.0140959285 1.1303598 0.1912513
v -0.02067773 1.1303598 0.18362606
v -0.001162315 1.3737733 0.19526254
v -0 1.2760247 0.19681796
v -0.004608878 1.214692 0.19679528
v -0.006269677 1.3066909 0.19525686
v -0.006269677 1.3066909 0.19525686
v -0.004608878 1.214692 0.19679528
v -0.008457781 1.0326109 0.19677258
v -0.006269677 1.3066909 0.19525686
v -0.008457781 1.0326109 0.19677258
v -0.010492458 1.1059226 0.1952512
v -0.001162315 1.3737733 0.19526254
v 0.0039777216 1.3066909 0.19525686
v 0.004608878 1.214692 0.19679528
v -0 1.2760247 0.19681796
v 0.0039777216 1.3066909 0.19525686
v 0.008298525 1.1059226 0.1952512
v 0.008457781 1.032611 0.19677258
v 0.004608878 1.214692 0.19679528
v -0 1.2760247 0.19681796
v 0.004608878 1.214692 0.19679528
v 0.0042656637 1.032611 0.19704984
v -0.06242555 1.4063563 -0.19711895
v -0.056369502 1.4063563 -0.20424362
v -0.048244223 1.3373573 -0.20424362
v -0.054313228 1.3373572 -0.19711892
v -0.035341527 1.1303598 -0.20424363
v -0.041449443 1.1303596 -0.19711895
v -0.024716742 0.7853639 -0.19711895
v -0.018543985 0.785364 -0.20424363
v -0.006372433 0.35976374 -0.19711895
v -0.00012532901 0.35976377 -0.20424362
v 0.017640691 -0.089046985 -0.20424362
v 0.011326159 -0.089046985 -0.19711892
v 0.03248033 -0.50367445 -0.20424363
v 0.026121715 -0.50367445 -0.19711895
v 0.035756927 -0.82672477 -0.19711895
v 0.042119846 -0.82672477 -0.20424363
v 0.040962182 -1.069487 -0.19711895
v 0.047303032 -1.0694869 -0.20424362
v 0.048773687 -1.2432499 -0.20424362
v 0.042467874 -1.2432499 -0.19711892
v 0.047275614 -1.3593028 -0.20424362
v 0.041004393 -1.3593028 -0.19711895
v 0.037302144 -1.4289345 -0.19711895
v 0.043552596 -1.4289345 -0.20424363
v -0.056369502 1.4063563 -0.20424362
v -0.042136855 1.4063563 -0.21563996
v -0.03401157 1.3373572 -0.21563996
v -0.048244223 1.3373573 -0.20424362
v -0.021108877 1.1303598 -0.21563996
v -0.035341527 1.1303598 -0.20424363
v -0.018543985 0.785364 -0.20424363
v -0.0043113334 0.785364 -0.21563996
v -0.00012532901 0.35976377 -0.20424362
v 0.014107321 0.35976374 -0.21563996
v 0.03187334 -0.089047 -0.21563996
v 0.017640691 -0.089046985 -0.20424362
v 0.046712983 -0.50367445 -0.21563996
v 0.03248033 -0.50367445 -0.20424363
v 0.042119846 -0.82672477 -0.20424363
v 0.056352496 -0.82672477 -0.21563996
v 0.047303032 -1.0694869 -0.20424362
v 0.061535683 -1.069487 -0.21563996
v 0.063006334 -1.2432499 -0.21563996
v 0.048773687 -1.2432499 -0.20424362
v 0.061508257 -1.3593028 -0.21563996
v 0.047275614 -1.3593028 -0.20424362
v 0.043552596 -1.4289345 -0.20424363
v 0.057785247 -1.4289343 -0.21563996
v 0.08525676 -1.0694869 -0.2343225
v 0.08007357 -0.82672477 -0.2343225
v 0.07043406 -0.50367445 -0.2343225
v 0.08672742 -1.2432499 -0.2343225
v 0.085229345 -1.3593028 -0.2343225
v 0.081506334 -1.4289343 -0.2343225
v 0.055594426 -0.089047 -0.2343225
v 0.03782841 0.35976374 -0.2343225
v 0.019409753 0.7853639 -0.2343225
v 0.0026122069 1.1303596 -0.2343225
v -0.010290483 1.3373572 -0.2343225
v -0.018415768 1.4063563 -0.2343225
v -0.06242555 1.4063563 -0.19711895
v -0.061616816 1.4063563 -0.1912513
v -0.06413402 1.3373573 -0.19125128
v -0.06490385 1.3373573 -0.19711895
v -0.06242555 1.4063563 -0.19711895
v -0.054313228 1.3373572 -0.19711892
v -0.053543404 1.3373572 -0.1912513
v -0.061616816 1.4063563 -0.1912513
v -0.054313228 1.3373572 -0.19711892
v -0.041449443 1.1303596 -0.19711895
v -0.04079632 1.1303598 -0.1912513
v -0.053543404 1.3373572 -0.1912513
v -0.024716742 0.7853639 -0.19711895
v -0.02425814 0.785364 -0.19125128
v -0.006372433 0.35976374 -0.19711895
v -0.0061368756 0.35976377 -0.1912513
v 0.011359434 -0.089046985 -0.1912513
v 0.011326159 -0.089046985 -0.19711892
v 0.026022753 -0.50367445 -0.1912513
v 0.026121715 -0.50367445 -0.19711895
v 0.035756927 -0.82672477 -0.19711895
v 0.03564505 -0.82672477 -0.19125128
v 0.040962182 -1.069487 -0.19711895
v 0.040916502 -1.0694869 -0.1912513
v 0.042527303 -1.2432499 -0.1912513
v 0.042467874 -1.2432499 -0.19711892
v 0.041167624 -1.3593028 -0.19125128
v 0.041004393 -1.3593028 -0.19711895
v 0.037302144 -1.4289345 -0.19711895
v 0.037527654 -1.4289343 -0.19125128
v -0.061616816 1.4063563 -0.1912513
v -0.053543404 1.3373572 -0.1912513
v -0.047259524 1.3373573 -0.18362606
v -0.05525513 1.4063563 -0.18362606
v -0.034745872 1.1303598 -0.18362606
v -0.04079632 1.1303598 -0.1912513
v -0.02425814 0.785364 -0.19125128
v -0.018596722 0.785364 -0.18362606
v -0.0061368756 0.35976377 -0.1912513
v -0.0009215435 0.35976377 -0.18362606
v 0.0161702 -0.089046985 -0.18362606
v 0.011359434 -0.089046985 -0.1912513
v 0.03056904 -0.50367445 -0.18362606
v 0.026022753 -0.50367445 -0.1912513
v 0.007770677 0.35976377 -0.17122865
v 0.024188144 -0.089046985 -0.17122863
v 0.038146187 -0.50367445 -0.17122863
v -0.009161027 0.785364 -0.17122865
v -0.02466178 1.1303599 -0.17122865
v -0.036786396 1.3373573 -0.17122863
v -0.044652317 1.4063563 -0.17122865
v 0.04769961 -0.82672477 -0.17122865
v 0.04016551 -0.82672477 -0.18362606
v 0.053324148 -1.0694869 -0.17122865
v 0.045569368 -1.069487 -0.18362606
v 0.047390383 -1.2432499 -0.18362606
v 0.055495515 -1.2432499 -0.17122863
v 0.046238296 -1.3593028 -0.18362606
v 0.05468943 -1.3593028 -0.17122865
v 0.05138161 -1.4289345 -0.17122865
v 0.04272289 -1.4289345 -0.18362606
v 0.037527654 -1.4289343 -0.19125128
v 0.041167624 -1.3593028 -0.19125128
v 0.040916502 -1.0694869 -0.1912513
v 0.03564505 -0.82672477 -0.19125128
v 0.042527303 -1.2432499 -0.1912513
v -0.035733096 1.4063563 0.15525214
v -0.045297913 1.4063563 0.13688953
v -0.039289404 1.3373573 0.13688953
v -0.029916408 1.3373572 0.15525213
v -0.045297913 1.4063563 0.13688953
v -0.048155144 1.4063563 0.11733389
v -0.0419917 1.3373573 0.11733389
v -0.039289404 1.3373573 0.13688953
v -0.029916408 1.3373572 0.15525213
v -0.039289404 1.3373573 0.13688953
v -0.03273703 1.1303598 0.13688953
v -0.023939516 1.1303596 0.15525214
v -0.018684968 0.7853639 0.15525213
v -0.026523355 0.785364 0.13688953
v -0.039289404 1.3373573 0.13688953
v -0.0419917 1.3373573 0.11733389
v -0.03497453 1.1303598 0.11733389
v -0.03273703 1.1303598 0.13688953
v -0.026523355 0.785364 0.13688953
v -0.02798618 0.785364 0.11733389
v -0.02091025 0.35976377 0.13688953
v -0.021428408 0.35976377 0.11733389
v -0.035733096 1.4063563 0.15525214
v -0.04050702 1.3373572 0.15525213
v -0.049880017 1.3373572 0.13688953
v -0.045297913 1.4063563 0.13688953
v -0.04050702 1.3373572 0.15525213
v -0.04335564 1.1303596 0.15525213
v -0.05215315 1.1303598 0.13688953
v -0.049880017 1.3373572 0.13688953
v -0.043396395 0.7853639 0.15525213
v -0.05123478 0.785364 0.13688953
v -0.045297913 1.4063563 0.13688953
v -0.049880017 1.3373572 0.13688953
v -0.05258231 1.3373573 0.11733389
v -0.048155144 1.4063563 0.11733389
v -0.049880017 1.3373572 0.13688953
v -0.05215315 1.1303598 0.13688953
v -0.054390654 1.1303598 0.11733389
v -0.05258231 1.3373573 0.11733389
v -0.05123478 0.785364 0.13688953
v -0.05269761 0.785364 0.117333874
v -0.04826933 0.35976377 0.13688953
v -0.04878749 0.35976377 0.11733389
v -0.035733096 1.4063563 0.15525214
v -0.0232463 1.4063563 0.17122865
v -0.028214866 1.3373573 0.17122863
v -0.04050702 1.3373572 0.15525213
v -0.0316474 1.1303598 0.17122863
v -0.04335564 1.1303596 0.15525213
v -0.043396395 0.7853639 0.15525213
v -0.032661345 0.785364 0.17122865
v -0.04158944 0.35976374 0.15525213
v -0.032024734 0.35976377 0.17122865
v -0.022852136 0.35976377 0.18362606
v -0.02231319 -0.089046985 0.18362606
v -0.01734858 0.35976377 0.1912513
v -0.017397767 -0.089046985 0.1912513
v -0.030505566 -0.089046985 0.17122863
v -0.035733096 1.4063563 0.15525214
v -0.029916408 1.3373572 0.15525213
v -0.017624253 1.3373572 0.17122865
v -0.0232463 1.4063563 0.17122865
v -0.012231275 1.1303598 0.17122865
v -0.023939516 1.1303596 0.15525214
v -0.018684968 0.7853639 0.15525213
v -0.00794992 0.785364 0.17122863
v -0.014230359 0.35976374 0.15525214
v 0.032243676 -1.4521449 -0.19711895
v 0.03848721 -1.4521449 -0.20424362
v 0.032961987 -1.4289343 -0.20424362
v 0.026711531 -1.4289345 -0.19711892
v 0.03848721 -1.4521449 -0.20424362
v 0.052719858 -1.4521449 -0.21563996
v 0.047194637 -1.4289345 -0.21563996
v 0.032961987 -1.4289343 -0.20424362
v 0.076440945 -1.4521449 -0.2343225
v 0.07091572 -1.4289345 -0.2343225
v 0.032243676 -1.4521449 -0.19711895
v 0.037302144 -1.4289345 -0.19711895
v 0.043552596 -1.4289345 -0.20424363
v 0.03848721 -1.4521449 -0.20424362
v 0.03848721 -1.4521449 -0.20424362
v 0.043552596 -1.4289345 -0.20424363
v 0.057785247 -1.4289343 -0.21563996
v 0.052719858 -1.4521449 -0.21563996
v 0.076440945 -1.4521449 -0.2343225
v 0.081506334 -1.4289343 -0.2343225
v 0.032243676 -1.4521449 -0.19711895
v 0.03248994 -1.4521449 -0.1912513
v 0.037527654 -1.4289343 -0.19125128
v 0.037302144 -1.4289345 -0.19711895
v 0.03248994 -1.4521449 -0.1912513
v 0.037726693 -1.4521449 -0.18362606
v 0.04272289 -1.4289345 -0.18362606
v 0.037527654 -1.4289343 -0.19125128
v 0.046454623 -1.4521449 -0.17122865
v 0.05138161 -1.4289345 -0.17122865
v 0.032243676 -1.4521449 -0.19711895
v 0.026711531 -1.4289345 -0.19711892
v 0.026937038 -1.4289345 -0.1912513
v 0.03248994 -1.4521449 -0.1912513
v 0.03248994 -1.4521449 -0.1912513
v 0.026937038 -1.4289345 -0.1912513
v 0.032132275 -1.4289343 -0.18362606
v 0.037726693 -1.4521449 -0.18362606
v 0.046454623 -1.4521449 -0.17122865
v 0.040791 -1.4289343 -0.17122863
v -0.019414648 -1.4521449 0.15525214
v -0.022565756 -1.4521449 0.13688953
v -0.027881153 -1.4289343 0.13688953
v -0.024714977 -1.4289345 0.15525213
v -0.022565756 -1.4521449 0.13688953
v -0.019685829 -1.4521449 0.11733389
v -0.025031362 -1.4289345 0.117333874
v -0.027881153 -1.4289343 0.13688953
v -0.024714977 -1.4289345 0.15525213
v -0.027881153 -1.4289343 0.13688953
v -0.03235418 -1.3593028 0.13688953
v -0.0291428 -1.3593028 0.15525214
v -0.031815566 -1.2432499 0.15525213
v -0.035102285 -1.2432499 0.13688953
v -0.03343022 -1.069487 0.15525213
v -0.036903255 -1.0694869 0.13688953
v -0.038534883 -0.82672477 0.13688953
v -0.034683697 -0.82672477 0.15525213
v -0.04077495 -0.50367445 0.13688953
v -0.03627295 -0.50367445 0.15525213
v -0.03889491 -0.089046985 0.15525213
v -0.044401243 -0.089046985 0.13688953
v -0.027881153 -1.4289343 0.13688953
v -0.025031362 -1.4289345 0.117333874
v -0.029594796 -1.3593026 0.11733389
v -0.03235418 -1.3593028 0.13688953
v -0.035102285 -1.2432499 0.13688953
v -0.03249358 -1.2432499 0.11733389
v -0.036903255 -1.0694869 0.13688953
v -0.034552835 -1.069487 0.117333874
v -0.036597673 -0.82672477 0.11733389
v -0.038534883 -0.82672477 0.13688953
v -0.039453223 -0.50367445 0.11733389
v -0.04077495 -0.50367445 0.13688953
v -0.044401243 -0.089046985 0.13688953
v -0.04394459 -0.089046985 0.117333874
v -0.04826933 0.35976377 0.13688953
v -0.04878749 0.35976377 0.11733389
v -0.019414648 -1.4521449 0.15525214
v -0.0141243655 -1.4289345 0.15525213
v -0.01729054 -1.4289345 0.13688953
v -0.022565756 -1.4521449 0.13688953
v -0.0141243655 -1.4289345 0.15525213
v -0.009726677 -1.3593028 0.15525213
v -0.012938056 -1.3593028 0.13688953
v -0.01729054 -1.4289345 0.13688953
v -0.007104137 -1.2432499 0.15525213
v -0.0103908535 -1.2432499 0.13688953
v -0.0060711345 -1.069487 0.15525214
v -0.009544172 -1.0694869 0.13688953
v -0.010293247 -0.82672477 0.13688953
v -0.0064420635 -0.82672477 0.15525213
v -0.012533314 -0.50367445 0.13688953
v -0.008031313 -0.50367445 0.15525214
v -0.010653276 -0.089046985 0.15525213
v -0.01615961 -0.089046985 0.13688953
v -0.022565756 -1.4521449 0.13688953
v -0.01729054 -1.4289345 0.13688953
v -0.014440748 -1.4289343 0.11733389
v -0.019685829 -1.4521449 0.11733389
v -0.01729054 -1.4289345 0.13688953
v -0.012938056 -1.3593028 0.13688953
v -0.01017867 -1.3593026 0.11733389
v -0.014440748 -1.4289343 0.11733389
v -0.0103908535 -1.2432499 0.13688953
v -0.0077821477 -1.2432499 0.11733389
v -0.009544172 -1.0694869 0.13688953
v -0.0071937484 -1.069487 0.11733389
v -0.0083560385 -0.82672477 0.11733389
v -0.010293247 -0.82672477 0.13688953
v -0.011211584 -0.50367445 0.11733389
v -0.012533314 -0.50367445 0.13688953
v -0.01615961 -0.089046985 0.13688953
v -0.01570296 -0.089046985 0.11733389
v -0.02091025 0.35976377 0.13688953
v -0.021428408 0.35976377 0.11733389
v -0.019414648 -1.4521449 0.15525214
v -0.013117343 -1.4521449 0.17122865
v -0.007822037 -1.4289343 0.17122863
v -0.0141243655 -1.4289345 0.15525213
v -0.0141243655 -1.4289345 0.15525213
v -0.007822037 -1.4289343 0.17122863
v -0.0034092807 -1.3593028 0.17122863
v -0.009726677 -1.3593028 0.15525213
v -0.007104137 -1.2432499 0.15525213
v -0.00076162745 -1.2432499 0.17122865
v -0.0060711345 -1.069487 0.15525214
v 0.00039882906 -1.0694869 0.17122865
v 0.00034999382 -0.82672477 0.17122863
v -0.0064420635 -0.82672477 0.15525213
v -0.0006302281 -0.50367445 0.17122865
v -0.008031313 -0.50367445 0.15525214
v -0.010653276 -0.089046985 0.15525213
v -0.0022639316 -0.089046985 0.17122865
v -0.019414648 -1.4521449 0.15525214
v -0.024714977 -1.4289345 0.15525213
v -0.01841265 -1.4289345 0.17122865
v -0.013117343 -1.4521449 0.17122865
v -0.024714977 -1.4289345 0.15525213
v -0.0291428 -1.3593028 0.15525214
v -0.022825405 -1.3593028 0.17122865
v -0.01841265 -1.4289345 0.17122865
v -0.031815566 -1.2432499 0.15525213
v -0.025473058 -1.2432499 0.17122863
v -0.03343022 -1.069487 0.15525213
v -0.026960256 -1.0694869 0.17122865
v -0.02789164 -0.82672477 0.17122865
v -0.034683697 -0.82672477 0.15525213
v -0.028871864 -0.50367445 0.17122863
v -0.03627295 -0.50367445 0.15525213
v -0.03889491 -0.089046985 0.15525213
v -0.030505566 -0.089046985 0.17122863
v -0.014230359 0.35976374 0.15525214
v -0.02091025 0.35976377 0.13688953
v -0.01615961 -0.089046985 0.13688953
v -0.010653276 -0.089046985 0.15525213
v -0.014230359 0.35976374 0.15525214
v -0.018684968 0.7853639 0.15525213
v -0.026523355 0.785364 0.13688953
v -0.02091025 0.35976377 0.13688953
v -0.014230359 0.35976374 0.15525214
v -0.010653276 -0.089046985 0.15525213
v -0.0022639316 -0.089046985 0.17122865
v -0.0046656504 0.35976377 0.17122865
v -0.014167783 0.35640964 0.19526538
v -0.01196347 0.34634727 0.19682932
v -0.012355715 -0.089046985 0.19684066
v -0.01449878 -0.089046985 0.19526821
v -0.012355715 -0.50367445 0.19684066
v -0.014417095 -0.50367445 0.19526818
v -0.010786735 0.731698 0.19679528
v -0.012978751 0.77194744 0.19525686
v -0.014368083 -0.82672477 0.19526821
v -0.013914559 -1.0683587 0.19526538
v -0.012355715 -0.82672477 0.19684066
v -0.01196347 -1.0649738 0.19682933
v -0.010786735 -1.2251973 0.19679528
v -0.012619336 -1.2387367 0.19525686
v -0.012978751 0.77194744 0.19525686
v -0.010492458 1.1059226 0.1952512
v -0.008457781 1.0326109 0.19677258
v -0.010786735 0.731698 0.19679528
v -0.010350957 0.35976377 -0.15525214
v -0.0034999382 0.35976377 -0.13688953
v 0.01027663 -0.089046985 -0.13688953
v 0.004339806 -0.089046985 -0.15525213
v 0.02304734 -0.50367445 -0.13688953
v 0.017736536 -0.50367445 -0.15525214
v -0.015866809 0.785364 -0.13688953
v -0.023709625 0.785364 -0.15525213
v -0.024408426 1.1303599 -0.13688953
v -0.03311008 1.1303598 -0.15525213
v -0.035926186 1.3373573 -0.15525213
v -0.026709232 1.3373573 -0.13688953
v 0.027213106 -0.82672477 -0.15525213
v 0.032396637 -0.82672477 -0.13688953
v 0.03396606 -1.069487 -0.15525214
v 0.03935757 -1.0694869 -0.13688953
v 0.044963207 -1.2432499 -0.13688953
v 0.039191946 -1.2432499 -0.15525213
v 0.050246596 -1.3593028 -0.13688953
v 0.044087306 -1.3593028 -0.15525213
v 0.049848683 -1.4289345 -0.15525213
v 0.056240786 -1.4289345 -0.13688953
v -0.0034999382 0.35976377 -0.13688953
v -0.0019670103 0.35976377 -0.11733389
v 0.010925157 -0.089046985 -0.11733389
v 0.01027663 -0.089046985 -0.13688953
v 0.023060946 -0.50367445 -0.11733389
v 0.02304734 -0.50367445 -0.13688953
v -0.013391147 0.785364 -0.11733389
v -0.015866809 0.785364 -0.13688953
v -0.021122847 1.1303598 -0.11733389
v -0.024408426 1.1303599 -0.13688953
v -0.026709232 1.3373573 -0.13688953
v -0.022937702 1.3373573 -0.117333874
v 0.032396637 -0.82672477 -0.13688953
v 0.032215953 -0.82672477 -0.11733389
v 0.03935757 -1.0694869 -0.13688953
v 0.03928391 -1.069487 -0.11733389
v 0.045158546 -1.2432499 -0.11733389
v 0.044963207 -1.2432499 -0.13688953
v 0.050733592 -1.3593026 -0.11733389
v 0.050246596 -1.3593028 -0.13688953
v 0.056240786 -1.4289345 -0.13688953
v 0.056902777 -1.4289343 -0.117333874
v -0.010350957 0.35976377 -0.15525214
v -0.019588407 0.35976377 -0.17122865
v -0.033872455 0.785364 -0.17122863
v -0.023709625 0.785364 -0.15525213
v -0.004053491 -0.089046985 -0.17122865
v 0.004339806 -0.089046985 -0.15525213
v 0.009904549 -0.50367445 -0.17122865
v 0.017736536 -0.50367445 -0.15525214
v 0.027213106 -0.82672477 -0.15525213
v 0.019457977 -0.82672477 -0.17122863
v 0.03396606 -1.069487 -0.15525214
v 0.025965065 -1.0694869 -0.17122865
v 0.030784082 -1.2432499 -0.17122865
v 0.039191946 -1.2432499 -0.15525213
v 0.035273306 -1.3593028 -0.17122863
v 0.044087306 -1.3593028 -0.15525213
v 0.049848683 -1.4289345 -0.15525213
v 0.040791 -1.4289343 -0.17122863
v -0.0440779 1.1303599 -0.17122863
v -0.03311008 1.1303598 -0.15525213
v -0.035926186 1.3373573 -0.15525213
v -0.04737701 1.3373573 -0.17122865
v -0.0330405 1.4063563 -0.15525213
v -0.044652317 1.4063563 -0.17122865
v -0.04158944 0.35976374 0.15525213
v -0.032024734 0.35976377 0.17122865
v -0.030505566 -0.089046985 0.17122863
v -0.03889491 -0.089046985 0.15525213
v -0.04158944 0.35976374 0.15525213
v -0.04826933 0.35976377 0.13688953
v -0.05123478 0.785364 0.13688953
v -0.043396395 0.7853639 0.15525213
v -0.04158944 0.35976374 0.15525213
v -0.03889491 -0.089046985 0.15525213
v -0.044401243 -0.089046985 0.13688953
v -0.04826933 0.35976377 0.13688953
v -0.026522974 0.35976377 0.07822259
v -0.039866976 0.35976377 0.09777823
v -0.034444977 -0.089046985 0.09777823
v -0.0207466 -0.089046985 0.07822259
v -0.029383115 -0.50367445 0.09777823
v -0.01527752 -0.50367445 0.07822259
v -0.04430598 0.785364 0.09777823
v -0.031252395 0.785364 0.07822259
v -0.046418827 1.1303599 0.09777824
v -0.033580616 1.1303598 0.078222595
v -0.018729348 0.785364 0.058666945
v -0.013770646 0.35976377 0.058666945
v -0.02121892 1.1303599 0.058666945
v -0.007693687 -0.089046985 0.058666945
v -0.001849332 -0.50367445 0.058666945
v -0.032153383 1.3373573 0.078222595
v -0.0198885 1.3373573 0.05866695
v -0.02785325 1.4063563 0.078222595
v -0.015620638 1.4063563 0.058666945
v -0.04486238 1.3373573 0.09777824
v -0.04051917 1.4063563 0.09777824
v -0.032153383 1.3373573 0.078222595
v -0.011469985 -0.82672477 0.07822259
v 0.0024115513 -0.82672477 0.058666937
v -0.008549534 -1.069487 0.07822259
v -0.02602455 -0.82672477 0.09777823
v -0.023552412 -1.0694869 0.09777823
v -0.021149822 -1.2432499 0.09777823
v -0.005741707 -1.2432499 0.07822259
v -0.017999906 -1.3593028 0.09777823
v -0.0022720427 -1.3593028 0.07822259
v 0.002633919 -1.4289345 0.07822259
v 0.012886258 -1.3593028 0.058666945
v 0.01800614 -1.4289343 0.058666945
v -0.013285792 -1.4289345 0.09777823
v 0.005808252 -1.0694869 0.058666945
v 0.009060058 -1.2432499 0.058666945
v -0.039866976 0.35976377 0.09777823
v -0.04878749 0.35976377 0.11733389
v -0.04394459 -0.089046985 0.117333874
v -0.034444977 -0.089046985 0.09777823
v -0.039453223 -0.50367445 0.11733389
v -0.029383115 -0.50367445 0.09777823
v -0.05269761 0.785364 0.117333874
v -0.04430598 0.785364 0.09777823
v -0.054390654 1.1303598 0.11733389
v -0.046418827 1.1303599 0.09777824
v -0.04486238 1.3373573 0.09777824
v -0.05258231 1.3373573 0.11733389
v -0.02602455 -0.82672477 0.09777823
v -0.036597673 -0.82672477 0.11733389
v -0.023552412 -1.0694869 0.09777823
v -0.034552835 -1.069487 0.117333874
v -0.03249358 -1.2432499 0.11733389
v -0.021149822 -1.2432499 0.09777823
v -0.029594796 -1.3593026 0.11733389
v -0.017999906 -1.3593028 0.09777823
v -0.013285792 -1.4289345 0.09777823
v -0.025031362 -1.4289345 0.117333874
v -0.013770646 0.35976377 0.058666945
v -0.006625169 0.35976377 0.039111294
v -0.011929331 0.785364 0.039111294
v -0.018729348 0.785364 0.058666945
v -0.014676666 1.1303598 0.039111294
v -0.02121892 1.1303599 0.058666945
v -0.00013044785 -0.089046985 0.039111294
v -0.007693687 -0.089046985 0.058666945
v 0.0061885617 -0.50367445 0.039111294
v -0.001849332 -0.50367445 0.058666945
v -0.0198885 1.3373573 0.05866695
v -0.013500905 1.3373573 0.039111298
v 0.0024115513 -0.82672477 0.058666937
v 0.010965591 -0.82672477 0.039111294
v 0.005808252 -1.0694869 0.058666945
v 0.014873405 -1.069487 0.039111294
v 0.018584773 -1.2432499 0.039111294
v 0.009060058 -1.2432499 0.058666945
v 0.02277246 -1.3593026 0.039111294
v 0.012886258 -1.3593028 0.058666945
v 0.01800614 -1.4289343 0.058666945
v 0.028109238 -1.4289343 0.039111298
v -0.01913846 0.35976377 -4.656613E-10
v -0.010101711 0.35976377 0.019555647
v -0.0029010975 -0.089046985 0.019555647
v -0.011051959 -0.089046985 -4.656613E-10
v 0.00412327 -0.50367445 0.019555647
v -0.003182567 -0.50367445 -2.3283064E-10
v -0.016044848 0.785364 0.019555647
v -0.025906455 0.785364 -4.656613E-10
v -0.019296777 1.1303599 0.019555649
v -0.029820343 1.1303598 0
v -0.0108663095 -0.50367445 -0.019555649
v -0.01962936 -0.089046985 -0.019555649
v -0.01913846 0.35976377 -4.656613E-10
v -0.036344714 0.785364 -0.019555649
v -0.028673586 0.35976377 -0.019555649
v -0.029344512 1.3373573 4.656613E-10
v -0.040988468 1.1303599 -0.019555647
v -0.025906455 0.785364 -4.656613E-10
v -0.04095055 1.3373573 -0.019555647
v -0.01842377 1.3373573 0.019555649
v 0.0029341101 -0.82672477 -4.656613E-10
v 0.009537662 -0.82672477 0.019555647
v 0.007959551 -1.069487 -4.656613E-10
v 0.013998383 -1.0694869 0.019555647
v 0.01816174 -1.2432499 0.019555647
v 0.012555235 -1.2432499 -4.656613E-10
v 0.022684038 -1.3593028 0.019555647
v 0.01738264 -1.3593028 0
v 0.023103248 -1.4289345 4.656613E-10
v 0.011629936 -1.3593028 -0.019555649
v 0.01751434 -1.4289343 -0.019555647
v 0.028221577 -1.4289345 0.019555649
v -0.0040387204 -0.82672477 -0.019555649
v 0.0015332723 -1.0694869 -0.019555649
v 0.0065295366 -1.2432499 -0.019555649
v -0.010101711 0.35976377 0.019555647
v -0.006625169 0.35976377 0.039111294
v -0.00013044785 -0.089046985 0.039111294
v -0.0029010975 -0.089046985 0.019555647
v 0.0061885617 -0.50367445 0.039111294
v 0.00412327 -0.50367445 0.019555647
v -0.011929331 0.785364 0.039111294
v -0.016044848 0.785364 0.019555647
v -0.014676666 1.1303598 0.039111294
v -0.019296777 1.1303599 0.019555649
v -0.01842377 1.3373573 0.019555649
v -0.013500905 1.3373573 0.039111298
v 0.009537662 -0.82672477 0.019555647
v 0.010965591 -0.82672477 0.039111294
v 0.013998383 -1.0694869 0.019555647
v 0.014873405 -1.069487 0.039111294
v 0.018584773 -1.2432499 0.039111294
v 0.01816174 -1.2432499 0.019555647
v 0.02277246 -1.3593026 0.039111294
v 0.022684038 -1.3593028 0.019555647
v 0.028221577 -1.4289345 0.019555649
v 0.028109238 -1.4289343 0.039111298
v -0.028673586 0.35976377 -0.019555649
v -0.03364528 0.35976377 -0.039111298
v -0.042190187 0.785364 -0.039111298
v -0.036344714 0.785364 -0.019555649
v -0.047542237 1.1303598 -0.039111294
v -0.040988468 1.1303599 -0.019555647
v -0.023679618 -0.089046985 -0.039111298
v -0.01962936 -0.089046985 -0.019555649
v -0.014065314 -0.50367445 -0.039111298
v -0.0108663095 -0.50367445 -0.019555649
v -0.04095055 1.3373573 -0.019555647
v -0.047929294 1.3373573 -0.039111294
v -0.0040387204 -0.82672477 -0.019555649
v -0.006574485 -0.82672477 -0.039111298
v 0.0015332723 -1.0694869 -0.019555649
v -0.00050408754 -1.069487 -0.039111298
v 0.0048489217 -1.2432499 -0.039111298
v 0.0065295366 -1.2432499 -0.019555649
v 0.010187585 -1.3593026 -0.039111294
v 0.011629936 -1.3593028 -0.019555649
v 0.01751434 -1.4289343 -0.019555647
v 0.016214948 -1.4289343 -0.039111294
v -0.019181652 0.35976377 -0.078222595
v -0.028991718 0.35976377 -0.058666945
v -0.018249061 -0.089046985 -0.058666945
v -0.007737923 -0.089046985 -0.078222595
v -0.007916943 -0.50367445 -0.058666945
v 0.003223657 -0.50367445 -0.078222595
v -0.03827344 0.785364 -0.058666945
v -0.029138593 0.785364 -0.07822259
v -0.04422275 1.1303599 -0.058666945
v -0.035639822 1.1303598 -0.07822259
v -0.019329786 0.785364 -0.09777824
v -0.008683832 0.35976377 -0.09777824
v -0.026403248 1.1303599 -0.09777823
v 0.0034535606 -0.089046985 -0.09777824
v -0.03671639 1.3373573 -0.07822259
v -0.027823161 1.3373573 -0.09777823
v -0.04496817 1.3373573 -0.058666937
v 0.011734155 -0.82672477 -0.078222595
v 0.0001331605 -0.82672477 -0.05866695
v 0.018545501 -1.069487 -0.078222595
v 0.0066238353 -1.0694869 -0.058666945
v 0.012277668 -1.2432499 -0.058666945
v 0.024409622 -1.2432499 -0.078222595
v 0.017817246 -1.3593028 -0.058666945
v 0.030078448 -1.3593028 -0.078222595
v 0.036303904 -1.4289345 -0.07822259
v 0.042530715 -1.3593028 -0.09777824
v 0.048770137 -1.4289343 -0.09777823
v 0.023965158 -1.4289345 -0.058666945
v 0.02387844 -0.82672477 -0.09777824
v 0.030889371 -1.0694869 -0.09777824
v 0.015001337 -0.50367445 -0.09777824
v -0.007737923 -0.089046985 -0.078222595
v 0.036838632 -1.2432499 -0.09777824
v -0.028991718 0.35976377 -0.058666945
v -0.03364528 0.35976377 -0.039111298
v -0.023679618 -0.089046985 -0.039111298
v -0.018249061 -0.089046985 -0.058666945
v -0.014065314 -0.50367445 -0.039111298
v -0.007916943 -0.50367445 -0.058666945
v -0.042190187 0.785364 -0.039111298
v -0.03827344 0.785364 -0.058666945
v -0.047542237 1.1303598 -0.039111294
v -0.04422275 1.1303599 -0.058666945
v -0.04496817 1.3373573 -0.058666937
v -0.047929294 1.3373573 -0.039111294
v 0.0001331605 -0.82672477 -0.05866695
v -0.006574485 -0.82672477 -0.039111298
v 0.0066238353 -1.0694869 -0.058666945
v -0.00050408754 -1.069487 -0.039111298
v 0.0048489217 -1.2432499 -0.039111298
v 0.012277668 -1.2432499 -0.058666945
v 0.010187585 -1.3593026 -0.039111294
v 0.017817246 -1.3593028 -0.058666945
v 0.023965158 -1.4289345 -0.058666945
v 0.016214948 -1.4289343 -0.039111294
v -0.008683832 0.35976377 -0.09777824
v -0.0019670103 0.35976377 -0.11733389
v -0.013391147 0.785364 -0.11733389
v -0.019329786 0.785364 -0.09777824
v -0.021122847 1.1303598 -0.11733389
v -0.026403248 1.1303599 -0.09777823
v 0.010925157 -0.089046985 -0.11733389
v 0.0034535606 -0.089046985 -0.09777824
v 0.023060946 -0.50367445 -0.11733389
v 0.015001337 -0.50367445 -0.09777824
v -0.027823161 1.3373573 -0.09777823
v -0.022937702 1.3373573 -0.117333874
v 0.02387844 -0.82672477 -0.09777824
v 0.032215953 -0.82672477 -0.11733389
v 0.030889371 -1.0694869 -0.09777824
v 0.03928391 -1.069487 -0.11733389
v 0.045158546 -1.2432499 -0.11733389
v 0.036838632 -1.2432499 -0.09777824
v 0.050733592 -1.3593026 -0.11733389
v 0.042530715 -1.3593028 -0.09777824
v 0.048770137 -1.4289343 -0.09777823
v 0.056902777 -1.4289343 -0.117333874
v 0.017008126 0.35976377 -0.15525213
v 0.007770677 0.35976377 -0.17122865
v 0.024188144 -0.089046985 -0.17122863
v 0.03258144 -0.089046985 -0.15525213
v 0.038146187 -0.50367445 -0.17122863
v 0.04597817 -0.50367445 -0.15525213
v 0.05545474 -0.82672477 -0.15525213
v 0.04769961 -0.82672477 -0.17122865
v 0.061325144 -1.069487 -0.15525213
v 0.053324148 -1.0694869 -0.17122865
v 0.055495515 -1.2432499 -0.17122863
v 0.06390338 -1.2432499 -0.15525213
v 0.05468943 -1.3593028 -0.17122865
v 0.06350343 -1.3593028 -0.15525214
v 0.060439296 -1.4289345 -0.15525213
v 0.05138161 -1.4289345 -0.17122865
v 0.0010018022 0.785364 -0.15525213
v -0.009161027 0.785364 -0.17122865
v -0.02466178 1.1303599 -0.17122865
v -0.013693956 1.1303598 -0.15525214
v -0.02533557 1.3373573 -0.15525213
v -0.036786396 1.3373573 -0.17122863
v -0.0330405 1.4063563 -0.15525213
v -0.044652317 1.4063563 -0.17122865
v 0.017008126 0.35976377 -0.15525213
v 0.023859145 0.35976377 -0.13688953
v 0.008844621 0.785364 -0.13688953
v 0.0010018022 0.785364 -0.15525213
v -0.0049923025 1.1303599 -0.13688953
v -0.013693956 1.1303598 -0.15525214
v 0.038518265 -0.089046985 -0.13688953
v 0.03258144 -0.089046985 -0.15525213
v 0.051288977 -0.50367445 -0.13688953
v 0.04597817 -0.50367445 -0.15525213
v -0.02533557 1.3373573 -0.15525213
v -0.01611862 1.3373573 -0.13688953
v 0.05545474 -0.82672477 -0.15525213
v 0.060638268 -0.82672477 -0.13688953
v 0.061325144 -1.069487 -0.15525213
v 0.066716656 -1.0694869 -0.13688953
v 0.06967464 -1.2432499 -0.13688953
v 0.06390338 -1.2432499 -0.15525213
v 0.06966272 -1.3593028 -0.13688953
v 0.06350343 -1.3593028 -0.15525214
v 0.060439296 -1.4289345 -0.15525213
v 0.0668314 -1.4289343 -0.13688953
v 0.023859145 0.35976377 -0.13688953
v 0.025392074 0.35976377 -0.11733389
v 0.011320282 0.785364 -0.117333874
v 0.008844621 0.785364 -0.13688953
v -0.0017067244 1.1303598 -0.11733389
v -0.0049923025 1.1303599 -0.13688953
v 0.039166793 -0.089046985 -0.117333874
v 0.038518265 -0.089046985 -0.13688953
v 0.05130258 -0.50367445 -0.11733389
v 0.051288977 -0.50367445 -0.13688953
v -0.01611862 1.3373573 -0.13688953
v -0.012347091 1.3373573 -0.117333874
v 0.060638268 -0.82672477 -0.13688953
v 0.060457587 -0.82672477 -0.11733389
v 0.066716656 -1.0694869 -0.13688953
v 0.06664299 -1.069487 -0.117333874
v 0.06986998 -1.2432499 -0.11733389
v 0.06967464 -1.2432499 -0.13688953
v 0.07014971 -1.3593026 -0.11733389
v 0.06966272 -1.3593028 -0.13688953
v 0.0668314 -1.4289343 -0.13688953
v 0.067493394 -1.4289345 -0.117333874
v 0.008177431 0.35976377 -0.07822259
v 0.018675251 0.35976377 -0.09777823
v 0.031695195 -0.089046985 -0.09777823
v 0.02050371 -0.089046985 -0.07822259
v 0.04324297 -0.50367445 -0.09777823
v 0.031465292 -0.50367445 -0.07822259
v 0.005381643 0.785364 -0.09777823
v -0.004427165 0.785364 -0.07822259
v -0.0069871247 1.1303599 -0.09777823
v -0.016223695 1.1303598 -0.07822259
v 0.020324688 -0.50367445 -0.058666945
v 0.009992572 -0.089046985 -0.058666945
v 0.008177431 0.35976377 -0.07822259
v -0.013562011 0.785364 -0.058666937
v -0.0016326366 0.35976377 -0.058666945
v -0.026125776 1.3373573 -0.07822259
v -0.017232548 1.3373573 -0.09777823
v 0.03997579 -0.82672477 -0.07822259
v 0.052120075 -0.82672477 -0.09777823
v 0.045904577 -1.069487 -0.07822259
v 0.058248457 -1.0694869 -0.09777823
v 0.061550062 -1.2432499 -0.09777823
v 0.04912105 -1.2432499 -0.07822259
v 0.061946843 -1.3593028 -0.09777823
v 0.049494572 -1.3593028 -0.07822259
v 0.04689452 -1.4289345 -0.07822259
v 0.05936075 -1.4289345 -0.09777823
v 0.03723337 -1.3593028 -0.058666945
v 0.03455577 -1.4289343 -0.058666937
v 0.028374793 -0.82672477 -0.058666937
v 0.033982918 -1.0694869 -0.058666945
v 0.0369891 -1.2432499 -0.058666945
v 0.018675251 0.35976377 -0.09777823
v 0.025392074 0.35976377 -0.11733389
v 0.039166793 -0.089046985 -0.117333874
v 0.031695195 -0.089046985 -0.09777823
v 0.05130258 -0.50367445 -0.11733389
v 0.04324297 -0.50367445 -0.09777823
v 0.011320282 0.785364 -0.117333874
v 0.005381643 0.785364 -0.09777823
v -0.0017067244 1.1303598 -0.11733389
v -0.0069871247 1.1303599 -0.09777823
v -0.017232548 1.3373573 -0.09777823
v -0.012347091 1.3373573 -0.117333874
v 0.052120075 -0.82672477 -0.09777823
v 0.060457587 -0.82672477 -0.11733389
v 0.058248457 -1.0694869 -0.09777823
v 0.06664299 -1.069487 -0.117333874
v 0.06986998 -1.2432499 -0.11733389
v 0.061550062 -1.2432499 -0.09777823
v 0.07014971 -1.3593026 -0.11733389
v 0.061946843 -1.3593028 -0.09777823
v 0.05936075 -1.4289345 -0.09777823
v 0.067493394 -1.4289345 -0.117333874
v -0.0016326366 0.35976377 -0.058666945
v -0.0062861997 0.35976377 -0.039111294
v -0.01747876 0.785364 -0.039111294
v -0.013562011 0.785364 -0.058666937
v -0.028126111 1.1303598 -0.039111294
v -0.024806626 1.1303599 -0.058666945
v 0.004562015 -0.089046985 -0.039111294
v 0.009992572 -0.089046985 -0.058666945
v 0.014176318 -0.50367445 -0.039111294
v 0.020324688 -0.50367445 -0.058666945
v -0.03437756 1.3373573 -0.058666945
v -0.037338685 1.3373573 -0.039111294
v 0.028374793 -0.82672477 -0.058666937
v 0.021667147 -0.82672477 -0.039111294
v 0.033982918 -1.0694869 -0.058666945
v 0.026854996 -1.069487 -0.039111294
v 0.029560354 -1.2432499 -0.039111294
v 0.0369891 -1.2432499 -0.058666945
v 0.02960371 -1.3593026 -0.039111294
v 0.03723337 -1.3593028 -0.058666945
v 0.03455577 -1.4289343 -0.058666937
v 0.02680556 -1.4289345 -0.039111294
v -0.004427165 0.785364 -0.07822259
v -0.024806626 1.1303599 -0.058666945
v -0.016223695 1.1303598 -0.07822259
v -0.03437756 1.3373573 -0.058666945
v 0.008220624 0.35976377 4.656613E-10
v -0.0013145059 0.35976377 -0.019555647
v 0.008612275 -0.089046985 -0.019555647
v 0.017189674 -0.089046985 4.656613E-10
v 0.017375324 -0.50367445 -0.019555647
v 0.025059065 -0.50367445 2.3283064E-10
v -0.011633287 0.785364 -0.019555647
v -0.0011950266 0.785364 4.656613E-10
v -0.021572338 1.1303599 -0.019555647
v -0.01040422 1.1303598 2.3283064E-10
v 0.0086665815 0.785364 0.019555649
v 0.01725737 0.35976377 0.019555649
v 0.000119347824 1.1303599 0.019555649
v 0.025340537 -0.089046985 0.019555649
v -0.0187539 1.3373573 4.656613E-10
v -0.030359935 1.3373573 -0.019555647
v -0.007833157 1.3373573 0.019555649
v 0.031175744 -0.82672477 4.656613E-10
v 0.024202913 -0.82672477 -0.019555647
v 0.035318635 -1.069487 4.656613E-10
v 0.028892357 -1.0694869 -0.019555647
v 0.031240968 -1.2432499 -0.019555647
v 0.037266664 -1.2432499 4.656613E-10
v 0.03104606 -1.3593028 -0.019555647
v 0.036798764 -1.3593028 2.3283064E-10
v 0.03369386 -1.4289345 4.656613E-10
v 0.028104955 -1.4289345 -0.019555647
v 0.04210016 -1.3593028 0.019555649
v 0.038812187 -1.4289343 0.019555649
v 0.037779294 -0.82672477 0.019555649
v 0.041357465 -1.0694869 0.019555649
v 0.032364905 -0.50367445 0.019555649
v 0.025059065 -0.50367445 2.3283064E-10
v 0.042873167 -1.2432499 0.019555649
v 0.017189674 -0.089046985 4.656613E-10
v -0.0013145059 0.35976377 -0.019555647
v -0.0062861997 0.35976377 -0.039111294
v 0.004562015 -0.089046985 -0.039111294
v 0.008612275 -0.089046985 -0.019555647
v 0.014176318 -0.50367445 -0.039111294
v 0.017375324 -0.50367445 -0.019555647
v -0.01747876 0.785364 -0.039111294
v -0.011633287 0.785364 -0.019555647
v -0.028126111 1.1303598 -0.039111294
v -0.021572338 1.1303599 -0.019555647
v -0.030359935 1.3373573 -0.019555647
v -0.037338685 1.3373573 -0.039111294
v 0.024202913 -0.82672477 -0.019555647
v 0.021667147 -0.82672477 -0.039111294
v 0.028892357 -1.0694869 -0.019555647
v 0.026854996 -1.069487 -0.039111294
v 0.029560354 -1.2432499 -0.039111294
v 0.031240968 -1.2432499 -0.019555647
v 0.02960371 -1.3593026 -0.039111294
v 0.03104606 -1.3593028 -0.019555647
v 0.028104955 -1.4289345 -0.019555647
v 0.02680556 -1.4289345 -0.039111294
v 0.01725737 0.35976377 0.019555649
v 0.020733913 0.35976377 0.039111298
v 0.012782099 0.785364 0.039111298
v 0.0086665815 0.785364 0.019555649
v 0.0047394577 1.1303598 0.039111298
v 0.000119347824 1.1303599 0.019555649
v 0.028111188 -0.089046985 0.039111298
v 0.025340537 -0.089046985 0.019555649
v 0.034430195 -0.50367445 0.039111298
v 0.032364905 -0.50367445 0.019555649
v -0.007833157 1.3373573 0.019555649
v -0.0029102908 1.3373573 0.039111298
v 0.037779294 -0.82672477 0.019555649
v 0.039207224 -0.82672477 0.039111298
v 0.041357465 -1.0694869 0.019555649
v 0.042232487 -1.069487 0.039111298
v 0.043296203 -1.2432499 0.039111298
v 0.042873167 -1.2432499 0.019555649
v 0.042188585 -1.3593026 0.039111298
v 0.04210016 -1.3593028 0.019555649
v 0.038812187 -1.4289343 0.019555649
v 0.03869985 -1.4289345 0.039111298
v 0.00083610974 0.35976377 0.078222595
v 0.013588438 0.35976377 0.058666945
v 0.020547947 -0.089046985 0.058666945
v 0.007495034 -0.089046985 0.078222595
v 0.026392302 -0.50367445 0.058666945
v 0.012964114 -0.50367445 0.078222595
v 0.0059820847 0.785364 0.05866695
v -0.006540964 0.785364 0.078222595
v -0.0018027946 1.1303599 0.058666945
v -0.014164489 1.1303598 0.078222595
v -0.019594552 0.785364 0.09777824
v -0.012507896 0.35976377 0.09777824
v -0.027002705 1.1303599 0.09777824
v -0.0062033385 -0.089046985 0.09777824
v -0.001141479 -0.50367445 0.09777824
v -0.021562768 1.3373573 0.078222595
v -0.009297887 1.3373573 0.058666945
v -0.02785325 1.4063563 0.078222595
v -0.015620638 1.4063563 0.058666945
v -0.034271766 1.3373573 0.09777824
v -0.04051917 1.4063563 0.09777824
v -0.021562768 1.3373573 0.078222595
v 0.016771648 -0.82672477 0.078222595
v 0.002217084 -0.82672477 0.09777824
v 0.018809548 -1.069487 0.078222595
v 0.030653182 -0.82672477 0.05866695
v 0.033167332 -1.0694869 0.058666945
v 0.033771485 -1.2432499 0.058666945
v 0.01896972 -1.2432499 0.078222595
v 0.03230238 -1.3593028 0.058666945
v 0.01714408 -1.3593028 0.078222595
v 0.013224531 -1.4289345 0.078222595
v 0.028596753 -1.4289345 0.05866695
v 0.0014162181 -1.3593028 0.09777824
v -0.0026951805 -1.4289343 0.09777824
v 0.003806673 -1.0694869 0.09777824
v 0.00356161 -1.2432499 0.09777824
v 0.013588438 0.35976377 0.058666945
v 0.020733913 0.35976377 0.039111298
v 0.028111188 -0.089046985 0.039111298
v 0.020547947 -0.089046985 0.058666945
v 0.034430195 -0.50367445 0.039111298
v 0.026392302 -0.50367445 0.058666945
v 0.012782099 0.785364 0.039111298
v 0.0059820847 0.785364 0.05866695
v 0.0047394577 1.1303598 0.039111298
v -0.0018027946 1.1303599 0.058666945
v -0.009297887 1.3373573 0.058666945
v -0.0029102908 1.3373573 0.039111298
v 0.030653182 -0.82672477 0.05866695
v 0.039207224 -0.82672477 0.039111298
v 0.033167332 -1.0694869 0.058666945
v 0.042232487 -1.069487 0.039111298
v 0.043296203 -1.2432499 0.039111298
v 0.033771485 -1.2432499 0.058666945
v 0.042188585 -1.3593026 0.039111298
v 0.03230238 -1.3593028 0.058666945
v 0.028596753 -1.4289345 0.05866695
v 0.03869985 -1.4289345 0.039111298
v -0.012507896 0.35976377 0.09777824
v -0.021428408 0.35976377 0.11733389
v -0.02798618 0.785364 0.11733389
v -0.019594552 0.785364 0.09777824
v -0.03497453 1.1303598 0.11733389
v -0.027002705 1.1303599 0.09777824
v -0.01570296 -0.089046985 0.11733389
v -0.0062033385 -0.089046985 0.09777824
v -0.011211584 -0.50367445 0.11733389
v -0.001141479 -0.50367445 0.09777824
v -0.034271766 1.3373573 0.09777824
v -0.0419917 1.3373573 0.11733389
v 0.002217084 -0.82672477 0.09777824
v -0.0083560385 -0.82672477 0.11733389
v 0.003806673 -1.0694869 0.09777824
v -0.0071937484 -1.069487 0.11733389
v -0.0077821477 -1.2432499 0.11733389
v 0.00356161 -1.2432499 0.09777824
v -0.01017867 -1.3593026 0.11733389
v 0.0014162181 -1.3593028 0.09777824
v -0.0026951805 -1.4289343 0.09777824
v -0.014440748 -1.4289343 0.11733389
v 0.055593528 -1.4521449 -0.15525213
v 0.046454623 -1.4521449 -0.17122865
v 0.040791 -1.4289343 -0.17122863
v 0.049848683 -1.4289345 -0.15525213
v 0.055593528 -1.4521449 -0.15525213
v 0.060439296 -1.4289345 -0.15525213
v 0.05138161 -1.4289345 -0.17122865
v 0.046454623 -1.4521449 -0.17122865
v 0.055593528 -1.4521449 -0.15525213
v 0.062063243 -1.4521449 -0.13688953
v 0.0668314 -1.4289343 -0.13688953
v 0.060439296 -1.4289345 -0.15525213
v 0.062063243 -1.4521449 -0.13688953
v 0.06278357 -1.4521449 -0.11733389
v 0.067493394 -1.4289345 -0.117333874
v 0.0668314 -1.4289343 -0.13688953
v 0.055593528 -1.4521449 -0.15525213
v 0.049848683 -1.4289345 -0.15525213
v 0.056240786 -1.4289345 -0.13688953
v 0.062063243 -1.4521449 -0.13688953
v 0.062063243 -1.4521449 -0.13688953
v 0.056240786 -1.4289345 -0.13688953
v 0.056902777 -1.4289343 -0.117333874
v 0.06278357 -1.4521449 -0.11733389
v 0.04220345 -1.4521449 -0.07822259
v 0.054674327 -1.4521449 -0.09777823
v 0.048770137 -1.4289343 -0.09777823
v 0.036303904 -1.4289345 -0.07822259
v 0.023965158 -1.4289345 -0.058666945
v 0.029838847 -1.4521449 -0.058666945
v 0.054674327 -1.4521449 -0.09777823
v 0.06278357 -1.4521449 -0.11733389
v 0.056902777 -1.4289343 -0.117333874
v 0.048770137 -1.4289343 -0.09777823
v 0.04220345 -1.4521449 -0.07822259
v 0.04689452 -1.4289345 -0.07822259
v 0.05936075 -1.4289345 -0.09777823
v 0.054674327 -1.4521449 -0.09777823
v 0.03455577 -1.4289343 -0.058666937
v 0.029838847 -1.4521449 -0.058666945
v 0.054674327 -1.4521449 -0.09777823
v 0.05936075 -1.4289345 -0.09777823
v 0.067493394 -1.4289345 -0.117333874
v 0.06278357 -1.4521449 -0.11733389
v 0.029838847 -1.4521449 -0.058666945
v 0.022048457 -1.4521449 -0.039111294
v 0.02680556 -1.4289345 -0.039111294
v 0.03455577 -1.4289343 -0.058666937
v 0.029838847 -1.4521449 -0.058666945
v 0.023965158 -1.4289345 -0.058666945
v 0.016214948 -1.4289343 -0.039111294
v 0.022048457 -1.4521449 -0.039111294
v 0.028834507 -1.4521449 4.656613E-10
v 0.023300197 -1.4521449 -0.019555647
v 0.01751434 -1.4289343 -0.019555647
v 0.023103248 -1.4289345 4.656613E-10
v 0.028221577 -1.4289345 0.019555649
v 0.033891812 -1.4521449 0.019555649
v 0.023300197 -1.4521449 -0.019555647
v 0.022048457 -1.4521449 -0.039111294
v 0.016214948 -1.4289343 -0.039111294
v 0.01751434 -1.4289343 -0.019555647
v 0.028834507 -1.4521449 4.656613E-10
v 0.03369386 -1.4289345 4.656613E-10
v 0.028104955 -1.4289345 -0.019555647
v 0.023300197 -1.4521449 -0.019555647
v 0.038812187 -1.4289343 0.019555649
v 0.033891812 -1.4521449 0.019555649
v 0.023300197 -1.4521449 -0.019555647
v 0.028104955 -1.4289345 -0.019555647
v 0.02680556 -1.4289345 -0.039111294
v 0.022048457 -1.4521449 -0.039111294
v 0.033891812 -1.4521449 0.019555649
v 0.03371255 -1.4521449 0.039111298
v 0.03869985 -1.4289345 0.039111298
v 0.038812187 -1.4289343 0.019555649
v 0.033891812 -1.4521449 0.019555649
v 0.028221577 -1.4289345 0.019555649
v 0.028109238 -1.4289343 0.039111298
v 0.03371255 -1.4521449 0.039111298
v 0.008093627 -1.4521449 0.07822259
v 0.023537153 -1.4521449 0.058666945
v 0.01800614 -1.4289343 0.058666945
v 0.002633919 -1.4289345 0.07822259
v -0.013285792 -1.4289345 0.09777823
v -0.0078900345 -1.4521449 0.09777824
v 0.023537153 -1.4521449 0.058666945
v 0.03371255 -1.4521449 0.039111298
v 0.028109238 -1.4289343 0.039111298
v 0.01800614 -1.4289343 0.058666945
v 0.008093627 -1.4521449 0.07822259
v 0.013224531 -1.4289345 0.078222595
v 0.028596753 -1.4289345 0.05866695
v 0.023537153 -1.4521449 0.058666945
v -0.0026951805 -1.4289343 0.09777824
v -0.0078900345 -1.4521449 0.09777824
v 0.023537153 -1.4521449 0.058666945
v 0.028596753 -1.4289345 0.05866695
v 0.03869985 -1.4289345 0.039111298
v 0.03371255 -1.4521449 0.039111298
v -0.0078900345 -1.4521449 0.09777824
v -0.019685829 -1.4521449 0.11733389
v -0.014440748 -1.4289343 0.11733389
v -0.0026951805 -1.4289343 0.09777824
v -0.0078900345 -1.4521449 0.09777824
v -0.013285792 -1.4289345 0.09777823
v -0.025031362 -1.4289345 0.117333874
v -0.019685829 -1.4521449 0.11733389
v -0.0330405 1.4063563 -0.15525213
v -0.023651779 1.4063563 -0.13688953
v -0.026709232 1.3373573 -0.13688953
v -0.035926186 1.3373573 -0.15525213
v -0.023651779 1.4063563 -0.13688953
v -0.019718269 1.4063563 -0.11733389
v -0.022937702 1.3373573 -0.117333874
v -0.026709232 1.3373573 -0.13688953
v -0.0330405 1.4063563 -0.15525213
v -0.02533557 1.3373573 -0.15525213
v -0.01611862 1.3373573 -0.13688953
v -0.023651779 1.4063563 -0.13688953
v -0.023651779 1.4063563 -0.13688953
v -0.01611862 1.3373573 -0.13688953
v -0.012347091 1.3373573 -0.117333874
v -0.019718269 1.4063563 -0.11733389
v -0.03325086 1.4063563 -0.07822259
v -0.024472078 1.4063563 -0.09777823
v -0.017232548 1.3373573 -0.09777823
v -0.026125776 1.3373573 -0.07822259
v -0.03437756 1.3373573 -0.058666945
v -0.04139226 1.4063563 -0.058666945
v -0.024472078 1.4063563 -0.09777823
v -0.019718269 1.4063563 -0.11733389
v -0.012347091 1.3373573 -0.117333874
v -0.017232548 1.3373573 -0.09777823
v -0.03325086 1.4063563 -0.07822259
v -0.03671639 1.3373573 -0.07822259
v -0.027823161 1.3373573 -0.09777823
v -0.024472078 1.4063563 -0.09777823
v -0.04496817 1.3373573 -0.058666937
v -0.04139226 1.4063563 -0.058666945
v -0.024472078 1.4063563 -0.09777823
v -0.027823161 1.3373573 -0.09777823
v -0.022937702 1.3373573 -0.117333874
v -0.019718269 1.4063563 -0.11733389
v -0.04139226 1.4063563 -0.058666945
v -0.044233933 1.4063563 -0.039111294
v -0.047929294 1.3373573 -0.039111294
v -0.04496817 1.3373573 -0.058666937
v -0.04139226 1.4063563 -0.058666945
v -0.03437756 1.3373573 -0.058666945
v -0.037338685 1.3373573 -0.039111294
v -0.044233933 1.4063563 -0.039111294
v -0.025361516 1.4063563 4.656613E-10
v -0.037113525 1.4063563 -0.019555647
v -0.030359935 1.3373573 -0.019555647
v -0.0187539 1.3373573 4.656613E-10
v -0.007833157 1.3373573 0.019555649
v -0.01430838 1.4063563 0.019555649
v -0.037113525 1.4063563 -0.019555647
v -0.044233933 1.4063563 -0.039111294
v -0.037338685 1.3373573 -0.039111294
v -0.030359935 1.3373573 -0.019555647
v -0.025361516 1.4063563 4.656613E-10
v -0.029344512 1.3373573 4.656613E-10
v -0.04095055 1.3373573 -0.019555647
v -0.037113525 1.4063563 -0.019555647
v -0.01842377 1.3373573 0.019555649
v -0.01430838 1.4063563 0.019555649
v -0.037113525 1.4063563 -0.019555647
v -0.04095055 1.3373573 -0.019555647
v -0.047929294 1.3373573 -0.039111294
v -0.044233933 1.4063563 -0.039111294
v -0.01430838 1.4063563 0.019555649
v -0.009284595 1.4063563 0.039111298
v -0.013500905 1.3373573 0.039111298
v -0.01842377 1.3373573 0.019555649
v -0.01430838 1.4063563 0.019555649
v -0.007833157 1.3373573 0.019555649
v -0.0029102908 1.3373573 0.039111298
v -0.009284595 1.4063563 0.039111298
v -0.015620638 1.4063563 0.058666945
v -0.009284595 1.4063563 0.039111298
v -0.0029102908 1.3373573 0.039111298
v -0.009297887 1.3373573 0.058666945
v -0.015620638 1.4063563 0.058666945
v -0.0198885 1.3373573 0.05866695
v -0.013500905 1.3373573 0.039111298
v -0.009284595 1.4063563 0.039111298
v -0.04051917 1.4063563 0.09777824
v -0.048155144 1.4063563 0.11733389
v -0.05258231 1.3373573 0.11733389
v -0.04486238 1.3373573 0.09777824
v -0.04051917 1.4063563 0.09777824
v -0.034271766 1.3373573 0.09777824
v -0.0419917 1.3373573 0.11733389
v -0.048155144 1.4063563 0.11733389
v -0.012619336 -1.2387367 0.19525686
v -0.010786735 -1.2251973 0.19679528
v -0.008457781 -1.3264211 0.19677258
v -0.0100513585 -1.3510823 0.1952512
v -0.014368083 -0.82672477 0.19526821
v -0.012355715 -0.50367445 0.19684066
v -0.012355715 -0.82672477 0.19684066
v 0.009708062 -0.82672477 0.19713253
v -0.008457781 -1.2161709 0.19704984
v 0.011307603 -1.2387367 0.19525686
v 0.008739624 -1.3510823 0.1952512
v 0.008457781 -1.3264211 0.19677258
v 0.010786735 -1.2251973 0.19679528
v 0.0076093017 1.4063563 -0.2588111
v 0.015750742 1.3373572 -0.2588111
v -0.010290483 1.3373572 -0.2343225
v -0.018415768 1.4063563 -0.2343225
v 0.0026122069 1.1303596 -0.2343225
v 0.028685741 1.1303596 -0.2588111
v 0.045537136 0.7853639 -0.25881112
v 0.019409753 0.7853639 -0.2343225
v 0.06402041 0.35976374 -0.2588111
v 0.03782841 0.35976374 -0.2343225
v 0.055594426 -0.089047 -0.2343225
v 0.08185105 -0.08904703 -0.2588111
v 0.07043406 -0.50367445 -0.2343225
v 0.09674454 -0.5036745 -0.2588111
v 0.10641636 -0.82672477 -0.25881112
v 0.08007357 -0.82672477 -0.2343225
v 0.11161571 -1.069487 -0.2588111
v 0.08525676 -1.0694869 -0.2343225
v 0.08672742 -1.2432499 -0.2343225
v 0.113091744 -1.2432499 -0.2588111
v 0.085229345 -1.3593028 -0.2343225
v 0.11159367 -1.3593026 -0.2588111
v 0.10787066 -1.4289345 -0.25881112
v 0.081506334 -1.4289343 -0.2343225
v 0.0076093017 1.4063563 -0.2588111
v 0.028753903 1.4063563 -0.2876255
v 0.03694381 1.3373573 -0.2876255
v 0.015750742 1.3373572 -0.2588111
v 0.049975738 1.1303598 -0.2876255
v 0.028685741 1.1303596 -0.2588111
v 0.045537136 0.7853639 -0.25881112
v 0.066988684 0.785364 -0.2876255
v 0.06402041 0.35976374 -0.2588111
v 0.085665815 0.35976374 -0.2876255
v 0.103690326 -0.08904703 -0.2876255
v 0.08185105 -0.08904703 -0.2588111
v 0.118745364 -0.5036745 -0.2876255
v 0.09674454 -0.5036745 -0.2588111
v 0.10641636 -0.82672477 -0.25881112
v 0.12851411 -0.82672477 -0.2876255
v 0.11161571 -1.069487 -0.2588111
v 0.13376191 -1.0694869 -0.2876255
v 0.13525411 -1.2432499 -0.2876255
v 0.113091744 -1.2432499 -0.2588111
v 0.13375604 -1.3593028 -0.2876255
v 0.11159367 -1.3593026 -0.2588111
v 0.10787066 -1.4289345 -0.25881112
v 0.13003303 -1.4289345 -0.2876255
v 0.028753903 1.4063563 -0.2876255
v 0.03783359 1.4063563 -0.31928548
v 0.046120424 1.3373573 -0.31928548
v 0.03694381 1.3373573 -0.2876255
v 0.03694381 1.3373573 -0.2876255
v 0.046120424 1.3373573 -0.31928548
v 0.05934621 1.1303598 -0.31928548
v 0.049975738 1.1303598 -0.2876255
v 0.066988684 0.785364 -0.2876255
v 0.07668226 0.785364 -0.31928548
v 0.085665815 0.35976374 -0.2876255
v 0.09574711 0.35976374 -0.31928548
v 0.114159346 -0.08904704 -0.3192855
v 0.103690326 -0.08904703 -0.2876255
v 0.1295375 -0.5036745 -0.3192855
v 0.118745364 -0.5036745 -0.2876255
v 0.12851411 -0.82672477 -0.2876255
v 0.1395001 -0.82672477 -0.3192855
v 0.13376191 -1.0694869 -0.2876255
v 0.14484483 -1.069487 -0.31928548
v 0.14636934 -1.2432499 -0.3192855
v 0.13525411 -1.2432499 -0.2876255
v 0.14487128 -1.3593028 -0.3192855
v 0.13375604 -1.3593028 -0.2876255
v 0.13003303 -1.4289345 -0.2876255
v 0.14114825 -1.4289343 -0.3192855
v 0.028753903 1.4063563 -0.2876255
v 0.026267037 1.3373572 -0.2876255
v 0.03531441 1.3373573 -0.3192855
v 0.03783359 1.4063563 -0.31928548
v -0.040215287 0.35640967 -0.4604817
v -0.032784846 0.35976377 -0.45147738
v -0.013962773 -0.089046985 -0.45147738
v -0.02093992 -0.089046985 -0.46050155
v 0.0032462769 -0.50367445 -0.45147738
v -0.003375459 -0.50367445 -0.46050158
v -0.050063655 0.785364 -0.45147738
v -0.05769081 0.77194744 -0.46042225
v -0.0626429 1.1303599 -0.45147738
v -0.07039795 1.1059226 -0.46038255
v -0.07536818 1.3066909 -0.4604222
v -0.06736629 1.3373573 -0.45147738
v 0.008967335 -0.82672477 -0.46050158
v 0.015686002 -0.82672477 -0.45147738
v 0.017547766 -1.0683587 -0.4604817
v 0.02465965 -1.0694869 -0.45147738
v 0.03147047 -1.2432499 -0.45147738
v 0.023825135 -1.2387367 -0.4604222
v 0.03742171 -1.3593028 -0.45147738
v 0.0292112 -1.3510823 -0.46038255
v 0.035117723 -1.4186186 -0.46042225
v 0.04381662 -1.4289345 -0.45147738
v -0.032784846 0.35976377 -0.45147738
v -0.017536974 0.35976377 -0.4362849
v 0.0007035206 -0.089046985 -0.43628493
v -0.013962773 -0.089046985 -0.45147738
v 0.017503306 -0.50367445 -0.4362849
v 0.0032462769 -0.50367445 -0.45147738
v -0.034191117 0.785364 -0.43628493
v -0.050063655 0.785364 -0.45147738
v -0.046231855 1.1303598 -0.4362849
v -0.0626429 1.1303599 -0.45147738
v -0.06736629 1.3373573 -0.45147738
v -0.05063214 1.3373572 -0.43628493
v -0.06490095 1.4063563 -0.45147738
v -0.04803757 1.4063563 -0.4362849
v 0.015686002 -0.82672477 -0.45147738
v 0.02983533 -0.82672477 -0.43628493
v 0.02465965 -1.0694869 -0.45147738
v 0.03890591 -1.069487 -0.4362849
v 0.045921363 -1.2432499 -0.43628493
v 0.03147047 -1.2432499 -0.45147738
v 0.052088007 -1.3593028 -0.4362849
v 0.03742171 -1.3593028 -0.45147738
v 0.04381662 -1.4289345 -0.45147738
v 0.05861215 -1.4289343 -0.43628493
v 0.062002767 -1.0694869 -0.41314006
v 0.0532876 -0.82672477 -0.41314006
v 0.04136484 -0.50367445 -0.41314006
v 0.06872743 -1.2432499 -0.41314006
v 0.074678674 -1.3593028 -0.41314006
v 0.081073575 -1.4289343 -0.41314006
v 0.025017397 -0.089046985 -0.41314006
v 0.0072292453 0.35976377 -0.41314006
v -0.009015637 0.785364 -0.41314006
v -0.020733275 1.1303598 -0.41314006
v -0.024939695 1.3373572 -0.41314006
v -0.022302048 1.4063563 -0.41314006
v -0.040215287 0.35640967 -0.4604817
v -0.0415292 0.34634727 -0.4650622
v -0.058130134 0.731698 -0.46482426
v -0.05769081 0.77194744 -0.46042225
v -0.0415292 0.34634727 -0.4650622
v -0.039161224 0.33963904 -0.46703696
v -0.055374105 0.7048649 -0.46660346
v -0.058130134 0.731698 -0.46482426
v -0.0648104 0.9335844 -0.46601793
v -0.06992856 1.032611 -0.4646656
v -0.05769081 0.77194744 -0.46042225
v -0.058130134 0.731698 -0.46482426
v -0.06992856 1.032611 -0.4646656
v -0.07039795 1.1059226 -0.46038255
v -0.040215287 0.35640967 -0.4604817
v -0.02093992 -0.089046985 -0.46050155
v -0.02218636 -0.089046985 -0.4651415
v -0.0415292 0.34634727 -0.4650622
v -0.02093992 -0.089046985 -0.46050155
v -0.003375459 -0.50367445 -0.46050158
v -0.0043311073 -0.50367445 -0.4651415
v -0.02218636 -0.089046985 -0.4651415
v 0.008967335 -0.82672477 -0.46050158
v 0.007807056 -0.82672477 -0.46514156
v -0.0415292 0.34634727 -0.4650622
v -0.02218636 -0.089046985 -0.4651415
v -0.019660529 -0.089046985 -0.4671814
v -0.039161224 0.33963904 -0.46703696
v -0.02218636 -0.089046985 -0.4651415
v -0.0043311073 -0.50367445 -0.4651415
v -0.0015898764 -0.50367445 -0.46718147
v -0.019660529 -0.089046985 -0.4671814
v 0.007807056 -0.82672477 -0.46514156
v 0.010332887 -0.82672477 -0.46718147
v 0.040934075 -1.4411842 -0.4604619
v 0.04998804 -1.4521449 -0.45147738
v 0.05526884 -1.4289343 -0.45147738
v 0.046049617 -1.4186186 -0.4604222
v 0.04998804 -1.4521449 -0.45147738
v 0.0648482 -1.4521449 -0.4362849
v 0.07015053 -1.4289345 -0.43628493
v 0.05526884 -1.4289343 -0.45147738
v 0.087245 -1.4521449 -0.41314006
v 0.0925258 -1.4289345 -0.41314006
v 0.046049617 -1.4186186 -0.4604222
v 0.05526884 -1.4289343 -0.45147738
v 0.05899185 -1.3593028 -0.45147738
v 0.049696676 -1.3510823 -0.46038255
v 0.05110755 -1.2387367 -0.46042225
v 0.05899185 -1.3593028 -0.45147738
v 0.06048992 -1.2432499 -0.45147738
v 0.04922801 -1.0683587 -0.4604817
v 0.05869616 -1.0694869 -0.45147738
v 0.052543666 -0.82672477 -0.45147738
v 0.043003846 -0.82672477 -0.46050155
v 0.06755461 -0.82672477 -0.43628493
v 0.073610164 -1.069487 -0.4362849
v 0.040965546 -0.5036745 -0.45147738
v 0.031328794 -0.5036745 -0.46050158
v 0.0130965905 -0.08904703 -0.46050158
v 0.022894897 -0.08904704 -0.45147738
v -0.008535046 0.35640964 -0.4604817
v 0.001251662 0.35976374 -0.45147738
v -0.021044208 0.7853639 -0.45147738
v -0.030408401 0.77194744 -0.4604222
v -0.004740869 0.785364 -0.43628493
v 0.017167281 0.35976374 -0.4362849
v -0.041072767 1.1303596 -0.45147738
v -0.04991248 1.1059225 -0.46038255
v -0.06443629 1.3066909 -0.46042225
v -0.055914067 1.3373572 -0.45147738
v -0.024446325 1.1303598 -0.4362849
v -0.055914067 1.3373572 -0.45147738
v -0.039093766 1.3373573 -0.43628493
v -0.06490095 1.4063563 -0.45147738
v -0.04803757 1.4063563 -0.4362849
v -0.041072767 1.1303596 -0.45147738
v 0.038422793 -0.08904703 -0.43628493
v 0.056170348 -0.5036745 -0.4362849
v 0.09014527 -0.82672477 -0.41314006
v 0.09603928 -1.0694869 -0.41314006
v 0.07537161 -1.2432499 -0.43628493
v 0.07387354 -1.3593026 -0.4362849
v 0.05526884 -1.4289343 -0.45147738
v 0.07015053 -1.4289345 -0.43628493
v 0.09774689 -1.2432499 -0.41314006
v 0.09624881 -1.3593028 -0.41314006
v 0.07908412 -0.5036745 -0.41314006
v 0.061875064 -0.08904703 -0.41314006
v 0.041265752 0.35976374 -0.41314006
v 0.020003807 0.785364 -0.41314006
v 0.0008368541 1.1303598 -0.41314006
v -0.0134874815 1.3373573 -0.41314006
v -0.022302048 1.4063563 -0.41314006
v 0.0925258 -1.4289345 -0.41314006
v 0.040934075 -1.4411842 -0.4604619
v 0.035117723 -1.4186186 -0.46042225
v 0.04381662 -1.4289345 -0.45147738
v 0.04998804 -1.4521449 -0.45147738
v 0.04998804 -1.4521449 -0.45147738
v 0.04381662 -1.4289345 -0.45147738
v 0.05861215 -1.4289343 -0.43628493
v 0.0648482 -1.4521449 -0.4362849
v 0.087245 -1.4521449 -0.41314006
v 0.081073575 -1.4289343 -0.41314006
v 0.040934075 -1.4411842 -0.4604619
v 0.035955813 -1.4083028 -0.46498287
v 0.030946214 -1.3876711 -0.46482426
v 0.035117723 -1.4186186 -0.46042225
v 0.035955813 -1.4083028 -0.46498287
v 0.033201084 -1.3428619 -0.46689245
v 0.028793406 -1.3264211 -0.46660346
v 0.030946214 -1.3876711 -0.46482426
v 0.035117723 -1.4186186 -0.46042225
v 0.030946214 -1.3876711 -0.46482426
v 0.025987884 -1.3264211 -0.4646656
v 0.0292112 -1.3510823 -0.46038255
v 0.030946214 -1.3876711 -0.46482426
v 0.028793406 -1.3264211 -0.46660346
v 0.025725285 -1.2931097 -0.46601793
v 0.025987884 -1.3264211 -0.4646656
v 0.040934075 -1.4411842 -0.4604619
v 0.046049617 -1.4186186 -0.4604222
v 0.040661786 -1.3876711 -0.46482426
v 0.035955813 -1.4083028 -0.46498287
v 0.046049617 -1.4186186 -0.4604222
v 0.049696676 -1.3510823 -0.46038255
v 0.044080973 -1.3264211 -0.4646656
v 0.040661786 -1.3876711 -0.46482426
v 0.035955813 -1.4083028 -0.46498287
v 0.040661786 -1.3876711 -0.46482426
v 0.03772682 -1.3264211 -0.46660346
v 0.033201084 -1.3428619 -0.46689245
v 0.040661786 -1.3876711 -0.46482426
v 0.044080973 -1.3264211 -0.4646656
v 0.040975586 -1.2931097 -0.46601793
v 0.03772682 -1.3264211 -0.46660346
v 0.10279987 -1.4521449 -0.2588111
v 0.076440945 -1.4521449 -0.2343225
v 0.081506334 -1.4289343 -0.2343225
v 0.10787066 -1.4289345 -0.25881112
v 0.10279987 -1.4521449 -0.2588111
v 0.097258516 -1.4289345 -0.2588111
v 0.07091572 -1.4289345 -0.2343225
v 0.076440945 -1.4521449 -0.2343225
v 0.097258516 -1.4289345 -0.2588111
v 0.07091572 -1.4289345 -0.2343225
v 0.10279987 -1.4521449 -0.2588111
v 0.124946095 -1.4521449 -0.2876255
v 0.11935626 -1.4289343 -0.2876255
v 0.097258516 -1.4289345 -0.2588111
v 0.124946095 -1.4521449 -0.2876255
v 0.13602902 -1.4521449 -0.31928548
v 0.13034225 -1.4289345 -0.3192855
v 0.11935626 -1.4289343 -0.2876255
v 0.10279987 -1.4521449 -0.2588111
v 0.10787066 -1.4289345 -0.25881112
v 0.13003303 -1.4289345 -0.2876255
v 0.124946095 -1.4521449 -0.2876255
v 0.124946095 -1.4521449 -0.2876255
v 0.13003303 -1.4289345 -0.2876255
v 0.14114825 -1.4289343 -0.3192855
v 0.13602902 -1.4521449 -0.31928548
v -0.030693602 0.35305554 -0.46862075
v -0.035545997 0.3463473 -0.4682241
v -0.015320869 -0.089046985 -0.4684054
v -0.009834525 -0.089046985 -0.4688134
v 0.0028790259 -0.50367445 -0.4684054
v 0.008429989 -0.50367445 -0.4688134
v -0.05341523 0.731698 -0.46768007
v -0.050206184 0.75853103 -0.46804273
v -0.06712304 1.032611 -0.4666035
v -0.06537104 1.0814854 -0.46689245
v 0.02015889 -0.82672477 -0.4688134
v 0.014672549 -0.82672477 -0.4684054
v 0.027054142 -1.0672303 -0.46862075
v -0.035545997 0.3463473 -0.4682241
v -0.039161224 0.33963904 -0.46703696
v -0.019660529 -0.089046985 -0.4671814
v -0.015320869 -0.089046985 -0.4684054
v -0.0015898764 -0.50367445 -0.46718147
v 0.0028790259 -0.50367445 -0.4684054
v -0.055374105 0.7048649 -0.46660346
v -0.05341523 0.731698 -0.46768007
v 0.014672549 -0.82672477 -0.4684054
v -0.05341523 0.731698 -0.46768007
v -0.06712304 1.032611 -0.4666035
v -0.0648104 0.9335844 -0.46601793
v -0.055374105 0.7048649 -0.46660346
v -0.030693602 0.35305554 -0.46862075
v -0.024614103 0.34634727 -0.46822405
v -0.04369966 0.731698 -0.46768013
v -0.050206184 0.75853103 -0.46804273
v -0.05818963 1.032611 -0.4666035
v -0.06537104 1.0814854 -0.46689245
v -0.0038686516 -0.08904699 -0.4684054
v -0.024614103 0.34634727 -0.46822405
v -0.018675752 0.339639 -0.467037
v -0.03728102 0.7048649 -0.4666035
v -0.04369966 0.731698 -0.46768013
v -0.049560096 0.93358433 -0.46601793
v -0.05818963 1.032611 -0.4666035
v 0.0019096027 -0.089047 -0.46718147
v -0.0038686516 -0.08904699 -0.4684054
v -0.030693602 0.35305554 -0.46862075
v -0.009834525 -0.089046985 -0.4688134
v -0.0038686516 -0.08904699 -0.4684054
v 0.014417402 -0.50367445 -0.4684054
v 0.008429989 -0.50367445 -0.4688134
v 0.02015889 -0.82672477 -0.4688134
v 0.026124766 -0.82672477 -0.4684054
v 0.027054142 -1.0672303 -0.46862075
v 0.032769136 -1.0649738 -0.4682241
v -0.0038686516 -0.08904699 -0.4684054
v 0.014417402 -0.50367445 -0.4684054
v 0.020195656 -0.50367445 -0.46718147
v 0.0019096027 -0.089047 -0.46718147
v 0.026124766 -0.82672477 -0.4684054
v 0.03190302 -0.82672477 -0.46718147
v 0.032769136 -1.0649738 -0.4682241
v 0.027054142 -1.0672303 -0.46862075
v 0.021837238 -1.0649738 -0.46822405
v 0.026150636 -1.2251973 -0.46768007
v 0.030817697 -1.2342236 -0.46804273
v 0.028793406 -1.3264211 -0.46660346
v 0.033201084 -1.3428619 -0.46689245
v 0.014672549 -0.82672477 -0.4684054
v 0.021837238 -1.0649738 -0.46822405
v 0.01785751 -1.0627172 -0.467037
v 0.022733744 -1.216171 -0.4666035
v 0.026150636 -1.2251973 -0.46768007
v 0.010332887 -0.82672477 -0.46718147
v 0.014672549 -0.82672477 -0.4684054
v -0.0015898764 -0.50367445 -0.46718147
v 0.026150636 -1.2251973 -0.46768007
v 0.022733744 -1.216171 -0.4666035
v 0.025725285 -1.2931097 -0.46601793
v 0.028793406 -1.3264211 -0.46660346
v 0.032769136 -1.0649738 -0.4682241
v 0.03834298 -1.0627172 -0.467037
v 0.03190302 -0.82672477 -0.46718147
v 0.040826835 -1.216171 -0.4666035
v 0.03586621 -1.2251973 -0.46768013
v 0.040975586 -1.2931097 -0.46601793
v 0.03772682 -1.3264211 -0.46660346
v 0.027054142 -1.0672303 -0.46862075
v 0.030817697 -1.2342236 -0.46804273
v 0.03586621 -1.2251973 -0.46768013
v 0.032769136 -1.0649738 -0.4682241
v 0.03772682 -1.3264211 -0.46660346
v 0.033201084 -1.3428619 -0.46689245
v -0.0731861 1.3737733 -0.4604619
v -0.06490095 1.4063563 -0.45147738
v -0.06736629 1.3373573 -0.45147738
v -0.07536818 1.3066909 -0.4604222
v -0.0731861 1.3737733 -0.4604619
v -0.06443629 1.3066909 -0.46042225
v -0.055914067 1.3373572 -0.45147738
v -0.06490095 1.4063563 -0.45147738
v -0.0731861 1.3737733 -0.4604619
v -0.0731869 1.2760247 -0.4649829
v -0.065148324 1.214692 -0.46482426
v -0.06443629 1.3066909 -0.46042225
v -0.0731869 1.2760247 -0.4649829
v -0.06537104 1.0814854 -0.46689245
v -0.05818963 1.032611 -0.4666035
v -0.065148324 1.214692 -0.46482426
v -0.06443629 1.3066909 -0.46042225
v -0.065148324 1.214692 -0.46482426
v -0.05183547 1.0326109 -0.4646656
v -0.04991248 1.1059225 -0.46038255
v -0.065148324 1.214692 -0.46482426
v -0.05818963 1.032611 -0.4666035
v -0.049560096 0.93358433 -0.46601793
v -0.05183547 1.0326109 -0.4646656
v -0.0731861 1.3737733 -0.4604619
v -0.07536818 1.3066909 -0.4604222
v -0.074863896 1.214692 -0.46482426
v -0.0731869 1.2760247 -0.4649829
v -0.07536818 1.3066909 -0.4604222
v -0.07039795 1.1059226 -0.46038255
v -0.06992856 1.032611 -0.4646656
v -0.074863896 1.214692 -0.46482426
v -0.0731869 1.2760247 -0.4649829
v -0.074863896 1.214692 -0.46482426
v -0.06712304 1.032611 -0.4666035
v -0.06537104 1.0814854 -0.46689245
v -0.074863896 1.214692 -0.46482426
v -0.06992856 1.032611 -0.4646656
v -0.0648104 0.9335844 -0.46601793
v -0.06712304 1.032611 -0.4666035
v 0.017547766 -1.0683587 -0.4604817
v 0.015854035 -1.0649738 -0.4650622
v 0.007807056 -0.82672477 -0.46514156
v 0.008967335 -0.82672477 -0.46050158
v 0.015854035 -1.0649738 -0.4650622
v 0.01785751 -1.0627172 -0.467037
v 0.010332887 -0.82672477 -0.46718147
v 0.007807056 -0.82672477 -0.46514156
v 0.017547766 -1.0683587 -0.4604817
v 0.023825135 -1.2387367 -0.4604222
v 0.021435734 -1.2251973 -0.46482426
v 0.015854035 -1.0649738 -0.4650622
v 0.023825135 -1.2387367 -0.4604222
v 0.0292112 -1.3510823 -0.46038255
v 0.025987884 -1.3264211 -0.4646656
v 0.021435734 -1.2251973 -0.46482426
v 0.015854035 -1.0649738 -0.4650622
v 0.021435734 -1.2251973 -0.46482426
v 0.022733744 -1.216171 -0.4666035
v 0.01785751 -1.0627172 -0.467037
v 0.025725285 -1.2931097 -0.46601793
v 0.025987884 -1.3264211 -0.4646656
v -0.008535046 0.35640964 -0.4604817
v -0.0142467925 0.34634727 -0.4650622
v 0.006833088 -0.08904701 -0.46514156
v 0.0130965905 -0.08904703 -0.46050158
v 0.025119139 -0.50367445 -0.46514156
v 0.031328794 -0.5036745 -0.46050158
v -0.034335636 0.731698 -0.46482426
v -0.030408401 0.77194744 -0.4604222
v -0.05183547 1.0326109 -0.4646656
v -0.04991248 1.1059225 -0.46038255
v 0.043003846 -0.82672477 -0.46050155
v 0.036826503 -0.82672477 -0.46514156
v 0.04922801 -1.0683587 -0.4604817
v 0.043136448 -1.0649738 -0.46506223
v 0.04523023 -1.2251973 -0.46482426
v 0.05110755 -1.2387367 -0.46042225
v 0.044080973 -1.3264211 -0.4646656
v 0.049696676 -1.3510823 -0.46038255
v -0.0142467925 0.34634727 -0.4650622
v -0.018675752 0.339639 -0.467037
v 0.0019096027 -0.089047 -0.46718147
v 0.006833088 -0.08904701 -0.46514156
v -0.03728102 0.7048649 -0.4666035
v -0.034335636 0.731698 -0.46482426
v -0.049560096 0.93358433 -0.46601793
v -0.05183547 1.0326109 -0.4646656
v 0.020195656 -0.50367445 -0.46718147
v 0.025119139 -0.50367445 -0.46514156
v 0.036826503 -0.82672477 -0.46514156
v 0.03190302 -0.82672477 -0.46718147
v 0.043136448 -1.0649738 -0.46506223
v 0.03834298 -1.0627172 -0.467037
v 0.040826835 -1.216171 -0.4666035
v 0.04523023 -1.2251973 -0.46482426
v 0.040975586 -1.2931097 -0.46601793
v 0.044080973 -1.3264211 -0.4646656
v 0.006833088 -0.08904701 -0.46514156
v 0.0019096027 -0.089047 -0.46718147
v 0.020195656 -0.50367445 -0.46718147
v 0.11962626 -1.069487 -0.38437223
v 0.13801387 -1.0694869 -0.3523109
v 0.13250758 -0.82672477 -0.3523109
v 0.11392612 -0.82672477 -0.38437223
v 0.122221865 -0.5036745 -0.3523109
v 0.10325269 -0.5036745 -0.38437223
v 0.13959223 -1.2432499 -0.3523109
v 0.12126924 -1.2432499 -0.38437223
v 0.13809416 -1.3593028 -0.3523109
v 0.11977118 -1.3593028 -0.38437223
v 0.086689845 -0.08904704 -0.38437223
v 0.10630523 -0.08904704 -0.3523109
v 0.06685596 0.35976374 -0.38437223
v 0.0872468 0.35976374 -0.3523109
v 0.067535736 0.785364 -0.35231087
v 0.046369467 0.785364 -0.3843722
v 0.049661182 1.1303598 -0.35231087
v 0.027848713 1.1303598 -0.38437223
v 0.0139120985 1.3373573 -0.38437223
v 0.036112294 1.3373573 -0.35231087
v 0.0052752364 1.4063563 -0.38437223
v 0.027663907 1.4063563 -0.35231087
v 0.116048165 -1.4289345 -0.38437223
v 0.13437115 -1.4289343 -0.3523109
v 0.13801387 -1.0694869 -0.3523109
v 0.14484483 -1.069487 -0.31928548
v 0.1395001 -0.82672477 -0.3192855
v 0.13250758 -0.82672477 -0.3523109
v 0.1295375 -0.5036745 -0.3192855
v 0.122221865 -0.5036745 -0.3523109
v 0.14636934 -1.2432499 -0.3192855
v 0.13959223 -1.2432499 -0.3523109
v 0.14487128 -1.3593028 -0.3192855
v 0.13809416 -1.3593028 -0.3523109
v 0.10630523 -0.08904704 -0.3523109
v 0.114159346 -0.08904704 -0.3192855
v 0.0872468 0.35976374 -0.3523109
v 0.09574711 0.35976374 -0.31928548
v 0.07668226 0.785364 -0.31928548
v 0.067535736 0.785364 -0.35231087
v 0.05934621 1.1303598 -0.31928548
v 0.049661182 1.1303598 -0.35231087
v 0.036112294 1.3373573 -0.35231087
v 0.046120424 1.3373573 -0.31928548
v 0.13437115 -1.4289343 -0.3523109
v 0.14114825 -1.4289343 -0.3192855
v 0.11962626 -1.069487 -0.38437223
v 0.09603928 -1.0694869 -0.41314006
v 0.09774689 -1.2432499 -0.41314006
v 0.12126924 -1.2432499 -0.38437223
v 0.09624881 -1.3593028 -0.41314006
v 0.11977118 -1.3593028 -0.38437223
v 0.09014527 -0.82672477 -0.41314006
v 0.11392612 -0.82672477 -0.38437223
v 0.07908412 -0.5036745 -0.41314006
v 0.10325269 -0.5036745 -0.38437223
v 0.086689845 -0.08904704 -0.38437223
v 0.061875064 -0.08904703 -0.41314006
v 0.06685596 0.35976374 -0.38437223
v 0.041265752 0.35976374 -0.41314006
v 0.020003807 0.785364 -0.41314006
v 0.046369467 0.785364 -0.3843722
v 0.0008368541 1.1303598 -0.41314006
v 0.027848713 1.1303598 -0.38437223
v 0.0139120985 1.3373573 -0.38437223
v -0.0134874815 1.3373573 -0.41314006
v 0.0052752364 1.4063563 -0.38437223
v -0.022302048 1.4063563 -0.41314006
v 0.087092176 -1.069487 -0.38437223
v 0.10731606 -1.0694869 -0.3523109
v 0.11272678 -1.2432499 -0.3523109
v 0.093219094 -1.2432499 -0.38437223
v 0.11760102 -1.3593028 -0.3523109
v 0.09868569 -1.3593028 -0.38437223
v 0.09995792 -0.82672477 -0.3523109
v 0.07900706 -0.82672477 -0.38437223
v 0.089241415 -0.50367445 -0.3523109
v 0.06766587 -0.50367445 -0.38437223
v 0.10478981 -1.4289345 -0.38437223
v 0.12334972 -1.4289345 -0.3523109
v 0.051770773 -0.089046985 -0.38437223
v 0.07375557 -0.089046985 -0.3523109
v 0.03432188 0.35976374 -0.38437223
v 0.056548994 0.35976377 -0.3523109
v 0.040670298 0.785364 -0.3523109
v 0.018319322 0.7853639 -0.38437223
v 0.02916806 1.1303598 -0.3523109
v 0.0067632333 1.1303596 -0.38437223
v 0.002653743 1.3373572 -0.38437223
v 0.02509088 1.3373573 -0.3523109
v 0.0052752364 1.4063563 -0.38437223
v 0.027663907 1.4063563 -0.35231087
v 0.10731606 -1.0694869 -0.3523109
v 0.11581639 -1.069487 -0.31928548
v 0.1205809 -1.2432499 -0.3192855
v 0.11272678 -1.2432499 -0.3523109
v 0.124916635 -1.3593026 -0.3192855
v 0.11760102 -1.3593028 -0.3523109
v 0.10910445 -0.82672477 -0.3192855
v 0.09995792 -0.82672477 -0.3523109
v 0.09892644 -0.50367445 -0.3192855
v 0.089241415 -0.50367445 -0.3523109
v 0.12334972 -1.4289345 -0.3523109
v 0.13034225 -1.4289345 -0.3192855
v 0.07375557 -0.089046985 -0.3523109
v 0.083763696 -0.089046985 -0.3192855
v 0.056548994 0.35976377 -0.3523109
v 0.06671868 0.35976377 -0.31928548
v 0.050893825 0.785364 -0.3192855
v 0.040670298 0.785364 -0.3523109
v 0.039391592 1.1303598 -0.3192855
v 0.02916806 1.1303598 -0.3523109
v 0.02509088 1.3373573 -0.3523109
v 0.03531441 1.3373573 -0.3192855
v 0.087092176 -1.069487 -0.38437223
v 0.062002767 -1.0694869 -0.41314006
v 0.0532876 -0.82672477 -0.41314006
v 0.07900706 -0.82672477 -0.38437223
v 0.04136484 -0.50367445 -0.41314006
v 0.06766587 -0.50367445 -0.38437223
v 0.06872743 -1.2432499 -0.41314006
v 0.093219094 -1.2432499 -0.38437223
v 0.074678674 -1.3593028 -0.41314006
v 0.09868569 -1.3593028 -0.38437223
v 0.10478981 -1.4289345 -0.38437223
v 0.081073575 -1.4289343 -0.41314006
v 0.051770773 -0.089046985 -0.38437223
v 0.025017397 -0.089046985 -0.41314006
v 0.03432188 0.35976374 -0.38437223
v 0.0072292453 0.35976377 -0.41314006
v -0.009015637 0.785364 -0.41314006
v 0.018319322 0.7853639 -0.38437223
v -0.020733275 1.1303598 -0.41314006
v 0.0067632333 1.1303596 -0.38437223
v 0.002653743 1.3373572 -0.38437223
v -0.024939695 1.3373572 -0.41314006
v 0.0052752364 1.4063563 -0.38437223
v -0.022302048 1.4063563 -0.41314006
v 0.027663907 1.4063563 -0.35231087
v 0.03783359 1.4063563 -0.31928548
v 0.03531441 1.3373573 -0.3192855
v 0.02509088 1.3373573 -0.3523109
v 0.027663907 1.4063563 -0.35231087
v 0.036112294 1.3373573 -0.35231087
v 0.046120424 1.3373573 -0.31928548
v 0.03783359 1.4063563 -0.31928548
v 0.11081584 -1.4521449 -0.38437223
v 0.12919804 -1.4521449 -0.3523109
v 0.13437115 -1.4289343 -0.3523109
v 0.116048165 -1.4289345 -0.38437223
v 0.12919804 -1.4521449 -0.3523109
v 0.13602902 -1.4521449 -0.31928548
v 0.14114825 -1.4289343 -0.3192855
v 0.13437115 -1.4289343 -0.3523109
v 0.11081584 -1.4521449 -0.38437223
v 0.10478981 -1.4289345 -0.38437223
v 0.12334972 -1.4289345 -0.3523109
v 0.12919804 -1.4521449 -0.3523109
v 0.12919804 -1.4521449 -0.3523109
v 0.12334972 -1.4289345 -0.3523109
v 0.13034225 -1.4289345 -0.3192855
v 0.13602902 -1.4521449 -0.31928548
v 0.11081584 -1.4521449 -0.38437223
v 0.087245 -1.4521449 -0.41314006
v 0.081073575 -1.4289343 -0.41314006
v 0.10478981 -1.4289345 -0.38437223
v 0.11081584 -1.4521449 -0.38437223
v 0.116048165 -1.4289345 -0.38437223
v 0.0925258 -1.4289345 -0.41314006
v 0.087245 -1.4521449 -0.41314006
v 0.116048165 -1.4289345 -0.38437223
v 0.0925258 -1.4289345 -0.41314006
vn -0.99904543 -0.03720713 0.022886043
vn -0.99904543 -0.03720713 0.022886043
vn -0.99904543 -0.03720713 0.022886043
vn -0.99904543 -0.03720713 0.022886043
vn -0.99935395 -0.035501607 -0.0055939294
vn -0.99935395 -0.035501607 -0.0055939294
vn -0.9975889 -0.03653076 0.059007946
vn -0.9975889 -0.03653076 0.059007946
vn -0.99501014 -0.032706276 0.094260685
vn -0.99501014 -0.032706276 0.094260685
vn -0.99254817 -0.019083733 0.12034936
vn -0.99254817 -0.019083733 0.12034936
vn -0.99959224 -0.025203243 -0.0134198
vn -0.99959224 -0.025203243 -0.0134198
vn -0.99970645 -0.024197748 0.0011718199
vn -0.99970645 -0.024197748 0.0011718199
vn -0.99970645 -0.024197748 0.0011718199
vn -0.99970645 -0.024197748 0.0011718199
vn -0.9967277 -0.07378157 0.033017088
vn -0.9967277 -0.07378157 0.033017088
vn -0.9967277 -0.07378157 0.033017088
vn -0.9967277 -0.07378157 0.033017088
vn -0.83520585 -0.030540586 0.5490888
vn -0.83520585 -0.030540586 0.5490888
vn -0.83520585 -0.030540586 0.5490888
vn -0.83520585 -0.030540586 0.5490888
vn -0.851972 -0.029858366 0.5227354
vn -0.851972 -0.029858366 0.5227354
vn -0.8138021 -0.029161109 0.58040994
vn -0.8138021 -0.029161109 0.58040994
vn -0.7928523 -0.02539084 0.60888463
vn -0.7928523 -0.02539084 0.60888463
vn -0.76947373 0.028505454 0.63804203
vn -0.76947373 0.028505454 0.63804203
vn -0.76947373 0.028505454 0.63804203
vn -0.76947373 0.028505454 0.63804203
vn -0.80694544 -0.027787654 0.58997196
vn -0.80694544 -0.027787654 0.58997196
vn -0.80694544 -0.027787654 0.58997196
vn -0.785505 -0.023974482 0.61839074
vn -0.82890034 -0.029313758 0.55862784
vn -0.84613144 -0.028933946 0.53218836
vn -0.76160467 0.02935923 0.64737654
vn -0.76160467 0.02935923 0.64737654
vn -0.8509758 -0.022423133 0.5247261
vn -0.8509758 -0.022423133 0.5247261
vn -0.8509758 -0.022423133 0.5247261
vn -0.8509758 -0.022423133 0.5247261
vn -0.84219295 -0.022507694 0.5387063
vn -0.84219295 -0.022507694 0.5387063
vn -0.8279407 -0.06239815 0.5573335
vn -0.8213781 -0.06386254 0.56679773
vn -0.8213781 -0.06386254 0.56679773
vn -0.8279407 -0.06239815 0.5573335
vn -0.8279407 -0.06239815 0.5573335
vn -0.8279407 -0.06239815 0.5573335
vn -0.8481956 -0.02129998 0.52925473
vn -0.8481956 -0.02129998 0.52925473
vn -0.85671467 -0.021951308 0.51532346
vn -0.75355023 -0.02785763 -0.65679985
vn -0.75355023 -0.02785763 -0.65679985
vn -0.75355023 -0.02785763 -0.65679985
vn -0.75355023 -0.02785763 -0.65679985
vn -0.75725627 -0.025175916 -0.6526325
vn -0.75725627 -0.025175916 -0.6526325
vn -0.7498366 -0.02815121 -0.661024
vn -0.7498366 -0.02815121 -0.661024
vn -0.7469598 -0.026694156 -0.66433316
vn -0.7469598 -0.026694156 -0.66433316
vn -0.7613109 0.02727284 -0.6478133
vn -0.7613109 0.02727284 -0.6478133
vn -0.7613109 0.02727284 -0.6478133
vn -0.7613109 0.02727284 -0.6478133
vn -0.74629855 -0.018681148 -0.66534907
vn -0.74629855 -0.018681148 -0.66534907
vn -0.74629855 -0.018681148 -0.66534907
vn -0.74629855 -0.018681148 -0.66534907
vn -0.7477975 -0.017798731 -0.66368836
vn -0.7477975 -0.017798731 -0.66368836
vn -0.75003785 -0.055073902 -0.6590979
vn -0.75003785 -0.055073902 -0.6590979
vn -0.75003785 -0.055073902 -0.6590979
vn -0.75003785 -0.055073902 -0.6590979
vn -0.6248694 -0.02315509 -0.7803858
vn -0.6248694 -0.02315509 -0.7803858
vn -0.6248694 -0.02315509 -0.7803858
vn -0.6248694 -0.02315509 -0.7803858
vn -0.6249011 -0.020834304 -0.78042585
vn -0.6249011 -0.020834304 -0.78042585
vn -0.6248641 -0.023506293 -0.7803796
vn -0.6248641 -0.023506293 -0.7803796
vn -0.6248804 -0.02236467 -0.78040016
vn -0.6248804 -0.02236467 -0.78040016
vn -0.62488115 0.022327071 -0.7804006
vn -0.62488115 0.022327071 -0.7804006
vn -0.62488115 0.022327071 -0.7804006
vn -0.62488115 0.022327071 -0.7804006
vn -0.61858255 0.022101674 -0.7854089
vn -0.61858255 0.022101674 -0.7854089
vn -0.61868733 -0.012186124 -0.7855428
vn -0.62496066 -0.015615444 -0.78050005
vn -0.6186592 -0.015458025 -0.7855073
vn -0.6186592 -0.015458025 -0.7855073
vn -0.6186669 -0.01466279 -0.7855165
vn -0.6186669 -0.01466279 -0.7855165
vn -0.6186669 -0.01466279 -0.7855165
vn -0.6186669 -0.01466279 -0.7855165
vn -0.6186066 -0.020240715 -0.78544
vn -0.6186066 -0.020240715 -0.78544
vn -0.62496066 -0.015615444 -0.78050005
vn -0.6249684 -0.0148121575 -0.78050953
vn -0.62438166 -0.04575401 -0.7797782
vn -0.62438166 -0.04575401 -0.7797782
vn -0.62438166 -0.04575401 -0.7797782
vn -0.61809814 -0.045293324 -0.784795
vn -0.6186278 -0.018459234 -0.7854673
vn -0.6185657 -0.023269389 -0.78538847
vn -0.6185657 -0.023269389 -0.78538847
vn -0.6185706 -0.022921713 -0.7853948
vn -0.6824146 -0.016300496 -0.7307835
vn -0.6824146 -0.016300496 -0.7307835
vn -0.6824146 -0.016300496 -0.7307835
vn -0.6824146 -0.016300496 -0.7307835
vn -0.6815107 -0.022457145 -0.73146355
vn -0.6815107 -0.022457145 -0.73146355
vn -0.6833035 -0.017164253 -0.72993267
vn -0.6833035 -0.017164253 -0.72993267
vn -0.6840861 -0.020469435 -0.729114
vn -0.6840861 -0.020469435 -0.729114
vn -0.6849411 -0.025778582 -0.72814226
vn -0.6849411 -0.025778582 -0.72814226
vn -0.6849411 -0.025778582 -0.72814226
vn -0.6849411 -0.025778582 -0.72814226
vn -0.68509793 -0.02539128 -0.7280083
vn -0.68509793 -0.02539128 -0.7280083
vn -0.6852947 -0.0134981815 -0.7281407
vn -0.6852947 -0.0134981815 -0.7281407
vn -0.6851127 0.024505977 -0.7280248
vn -0.6851127 0.024505977 -0.7280248
vn -0.6851127 0.024505977 -0.7280248
vn -0.6851127 0.024505977 -0.7280248
vn -0.80066156 -0.020538397 -0.5987648
vn -0.80066156 -0.020538397 -0.5987648
vn -0.80066156 -0.020538397 -0.5987648
vn -0.80066156 -0.020538397 -0.5987648
vn -0.8029631 -0.024294244 -0.59553355
vn -0.8029631 -0.024294244 -0.59553355
vn -0.79809314 -0.019657312 -0.6022133
vn -0.79809314 -0.019657312 -0.6022133
vn -0.7955926 -0.026954763 -0.60523224
vn -0.7955926 -0.026954763 -0.60523224
vn -0.8055223 -0.030374764 -0.5917863
vn -0.8055223 -0.030374764 -0.5917863
vn -0.805965 -0.029891254 -0.5912079
vn -0.805965 -0.029891254 -0.5912079
vn -0.805965 -0.029891254 -0.5912079
vn -0.805965 -0.029891254 -0.5912079
vn -0.80633146 -0.015882147 -0.5912507
vn -0.80633146 -0.015882147 -0.5912507
vn -0.8059872 0.028955288 -0.59122443
vn -0.8059872 0.028955288 -0.59122443
vn -0.8059872 0.028955288 -0.59122443
vn -0.8059872 0.028955288 -0.59122443
vn -0.7927773 -0.059013173 -0.60664785
vn -0.7927773 -0.059013173 -0.60664785
vn -0.9542208 -0.02562054 -0.29800382
vn -0.9542208 -0.02562054 -0.29800382
vn -0.9542208 -0.02562054 -0.29800382
vn -0.9542208 -0.02562054 -0.29800382
vn -0.95712095 -0.029676365 -0.28816468
vn -0.95712095 -0.029676365 -0.28816468
vn -0.9508632 -0.025011383 -0.30859953
vn -0.9508632 -0.025011383 -0.30859953
vn -0.9474367 -0.034077406 -0.3181235
vn -0.9474367 -0.034077406 -0.3181235
vn -0.96022475 -0.036363885 -0.27685028
vn -0.96022475 -0.036363885 -0.27685028
vn -0.96076846 -0.03568724 -0.2750458
vn -0.96076846 -0.03568724 -0.2750458
vn -0.96076846 -0.03568724 -0.2750458
vn -0.96076846 -0.03568724 -0.2750458
vn -0.9613383 -0.018935252 -0.27471823
vn -0.9613383 -0.018935252 -0.27471823
vn -0.9613383 -0.018935252 -0.27471823
vn -0.9613383 -0.018935252 -0.27471823
vn -0.9431656 -0.072177336 -0.3243905
vn -0.9431656 -0.072177336 -0.3243905
vn 0.88002616 0.001337232 -0.4749235
vn 0.88002616 0.001337232 -0.4749235
vn 0.88002616 0.001337232 -0.4749235
vn 0.88002616 0.001337232 -0.4749235
vn 0.82569754 0.0020741795 -0.5641093
vn 0.82569754 0.0020741795 -0.5641093
vn 0.82569754 0.0020741795 -0.5641093
vn 0.82569754 0.0020741795 -0.5641093
vn 0.8440431 0.0076737897 -0.5362204
vn 0.8190931 0.003488716 -0.57364994
vn 0.7960336 0.003759444 -0.60524064
vn 0.7960336 0.003759444 -0.60524064
vn 0.7960336 0.003759444 -0.60524064
vn 0.7960336 0.003759444 -0.60524064
vn 0.76907456 0.0071768938 -0.6391187
vn 0.76907456 0.0071768938 -0.6391187
vn 0.7390413 0.057942417 -0.6711637
vn 0.7390413 0.057942417 -0.6711637
vn 0.7390413 0.057942417 -0.6711637
vn 0.7390413 0.057942417 -0.6711637
vn 0.7306602 0.058669366 -0.68021584
vn 0.7306602 0.058669366 -0.68021584
vn 0.74146825 0.018439954 -0.6707345
vn 0.78871584 0.005178107 -0.6147361
vn 0.78871584 0.005178107 -0.6147361
vn 0.76120037 0.008545266 -0.6484604
vn 0.9045069 0.0004454876 -0.4264588
vn 0.9045069 0.0004454876 -0.4264588
vn 0.9045069 0.0004454876 -0.4264588
vn 0.9045069 0.0004454876 -0.4264588
vn 0.9295378 -0.0014327867 -0.36872408
vn 0.9295378 -0.0014327867 -0.36872408
vn 0.93285924 -0.006957643 -0.36017373
vn 0.93285924 -0.006957643 -0.36017373
vn 0.93285924 -0.006957643 -0.36017373
vn 0.93285924 -0.006957643 -0.36017373
vn 0.9384948 -0.021422733 -0.34462819
vn 0.9384948 -0.021422733 -0.34462819
vn 0.85275775 0.0011760123 -0.5223052
vn 0.85275775 0.0011760123 -0.5223052
vn 0.85275775 0.0011760123 -0.5223052
vn 0.85275775 0.0011760123 -0.5223052
vn 0.84690154 0.0025027366 -0.53174376
vn 0.84690154 0.0025027366 -0.53174376
vn 0.8778756 -0.00026648433 -0.47888863
vn 0.8778756 -0.00026648433 -0.47888863
vn 0.8778756 -0.00026648433 -0.47888863
vn 0.8778756 -0.00026648433 -0.47888863
vn 0.8827037 -0.0061024795 -0.4698903
vn 0.8827037 -0.0061024795 -0.4698903
vn 0.8872334 -0.056226414 -0.4578817
vn 0.88254195 -0.055929154 -0.46689576
vn 0.88254195 -0.055929154 -0.46689576
vn 0.8872334 -0.056226414 -0.4578817
vn 0.8872334 -0.056226414 -0.4578817
vn 0.8872334 -0.056226414 -0.4578817
vn 0.887456 -0.006469074 -0.460847
vn 0.887456 -0.006469074 -0.460847
vn 0.8827877 -0.0009809163 -0.46977103
vn 0.85262704 0.0031380567 -0.5225105
vn 0.85262704 0.0031380567 -0.5225105
vn 0.85262704 0.0031380567 -0.5225105
vn 0.85262704 0.0031380567 -0.5225105
vn 0.8329126 0.0068945624 -0.55336154
vn 0.8329126 0.0068945624 -0.55336154
vn 0.8462314 0.018538954 -0.532493
vn 0.8462314 0.018538954 -0.532493
vn 0.9759578 0.0031333906 0.2179371
vn 0.9759578 0.0031333906 0.2179371
vn 0.9759578 0.0031333906 0.2179371
vn 0.9759578 0.0031333906 0.2179371
vn 0.10613803 0.00042623788 0.99435127
vn 0.10613803 0.00042623788 0.99435127
vn 0.10613803 0.00042623788 0.99435127
vn 0.10613803 0.00042623788 0.99435127
vn 0.09458066 0.0008421783 0.99551684
vn 0.09458066 0.0008421783 0.99551684
vn 0.10930755 0.00012604299 0.99400795
vn 0.10930755 0.00012604299 0.99400795
vn 0.10957038 0 0.993979
vn 0.10957038 0 0.993979
vn 0.10936951 -0.00022968678 0.9940011
vn 0.10936951 -0.00022968678 0.9940011
vn 0.10936951 -0.00022968678 0.9940011
vn 0.10936951 -0.00022968678 0.9940011
vn 0.1066956 -0.0010236339 0.9942912
vn 0.1066956 -0.0010236339 0.9942912
vn 0.06599523 -0.003604853 0.99781346
vn 0.06599523 -0.003604853 0.99781346
vn 0.024336012 -0.0040984037 0.9996954
vn 0.024336012 -0.0040984037 0.9996954
vn 0.024336012 -0.0040984037 0.9996954
vn 0.024336012 -0.0040984037 0.9996954
vn 0.01175234 -0.0005090993 0.99993086
vn 0.01175234 -0.0005090993 0.99993086
vn 0.01175234 -0.0005090993 0.99993086
vn 0.01175234 -0.0005090993 0.99993086
vn 0.04073077 -0.0006340591 0.99916995
vn 0.04073077 -0.0006340591 0.99916995
vn -0.024335975 -0.0040983018 0.9996954
vn 0.011074028 -0.000115666946 0.9999387
vn 0.011074028 -0.000115666946 0.9999387
vn 0.0110218935 0 0.9999393
vn 0.0110218935 0 0.9999393
vn 0.011089617 6.3094E-05 0.9999385
vn 0.011089617 6.3094E-05 0.9999385
vn 0.011089617 6.3094E-05 0.9999385
vn 0.011089617 6.3094E-05 0.9999385
vn 0.03974709 7.619041E-05 0.99920976
vn 0.03974709 7.619041E-05 0.99920976
vn 0.039651707 0 0.9992136
vn 0.011888357 0.00021072847 0.9999293
vn 0.011888357 0.00021072847 0.9999293
vn 0.014931087 0.0005188784 0.9998884
vn 0.014931087 0.0005188784 0.9998884
vn 0.040945657 0.00026539704 0.99916136
vn 0.045991573 0.00058830914 0.9989417
vn -0.01188836 0.00021073608 0.9999293
vn -0.01188836 0.00021073608 0.9999293
vn -0.04094565 0.00026539704 0.99916136
vn -0.04094565 0.00026539704 0.99916136
vn -0.014931094 0.0005188731 0.9998884
vn -0.04599156 0.0005882747 0.9989417
vn -0.039748784 7.620591E-05 0.99920964
vn -0.011089617 6.310992E-05 0.9999385
vn -0.0110218935 0 0.9999393
vn -0.039653387 0 0.99921346
vn -0.02433624 0.0013786686 0.9997029
vn -0.02433624 0.0013786686 0.9997029
vn -0.06599558 0.0012126392 0.9978192
vn -0.06599558 0.0012126392 0.9978192
vn -0.011074028 -0.00011563777 0.9999387
vn -0.011074028 -0.00011563777 0.9999387
vn -0.039724335 -0.00013879777 0.9992107
vn -0.039724335 -0.00013879777 0.9992107
vn -0.01175234 -0.000509081 0.99993086
vn -0.024335975 -0.0040983018 0.9996954
vn -0.024335975 -0.0040983018 0.9996954
vn -0.024335975 -0.0040983018 0.9996954
vn -0.065995365 -0.0036048482 0.99781346
vn -0.065995365 -0.0036048482 0.99781346
vn -0.10669243 -0.0010236347 0.99429154
vn -0.10669243 -0.0010236347 0.99429154
vn -0.10669243 -0.0010236347 0.99429154
vn -0.10669243 -0.0010236347 0.99429154
vn -0.10936956 -0.00022974523 0.9940011
vn -0.10936956 -0.00022974523 0.9940011
vn -0.10956761 0 0.99397933
vn -0.10956761 0 0.99397933
vn -0.10930755 0.00012601094 0.99400795
vn -0.10930755 0.00012601094 0.99400795
vn -0.10930755 0.00012601094 0.99400795
vn -0.10930755 0.00012601094 0.99400795
vn -0.106141165 0.00042623805 0.9943509
vn -0.106141165 0.00042623805 0.9943509
vn -0.09458063 0.00084217824 0.99551684
vn 0.9598249 0.0075392094 0.28049806
vn 0.9598249 0.0075392094 0.28049806
vn 0.9598249 0.0075392094 0.28049806
vn 0.9598249 0.0075392094 0.28049806
vn 0.962425 0.0010087701 0.27154586
vn 0.962425 0.0010087701 0.27154586
vn 0.962425 0.0010087701 0.27154586
vn 0.962425 0.0010087701 0.27154586
vn 0.9447785 9.304545E-05 0.3277096
vn 0.9447785 9.304545E-05 0.3277096
vn 0.9447785 9.304545E-05 0.3277096
vn 0.9447785 9.304545E-05 0.3277096
vn 0.9275135 -0.0015510243 0.37378657
vn 0.9275135 -0.0015510243 0.37378657
vn 0.9275135 -0.0015510243 0.37378657
vn 0.9275135 -0.0015510243 0.37378657
vn 0.9253851 -0.0069222776 0.37896505
vn 0.9253851 -0.0069222776 0.37896505
vn -0.65979475 -0.15008295 0.7363056
vn -0.65979475 -0.15008295 0.7363056
vn -0.65979475 -0.15008295 0.7363056
vn -0.65979475 -0.15008295 0.7363056
vn -0.87092054 -0.19869362 0.44946447
vn -0.87092054 -0.19869362 0.44946447
vn -0.87092054 -0.19869362 0.44946447
vn -0.87092054 -0.19869362 0.44946447
vn -0.8664821 -0.1976818 0.4584002
vn -0.8664821 -0.1976818 0.4584002
vn -0.8186801 -0.0518098 0.57190794
vn -0.8186801 -0.0518098 0.57190794
vn -0.8186801 -0.0518098 0.57190794
vn -0.8186801 -0.0518098 0.57190794
vn -0.8872329 -0.05622659 0.45788231
vn -0.8872329 -0.05622659 0.45788231
vn -0.8872329 -0.05622659 0.45788231
vn -0.8872329 -0.05622659 0.45788231
vn -0.8825418 -0.055929016 0.46689627
vn -0.8825418 -0.055929016 0.46689627
vn -0.88269657 -0.0073473337 0.469886
vn -0.88269657 -0.0073473337 0.469886
vn -0.88269657 -0.0073473337 0.469886
vn -0.88269657 -0.0073473337 0.469886
vn -0.8778719 -0.002924993 0.47888666
vn -0.8778719 -0.002924993 0.47888666
vn -0.8527583 -0.0011760106 0.5223045
vn -0.8469017 -0.0025026887 0.53174347
vn -0.8469017 -0.0025026887 0.53174347
vn -0.8527583 -0.0011760106 0.5223045
vn -0.8527583 -0.0011760106 0.5223045
vn -0.8527583 -0.0011760106 0.5223045
vn -0.88278574 -0.0022284538 0.46977052
vn -0.88278574 -0.0022284538 0.46977052
vn -0.88745254 -0.0070531694 0.46084505
vn -0.852217 -0.0017497655 0.5231856
vn -0.852217 -0.0017497655 0.5231856
vn -0.852217 -0.0017497655 0.5231856
vn -0.852217 -0.0017497655 0.5231856
vn -0.82262135 -0.00040516607 0.56858945
vn -0.8568734 -0.0066152345 0.51548433
vn -0.8568734 -0.0066152345 0.51548433
vn -0.85128176 -0.019452699 0.52434814
vn -0.85128176 -0.019452699 0.52434814
vn -0.7972295 0.00034082585 0.60367614
vn -0.82262135 -0.00040516607 0.56858945
vn -0.7972295 0.00034082585 0.60367614
vn -0.76924485 0.0019460109 0.6389512
vn -0.76924485 0.0019460109 0.6389512
vn -0.76924485 0.0019460109 0.6389512
vn -0.76924485 0.0019460109 0.6389512
vn -0.7960384 0.0011926802 0.60524493
vn -0.7960384 0.0011926802 0.60524493
vn -0.73845243 0.005233986 0.6742852
vn -0.73845243 0.005233986 0.6742852
vn -0.74972314 0.014739936 0.6615875
vn -0.7887262 -0.0002715092 0.61474454
vn -0.7887262 -0.0002715092 0.61474454
vn -0.74153024 0.013174294 0.67079014
vn -0.7308736 0.05349477 0.68041325
vn -0.73914397 0.055500038 0.67125684
vn -0.73914397 0.055500038 0.67125684
vn -0.73914397 0.055500038 0.67125684
vn -0.73914397 0.055500038 0.67125684
vn -0.7308736 0.05349477 0.68041325
vn -0.76122457 0.0031384388 0.6484808
vn 0.96678025 -0.22002926 0.13008921
vn 0.96678025 -0.22002926 0.13008921
vn 0.96678025 -0.22002926 0.13008921
vn 0.96678025 -0.22002926 0.13008921
vn 0.9600635 -0.06079576 -0.27309677
vn 0.9600635 -0.06079576 -0.27309677
vn 0.9600635 -0.06079576 -0.27309677
vn 0.9600635 -0.06079576 -0.27309677
vn 0.8709216 -0.19869474 -0.44946188
vn 0.8709216 -0.19869474 -0.44946188
vn 0.8709216 -0.19869474 -0.44946188
vn 0.8709216 -0.19869474 -0.44946188
vn 0.86648166 -0.19768095 -0.45840132
vn 0.86648166 -0.19768095 -0.45840132
vn 0.22464685 -0.04997493 0.9731578
vn 0.22464685 -0.04997493 0.9731578
vn 0.22464685 -0.04997493 0.9731578
vn 0.22464685 -0.04997493 0.9731578
vn 0.64369655 -0.040420238 0.76421267
vn 0.64369655 -0.040420238 0.76421267
vn 0.64369655 -0.040420238 0.76421267
vn 0.64369655 -0.040420238 0.76421267
vn -0.18978533 -0.042115275 0.9809219
vn -0.18978533 -0.042115275 0.9809219
vn -0.18978533 -0.042115275 0.9809219
vn -0.18978533 -0.042115275 0.9809219
vn -0.4397806 -0.027532998 0.8976831
vn -0.4397806 -0.027532998 0.8976831
vn -0.4397806 -0.027532998 0.8976831
vn -0.4397806 -0.027532998 0.8976831
vn 0.9710641 0.0749415 -0.22675593
vn 0.9710641 0.0749415 -0.22675593
vn 0.9710641 0.0749415 -0.22675593
vn 0.9710641 0.0749415 -0.22675593
vn -0.55830926 0.042377196 0.8285499
vn -0.55830926 0.042377196 0.8285499
vn -0.55830926 0.042377196 0.8285499
vn -0.55830926 0.042377196 0.8285499
vn -0.55830926 0.042377196 0.8285499
vn -0.55830926 0.042377196 0.8285499
vn -0.69187117 0.014309596 0.7218792
vn -0.69187117 0.014309596 0.7218792
vn -0.69187117 0.014309596 0.7218792
vn -0.69187117 0.014309596 0.7218792
vn -0.69187117 0.014309596 0.7218792
vn -0.69187117 0.014309596 0.7218792
vn -0.74972314 0.014739936 0.6615875
vn -0.74972314 0.014739936 0.6615875
vn -0.74972314 0.014739936 0.6615875
vn -0.1795438 0.013367242 0.98365915
vn -0.1795438 0.013367242 0.98365915
vn -0.1795438 0.013367242 0.98365915
vn -0.1795438 0.013367242 0.98365915
vn -0.39332083 0.008224258 0.9193645
vn -0.39332083 0.008224258 0.9193645
vn -0.39332083 0.008224258 0.9193645
vn -0.39332083 0.008224258 0.9193645
vn -0.39332083 0.008224258 0.9193645
vn -0.39332083 0.008224258 0.9193645
vn 0.2412561 0.018101202 0.9702927
vn 0.2412561 0.018101202 0.9702927
vn 0.2412561 0.018101202 0.9702927
vn 0.2412561 0.018101202 0.9702927
vn 0.74653447 0.015881145 0.6651572
vn 0.74653447 0.015881145 0.6651572
vn 0.74653447 0.015881145 0.6651572
vn 0.74653447 0.015881145 0.6651572
vn 0.024336245 0.001378634 0.9997029
vn 0.024336245 0.001378634 0.9997029
vn 0.06599554 0.0012126392 0.9978192
vn 0.7585537 0.08925578 0.6454686
vn 0.7585537 0.08925578 0.6454686
vn 0.7585537 0.08925578 0.6454686
vn 0.7585537 0.08925578 0.6454686
vn 0.75937706 0.047262665 0.648932
vn 0.75937706 0.047262665 0.648932
vn 0.7534432 0.03254084 0.6567072
vn 0.7534432 0.03254084 0.6567072
vn 0.74980456 0.029624557 0.6609958
vn 0.74980456 0.029624557 0.6609958
vn 0.74980456 0.029624557 0.6609958
vn 0.74980456 0.029624557 0.6609958
vn 0.74696004 0.026694201 0.66433275
vn 0.74696004 0.026694201 0.66433275
vn 0.74633336 0.015968837 0.66538066
vn 0.74633336 0.015968837 0.66538066
vn 0.74790025 0.006405407 0.66378015
vn 0.74790025 0.006405407 0.66378015
vn 0.74790025 0.006405407 0.66378015
vn 0.74790025 0.006405407 0.66378015
vn 0.7505766 -0.040019266 0.6595705
vn 0.7505766 -0.040019266 0.6595705
vn 0.7505766 -0.040019266 0.6595705
vn 0.7505766 -0.040019266 0.6595705
vn 0.6233509 0.07340536 0.77848905
vn 0.6233509 0.07340536 0.77848905
vn 0.6233509 0.07340536 0.77848905
vn 0.6233509 0.07340536 0.77848905
vn 0.6245629 0.038930576 0.78000355
vn 0.6245629 0.038930576 0.78000355
vn 0.62480825 0.027039783 0.7803099
vn 0.62480825 0.027039783 0.7803099
vn 0.62484586 0.024734298 0.7803562
vn 0.62484586 0.024734298 0.7803562
vn 0.62484586 0.024734298 0.7803562
vn 0.62484586 0.024734298 0.7803562
vn 0.6248805 0.022364674 0.7803999
vn 0.6248805 0.022364674 0.7803999
vn 0.62498105 0.013343848 0.78052586
vn 0.62498105 0.013343848 0.78052586
vn 0.62502867 0.0052899923 0.7805838
vn 0.62502867 0.0052899923 0.7805838
vn 0.62502867 0.0052899923 0.7805838
vn 0.62502867 0.0052899923 0.7805838
vn 0.6246879 -0.03340037 0.78015995
vn 0.6246879 -0.03340037 0.78015995
vn 0.6246879 -0.03340037 0.78015995
vn 0.6246879 -0.03340037 0.78015995
vn 0.6186791 0.013209348 0.7855327
vn 0.6186791 0.013209348 0.7855327
vn 0.61862785 0.018459259 0.78546727
vn 0.61872476 0.005236588 0.7855904
vn 0.61871344 -0.007986641 0.7855761
vn 0.61839473 -0.033063717 0.78517187
vn 0.61854786 0.024485014 0.78536564
vn 0.6185116 0.026767274 0.78531957
vn 0.6185116 0.026767274 0.78531957
vn 0.6182738 0.03853863 0.7850174
vn 0.6170978 0.072668836 0.7835238
vn 0.6170978 0.072668836 0.7835238
vn -0.990437 0.03585386 0.13322584
vn -0.990437 0.03585386 0.13322584
vn -0.990437 0.03585386 0.13322584
vn -0.990437 0.03585386 0.13322584
vn 0.98444515 0.11546488 -0.13242213
vn 0.98444515 0.11546488 -0.13242213
vn 0.98444515 0.11546488 -0.13242213
vn 0.98444515 0.11546488 -0.13242213
vn 0.99086213 0.06129726 -0.12014573
vn 0.99086213 0.06129726 -0.12014573
vn 0.99086213 0.06129726 -0.12014573
vn 0.99086213 0.06129726 -0.12014573
vn 0.9973435 0.042726338 -0.058994617
vn 0.9973435 0.042726338 -0.058994617
vn 0.9973435 0.042726338 -0.058994617
vn 0.9973435 0.042726338 -0.058994617
vn 0.9989705 0.039168652 -0.022884475
vn 0.9989705 0.039168652 -0.022884475
vn 0.99935395 0.035501607 0.005593951
vn 0.99935395 0.035501607 0.005593951
vn 0.9996772 0.021571249 0.013421073
vn 0.9996772 0.021571249 0.013421073
vn 0.9996772 0.021571249 0.013421073
vn 0.9996772 0.021571249 0.013421073
vn 0.9999591 0.008967263 -0.0011723477
vn 0.9999591 0.008967263 -0.0011723477
vn 0.9980672 -0.05262015 -0.033061385
vn 0.9980672 -0.05262015 -0.033061385
vn 0.9980672 -0.05262015 -0.033061385
vn 0.9980672 -0.05262015 -0.033061385
vn 0.7667123 0.08927878 -0.6357527
vn 0.7667123 0.08927878 -0.6357527
vn 0.7667123 0.08927878 -0.6357527
vn 0.7667123 0.08927878 -0.6357527
vn 0.77665275 0.047389027 -0.62814385
vn 0.77665275 0.047389027 -0.62814385
vn 0.81367147 0.034218214 -0.580317
vn 0.81367147 0.034218214 -0.580317
vn 0.81367147 0.034218214 -0.580317
vn 0.81367147 0.034218214 -0.580317
vn 0.8351631 0.032181375 -0.5490601
vn 0.8351631 0.032181375 -0.5490601
vn 0.8519724 0.029858287 -0.5227347
vn 0.8519724 0.029858287 -0.5227347
vn 0.8288596 0.03094229 -0.55860025
vn 0.8288596 0.03094229 -0.55860025
vn 0.84613186 0.028934 -0.5321877
vn 0.80682254 0.032802597 -0.58988255
vn 0.7852205 0.036018014 -0.6181678
vn 0.7590287 0.08724295 -0.6451854
vn 0.7590287 0.08724295 -0.6451854
vn 0.8510307 0.019330647 -0.52476007
vn 0.8510307 0.019330647 -0.52476007
vn 0.842367 0.009677081 -0.5388174
vn 0.842367 0.009677081 -0.5388174
vn 0.842367 0.009677081 -0.5388174
vn 0.842367 0.009677081 -0.5388174
vn 0.8288049 -0.042584244 -0.55791485
vn 0.8223894 -0.040293004 -0.5674964
vn 0.8223894 -0.040293004 -0.5674964
vn 0.8288049 -0.042584244 -0.55791485
vn 0.8288049 -0.042584244 -0.55791485
vn 0.8288049 -0.042584244 -0.55791485
vn 0.85676914 0.01883796 -0.5153559
vn 0.85676914 0.01883796 -0.5153559
vn 0.8483585 0.008377571 -0.5293559
vn 0.886223 0.07594121 -0.4569921
vn 0.886223 0.07594121 -0.4569921
vn 0.886223 0.07594121 -0.4569921
vn 0.886223 0.07594121 -0.4569921
vn 0.9862942 0.08699495 -0.14019795
vn 0.9862942 0.08699495 -0.14019795
vn 0.9862942 0.08699495 -0.14019795
vn 0.9862942 0.08699495 -0.14019795
vn 0.8959652 0.02711568 -0.44329554
vn 0.8959652 0.02711568 -0.44329554
vn 0.8959652 0.02711568 -0.44329554
vn 0.8959652 0.02711568 -0.44329554
vn 0.9107974 0.015138217 -0.41257587
vn 0.9107974 0.015138217 -0.41257587
vn 0.9915941 0.032501534 -0.12523916
vn 0.9915941 0.032501534 -0.12523916
vn 0.9915941 0.032501534 -0.12523916
vn 0.9915941 0.032501534 -0.12523916
vn 0.998618 0.014278722 -0.050579872
vn 0.998618 0.014278722 -0.050579872
vn 0.998618 0.014278722 -0.050579872
vn 0.998618 0.014278722 -0.050579872
vn -0.88718045 0.06014917 0.45748547
vn -0.88718045 0.06014917 0.45748547
vn -0.88718045 0.06014917 0.45748547
vn -0.88718045 0.06014917 0.45748547
vn -0.8962396 0.011087881 0.44343185
vn -0.8962396 0.011087881 0.44343185
vn -0.8962396 0.011087881 0.44343185
vn -0.8962396 0.011087881 0.44343185
vn -0.9109011 -0.0011585945 0.41262287
vn -0.9109011 -0.0011585945 0.41262287
vn -0.98798615 0.06450113 0.14043882
vn -0.98798615 0.06450113 0.14043882
vn -0.98798615 0.06450113 0.14043882
vn -0.98798615 0.06450113 0.14043882
vn -0.99207073 0.009780583 0.12529923
vn -0.99207073 0.009780583 0.12529923
vn -0.99207073 0.009780583 0.12529923
vn -0.99207073 0.009780583 0.12529923
vn -0.9986872 -0.008066894 0.050583456
vn -0.9986872 -0.008066894 0.050583456
vn -0.9986872 -0.008066894 0.050583456
vn -0.9986872 -0.008066894 0.050583456
vn -0.7890044 0.05570272 0.6118572
vn -0.7890044 0.05570272 0.6118572
vn -0.7890044 0.05570272 0.6118572
vn -0.7890044 0.05570272 0.6118572
vn -0.79951346 0.012130232 0.60052574
vn -0.79951346 0.012130232 0.60052574
vn -0.84406585 -0.0024230955 0.5362342
vn -0.84406585 -0.0024230955 0.5362342
vn -0.84406585 -0.0024230955 0.5362342
vn -0.8190968 -0.0018780741 0.57365227
vn -0.8256995 -0.00045049796 0.5641101
vn -0.8256995 -0.00045049796 0.5641101
vn -0.8256995 -0.00045049796 0.5641101
vn -0.8256995 -0.00045049796 0.5641101
vn -0.8190968 -0.0018780741 0.57365227
vn 0.7885417 0.065362446 -0.611498
vn 0.7885417 0.065362446 -0.611498
vn 0.7885417 0.065362446 -0.611498
vn 0.7885417 0.065362446 -0.611498
vn 0.7993795 0.021953972 -0.6004252
vn 0.7993795 0.021953972 -0.6004252
vn 0.8440431 0.0076737897 -0.5362204
vn 0.8440431 0.0076737897 -0.5362204
vn 0.8440431 0.0076737897 -0.5362204
vn -0.7401247 -0.17629607 -0.64894927
vn -0.7401247 -0.17629607 -0.64894927
vn -0.7401247 -0.17629607 -0.64894927
vn -0.7401247 -0.17629607 -0.64894927
vn -0.61823326 -0.1471684 -0.77209395
vn -0.61823326 -0.1471684 -0.77209395
vn -0.61823326 -0.1471684 -0.77209395
vn -0.61823326 -0.1471684 -0.77209395
vn -0.6121281 -0.1457164 -0.7772168
vn -0.6121281 -0.1457164 -0.7772168
vn 0.74199146 -0.16182029 0.65058655
vn 0.74199146 -0.16182029 0.65058655
vn 0.74199146 -0.16182029 0.65058655
vn 0.74199146 -0.16182029 0.65058655
vn 0.61930054 -0.13515499 0.77343386
vn 0.61930054 -0.13515499 0.77343386
vn 0.61930054 -0.13515499 0.77343386
vn 0.61930054 -0.13515499 0.77343386
vn 0.6131691 -0.13381624 0.7785351
vn 0.6131691 -0.13381624 0.7785351
vn 0.9764032 -0.21235895 -0.03924958
vn 0.9764032 -0.21235895 -0.03924958
vn 0.9764032 -0.21235895 -0.03924958
vn 0.9764032 -0.21235895 -0.03924958
vn 0.8125407 -0.1756304 -0.555816
vn 0.8125407 -0.1756304 -0.555816
vn 0.8125407 -0.1756304 -0.555816
vn 0.8125407 -0.1756304 -0.555816
vn 0.80650187 -0.17240243 -0.56553715
vn 0.80650187 -0.17240243 -0.56553715
vn -0.97191024 -0.2320862 0.039071742
vn -0.97191024 -0.2320862 0.039071742
vn -0.97191024 -0.2320862 0.039071742
vn -0.97191024 -0.2320862 0.039071742
vn -0.80962235 -0.194418 0.553817
vn -0.80962235 -0.194418 0.553817
vn -0.80962235 -0.194418 0.553817
vn -0.80962235 -0.194418 0.553817
vn -0.80308205 -0.19476323 0.5631399
vn -0.80308205 -0.19476323 0.5631399
vn -0.9614118 -0.21985935 0.16537638
vn -0.9614118 -0.21985935 0.16537638
vn -0.9614118 -0.21985935 0.16537638
vn -0.9614118 -0.21985935 0.16537638
vn -0.96484303 -0.22158335 -0.1413461
vn -0.96484303 -0.22158335 -0.1413461
vn -0.96484303 -0.22158335 -0.1413461
vn -0.96484303 -0.22158335 -0.1413461
vn -0.9833068 -0.06284696 0.17075713
vn -0.9833068 -0.06284696 0.17075713
vn -0.9833068 -0.06284696 0.17075713
vn -0.9833068 -0.06284696 0.17075713
vn -0.983433 -0.009665571 0.1810137
vn -0.983433 -0.009665571 0.1810137
vn -0.9806707 -0.005827382 0.19557852
vn -0.9806707 -0.005827382 0.19557852
vn -0.9806707 -0.005827382 0.19557852
vn -0.9806707 -0.005827382 0.19557852
vn -0.96478915 -0.0072694896 0.262924
vn -0.96478915 -0.0072694896 0.262924
vn -0.96478915 -0.0072694896 0.262924
vn -0.96478915 -0.0072694896 0.262924
vn -0.9878363 -0.06409835 -0.14167146
vn -0.9878363 -0.06409835 -0.14167146
vn -0.9878363 -0.06409835 -0.14167146
vn -0.9878363 -0.06409835 -0.14167146
vn -0.9919968 -0.011018831 -0.1257803
vn -0.9919968 -0.011018831 -0.1257803
vn -0.9940164 -0.0075268378 -0.10897061
vn -0.9940164 -0.0075268378 -0.10897061
vn -0.9940164 -0.0075268378 -0.10897061
vn -0.9940164 -0.0075268378 -0.10897061
vn -0.9989201 -0.009778536 -0.04542064
vn -0.9989201 -0.009778536 -0.04542064
vn -0.9999517 -0.009704047 0.0015722923
vn -0.9999517 -0.009704047 0.0015722923
vn -0.9999517 -0.009704047 0.0015722923
vn -0.9999517 -0.009704047 0.0015722923
vn 0.9616309 -0.21886973 -0.16541505
vn 0.9616309 -0.21886973 -0.16541505
vn 0.9616309 -0.21886973 -0.16541505
vn 0.9616309 -0.21886973 -0.16541505
vn 0.9833719 -0.06178703 -0.17076857
vn 0.9833719 -0.06178703 -0.17076857
vn 0.9833719 -0.06178703 -0.17076857
vn 0.9833719 -0.06178703 -0.17076857
vn 0.9834651 -0.005319325 -0.18101962
vn 0.9834651 -0.005319325 -0.18101962
vn 0.9834651 -0.005319325 -0.18101962
vn 0.9834651 -0.005319325 -0.18101962
vn 0.9806849 0.0022622347 -0.19558108
vn 0.9806849 0.0022622347 -0.19558108
vn 0.9647892 0.00726948 -0.26292393
vn 0.9647892 0.00726948 -0.26292393
vn 0.9647892 0.00726948 -0.26292393
vn 0.9647892 0.00726948 -0.26292393
vn 0.96546423 -0.21880102 0.1414384
vn 0.96546423 -0.21880102 0.1414384
vn 0.96546423 -0.21880102 0.1414384
vn 0.96546423 -0.21880102 0.1414384
vn 0.9880215 -0.061117146 0.1416978
vn 0.9880215 -0.061117146 0.1416978
vn 0.9880215 -0.061117146 0.1416978
vn 0.9880215 -0.061117146 0.1416978
vn 0.9920488 -0.0040965844 0.1257871
vn 0.9920488 -0.0040965844 0.1257871
vn 0.9920488 -0.0040965844 0.1257871
vn 0.9920488 -0.0040965844 0.1257871
vn 0.99403703 0.003913232 0.108972825
vn 0.99403703 0.003913232 0.108972825
vn 0.9989201 0.009778535 0.045420647
vn 0.9989201 0.009778535 0.045420647
vn 0.99993074 0.011670139 -0.0015724718
vn 0.99993074 0.011670139 -0.0015724718
vn 0.99993074 0.011670139 -0.0015724718
vn 0.99993074 0.011670139 -0.0015724718
vn 0.91003823 -0.20751905 -0.35883996
vn 0.91003823 -0.20751905 -0.35883996
vn 0.91003823 -0.20751905 -0.35883996
vn 0.91003823 -0.20751905 -0.35883996
vn 0.9284825 -0.05874021 -0.36670116
vn 0.9284825 -0.05874021 -0.36670116
vn 0.9284825 -0.05874021 -0.36670116
vn 0.9284825 -0.05874021 -0.36670116
vn 0.9281474 -0.005858163 -0.37216666
vn 0.9281474 -0.005858163 -0.37216666
vn 0.9236068 0.000798521 -0.38334045
vn 0.9236068 0.000798521 -0.38334045
vn 0.9236068 0.000798521 -0.38334045
vn 0.9236068 0.000798521 -0.38334045
vn 0.8964965 0.004600743 -0.443027
vn 0.8964965 0.004600743 -0.443027
vn 0.8964965 0.004600743 -0.443027
vn 0.8964965 0.004600743 -0.443027
vn -0.91 -0.20770857 0.35882723
vn -0.91 -0.20770857 0.35882723
vn -0.91 -0.20770857 0.35882723
vn -0.91 -0.20770857 0.35882723
vn -0.9284718 -0.058940418 0.3666962
vn -0.9284718 -0.058940418 0.3666962
vn -0.9284718 -0.058940418 0.3666962
vn -0.9284718 -0.058940418 0.3666962
vn -0.92813146 -0.00828409 0.3721603
vn -0.92813146 -0.00828409 0.3721603
vn -0.92813146 -0.00828409 0.3721603
vn -0.92813146 -0.00828409 0.3721603
vn -0.9235992 -0.0041561928 0.38333714
vn -0.9235992 -0.0041561928 0.38333714
vn -0.89649636 -0.0046007326 0.4430273
vn -0.89649636 -0.0046007326 0.4430273
vn -0.89649636 -0.0046007326 0.4430273
vn -0.89649636 -0.0046007326 0.4430273
vn 0.94907594 0.008805096 -0.31492418
vn 0.94907594 0.008805096 -0.31492418
vn 0.94907594 0.008805096 -0.31492418
vn 0.94907594 0.008805096 -0.31492418
vn 0.92991304 0.010998686 -0.36761495
vn 0.92991304 0.010998686 -0.36761495
vn 0.92991304 0.010998686 -0.36761495
vn 0.92991304 0.010998686 -0.36761495
vn 0.8717885 0.0058067585 -0.48984796
vn 0.8717885 0.0058067585 -0.48984796
vn 0.8717885 0.0058067585 -0.48984796
vn 0.8717885 0.0058067585 -0.48984796
vn -0.58432597 0.0004928631 0.81151885
vn -0.58432597 0.0004928631 0.81151885
vn -0.58432597 0.0004928631 0.81151885
vn -0.58432597 0.0004928631 0.81151885
vn -0.5989758 -5.9036247E-05 0.8007672
vn -0.5989758 -5.9036247E-05 0.8007672
vn -0.5634428 0.0017082515 0.82615334
vn -0.5634428 0.0017082515 0.82615334
vn -0.61995506 -0.0011157708 0.78463644
vn -0.6212618 -0.00474618 0.7835887
vn -0.61995506 -0.0011157708 0.78463644
vn -0.6212618 -0.00474618 0.7835887
vn -0.6212618 -0.00474618 0.7835887
vn -0.6212618 -0.00474618 0.7835887
vn -0.5147319 0.0039422233 0.8573422
vn -0.5147319 0.0039422233 0.8573422
vn -0.5147319 0.0039422233 0.8573422
vn -0.5147319 0.0039422233 0.8573422
vn -0.9439629 -0.029936982 0.32869115
vn -0.9439629 -0.029936982 0.32869115
vn -0.9439629 -0.029936982 0.32869115
vn -0.9439629 -0.029936982 0.32869115
vn -0.955727 -0.0301583 0.2927054
vn -0.955727 -0.0301583 0.2927054
vn -0.92807865 -0.028048974 0.3713263
vn -0.92807865 -0.028048974 0.3713263
vn -0.9114968 -0.023701923 0.41062373
vn -0.9114968 -0.023701923 0.41062373
vn -0.89867556 -0.011107488 0.43847343
vn -0.89867556 -0.011107488 0.43847343
vn -0.9606004 -0.027132675 0.27660546
vn -0.9606004 -0.027132675 0.27660546
vn -0.9563536 -0.029807158 0.29068762
vn -0.9563536 -0.029807158 0.29068762
vn -0.9563536 -0.029807158 0.29068762
vn -0.9563536 -0.029807158 0.29068762
vn -0.94325805 -0.07962273 0.32237312
vn -0.94325805 -0.07962273 0.32237312
vn -0.94325805 -0.07962273 0.32237312
vn -0.94325805 -0.07962273 0.32237312
vn -0.99800915 -0.029651297 0.055664532
vn -0.99800915 -0.029651297 0.055664532
vn -0.99800915 -0.029651297 0.055664532
vn -0.99800915 -0.029651297 0.055664532
vn -0.9994062 -0.03001697 0.01691938
vn -0.9994062 -0.03001697 0.01691938
vn -0.99440444 -0.027793536 0.101918355
vn -0.99440444 -0.027793536 0.101918355
vn -0.98905504 -0.023326663 0.14569145
vn -0.98905504 -0.023326663 0.14569145
vn -0.9840612 -0.009782889 0.17756073
vn -0.9840612 -0.009782889 0.17756073
vn -0.9995617 -0.02888166 -0.0065004043
vn -0.9995617 -0.02888166 -0.0065004043
vn -0.99945 -0.033016082 0.0031090474
vn -0.99945 -0.033016082 0.0031090474
vn -0.99945 -0.033016082 0.0031090474
vn -0.99945 -0.033016082 0.0031090474
vn -0.99578106 -0.08697248 0.029254124
vn -0.99578106 -0.08697248 0.029254124
vn -0.99578106 -0.08697248 0.029254124
vn -0.99578106 -0.08697248 0.029254124
vn -0.8544557 -0.027748441 0.5187826
vn -0.8544557 -0.027748441 0.5187826
vn -0.8544557 -0.027748441 0.5187826
vn -0.8544557 -0.027748441 0.5187826
vn -0.87518024 -0.029470045 0.4828986
vn -0.87518024 -0.029470045 0.4828986
vn -0.891248 -0.029399749 0.4525624
vn -0.891248 -0.029399749 0.4525624
vn -0.89661914 -0.024487361 0.4421251
vn -0.89661914 -0.024487361 0.4421251
vn -0.89661914 -0.024487361 0.4421251
vn -0.89661914 -0.024487361 0.4421251
vn -0.88926715 -0.025703415 0.45666543
vn -0.88926715 -0.025703415 0.45666543
vn -0.8705897 -0.07051006 0.48693115
vn -0.8705897 -0.07051006 0.48693115
vn -0.8705897 -0.07051006 0.48693115
vn -0.8705897 -0.07051006 0.48693115
vn -0.83387524 -0.023694305 0.5514441
vn -0.83387524 -0.023694305 0.5514441
vn -0.81041443 0.03294772 0.5849298
vn -0.81041443 0.03294772 0.5849298
vn -0.81041443 0.03294772 0.5849298
vn -0.81041443 0.03294772 0.5849298
vn -0.87179595 -0.0040924787 0.48985198
vn -0.87179595 -0.0040924787 0.48985198
vn -0.87179595 -0.0040924787 0.48985198
vn -0.87179595 -0.0040924787 0.48985198
vn -0.92995656 -0.0052139685 0.36763242
vn -0.92995656 -0.0052139685 0.36763242
vn -0.92995656 -0.0052139685 0.36763242
vn -0.92995656 -0.0052139685 0.36763242
vn -0.9490898 -0.006938904 0.3149292
vn -0.9490898 -0.006938904 0.3149292
vn -0.9490898 -0.006938904 0.3149292
vn -0.9490898 -0.006938904 0.3149292
vn -0.82249 -0.010261056 -0.568687
vn -0.82249 -0.010261056 -0.568687
vn -0.82249 -0.010261056 -0.568687
vn -0.82249 -0.010261056 -0.568687
vn -0.81499535 -0.010349849 -0.579375
vn -0.81499535 -0.010349849 -0.579375
vn -0.82884055 -0.008927581 -0.5594138
vn -0.82884055 -0.008927581 -0.5594138
vn -0.8338288 -0.0053668595 -0.551997
vn -0.8338288 -0.0053668595 -0.551997
vn -0.8398444 -0.009558866 -0.542743
vn -0.8398444 -0.009558866 -0.542743
vn -0.84368837 -0.005890961 -0.5368008
vn -0.8346392 -0.011021633 -0.5506867
vn -0.82799995 -0.011296321 -0.5606144
vn -0.84631145 0.052545592 -0.53009033
vn -0.84631145 0.052545592 -0.53009033
vn -0.84631145 0.052545592 -0.53009033
vn -0.84631145 0.052545592 -0.53009033
vn -0.83775234 0.05247164 -0.54352343
vn -0.83775234 0.05247164 -0.54352343
vn -0.8372049 0.0060337973 -0.546856
vn -0.79777026 -0.008860603 -0.6028964
vn -0.81070995 -0.010548143 -0.58535296
vn -0.7893842 -0.011835141 -0.6137854
vn -0.79777026 -0.008860603 -0.6028964
vn -0.7893842 -0.011835141 -0.6137854
vn -0.7893842 -0.011835141 -0.6137854
vn -0.7893842 -0.011835141 -0.6137854
vn -0.7762623 -0.05362278 -0.6281253
vn -0.7870039 -0.056658015 -0.614341
vn -0.7870039 -0.056658015 -0.614341
vn -0.7870039 -0.056658015 -0.614341
vn -0.7870039 -0.056658015 -0.614341
vn -0.7762623 -0.05362278 -0.6281253
vn -0.81070995 -0.010548143 -0.58535296
vn -0.80162984 -0.013977593 -0.5976573
vn -0.90463823 -0.010345146 -0.42605475
vn -0.90463823 -0.010345146 -0.42605475
vn -0.90463823 -0.010345146 -0.42605475
vn -0.90463823 -0.010345146 -0.42605475
vn -0.894251 -0.010302011 -0.44744727
vn -0.894251 -0.010302011 -0.44744727
vn -0.91438687 -0.008968901 -0.4047422
vn -0.91438687 -0.008968901 -0.4047422
vn -0.9225022 -0.005088384 -0.38595825
vn -0.9225022 -0.005088384 -0.38595825
vn -0.92806315 0.007542957 -0.37234628
vn -0.92806315 0.007542957 -0.37234628
vn -0.8755968 -0.008145943 -0.48297396
vn -0.8755968 -0.008145943 -0.48297396
vn -0.86823833 -0.011147202 -0.4960221
vn -0.86823833 -0.011147202 -0.4960221
vn -0.86823833 -0.011147202 -0.4960221
vn -0.86823833 -0.011147202 -0.4960221
vn -0.8573125 -0.057112984 -0.51161844
vn -0.8573125 -0.057112984 -0.51161844
vn -0.8573125 -0.057112984 -0.51161844
vn -0.8573125 -0.057112984 -0.51161844
vn -0.9418552 -0.0113558825 -0.3358272
vn -0.9418552 -0.0113558825 -0.3358272
vn -0.9418552 -0.0113558825 -0.3358272
vn -0.9418552 -0.0113558825 -0.3358272
vn -0.94642025 -0.0071831485 -0.32285786
vn -0.94642025 -0.0071831485 -0.32285786
vn -0.93591803 -0.01310804 -0.35197377
vn -0.93591803 -0.01310804 -0.35197377
vn -0.9287453 -0.013622672 -0.37046787
vn -0.9287453 -0.013622672 -0.37046787
vn -0.9494458 0.0057476256 -0.31387836
vn -0.9494458 0.0057476256 -0.31387836
vn -0.91166896 -0.013715709 -0.41069654
vn -0.91166896 -0.013715709 -0.41069654
vn -0.91166896 -0.013715709 -0.41069654
vn -0.91166896 -0.013715709 -0.41069654
vn -0.9030222 -0.018093314 -0.42921242
vn -0.9030222 -0.018093314 -0.42921242
vn -0.8884595 -0.06671048 -0.45408085
vn -0.8884595 -0.06671048 -0.45408085
vn -0.8884595 -0.06671048 -0.45408085
vn -0.8884595 -0.06671048 -0.45408085
vn -0.915388 -0.015589689 0.4022708
vn -0.915388 -0.015589689 0.4022708
vn -0.915388 -0.015589689 0.4022708
vn -0.915388 -0.015589689 0.4022708
vn -0.929879 -0.01670101 0.36748624
vn -0.929879 -0.01670101 0.36748624
vn -0.9003166 -0.013444589 0.43502784
vn -0.9003166 -0.013444589 0.43502784
vn -0.88673985 -0.009209121 0.4621771
vn -0.88673985 -0.009209121 0.4621771
vn -0.9232136 -0.018516984 0.3838407
vn -0.9072827 -0.017315105 0.42016461
vn -0.89048827 -0.0151055725 0.45475525
vn -0.89048827 -0.0151055725 0.45475525
vn -0.89048827 -0.0151055725 0.45475525
vn -0.86417 0.0010723893 0.50319874
vn -0.8752635 -0.01085548 0.4835245
vn -0.8752635 -0.01085548 0.4835245
vn -0.86417 0.0010723893 0.50319874
vn -0.87684494 0.002856847 0.4807649
vn -0.9513604 -0.01858766 0.307519
vn -0.9513604 -0.01858766 0.307519
vn -0.9581386 -0.024148913 0.2852846
vn -0.9581386 -0.024148913 0.2852846
vn -0.9581386 -0.024148913 0.2852846
vn -0.9581386 -0.024148913 0.2852846
vn -0.96336126 -0.07787881 0.25665125
vn -0.9573722 -0.079779245 0.27762157
vn -0.9573722 -0.079779245 0.27762157
vn -0.9573722 -0.079779245 0.27762157
vn -0.9573722 -0.079779245 0.27762157
vn -0.96336126 -0.07787881 0.25665125
vn -0.945822 -0.020644259 0.32402846
vn -0.945822 -0.020644259 0.32402846
vn -0.95254385 -0.026290847 0.30326408
vn -0.9873704 -0.015064668 0.15771131
vn -0.9873704 -0.015064668 0.15771131
vn -0.9873704 -0.015064668 0.15771131
vn -0.9873704 -0.015064668 0.15771131
vn -0.9923159 -0.015967159 0.12269554
vn -0.9923159 -0.015967159 0.12269554
vn -0.98159355 -0.012970241 0.1905413
vn -0.98159355 -0.012970241 0.1905413
vn -0.9759177 -0.008485301 0.21797413
vn -0.9759177 -0.008485301 0.21797413
vn -0.9714883 0.004807681 0.23703875
vn -0.9714883 0.004807681 0.23703875
vn -0.9981232 -0.017203731 0.05877148
vn -0.9981232 -0.017203731 0.05877148
vn -0.9991935 -0.02264111 0.033161893
vn -0.9991935 -0.02264111 0.033161893
vn -0.9991935 -0.02264111 0.033161893
vn -0.9991935 -0.02264111 0.033161893
vn -0.9969651 -0.0778478 -0.00060910475
vn -0.9969651 -0.0778478 -0.00060910475
vn -0.9969651 -0.0778478 -0.00060910475
vn -0.9969651 -0.0778478 -0.00060910475
vn -0.9636541 -0.01835837 0.26652154
vn -0.9636541 -0.01835837 0.26652154
vn -0.9636541 -0.01835837 0.26652154
vn -0.9636541 -0.01835837 0.26652154
vn -0.9531531 -0.013808175 0.30217293
vn -0.9531531 -0.013808175 0.30217293
vn -0.9742042 -0.020631762 0.22472335
vn -0.9742042 -0.020631762 0.22472335
vn -0.98301965 -0.021784978 0.18220232
vn -0.98301965 -0.021784978 0.18220232
vn -0.9450306 -0.000797001 0.32698083
vn -0.9450306 -0.000797001 0.32698083
vn -0.9929518 -0.023810003 0.11610192
vn -0.9929518 -0.023810003 0.11610192
vn -0.9929518 -0.023810003 0.11610192
vn -0.9929518 -0.023810003 0.11610192
vn -0.9950748 -0.029633185 0.094593294
vn -0.9950748 -0.029633185 0.094593294
vn -0.9939405 -0.08501581 0.06967598
vn -0.9939405 -0.08501581 0.06967598
vn -0.9939405 -0.08501581 0.06967598
vn -0.9939405 -0.08501581 0.06967598
vn -0.8871582 -0.021927765 -0.46094412
vn -0.8871582 -0.021927765 -0.46094412
vn -0.8871582 -0.021927765 -0.46094412
vn -0.8871582 -0.021927765 -0.46094412
vn -0.8746646 -0.022459747 -0.48420808
vn -0.8746646 -0.022459747 -0.48420808
vn -0.89979184 -0.020336904 -0.43584517
vn -0.89979184 -0.020336904 -0.43584517
vn -0.9107699 -0.01643437 -0.41258702
vn -0.9107699 -0.01643437 -0.41258702
vn -0.88730216 -0.021476721 -0.46068814
vn -0.88730216 -0.021476721 -0.46068814
vn -0.8989293 -0.017685268 -0.4377366
vn -0.8742984 -0.022968404 -0.48484507
vn -0.9072523 -0.0054709427 -0.42055124
vn -0.9072523 -0.0054709427 -0.42055124
vn -0.9185179 -0.004042397 -0.3953588
vn -0.8567162 -0.023471657 -0.5152538
vn -0.8567162 -0.023471657 -0.5152538
vn -0.85146385 -0.028219808 -0.5236536
vn -0.85146385 -0.028219808 -0.5236536
vn -0.85146385 -0.028219808 -0.5236536
vn -0.85146385 -0.028219808 -0.5236536
vn -0.84409964 -0.07499714 -0.5309155
vn -0.8409804 -0.07527266 -0.53580403
vn -0.8409804 -0.07527266 -0.53580403
vn -0.8409804 -0.07527266 -0.53580403
vn -0.8409804 -0.07527266 -0.53580403
vn -0.84409964 -0.07499714 -0.5309155
vn -0.8473267 -0.02412235 -0.5305239
vn -0.8473267 -0.02412235 -0.5305239
vn -0.86205906 -0.023399776 -0.5062674
vn -0.86205906 -0.023399776 -0.5062674
vn -0.8444477 -0.028705122 -0.53486836
vn -0.9680904 -0.02233405 -0.24960408
vn -0.9680904 -0.02233405 -0.24960408
vn -0.9680904 -0.02233405 -0.24960408
vn -0.9680904 -0.02233405 -0.24960408
vn -0.95860726 -0.023057785 -0.28379643
vn -0.95860726 -0.023057785 -0.28379643
vn -0.97661895 -0.020453267 -0.21400285
vn -0.97661895 -0.020453267 -0.21400285
vn -0.98318416 -0.01610355 -0.18190533
vn -0.98318416 -0.01610355 -0.18190533
vn -0.987347 -0.0027008897 -0.15855104
vn -0.987347 -0.0027008897 -0.15855104
vn -0.94247085 -0.024382807 -0.3333979
vn -0.94247085 -0.024382807 -0.3333979
vn -0.9367808 -0.029669726 -0.34865668
vn -0.9367808 -0.029669726 -0.34865668
vn -0.9367808 -0.029669726 -0.34865668
vn -0.9367808 -0.029669726 -0.34865668
vn -0.9275673 -0.081093766 -0.36475012
vn -0.9275673 -0.081093766 -0.36475012
vn -0.9275673 -0.081093766 -0.36475012
vn -0.9275673 -0.081093766 -0.36475012
vn -0.9511423 -0.024661396 -0.30776653
vn -0.9511423 -0.024661396 -0.30776653
vn -0.9511423 -0.024661396 -0.30776653
vn -0.9511423 -0.024661396 -0.30776653
vn -0.9610309 -0.020620862 -0.2756708
vn -0.9610309 -0.020620862 -0.2756708
vn -0.9397318 -0.026203789 -0.34090692
vn -0.9397318 -0.026203789 -0.34090692
vn -0.929075 -0.026534434 -0.36893842
vn -0.929075 -0.026534434 -0.36893842
vn -0.96781343 -0.007562069 -0.2515553
vn -0.96781343 -0.007562069 -0.2515553
vn -0.919073 -0.026650637 -0.39318514
vn -0.919073 -0.026650637 -0.39318514
vn -0.919073 -0.026650637 -0.39318514
vn -0.919073 -0.026650637 -0.39318514
vn -0.9190997 -0.031270538 -0.39278233
vn -0.9190997 -0.031270538 -0.39278233
vn -0.9196453 -0.08194212 -0.38410679
vn -0.9196453 -0.08194212 -0.38410679
vn -0.9196453 -0.08194212 -0.38410679
vn -0.9196453 -0.08194212 -0.38410679
vn 0.8751346 0.031189263 -0.4828733
vn 0.8751346 0.031189263 -0.4828733
vn 0.8751346 0.031189263 -0.4828733
vn 0.8751346 0.031189263 -0.4828733
vn 0.8912479 0.02939976 -0.45256245
vn 0.8912479 0.02939976 -0.45256245
vn 0.896686 0.02122931 -0.4421578
vn 0.896686 0.02122931 -0.4421578
vn 0.8894953 0.012156616 -0.4567825
vn 0.8894953 0.012156616 -0.4567825
vn 0.8894953 0.012156616 -0.4567825
vn 0.8894953 0.012156616 -0.4567825
vn 0.8720673 -0.039901193 -0.4877567
vn 0.8720673 -0.039901193 -0.4877567
vn 0.8720673 -0.039901193 -0.4877567
vn 0.8720673 -0.039901193 -0.4877567
vn 0.8543179 0.033058673 -0.51869845
vn 0.8543179 0.033058673 -0.51869845
vn 0.8335543 0.03647939 -0.55123174
vn 0.8335543 0.03647939 -0.55123174
vn 0.8074821 0.09111108 -0.5828134
vn 0.8074821 0.09111108 -0.5828134
vn 0.8074821 0.09111108 -0.5828134
vn 0.8074821 0.09111108 -0.5828134
vn 0.9279129 0.03381653 -0.37126008
vn 0.9279129 0.03381653 -0.37126008
vn 0.9279129 0.03381653 -0.37126008
vn 0.9279129 0.03381653 -0.37126008
vn 0.91110563 0.03767621 -0.41044733
vn 0.91110563 0.03767621 -0.41044733
vn 0.9439088 0.031791434 -0.32867232
vn 0.9439088 0.031791434 -0.32867232
vn 0.9557269 0.030158294 -0.29270557
vn 0.9557269 0.030158294 -0.29270557
vn 0.89763516 0.04936606 -0.43796584
vn 0.89763516 0.04936606 -0.43796584
vn 0.9606856 0.023642534 -0.27662998
vn 0.9606856 0.023642534 -0.27662998
vn 0.9606856 0.023642534 -0.27662998
vn 0.9606856 0.023642534 -0.27662998
vn 0.9566676 0.015240045 -0.29078293
vn 0.9566676 0.015240045 -0.29078293
vn 0.945504 -0.04002618 -0.32314086
vn 0.945504 -0.04002618 -0.32314086
vn 0.945504 -0.04002618 -0.32314086
vn 0.945504 -0.04002618 -0.32314086
vn 0.9942145 0.03397321 -0.10189893
vn 0.9942145 0.03397321 -0.10189893
vn 0.9942145 0.03397321 -0.10189893
vn 0.9942145 0.03397321 -0.10189893
vn 0.98859113 0.038489494 -0.14562303
vn 0.98859113 0.038489494 -0.14562303
vn 0.9979492 0.031611897 -0.05566118
vn 0.9979492 0.031611897 -0.05566118
vn 0.9994061 0.030016959 -0.016919434
vn 0.9994061 0.030016959 -0.016919434
vn 0.9827937 0.051672522 -0.17733178
vn 0.9827937 0.051672522 -0.17733178
vn 0.99966 0.025250277 0.006500647
vn 0.99966 0.025250277 0.006500647
vn 0.99966 0.025250277 0.006500647
vn 0.99966 0.025250277 0.006500647
vn 0.9998368 0.017794242 -0.003110251
vn 0.9998368 0.017794242 -0.003110251
vn 0.9987943 -0.039357305 -0.029342089
vn 0.9987943 -0.039357305 -0.029342089
vn 0.9987943 -0.039357305 -0.029342089
vn 0.9987943 -0.039357305 -0.029342089
vn 0.8742625 0.024686629 0.48482534
vn 0.8742625 0.024686629 0.48482534
vn 0.8742625 0.024686629 0.48482534
vn 0.8742625 0.024686629 0.48482534
vn 0.862059 0.023399781 0.5062674
vn 0.862059 0.023399781 0.5062674
vn 0.8871835 0.026993008 0.4606266
vn 0.8871835 0.026993008 0.4606266
vn 0.89862454 0.031472165 0.4375882
vn 0.89862454 0.031472165 0.4375882
vn 0.8746645 0.022459738 0.48420823
vn 0.88712287 0.023671338 0.4609259
vn 0.89967525 0.025931146 0.43578902
vn 0.89967525 0.025931146 0.43578902
vn 0.89967525 0.025931146 0.43578902
vn 0.9063828 0.04411009 0.42014828
vn 0.9063828 0.04411009 0.42014828
vn 0.8473854 0.021043394 0.5305611
vn 0.8473854 0.021043394 0.5305611
vn 0.84468967 0.015842702 0.53502184
vn 0.84468967 0.015842702 0.53502184
vn 0.84468967 0.015842702 0.53502184
vn 0.84468967 0.015842702 0.53502184
vn 0.84295785 -0.03139159 0.537063
vn 0.84295785 -0.03139159 0.537063
vn 0.84295785 -0.03139159 0.537063
vn 0.84295785 -0.03139159 0.537063
vn 0.846048 -0.032062605 0.5321417
vn 0.846048 -0.032062605 0.5321417
vn 0.85677457 0.02035849 0.51528907
vn 0.85677457 0.02035849 0.51528907
vn 0.85170406 0.015250229 0.52380115
vn 0.93968475 0.028050289 0.3408897
vn 0.93968475 0.028050289 0.3408897
vn 0.93968475 0.028050289 0.3408897
vn 0.93968475 0.028050289 0.3408897
vn 0.929075 0.026534427 0.36893836
vn 0.929075 0.026534427 0.36893836
vn 0.9509869 0.030573457 0.3077162
vn 0.9509869 0.030573457 0.3077162
vn 0.96063423 0.03535701 0.27555695
vn 0.96063423 0.03535701 0.27555695
vn 0.9666894 0.04876893 0.25126296
vn 0.9666894 0.04876893 0.25126296
vn 0.9191497 0.023311347 0.39321795
vn 0.9191497 0.023311347 0.39321795
vn 0.91941226 0.017271988 0.39291576
vn 0.91941226 0.017271988 0.39291576
vn 0.91941226 0.017271988 0.39291576
vn 0.91941226 0.017271988 0.39291576
vn 0.9221925 -0.034714878 0.3851699
vn 0.9221925 -0.034714878 0.3851699
vn 0.9221925 -0.034714878 0.3851699
vn 0.9221925 -0.034714878 0.3851699
vn 0.9764795 0.026525006 0.21397232
vn 0.9764795 0.026525006 0.21397232
vn 0.9764795 0.026525006 0.21397232
vn 0.9764795 0.026525006 0.21397232
vn 0.9828335 0.031183213 0.18184051
vn 0.9828335 0.031183213 0.18184051
vn 0.9680475 0.02423665 0.249593
vn 0.9680475 0.02423665 0.249593
vn 0.9586073 0.023057787 0.28379628
vn 0.9586073 0.023057787 0.28379628
vn 0.9863614 0.044752557 0.15839306
vn 0.9863614 0.044752557 0.15839306
vn 0.94254404 0.02095813 0.3334238
vn 0.94254404 0.02095813 0.3334238
vn 0.94254404 0.02095813 0.3334238
vn 0.94254404 0.02095813 0.3334238
vn 0.9370823 0.0154008 0.3487686
vn 0.9370823 0.0154008 0.3487686
vn 0.9300098 -0.03656741 0.36571127
vn 0.9300098 -0.03656741 0.36571127
vn 0.9300098 -0.03656741 0.36571127
vn 0.9300098 -0.03656741 0.36571127
vn 0.91047186 0.030403709 0.41245195
vn 0.91047186 0.030403709 0.41245195
vn 0.9176694 0.043164283 0.3949933
vn 0.9176694 0.043164283 0.3949933
vn 0.90725315 0.019098587 -0.42015097
vn 0.90725315 0.019098587 -0.42015097
vn 0.90725315 0.019098587 -0.42015097
vn 0.90725315 0.019098587 -0.42015097
vn 0.9232136 0.018516982 -0.3838407
vn 0.9232136 0.018516982 -0.3838407
vn 0.8904001 0.020643247 -0.45471033
vn 0.8904001 0.020643247 -0.45471033
vn 0.8750569 0.024284067 -0.48341045
vn 0.8750569 0.024284067 -0.48341045
vn 0.90023464 0.019043716 -0.43498823
vn 0.90023464 0.019043716 -0.43498823
vn 0.8865466 0.022814622 -0.4620764
vn 0.9153608 0.017389214 -0.40225884
vn 0.86361825 0.03574941 -0.50287724
vn 0.86361825 0.03574941 -0.50287724
vn 0.8763262 0.03450775 -0.4804805
vn 0.94588363 0.017206887 -0.3240495
vn 0.94588363 0.017206887 -0.3240495
vn 0.95280707 0.011780047 -0.3033479
vn 0.95280707 0.011780047 -0.3033479
vn 0.95280707 0.011780047 -0.3033479
vn 0.95280707 0.011780047 -0.3033479
vn 0.9595996 -0.04166028 -0.27826765
vn 0.9595996 -0.04166028 -0.27826765
vn 0.9595996 -0.04166028 -0.27826765
vn 0.9595996 -0.04166028 -0.27826765
vn 0.9653468 -0.044314247 -0.25718024
vn 0.9653468 -0.044314247 -0.25718024
vn 0.95141584 0.015129917 -0.30753684
vn 0.95141584 0.015129917 -0.30753684
vn 0.929879 0.01670101 -0.36748627
vn 0.94205755 0.016813055 -0.3350296
vn 0.9583744 0.00955197 -0.28535455
vn 0.929879 0.01670101 -0.36748627
vn 0.9741639 0.022546528 -0.22471417
vn 0.9741639 0.022546528 -0.22471417
vn 0.9741639 0.022546528 -0.22471417
vn 0.9741639 0.022546528 -0.22471417
vn 0.98301965 0.021784978 -0.18220237
vn 0.98301965 0.021784978 -0.18220237
vn 0.96353066 0.024350125 -0.26648748
vn 0.96353066 0.024350125 -0.26648748
vn 0.95285875 0.028429234 -0.30207974
vn 0.95285875 0.028429234 -0.30207974
vn 0.94423413 0.041054565 -0.32670557
vn 0.94423413 0.041054565 -0.32670557
vn 0.99303085 0.020201782 -0.11611113
vn 0.99303085 0.020201782 -0.11611113
vn 0.99540776 0.014475928 -0.09462486
vn 0.99540776 0.014475928 -0.09462486
vn 0.99540776 0.014475928 -0.09462486
vn 0.99540776 0.014475928 -0.09462486
vn 0.99671006 -0.041075956 -0.06987073
vn 0.99671006 -0.041075956 -0.06987073
vn 0.99671006 -0.041075956 -0.06987073
vn 0.99671006 -0.041075956 -0.06987073
vn 0.9814975 0.019074854 -0.19052279
vn 0.9814975 0.019074854 -0.19052279
vn 0.9814975 0.019074854 -0.19052279
vn 0.9814975 0.019074854 -0.19052279
vn 0.9756842 0.02345895 -0.2179219
vn 0.9756842 0.02345895 -0.2179219
vn 0.9873396 0.017005727 -0.15770653
vn 0.9873396 0.017005727 -0.15770653
vn 0.9923159 0.015967155 -0.12269538
vn 0.9923159 0.015967155 -0.12269538
vn 0.9708491 0.036588456 -0.23688261
vn 0.9708491 0.036588456 -0.23688261
vn 0.99817896 0.0135758715 -0.058775153
vn 0.99817896 0.0135758715 -0.058775153
vn 0.99817896 0.0135758715 -0.058775153
vn 0.99817896 0.0135758715 -0.058775153
vn 0.9994222 0.00741794 -0.033169758
vn 0.9994222 0.00741794 -0.033169758
vn 0.99881786 -0.04860363 0.00061089563
vn 0.99881786 -0.04860363 0.00061089563
vn 0.99881786 -0.04860363 0.00061089563
vn 0.99881786 -0.04860363 0.00061089563
vn 0.8346231 0.012662642 0.5506759
vn 0.8346231 0.012662642 0.5506759
vn 0.8346231 0.012662642 0.5506759
vn 0.8346231 0.012662642 0.5506759
vn 0.828 0.011296312 0.5606143
vn 0.828 0.011296312 0.5606143
vn 0.83979106 0.014782602 0.5427085
vn 0.83979106 0.014782602 0.5427085
vn 0.8435534 0.018837646 0.5367148
vn 0.8435534 0.018837646 0.5367148
vn 0.8287914 0.014082955 0.5593805
vn 0.8287914 0.014082955 0.5593805
vn 0.83370316 0.018162485 0.551914
vn 0.82247525 0.011878213 0.5686768
vn 0.81499547 0.010349857 0.57937497
vn 0.84495115 0.077229835 0.52923834
vn 0.84495115 0.077229835 0.52923834
vn 0.84495115 0.077229835 0.52923834
vn 0.84495115 0.077229835 0.52923834
vn 0.83648175 0.07599899 0.54269916
vn 0.83648175 0.07599899 0.54269916
vn 0.83685213 0.029648667 0.5466256
vn 0.8107317 0.0076010413 0.5853685
vn 0.7977876 0.005960494 0.6029092
vn 0.8017069 0.0017632281 0.59771484
vn 0.8107317 0.0076010413 0.5853685
vn 0.8017069 0.0017632281 0.59771484
vn 0.8017069 0.0017632281 0.59771484
vn 0.8017069 0.0017632281 0.59771484
vn 0.7875376 -0.043120526 0.61475605
vn 0.7875376 -0.043120526 0.61475605
vn 0.7875376 -0.043120526 0.61475605
vn 0.7875376 -0.043120526 0.61475605
vn 0.7766006 -0.044784516 0.6283995
vn 0.7766006 -0.044784516 0.6283995
vn 0.7977876 0.005960494 0.6029092
vn 0.7894395 -0.00019283633 0.6138283
vn 0.9358939 0.014948069 0.35196486
vn 0.9358939 0.014948069 0.35196486
vn 0.9358939 0.014948069 0.35196486
vn 0.9358939 0.014948069 0.35196486
vn 0.92874545 0.01362267 0.3704678
vn 0.92874545 0.01362267 0.3704678
vn 0.94177634 0.017213706 0.33579907
vn 0.94177634 0.017213706 0.33579907
vn 0.94622165 0.02170511 0.32279006
vn 0.94622165 0.02170511 0.32279006
vn 0.94888926 0.03471246 0.31369442
vn 0.94888926 0.03471246 0.31369442
vn 0.9117053 0.010401774 0.4107131
vn 0.9117053 0.010401774 0.4107131
vn 0.9031616 0.0043344996 0.429279
vn 0.9031616 0.0043344996 0.429279
vn 0.9031616 0.0043344996 0.429279
vn 0.9031616 0.0043344996 0.429279
vn 0.8895023 -0.04595175 0.45461416
vn 0.8895023 -0.04595175 0.45461416
vn 0.8895023 -0.04595175 0.45461416
vn 0.8895023 -0.04595175 0.45461416
vn 0.91432536 0.014656293 0.4047151
vn 0.91432536 0.014656293 0.4047151
vn 0.91432536 0.014656293 0.4047151
vn 0.91432536 0.014656293 0.4047151
vn 0.9223433 0.01924447 0.38589185
vn 0.9223433 0.01924447 0.38589185
vn 0.90462005 0.012123806 0.42604637
vn 0.90462005 0.012123806 0.42604637
vn 0.89425087 0.010302001 0.44744742
vn 0.89425087 0.010302001 0.44744742
vn 0.927614 0.032010294 0.37216607
vn 0.927614 0.032010294 0.37216607
vn 0.8756151 0.0049628243 0.48298407
vn 0.8756151 0.0049628243 0.48298407
vn 0.8756151 0.0049628243 0.48298407
vn 0.8756151 0.0049628243 0.48298407
vn 0.8682905 -0.0020823607 0.49605173
vn 0.8682905 -0.0020823607 0.49605173
vn 0.85757154 -0.051563207 0.5117737
vn 0.85757154 -0.051563207 0.5117737
vn 0.85757154 -0.051563207 0.5117737
vn 0.85757154 -0.051563207 0.5117737
vn -0.8498102 -0.2088503 0.48394647
vn -0.8498102 -0.2088503 0.48394647
vn -0.8498102 -0.2088503 0.48394647
vn -0.8498102 -0.2088503 0.48394647
vn 0.85478574 -0.17995425 -0.48678324
vn 0.85478574 -0.17995425 -0.48678324
vn 0.85478574 -0.17995425 -0.48678324
vn 0.85478574 -0.17995425 -0.48678324
vn 0.92626655 -0.19183187 -0.3243929
vn 0.92626655 -0.19183187 -0.3243929
vn 0.92626655 -0.19183187 -0.3243929
vn 0.92626655 -0.19183187 -0.3243929
vn 0.97919935 -0.19992736 -0.034609035
vn 0.97919935 -0.19992736 -0.034609035
vn 0.97919935 -0.19992736 -0.034609035
vn 0.97919935 -0.19992736 -0.034609035
vn -0.9187297 -0.22893135 0.32175457
vn -0.9187297 -0.22893135 0.32175457
vn -0.9187297 -0.22893135 0.32175457
vn -0.9187297 -0.22893135 0.32175457
vn -0.96909016 -0.24431796 0.034250725
vn -0.96909016 -0.24431796 0.034250725
vn -0.96909016 -0.24431796 0.034250725
vn -0.96909016 -0.24431796 0.034250725
vn -0.8244552 -0.20963868 -0.5256666
vn -0.8244552 -0.20963868 -0.5256666
vn -0.8244552 -0.20963868 -0.5256666
vn -0.8244552 -0.20963868 -0.5256666
vn -0.8266829 -0.20966288 -0.5221463
vn -0.8266829 -0.20966288 -0.5221463
vn -0.8991502 -0.22826844 -0.3733933
vn -0.8991502 -0.22826844 -0.3733933
vn -0.8991502 -0.22826844 -0.3733933
vn -0.8991502 -0.22826844 -0.3733933
vn 0.83121973 -0.16791484 0.52997965
vn 0.83121973 -0.16791484 0.52997965
vn 0.83121973 -0.16791484 0.52997965
vn 0.83121973 -0.16791484 0.52997965
vn 0.83332956 -0.16888821 0.5263445
vn 0.83332956 -0.16888821 0.5263445
vn 0.9078071 -0.18375319 0.3769895
vn 0.9078071 -0.18375319 0.3769895
vn 0.9078071 -0.18375319 0.3769895
vn 0.9078071 -0.18375319 0.3769895
vn 0.9130486 -0.1863433 0.36279252
vn 0.9130486 -0.1863433 0.36279252
vn 0.9130486 -0.1863433 0.36279252
vn 0.9130486 -0.1863433 0.36279252
vn -0.90480715 -0.22818872 -0.35951895
vn -0.90480715 -0.22818872 -0.35951895
vn -0.90480715 -0.22818872 -0.35951895
vn -0.90480715 -0.22818872 -0.35951895
vn -0.9355867 -0.23212011 0.26607865
vn -0.9355867 -0.23212011 0.26607865
vn -0.9355867 -0.23212011 0.26607865
vn -0.9355867 -0.23212011 0.26607865
vn -0.94154865 -0.23125513 0.24496365
vn -0.94154865 -0.23125513 0.24496365
vn -0.9681369 -0.24232835 0.06315018
vn -0.9681369 -0.24232835 0.06315018
vn -0.9681369 -0.24232835 0.06315018
vn -0.9681369 -0.24232835 0.06315018
vn 0.9431345 -0.19634621 -0.26822644
vn 0.9431345 -0.19634621 -0.26822644
vn 0.9431345 -0.19634621 -0.26822644
vn 0.9431345 -0.19634621 -0.26822644
vn 0.94827336 -0.19977704 -0.24671209
vn 0.94827336 -0.19977704 -0.24671209
vn 0.9774451 -0.20133612 -0.06375584
vn 0.9774451 -0.20133612 -0.06375584
vn 0.9774451 -0.20133612 -0.06375584
vn 0.9774451 -0.20133612 -0.06375584
vn 0.9779474 -0.20872404 0.007289939
vn 0.9779474 -0.20872404 0.007289939
vn 0.9779474 -0.20872404 0.007289939
vn 0.9779474 -0.20872404 0.007289939
vn -0.97172886 -0.23598851 -0.0072447904
vn -0.97172886 -0.23598851 -0.0072447904
vn -0.97172886 -0.23598851 -0.0072447904
vn -0.97172886 -0.23598851 -0.0072447904
vn -0.7722436 -0.18283767 -0.608449
vn -0.7722436 -0.18283767 -0.608449
vn -0.7722436 -0.18283767 -0.608449
vn -0.7722436 -0.18283767 -0.608449
vn -0.76247764 -0.17830546 -0.62196064
vn -0.76247764 -0.17830546 -0.62196064
vn -0.8683008 -0.2082664 -0.4501987
vn -0.8683008 -0.2082664 -0.4501987
vn -0.8683008 -0.2082664 -0.4501987
vn -0.8683008 -0.2082664 -0.4501987
vn 0.77406085 -0.16992527 0.6098812
vn 0.77406085 -0.16992527 0.6098812
vn 0.77406085 -0.16992527 0.6098812
vn 0.77406085 -0.16992527 0.6098812
vn 0.76363456 -0.16986139 0.62290394
vn 0.76363456 -0.16986139 0.62290394
vn 0.87182033 -0.18868871 0.45202416
vn 0.87182033 -0.18868871 0.45202416
vn 0.87182033 -0.18868871 0.45202416
vn 0.87182033 -0.18868871 0.45202416
vn 0.8412956 -0.18920448 0.5063826
vn 0.8412956 -0.18920448 0.5063826
vn 0.8412956 -0.18920448 0.5063826
vn 0.8412956 -0.18920448 0.5063826
vn -0.8404147 -0.19446313 -0.505853
vn -0.8404147 -0.19446313 -0.505853
vn -0.8404147 -0.19446313 -0.505853
vn -0.8404147 -0.19446313 -0.505853
vn -0.89139557 0.03838955 0.4515974
vn -0.89139557 0.03838955 0.4515974
vn -0.89139557 0.03838955 0.4515974
vn -0.89139557 0.03838955 0.4515974
vn -0.9801665 0.044583153 0.19309556
vn -0.9801665 0.044583153 0.19309556
vn -0.9801665 0.044583153 0.19309556
vn -0.9801665 0.044583153 0.19309556
vn 0.88775676 0.098028146 -0.44975385
vn 0.88775676 0.098028146 -0.44975385
vn 0.88775676 0.098028146 -0.44975385
vn 0.88775676 0.098028146 -0.44975385
vn 0.97567946 0.10537725 -0.19221176
vn 0.97567946 0.10537725 -0.19221176
vn 0.97567946 0.10537725 -0.19221176
vn 0.97567946 0.10537725 -0.19221176
vn 0.9072205 0.09443527 0.4099181
vn 0.9072205 0.09443527 0.4099181
vn 0.9072205 0.09443527 0.4099181
vn 0.9072205 0.09443527 0.4099181
vn 0.91817385 0.09407942 0.3848453
vn 0.91817385 0.09407942 0.3848453
vn 0.9658563 0.1022613 0.23804267
vn 0.9658563 0.1022613 0.23804267
vn 0.9658563 0.1022613 0.23804267
vn 0.9658563 0.1022613 0.23804267
vn -0.9103713 0.04496905 -0.4113416
vn -0.9103713 0.04496905 -0.4113416
vn -0.9103713 0.04496905 -0.4113416
vn -0.9103713 0.04496905 -0.4113416
vn -0.921245 0.047007106 -0.38613197
vn -0.921245 0.047007106 -0.38613197
vn -0.96991056 0.046180487 -0.2390417
vn -0.96991056 0.046180487 -0.2390417
vn -0.96991056 0.046180487 -0.2390417
vn -0.96991056 0.046180487 -0.2390417
vn -0.9878313 0.052049972 -0.14656097
vn -0.9878313 0.052049972 -0.14656097
vn -0.9878313 0.052049972 -0.14656097
vn -0.9878313 0.052049972 -0.14656097
vn 0.98429155 0.099214785 0.1460358
vn 0.98429155 0.099214785 0.1460358
vn 0.98429155 0.099214785 0.1460358
vn 0.98429155 0.099214785 0.1460358
vn 0.85559314 0.08283996 -0.51097757
vn 0.85559314 0.08283996 -0.51097757
vn 0.85559314 0.08283996 -0.51097757
vn 0.85559314 0.08283996 -0.51097757
vn 0.86886233 0.08237206 -0.48815265
vn 0.86886233 0.08237206 -0.48815265
vn 0.93669504 0.092644766 -0.33766752
vn 0.93669504 0.092644766 -0.33766752
vn 0.93669504 0.092644766 -0.33766752
vn 0.93669504 0.092644766 -0.33766752
vn -0.85752976 0.048594188 0.51213413
vn -0.85752976 0.048594188 0.51213413
vn -0.85752976 0.048594188 0.51213413
vn -0.85752976 0.048594188 0.51213413
vn -0.8706863 0.051096056 0.48917735
vn -0.8706863 0.051096056 0.48917735
vn -0.9395032 0.051281206 0.33867985
vn -0.9395032 0.051281206 0.33867985
vn -0.9395032 0.051281206 0.33867985
vn -0.9395032 0.051281206 0.33867985
vn -0.9674953 0.058413006 0.24605027
vn -0.9674953 0.058413006 0.24605027
vn -0.9674953 0.058413006 0.24605027
vn -0.9674953 0.058413006 0.24605027
vn 0.96522796 0.08987608 -0.24547355
vn 0.96522796 0.08987608 -0.24547355
vn 0.96522796 0.08987608 -0.24547355
vn 0.96522796 0.08987608 -0.24547355
vn 0.9473257 0.08716243 0.30818292
vn 0.9473257 0.08716243 0.30818292
vn 0.9473257 0.08716243 0.30818292
vn 0.9473257 0.08716243 0.30818292
vn -0.94932383 0.058364786 -0.30883297
vn -0.94932383 0.058364786 -0.30883297
vn -0.94932383 0.058364786 -0.30883297
vn -0.94932383 0.058364786 -0.30883297
vn -0.9292019 0.059054807 -0.3648239
vn -0.9292019 0.059054807 -0.3648239
vn -0.9292019 0.059054807 -0.3648239
vn -0.9292019 0.059054807 -0.3648239
vn 0.9275818 0.08342207 0.36418784
vn 0.9275818 0.08342207 0.36418784
vn 0.9275818 0.08342207 0.36418784
vn 0.9275818 0.08342207 0.36418784
vn -0.578902 -0.013381773 0.81528735
vn -0.578902 -0.013381773 0.81528735
vn -0.578902 -0.013381773 0.81528735
vn -0.578902 -0.013381773 0.81528735
vn -0.611087 -4.631922E-05 0.7915634
vn -0.611087 -4.631922E-05 0.7915634
vn -0.611087 -4.631922E-05 0.7915634
vn 0.039726026 -0.00013882598 0.9992106
vn -0.040730774 -0.00063405925 0.99916995
vn 0.87621856 -0.02015462 0.48149243
vn 0.87621856 -0.02015462 0.48149243
vn 0.87621856 -0.02015462 0.48149243
vn 0.87621856 -0.02015462 0.48149243
vn 0.68294483 0.08050281 0.72602046
vn 0.68294483 0.08050281 0.72602046
vn 0.68294483 0.08050281 0.72602046
vn 0.68294483 0.08050281 0.72602046
vn 0.68420565 0.042701725 0.7280379
vn 0.68420565 0.042701725 0.7280379
vn 0.6831046 0.029614545 0.7297199
vn 0.6831046 0.029614545 0.7297199
vn 0.6831046 0.029614545 0.7297199
vn 0.6831046 0.029614545 0.7297199
vn 0.6822551 0.027055925 0.7306134
vn 0.6822551 0.027055925 0.7306134
vn 0.6809434 0.020352792 0.73205316
vn 0.6809434 0.020352792 0.73205316
vn 0.6806763 0.014555784 0.7324397
vn 0.6806763 0.014555784 0.7324397
vn 0.6806763 0.014555784 0.7324397
vn 0.6806763 0.014555784 0.7324397
vn 0.6805879 0.0057707047 0.7326438
vn 0.6805879 0.0057707047 0.7326438
vn 0.68053573 -0.008784734 0.7326622
vn 0.68053573 -0.008784734 0.7326622
vn 0.68011075 -0.036363907 0.73220694
vn 0.68011075 -0.036363907 0.73220694
vn 0.80225325 0.09494244 0.58938575
vn 0.80225325 0.09494244 0.58938575
vn 0.80225325 0.09494244 0.58938575
vn 0.80225325 0.09494244 0.58938575
vn 0.80390036 0.050422866 0.59262264
vn 0.80390036 0.050422866 0.59262264
vn 0.80034155 0.034940127 0.5985254
vn 0.80034155 0.034940127 0.5985254
vn 0.79784197 0.031869497 0.6020236
vn 0.79784197 0.031869497 0.6020236
vn 0.79784197 0.031869497 0.6020236
vn 0.79784197 0.031869497 0.6020236
vn 0.79393506 0.023888696 0.6075332
vn 0.79393506 0.023888696 0.6075332
vn 0.7930795 0.017064966 0.608879
vn 0.7930795 0.017064966 0.608879
vn 0.79274726 0.0067708315 0.6095129
vn 0.79274726 0.0067708315 0.6095129
vn 0.79274726 0.0067708315 0.6095129
vn 0.79274726 0.0067708315 0.6095129
vn 0.7926168 -0.010231526 0.60963434
vn 0.7926168 -0.010231526 0.60963434
vn 0.7919463 -0.042343352 0.60912067
vn 0.7919463 -0.042343352 0.60912067
vn 0.9545987 0.113977395 0.275228
vn 0.9545987 0.113977395 0.275228
vn 0.9545987 0.113977395 0.275228
vn 0.9545987 0.113977395 0.275228
vn 0.95790565 0.060755398 0.28058076
vn 0.95790565 0.060755398 0.28058076
vn 0.95790565 0.060755398 0.28058076
vn 0.95790565 0.060755398 0.28058076
vn 0.9536804 0.042285923 0.29783505
vn 0.9536804 0.042285923 0.29783505
vn 0.95045245 0.038581282 0.30846658
vn 0.95045245 0.038581282 0.30846658
vn 0.95045245 0.038581282 0.30846658
vn 0.95045245 0.038581282 0.30846658
vn 0.945238 0.02886677 0.3251029
vn 0.945238 0.02886677 0.3251029
vn 0.94409 0.020596942 0.32904357
vn 0.94409 0.020596942 0.32904357
vn 0.9436587 0.008191434 0.3308188
vn 0.9436587 0.008191434 0.3308188
vn 0.9436587 0.008191434 0.3308188
vn 0.9436587 0.008191434 0.3308188
vn 0.94346994 -0.012178742 0.33123446
vn 0.94346994 -0.012178742 0.33123446
vn 0.94234157 -0.050384495 0.33083814
vn 0.94234157 -0.050384495 0.33083814
vn -0.9607968 0.034854177 -0.2750541
vn -0.9607968 0.034854177 -0.2750541
vn -0.9607968 0.034854177 -0.2750541
vn -0.9607968 0.034854177 -0.2750541
vn -0.7777434 -0.033147007 0.6277074
vn -0.7777434 -0.033147007 0.6277074
vn -0.7777434 -0.033147007 0.6277074
vn -0.7777434 -0.033147007 0.6277074
vn -0.79821986 -0.033471912 0.60143554
vn -0.79821986 -0.033471912 0.60143554
vn -0.75125647 -0.03108721 0.6592778
vn -0.75125647 -0.03108721 0.6592778
vn -0.7280531 -0.027154576 0.6849828
vn -0.7280531 -0.027154576 0.6849828
vn -0.72278094 -0.017115079 0.6908653
vn -0.72278094 -0.017115079 0.6908653
vn -0.7939613 -0.028747465 0.6072883
vn -0.7939613 -0.028747465 0.6072883
vn -0.77662873 -0.02942748 0.62927085
vn -0.77662873 -0.02942748 0.62927085
vn -0.77662873 -0.02942748 0.62927085
vn -0.77662873 -0.02942748 0.62927085
vn -0.75869423 -0.06822885 0.6478641
vn -0.75869423 -0.06822885 0.6478641
vn -0.75869423 -0.06822885 0.6478641
vn -0.75869423 -0.06822885 0.6478641
vn -0.71229786 -0.029410657 0.7012608
vn -0.71229786 -0.029410657 0.7012608
vn -0.71229786 -0.029410657 0.7012608
vn -0.71229786 -0.029410657 0.7012608
vn -0.72399426 -0.029692018 0.68916667
vn -0.72399426 -0.029692018 0.68916667
vn -0.6983311 -0.027838897 0.7152332
vn -0.6983311 -0.027838897 0.7152332
vn -0.6851652 -0.024447815 0.72797734
vn -0.6851652 -0.024447815 0.72797734
vn -0.670555 0.02458689 0.7414523
vn -0.670555 0.02458689 0.7414523
vn -0.670555 0.02458689 0.7414523
vn -0.670555 0.02458689 0.7414523
vn -0.730351 -0.027143242 0.6825325
vn -0.730351 -0.027143242 0.6825325
vn -0.72670656 -0.028911935 0.68633926
vn -0.72670656 -0.028911935 0.68633926
vn -0.72670656 -0.028911935 0.68633926
vn -0.72670656 -0.028911935 0.68633926
vn -0.716341 -0.066453286 0.6945787
vn -0.716341 -0.066453286 0.6945787
vn -0.716341 -0.066453286 0.6945787
vn -0.716341 -0.066453286 0.6945787
vn -0.70489293 -0.025821716 0.7088435
vn -0.70489293 -0.025821716 0.7088435
vn -0.69908774 -0.026243841 0.7145542
vn -0.70978725 -0.028062833 0.7038568
vn -0.7134647 -0.037248764 0.6997005
vn -0.7150433 -0.06633236 0.695926
vn -0.6858642 -0.027529167 0.7272087
vn -0.67954826 -0.026264662 0.73316056
vn -0.67954826 -0.026264662 0.73316056
vn -0.6706411 -0.013942204 0.74165094
vn -0.6687862 0.025357248 0.7430221
vn -0.6687862 0.025357248 0.7430221
vn -0.91649336 -0.039143123 0.39813024
vn -0.91649336 -0.039143123 0.39813024
vn -0.91649336 -0.039143123 0.39813024
vn -0.91649336 -0.039143123 0.39813024
vn -0.7130997 -0.030548764 -0.7003967
vn -0.7130997 -0.030548764 -0.7003967
vn -0.7130997 -0.030548764 -0.7003967
vn -0.7130997 -0.030548764 -0.7003967
vn -0.7221414 -0.027981734 -0.69117934
vn -0.7221414 -0.027981734 -0.69117934
vn -0.8927153 -0.03459735 0.4492911
vn -0.8927153 -0.03459735 0.4492911
vn -0.8927153 -0.03459735 0.4492911
vn -0.8927153 -0.03459735 0.4492911
vn -0.95004904 -0.041687172 0.30930412
vn -0.95004904 -0.041687172 0.30930412
vn -0.95004904 -0.041687172 0.30930412
vn -0.95004904 -0.041687172 0.30930412
vn -0.97214216 -0.041523498 0.23068485
vn -0.97214216 -0.041523498 0.23068485
vn -0.97214216 -0.041523498 0.23068485
vn -0.97214216 -0.041523498 0.23068485
vn -0.9743124 -0.03691723 0.2221539
vn -0.9743124 -0.03691723 0.2221539
vn -0.65772986 -0.029372545 -0.752681
vn -0.65772986 -0.029372545 -0.752681
vn -0.65772986 -0.029372545 -0.752681
vn -0.65772986 -0.029372545 -0.752681
vn -0.61215717 -0.026519923 -0.79029125
vn -0.61215717 -0.026519923 -0.79029125
vn -0.61215717 -0.026519923 -0.79029125
vn -0.61215717 -0.026519923 -0.79029125
vn -0.61221325 -0.022799 -0.7903639
vn -0.61221325 -0.022799 -0.7903639
vn 0.60763836 -0.13732482 -0.78225154
vn 0.60763836 -0.13732482 -0.78225154
vn 0.60763836 -0.13732482 -0.78225154
vn 0.60763836 -0.13732482 -0.78225154
vn 0.70533 -0.16080104 -0.69040036
vn 0.70533 -0.16080104 -0.69040036
vn 0.70533 -0.16080104 -0.69040036
vn 0.70533 -0.16080104 -0.69040036
vn 0.70933014 -0.1617137 -0.6860753
vn 0.70933014 -0.1617137 -0.6860753
vn 0.6746873 -0.03603826 -0.73722327
vn 0.6746873 -0.03603826 -0.73722327
vn 0.6746873 -0.03603826 -0.73722327
vn 0.6746873 -0.03603826 -0.73722327
vn 0.6906986 0.0072475476 -0.7231064
vn 0.71385497 -0.03816795 -0.69925267
vn 0.6906986 0.0072475476 -0.7231064
vn 0.68860745 0.017564831 -0.72492146
vn 0.68860745 0.017564831 -0.72492146
vn 0.68860745 0.017564831 -0.72492146
vn 0.68860745 0.017564831 -0.72492146
vn 0.71236545 0.017911743 -0.70158005
vn 0.71236545 0.017911743 -0.70158005
vn 0.6801799 0.029776584 -0.7324403
vn 0.6801799 0.029776584 -0.7324403
vn 0.67387486 0.03262621 -0.7381248
vn 0.67387486 0.03262621 -0.7381248
vn 0.66690004 0.0350722 -0.74432135
vn 0.66690004 0.0350722 -0.74432135
vn 0.66690004 0.0350722 -0.74432135
vn 0.66690004 0.0350722 -0.74432135
vn 0.68566275 0.03560742 -0.727048
vn 0.68566275 0.03560742 -0.727048
vn 0.64120233 0.046101406 -0.76598585
vn 0.64120233 0.046101406 -0.76598585
vn 0.64120233 0.046101406 -0.76598585
vn 0.64120233 0.046101406 -0.76598585
vn 0.6716467 0.04784123 -0.73932534
vn 0.6672897 0.08670419 -0.7397344
vn 0.6672897 0.08670419 -0.7397344
vn 0.6672897 0.08670419 -0.7397344
vn 0.6672897 0.08670419 -0.7397344
vn 0.6776222 0.039021842 -0.7343742
vn 0.6945161 0.033192005 -0.71871114
vn 0.7027486 0.030354 -0.7107905
vn 0.71676034 0.017640688 -0.69709647
vn 0.71852237 0.007172233 -0.69546676
vn 0.71397775 0.00730397 -0.7001302
vn 0.71385497 -0.03816795 -0.69925267
vn 0.71385497 -0.03816795 -0.69925267
vn 0.71385497 -0.03816795 -0.69925267
vn 0.71852237 0.007172233 -0.69546676
vn 0.71892834 -0.009280289 -0.69502234
vn 0.712911 0.02476638 -0.700817
vn 0.69717294 0.032515958 -0.7161653
vn 0.69717294 0.032515958 -0.7161653
vn 0.6874615 0.034865793 -0.72538334
vn 0.67865556 0.038233712 -0.7334608
vn 0.6671485 0.08585246 -0.739961
vn 0.6671485 0.08585246 -0.739961
vn 0.718428 -0.038412396 -0.6945399
vn -0.80858237 -0.21222435 0.5487762
vn -0.80858237 -0.21222435 0.5487762
vn -0.80858237 -0.21222435 0.5487762
vn -0.80858237 -0.21222435 0.5487762
vn -0.70290077 -0.18787275 0.68602794
vn -0.70290077 -0.18787275 0.68602794
vn -0.70290077 -0.18787275 0.68602794
vn -0.70290077 -0.18787275 0.68602794
vn -0.7052482 -0.1884997 0.683442
vn -0.7052482 -0.1884997 0.683442
vn -0.7873662 -0.19464095 -0.5849525
vn -0.7873662 -0.19464095 -0.5849525
vn -0.7873662 -0.19464095 -0.5849525
vn -0.7873662 -0.19464095 -0.5849525
vn -0.18779851 -0.03585417 -0.9815529
vn -0.18779851 -0.03585417 -0.9815529
vn -0.18779851 -0.03585417 -0.9815529
vn -0.18779851 -0.03585417 -0.9815529
vn -0.95250535 -0.080809176 0.29360405
vn -0.95250535 -0.080809176 0.29360405
vn -0.95250535 -0.080809176 0.29360405
vn -0.95250535 -0.080809176 0.29360405
vn -0.5678443 -0.041729804 -0.8220776
vn -0.5678443 -0.041729804 -0.8220776
vn -0.5678443 -0.041729804 -0.8220776
vn -0.5678443 -0.041729804 -0.8220776
vn 0.34640685 -0.074466676 -0.93512404
vn 0.34640685 -0.074466676 -0.93512404
vn 0.34640685 -0.074466676 -0.93512404
vn 0.34640685 -0.074466676 -0.93512404
vn 0.5292091 -0.027730683 -0.8480382
vn 0.5292091 -0.027730683 -0.8480382
vn 0.5292091 -0.027730683 -0.8480382
vn 0.5292091 -0.027730683 -0.8480382
vn 0.13874702 -0.022595951 -0.99007004
vn 0.13874702 -0.022595951 -0.99007004
vn 0.13874702 -0.022595951 -0.99007004
vn 0.13874702 -0.022595951 -0.99007004
vn 0.2916906 -0.013041435 -0.9564238
vn 0.2916906 -0.013041435 -0.9564238
vn 0.2916906 -0.013041435 -0.9564238
vn 0.2916906 -0.013041435 -0.9564238
vn 0.67320716 -0.14699645 0.7246959
vn 0.67320716 -0.14699645 0.7246959
vn 0.67320716 -0.14699645 0.7246959
vn 0.67320716 -0.14699645 0.7246959
vn -0.67195445 -0.16019337 -0.72305965
vn -0.67195445 -0.16019337 -0.72305965
vn -0.67195445 -0.16019337 -0.72305965
vn -0.67195445 -0.16019337 -0.72305965
vn -0.680232 -0.050004136 -0.7312893
vn -0.680232 -0.050004136 -0.7312893
vn -0.7792263 -0.18684903 -0.5982423
vn -0.7792263 -0.18684903 -0.5982423
vn -0.7792263 -0.18684903 -0.5982423
vn -0.7792263 -0.18684903 -0.5982423
vn -0.92038643 -0.22358094 -0.32078075
vn -0.92038643 -0.22358094 -0.32078075
vn -0.92038643 -0.22358094 -0.32078075
vn -0.92038643 -0.22358094 -0.32078075
vn 0.7810999 -0.17091781 0.60055804
vn 0.7810999 -0.17091781 0.60055804
vn 0.7810999 -0.17091781 0.60055804
vn 0.7810999 -0.17091781 0.60055804
vn 0.9240117 -0.20315327 0.32393053
vn 0.9240117 -0.20315327 0.32393053
vn 0.9240117 -0.20315327 0.32393053
vn 0.9240117 -0.20315327 0.32393053
vn -0.07558361 -0.0031142524 -0.99713457
vn -0.07558361 -0.0031142524 -0.99713457
vn -0.07558361 -0.0031142524 -0.99713457
vn -0.07558361 -0.0031142524 -0.99713457
vn -0.07372834 -0.0032419525 -0.997273
vn -0.07372834 -0.0032419525 -0.997273
vn -0.08335104 -0.0025262025 -0.99651706
vn -0.08335104 -0.0025262025 -0.99651706
vn -0.10826506 -0.0014616845 -0.994121
vn -0.10826506 -0.0014616845 -0.994121
vn -0.07559613 -0.0029990443 -0.997134
vn -0.07559613 -0.0029990443 -0.997134
vn -0.07559613 -0.0029990443 -0.997134
vn -0.28035557 -0.012527804 -0.9598144
vn -0.28035557 -0.012527804 -0.9598144
vn -0.28035557 -0.012527804 -0.9598144
vn -0.28035557 -0.012527804 -0.9598144
vn -0.26773825 -0.01171062 -0.96342045
vn -0.26773825 -0.01171062 -0.96342045
vn -0.30916536 -0.012800346 -0.95092213
vn -0.30916536 -0.012800346 -0.95092213
vn -0.26774055 -0.009828016 -0.96344095
vn -0.37115496 -0.01330514 -0.9284756
vn -0.37115496 -0.01330514 -0.9284756
vn -0.37115496 -0.01330514 -0.9284756
vn -0.37115496 -0.01330514 -0.9284756
vn 0.07349511 0.0050020525 -0.997283
vn 0.07349511 0.0050020525 -0.997283
vn 0.07349511 0.0050020525 -0.997283
vn 0.07349511 0.0050020525 -0.997283
vn 0.0909859 0.007879599 -0.995821
vn 0.0909859 0.007879599 -0.995821
vn 0.06869509 0.0036824516 -0.99763095
vn 0.21129741 0.011883557 -0.9773496
vn 0.21129741 0.011883557 -0.9773496
vn 0.21129741 0.011883557 -0.9773496
vn 0.21129741 0.011883557 -0.9773496
vn 0.23041305 0.014699106 -0.97298187
vn 0.23041305 0.014699106 -0.97298187
vn 0.20718847 0.010279367 -0.978247
vn 0.20718847 0.010279367 -0.978247
vn 0.06869509 0.0036824516 -0.99763095
vn 0.06869509 0.0036824516 -0.99763095
vn 0.06869509 0.0036824516 -0.99763095
vn 0.06810589 0.0030018485 -0.9976736
vn 0.06810589 0.0030018485 -0.9976736
vn 0.06849909 0.0011581908 -0.99765056
vn 0.06849909 0.0011581908 -0.99765056
vn 0.06849909 0.0011581908 -0.99765056
vn 0.06849909 0.0011581908 -0.99765056
vn 0.2072139 0.00913808 -0.97825295
vn 0.2072139 0.00913808 -0.97825295
vn 0.2072139 0.00913808 -0.97825295
vn 0.2072139 0.00913808 -0.97825295
vn 0.20679533 0.0050334693 -0.97837126
vn 0.20679533 0.0050334693 -0.97837126
vn 0.20679533 0.0050334693 -0.97837126
vn -0.08279333 -0.005460764 -0.99655175
vn -0.08279333 -0.005460764 -0.99655175
vn -0.08279333 -0.005460764 -0.99655175
vn -0.08279333 -0.005460764 -0.99655175
vn -0.108259305 -0.013140193 -0.99403584
vn -0.108259305 -0.013140193 -0.99403584
vn -0.07559613 -0.0029990443 -0.997134
vn -0.30934983 -0.012025777 -0.95087224
vn -0.30934983 -0.012025777 -0.95087224
vn -0.30934983 -0.012025777 -0.95087224
vn -0.30934983 -0.012025777 -0.95087224
vn -0.280683 -0.009353656 -0.959755
vn -0.280683 -0.009353656 -0.959755
vn -0.26774055 -0.009828016 -0.96344095
vn -0.3711039 -0.02039818 -0.9283673
vn -0.3711039 -0.02039818 -0.9283673
vn -0.3711039 -0.02039818 -0.9283673
vn -0.3711039 -0.02039818 -0.9283673
vn 0.20679533 0.0050334693 -0.97837126
vn 0.20679533 0.0050334693 -0.97837126
vn 0.20679533 0.0050334693 -0.97837126
vn 0.20939657 0.0006785323 -0.9778306
vn 0.20939657 0.0006785323 -0.9778306
vn 0.23043126 -0.006479088 -0.9730671
vn 0.23043126 -0.006479088 -0.9730671
vn 0.0723513 -0.0019029714 -0.9973774
vn 0.0723513 -0.0019029714 -0.9973774
vn 0.0723513 -0.0019029714 -0.9973774
vn 0.0723513 -0.0019029714 -0.9973774
vn 0.090988316 -0.0087273605 -0.99581367
vn 0.090988316 -0.0087273605 -0.99581367
vn -0.78549653 0.027006622 0.61827654
vn -0.78549653 0.027006622 0.61827654
vn -0.78549653 0.027006622 0.61827654
vn -0.78549653 0.027006622 0.61827654
vn 0.5807388 0.07545611 -0.8105855
vn 0.5807388 0.07545611 -0.8105855
vn 0.5807388 0.07545611 -0.8105855
vn 0.5807388 0.07545611 -0.8105855
vn 0.33935323 0.042914495 -0.93967956
vn 0.33935323 0.042914495 -0.93967956
vn 0.33935323 0.042914495 -0.93967956
vn 0.33935323 0.042914495 -0.93967956
vn 0.13876776 0.015142139 -0.9902092
vn 0.13876776 0.015142139 -0.9902092
vn 0.13876776 0.015142139 -0.9902092
vn 0.13876776 0.015142139 -0.9902092
vn 0.513195 0.036869615 -0.85747975
vn 0.513195 0.036869615 -0.85747975
vn 0.513195 0.036869615 -0.85747975
vn 0.513195 0.036869615 -0.85747975
vn 0.2916602 0.020234397 -0.95630795
vn 0.2916602 0.020234397 -0.95630795
vn 0.2916602 0.020234397 -0.95630795
vn 0.2916602 0.020234397 -0.95630795
vn -0.8292422 0.02405759 -0.55837137
vn -0.8292422 0.02405759 -0.55837137
vn -0.8292422 0.02405759 -0.55837137
vn -0.8292422 0.02405759 -0.55837137
vn -0.93555176 -0.024023248 0.3523716
vn -0.93555176 -0.024023248 0.3523716
vn -0.93555176 -0.024023248 0.3523716
vn -0.93555176 -0.024023248 0.3523716
vn -0.1879219 0.0018575216 -0.9821822
vn -0.1879219 0.0018575216 -0.9821822
vn -0.1879219 0.0018575216 -0.9821822
vn -0.1879219 0.0018575216 -0.9821822
vn -0.56826687 -0.01683027 -0.8226722
vn -0.56826687 -0.01683027 -0.8226722
vn -0.56826687 -0.01683027 -0.8226722
vn -0.56826687 -0.01683027 -0.8226722
vn -0.9581315 -0.033139545 0.2844043
vn -0.9581315 -0.033139545 0.2844043
vn -0.9581315 -0.033139545 0.2844043
vn -0.9581315 -0.033139545 0.2844043
vn -0.657013 -0.021928724 -0.7535603
vn -0.657013 -0.021928724 -0.7535603
vn -0.657013 -0.021928724 -0.7535603
vn -0.657013 -0.021928724 -0.7535603
vn -0.9318881 -0.033102702 0.36123234
vn -0.9318881 -0.033102702 0.36123234
vn -0.9318881 -0.033102702 0.36123234
vn -0.9318881 -0.033102702 0.36123234
vn -0.91335934 -0.042126216 0.40496945
vn -0.91335934 -0.042126216 0.40496945
vn -0.91335934 -0.042126216 0.40496945
vn -0.91335934 -0.042126216 0.40496945
vn -0.7118465 -0.025235174 -0.70188165
vn -0.7118465 -0.025235174 -0.70188165
vn -0.7118465 -0.025235174 -0.70188165
vn -0.7118465 -0.025235174 -0.70188165
vn -0.7220239 -0.033458382 -0.69105864
vn -0.7220239 -0.033458382 -0.69105864
vn 0.5944529 0.028915068 -0.8036103
vn 0.5944529 0.028915068 -0.8036103
vn 0.5944529 0.028915068 -0.8036103
vn 0.5944529 0.028915068 -0.8036103
vn 0.5967062 0.02627752 -0.8020294
vn 0.5967062 0.02627752 -0.8020294
vn 0.5894563 0.031184224 -0.8071982
vn 0.5894563 0.031184224 -0.8071982
vn 0.5696557 0.033458393 -0.82120216
vn 0.5696557 0.033458393 -0.82120216
vn 0.6034597 0.015597029 -0.7972409
vn 0.6034597 0.015597029 -0.7972409
vn 0.6061639 0.006569465 -0.7953126
vn 0.6061639 0.006569465 -0.7953126
vn 0.6061639 0.006569465 -0.7953126
vn 0.6061639 0.006569465 -0.7953126
vn 0.58628845 -0.0077802474 -0.81006503
vn 0.58628845 -0.0077802474 -0.81006503
vn 0.383027 0.01870818 -0.9235476
vn 0.383027 0.01870818 -0.9235476
vn 0.383027 0.01870818 -0.9235476
vn 0.383027 0.01870818 -0.9235476
vn 0.37854272 0.020342419 -0.92536026
vn 0.37854272 0.020342419 -0.92536026
vn 0.3563048 0.021346219 -0.93412596
vn 0.3563048 0.021346219 -0.93412596
vn 0.38271454 0.016878787 -0.9237124
vn 0.38271454 0.016878787 -0.9237124
vn 0.3837919 0.009882464 -0.9233668
vn 0.3837919 0.009882464 -0.9233668
vn 0.3816827 0.0035915666 -0.9242865
vn 0.3816827 0.0035915666 -0.9242865
vn 0.3816827 0.0035915666 -0.9242865
vn 0.3816827 0.0035915666 -0.9242865
vn 0.35638 -0.0059044077 -0.9343225
vn 0.35638 -0.0059044077 -0.9343225
vn 0.38271454 0.016878787 -0.9237124
vn 0.38271454 0.016878787 -0.9237124
vn 0.38271454 0.016878787 -0.9237124
vn 0.8661574 0.019991921 -0.49937123
vn 0.8661574 0.019991921 -0.49937123
vn 0.8661574 0.019991921 -0.49937123
vn 0.8661574 0.019991921 -0.49937123
vn 0.8625861 0.027981754 -0.5051359
vn 0.8625861 0.027981754 -0.5051359
vn 0.8678122 0.008044086 -0.4968272
vn 0.8678122 0.008044086 -0.4968272
vn 0.86816275 -0.011206703 -0.49615306
vn 0.86816275 -0.011206703 -0.49615306
vn 0.84784436 0.036735546 -0.5289711
vn 0.84784436 0.036735546 -0.5289711
vn 0.8385179 0.039598685 -0.54343307
vn 0.8385179 0.039598685 -0.54343307
vn 0.8385179 0.039598685 -0.54343307
vn 0.8385179 0.039598685 -0.54343307
vn 0.82987475 0.043773763 -0.55623
vn 0.82987475 0.043773763 -0.55623
vn 0.8168059 0.101126894 -0.56798023
vn 0.8168059 0.101126894 -0.56798023
vn 0.8168059 0.101126894 -0.56798023
vn 0.8168059 0.101126894 -0.56798023
vn 0.86728317 -0.04637128 -0.49565083
vn 0.86728317 -0.04637128 -0.49565083
vn 0.9785599 0.021869913 -0.204798
vn 0.9785599 0.021869913 -0.204798
vn 0.9785599 0.021869913 -0.204798
vn 0.9785599 0.021869913 -0.204798
vn 0.9768738 0.0306145 -0.21161379
vn 0.9768738 0.0306145 -0.21161379
vn 0.9793921 0.0087444475 -0.20177859
vn 0.9793921 0.0087444475 -0.20177859
vn 0.97950876 -0.012643903 -0.20100433
vn 0.97950876 -0.012643903 -0.20100433
vn 0.96989137 0.040487494 -0.24014902
vn 0.96989137 0.040487494 -0.24014902
vn 0.9651793 0.043968216 -0.25786766
vn 0.9651793 0.043968216 -0.25786766
vn 0.9651793 0.043968216 -0.25786766
vn 0.9651793 0.043968216 -0.25786766
vn 0.96052206 0.04901587 -0.27385178
vn 0.96052206 0.04901587 -0.27385178
vn 0.95647717 0.061859075 -0.2851754
vn 0.95647717 0.061859075 -0.2851754
vn 0.9782462 -0.05230431 -0.20074508
vn 0.9782462 -0.05230431 -0.20074508
vn 0.7737071 0.007459512 -0.63349956
vn 0.7737071 0.007459512 -0.63349956
vn 0.7737071 0.007459512 -0.63349956
vn 0.7737071 0.007459512 -0.63349956
vn 0.7741155 -0.009992628 -0.63296556
vn 0.7741155 -0.009992628 -0.63296556
vn 0.7718942 0.01843256 -0.6354838
vn 0.7718942 0.01843256 -0.6354838
vn 0.7679448 0.02583345 -0.63999486
vn 0.7679448 0.02583345 -0.63999486
vn 0.7517477 0.033870693 -0.65858036
vn 0.7517477 0.033870693 -0.65858036
vn 0.7517477 0.033870693 -0.65858036
vn 0.7517477 0.033870693 -0.65858036
vn 0.7416874 0.036377113 -0.6697585
vn 0.7416874 0.036377113 -0.6697585
vn 0.7325144 0.04001031 -0.67957485
vn 0.7325144 0.04001031 -0.67957485
vn 0.719998 0.09105187 -0.6879771
vn 0.719998 0.09105187 -0.6879771
vn 0.719998 0.09105187 -0.6879771
vn 0.719998 0.09105187 -0.6879771
vn -0.84970975 -0.028209819 0.52649564
vn -0.84970975 -0.028209819 0.52649564
vn -0.84970975 -0.028209819 0.52649564
vn -0.84970975 -0.028209819 0.52649564
vn -0.85716546 -0.038188595 0.51362324
vn -0.85716546 -0.038188595 0.51362324
vn -0.8411575 -0.026755052 0.54012805
vn -0.8411575 -0.026755052 0.54012805
vn -0.8330427 -0.02843987 0.55247724
vn -0.8330427 -0.02843987 0.55247724
vn -0.86104476 -0.073284164 0.50322104
vn -0.86104476 -0.073284164 0.50322104
vn -0.82286096 -0.031769093 0.56735414
vn -0.82286096 -0.031769093 0.56735414
vn -0.82286096 -0.031769093 0.56735414
vn -0.82286096 -0.031769093 0.56735414
vn -0.8206911 -0.030738631 0.57054466
vn -0.8206911 -0.030738631 0.57054466
vn -0.81938815 -0.016203221 0.57301015
vn -0.81938815 -0.016203221 0.57301015
vn -0.8192023 0.03083648 0.5726751
vn -0.8192023 0.03083648 0.5726751
vn -0.8192023 0.03083648 0.5726751
vn -0.8192023 0.03083648 0.5726751
vn -0.9702955 -0.028409312 0.24024893
vn -0.9702955 -0.028409312 0.24024893
vn -0.9702955 -0.028409312 0.24024893
vn -0.9702955 -0.028409312 0.24024893
vn -0.97389776 -0.038644318 0.2236733
vn -0.97389776 -0.038644318 0.2236733
vn -0.96573514 -0.02798619 0.2580164
vn -0.96573514 -0.02798619 0.2580164
vn -0.96121323 -0.031085096 0.27404875
vn -0.96121323 -0.031085096 0.27404875
vn -0.9743405 -0.07817971 0.21106523
vn -0.9743405 -0.07817971 0.21106523
vn -0.955733 -0.03646901 0.29196626
vn -0.955733 -0.03646901 0.29196626
vn -0.955733 -0.03646901 0.29196626
vn -0.955733 -0.03646901 0.29196626
vn -0.95488983 -0.035565548 0.29482272
vn -0.95488983 -0.035565548 0.29482272
vn -0.95510554 -0.01881246 0.29566807
vn -0.95510554 -0.01881246 0.29566807
vn -0.95510554 -0.01881246 0.29566807
vn -0.95510554 -0.01881246 0.29566807
vn -0.74931353 -0.025928043 0.66170764
vn -0.74931353 -0.025928043 0.66170764
vn -0.74931353 -0.025928043 0.66170764
vn -0.74931353 -0.025928043 0.66170764
vn -0.7414995 -0.026698941 0.670422
vn -0.7414995 -0.026698941 0.670422
vn -0.75723445 -0.028002718 0.65254253
vn -0.75723445 -0.028002718 0.65254253
vn -0.76405895 -0.03758591 0.64405066
vn -0.76405895 -0.03758591 0.64405066
vn -0.767857 -0.06891623 0.6369036
vn -0.767857 -0.06891623 0.6369036
vn -0.7298303 -0.028650261 0.6830276
vn -0.7298303 -0.028650261 0.6830276
vn -0.726181 -0.027511125 0.686953
vn -0.726181 -0.027511125 0.686953
vn -0.726181 -0.027511125 0.686953
vn -0.726181 -0.027511125 0.686953
vn -0.72221565 -0.014507019 0.69151574
vn -0.72221565 -0.014507019 0.69151574
vn -0.7215119 0.02749651 0.6918559
vn -0.7215119 0.02749651 0.6918559
vn -0.7215119 0.02749651 0.6918559
vn -0.7215119 0.02749651 0.6918559
vn -0.95490116 0.03523619 0.2948259
vn -0.95490116 0.03523619 0.2948259
vn -0.95490116 0.03523619 0.2948259
vn -0.95490116 0.03523619 0.2948259
vn 0.95000124 0.11520779 -0.29021505
vn 0.95000124 0.11520779 -0.29021505
vn 0.95000124 0.11520779 -0.29021505
vn 0.95000124 0.11520779 -0.29021505
vn 0.85190344 -0.1909558 -0.48764366
vn 0.85190344 -0.1909558 -0.48764366
vn 0.85190344 -0.1909558 -0.48764366
vn 0.85190344 -0.1909558 -0.48764366
vn 0.9571218 -0.2122101 -0.19719179
vn 0.9571218 -0.2122101 -0.19719179
vn 0.9571218 -0.2122101 -0.19719179
vn 0.9571218 -0.2122101 -0.19719179
vn -0.8459586 -0.21639366 0.4873683
vn -0.8459586 -0.21639366 0.4873683
vn -0.8459586 -0.21639366 0.4873683
vn -0.8459586 -0.21639366 0.4873683
vn -0.9510672 -0.2363305 0.19904524
vn -0.9510672 -0.2363305 0.19904524
vn -0.9510672 -0.2363305 0.19904524
vn -0.9510672 -0.2363305 0.19904524
vn -0.75711715 -0.19893736 0.62225205
vn -0.75711715 -0.19893736 0.62225205
vn -0.75711715 -0.19893736 0.62225205
vn -0.75711715 -0.19893736 0.62225205
vn 0.76221853 -0.1726227 -0.62387854
vn 0.76221853 -0.1726227 -0.62387854
vn 0.76221853 -0.1726227 -0.62387854
vn 0.76221853 -0.1726227 -0.62387854
vn 0.773492 -0.041356485 -0.63245535
vn 0.773492 -0.041356485 -0.63245535
g Cube.020_0
f 3/3/3 2/2/2 1/1/1
f 4/4/4 3/3/3 1/1/1
f 5/5/5 3/3/3 4/4/4
f 6/6/6 5/5/5 4/4/4
f 2/2/2 7/7/7 1/1/1
f 7/7/7 8/8/8 1/1/1
f 7/7/7 9/9/9 8/8/8
f 9/9/9 10/10/10 8/8/8
f 10/10/10 9/9/9 11/11/11
f 9/9/9 12/12/12 11/11/11
f 5/5/5 6/6/6 13/13/13
f 14/14/14 5/5/5 13/13/13
f 14/14/14 13/13/13 15/15/15
f 16/16/16 14/14/14 15/15/15
f 17/17/17 16/16/16 15/15/15
f 18/18/18 17/17/17 15/15/15
f 19/19/19 17/17/17 18/18/18
f 20/20/20 19/19/19 18/18/18
f 19/19/19 20/20/20 21/21/21
f 22/22/22 19/19/19 21/21/21
f 25/25/25 24/24/24 23/23/23
f 26/26/26 25/25/25 23/23/23
f 27/27/27 25/25/25 26/26/26
f 28/28/28 27/27/27 26/26/26
f 24/24/24 29/29/29 23/23/23
f 29/29/29 30/30/30 23/23/23
f 29/29/29 31/31/31 30/30/30
f 31/31/31 32/32/32 30/30/30
f 32/32/32 31/31/31 33/33/33
f 31/31/31 34/34/34 33/33/33
f 33/33/33 34/34/34 35/35/35
f 34/34/34 36/36/36 35/35/35
f 31/31/31 29/29/29 37/37/37
f 37/37/37 29/29/29 38/38/38
f 29/29/29 39/39/39 38/38/38
f 39/39/39 25/25/25 38/38/38
f 40/40/40 31/31/31 37/37/37
f 25/25/25 41/41/41 38/38/38
f 25/25/25 27/27/27 41/41/41
f 27/27/27 42/42/42 41/41/41
f 36/36/36 34/34/34 43/43/43
f 34/34/34 44/44/44 43/43/43
f 31/31/31 40/40/40 44/44/44
f 34/34/34 31/31/31 44/44/44
f 42/42/42 27/27/27 45/45/45
f 27/27/27 46/46/46 45/45/45
f 45/45/45 46/46/46 47/47/47
f 46/46/46 48/48/48 47/47/47
f 48/48/48 49/49/49 47/47/47
f 49/49/49 50/50/50 47/47/47
f 49/49/49 51/51/51 50/50/50
f 51/51/51 52/52/52 50/50/50
f 52/52/52 51/51/51 53/53/53
f 51/51/51 54/54/54 53/53/53
f 54/54/54 51/51/51 55/55/55
f 51/51/51 56/56/56 55/55/55
f 49/49/49 48/48/48 57/57/57
f 48/48/48 46/46/46 57/57/57
f 58/58/58 49/49/49 57/57/57
f 51/51/51 49/49/49 58/58/58
f 56/56/56 51/51/51 58/58/58
f 46/46/46 59/59/59 57/57/57
f 46/46/46 27/27/27 59/59/59
f 27/27/27 28/28/28 59/59/59
f 62/62/62 61/61/61 60/60/60
f 63/63/63 62/62/62 60/60/60
f 64/64/64 62/62/62 63/63/63
f 65/65/65 64/64/64 63/63/63
f 61/61/61 66/66/66 60/60/60
f 66/66/66 67/67/67 60/60/60
f 66/66/66 68/68/68 67/67/67
f 68/68/68 69/69/69 67/67/67
f 64/64/64 65/65/65 70/70/70
f 71/71/71 64/64/64 70/70/70
f 71/71/71 70/70/70 72/72/72
f 73/73/73 71/71/71 72/72/72
f 69/69/69 68/68/68 74/74/74
f 68/68/68 75/75/75 74/74/74
f 74/74/74 75/75/75 76/76/76
f 75/75/75 77/77/77 76/76/76
f 77/77/77 78/78/78 76/76/76
f 78/78/78 79/79/79 76/76/76
f 78/78/78 80/80/80 79/79/79
f 80/80/80 81/81/81 79/79/79
f 81/81/81 80/80/80 82/82/82
f 80/80/80 83/83/83 82/82/82
f 86/86/86 85/85/85 84/84/84
f 87/87/87 86/86/86 84/84/84
f 88/88/88 86/86/86 87/87/87
f 89/89/89 88/88/88 87/87/87
f 85/85/85 90/90/90 84/84/84
f 90/90/90 91/91/91 84/84/84
f 90/90/90 92/92/92 91/91/91
f 92/92/92 93/93/93 91/91/91
f 88/88/88 89/89/89 94/94/94
f 95/95/95 88/88/88 94/94/94
f 95/95/95 94/94/94 96/96/96
f 97/97/97 95/95/95 96/96/96
f 95/95/95 97/97/97 98/98/98
f 99/99/99 95/95/95 98/98/98
f 88/88/88 95/95/95 99/99/99
f 100/100/100 88/88/88 99/99/99
f 93/93/93 92/92/92 101/101/101
f 92/92/92 102/102/102 101/101/101
f 102/102/102 92/92/92 103/103/103
f 102/102/102 103/103/103 104/104/104
f 105/105/105 102/102/102 104/104/104
f 106/106/106 105/105/105 104/104/104
f 107/107/107 106/106/106 104/104/104
f 108/108/108 106/106/106 107/107/107
f 109/109/109 108/108/108 107/107/107
f 102/102/102 105/105/105 110/110/110
f 101/101/101 102/102/102 110/110/110
f 105/105/105 106/106/106 110/110/110
f 106/106/106 111/111/111 110/110/110
f 106/106/106 108/108/108 111/111/111
f 108/108/108 112/112/112 111/111/111
f 112/112/112 108/108/108 113/113/113
f 108/108/108 114/114/114 113/113/113
f 108/108/108 109/109/109 115/115/115
f 114/114/114 108/108/108 115/115/115
f 92/92/92 116/116/116 103/103/103
f 116/116/116 92/92/92 117/117/117
f 92/92/92 90/90/90 117/117/117
f 117/117/117 90/90/90 118/118/118
f 90/90/90 85/85/85 118/118/118
f 85/85/85 86/86/86 118/118/118
f 86/86/86 119/119/119 118/118/118
f 86/86/86 88/88/88 119/119/119
f 88/88/88 100/100/100 119/119/119
f 122/122/122 121/121/121 120/120/120
f 123/123/123 122/122/122 120/120/120
f 124/124/124 122/122/122 123/123/123
f 125/125/125 124/124/124 123/123/123
f 121/121/121 126/126/126 120/120/120
f 126/126/126 127/127/127 120/120/120
f 126/126/126 128/128/128 127/127/127
f 128/128/128 129/129/129 127/127/127
f 129/129/129 128/128/128 130/130/130
f 128/128/128 131/131/131 130/130/130
f 130/130/130 131/131/131 132/132/132
f 131/131/131 133/133/133 132/132/132
f 133/133/133 134/134/134 132/132/132
f 134/134/134 135/135/135 132/132/132
f 134/134/134 136/136/136 135/135/135
f 136/136/136 137/137/137 135/135/135
f 137/137/137 136/136/136 138/138/138
f 136/136/136 139/139/139 138/138/138
f 138/138/138 139/139/139 140/140/140
f 139/139/139 141/141/141 140/140/140
f 144/144/144 143/143/143 142/142/142
f 145/145/145 144/144/144 142/142/142
f 146/146/146 144/144/144 145/145/145
f 147/147/147 146/146/146 145/145/145
f 143/143/143 148/148/148 142/142/142
f 148/148/148 149/149/149 142/142/142
f 148/148/148 150/150/150 149/149/149
f 150/150/150 151/151/151 149/149/149
f 146/146/146 147/147/147 152/152/152
f 153/153/153 146/146/146 152/152/152
f 153/153/153 152/152/152 154/154/154
f 155/155/155 153/153/153 154/154/154
f 156/156/156 155/155/155 154/154/154
f 157/157/157 156/156/156 154/154/154
f 158/158/158 156/156/156 157/157/157
f 159/159/159 158/158/158 157/157/157
f 158/158/158 159/159/159 160/160/160
f 161/161/161 158/158/158 160/160/160
f 161/161/161 160/160/160 162/162/162
f 163/163/163 161/161/161 162/162/162
f 151/151/151 150/150/150 164/164/164
f 150/150/150 165/165/165 164/164/164
f 168/168/168 167/167/167 166/166/166
f 169/169/169 168/168/168 166/166/166
f 170/170/170 168/168/168 169/169/169
f 171/171/171 170/170/170 169/169/169
f 167/167/167 172/172/172 166/166/166
f 172/172/172 173/173/173 166/166/166
f 172/172/172 174/174/174 173/173/173
f 174/174/174 175/175/175 173/173/173
f 170/170/170 171/171/171 176/176/176
f 177/177/177 170/170/170 176/176/176
f 177/177/177 176/176/176 178/178/178
f 179/179/179 177/177/177 178/178/178
f 180/180/180 179/179/179 178/178/178
f 181/181/181 180/180/180 178/178/178
f 182/182/182 180/180/180 181/181/181
f 183/183/183 182/182/182 181/181/181
f 182/182/182 183/183/183 184/184/184
f 185/185/185 182/182/182 184/184/184
f 175/175/175 174/174/174 186/186/186
f 174/174/174 187/187/187 186/186/186
f 190/190/190 189/189/189 188/188/188
f 191/191/191 190/190/190 188/188/188
f 194/194/194 193/193/193 192/192/192
f 195/195/195 194/194/194 192/192/192
f 194/194/194 197/197/197 196/196/196
f 198/198/198 194/194/194 196/196/196
f 198/198/198 200/200/200 199/199/199
f 200/200/200 201/201/201 199/199/199
f 200/200/200 202/202/202 201/201/201
f 202/202/202 203/203/203 201/201/201
f 203/203/203 202/202/202 204/204/204
f 202/202/202 205/205/205 204/204/204
f 204/204/204 205/205/205 206/206/206
f 205/205/205 207/207/207 206/206/206
f 207/207/207 205/205/205 208/208/208
f 205/205/205 209/209/209 208/208/208
f 205/205/205 202/202/202 209/209/209
f 202/202/202 210/210/210 209/209/209
f 200/200/200 198/198/198 211/211/211
f 212/212/212 200/200/200 211/211/211
f 210/210/210 202/202/202 212/212/212
f 202/202/202 213/213/213 212/212/212
f 216/216/216 215/215/215 214/214/214
f 217/217/217 216/216/216 214/214/214
f 216/216/216 217/217/217 218/218/218
f 219/219/219 216/216/216 218/218/218
f 219/219/219 218/218/218 220/220/220
f 221/221/221 219/219/219 220/220/220
f 222/222/222 221/221/221 220/220/220
f 223/223/223 222/222/222 220/220/220
f 224/224/224 222/222/222 223/223/223
f 225/225/225 224/224/224 223/223/223
f 228/228/228 227/227/227 226/226/226
f 229/229/229 228/228/228 226/226/226
f 227/227/227 228/228/228 230/230/230
f 228/228/228 231/231/231 230/230/230
f 231/231/231 228/228/228 232/232/232
f 228/228/228 233/233/233 232/232/232
f 232/232/232 233/233/233 234/234/234
f 233/233/233 235/235/235 234/234/234
f 235/235/235 236/236/236 234/234/234
f 236/236/236 237/237/237 234/234/234
f 236/236/236 238/238/238 237/237/237
f 238/238/238 239/239/239 237/237/237
f 239/239/239 238/238/238 240/240/240
f 238/238/238 241/241/241 240/240/240
f 241/241/241 238/238/238 242/242/242
f 238/238/238 243/243/243 242/242/242
f 236/236/236 235/235/235 244/244/244
f 235/235/235 233/233/233 244/244/244
f 245/245/245 236/236/236 244/244/244
f 238/238/238 236/236/236 245/245/245
f 243/243/243 238/238/238 245/245/245
f 233/233/233 246/246/246 244/244/244
f 233/233/233 228/228/228 246/246/246
f 228/228/228 229/229/229 246/246/246
f 249/249/249 248/248/248 247/247/247
f 250/250/250 249/249/249 247/247/247
f 249/249/249 251/251/251 248/248/248
f 251/251/251 252/252/252 248/248/248
f 252/252/252 251/251/251 253/253/253
f 251/251/251 254/254/254 253/253/253
f 257/257/257 256/256/256 255/255/255
f 258/258/258 257/257/257 255/255/255
f 261/261/261 260/260/260 259/259/259
f 262/262/262 261/261/261 259/259/259
f 263/263/263 261/261/261 262/262/262
f 264/264/264 263/263/263 262/262/262
f 260/260/260 265/265/265 259/259/259
f 265/265/265 266/266/266 259/259/259
f 265/265/265 267/267/267 266/266/266
f 267/267/267 268/268/268 266/266/266
f 268/268/268 267/267/267 269/269/269
f 267/267/267 270/270/270 269/269/269
f 269/269/269 270/270/270 271/271/271
f 270/270/270 272/272/272 271/271/271
f 272/272/272 273/273/273 271/271/271
f 273/273/273 274/274/274 271/271/271
f 273/273/273 275/275/275 274/274/274
f 275/275/275 276/276/276 274/274/274
f 276/276/276 275/275/275 277/277/277
f 275/275/275 278/278/278 277/277/277
f 277/277/277 278/278/278 279/279/279
f 278/278/278 280/280/280 279/279/279
f 278/278/278 275/275/275 281/281/281
f 278/278/278 281/281/281 282/282/282
f 282/282/282 281/281/281 283/283/283
f 281/281/281 284/284/284 283/283/283
f 281/281/281 285/285/285 284/284/284
f 275/275/275 285/285/285 281/281/281
f 285/285/285 286/286/286 284/284/284
f 287/287/287 278/278/278 282/282/282
f 284/284/284 288/288/288 283/283/283
f 288/288/288 289/289/289 283/283/283
f 288/288/288 290/290/290 289/289/289
f 290/290/290 291/291/291 289/289/289
f 291/291/291 290/290/290 292/292/292
f 290/290/290 293/293/293 292/292/292
f 292/292/292 293/293/293 294/294/294
f 293/293/293 295/295/295 294/294/294
f 293/293/293 296/296/296 295/295/295
f 296/296/296 297/297/297 295/295/295
f 298/298/298 296/296/296 293/293/293
f 290/290/290 298/298/298 293/293/293
f 298/298/298 290/290/290 288/288/288
f 295/295/295 299/299/299 294/294/294
f 299/299/299 300/300/300 294/294/294
f 299/299/299 301/301/301 300/300/300
f 301/301/301 302/302/302 300/300/300
f 303/303/303 299/299/299 295/295/295
f 297/297/297 303/303/303 295/295/295
f 304/304/304 301/301/301 299/299/299
f 303/303/303 304/304/304 299/299/299
f 300/300/300 305/305/305 294/294/294
f 305/305/305 306/306/306 294/294/294
f 305/305/305 307/307/307 306/306/306
f 307/307/307 308/308/308 306/306/306
f 309/309/309 305/305/305 300/300/300
f 302/302/302 309/309/309 300/300/300
f 310/310/310 307/307/307 305/305/305
f 309/309/309 310/310/310 305/305/305
f 308/308/308 311/311/311 306/306/306
f 311/311/311 312/312/312 306/306/306
f 306/306/306 312/312/312 294/294/294
f 312/312/312 292/292/292 294/294/294
f 312/312/312 313/313/313 292/292/292
f 313/313/313 291/291/291 292/292/292
f 314/314/314 313/313/313 312/312/312
f 311/311/311 314/314/314 312/312/312
f 309/309/309 302/302/302 315/315/315
f 316/316/316 309/309/309 315/315/315
f 310/310/310 317/317/317 316/316/316
f 318/318/318 310/310/310 316/316/316
f 291/291/291 313/313/313 289/289/289
f 313/313/313 319/319/319 289/289/289
f 313/313/313 314/314/314 319/319/319
f 289/289/289 319/319/319 283/283/283
f 319/319/319 320/320/320 283/283/283
f 319/319/319 321/321/321 320/320/320
f 314/314/314 321/321/321 319/319/319
f 321/321/321 322/322/322 320/320/320
f 320/320/320 323/323/323 283/283/283
f 323/323/323 282/282/282 283/283/283
f 323/323/323 324/324/324 282/282/282
f 324/324/324 287/287/287 282/282/282
f 287/287/287 324/324/324 325/325/325
f 324/324/324 326/326/326 325/325/325
f 324/324/324 327/327/327 326/326/326
f 327/327/327 324/324/324 323/323/323
f 327/327/327 328/328/328 326/326/326
f 328/328/328 327/327/327 329/329/329
f 327/327/327 330/330/330 329/329/329
f 329/329/329 330/330/330 331/331/331
f 330/330/330 332/332/332 331/331/331
f 332/332/332 333/333/333 331/331/331
f 333/333/333 334/334/334 331/331/331
f 333/333/333 335/335/335 334/334/334
f 335/335/335 336/336/336 334/334/334
f 336/336/336 335/335/335 337/337/337
f 335/335/335 338/338/338 337/337/337
f 337/337/337 338/338/338 339/339/339
f 338/338/338 340/340/340 339/339/339
f 340/340/340 341/341/341 339/339/339
f 341/341/341 342/342/342 339/339/339
f 341/341/341 343/343/343 342/342/342
f 343/343/343 318/318/318 342/342/342
f 346/346/346 345/345/345 344/344/344
f 347/347/347 346/346/346 344/344/344
f 350/350/350 349/349/349 348/348/348
f 351/351/351 350/350/350 348/348/348
f 354/354/354 353/353/353 352/352/352
f 355/355/355 354/354/354 352/352/352
f 353/353/353 354/354/354 356/356/356
f 354/354/354 357/357/357 356/356/356
f 356/356/356 357/357/357 358/358/358
f 357/357/357 359/359/359 358/358/358
f 359/359/359 360/360/360 358/358/358
f 360/360/360 361/361/361 358/358/358
f 364/364/364 363/363/363 362/362/362
f 365/365/365 364/364/364 362/362/362
f 368/368/368 367/367/367 366/366/366
f 369/369/369 368/368/368 366/366/366
f 367/367/367 368/368/368 370/370/370
f 368/368/368 371/371/371 370/370/370
f 374/374/374 373/373/373 372/372/372
f 375/375/375 374/374/374 372/372/372
f 378/378/378 377/377/377 376/376/376
f 379/379/379 378/378/378 376/376/376
f 377/377/377 378/378/378 380/380/380
f 378/378/378 381/381/381 380/380/380
f 381/381/381 378/378/378 382/382/382
f 378/378/378 383/383/383 382/382/382
f 382/382/382 383/383/383 384/384/384
f 383/383/383 385/385/385 384/384/384
f 385/385/385 386/386/386 384/384/384
f 386/386/386 387/387/387 384/384/384
f 386/386/386 388/388/388 387/387/387
f 388/388/388 389/389/389 387/387/387
f 389/389/389 388/388/388 390/390/390
f 388/388/388 391/391/391 390/390/390
f 391/391/391 388/388/388 392/392/392
f 388/388/388 393/393/393 392/392/392
f 386/386/386 385/385/385 394/394/394
f 385/385/385 383/383/383 394/394/394
f 395/395/395 386/386/386 394/394/394
f 388/388/388 386/386/386 395/395/395
f 393/393/393 388/388/388 395/395/395
f 383/383/383 396/396/396 394/394/394
f 383/383/383 378/378/378 396/396/396
f 378/378/378 379/379/379 396/396/396
f 393/393/393 398/398/398 397/397/397
f 397/397/397 398/398/398 399/399/399
f 398/398/398 400/400/400 399/399/399
f 401/401/401 393/393/393 397/397/397
f 400/400/400 402/402/402 399/399/399
f 402/402/402 403/403/403 399/399/399
f 402/402/402 404/404/404 403/403/403
f 404/404/404 405/405/405 403/403/403
f 407/407/407 401/401/401 406/406/406
f 408/408/408 407/407/407 406/406/406
f 408/408/408 406/406/406 409/409/409
f 410/410/410 408/408/408 409/409/409
f 411/411/411 410/410/410 409/409/409
f 412/412/412 411/411/411 409/409/409
f 411/411/411 413/413/413 410/410/410
f 413/413/413 414/414/414 410/410/410
f 415/415/415 411/411/411 412/412/412
f 416/416/416 415/415/415 412/412/412
f 417/417/417 413/413/413 411/411/411
f 415/415/415 417/417/417 411/411/411
f 414/414/414 413/413/413 418/418/418
f 413/413/413 419/419/419 418/418/418
f 417/417/417 420/420/420 419/419/419
f 420/420/420 417/417/417 421/421/421
f 417/417/417 422/422/422 421/421/421
f 422/422/422 417/417/417 423/423/423
f 422/422/422 423/423/423 424/424/424
f 425/425/425 422/422/422 424/424/424
f 422/422/422 425/425/425 426/426/426
f 421/421/421 422/422/422 426/426/426
f 427/427/427 417/417/417 419/419/419
f 430/430/430 429/429/429 428/428/428
f 431/431/431 430/430/430 428/428/428
f 434/434/434 433/433/433 432/432/432
f 435/435/435 434/434/434 432/432/432
f 438/438/438 437/437/437 436/436/436
f 439/439/439 438/438/438 436/436/436
f 438/438/438 439/439/439 440/440/440
f 441/441/441 438/438/438 440/440/440
f 444/444/444 443/443/443 442/442/442
f 445/445/445 444/444/444 442/442/442
f 448/448/448 447/447/447 446/446/446
f 449/449/449 448/448/448 446/446/446
f 452/452/452 451/451/451 450/450/450
f 453/453/453 452/452/452 450/450/450
f 456/456/456 455/455/455 454/454/454
f 457/457/457 456/456/456 454/454/454
f 460/460/460 459/459/459 458/458/458
f 461/461/461 460/460/460 458/458/458
f 464/464/464 463/463/463 462/462/462
f 467/467/467 466/466/466 465/465/465
f 470/470/470 469/469/469 468/468/468
f 473/473/473 472/472/472 471/471/471
f 476/476/476 475/475/475 474/474/474
f 479/479/479 478/478/478 477/477/477
f 480/480/480 479/479/479 477/477/477
f 483/483/483 482/482/482 481/481/481
f 486/486/486 485/485/485 484/484/484
f 489/489/489 488/488/488 487/487/487
f 490/490/490 489/489/489 487/487/487
f 493/493/493 492/492/492 491/491/491
f 494/494/494 493/493/493 491/491/491
f 301/301/301 496/496/496 495/495/495
f 302/302/302 301/301/301 495/495/495
f 304/304/304 264/264/264 496/496/496
f 497/497/497 304/304/304 496/496/496
f 500/500/500 499/499/499 498/498/498
f 501/501/501 500/500/500 498/498/498
f 502/502/502 500/500/500 501/501/501
f 503/503/503 502/502/502 501/501/501
f 502/502/502 503/503/503 504/504/504
f 505/505/505 502/502/502 504/504/504
f 505/505/505 504/504/504 506/506/506
f 507/507/507 505/505/505 506/506/506
f 508/508/508 507/507/507 506/506/506
f 509/509/509 508/508/508 506/506/506
f 510/510/510 508/508/508 509/509/509
f 511/511/511 510/510/510 509/509/509
f 510/510/510 511/511/511 512/512/512
f 513/513/513 510/510/510 512/512/512
f 513/513/513 512/512/512 514/514/514
f 515/515/515 513/513/513 514/514/514
f 516/516/516 515/515/515 514/514/514
f 517/517/517 516/516/516 514/514/514
f 518/518/518 516/516/516 517/517/517
f 519/519/519 518/518/518 517/517/517
f 518/518/518 519/519/519 520/520/520
f 521/521/521 518/518/518 520/520/520
f 524/524/524 523/523/523 522/522/522
f 525/525/525 524/524/524 522/522/522
f 526/526/526 524/524/524 525/525/525
f 527/527/527 526/526/526 525/525/525
f 526/526/526 527/527/527 528/528/528
f 529/529/529 526/526/526 528/528/528
f 529/529/529 528/528/528 530/530/530
f 531/531/531 529/529/529 530/530/530
f 532/532/532 531/531/531 530/530/530
f 533/533/533 532/532/532 530/530/530
f 534/534/534 532/532/532 533/533/533
f 535/535/535 534/534/534 533/533/533
f 534/534/534 535/535/535 536/536/536
f 537/537/537 534/534/534 536/536/536
f 537/537/537 536/536/536 538/538/538
f 539/539/539 537/537/537 538/538/538
f 540/540/540 539/539/539 538/538/538
f 541/541/541 540/540/540 538/538/538
f 542/542/542 540/540/540 541/541/541
f 543/543/543 542/542/542 541/541/541
f 542/542/542 543/543/543 544/544/544
f 545/545/545 542/542/542 544/544/544
f 537/537/537 539/539/539 546/546/546
f 539/539/539 540/540/540 546/546/546
f 547/547/547 537/537/537 546/546/546
f 534/534/534 537/537/537 547/547/547
f 548/548/548 534/534/534 547/547/547
f 540/540/540 549/549/549 546/546/546
f 540/540/540 542/542/542 549/549/549
f 542/542/542 550/550/550 549/549/549
f 542/542/542 545/545/545 551/551/551
f 550/550/550 542/542/542 551/551/551
f 534/534/534 548/548/548 552/552/552
f 532/532/532 534/534/534 552/552/552
f 532/532/532 552/552/552 553/553/553
f 531/531/531 532/532/532 553/553/553
f 529/529/529 531/531/531 553/553/553
f 554/554/554 529/529/529 553/553/553
f 526/526/526 529/529/529 554/554/554
f 555/555/555 526/526/526 554/554/554
f 526/526/526 555/555/555 556/556/556
f 524/524/524 526/526/526 556/556/556
f 524/524/524 556/556/556 557/557/557
f 523/523/523 524/524/524 557/557/557
f 560/560/560 559/559/559 558/558/558
f 561/561/561 560/560/560 558/558/558
f 564/564/564 563/563/563 562/562/562
f 565/565/565 564/564/564 562/562/562
f 568/568/568 567/567/567 566/566/566
f 569/569/569 568/568/568 566/566/566
f 567/567/567 568/568/568 570/570/570
f 568/568/568 571/571/571 570/570/570
f 570/570/570 571/571/571 572/572/572
f 571/571/571 573/573/573 572/572/572
f 573/573/573 574/574/574 572/572/572
f 574/574/574 575/575/575 572/572/572
f 574/574/574 576/576/576 575/575/575
f 576/576/576 577/577/577 575/575/575
f 577/577/577 576/576/576 578/578/578
f 576/576/576 579/579/579 578/578/578
f 578/578/578 579/579/579 580/580/580
f 579/579/579 581/581/581 580/580/580
f 581/581/581 582/582/582 580/580/580
f 582/582/582 583/583/583 580/580/580
f 582/582/582 584/584/584 583/583/583
f 584/584/584 585/585/585 583/583/583
f 585/585/585 584/584/584 586/586/586
f 584/584/584 587/587/587 586/586/586
f 590/590/590 589/589/589 588/588/588
f 591/591/591 590/590/590 588/588/588
f 590/590/590 592/592/592 589/589/589
f 592/592/592 593/593/593 589/589/589
f 593/593/593 592/592/592 594/594/594
f 592/592/592 595/595/595 594/594/594
f 594/594/594 595/595/595 596/596/596
f 595/595/595 597/597/597 596/596/596
f 597/597/597 598/598/598 596/596/596
f 598/598/598 599/599/599 596/596/596
f 598/598/598 600/600/600 599/599/599
f 600/600/600 601/601/601 599/599/599
f 598/598/598 597/597/597 602/602/602
f 597/597/597 595/595/595 602/602/602
f 603/603/603 598/598/598 602/602/602
f 600/600/600 598/598/598 603/603/603
f 604/604/604 600/600/600 603/603/603
f 595/595/595 605/605/605 602/602/602
f 595/595/595 592/592/592 605/605/605
f 592/592/592 606/606/606 605/605/605
f 606/606/606 592/592/592 607/607/607
f 592/592/592 590/590/590 607/607/607
f 607/607/607 590/590/590 608/608/608
f 590/590/590 591/591/591 608/608/608
f 600/600/600 604/604/604 609/609/609
f 610/610/610 600/600/600 609/609/609
f 610/610/610 609/609/609 611/611/611
f 612/612/612 610/610/610 611/611/611
f 613/613/613 612/612/612 611/611/611
f 614/614/614 613/613/613 611/611/611
f 615/615/615 613/613/613 614/614/614
f 616/616/616 615/615/615 614/614/614
f 615/615/615 616/616/616 617/617/617
f 618/618/618 615/615/615 617/617/617
f 615/615/615 618/618/618 619/619/619
f 620/620/620 615/615/615 619/619/619
f 610/610/610 612/612/612 621/621/621
f 612/612/612 613/613/613 621/621/621
f 622/622/622 610/610/610 621/621/621
f 600/600/600 610/610/610 622/622/622
f 601/601/601 600/600/600 622/622/622
f 613/613/613 623/623/623 621/621/621
f 615/615/615 620/620/620 623/623/623
f 613/613/613 615/615/615 623/623/623
f 626/626/626 625/625/625 624/624/624
f 627/627/627 626/626/626 624/624/624
f 630/630/630 629/629/629 628/628/628
f 631/631/631 630/630/630 628/628/628
f 634/634/634 633/633/633 632/632/632
f 635/635/635 634/634/634 632/632/632
f 634/634/634 635/635/635 636/636/636
f 637/637/637 634/634/634 636/636/636
f 640/640/640 639/639/639 638/638/638
f 641/641/641 640/640/640 638/638/638
f 640/640/640 641/641/641 642/642/642
f 643/643/643 640/640/640 642/642/642
f 643/643/643 642/642/642 644/644/644
f 645/645/645 643/643/643 644/644/644
f 648/648/648 647/647/647 646/646/646
f 649/649/649 648/648/648 646/646/646
f 652/652/652 651/651/651 650/650/650
f 653/653/653 652/652/652 650/650/650
f 651/651/651 652/652/652 654/654/654
f 652/652/652 655/655/655 654/654/654
f 658/658/658 657/657/657 656/656/656
f 659/659/659 658/658/658 656/656/656
f 662/662/662 661/661/661 660/660/660
f 663/663/663 662/662/662 660/660/660
f 661/661/661 662/662/662 664/664/664
f 662/662/662 665/665/665 664/664/664
f 664/664/664 665/665/665 666/666/666
f 665/665/665 667/667/667 666/666/666
f 670/670/670 669/669/669 668/668/668
f 671/671/671 670/670/670 668/668/668
f 672/672/672 670/670/670 671/671/671
f 673/673/673 672/672/672 671/671/671
f 672/672/672 673/673/673 674/674/674
f 675/675/675 672/672/672 674/674/674
f 675/675/675 674/674/674 676/676/676
f 677/677/677 675/675/675 676/676/676
f 679/679/679 678/678/678 677/677/677
f 678/678/678 679/679/679 680/680/680
f 679/679/679 681/681/681 680/680/680
f 682/682/682 679/679/679 677/677/677
f 685/685/685 684/684/684 683/683/683
f 686/686/686 685/685/685 683/683/683
f 685/685/685 687/687/687 684/684/684
f 687/687/687 688/688/688 684/684/684
f 688/688/688 687/687/687 689/689/689
f 687/687/687 690/690/690 689/689/689
f 689/689/689 690/690/690 691/691/691
f 690/690/690 196/196/196 691/691/691
f 694/694/694 693/693/693 692/692/692
f 695/695/695 694/694/694 692/692/692
f 698/698/698 697/697/697 696/696/696
f 699/699/699 698/698/698 696/696/696
f 697/697/697 698/698/698 700/700/700
f 698/698/698 701/701/701 700/700/700
f 704/704/704 703/703/703 702/702/702
f 705/705/705 704/704/704 702/702/702
f 708/708/708 707/707/707 706/706/706
f 709/709/709 708/708/708 706/706/706
f 708/708/708 709/709/709 710/710/710
f 711/711/711 708/708/708 710/710/710
f 714/714/714 713/713/713 712/712/712
f 715/715/715 714/714/714 712/712/712
f 718/718/718 717/717/717 716/716/716
f 719/719/719 718/718/718 716/716/716
f 717/717/717 718/718/718 720/720/720
f 718/718/718 721/721/721 720/720/720
f 724/724/724 723/723/723 722/722/722
f 725/725/725 724/724/724 722/722/722
f 728/728/728 727/727/727 726/726/726
f 729/729/729 728/728/728 726/726/726
f 728/728/728 729/729/729 730/730/730
f 731/731/731 728/728/728 730/730/730
f 734/734/734 733/733/733 732/732/732
f 735/735/735 734/734/734 732/732/732
f 738/738/738 737/737/737 736/736/736
f 739/739/739 738/738/738 736/736/736
f 742/742/742 741/741/741 740/740/740
f 743/743/743 742/742/742 740/740/740
f 742/742/742 743/743/743 744/744/744
f 745/745/745 742/742/742 744/744/744
f 745/745/745 744/744/744 746/746/746
f 747/747/747 745/745/745 746/746/746
f 748/748/748 747/747/747 746/746/746
f 749/749/749 748/748/748 746/746/746
f 750/750/750 748/748/748 749/749/749
f 751/751/751 750/750/750 749/749/749
f 750/750/750 751/751/751 752/752/752
f 753/753/753 750/750/750 752/752/752
f 756/756/756 755/755/755 754/754/754
f 757/757/757 756/756/756 754/754/754
f 756/756/756 757/757/757 758/758/758
f 759/759/759 756/756/756 758/758/758
f 759/759/759 758/758/758 760/760/760
f 761/761/761 759/759/759 760/760/760
f 762/762/762 761/761/761 760/760/760
f 763/763/763 762/762/762 760/760/760
f 764/764/764 762/762/762 763/763/763
f 765/765/765 764/764/764 763/763/763
f 764/764/764 765/765/765 766/766/766
f 767/767/767 764/764/764 766/766/766
f 767/767/767 766/766/766 768/768/768
f 769/769/769 767/767/767 768/768/768
f 772/772/772 771/771/771 770/770/770
f 773/773/773 772/772/772 770/770/770
f 776/776/776 775/775/775 774/774/774
f 777/777/777 776/776/776 774/774/774
f 775/775/775 776/776/776 778/778/778
f 776/776/776 779/779/779 778/778/778
f 778/778/778 779/779/779 780/780/780
f 779/779/779 781/781/781 780/780/780
f 781/781/781 782/782/782 780/780/780
f 782/782/782 783/783/783 780/780/780
f 782/782/782 784/784/784 783/783/783
f 784/784/784 785/785/785 783/783/783
f 785/785/785 784/784/784 786/786/786
f 784/784/784 787/787/787 786/786/786
f 790/790/790 789/789/789 788/788/788
f 791/791/791 790/790/790 788/788/788
f 794/794/794 793/793/793 792/792/792
f 795/795/795 794/794/794 792/792/792
f 793/793/793 794/794/794 796/796/796
f 794/794/794 797/797/797 796/796/796
f 796/796/796 797/797/797 798/798/798
f 797/797/797 799/799/799 798/798/798
f 799/799/799 800/800/800 798/798/798
f 800/800/800 801/801/801 798/798/798
f 800/800/800 802/802/802 801/801/801
f 802/802/802 803/803/803 801/801/801
f 803/803/803 802/802/802 804/804/804
f 802/802/802 805/805/805 804/804/804
f 804/804/804 805/805/805 806/806/806
f 805/805/805 807/807/807 806/806/806
f 810/810/810 809/809/809 808/808/808
f 811/811/811 810/810/810 808/808/808
f 814/814/814 813/813/813 812/812/812
f 815/815/815 814/814/814 812/812/812
f 814/814/814 815/815/815 816/816/816
f 817/817/817 814/814/814 816/816/816
f 817/817/817 816/816/816 818/818/818
f 819/819/819 817/817/817 818/818/818
f 820/820/820 819/819/819 818/818/818
f 821/821/821 820/820/820 818/818/818
f 822/822/822 820/820/820 821/821/821
f 823/823/823 822/822/822 821/821/821
f 822/822/822 823/823/823 824/824/824
f 825/825/825 822/822/822 824/824/824
f 828/828/828 827/827/827 826/826/826
f 829/829/829 828/828/828 826/826/826
f 832/832/832 831/831/831 830/830/830
f 833/833/833 832/832/832 830/830/830
f 831/831/831 832/832/832 834/834/834
f 832/832/832 835/835/835 834/834/834
f 834/834/834 835/835/835 836/836/836
f 835/835/835 837/837/837 836/836/836
f 837/837/837 838/838/838 836/836/836
f 838/838/838 839/839/839 836/836/836
f 838/838/838 840/840/840 839/839/839
f 840/840/840 841/841/841 839/839/839
f 841/841/841 840/840/840 842/842/842
f 840/840/840 843/843/843 842/842/842
f 846/846/846 845/845/845 844/844/844
f 847/847/847 846/846/846 844/844/844
f 850/850/850 849/849/849 848/848/848
f 851/851/851 850/850/850 848/848/848
f 854/854/854 853/853/853 852/852/852
f 855/855/855 854/854/854 852/852/852
f 858/858/858 857/857/857 856/856/856
f 859/859/859 858/858/858 856/856/856
f 860/860/860 858/858/858 859/859/859
f 861/861/861 860/860/860 859/859/859
f 857/857/857 862/862/862 856/856/856
f 862/862/862 863/863/863 856/856/856
f 860/860/860 861/861/861 864/864/864
f 866/866/866 864/864/864 865/865/865
f 867/867/867 866/866/866 865/865/865
f 868/868/868 867/867/867 865/865/865
f 869/869/869 868/868/868 865/865/865
f 872/872/872 871/871/871 870/870/870
f 873/873/873 872/872/872 870/870/870
f 876/876/876 875/875/875 874/874/874
f 877/877/877 876/876/876 874/874/874
f 878/878/878 876/876/876 877/877/877
f 879/879/879 878/878/878 877/877/877
f 875/875/875 880/880/880 874/874/874
f 880/880/880 881/881/881 874/874/874
f 880/880/880 882/882/882 881/881/881
f 882/882/882 883/883/883 881/881/881
f 883/883/883 882/882/882 884/884/884
f 882/882/882 885/885/885 884/884/884
f 878/878/878 879/879/879 886/886/886
f 887/887/887 878/878/878 886/886/886
f 887/887/887 886/886/886 888/888/888
f 889/889/889 887/887/887 888/888/888
f 890/890/890 889/889/889 888/888/888
f 891/891/891 890/890/890 888/888/888
f 892/892/892 890/890/890 891/891/891
f 893/893/893 892/892/892 891/891/891
f 892/892/892 893/893/893 894/894/894
f 895/895/895 892/892/892 894/894/894
f 898/898/898 897/897/897 896/896/896
f 899/899/899 898/898/898 896/896/896
f 900/900/900 898/898/898 899/899/899
f 901/901/901 900/900/900 899/899/899
f 897/897/897 902/902/902 896/896/896
f 902/902/902 903/903/903 896/896/896
f 902/902/902 904/904/904 903/903/903
f 904/904/904 905/905/905 903/903/903
f 905/905/905 904/904/904 906/906/906
f 904/904/904 907/907/907 906/906/906
f 900/900/900 901/901/901 908/908/908
f 909/909/909 900/900/900 908/908/908
f 909/909/909 908/908/908 910/910/910
f 911/911/911 909/909/909 910/910/910
f 912/912/912 911/911/911 910/910/910
f 913/913/913 912/912/912 910/910/910
f 914/914/914 912/912/912 913/913/913
f 915/915/915 914/914/914 913/913/913
f 914/914/914 915/915/915 916/916/916
f 917/917/917 914/914/914 916/916/916
f 920/920/920 919/919/919 918/918/918
f 921/921/921 920/920/920 918/918/918
f 919/919/919 922/922/922 918/918/918
f 922/922/922 923/923/923 918/918/918
f 922/922/922 924/924/924 923/923/923
f 924/924/924 925/925/925 923/923/923
f 925/925/925 924/924/924 926/926/926
f 924/924/924 927/927/927 926/926/926
f 926/926/926 927/927/927 928/928/928
f 927/927/927 929/929/929 928/928/928
f 929/929/929 930/930/930 928/928/928
f 930/930/930 931/931/931 928/928/928
f 930/930/930 932/932/932 931/931/931
f 932/932/932 933/933/933 931/931/931
f 933/933/933 932/932/932 934/934/934
f 932/932/932 935/935/935 934/934/934
f 936/936/936 37/37/37 921/921/921
f 937/937/937 936/936/936 921/921/921
f 936/936/936 937/937/937 938/938/938
f 939/939/939 936/936/936 938/938/938
f 939/939/939 938/938/938 940/940/940
f 941/941/941 939/939/939 940/940/940
f 944/944/944 943/943/943 942/942/942
f 945/945/945 944/944/944 942/942/942
f 948/948/948 947/947/947 946/946/946
f 949/949/949 948/948/948 946/946/946
f 952/952/952 951/951/951 950/950/950
f 953/953/953 952/952/952 950/950/950
f 956/956/956 955/955/955 954/954/954
f 957/957/957 956/956/956 954/954/954
f 958/958/958 956/956/956 957/957/957
f 959/959/959 958/958/958 957/957/957
f 955/955/955 960/960/960 954/954/954
f 960/960/960 961/961/961 954/954/954
f 960/960/960 962/962/962 961/961/961
f 962/962/962 963/963/963 961/961/961
f 961/961/961 964/964/964 954/954/954
f 964/964/964 965/965/965 954/954/954
f 966/966/966 964/964/964 961/961/961
f 963/963/963 966/966/966 961/961/961
f 967/967/967 957/957/957 954/954/954
f 965/965/965 967/967/967 954/954/954
f 968/968/968 959/959/959 957/957/957
f 967/967/967 968/968/968 957/957/957
f 966/966/966 963/963/963 969/969/969
f 970/970/970 966/966/966 969/969/969
f 970/970/970 969/969/969 971/971/971
f 972/972/972 970/970/970 971/971/971
f 969/969/969 973/973/973 971/971/971
f 973/973/973 974/974/974 971/971/971
f 962/962/962 973/973/973 975/975/975
f 963/963/963 962/962/962 975/975/975
f 968/968/968 977/977/977 976/976/976
f 976/976/976 977/977/977 978/978/978
f 979/979/979 976/976/976 978/978/978
f 980/980/980 979/979/979 978/978/978
f 981/981/981 980/980/980 978/978/978
f 982/982/982 981/981/981 978/978/978
f 983/983/983 981/981/981 982/982/982
f 984/984/984 983/983/983 982/982/982
f 983/983/983 984/984/984 985/985/985
f 984/984/984 986/986/986 985/985/985
f 986/986/986 984/984/984 982/982/982
f 986/986/986 987/987/987 985/985/985
f 988/988/988 983/983/983 985/985/985
f 979/979/979 958/958/958 976/976/976
f 958/958/958 959/959/959 976/976/976
f 977/977/977 989/989/989 978/978/978
f 959/959/959 968/968/968 976/976/976
f 990/990/990 982/982/982 978/978/978
f 989/989/989 990/990/990 978/978/978
f 990/990/990 986/986/986 982/982/982
f 993/993/993 992/992/992 991/991/991
f 994/994/994 993/993/993 991/991/991
f 995/995/995 993/993/993 994/994/994
f 996/996/996 995/995/995 994/994/994
f 992/992/992 997/997/997 991/991/991
f 997/997/997 998/998/998 991/991/991
f 997/997/997 999/999/999 998/998/998
f 999/999/999 1000/1000/1000 998/998/998
f 1000/1000/1000 999/999/999 1001/1001/1001
f 999/999/999 1002/1002/1002 1001/1001/1001
f 995/995/995 996/996/996 1003/1003/1003
f 1004/1004/1004 995/995/995 1003/1003/1003
f 1004/1004/1004 1003/1003/1003 1005/1005/1005
f 1006/1006/1006 1004/1004/1004 1005/1005/1005
f 1007/1007/1007 1006/1006/1006 1005/1005/1005
f 1008/1008/1008 1007/1007/1007 1005/1005/1005
f 1009/1009/1009 1007/1007/1007 1008/1008/1008
f 1010/1010/1010 1009/1009/1009 1008/1008/1008
f 1009/1009/1009 1010/1010/1010 1011/1011/1011
f 1012/1012/1012 1009/1009/1009 1011/1011/1011
f 1015/1015/1015 1014/1014/1014 1013/1013/1013
f 1016/1016/1016 1015/1015/1015 1013/1013/1013
f 1017/1017/1017 1015/1015/1015 1016/1016/1016
f 1018/1018/1018 1017/1017/1017 1016/1016/1016
f 1014/1014/1014 1019/1019/1019 1013/1013/1013
f 1019/1019/1019 1020/1020/1020 1013/1013/1013
f 1019/1019/1019 1021/1021/1021 1020/1020/1020
f 1021/1021/1021 1022/1022/1022 1020/1020/1020
f 1017/1017/1017 1018/1018/1018 1023/1023/1023
f 1024/1024/1024 1017/1017/1017 1023/1023/1023
f 1022/1022/1022 1021/1021/1021 1025/1025/1025
f 1021/1021/1021 1026/1026/1026 1025/1025/1025
f 1025/1025/1025 1026/1026/1026 1027/1027/1027
f 1026/1026/1026 1028/1028/1028 1027/1027/1027
f 1028/1028/1028 1029/1029/1029 1027/1027/1027
f 1029/1029/1029 1030/1030/1030 1027/1027/1027
f 1029/1029/1029 1031/1031/1031 1030/1030/1030
f 1031/1031/1031 1032/1032/1032 1030/1030/1030
f 1032/1032/1032 1031/1031/1031 1033/1033/1033
f 1031/1031/1031 1034/1034/1034 1033/1033/1033
f 1037/1037/1037 1036/1036/1036 1035/1035/1035
f 1038/1038/1038 1037/1037/1037 1035/1035/1035
f 1039/1039/1039 1037/1037/1037 1038/1038/1038
f 1040/1040/1040 1039/1039/1039 1038/1038/1038
f 1036/1036/1036 1041/1041/1041 1035/1035/1035
f 1041/1041/1041 1042/1042/1042 1035/1035/1035
f 1041/1041/1041 1043/1043/1043 1042/1042/1042
f 1043/1043/1043 1044/1044/1044 1042/1042/1042
f 1045/1045/1045 1040/1040/1040 1038/1038/1038
f 1046/1046/1046 1045/1045/1045 1038/1038/1038
f 1046/1046/1046 1038/1038/1038 1047/1047/1047
f 1042/1042/1042 1048/1048/1048 1047/1047/1047
f 1048/1048/1048 1049/1049/1049 1047/1047/1047
f 1049/1049/1049 1046/1046/1046 1047/1047/1047
f 1044/1044/1044 1043/1043/1043 1050/1050/1050
f 1051/1051/1051 1044/1044/1044 1050/1050/1050
f 1051/1051/1051 1048/1048/1048 1052/1052/1052
f 1044/1044/1044 1051/1051/1051 1052/1052/1052
f 1053/1053/1053 1051/1051/1051 1050/1050/1050
f 1043/1043/1043 1054/1054/1054 1050/1050/1050
f 1039/1039/1039 1040/1040/1040 1055/1055/1055
f 1056/1056/1056 1039/1039/1039 1055/1055/1055
f 1056/1056/1056 1055/1055/1055 1057/1057/1057
f 1058/1058/1058 1056/1056/1056 1057/1057/1057
f 1059/1059/1059 1058/1058/1058 1057/1057/1057
f 1060/1060/1060 1059/1059/1059 1057/1057/1057
f 1061/1061/1061 1059/1059/1059 1060/1060/1060
f 1062/1062/1062 1061/1061/1061 1060/1060/1060
f 1061/1061/1061 1062/1062/1062 1063/1063/1063
f 1062/1062/1062 1064/1064/1064 1063/1063/1063
f 1064/1064/1064 1062/1062/1062 1060/1060/1060
f 1064/1064/1064 1065/1065/1065 1063/1063/1063
f 1066/1066/1066 1061/1061/1061 1063/1063/1063
f 1055/1055/1055 1067/1067/1067 1057/1057/1057
f 1067/1067/1067 1068/1068/1068 1057/1057/1057
f 1045/1045/1045 1067/1067/1067 1055/1055/1055
f 1040/1040/1040 1045/1045/1045 1055/1055/1055
f 1069/1069/1069 1060/1060/1060 1057/1057/1057
f 1068/1068/1068 1069/1069/1069 1057/1057/1057
f 1069/1069/1069 1064/1064/1064 1060/1060/1060
f 1072/1072/1072 1071/1071/1071 1070/1070/1070
f 1073/1073/1073 1072/1072/1072 1070/1070/1070
f 1074/1074/1074 1072/1072/1072 1073/1073/1073
f 1075/1075/1075 1074/1074/1074 1073/1073/1073
f 1071/1071/1071 1076/1076/1076 1070/1070/1070
f 1076/1076/1076 1077/1077/1077 1070/1070/1070
f 1076/1076/1076 1078/1078/1078 1077/1077/1077
f 1078/1078/1078 1079/1079/1079 1077/1077/1077
f 1079/1079/1079 1078/1078/1078 1080/1080/1080
f 1078/1078/1078 1081/1081/1081 1080/1080/1080
f 1074/1074/1074 1075/1075/1075 1082/1082/1082
f 1083/1083/1083 1074/1074/1074 1082/1082/1082
f 1083/1083/1083 1082/1082/1082 1084/1084/1084
f 1085/1085/1085 1083/1083/1083 1084/1084/1084
f 1086/1086/1086 1085/1085/1085 1084/1084/1084
f 1087/1087/1087 1086/1086/1086 1084/1084/1084
f 1088/1088/1088 1086/1086/1086 1087/1087/1087
f 1089/1089/1089 1088/1088/1088 1087/1087/1087
f 1088/1088/1088 1089/1089/1089 1090/1090/1090
f 1091/1091/1091 1088/1088/1088 1090/1090/1090
f 1094/1094/1094 1093/1093/1093 1092/1092/1092
f 1095/1095/1095 1094/1094/1094 1092/1092/1092
f 1096/1096/1096 1094/1094/1094 1095/1095/1095
f 1097/1097/1097 1096/1096/1096 1095/1095/1095
f 1093/1093/1093 1098/1098/1098 1092/1092/1092
f 1098/1098/1098 1099/1099/1099 1092/1092/1092
f 1098/1098/1098 1100/1100/1100 1099/1099/1099
f 1100/1100/1100 1101/1101/1101 1099/1099/1099
f 1096/1096/1096 1097/1097/1097 1102/1102/1102
f 1103/1103/1103 1096/1096/1096 1102/1102/1102
f 1101/1101/1101 1100/1100/1100 1104/1104/1104
f 1100/1100/1100 1105/1105/1105 1104/1104/1104
f 1104/1104/1104 1105/1105/1105 1106/1106/1106
f 1105/1105/1105 1107/1107/1107 1106/1106/1106
f 1107/1107/1107 1108/1108/1108 1106/1106/1106
f 1108/1108/1108 1109/1109/1109 1106/1106/1106
f 1108/1108/1108 1110/1110/1110 1109/1109/1109
f 1110/1110/1110 1111/1111/1111 1109/1109/1109
f 1111/1111/1111 1110/1110/1110 1112/1112/1112
f 1110/1110/1110 1113/1113/1113 1112/1112/1112
f 1116/1116/1116 1115/1115/1115 1114/1114/1114
f 1117/1117/1117 1116/1116/1116 1114/1114/1114
f 1118/1118/1118 1116/1116/1116 1117/1117/1117
f 1119/1119/1119 1118/1118/1118 1117/1117/1117
f 1115/1115/1115 1120/1120/1120 1114/1114/1114
f 1120/1120/1120 1121/1121/1121 1114/1114/1114
f 1120/1120/1120 1122/1122/1122 1121/1121/1121
f 1122/1122/1122 1123/1123/1123 1121/1121/1121
f 1121/1121/1121 1124/1124/1124 1114/1114/1114
f 1124/1124/1124 1125/1125/1125 1114/1114/1114
f 1126/1126/1126 1124/1124/1124 1121/1121/1121
f 1123/1123/1123 1126/1126/1126 1121/1121/1121
f 1127/1127/1127 1117/1117/1117 1114/1114/1114
f 1125/1125/1125 1127/1127/1127 1114/1114/1114
f 1126/1126/1126 1123/1123/1123 1128/1128/1128
f 1123/1123/1123 1122/1122/1122 1128/1128/1128
f 1129/1129/1129 1126/1126/1126 1128/1128/1128
f 1122/1122/1122 1130/1130/1130 1128/1128/1128
f 1118/1118/1118 1119/1119/1119 1131/1131/1131
f 1132/1132/1132 1118/1118/1118 1131/1131/1131
f 1132/1132/1132 1131/1131/1131 1133/1133/1133
f 1134/1134/1134 1132/1132/1132 1133/1133/1133
f 1135/1135/1135 1134/1134/1134 1133/1133/1133
f 1136/1136/1136 1135/1135/1135 1133/1133/1133
f 1137/1137/1137 1135/1135/1135 1136/1136/1136
f 1138/1138/1138 1137/1137/1137 1136/1136/1136
f 1137/1137/1137 1138/1138/1138 1139/1139/1139
f 1138/1138/1138 1140/1140/1140 1139/1139/1139
f 1140/1140/1140 1138/1138/1138 1136/1136/1136
f 1140/1140/1140 1141/1141/1141 1139/1139/1139
f 1142/1142/1142 1137/1137/1137 1139/1139/1139
f 1131/1131/1131 1143/1143/1143 1133/1133/1133
f 1143/1143/1143 1144/1144/1144 1133/1133/1133
f 1145/1145/1145 1143/1143/1143 1131/1131/1131
f 1119/1119/1119 1145/1145/1145 1131/1131/1131
f 1145/1145/1145 1119/1119/1119 1146/1146/1146
f 1127/1127/1127 1145/1145/1145 1146/1146/1146
f 1147/1147/1147 1136/1136/1136 1133/1133/1133
f 1147/1147/1147 1140/1140/1140 1136/1136/1136
f 1144/1144/1144 1147/1147/1147 1133/1133/1133
f 1150/1150/1150 1149/1149/1149 1148/1148/1148
f 1151/1151/1151 1150/1150/1150 1148/1148/1148
f 1152/1152/1152 1150/1150/1150 1151/1151/1151
f 1153/1153/1153 1152/1152/1152 1151/1151/1151
f 1149/1149/1149 1154/1154/1154 1148/1148/1148
f 1154/1154/1154 1155/1155/1155 1148/1148/1148
f 1154/1154/1154 1156/1156/1156 1155/1155/1155
f 1156/1156/1156 1157/1157/1157 1155/1155/1155
f 1157/1157/1157 1156/1156/1156 1158/1158/1158
f 1156/1156/1156 1159/1159/1159 1158/1158/1158
f 1152/1152/1152 1153/1153/1153 1160/1160/1160
f 1161/1161/1161 1152/1152/1152 1160/1160/1160
f 1161/1161/1161 1160/1160/1160 1162/1162/1162
f 1163/1163/1163 1161/1161/1161 1162/1162/1162
f 1164/1164/1164 1163/1163/1163 1162/1162/1162
f 1165/1165/1165 1164/1164/1164 1162/1162/1162
f 1166/1166/1166 1164/1164/1164 1165/1165/1165
f 1167/1167/1167 1166/1166/1166 1165/1165/1165
f 1166/1166/1166 1167/1167/1167 1168/1168/1168
f 1169/1169/1169 1166/1166/1166 1168/1168/1168
f 1172/1172/1172 1171/1171/1171 1170/1170/1170
f 1173/1173/1173 1172/1172/1172 1170/1170/1170
f 1174/1174/1174 1172/1172/1172 1173/1173/1173
f 1175/1175/1175 1174/1174/1174 1173/1173/1173
f 1171/1171/1171 1176/1176/1176 1170/1170/1170
f 1176/1176/1176 1177/1177/1177 1170/1170/1170
f 1176/1176/1176 1178/1178/1178 1177/1177/1177
f 1178/1178/1178 1179/1179/1179 1177/1177/1177
f 1174/1174/1174 1175/1175/1175 1180/1180/1180
f 1181/1181/1181 1174/1174/1174 1180/1180/1180
f 1179/1179/1179 1178/1178/1178 1182/1182/1182
f 1178/1178/1178 1183/1183/1183 1182/1182/1182
f 1182/1182/1182 1183/1183/1183 1184/1184/1184
f 1183/1183/1183 1185/1185/1185 1184/1184/1184
f 1185/1185/1185 1186/1186/1186 1184/1184/1184
f 1186/1186/1186 1187/1187/1187 1184/1184/1184
f 1186/1186/1186 1188/1188/1188 1187/1187/1187
f 1188/1188/1188 1189/1189/1189 1187/1187/1187
f 1189/1189/1189 1188/1188/1188 1190/1190/1190
f 1188/1188/1188 1191/1191/1191 1190/1190/1190
f 1194/1194/1194 1193/1193/1193 1192/1192/1192
f 1195/1195/1195 1194/1194/1194 1192/1192/1192
f 1196/1196/1196 1194/1194/1194 1195/1195/1195
f 1197/1197/1197 1196/1196/1196 1195/1195/1195
f 1196/1196/1196 1197/1197/1197 1198/1198/1198
f 1199/1199/1199 1196/1196/1196 1198/1198/1198
f 1199/1199/1199 1198/1198/1198 1200/1200/1200
f 1201/1201/1201 1199/1199/1199 1200/1200/1200
f 1202/1202/1202 1201/1201/1201 1200/1200/1200
f 1203/1203/1203 1202/1202/1202 1200/1200/1200
f 1204/1204/1204 1202/1202/1202 1203/1203/1203
f 1205/1205/1205 1204/1204/1204 1203/1203/1203
f 1204/1204/1204 1205/1205/1205 1206/1206/1206
f 1207/1207/1207 1204/1204/1204 1206/1206/1206
f 1209/1209/1209 1208/1208/1208 1192/1192/1192
f 1209/1209/1209 1210/1210/1210 1208/1208/1208
f 1210/1210/1210 1211/1211/1211 1208/1208/1208
f 1211/1211/1211 1210/1210/1210 1212/1212/1212
f 1210/1210/1210 1213/1213/1213 1212/1212/1212
f 1212/1212/1212 1213/1213/1213 1214/1214/1214
f 1213/1213/1213 1215/1215/1215 1214/1214/1214
f 602/602/602 1209/1209/1209 1192/1192/1192
f 1218/1218/1218 1217/1217/1217 1216/1216/1216
f 1219/1219/1219 1218/1218/1218 1216/1216/1216
f 1220/1220/1220 1218/1218/1218 1219/1219/1219
f 1221/1221/1221 1220/1220/1220 1219/1219/1219
f 1217/1217/1217 1222/1222/1222 1216/1216/1216
f 1222/1222/1222 1223/1223/1223 1216/1216/1216
f 1222/1222/1222 1224/1224/1224 1223/1223/1223
f 1224/1224/1224 1225/1225/1225 1223/1223/1223
f 1220/1220/1220 1221/1221/1221 1226/1226/1226
f 1227/1227/1227 1220/1220/1220 1226/1226/1226
f 1225/1225/1225 1224/1224/1224 1228/1228/1228
f 1224/1224/1224 1229/1229/1229 1228/1228/1228
f 1228/1228/1228 1229/1229/1229 1230/1230/1230
f 1229/1229/1229 1231/1231/1231 1230/1230/1230
f 1231/1231/1231 1232/1232/1232 1230/1230/1230
f 1232/1232/1232 1233/1233/1233 1230/1230/1230
f 1232/1232/1232 1234/1234/1234 1233/1233/1233
f 1234/1234/1234 1235/1235/1235 1233/1233/1233
f 1235/1235/1235 1234/1234/1234 1236/1236/1236
f 1234/1234/1234 1237/1237/1237 1236/1236/1236
f 1240/1240/1240 1239/1239/1239 1238/1238/1238
f 1241/1241/1241 1240/1240/1240 1238/1238/1238
f 1242/1242/1242 1240/1240/1240 1241/1241/1241
f 1243/1243/1243 1242/1242/1242 1241/1241/1241
f 1239/1239/1239 1244/1244/1244 1238/1238/1238
f 1244/1244/1244 1245/1245/1245 1238/1238/1238
f 1244/1244/1244 1246/1246/1246 1245/1245/1245
f 1246/1246/1246 1247/1247/1247 1245/1245/1245
f 1242/1242/1242 1243/1243/1243 1248/1248/1248
f 1249/1249/1249 1242/1242/1242 1248/1248/1248
f 1247/1247/1247 1246/1246/1246 1250/1250/1250
f 1246/1246/1246 1251/1251/1251 1250/1250/1250
f 1250/1250/1250 1251/1251/1251 1252/1252/1252
f 1251/1251/1251 1253/1253/1253 1252/1252/1252
f 1253/1253/1253 1254/1254/1254 1252/1252/1252
f 1254/1254/1254 1255/1255/1255 1252/1252/1252
f 1254/1254/1254 1256/1256/1256 1255/1255/1255
f 1256/1256/1256 1257/1257/1257 1255/1255/1255
f 1257/1257/1257 1256/1256/1256 1258/1258/1258
f 1256/1256/1256 1259/1259/1259 1258/1258/1258
f 1262/1262/1262 1261/1261/1261 1260/1260/1260
f 1263/1263/1263 1262/1262/1262 1260/1260/1260
f 1264/1264/1264 1262/1262/1262 1263/1263/1263
f 1265/1265/1265 1264/1264/1264 1263/1263/1263
f 1261/1261/1261 1266/1266/1266 1260/1260/1260
f 1266/1266/1266 1267/1267/1267 1260/1260/1260
f 1266/1266/1266 1268/1268/1268 1267/1267/1267
f 1268/1268/1268 1269/1269/1269 1267/1267/1267
f 1270/1270/1270 1265/1265/1265 1263/1263/1263
f 1271/1271/1271 1270/1270/1270 1263/1263/1263
f 1271/1271/1271 1263/1263/1263 1272/1272/1272
f 1267/1267/1267 1273/1273/1273 1272/1272/1272
f 1273/1273/1273 1274/1274/1274 1272/1272/1272
f 1274/1274/1274 1271/1271/1271 1272/1272/1272
f 1269/1269/1269 1268/1268/1268 1275/1275/1275
f 1268/1268/1268 1276/1276/1276 1275/1275/1275
f 1264/1264/1264 1265/1265/1265 1277/1277/1277
f 1265/1265/1265 1270/1270/1270 1277/1277/1277
f 1278/1278/1278 1264/1264/1264 1277/1277/1277
f 1278/1278/1278 1277/1277/1277 1279/1279/1279
f 1280/1280/1280 1278/1278/1278 1279/1279/1279
f 1281/1281/1281 1280/1280/1280 1279/1279/1279
f 1282/1282/1282 1281/1281/1281 1279/1279/1279
f 1283/1283/1283 1281/1281/1281 1282/1282/1282
f 1284/1284/1284 1283/1283/1283 1282/1282/1282
f 1283/1283/1283 1284/1284/1284 1285/1285/1285
f 1286/1286/1286 1283/1283/1283 1285/1285/1285
f 1284/1284/1284 1287/1287/1287 1285/1285/1285
f 1287/1287/1287 1284/1284/1284 1282/1282/1282
f 1287/1287/1287 1288/1288/1288 1285/1285/1285
f 1277/1277/1277 1289/1289/1289 1279/1279/1279
f 1289/1289/1289 1290/1290/1290 1279/1279/1279
f 1270/1270/1270 1289/1289/1289 1277/1277/1277
f 1291/1291/1291 1282/1282/1282 1279/1279/1279
f 1290/1290/1290 1291/1291/1291 1279/1279/1279
f 1291/1291/1291 1287/1287/1287 1282/1282/1282
f 1294/1294/1294 1293/1293/1293 1292/1292/1292
f 1295/1295/1295 1294/1294/1294 1292/1292/1292
f 1296/1296/1296 1294/1294/1294 1295/1295/1295
f 1297/1297/1297 1296/1296/1296 1295/1295/1295
f 1293/1293/1293 1298/1298/1298 1292/1292/1292
f 1298/1298/1298 1299/1299/1299 1292/1292/1292
f 1298/1298/1298 1300/1300/1300 1299/1299/1299
f 1300/1300/1300 1301/1301/1301 1299/1299/1299
f 1301/1301/1301 1300/1300/1300 1302/1302/1302
f 1300/1300/1300 1303/1303/1303 1302/1302/1302
f 1296/1296/1296 1297/1297/1297 1304/1304/1304
f 1305/1305/1305 1296/1296/1296 1304/1304/1304
f 1305/1305/1305 1304/1304/1304 1306/1306/1306
f 1307/1307/1307 1305/1305/1305 1306/1306/1306
f 1308/1308/1308 1307/1307/1307 1306/1306/1306
f 1309/1309/1309 1308/1308/1308 1306/1306/1306
f 1310/1310/1310 1308/1308/1308 1309/1309/1309
f 1311/1311/1311 1310/1310/1310 1309/1309/1309
f 1310/1310/1310 1311/1311/1311 1312/1312/1312
f 1313/1313/1313 1310/1310/1310 1312/1312/1312
f 1316/1316/1316 1315/1315/1315 1314/1314/1314
f 1317/1317/1317 1316/1316/1316 1314/1314/1314
f 1318/1318/1318 1316/1316/1316 1317/1317/1317
f 1319/1319/1319 1318/1318/1318 1317/1317/1317
f 1315/1315/1315 1320/1320/1320 1314/1314/1314
f 1320/1320/1320 1321/1321/1321 1314/1314/1314
f 1320/1320/1320 1322/1322/1322 1321/1321/1321
f 1322/1322/1322 1323/1323/1323 1321/1321/1321
f 1318/1318/1318 1319/1319/1319 1324/1324/1324
f 1325/1325/1325 1318/1318/1318 1324/1324/1324
f 1323/1323/1323 1322/1322/1322 1326/1326/1326
f 1322/1322/1322 1327/1327/1327 1326/1326/1326
f 1326/1326/1326 1327/1327/1327 1328/1328/1328
f 1327/1327/1327 1329/1329/1329 1328/1328/1328
f 1329/1329/1329 1330/1330/1330 1328/1328/1328
f 1330/1330/1330 1331/1331/1331 1328/1328/1328
f 1330/1330/1330 1332/1332/1332 1331/1331/1331
f 1332/1332/1332 1333/1333/1333 1331/1331/1331
f 1333/1333/1333 1332/1332/1332 1334/1334/1334
f 1332/1332/1332 1335/1335/1335 1334/1334/1334
f 1337/1337/1337 1273/1273/1273 1336/1336/1336
f 1269/1269/1269 1337/1337/1337 1336/1336/1336
f 1337/1337/1337 1338/1338/1338 1275/1275/1275
f 1339/1339/1339 1337/1337/1337 1275/1275/1275
f 1342/1342/1342 1341/1341/1341 1340/1340/1340
f 1343/1343/1343 1342/1342/1342 1340/1340/1340
f 1344/1344/1344 1342/1342/1342 1343/1343/1343
f 1345/1345/1345 1344/1344/1344 1343/1343/1343
f 1341/1341/1341 1346/1346/1346 1340/1340/1340
f 1346/1346/1346 1347/1347/1347 1340/1340/1340
f 1346/1346/1346 1348/1348/1348 1347/1347/1347
f 1348/1348/1348 1349/1349/1349 1347/1347/1347
f 1347/1347/1347 1350/1350/1350 1340/1340/1340
f 1350/1350/1350 1351/1351/1351 1340/1340/1340
f 1352/1352/1352 1350/1350/1350 1347/1347/1347
f 1349/1349/1349 1352/1352/1352 1347/1347/1347
f 1353/1353/1353 1343/1343/1343 1340/1340/1340
f 1351/1351/1351 1353/1353/1353 1340/1340/1340
f 1349/1349/1349 1348/1348/1348 1354/1354/1354
f 1352/1352/1352 1349/1349/1349 1354/1354/1354
f 1348/1348/1348 1355/1355/1355 1354/1354/1354
f 1356/1356/1356 1352/1352/1352 1354/1354/1354
f 1344/1344/1344 1345/1345/1345 1357/1357/1357
f 1358/1358/1358 1344/1344/1344 1357/1357/1357
f 1358/1358/1358 1357/1357/1357 1359/1359/1359
f 1360/1360/1360 1358/1358/1358 1359/1359/1359
f 1361/1361/1361 1360/1360/1360 1359/1359/1359
f 1362/1362/1362 1361/1361/1361 1359/1359/1359
f 1363/1363/1363 1361/1361/1361 1362/1362/1362
f 1364/1364/1364 1363/1363/1363 1362/1362/1362
f 1363/1363/1363 1364/1364/1364 1365/1365/1365
f 1366/1366/1366 1363/1363/1363 1365/1365/1365
f 1364/1364/1364 1367/1367/1367 1365/1365/1365
f 1367/1367/1367 1364/1364/1364 1362/1362/1362
f 1367/1367/1367 1368/1368/1368 1365/1365/1365
f 1357/1357/1357 1369/1369/1369 1359/1359/1359
f 1369/1369/1369 1370/1370/1370 1359/1359/1359
f 1371/1371/1371 1369/1369/1369 1357/1357/1357
f 1372/1372/1372 1371/1371/1371 1357/1357/1357
f 1373/1373/1373 1362/1362/1362 1359/1359/1359
f 1370/1370/1370 1373/1373/1373 1359/1359/1359
f 1373/1373/1373 1367/1367/1367 1362/1362/1362
f 1371/1371/1371 1345/1345/1345 1374/1374/1374
f 1353/1353/1353 1371/1371/1371 1374/1374/1374
f 1377/1377/1377 1376/1376/1376 1375/1375/1375
f 1378/1378/1378 1377/1377/1377 1375/1375/1375
f 1379/1379/1379 1377/1377/1377 1378/1378/1378
f 1380/1380/1380 1379/1379/1379 1378/1378/1378
f 1376/1376/1376 1381/1381/1381 1375/1375/1375
f 1381/1381/1381 1382/1382/1382 1375/1375/1375
f 1381/1381/1381 1383/1383/1383 1382/1382/1382
f 1383/1383/1383 1384/1384/1384 1382/1382/1382
f 1384/1384/1384 1383/1383/1383 1385/1385/1385
f 1383/1383/1383 1386/1386/1386 1385/1385/1385
f 1379/1379/1379 1380/1380/1380 1387/1387/1387
f 1388/1388/1388 1379/1379/1379 1387/1387/1387
f 1388/1388/1388 1387/1387/1387 1389/1389/1389
f 1390/1390/1390 1388/1388/1388 1389/1389/1389
f 1391/1391/1391 1390/1390/1390 1389/1389/1389
f 1392/1392/1392 1391/1391/1391 1389/1389/1389
f 1393/1393/1393 1391/1391/1391 1392/1392/1392
f 1394/1394/1394 1393/1393/1393 1392/1392/1392
f 1393/1393/1393 1394/1394/1394 1395/1395/1395
f 1396/1396/1396 1393/1393/1393 1395/1395/1395
f 1399/1399/1399 1398/1398/1398 1397/1397/1397
f 1400/1400/1400 1399/1399/1399 1397/1397/1397
f 1401/1401/1401 1399/1399/1399 1400/1400/1400
f 1402/1402/1402 1401/1401/1401 1400/1400/1400
f 1398/1398/1398 1403/1403/1403 1397/1397/1397
f 1403/1403/1403 1404/1404/1404 1397/1397/1397
f 1403/1403/1403 1405/1405/1405 1404/1404/1404
f 1405/1405/1405 1406/1406/1406 1404/1404/1404
f 1401/1401/1401 1402/1402/1402 1407/1407/1407
f 1408/1408/1408 1401/1401/1401 1407/1407/1407
f 1406/1406/1406 1405/1405/1405 1409/1409/1409
f 1405/1405/1405 1410/1410/1410 1409/1409/1409
f 1409/1409/1409 1410/1410/1410 1411/1411/1411
f 1410/1410/1410 1412/1412/1412 1411/1411/1411
f 1412/1412/1412 1413/1413/1413 1411/1411/1411
f 1413/1413/1413 1414/1414/1414 1411/1411/1411
f 1413/1413/1413 1415/1415/1415 1414/1414/1414
f 1415/1415/1415 1416/1416/1416 1414/1414/1414
f 1416/1416/1416 1415/1415/1415 1417/1417/1417
f 1415/1415/1415 1418/1418/1418 1417/1417/1417
f 1421/1421/1421 1420/1420/1420 1419/1419/1419
f 1422/1422/1422 1421/1421/1421 1419/1419/1419
f 1423/1423/1423 1421/1421/1421 1422/1422/1422
f 1424/1424/1424 1423/1423/1423 1422/1422/1422
f 1420/1420/1420 1425/1425/1425 1419/1419/1419
f 1425/1425/1425 1426/1426/1426 1419/1419/1419
f 1425/1425/1425 1427/1427/1427 1426/1426/1426
f 1427/1427/1427 1428/1428/1428 1426/1426/1426
f 1426/1426/1426 1429/1429/1429 1419/1419/1419
f 1429/1429/1429 1430/1430/1430 1419/1419/1419
f 1431/1431/1431 1429/1429/1429 1426/1426/1426
f 1428/1428/1428 1431/1431/1431 1426/1426/1426
f 1432/1432/1432 1422/1422/1422 1419/1419/1419
f 1430/1430/1430 1432/1432/1432 1419/1419/1419
f 1433/1433/1433 1424/1424/1424 1422/1422/1422
f 1432/1432/1432 1433/1433/1433 1422/1422/1422
f 1428/1428/1428 1427/1427/1427 1434/1434/1434
f 1427/1427/1427 1435/1435/1435 1434/1434/1434
f 1434/1434/1434 1435/1435/1435 1436/1436/1436
f 1435/1435/1435 1437/1437/1437 1436/1436/1436
f 1438/1438/1438 1434/1434/1434 1436/1436/1436
f 1439/1439/1439 1438/1438/1438 1436/1436/1436
f 1431/1431/1431 1428/1428/1428 1440/1440/1440
f 1438/1438/1438 1431/1431/1431 1440/1440/1440
f 1433/1433/1433 1442/1442/1442 1441/1441/1441
f 1441/1441/1441 1442/1442/1442 1443/1443/1443
f 1444/1444/1444 1441/1441/1441 1443/1443/1443
f 1445/1445/1445 1444/1444/1444 1443/1443/1443
f 1446/1446/1446 1445/1445/1445 1443/1443/1443
f 1447/1447/1447 1446/1446/1446 1443/1443/1443
f 1448/1448/1448 1446/1446/1446 1447/1447/1447
f 1449/1449/1449 1448/1448/1448 1447/1447/1447
f 1448/1448/1448 1449/1449/1449 1450/1450/1450
f 1451/1451/1451 1448/1448/1448 1450/1450/1450
f 1449/1449/1449 1452/1452/1452 1450/1450/1450
f 1452/1452/1452 1449/1449/1449 1447/1447/1447
f 1452/1452/1452 1453/1453/1453 1450/1450/1450
f 1444/1444/1444 1423/1423/1423 1441/1441/1441
f 1423/1423/1423 1424/1424/1424 1441/1441/1441
f 1442/1442/1442 1454/1454/1454 1443/1443/1443
f 1424/1424/1424 1433/1433/1433 1441/1441/1441
f 1455/1455/1455 1447/1447/1447 1443/1443/1443
f 1454/1454/1454 1455/1455/1455 1443/1443/1443
f 1455/1455/1455 1452/1452/1452 1447/1447/1447
f 1458/1458/1458 1457/1457/1457 1456/1456/1456
f 1459/1459/1459 1458/1458/1458 1456/1456/1456
f 1460/1460/1460 1458/1458/1458 1459/1459/1459
f 1461/1461/1461 1460/1460/1460 1459/1459/1459
f 1457/1457/1457 1462/1462/1462 1456/1456/1456
f 1462/1462/1462 1463/1463/1463 1456/1456/1456
f 1462/1462/1462 1464/1464/1464 1463/1463/1463
f 1464/1464/1464 1465/1465/1465 1463/1463/1463
f 1465/1465/1465 1464/1464/1464 1466/1466/1466
f 1464/1464/1464 1467/1467/1467 1466/1466/1466
f 1460/1460/1460 1461/1461/1461 1468/1468/1468
f 1469/1469/1469 1460/1460/1460 1468/1468/1468
f 1469/1469/1469 1468/1468/1468 1470/1470/1470
f 1471/1471/1471 1469/1469/1469 1470/1470/1470
f 1472/1472/1472 1471/1471/1471 1470/1470/1470
f 1473/1473/1473 1472/1472/1472 1470/1470/1470
f 1474/1474/1474 1472/1472/1472 1473/1473/1473
f 1475/1475/1475 1474/1474/1474 1473/1473/1473
f 1474/1474/1474 1475/1475/1475 1476/1476/1476
f 1477/1477/1477 1474/1474/1474 1476/1476/1476
f 1480/1480/1480 1479/1479/1479 1478/1478/1478
f 1481/1481/1481 1480/1480/1480 1478/1478/1478
f 1482/1482/1482 1480/1480/1480 1481/1481/1481
f 1483/1483/1483 1482/1482/1482 1481/1481/1481
f 1479/1479/1479 1484/1484/1484 1478/1478/1478
f 1484/1484/1484 1485/1485/1485 1478/1478/1478
f 1484/1484/1484 1486/1486/1486 1485/1485/1485
f 1486/1486/1486 1487/1487/1487 1485/1485/1485
f 1482/1482/1482 1483/1483/1483 1488/1488/1488
f 1489/1489/1489 1482/1482/1482 1488/1488/1488
f 1487/1487/1487 1486/1486/1486 1490/1490/1490
f 1486/1486/1486 1491/1491/1491 1490/1490/1490
f 1490/1490/1490 1491/1491/1491 1492/1492/1492
f 1491/1491/1491 1493/1493/1493 1492/1492/1492
f 1493/1493/1493 1494/1494/1494 1492/1492/1492
f 1494/1494/1494 1495/1495/1495 1492/1492/1492
f 1494/1494/1494 1496/1496/1496 1495/1495/1495
f 1496/1496/1496 1497/1497/1497 1495/1495/1495
f 1497/1497/1497 1496/1496/1496 1498/1498/1498
f 1496/1496/1496 1499/1499/1499 1498/1498/1498
f 1502/1502/1502 1501/1501/1501 1500/1500/1500
f 1503/1503/1503 1502/1502/1502 1500/1500/1500
f 1506/1506/1506 1505/1505/1505 1504/1504/1504
f 1507/1507/1507 1506/1506/1506 1504/1504/1504
f 1510/1510/1510 1509/1509/1509 1508/1508/1508
f 1511/1511/1511 1510/1510/1510 1508/1508/1508
f 1514/1514/1514 1513/1513/1513 1512/1512/1512
f 1515/1515/1515 1514/1514/1514 1512/1512/1512
f 1518/1518/1518 1517/1517/1517 1516/1516/1516
f 1519/1519/1519 1518/1518/1518 1516/1516/1516
f 1522/1522/1522 1521/1521/1521 1520/1520/1520
f 1523/1523/1523 1522/1522/1522 1520/1520/1520
f 1526/1526/1526 1525/1525/1525 1524/1524/1524
f 1527/1527/1527 1526/1526/1526 1524/1524/1524
f 1528/1528/1528 1527/1527/1527 1524/1524/1524
f 1529/1529/1529 1528/1528/1528 1524/1524/1524
f 1532/1532/1532 1531/1531/1531 1530/1530/1530
f 1533/1533/1533 1532/1532/1532 1530/1530/1530
f 1536/1536/1536 1535/1535/1535 1534/1534/1534
f 1537/1537/1537 1536/1536/1536 1534/1534/1534
f 1535/1535/1535 1538/1538/1538 1534/1534/1534
f 1538/1538/1538 1539/1539/1539 1534/1534/1534
f 1542/1542/1542 1541/1541/1541 1540/1540/1540
f 1543/1543/1543 1542/1542/1542 1540/1540/1540
f 1546/1546/1546 1545/1545/1545 1544/1544/1544
f 1547/1547/1547 1546/1546/1546 1544/1544/1544
f 1550/1550/1550 1549/1549/1549 1548/1548/1548
f 1551/1551/1551 1550/1550/1550 1548/1548/1548
f 1554/1554/1554 1553/1553/1553 1552/1552/1552
f 1555/1555/1555 1554/1554/1554 1552/1552/1552
f 1556/1556/1556 1555/1555/1555 1552/1552/1552
f 1557/1557/1557 1556/1556/1556 1552/1552/1552
f 1560/1560/1560 1559/1559/1559 1558/1558/1558
f 1561/1561/1561 1560/1560/1560 1558/1558/1558
f 1564/1564/1564 1563/1563/1563 1562/1562/1562
f 1565/1565/1565 1564/1564/1564 1562/1562/1562
f 1563/1563/1563 1566/1566/1566 1562/1562/1562
f 1566/1566/1566 1567/1567/1567 1562/1562/1562
f 1570/1570/1570 1569/1569/1569 1568/1568/1568
f 1571/1571/1571 1570/1570/1570 1568/1568/1568
f 1574/1574/1574 1573/1573/1573 1572/1572/1572
f 1575/1575/1575 1574/1574/1574 1572/1572/1572
f 1578/1578/1578 1577/1577/1577 1576/1576/1576
f 1579/1579/1579 1578/1578/1578 1576/1576/1576
f 1582/1582/1582 1581/1581/1581 1580/1580/1580
f 1583/1583/1583 1582/1582/1582 1580/1580/1580
f 1584/1584/1584 1583/1583/1583 1580/1580/1580
f 1585/1585/1585 1584/1584/1584 1580/1580/1580
f 1588/1588/1588 1587/1587/1587 1586/1586/1586
f 1589/1589/1589 1588/1588/1588 1586/1586/1586
f 1592/1592/1592 1591/1591/1591 1590/1590/1590
f 1593/1593/1593 1592/1592/1592 1590/1590/1590
f 1591/1591/1591 1594/1594/1594 1590/1590/1590
f 1594/1594/1594 1595/1595/1595 1590/1590/1590
f 1598/1598/1598 1597/1597/1597 1596/1596/1596
f 1599/1599/1599 1598/1598/1598 1596/1596/1596
f 1602/1602/1602 1601/1601/1601 1600/1600/1600
f 1603/1603/1603 1602/1602/1602 1600/1600/1600
f 1606/1606/1606 1605/1605/1605 1604/1604/1604
f 1607/1607/1607 1606/1606/1606 1604/1604/1604
f 1610/1610/1610 1609/1609/1609 1608/1608/1608
f 1611/1611/1611 1610/1610/1610 1608/1608/1608
f 1614/1614/1614 1613/1613/1613 1612/1612/1612
f 1615/1615/1615 1614/1614/1614 1612/1612/1612
f 1618/1618/1618 1617/1617/1617 1616/1616/1616
f 1619/1619/1619 1618/1618/1618 1616/1616/1616
f 1622/1622/1622 1621/1621/1621 1620/1620/1620
f 1623/1623/1623 1622/1622/1622 1620/1620/1620
f 1626/1626/1626 1625/1625/1625 1624/1624/1624
f 1627/1627/1627 1626/1626/1626 1624/1624/1624
f 1628/1628/1628 1627/1627/1627 1624/1624/1624
f 1629/1629/1629 1628/1628/1628 1624/1624/1624
f 1632/1632/1632 1631/1631/1631 1630/1630/1630
f 1633/1633/1633 1632/1632/1632 1630/1630/1630
f 1636/1636/1636 1635/1635/1635 1634/1634/1634
f 1637/1637/1637 1636/1636/1636 1634/1634/1634
f 1635/1635/1635 1638/1638/1638 1634/1634/1634
f 1638/1638/1638 1639/1639/1639 1634/1634/1634
f 1642/1642/1642 1641/1641/1641 1640/1640/1640
f 1643/1643/1643 1642/1642/1642 1640/1640/1640
f 1646/1646/1646 1645/1645/1645 1644/1644/1644
f 1647/1647/1647 1646/1646/1646 1644/1644/1644
f 1650/1650/1650 1649/1649/1649 1648/1648/1648
f 1651/1651/1651 1650/1650/1650 1648/1648/1648
f 1654/1654/1654 1653/1653/1653 1652/1652/1652
f 1655/1655/1655 1654/1654/1654 1652/1652/1652
f 1656/1656/1656 1655/1655/1655 1652/1652/1652
f 1657/1657/1657 1656/1656/1656 1652/1652/1652
f 1660/1660/1660 1659/1659/1659 1658/1658/1658
f 1661/1661/1661 1660/1660/1660 1658/1658/1658
f 1664/1664/1664 1663/1663/1663 1662/1662/1662
f 1665/1665/1665 1664/1664/1664 1662/1662/1662
f 1663/1663/1663 1666/1666/1666 1662/1662/1662
f 1666/1666/1666 1667/1667/1667 1662/1662/1662
f 1670/1670/1670 1669/1669/1669 1668/1668/1668
f 1671/1671/1671 1670/1670/1670 1668/1668/1668
f 1674/1674/1674 1673/1673/1673 1672/1672/1672
f 1675/1675/1675 1674/1674/1674 1672/1672/1672
f 1678/1678/1678 1677/1677/1677 1676/1676/1676
f 1679/1679/1679 1678/1678/1678 1676/1676/1676
f 1682/1682/1682 1681/1681/1681 1680/1680/1680
f 1683/1683/1683 1682/1682/1682 1680/1680/1680
f 1686/1686/1686 1685/1685/1685 1684/1684/1684
f 1687/1687/1687 1686/1686/1686 1684/1684/1684
f 1690/1690/1690 1689/1689/1689 1688/1688/1688
f 1691/1691/1691 1690/1690/1690 1688/1688/1688
f 1694/1694/1694 1693/1693/1693 1692/1692/1692
f 1695/1695/1695 1694/1694/1694 1692/1692/1692
f 1698/1698/1698 1697/1697/1697 1696/1696/1696
f 1699/1699/1699 1698/1698/1698 1696/1696/1696
f 1702/1702/1702 1701/1701/1701 1700/1700/1700
f 1703/1703/1703 288/288/288 284/284/284
f 286/286/286 1703/1703/1703 284/284/284
f 1703/1703/1703 298/298/298 288/288/288
f 1704/1704/1704 323/323/323 320/320/320
f 322/322/322 1704/1704/1704 320/320/320
f 1704/1704/1704 327/327/327 323/323/323
f 1707/1707/1707 1706/1706/1706 1705/1705/1705
f 1708/1708/1708 1707/1707/1707 1705/1705/1705
f 1711/1711/1711 1710/1710/1710 1709/1709/1709
f 1712/1712/1712 1711/1711/1711 1709/1709/1709
f 1711/1711/1711 1713/1713/1713 1710/1710/1710
f 1713/1713/1713 1714/1714/1714 1710/1710/1710
f 1714/1714/1714 1713/1713/1713 1715/1715/1715
f 1713/1713/1713 1716/1716/1716 1715/1715/1715
f 1715/1715/1715 1716/1716/1716 1717/1717/1717
f 1716/1716/1716 1718/1718/1718 1717/1717/1717
f 1718/1718/1718 1719/1719/1719 1717/1717/1717
f 1719/1719/1719 1720/1720/1720 1717/1717/1717
f 1719/1719/1719 1721/1721/1721 1720/1720/1720
f 1721/1721/1721 1722/1722/1722 1720/1720/1720
f 1722/1722/1722 1721/1721/1721 1723/1723/1723
f 1721/1721/1721 1724/1724/1724 1723/1723/1723
f 1723/1723/1723 1724/1724/1724 1725/1725/1725
f 1724/1724/1724 1726/1726/1726 1725/1725/1725
f 1726/1726/1726 1727/1727/1727 1725/1725/1725
f 1727/1727/1727 1728/1728/1728 1725/1725/1725
f 1727/1727/1727 1729/1729/1729 1728/1728/1728
f 1729/1729/1729 1730/1730/1730 1728/1728/1728
f 1730/1730/1730 1729/1729/1729 1731/1731/1731
f 1729/1729/1729 1732/1732/1732 1731/1731/1731
f 1735/1735/1735 1734/1734/1734 1733/1733/1733
f 1736/1736/1736 1735/1735/1735 1733/1733/1733
f 1737/1737/1737 1735/1735/1735 1736/1736/1736
f 1738/1738/1738 1737/1737/1737 1736/1736/1736
f 1737/1737/1737 1738/1738/1738 1739/1739/1739
f 1740/1740/1740 1737/1737/1737 1739/1739/1739
f 1740/1740/1740 1739/1739/1739 1741/1741/1741
f 1742/1742/1742 1740/1740/1740 1741/1741/1741
f 1743/1743/1743 1742/1742/1742 1741/1741/1741
f 1744/1744/1744 1743/1743/1743 1741/1741/1741
f 1745/1745/1745 1743/1743/1743 1744/1744/1744
f 1746/1746/1746 1745/1745/1745 1744/1744/1744
f 1745/1745/1745 1746/1746/1746 1747/1747/1747
f 1748/1748/1748 1745/1745/1745 1747/1747/1747
f 1748/1748/1748 1747/1747/1747 1749/1749/1749
f 1750/1750/1750 1748/1748/1748 1749/1749/1749
f 1751/1751/1751 1750/1750/1750 1749/1749/1749
f 1752/1752/1752 1751/1751/1751 1749/1749/1749
f 1753/1753/1753 1751/1751/1751 1752/1752/1752
f 1754/1754/1754 1753/1753/1753 1752/1752/1752
f 1753/1753/1753 1754/1754/1754 1755/1755/1755
f 1756/1756/1756 1753/1753/1753 1755/1755/1755
f 1759/1759/1759 1758/1758/1758 1757/1757/1757
f 1760/1760/1760 1759/1759/1759 1757/1757/1757
f 1763/1763/1763 1762/1762/1762 1761/1761/1761
f 1764/1764/1764 1763/1763/1763 1761/1761/1761
f 1763/1763/1763 1764/1764/1764 1765/1765/1765
f 1766/1766/1766 1763/1763/1763 1765/1765/1765
f 1766/1766/1766 1765/1765/1765 1767/1767/1767
f 1768/1768/1768 1766/1766/1766 1767/1767/1767
f 1769/1769/1769 1768/1768/1768 1767/1767/1767
f 1770/1770/1770 1769/1769/1769 1767/1767/1767
f 1771/1771/1771 1769/1769/1769 1770/1770/1770
f 1772/1772/1772 1771/1771/1771 1770/1770/1770
f 1771/1771/1771 1772/1772/1772 1773/1773/1773
f 1774/1774/1774 1771/1771/1771 1773/1773/1773
f 1774/1774/1774 1773/1773/1773 1775/1775/1775
f 1776/1776/1776 1774/1774/1774 1775/1775/1775
f 1777/1777/1777 1776/1776/1776 1775/1775/1775
f 1778/1778/1778 1777/1777/1777 1775/1775/1775
f 1779/1779/1779 1777/1777/1777 1778/1778/1778
f 1780/1780/1780 1779/1779/1779 1778/1778/1778
f 1779/1779/1779 1780/1780/1780 1781/1781/1781
f 1782/1782/1782 1779/1779/1779 1781/1781/1781
f 1785/1785/1785 1784/1784/1784 1783/1783/1783
f 1786/1786/1786 1785/1785/1785 1783/1783/1783
f 1789/1789/1789 1788/1788/1788 1787/1787/1787
f 1790/1790/1790 1789/1789/1789 1787/1787/1787
f 1791/1791/1791 1789/1789/1789 1790/1790/1790
f 1792/1792/1792 1791/1791/1791 1790/1790/1790
f 1788/1788/1788 1793/1793/1793 1787/1787/1787
f 1793/1793/1793 1794/1794/1794 1787/1787/1787
f 1793/1793/1793 1795/1795/1795 1794/1794/1794
f 1795/1795/1795 1796/1796/1796 1794/1794/1794
f 1796/1796/1796 1795/1795/1795 1797/1797/1797
f 1795/1795/1795 1798/1798/1798 1797/1797/1797
f 1791/1791/1791 1792/1792/1792 1799/1799/1799
f 1800/1800/1800 1791/1791/1791 1799/1799/1799
f 1800/1800/1800 1799/1799/1799 1801/1801/1801
f 1802/1802/1802 1800/1800/1800 1801/1801/1801
f 1803/1803/1803 1802/1802/1802 1801/1801/1801
f 1804/1804/1804 1803/1803/1803 1801/1801/1801
f 1805/1805/1805 1803/1803/1803 1804/1804/1804
f 1806/1806/1806 1805/1805/1805 1804/1804/1804
f 1805/1805/1805 1806/1806/1806 1807/1807/1807
f 1808/1808/1808 1805/1805/1805 1807/1807/1807
f 1811/1811/1811 1810/1810/1810 1809/1809/1809
f 1812/1812/1812 1811/1811/1811 1809/1809/1809
f 1813/1813/1813 1811/1811/1811 1812/1812/1812
f 1814/1814/1814 1813/1813/1813 1812/1812/1812
f 1810/1810/1810 1815/1815/1815 1809/1809/1809
f 1815/1815/1815 1816/1816/1816 1809/1809/1809
f 1815/1815/1815 1817/1817/1817 1816/1816/1816
f 1817/1817/1817 1818/1818/1818 1816/1816/1816
f 1818/1818/1818 1817/1817/1817 1819/1819/1819
f 1817/1817/1817 1820/1820/1820 1819/1819/1819
f 1819/1819/1819 1820/1820/1820 1821/1821/1821
f 1820/1820/1820 1822/1822/1822 1821/1821/1821
f 1813/1813/1813 1814/1814/1814 1823/1823/1823
f 1824/1824/1824 1813/1813/1813 1823/1823/1823
f 1824/1824/1824 1823/1823/1823 1825/1825/1825
f 1826/1826/1826 1824/1824/1824 1825/1825/1825
f 1827/1827/1827 1826/1826/1826 1825/1825/1825
f 1828/1828/1828 1827/1827/1827 1825/1825/1825
f 1829/1829/1829 1827/1827/1827 1828/1828/1828
f 1830/1830/1830 1829/1829/1829 1828/1828/1828
f 1829/1829/1829 1830/1830/1830 1831/1831/1831
f 1832/1832/1832 1829/1829/1829 1831/1831/1831
f 1824/1824/1824 1826/1826/1826 1833/1833/1833
f 1826/1826/1826 1827/1827/1827 1833/1833/1833
f 1834/1834/1834 1824/1824/1824 1833/1833/1833
f 1813/1813/1813 1824/1824/1824 1834/1834/1834
f 1835/1835/1835 1813/1813/1813 1834/1834/1834
f 1827/1827/1827 1836/1836/1836 1833/1833/1833
f 1827/1827/1827 1829/1829/1829 1836/1836/1836
f 1829/1829/1829 1837/1837/1837 1836/1836/1836
f 1829/1829/1829 1832/1832/1832 1838/1838/1838
f 1837/1837/1837 1829/1829/1829 1838/1838/1838
f 1813/1813/1813 1835/1835/1835 1839/1839/1839
f 1811/1811/1811 1813/1813/1813 1839/1839/1839
f 1811/1811/1811 1839/1839/1839 1840/1840/1840
f 1810/1810/1810 1811/1811/1811 1840/1840/1840
f 1815/1815/1815 1810/1810/1810 1840/1840/1840
f 1841/1841/1841 1815/1815/1815 1840/1840/1840
f 1817/1817/1817 1815/1815/1815 1841/1841/1841
f 1842/1842/1842 1817/1817/1817 1841/1841/1841
f 1817/1817/1817 1842/1842/1842 1843/1843/1843
f 1820/1820/1820 1817/1817/1817 1843/1843/1843
f 1820/1820/1820 1843/1843/1843 1844/1844/1844
f 1822/1822/1822 1820/1820/1820 1844/1844/1844
f 1847/1847/1847 1846/1846/1846 1845/1845/1845
f 1848/1848/1848 1847/1847/1847 1845/1845/1845
f 1851/1851/1851 1850/1850/1850 1849/1849/1849
f 1852/1852/1852 1851/1851/1851 1849/1849/1849
f 1853/1853/1853 1851/1851/1851 1852/1852/1852
f 1854/1854/1854 1853/1853/1853 1852/1852/1852
f 1857/1857/1857 1856/1856/1856 1855/1855/1855
f 1858/1858/1858 1857/1857/1857 1855/1855/1855
f 1861/1861/1861 1860/1860/1860 1859/1859/1859
f 1862/1862/1862 1861/1861/1861 1859/1859/1859
f 1865/1865/1865 1864/1864/1864 1863/1863/1863
f 1866/1866/1866 1865/1865/1865 1863/1863/1863
f 1864/1864/1864 1865/1865/1865 1867/1867/1867
f 1865/1865/1865 1868/1868/1868 1867/1867/1867
f 1871/1871/1871 1870/1870/1870 1869/1869/1869
f 1872/1872/1872 1871/1871/1871 1869/1869/1869
f 1875/1875/1875 1874/1874/1874 1873/1873/1873
f 1876/1876/1876 1875/1875/1875 1873/1873/1873
f 1874/1874/1874 1875/1875/1875 1877/1877/1877
f 1875/1875/1875 1878/1878/1878 1877/1877/1877
f 1881/1881/1881 1880/1880/1880 1879/1879/1879
f 1882/1882/1882 1881/1881/1881 1879/1879/1879
f 1885/1885/1885 1884/1884/1884 1883/1883/1883
f 1886/1886/1886 1885/1885/1885 1883/1883/1883
f 1884/1884/1884 1885/1885/1885 1887/1887/1887
f 1885/1885/1885 1888/1888/1888 1887/1887/1887
f 1891/1891/1891 1890/1890/1890 1889/1889/1889
f 1892/1892/1892 1891/1891/1891 1889/1889/1889
f 1894/1894/1894 1892/1892/1892 1893/1893/1893
f 1895/1895/1895 1894/1894/1894 1893/1893/1893
f 1895/1895/1895 1893/1893/1893 1896/1896/1896
f 1897/1897/1897 1895/1895/1895 1896/1896/1896
f 1898/1898/1898 1897/1897/1897 1896/1896/1896
f 1899/1899/1899 1898/1898/1898 1896/1896/1896
f 1898/1898/1898 1900/1900/1900 1897/1897/1897
f 1900/1900/1900 1901/1901/1901 1897/1897/1897
f 1902/1902/1902 1898/1898/1898 1899/1899/1899
f 1903/1903/1903 1902/1902/1902 1899/1899/1899
f 1902/1902/1902 1903/1903/1903 1904/1904/1904
f 1905/1905/1905 1902/1902/1902 1904/1904/1904
f 1905/1905/1905 1904/1904/1904 1906/1906/1906
f 1907/1907/1907 1905/1905/1905 1906/1906/1906
f 1908/1908/1908 1907/1907/1907 1906/1906/1906
f 1909/1909/1909 1908/1908/1908 1906/1906/1906
f 1908/1908/1908 1910/1910/1910 1907/1907/1907
f 1910/1910/1910 1911/1911/1911 1907/1907/1907
f 1912/1912/1912 1908/1908/1908 1909/1909/1909
f 1913/1913/1913 1912/1912/1912 1909/1909/1909
f 1912/1912/1912 1913/1913/1913 1914/1914/1914
f 1915/1915/1915 1912/1912/1912 1914/1914/1914
f 1916/1916/1916 1910/1910/1910 1908/1908/1908
f 1916/1916/1916 1912/1912/1912 1917/1917/1917
f 1918/1918/1918 1916/1916/1916 1917/1917/1917
f 1918/1918/1918 1917/1917/1917 1919/1919/1919
f 1920/1920/1920 1918/1918/1918 1919/1919/1919
f 1921/1921/1921 1916/1916/1916 1908/1908/1908
f 1911/1911/1911 1922/1922/1922 1907/1907/1907
f 1922/1922/1922 1905/1905/1905 1907/1907/1907
f 1922/1922/1922 1923/1923/1923 1905/1905/1905
f 1923/1923/1923 1902/1902/1902 1905/1905/1905
f 1902/1902/1902 1923/1923/1923 1898/1898/1898
f 1923/1923/1923 1900/1900/1900 1898/1898/1898
f 1900/1900/1900 1923/1923/1923 1924/1924/1924
f 1900/1900/1900 1924/1924/1924 1925/1925/1925
f 1901/1901/1901 1900/1900/1900 1925/1925/1925
f 1926/1926/1926 1901/1901/1901 1925/1925/1925
f 1901/1901/1901 1926/1926/1926 1897/1897/1897
f 1926/1926/1926 1895/1895/1895 1897/1897/1897
f 1926/1926/1926 1927/1927/1927 1895/1895/1895
f 1927/1927/1927 1894/1894/1894 1895/1895/1895
f 1894/1894/1894 1927/1927/1927 1928/1928/1928
f 1927/1927/1927 1929/1929/1929 1928/1928/1928
f 1930/1930/1930 1926/1926/1926 1925/1925/1925
f 1927/1927/1927 1926/1926/1926 1930/1930/1930
f 1931/1931/1931 1927/1927/1927 1930/1930/1930
f 1923/1923/1923 1932/1932/1932 1924/1924/1924
f 1932/1932/1932 1923/1923/1923 1933/1933/1933
f 1923/1923/1923 1922/1922/1922 1933/1933/1933
f 1933/1933/1933 1922/1922/1922 1934/1934/1934
f 1922/1922/1922 1911/1911/1911 1934/1934/1934
f 1911/1911/1911 1910/1910/1910 1934/1934/1934
f 1910/1910/1910 1935/1935/1935 1934/1934/1934
f 1910/1910/1910 1916/1916/1916 1935/1935/1935
f 1916/1916/1916 1936/1936/1936 1935/1935/1935
f 1936/1936/1936 1916/1916/1916 1937/1937/1937
f 1916/1916/1916 1918/1918/1918 1937/1937/1937
f 1937/1937/1937 1918/1918/1918 1938/1938/1938
f 1918/1918/1918 1920/1920/1920 1938/1938/1938
f 1927/1927/1927 1931/1931/1931 1939/1939/1939
f 1929/1929/1929 1927/1927/1927 1939/1939/1939
f 1942/1942/1942 1941/1941/1941 1940/1940/1940
f 1943/1943/1943 1942/1942/1942 1940/1940/1940
f 1946/1946/1946 1945/1945/1945 1944/1944/1944
f 1947/1947/1947 1946/1946/1946 1944/1944/1944
f 1946/1946/1946 1947/1947/1947 1948/1948/1948
f 1949/1949/1949 1946/1946/1946 1948/1948/1948
f 1952/1952/1952 1951/1951/1951 1950/1950/1950
f 1953/1953/1953 1952/1952/1952 1950/1950/1950
f 1956/1956/1956 1955/1955/1955 1954/1954/1954
f 1957/1957/1957 1956/1956/1956 1954/1954/1954
f 1960/1960/1960 1959/1959/1959 1958/1958/1958
f 1961/1961/1961 1960/1960/1960 1958/1958/1958
f 1964/1964/1964 1963/1963/1963 1962/1962/1962
f 1965/1965/1965 1964/1964/1964 1962/1962/1962
f 1968/1968/1968 1967/1967/1967 1966/1966/1966
f 1969/1969/1969 1968/1968/1968 1966/1966/1966
f 1972/1972/1972 1971/1971/1971 1970/1970/1970
f 1973/1973/1973 1972/1972/1972 1970/1970/1970
f 1976/1976/1976 1975/1975/1975 1974/1974/1974
f 1977/1977/1977 1976/1976/1976 1974/1974/1974
f 1980/1980/1980 1979/1979/1979 1978/1978/1978
f 1981/1981/1981 1980/1980/1980 1978/1978/1978
f 1984/1984/1984 1983/1983/1983 1982/1982/1982
f 1985/1985/1985 1984/1984/1984 1982/1982/1982
f 1988/1988/1988 1987/1987/1987 1986/1986/1986
f 1989/1989/1989 1988/1988/1988 1986/1986/1986
f 124/124/124 125/125/125 1990/1990/1990
f 1991/1991/1991 124/124/124 1990/1990/1990
f 1994/1994/1994 1993/1993/1993 1992/1992/1992
f 1995/1995/1995 1994/1994/1994 1992/1992/1992
f 1998/1998/1998 1997/1997/1997 1996/1996/1996
f 1999/1999/1999 1998/1998/1998 1996/1996/1996
f 2002/2002/2002 2001/2001/2001 2000/2000/2000
f 2003/2003/2003 2002/2002/2002 2000/2000/2000
f 2006/2006/2006 2005/2005/2005 2004/2004/2004
f 2007/2007/2007 2006/2006/2006 2004/2004/2004
f 2010/2010/2010 2009/2009/2009 2008/2008/2008
f 2011/2011/2011 2010/2010/2010 2008/2008/2008
f 2012/2012/2012 2010/2010/2010 2011/2011/2011
f 2013/2013/2013 2012/2012/2012 2011/2011/2011
f 2009/2009/2009 2014/2014/2014 2008/2008/2008
f 2014/2014/2014 2015/2015/2015 2008/2008/2008
f 2014/2014/2014 2016/2016/2016 2015/2015/2015
f 2016/2016/2016 2017/2017/2017 2015/2015/2015
f 2012/2012/2012 2013/2013/2013 2018/2018/2018
f 2019/2019/2019 2012/2012/2012 2018/2018/2018
f 2019/2019/2019 2018/2018/2018 2020/2020/2020
f 2023/2023/2023 2022/2022/2022 2021/2021/2021
f 2024/2024/2024 2023/2023/2023 2021/2021/2021
f 2025/2025/2025 2023/2023/2023 2024/2024/2024
f 2026/2026/2026 2025/2025/2025 2024/2024/2024
f 2022/2022/2022 2027/2027/2027 2021/2021/2021
f 2027/2027/2027 2028/2028/2028 2021/2021/2021
f 2025/2025/2025 2026/2026/2026 2029/2029/2029
f 2032/2032/2032 2031/2031/2031 2030/2030/2030
f 2033/2033/2033 2032/2032/2032 2030/2030/2030
f 2036/2036/2036 2035/2035/2035 2034/2034/2034
f 2037/2037/2037 2036/2036/2036 2034/2034/2034
f 2038/2038/2038 2036/2036/2036 2037/2037/2037
f 2039/2039/2039 2038/2038/2038 2037/2037/2037
f 2035/2035/2035 2040/2040/2040 2034/2034/2034
f 2043/2043/2043 2042/2042/2042 2041/2041/2041
f 2044/2044/2044 2043/2043/2043 2041/2041/2041
f 2045/2045/2045 2043/2043/2043 2044/2044/2044
f 2046/2046/2046 2045/2045/2045 2044/2044/2044
f 2042/2042/2042 2047/2047/2047 2041/2041/2041
f 2047/2047/2047 2048/2048/2048 2041/2041/2041
f 2051/2051/2051 2050/2050/2050 2049/2049/2049
f 2051/2051/2051 2052/2052/2052 2050/2050/2050
f 2052/2052/2052 2053/2053/2053 2050/2050/2050
f 2053/2053/2053 2052/2052/2052 2054/2054/2054
f 2052/2052/2052 2055/2055/2055 2054/2054/2054
f 2054/2054/2054 2055/2055/2055 2056/2056/2056
f 2055/2055/2055 2057/2057/2057 2056/2056/2056
f 2060/2060/2060 2059/2059/2059 2058/2058/2058
f 2061/2061/2061 2060/2060/2060 2058/2058/2058
f 2059/2059/2059 2060/2060/2060 2062/2062/2062
f 2060/2060/2060 2063/2063/2063 2062/2062/2062
f 2062/2062/2062 2063/2063/2063 2064/2064/2064
f 2067/2067/2067 2066/2066/2066 2065/2065/2065
f 2068/2068/2068 2067/2067/2067 2065/2065/2065
f 2069/2069/2069 2067/2067/2067 2068/2068/2068
f 2070/2070/2070 2069/2069/2069 2068/2068/2068
f 2066/2066/2066 2071/2071/2071 2065/2065/2065
f 2074/2074/2074 2073/2073/2073 2072/2072/2072
f 2075/2075/2075 2074/2074/2074 2072/2072/2072
f 2073/2073/2073 2076/2076/2076 2072/2072/2072
f 2076/2076/2076 2077/2077/2077 2072/2072/2072
f 2076/2076/2076 2078/2078/2078 2077/2077/2077
f 2081/2081/2081 2080/2080/2080 2079/2079/2079
f 2082/2082/2082 2081/2081/2081 2079/2079/2079
f 2085/2085/2085 2084/2084/2084 2083/2083/2083
f 2084/2084/2084 2086/2086/2086 2083/2083/2083
f 2086/2086/2086 2087/2087/2087 2083/2083/2083
f 2086/2086/2086 2088/2088/2088 2087/2087/2087
f 2088/2088/2088 2089/2089/2089 2087/2087/2087
f 2092/2092/2092 2091/2091/2091 2090/2090/2090
f 2093/2093/2093 2092/2092/2092 2090/2090/2090
f 2092/2092/2092 2094/2094/2094 2091/2091/2091
f 2094/2094/2094 2095/2095/2095 2091/2091/2091
f 2098/2098/2098 2097/2097/2097 2096/2096/2096
f 2099/2099/2099 2098/2098/2098 2096/2096/2096
f 2102/2102/2102 2101/2101/2101 2100/2100/2100
f 2103/2103/2103 2102/2102/2102 2100/2100/2100
f 2106/2106/2106 2105/2105/2105 2104/2104/2104
f 2107/2107/2107 2106/2106/2106 2104/2104/2104
f 2110/2110/2110 2109/2109/2109 2108/2108/2108
f 2111/2111/2111 2110/2110/2110 2108/2108/2108
f 2114/2114/2114 2113/2113/2113 2112/2112/2112
f 2115/2115/2115 2114/2114/2114 2112/2112/2112
f 2118/2118/2118 2117/2117/2117 2116/2116/2116
f 2119/2119/2119 2118/2118/2118 2116/2116/2116
f 2122/2122/2122 2121/2121/2121 2120/2120/2120
f 2123/2123/2123 2122/2122/2122 2120/2120/2120
f 2126/2126/2126 2125/2125/2125 2124/2124/2124
f 2127/2127/2127 2126/2126/2126 2124/2124/2124
f 2130/2130/2130 2129/2129/2129 2128/2128/2128
f 2131/2131/2131 2130/2130/2130 2128/2128/2128
f 2134/2134/2134 2133/2133/2133 2132/2132/2132
f 2135/2135/2135 2134/2134/2134 2132/2132/2132
f 2138/2138/2138 2137/2137/2137 2136/2136/2136
f 2139/2139/2139 2138/2138/2138 2136/2136/2136
f 2142/2142/2142 2141/2141/2141 2140/2140/2140
f 2143/2143/2143 2142/2142/2142 2140/2140/2140
f 2146/2146/2146 2145/2145/2145 2144/2144/2144
f 2147/2147/2147 2146/2146/2146 2144/2144/2144
f 2150/2150/2150 2149/2149/2149 2148/2148/2148
f 2151/2151/2151 2150/2150/2150 2148/2148/2148
f 2154/2154/2154 2153/2153/2153 2152/2152/2152
f 2155/2155/2155 2154/2154/2154 2152/2152/2152
f 2154/2154/2154 2156/2156/2156 2153/2153/2153
f 2156/2156/2156 2157/2157/2157 2153/2153/2153
f 2160/2160/2160 2159/2159/2159 2158/2158/2158
f 2161/2161/2161 2160/2160/2160 2158/2158/2158
f 2162/2162/2162 2160/2160/2160 2161/2161/2161
f 2163/2163/2163 2162/2162/2162 2161/2161/2161
f 2159/2159/2159 2164/2164/2164 2158/2158/2158
f 2164/2164/2164 2165/2165/2165 2158/2158/2158
f 2164/2164/2164 2166/2166/2166 2165/2165/2165
f 2166/2166/2166 2167/2167/2167 2165/2165/2165
f 2162/2162/2162 2163/2163/2163 2168/2168/2168
f 2169/2169/2169 2162/2162/2162 2168/2168/2168
f 2169/2169/2169 2168/2168/2168 2170/2170/2170
f 2171/2171/2171 2169/2169/2169 2170/2170/2170
f 2172/2172/2172 2171/2171/2171 2170/2170/2170
f 2173/2173/2173 2172/2172/2172 2170/2170/2170
f 2174/2174/2174 2172/2172/2172 2173/2173/2173
f 2175/2175/2175 2174/2174/2174 2173/2173/2173
f 2178/2178/2178 2177/2177/2177 2176/2176/2176
f 2179/2179/2179 2178/2178/2178 2176/2176/2176
f 2177/2177/2177 2180/2180/2180 2176/2176/2176
f 2180/2180/2180 2181/2181/2181 2176/2176/2176
f 2180/2180/2180 2182/2182/2182 2181/2181/2181
f 2182/2182/2182 2183/2183/2183 2181/2181/2181
f 2185/2185/2185 2184/2184/2184 2179/2179/2179
f 2184/2184/2184 2185/2185/2185 2186/2186/2186
f 2187/2187/2187 2184/2184/2184 2186/2186/2186
f 2187/2187/2187 2186/2186/2186 2188/2188/2188
f 2189/2189/2189 2187/2187/2187 2188/2188/2188
f 2190/2190/2190 2189/2189/2189 2188/2188/2188
f 2191/2191/2191 2190/2190/2190 2188/2188/2188
f 2192/2192/2192 2190/2190/2190 2191/2191/2191
f 2193/2193/2193 2192/2192/2192 2191/2191/2191
f 2196/2196/2196 2195/2195/2195 2194/2194/2194
f 2199/2199/2199 2198/2198/2198 2197/2197/2197
f 2200/2200/2200 2199/2199/2199 2197/2197/2197
f 2201/2201/2201 2199/2199/2199 2200/2200/2200
f 2202/2202/2202 2201/2201/2201 2200/2200/2200
f 2198/2198/2198 2203/2203/2203 2197/2197/2197
f 2203/2203/2203 2204/2204/2204 2197/2197/2197
f 2203/2203/2203 2205/2205/2205 2204/2204/2204
f 2205/2205/2205 2206/2206/2206 2204/2204/2204
f 2201/2201/2201 2202/2202/2202 2207/2207/2207
f 2208/2208/2208 2201/2201/2201 2207/2207/2207
f 2208/2208/2208 2207/2207/2207 2209/2209/2209
f 2210/2210/2210 2208/2208/2208 2209/2209/2209
f 2211/2211/2211 2210/2210/2210 2209/2209/2209
f 2212/2212/2212 2211/2211/2211 2209/2209/2209
f 2213/2213/2213 2211/2211/2211 2212/2212/2212
f 2214/2214/2214 2213/2213/2213 2212/2212/2212
f 2213/2213/2213 2214/2214/2214 2215/2215/2215
f 2216/2216/2216 2213/2213/2213 2215/2215/2215
f 2216/2216/2216 2215/2215/2215 2217/2217/2217
f 2218/2218/2218 2216/2216/2216 2217/2217/2217
f 2206/2206/2206 2205/2205/2205 2219/2219/2219
f 2205/2205/2205 2220/2220/2220 2219/2219/2219
f 2223/2223/2223 2222/2222/2222 2221/2221/2221
f 2224/2224/2224 2223/2223/2223 2221/2221/2221
f 2225/2225/2225 2223/2223/2223 2224/2224/2224
f 2226/2226/2226 2225/2225/2225 2224/2224/2224
f 2222/2222/2222 2227/2227/2227 2221/2221/2221
f 2227/2227/2227 2228/2228/2228 2221/2221/2221
f 2227/2227/2227 2229/2229/2229 2228/2228/2228
f 2229/2229/2229 2230/2230/2230 2228/2228/2228
f 2225/2225/2225 2226/2226/2226 2231/2231/2231
f 2232/2232/2232 2225/2225/2225 2231/2231/2231
f 2232/2232/2232 2231/2231/2231 2233/2233/2233
f 2234/2234/2234 2232/2232/2232 2233/2233/2233
f 2235/2235/2235 2234/2234/2234 2233/2233/2233
f 2236/2236/2236 2235/2235/2235 2233/2233/2233
f 2237/2237/2237 2235/2235/2235 2236/2236/2236
f 2238/2238/2238 2237/2237/2237 2236/2236/2236
f 2237/2237/2237 2238/2238/2238 2239/2239/2239
f 2240/2240/2240 2237/2237/2237 2239/2239/2239
f 2230/2230/2230 2229/2229/2229 2241/2241/2241
f 2229/2229/2229 2242/2242/2242 2241/2241/2241
f 2245/2245/2245 2244/2244/2244 2243/2243/2243
f 2246/2246/2246 2245/2245/2245 2243/2243/2243
f 2247/2247/2247 2245/2245/2245 2246/2246/2246
f 2248/2248/2248 2247/2247/2247 2246/2246/2246
f 2244/2244/2244 2249/2249/2249 2243/2243/2243
f 2249/2249/2249 2250/2250/2250 2243/2243/2243
f 2249/2249/2249 2251/2251/2251 2250/2250/2250
f 2251/2251/2251 2252/2252/2252 2250/2250/2250
f 2252/2252/2252 2251/2251/2251 2253/2253/2253
f 2251/2251/2251 2254/2254/2254 2253/2253/2253
f 2253/2253/2253 2254/2254/2254 2255/2255/2255
f 2254/2254/2254 2256/2256/2256 2255/2255/2255
f 2256/2256/2256 2257/2257/2257 2255/2255/2255
f 2257/2257/2257 2258/2258/2258 2255/2255/2255
f 2257/2257/2257 2259/2259/2259 2258/2258/2258
f 2259/2259/2259 2260/2260/2260 2258/2258/2258
f 2260/2260/2260 2259/2259/2259 2261/2261/2261
f 2259/2259/2259 2262/2262/2262 2261/2261/2261
f 2261/2261/2261 2262/2262/2262 2263/2263/2263
f 2262/2262/2262 2264/2264/2264 2263/2263/2263
f 2267/2267/2267 2266/2266/2266 2265/2265/2265
f 2268/2268/2268 2267/2267/2267 2265/2265/2265
f 2269/2269/2269 2267/2267/2267 2268/2268/2268
f 2270/2270/2270 2269/2269/2269 2268/2268/2268
f 2266/2266/2266 2271/2271/2271 2265/2265/2265
f 2271/2271/2271 2272/2272/2272 2265/2265/2265
f 2271/2271/2271 2273/2273/2273 2272/2272/2272
f 2273/2273/2273 2274/2274/2274 2272/2272/2272
f 2269/2269/2269 2270/2270/2270 2275/2275/2275
f 2276/2276/2276 2269/2269/2269 2275/2275/2275
f 2274/2274/2274 2273/2273/2273 2277/2277/2277
f 2273/2273/2273 2278/2278/2278 2277/2277/2277
f 2277/2277/2277 2278/2278/2278 2279/2279/2279
f 2278/2278/2278 2280/2280/2280 2279/2279/2279
f 2280/2280/2280 2281/2281/2281 2279/2279/2279
f 2281/2281/2281 2282/2282/2282 2279/2279/2279
f 2281/2281/2281 2283/2283/2283 2282/2282/2282
f 2283/2283/2283 2284/2284/2284 2282/2282/2282
f 2284/2284/2284 2283/2283/2283 2285/2285/2285
f 2283/2283/2283 2286/2286/2286 2285/2285/2285
f 2285/2285/2285 2286/2286/2286 2287/2287/2287
f 2286/2286/2286 2288/2288/2288 2287/2287/2287
f 2291/2291/2291 2290/2290/2290 2289/2289/2289
f 2292/2292/2292 2291/2291/2291 2289/2289/2289
f 2293/2293/2293 2291/2291/2291 2292/2292/2292
f 2294/2294/2294 2293/2293/2293 2292/2292/2292
f 2290/2290/2290 2295/2295/2295 2289/2289/2289
f 2295/2295/2295 2296/2296/2296 2289/2289/2289
f 2295/2295/2295 2297/2297/2297 2296/2296/2296
f 2297/2297/2297 2298/2298/2298 2296/2296/2296
f 2293/2293/2293 2294/2294/2294 2299/2299/2299
f 2300/2300/2300 2293/2293/2293 2299/2299/2299
f 2298/2298/2298 2297/2297/2297 2301/2301/2301
f 2297/2297/2297 2302/2302/2302 2301/2301/2301
f 2301/2301/2301 2302/2302/2302 2303/2303/2303
f 2302/2302/2302 2304/2304/2304 2303/2303/2303
f 2304/2304/2304 2305/2305/2305 2303/2303/2303
f 2305/2305/2305 2306/2306/2306 2303/2303/2303
f 2305/2305/2305 2307/2307/2307 2306/2306/2306
f 2307/2307/2307 2308/2308/2308 2306/2306/2306
f 2308/2308/2308 2307/2307/2307 2309/2309/2309
f 2307/2307/2307 2310/2310/2310 2309/2309/2309
f 2313/2313/2313 2312/2312/2312 2311/2311/2311
f 2314/2314/2314 2313/2313/2313 2311/2311/2311
f 2315/2315/2315 2313/2313/2313 2314/2314/2314
f 2316/2316/2316 2315/2315/2315 2314/2314/2314
f 2312/2312/2312 2317/2317/2317 2311/2311/2311
f 2317/2317/2317 2318/2318/2318 2311/2311/2311
f 2317/2317/2317 2319/2319/2319 2318/2318/2318
f 2319/2319/2319 2320/2320/2320 2318/2318/2318
f 2320/2320/2320 2319/2319/2319 2321/2321/2321
f 2319/2319/2319 2322/2322/2322 2321/2321/2321
f 2315/2315/2315 2316/2316/2316 2323/2323/2323
f 2324/2324/2324 2315/2315/2315 2323/2323/2323
f 2324/2324/2324 2323/2323/2323 2325/2325/2325
f 2326/2326/2326 2324/2324/2324 2325/2325/2325
f 2327/2327/2327 2326/2326/2326 2325/2325/2325
f 2328/2328/2328 2327/2327/2327 2325/2325/2325
f 2329/2329/2329 2327/2327/2327 2328/2328/2328
f 2330/2330/2330 2329/2329/2329 2328/2328/2328
f 2329/2329/2329 2330/2330/2330 2331/2331/2331
f 2332/2332/2332 2329/2329/2329 2331/2331/2331
f 2332/2332/2332 2331/2331/2331 2333/2333/2333
f 2334/2334/2334 2332/2332/2332 2333/2333/2333
f 2337/2337/2337 2336/2336/2336 2335/2335/2335
f 2338/2338/2338 2337/2337/2337 2335/2335/2335
f 2341/2341/2341 2340/2340/2340 2339/2339/2339
f 2342/2342/2342 2341/2341/2341 2339/2339/2339
f 2345/2345/2345 2344/2344/2344 2343/2343/2343
f 2346/2346/2346 2345/2345/2345 2343/2343/2343
f 2349/2349/2349 2348/2348/2348 2347/2347/2347
f 2350/2350/2350 2349/2349/2349 2347/2347/2347
f 2353/2353/2353 2352/2352/2352 2351/2351/2351
f 2354/2354/2354 2353/2353/2353 2351/2351/2351
f 2357/2357/2357 2356/2356/2356 2355/2355/2355
f 2358/2358/2358 2357/2357/2357 2355/2355/2355
f 2361/2361/2361 2360/2360/2360 2359/2359/2359
f 2362/2362/2362 2361/2361/2361 2359/2359/2359
f 2365/2365/2365 2364/2364/2364 2363/2363/2363
f 2366/2366/2366 2365/2365/2365 2363/2363/2363
f 2247/2247/2247 2248/2248/2248 2367/2367/2367
f 2368/2368/2368 2247/2247/2247 2367/2367/2367
