g DinnnerTable
v 0.5212994 0.08387498 1.4598565
v 0.5207159 0.083874986 1.4894282
v 0.5207159 0.09320196 1.4894282
v 0.5212994 0.09320194 1.4598565
v 0.5212994 0.07592044 1.4598565
v 0.5207159 0.07592045 1.4894282
v 0.52188295 0.07592043 1.4302851
v 0.52188295 0.08387497 1.4302851
v 0.52188295 0.09320193 1.4302851
v 0.52246654 0.083874956 1.4007134
v 0.52246654 0.09320192 1.4007134
v 0.52246654 0.075920425 1.4007134
v 0.5236336 0.08387494 1.3415704
v 0.52246654 0.083874956 1.4007134
v 0.5236336 0.093201905 1.3415704
v 0.5236336 0.075920396 1.3415704
v 0.52246654 0.075920425 1.4007134
v -0.56074035 0.083874635 1.4680876
v -0.5790701 0.083874635 1.467726
v -0.5790701 0.0932016 1.467726
v -0.56074035 0.0932016 1.4680876
v -0.56074035 0.07592009 1.4680876
v -0.5790701 0.07592009 1.467726
v -0.54241055 0.075920105 1.4684494
v -0.54241055 0.08387464 1.4684494
v -0.5057511 0.07592012 1.4691726
v -0.5057511 0.08387465 1.4691726
v -0.54241055 0.09320161 1.4684494
v -0.5057511 0.093201615 1.4691726
v -0.4898653 0.083874665 1.4694862
v -0.5057511 0.08387465 1.4691726
v -0.4898653 0.09320162 1.4694862
v -0.4898653 0.07592013 1.4694862
v -0.5057511 0.07592012 1.4691726
v -0.52363354 0.08387372 -1.3415715
v -0.52071583 0.08387366 -1.4894289
v -0.52071583 0.09320063 -1.4894289
v -0.52363354 0.09320068 -1.3415715
v -0.52363354 0.07591918 -1.3415715
v -0.52071583 0.07591913 -1.4894289
v -0.52363354 0.08387372 -1.3415715
v 0.56074035 0.083874024 -1.4680882
v 0.57907015 0.083874024 -1.4677266
v 0.57907015 0.09320099 -1.4677266
v 0.56074035 0.09320099 -1.4680882
v 0.56074035 0.07591949 -1.4680882
v 0.57907015 0.07591949 -1.4677266
v 0.5424105 0.07591948 -1.46845
v 0.5424105 0.08387402 -1.46845
v 0.5057511 0.075919464 -1.4691732
v 0.5057511 0.083874 -1.4691732
v 0.5424105 0.093200974 -1.46845
v 0.5057511 0.09320097 -1.4691732
v 0.48986524 0.083873995 -1.4694868
v 0.5057511 0.083874 -1.4691732
v 0.48986524 0.09320096 -1.4694868
v 0.48986524 0.07591946 -1.4694868
v 0.5057511 0.075919464 -1.4691732
v 0.55782264 0.093201034 -1.3202305
v 0.56074035 0.09320099 -1.4680882
v 0.57907015 0.09320099 -1.4677266
v 0.57615244 0.09320104 -1.3198689
v 0.55694735 0.09320104 -1.2758733
v 0.57527715 0.093201056 -1.2755113
v 0.5386175 0.09320104 -1.276235
v 0.5394928 0.09320103 -1.3205923
v 0.501958 0.093201034 -1.2769582
v 0.50283337 0.09320102 -1.3213155
v 0.48607218 0.09320103 -1.2772719
v 0.48694754 0.093201004 -1.3216292
v 0.5057511 0.09320097 -1.4691732
v 0.48986524 0.09320096 -1.4694868
v 0.5424105 0.093200974 -1.46845
v -0.4344287 0.09320071 -1.339811
v -0.43151096 0.09320066 -1.4876686
v -0.45031443 0.0932007 -1.3401245
v -0.44739673 0.093200654 -1.4879822
v -0.48697403 0.09320069 -1.3408477
v -0.48405626 0.09320065 -1.4887054
v -0.5053038 0.09320069 -1.3412095
v -0.5023861 0.09320063 -1.4890672
v -0.5061791 0.0932007 -1.2968522
v -0.48784932 0.0932007 -1.2964904
v -0.48697403 0.09320069 -1.3408477
v -0.4511898 0.09320072 -1.2957672
v -0.52450883 0.0932007 -1.2972142
v -0.52363354 0.09320068 -1.3415715
v -0.52071583 0.09320063 -1.4894289
v -0.43530402 0.09320073 -1.2954537
v -0.48607227 0.093201555 1.2772713
v 0.43530396 0.09320185 1.295453
v -0.4869476 0.09320158 1.3216283
v 0.43442863 0.093201876 1.3398101
v -0.48811468 0.0932016 1.3807714
v -0.5040004 0.093201585 1.380458
v -0.50458395 0.0932016 1.4100295
v -0.5412435 0.093201585 1.4093063
v -0.5406599 0.09320158 1.3797346
v -0.5028333 0.09320157 1.3213149
v -0.53949285 0.093201555 1.3205916
v -0.5589897 0.09320158 1.379373
v -0.55782264 0.09320155 1.3202299
v -0.5595733 0.093201585 1.4089445
v -0.541827 0.0932016 1.4388776
v -0.5051674 0.093201615 1.439601
v -0.54241055 0.09320161 1.4684494
v -0.5057511 0.093201615 1.4691726
v -0.56074035 0.0932016 1.4680876
v -0.5601568 0.093201585 1.4385159
v -0.57790303 0.09320158 1.4085829
v -0.57731944 0.09320157 1.3790112
v -0.57848656 0.093201585 1.4381542
v -0.5761524 0.09320155 1.319868
v -0.5790701 0.0932016 1.467726
v -0.48928174 0.093201615 1.4399143
v -0.48869818 0.09320161 1.4103432
v 0.432678 0.093201905 1.4285249
v 0.43209445 0.09320192 1.4580963
v 0.44856375 0.09320191 1.4288385
v 0.44914728 0.093201905 1.3992668
v 0.4332615 0.09320189 1.3989532
v 0.4503144 0.09320188 1.3401238
v 0.4869739 0.09320189 1.3408471
v 0.4858068 0.09320191 1.3999902
v 0.4852233 0.09320192 1.4295619
v 0.50413674 0.09320192 1.4003519
v 0.50355315 0.09320192 1.4299235
v 0.52246654 0.09320192 1.4007134
v 0.5236336 0.093201905 1.3415704
v 0.5053038 0.09320189 1.3412088
v 0.52188295 0.09320193 1.4302851
v 0.48463973 0.09320193 1.4591331
v 0.5029696 0.09320194 1.4594947
v 0.5212994 0.09320194 1.4598565
v 0.5023861 0.09320195 1.4890666
v 0.5207159 0.09320196 1.4894282
v 0.44798023 0.09320192 1.4584097
v 0.4473967 0.09320193 1.4879816
v 0.43151093 0.09320192 1.4876679
v 0.4840562 0.09320194 1.4887049
v -0.4898653 0.09320162 1.4694862
v 0.56074065 -1.0201254 -1.4680879
v 0.57907045 -1.0201254 -1.4677262
v 0.57907015 -0.009532501 -1.4677266
v 0.56074035 -0.009532566 -1.4680882
v -0.52363324 -1.0201256 -1.3415709
v -0.52071553 -1.0201257 -1.4894285
v -0.52071583 -0.00953286 -1.4894289
v -0.52363354 -0.009532811 -1.3415715
v -0.56074005 -1.0201247 1.468088
v -0.5790698 -1.0201247 1.4677262
v -0.5790701 -0.009531896 1.467726
v -0.56074035 -0.00953195 1.4680876
v 0.5212997 -1.0201244 1.4598569
v 0.52071613 -1.0201243 1.4894286
v 0.5207159 -0.009531537 1.4894282
v 0.5212994 -0.009531547 1.4598565
v 0.57907045 -1.0201254 -1.4677262
v 0.57615274 -1.0201253 -1.3198688
v 0.57615244 -0.009532453 -1.3198689
v 0.57907015 -0.009532501 -1.4677266
v -0.57731915 -1.0201248 1.3790116
v -0.5761521 -1.0201248 1.3198686
v -0.5761524 -0.009531943 1.319868
v -0.57731944 -0.0095319245 1.3790112
v -0.57731944 0.083874606 1.3790112
v -0.5761524 0.08387458 1.319868
v -0.5761524 0.09320155 1.319868
v -0.57731944 0.09320157 1.3790112
v -0.57731944 0.07592007 1.3790112
v -0.5761524 0.075920045 1.319868
v -0.57790303 0.08387461 1.4085829
v -0.57790303 0.075920075 1.4085829
v -0.57731944 0.07592007 1.3790112
v -0.57790303 0.09320158 1.4085829
v -0.57848656 0.08387461 1.4381542
v -0.57790303 0.08387461 1.4085829
v -0.57848656 0.093201585 1.4381542
v -0.5790701 0.083874635 1.467726
v -0.5790701 0.07592009 1.467726
v -0.57848656 0.07592008 1.4381542
v -0.5790701 0.0932016 1.467726
v -0.57527703 0.07592003 1.2755104
v -0.57527703 0.08387457 1.2755104
v -0.5761524 0.08387458 1.319868
v -0.52450883 0.08387373 -1.2972142
v -0.52450883 0.075919196 -1.2972142
v -0.52450883 0.0932007 -1.2972142
v -0.57527703 0.09320153 1.2755104
v -0.5761524 0.08387458 1.319868
v -0.5761524 0.09320155 1.319868
v -0.52450883 0.08387373 -1.2972142
v -0.52363354 0.08387372 -1.3415715
v -0.52363354 0.09320068 -1.3415715
v -0.52450883 0.0932007 -1.2972142
v -0.52450883 0.075919196 -1.2972142
v -0.52363354 0.08387372 -1.3415715
v -0.52363354 0.07591918 -1.3415715
v 0.57907015 0.083874024 -1.4677266
v 0.57615244 0.08387407 -1.3198689
v 0.57615244 0.09320104 -1.3198689
v 0.57907015 0.09320099 -1.4677266
v 0.57907015 0.07591949 -1.4677266
v 0.57615244 0.08387407 -1.3198689
v 0.57615244 0.07591954 -1.3198689
v 0.5245089 0.08387492 1.2972136
v 0.5236336 0.08387494 1.3415704
v 0.5236336 0.093201905 1.3415704
v 0.5245089 0.09320189 1.2972136
v 0.57527715 0.08387409 -1.2755113
v 0.57527715 0.07591955 -1.2755113
v 0.5245089 0.07592039 1.2972136
v 0.5236336 0.08387494 1.3415704
v 0.5236336 0.075920396 1.3415704
v 0.57527715 0.093201056 -1.2755113
v 0.57615244 0.08387407 -1.3198689
v 0.57527715 0.08387409 -1.2755113
v 0.57615244 0.09320104 -1.3198689
v 0.57615244 0.07591954 -1.3198689
v 0.57527715 0.07591955 -1.2755113
v 0.57615244 0.08387407 -1.3198689
v 0.48405653 -1.0201244 1.4887053
v 0.44739702 -1.0201244 1.4879818
v 0.44739673 -0.009531621 1.4879816
v 0.48405623 -0.009531609 1.4887049
v -0.48405594 -1.0201256 -1.4887052
v -0.44739634 -1.0201256 -1.4879818
v -0.4473967 -0.009532895 -1.4879822
v -0.48405626 -0.009532907 -1.4887054
v -0.48405626 0.08387368 -1.4887054
v -0.44739673 0.08387369 -1.4879822
v -0.44739673 0.093200654 -1.4879822
v -0.48405626 0.09320065 -1.4887054
v -0.48405626 0.07591914 -1.4887054
v -0.44739673 0.07591915 -1.4879822
v -0.5023861 0.07591914 -1.4890672
v -0.5023861 0.083873674 -1.4890672
v -0.43151096 0.0838737 -1.4876686
v -0.43151096 0.07591916 -1.4876686
v -0.43151096 0.09320066 -1.4876686
v 0.4840562 0.08387498 1.4887049
v 0.4473967 0.08387497 1.4879816
v 0.4473967 0.09320193 1.4879816
v 0.4840562 0.09320194 1.4887049
v 0.4473967 0.08387497 1.4879816
v 0.43151093 0.09320192 1.4876679
v 0.43151093 0.083874956 1.4876679
v 0.4473967 0.07592043 1.4879816
v 0.4840562 0.07592044 1.4887049
v 0.4840562 0.08387498 1.4887049
v 0.5023861 0.07592045 1.4890666
v 0.5023861 0.083874986 1.4890666
v 0.43151093 0.075920425 1.4876679
v 0.55694735 -0.009532444 -1.2758733
v 0.57527715 -0.009532439 -1.2755113
v 0.57615244 -0.009532453 -1.3198689
v 0.55782264 -0.009532458 -1.3202305
v 0.5061791 -0.009531606 1.2968516
v 0.57527715 -0.009532439 -1.2755113
v 0.5245089 -0.0095315995 1.2972136
v 0.5053038 -0.009531591 1.3412088
v 0.5245089 -0.0095315995 1.2972136
v 0.5236336 -0.0095315855 1.3415704
v -0.5761521 -1.0201248 1.3198686
v -0.5057508 -1.0201247 1.4691731
v -0.5057511 -0.009531931 1.4691726
v -0.5761524 -0.009531943 1.319868
v -0.48986524 -0.009531926 1.4694862
v -0.55782264 -0.009531938 1.3202299
v -0.5761524 -0.009531943 1.319868
v -0.5057511 -0.009531931 1.4691726
v -0.55782264 -0.009531938 1.3202299
v -0.55694735 -0.0095319515 1.2758727
v -0.57527703 -0.009531958 1.2755104
v -0.46840736 -0.009532877 -1.4144391
v -0.48551512 -0.009532882 -1.4147766
v -0.52363354 -0.009532811 -1.3415715
v -0.5053038 -0.0095328055 -1.3412095
v 0.54095197 -1.0201253 -1.3945206
v 0.5057514 -1.0201254 -1.469173
v 0.5057511 -0.009532584 -1.4691732
v 0.54095167 -0.009532548 -1.3945211
v 0.5236339 -1.0201244 1.3415706
v 0.5236336 -0.0095315855 1.3415704
v 0.44739673 -0.009531621 1.4879816
v 0.44739702 -1.0201244 1.4879818
v -0.48551482 -1.0201256 -1.4147763
v -0.48551512 -0.009532882 -1.4147766
v -0.4473967 -0.009532895 -1.4879822
v -0.44739634 -1.0201256 -1.4879818
v 0.56074065 -1.0201254 -1.4680879
v 0.5424108 -1.0201254 -1.4684495
v 0.5057514 -1.0201254 -1.469173
v 0.54095197 -1.0201253 -1.3945206
v 0.5023864 -1.0201244 1.4890668
v 0.52071613 -1.0201243 1.4894286
v 0.5212997 -1.0201244 1.4598569
v 0.52188325 -1.0201244 1.4302856
v 0.48405653 -1.0201244 1.4887053
v 0.5023864 -1.0201244 1.4890668
v 0.52246684 -1.0201244 1.4007139
v 0.44739702 -1.0201244 1.4879818
v 0.5236339 -1.0201244 1.3415706
v -0.48551482 -1.0201256 -1.4147763
v -0.5023858 -1.0201256 -1.4890667
v -0.52071553 -1.0201257 -1.4894285
v -0.52363324 -1.0201256 -1.3415709
v -0.54241025 -1.0201247 1.4684497
v -0.5057508 -1.0201247 1.4691731
v -0.5761521 -1.0201248 1.3198686
v -0.57731915 -1.0201248 1.3790116
v -0.5790698 -1.0201247 1.4677262
v -0.57848626 -1.0201248 1.4381546
v -0.57848656 -0.009531905 1.4381542
v -0.5790701 -0.009531896 1.467726
v 0.52188325 -1.0201244 1.4302856
v 0.5212997 -1.0201244 1.4598569
v 0.5212994 -0.009531547 1.4598565
v 0.52188295 -0.009531556 1.4302851
v 0.52246684 -1.0201244 1.4007139
v 0.52188295 -0.009531556 1.4302851
v 0.52246654 -0.009531566 1.4007134
v 0.5236339 -1.0201244 1.3415706
v 0.52246684 -1.0201244 1.4007139
v 0.52246654 -0.009531566 1.4007134
v 0.5236336 -0.0095315855 1.3415704
v -0.56074005 -1.0201247 1.468088
v -0.54241025 -1.0201247 1.4684497
v -0.57731915 -1.0201248 1.3790116
v -0.57790273 -1.0201248 1.4085832
v -0.5790698 -1.0201247 1.4677262
v -0.56074005 -1.0201247 1.468088
v 0.5023861 0.083874986 1.4890666
v 0.4840562 0.08387498 1.4887049
v 0.4840562 0.09320194 1.4887049
v 0.5023861 0.09320195 1.4890666
v -0.5023861 0.083873674 -1.4890672
v -0.48405626 0.08387368 -1.4887054
v -0.48405626 0.09320065 -1.4887054
v -0.5023861 0.09320063 -1.4890672
v -0.5023858 -1.0201256 -1.4890667
v -0.48405594 -1.0201256 -1.4887052
v -0.48405626 -0.009532907 -1.4887054
v -0.5023861 -0.009532912 -1.4890672
v -0.52071553 -1.0201257 -1.4894285
v -0.52071583 -0.00953286 -1.4894289
v 0.5023864 -1.0201244 1.4890668
v 0.48405653 -1.0201244 1.4887053
v 0.48405623 -0.009531609 1.4887049
v 0.5023861 -0.009531603 1.4890666
v -0.57790273 -1.0201248 1.4085832
v -0.57731915 -1.0201248 1.3790116
v -0.57731944 -0.0095319245 1.3790112
v -0.57790303 -0.009531915 1.4085829
v -0.57848626 -1.0201248 1.4381546
v -0.57790303 -0.009531915 1.4085829
v -0.57848656 -0.009531905 1.4381542
v -0.5057508 -1.0201247 1.4691731
v -0.54241025 -1.0201247 1.4684497
v -0.54241055 -0.009531943 1.4684494
v -0.5057511 -0.009531931 1.4691726
v 0.5057514 -1.0201254 -1.469173
v 0.5424108 -1.0201254 -1.4684495
v 0.5424105 -0.009532573 -1.46845
v 0.5057511 -0.009532584 -1.4691732
v 0.52071613 -1.0201243 1.4894286
v 0.5023864 -1.0201244 1.4890668
v 0.5023861 -0.009531603 1.4890666
v 0.5207159 -0.009531537 1.4894282
v -0.52071583 0.08387366 -1.4894289
v -0.5023861 0.083873674 -1.4890672
v -0.5023861 0.09320063 -1.4890672
v -0.52071583 0.09320063 -1.4894289
v 0.5207159 0.083874986 1.4894282
v 0.5023861 0.083874986 1.4890666
v 0.5023861 0.09320195 1.4890666
v 0.5207159 0.09320196 1.4894282
v -0.5790698 -1.0201247 1.4677262
v -0.57790273 -1.0201248 1.4085832
v -0.57848626 -1.0201248 1.4381546
v 0.5207159 0.07592045 1.4894282
v 0.5023861 0.07592045 1.4890666
v 0.5023861 0.083874986 1.4890666
v 0.5207159 0.083874986 1.4894282
v -0.52071583 0.07591913 -1.4894289
v -0.5023861 0.07591914 -1.4890672
v -0.5023861 0.083873674 -1.4890672
v -0.52071583 0.08387366 -1.4894289
v -0.44739634 -1.0201256 -1.4879818
v -0.48405594 -1.0201256 -1.4887052
v -0.5023858 -1.0201256 -1.4890667
v -0.44739634 -1.0201256 -1.4879818
v -0.5023858 -1.0201256 -1.4890667
v -0.48551482 -1.0201256 -1.4147763
v 0.57907045 -1.0201254 -1.4677262
v 0.56074065 -1.0201254 -1.4680879
v 0.54095197 -1.0201253 -1.3945206
v 0.57615274 -1.0201253 -1.3198688
v -0.52363324 -1.0201256 -1.3415709
v -0.52363354 -0.009532811 -1.3415715
v -0.48551512 -0.009532882 -1.4147766
v -0.48551482 -1.0201256 -1.4147763
v 0.57615274 -1.0201253 -1.3198688
v 0.54095197 -1.0201253 -1.3945206
v 0.54095167 -0.009532548 -1.3945211
v 0.57615244 -0.009532453 -1.3198689
v -0.43151093 -0.00953289 -1.4876686
v -0.4473967 -0.009532895 -1.4879822
v -0.48551512 -0.009532882 -1.4147766
v -0.46840736 -0.009532877 -1.4144391
v -0.54241025 -1.0201247 1.4684497
v -0.56074005 -1.0201247 1.468088
v -0.56074035 -0.00953195 1.4680876
v -0.54241055 -0.009531943 1.4684494
v 0.5424108 -1.0201254 -1.4684495
v 0.56074065 -1.0201254 -1.4680879
v 0.56074035 -0.009532566 -1.4680882
v 0.5424105 -0.009532573 -1.46845
v 0.5057511 -0.009532584 -1.4691732
v 0.4898653 -0.009532589 -1.4694868
v 0.523844 -0.009532554 -1.3948587
v 0.54095167 -0.009532548 -1.3945211
v 0.4898653 -0.009532589 -1.4694868
v -0.46840736 -0.009532877 -1.4144391
v -0.43151093 -0.00953289 -1.4876686
v -0.5053038 -0.0095328055 -1.3412095
v 0.55782264 -0.009532458 -1.3202305
v -0.5061791 -0.009532791 -1.2968522
v 0.55694735 -0.009532444 -1.2758733
v -0.55694735 -0.0095319515 1.2758727
v 0.5061791 -0.009531606 1.2968516
v -0.55782264 -0.009531938 1.3202299
v 0.5053038 -0.009531591 1.3412088
v 0.43151096 -0.009531626 1.4876679
v -0.48986524 -0.009531926 1.4694862
v 0.45118973 0.09320186 1.2957666
v 0.48784924 0.09320188 1.29649
v 0.4869739 0.09320189 1.3408471
v 0.5061791 0.09320189 1.2968516
v 0.5245089 0.09320189 1.2972136
v -0.43151096 0.07591916 -1.4876686
v 0.48986524 0.07591946 -1.4694868
v 0.48986524 0.083873995 -1.4694868
v -0.43151096 0.0838737 -1.4876686
v 0.48986524 0.09320096 -1.4694868
v -0.43151096 0.09320066 -1.4876686
v 0.43151093 0.075920425 1.4876679
v -0.4898653 0.07592013 1.4694862
v -0.4898653 0.083874665 1.4694862
v 0.43151093 0.083874956 1.4876679
v -0.4898653 0.09320162 1.4694862
v 0.43151093 0.09320192 1.4876679
v 0.54095167 -0.009532548 -1.3945211
v 0.523844 -0.009532554 -1.3948587
v 0.55782264 -0.009532458 -1.3202305
v 0.57615244 -0.009532453 -1.3198689
v 0.44739673 -0.009531621 1.4879816
v 0.5236336 -0.0095315855 1.3415704
v 0.5053038 -0.009531591 1.3412088
v 0.43151096 -0.009531626 1.4876679
v -0.52450883 -0.009532797 -1.2972142
v -0.5061791 -0.009532791 -1.2968522
v -0.5053038 -0.0095328055 -1.3412095
v -0.52363354 -0.009532811 -1.3415715
v -0.57527703 -0.009531958 1.2755104
v -0.55694735 -0.0095319515 1.2758727
v -0.52450883 -0.009532797 -1.2972142
v -0.501958 0.09320155 1.2769578
v -0.53861755 0.09320155 1.2762344
v -0.55694735 0.09320154 1.2758727
v -0.57527703 0.09320153 1.2755104
v 0.57527715 -0.009532439 -1.2755113
v 0.5245089 -0.0095315995 1.2972136
v 0.5245089 0.0068295174 1.2972136
v 0.57527715 0.0068286792 -1.2755113
v 0.5245089 -0.0095315995 1.2972136
v 0.5236336 0.006829532 1.3415704
v 0.5236336 -0.0095315855 1.3415704
v -0.57731944 0.07592007 1.3790112
v -0.59160775 0.07592006 1.3787292
v -0.59044063 0.075920045 1.3195858
v -0.5761524 0.075920045 1.319868
v -0.57790303 0.075920075 1.4085829
v -0.59219134 0.07592007 1.4083009
v -0.57848656 0.07592008 1.4381542
v -0.59277487 0.07592008 1.4378722
v -0.5790701 0.07592009 1.467726
v -0.58946836 0.07592009 1.4824679
v -0.58956534 0.07592003 1.2752283
v -0.57527703 0.07592003 1.2755104
v -0.53879714 0.07591919 -1.2974962
v -0.52450883 0.075919196 -1.2972142
v -0.53792185 0.07591917 -1.3418535
v -0.52363354 0.07591918 -1.3415715
v -0.5305244 0.07591912 -1.5045698
v -0.52071583 0.07591913 -1.4894289
v 0.57615244 -0.009532453 -1.3198689
v 0.57527715 -0.009532439 -1.2755113
v 0.57527715 0.0068286792 -1.2755113
v 0.57615244 0.0068286643 -1.3198689
v 0.5245089 0.0068295174 1.2972136
v 0.5387972 0.006829522 1.2974956
v 0.58956546 0.0068286834 -1.2752292
v 0.57527715 0.0068286792 -1.2755113
v 0.59044075 0.006828669 -1.3195869
v 0.57615244 0.0068286643 -1.3198689
v 0.5894684 0.006828615 -1.4824687
v 0.57907015 0.006828616 -1.4677266
v 0.56115735 0.006828603 -1.4892188
v 0.56074035 0.0068286103 -1.4680882
v 0.5428275 0.0068285977 -1.4895805
v 0.5424105 0.0068286043 -1.46845
v 0.5236336 0.006829532 1.3415704
v 0.5379219 0.0068295365 1.3418525
v 0.506168 0.0068285856 -1.4903038
v 0.5057511 0.006828592 -1.4691732
v 0.49028224 0.0068285805 -1.4906174
v 0.4898653 0.0068285875 -1.4694868
v -0.43109396 0.00682828 -1.5087991
v -0.43151093 0.006828287 -1.4876686
v -0.4469797 0.006828275 -1.5091127
v -0.4473967 0.0068282816 -1.4879822
v -0.4836393 0.0068282625 -1.5098361
v -0.48405626 0.00682827 -1.4887054
v -0.5019691 0.006828257 -1.5101978
v -0.5023861 0.006828264 -1.4890672
v -0.5305244 0.0068282494 -1.5045698
v -0.52071583 0.006828258 -1.4894289
v -0.53792185 0.0068283016 -1.3418535
v -0.52363354 0.0068283062 -1.3415715
v -0.53879714 0.0068283156 -1.2974962
v -0.52450883 0.0068283207 -1.2972142
v -0.58956534 0.006829154 1.2752283
v -0.57527703 0.0068291584 1.2755104
v -0.59044063 0.0068291686 1.3195858
v -0.5761524 0.0068291733 1.319868
v -0.59160775 0.006829188 1.3787292
v -0.57731944 0.0068291924 1.3790112
v -0.59219134 0.006829198 1.4083009
v -0.57790303 0.0068292026 1.4085829
v -0.59277487 0.0068292073 1.4378722
v -0.57848656 0.0068292115 1.4381542
v -0.58946836 0.0068292227 1.4824679
v -0.5790701 0.0068292217 1.467726
v -0.56115735 0.006829235 1.4892182
v -0.56074035 0.006829228 1.4680876
v -0.54282755 0.0068292404 1.4895799
v -0.54241055 0.006829234 1.4684494
v -0.506168 0.006829252 1.4903033
v -0.5057511 0.0068292455 1.4691726
v -0.49028224 0.0068292576 1.4906167
v -0.48986524 0.00682925 1.4694862
v 0.43109396 0.006829558 1.5087985
v 0.43151096 0.0068295505 1.4876679
v 0.44697973 0.0068295626 1.509112
v 0.44739673 0.006829556 1.4879816
v 0.4836392 0.006829575 1.5098355
v 0.48405623 0.006829568 1.4887049
v 0.5019691 0.006829581 1.5101972
v 0.5023861 0.006829574 1.4890666
v 0.53052443 0.006829588 1.5045692
v 0.5207159 0.00682958 1.4894282
v 0.5355877 0.006829575 1.4601386
v 0.5212994 0.0068295705 1.4598565
v 0.53617126 0.006829565 1.4305673
v 0.52188295 0.0068295607 1.4302851
v 0.53675485 0.006829556 1.4009956
v 0.52246654 0.0068295514 1.4007134
v -0.57527703 -0.009531958 1.2755104
v -0.52450883 -0.009532797 -1.2972142
v -0.52450883 0.0068283207 -1.2972142
v -0.57527703 0.0068291584 1.2755104
v -0.5761524 -0.009531943 1.319868
v -0.57527703 -0.009531958 1.2755104
v -0.5761524 0.0068291733 1.319868
v -0.52450883 -0.009532797 -1.2972142
v -0.52363354 0.0068283062 -1.3415715
v -0.52363354 -0.009532811 -1.3415715
v 0.43151096 -0.009531626 1.4876679
v -0.48986524 -0.009531926 1.4694862
v -0.48986524 0.00682925 1.4694862
v 0.43151096 0.0068295505 1.4876679
v -0.52071583 0.07591913 -1.4894289
v -0.5305244 0.07591912 -1.5045698
v -0.5019691 0.07591913 -1.5101978
v -0.5023861 0.07591914 -1.4890672
v -0.48363933 0.07591914 -1.5098361
v -0.48405626 0.07591914 -1.4887054
v -0.44697973 0.07591915 -1.5091127
v -0.44739673 0.07591915 -1.4879822
v -0.43109396 0.07591915 -1.5087991
v -0.43151096 0.07591916 -1.4876686
v 0.49028224 0.07591946 -1.4906174
v 0.48986524 0.07591946 -1.4694868
v 0.506168 0.07591946 -1.4903038
v 0.5057511 0.075919464 -1.4691732
v 0.5428275 0.07591947 -1.4895805
v 0.5424105 0.07591948 -1.46845
v 0.56115735 0.07591948 -1.4892188
v 0.56074035 0.07591949 -1.4680882
v 0.5894684 0.07591949 -1.4824687
v 0.57907015 0.07591949 -1.4677266
v 0.44739673 -0.009531621 1.4879816
v 0.43151096 -0.009531626 1.4876679
v 0.43151096 0.0068295505 1.4876679
v 0.44739673 0.006829556 1.4879816
v -0.43151093 -0.00953289 -1.4876686
v 0.4898653 -0.009532589 -1.4694868
v 0.4898653 0.0068285875 -1.4694868
v -0.43151093 0.006828287 -1.4876686
v -0.4473967 -0.009532895 -1.4879822
v -0.43151093 -0.00953289 -1.4876686
v -0.43151093 0.006828287 -1.4876686
v -0.4473967 0.0068282816 -1.4879822
v 0.5424105 -0.009532573 -1.46845
v 0.56074035 -0.009532566 -1.4680882
v 0.56074035 0.0068286103 -1.4680882
v 0.5424105 0.0068286043 -1.46845
v -0.54241055 -0.009531943 1.4684494
v -0.56074035 -0.00953195 1.4680876
v -0.56074035 0.006829228 1.4680876
v -0.54241055 0.006829234 1.4684494
v -0.5057511 -0.009531931 1.4691726
v -0.5057511 0.0068292455 1.4691726
v -0.5790701 -0.009531896 1.467726
v -0.5790701 0.0068292217 1.467726
v -0.56074035 0.006829228 1.4680876
v 0.52246654 -0.009531566 1.4007134
v 0.52188295 -0.009531556 1.4302851
v 0.52188295 0.0068295607 1.4302851
v 0.52246654 0.0068295514 1.4007134
v -0.57848656 -0.009531905 1.4381542
v -0.57790303 -0.009531915 1.4085829
v -0.57790303 0.0068292026 1.4085829
v -0.57848656 0.0068292115 1.4381542
v -0.52071583 -0.00953286 -1.4894289
v -0.5023861 -0.009532912 -1.4890672
v -0.5023861 0.006828264 -1.4890672
v -0.52071583 0.006828258 -1.4894289
v 0.52246654 0.075920425 1.4007134
v 0.53675485 0.075920425 1.4009956
v 0.53617126 0.07592044 1.4305673
v 0.52188295 0.07592043 1.4302851
v 0.5355877 0.07592045 1.4601386
v 0.5212994 0.07592044 1.4598565
v 0.53052443 0.07592046 1.5045692
v 0.5207159 0.07592045 1.4894282
v 0.5236336 0.075920396 1.3415704
v 0.5379219 0.07592041 1.3418525
v 0.5245089 0.07592039 1.2972136
v 0.5387972 0.075920396 1.2974956
v 0.57527715 0.07591955 -1.2755113
v 0.58956546 0.07591955 -1.2752292
v 0.57615244 0.07591954 -1.3198689
v 0.59044075 0.07591954 -1.3195869
v 0.57907015 0.07591949 -1.4677266
v 0.5894684 0.07591949 -1.4824687
v 0.5207159 -0.009531537 1.4894282
v 0.5023861 -0.009531603 1.4890666
v 0.5023861 0.006829574 1.4890666
v 0.5207159 0.00682958 1.4894282
v -0.56074035 0.07592009 1.4680876
v -0.56115735 0.075920105 1.4892182
v -0.58946836 0.07592009 1.4824679
v -0.5790701 0.07592009 1.467726
v -0.54241055 0.075920105 1.4684494
v -0.54282755 0.07592011 1.4895799
v -0.5057511 0.07592012 1.4691726
v -0.506168 0.07592013 1.4903033
v -0.4898653 0.07592013 1.4694862
v -0.49028224 0.07592013 1.4906167
v 0.43151093 0.075920425 1.4876679
v 0.43109396 0.07592043 1.5087985
v 0.4473967 0.07592043 1.4879816
v 0.4469797 0.07592043 1.509112
v 0.4840562 0.07592044 1.4887049
v 0.4836392 0.07592045 1.5098355
v 0.5023861 0.07592045 1.4890666
v 0.5019691 0.07592045 1.5101972
v 0.5207159 0.07592045 1.4894282
v 0.53052443 0.07592046 1.5045692
v 0.5023861 -0.009531603 1.4890666
v 0.48405623 -0.009531609 1.4887049
v 0.48405623 0.006829568 1.4887049
v 0.5023861 0.006829574 1.4890666
v 0.44739673 -0.009531621 1.4879816
v 0.44739673 0.006829556 1.4879816
v 0.48405623 0.006829568 1.4887049
v -0.5023861 -0.009532912 -1.4890672
v -0.48405626 -0.009532907 -1.4887054
v -0.48405626 0.00682827 -1.4887054
v -0.5023861 0.006828264 -1.4890672
v -0.4473967 0.0068282816 -1.4879822
v -0.4473967 -0.009532895 -1.4879822
v -0.57790303 -0.009531915 1.4085829
v -0.57731944 -0.0095319245 1.3790112
v -0.57731944 0.0068291924 1.3790112
v -0.57790303 0.0068292026 1.4085829
v 0.5057511 -0.009532584 -1.4691732
v 0.5424105 -0.009532573 -1.46845
v 0.5424105 0.0068286043 -1.46845
v 0.5057511 0.006828592 -1.4691732
v 0.5236336 -0.0095315855 1.3415704
v 0.52246654 -0.009531566 1.4007134
v 0.52246654 0.0068295514 1.4007134
v 0.5236336 0.006829532 1.3415704
v -0.5790701 -0.009531896 1.467726
v -0.57848656 -0.009531905 1.4381542
v -0.57848656 0.0068292115 1.4381542
v -0.5790701 0.0068292217 1.467726
v 0.52188295 -0.009531556 1.4302851
v 0.5212994 -0.009531547 1.4598565
v 0.5212994 0.0068295705 1.4598565
v 0.52188295 0.0068295607 1.4302851
v 0.5212994 -0.009531547 1.4598565
v 0.5207159 -0.009531537 1.4894282
v 0.5207159 0.00682958 1.4894282
v 0.5212994 0.0068295705 1.4598565
v -0.52363354 -0.009532811 -1.3415715
v -0.52071583 -0.00953286 -1.4894289
v -0.52071583 0.006828258 -1.4894289
v -0.52363354 0.0068283062 -1.3415715
v 0.56074035 -0.009532566 -1.4680882
v 0.57907015 -0.009532501 -1.4677266
v 0.57907015 0.006828616 -1.4677266
v 0.56074035 0.0068286103 -1.4680882
v -0.57731944 -0.0095319245 1.3790112
v -0.5761524 -0.009531943 1.319868
v -0.5761524 0.0068291733 1.319868
v -0.57731944 0.0068291924 1.3790112
v 0.57907015 -0.009532501 -1.4677266
v 0.57615244 -0.009532453 -1.3198689
v 0.57615244 0.0068286643 -1.3198689
v 0.57907015 0.006828616 -1.4677266
v 0.4898653 -0.009532589 -1.4694868
v 0.5057511 -0.009532584 -1.4691732
v 0.5057511 0.006828592 -1.4691732
v 0.4898653 0.0068285875 -1.4694868
v -0.48986524 -0.009531926 1.4694862
v -0.5057511 -0.009531931 1.4691726
v -0.5057511 0.0068292455 1.4691726
v -0.48986524 0.00682925 1.4694862
v 0.58956546 0.0068286834 -1.2752292
v 0.5387972 0.006829522 1.2974956
v 0.5387972 0.075920396 1.2974956
v 0.58956546 0.07591955 -1.2752292
v 0.59044075 0.006828669 -1.3195869
v 0.59044075 0.07591954 -1.3195869
v 0.5379219 0.07592041 1.3418525
v 0.5379219 0.0068295365 1.3418525
v 0.5379219 0.0068295365 1.3418525
v 0.53675485 0.075920425 1.4009956
v 0.53675485 0.006829556 1.4009956
v -0.58956534 0.006829154 1.2752283
v -0.53879714 0.0068283156 -1.2974962
v -0.53879714 0.07591919 -1.2974962
v -0.58956534 0.07592003 1.2752283
v -0.59044063 0.0068291686 1.3195858
v -0.59044063 0.075920045 1.3195858
v -0.53792185 0.07591917 -1.3418535
v -0.53792185 0.0068283016 -1.3418535
v -0.59160775 0.006829188 1.3787292
v -0.59044063 0.0068291686 1.3195858
v -0.59160775 0.07592006 1.3787292
v 0.43109396 0.006829558 1.5087985
v -0.49028224 0.0068292576 1.4906167
v -0.49028224 0.07592013 1.4906167
v 0.43109396 0.07592043 1.5087985
v 0.44697973 0.0068295626 1.509112
v 0.43109396 0.006829558 1.5087985
v 0.43109396 0.07592043 1.5087985
v 0.4469797 0.07592043 1.509112
v -0.43109396 0.00682828 -1.5087991
v 0.49028224 0.0068285805 -1.4906174
v 0.49028224 0.07591946 -1.4906174
v -0.43109396 0.07591915 -1.5087991
v -0.4469797 0.006828275 -1.5091127
v -0.43109396 0.00682828 -1.5087991
v -0.43109396 0.07591915 -1.5087991
v -0.44697973 0.07591915 -1.5091127
v 0.5428275 0.0068285977 -1.4895805
v 0.56115735 0.006828603 -1.4892188
v 0.56115735 0.07591948 -1.4892188
v 0.5428275 0.07591947 -1.4895805
v -0.54282755 0.0068292404 1.4895799
v -0.56115735 0.006829235 1.4892182
v -0.56115735 0.075920105 1.4892182
v -0.54282755 0.07592011 1.4895799
v 0.53675485 0.006829556 1.4009956
v 0.53617126 0.006829565 1.4305673
v 0.53617126 0.07592044 1.4305673
v 0.53675485 0.075920425 1.4009956
v 0.5355877 0.006829575 1.4601386
v 0.5355877 0.07592045 1.4601386
v 0.53617126 0.07592044 1.4305673
v -0.59277487 0.0068292073 1.4378722
v -0.59219134 0.006829198 1.4083009
v -0.59219134 0.07592007 1.4083009
v -0.59277487 0.07592008 1.4378722
v -0.59160775 0.006829188 1.3787292
v -0.59160775 0.07592006 1.3787292
v -0.59219134 0.07592007 1.4083009
v -0.5305244 0.0068282494 -1.5045698
v -0.5019691 0.006828257 -1.5101978
v -0.5019691 0.07591913 -1.5101978
v -0.5305244 0.07591912 -1.5045698
v 0.53052443 0.006829588 1.5045692
v 0.5019691 0.006829581 1.5101972
v 0.5019691 0.07592045 1.5101972
v 0.53052443 0.07592046 1.5045692
v 0.5019691 0.006829581 1.5101972
v 0.4836392 0.006829575 1.5098355
v 0.4836392 0.07592045 1.5098355
v 0.5019691 0.07592045 1.5101972
v 0.4836392 0.006829575 1.5098355
v 0.4469797 0.07592043 1.509112
v 0.44697973 0.0068295626 1.509112
v -0.5019691 0.006828257 -1.5101978
v -0.4836393 0.0068282625 -1.5098361
v -0.48363933 0.07591914 -1.5098361
v -0.5019691 0.07591913 -1.5101978
v -0.4836393 0.0068282625 -1.5098361
v -0.44697973 0.07591915 -1.5091127
v -0.4469797 0.006828275 -1.5091127
v 0.506168 0.0068285856 -1.4903038
v 0.5428275 0.0068285977 -1.4895805
v 0.5428275 0.07591947 -1.4895805
v 0.506168 0.07591946 -1.4903038
v 0.49028224 0.0068285805 -1.4906174
v 0.49028224 0.07591946 -1.4906174
v -0.506168 0.006829252 1.4903033
v -0.54282755 0.0068292404 1.4895799
v -0.54282755 0.07592011 1.4895799
v -0.506168 0.07592013 1.4903033
v -0.58946836 0.0068292227 1.4824679
v -0.59277487 0.0068292073 1.4378722
v -0.59277487 0.07592008 1.4378722
v -0.58946836 0.07592009 1.4824679
v 0.5355877 0.006829575 1.4601386
v 0.53052443 0.006829588 1.5045692
v 0.53052443 0.07592046 1.5045692
v 0.5355877 0.07592045 1.4601386
v -0.56115735 0.006829235 1.4892182
v -0.58946836 0.0068292227 1.4824679
v -0.58946836 0.07592009 1.4824679
v -0.56115735 0.075920105 1.4892182
v -0.53792185 0.0068283016 -1.3418535
v -0.5305244 0.0068282494 -1.5045698
v -0.5305244 0.07591912 -1.5045698
v -0.53792185 0.07591917 -1.3418535
v 0.56115735 0.006828603 -1.4892188
v 0.5894684 0.006828615 -1.4824687
v 0.5894684 0.07591949 -1.4824687
v 0.56115735 0.07591948 -1.4892188
v 0.5894684 0.006828615 -1.4824687
v 0.59044075 0.006828669 -1.3195869
v 0.59044075 0.07591954 -1.3195869
v 0.5894684 0.07591949 -1.4824687
v -0.49028224 0.0068292576 1.4906167
v -0.506168 0.006829252 1.4903033
v -0.506168 0.07592013 1.4903033
v -0.49028224 0.07592013 1.4906167
vt 0.08031386 0.80068773
vt 0.08022213 0.8008764
vt 0.08031011 0.80092
vt 0.08040357 0.80073136
vt 0.08023733 0.80065155
vt 0.08014768 0.80083936
vt 0.080325484 0.80045813
vt 0.08040565 0.8004931
vt 0.08049995 0.8005365
vt 0.080495715 0.8002871
vt 0.08059645 0.80032694
vt 0.08041203 0.8002553
vt 0.080641925 0.79983723
vt 0.080495715 0.8002871
vt 0.08075839 0.7998725
vt 0.08054167 0.7998109
vt 0.08041203 0.8002553
vt 0.063934624 0.8019625
vt 0.0637117 0.80189055
vt 0.06367439 0.8020043
vt 0.06389797 0.80207765
vt 0.06396502 0.8018647
vt 0.06374359 0.8017942
vt 0.06419021 0.80193335
vt 0.06416166 0.8020329
vt 0.06466019 0.80204344
vt 0.06463474 0.8021568
vt 0.06412673 0.8021511
vt 0.06460202 0.802286
vt 0.06485736 0.80222017
vt 0.06463474 0.8021568
vt 0.06483573 0.80235094
vt 0.06487793 0.8021152
vt 0.06466019 0.80204344
vt 0.06297797 0.7746186
vt 0.0632565 0.7737992
vt 0.06318146 0.7737712
vt 0.06288129 0.7745763
vt 0.06306714 0.7746508
vt 0.06332004 0.77382314
vt 0.06297797 0.7746186
vt 0.07964897 0.77253664
vt 0.07987893 0.7726132
vt 0.079918504 0.77249587
vt 0.079687834 0.7724181
vt 0.07961655 0.7726374
vt 0.07984507 0.77271277
vt 0.079384565 0.7725642
vt 0.07941514 0.7724619
vt 0.07890433 0.77244496
vt 0.078930795 0.77232933
vt 0.079452336 0.7723404
vt 0.07896501 0.7721971
vt 0.07870263 0.77226424
vt 0.078930795 0.77232933
vt 0.07872528 0.7721306
vt 0.07868111 0.7723716
vt 0.07890433 0.77244496
vt 0.042491943 0.80331063
vt 0.04113382 0.8032975
vt 0.041129827 0.8035465
vt 0.04248762 0.8035685
vt 0.042919666 0.8033093
vt 0.04291612 0.8035866
vt 0.042907596 0.803033
vt 0.042492926 0.8030554
vt 0.042904496 0.80260164
vt 0.04249063 0.80257666
vt 0.042904943 0.80235326
vt 0.042494476 0.80235815
vt 0.04114914 0.8025607
vt 0.041152477 0.8023482
vt 0.041137934 0.80304945
vt 0.04220146 0.7905321
vt 0.040857255 0.79056895
vt 0.042196155 0.7903136
vt 0.040849388 0.7903553
vt 0.042186916 0.7898351
vt 0.040828645 0.7898607
vt 0.04218647 0.7895783
vt 0.040820718 0.7896106
vt 0.04261443 0.78958166
vt 0.042604983 0.7898586
vt 0.042186916 0.7898351
vt 0.042604506 0.7902893
vt 0.042615652 0.7893016
vt 0.042179823 0.78931916
vt 0.040813208 0.7893601
vt 0.042610288 0.79053414
vt 0.060117006 0.7905338
vt 0.06037298 0.80243206
vt 0.060528964 0.7905251
vt 0.060781598 0.80243725
vt 0.06106317 0.79051876
vt 0.06106174 0.7903079
vt 0.061324775 0.79030716
vt 0.061326325 0.78982455
vt 0.061061263 0.7898238
vt 0.06052965 0.79030704
vt 0.060522705 0.7898293
vt 0.061062813 0.78957844
vt 0.060521156 0.78957546
vt 0.06132883 0.78958154
vt 0.06158966 0.78982675
vt 0.06158632 0.7903067
vt 0.06185162 0.7898301
vt 0.061846256 0.79030716
vt 0.061855912 0.78958976
vt 0.061592996 0.78958535
vt 0.06133312 0.789338
vt 0.061066687 0.78933215
vt 0.061597407 0.78934336
vt 0.060525835 0.7893188
vt 0.06186062 0.7893485
vt 0.061586738 0.79051363
vt 0.06132579 0.7905157
vt 0.061575174 0.8024256
vt 0.06183678 0.8024189
vt 0.06158048 0.8026346
vt 0.061316848 0.80264115
vt 0.061312735 0.80243087
vt 0.060784817 0.80265397
vt 0.060790896 0.8031297
vt 0.06132865 0.8031261
vt 0.061594725 0.80311936
vt 0.06133473 0.8033726
vt 0.061602533 0.80336404
vt 0.061343372 0.80362046
vt 0.06079805 0.8036418
vt 0.06079027 0.8033842
vt 0.061611712 0.80360943
vt 0.061859846 0.80311084
vt 0.061868727 0.80335444
vt 0.061878204 0.8035986
vt 0.062134206 0.80334413
vt 0.06214398 0.8035879
vt 0.061843157 0.802627
vt 0.06210506 0.80261815
vt 0.06209743 0.80241096
vt 0.06212437 0.8031009
vt 0.061846018 0.7905121
vt 0.07977092 0.77383465
vt 0.079786 0.7738507
vt 0.07921195 0.77422667
vt 0.07914615 0.7741878
vt 0.06381494 0.7736904
vt 0.06376839 0.77370906
vt 0.06433594 0.7743599
vt 0.06442934 0.7745497
vt 0.062218845 0.80148816
vt 0.06218934 0.80146915
vt 0.06433475 0.80034864
vt 0.06438553 0.8003638
vt 0.08113831 0.80154437
vt 0.08113712 0.8015771
vt 0.07905048 0.80018044
vt 0.079077125 0.8001597
vt 0.079786 0.7738507
vt 0.0797348 0.77384853
vt 0.079383075 0.7749094
vt 0.07949692 0.7746904
vt 0.062155187 0.8013545
vt 0.062152505 0.8013139
vt 0.06414837 0.7995285
vt 0.06401867 0.79966563
vt 0.06257987 0.7999096
vt 0.062444985 0.79945827
vt 0.06232816 0.7994907
vt 0.06247872 0.79994667
vt 0.06266391 0.79988
vt 0.06254548 0.7994343
vt 0.06266397 0.8001164
vt 0.06274456 0.80008376
vt 0.06266391 0.79988
vt 0.06256926 0.80015695
vt 0.06274974 0.800312
vt 0.06266397 0.8001164
vt 0.0626595 0.80035275
vt 0.062835395 0.8005017
vt 0.06291032 0.80046713
vt 0.06282669 0.8002782
vt 0.06274694 0.8005425
vt 0.062441826 0.79905117
vt 0.062339306 0.7990649
vt 0.062444985 0.79945827
vt 0.06278938 0.77496725
vt 0.0628804 0.77499366
vt 0.06267327 0.7749358
vt 0.06221378 0.7990808
vt 0.062444985 0.79945827
vt 0.06232816 0.7994907
vt 0.06278938 0.77496725
vt 0.06297797 0.7746186
vt 0.06288129 0.7745763
vt 0.06267327 0.7749358
vt 0.0628804 0.77499366
vt 0.06297797 0.7746186
vt 0.06306714 0.7746508
vt 0.080590665 0.77416974
vt 0.080842316 0.7749985
vt 0.08093977 0.7749591
vt 0.08066666 0.7741443
vt 0.08052635 0.7741915
vt 0.080842316 0.7749985
vt 0.08075261 0.7750282
vt 0.080756724 0.7994447
vt 0.080641925 0.79983723
vt 0.08075839 0.7998725
vt 0.08088225 0.799464
vt 0.08102083 0.775349
vt 0.0809294 0.7753725
vt 0.080654085 0.7994282
vt 0.080641925 0.79983723
vt 0.08054167 0.7998109
vt 0.08113712 0.77532107
vt 0.080842316 0.7749985
vt 0.08102083 0.775349
vt 0.08093977 0.7749591
vt 0.08075261 0.7750282
vt 0.0809294 0.7753725
vt 0.080842316 0.7749985
vt 0.08107692 0.8016298
vt 0.081037164 0.8016444
vt 0.0784753 0.80063814
vt 0.0787285 0.80078244
vt 0.063786685 0.77366877
vt 0.06379926 0.7736584
vt 0.064906776 0.7737689
vt 0.06463659 0.7736826
vt 0.06445718 0.7713568
vt 0.06507766 0.7714877
vt 0.06511569 0.77134264
vt 0.06451821 0.77116996
vt 0.06441754 0.77152354
vt 0.06504798 0.77161014
vt 0.06402129 0.7714623
vt 0.06404871 0.77124286
vt 0.06532353 0.7715484
vt 0.065304875 0.77167356
vt 0.06534541 0.7714089
vt 0.07886386 0.8030658
vt 0.07825726 0.80292964
vt 0.07821876 0.80307096
vt 0.07880145 0.80324864
vt 0.07825726 0.80292964
vt 0.07799643 0.80300534
vt 0.07801807 0.80286896
vt 0.078287005 0.80280995
vt 0.07890481 0.80290234
vt 0.07886386 0.8030658
vt 0.07929307 0.8029666
vt 0.07926434 0.8031826
vt 0.078036904 0.8027465
vt 0.07921326 0.7753653
vt 0.07937884 0.7753432
vt 0.079383075 0.7749094
vt 0.07924503 0.7750377
vt 0.078808606 0.7993344
vt 0.07937884 0.7753432
vt 0.07899463 0.79939175
vt 0.07882589 0.7997081
vt 0.07899463 0.79939175
vt 0.07894164 0.79988253
vt 0.062152505 0.8013139
vt 0.062294066 0.80151844
vt 0.0646528 0.8002288
vt 0.06414837 0.7995285
vt 0.064995766 0.8003814
vt 0.06425744 0.7993434
vt 0.06414837 0.7995285
vt 0.0646528 0.8002288
vt 0.06425744 0.7993434
vt 0.064254284 0.79903054
vt 0.064088106 0.79907256
vt 0.06489307 0.774189
vt 0.06472552 0.7741959
vt 0.06442934 0.7745497
vt 0.064579844 0.774669
vt 0.07974297 0.7738371
vt 0.07974112 0.7738167
vt 0.07885522 0.7742399
vt 0.07906926 0.77460694
vt 0.08115333 0.801421
vt 0.07894164 0.79988253
vt 0.0784753 0.80063814
vt 0.081037164 0.8016444
vt 0.06380421 0.7736808
vt 0.06472552 0.7741959
vt 0.064906776 0.7737689
vt 0.06379926 0.7736584
vt 0.07977092 0.77383465
vt 0.07975519 0.77382165
vt 0.07974112 0.7738167
vt 0.07974297 0.7738371
vt 0.08110994 0.80160147
vt 0.08113712 0.8015771
vt 0.08113831 0.80154437
vt 0.081145406 0.80150485
vt 0.08107692 0.8016298
vt 0.08110994 0.80160147
vt 0.08115566 0.801461
vt 0.081037164 0.8016444
vt 0.08115333 0.801421
vt 0.06380421 0.7736808
vt 0.06377655 0.7736876
vt 0.06376839 0.77370906
vt 0.06381494 0.7736904
vt 0.06225431 0.8015106
vt 0.062294066 0.80151844
vt 0.062152505 0.8013139
vt 0.062155187 0.8013545
vt 0.06218934 0.80146915
vt 0.0621832 0.8014361
vt 0.063996375 0.79982483
vt 0.06401718 0.79985017
vt 0.081145406 0.80150485
vt 0.08113831 0.80154437
vt 0.079077125 0.8001597
vt 0.07908112 0.8000981
vt 0.08115566 0.801461
vt 0.07908112 0.8000981
vt 0.07906419 0.80000865
vt 0.08115333 0.801421
vt 0.08115566 0.801461
vt 0.07906419 0.80000865
vt 0.07894164 0.79988253
vt 0.062218845 0.80148816
vt 0.06225431 0.8015106
vt 0.062155187 0.8013545
vt 0.062170923 0.8013972
vt 0.06218934 0.80146915
vt 0.062218845 0.80148816
vt 0.07926434 0.8031826
vt 0.07886386 0.8030658
vt 0.07880145 0.80324864
vt 0.07919252 0.8034477
vt 0.06404871 0.77124286
vt 0.06445718 0.7713568
vt 0.06451821 0.77116996
vt 0.06411904 0.77097356
vt 0.06377655 0.7736876
vt 0.063786685 0.77366877
vt 0.06463659 0.7736826
vt 0.06447822 0.77370036
vt 0.06376839 0.77370906
vt 0.0643723 0.77375436
vt 0.08110994 0.80160147
vt 0.08107692 0.8016298
vt 0.0787285 0.80078244
vt 0.07887614 0.8007871
vt 0.062170923 0.8013972
vt 0.062155187 0.8013545
vt 0.06401867 0.79966563
vt 0.06399745 0.79975927
vt 0.0621832 0.8014361
vt 0.06399745 0.79975927
vt 0.063996375 0.79982483
vt 0.062294066 0.80151844
vt 0.06225431 0.8015106
vt 0.06448203 0.8003542
vt 0.0646528 0.8002288
vt 0.07974112 0.7738167
vt 0.07975519 0.77382165
vt 0.07904011 0.7741743
vt 0.07885522 0.7742399
vt 0.08113712 0.8015771
vt 0.08110994 0.80160147
vt 0.07887614 0.8007871
vt 0.0789659 0.80075634
vt 0.06347847 0.77118474
vt 0.06404871 0.77124286
vt 0.06411904 0.77097356
vt 0.06346607 0.77076435
vt 0.079826176 0.8032438
vt 0.07926434 0.8031826
vt 0.07919252 0.8034477
vt 0.079837084 0.8036599
vt 0.06218934 0.80146915
vt 0.062170923 0.8013972
vt 0.0621832 0.8014361
vt 0.07972914 0.80295086
vt 0.07929307 0.8029666
vt 0.07926434 0.8031826
vt 0.079826176 0.8032438
vt 0.06357682 0.7714814
vt 0.06402129 0.7714623
vt 0.06404871 0.77124286
vt 0.06347847 0.77118474
vt 0.06379926 0.7736584
vt 0.063786685 0.77366877
vt 0.06377655 0.7736876
vt 0.06379926 0.7736584
vt 0.06377655 0.7736876
vt 0.06380421 0.7736808
vt 0.079786 0.7738507
vt 0.07977092 0.77383465
vt 0.07974297 0.7738371
vt 0.0797348 0.77384853
vt 0.06381494 0.7736904
vt 0.06442934 0.7745497
vt 0.06472552 0.7741959
vt 0.06380421 0.7736808
vt 0.0797348 0.77384853
vt 0.07974297 0.7738371
vt 0.07906926 0.77460694
vt 0.079383075 0.7749094
vt 0.06524253 0.7736613
vt 0.064906776 0.7737689
vt 0.06472552 0.7741959
vt 0.06489307 0.774189
vt 0.06225431 0.8015106
vt 0.062218845 0.80148816
vt 0.06438553 0.8003638
vt 0.06448203 0.8003542
vt 0.07975519 0.77382165
vt 0.07977092 0.77383465
vt 0.07914615 0.7741878
vt 0.07904011 0.7741743
vt 0.07885522 0.7742399
vt 0.078574896 0.774138
vt 0.078915656 0.7746099
vt 0.07906926 0.77460694
vt 0.078574896 0.774138
vt 0.06489307 0.774189
vt 0.06524253 0.7736613
vt 0.064579844 0.774669
vt 0.07924503 0.7750377
vt 0.06463039 0.77505994
vt 0.07921326 0.7753653
vt 0.064254284 0.79903054
vt 0.078808606 0.7993344
vt 0.06425744 0.7993434
vt 0.07882589 0.7997081
vt 0.07807243 0.80078506
vt 0.064995766 0.8003814
vt 0.060377687 0.80267596
vt 0.060375273 0.80310506
vt 0.060790896 0.8031297
vt 0.06036505 0.80338067
vt 0.060363352 0.8036599
vt 0.065304875 0.77167356
vt 0.07868111 0.7723716
vt 0.07870263 0.77226424
vt 0.06532353 0.7715484
vt 0.07872528 0.7721306
vt 0.06534541 0.7714089
vt 0.078036904 0.8027465
vt 0.06487793 0.8021152
vt 0.06485736 0.80222017
vt 0.07801807 0.80286896
vt 0.06483573 0.80235094
vt 0.07799643 0.80300534
vt 0.07906926 0.77460694
vt 0.078915656 0.7746099
vt 0.07924503 0.7750377
vt 0.079383075 0.7749094
vt 0.0784753 0.80063814
vt 0.07894164 0.79988253
vt 0.07882589 0.7997081
vt 0.07807243 0.80078506
vt 0.06444329 0.7750219
vt 0.06463039 0.77505994
vt 0.064579844 0.774669
vt 0.06442934 0.7745497
vt 0.064088106 0.79907256
vt 0.064254284 0.79903054
vt 0.06444329 0.7750219
vt 0.060115874 0.7902857
vt 0.06010917 0.78985447
vt 0.06009549 0.78957856
vt 0.06009814 0.7893015
vt 0.07937884 0.7753432
vt 0.07899463 0.79939175
vt 0.07915467 0.79939324
vt 0.07951832 0.7753684
vt 0.07899463 0.79939175
vt 0.079152346 0.79975617
vt 0.07894164 0.79988253
vt 0.06266391 0.79988
vt 0.06266391 0.79988
vt 0.06254548 0.7994343
vt 0.06254548 0.7994343
vt 0.06274456 0.80008376
vt 0.06274456 0.80008376
vt 0.06282669 0.8002782
vt 0.06282669 0.8002782
vt 0.06291032 0.80046713
vt 0.06291032 0.80046713
vt 0.062441826 0.79905117
vt 0.062441826 0.79905117
vt 0.0628804 0.77499366
vt 0.0628804 0.77499366
vt 0.06306714 0.7746508
vt 0.06306714 0.7746508
vt 0.06332004 0.77382314
vt 0.06332004 0.77382314
vt 0.079383075 0.7749094
vt 0.07937884 0.7753432
vt 0.07951832 0.7753684
vt 0.0795908 0.77505517
vt 0.07915467 0.79939324
vt 0.07915467 0.79939324
vt 0.07951832 0.7753684
vt 0.07951832 0.7753684
vt 0.0795908 0.77505517
vt 0.0795908 0.77505517
vt 0.079366505 0.77415574
vt 0.079366505 0.77415574
vt 0.07922 0.77408206
vt 0.07922 0.77408206
vt 0.0790903 0.7740414
vt 0.0790903 0.7740414
vt 0.079152346 0.79975617
vt 0.079152346 0.79975617
vt 0.07877004 0.77400964
vt 0.07877004 0.77400964
vt 0.07858616 0.7739816
vt 0.07858616 0.7739816
vt 0.065234244 0.7734289
vt 0.065234244 0.7734289
vt 0.06500059 0.7734771
vt 0.06500059 0.7734771
vt 0.06457329 0.7734927
vt 0.06457329 0.7734927
vt 0.06438023 0.7735407
vt 0.06438023 0.7735407
vt 0.06415689 0.773635
vt 0.06415689 0.773635
vt 0.06422156 0.7747058
vt 0.06422156 0.7747058
vt 0.06429297 0.7750351
vt 0.06429297 0.7750351
vt 0.06393844 0.79906213
vt 0.06393844 0.79906213
vt 0.063937366 0.79941
vt 0.063937366 0.79941
vt 0.06391144 0.7996863
vt 0.06391144 0.7996863
vt 0.0639137 0.79978174
vt 0.0639137 0.79978174
vt 0.06393695 0.7998782
vt 0.06393695 0.7998782
vt 0.06419134 0.80039656
vt 0.06419134 0.80039656
vt 0.06432575 0.8004578
vt 0.06432575 0.8004578
vt 0.06444645 0.80048305
vt 0.06444645 0.80048305
vt 0.06475997 0.8004926
vt 0.06475997 0.8004926
vt 0.06496179 0.80053294
vt 0.06496179 0.80053294
vt 0.07810342 0.8010183
vt 0.07810342 0.8010183
vt 0.07835716 0.800961
vt 0.07835716 0.800961
vt 0.07877725 0.8009668
vt 0.07877725 0.8009668
vt 0.07896042 0.8009336
vt 0.07896042 0.8009336
vt 0.079170346 0.800851
vt 0.079170346 0.800851
vt 0.07913381 0.800218
vt 0.07913381 0.800218
vt 0.07916242 0.8001244
vt 0.07916242 0.8001244
vt 0.07916945 0.80003154
vt 0.07916945 0.80003154
vt 0.064088106 0.79907256
vt 0.06444329 0.7750219
vt 0.06429297 0.7750351
vt 0.06393844 0.79906213
vt 0.06414837 0.7995285
vt 0.064088106 0.79907256
vt 0.063937366 0.79941
vt 0.06444329 0.7750219
vt 0.06422156 0.7747058
vt 0.06442934 0.7745497
vt 0.07807243 0.80078506
vt 0.064995766 0.8003814
vt 0.06496179 0.80053294
vt 0.07810342 0.8010183
vt 0.06357682 0.7714814
vt 0.06357682 0.7714814
vt 0.06402129 0.7714623
vt 0.06402129 0.7714623
vt 0.06441754 0.77152354
vt 0.06441754 0.77152354
vt 0.06504798 0.77161014
vt 0.06504798 0.77161014
vt 0.065304875 0.77167356
vt 0.065304875 0.77167356
vt 0.07868111 0.7723716
vt 0.07868111 0.7723716
vt 0.07890433 0.77244496
vt 0.07890433 0.77244496
vt 0.079384565 0.7725642
vt 0.079384565 0.7725642
vt 0.07961655 0.7726374
vt 0.07961655 0.7726374
vt 0.07984507 0.77271277
vt 0.07984507 0.77271277
vt 0.0784753 0.80063814
vt 0.07807243 0.80078506
vt 0.07810342 0.8010183
vt 0.07835716 0.800961
vt 0.06524253 0.7736613
vt 0.078574896 0.774138
vt 0.07858616 0.7739816
vt 0.065234244 0.7734289
vt 0.064906776 0.7737689
vt 0.06524253 0.7736613
vt 0.065234244 0.7734289
vt 0.06500059 0.7734771
vt 0.07904011 0.7741743
vt 0.07914615 0.7741878
vt 0.07922 0.77408206
vt 0.0790903 0.7740414
vt 0.06448203 0.8003542
vt 0.06438553 0.8003638
vt 0.06432575 0.8004578
vt 0.06444645 0.80048305
vt 0.0646528 0.8002288
vt 0.06475997 0.8004926
vt 0.06433475 0.80034864
vt 0.06419134 0.80039656
vt 0.06432575 0.8004578
vt 0.07906419 0.80000865
vt 0.07908112 0.8000981
vt 0.07916242 0.8001244
vt 0.07916945 0.80003154
vt 0.063996375 0.79982483
vt 0.06399745 0.79975927
vt 0.0639137 0.79978174
vt 0.06393695 0.7998782
vt 0.0643723 0.77375436
vt 0.06447822 0.77370036
vt 0.06438023 0.7735407
vt 0.06415689 0.773635
vt 0.08041203 0.8002553
vt 0.08041203 0.8002553
vt 0.080325484 0.80045813
vt 0.080325484 0.80045813
vt 0.08023733 0.80065155
vt 0.08023733 0.80065155
vt 0.08014768 0.80083936
vt 0.08014768 0.80083936
vt 0.08054167 0.7998109
vt 0.08054167 0.7998109
vt 0.080654085 0.7994282
vt 0.080654085 0.7994282
vt 0.0809294 0.7753725
vt 0.0809294 0.7753725
vt 0.08075261 0.7750282
vt 0.08075261 0.7750282
vt 0.08052635 0.7741915
vt 0.08052635 0.7741915
vt 0.0789659 0.80075634
vt 0.07887614 0.8007871
vt 0.07896042 0.8009336
vt 0.079170346 0.800851
vt 0.06396502 0.8018647
vt 0.06396502 0.8018647
vt 0.06374359 0.8017942
vt 0.06374359 0.8017942
vt 0.06419021 0.80193335
vt 0.06419021 0.80193335
vt 0.06466019 0.80204344
vt 0.06466019 0.80204344
vt 0.06487793 0.8021152
vt 0.06487793 0.8021152
vt 0.078036904 0.8027465
vt 0.078036904 0.8027465
vt 0.078287005 0.80280995
vt 0.078287005 0.80280995
vt 0.07890481 0.80290234
vt 0.07890481 0.80290234
vt 0.07929307 0.8029666
vt 0.07929307 0.8029666
vt 0.07972914 0.80295086
vt 0.07972914 0.80295086
vt 0.07887614 0.8007871
vt 0.0787285 0.80078244
vt 0.07877725 0.8009668
vt 0.07896042 0.8009336
vt 0.0784753 0.80063814
vt 0.07835716 0.800961
vt 0.07877725 0.8009668
vt 0.06447822 0.77370036
vt 0.06463659 0.7736826
vt 0.06457329 0.7734927
vt 0.06438023 0.7735407
vt 0.06500059 0.7734771
vt 0.064906776 0.7737689
vt 0.06399745 0.79975927
vt 0.06401867 0.79966563
vt 0.06391144 0.7996863
vt 0.0639137 0.79978174
vt 0.07885522 0.7742399
vt 0.07904011 0.7741743
vt 0.0790903 0.7740414
vt 0.07877004 0.77400964
vt 0.07894164 0.79988253
vt 0.07906419 0.80000865
vt 0.07916945 0.80003154
vt 0.079152346 0.79975617
vt 0.06401718 0.79985017
vt 0.063996375 0.79982483
vt 0.06393695 0.7998782
vt 0.064002275 0.7999836
vt 0.07908112 0.8000981
vt 0.079077125 0.8001597
vt 0.07913381 0.800218
vt 0.07916242 0.8001244
vt 0.079077125 0.8001597
vt 0.07905048 0.80018044
vt 0.07906234 0.8003207
vt 0.07913381 0.800218
vt 0.06442934 0.7745497
vt 0.06433594 0.7743599
vt 0.0642764 0.77411795
vt 0.06422156 0.7747058
vt 0.07914615 0.7741878
vt 0.07921195 0.77422667
vt 0.079366505 0.77415574
vt 0.07922 0.77408206
vt 0.06401867 0.79966563
vt 0.06414837 0.7995285
vt 0.063937366 0.79941
vt 0.06391144 0.7996863
vt 0.07949692 0.7746904
vt 0.079383075 0.7749094
vt 0.0795908 0.77505517
vt 0.079559386 0.7744554
vt 0.078574896 0.774138
vt 0.07885522 0.7742399
vt 0.07877004 0.77400964
vt 0.07858616 0.7739816
vt 0.064995766 0.8003814
vt 0.0646528 0.8002288
vt 0.06475997 0.8004926
vt 0.06496179 0.80053294
vt 0.07951832 0.7753684
vt 0.07915467 0.79939324
vt 0.080654085 0.7994282
vt 0.0809294 0.7753725
vt 0.0795908 0.77505517
vt 0.08075261 0.7750282
vt 0.08054167 0.7998109
vt 0.079152346 0.79975617
vt 0.079152346 0.79975617
vt 0.08041203 0.8002553
vt 0.07916945 0.80003154
vt 0.06393844 0.79906213
vt 0.06429297 0.7750351
vt 0.0628804 0.77499366
vt 0.062441826 0.79905117
vt 0.063937366 0.79941
vt 0.06254548 0.7994343
vt 0.06306714 0.7746508
vt 0.06422156 0.7747058
vt 0.06391144 0.7996863
vt 0.063937366 0.79941
vt 0.06266391 0.79988
vt 0.07810342 0.8010183
vt 0.06496179 0.80053294
vt 0.06487793 0.8021152
vt 0.078036904 0.8027465
vt 0.07835716 0.800961
vt 0.07810342 0.8010183
vt 0.078036904 0.8027465
vt 0.078287005 0.80280995
vt 0.065234244 0.7734289
vt 0.07858616 0.7739816
vt 0.07868111 0.7723716
vt 0.065304875 0.77167356
vt 0.06500059 0.7734771
vt 0.065234244 0.7734289
vt 0.065304875 0.77167356
vt 0.06504798 0.77161014
vt 0.0790903 0.7740414
vt 0.07922 0.77408206
vt 0.07961655 0.7726374
vt 0.079384565 0.7725642
vt 0.06444645 0.80048305
vt 0.06432575 0.8004578
vt 0.06396502 0.8018647
vt 0.06419021 0.80193335
vt 0.07916945 0.80003154
vt 0.07916242 0.8001244
vt 0.080325484 0.80045813
vt 0.08041203 0.8002553
vt 0.07913381 0.800218
vt 0.08023733 0.80065155
vt 0.080325484 0.80045813
vt 0.06393695 0.7998782
vt 0.0639137 0.79978174
vt 0.06274456 0.80008376
vt 0.06282669 0.8002782
vt 0.06391144 0.7996863
vt 0.06266391 0.79988
vt 0.06274456 0.80008376
vt 0.06415689 0.773635
vt 0.06438023 0.7735407
vt 0.06402129 0.7714623
vt 0.06357682 0.7714814
vt 0.079170346 0.800851
vt 0.07896042 0.8009336
vt 0.07929307 0.8029666
vt 0.07972914 0.80295086
vt 0.07896042 0.8009336
vt 0.07877725 0.8009668
vt 0.07890481 0.80290234
vt 0.07929307 0.8029666
vt 0.07877725 0.8009668
vt 0.078287005 0.80280995
vt 0.07835716 0.800961
vt 0.06438023 0.7735407
vt 0.06457329 0.7734927
vt 0.06441754 0.77152354
vt 0.06402129 0.7714623
vt 0.06457329 0.7734927
vt 0.06504798 0.77161014
vt 0.06500059 0.7734771
vt 0.07877004 0.77400964
vt 0.0790903 0.7740414
vt 0.079384565 0.7725642
vt 0.07890433 0.77244496
vt 0.07858616 0.7739816
vt 0.07868111 0.7723716
vt 0.06475997 0.8004926
vt 0.06444645 0.80048305
vt 0.06419021 0.80193335
vt 0.06466019 0.80204344
vt 0.064002275 0.7999836
vt 0.06393695 0.7998782
vt 0.06282669 0.8002782
vt 0.06291032 0.80046713
vt 0.07913381 0.800218
vt 0.07906234 0.8003207
vt 0.08014768 0.80083936
vt 0.08023733 0.80065155
vt 0.06432575 0.8004578
vt 0.06419134 0.80039656
vt 0.06374359 0.8017942
vt 0.06396502 0.8018647
vt 0.06422156 0.7747058
vt 0.0642764 0.77411795
vt 0.06332004 0.77382314
vt 0.06306714 0.7746508
vt 0.07922 0.77408206
vt 0.079366505 0.77415574
vt 0.07984507 0.77271277
vt 0.07961655 0.7726374
vt 0.079559386 0.7744554
vt 0.0795908 0.77505517
vt 0.08075261 0.7750282
vt 0.08052635 0.7741915
vt 0.06496179 0.80053294
vt 0.06475997 0.8004926
vt 0.06466019 0.80204344
vt 0.06487793 0.8021152
vn 0.9998054 0 0.019729136
vn 0.9998054 0 0.019729136
vn 0.9998054 0 0.019729136
vn 0.9998054 0 0.019729136
vn 0.9998054 0 0.019728834
vn 0.9998054 0 0.019728834
vn 0.9998054 0 0.019729147
vn 0.9998054 0 0.019729147
vn 0.9998054 0 0.019729454
vn 0.9998054 0 0.019730909
vn 0.9998054 0 0.01972846
vn 0.9998054 0 0.019730892
vn 0.9998054 0 0.01972846
vn 0.9998054 0 0.01972846
vn 0.9998054 0 0.01972846
vn 0.9998054 0 0.01972899
vn 0.9998054 0 0.01972899
vn -0.019728055 0 0.9998054
vn -0.019728055 0 0.9998054
vn -0.019728055 0 0.9998054
vn -0.019728055 0 0.9998054
vn -0.01972808 0 0.9998054
vn -0.01972808 0 0.9998054
vn -0.019728089 0 0.9998054
vn -0.019728089 0 0.9998054
vn -0.019728089 0 0.9998054
vn -0.019728089 0 0.9998054
vn -0.01972809 0 0.9998054
vn -0.019732099 0 0.9998054
vn -0.019732099 0 0.9998054
vn -0.019732099 0 0.9998054
vn -0.019732099 0 0.9998054
vn -0.019732082 0 0.9998054
vn -0.019732082 0 0.9998054
vn -0.9998054 0 -0.019729337
vn -0.9998054 0 -0.019729337
vn -0.9998054 0 -0.019729337
vn -0.9998054 0 -0.019729337
vn -0.9998054 0 -0.019729417
vn -0.9998054 0 -0.019729417
vn -0.9998054 0 -0.019729417
vn 0.019728001 0 -0.9998054
vn 0.019728001 0 -0.9998054
vn 0.019728001 0 -0.9998054
vn 0.019728001 0 -0.9998054
vn 0.019728014 0 -0.9998054
vn 0.019728014 0 -0.9998054
vn 0.019728111 0 -0.9998054
vn 0.019728111 0 -0.9998054
vn 0.019728111 0 -0.9998054
vn 0.019728111 0 -0.9998054
vn 0.019728119 0 -0.9998054
vn 0.019732036 0 -0.9998054
vn 0.019732036 0 -0.9998054
vn 0.019732036 0 -0.9998054
vn 0.019732036 0 -0.9998054
vn 0.019732047 0 -0.9998054
vn 0.019732047 0 -0.9998054
vn -0 1 -3.3141868E-07
vn -0 1 -3.3141868E-07
vn -0 1 -3.3141868E-07
vn -0 1 -3.3141868E-07
vn -3.5781267E-07 1 -3.4382035E-07
vn -3.5781267E-07 1 -3.4382035E-07
vn -0 1 -3.398127E-07
vn -0 1 -3.398127E-07
vn -9.10881E-07 1 -3.450566E-07
vn -9.10881E-07 1 -3.450566E-07
vn -9.10881E-07 1 -3.450566E-07
vn -9.10881E-07 1 -3.450566E-07
vn -1.257942E-06 1 -3.6184568E-07
vn -1.257942E-06 1 -3.6184568E-07
vn -0 1 -3.3342153E-07
vn -0 1 -3.6184545E-07
vn -0 1 -3.6184545E-07
vn -4.8752315E-07 1 -3.4382163E-07
vn -3.985167E-07 1 -3.3342315E-07
vn -3.985167E-07 1 -3.3342315E-07
vn -3.985167E-07 1 -3.3342315E-07
vn 1.18078944E-07 1 -3.3141788E-07
vn 1.18078944E-07 1 -3.3141788E-07
vn -2.01271E-07 1 -2.5586164E-07
vn -4.8752315E-07 1 -3.4382163E-07
vn -4.8752315E-07 1 -3.4382163E-07
vn -4.8752315E-07 1 -3.4382163E-07
vn -0 1 -2.5586223E-07
vn -0 1 -2.5586223E-07
vn -9.1243135E-07 1 -3.6061215E-07
vn -7.767023E-07 1 -3.4505535E-07
vn -3.0751417E-07 1 -3.4218635E-07
vn -3.0751417E-07 1 -3.4218635E-07
vn -3.754506E-07 1 -3.8703413E-07
vn -0 1 -3.8703095E-07
vn -7.6250706E-07 1 -2.611035E-07
vn -2.2475315E-07 1 -3.2082963E-07
vn -2.549421E-07 1 -3.8379068E-07
vn -4.629212E-07 1 -3.8178584E-07
vn -2.2475315E-07 1 -3.2082963E-07
vn -2.2475315E-07 1 -3.2082963E-07
vn -2.2475315E-07 1 -3.2082963E-07
vn -4.394412E-07 1 -3.1882533E-07
vn -4.394412E-07 1 -3.1882533E-07
vn -4.629212E-07 1 -3.8178584E-07
vn -4.830482E-07 1 -2.5986986E-07
vn -4.830482E-07 1 -2.5986986E-07
vn -4.830482E-07 1 -2.5986986E-07
vn -4.830482E-07 1 -2.5986986E-07
vn -8.990002E-07 1 -2.598689E-07
vn -8.990002E-07 1 -2.598689E-07
vn -0 1 -2.598707E-07
vn -0 1 -2.598707E-07
vn -8.923097E-07 1 -2.5987262E-07
vn -3.1532477E-07 1 -3.8579591E-07
vn -0 1 -3.8178584E-07
vn 2.2062736E-07 1 -3.8240864E-07
vn 2.2062736E-07 1 -3.8240864E-07
vn -0 1 -2.6110303E-07
vn -0 1 -3.8240296E-07
vn -0 1 -2.6110303E-07
vn -0 1 -3.8703095E-07
vn -0 1 -3.8703095E-07
vn -0 1 -3.8703095E-07
vn -3.354519E-07 1 -3.208291E-07
vn -3.354519E-07 1 -3.208291E-07
vn -4.629212E-07 1 -3.8379068E-07
vn -9.828707E-07 1 -3.857962E-07
vn -6.910273E-07 1 -2.5986904E-07
vn -9.828707E-07 1 -3.857962E-07
vn -9.828707E-07 1 -3.857962E-07
vn -9.828707E-07 1 -3.857962E-07
vn -6.910273E-07 1 -2.5986904E-07
vn -2.683592E-07 1 -3.8378937E-07
vn 1.5430655E-07 1 -3.817862E-07
vn 1.5430655E-07 1 -3.817862E-07
vn 1.5430655E-07 1 -3.817862E-07
vn 1.5430655E-07 1 -3.817862E-07
vn -0 1 -3.8240296E-07
vn -0 1 -3.8240296E-07
vn -0 1 -3.8240296E-07
vn -2.683592E-07 1 -3.8378937E-07
vn 2.1288184E-07 1 -3.8240296E-07
vn 0.01972799 -2.8513756E-07 -0.9998054
vn 0.01972799 -2.8513756E-07 -0.9998054
vn 0.01972799 -2.8513756E-07 -0.9998054
vn 0.01972799 -2.8513756E-07 -0.9998054
vn -0.9998054 -3.0296033E-07 -0.019728782
vn -0.9998054 -3.0296033E-07 -0.019728782
vn -0.9998054 -3.0296033E-07 -0.019728782
vn -0.9998054 -3.0296033E-07 -0.019728782
vn -0.019728113 2.851348E-07 0.9998054
vn -0.019728113 2.851348E-07 0.9998054
vn -0.019728113 2.851348E-07 0.9998054
vn -0.019728113 2.851348E-07 0.9998054
vn 0.9998054 3.035399E-07 0.019727405
vn 0.9998054 3.035399E-07 0.019727405
vn 0.9998054 3.035399E-07 0.019727405
vn 0.9998054 3.035399E-07 0.019727405
vn 0.9998054 2.9999896E-07 0.019729577
vn 0.9998054 2.9999896E-07 0.019729577
vn 0.9998054 2.9999896E-07 0.019729577
vn 0.9998054 2.9999896E-07 0.019729577
vn -0.9998054 -3.0405425E-07 -0.019728523
vn -0.9998054 -3.0405425E-07 -0.019728523
vn -0.9998054 -3.0405425E-07 -0.019728523
vn -0.9998054 -3.0405425E-07 -0.019728523
vn -0.9998054 0 -0.019729221
vn -0.9998054 0 -0.019729221
vn -0.9998054 0 -0.019729221
vn -0.9998054 0 -0.019729221
vn -0.9998054 0 -0.019728914
vn -0.9998054 0 -0.019728914
vn -0.9998054 0 -0.019730892
vn -0.9998054 0 -0.019730892
vn -0.9998054 0 -0.019730892
vn -0.9998054 0 -0.019730909
vn -0.9998054 0 -0.019728834
vn -0.9998054 0 -0.019729454
vn -0.9998054 0 -0.019729136
vn -0.9998054 0 -0.019728834
vn -0.9998054 0 -0.019728834
vn -0.9998054 0 -0.019728834
vn -0.9998054 0 -0.019729136
vn -0.9998054 0 -0.019730194
vn -0.9998054 0 -0.019730194
vn -0.9998054 0 -0.019730194
vn -0.9998054 0 -0.019729387
vn -0.9998054 0 -0.019729387
vn -0.9998054 0 -0.019729404
vn -0.9998054 0 -0.019729203
vn -0.9998054 0 -0.019729203
vn -0.9998054 0 -0.019729203
vn -0.9998054 0 -0.01972929
vn -0.9998054 0 -0.01972929
vn -0.9998054 0 -0.01972929
vn -0.9998054 0 -0.01972929
vn -0.9998054 0 -0.01972899
vn -0.9998054 0 -0.01972899
vn -0.9998054 0 -0.01972899
vn 0.9998054 0 0.019729298
vn 0.9998054 0 0.019729298
vn 0.9998054 0 0.019729298
vn 0.9998054 0 0.019729298
vn 0.9998054 0 0.019729385
vn 0.9998054 0 0.019729385
vn 0.9998054 0 0.019729385
vn 0.9998054 0 0.019729458
vn 0.9998054 0 0.019729458
vn 0.9998054 0 0.019729458
vn 0.9998054 0 0.019729458
vn 0.9998054 0 0.019729411
vn 0.9998054 0 0.019729411
vn 0.9998054 0 0.019729147
vn 0.9998054 0 0.019729147
vn 0.9998054 0 0.019729147
vn 0.9998054 0 0.019729147
vn 0.9998054 0 0.019729147
vn 0.9998054 0 0.019728834
vn 0.9998054 0 0.019729147
vn 0.9998054 0 0.019728834
vn 0.9998054 0 0.019728834
vn 0.9998054 0 0.019728834
vn -0.019728051 3.9634457E-07 0.9998054
vn -0.019728051 3.9634457E-07 0.9998054
vn -0.019728051 3.9634457E-07 0.9998054
vn -0.019728051 3.9634457E-07 0.9998054
vn 0.019728014 -3.9634546E-07 -0.9998054
vn 0.019728014 -3.9634546E-07 -0.9998054
vn 0.019728014 -3.9634546E-07 -0.9998054
vn 0.019728014 -3.9634546E-07 -0.9998054
vn 0.019728055 0 -0.9998054
vn 0.019728055 0 -0.9998054
vn 0.019728055 0 -0.9998054
vn 0.019728055 0 -0.9998054
vn 0.019728027 0 -0.9998054
vn 0.019728027 0 -0.9998054
vn 0.019728027 0 -0.9998054
vn 0.019728027 0 -0.9998054
vn 0.019732082 0 -0.9998054
vn 0.019732082 0 -0.9998054
vn 0.019732036 0 -0.9998054
vn -0.019728055 0 0.9998054
vn -0.019728055 0 0.9998054
vn -0.019728055 0 0.9998054
vn -0.019728055 0 0.9998054
vn -0.019728048 0 0.9998054
vn -0.019732099 0 0.9998054
vn -0.019732082 0 0.9998054
vn -0.019728048 0 0.9998054
vn -0.019728048 0 0.9998054
vn -0.019728048 0 0.9998054
vn -0.019727921 0 0.9998054
vn -0.019727921 0 0.9998054
vn -0.019732082 0 0.9998054
vn 2.8624987E-07 -1 3.318227E-07
vn 2.8624987E-07 -1 3.318227E-07
vn 2.8624987E-07 -1 3.318227E-07
vn 2.8624987E-07 -1 3.318227E-07
vn 3.2203533E-07 -1 3.3182593E-07
vn 2.3689789E-07 -1 3.323671E-07
vn 2.3689789E-07 -1 3.323671E-07
vn 3.2203533E-07 -1 3.3182593E-07
vn 3.2203533E-07 -1 3.3182593E-07
vn 3.2203533E-07 -1 3.3182593E-07
vn 0.90449095 0 -0.42649293
vn 0.90449095 0 -0.42649293
vn 0.90449095 0 -0.42649293
vn 0.90449095 0 -0.42649293
vn 3.4458898E-07 -1 0
vn 3.4458898E-07 -1 0
vn 3.4458898E-07 -1 0
vn 3.4458898E-07 -1 0
vn 3.2203414E-07 -1 3.318247E-07
vn 3.2203414E-07 -1 3.318247E-07
vn 3.2203414E-07 -1 3.318247E-07
vn 3.1092938E-07 -1 1.1295753E-06
vn 3.1092938E-07 -1 1.1295753E-06
vn 3.1092938E-07 -1 1.1295753E-06
vn 3.1092938E-07 -1 1.1295753E-06
vn -0.90449095 -1.1316914E-07 0.4264929
vn -0.90449095 -1.1316914E-07 0.4264929
vn -0.90449095 -1.1316914E-07 0.4264929
vn -0.90449095 -1.1316914E-07 0.4264929
vn -0.8869612 -3.57301E-07 -0.46184382
vn -0.8869612 -3.57301E-07 -0.46184382
vn -0.8869612 -3.57301E-07 -0.46184382
vn -0.8869612 -3.57301E-07 -0.46184382
vn 0.88696057 4.0196403E-07 0.46184522
vn 0.88696057 4.0196403E-07 0.46184522
vn 0.88696057 4.0196403E-07 0.46184522
vn 0.88696057 4.0196403E-07 0.46184522
vn 2.2900188E-07 -1 1.6118607E-06
vn 2.2900188E-07 -1 1.6118607E-06
vn 2.2900188E-07 -1 1.6118607E-06
vn 2.2900188E-07 -1 1.6118607E-06
vn 3.4350332E-06 -1 2.0789798E-06
vn 3.4350332E-06 -1 2.0789798E-06
vn 3.4350332E-06 -1 2.0789798E-06
vn 3.4350332E-06 -1 2.0789798E-06
vn -0 -1 0
vn -0 -1 0
vn -0 -1 0
vn -0 -1 0
vn -0 -1 0
vn -2.1468904E-06 -1 3.7368474E-07
vn -2.1468904E-06 -1 3.7368474E-07
vn -2.1468904E-06 -1 3.7368474E-07
vn -2.1468904E-06 -1 3.7368474E-07
vn 3.9257484E-06 -1 5.939899E-07
vn 3.9257484E-06 -1 5.939899E-07
vn 3.9257484E-06 -1 5.939899E-07
vn 3.9257484E-06 -1 5.939899E-07
vn -0.9998054 -3.0310255E-07 -0.019727409
vn -0.9998054 -3.0310255E-07 -0.019727409
vn -0.9998054 -3.0310255E-07 -0.019727409
vn -0.9998054 -3.0310255E-07 -0.019727409
vn 0.9998054 3.0080443E-07 0.01972972
vn 0.9998054 3.0080443E-07 0.01972972
vn 0.9998054 3.0080443E-07 0.01972972
vn 0.9998054 3.0080443E-07 0.01972972
vn 0.9998054 2.9806424E-07 0.019727485
vn 0.9998054 2.9806424E-07 0.019727485
vn 0.9998054 2.9806424E-07 0.019727485
vn 0.9998054 2.9955575E-07 0.019728523
vn 0.9998054 2.9955575E-07 0.019728523
vn 0.9998054 2.9955575E-07 0.019728523
vn 0.9998054 2.9955575E-07 0.019728523
vn -0 -1 1.0394828E-06
vn -0 -1 1.0394828E-06
vn -0 -1 1.0394828E-06
vn -0 -1 1.0394828E-06
vn 6.8700665E-06 -1 2.0789666E-06
vn 6.8700665E-06 -1 2.0789666E-06
vn -0.019727958 0 0.9998054
vn -0.019727958 0 0.9998054
vn -0.019727958 0 0.9998054
vn -0.019727958 0 0.9998054
vn 0.019728012 0 -0.9998054
vn 0.019728012 0 -0.9998054
vn 0.019728012 0 -0.9998054
vn 0.019728012 0 -0.9998054
vn 0.019727953 -3.0282126E-07 -0.9998054
vn 0.019727953 -3.0282126E-07 -0.9998054
vn 0.019727953 -3.0282126E-07 -0.9998054
vn 0.019727953 -3.0282126E-07 -0.9998054
vn 0.019727984 -3.268077E-07 -0.9998054
vn 0.019727984 -3.268077E-07 -0.9998054
vn -0.019728018 4.0335286E-07 0.9998054
vn -0.019728018 4.0335286E-07 0.9998054
vn -0.019728018 4.0335286E-07 0.9998054
vn -0.019728018 4.0335286E-07 0.9998054
vn -0.9998053 -2.988439E-07 -0.019735461
vn -0.9998053 -2.988439E-07 -0.019735461
vn -0.9998053 -2.988439E-07 -0.019735461
vn -0.9998053 -2.988439E-07 -0.019735461
vn -0.9998054 -3.019483E-07 -0.019729719
vn -0.9998054 -3.019483E-07 -0.019729719
vn -0.9998054 -3.019483E-07 -0.019729719
vn -0.019728081 2.48919E-07 0.9998054
vn -0.019728081 2.48919E-07 0.9998054
vn -0.019728081 2.48919E-07 0.9998054
vn -0.019728081 2.48919E-07 0.9998054
vn 0.019728148 -3.4945575E-07 -0.9998054
vn 0.019728148 -3.4945575E-07 -0.9998054
vn 0.019728148 -3.4945575E-07 -0.9998054
vn 0.019728148 -3.4945575E-07 -0.9998054
vn -0.019727927 3.268036E-07 0.9998054
vn -0.019727927 3.268036E-07 0.9998054
vn -0.019727927 3.268036E-07 0.9998054
vn -0.019727927 3.268036E-07 0.9998054
vn 0.019728066 0 -0.9998054
vn 0.019728066 0 -0.9998054
vn 0.019728066 0 -0.9998054
vn 0.019728066 0 -0.9998054
vn -0.019728012 0 0.9998054
vn -0.019728012 0 0.9998054
vn -0.019728012 0 0.9998054
vn -0.019728012 0 0.9998054
vn 6.8700665E-06 -1 2.0789666E-06
vn 6.8700665E-06 -1 2.0789666E-06
vn 6.8700665E-06 -1 2.0789666E-06
vn -0.019728014 0 0.9998054
vn -0.019728014 0 0.9998054
vn -0.019728014 0 0.9998054
vn -0.019728014 0 0.9998054
vn 0.019728089 0 -0.9998054
vn 0.019728089 0 -0.9998054
vn 0.019728089 0 -0.9998054
vn 0.019728089 0 -0.9998054
vn -0 -1 0
vn -0 -1 0
vn -0 -1 0
vn -0 -1 0
vn -0 -1 0
vn -0 -1 0
vn -2.1984158E-06 -1 9.4145764E-07
vn -2.1984158E-06 -1 9.4145764E-07
vn -2.1984158E-06 -1 9.4145764E-07
vn -2.1984158E-06 -1 9.4145764E-07
vn 0.88696086 5.3595306E-07 0.46184456
vn 0.88696086 5.3595306E-07 0.46184456
vn 0.88696086 5.3595306E-07 0.46184456
vn 0.88696086 5.3595306E-07 0.46184456
vn -0.9044902 -1.5907439E-07 0.42649466
vn -0.9044902 -1.5907439E-07 0.42649466
vn -0.9044902 -1.5907439E-07 0.42649466
vn -0.9044902 -1.5907439E-07 0.42649466
vn 3.816689E-07 -1 3.2747076E-07
vn 3.816689E-07 -1 3.2747076E-07
vn 3.816689E-07 -1 3.2747076E-07
vn 3.816689E-07 -1 3.2747076E-07
vn -0.019727923 2.9095054E-07 0.9998054
vn -0.019727923 2.9095054E-07 0.9998054
vn -0.019727923 2.9095054E-07 0.9998054
vn -0.019727923 2.9095054E-07 0.9998054
vn 0.019727925 -3.9148688E-07 -0.9998054
vn 0.019727925 -3.9148688E-07 -0.9998054
vn 0.019727925 -3.9148688E-07 -0.9998054
vn 0.019727925 -3.9148688E-07 -0.9998054
vn 2.3854525E-07 -1 3.3959648E-07
vn 2.3854525E-07 -1 3.3959648E-07
vn 2.3854525E-07 -1 3.3959648E-07
vn 2.3854525E-07 -1 3.3959648E-07
vn 3.191551E-07 -1 3.3384129E-07
vn 3.191551E-07 -1 3.3384129E-07
vn 3.191551E-07 -1 3.3384129E-07
vn 3.0250445E-07 -1 1.1334665E-06
vn 3.0250445E-07 -1 1.1334665E-06
vn 3.189493E-07 -1 3.422321E-07
vn 3.189493E-07 -1 3.422321E-07
vn 3.189502E-07 -1 3.422331E-07
vn 3.189502E-07 -1 3.422331E-07
vn 3.2798235E-07 -1 0
vn 3.2798235E-07 -1 0
vn 3.2798235E-07 -1 0
vn 3.2798235E-07 -1 0
vn -1.5654484E-07 1 -3.438232E-07
vn -1.6101608E-07 1 -2.5586266E-07
vn -1.5654484E-07 1 -3.438232E-07
vn -1.6101608E-07 1 -2.5586266E-07
vn -5.7250685E-07 1 -2.558628E-07
vn 0.01972946 0 -0.9998054
vn 0.01972946 0 -0.9998054
vn 0.01972946 0 -0.9998054
vn 0.01972946 0 -0.9998054
vn 0.01972947 0 -0.9998054
vn 0.01972947 0 -0.9998054
vn -0.019729475 0 0.9998054
vn -0.019729475 0 0.9998054
vn -0.019729475 0 0.9998054
vn -0.019729475 0 0.9998054
vn -0.01972947 0 0.9998054
vn -0.01972947 0 0.9998054
vn 3.5534885E-07 -1 1.1309529E-06
vn 3.5534885E-07 -1 1.1309529E-06
vn 3.5534885E-07 -1 1.1309529E-06
vn 3.5534885E-07 -1 1.1309529E-06
vn 2.8106035E-07 -1 0
vn 2.8106035E-07 -1 0
vn 2.8106035E-07 -1 0
vn 2.8106035E-07 -1 0
vn 3.2203437E-07 -1 3.3182494E-07
vn 3.2203437E-07 -1 3.3182494E-07
vn 3.2203437E-07 -1 3.3182494E-07
vn 3.2203437E-07 -1 3.3182494E-07
vn 3.158653E-07 -1 3.3236623E-07
vn 3.158653E-07 -1 3.3236623E-07
vn 3.158653E-07 -1 3.3236623E-07
vn -4.9544064E-07 1 -3.4505618E-07
vn -5.8145093E-07 1 -3.438224E-07
vn -1.7443529E-07 1 -3.438224E-07
vn -1.7443529E-07 1 -3.438224E-07
vn 0.9998054 0 0.019729417
vn 0.9998054 0 0.019729417
vn 0.9998054 0 0.019729417
vn 0.9998054 0 0.019729417
vn 0.9998054 0 0.019729344
vn 0.9998054 0 0.019729344
vn 0.9998054 0 0.019729344
vn -5.5082603E-07 1 -3.1995813E-07
vn -5.5082603E-07 1 -3.1995813E-07
vn -5.5082603E-07 1 -3.1995813E-07
vn -5.5082603E-07 1 -3.1995813E-07
vn -0 1 -3.829247E-07
vn -0 1 -3.829247E-07
vn -0 1 -3.829247E-07
vn -0 1 -3.829247E-07
vn -0 1 -3.9336612E-07
vn -0 1 -3.9336612E-07
vn -0 1 -3.3081432E-07
vn -0 1 -3.3081432E-07
vn -7.344373E-07 1 -3.460886E-07
vn -7.344373E-07 1 -3.460886E-07
vn -0 1 -3.489747E-07
vn -0 1 -3.489747E-07
vn -0 1 -3.489747E-07
vn -0 1 -3.489747E-07
vn 0.9998054 0 0.019729024
vn 0.9998054 0 0.019729024
vn 0.9998054 0 0.019729024
vn 0.9998054 0 0.019729024
vn 3.039052E-07 -1 3.321003E-07
vn 3.039052E-07 -1 3.321003E-07
vn 3.039052E-07 -1 3.321003E-07
vn 3.039052E-07 -1 3.321003E-07
vn 3.213141E-07 -1 3.317348E-07
vn 3.213141E-07 -1 3.317348E-07
vn 2.8271455E-07 -1 3.3274137E-07
vn 2.8271455E-07 -1 3.3274137E-07
vn 2.8271455E-07 -1 3.3274137E-07
vn 2.8271455E-07 -1 3.3274137E-07
vn 3.245084E-07 -1 3.2568028E-07
vn 3.245084E-07 -1 3.2568028E-07
vn 3.213196E-07 -1 3.3174186E-07
vn 3.213196E-07 -1 3.3174186E-07
vn 3.1629602E-07 -1 3.2580778E-07
vn 3.1629602E-07 -1 3.2580778E-07
vn 3.190316E-07 -1 3.3686354E-07
vn 3.190316E-07 -1 3.3686354E-07
vn 3.45321E-07 -1 3.367925E-07
vn 3.45321E-07 -1 3.367925E-07
vn 3.45321E-07 -1 3.367925E-07
vn 3.45321E-07 -1 3.367925E-07
vn 3.0690396E-07 -1 3.3694437E-07
vn 3.0690396E-07 -1 3.3694437E-07
vn 3.4923562E-07 -1 3.2924254E-07
vn 3.4923562E-07 -1 3.2924254E-07
vn 3.4923562E-07 -1 3.2924254E-07
vn 3.4923562E-07 -1 3.2924254E-07
vn 3.0463494E-07 -1 3.3261898E-07
vn 3.0463494E-07 -1 3.3261898E-07
vn 3.6721866E-07 -1 3.3173853E-07
vn 3.6721866E-07 -1 3.3173853E-07
vn 3.5455614E-07 -1 3.3210034E-07
vn 3.5455614E-07 -1 3.3210034E-07
vn 2.7541302E-07 -1 3.369834E-07
vn 2.7541302E-07 -1 3.369834E-07
vn 2.7541302E-07 -1 3.369834E-07
vn 2.7541302E-07 -1 3.369834E-07
vn 2.7541597E-07 -1 3.212465E-07
vn 2.7541597E-07 -1 3.212465E-07
vn 2.7541597E-07 -1 3.212465E-07
vn 2.7541597E-07 -1 3.212465E-07
vn 3.0766253E-07 -1 3.327452E-07
vn 3.0766253E-07 -1 3.327452E-07
vn 3.0766253E-07 -1 3.327452E-07
vn 3.0766253E-07 -1 3.327452E-07
vn 2.8284592E-07 -1 3.256807E-07
vn 2.8284592E-07 -1 3.256807E-07
vn 3.4532297E-07 -1 3.367944E-07
vn 3.4532297E-07 -1 3.367944E-07
vn 3.4532297E-07 -1 3.367944E-07
vn 3.4532297E-07 -1 3.367944E-07
vn 3.1828256E-07 -1 3.3686152E-07
vn 3.1828256E-07 -1 3.3686152E-07
vn 3.2026657E-07 -1 3.3678995E-07
vn 3.2026657E-07 -1 3.3678995E-07
vn 3.0220943E-07 -1 3.369461E-07
vn 3.0220943E-07 -1 3.369461E-07
vn 3.2429298E-07 -1 3.2924535E-07
vn 3.2429298E-07 -1 3.2924535E-07
vn 3.2429298E-07 -1 3.2924535E-07
vn 3.2429298E-07 -1 3.2924535E-07
vn 2.4897423E-07 -1 3.31933E-07
vn 2.4897423E-07 -1 3.31933E-07
vn 3.098404E-07 -1 3.2124487E-07
vn 3.098404E-07 -1 3.2124487E-07
vn 3.098404E-07 -1 3.2124487E-07
vn 3.098404E-07 -1 3.2124487E-07
vn -0.9998054 0 -0.019729398
vn -0.9998054 0 -0.019729398
vn -0.9998054 0 -0.019729398
vn -0.9998054 0 -0.019729398
vn -0.9998054 0 -0.019730363
vn -0.9998054 0 -0.019730363
vn -0.9998054 0 -0.019730363
vn -0.9998054 0 -0.019729186
vn -0.9998054 0 -0.019729186
vn -0.9998054 0 -0.019729186
vn -0.019729467 0 0.9998054
vn -0.019729467 0 0.9998054
vn -0.019729467 0 0.9998054
vn -0.019729467 0 0.9998054
vn -4.6564747E-07 1 -3.192465E-07
vn -4.6564747E-07 1 -3.192465E-07
vn -4.6564747E-07 1 -3.192465E-07
vn -4.6564747E-07 1 -3.192465E-07
vn -0 1 -3.604777E-07
vn -0 1 -3.604777E-07
vn -1.3542002E-07 1 -1.8085582E-07
vn -1.3542002E-07 1 -1.8085582E-07
vn -1.3542002E-07 1 -1.8085582E-07
vn -1.3542002E-07 1 -1.8085582E-07
vn -3.287445E-07 1 -1.826912E-07
vn -3.287445E-07 1 -1.826912E-07
vn -3.943431E-07 1 -3.6047948E-07
vn -3.943431E-07 1 -3.6047948E-07
vn -0 1 -3.604783E-07
vn -0 1 -3.604783E-07
vn -1.3304214E-07 1 -2.4461028E-07
vn -1.3304214E-07 1 -2.4461028E-07
vn -1.3304214E-07 1 -2.4461028E-07
vn -1.3304214E-07 1 -2.4461028E-07
vn -0.01973213 0 0.9998054
vn -0.01973213 0 0.9998054
vn -0.01973213 0 0.9998054
vn -0.01973213 0 0.9998054
vn 0.019729469 0 -0.9998054
vn 0.019729469 0 -0.9998054
vn 0.019729469 0 -0.9998054
vn 0.019729469 0 -0.9998054
vn 0.019732064 0 -0.9998054
vn 0.019732064 0 -0.9998054
vn 0.019732064 0 -0.9998054
vn 0.019732064 0 -0.9998054
vn 0.019727958 0 -0.9998054
vn 0.019727958 0 -0.9998054
vn 0.019727958 0 -0.9998054
vn 0.019727958 0 -0.9998054
vn -0.019728024 0 0.9998054
vn -0.019728024 0 0.9998054
vn -0.019728024 0 0.9998054
vn -0.019728024 0 0.9998054
vn -0.019728081 0 0.9998054
vn -0.019728081 0 0.9998054
vn -0.019728046 0 0.9998054
vn -0.019728046 0 0.9998054
vn -0.019728046 0 0.9998054
vn 0.9998054 0 0.019732313
vn 0.9998054 0 0.019732313
vn 0.9998054 0 0.019732313
vn 0.9998054 0 0.019732313
vn -0.9998054 0 -0.019728705
vn -0.9998054 0 -0.019728705
vn -0.9998054 0 -0.019728705
vn -0.9998054 0 -0.019728705
vn 0.019728106 0 -0.9998054
vn 0.019728106 0 -0.9998054
vn 0.019728106 0 -0.9998054
vn 0.019728106 0 -0.9998054
vn -0 1 -3.8292154E-07
vn -0 1 -3.8292154E-07
vn -0 1 -3.8292154E-07
vn -0 1 -3.8292154E-07
vn -4.9794846E-07 1 -4.289559E-07
vn -4.9794846E-07 1 -4.289559E-07
vn -4.9794846E-07 1 -4.289559E-07
vn -4.9794846E-07 1 -4.289559E-07
vn -0 1 -3.1995873E-07
vn -0 1 -3.1995873E-07
vn -0 1 -3.3081426E-07
vn -0 1 -3.3081426E-07
vn -0 1 -3.3081426E-07
vn -0 1 -3.3081426E-07
vn -0 1 -3.358014E-07
vn -0 1 -3.358014E-07
vn -4.87414E-07 1 -3.369137E-07
vn -4.87414E-07 1 -3.369137E-07
vn -0.019727986 0 0.9998054
vn -0.019727986 0 0.9998054
vn -0.019727986 0 0.9998054
vn -0.019727986 0 0.9998054
vn -1.3304214E-07 1 -2.4461028E-07
vn -1.3304214E-07 1 -2.4461028E-07
vn -1.3304214E-07 1 -2.4461028E-07
vn -1.3304214E-07 1 -2.4461028E-07
vn -0 1 -3.6048002E-07
vn -0 1 -3.6048002E-07
vn -3.4125844E-07 1 -1.8085515E-07
vn -3.4125844E-07 1 -1.8085515E-07
vn -3.4125844E-07 1 -1.8085515E-07
vn -3.4125844E-07 1 -1.8085515E-07
vn -3.287425E-07 1 -1.8269006E-07
vn -3.287425E-07 1 -1.8269006E-07
vn -3.4739583E-07 1 -1.8224286E-07
vn -3.4739583E-07 1 -1.8224286E-07
vn -3.4739583E-07 1 -1.8224286E-07
vn -3.4739583E-07 1 -1.8224286E-07
vn -7.317442E-07 1 -3.1925092E-07
vn -7.317442E-07 1 -3.1925092E-07
vn -7.317442E-07 1 -3.1925092E-07
vn -7.317442E-07 1 -3.1925092E-07
vn -0.019727958 0 0.9998054
vn -0.019727958 0 0.9998054
vn -0.019727958 0 0.9998054
vn -0.019727958 0 0.9998054
vn -0.019728066 0 0.9998054
vn -0.019728066 0 0.9998054
vn -0.019728066 0 0.9998054
vn 0.01972802 0 -0.9998054
vn 0.01972802 0 -0.9998054
vn 0.01972802 0 -0.9998054
vn 0.01972802 0 -0.9998054
vn 0.01972802 0 -0.9998054
vn 0.01972802 0 -0.9998054
vn -0.9998054 0 -0.019732313
vn -0.9998054 0 -0.019732313
vn -0.9998054 0 -0.019732313
vn -0.9998054 0 -0.019732313
vn 0.019728111 0 -0.9998054
vn 0.019728111 0 -0.9998054
vn 0.019728111 0 -0.9998054
vn 0.019728111 0 -0.9998054
vn 0.9998054 0 0.019728543
vn 0.9998054 0 0.019728543
vn 0.9998054 0 0.019728543
vn 0.9998054 0 0.019728543
vn -0.9998054 0 -0.019728387
vn -0.9998054 0 -0.019728387
vn -0.9998054 0 -0.019728387
vn -0.9998054 0 -0.019728387
vn 0.9998054 0 0.019728705
vn 0.9998054 0 0.019728705
vn 0.9998054 0 0.019728705
vn 0.9998054 0 0.019728705
vn 0.9998054 0 0.01972646
vn 0.9998054 0 0.01972646
vn 0.9998054 0 0.01972646
vn 0.9998054 0 0.01972646
vn -0.9998054 0 -0.019729344
vn -0.9998054 0 -0.019729344
vn -0.9998054 0 -0.019729344
vn -0.9998054 0 -0.019729344
vn 0.019728046 0 -0.9998054
vn 0.019728046 0 -0.9998054
vn 0.019728046 0 -0.9998054
vn 0.019728046 0 -0.9998054
vn -0.9998054 0 -0.019728465
vn -0.9998054 0 -0.019728465
vn -0.9998054 0 -0.019728465
vn -0.9998054 0 -0.019728465
vn 0.9998054 0 0.019729314
vn 0.9998054 0 0.019729314
vn 0.9998054 0 0.019729314
vn 0.9998054 0 0.019729314
vn 0.01973217 0 -0.9998054
vn 0.01973217 0 -0.9998054
vn 0.01973217 0 -0.9998054
vn 0.01973217 0 -0.9998054
vn -0.019731956 0 0.9998054
vn -0.019731956 0 0.9998054
vn -0.019731956 0 0.9998054
vn -0.019731956 0 0.9998054
vn 0.9998054 0 0.019729437
vn 0.9998054 0 0.019729437
vn 0.9998054 0 0.019729437
vn 0.9998054 0 0.019729437
vn 0.9998054 0 0.019729307
vn 0.9998054 0 0.019729307
vn 0.9998054 0 0.01972734
vn 0.9998054 0 0.019729625
vn 0.9998054 0 0.01972734
vn 0.9998054 0 0.01972734
vn 0.9998054 0 0.01972734
vn -0.9998054 0 -0.019729372
vn -0.9998054 0 -0.019729372
vn -0.9998054 0 -0.019729372
vn -0.9998054 0 -0.019729372
vn -0.9998054 0 -0.019730577
vn -0.9998054 0 -0.019730577
vn -0.9998054 0 -0.019729469
vn -0.9998054 0 -0.019729469
vn -0.9998054 0 -0.019729996
vn -0.9998054 0 -0.019729996
vn -0.9998054 0 -0.019729996
vn -0.019729469 6.977084E-07 0.9998054
vn -0.019729469 6.977084E-07 0.9998054
vn -0.019729469 6.977084E-07 0.9998054
vn -0.019729469 6.977084E-07 0.9998054
vn -0.019732054 2.388633E-07 0.9998054
vn -0.019732054 2.388633E-07 0.9998054
vn -0.019732054 2.388633E-07 0.9998054
vn -0.019732054 2.388633E-07 0.9998054
vn 0.019729469 -6.977087E-07 -0.9998054
vn 0.019729469 -6.977087E-07 -0.9998054
vn 0.019729469 -6.977087E-07 -0.9998054
vn 0.019729469 -6.977087E-07 -0.9998054
vn 0.019732121 -2.388803E-07 -0.9998054
vn 0.019732121 -2.388803E-07 -0.9998054
vn 0.019732121 -2.388803E-07 -0.9998054
vn 0.019732121 -2.388803E-07 -0.9998054
vn 0.019727934 0 -0.9998054
vn 0.019727934 0 -0.9998054
vn 0.019727934 0 -0.9998054
vn 0.019727934 0 -0.9998054
vn -0.019728046 0 0.9998054
vn -0.019728046 0 0.9998054
vn -0.019728046 0 0.9998054
vn -0.019728046 0 0.9998054
vn 0.9998053 0 0.01973364
vn 0.9998053 0 0.01973364
vn 0.9998053 0 0.01973364
vn 0.9998053 0 0.01973364
vn 0.9998054 0 0.019728407
vn 0.9998054 0 0.019728407
vn 0.9998054 0 0.019728407
vn -0.9998054 0 -0.019728413
vn -0.9998054 0 -0.019728413
vn -0.9998054 0 -0.019728413
vn -0.9998054 0 -0.019728413
vn -0.9998054 0 -0.01973182
vn -0.9998054 0 -0.01973182
vn -0.9998054 0 -0.01973182
vn -0.1933674 0 -0.98112637
vn -0.1933674 0 -0.98112637
vn -0.1933674 0 -0.98112637
vn -0.1933674 0 -0.98112637
vn 0.19337067 0 0.98112583
vn 0.19337067 0 0.98112583
vn 0.19337067 0 0.98112583
vn 0.19337067 0 0.98112583
vn -0.01972793 2.3140937E-07 0.9998054
vn -0.01972793 2.3140937E-07 0.9998054
vn -0.01972793 2.3140937E-07 0.9998054
vn -0.01972793 2.3140937E-07 0.9998054
vn -0.01972809 1.07195916E-07 0.9998054
vn -0.01972809 1.07195916E-07 0.9998054
vn -0.01972809 1.07195916E-07 0.9998054
vn 0.019727992 -2.314241E-07 -0.9998054
vn 0.019727992 -2.314241E-07 -0.9998054
vn 0.019727992 -2.314241E-07 -0.9998054
vn 0.019727992 -2.314241E-07 -0.9998054
vn 0.01972806 -1.07202766E-07 -0.9998054
vn 0.01972806 -1.07202766E-07 -0.9998054
vn 0.01972806 -1.07202766E-07 -0.9998054
vn 0.019728106 0 -0.9998054
vn 0.019728106 0 -0.9998054
vn 0.019728106 0 -0.9998054
vn 0.019728106 0 -0.9998054
vn 0.019731987 1.6967366E-06 -0.9998054
vn 0.019731987 1.6967366E-06 -0.9998054
vn -0.019728046 0 0.9998054
vn -0.019728046 0 0.9998054
vn -0.019728046 0 0.9998054
vn -0.019728046 0 0.9998054
vn -0.9972627 0 0.07393978
vn -0.9972627 0 0.07393978
vn -0.9972627 0 0.07393978
vn -0.9972627 0 0.07393978
vn 0.99356914 0 0.11322662
vn 0.99356914 0 0.11322662
vn 0.99356914 0 0.11322662
vn 0.99356914 0 0.11322662
vn -0.23192994 0 0.97273254
vn -0.23192994 0 0.97273254
vn -0.23192994 0 0.97273254
vn -0.23192994 0 0.97273254
vn -0.9989681 0 -0.045415524
vn -0.9989681 0 -0.045415524
vn -0.9989681 0 -0.045415524
vn -0.9989681 0 -0.045415524
vn 0.23192482 0 -0.9727338
vn 0.23192482 0 -0.9727338
vn 0.23192482 0 -0.9727338
vn 0.23192482 0 -0.9727338
vn 0.99998224 0 -0.005969681
vn 0.99998224 0 -0.005969681
vn 0.99998224 0 -0.005969681
vn 0.99998224 0 -0.005969681
vn -0.019732121 -1.696748E-06 0.9998054
vn -0.019732121 -1.696748E-06 0.9998054
vn -0.019732121 -1.696748E-06 0.9998054
vn -0.019732121 -1.696748E-06 0.9998054
g DinnnerTable_0
f 3/3/3 2/2/2 1/1/1
f 4/4/4 3/3/3 1/1/1
f 1/1/1 2/2/2 5/5/5
f 2/2/2 6/6/6 5/5/5
f 1/1/1 5/5/5 7/7/7
f 8/8/8 1/1/1 7/7/7
f 4/4/4 1/1/1 8/8/8
f 9/9/9 4/4/4 8/8/8
f 9/9/9 8/8/8 10/10/10
f 11/11/11 9/9/9 10/10/10
f 8/8/8 7/7/7 12/12/12
f 10/10/10 8/8/8 12/12/12
f 11/11/11 14/14/14 13/13/13
f 15/15/15 11/11/11 13/13/13
f 13/13/13 14/14/14 16/16/16
f 14/14/14 17/17/17 16/16/16
f 20/20/20 19/19/19 18/18/18
f 21/21/21 20/20/20 18/18/18
f 18/18/18 19/19/19 22/22/22
f 19/19/19 23/23/23 22/22/22
f 18/18/18 22/22/22 24/24/24
f 25/25/25 18/18/18 24/24/24
f 21/21/21 18/18/18 25/25/25
f 25/25/25 24/24/24 26/26/26
f 27/27/27 25/25/25 26/26/26
f 28/28/28 25/25/25 27/27/27
f 28/28/28 21/21/21 25/25/25
f 29/29/29 28/28/28 27/27/27
f 29/29/29 31/31/31 30/30/30
f 32/32/32 29/29/29 30/30/30
f 30/30/30 31/31/31 33/33/33
f 31/31/31 34/34/34 33/33/33
f 37/37/37 36/36/36 35/35/35
f 38/38/38 37/37/37 35/35/35
f 36/36/36 40/40/40 39/39/39
f 41/41/41 36/36/36 39/39/39
f 44/44/44 43/43/43 42/42/42
f 45/45/45 44/44/44 42/42/42
f 42/42/42 43/43/43 46/46/46
f 43/43/43 47/47/47 46/46/46
f 42/42/42 46/46/46 48/48/48
f 49/49/49 42/42/42 48/48/48
f 45/45/45 42/42/42 49/49/49
f 49/49/49 48/48/48 50/50/50
f 51/51/51 49/49/49 50/50/50
f 52/52/52 49/49/49 51/51/51
f 52/52/52 45/45/45 49/49/49
f 53/53/53 52/52/52 51/51/51
f 53/53/53 55/55/55 54/54/54
f 56/56/56 53/53/53 54/54/54
f 54/54/54 55/55/55 57/57/57
f 55/55/55 58/58/58 57/57/57
f 61/61/61 60/60/60 59/59/59
f 62/62/62 61/61/61 59/59/59
f 62/62/62 59/59/59 63/63/63
f 64/64/64 62/62/62 63/63/63
f 63/63/63 59/59/59 65/65/65
f 59/59/59 66/66/66 65/65/65
f 59/59/59 60/60/60 66/66/66
f 65/65/65 66/66/66 67/67/67
f 66/66/66 68/68/68 67/67/67
f 67/67/67 68/68/68 69/69/69
f 68/68/68 70/70/70 69/69/69
f 68/68/68 71/71/71 70/70/70
f 71/71/71 72/72/72 70/70/70
f 73/73/73 71/71/71 68/68/68
f 66/66/66 73/73/73 68/68/68
f 60/60/60 73/73/73 66/66/66
f 70/70/70 72/72/72 74/74/74
f 72/72/72 75/75/75 74/74/74
f 74/74/74 75/75/75 76/76/76
f 75/75/75 77/77/77 76/76/76
f 76/76/76 77/77/77 78/78/78
f 77/77/77 79/79/79 78/78/78
f 78/78/78 79/79/79 80/80/80
f 79/79/79 81/81/81 80/80/80
f 78/78/78 80/80/80 82/82/82
f 83/83/83 78/78/78 82/82/82
f 76/76/76 84/84/84 83/83/83
f 85/85/85 76/76/76 83/83/83
f 74/74/74 76/76/76 85/85/85
f 82/82/82 80/80/80 86/86/86
f 80/80/80 87/87/87 86/86/86
f 80/80/80 81/81/81 87/87/87
f 81/81/81 88/88/88 87/87/87
f 89/89/89 74/74/74 85/85/85
f 70/70/70 74/74/74 89/89/89
f 69/69/69 70/70/70 89/89/89
f 69/69/69 89/89/89 90/90/90
f 91/91/91 69/69/69 90/90/90
f 91/91/91 90/90/90 92/92/92
f 93/93/93 91/91/91 92/92/92
f 93/93/93 92/92/92 94/94/94
f 94/94/94 92/92/92 95/95/95
f 94/94/94 95/95/95 96/96/96
f 96/96/96 95/95/95 97/97/97
f 95/95/95 98/98/98 97/97/97
f 95/95/95 99/99/99 98/98/98
f 92/92/92 99/99/99 95/95/95
f 92/92/92 90/90/90 99/99/99
f 99/99/99 100/100/100 98/98/98
f 98/98/98 100/100/100 101/101/101
f 100/100/100 102/102/102 101/101/101
f 98/98/98 101/101/101 103/103/103
f 97/97/97 98/98/98 103/103/103
f 96/96/96 97/97/97 104/104/104
f 105/105/105 96/96/96 104/104/104
f 105/105/105 104/104/104 106/106/106
f 107/107/107 105/105/105 106/106/106
f 106/106/106 104/104/104 108/108/108
f 104/104/104 109/109/109 108/108/108
f 97/97/97 103/103/103 109/109/109
f 104/104/104 97/97/97 109/109/109
f 103/103/103 101/101/101 110/110/110
f 101/101/101 111/111/111 110/110/110
f 101/101/101 102/102/102 111/111/111
f 103/103/103 110/110/110 112/112/112
f 109/109/109 103/103/103 112/112/112
f 102/102/102 113/113/113 111/111/111
f 109/109/109 112/112/112 114/114/114
f 108/108/108 109/109/109 114/114/114
f 115/115/115 105/105/105 107/107/107
f 115/115/115 116/116/116 105/105/105
f 116/116/116 96/96/96 105/105/105
f 117/117/117 116/116/116 115/115/115
f 118/118/118 117/117/117 115/115/115
f 119/119/119 117/117/117 118/118/118
f 119/119/119 120/120/120 117/117/117
f 120/120/120 121/121/121 117/117/117
f 117/117/117 121/121/121 116/116/116
f 120/120/120 122/122/122 121/121/121
f 122/122/122 93/93/93 121/121/121
f 123/123/123 122/122/122 120/120/120
f 124/124/124 123/123/123 120/120/120
f 124/124/124 120/120/120 119/119/119
f 125/125/125 124/124/124 119/119/119
f 126/126/126 124/124/124 125/125/125
f 127/127/127 126/126/126 125/125/125
f 128/128/128 126/126/126 127/127/127
f 128/128/128 129/129/129 126/126/126
f 129/129/129 130/130/130 126/126/126
f 130/130/130 123/123/123 124/124/124
f 126/126/126 130/130/130 124/124/124
f 131/131/131 128/128/128 127/127/127
f 127/127/127 125/125/125 132/132/132
f 133/133/133 127/127/127 132/132/132
f 131/131/131 127/127/127 133/133/133
f 134/134/134 131/131/131 133/133/133
f 134/134/134 133/133/133 135/135/135
f 136/136/136 134/134/134 135/135/135
f 132/132/132 125/125/125 137/137/137
f 132/132/132 137/137/137 138/138/138
f 138/138/138 137/137/137 139/139/139
f 137/137/137 118/118/118 139/139/139
f 140/140/140 132/132/132 138/138/138
f 133/133/133 132/132/132 140/140/140
f 135/135/135 133/133/133 140/140/140
f 137/137/137 119/119/119 118/118/118
f 125/125/125 119/119/119 137/137/137
f 139/139/139 118/118/118 141/141/141
f 118/118/118 115/115/115 141/141/141
f 141/141/141 115/115/115 107/107/107
f 144/144/144 143/143/143 142/142/142
f 145/145/145 144/144/144 142/142/142
f 148/148/148 147/147/147 146/146/146
f 149/149/149 148/148/148 146/146/146
f 152/152/152 151/151/151 150/150/150
f 153/153/153 152/152/152 150/150/150
f 156/156/156 155/155/155 154/154/154
f 157/157/157 156/156/156 154/154/154
f 160/160/160 159/159/159 158/158/158
f 161/161/161 160/160/160 158/158/158
f 164/164/164 163/163/163 162/162/162
f 165/165/165 164/164/164 162/162/162
f 168/168/168 167/167/167 166/166/166
f 169/169/169 168/168/168 166/166/166
f 166/166/166 167/167/167 170/170/170
f 167/167/167 171/171/171 170/170/170
f 169/169/169 166/166/166 172/172/172
f 172/172/172 166/166/166 173/173/173
f 166/166/166 174/174/174 173/173/173
f 175/175/175 169/169/169 172/172/172
f 175/175/175 177/177/177 176/176/176
f 178/178/178 175/175/175 176/176/176
f 178/178/178 176/176/176 179/179/179
f 179/179/179 176/176/176 180/180/180
f 176/176/176 181/181/181 180/180/180
f 177/177/177 173/173/173 181/181/181
f 176/176/176 177/177/177 181/181/181
f 182/182/182 178/178/178 179/179/179
f 184/184/184 183/183/183 171/171/171
f 185/185/185 184/184/184 171/171/171
f 184/184/184 186/186/186 183/183/183
f 186/186/186 187/187/187 183/183/183
f 188/188/188 186/186/186 184/184/184
f 189/189/189 188/188/188 184/184/184
f 189/189/189 184/184/184 190/190/190
f 191/191/191 189/189/189 190/190/190
f 194/194/194 193/193/193 192/192/192
f 195/195/195 194/194/194 192/192/192
f 192/192/192 197/197/197 196/196/196
f 197/197/197 198/198/198 196/196/196
f 201/201/201 200/200/200 199/199/199
f 202/202/202 201/201/201 199/199/199
f 199/199/199 204/204/204 203/203/203
f 204/204/204 205/205/205 203/203/203
f 208/208/208 207/207/207 206/206/206
f 209/209/209 208/208/208 206/206/206
f 209/209/209 206/206/206 210/210/210
f 210/210/210 206/206/206 211/211/211
f 206/206/206 212/212/212 211/211/211
f 206/206/206 213/213/213 212/212/212
f 213/213/213 214/214/214 212/212/212
f 215/215/215 209/209/209 210/210/210
f 215/215/215 217/217/217 216/216/216
f 218/218/218 215/215/215 216/216/216
f 217/217/217 220/220/220 219/219/219
f 221/221/221 217/217/217 219/219/219
f 224/224/224 223/223/223 222/222/222
f 225/225/225 224/224/224 222/222/222
f 228/228/228 227/227/227 226/226/226
f 229/229/229 228/228/228 226/226/226
f 232/232/232 231/231/231 230/230/230
f 233/233/233 232/232/232 230/230/230
f 230/230/230 231/231/231 234/234/234
f 231/231/231 235/235/235 234/234/234
f 230/230/230 234/234/234 236/236/236
f 237/237/237 230/230/230 236/236/236
f 231/231/231 238/238/238 235/235/235
f 238/238/238 239/239/239 235/235/235
f 240/240/240 238/238/238 231/231/231
f 232/232/232 240/240/240 231/231/231
f 243/243/243 242/242/242 241/241/241
f 244/244/244 243/243/243 241/241/241
f 243/243/243 246/246/246 245/245/245
f 246/246/246 247/247/247 245/245/245
f 245/245/245 247/247/247 248/248/248
f 245/245/245 248/248/248 249/249/249
f 250/250/250 245/245/245 249/249/249
f 250/250/250 249/249/249 251/251/251
f 252/252/252 250/250/250 251/251/251
f 247/247/247 253/253/253 248/248/248
f 256/256/256 255/255/255 254/254/254
f 257/257/257 256/256/256 254/254/254
f 254/254/254 259/259/259 258/258/258
f 259/259/259 260/260/260 258/258/258
f 258/258/258 262/262/262 261/261/261
f 262/262/262 263/263/263 261/261/261
f 266/266/266 265/265/265 264/264/264
f 267/267/267 266/266/266 264/264/264
f 270/270/270 269/269/269 268/268/268
f 271/271/271 270/270/270 268/268/268
f 273/273/273 272/272/272 270/270/270
f 274/274/274 273/273/273 270/270/270
f 277/277/277 276/276/276 275/275/275
f 278/278/278 277/277/277 275/275/275
f 281/281/281 280/280/280 279/279/279
f 282/282/282 281/281/281 279/279/279
f 285/285/285 284/284/284 283/283/283
f 286/286/286 285/285/285 283/283/283
f 289/289/289 288/288/288 287/287/287
f 290/290/290 289/289/289 287/287/287
f 293/293/293 292/292/292 291/291/291
f 294/294/294 293/293/293 291/291/291
f 297/297/297 296/296/296 295/295/295
f 298/298/298 297/297/297 295/295/295
f 298/298/298 300/300/300 299/299/299
f 301/301/301 298/298/298 299/299/299
f 301/301/301 299/299/299 302/302/302
f 303/303/303 301/301/301 302/302/302
f 306/306/306 305/305/305 304/304/304
f 307/307/307 306/306/306 304/304/304
f 310/310/310 309/309/309 308/308/308
f 311/311/311 310/310/310 308/308/308
f 314/314/314 313/313/313 312/312/312
f 315/315/315 314/314/314 312/312/312
f 318/318/318 317/317/317 316/316/316
f 319/319/319 318/318/318 316/316/316
f 321/321/321 316/316/316 320/320/320
f 322/322/322 321/321/321 320/320/320
f 325/325/325 324/324/324 323/323/323
f 326/326/326 325/325/325 323/323/323
f 329/329/329 328/328/328 327/327/327
f 330/330/330 329/329/329 327/327/327
f 330/330/330 332/332/332 331/331/331
f 335/335/335 334/334/334 333/333/333
f 336/336/336 335/335/335 333/333/333
f 339/339/339 338/338/338 337/337/337
f 340/340/340 339/339/339 337/337/337
f 343/343/343 342/342/342 341/341/341
f 344/344/344 343/343/343 341/341/341
f 344/344/344 341/341/341 345/345/345
f 346/346/346 344/344/344 345/345/345
f 349/349/349 348/348/348 347/347/347
f 350/350/350 349/349/349 347/347/347
f 353/353/353 352/352/352 351/351/351
f 354/354/354 353/353/353 351/351/351
f 356/356/356 351/351/351 355/355/355
f 357/357/357 356/356/356 355/355/355
f 360/360/360 359/359/359 358/358/358
f 361/361/361 360/360/360 358/358/358
f 364/364/364 363/363/363 362/362/362
f 365/365/365 364/364/364 362/362/362
f 368/368/368 367/367/367 366/366/366
f 369/369/369 368/368/368 366/366/366
f 372/372/372 371/371/371 370/370/370
f 373/373/373 372/372/372 370/370/370
f 376/376/376 375/375/375 374/374/374
f 377/377/377 376/376/376 374/374/374
f 380/380/380 379/379/379 378/378/378
f 383/383/383 382/382/382 381/381/381
f 384/384/384 383/383/383 381/381/381
f 387/387/387 386/386/386 385/385/385
f 388/388/388 387/387/387 385/385/385
f 391/391/391 390/390/390 389/389/389
f 394/394/394 393/393/393 392/392/392
f 397/397/397 396/396/396 395/395/395
f 398/398/398 397/397/397 395/395/395
f 401/401/401 400/400/400 399/399/399
f 402/402/402 401/401/401 399/399/399
f 405/405/405 404/404/404 403/403/403
f 406/406/406 405/405/405 403/403/403
f 409/409/409 408/408/408 407/407/407
f 410/410/410 409/409/409 407/407/407
f 413/413/413 412/412/412 411/411/411
f 414/414/414 413/413/413 411/411/411
f 417/417/417 416/416/416 415/415/415
f 418/418/418 417/417/417 415/415/415
f 421/421/421 420/420/420 419/419/419
f 422/422/422 421/421/421 419/419/419
f 421/421/421 424/424/424 423/423/423
f 424/424/424 425/425/425 423/423/423
f 426/426/426 424/424/424 421/421/421
f 427/427/427 426/426/426 421/421/421
f 426/426/426 427/427/427 428/428/428
f 427/427/427 429/429/429 428/428/428
f 428/428/428 429/429/429 430/430/430
f 429/429/429 431/431/431 430/430/430
f 430/430/430 431/431/431 432/432/432
f 431/431/431 433/433/433 432/432/432
f 432/432/432 433/433/433 434/434/434
f 435/435/435 432/432/432 434/434/434
f 116/116/116 94/94/94 96/96/96
f 121/121/121 94/94/94 116/116/116
f 121/121/121 93/93/93 94/94/94
f 436/436/436 91/91/91 93/93/93
f 122/122/122 436/436/436 93/93/93
f 437/437/437 436/436/436 122/122/122
f 438/438/438 437/437/437 122/122/122
f 437/437/437 65/65/65 436/436/436
f 63/63/63 65/65/65 437/437/437
f 439/439/439 63/63/63 437/437/437
f 439/439/439 437/437/437 123/123/123
f 130/130/130 439/439/439 123/123/123
f 65/65/65 67/67/67 436/436/436
f 436/436/436 67/67/67 91/91/91
f 67/67/67 69/69/69 91/91/91
f 440/440/440 439/439/439 130/130/130
f 129/129/129 440/440/440 130/130/130
f 64/64/64 63/63/63 439/439/439
f 440/440/440 64/64/64 439/439/439
f 443/443/443 442/442/442 441/441/441
f 444/444/444 443/443/443 441/441/441
f 445/445/445 443/443/443 444/444/444
f 446/446/446 445/445/445 444/444/444
f 449/449/449 448/448/448 447/447/447
f 450/450/450 449/449/449 447/447/447
f 451/451/451 449/449/449 450/450/450
f 452/452/452 451/451/451 450/450/450
f 455/455/455 454/454/454 453/453/453
f 456/456/456 455/455/455 453/453/453
f 459/459/459 458/458/458 457/457/457
f 460/460/460 459/459/459 457/457/457
f 463/463/463 462/462/462 461/461/461
f 464/464/464 463/463/463 461/461/461
f 462/462/462 466/466/466 465/465/465
f 467/467/467 462/462/462 465/465/465
f 90/90/90 468/468/468 99/99/99
f 90/90/90 89/89/89 468/468/468
f 89/89/89 85/85/85 468/468/468
f 99/99/99 468/468/468 100/100/100
f 468/468/468 469/469/469 100/100/100
f 468/468/468 85/85/85 469/469/469
f 100/100/100 469/469/469 102/102/102
f 469/469/469 470/470/470 102/102/102
f 102/102/102 470/470/470 113/113/113
f 470/470/470 471/471/471 113/113/113
f 470/470/470 82/82/82 471/471/471
f 82/82/82 86/86/86 471/471/471
f 83/83/83 82/82/82 470/470/470
f 469/469/469 83/83/83 470/470/470
f 85/85/85 83/83/83 469/469/469
f 474/474/474 473/473/473 472/472/472
f 475/475/475 474/474/474 472/472/472
f 474/474/474 477/477/477 476/476/476
f 477/477/477 478/478/478 476/476/476
f 481/481/481 480/480/480 479/479/479
f 482/482/482 481/481/481 479/479/479
f 479/479/479 480/480/480 483/483/483
f 480/480/480 484/484/484 483/483/483
f 483/483/483 484/484/484 485/485/485
f 484/484/484 486/486/486 485/485/485
f 485/485/485 486/486/486 487/487/487
f 486/486/486 488/488/488 487/487/487
f 489/489/489 481/481/481 482/482/482
f 490/490/490 489/489/489 482/482/482
f 491/491/491 489/489/489 490/490/490
f 492/492/492 491/491/491 490/490/490
f 493/493/493 491/491/491 492/492/492
f 494/494/494 493/493/493 492/492/492
f 495/495/495 493/493/493 494/494/494
f 496/496/496 495/495/495 494/494/494
f 499/499/499 498/498/498 497/497/497
f 500/500/500 499/499/499 497/497/497
f 503/503/503 502/502/502 501/501/501
f 504/504/504 503/503/503 501/501/501
f 505/505/505 503/503/503 504/504/504
f 506/506/506 505/505/505 504/504/504
f 507/507/507 505/505/505 506/506/506
f 508/508/508 507/507/507 506/506/506
f 509/509/509 507/507/507 508/508/508
f 510/510/510 509/509/509 508/508/508
f 511/511/511 509/509/509 510/510/510
f 512/512/512 511/511/511 510/510/510
f 501/501/501 502/502/502 513/513/513
f 502/502/502 514/514/514 513/513/513
f 515/515/515 511/511/511 512/512/512
f 516/516/516 515/515/515 512/512/512
f 517/517/517 515/515/515 516/516/516
f 518/518/518 517/517/517 516/516/516
f 519/519/519 517/517/517 518/518/518
f 520/520/520 519/519/519 518/518/518
f 521/521/521 519/519/519 520/520/520
f 522/522/522 521/521/521 520/520/520
f 523/523/523 521/521/521 522/522/522
f 524/524/524 523/523/523 522/522/522
f 525/525/525 523/523/523 524/524/524
f 526/526/526 525/525/525 524/524/524
f 527/527/527 525/525/525 526/526/526
f 528/528/528 527/527/527 526/526/526
f 529/529/529 527/527/527 528/528/528
f 530/530/530 529/529/529 528/528/528
f 531/531/531 529/529/529 530/530/530
f 532/532/532 531/531/531 530/530/530
f 533/533/533 531/531/531 532/532/532
f 534/534/534 533/533/533 532/532/532
f 535/535/535 533/533/533 534/534/534
f 536/536/536 535/535/535 534/534/534
f 537/537/537 535/535/535 536/536/536
f 538/538/538 537/537/537 536/536/536
f 539/539/539 537/537/537 538/538/538
f 540/540/540 539/539/539 538/538/538
f 541/541/541 539/539/539 540/540/540
f 542/542/542 541/541/541 540/540/540
f 543/543/543 541/541/541 542/542/542
f 544/544/544 543/543/543 542/542/542
f 545/545/545 543/543/543 544/544/544
f 546/546/546 545/545/545 544/544/544
f 547/547/547 545/545/545 546/546/546
f 548/548/548 547/547/547 546/546/546
f 549/549/549 547/547/547 548/548/548
f 550/550/550 549/549/549 548/548/548
f 551/551/551 549/549/549 550/550/550
f 552/552/552 551/551/551 550/550/550
f 553/553/553 551/551/551 552/552/552
f 554/554/554 553/553/553 552/552/552
f 555/555/555 553/553/553 554/554/554
f 556/556/556 555/555/555 554/554/554
f 557/557/557 555/555/555 556/556/556
f 558/558/558 557/557/557 556/556/556
f 559/559/559 557/557/557 558/558/558
f 560/560/560 559/559/559 558/558/558
f 561/561/561 559/559/559 560/560/560
f 562/562/562 561/561/561 560/560/560
f 563/563/563 561/561/561 562/562/562
f 564/564/564 563/563/563 562/562/562
f 565/565/565 563/563/563 564/564/564
f 566/566/566 565/565/565 564/564/564
f 567/567/567 565/565/565 566/566/566
f 568/568/568 567/567/567 566/566/566
f 514/514/514 567/567/567 568/568/568
f 513/513/513 514/514/514 568/568/568
f 571/571/571 570/570/570 569/569/569
f 572/572/572 571/571/571 569/569/569
f 572/572/572 574/574/574 573/573/573
f 575/575/575 572/572/572 573/573/573
f 571/571/571 577/577/577 576/576/576
f 577/577/577 578/578/578 576/576/576
f 581/581/581 580/580/580 579/579/579
f 582/582/582 581/581/581 579/579/579
f 585/585/585 584/584/584 583/583/583
f 586/586/586 585/585/585 583/583/583
f 587/587/587 585/585/585 586/586/586
f 588/588/588 587/587/587 586/586/586
f 589/589/589 587/587/587 588/588/588
f 590/590/590 589/589/589 588/588/588
f 591/591/591 589/589/589 590/590/590
f 592/592/592 591/591/591 590/590/590
f 593/593/593 591/591/591 592/592/592
f 594/594/594 593/593/593 592/592/592
f 595/595/595 593/593/593 594/594/594
f 596/596/596 595/595/595 594/594/594
f 597/597/597 595/595/595 596/596/596
f 598/598/598 597/597/597 596/596/596
f 599/599/599 597/597/597 598/598/598
f 600/600/600 599/599/599 598/598/598
f 601/601/601 599/599/599 600/600/600
f 602/602/602 601/601/601 600/600/600
f 605/605/605 604/604/604 603/603/603
f 606/606/606 605/605/605 603/603/603
f 609/609/609 608/608/608 607/607/607
f 610/610/610 609/609/609 607/607/607
f 613/613/613 612/612/612 611/611/611
f 614/614/614 613/613/613 611/611/611
f 617/617/617 616/616/616 615/615/615
f 618/618/618 617/617/617 615/615/615
f 621/621/621 620/620/620 619/619/619
f 622/622/622 621/621/621 619/619/619
f 622/622/622 619/619/619 623/623/623
f 624/624/624 622/622/622 623/623/623
f 626/626/626 625/625/625 620/620/620
f 627/627/627 626/626/626 620/620/620
f 630/630/630 629/629/629 628/628/628
f 631/631/631 630/630/630 628/628/628
f 634/634/634 633/633/633 632/632/632
f 635/635/635 634/634/634 632/632/632
f 638/638/638 637/637/637 636/636/636
f 639/639/639 638/638/638 636/636/636
f 642/642/642 641/641/641 640/640/640
f 643/643/643 642/642/642 640/640/640
f 644/644/644 642/642/642 643/643/643
f 645/645/645 644/644/644 643/643/643
f 646/646/646 644/644/644 645/645/645
f 647/647/647 646/646/646 645/645/645
f 640/640/640 641/641/641 648/648/648
f 641/641/641 649/649/649 648/648/648
f 648/648/648 649/649/649 650/650/650
f 649/649/649 651/651/651 650/650/650
f 650/650/650 651/651/651 652/652/652
f 651/651/651 653/653/653 652/652/652
f 652/652/652 653/653/653 654/654/654
f 653/653/653 655/655/655 654/654/654
f 654/654/654 655/655/655 656/656/656
f 655/655/655 657/657/657 656/656/656
f 660/660/660 659/659/659 658/658/658
f 661/661/661 660/660/660 658/658/658
f 664/664/664 663/663/663 662/662/662
f 665/665/665 664/664/664 662/662/662
f 662/662/662 663/663/663 666/666/666
f 663/663/663 667/667/667 666/666/666
f 666/666/666 667/667/667 668/668/668
f 667/667/667 669/669/669 668/668/668
f 668/668/668 669/669/669 670/670/670
f 669/669/669 671/671/671 670/670/670
f 670/670/670 671/671/671 672/672/672
f 671/671/671 673/673/673 672/672/672
f 672/672/672 673/673/673 674/674/674
f 673/673/673 675/675/675 674/674/674
f 674/674/674 675/675/675 676/676/676
f 675/675/675 677/677/677 676/676/676
f 676/676/676 677/677/677 678/678/678
f 677/677/677 679/679/679 678/678/678
f 678/678/678 679/679/679 680/680/680
f 679/679/679 681/681/681 680/680/680
f 684/684/684 683/683/683 682/682/682
f 685/685/685 684/684/684 682/682/682
f 687/687/687 686/686/686 683/683/683
f 688/688/688 687/687/687 683/683/683
f 691/691/691 690/690/690 689/689/689
f 692/692/692 691/691/691 689/689/689
f 691/691/691 693/693/693 690/690/690
f 693/693/693 694/694/694 690/690/690
f 697/697/697 696/696/696 695/695/695
f 698/698/698 697/697/697 695/695/695
f 701/701/701 700/700/700 699/699/699
f 702/702/702 701/701/701 699/699/699
f 705/705/705 704/704/704 703/703/703
f 706/706/706 705/705/705 703/703/703
f 709/709/709 708/708/708 707/707/707
f 710/710/710 709/709/709 707/707/707
f 713/713/713 712/712/712 711/711/711
f 714/714/714 713/713/713 711/711/711
f 717/717/717 716/716/716 715/715/715
f 718/718/718 717/717/717 715/715/715
f 721/721/721 720/720/720 719/719/719
f 722/722/722 721/721/721 719/719/719
f 725/725/725 724/724/724 723/723/723
f 726/726/726 725/725/725 723/723/723
f 729/729/729 728/728/728 727/727/727
f 730/730/730 729/729/729 727/727/727
f 733/733/733 732/732/732 731/731/731
f 734/734/734 733/733/733 731/731/731
f 737/737/737 736/736/736 735/735/735
f 738/738/738 737/737/737 735/735/735
f 741/741/741 740/740/740 739/739/739
f 742/742/742 741/741/741 739/739/739
f 745/745/745 744/744/744 743/743/743
f 746/746/746 745/745/745 743/743/743
f 746/746/746 743/743/743 747/747/747
f 748/748/748 746/746/746 747/747/747
f 745/745/745 749/749/749 744/744/744
f 749/749/749 750/750/750 744/744/744
f 749/749/749 752/752/752 751/751/751
f 752/752/752 753/753/753 751/751/751
f 756/756/756 755/755/755 754/754/754
f 757/757/757 756/756/756 754/754/754
f 757/757/757 754/754/754 758/758/758
f 759/759/759 757/757/757 758/758/758
f 756/756/756 760/760/760 755/755/755
f 760/760/760 761/761/761 755/755/755
f 759/759/759 763/763/763 762/762/762
f 764/764/764 759/759/759 762/762/762
f 767/767/767 766/766/766 765/765/765
f 768/768/768 767/767/767 765/765/765
f 771/771/771 770/770/770 769/769/769
f 772/772/772 771/771/771 769/769/769
f 775/775/775 774/774/774 773/773/773
f 776/776/776 775/775/775 773/773/773
f 779/779/779 778/778/778 777/777/777
f 780/780/780 779/779/779 777/777/777
f 783/783/783 782/782/782 781/781/781
f 784/784/784 783/783/783 781/781/781
f 787/787/787 786/786/786 785/785/785
f 788/788/788 787/787/787 785/785/785
f 791/791/791 790/790/790 789/789/789
f 792/792/792 791/791/791 789/789/789
f 794/794/794 793/793/793 790/790/790
f 795/795/795 794/794/794 790/790/790
f 798/798/798 797/797/797 796/796/796
f 799/799/799 798/798/798 796/796/796
f 801/801/801 800/800/800 797/797/797
f 802/802/802 801/801/801 797/797/797
f 805/805/805 804/804/804 803/803/803
f 806/806/806 805/805/805 803/803/803
f 809/809/809 808/808/808 807/807/807
f 810/810/810 809/809/809 807/807/807
f 813/813/813 812/812/812 811/811/811
f 814/814/814 813/813/813 811/811/811
f 813/813/813 816/816/816 815/815/815
f 816/816/816 817/817/817 815/815/815
f 820/820/820 819/819/819 818/818/818
f 821/821/821 820/820/820 818/818/818
f 820/820/820 823/823/823 822/822/822
f 823/823/823 824/824/824 822/822/822
f 827/827/827 826/826/826 825/825/825
f 828/828/828 827/827/827 825/825/825
f 828/828/828 825/825/825 829/829/829
f 830/830/830 828/828/828 829/829/829
f 833/833/833 832/832/832 831/831/831
f 834/834/834 833/833/833 831/831/831
f 837/837/837 836/836/836 835/835/835
f 838/838/838 837/837/837 835/835/835
f 841/841/841 840/840/840 839/839/839
f 842/842/842 841/841/841 839/839/839
f 845/845/845 844/844/844 843/843/843
f 846/846/846 845/845/845 843/843/843
f 849/849/849 848/848/848 847/847/847
f 850/850/850 849/849/849 847/847/847
f 853/853/853 852/852/852 851/851/851
f 854/854/854 853/853/853 851/851/851
f 857/857/857 856/856/856 855/855/855
f 858/858/858 857/857/857 855/855/855
f 861/861/861 860/860/860 859/859/859
f 862/862/862 861/861/861 859/859/859
