g Monday.001
v -0.032653484 0.0051465128 -0.09676649
v -0.03299971 0.005295147 -0.095728
v -0.03335583 0.0047848853 -0.095728
v -0.03299971 0.0046743634 -0.09676782
v -0.03299971 0.005295147 -0.095728
v -0.03299971 0.005557855 -0.093841195
v -0.03335583 0.0049833716 -0.093841195
v -0.03335583 0.0047848853 -0.095728
v -0.03299971 0.0046743634 -0.09676782
v -0.03335583 0.0047848853 -0.095728
v -0.03335583 0.0041768374 -0.095728
v -0.03299971 0.004098846 -0.09676782
v -0.03299971 0.0034290617 -0.096767835
v -0.03335583 0.003482725 -0.095728
v -0.03299971 0.0027293768 -0.09676782
v -0.03335583 0.0027654688 -0.095728
v -0.03335583 0.0020879891 -0.095728
v -0.03299971 0.0020641563 -0.09676782
v -0.03335583 0.0015132051 -0.095728
v -0.03299971 0.0014977673 -0.09676782
v -0.03299971 0.001094575 -0.096767835
v -0.03335583 0.0011040369 -0.095728
v -0.03335583 0.0047848853 -0.095728
v -0.03335583 0.0049833716 -0.093841195
v -0.03335583 0.004317324 -0.09384121
v -0.03335583 0.0041768374 -0.095728
v -0.03335583 0.003482725 -0.095728
v -0.03335583 0.0035796862 -0.093841195
v -0.03335583 0.0027654688 -0.095728
v -0.03335583 0.0028308565 -0.093841195
v -0.03335583 0.0021312342 -0.093841195
v -0.03335583 0.0020879891 -0.095728
v -0.03335583 0.0015412176 -0.093841195
v -0.03335583 0.0015132051 -0.095728
v -0.03335583 0.0029347437 -0.09084347
v -0.03335583 0.0037337374 -0.09084347
v -0.03335583 0.003062422 -0.08699877
v -0.03335583 0.0039223847 -0.08699875
v -0.03335583 0.0041231336 -0.082571045
v -0.03335583 0.0031991815 -0.082571045
v -0.03335583 0.0023755482 -0.082571045
v -0.03335583 0.0022845622 -0.08699877
v -0.03335583 0.0024633498 -0.077824265
v -0.03335583 0.0033303131 -0.077824265
v -0.03335583 0.0034411077 -0.07302239
v -0.03335583 0.0043134894 -0.077824265
v -0.03335583 0.004470959 -0.07302239
v -0.03335583 0.003531632 -0.06817918
v -0.03335583 0.0045970036 -0.06817918
v -0.03335583 0.0055858865 -0.07302239
v -0.03335583 0.005754833 -0.06817918
v -0.03335583 0.006963397 -0.06817918
v -0.03335583 0.006743807 -0.07302239
v -0.03335583 0.00536913 -0.077824265
v -0.03335583 0.006453485 -0.077824265
v -0.03335583 0.0025384186 -0.07302239
v -0.03335583 0.0026004398 -0.06817918
v -0.03335583 0.0026490986 -0.06330843
v -0.03335583 0.0036019513 -0.06330843
v -0.03335583 0.0026840796 -0.058423903
v -0.03335583 0.00187667 -0.06330843
v -0.03335583 0.0018451508 -0.06817918
v -0.03335583 0.0018993294 -0.058423903
v -0.03335583 0.001804976 -0.07302239
v -0.03335583 0.0017563493 -0.077824265
v -0.033355832 0.0027050683 -0.05353938
v -0.033355832 0.001912925 -0.05353938
v -0.033355832 0.0027120644 -0.04865485
v -0.033355832 0.0019174567 -0.04865485
v -0.033355832 0.0019129249 -0.04377032
v -0.03335583 0.0016994748 -0.082571045
v -0.03335583 0.0016405376 -0.08699877
v -0.03335583 0.0015857236 -0.09084347
v -0.03335583 0.0021999413 -0.09084347
v -0.03335583 0.0011820794 -0.08699875
v -0.03335583 0.0012182022 -0.082571045
v -0.03335583 0.0012530606 -0.077824265
v -0.03335583 0.0011484837 -0.09084347
v -0.03335583 0.0011212059 -0.093841195
v -0.03335583 0.0011040369 -0.095728
v -0.03335583 0.0012828641 -0.07302239
v -0.03335583 0.0013074875 -0.06817918
v -0.03335583 0.0013268057 -0.06330843
v -0.03335583 0.0013406936 -0.058423903
v -0.033355832 0.0013490263 -0.05353938
v -0.033355832 0.001351804 -0.048654847
v -0.033355832 0.0013490263 -0.04377032
v -0.033355832 0.0018993294 -0.038885795
v -0.033355832 0.0013406936 -0.038885795
v -0.032653484 0.0051465128 -0.09676649
v -0.031614807 0.005506194 -0.09676246
v -0.031931356 0.005695896 -0.095727995
v -0.03299971 0.005295147 -0.095728
v -0.031614807 0.005506194 -0.09676246
v -0.029542392 0.0057499753 -0.09675978
v -0.029794645 0.0059754085 -0.095728
v -0.031931356 0.005695896 -0.095727995
v -0.03299971 0.005295147 -0.095728
v -0.031931356 0.005695896 -0.095727995
v -0.031931356 0.0060208025 -0.093841195
v -0.03299971 0.005557855 -0.093841195
v -0.031931356 0.005695896 -0.095727995
v -0.029794645 0.0059754085 -0.095728
v -0.029794645 0.0063522393 -0.093841195
v -0.031931356 0.0060208025 -0.093841195
v -0.031931356 0.006537012 -0.09084347
v -0.029794645 0.0069509447 -0.09084347
v -0.031931356 0.007160738 -0.08699875
v -0.029794645 0.007673394 -0.08699877
v -0.029794645 0.008421453 -0.082571045
v -0.031931356 0.0078081964 -0.082571045
v -0.029794645 0.0090969885 -0.077824265
v -0.031931356 0.0083956 -0.077824265
v -0.031931356 0.008839165 -0.07302239
v -0.029794645 0.00960187 -0.07302239
v -0.031931356 0.009160612 -0.06817918
v -0.029794645 0.009963203 -0.06817918
v -0.029794645 0.010208096 -0.06330843
v -0.031931356 0.009381664 -0.06330843
v -0.029794645 0.010363657 -0.0584239
v -0.031931356 0.009524042 -0.0584239
v -0.031931356 0.009609467 -0.05353937
v -0.029794645 0.010456993 -0.05353937
v -0.03193136 0.009637944 -0.048654847
v -0.029794645 0.010488106 -0.048654847
v -0.029794646 0.010456993 -0.04377032
v -0.03193136 0.009609467 -0.04377032
v -0.029794652 0.010363657 -0.038885795
v -0.03193136 0.009524042 -0.038885795
v -0.03193136 0.009381664 -0.03400127
v -0.029794646 0.010208096 -0.03400127
v -0.03193136 0.009184835 -0.029143576
v -0.029794652 0.009993043 -0.029143576
v -0.029794646 0.009721226 -0.024339564
v -0.03193136 0.008936054 -0.024339564
v -0.029794652 0.009395383 -0.019616064
v -0.031931363 0.008637824 -0.019616064
v -0.031931363 0.008292644 -0.014999916
v -0.029794652 0.009018242 -0.014999916
v -0.031931363 0.007935723 -0.010715891
v -0.029794652 0.008628273 -0.010715891
v -0.029794652 0.008263946 -0.0069887545
v -0.031931363 0.007602271 -0.0069887554
v -0.029794652 0.00796373 -0.004043278
v -0.031931363 0.007327497 -0.0040432783
v -0.031931363 0.0071466086 -0.002104228
v -0.029794654 0.0077660927 -0.002104228
v -0.032653484 0.0051465128 -0.09676649
v -0.031614807 0.005071348 -0.09721927
v -0.030665154 0.0053955996 -0.0972032
v -0.031614807 0.005506194 -0.09676246
v -0.031614807 0.005071348 -0.09721927
v -0.029542392 0.0050380407 -0.09735262
v -0.02878564 0.005343997 -0.09732335
v -0.030665154 0.0053955996 -0.0972032
v -0.031614807 0.005506194 -0.09676246
v -0.030665154 0.0053955996 -0.0972032
v -0.02878564 0.0056054625 -0.097192496
v -0.029542392 0.0057499753 -0.09675978
v -0.030665154 0.0053955996 -0.0972032
v -0.02878564 0.005343997 -0.09732335
v -0.027763452 0.0055089123 -0.09728382
v -0.02878564 0.0056054625 -0.097192496
v -0.032653484 0.0051465128 -0.09676649
v -0.03299971 0.0046743634 -0.09676782
v -0.031931356 0.004622901 -0.09722463
v -0.031614807 0.005071348 -0.09721927
v -0.03299971 0.0046743634 -0.09676782
v -0.03299971 0.004098846 -0.09676782
v -0.031931356 0.0040631294 -0.09722463
v -0.031931356 0.004622901 -0.09722463
v -0.03299971 0.0034290617 -0.096767835
v -0.031931356 0.003404905 -0.09722463
v -0.03299971 0.0027293768 -0.09676782
v -0.031931356 0.0027133753 -0.09722463
v -0.031931356 0.0020536864 -0.09722463
v -0.03299971 0.0020641563 -0.09676782
v -0.031931356 0.0014909853 -0.09722463
v -0.03299971 0.0014977673 -0.09676782
v -0.03299971 0.001094575 -0.096767835
v -0.031931356 0.0010904183 -0.09722463
v -0.031614807 0.005071348 -0.09721927
v -0.031931356 0.004622901 -0.09722463
v -0.029794645 0.0046015936 -0.097362384
v -0.029542392 0.0050380407 -0.09735262
v -0.02609497 0.005014981 -0.09743279
v -0.026233463 0.004581539 -0.097445026
v -0.021880902 0.0049818 -0.09747434
v -0.02196004 0.0045503154 -0.097487144
v -0.02623346 0.0040376303 -0.097445026
v -0.02196004 0.004017258 -0.097487144
v -0.029794645 0.004049464 -0.09736238
v -0.029794645 0.0046015936 -0.097362384
v -0.031931356 0.004622901 -0.09722463
v -0.031931356 0.0040631294 -0.09722463
v -0.017686622 0.0044955043 -0.09750328
v -0.017508563 0.0049181264 -0.097491845
v -0.017686622 0.003977979 -0.09750329
v -0.014125438 0.0044046845 -0.097508006
v -0.013813835 0.00480746 -0.09749945
v -0.014125438 0.0039094244 -0.097508006
v -0.02196004 0.0033773019 -0.097487144
v -0.02623346 0.0033899439 -0.097445026
v -0.02196004 0.0026973917 -0.097487144
v -0.02623346 0.002704829 -0.097445026
v -0.02623346 0.0020486354 -0.097445026
v -0.02196004 0.0020444738 -0.097487144
v -0.029794645 0.0020505295 -0.097362384
v -0.029794645 0.002708261 -0.09736238
v -0.02623346 0.0014877135 -0.097445026
v -0.02196004 0.001485493 -0.097487144
v -0.029794645 0.0014889402 -0.097362384
v -0.029794645 0.003396463 -0.097362384
v -0.017686618 0.0033504916 -0.09750329
v -0.017686618 0.0026802632 -0.09750329
v -0.014125438 0.0033014677 -0.097508006
v -0.014125438 0.0026477557 -0.097508006
v -0.017686622 0.0014804668 -0.09750329
v -0.017686622 0.0020345147 -0.09750328
v -0.014125438 0.0020152272 -0.097508006
v -0.014125438 0.0014708233 -0.097508006
v -0.031931356 0.003404905 -0.09722463
v -0.031931356 0.0027133753 -0.09722463
v -0.031931356 0.0020536864 -0.09722463
v -0.031931356 0.0014909853 -0.09722463
v -0.031931356 0.0010904183 -0.09722463
v -0.029794645 0.001089165 -0.09736239
v -0.02623346 0.0010884132 -0.097445026
v -0.02196004 0.0010873944 -0.097487144
v -0.017686618 0.0010853405 -0.09750329
v -0.021880902 0.00081880135 -0.09747465
v -0.017508563 0.0008115669 -0.09749311
v -0.014125438 0.0010814832 -0.097508006
v -0.01385835 0.0008044797 -0.097501375
v -0.01181067 0.0007997735 -0.09751262
v -0.011988727 0.0010750543 -0.097515896
v -0.010875857 0.00079711113 -0.097524725
v -0.010920373 0.0010671787 -0.097525544
v -0.011988727 0.0014547505 -0.097515896
v -0.010920373 0.0014350613 -0.097525544
v -0.0105642555 0.0010589815 -0.09753561
v -0.0105642555 0.00079615536 -0.09753561
v -0.0105642555 0.0014145685 -0.09753561
v -0.0105642555 0.00058628886 -0.09753561
v -0.010742315 0.0005819148 -0.09752227
v -0.010920374 0.0019437034 -0.097525544
v -0.011988729 0.0019830817 -0.097515896
v -0.010920373 0.0025288016 -0.097525544
v -0.011988729 0.0025941818 -0.097515896
v -0.011988727 0.0032221852 -0.097515896
v -0.010920373 0.0031260522 -0.097525544
v -0.011988729 0.0038012255 -0.097515896
v -0.010920373 0.0036711528 -0.097525544
v -0.010920374 0.0040997993 -0.097525544
v -0.011988729 0.0042654364 -0.097515896
v -0.0105642555 0.004427237 -0.09752441
v -0.01163261 0.004633297 -0.09751134
v -0.0105642555 0.0049232855 -0.09749769
v -0.0094959 0.0046687117 -0.09752101
v -0.008249487 0.0051216125 -0.097481705
v -0.007314676 0.0048314026 -0.09751701
v -0.009139782 0.004426073 -0.09753561
v -0.010208136 0.0042208796 -0.09753561
v -0.009139782 0.004216709 -0.09754467
v -0.010208136 0.004038201 -0.09754467
v -0.010208136 0.0039031776 -0.097551376
v -0.0105642555 0.0037775156 -0.09754467
v -0.0105642555 0.0036649483 -0.097551376
v -0.009139782 0.0040619625 -0.097551376
v -0.0070030717 0.0043312255 -0.09754467
v -0.0070030717 0.004161181 -0.097551376
v -0.0034418893 0.004220712 -0.097551376
v -0.0034418893 0.0043999357 -0.09754467
v 0.0008315303 0.0042405557 -0.097551376
v 0.0008315304 0.0044228393 -0.09754467
v 0.00510495 0.004399936 -0.09754467
v 0.005104949 0.0042207125 -0.097551376
v 0.0086661335 0.0043312265 -0.09754467
v 0.0086661335 0.004161182 -0.097551376
v 0.010802844 0.0040619634 -0.097551376
v 0.010802842 0.00421671 -0.09754467
v 0.011871198 0.0039031787 -0.097551376
v 0.011871198 0.004038202 -0.09754467
v 0.012227315 0.0037775168 -0.09754467
v 0.012227315 0.0036649494 -0.097551376
v 0.0008315304 0.0046694577 -0.09753561
v 0.00510495 0.0046424153 -0.09753561
v 0.0008315304 0.0049501276 -0.097512946
v 0.0052830093 0.004922487 -0.09751412
v 0.0086661335 0.0045612874 -0.09753561
v 0.008977737 0.0048314026 -0.09751701
v -0.0034418893 0.004642415 -0.09753561
v -0.0036199482 0.004922487 -0.09751412
v -0.0070030717 0.0045612864 -0.09753561
v 0.011158961 0.004668713 -0.09752101
v 0.009912548 0.005121613 -0.097481705
v 0.012227315 0.004923287 -0.0974977
v 0.012227315 0.0044272384 -0.09752441
v 0.013295672 0.004633298 -0.09751134
v 0.014542084 0.005137962 -0.09747383
v 0.015476896 0.004807462 -0.09749945
v 0.019171625 0.004918129 -0.097491845
v 0.018637445 0.005260907 -0.09745753
v 0.023543965 0.0049818023 -0.09747434
v 0.023306552 0.0053170384 -0.0974359
v 0.027342562 0.005331274 -0.097396046
v 0.02775803 0.005014984 -0.097432785
v 0.030448703 0.005344 -0.09732336
v 0.031205459 0.005038044 -0.09735262
v 0.01365179 0.0042654383 -0.097515896
v 0.012583435 0.0040998007 -0.097525544
v 0.01365179 0.0038012273 -0.097515896
v 0.012583435 0.0036711544 -0.097525544
v 0.012583435 0.0031260538 -0.097525544
v 0.013651789 0.003222187 -0.097515896
v 0.012583435 0.002528803 -0.097525544
v 0.01365179 0.0025941837 -0.097515896
v 0.0157885 0.0033014698 -0.097508006
v 0.0157885 0.0026477575 -0.097508006
v 0.019349683 0.0026802653 -0.09750329
v 0.0157885 0.002015229 -0.097508006
v 0.019349683 0.0020345165 -0.09750329
v 0.023623103 0.0026973947 -0.097487144
v 0.023623103 0.0020444763 -0.097487144
v 0.019349683 0.0014804687 -0.09750328
v 0.023623103 0.0014854951 -0.097487144
v 0.0157885 0.0014708247 -0.097508006
v 0.019349683 0.0033504937 -0.09750328
v 0.023623101 0.0033773044 -0.097487144
v 0.019349683 0.0039779814 -0.09750328
v 0.023623103 0.004017261 -0.097487144
v 0.023623103 0.0045503182 -0.097487144
v 0.019349683 0.004495507 -0.09750329
v 0.023543965 0.0049818023 -0.09747434
v 0.019171625 0.004918129 -0.097491845
v 0.0157885 0.004404687 -0.097508006
v 0.015476896 0.004807462 -0.09749945
v 0.0157885 0.0039094267 -0.097508006
v 0.027896525 0.0045815418 -0.097445026
v 0.02775803 0.005014984 -0.097432785
v 0.027896523 0.0040376335 -0.097445026
v 0.031457707 0.004601597 -0.09736238
v 0.031205459 0.005038044 -0.09735262
v 0.031457707 0.004049468 -0.09736238
v 0.027896523 0.0033899467 -0.097445026
v 0.031457707 0.0033964664 -0.09736238
v 0.027896523 0.0027048315 -0.097445026
v 0.031457707 0.0027082642 -0.09736238
v 0.027896525 0.0020486382 -0.097445026
v 0.027896523 0.0014877162 -0.097445026
v 0.031457707 0.0020505327 -0.09736238
v 0.03145771 0.0014889435 -0.09736238
v 0.03359442 0.002713379 -0.09722462
v 0.03359442 0.0020536901 -0.09722462
v 0.03359442 0.0014909889 -0.09722462
v 0.03359442 0.0034049088 -0.09722462
v 0.03359442 0.0040631327 -0.09722462
v 0.03359442 0.004622904 -0.09722462
v 0.031457707 0.004601597 -0.09736238
v 0.03359442 0.0010904218 -0.09722462
v 0.031457707 0.0010891682 -0.097362384
v 0.023623101 0.0010873968 -0.097487144
v 0.019349683 0.0010853424 -0.09750328
v 0.023543965 0.00081880373 -0.09747465
v 0.019171622 0.00081156875 -0.09749312
v 0.0157885 0.0010814847 -0.097508006
v 0.01552141 0.00080448104 -0.097501375
v 0.027896523 0.001088416 -0.097445026
v 0.02775803 0.0008239518 -0.09743279
v 0.031457707 0.0010891682 -0.097362384
v 0.031205455 0.00082629285 -0.09735262
v 0.01347373 0.0007997747 -0.09751262
v 0.013651789 0.0010750556 -0.097515896
v 0.01253892 0.00079711224 -0.097524725
v 0.012583435 0.0010671798 -0.097525544
v 0.01365179 0.0014547517 -0.097515896
v 0.01365179 0.0019830833 -0.097515896
v 0.012583435 0.0019437048 -0.097525544
v 0.012583435 0.0014350625 -0.097525544
v 0.012227315 0.0019027188 -0.09753561
v 0.012227315 0.0024608742 -0.09753561
v 0.012227315 0.0014145696 -0.09753561
v 0.012227315 0.0030264792 -0.09753561
v 0.012227315 0.0035369778 -0.09753561
v 0.012227315 0.0010589826 -0.09753561
v 0.012227315 0.0039298134 -0.09753561
v 0.011871197 0.0042208806 -0.09753561
v 0.010802842 0.0044260737 -0.09753561
v 0.012227315 0.0007961565 -0.09753561
v 0.012227315 0.0005862901 -0.09753561
v 0.012405376 0.00058191596 -0.09752227
v 0.023306552 0.0053170384 -0.0974359
v 0.023103764 0.005565493 -0.09735681
v 0.01810327 0.005524191 -0.097379155
v 0.018637445 0.005260907 -0.09745753
v 0.027065579 0.0055549983 -0.09732335
v 0.027342562 0.005331274 -0.097396046
v 0.029426515 0.0055089155 -0.09728382
v 0.030448703 0.005344 -0.09732336
v 0.018637445 0.005260907 -0.09745753
v 0.01810327 0.005524191 -0.097379155
v 0.012227315 0.005435676 -0.0974112
v 0.014542084 0.005137962 -0.09747383
v 0.0058171866 0.005214489 -0.09747015
v 0.009912548 0.005121613 -0.097481705
v 0.006351365 0.005473412 -0.09738429
v 0.03431654 0.0062507074 -0.00094944006
v 0.03466277 0.006351404 -0.0021042223
v 0.035018884 0.00545254 -0.0021042223
v 0.034662765 0.0053719087 -0.0009468308
v 0.03466277 0.006351404 -0.0021042223
v 0.034662765 0.006510792 -0.004043272
v 0.035018884 0.0055876253 -0.004043272
v 0.035018884 0.00545254 -0.0021042223
v 0.034662765 0.006752907 -0.00698875
v 0.035018884 0.0057928246 -0.006988749
v 0.034662765 0.007046726 -0.010715885
v 0.035018884 0.006041844 -0.010715885
v 0.035018884 0.0063083884 -0.014999911
v 0.03466277 0.0073612235 -0.014999911
v 0.035018884 0.0065661655 -0.019616058
v 0.034662765 0.0076653766 -0.019616058
v 0.034662765 0.007928159 -0.024339557
v 0.035018884 0.0067888815 -0.024339557
v 0.034662765 0.00814737 -0.029143568
v 0.035018884 0.0069746682 -0.029143568
v 0.035018884 0.007121658 -0.034001257
v 0.03466277 0.008320805 -0.034001257
v 0.035018887 0.0072279857 -0.038885787
v 0.03466277 0.00844626 -0.038885787
v 0.034662772 0.008521534 -0.043770313
v 0.03501889 0.0072917817 -0.043770317
v 0.034662772 0.008546624 -0.048654843
v 0.03501889 0.0073130475 -0.048654843
v 0.03501889 0.0072917817 -0.05353937
v 0.034662772 0.008521534 -0.05353937
v 0.03501889 0.0072279857 -0.0584239
v 0.034662772 0.00844626 -0.058423903
v 0.034662772 0.008320805 -0.06330843
v 0.03501889 0.007121659 -0.06330843
v 0.034662772 0.00812967 -0.06817918
v 0.03501889 0.0069634006 -0.06817918
v 0.03501889 0.006743811 -0.07302239
v 0.034662772 0.007857359 -0.07302239
v 0.03501889 0.006453489 -0.077824265
v 0.034662772 0.0074883746 -0.077824265
v 0.034662772 0.007007219 -0.082571045
v 0.03501889 0.006083035 -0.082571045
v 0.034662772 0.0064806063 -0.08699877
v 0.03501889 0.005681698 -0.08699875
v 0.034662765 0.0053719087 -0.0009468308
v 0.035018884 0.00545254 -0.0021042223
v 0.035018884 0.004522088 -0.0021042223
v 0.034662765 0.0044564726 -0.0009468308
v 0.03466277 0.003580864 -0.0009468308
v 0.035018884 0.0036321168 -0.0021042223
v 0.034662765 0.002776161 -0.0009468308
v 0.035018884 0.0028142147 -0.0021042223
v 0.035018884 0.0020999687 -0.0021042223
v 0.034662765 0.0020734416 -0.0009468308
v 0.035018884 0.0015209664 -0.0021042223
v 0.034662765 0.0015037829 -0.0009468308
v 0.034662765 0.0010982635 -0.0009468308
v 0.035018884 0.0011087952 -0.0021042223
v 0.035018884 0.00545254 -0.0021042223
v 0.035018884 0.0055876253 -0.004043272
v 0.035018884 0.004632017 -0.004043272
v 0.035018884 0.004522088 -0.0021042223
v 0.035018884 0.0036321168 -0.0021042223
v 0.035018884 0.0037179838 -0.0040432727
v 0.035018884 0.0028142147 -0.0021042223
v 0.035018884 0.0028779681 -0.004043272
v 0.035018884 0.0021444112 -0.004043272
v 0.035018884 0.0020999687 -0.0021042223
v 0.035018884 0.0015497545 -0.004043272
v 0.035018884 0.0015209664 -0.0021042223
v 0.035018884 0.0029748117 -0.00698875
v 0.035018884 0.0038484188 -0.00698875
v 0.035018884 0.0030923362 -0.010715885
v 0.035018884 0.004006708 -0.010715885
v 0.035018884 0.0041761375 -0.014999911
v 0.035018884 0.0032181328 -0.014999911
v 0.035018884 0.0023815397 -0.014999911
v 0.035018884 0.0022938475 -0.010715885
v 0.035018884 0.0024663473 -0.019616058
v 0.035018884 0.0033397903 -0.019616058
v 0.035018884 0.003444901 -0.024339557
v 0.035018884 0.0043399935 -0.019616058
v 0.035018884 0.0044815624 -0.024339557
v 0.035018884 0.0035325827 -0.029143568
v 0.035018884 0.0045996574 -0.029143568
v 0.035018887 0.004693092 -0.034001257
v 0.035018884 0.0036019548 -0.034001257
v 0.035018884 0.0026491021 -0.034001257
v 0.035018884 0.0026007427 -0.029143568
v 0.035018887 0.0026840833 -0.038885787
v 0.035018887 0.0036521356 -0.038885787
v 0.035018884 0.0018766735 -0.034001257
v 0.035018884 0.0018453484 -0.029143568
v 0.035018887 0.001899333 -0.038885787
v 0.035018884 0.0058803726 -0.034001257
v 0.035018884 0.005760756 -0.029143568
v 0.035018884 0.0069746682 -0.029143568
v 0.035018884 0.007121658 -0.034001257
v 0.035018887 0.0059668995 -0.038885787
v 0.035018887 0.0072279857 -0.038885787
v 0.03501889 0.0072917817 -0.043770317
v 0.03501889 0.006018814 -0.043770313
v 0.03501889 0.0073130475 -0.048654843
v 0.03501889 0.0060361195 -0.048654843
v 0.03501889 0.006018814 -0.05353937
v 0.03501889 0.0072917817 -0.05353937
v 0.03501889 0.0059668985 -0.0584239
v 0.03501889 0.0072279857 -0.0584239
v 0.03501889 0.007121659 -0.06330843
v 0.03501889 0.0058803726 -0.06330843
v 0.03501889 0.0069634006 -0.06817918
v 0.03501889 0.005754837 -0.06817918
v 0.03501889 0.0055858903 -0.07302239
v 0.03501889 0.006743811 -0.07302239
v 0.03501889 0.005369134 -0.077824265
v 0.03501889 0.006453489 -0.077824265
v 0.03501889 0.006083035 -0.082571045
v 0.03501889 0.0051001674 -0.082571045
v 0.03501889 0.005681698 -0.08699875
v 0.03501889 0.0048127235 -0.08699877
v 0.03501889 0.004540533 -0.09084347
v 0.03501889 0.005298728 -0.09084347
v 0.03501889 0.004317328 -0.093841195
v 0.03501889 0.0049833753 -0.093841195
v 0.03501889 0.0045970073 -0.06817918
v 0.03501889 0.004470962 -0.07302239
v 0.03501889 0.0035316353 -0.06817918
v 0.03501889 0.0034411117 -0.07302239
v 0.03501889 0.0025384226 -0.07302239
v 0.03501889 0.0026004435 -0.06817918
v 0.03501889 0.0024633536 -0.077824265
v 0.03501889 0.0033303169 -0.077824265
v 0.03501889 0.0018049794 -0.07302239
v 0.03501889 0.0018451544 -0.06817918
v 0.03501889 0.0017563527 -0.077824265
v 0.03501889 0.004313493 -0.077824265
v 0.03501889 0.004693092 -0.06330843
v 0.03501889 0.0036019548 -0.06330843
v 0.03501889 0.0047606784 -0.0584239
v 0.03501889 0.0036521356 -0.0584239
v 0.03501889 0.0036822443 -0.05353937
v 0.03501889 0.0026840833 -0.0584239
v 0.03501889 0.0027050718 -0.05353937
v 0.03501889 0.0036922805 -0.048654843
v 0.03501889 0.0027120681 -0.048654843
v 0.03501889 0.0019129287 -0.05353937
v 0.03501889 0.0019174604 -0.048654843
v 0.03501889 0.001899333 -0.0584239
v 0.03501889 0.0048012305 -0.05353937
v 0.03501889 0.0048147473 -0.048654836
v 0.03501889 0.0048012305 -0.043770313
v 0.03501889 0.0036822443 -0.043770313
v 0.035018887 0.0047606784 -0.038885787
v 0.03501889 0.0027050718 -0.043770317
v 0.03501889 0.0019129287 -0.043770313
v 0.03501889 0.0013518077 -0.048654836
v 0.03501889 0.0013490301 -0.05353937
v 0.03501889 0.0013406973 -0.0584239
v 0.03501889 0.0013268092 -0.06330843
v 0.03501889 0.0018766735 -0.06330843
v 0.03501889 0.0026491021 -0.06330843
v 0.03501889 0.0013074909 -0.06817918
v 0.03501889 0.0012828677 -0.07302239
v 0.03501889 0.0012530643 -0.077824265
v 0.03501889 0.0012182058 -0.082571045
v 0.03501889 0.0016994781 -0.082571045
v 0.03501889 0.0023755517 -0.082571045
v 0.03501889 0.0022845657 -0.08699875
v 0.03501889 0.0030624254 -0.08699877
v 0.03501889 0.002199945 -0.09084347
v 0.03501889 0.0029347476 -0.09084347
v 0.03501889 0.0021312376 -0.093841195
v 0.03501889 0.0028308602 -0.09384121
v 0.03501889 0.001585727 -0.09084347
v 0.03501889 0.0016405412 -0.08699877
v 0.03501889 0.0015412212 -0.093841195
v 0.03501889 0.0037337416 -0.09084348
v 0.03501889 0.003922389 -0.08699877
v 0.03501889 0.0035796901 -0.093841195
v 0.03501889 0.0041231373 -0.082571045
v 0.03501889 0.003199185 -0.082571045
v 0.03501889 0.0034827285 -0.095728
v 0.03501889 0.0027654725 -0.095728
v 0.03501889 0.004176841 -0.095728
v 0.03501889 0.0020879926 -0.095728
v 0.03501889 0.0015132087 -0.095728
v 0.03501889 0.0011040404 -0.095728
v 0.03501889 0.0011212095 -0.093841195
v 0.03501889 0.0011484872 -0.09084347
v 0.03501889 0.001182083 -0.08699877
v 0.03501889 0.0047848895 -0.095728
v 0.03431654 0.0062507074 -0.00094944006
v 0.03327786 0.007016404 -0.00095726794
v 0.03359441 0.007146612 -0.0021042223
v 0.03466277 0.006351404 -0.0021042223
v 0.03327786 0.007016404 -0.00095726794
v 0.031205451 0.0076072747 -0.0009624866
v 0.031457704 0.0077660945 -0.0021042223
v 0.03359441 0.007146612 -0.0021042223
v 0.03466277 0.006351404 -0.0021042223
v 0.03359441 0.007146612 -0.0021042223
v 0.03359441 0.0073275 -0.0040432727
v 0.034662765 0.006510792 -0.004043272
v 0.034662765 0.006752907 -0.00698875
v 0.03359441 0.0076022744 -0.00698875
v 0.034662765 0.007046726 -0.010715885
v 0.03359441 0.007935727 -0.010715886
v 0.03359441 0.008292647 -0.014999911
v 0.03466277 0.0073612235 -0.014999911
v 0.03359441 0.008637827 -0.019616058
v 0.034662765 0.0076653766 -0.019616058
v 0.034662765 0.007928159 -0.024339557
v 0.03359441 0.008936057 -0.024339557
v 0.034662765 0.00814737 -0.029143568
v 0.03359441 0.009184837 -0.029143568
v 0.03359441 0.009381667 -0.034001257
v 0.03466277 0.008320805 -0.034001257
v 0.033594415 0.009524045 -0.038885787
v 0.03359441 0.007146612 -0.0021042223
v 0.031457704 0.0077660945 -0.0021042223
v 0.0314577 0.007963732 -0.004043272
v 0.03359441 0.0073275 -0.0040432727
v 0.03359441 0.0076022744 -0.00698875
v 0.0314577 0.008263948 -0.00698875
v 0.03359441 0.007935727 -0.010715886
v 0.0314577 0.008628276 -0.010715886
v 0.0314577 0.009018245 -0.014999911
v 0.03359441 0.008292647 -0.014999911
v 0.0314577 0.009395385 -0.019616058
v 0.03359441 0.008637827 -0.019616058
v 0.03359441 0.008936057 -0.024339557
v 0.0314577 0.00972123 -0.024339557
v 0.03359441 0.009184837 -0.029143568
v 0.0314577 0.009993045 -0.029143568
v 0.031457704 0.010208098 -0.034001257
v 0.03359441 0.009381667 -0.034001257
v 0.031457704 0.010363661 -0.038885787
v 0.033594415 0.009524045 -0.038885787
v 0.033594415 0.009609472 -0.043770313
v 0.031457704 0.010456998 -0.043770313
v 0.03359442 0.009637947 -0.048654847
v 0.031457707 0.01048811 -0.048654847
v 0.031457707 0.010456998 -0.05353937
v 0.03359442 0.009609472 -0.053539377
v 0.031457707 0.010363661 -0.0584239
v 0.03359442 0.009524045 -0.0584239
v 0.03359442 0.009381667 -0.06330843
v 0.031457707 0.010208098 -0.06330843
v 0.03359442 0.009160615 -0.06817918
v 0.031457707 0.009963206 -0.06817918
v 0.031457707 0.009601872 -0.07302239
v 0.03359442 0.008839167 -0.07302239
v 0.031457707 0.009096991 -0.077824265
v 0.03359442 0.008395603 -0.077824265
v 0.03359442 0.0078081987 -0.082571045
v 0.031457707 0.008421455 -0.082571045
v 0.03359442 0.0071607414 -0.08699877
v 0.031457707 0.0076733963 -0.08699877
v 0.031457707 0.006950948 -0.09084347
v 0.03359442 0.006537015 -0.09084348
v 0.03145771 0.0063522416 -0.093841195
v 0.03359442 0.006020806 -0.093841195
v 0.03359442 0.005695899 -0.095728
v 0.031457707 0.0059754113 -0.095728
v 0.03431654 0.0062507074 -0.00094944006
v 0.03327786 0.0061846683 -0.00035676628
v 0.03232821 0.0068936697 -0.0003880774
v 0.03327786 0.007016404 -0.00095726794
v 0.03327786 0.0061846683 -0.00035676628
v 0.031205451 0.0061518583 -9.695908E-05
v 0.030448698 0.0068256394 -0.00015399004
v 0.03232821 0.0068936697 -0.0003880774
v 0.03327786 0.007016404 -0.00095726794
v 0.03232821 0.0068936697 -0.0003880774
v 0.030448696 0.0074235084 -0.00040895163
v 0.031205451 0.0076072747 -0.0009624866
v 0.03232821 0.0068936697 -0.0003880774
v 0.030448698 0.0068256394 -0.00015399004
v 0.029426508 0.0072330437 -0.0002310253
v 0.030448696 0.0074235084 -0.00040895163
v 0.03431654 0.0062507074 -0.00094944006
v 0.034662765 0.0053719087 -0.0009468308
v 0.03359441 0.0053300736 -0.0003463292
v 0.03327786 0.0061846683 -0.00035676628
v 0.034662765 0.0053719087 -0.0009468308
v 0.034662765 0.0044564726 -0.0009468308
v 0.03359441 0.0044224286 -0.0003463292
v 0.03359441 0.0053300736 -0.0003463292
v 0.03466277 0.003580864 -0.0009468308
v 0.03359441 0.0035542718 -0.0003463292
v 0.034662765 0.002776161 -0.0009468308
v 0.03359441 0.0027564173 -0.0003463292
v 0.03359441 0.002059678 -0.0003463292
v 0.034662765 0.0020734416 -0.0009468308
v 0.033594407 0.0014948676 -0.0003463292
v 0.034662765 0.0015037829 -0.0009468308
v 0.034662765 0.0010982635 -0.0009468308
v 0.033594407 0.0010927991 -0.0003463292
v 0.03327786 0.0061846683 -0.00035676628
v 0.03359441 0.0053300736 -0.0003463292
v 0.0314577 0.005311377 -7.794876E-05
v 0.031205451 0.0061518583 -9.695908E-05
v 0.03359441 0.0053300736 -0.0003463292
v 0.03359441 0.0044224286 -0.0003463292
v 0.0314577 0.004407213 -7.794877E-05
v 0.0314577 0.005311377 -7.794876E-05
v 0.03359441 0.0035542718 -0.0003463292
v 0.0314577 0.0035423867 -7.794877E-05
v 0.03359441 0.0027564173 -0.0003463292
v 0.0314577 0.0027475925 -7.794877E-05
v 0.0314577 0.0020535267 -7.794877E-05
v 0.03359441 0.002059678 -0.0003463292
v 0.0314577 0.0014908827 -7.794877E-05
v 0.033594407 0.0014948676 -0.0003463292
v 0.033594407 0.0010927991 -0.0003463292
v 0.0314577 0.0010903568 -7.794877E-05
v -0.021569308 0.0061615845 0.0001379227
v -0.016262157 0.006163987 0.00016529356
v -0.016262157 0.005285624 0.00019724309
v -0.021603929 0.0052927835 0.00016529312
v -0.010564264 0.005307183 0.0002033134
v -0.010564264 0.006169377 0.00016681153
v -0.016440216 0.004381416 0.00020331291
v -0.021648444 0.004390872 0.00016681058
v -0.010564263 0.004361118 0.00022688991
v -0.026233468 0.005300156 8.3074745E-05
v -0.026094977 0.0061508515 5.9218703E-05
v -0.02623347 0.004398081 8.3074745E-05
v -0.029794654 0.005311374 -7.7953926E-05
v -0.0295424 0.006151856 -9.69642E-05
v -0.029794652 0.0044072103 -7.7953926E-05
v -0.004866371 0.0061890725 0.00016795674
v -0.0048663705 0.005385964 0.00020789288
v 0.00083152245 0.006202496 0.00016843643
v 0.00083152263 0.0054396614 0.00020981015
v 0.006529415 0.005385965 0.00020789384
v 0.006529415 0.0061890725 0.00016795773
v 0.012227309 0.0053071836 0.00020331533
v 0.012227309 0.0061693774 0.00016681345
v 0.017925203 0.006163988 0.00016529647
v 0.017925203 0.005285626 0.00019724596
v 0.023232354 0.0061615864 0.0001379265
v 0.023266979 0.005292786 0.00016529692
v 0.027896516 0.0053001586 8.307931E-05
v 0.027758025 0.0061508543 5.9223243E-05
v 0.0314577 0.005311377 -7.794876E-05
v 0.031205451 0.0061518583 -9.695908E-05
v 0.027896518 0.0043980842 8.307931E-05
v 0.02331149 0.004390874 0.00016681437
v 0.0314577 0.004407213 -7.794877E-05
v 0.018103262 0.0043814178 0.0002033158
v 0.012227309 0.004361119 0.00022689186
v 0.006351356 0.004707521 0.00023792352
v 0.00083152245 0.004800608 0.00024079825
v -0.004688311 0.0047075204 0.0002379226
v 0.023445038 0.003529927 0.00016795914
v 0.027896518 0.0035352558 8.30793E-05
v 0.023578584 0.0027392101 0.00016867796
v 0.027896518 0.0027422984 8.307931E-05
v 0.027896516 0.0020498356 8.307931E-05
v 0.023623096 0.0020479902 0.00016891756
v 0.0314577 0.0020535267 -7.794877E-05
v 0.0314577 0.0027475925 -7.794877E-05
v 0.027896516 0.0014884919 8.30793E-05
v 0.023623096 0.0014872963 0.00016891756
v 0.0314577 0.0014908827 -7.794877E-05
v 0.0314577 0.0035423867 -7.794877E-05
v 0.01863744 0.003523448 0.00020789485
v 0.019171618 0.002737005 0.00021077009
v 0.014542078 0.0034899383 0.0002379242
v 0.015476888 0.0027286275 0.00024223709
v 0.019349676 0.0014868977 0.0002117285
v 0.019349677 0.0020473748 0.0002117285
v 0.015788492 0.0020473746 0.0002436747
v 0.015788492 0.0014868975 0.0002436747
v 0.019349676 0.0010879141 0.0002117285
v 0.023623096 0.0010881585 0.00016891756
v 0.027896516 0.0010888913 8.307931E-05
v 0.0314577 0.0010903568 -7.794877E-05
v 0.015788492 0.0010879139 0.0002436747
v 0.013651782 0.0010879138 0.00029691868
v 0.013651782 0.0014868975 0.00029691868
v 0.013651782 0.0020473746 0.00029691868
v 0.0132956635 0.0027070218 0.00029596023
v 0.012227307 0.0034035156 0.00029308494
v 0.009912539 0.0039916364 0.00029116796
v 0.012227309 0.004361119 0.00022689186
v 0.014542078 0.0034899383 0.0002379242
v -0.021569308 0.0061615845 0.0001379227
v -0.021465441 0.006923199 5.9219085E-05
v -0.016262157 0.006944418 8.307558E-05
v -0.016262157 0.006163987 0.00016529356
v -0.010564264 0.006944418 8.307608E-05
v -0.010564264 0.006169377 0.00016681153
v -0.025679506 0.0068595437 -1.2349443E-05
v -0.026094977 0.0061508515 5.9218703E-05
v -0.02878565 0.0068256375 -0.00015399503
v -0.0295424 0.006151856 -9.69642E-05
v -0.004866371 0.0061890725 0.00016795674
v -0.004866371 0.006944418 8.307655E-05
v 0.00083152245 0.006202496 0.00016843643
v 0.00083152245 0.006944418 8.307704E-05
v 0.0065294155 0.006944418 8.307751E-05
v 0.006529415 0.0061890725 0.00016795773
v 0.012227309 0.0069444184 8.3078E-05
v 0.012227309 0.0061693774 0.00016681345
v 0.017925203 0.006163988 0.00016529647
v 0.017925203 0.006944419 8.307848E-05
v 0.023232354 0.0061615864 0.0001379265
v 0.023128487 0.0069232006 5.9222857E-05
v 0.027342554 0.0068595456 -1.2344964E-05
v 0.027758025 0.0061508543 5.9223243E-05
v 0.030448698 0.0068256394 -0.00015399004
v 0.031205451 0.0061518583 -9.695908E-05
v -0.021465441 0.006923199 5.9219085E-05
v -0.021396197 0.0075210766 -9.696352E-05
v -0.016262155 0.0075618844 -7.795279E-05
v -0.016262157 0.006944418 8.307558E-05
v -0.010564263 0.007561885 -7.795231E-05
v -0.010564264 0.006944418 8.307608E-05
v -0.025402525 0.007398655 -0.00015399476
v -0.025679506 0.0068595437 -1.2349443E-05
v -0.027763462 0.007233042 -0.00023103015
v -0.02878565 0.0068256375 -0.00015399503
v -0.004866371 0.006944418 8.307655E-05
v -0.00486637 0.0075618844 -7.795182E-05
v 0.00083152245 0.006944418 8.307704E-05
v 0.0008315226 0.007561885 -7.795135E-05
v 0.0065294155 0.007561885 -7.795086E-05
v 0.0065294155 0.006944418 8.307751E-05
v 0.012227309 0.007561885 -7.795039E-05
v 0.012227309 0.0069444184 8.3078E-05
v 0.017925203 0.006944419 8.307848E-05
v 0.017925203 0.007561885 -7.79499E-05
v 0.023128487 0.0069232006 5.9222857E-05
v 0.023059243 0.007521078 -9.6959775E-05
v 0.027065575 0.0073986575 -0.00015399033
v 0.027342554 0.0068595456 -1.2344964E-05
v 0.029426508 0.0072330437 -0.0002310253
v 0.030448698 0.0068256394 -0.00015399004
v 0.023232358 0.0004691255 -0.0009472815
v 0.023266979 0.00046631048 -0.0021042232
v 0.017925205 0.0004561899 -0.0021042237
v 0.017925203 0.00043979078 -0.000938194
v 0.017925203 0.0004561899 -0.0040432736
v 0.023266979 0.0004665841 -0.004043273
v 0.012227311 0.00045618962 -0.0021042242
v 0.01222731 0.0004122638 -0.00093387545
v 0.01222731 0.0004561896 -0.004043274
v 0.027896516 0.00049667154 -0.0021042228
v 0.027758025 0.00050473795 -0.0009572684
v 0.0314577 0.00055739324 -0.0021042223
v 0.031205451 0.000562717 -0.0009624866
v 0.027896518 0.000497766 -0.0040432727
v 0.0314577 0.00056012947 -0.004043272
v 0.027342554 0.0005305583 -0.00038807784
v 0.023128487 0.00047797596 -0.00034812884
v 0.0065294155 0.00038207462 -0.0009381949
v 0.0065294155 0.00045618927 -0.0021042244
v 0.00083152245 0.0003663143 -0.00094251457
v 0.00083152263 0.00045618898 -0.002104225
v -0.0048663705 0.0004561887 -0.0021042256
v -0.004866371 0.000382074 -0.00093819585
v -0.010564264 0.0004561884 -0.002104226
v -0.010564264 0.00041226257 -0.0009338773
v -0.016262157 0.00043978894 -0.00093819684
v -0.016262157 0.00045618805 -0.0021042265
v -0.021569306 0.00046912316 -0.0009472852
v -0.021603929 0.00046630806 -0.002104227
v -0.026233468 0.0004966687 -0.0021042274
v -0.026094977 0.00050473516 -0.00095727295
v -0.02623347 0.00049776316 -0.0040432774
v -0.021603929 0.0004665817 -0.004043277
v -0.029794654 0.0005573901 -0.002104228
v -0.0295424 0.0005627138 -0.0009624918
v -0.029794652 0.0005601263 -0.004043278
v -0.016262157 0.00045618805 -0.0040432764
v -0.010564263 0.00045618834 -0.004043276
v -0.016262157 0.00039059154 -0.00031178055
v -0.021465441 0.00047797358 -0.0003481327
v -0.025679506 0.0005305555 -0.0003880823
v -0.021465441 0.00047797358 -0.0003481327
v -0.021603933 0.00046699733 -0.006988754
v -0.016262157 0.00045618805 -0.0069887536
v -0.021603929 0.00046750176 -0.01071589
v -0.016262155 0.00045618805 -0.01071589
v -0.016262155 0.00045618805 -0.014999915
v -0.021603929 0.00046804163 -0.014999916
v -0.026233468 0.0005036029 -0.014999918
v -0.02623347 0.0005014433 -0.010715891
v -0.026233468 0.00050569145 -0.019616064
v -0.021603929 0.00046856375 -0.019616064
v -0.021603929 0.0004690149 -0.02433956
v -0.016262155 0.00045618808 -0.01961606
v -0.016262155 0.00045618808 -0.02433956
v -0.021603929 0.00046939118 -0.029143576
v -0.016262153 0.00045618808 -0.029143576
v -0.016262153 0.00045618805 -0.03400127
v -0.021603927 0.0004696889 -0.03400127
v -0.026233464 0.00051019207 -0.03400127
v -0.026233468 0.00050900114 -0.029143576
v -0.026233463 0.00051105354 -0.038885795
v -0.021603927 0.0004699043 -0.038885795
v -0.029794646 0.0005911987 -0.03400127
v -0.029794652 0.00058822136 -0.029143576
v -0.029794646 0.00059335236 -0.038885795
v -0.01056426 0.0004561884 -0.034001265
v -0.01056426 0.0004561884 -0.029143572
v -0.016262151 0.00045618805 -0.038885795
v -0.010564259 0.0004561884 -0.038885795
v -0.010564261 0.0004561884 -0.02433956
v -0.026233468 0.0005074959 -0.02433956
v -0.029794646 0.0005844582 -0.024339564
v -0.029794652 0.000579947 -0.019616064
v -0.004866367 0.0004561887 -0.029143572
v -0.004866367 0.0004561887 -0.034001265
v 0.00083152537 0.00045618898 -0.029143572
v 0.0008315258 0.00045618898 -0.034001265
v -0.0048663667 0.0004561887 -0.03888579
v 0.0008315262 0.00045618898 -0.038885795
v 0.0065294188 0.00045618927 -0.034001257
v 0.0065294188 0.00045618927 -0.029143572
v 0.012227311 0.00045618962 -0.034001257
v 0.012227311 0.00045618962 -0.029143572
v 0.017925205 0.0004561899 -0.029143572
v 0.017925205 0.0004561899 -0.034001257
v 0.023266979 0.00046939356 -0.029143572
v 0.023266979 0.0004696913 -0.034001257
v 0.017925205 0.0004561899 -0.038885787
v 0.02326698 0.0004699067 -0.038885787
v 0.023266982 0.00047003588 -0.043770313
v 0.027896518 0.0005110564 -0.038885787
v 0.02789652 0.0005115733 -0.043770313
v 0.023266982 0.0004761929 -0.048654847
v 0.027896523 0.0005155668 -0.048654836
v 0.027896523 0.0005268582 -0.05353937
v 0.023266982 0.0004944917 -0.05353937
v 0.017925208 0.00048981665 -0.05353937
v 0.017925207 0.00046459658 -0.048654847
v 0.017925208 0.00054025673 -0.0584239
v 0.023266982 0.0005310461 -0.0584239
v 0.023266982 0.0005919704 -0.06330843
v 0.027896523 0.0005492686 -0.0584239
v 0.027896523 0.00058661937 -0.06330843
v 0.023266982 0.00065892417 -0.06817918
v 0.027896523 0.0006274545 -0.06817918
v 0.027896523 0.00066031807 -0.07302239
v 0.023266982 0.00071356795 -0.07302239
v 0.017925208 0.0007924572 -0.07302239
v 0.017925208 0.0007167971 -0.06817918
v 0.01792521 0.000826084 -0.077824265
v 0.023266984 0.00073756155 -0.077824265
v 0.023266984 0.00071256526 -0.082571045
v 0.027896523 0.00067375426 -0.077824265
v 0.027896525 0.0006563071 -0.082571045
v 0.023266984 0.00065697945 -0.08699877
v 0.027896523 0.0006196754 -0.08699877
v 0.027896523 0.00057555805 -0.09084348
v 0.023266982 0.000589205 -0.09084347
v 0.01792521 0.00062432355 -0.09084347
v 0.01792521 0.0007167971 -0.08699875
v 0.01792521 0.00054025673 -0.093841195
v 0.023266984 0.0005276425 -0.09384121
v 0.012227316 0.0006625354 -0.09084347
v 0.012227316 0.0007760257 -0.08699877
v 0.012227316 0.0005593625 -0.093841195
v 0.031457707 0.0006017608 -0.09084347
v 0.031457707 0.00062798744 -0.08699877
v 0.027896523 0.0005356538 -0.093841195
v 0.031457707 0.0005784246 -0.093841195
v 0.031457707 0.00065078464 -0.082571045
v 0.01792521 0.0007924572 -0.082571045
v 0.012227315 0.00086888135 -0.082571045
v 0.012227315 0.0009101505 -0.077824265
v 0.012227315 0.00086888135 -0.07302239
v 0.012227315 0.0007760257 -0.06817918
v 0.012227315 0.0006625355 -0.06330843
v 0.017925208 0.0006243236 -0.06330843
v 0.0122273145 0.0005593625 -0.0584239
v 0.012227314 0.0004974588 -0.053539377
v 0.012227314 0.00046650693 -0.048654847
v 0.012227312 0.00045618962 -0.04377032
v 0.017925207 0.0004561899 -0.043770317
v 0.012227311 0.0004561896 -0.038885787
v 0.0065294188 0.00045618927 -0.03888579
v 0.006529419 0.00046765298 -0.04865485
v 0.0065294197 0.0005020439 -0.053539377
v 0.0008315269 0.00046803473 -0.048654847
v 0.0008315274 0.0005035721 -0.05353937
v -0.004866365 0.00050204335 -0.05353937
v -0.0048663663 0.00046765237 -0.048654847
v -0.004866365 0.0005708253 -0.0584239
v 0.00083152787 0.0005746468 -0.0584239
v -0.010564258 0.00049745763 -0.05353937
v -0.010564259 0.00046650565 -0.048654847
v -0.016262151 0.0004645948 -0.04865485
v -0.016262151 0.00048981485 -0.053539377
v -0.021603927 0.0004761905 -0.048654847
v -0.021603925 0.00049448933 -0.05353937
v -0.026233463 0.00052685535 -0.05353937
v -0.026233463 0.00051556394 -0.048654847
v -0.026233463 0.00054926577 -0.0584239
v -0.021603923 0.0005310438 -0.0584239
v -0.029794646 0.000602287 -0.053539377
v -0.029794645 0.0005969859 -0.048654847
v -0.029794645 0.00061245845 -0.0584239
v -0.01626215 0.000540255 -0.0584239
v -0.010564256 0.00055936136 -0.0584239
v -0.016262151 0.00045618808 -0.04377032
v -0.021603925 0.0004700335 -0.04377032
v -0.010564259 0.0004561884 -0.04377032
v -0.029794646 0.0005946446 -0.04377032
v -0.026233463 0.0005115704 -0.04377032
v -0.0048663663 0.0004561887 -0.043770317
v 0.00083152665 0.00045618898 -0.04377032
v 0.006529419 0.00045618927 -0.04377032
v -0.03193136 0.0007262098 -0.03400127
v -0.03193136 0.0007202552 -0.029143577
v -0.03193136 0.0007127289 -0.024339566
v -0.031931363 0.0007037066 -0.019616064
v -0.031931363 0.00069326384 -0.014999919
v -0.029794654 0.0005747257 -0.014999919
v -0.029794652 0.0005693267 -0.010715893
v -0.029794654 0.00056428276 -0.0069887554
v -0.02623347 0.0004994257 -0.0069887545
v -0.031931363 0.00068246596 -0.010715893
v -0.031931363 0.000672378 -0.0069887564
v -0.031931363 0.00066406507 -0.0040432783
v -0.031931363 0.00065859273 -0.002104228
v -0.031614814 0.00065914786 -0.00095727335
v 0.023128487 0.00047797596 -0.00034812884
v 0.023103759 0.0005218714 -8.333688E-05
v 0.027065575 0.00058219454 -0.00015399033
v 0.027342554 0.0005305583 -0.00038807784
v 0.027758025 0.00050473795 -0.0009572684
v 0.030448698 0.00058274006 -0.0004089516
v 0.031205451 0.000562717 -0.0009624866
v 0.03327786 0.00065915124 -0.00095726794
v 0.03232821 0.000668921 -0.00038807737
v 0.027342554 0.0005305583 -0.00038807784
v 0.027065575 0.00058219454 -0.00015399033
v 0.029426508 0.00061064184 -0.0002310253
v 0.030448698 0.00058274006 -0.0004089516
v 0.017925203 0.00039059337 -0.00031177764
v 0.023128487 0.00047797596 -0.00034812884
v 0.017925203 0.00043979078 -0.000938194
v 0.01222731 0.0004122638 -0.00093387545
v 0.01222731 0.0002804863 -0.00029450172
v 0.017925203 0.00039059337 -0.00031177764
v 0.023128487 0.00047797596 -0.00034812884
v 0.017925203 0.00039059337 -0.00031177764
v 0.018103262 0.00039698096 -2.3458353E-05
v 0.023103759 0.0005218714 -8.333688E-05
v 0.017925203 0.00039059337 -0.00031177764
v 0.01222731 0.0002804863 -0.00029450172
v 0.012227311 -1.9451647E-05 8.365881E-05
v 0.018103262 0.00039698096 -2.3458353E-05
v -0.021569306 0.008138633 -0.00094944483
v -0.021603929 0.008323628 -0.002104227
v -0.016262157 0.008385575 -0.0021042265
v -0.016262155 0.008197647 -0.00094683503
v -0.010564263 0.008385575 -0.002104226
v -0.010564263 0.008197647 -0.00094683457
v -0.026233468 0.008137783 -0.0021042274
v -0.026094977 0.007961595 -0.00095727295
v -0.00486637 0.008197647 -0.00094683404
v -0.00486637 0.008385575 -0.0021042256
v 0.0008315226 0.008197647 -0.00094683364
v 0.00083152275 0.008385575 -0.002104225
v 0.0065294155 0.008385575 -0.0021042244
v 0.006529415 0.008197647 -0.00094683317
v 0.012227309 0.008385577 -0.0021042242
v 0.01222731 0.008197647 -0.00094683265
v 0.017925203 0.0081976475 -0.0009468322
v 0.017925203 0.008385577 -0.0021042237
v 0.023232354 0.008138635 -0.00094944093
v 0.023266979 0.008323629 -0.0021042232
v 0.027896518 0.008137785 -0.0021042228
v 0.027758023 0.007961598 -0.0009572684
v -0.021603929 0.008323628 -0.002104227
v -0.021603929 0.008536339 -0.0040432774
v -0.016262155 0.008599962 -0.0040432764
v -0.016262157 0.008385575 -0.0021042265
v -0.010564263 0.008599962 -0.004043276
v -0.010564263 0.008385575 -0.002104226
v -0.026233468 0.00834547 -0.0040432774
v -0.026233468 0.008137783 -0.0021042274
v -0.00486637 0.008385575 -0.0021042256
v -0.00486637 0.008599962 -0.0040432755
v 0.00083152275 0.008385575 -0.002104225
v 0.0008315229 0.008599962 -0.004043275
v 0.0065294164 0.008599962 -0.0040432746
v 0.0065294155 0.008385575 -0.0021042244
v 0.01222731 0.008599963 -0.004043274
v 0.012227309 0.008385577 -0.0021042242
v 0.017925203 0.008385577 -0.0021042237
v 0.017925203 0.008599963 -0.0040432736
v 0.023266979 0.008323629 -0.0021042232
v 0.023266979 0.00853634 -0.0040432736
v 0.027896518 0.008345471 -0.0040432727
v 0.027896518 0.008137785 -0.0021042228
v 0.0008315232 0.008925621 -0.006988752
v -0.00486637 0.008925621 -0.006988752
v 0.0008315235 0.0093208235 -0.010715889
v -0.004866369 0.0093208235 -0.010715889
v -0.004866369 0.009743841 -0.014999915
v 0.000831524 0.009743841 -0.014999915
v 0.0065294174 0.009743841 -0.014999915
v 0.006529417 0.0093208235 -0.010715889
v 0.0065294174 0.0101529425 -0.01961606
v 0.0008315245 0.0101529425 -0.019616062
v 0.0008315251 0.010506401 -0.02433956
v -0.004866369 0.0101529425 -0.01961606
v -0.004866368 0.010506401 -0.02433956
v 0.0008315253 0.010801251 -0.029143574
v -0.004866368 0.010801251 -0.029143572
v -0.0048663677 0.011034529 -0.034001265
v 0.0008315256 0.011034529 -0.034001265
v 0.0065294188 0.011034531 -0.034001265
v 0.0065294188 0.010801252 -0.029143572
v 0.0065294188 0.011203274 -0.03888579
v 0.00083152606 0.011203274 -0.038885795
v 0.012227311 0.011034531 -0.034001257
v 0.012227311 0.010801251 -0.029143572
v 0.017925205 0.010801252 -0.029143572
v 0.017925205 0.0110345315 -0.034001257
v 0.02326698 0.010720432 -0.029143572
v 0.023266979 0.010951887 -0.034001257
v 0.027896518 0.010703958 -0.034001257
v 0.027896518 0.010477969 -0.029143568
v 0.027896518 0.01086743 -0.038885787
v 0.023266982 0.0111193145 -0.038885787
v 0.017925207 0.011203276 -0.038885787
v 0.012227311 0.011203274 -0.03888579
v 0.017925205 0.010506402 -0.02433956
v 0.023266979 0.010427885 -0.02433956
v 0.017925205 0.0101529425 -0.01961606
v 0.023266979 0.010077189 -0.01961606
v 0.012227311 0.010506401 -0.02433956
v 0.012227311 0.0101529425 -0.019616062
v 0.027896516 0.010192332 -0.024339559
v 0.027896518 0.009849921 -0.019616058
v 0.0065294183 0.010506401 -0.02433956
v 0.017925207 0.011304521 -0.04377032
v 0.023266982 0.01121977 -0.04377032
v 0.023266982 0.0112532545 -0.048654847
v 0.017925207 0.011338272 -0.04865485
v 0.017925207 0.011304523 -0.053539377
v 0.023266982 0.01121977 -0.05353937
v 0.027896523 0.010965513 -0.05353937
v 0.027896523 0.010998206 -0.048654847
v 0.027896523 0.01086743 -0.0584239
v 0.023266982 0.0111193145 -0.0584239
v 0.012227314 0.011304521 -0.05353937
v 0.012227314 0.01133827 -0.048654847
v 0.017925208 0.011203276 -0.0584239
v 0.0122273145 0.011203274 -0.0584239
v 0.012227312 0.011304521 -0.04377032
v 0.02789652 0.010965513 -0.043770317
v 0.006529419 0.01133827 -0.048654847
v 0.0065294206 0.011304521 -0.05353937
v 0.0008315269 0.011338269 -0.048654847
v 0.0008315274 0.011304521 -0.05353937
v 0.0065294206 0.011203274 -0.0584239
v 0.00083152787 0.011203274 -0.0584239
v -0.004866366 0.011304521 -0.053539377
v -0.0048663663 0.01133827 -0.04865485
v -0.010564256 0.011304521 -0.053539377
v -0.010564259 0.011338269 -0.048654847
v -0.016262151 0.011338269 -0.048654847
v -0.01626215 0.011304521 -0.05353937
v -0.021603927 0.011253253 -0.048654847
v -0.021603925 0.011219767 -0.05353937
v -0.01626215 0.011203274 -0.058423903
v -0.021603923 0.011119312 -0.058423903
v -0.021603923 0.010951886 -0.06330843
v -0.026233463 0.010867427 -0.058423903
v -0.02623346 0.010703957 -0.06330843
v -0.021603925 0.010684635 -0.06817918
v -0.026233463 0.010444409 -0.06817918
v -0.026233463 0.010058102 -0.07302239
v -0.021603925 0.010284701 -0.07302239
v -0.01626215 0.010358499 -0.07302239
v -0.016262151 0.010764276 -0.06817918
v -0.01626215 0.00978319 -0.077824265
v -0.021603923 0.009719234 -0.077824265
v -0.021603923 0.008955376 -0.082571045
v -0.026233463 0.0095143495 -0.077824265
v -0.02623346 0.008782463 -0.082571045
v -0.021603923 0.008105929 -0.08699877
v -0.026233463 0.007969863 -0.08699877
v -0.01626215 0.009004335 -0.082571045
v -0.01626215 0.00813738 -0.08699875
v -0.01626215 0.0072977683 -0.09084347
v -0.021603925 0.007283699 -0.09084347
v -0.01626215 0.0066009485 -0.093841195
v -0.021603923 0.006601487 -0.09384121
v -0.010564256 0.0072738007 -0.09084347
v -0.010564256 0.008119997 -0.08699877
v -0.0105642555 0.006571403 -0.093841195
v -0.026233463 0.0071839658 -0.09084348
v -0.026233463 0.007969863 -0.08699877
v -0.02623346 0.0065321913 -0.093841195
v -0.010564256 0.008993488 -0.082571045
v -0.010564256 0.009777766 -0.077824265
v -0.010564256 0.01035633 -0.07302239
v -0.010564256 0.010763732 -0.06817918
v -0.010564256 0.011034529 -0.06330843
v -0.016262151 0.011034529 -0.06330843
v -0.010564256 0.011203274 -0.0584239
v -0.004866365 0.011203274 -0.0584239
v -0.0048663644 0.010763409 -0.06817918
v -0.004866364 0.010355027 -0.07302239
v 0.0008315288 0.010763301 -0.06817918
v 0.00083152927 0.010354595 -0.07302239
v 0.0065294225 0.010355029 -0.07302239
v 0.0065294215 0.010763408 -0.06817918
v 0.0065294234 0.009774513 -0.077824265
v 0.0008315296 0.009773428 -0.077824265
v 0.012227315 0.01035633 -0.07302239
v 0.012227315 0.010763735 -0.06817918
v 0.01792521 0.010764277 -0.06817918
v 0.01792521 0.010358501 -0.07302239
v 0.023266984 0.0106846355 -0.06817918
v 0.023266984 0.010284704 -0.07302239
v 0.027896525 0.010058106 -0.07302239
v 0.027896523 0.010444413 -0.06817918
v 0.027896523 0.009514352 -0.077824265
v 0.023266984 0.009719236 -0.077824265
v 0.012227315 0.009777767 -0.077824265
v 0.01792521 0.009783192 -0.077824265
v 0.023266984 0.010284704 -0.07302239
v 0.017925208 0.0110345315 -0.06330843
v 0.023266982 0.010951887 -0.06330843
v 0.012227315 0.011034531 -0.06330843
v 0.027896523 0.010703958 -0.06330843
v 0.0065294215 0.011034531 -0.06330843
v 0.0008315283 0.011034531 -0.06330843
v -0.0048663644 0.011034531 -0.06330843
v -0.026094977 0.007961595 -0.00095727295
v -0.0295424 0.007607273 -0.0009624918
v -0.029794654 0.0077660927 -0.002104228
v -0.026233468 0.008137783 -0.0021042274
v -0.026233468 0.008137783 -0.0021042274
v -0.029794654 0.0077660927 -0.002104228
v -0.029794652 0.00796373 -0.004043278
v -0.026233468 0.00834547 -0.0040432774
v -0.026233468 0.008660952 -0.0069887545
v -0.029794652 0.008263946 -0.0069887545
v -0.026233468 0.009043803 -0.010715891
v -0.029794652 0.008628273 -0.010715891
v -0.029794652 0.009018242 -0.014999916
v -0.026233468 0.009453601 -0.014999916
v -0.029794652 0.009395383 -0.019616064
v -0.026233468 0.009849919 -0.019616064
v -0.026233468 0.010192331 -0.024339564
v -0.029794646 0.009721226 -0.024339564
v -0.026233468 0.010477967 -0.029143576
v -0.029794652 0.009993043 -0.029143576
v -0.029794646 0.010208096 -0.03400127
v -0.026233468 0.010703957 -0.034001265
v -0.029794652 0.010363657 -0.038885795
v -0.026233468 0.010867427 -0.038885795
v -0.026233464 0.010965509 -0.04377032
v -0.029794646 0.010456993 -0.04377032
v -0.026233463 0.010998203 -0.04865485
v -0.029794645 0.010488106 -0.048654847
v -0.029794645 0.010456993 -0.05353937
v -0.026233463 0.010965509 -0.053539377
v -0.029794645 0.010363657 -0.0584239
v -0.026233463 0.010867427 -0.058423903
v -0.02623346 0.010703957 -0.06330843
v -0.029794645 0.010208096 -0.06330843
v -0.026233463 0.010444409 -0.06817918
v -0.029794645 0.009963203 -0.06817918
v -0.029794645 0.00960187 -0.07302239
v -0.026233463 0.010058102 -0.07302239
v -0.029794645 0.0090969885 -0.077824265
v -0.026233463 0.0095143495 -0.077824265
v -0.02623346 0.008782463 -0.082571045
v -0.029794645 0.008421453 -0.082571045
v -0.029794645 0.007673394 -0.08699877
v -0.029794645 0.0069509447 -0.09084347
v -0.026233463 0.0071839658 -0.09084348
v -0.029794645 0.0063522393 -0.093841195
v -0.02623346 0.0061219595 -0.095728
v -0.029794645 0.0059754085 -0.095728
v -0.021603923 0.006172096 -0.095728
v -0.02623346 0.0061219595 -0.095728
v -0.021569299 0.0059117405 -0.096767165
v -0.026094967 0.005874425 -0.09676246
v -0.029542392 0.0057499753 -0.09675978
v -0.01626215 0.006162363 -0.095728
v -0.01626215 0.0058941212 -0.09677056
v -0.010564256 0.0061293077 -0.095728
v -0.0105642555 0.0058577857 -0.09677202
v -0.0048663625 0.005838953 -0.09677095
v -0.0048663625 0.006109474 -0.095728
v 0.00083153043 0.0058339117 -0.09676979
v 0.0008315304 0.006102863 -0.095728
v -0.0048663625 0.006553676 -0.093841195
v 0.0008315304 0.0065477667 -0.09384121
v 0.0008315302 0.007254627 -0.09084347
v 0.0065294234 0.0065536764 -0.093841195
v 0.0065294234 0.007259421 -0.09084347
v 0.0008315301 0.008106092 -0.08699877
v 0.0065294234 0.008109569 -0.08699875
v 0.012227316 0.007273802 -0.09084347
v 0.012227316 0.0081199985 -0.08699877
v 0.01792521 0.008137381 -0.08699877
v 0.01792521 0.00729777 -0.09084348
v 0.023266984 0.008105931 -0.08699877
v 0.023266984 0.0072837006 -0.09084347
v 0.027896525 0.0071839676 -0.09084347
v 0.027896523 0.007969865 -0.08699875
v 0.027896523 0.006532194 -0.093841195
v 0.023266984 0.0066014878 -0.09384121
v 0.01792521 0.0066009494 -0.093841195
v 0.012227316 0.0065714046 -0.093841195
v 0.01792521 0.009004336 -0.082571045
v 0.023266982 0.008955377 -0.082571045
v 0.023266984 0.009719236 -0.077824265
v 0.012227315 0.008993488 -0.082571045
v 0.027896523 0.008782465 -0.082571045
v 0.027896523 0.007969865 -0.08699875
v 0.0065294234 0.008986979 -0.082571045
v 0.0008315299 0.00898481 -0.082571045
v -0.0048663635 0.008986979 -0.082571045
v -0.004866363 0.008109569 -0.08699877
v -0.004866363 0.0072594206 -0.09084348
v -0.0048663635 0.009774513 -0.077824265
v -0.021569306 0.008138633 -0.00094944483
v -0.021465441 0.00789867 -0.00035677085
v -0.025679508 0.0077406135 -0.0003880823
v -0.026094977 0.007961595 -0.00095727295
v -0.016262155 0.007951355 -0.0003463334
v -0.016262155 0.008197647 -0.00094683503
v -0.010564261 0.007951355 -0.00034633293
v -0.010564263 0.008197647 -0.00094683457
v -0.00486637 0.008197647 -0.00094683404
v -0.00486637 0.007951355 -0.00034633244
v 0.0008315226 0.008197647 -0.00094683364
v 0.00083152245 0.007951355 -0.00034633197
v 0.006529415 0.007951356 -0.0003463315
v 0.006529415 0.008197647 -0.00094683317
v 0.012227307 0.007951356 -0.00034633104
v 0.01222731 0.008197647 -0.00094683265
v 0.017925203 0.0081976475 -0.0009468322
v 0.017925203 0.007951356 -0.00034633055
v 0.023232354 0.008138635 -0.00094944093
v 0.023128487 0.007898672 -0.00035676712
v 0.027342552 0.0077406154 -0.00038807784
v 0.027758023 0.007961598 -0.0009572684
v -0.021465441 0.00789867 -0.00035677085
v -0.021396197 0.0075210766 -9.696352E-05
v -0.025402525 0.007398655 -0.00015399476
v -0.025679508 0.0077406135 -0.0003880823
v -0.016262155 0.0075618844 -7.795279E-05
v -0.016262155 0.007951355 -0.0003463334
v -0.010564263 0.007561885 -7.795231E-05
v -0.010564261 0.007951355 -0.00034633293
v -0.00486637 0.007951355 -0.00034633244
v -0.00486637 0.0075618844 -7.795182E-05
v 0.00083152245 0.007951355 -0.00034633197
v 0.0008315226 0.007561885 -7.795135E-05
v 0.0065294155 0.007561885 -7.795086E-05
v 0.006529415 0.007951356 -0.0003463315
v 0.012227309 0.007561885 -7.795039E-05
v 0.012227307 0.007951356 -0.00034633104
v 0.017925203 0.007951356 -0.00034633055
v 0.017925203 0.007561885 -7.79499E-05
v 0.023128487 0.007898672 -0.00035676712
v 0.023059243 0.007521078 -9.6959775E-05
v 0.027065575 0.0073986575 -0.00015399033
v 0.027342552 0.0077406154 -0.00038807784
v -0.026094977 0.007961595 -0.00095727295
v -0.025679508 0.0077406135 -0.0003880823
v -0.02878565 0.0074235066 -0.00040895664
v -0.0295424 0.007607273 -0.0009624918
v -0.025679508 0.0077406135 -0.0003880823
v -0.025402525 0.007398655 -0.00015399476
v -0.027763462 0.007233042 -0.00023103015
v -0.02878565 0.0074235066 -0.00040895664
v -0.026233463 0.010998203 -0.04865485
v -0.026233463 0.010965509 -0.053539377
v -0.026233464 0.010965509 -0.04377032
v -0.021603927 0.011219767 -0.04377032
v -0.026233468 0.010867427 -0.038885795
v -0.021603929 0.011119313 -0.03888579
v -0.016262151 0.011304521 -0.043770317
v -0.010564259 0.011304521 -0.04377032
v -0.016262153 0.011203274 -0.03888579
v -0.01056426 0.011203274 -0.038885795
v -0.021603929 0.010951887 -0.034001265
v -0.016262153 0.011034531 -0.034001265
v -0.021603929 0.010720429 -0.029143576
v -0.016262155 0.010801249 -0.029143576
v -0.01056426 0.011034529 -0.034001265
v -0.010564261 0.010801251 -0.029143572
v -0.026233468 0.010703957 -0.034001265
v -0.026233468 0.010477967 -0.029143576
v -0.026233468 0.010192331 -0.024339564
v -0.021603929 0.010427883 -0.02433956
v -0.026233468 0.009849919 -0.019616064
v -0.021603929 0.010077185 -0.019616064
v -0.016262155 0.010506401 -0.02433956
v -0.010564261 0.010506401 -0.02433956
v -0.016262155 0.0101529425 -0.019616064
v -0.010564261 0.0101529425 -0.019616062
v -0.004866367 0.011203274 -0.038885795
v 0.0008315264 0.011304521 -0.04377032
v -0.0048663663 0.011304521 -0.04377032
v 0.006529419 0.011304521 -0.043770317
v -0.010564261 0.009743841 -0.014999915
v -0.010564261 0.0093208235 -0.010715889
v -0.010564261 0.008925621 -0.006988753
v -0.016262155 0.0093208235 -0.01071589
v -0.016262155 0.009743841 -0.014999915
v -0.021603929 0.0092515685 -0.01071589
v -0.021603929 0.00967128 -0.014999915
v -0.026233468 0.009453601 -0.014999916
v -0.026233468 0.009043803 -0.010715891
v -0.026233468 0.008660952 -0.0069887545
v -0.021603929 0.008859454 -0.006988754
v -0.016262155 0.008925621 -0.006988754
v 0.031457707 0.0006638327 -0.077824265
v 0.031457707 0.0006608121 -0.07302239
v 0.031457707 0.0006474351 -0.06817918
v 0.031457707 0.00062941416 -0.06330843
v 0.031457707 0.0006124617 -0.0584239
v 0.031457707 0.00060229027 -0.05353937
v 0.031457707 0.0005969892 -0.048654843
v 0.031457707 0.00059464783 -0.043770313
v 0.0314577 0.0005933556 -0.038885787
v 0.027896516 0.0005101949 -0.034001257
v 0.027896518 0.000509004 -0.029143568
v 0.0314577 0.00059120194 -0.034001257
v 0.0314577 0.0005882246 -0.029143568
v 0.027896518 0.00050749874 -0.024339557
v 0.023266979 0.00046901728 -0.024339559
v 0.027896518 0.0005056943 -0.019616058
v 0.023266979 0.00046856614 -0.01961606
v 0.0314577 0.0005844614 -0.024339557
v 0.0314577 0.0005799502 -0.019616058
v 0.017925205 0.0004561899 -0.02433956
v 0.012227311 0.00045618962 -0.02433956
v 0.017925205 0.0004561899 -0.01961606
v 0.012227311 0.0004561896 -0.019616062
v 0.0065294183 0.00045618927 -0.02433956
v 0.00083152496 0.00045618898 -0.02433956
v 0.0065294174 0.00045618927 -0.01961606
v 0.0008315245 0.00045618898 -0.019616062
v -0.004866368 0.0004561887 -0.02433956
v -0.004866369 0.0004561887 -0.01961606
v -0.010564261 0.0004561884 -0.019616062
v 0.0008315239 0.00045618898 -0.014999915
v -0.004866369 0.00045618866 -0.014999915
v 0.0008315235 0.00045618898 -0.010715889
v -0.004866369 0.0004561887 -0.010715889
v -0.010564261 0.00045618834 -0.014999915
v -0.010564261 0.00045618834 -0.010715889
v 0.0065294174 0.00045618927 -0.014999915
v 0.006529417 0.00045618927 -0.010715889
v 0.012227311 0.00045618962 -0.014999915
v 0.01222731 0.0004561896 -0.010715889
v 0.0065294164 0.00045618927 -0.006988752
v 0.00083152315 0.00045618898 -0.006988752
v 0.0065294164 0.00045618927 -0.0040432746
v 0.0008315229 0.00045618898 -0.004043275
v 0.00083152263 0.00045618898 -0.002104225
v -0.00486637 0.0004561887 -0.0040432755
v -0.0048663705 0.0004561887 -0.0021042256
v 0.0065294155 0.00045618927 -0.0021042244
v 0.01222731 0.00045618962 -0.0069887517
v -0.00486637 0.0004561887 -0.006988752
v -0.010564261 0.0004561884 -0.006988752
v 0.017925203 0.0004561899 -0.010715887
v 0.017925205 0.0004561899 -0.014999914
v 0.023266979 0.0004675041 -0.010715887
v 0.023266979 0.00046804402 -0.014999914
v 0.027896516 0.00050360576 -0.014999913
v 0.027896518 0.00050144613 -0.010715887
v 0.0314577 0.0005747289 -0.014999911
v 0.0314577 0.00056932995 -0.010715886
v 0.027896518 0.00049942854 -0.00698875
v 0.023266979 0.00046699969 -0.006988751
v 0.0314577 0.0005642859 -0.00698875
v 0.017925203 0.0004561899 -0.0069887512
v 0.03359441 0.0006824693 -0.010715885
v 0.03359441 0.00069326727 -0.014999911
v 0.03359441 0.00070370996 -0.019616058
v 0.03359441 0.00067238143 -0.00698875
v 0.03359441 0.0006640686 -0.004043272
v 0.03359441 0.00065859617 -0.0021042223
v 0.03327786 0.00065915124 -0.00095726794
v 0.03359441 0.00071273226 -0.024339557
v 0.03359441 0.0007202586 -0.029143568
v 0.03359441 0.0007262133 -0.034001257
v 0.033594415 0.0007305207 -0.038885787
v 0.033594415 0.00073310506 -0.043770317
v 0.03359442 0.00073473086 -0.048654843
v 0.03359442 0.0007361621 -0.05353937
v 0.03359442 0.0007381632 -0.0584239
v 0.03359442 0.00074149825 -0.06330843
v 0.03359442 0.0007439134 -0.06817918
v 0.03359442 0.00074315467 -0.07302239
v 0.03359442 0.00073696807 -0.077824265
v 0.03359442 0.0007230997 -0.082571045
v 0.03359442 0.0007050181 -0.08699875
v 0.03359442 0.00068619166 -0.09084347
v 0.03359442 0.000670089 -0.093841195
v 0.03359442 0.0006601785 -0.095727995
v 0.031457707 0.0005642984 -0.095727995
v 0.027896525 0.00051166146 -0.095728
v 0.02775803 0.00050832494 -0.09676246
v 0.023232361 0.000479821 -0.09676748
v 0.023266984 0.0004906925 -0.095728
v 0.031205459 0.0005640476 -0.09675978
v 0.01792521 0.00048981665 -0.095728
v 0.01792521 0.0004667579 -0.09677183
v 0.01792521 0.00046483512 -0.09724065
v 0.023128495 0.0004964938 -0.09722329
v 0.012227316 0.00043299852 -0.09724865
v 0.012227316 0.0004607091 -0.096773826
v 0.012227318 0.00039642357 -0.09743569
v 0.01810327 0.0005083436 -0.097386785
v 0.027342562 0.0005303879 -0.0972032
v 0.02775803 0.00050832494 -0.09676246
v 0.030448703 0.00058233703 -0.097192496
v 0.031205459 0.0005640476 -0.09675978
v 0.012227316 0.00049745874 -0.095728
v 0.0065294234 0.0005020439 -0.095728
v 0.0065294234 0.00045324827 -0.09677182
v 0.00083153055 0.00044916468 -0.096769825
v 0.00083153055 0.0005035721 -0.095728
v 0.0065294234 0.0005708259 -0.093841195
v 0.0065294234 0.0006854625 -0.09084348
v 0.0008315304 0.0006931047 -0.09084347
v 0.00083153014 0.0008234082 -0.08699877
v -0.0048663625 0.0006854619 -0.09084347
v -0.004866363 0.0008115622 -0.08699875
v -0.0048663625 0.0005708253 -0.093841195
v 0.00083153043 0.00057464687 -0.09384121
v -0.010564256 0.0006625342 -0.09084347
v -0.010564256 0.00077602454 -0.08699877
v -0.01626215 0.00071679533 -0.08699877
v -0.01626215 0.00062432175 -0.09084348
v -0.021603923 0.00065697706 -0.08699877
v -0.021603923 0.0005892026 -0.09084347
v -0.02623346 0.00057555514 -0.09084347
v -0.026233463 0.0006196725 -0.08699875
v -0.02623346 0.0005356509 -0.093841195
v -0.021603923 0.0005276401 -0.09384121
v -0.029794645 0.00060175755 -0.09084347
v -0.029794645 0.0006279842 -0.08699877
v -0.029794645 0.0005784214 -0.093841195
v -0.01626215 0.0005402549 -0.093841195
v -0.0105642555 0.0005593613 -0.093841195
v -0.01626215 0.00079245545 -0.082571045
v -0.021603925 0.00071256276 -0.082571045
v -0.01626215 0.0008260822 -0.077824265
v -0.021603923 0.00073755917 -0.077824265
v -0.021603923 0.00071356556 -0.07302239
v -0.026233463 0.00067375135 -0.077824265
v -0.02623346 0.0006603152 -0.07302239
v -0.021603923 0.0006589218 -0.06817918
v -0.026233463 0.0006274516 -0.06817918
v -0.029794645 0.0006608089 -0.07302239
v -0.029794645 0.0006474318 -0.06817918
v -0.029794645 0.0006638295 -0.077824265
v -0.01626215 0.00079245534 -0.07302239
v -0.01626215 0.0007167952 -0.06817918
v -0.010564256 0.00086888013 -0.07302239
v -0.010564256 0.00077602454 -0.06817918
v -0.010564256 0.00091014936 -0.077824265
v -0.01626215 0.00062432175 -0.06330843
v -0.021603925 0.00059196795 -0.06330843
v -0.010564256 0.0006625342 -0.06330843
v -0.026233463 0.0005866165 -0.06330843
v -0.029794645 0.0006294109 -0.06330843
v -0.004866364 0.0008115622 -0.06817918
v -0.0048663635 0.000914735 -0.07302239
v 0.00083152886 0.0008234082 -0.06817918
v 0.0008315295 0.0009300203 -0.07302239
v -0.0048663635 0.0009605897 -0.077824265
v 0.00083152973 0.0009774035 -0.077824265
v 0.0065294225 0.0009147357 -0.07302239
v 0.0065294215 0.00081156276 -0.06817918
v 0.0065294234 0.0009605903 -0.077824265
v 0.0065294215 0.00068546244 -0.06330843
v 0.00083152845 0.00069310464 -0.06330843
v 0.0065294206 0.0005708259 -0.0584239
v -0.0048663644 0.0006854619 -0.06330843
v 0.034662772 0.0064806063 -0.08699877
v 0.034662772 0.0059752488 -0.09084347
v 0.03501889 0.005298728 -0.09084347
v 0.03501889 0.005681698 -0.08699875
v 0.034662772 0.0059752488 -0.09084347
v 0.034662772 0.0055578593 -0.09384121
v 0.03501889 0.0049833753 -0.093841195
v 0.03501889 0.005298728 -0.09084347
v 0.034662772 0.0064806063 -0.08699877
v 0.03359442 0.0071607414 -0.08699877
v 0.03359442 0.006537015 -0.09084348
v 0.034662772 0.0059752488 -0.09084347
v 0.034662772 0.0059752488 -0.09084347
v 0.03359442 0.006537015 -0.09084348
v 0.03359442 0.006020806 -0.093841195
v 0.034662772 0.0055578593 -0.09384121
v 0.034662772 0.0064806063 -0.08699877
v 0.034662772 0.007007219 -0.082571045
v 0.03359442 0.0078081987 -0.082571045
v 0.03359442 0.0071607414 -0.08699877
v 0.034662772 0.007007219 -0.082571045
v 0.034662772 0.0074883746 -0.077824265
v 0.03359442 0.008395603 -0.077824265
v 0.03359442 0.0078081987 -0.082571045
v 0.034662772 0.00812967 -0.06817918
v 0.03359442 0.009160615 -0.06817918
v 0.03359442 0.008839167 -0.07302239
v 0.034662772 0.007857359 -0.07302239
v 0.03359442 0.008395603 -0.077824265
v 0.034662772 0.0074883746 -0.077824265
v 0.03359442 0.009381667 -0.06330843
v 0.034662772 0.008320805 -0.06330843
v 0.03359442 0.009524045 -0.0584239
v 0.034662772 0.008320805 -0.06330843
v 0.034662772 0.00844626 -0.058423903
v 0.03359442 0.009524045 -0.0584239
v 0.034662772 0.008521534 -0.05353937
v 0.03359442 0.009609472 -0.053539377
v 0.034662772 0.008546624 -0.048654843
v 0.03359442 0.009637947 -0.048654847
v 0.033594415 0.009609472 -0.043770313
v 0.034662772 0.008521534 -0.043770313
v 0.033594415 0.009524045 -0.038885787
v 0.03466277 0.00844626 -0.038885787
v 0.03466277 0.008320805 -0.034001257
v 0.035018884 0.005609568 -0.024339557
v 0.035018884 0.0067888815 -0.024339557
v 0.035018884 0.0054283277 -0.019616058
v 0.035018884 0.0065661655 -0.019616058
v 0.035018884 0.005218555 -0.014999911
v 0.035018884 0.005001648 -0.010715885
v 0.035018884 0.004799003 -0.0069887494
v 0.035018884 0.006041844 -0.010715885
v 0.035018884 0.0063083884 -0.014999911
v 0.035018884 0.0057928246 -0.006988749
v -0.032999717 0.0070467233 -0.010715893
v -0.032999717 0.006752904 -0.0069887564
v -0.033355836 0.005792821 -0.0069887564
v -0.033355836 0.0060418407 -0.010715893
v -0.033355836 0.005587621 -0.0040432783
v -0.032999717 0.0065107886 -0.0040432783
v -0.033355836 0.0063083856 -0.014999919
v -0.032999717 0.007361221 -0.014999919
v -0.033355832 0.006566163 -0.019616064
v -0.032999717 0.0076653734 -0.019616064
v -0.032999713 0.007928157 -0.024339564
v -0.033355832 0.0067888782 -0.024339566
v -0.032999713 0.008147367 -0.029143576
v -0.033355832 0.0069746654 -0.029143577
v -0.033355832 0.007121655 -0.03400127
v -0.032999713 0.008320802 -0.03400127
v -0.033355832 0.007227982 -0.038885795
v -0.032999713 0.008446258 -0.038885795
v -0.032999713 0.008521531 -0.04377032
v -0.033355832 0.007291779 -0.04377032
v -0.032999713 0.008546622 -0.04865485
v -0.033355832 0.007313044 -0.04865485
v -0.033355832 0.007291779 -0.05353938
v -0.032999713 0.008521531 -0.05353937
v -0.03335583 0.007227982 -0.058423903
v -0.03299971 0.008446258 -0.0584239
v -0.03299971 0.008320802 -0.06330843
v -0.03335583 0.007121655 -0.06330843
v -0.03299971 0.008129667 -0.06817918
v -0.03335583 0.006963397 -0.06817918
v -0.033355836 0.0060418407 -0.010715893
v -0.033355836 0.005792821 -0.0069887564
v -0.033355836 0.004798999 -0.006988756
v -0.033355836 0.0050016446 -0.010715893
v -0.033355836 0.0046320134 -0.0040432783
v -0.033355836 0.005587621 -0.0040432783
v -0.033355832 0.0052185515 -0.014999919
v -0.033355836 0.0063083856 -0.014999919
v -0.033355832 0.005428324 -0.019616064
v -0.033355832 0.006566163 -0.019616064
v -0.033355832 0.0067888782 -0.024339566
v -0.033355832 0.0056095645 -0.024339564
v -0.033355832 0.0069746654 -0.029143577
v -0.033355832 0.0057607526 -0.029143576
v -0.033355832 0.005880369 -0.03400127
v -0.033355832 0.007121655 -0.03400127
v -0.033355832 0.0059668957 -0.038885795
v -0.033355832 0.007227982 -0.038885795
v -0.033355832 0.007291779 -0.04377032
v -0.033355832 0.0060188114 -0.04377032
v -0.033355832 0.007313044 -0.04865485
v -0.033355832 0.0060361163 -0.04865485
v -0.033355832 0.0060188114 -0.05353938
v -0.033355832 0.007291779 -0.05353938
v -0.03335583 0.0059668957 -0.058423903
v -0.03335583 0.007227982 -0.058423903
v -0.03335583 0.007121655 -0.06330843
v -0.03335583 0.0058803693 -0.06330843
v -0.03335583 0.006963397 -0.06817918
v -0.03335583 0.005754833 -0.06817918
v -0.03335583 0.0045970036 -0.06817918
v -0.03335583 0.004693088 -0.06330843
v -0.03335583 0.003531632 -0.06817918
v -0.03335583 0.0036019513 -0.06330843
v -0.03335583 0.004760674 -0.058423903
v -0.03335583 0.003652132 -0.058423903
v -0.03335583 0.0026840796 -0.058423903
v -0.033355832 0.0036822404 -0.05353938
v -0.033355832 0.004801227 -0.05353938
v -0.033355832 0.003692277 -0.04865485
v -0.033355832 0.004814744 -0.048654847
v -0.033355832 0.004801227 -0.04377032
v -0.033355832 0.0036822404 -0.04377032
v -0.033355832 0.0027050679 -0.04377032
v -0.033355832 0.0027120644 -0.04865485
v -0.033355832 0.0026840796 -0.038885795
v -0.033355832 0.003652132 -0.038885795
v -0.033355832 0.0019129249 -0.04377032
v -0.033355832 0.0018993294 -0.038885795
v -0.033355832 0.004760675 -0.038885795
v -0.033355832 0.0027050683 -0.05353938
v -0.033355832 0.0036019513 -0.03400127
v -0.033355832 0.004693088 -0.03400127
v -0.033355832 0.0035325792 -0.029143576
v -0.033355832 0.004599654 -0.029143576
v -0.033355832 0.0044815587 -0.024339564
v -0.033355832 0.0034448972 -0.024339564
v -0.033355832 0.002539616 -0.024339566
v -0.033355832 0.0026007392 -0.029143577
v -0.033355836 0.0024663438 -0.019616064
v -0.033355832 0.0033397865 -0.019616064
v -0.033355832 0.0018057517 -0.024339564
v -0.033355832 0.0018453447 -0.029143576
v -0.033355836 0.0017582887 -0.019616064
v -0.033355832 0.0043399897 -0.019616064
v -0.033355832 0.0026490986 -0.03400127
v -0.033355832 0.00187667 -0.03400127
v -0.033355836 0.0032181286 -0.014999919
v -0.033355836 0.004176134 -0.014999919
v -0.033355836 0.003092333 -0.010715893
v -0.033355836 0.0040067043 -0.010715893
v -0.033355836 0.0038484153 -0.0069887564
v -0.033355836 0.0029748084 -0.0069887564
v -0.033355836 0.0022119174 -0.0069887564
v -0.033355836 0.0022938438 -0.010715893
v -0.033355836 0.002144408 -0.0040432783
v -0.033355836 0.0028779649 -0.0040432783
v -0.033355836 0.0015934809 -0.006988756
v -0.033355836 0.0016465497 -0.010715893
v -0.033355836 0.0015497508 -0.0040432783
v -0.033355836 0.0037179803 -0.0040432783
v -0.033355836 0.0023815362 -0.014999919
v -0.033355836 0.0017033535 -0.014999919
v -0.033355836 0.0028142112 -0.0021042281
v -0.033355836 0.0036321129 -0.0021042281
v -0.033355836 0.0045220843 -0.0021042281
v -0.033355836 0.0020999652 -0.0021042281
v -0.033355836 0.0015209628 -0.0021042281
v -0.033355836 0.0011087916 -0.0021042281
v -0.033355836 0.001126436 -0.0040432783
v -0.033355836 0.0011532384 -0.0069887564
v -0.033355836 0.0011857643 -0.010715893
v -0.033355836 0.0012205795 -0.014999919
v -0.033355836 0.0012542494 -0.019616064
v -0.033355832 0.0012833397 -0.024339564
v -0.033355832 0.0013076063 -0.029143576
v -0.033355832 0.0013268057 -0.03400127
v -0.033355832 0.0013406936 -0.038885795
v -0.032999717 0.0070467233 -0.010715893
v -0.031931363 0.007935723 -0.010715891
v -0.031931363 0.007602271 -0.0069887554
v -0.032999717 0.006752904 -0.0069887564
v -0.031931363 0.007327497 -0.0040432783
v -0.032999717 0.0065107886 -0.0040432783
v -0.031931363 0.008292644 -0.014999916
v -0.032999717 0.007361221 -0.014999919
v -0.031931363 0.008637824 -0.019616064
v -0.032999717 0.0076653734 -0.019616064
v -0.032999713 0.007928157 -0.024339564
v -0.03193136 0.008936054 -0.024339564
v -0.032999713 0.008147367 -0.029143576
v -0.03193136 0.009184835 -0.029143576
v -0.03193136 0.009381664 -0.03400127
v -0.032999713 0.008320802 -0.03400127
v -0.03193136 0.009524042 -0.038885795
v -0.032999713 0.008446258 -0.038885795
v -0.032999713 0.008521531 -0.04377032
v -0.03193136 0.009609467 -0.04377032
v -0.032999713 0.008546622 -0.04865485
v -0.03193136 0.009637944 -0.048654847
v -0.031931356 0.009609467 -0.05353937
v -0.032999713 0.008521531 -0.05353937
v -0.031931356 0.009524042 -0.0584239
v -0.03299971 0.008446258 -0.0584239
v -0.03299971 0.008320802 -0.06330843
v -0.031931356 0.009381664 -0.06330843
v -0.03299971 0.008129667 -0.06817918
v -0.031931356 0.009160612 -0.06817918
v -0.031931356 0.008839165 -0.07302239
v -0.03299971 0.008129667 -0.06817918
v -0.03299971 0.007857355 -0.07302239
v -0.031931356 0.008839165 -0.07302239
v -0.031931356 0.0083956 -0.077824265
v -0.03299971 0.007488371 -0.077824265
v -0.03299971 0.008129667 -0.06817918
v -0.03335583 0.006963397 -0.06817918
v -0.03335583 0.006743807 -0.07302239
v -0.03299971 0.007857355 -0.07302239
v -0.03335583 0.006453485 -0.077824265
v -0.03299971 0.007488371 -0.077824265
v -0.03299971 0.0070072156 -0.082571045
v -0.03335583 0.0060830317 -0.082571045
v -0.03299971 0.006480603 -0.08699877
v -0.03335583 0.0056816945 -0.08699877
v -0.010564256 0.00086888013 -0.082571045
v -0.0048663635 0.0009147351 -0.082571045
v 0.0008315299 0.00093002035 -0.082571045
v 0.0065294234 0.0009147357 -0.082571045
v 0.0065294234 0.00081156276 -0.08699877
v -0.026233463 0.0006563042 -0.082571045
v -0.029794645 0.0006507813 -0.082571045
v -0.031931356 0.0007050145 -0.08699877
v -0.031931356 0.0007230962 -0.082571045
v -0.031931356 0.00073696463 -0.077824265
v -0.031931356 0.00068618817 -0.09084348
v -0.031931356 0.0006700855 -0.093841195
v -0.031931356 0.00066017505 -0.095728
v -0.029794645 0.0005642952 -0.095728
v -0.026233463 0.0005116586 -0.095728
v -0.026094973 0.0005083221 -0.09676246
v -0.021569299 0.00047981864 -0.09676748
v -0.021603925 0.00049069006 -0.095728
v -0.01626215 0.0004898148 -0.095728
v -0.01626215 0.00046675606 -0.09677182
v -0.010564256 0.0004974576 -0.095728
v -0.0105642555 0.0004607079 -0.096773826
v -0.010564256 0.00043299733 -0.097248636
v -0.01626215 0.00046483334 -0.097240634
v -0.021569299 0.00047981864 -0.09676748
v -0.021465432 0.00049649144 -0.09722328
v -0.025679497 0.0005303851 -0.0972032
v -0.026094973 0.0005083221 -0.09676246
v -0.02878564 0.00058233395 -0.097192496
v -0.029542398 0.0005640444 -0.09675978
v -0.0105642555 0.0003964223 -0.09743569
v -0.016440209 0.0005083418 -0.097386785
v -0.0048663625 0.0005020433 -0.095728
v -0.0048663625 0.0004532477 -0.09677183
v -0.0105642555 0.0004607079 -0.096773826
v -0.0048663625 0.0004532477 -0.09677183
v -0.010564256 0.00043299733 -0.097248636
v -0.0048663625 0.00039857006 -0.097240634
v 0.00083153055 0.00044916468 -0.096769825
v 0.0008315304 0.00038070878 -0.09723263
v 0.0065294234 0.00039857067 -0.097240634
v 0.0065294234 0.00045324827 -0.09677182
v 0.012227316 0.00043299852 -0.09724865
v 0.012227316 0.0004607091 -0.096773826
v 0.027896518 0.010477969 -0.029143568
v 0.027896518 0.010703958 -0.034001257
v 0.031457704 0.010208098 -0.034001257
v 0.0314577 0.009993045 -0.029143568
v 0.031457704 0.010363661 -0.038885787
v 0.027896518 0.01086743 -0.038885787
v 0.0314577 0.00972123 -0.024339557
v 0.027896516 0.010192332 -0.024339559
v 0.0314577 0.009395385 -0.019616058
v 0.027896518 0.009849921 -0.019616058
v 0.02789652 0.010965513 -0.043770317
v 0.031457704 0.010456998 -0.043770313
v 0.027896523 0.010998206 -0.048654847
v 0.031457707 0.01048811 -0.048654847
v 0.031457707 0.010456998 -0.05353937
v 0.027896523 0.010965513 -0.05353937
v 0.031457707 0.010363661 -0.0584239
v 0.027896523 0.01086743 -0.0584239
v 0.027896523 0.010703958 -0.06330843
v 0.031457707 0.010208098 -0.06330843
v 0.027896523 0.010444413 -0.06817918
v 0.031457707 0.009963206 -0.06817918
v 0.031457707 0.009601872 -0.07302239
v 0.027896525 0.010058106 -0.07302239
v 0.031457707 0.009096991 -0.077824265
v 0.027896523 0.009514352 -0.077824265
v 0.027896523 0.008782465 -0.082571045
v 0.031457707 0.008421455 -0.082571045
v 0.031457707 0.0076733963 -0.08699877
v 0.031457707 0.006950948 -0.09084347
v 0.027896525 0.0071839676 -0.09084347
v 0.03145771 0.0063522416 -0.093841195
v 0.027896523 0.006121962 -0.095728
v 0.031457707 0.0059754113 -0.095728
v 0.02775803 0.005874426 -0.09676246
v 0.031205455 0.0057499777 -0.09675978
v 0.027896523 0.006121962 -0.095728
v 0.023232361 0.005911743 -0.096767165
v 0.023266982 0.0061720978 -0.095728
v 0.01792521 0.006162365 -0.095728
v 0.01792521 0.0058941226 -0.096770555
v 0.012227316 0.006129308 -0.095728
v 0.012227316 0.0058577857 -0.09677202
v 0.0065294234 0.005838953 -0.09677095
v 0.0065294234 0.0061094747 -0.095728
v 0.023266982 0.008955377 -0.082571045
v 0.027758023 0.007961598 -0.0009572684
v 0.027896518 0.008137785 -0.0021042228
v 0.031457704 0.0077660945 -0.0021042223
v 0.031205451 0.0076072747 -0.0009624866
v 0.027896518 0.008137785 -0.0021042228
v 0.027896518 0.008345471 -0.0040432727
v 0.0314577 0.007963732 -0.004043272
v 0.031457704 0.0077660945 -0.0021042223
v 0.027896516 0.008660953 -0.00698875
v 0.0314577 0.008263948 -0.00698875
v 0.027896518 0.009043805 -0.010715886
v 0.0314577 0.008628276 -0.010715886
v 0.0314577 0.009018245 -0.014999911
v 0.027896518 0.009453604 -0.014999911
v 0.027758023 0.007961598 -0.0009572684
v 0.031205451 0.0076072747 -0.0009624866
v 0.030448696 0.0074235084 -0.00040895163
v 0.027342552 0.0077406154 -0.00038807784
v 0.027342552 0.0077406154 -0.00038807784
v 0.030448696 0.0074235084 -0.00040895163
v 0.029426508 0.0072330437 -0.0002310253
v 0.027065575 0.0073986575 -0.00015399033
v -0.021465441 0.00047797358 -0.0003481327
v -0.02144071 0.00052186905 -8.3340645E-05
v -0.016440216 0.0003969792 -2.3461276E-05
v -0.016262157 0.00039059154 -0.00031178055
v -0.016262157 0.00043978894 -0.00093819684
v -0.016262157 0.00039059154 -0.00031178055
v -0.010564264 0.0002804851 -0.00029450364
v -0.010564264 0.00041226257 -0.0009338773
v -0.016262157 0.00039059154 -0.00031178055
v -0.016440216 0.0003969792 -2.3461276E-05
v -0.010564263 -1.9452846E-05 8.365689E-05
v -0.010564264 0.0002804851 -0.00029450364
v -0.026094977 0.00050473516 -0.00095727295
v -0.0295424 0.0005627138 -0.0009624918
v -0.02878565 0.00058273703 -0.00040895664
v -0.031614814 0.00065914786 -0.00095727335
v -0.030665165 0.0006689177 -0.0003880827
v -0.021465441 0.00047797358 -0.0003481327
v -0.025679506 0.0005305555 -0.0003880823
v -0.025402525 0.00058219186 -0.00015399476
v -0.02144071 0.00052186905 -8.3340645E-05
v -0.025679506 0.0005305555 -0.0003880823
v -0.02878565 0.00058273703 -0.00040895664
v -0.027763462 0.0006106388 -0.00023103014
v -0.025402525 0.00058219186 -0.00015399476
v 0.00083152245 0.0003663143 -0.00094251457
v 0.00083152245 9.669035E-05 -0.00032905553
v 0.0065294155 0.00015973055 -0.00031177863
v 0.0065294155 0.00038207462 -0.0009381949
v -0.004866371 0.00015972994 -0.00031177962
v -0.004866371 0.000382074 -0.00093819585
v 0.00083152245 9.669035E-05 -0.00032905553
v 0.00083152263 -0.00050559745 -5.070558E-05
v 0.0063513564 -0.0004110373 -2.345935E-05
v 0.0065294155 0.00015973055 -0.00031177863
v -0.004688311 -0.00041103794 -2.3460285E-05
v -0.004866371 0.00015972994 -0.00031177962
v 0.0065294155 0.00038207462 -0.0009381949
v 0.0065294155 0.00015973055 -0.00031177863
v 0.01222731 0.0002804863 -0.00029450172
v 0.01222731 0.0004122638 -0.00093387545
v 0.0065294155 0.00015973055 -0.00031177863
v 0.0063513564 -0.0004110373 -2.345935E-05
v 0.012227311 -1.9451647E-05 8.365881E-05
v 0.0065294155 0.00015973055 -0.00031177863
v 0.012227311 -1.9451647E-05 8.365881E-05
v 0.01222731 0.0002804863 -0.00029450172
v -0.004866371 0.000382074 -0.00093819585
v -0.010564264 0.00041226257 -0.0009338773
v -0.010564264 0.0002804851 -0.00029450364
v -0.004866371 0.00015972994 -0.00031177962
v -0.004866371 0.00015972994 -0.00031177962
v -0.010564264 0.0002804851 -0.00029450364
v -0.010564263 -1.9452846E-05 8.365689E-05
v -0.004866371 0.00015972994 -0.00031177962
v -0.010564263 -1.9452846E-05 8.365689E-05
v -0.004688311 -0.00041103794 -2.3460285E-05
v -0.021880902 0.0049818 -0.09747434
v -0.021643493 0.0053170356 -0.0974359
v -0.025679497 0.0053312713 -0.097396046
v -0.02609497 0.005014981 -0.09743279
v -0.02878564 0.005343997 -0.09732335
v -0.029542392 0.0050380407 -0.09735262
v -0.016974386 0.005260905 -0.09745753
v -0.017508563 0.0049181264 -0.097491845
v -0.012879024 0.005137961 -0.09747383
v -0.013813835 0.00480746 -0.09749945
v -0.01163261 0.004633297 -0.09751134
v -0.021643493 0.0053170356 -0.0974359
v -0.021440703 0.005565491 -0.09735681
v -0.02540252 0.0055549964 -0.09732336
v -0.025679497 0.0053312713 -0.097396046
v -0.027763452 0.0055089123 -0.09728382
v -0.02878564 0.005343997 -0.09732335
v -0.016440209 0.005524189 -0.097379155
v -0.016974386 0.005260905 -0.09745753
v -0.016974386 0.005260905 -0.09745753
v -0.012879024 0.005137961 -0.09747383
v -0.0105642555 0.005435674 -0.0974112
v -0.016440209 0.005524189 -0.097379155
v -0.004154126 0.0052144886 -0.09747015
v -0.0046883035 0.005473412 -0.09738429
v -0.008249487 0.0051216125 -0.097481705
v -0.009861911 0.0037483596 -0.10152328
v -0.0102081355 0.003743901 -0.10126796
v -0.010564255 0.0035156747 -0.10126796
v -0.0102081355 0.0035190855 -0.10152392
v -0.0102081355 0.003743901 -0.10126796
v -0.0102081355 0.0037349043 -0.10084607
v -0.010564255 0.0035100519 -0.10084607
v -0.010564255 0.0035156747 -0.10126796
v -0.0102081355 0.003721372 -0.100211464
v -0.010564255 0.0035015945 -0.100211464
v -0.0102081355 0.0037096806 -0.09947673
v -0.010564255 0.0034951156 -0.09947675
v -0.010564255 0.0034954299 -0.09875448
v -0.0102081355 0.0037062054 -0.09875448
v -0.010564255 0.0035073515 -0.09815725
v -0.0102081355 0.0037173238 -0.098157264
v -0.0102081355 0.0035190855 -0.10152392
v -0.010564255 0.0035156747 -0.10126796
v -0.010564255 0.0031948958 -0.10126796
v -0.0102081355 0.0031966018 -0.10152391
v -0.0102081355 0.002764317 -0.10152391
v -0.010564255 0.0027636348 -0.10126796
v -0.0102081355 0.002277197 -0.10152391
v -0.010564255 0.002277027 -0.10126796
v -0.010564255 0.0017902079 -0.10126796
v -0.0102081355 0.001790208 -0.10152392
v -0.010564255 0.0013583135 -0.10126796
v -0.0102081355 0.0013583137 -0.10152391
v -0.0102081355 0.0010364796 -0.10152391
v -0.010564255 0.0010364796 -0.10126796
v -0.0102081355 0.00079587963 -0.10152391
v -0.010564255 0.00079587963 -0.10126796
v -0.010564255 0.0006076877 -0.10126796
v -0.0102081355 0.00060768775 -0.10152392
v -0.010564255 0.00044307773 -0.10126796
v -0.0102081355 0.00044307773 -0.10152391
v -0.0102081355 0.00027322356 -0.10152391
v -0.0105642555 0.00027322353 -0.10126796
v -0.010564255 0.0035156747 -0.10126796
v -0.010564255 0.0035100519 -0.10084607
v -0.010564255 0.0031920846 -0.10084607
v -0.010564255 0.0031948958 -0.10126796
v -0.010564255 0.0027636348 -0.10126796
v -0.010564255 0.0027625104 -0.10084607
v -0.010564255 0.002277027 -0.10126796
v -0.010564255 0.0022767456 -0.10084607
v -0.010564255 0.0017902077 -0.10084607
v -0.010564255 0.0017902079 -0.10126796
v -0.010564255 0.0013583135 -0.10084607
v -0.010564255 0.0013583135 -0.10126796
v -0.010564255 0.0022763228 -0.100211464
v -0.010564255 0.0027608185 -0.100211464
v -0.010564255 0.0022771643 -0.09947673
v -0.010564255 0.002760809 -0.09947673
v -0.010564255 0.002764729 -0.09875448
v -0.010564255 0.0022806758 -0.09875448
v -0.010564255 0.0017934225 -0.09875448
v -0.010564255 0.0017910115 -0.09947675
v -0.010564255 0.0017982444 -0.09815725
v -0.010564255 0.0022882635 -0.098157264
v -0.0105642555 0.0023013332 -0.09779768
v -0.010564255 0.0027748286 -0.09815725
v -0.0105642555 0.002793355 -0.09779768
v -0.0105642555 0.0023225073 -0.097615704
v -0.0105642555 0.0028240462 -0.097615704
v -0.0105642555 0.0028706389 -0.097551376
v -0.0105642555 0.0023544072 -0.097551376
v -0.0105642555 0.0018384262 -0.097551376
v -0.010564255 0.0018191388 -0.0976157
v -0.0105642555 0.0018657501 -0.09754467
v -0.0105642555 0.0023996548 -0.09754467
v -0.0105642555 0.0013824225 -0.097551376
v -0.0105642555 0.001372779 -0.0976157
v -0.0105642555 0.0013960847 -0.09754467
v -0.0105642555 0.0033273946 -0.097551376
v -0.0105642555 0.0032649173 -0.0976157
v -0.0105642555 0.0029368703 -0.09754467
v -0.0105642555 0.003416467 -0.09754467
v -0.010564255 0.0032241924 -0.09779767
v -0.010564255 0.0018062807 -0.09779766
v -0.0105642555 0.00136635 -0.09779768
v -0.0105642555 0.0013623319 -0.098157264
v -0.010564255 0.0035862832 -0.0976157
v -0.0105642555 0.0036649483 -0.097551376
v -0.0105642555 0.0037775156 -0.09754467
v -0.010564255 0.0035356935 -0.09779766
v -0.010564255 0.003200378 -0.098157264
v -0.010564255 0.0035073515 -0.09815725
v -0.0105642555 0.001359921 -0.09875448
v -0.010564255 0.0013587155 -0.09947673
v -0.010564255 0.0031886315 -0.09875448
v -0.010564255 0.003185581 -0.09947673
v -0.010564255 0.0031878557 -0.100211464
v -0.010564255 0.0013583135 -0.100211464
v -0.010564255 0.0017902077 -0.100211464
v -0.010564255 0.0034951156 -0.09947675
v -0.010564255 0.0034954299 -0.09875448
v -0.010564255 0.0035015945 -0.100211464
v -0.010564255 0.0010364795 -0.100211464
v -0.0105642555 0.0010366403 -0.09947673
v -0.010564255 0.00079588155 -0.09947673
v -0.0105642555 0.0010371224 -0.09875448
v -0.010564255 0.0007958875 -0.09875448
v -0.010564255 0.00060707633 -0.09875448
v -0.010564255 0.0006075349 -0.09947675
v -0.0105642555 0.00060615916 -0.098157264
v -0.0105642555 0.0007958993 -0.098157264
v -0.010564255 0.00044154926 -0.09875448
v -0.010564255 0.0004426956 -0.09947673
v -0.0105642555 0.0002724593 -0.09947673
v -0.0105642555 0.00027016655 -0.09875448
v -0.0105642555 0.00043925655 -0.098157264
v -0.0105642555 0.0002655811 -0.09815725
v -0.0105642555 0.00025793866 -0.09779767
v -0.0105642555 0.00043543533 -0.09779767
v -0.0105642555 0.00024571078 -0.0976157
v -0.0105642555 0.00042932137 -0.0976157
v -0.0105642555 0.00042015046 -0.097551376
v -0.0105642555 0.00022736893 -0.097551376
v -0.0105642555 0.0004071583 -0.09754467
v -0.0105642555 0.00020138464 -0.09754467
v -0.010564255 0.00044307773 -0.100211464
v -0.010564255 0.00027322353 -0.100211464
v -0.0105642555 0.0004430777 -0.10084607
v -0.010564255 0.00027322353 -0.10084607
v -0.0105642555 0.00027322353 -0.10126796
v -0.010564255 0.00044307773 -0.10126796
v -0.010564255 0.00060768775 -0.100211464
v -0.010564255 0.00079587963 -0.100211464
v -0.010564255 0.0010364795 -0.10084607
v -0.010564255 0.00079587963 -0.10084607
v -0.010564255 0.00060768775 -0.10084607
v -0.010564255 0.00079587963 -0.10126796
v -0.010564255 0.0006076877 -0.10126796
v -0.010564255 0.0010364796 -0.10126796
v -0.009861911 0.0037483596 -0.10152328
v -0.008823233 0.0039010115 -0.1015214
v -0.009139782 0.0038975042 -0.10126796
v -0.0102081355 0.003743901 -0.10126796
v -0.008823233 0.0039010115 -0.1015214
v -0.0067508207 0.003996373 -0.101520166
v -0.0070030717 0.0039944137 -0.10126796
v -0.009139782 0.0038975042 -0.10126796
v -0.0033033981 0.004053777 -0.10152141
v -0.0034418884 0.00405256 -0.10126796
v 0.00083153136 0.0040729893 -0.10152266
v 0.00083153136 0.0040719425 -0.10126796
v -0.0034418884 0.0040356917 -0.10084607
v 0.0008315312 0.0040545114 -0.10084607
v -0.0070030717 0.003979232 -0.10084607
v -0.0070030717 0.0039944137 -0.10126796
v -0.009139782 0.0038975042 -0.10126796
v -0.009139782 0.003885134 -0.10084607
v 0.005104951 0.0040525603 -0.10126796
v 0.0049664606 0.004053777 -0.1015214
v 0.008666134 0.0039944146 -0.10126796
v 0.008413884 0.003996374 -0.101520166
v 0.0051049506 0.004035692 -0.10084607
v 0.0086661335 0.003979233 -0.10084607
v 0.010486294 0.0039010127 -0.10152141
v 0.010802844 0.0038975053 -0.10126796
v 0.0008315311 0.004028293 -0.100211464
v 0.0051049506 0.0040103192 -0.100211464
v 0.0008315309 0.0040033073 -0.09947673
v 0.0051049506 0.0039862227 -0.09947673
v 0.0051049506 0.0039731823 -0.09875448
v 0.0008315307 0.0039895754 -0.09875448
v -0.0034418886 0.0039731823 -0.09875448
v -0.0034418886 0.0039862217 -0.09947675
v -0.0034418893 0.003980979 -0.09815725
v 0.00083153055 0.0039971177 -0.098157264
v -0.0070030717 0.0039240024 -0.09875448
v -0.0070030717 0.003934967 -0.09947673
v -0.0070030717 0.0039325627 -0.098157264
v 0.0086661335 0.003924003 -0.09875448
v 0.0086661335 0.003934968 -0.09947673
v 0.010802845 0.003849543 -0.09947675
v 0.010802844 0.0038420376 -0.09875448
v 0.0086661335 0.003932563 -0.098157264
v 0.010802842 0.0038518698 -0.09815725
v 0.0086661335 0.0039563975 -0.100211464
v 0.010802845 0.0038665282 -0.100211464
v 0.010802845 0.003885135 -0.10084607
v 0.010802844 0.0038975053 -0.10126796
v 0.008666134 0.0039944146 -0.10126796
v 0.0051049506 0.003980979 -0.09815725
v -0.0102081355 0.003743901 -0.10126796
v -0.009139782 0.0038975042 -0.10126796
v -0.009139782 0.003885134 -0.10084607
v -0.0102081355 0.0037349043 -0.10084607
v -0.0102081355 0.003721372 -0.100211464
v -0.009139781 0.003866527 -0.100211464
v -0.0102081355 0.0037096806 -0.09947673
v -0.009139782 0.003849542 -0.09947673
v -0.009139782 0.0038420367 -0.09875448
v -0.0102081355 0.0037062054 -0.09875448
v -0.009139782 0.003851869 -0.09815725
v -0.0102081355 0.0037173238 -0.098157264
v -0.009861911 0.0037483596 -0.10152328
v -0.008823232 0.003748277 -0.10165815
v -0.007873584 0.0038930294 -0.101650655
v -0.008823233 0.0039010115 -0.1015214
v -0.008823232 0.003748277 -0.10165815
v -0.0067508207 0.0037476155 -0.10172037
v -0.00599407 0.003886783 -0.10170671
v -0.007873584 0.0038930294 -0.101650655
v -0.008823233 0.0039010115 -0.1015214
v -0.007873584 0.0038930294 -0.101650655
v -0.00599407 0.0039795423 -0.101645656
v -0.0067508207 0.003996373 -0.101520166
v -0.007873584 0.0038930294 -0.101650655
v -0.00599407 0.003886783 -0.10170671
v -0.0049718786 0.0039523006 -0.101688266
v -0.00599407 0.0039795423 -0.101645656
v -0.009861911 0.0037483596 -0.10152328
v -0.0102081355 0.0035190855 -0.10152392
v -0.009139781 0.0035209083 -0.10166065
v -0.008823232 0.003748277 -0.10165815
v -0.0102081355 0.0035190855 -0.10152392
v -0.0102081355 0.0031966018 -0.10152391
v -0.009139782 0.0031975126 -0.10166064
v -0.009139781 0.0035209083 -0.10166065
v -0.0102081355 0.002764317 -0.10152391
v -0.009139782 0.0027646818 -0.10166064
v -0.0102081355 0.002277197 -0.10152391
v -0.009139782 0.0022772886 -0.10166064
v -0.009139781 0.001790208 -0.10166065
v -0.0102081355 0.001790208 -0.10152392
v -0.009139782 0.0013583135 -0.10166064
v -0.0102081355 0.0013583137 -0.10152391
v -0.0102081355 0.0010364796 -0.10152391
v -0.009139782 0.0010364796 -0.10166064
v -0.0102081355 0.00079587963 -0.10152391
v -0.009139782 0.00079587963 -0.10166064
v -0.009139781 0.0006076878 -0.10166065
v -0.0102081355 0.00060768775 -0.10152392
v -0.009139782 0.00044307782 -0.10166065
v -0.0102081355 0.00044307773 -0.10152391
v -0.0102081355 0.00027322356 -0.10152391
v -0.009139782 0.00027322362 -0.10166064
v -0.008823232 0.003748277 -0.10165815
v -0.009139781 0.0035209083 -0.10166065
v -0.0070030717 0.0035217651 -0.101724915
v -0.0067508207 0.0037476155 -0.10172037
v -0.003303398 0.0037503333 -0.10175778
v -0.0070030717 0.0035217651 -0.101724915
v -0.0034418884 0.0035222792 -0.101763494
v 0.00083153136 0.0037525378 -0.10177028
v 0.00083153136 0.0035224508 -0.10177634
v -0.0034418884 0.0031981983 -0.1017635
v 0.00083153136 0.0031982842 -0.10177634
v -0.0070030717 0.0031979415 -0.10172493
v -0.009139781 0.0035209083 -0.10166065
v -0.009139782 0.0031975126 -0.10166064
v 0.005104951 0.0035222794 -0.1017635
v 0.0049664606 0.003750334 -0.10175778
v 0.005104951 0.003198199 -0.101763494
v 0.008666134 0.003521766 -0.10172493
v 0.008413884 0.0037476164 -0.10172037
v 0.008666134 0.0031979417 -0.10172493
v 0.010486295 0.0037482788 -0.10165815
v 0.010802845 0.0035209095 -0.10166064
v 0.010802845 0.0035209095 -0.10166064
v 0.010802845 0.003197514 -0.10166065
v 0.00083153136 0.0027649906 -0.10177634
v -0.0034418884 0.002764956 -0.1017635
v 0.00083153136 0.0022773664 -0.10177634
v -0.0034418884 0.0022773575 -0.101763494
v -0.0034418884 0.0017902082 -0.101763494
v 0.00083153136 0.0017902085 -0.10177634
v -0.0070030717 0.001790208 -0.101724915
v -0.0070030713 0.0022773317 -0.10172493
v -0.0034418884 0.001358314 -0.1017635
v 0.00083153136 0.0013583141 -0.10177634
v -0.0070030713 0.0013583138 -0.10172493
v -0.0070030717 0.0027648532 -0.10172493
v 0.005104951 0.0027649566 -0.101763494
v 0.005104951 0.002277358 -0.101763494
v 0.008666134 0.002764854 -0.101724915
v 0.0086661335 0.0022773324 -0.10172493
v 0.005104951 0.0013583144 -0.101763494
v 0.008666134 0.001790209 -0.10172493
v 0.005104951 0.0017902087 -0.1017635
v 0.0086661335 0.0013583144 -0.10172493
v -0.009139782 0.0027646818 -0.10166064
v -0.009139782 0.0022772886 -0.10166064
v -0.009139781 0.001790208 -0.10166065
v -0.009139782 0.0013583135 -0.10166064
v -0.009139782 0.0010364796 -0.10166064
v -0.0070030717 0.0010364796 -0.101724915
v -0.009139782 0.00079587963 -0.10166064
v -0.0070030717 0.0007958797 -0.10172493
v -0.0070030717 0.00060768786 -0.101724915
v -0.009139781 0.0006076878 -0.10166065
v -0.0070030717 0.00044307794 -0.10172493
v -0.009139782 0.00044307782 -0.10166065
v -0.009139782 0.00027322362 -0.10166064
v -0.0070030717 0.00027322373 -0.10172493
v -0.0034418884 0.0007958799 -0.101763494
v -0.0034418884 0.0006076881 -0.101763494
v 0.0008315312 0.00079588016 -0.10177634
v 0.0008315312 0.00060768833 -0.10177634
v -0.0034418884 0.0004430781 -0.101763494
v -0.0034418884 0.0002732239 -0.1017635
v 0.00083153136 0.00027322414 -0.10177634
v 0.00083153136 0.000112704045 -0.10177028
v -0.003303398 0.00011486364 -0.10175778
v 0.00083153136 0.00044307834 -0.10177634
v -0.0070030717 0.00027322373 -0.10172493
v -0.0067508207 0.00011702326 -0.10172038
v 0.005104951 0.00027322434 -0.101763494
v 0.0049664606 0.00011486406 -0.10175778
v 0.008666134 0.00027322455 -0.101724915
v 0.008413884 0.00011702405 -0.10172037
v 0.0051049506 0.00044307858 -0.1017635
v 0.008666134 0.00044307875 -0.10172493
v -0.008823233 0.00011486335 -0.10165815
v -0.009139782 0.00027322362 -0.10166064
v 0.010486294 0.00011486436 -0.10165815
v 0.010802844 0.00027322466 -0.10166065
v 0.0051049506 0.00060768856 -0.1017635
v 0.0051049506 0.0007958804 -0.101763494
v 0.005104951 0.0010364803 -0.101763494
v 0.00083153136 0.0010364801 -0.10177634
v -0.0034418884 0.0010364798 -0.1017635
v 0.0086661335 0.0010364805 -0.101724915
v 0.0086661335 0.00079588057 -0.10172493
v 0.010802845 0.0007958807 -0.10166064
v 0.0086661335 0.00060768874 -0.101724915
v 0.010802845 0.0006076888 -0.10166064
v 0.010802845 0.00044307887 -0.10166065
v 0.010802844 0.0010364805 -0.10166065
v 0.010802845 0.0013583145 -0.10166064
v 0.010802844 0.00027322466 -0.10166065
v 0.008666134 0.00027322455 -0.101724915
v 0.010802845 0.001790209 -0.10166064
v 0.010802845 0.0022772898 -0.10166064
v 0.010802844 0.0027646828 -0.10166065
v 0.00083153136 0.0037525378 -0.10177028
v 0.00083153124 0.0039035939 -0.10175207
v -0.0028879265 0.0038954967 -0.10174064
v -0.003303398 0.0037503333 -0.10175778
v -0.00599407 0.003886783 -0.10170671
v -0.0067508207 0.0037476155 -0.10172037
v 0.0045509893 0.0038954972 -0.10174064
v 0.0049664606 0.003750334 -0.10175778
v 0.0076571326 0.003886784 -0.10170671
v 0.008413884 0.0037476164 -0.10172037
v 0.00083153124 0.0039035939 -0.10175207
v 0.00083153136 0.0039959797 -0.10171582
v -0.0026109456 0.0039815307 -0.10170671
v -0.0028879265 0.0038954967 -0.10174064
v -0.0049718786 0.0039523006 -0.101688266
v -0.00599407 0.003886783 -0.10170671
v 0.004274009 0.0039815307 -0.10170671
v 0.0045509893 0.0038954972 -0.10174064
v 0.006634941 0.003952301 -0.101688266
v 0.0076571326 0.003886784 -0.10170671
v 0.00083153136 0.0040729893 -0.10152266
v 0.0008315314 0.0040500565 -0.101655655
v 0.0045509897 0.0040321955 -0.101650655
v 0.0049664606 0.004053777 -0.1015214
v -0.0028879265 0.0040321955 -0.101650655
v -0.0033033981 0.004053777 -0.10152141
v 0.0008315314 0.0040500565 -0.101655655
v 0.00083153136 0.0039959797 -0.10171582
v 0.004274009 0.0039815307 -0.10170671
v -0.0026109456 0.0039815307 -0.10170671
v 0.0008315314 0.0040500565 -0.101655655
v 0.004274009 0.0039815307 -0.10170671
v 0.0045509897 0.0040321955 -0.101650655
v -0.0028879265 0.0040321955 -0.101650655
v -0.0026109456 0.0039815307 -0.10170671
v 0.0049664606 0.004053777 -0.1015214
v 0.0045509897 0.0040321955 -0.101650655
v 0.0076571326 0.003979543 -0.101645656
v 0.008413884 0.003996374 -0.101520166
v 0.0045509897 0.0040321955 -0.101650655
v 0.004274009 0.0039815307 -0.10170671
v 0.006634941 0.003952301 -0.101688266
v 0.0076571326 0.003979543 -0.101645656
v -0.0033033981 0.004053777 -0.10152141
v -0.0067508207 0.003996373 -0.101520166
v -0.00599407 0.0039795423 -0.101645656
v -0.0028879265 0.0040321955 -0.101650655
v -0.0028879265 0.0040321955 -0.101650655
v -0.00599407 0.0039795423 -0.101645656
v -0.0049718786 0.0039523006 -0.101688266
v -0.0028879265 0.0040321955 -0.101650655
v -0.0049718786 0.0039523006 -0.101688266
v -0.0026109456 0.0039815307 -0.10170671
v 0.011871199 0.0007958807 -0.10152391
v 0.012227316 0.00079588074 -0.10126796
v 0.012227316 0.0010364807 -0.10126796
v 0.011871198 0.0010364807 -0.10152392
v 0.012227316 0.0013583145 -0.10126796
v 0.011871199 0.0013583145 -0.10152391
v 0.012227316 0.0006076889 -0.10126796
v 0.011871199 0.0006076889 -0.10152391
v 0.012227316 0.0004430789 -0.10126796
v 0.011871199 0.0004430789 -0.10152391
v 0.011871198 0.00027322472 -0.10152392
v 0.012227316 0.00027322472 -0.10126796
v 0.011871199 0.001790209 -0.10152391
v 0.012227316 0.001790209 -0.10126796
v 0.011871199 0.0022771987 -0.10152391
v 0.012227316 0.0022770278 -0.10126796
v 0.012227316 0.0027636357 -0.10126796
v 0.011871198 0.002764318 -0.10152392
v 0.012227316 0.0031948974 -0.10126796
v 0.011871199 0.003196603 -0.10152391
v 0.011871199 0.003519087 -0.10152391
v 0.012227316 0.0035156761 -0.10126796
v 0.012227316 0.00079588074 -0.10126796
v 0.012227316 0.0007958807 -0.10084607
v 0.012227316 0.0010364807 -0.10084607
v 0.012227316 0.0010364807 -0.10126796
v 0.012227316 0.0013583148 -0.10084607
v 0.012227316 0.0013583145 -0.10126796
v 0.012227316 0.0006076889 -0.10084607
v 0.012227316 0.0006076889 -0.10126796
v 0.012227316 0.0004430789 -0.10084607
v 0.012227316 0.0004430789 -0.10126796
v 0.012227316 0.00027322472 -0.10126796
v 0.012227316 0.00027322472 -0.10084607
v 0.012227316 0.00027322472 -0.100211464
v 0.012227316 0.0004430789 -0.100211464
v 0.012227316 0.0002724605 -0.09947675
v 0.012227316 0.00044269685 -0.09947673
v 0.012227316 0.00044155045 -0.09875448
v 0.012227316 0.00027016777 -0.09875448
v 0.012227316 0.00043925768 -0.098157264
v 0.012227315 0.0002655823 -0.098157264
v 0.012227316 0.00060753606 -0.09947673
v 0.012227316 0.00060707744 -0.09875448
v 0.012227316 0.0007958827 -0.09947673
v 0.012227316 0.0007958886 -0.09875448
v 0.012227316 0.0010371235 -0.09875448
v 0.012227316 0.0010366413 -0.09947675
v 0.012227316 0.0010380879 -0.09815725
v 0.012227316 0.0007959004 -0.098157264
v 0.012227315 0.0007959201 -0.09779768
v 0.012227316 0.00060616044 -0.09815725
v 0.012227315 0.00060463196 -0.09779768
v 0.012227315 0.0007959517 -0.097615704
v 0.012227315 0.0006021863 -0.097615704
v 0.012227315 0.00059851795 -0.097551376
v 0.012227315 0.0007959989 -0.097551376
v 0.012227315 0.0010461244 -0.097551376
v 0.012227316 0.0010422668 -0.0976157
v 0.012227315 0.0010515891 -0.09754467
v 0.012227315 0.0007960659 -0.09754467
v 0.012227315 0.0013824239 -0.097551376
v 0.012227315 0.0013727802 -0.0976157
v 0.012227315 0.0013960857 -0.09754467
v 0.012227315 0.0004201516 -0.097551376
v 0.012227315 0.00042932256 -0.0976157
v 0.012227315 0.0005933211 -0.09754467
v 0.012227315 0.0004071595 -0.09754467
v 0.012227315 0.00043543646 -0.09779767
v 0.012227316 0.0010396952 -0.09779766
v 0.012227315 0.001366351 -0.09779768
v 0.012227315 0.0013623328 -0.098157264
v 0.012227315 0.001359922 -0.09875448
v 0.012227316 0.0013587164 -0.09947673
v 0.012227316 0.0013583145 -0.100211464
v 0.012227316 0.0010364807 -0.100211464
v 0.012227316 0.00079588074 -0.100211464
v 0.012227316 0.0006076889 -0.100211464
v 0.012227315 0.0017910127 -0.09947673
v 0.012227315 0.0017934236 -0.09875448
v 0.012227316 0.0022771652 -0.09947673
v 0.012227316 0.0022806765 -0.09875448
v 0.012227316 0.00276473 -0.09875448
v 0.012227316 0.0027608098 -0.09947675
v 0.012227315 0.0027748293 -0.098157264
v 0.012227315 0.0022882647 -0.098157264
v 0.012227316 0.0031886324 -0.09875448
v 0.012227316 0.0031855819 -0.09947673
v 0.012227316 0.0034951167 -0.09947673
v 0.012227316 0.0034954315 -0.09875448
v 0.012227316 0.0032003792 -0.098157264
v 0.012227316 0.0035073527 -0.09815725
v 0.012227315 0.0035356947 -0.09779768
v 0.012227315 0.0032241936 -0.09779767
v 0.012227315 0.0035862841 -0.097615704
v 0.012227315 0.0032649185 -0.0976157
v 0.012227315 0.0033273958 -0.097551376
v 0.012227315 0.0036649494 -0.097551376
v 0.012227315 0.0034164684 -0.09754467
v 0.012227315 0.0037775168 -0.09754467
v 0.012227316 0.0031878569 -0.100211464
v 0.012227316 0.0035015955 -0.100211464
v 0.012227316 0.0031920855 -0.10084607
v 0.012227316 0.003510053 -0.10084607
v 0.012227316 0.0035156761 -0.10126796
v 0.012227316 0.0031948974 -0.10126796
v 0.012227316 0.0027608194 -0.100211464
v 0.012227316 0.002276324 -0.100211464
v 0.012227316 0.001790209 -0.100211464
v 0.012227316 0.001790209 -0.10084607
v 0.012227316 0.002276747 -0.10084607
v 0.012227316 0.0027625114 -0.10084607
v 0.012227316 0.0022770278 -0.10126796
v 0.012227316 0.0027636357 -0.10126796
v 0.012227316 0.001790209 -0.10126796
v 0.011871199 0.0007958807 -0.10152391
v 0.010802845 0.0007958807 -0.10166064
v 0.010802845 0.0006076888 -0.10166064
v 0.011871199 0.0006076889 -0.10152391
v 0.010802845 0.00044307887 -0.10166065
v 0.011871199 0.0004430789 -0.10152391
v 0.010802844 0.0010364805 -0.10166065
v 0.011871198 0.0010364807 -0.10152392
v 0.010802845 0.0013583145 -0.10166064
v 0.011871199 0.0013583145 -0.10152391
v 0.011871198 0.00027322472 -0.10152392
v 0.010802844 0.00027322466 -0.10166065
v 0.011871199 0.001790209 -0.10152391
v 0.010802845 0.001790209 -0.10166064
v 0.011871199 0.0022771987 -0.10152391
v 0.010802845 0.0022772898 -0.10166064
v 0.010802844 0.0027646828 -0.10166065
v 0.011871198 0.002764318 -0.10152392
v 0.010802845 0.003197514 -0.10166065
v 0.011871199 0.003196603 -0.10152391
v 0.011871199 0.003519087 -0.10152391
v 0.010802845 0.0035209095 -0.10166064
v 0.00083153136 0.000112704045 -0.10177028
v 0.0008315315 -2.390347E-05 -0.10175207
v 0.0045509897 -1.526408E-05 -0.10174064
v 0.0049664606 0.00011486406 -0.10175778
v 0.0076571326 -6.624721E-06 -0.10170671
v 0.008413884 0.00011702405 -0.10172037
v -0.0028879263 -1.5264473E-05 -0.10174064
v -0.003303398 0.00011486364 -0.10175778
v -0.0059940694 -6.6254356E-06 -0.10170671
v -0.0067508207 0.00011702326 -0.10172038
v 0.0008315315 -2.390347E-05 -0.10175207
v 0.00083153136 -0.00012788236 -0.10171582
v 0.004274009 -0.0001121465 -0.10170671
v 0.0045509897 -1.526408E-05 -0.10174064
v 0.006634941 -8.026364E-05 -0.101688266
v 0.0076571326 -6.624721E-06 -0.10170671
v -0.0026109456 -0.00011214685 -0.10170671
v -0.0028879263 -1.5264473E-05 -0.10174064
v -0.0049718786 -8.0264246E-05 -0.101688266
v -0.0059940694 -6.6254356E-06 -0.10170671
v 0.00083153136 -0.00022198788 -0.10152266
v 0.00083153136 -0.00023247834 -0.10126796
v 0.005104951 -0.00021026304 -0.10126796
v 0.0049664606 -0.00020038965 -0.10152141
v 0.005104951 -0.00021026304 -0.10084607
v 0.0008315312 -0.00023247834 -0.10084607
v 0.008666134 -0.00014361762 -0.10126796
v 0.008413884 -0.00013574981 -0.101520166
v 0.0086661335 -0.00014361764 -0.10084607
v 0.008666134 -0.00014361762 -0.10126796
v -0.0034418884 -0.00021026346 -0.10126796
v -0.003303398 -0.0002003901 -0.10152141
v -0.0070030717 -0.00014361842 -0.10126797
v -0.0067508207 -0.00013575058 -0.101520166
v -0.0034418884 -0.00021026346 -0.10084607
v -0.0070030713 -0.00014361842 -0.10084607
v -0.0070030717 -0.00014361842 -0.10126797
v -0.008823232 -2.8223561E-05 -0.10152141
v -0.009139781 -3.254318E-05 -0.10126797
v -0.009139781 -3.254318E-05 -0.10126797
v -0.009139782 -3.2543183E-05 -0.10084607
v 0.010486295 -2.822256E-05 -0.1015214
v 0.010802845 -3.2542142E-05 -0.10126796
v 0.010802845 -3.2542142E-05 -0.10126796
v 0.010802845 -3.2542146E-05 -0.10084607
v -0.009139782 -3.2543183E-05 -0.100211464
v -0.0070030717 -0.00014361842 -0.100211464
v -0.009139782 -3.422452E-05 -0.09947675
v -0.0070030717 -0.0001456819 -0.09947673
v -0.0070030717 -0.00015187227 -0.09875448
v -0.009139782 -3.9268525E-05 -0.09875448
v -0.0070030717 -0.00016425303 -0.098157264
v -0.009139782 -4.935654E-05 -0.09815725
v -0.009139782 -6.61699E-05 -0.09779766
v -0.0070030717 -0.00018488758 -0.09779768
v -0.0034418893 -0.0002561181 -0.09779768
v -0.0034418888 -0.0002331908 -0.09815725
v 0.0008315304 -0.00027986144 -0.09779768
v 0.0008315306 -0.00025616988 -0.098157264
v 0.0051049506 -0.00023319035 -0.09815725
v 0.00510495 -0.00025611764 -0.09779766
v 0.0086661335 -0.0001642522 -0.098157264
v 0.0086661335 -0.00018488678 -0.09779767
v 0.0008315307 -0.00024195497 -0.09875448
v 0.0051049506 -0.00021943398 -0.09875448
v 0.0008315309 -0.0002348475 -0.09947673
v 0.0051049506 -0.00021255578 -0.09947675
v 0.0086661335 -0.00015187144 -0.09875448
v 0.0086661335 -0.00014568109 -0.09947673
v 0.010802844 -3.4223478E-05 -0.09947673
v 0.010802844 -3.9267485E-05 -0.09875448
v 0.0086661335 -0.0001642522 -0.098157264
v 0.010802842 -4.9355498E-05 -0.098157264
v 0.0086661335 -0.00014361762 -0.100211464
v 0.010802844 -3.2542146E-05 -0.100211464
v -0.0034418888 -0.0002194344 -0.09875448
v -0.0034418886 -0.00021255622 -0.09947673
v -0.0034418886 -0.00021026348 -0.100211464
v 0.0008315312 -0.00023247831 -0.100211464
v 0.005104951 -0.00021026304 -0.100211464
v 0.00083153136 -0.00022198788 -0.10152266
v 0.00083153136 -0.00019051653 -0.101655655
v -0.0028879263 -0.00017076998 -0.101650655
v -0.003303398 -0.0002003901 -0.10152141
v 0.0045509893 -0.00017076959 -0.101650655
v 0.0049664606 -0.00020038965 -0.10152141
v 0.00083153136 -0.00019051653 -0.101655655
v 0.00083153136 -0.00012788236 -0.10171582
v -0.0026109456 -0.00011214685 -0.10170671
v -0.0028879263 -0.00017076998 -0.101650655
v 0.004274009 -0.0001121465 -0.10170671
v 0.0045509893 -0.00017076959 -0.101650655
v -0.003303398 -0.0002003901 -0.10152141
v -0.0028879263 -0.00017076998 -0.101650655
v -0.0059940694 -0.000112147034 -0.101645656
v -0.0067508207 -0.00013575058 -0.101520166
v -0.0028879263 -0.00017076998 -0.101650655
v -0.0026109456 -0.00011214685 -0.10170671
v -0.0049718786 -8.0264246E-05 -0.101688266
v -0.0059940694 -0.000112147034 -0.101645656
v 0.0049664606 -0.00020038965 -0.10152141
v 0.008413884 -0.00013574981 -0.101520166
v 0.0076571326 -0.00011214632 -0.101645656
v 0.0045509893 -0.00017076959 -0.101650655
v 0.0045509893 -0.00017076959 -0.101650655
v 0.0076571326 -0.00011214632 -0.101645656
v 0.006634941 -8.026364E-05 -0.101688266
v 0.004274009 -0.0001121465 -0.10170671
v 0.011569487 -0.00011905184 -0.097524814
v 0.012049256 0.00013067535 -0.09752227
v 0.012227315 0.00016623063 -0.09753561
v 0.011871198 -6.064572E-05 -0.09753561
v 0.011515079 0.00010349086 -0.09750278
v 0.012227316 0.00037189666 -0.09749622
v 0.012049256 0.00013067535 -0.09752227
v 0.012227315 0.0003752254 -0.097520635
v 0.012227315 0.00038958187 -0.09753561
v 0.012049256 0.00013067535 -0.09752227
v 0.012227315 0.00038958187 -0.09753561
v 0.012227315 0.00016623063 -0.09753561
v 0.011871198 -6.064572E-05 -0.09753561
v 0.012227315 0.00016623063 -0.09753561
v 0.012227315 0.00020138583 -0.09754468
v 0.011871198 -4.3973937E-06 -0.09754467
v 0.011871197 3.717746E-05 -0.097551376
v 0.012227315 0.00022737011 -0.097551376
v 0.012227315 0.00016623063 -0.09753561
v 0.012227315 0.00038958187 -0.09753561
v 0.012227315 0.00020138583 -0.09754468
v 0.012227315 0.0005862901 -0.09753561
v 0.012227315 0.0007961565 -0.09753561
v 0.012227315 0.0010589826 -0.09753561
v 0.012227315 0.0014145696 -0.09753561
v 0.012227315 0.0019027188 -0.09753561
v 0.012227315 0.0018657512 -0.09754467
v 0.012227315 0.0018384274 -0.097551376
v 0.012227315 0.0023544084 -0.097551376
v 0.012227315 0.0023225085 -0.097615704
v 0.012227315 0.00287064 -0.097551376
v 0.012227315 0.002824047 -0.0976157
v 0.012227315 0.0029368715 -0.09754467
v 0.012227315 0.0023996565 -0.09754467
v 0.012227315 0.0018191399 -0.097615704
v 0.012227315 0.0018062817 -0.09779768
v 0.012227315 0.0023013344 -0.09779768
v 0.012227315 0.0017982452 -0.09815727
v 0.012227315 0.0027933558 -0.09779766
v 0.011569487 -0.00011905184 -0.097524814
v 0.010664352 -0.00016710004 -0.09751293
v 0.011515079 0.00010349086 -0.09750278
v 0.012049256 0.00013067535 -0.09752227
v 0.009734488 7.48651E-05 -0.09748145
v 0.008680971 -0.00020810112 -0.09750193
v 0.009536644 -0.00038644846 -0.097517125
v 0.010486294 -0.00034127373 -0.097525865
v 0.0076571307 -0.00042400367 -0.09751025
v 0.006634939 -0.00054184423 -0.09751251
v 0.0076571307 -0.0005527583 -0.09751774
v 0.0051445183 -0.00024536595 -0.097493805
v 0.0058171866 3.4986013E-05 -0.09746262
v 0.0008315304 -0.00026306437 -0.09749048
v 0.0008315304 1.2233003E-05 -0.09745382
v -0.004154126 3.498548E-05 -0.09746262
v -0.003481458 -0.0002453664 -0.09749382
v -0.008071427 7.4864154E-05 -0.09748144
v -0.0070179105 -0.00020810196 -0.09750193
v 0.0051445183 -0.00024536595 -0.097493805
v 0.004550988 -0.0004744896 -0.09750608
v 0.0008315304 -0.00026306437 -0.09749048
v 0.0008315303 -0.00050296535 -0.09750468
v -0.0028879275 -0.00047449 -0.09750608
v -0.003481458 -0.0002453664 -0.09749382
v -0.0026109465 -0.00062368065 -0.09751025
v 0.0008315304 -0.0006648909 -0.09750912
v -0.00599407 -0.00042400436 -0.09751025
v -0.0070179105 -0.00020810196 -0.09750193
v -0.004971879 -0.0005418448 -0.09751251
v 0.0042740074 -0.0006236803 -0.09751025
v -0.009001291 -0.00016710105 -0.09751292
v -0.009852018 0.000103489714 -0.097502775
v -0.009906426 -0.00011905297 -0.097524814
v -0.010386196 0.00013067416 -0.09752227
v -0.007873584 -0.0003864494 -0.097517125
v -0.008823233 -0.00034127472 -0.097525865
v -0.00599407 -0.000552759 -0.09751774
v 0.012049256 0.00013067535 -0.09752227
v 0.012227316 0.00037189666 -0.09749622
v 0.012227315 0.0003752254 -0.097520635
v 0.011515079 0.00010349086 -0.09750278
v 0.009734488 7.48651E-05 -0.09748145
v 0.012227318 0.00039642357 -0.09743569
v 0.011515079 0.00010349086 -0.09750278
v 0.012227318 0.00039642357 -0.09743569
v 0.012227316 0.00037189666 -0.09749622
v 0.010486294 -0.00034127373 -0.097525865
v 0.008413883 -0.00051621575 -0.097526014
v 0.0076571307 -0.0005527583 -0.09751774
v 0.009536644 -0.00038644846 -0.097517125
v 0.011569487 -0.00011905184 -0.097524814
v 0.011871198 -6.064572E-05 -0.09753561
v 0.010802844 -0.00026792916 -0.09753561
v 0.010486294 -0.00034127373 -0.097525865
v 0.011871198 -6.064572E-05 -0.09753561
v 0.011871198 -4.3973937E-06 -0.09754467
v 0.010802842 -0.00019058771 -0.09754468
v 0.010802844 -0.00026792916 -0.09753561
v 0.0086661335 -0.00033758266 -0.09754467
v 0.0086661335 -0.0004325017 -0.09753561
v 0.005104949 -0.0005312454 -0.09753561
v 0.0049664592 -0.00062410336 -0.097525865
v 0.0008315304 -0.00066128356 -0.09752571
v 0.0008315303 -0.00056416006 -0.09753561
v -0.0034418893 -0.0005312458 -0.09753561
v -0.0033033986 -0.00062410376 -0.097525865
v -0.0034418893 -0.0004257802 -0.09754467
v 0.0008315304 -0.0004551789 -0.09754467
v 0.0008315304 -0.00037462762 -0.097551376
v 0.00510495 -0.00042577973 -0.09754467
v 0.00510495 -0.00034782683 -0.097551376
v 0.0086661335 -0.0002674251 -0.097551376
v -0.0034418893 -0.00034782733 -0.097551376
v -0.0070030717 -0.00033758348 -0.09754467
v -0.0070030717 -0.0002674259 -0.097551376
v -0.009139782 -0.00013342335 -0.097551376
v -0.009139782 -0.00019058879 -0.09754467
v -0.010208136 3.717629E-05 -0.097551376
v -0.010208136 -4.398563E-06 -0.09754467
v -0.0070030717 -0.00043250254 -0.09753561
v -0.006750822 -0.00051621656 -0.097526014
v -0.010208136 -6.0646897E-05 -0.09753561
v -0.009139782 -0.00026793024 -0.09753561
v -0.009139782 -0.00026793024 -0.09753561
v -0.008823233 -0.00034127472 -0.097525865
v -0.0070030717 -0.00043250254 -0.09753561
v -0.006750822 -0.00051621656 -0.097526014
v 0.010802842 -0.00013342229 -0.097551376
v 0.011871197 3.717746E-05 -0.097551376
v 0.010486294 -0.00034127373 -0.097525865
v 0.0086661335 -0.0004325017 -0.09753561
v 0.008413883 -0.00051621575 -0.097526014
v -0.009861911 0.00011162359 -0.10152328
v -0.0102081355 0.00027322356 -0.10152391
v -0.0105642555 0.00027322353 -0.10126796
v -0.0102081355 0.00011054368 -0.10126797
v -0.0102081355 0.00011054368 -0.10126797
v -0.0105642555 0.00027322353 -0.10126796
v -0.010564255 0.00027322353 -0.10084607
v -0.010208136 0.00011054368 -0.10084607
v -0.010208136 0.00011054368 -0.100211464
v -0.010564255 0.00027322353 -0.100211464
v -0.010208136 0.000109320885 -0.09947673
v -0.0105642555 0.0002724593 -0.09947673
v -0.0105642555 0.00027016655 -0.09875448
v -0.010208136 0.00010565252 -0.09875448
v -0.0105642555 0.0002655811 -0.09815725
v -0.010208136 9.831578E-05 -0.09815725
v -0.010208136 8.6087886E-05 -0.09779767
v -0.0105642555 0.00025793866 -0.09779767
v -0.009861911 0.00011162359 -0.10152328
v -0.008823233 0.00011486335 -0.10165815
v -0.009139782 0.00027322362 -0.10166064
v -0.0102081355 0.00027322356 -0.10152391
v -0.009861911 0.00011162359 -0.10152328
v -0.008823232 -2.8223561E-05 -0.10152141
v -0.007873584 -1.5264723E-05 -0.101650655
v -0.008823233 0.00011486335 -0.10165815
v -0.008823232 -2.8223561E-05 -0.10152141
v -0.0067508207 -0.00013575058 -0.101520166
v -0.0059940694 -0.000112147034 -0.101645656
v -0.007873584 -1.5264723E-05 -0.101650655
v -0.008823233 0.00011486335 -0.10165815
v -0.007873584 -1.5264723E-05 -0.101650655
v -0.0059940694 -6.6254356E-06 -0.10170671
v -0.0067508207 0.00011702326 -0.10172038
v -0.007873584 -1.5264723E-05 -0.101650655
v -0.0059940694 -0.000112147034 -0.101645656
v -0.0049718786 -8.0264246E-05 -0.101688266
v -0.0059940694 -6.6254356E-06 -0.10170671
v -0.009861911 0.00011162359 -0.10152328
v -0.0102081355 0.00011054368 -0.10126797
v -0.009139781 -3.254318E-05 -0.10126797
v -0.008823232 -2.8223561E-05 -0.10152141
v -0.0102081355 0.00011054368 -0.10126797
v -0.010208136 0.00011054368 -0.10084607
v -0.009139782 -3.2543183E-05 -0.10084607
v -0.009139781 -3.254318E-05 -0.10126797
v -0.010208136 0.00011054368 -0.100211464
v -0.009139782 -3.2543183E-05 -0.100211464
v -0.010208136 0.000109320885 -0.09947673
v -0.009139782 -3.422452E-05 -0.09947675
v -0.009139782 -3.9268525E-05 -0.09875448
v -0.010208136 0.00010565252 -0.09875448
v -0.009139782 -4.935654E-05 -0.09815725
v -0.010208136 9.831578E-05 -0.09815725
v -0.010208136 8.6087886E-05 -0.09779767
v -0.009139782 -6.61699E-05 -0.09779766
v 0.0008315304 1.2233003E-05 -0.09745382
v 0.00083153043 0.0002508498 -0.09737458
v 0.006351365 0.0002788652 -0.097386785
v 0.0058171866 3.4986013E-05 -0.09746262
v 0.012227318 0.00039642357 -0.09743569
v 0.009734488 7.48651E-05 -0.09748145
v -0.0046883035 0.00027886464 -0.097386785
v -0.004154126 3.498548E-05 -0.09746262
v -0.0105642555 0.0003964223 -0.09743569
v -0.008071427 7.4864154E-05 -0.09748144
v 0.0115249725 0.0037483608 -0.10152328
v 0.011871198 0.0037439023 -0.10126796
v 0.010802844 0.0038975053 -0.10126796
v 0.010486294 0.0039010127 -0.10152141
v 0.011871198 0.0037439023 -0.10126796
v 0.011871199 0.0037349057 -0.10084607
v 0.010802845 0.003885135 -0.10084607
v 0.010802844 0.0038975053 -0.10126796
v 0.011871199 0.0037213736 -0.100211464
v 0.010802845 0.0038665282 -0.100211464
v 0.011871199 0.0037096818 -0.09947673
v 0.010802845 0.003849543 -0.09947675
v 0.010802844 0.0038420376 -0.09875448
v 0.011871198 0.0037062068 -0.09875448
v 0.010802842 0.0038518698 -0.09815725
v 0.011871198 0.0037173247 -0.098157264
v 0.0115249725 0.0037483608 -0.10152328
v 0.011871199 0.003519087 -0.10152391
v 0.012227316 0.0035156761 -0.10126796
v 0.011871198 0.0037439023 -0.10126796
v 0.011871198 0.0037439023 -0.10126796
v 0.012227316 0.0035156761 -0.10126796
v 0.012227316 0.003510053 -0.10084607
v 0.011871199 0.0037349057 -0.10084607
v 0.011871199 0.0037213736 -0.100211464
v 0.012227316 0.0035015955 -0.100211464
v 0.011871199 0.0037096818 -0.09947673
v 0.012227316 0.0034951167 -0.09947673
v 0.012227316 0.0034954315 -0.09875448
v 0.011871198 0.0037062068 -0.09875448
v 0.012227316 0.0035073527 -0.09815725
v 0.011871198 0.0037173247 -0.098157264
v 0.0115249725 0.0037483608 -0.10152328
v 0.010486295 0.0037482788 -0.10165815
v 0.010802845 0.0035209095 -0.10166064
v 0.011871199 0.003519087 -0.10152391
v 0.0115249725 0.0037483608 -0.10152328
v 0.010486294 0.0039010127 -0.10152141
v 0.009536646 0.0038930308 -0.101650655
v 0.010486295 0.0037482788 -0.10165815
v 0.010486294 0.0039010127 -0.10152141
v 0.008413884 0.003996374 -0.101520166
v 0.0076571326 0.003979543 -0.101645656
v 0.009536646 0.0038930308 -0.101650655
v 0.010486295 0.0037482788 -0.10165815
v 0.009536646 0.0038930308 -0.101650655
v 0.0076571326 0.003886784 -0.10170671
v 0.008413884 0.0037476164 -0.10172037
v 0.009536646 0.0038930308 -0.101650655
v 0.0076571326 0.003979543 -0.101645656
v 0.006634941 0.003952301 -0.101688266
v 0.0076571326 0.003886784 -0.10170671
v 0.011524964 0.0026739242 0.0010354533
v 0.01187119 0.0026788018 0.0008293564
v 0.012227307 0.0020473746 0.0008293564
v 0.01187119 0.0020473744 0.0010370061
v 0.01187119 0.0026788018 0.0008293564
v 0.011871191 0.0026788018 0.00063767924
v 0.012227307 0.0020473744 0.0006376793
v 0.012227307 0.0020473746 0.0008293564
v 0.01187119 0.0026788018 0.00048859674
v 0.012227307 0.0020473744 0.00048859674
v 0.01187119 0.0020473744 0.0010370061
v 0.012227307 0.0020473746 0.0008293564
v 0.012227307 0.0014868972 0.0008293564
v 0.011871191 0.0014868972 0.0010370061
v 0.01187119 0.0010879136 0.0010370061
v 0.012227307 0.0010879136 0.0008293564
v 0.011871191 0.0007142119 0.0010370061
v 0.012227307 0.0007142119 0.0008293564
v 0.012227307 0.0002295805 0.0008293564
v 0.01187119 0.00022958049 0.0010370061
v 0.012227307 -0.000502192 0.0008293564
v 0.011871191 -0.000502192 0.0010370061
v 0.01187119 -0.0016173172 0.0010370061
v 0.012227307 -0.0016173172 0.0008293564
v 0.012227307 0.0020473746 0.0008293564
v 0.012227307 0.0020473744 0.0006376793
v 0.012227307 0.0014868972 0.00063767924
v 0.012227307 0.0014868972 0.0008293564
v 0.012227307 0.0010879136 0.0008293564
v 0.012227307 0.0010879136 0.0006376793
v 0.012227307 0.0007142119 0.0008293564
v 0.012227307 0.0007142119 0.0006376793
v 0.012227307 0.00022958049 0.0006376793
v 0.012227307 0.0002295805 0.0008293564
v 0.012227307 -0.000502192 0.00063767924
v 0.012227307 -0.000502192 0.0008293564
v 0.012227307 -0.0016173172 0.0008293564
v 0.012227307 -0.0016173172 0.0006376793
v 0.012227307 0.0007142119 0.00048859674
v 0.012227307 0.0010879138 0.00048859674
v 0.012227307 0.0014868972 0.00048859674
v 0.012227307 0.00022958049 0.00048859674
v 0.012227307 -0.000502192 0.00048859674
v 0.012227307 -0.001617317 0.00048859674
v 0.012227307 0.0020473744 0.00048859674
v 0.011524964 0.0026739242 0.0010354533
v 0.010486285 0.0032711257 0.0010307945
v 0.010802835 0.0032906358 0.0008293562
v 0.01187119 0.0026788018 0.0008293564
v 0.010486285 0.0032711257 0.0010307945
v 0.008413875 0.0037567972 0.0010276884
v 0.008666125 0.003792334 0.0008293561
v 0.010802835 0.0032906358 0.0008293562
v 0.01187119 0.0026788018 0.0008293564
v 0.010802835 0.0032906358 0.0008293562
v 0.010802835 0.0032906358 0.00063767907
v 0.011871191 0.0026788018 0.00063767924
v 0.01187119 0.0026788018 0.00048859674
v 0.010802835 0.0032906362 0.0004885966
v 0.010802835 0.0032906358 0.0008293562
v 0.008666125 0.003792334 0.0008293561
v 0.008666124 0.003792334 0.00063767884
v 0.010802835 0.0032906358 0.00063767907
v 0.010802835 0.0032906362 0.0004885966
v 0.008666125 0.003792334 0.00048859644
v 0.011524964 0.0026739242 0.0010354533
v 0.010486285 0.0026592913 0.0012277956
v 0.009536637 0.003212594 0.0012091603
v 0.010486285 0.0032711257 0.0010307945
v 0.010486285 0.0026592913 0.0012277956
v 0.008413875 0.002649536 0.0013824236
v 0.0076571237 0.0031735732 0.0013484808
v 0.009536637 0.003212594 0.0012091603
v 0.010486285 0.0032711257 0.0010307945
v 0.009536637 0.003212594 0.0012091603
v 0.0076571237 0.0036501866 0.0011967367
v 0.008413875 0.0037567972 0.0010276884
v 0.009536637 0.003212594 0.0012091603
v 0.0076571237 0.0031735732 0.0013484808
v 0.006634932 0.0035061806 0.0013026323
v 0.0076571237 0.0036501866 0.0011967367
v 0.011524964 0.0026739242 0.0010354533
v 0.01187119 0.0020473744 0.0010370061
v 0.010802835 0.0020473744 0.0012340073
v 0.010486285 0.0026592913 0.0012277956
v 0.01187119 0.0020473744 0.0010370061
v 0.011871191 0.0014868972 0.0010370061
v 0.010802835 0.0014868971 0.0012340073
v 0.010802835 0.0020473744 0.0012340073
v 0.01187119 0.0010879136 0.0010370061
v 0.010802835 0.0010879135 0.0012340073
v 0.011871191 0.0007142119 0.0010370061
v 0.010802835 0.00071421184 0.0012340073
v 0.010802835 0.00022958043 0.0012340073
v 0.01187119 0.00022958049 0.0010370061
v 0.010802835 -0.00050219207 0.0012340073
v 0.011871191 -0.000502192 0.0010370061
v 0.01187119 -0.0016173172 0.0010370061
v 0.010802835 -0.0016173172 0.0012340074
v 0.010486285 0.0026592913 0.0012277956
v 0.010802835 0.0020473744 0.0012340073
v 0.008666125 0.0020473744 0.0013937377
v 0.008413875 0.002649536 0.0013824236
v 0.010802835 0.0020473744 0.0012340073
v 0.010802835 0.0014868971 0.0012340073
v 0.008666124 0.0014868971 0.0013937377
v 0.008666125 0.0020473744 0.0013937377
v 0.010802835 0.0010879135 0.0012340073
v 0.008666125 0.0010879135 0.0013937377
v 0.0051049422 0.0010879133 0.0014895757
v 0.0051049422 0.0007142116 0.0014895756
v 0.00083152245 0.0007142114 0.0015215216
v 0.0051049422 0.00022958021 0.0014895756
v 0.0008315226 0.00022957996 0.0015215215
v 0.008666125 0.00022958036 0.0013937377
v 0.008666124 0.0007142117 0.0013937377
v 0.0051049422 -0.0005021923 0.0014895756
v 0.00083152245 -0.00050219253 0.0015215216
v 0.00083152245 -0.0016173176 0.0015215216
v 0.0051049422 -0.0016173174 0.0014895757
v 0.00083152245 -0.0028937825 0.001506436
v 0.004966452 -0.0028732424 0.0014753776
v 0.008666125 -0.0016173173 0.0013937377
v 0.008413875 -0.002852702 0.0013824236
v 0.008666125 -0.0005021922 0.0013937377
v -0.0034418972 -0.0016173178 0.0014895751
v -0.0033034065 -0.0028732428 0.001475377
v -0.0070030796 -0.001617318 0.0013937365
v -0.006750829 -0.002852703 0.0013824223
v -0.003441897 -0.00050219276 0.0014895751
v -0.00700308 -0.00050219294 0.0013937366
v -0.0028879354 -0.0040274146 0.001432782
v 0.00083152245 -0.0041095745 0.0014611789
v -0.0059940782 -0.0039452543 0.0013484795
v -0.0028879354 -0.0040274146 0.001432782
v 0.0045509804 -0.004027414 0.0014327826
v 0.0076571237 -0.003945254 0.0013484808
v -0.003441897 0.00022957975 0.0014895751
v -0.003441897 0.00071421114 0.0014895751
v -0.0034418972 0.0010879129 0.001489575
v 0.00083152245 0.001087913 0.0015215216
v 0.0051049422 0.001486897 0.0014895757
v 0.00083152245 0.0014868967 0.0015215216
v 0.0008315226 0.002047374 0.0015215215
v 0.0051049422 0.0020473741 0.0014895756
v 0.00083152245 0.002669046 0.0015064358
v 0.004966452 0.0026592906 0.0014753775
v 0.008666125 0.0020473744 0.0013937377
v 0.008413875 0.002649536 0.0013824236
v -0.003441897 0.0020473737 0.0014895751
v -0.0033034065 0.0026592903 0.0014753769
v -0.003441897 0.0014868967 0.001489575
v -0.0070030796 0.0020473734 0.0013937365
v -0.006750829 0.0026495352 0.0013824222
v -0.0070030796 0.0014868964 0.0013937362
v -0.00700308 0.0010879127 0.0013937365
v -0.009139789 0.0010879126 0.0012340057
v -0.009139789 0.0007142108 0.0012340057
v -0.0070030796 0.000714211 0.0013937362
v -0.0070030796 0.00022957956 0.0013937365
v -0.009139789 0.00022957943 0.0012340057
v -0.009139789 -0.0005021931 0.0012340057
v -0.009139789 0.0014868962 0.0012340057
v -0.009139789 0.0020473734 0.0012340057
v -0.0070030796 0.0020473734 0.0013937365
v -0.009139789 -0.0016173183 0.0012340057
v -0.0070030796 -0.001617318 0.0013937365
v -0.00882324 -0.0028732428 0.001227794
v -0.006750829 -0.002852703 0.0013824223
v 0.035018884 0.0025396198 -0.024339557
v 0.035018884 0.0018057553 -0.024339557
v 0.035018884 0.0017582921 -0.019616058
v 0.035018884 0.0017033571 -0.014999911
v 0.035018884 0.0016465534 -0.010715885
v 0.035018884 0.0015934847 -0.006988749
v 0.035018884 0.0022119211 -0.006988749
v 0.035018884 0.0011857679 -0.010715885
v 0.035018884 0.001220583 -0.014999911
v 0.035018884 0.0012542527 -0.019616058
v 0.035018884 0.0011532421 -0.00698875
v 0.035018884 0.0011264397 -0.004043272
v 0.035018884 0.0011087952 -0.0021042223
v 0.035018884 0.0012833431 -0.024339557
v 0.035018884 0.00130761 -0.029143568
v 0.035018887 0.0013268092 -0.034001257
v 0.035018887 0.0013406973 -0.038885787
v 0.03501889 0.0013490301 -0.043770313
v -0.021915535 0.0027392076 0.0001686741
v -0.01750857 0.0027370031 0.00021076697
v -0.01768663 0.0020473727 0.00021172536
v -0.021960048 0.0020479874 0.0001689137
v -0.014125446 0.002047373 0.00024367213
v -0.013813843 0.0027286254 0.0002422346
v -0.01768663 0.0014868958 0.00021172536
v -0.021960048 0.001487294 0.00016891371
v -0.014125446 0.0014868961 0.00024367213
v -0.016974393 0.0035234462 0.00020789185
v -0.021781992 0.0035299247 0.00016795532
v -0.012879033 0.0034899365 0.0002379219
v -0.02623347 0.0035352532 8.3074745E-05
v -0.02623347 0.0027422954 8.3074745E-05
v -0.029794654 0.003542384 -7.7953926E-05
v -0.029794652 0.00274759 -7.7953926E-05
v -0.029794654 0.0020535232 -7.7953926E-05
v -0.026233468 0.002049833 8.3074745E-05
v -0.02623347 0.0014884893 8.3074745E-05
v -0.029794652 0.0014908798 -7.7953926E-05
v -0.021960048 0.0010881561 0.0001689137
v -0.01768663 0.0010879121 0.00021172536
v -0.014125446 0.0010879122 0.00024367213
v -0.02623347 0.0010888886 8.3074745E-05
v -0.029794654 0.0010903537 -7.7953926E-05
v -0.011988736 0.0010879125 0.00029691646
v -0.011988736 0.0014868961 0.00029691646
v -0.011988735 0.0020473732 0.00029691646
v -0.0116326185 0.0027070204 0.0002959581
v -0.010564264 0.003403514 0.00029308302
v -0.012879033 0.0034899365 0.0002379219
v -0.010564263 0.004361118 0.00022688991
v -0.008249494 0.0039916355 0.00029116645
v 0.00083152245 0.002669046 0.0015064358
v 0.00083152245 0.0032516145 0.0014611789
v 0.0045509804 0.003212594 0.0014327826
v 0.004966452 0.0026592906 0.0014753775
v 0.0076571237 0.0031735732 0.0013484808
v 0.008413875 0.002649536 0.0013824236
v -0.0028879354 0.0032125935 0.001432782
v -0.0033034065 0.0026592903 0.0014753769
v -0.0059940782 0.0031735722 0.0013484797
v -0.006750829 0.0026495352 0.0013824222
v 0.00083152245 0.0032516145 0.0014611789
v 0.00083152245 0.00372126 0.0013711086
v 0.004273999 0.003650186 0.0013484803
v 0.0045509804 0.003212594 0.0014327826
v 0.006634932 0.0035061806 0.0013026323
v 0.0076571237 0.0031735732 0.0013484808
v -0.0026109542 0.0036501857 0.0013484798
v -0.0028879354 0.0032125935 0.001432782
v -0.0049718875 0.00350618 0.0013026313
v -0.0059940782 0.0031735722 0.0013484797
v 0.00083152245 0.0041463096 0.0010338996
v 0.00083152245 0.0041936925 0.0008293554
v 0.0051049422 0.004093353 0.0008293558
v 0.004966452 0.0040487577 0.001030794
v -0.0034418972 0.0040933522 0.0008293551
v -0.0033034065 0.0040487573 0.0010307934
v 0.00083152245 0.0041936925 0.0008293554
v 0.00083152245 0.0041936925 0.00063767825
v 0.0051049422 0.004093353 0.00063767866
v 0.0051049422 0.004093353 0.0008293558
v -0.003441897 0.0040933522 0.0006376779
v -0.0034418972 0.0040933522 0.0008293551
v 0.0008315226 0.0041936925 0.0004885958
v -0.003441897 0.0040933522 0.0004885954
v 0.0051049422 0.004093353 0.00048859615
v 0.004966452 0.0040487577 0.001030794
v 0.0051049422 0.004093353 0.0008293558
v 0.008666125 0.003792334 0.0008293561
v 0.008413875 0.0037567972 0.0010276884
v 0.0051049422 0.004093353 0.0008293558
v 0.0051049422 0.004093353 0.00063767866
v 0.008666124 0.003792334 0.00063767884
v 0.008666125 0.003792334 0.0008293561
v 0.0051049422 0.004093353 0.00048859615
v 0.008666125 0.003792334 0.00048859644
v -0.0033034065 0.0040487573 0.0010307934
v -0.006750829 0.003756796 0.0010276872
v -0.0070030796 0.0037923332 0.00082935474
v -0.0034418972 0.0040933522 0.0008293551
v -0.0034418972 0.0040933522 0.0008293551
v -0.0070030796 0.0037923332 0.00082935474
v -0.0070030796 0.0037923332 0.0006376776
v -0.003441897 0.0040933522 0.0006376779
v -0.003441897 0.0040933522 0.0004885954
v -0.0070030796 0.0037923332 0.0004885951
v 0.00083152245 0.0041463096 0.0010338996
v 0.00083152245 0.004004162 0.0012215831
v -0.0028879354 0.0039149704 0.0012091593
v -0.0033034065 0.0040487573 0.0010307934
v 0.0045509804 0.0039149714 0.0012091598
v 0.004966452 0.0040487577 0.001030794
v 0.00083152245 0.004004162 0.0012215831
v 0.00083152245 0.00372126 0.0013711086
v -0.0026109542 0.0036501857 0.0013484798
v -0.0028879354 0.0039149704 0.0012091593
v 0.004273999 0.003650186 0.0013484803
v 0.0045509804 0.0039149714 0.0012091598
v -0.0033034065 0.0040487573 0.0010307934
v -0.0028879354 0.0039149704 0.0012091593
v -0.0059940782 0.0036501857 0.0011967354
v -0.006750829 0.003756796 0.0010276872
v -0.0028879354 0.0039149704 0.0012091593
v -0.0026109542 0.0036501857 0.0013484798
v -0.0049718875 0.00350618 0.0013026313
v -0.0059940782 0.0036501857 0.0011967354
v 0.004966452 0.0040487577 0.001030794
v 0.008413875 0.0037567972 0.0010276884
v 0.0076571237 0.0036501866 0.0011967367
v 0.0045509804 0.0039149714 0.0012091598
v 0.0045509804 0.0039149714 0.0012091598
v 0.0076571237 0.0036501866 0.0011967367
v 0.006634932 0.0035061806 0.0013026323
v 0.004273999 0.003650186 0.0013484803
v 0.011524964 -0.0029040521 0.0010354534
v 0.01187119 -0.0016173172 0.0010370061
v 0.012227307 -0.0016173172 0.0008293564
v 0.01187119 -0.0029143218 0.0008293564
v 0.01187119 -0.0029143218 0.0008293564
v 0.012227307 -0.0016173172 0.0008293564
v 0.012227307 -0.0016173172 0.0006376793
v 0.011871191 -0.0029143218 0.00063767924
v 0.01187119 -0.0029143223 0.00048859674
v 0.012227307 -0.001617317 0.00048859674
v 0.011524964 -0.0029040521 0.0010354534
v 0.010486285 -0.0028732421 0.0012277956
v 0.010802835 -0.0016173172 0.0012340074
v 0.01187119 -0.0016173172 0.0010370061
v 0.010486285 -0.0028732421 0.0012277956
v 0.008413875 -0.002852702 0.0013824236
v 0.008666125 -0.0016173173 0.0013937377
v 0.010802835 -0.0016173172 0.0012340074
v 0.010802835 -0.00050219207 0.0012340073
v 0.010802835 0.00022958043 0.0012340073
v 0.010802835 0.00071421184 0.0012340073
v 0.011524964 -0.0029040521 0.0010354534
v 0.010486285 -0.004150654 0.0010307945
v 0.009536637 -0.0040274137 0.0012091603
v 0.010486285 -0.0028732421 0.0012277956
v 0.010486285 -0.004150654 0.0010307945
v 0.008413875 -0.005173256 0.0010276884
v 0.0076571237 -0.0049487827 0.0011967367
v 0.009536637 -0.0040274137 0.0012091603
v 0.010486285 -0.0028732421 0.0012277956
v 0.009536637 -0.0040274137 0.0012091603
v 0.0076571237 -0.003945254 0.0013484808
v 0.008413875 -0.002852702 0.0013824236
v 0.009536637 -0.0040274137 0.0012091603
v 0.0076571237 -0.0049487827 0.0011967367
v 0.006634932 -0.0046455725 0.0013026323
v 0.0076571237 -0.003945254 0.0013484808
v 0.011524964 -0.0029040521 0.0010354534
v 0.01187119 -0.0029143218 0.0008293564
v 0.010802835 -0.0041917344 0.0008293562
v 0.010486285 -0.004150654 0.0010307945
v 0.01187119 -0.0029143218 0.0008293564
v 0.011871191 -0.0029143218 0.00063767924
v 0.010802835 -0.0041917344 0.00063767907
v 0.010802835 -0.0041917344 0.0008293562
v 0.01187119 -0.0029143223 0.00048859674
v 0.010802835 -0.0041917344 0.0004885966
v 0.010486285 -0.004150654 0.0010307945
v 0.010802835 -0.0041917344 0.0008293562
v 0.008666125 -0.005248081 0.0008293561
v 0.008413875 -0.005173256 0.0010276884
v 0.010802835 -0.0041917344 0.0008293562
v 0.010802835 -0.0041917344 0.00063767907
v 0.008666124 -0.005248081 0.00063767884
v 0.008666125 -0.005248081 0.0008293561
v 0.010802835 -0.0041917344 0.0004885966
v 0.008666125 -0.005248081 0.00048859644
v -0.010208144 0.0007142108 0.0010370044
v -0.010564263 0.0007142108 0.00082935434
v -0.010564263 0.0010879126 0.00082935434
v -0.010208144 0.0010879126 0.0010370044
v -0.010564263 0.0014868962 0.00082935434
v -0.010208144 0.0014868962 0.0010370044
v -0.010564263 0.00022957935 0.00082935434
v -0.010208144 0.00022957937 0.0010370044
v -0.010564263 -0.00050219323 0.00082935434
v -0.010208144 -0.0005021931 0.0010370044
v -0.010208144 0.0020473732 0.0010370044
v -0.010564263 0.0020473732 0.00082935434
v -0.010208144 -0.0016173183 0.0010370044
v -0.010564263 -0.0016173184 0.00082935434
v -0.010564263 0.0007142108 0.00082935434
v -0.010564263 0.0007142108 0.0006376772
v -0.010564263 0.0010879126 0.0006376772
v -0.010564263 0.0010879126 0.00082935434
v -0.010564263 0.0014868962 0.0006376772
v -0.010564263 0.0014868962 0.00082935434
v -0.010564263 0.00022957934 0.0006376772
v -0.010564263 0.00022957935 0.00082935434
v -0.010564263 -0.00050219323 0.0006376772
v -0.010564263 -0.00050219323 0.00082935434
v -0.010564263 0.0020473732 0.00082935434
v -0.010564263 0.0020473732 0.0006376772
v -0.010564263 0.0020473732 0.00048859476
v -0.010564263 0.0014868962 0.00048859476
v -0.010564263 -0.0016173184 0.00082935434
v -0.010564263 -0.0016173184 0.0006376772
v -0.010564263 -0.0016173184 0.00048859476
v -0.010564263 -0.00050219323 0.00048859476
v -0.010564263 0.00022957934 0.00048859476
v -0.010564263 0.0007142108 0.00048859476
v -0.010564263 0.0010879126 0.00048859476
v -0.010208144 0.0007142108 0.0010370044
v -0.009139789 0.0007142108 0.0012340057
v -0.009139789 0.00022957943 0.0012340057
v -0.010208144 0.00022957937 0.0010370044
v -0.009139789 -0.0005021931 0.0012340057
v -0.010208144 -0.0005021931 0.0010370044
v -0.009139789 0.0010879126 0.0012340057
v -0.010208144 0.0010879126 0.0010370044
v -0.009139789 0.0014868962 0.0012340057
v -0.010208144 0.0014868962 0.0010370044
v -0.010208144 0.0020473732 0.0010370044
v -0.009139789 0.0020473734 0.0012340057
v -0.010208144 -0.0016173183 0.0010370044
v -0.009139789 -0.0016173183 0.0012340057
v 0.00083152245 -0.0059933923 0.0010338993
v 0.0008315226 -0.006093158 0.0008293553
v -0.003441897 -0.0058818893 0.000829355
v -0.0033034065 -0.005787992 0.0010307932
v 0.0008315226 -0.006093158 0.0008293553
v 0.00083152245 -0.006093158 0.0006376782
v -0.003441897 -0.005881889 0.0006376779
v -0.003441897 -0.0058818893 0.000829355
v 0.00083152245 -0.006093158 0.0004885958
v -0.0034418972 -0.0058818893 0.0004885954
v -0.0033034065 -0.005787992 0.0010307932
v -0.003441897 -0.0058818893 0.000829355
v -0.0070030796 -0.0052480814 0.00082935457
v -0.006750829 -0.005173257 0.0010276871
v -0.003441897 -0.0058818893 0.000829355
v -0.003441897 -0.005881889 0.0006376779
v -0.0070030796 -0.0052480814 0.0006376776
v -0.0070030796 -0.0052480814 0.00082935457
v -0.0034418972 -0.0058818893 0.0004885954
v -0.00700308 -0.0052480814 0.0004885951
v 0.00083152245 -0.0059933923 0.0010338993
v 0.004966452 -0.005787991 0.001030794
v 0.0051049422 -0.005881889 0.0008293557
v 0.0008315226 -0.006093158 0.0008293553
v 0.004966452 -0.005787991 0.001030794
v 0.008413875 -0.005173256 0.0010276884
v 0.008666125 -0.005248081 0.0008293561
v 0.0051049422 -0.005881889 0.0008293557
v 0.0008315226 -0.006093158 0.0008293553
v 0.0051049422 -0.005881889 0.0008293557
v 0.0051049422 -0.005881889 0.00063767866
v 0.00083152245 -0.006093158 0.0006376782
v 0.00083152245 -0.006093158 0.0004885958
v 0.0051049422 -0.005881889 0.00048859615
v 0.0051049422 -0.005881889 0.0008293557
v 0.008666125 -0.005248081 0.0008293561
v 0.008666124 -0.005248081 0.00063767884
v 0.0051049422 -0.005881889 0.00063767866
v 0.0051049422 -0.005881889 0.00048859615
v 0.008666125 -0.005248081 0.00048859644
v 0.00083152245 -0.0059933923 0.0010338993
v 0.00083152245 -0.005694094 0.001221583
v 0.0045509804 -0.005506299 0.0012091598
v 0.004966452 -0.005787991 0.001030794
v 0.00083152245 -0.005694094 0.001221583
v 0.00083152245 -0.0050984323 0.0013711086
v 0.004273999 -0.0049487827 0.0013484802
v 0.0045509804 -0.005506299 0.0012091598
v 0.006634932 -0.0046455725 0.0013026323
v 0.0076571237 -0.0049487827 0.0011967367
v -0.0026109542 -0.004948783 0.0013484798
v -0.0028879354 -0.0055062994 0.0012091591
v -0.0049718875 -0.0046455734 0.001302631
v -0.0059940782 -0.004948783 0.0011967354
v 0.004966452 -0.005787991 0.001030794
v 0.0045509804 -0.005506299 0.0012091598
v 0.0076571237 -0.0049487827 0.0011967367
v 0.008413875 -0.005173256 0.0010276884
v 0.00083152245 -0.0059933923 0.0010338993
v -0.0033034065 -0.005787992 0.0010307932
v -0.0028879354 -0.0055062994 0.0012091591
v 0.00083152245 -0.005694094 0.001221583
v -0.0033034065 -0.005787992 0.0010307932
v -0.006750829 -0.005173257 0.0010276871
v -0.0059940782 -0.004948783 0.0011967354
v -0.0028879354 -0.0055062994 0.0012091591
v 0.00083152245 -0.002887819 0.00018225666
v 0.00083152263 -0.0015934637 0.000105677886
v -0.0041541336 -0.001530424 0.00012827833
v -0.0034814654 -0.0028515193 0.00019559733
v -0.008071435 -0.0014624862 0.00018559552
v -0.0070179175 -0.002813995 0.00023292493
v 0.005817179 -0.0015304234 0.00012827916
v 0.005144511 -0.0028515186 0.00019559806
v 0.00973448 -0.0014624852 0.00018559703
v 0.008680964 -0.0028139942 0.00023292625
v 0.0045509804 -0.004027414 0.0002306585
v 0.00083152245 -0.0041095745 0.00022119257
v 0.004273999 -0.0049487827 0.00025875957
v 0.00083152245 -0.0050984323 0.00025121635
v 0.0076571237 -0.003945254 0.00025875986
v 0.006634932 -0.0046455725 0.0002740428
v -0.0028879354 -0.004027414 0.00023065788
v -0.0059940782 -0.0039452543 0.0002587587
v -0.0026109542 -0.004948783 0.00025875898
v -0.0049718875 -0.004645573 0.00027404184
v -0.009001299 -0.0028466212 0.00029154436
v -0.009852027 -0.0015108314 0.00026714458
v -0.007873591 -0.0040274146 0.00030519927
v -0.005994078 -0.004948783 0.0003093406
v -0.0028879354 -0.0055062994 0.00030519968
v -0.0026109542 -0.004948783 0.00025875898
v 0.00083152245 -0.005694094 0.00030105878
v 0.00083152245 -0.0050984323 0.00025121635
v 0.004273999 -0.0049487827 0.00025875957
v 0.0045509804 -0.0055062994 0.00030520032
v 0.0076571237 -0.0049487827 0.0003093418
v 0.009536637 -0.0040274137 0.00030520072
v 0.010664346 -0.0028466203 0.000291546
v 0.011515073 -0.0015108304 0.00026714636
v 0.00083152263 -0.0015934637 0.000105677886
v 0.00083152263 -0.00050559745 -5.070558E-05
v -0.004688311 -0.00041103794 -2.3460285E-05
v -0.0041541336 -0.001530424 0.00012827833
v -0.010564263 -1.9452846E-05 8.365689E-05
v -0.008071435 -0.0014624862 0.00018559552
v 0.0063513564 -0.0004110373 -2.345935E-05
v 0.005817179 -0.0015304234 0.00012827916
v 0.012227311 -1.9451647E-05 8.365881E-05
v 0.00973448 -0.0014624852 0.00018559703
v 0.00083152245 -0.0041095745 0.0014611789
v 0.00083152245 -0.0050984323 0.0013711086
v -0.0026109542 -0.004948783 0.0013484798
v -0.0049718875 -0.0046455734 0.001302631
v -0.0059940782 -0.0039452543 0.0013484795
v 0.004273999 -0.0049487827 0.0013484802
v 0.0045509804 -0.004027414 0.0014327826
v 0.006634932 -0.0046455725 0.0013026323
v 0.0076571237 -0.003945254 0.0013484808
v -0.0099064335 -0.0028973978 0.0003754396
v -0.010386204 -0.0015906965 0.00036933963
v -0.010564263 -0.0016173184 0.00048859476
v -0.010208144 -0.0029143235 0.0004885948
v -0.010386204 -0.0015906965 0.00036933963
v -0.010564263 -0.00046226065 0.0003656181
v -0.010564263 -0.00050219323 0.00048859476
v -0.010386204 -0.0015906965 0.00036933963
v -0.010564263 -0.00050219323 0.00048859476
v -0.010564263 -0.0016173184 0.00048859476
v -0.010208144 -0.0029143235 0.0004885948
v -0.010564263 -0.0016173184 0.00048859476
v -0.010564263 -0.0016173184 0.0006376772
v -0.010208144 -0.0029143235 0.0006376773
v -0.010208144 -0.0029143232 0.00082935434
v -0.010564263 -0.0016173184 0.00082935434
v -0.0099064335 -0.0028973978 0.0003754396
v -0.009001299 -0.0028466212 0.00029154436
v -0.009852027 -0.0015108314 0.00026714458
v -0.010386204 -0.0015906965 0.00036933963
v -0.007873591 -0.0040274146 0.00030519927
v -0.00882324 -0.004150655 0.0003788534
v -0.010386204 -0.0015906965 0.00036933963
v -0.009852027 -0.0015108314 0.00026714458
v -0.010564263 -0.0003424629 0.0002522585
v -0.010386204 -0.0015906965 0.00036933963
v -0.010564263 -0.0003424629 0.0002522585
v -0.010564263 -0.00046226065 0.0003656181
v -0.009852027 -0.0015108314 0.00026714458
v -0.008071435 -0.0014624862 0.00018559552
v -0.010564263 -1.9452846E-05 8.365689E-05
v -0.010564263 -0.0003424629 0.0002522585
v -0.00882324 -0.004150655 0.0003788534
v -0.006750829 -0.005173257 0.00037988886
v -0.005994078 -0.004948783 0.0003093406
v -0.007873591 -0.0040274146 0.00030519927
v -0.0099064335 -0.0028973978 0.0003754396
v -0.010208144 -0.0029143235 0.0004885948
v -0.009139789 -0.0041917353 0.00048859493
v -0.00882324 -0.004150655 0.0003788534
v -0.010208144 -0.0029143235 0.0004885948
v -0.010208144 -0.0029143235 0.0006376773
v -0.009139789 -0.0041917353 0.0006376774
v -0.009139789 -0.0041917353 0.00048859493
v -0.010208144 -0.0029143232 0.00082935434
v -0.009139789 -0.0041917353 0.0008293545
v -0.00882324 -0.004150655 0.0003788534
v -0.009139789 -0.0041917353 0.00048859493
v -0.00700308 -0.0052480814 0.0004885951
v -0.006750829 -0.005173257 0.00037988886
v -0.009139789 -0.0041917353 0.00048859493
v -0.009139789 -0.0041917353 0.0006376774
v -0.0070030796 -0.0052480814 0.0006376776
v -0.00700308 -0.0052480814 0.0004885951
v -0.009139789 -0.0041917353 0.0008293545
v -0.0070030796 -0.0052480814 0.00082935457
v -0.032999717 0.0027761576 -0.00094683655
v -0.031931363 0.0027564138 -0.0003463347
v -0.031931363 0.0020596746 -0.0003463347
v -0.032999717 0.002073438 -0.00094683643
v -0.031931363 0.001494864 -0.0003463347
v -0.032999717 0.0015037794 -0.00094683655
v -0.031931363 0.0035542685 -0.0003463347
v -0.032999717 0.00358086 -0.00094683643
v -0.031931363 0.0044224253 -0.0003463347
v -0.032999717 0.004456469 -0.00094683655
v -0.032999717 0.0053719054 -0.00094683643
v -0.031931363 0.005330071 -0.0003463347
v -0.032999717 0.0010982599 -0.00094683643
v -0.031931363 0.0010927957 -0.0003463347
v -0.031931363 0.0027564138 -0.0003463347
v -0.029794652 0.00274759 -7.7953926E-05
v -0.029794654 0.0020535232 -7.7953926E-05
v -0.031931363 0.0020596746 -0.0003463347
v -0.029794652 0.0014908798 -7.7953926E-05
v -0.031931363 0.001494864 -0.0003463347
v -0.029794654 0.003542384 -7.7953926E-05
v -0.031931363 0.0035542685 -0.0003463347
v -0.029794652 0.0044072103 -7.7953926E-05
v -0.031931363 0.0044224253 -0.0003463347
v -0.031931363 0.005330071 -0.0003463347
v -0.029794654 0.005311374 -7.7953926E-05
v -0.031931363 0.0010927957 -0.0003463347
v -0.029794654 0.0010903537 -7.7953926E-05
v -0.032999717 0.0027761576 -0.00094683655
v -0.033355836 0.0028142112 -0.0021042281
v -0.033355836 0.0036321129 -0.0021042281
v -0.032999717 0.00358086 -0.00094683643
v -0.033355836 0.0045220843 -0.0021042281
v -0.032999717 0.004456469 -0.00094683655
v -0.033355836 0.0020999652 -0.0021042281
v -0.032999717 0.002073438 -0.00094683643
v -0.033355836 0.0015209628 -0.0021042281
v -0.032999717 0.0015037794 -0.00094683655
v -0.032999717 0.0053719054 -0.00094683643
v -0.033355836 0.005452536 -0.0021042281
v -0.032999717 0.0010982599 -0.00094683643
v -0.033355836 0.0011087916 -0.0021042281
v 0.01222731 0.009743841 -0.014999915
v 0.01222731 0.0093208235 -0.010715889
v 0.01222731 0.008925622 -0.006988752
v 0.0065294164 0.008925621 -0.006988752
v 0.017925203 0.0093208235 -0.010715887
v 0.017925203 0.009743841 -0.014999915
v 0.023266979 0.00925157 -0.010715887
v 0.023266979 0.009671282 -0.014999913
v 0.027896518 0.009453604 -0.014999911
v 0.027896518 0.009043805 -0.010715886
v 0.017925205 0.008925622 -0.0069887517
v 0.023266979 0.008859456 -0.006988751
v 0.027896516 0.008660953 -0.00698875
v -0.032653492 0.006250704 -0.0009494457
v -0.031614814 0.0061846655 -0.00035677166
v -0.031931363 0.005330071 -0.0003463347
v -0.032999717 0.0053719054 -0.00094683643
v -0.031614814 0.0061846655 -0.00035677166
v -0.0295424 0.006151856 -9.69642E-05
v -0.029794654 0.005311374 -7.7953926E-05
v -0.031931363 0.005330071 -0.0003463347
v -0.032653492 0.006250704 -0.0009494457
v -0.031614814 0.0070164017 -0.00095727335
v -0.030665165 0.0068936674 -0.0003880827
v -0.031614814 0.0061846655 -0.00035677166
v -0.031614814 0.0070164017 -0.00095727335
v -0.0295424 0.007607273 -0.0009624918
v -0.02878565 0.0074235066 -0.00040895664
v -0.030665165 0.0068936674 -0.0003880827
v -0.031614814 0.0061846655 -0.00035677166
v -0.030665165 0.0068936674 -0.0003880827
v -0.02878565 0.0068256375 -0.00015399503
v -0.0295424 0.006151856 -9.69642E-05
v -0.030665165 0.0068936674 -0.0003880827
v -0.02878565 0.0074235066 -0.00040895664
v -0.027763462 0.007233042 -0.00023103015
v -0.02878565 0.0068256375 -0.00015399503
v -0.032653492 0.006250704 -0.0009494457
v -0.032999717 0.0063513997 -0.002104228
v -0.031931363 0.0071466086 -0.002104228
v -0.031614814 0.0070164017 -0.00095727335
v -0.032999717 0.0063513997 -0.002104228
v -0.031931363 0.0071466086 -0.002104228
v -0.031614814 0.0070164017 -0.00095727335
v -0.031931363 0.0071466086 -0.002104228
v -0.029794654 0.0077660927 -0.002104228
v -0.0295424 0.007607273 -0.0009624918
v -0.032653492 0.006250704 -0.0009494457
v -0.032999717 0.0053719054 -0.00094683643
v -0.033355836 0.005452536 -0.0021042281
v -0.032999717 0.0063513997 -0.002104228
v -0.032999717 0.0063513997 -0.002104228
v -0.033355836 0.005452536 -0.0021042281
v -0.033355836 0.005452536 -0.0021042281
v -0.03335583 0.0048127193 -0.08699877
v -0.03335583 0.0051001636 -0.082571045
v -0.03335583 0.0045405286 -0.09084347
v -0.03335583 0.0056816945 -0.08699877
v -0.03335583 0.0060830317 -0.082571045
v -0.03335583 0.005298724 -0.09084347
v 0.034662772 0.0027293803 -0.09676782
v 0.03359442 0.002713379 -0.09722462
v 0.03359442 0.0020536901 -0.09722462
v 0.034662772 0.00206416 -0.09676782
v 0.03359442 0.0014909889 -0.09722462
v 0.034662772 0.0014977708 -0.09676782
v 0.03359442 0.0034049088 -0.09722462
v 0.034662772 0.0034290655 -0.09676781
v 0.03359442 0.0040631327 -0.09722462
v 0.034662772 0.00409885 -0.09676782
v 0.034662772 0.0046743667 -0.09676782
v 0.03359442 0.004622904 -0.09722462
v 0.034662772 0.0010945785 -0.09676781
v 0.03359442 0.0010904218 -0.09722462
v 0.034662772 0.0027293803 -0.09676782
v 0.03501889 0.0027654725 -0.095728
v 0.03501889 0.0034827285 -0.095728
v 0.034662772 0.0034290655 -0.09676781
v 0.03501889 0.004176841 -0.095728
v 0.034662772 0.00409885 -0.09676782
v 0.03501889 0.0020879926 -0.095728
v 0.034662772 0.00206416 -0.09676782
v 0.03501889 0.0015132087 -0.095728
v 0.034662772 0.0014977708 -0.09676782
v 0.034662772 0.0046743667 -0.09676782
v 0.03501889 0.0047848895 -0.095728
v 0.034662772 0.0010945785 -0.09676781
v 0.03501889 0.0011040404 -0.095728
v 0.00083153043 0.0058339117 -0.09676979
v 0.00083153055 0.0056549106 -0.09723245
v 0.0065294234 0.00565425 -0.097237125
v 0.0065294234 0.005838953 -0.09677095
v 0.012227316 0.0056671086 -0.09724142
v 0.012227316 0.0058577857 -0.09677202
v -0.0048663625 0.00565425 -0.09723714
v -0.0048663625 0.005838953 -0.09677095
v -0.010564256 0.005667108 -0.09724142
v -0.0105642555 0.0058577857 -0.09677202
v 0.01792521 0.0058941226 -0.096770555
v 0.01792521 0.0057083303 -0.09723556
v 0.023232361 0.005911743 -0.096767165
v 0.023128495 0.005736634 -0.097222
v 0.027342562 0.0057107443 -0.0972032
v 0.02775803 0.005874426 -0.09676246
v 0.030448703 0.0056054643 -0.097192496
v 0.031205455 0.0057499777 -0.09675978
v -0.01626215 0.0058941212 -0.09677056
v -0.01626215 0.005708329 -0.09723556
v -0.021569299 0.0059117405 -0.096767165
v -0.021465432 0.0057366327 -0.097222
v -0.025679499 0.0057107424 -0.0972032
v -0.026094967 0.005874425 -0.09676246
v -0.02878564 0.0056054625 -0.097192496
v -0.029542392 0.0057499753 -0.09675978
v 0.00083153055 0.0056549106 -0.09723245
v 0.00083153043 0.0054828105 -0.09737728
v 0.006351365 0.005473412 -0.09738429
v 0.0065294234 0.00565425 -0.097237125
v 0.012227315 0.005435676 -0.0974112
v 0.012227316 0.0056671086 -0.09724142
v -0.0046883035 0.005473412 -0.09738429
v -0.0048663625 0.00565425 -0.09723714
v -0.0105642555 0.005435674 -0.0974112
v -0.010564256 0.005667108 -0.09724142
v 0.01792521 0.0057083303 -0.09723556
v 0.01810327 0.005524191 -0.097379155
v 0.023128495 0.005736634 -0.097222
v 0.023103764 0.005565493 -0.09735681
v 0.027065579 0.0055549983 -0.09732335
v 0.027342562 0.0057107443 -0.0972032
v -0.01626215 0.005708329 -0.09723556
v -0.016440209 0.005524189 -0.097379155
v -0.021465432 0.0057366327 -0.097222
v -0.021440703 0.005565491 -0.09735681
v -0.02540252 0.0055549964 -0.09732336
v -0.025679499 0.0057107424 -0.0972032
v 0.027342562 0.0057107443 -0.0972032
v 0.027065579 0.0055549983 -0.09732335
v 0.029426515 0.0055089155 -0.09728382
v 0.030448703 0.0056054643 -0.097192496
v 0.0008315304 0.00038070878 -0.09723263
v 0.00083153043 0.0002508498 -0.09737458
v -0.0046883035 0.00027886464 -0.097386785
v -0.0048663625 0.00039857006 -0.097240634
v 0.006351365 0.0002788652 -0.097386785
v 0.0065294234 0.00039857067 -0.097240634
v -0.0048663625 0.00039857006 -0.097240634
v -0.0046883035 0.00027886464 -0.097386785
v -0.0105642555 0.0003964223 -0.09743569
v -0.010564256 0.00043299733 -0.097248636
v 0.0065294234 0.00039857067 -0.097240634
v 0.012227316 0.00043299852 -0.09724865
v 0.012227318 0.00039642357 -0.09743569
v 0.006351365 0.0002788652 -0.097386785
v -0.021465432 0.00049649144 -0.09722328
v -0.021440703 0.0005496753 -0.09735872
v -0.02540252 0.00058205414 -0.09732336
v -0.025679497 0.0005303851 -0.0972032
v -0.025679497 0.0005303851 -0.0972032
v -0.02540252 0.00058205414 -0.09732336
v -0.027763452 0.0006103418 -0.09728382
v -0.02878564 0.00058233395 -0.097192496
v -0.021465432 0.00049649144 -0.09722328
v -0.01626215 0.00046483334 -0.097240634
v -0.016440209 0.0005083418 -0.097386785
v -0.021440703 0.0005496753 -0.09735872
v -0.029542398 0.0005640444 -0.09675978
v -0.031614807 0.0006587636 -0.09676247
v 0.034316547 0.0051465165 -0.09676649
v 0.03327787 0.0050713513 -0.09721927
v 0.03359442 0.004622904 -0.09722462
v 0.034662772 0.0046743667 -0.09676782
v 0.03327787 0.0050713513 -0.09721927
v 0.03359442 0.004622904 -0.09722462
v 0.034316547 0.0051465165 -0.09676649
v 0.03327787 0.005506197 -0.09676246
v 0.03232822 0.005395603 -0.0972032
v 0.03327787 0.0050713513 -0.09721927
v 0.03327787 0.005506197 -0.09676246
v 0.031205455 0.0057499777 -0.09675978
v 0.030448703 0.0056054643 -0.097192496
v 0.03232822 0.005395603 -0.0972032
v 0.03327787 0.0050713513 -0.09721927
v 0.03232822 0.005395603 -0.0972032
v 0.030448703 0.005344 -0.09732336
v 0.031205459 0.005038044 -0.09735262
v 0.03232822 0.005395603 -0.0972032
v 0.030448703 0.0056054643 -0.097192496
v 0.029426515 0.0055089155 -0.09728382
v 0.030448703 0.005344 -0.09732336
v 0.034316547 0.0051465165 -0.09676649
v 0.034662772 0.00529515 -0.095728
v 0.03359442 0.005695899 -0.095728
v 0.03327787 0.005506197 -0.09676246
v 0.034662772 0.00529515 -0.095728
v 0.034662772 0.0055578593 -0.09384121
v 0.03359442 0.006020806 -0.093841195
v 0.03359442 0.005695899 -0.095728
v 0.03327787 0.005506197 -0.09676246
v 0.03359442 0.005695899 -0.095728
v 0.031457707 0.0059754113 -0.095728
v 0.031205455 0.0057499777 -0.09675978
v 0.034316547 0.0051465165 -0.09676649
v 0.034662772 0.0046743667 -0.09676782
v 0.03501889 0.0047848895 -0.095728
v 0.034662772 0.00529515 -0.095728
v 0.034662772 0.00529515 -0.095728
v 0.03501889 0.0047848895 -0.095728
v 0.03501889 0.0049833753 -0.093841195
v 0.034662772 0.0055578593 -0.09384121
v 0.023128495 0.0004964938 -0.09722329
v 0.023103764 0.0005496776 -0.09735872
v 0.01810327 0.0005083436 -0.097386785
v 0.01792521 0.00046483512 -0.09724065
v 0.023128495 0.0004964938 -0.09722329
v 0.027342562 0.0005303879 -0.0972032
v 0.027065579 0.00058205693 -0.09732336
v 0.023103764 0.0005496776 -0.09735872
v 0.027342562 0.0005303879 -0.0972032
v 0.030448703 0.00058233703 -0.097192496
v 0.029426515 0.0006103448 -0.09728382
v 0.027065579 0.00058205693 -0.09732336
v -0.025679499 0.0057107424 -0.0972032
v -0.02878564 0.0056054625 -0.097192496
v -0.027763452 0.0055089123 -0.09728382
v -0.02540252 0.0055549964 -0.09732336
v -0.03299971 0.006480603 -0.08699877
v -0.031931356 0.007160738 -0.08699875
v -0.031931356 0.0078081964 -0.082571045
v -0.03299971 0.0070072156 -0.082571045
v -0.03299971 0.0070072156 -0.082571045
v -0.031931356 0.0078081964 -0.082571045
v -0.031931356 0.0083956 -0.077824265
v -0.03299971 0.007488371 -0.077824265
v -0.03299971 0.006480603 -0.08699877
v -0.03299971 0.005975245 -0.09084347
v -0.031931356 0.006537012 -0.09084347
v -0.031931356 0.007160738 -0.08699875
v -0.03299971 0.005975245 -0.09084347
v -0.03299971 0.005557855 -0.093841195
v -0.031931356 0.0060208025 -0.093841195
v -0.031931356 0.006537012 -0.09084347
v -0.03299971 0.006480603 -0.08699877
v -0.03335583 0.0056816945 -0.08699877
v -0.03335583 0.005298724 -0.09084347
v -0.03299971 0.005975245 -0.09084347
v -0.03299971 0.005975245 -0.09084347
v -0.03335583 0.005298724 -0.09084347
v -0.03335583 0.0049833716 -0.093841195
v -0.03299971 0.005557855 -0.093841195
v 0.011871198 0.0038091391 -0.097615704
v 0.011871198 0.0039031787 -0.097551376
v 0.010802844 0.0040619634 -0.097551376
v 0.010802842 0.0039544776 -0.0976157
v 0.010802842 0.0039544776 -0.0976157
v 0.010802844 0.0040619634 -0.097551376
v 0.0086661335 0.004161182 -0.097551376
v 0.0086661335 0.0040432946 -0.0976157
v 0.00510495 0.004096585 -0.097615704
v 0.005104949 0.0042207125 -0.097551376
v 0.0008315304 0.004114348 -0.097615704
v 0.0008315303 0.0042405557 -0.097551376
v -0.0034418893 0.004220712 -0.097551376
v -0.0034418893 0.0040965844 -0.0976157
v -0.0070030717 0.004161181 -0.097551376
v -0.007003072 0.004043294 -0.0976157
v -0.009139782 0.0039544767 -0.097615704
v -0.009139782 0.0040619625 -0.097551376
v 0.011871198 0.0038091391 -0.097615704
v 0.012227315 0.0035862841 -0.097615704
v 0.012227315 0.0036649494 -0.097551376
v 0.011871198 0.0039031787 -0.097551376
v 0.011871198 0.0038091391 -0.097615704
v 0.011871198 0.0037494116 -0.09779768
v 0.012227315 0.0035356947 -0.09779768
v 0.012227315 0.0035862841 -0.097615704
v 0.011871198 0.0037494116 -0.09779768
v 0.011871198 0.0037173247 -0.098157264
v 0.012227316 0.0035073527 -0.09815725
v 0.012227315 0.0035356947 -0.09779768
v 0.011871198 0.0038091391 -0.097615704
v 0.010802842 0.0039544776 -0.0976157
v 0.010802842 0.0038868983 -0.09779766
v 0.011871198 0.0037494116 -0.09779768
v 0.010802842 0.0039544776 -0.0976157
v 0.0086661335 0.0040432946 -0.0976157
v 0.0086661335 0.0039697075 -0.09779768
v 0.010802842 0.0038868983 -0.09779766
v 0.00510495 0.004096585 -0.097615704
v 0.00510495 0.004019393 -0.09779768
v 0.0008315304 0.004114348 -0.097615704
v 0.0008315304 0.004035955 -0.09779768
v -0.0034418893 0.004019393 -0.09779766
v -0.0034418893 0.0040965844 -0.0976157
v -0.0070030717 0.003969707 -0.09779768
v -0.007003072 0.004043294 -0.0976157
v -0.009139782 0.0039544767 -0.097615704
v -0.009139782 0.0038868976 -0.09779768
v 0.011871198 0.0037494116 -0.09779768
v 0.010802842 0.0038868983 -0.09779766
v 0.010802842 0.0038518698 -0.09815725
v 0.011871198 0.0037173247 -0.098157264
v 0.010802842 0.0038868983 -0.09779766
v 0.0086661335 0.0039697075 -0.09779768
v 0.0086661335 0.003932563 -0.098157264
v 0.010802842 0.0038518698 -0.09815725
v 0.00510495 0.004019393 -0.09779768
v 0.0051049506 0.003980979 -0.09815725
v 0.0008315304 0.004035955 -0.09779768
v 0.00083153055 0.0039971177 -0.098157264
v -0.0034418893 0.003980979 -0.09815725
v -0.0034418893 0.004019393 -0.09779766
v -0.0070030717 0.0039325627 -0.098157264
v -0.0070030717 0.003969707 -0.09779768
v -0.009139782 0.0038868976 -0.09779768
v -0.009139782 0.003851869 -0.09815725
v -0.010208136 6.652325E-05 -0.0976157
v -0.0105642555 0.00024571078 -0.0976157
v -0.0105642555 0.00022736893 -0.097551376
v -0.010208136 3.717629E-05 -0.097551376
v -0.010208136 3.717629E-05 -0.097551376
v -0.0105642555 0.00022736893 -0.097551376
v -0.0105642555 0.00020138464 -0.09754467
v -0.010208136 -4.398563E-06 -0.09754467
v -0.010208136 -6.0646897E-05 -0.09753561
v -0.0105642555 0.00016622944 -0.09753561
v -0.010208136 6.652325E-05 -0.0976157
v -0.010208136 8.6087886E-05 -0.09779767
v -0.0105642555 0.00025793866 -0.09779767
v -0.0105642555 0.00024571078 -0.0976157
v -0.010208136 6.652325E-05 -0.0976157
v -0.009139782 -9.307127E-05 -0.0976157
v -0.009139782 -6.61699E-05 -0.09779766
v -0.010208136 8.6087886E-05 -0.09779767
v -0.009139782 -9.307127E-05 -0.0976157
v -0.0070030717 -0.00021790291 -0.0976157
v -0.0070030717 -0.00018488758 -0.09779768
v -0.009139782 -6.61699E-05 -0.09779766
v -0.0034418893 -0.0002928018 -0.097615704
v -0.0034418893 -0.0002561181 -0.09779768
v 0.0008315304 -0.0003177679 -0.097615704
v 0.0008315304 -0.00027986144 -0.09779768
v 0.00510495 -0.00025611764 -0.09779766
v 0.00510495 -0.00029280136 -0.0976157
v 0.0086661335 -0.00018488678 -0.09779767
v 0.0086661335 -0.0002179021 -0.0976157
v 0.010802842 -9.307022E-05 -0.0976157
v 0.010802844 -6.6168854E-05 -0.09779767
v -0.010208136 6.652325E-05 -0.0976157
v -0.010208136 3.717629E-05 -0.097551376
v -0.009139782 -0.00013342335 -0.097551376
v -0.009139782 -9.307127E-05 -0.0976157
v -0.009139782 -9.307127E-05 -0.0976157
v -0.009139782 -0.00013342335 -0.097551376
v -0.0070030717 -0.0002674259 -0.097551376
v -0.0070030717 -0.00021790291 -0.0976157
v 0.011871199 0.00010932205 -0.09947675
v 0.012227316 0.0002724605 -0.09947675
v 0.012227316 0.00027322472 -0.100211464
v 0.011871198 0.00011054483 -0.100211464
v 0.012227316 0.00027322472 -0.10084607
v 0.011871199 0.00011054483 -0.10084607
v 0.012227316 0.00027016777 -0.09875448
v 0.011871198 0.000105653686 -0.09875448
v 0.012227315 0.0002655823 -0.098157264
v 0.011871198 9.8316945E-05 -0.098157264
v 0.011871199 0.00011054483 -0.10126796
v 0.012227316 0.00027322472 -0.10126796
v 0.011871198 8.608904E-05 -0.09779767
v 0.012227315 0.00025793986 -0.09779766
v 0.011871199 0.00010932205 -0.09947675
v 0.010802844 -3.4223478E-05 -0.09947673
v 0.010802844 -3.9267485E-05 -0.09875448
v 0.011871198 0.000105653686 -0.09875448
v 0.010802842 -4.9355498E-05 -0.098157264
v 0.011871198 9.8316945E-05 -0.098157264
v 0.010802844 -3.2542146E-05 -0.100211464
v 0.011871198 0.00011054483 -0.100211464
v 0.010802845 -3.2542146E-05 -0.10084607
v 0.011871199 0.00011054483 -0.10084607
v 0.011871199 0.00011054483 -0.10126796
v 0.010802845 -3.2542142E-05 -0.10126796
v 0.011871198 8.608904E-05 -0.09779767
v 0.010802844 -6.6168854E-05 -0.09779767
v 0.0008315304 -0.0003177679 -0.097615704
v 0.0008315304 -0.00037462762 -0.097551376
v 0.00510495 -0.00034782683 -0.097551376
v 0.00510495 -0.00029280136 -0.0976157
v 0.0086661335 -0.0002674251 -0.097551376
v 0.0086661335 -0.0002179021 -0.0976157
v -0.0034418893 -0.00034782733 -0.097551376
v -0.0034418893 -0.0002928018 -0.097615704
v -0.0070030717 -0.0002674259 -0.097551376
v -0.0070030717 -0.00021790291 -0.0976157
v 0.012227315 0.00025793986 -0.09779766
v 0.012227315 0.00024571194 -0.0976157
v 0.012227315 0.00022737011 -0.097551376
v -0.010208136 0.0038091382 -0.097615704
v -0.010208136 0.0039031776 -0.097551376
v -0.0105642555 0.0036649483 -0.097551376
v -0.010564255 0.0035862832 -0.0976157
v -0.010208136 0.0038091382 -0.097615704
v -0.009139782 0.0039544767 -0.097615704
v -0.009139782 0.0040619625 -0.097551376
v -0.010208136 0.0039031776 -0.097551376
v -0.010208136 0.0038091382 -0.097615704
v -0.010208136 0.0037494104 -0.09779768
v -0.009139782 0.0038868976 -0.09779768
v -0.009139782 0.0039544767 -0.097615704
v -0.010208136 0.0037494104 -0.09779768
v -0.0102081355 0.0037173238 -0.098157264
v -0.009139782 0.003851869 -0.09815725
v -0.009139782 0.0038868976 -0.09779768
v -0.010208136 0.0038091382 -0.097615704
v -0.010564255 0.0035862832 -0.0976157
v -0.010564255 0.0035356935 -0.09779766
v -0.010208136 0.0037494104 -0.09779768
v -0.010208136 0.0037494104 -0.09779768
v -0.010564255 0.0035356935 -0.09779766
v -0.010564255 0.0035073515 -0.09815725
v -0.0102081355 0.0037173238 -0.098157264
v 0.0115249725 0.000111624715 -0.101523295
v 0.011871198 0.00027322472 -0.10152392
v 0.010802844 0.00027322466 -0.10166065
v 0.010486294 0.00011486436 -0.10165815
v 0.0115249725 0.000111624715 -0.101523295
v 0.011871199 0.00011054483 -0.10126796
v 0.012227316 0.00027322472 -0.10126796
v 0.011871198 0.00027322472 -0.10152392
v 0.0115249725 0.000111624715 -0.101523295
v 0.010486295 -2.822256E-05 -0.1015214
v 0.010802845 -3.2542142E-05 -0.10126796
v 0.011871199 0.00011054483 -0.10126796
v 0.0115249725 0.000111624715 -0.101523295
v 0.010486294 0.00011486436 -0.10165815
v 0.009536646 -1.5263817E-05 -0.101650655
v 0.010486295 -2.822256E-05 -0.1015214
v 0.010486294 0.00011486436 -0.10165815
v 0.008413884 0.00011702405 -0.10172037
v 0.0076571326 -6.624721E-06 -0.10170671
v 0.009536646 -1.5263817E-05 -0.101650655
v 0.010486295 -2.822256E-05 -0.1015214
v 0.009536646 -1.5263817E-05 -0.101650655
v 0.0076571326 -0.00011214632 -0.101645656
v 0.010486295 -2.822256E-05 -0.1015214
v 0.0076571326 -0.00011214632 -0.101645656
v 0.008413884 -0.00013574981 -0.101520166
v 0.009536646 -1.5263817E-05 -0.101650655
v 0.0076571326 -6.624721E-06 -0.10170671
v 0.006634941 -8.026364E-05 -0.101688266
v 0.0076571326 -0.00011214632 -0.101645656
v -0.0034418884 0.004010319 -0.100211464
v -0.0070030717 0.003956397 -0.100211464
v -0.009139782 0.003849542 -0.09947673
v -0.009139782 0.0038420367 -0.09875448
v -0.009139782 0.003851869 -0.09815725
v -0.009139781 0.003866527 -0.100211464
v -0.0105642555 0.0010380868 -0.09815727
v -0.0105642555 0.000795919 -0.09779768
v -0.0105642555 0.0010396941 -0.09779768
v -0.0105642555 0.0007959505 -0.097615704
v -0.0105642555 0.0010422657 -0.097615704
v -0.0105642555 0.0010461232 -0.097551376
v -0.0105642555 0.0007959978 -0.097551376
v -0.0105642555 0.00059851684 -0.097551376
v -0.0105642555 0.00060218514 -0.0976157
v -0.0105642555 0.00059331994 -0.09754467
v -0.0105642555 0.00079606485 -0.09754467
v -0.0105642555 0.001051588 -0.09754467
v -0.0105642555 0.00060463074 -0.09779766
v -0.0105642555 0.00079615536 -0.09753561
v -0.0105642555 0.0010589815 -0.09753561
v -0.0105642555 0.0014145685 -0.09753561
v -0.0105642555 0.00058628886 -0.09753561
v -0.0105642555 0.00038958073 -0.09753561
v -0.0105642555 0.00016622944 -0.09753561
v -0.0105642555 0.0019027177 -0.09753561
v -0.0105642555 0.0024608728 -0.09753561
v -0.0105642555 0.003026478 -0.09753561
v -0.0105642555 0.0035369764 -0.09753561
v -0.0105642555 0.003929812 -0.09753561
v 0.034316547 0.00082482875 -0.09676649
v 0.03327787 0.00082510663 -0.09721927
v 0.03232822 0.00066816085 -0.0972032
v 0.03327787 0.0006587669 -0.09676246
v 0.03327787 0.00082510663 -0.09721927
v 0.031205455 0.00082629285 -0.09735262
v 0.030448703 0.00067540345 -0.09732336
v 0.03232822 0.00066816085 -0.0972032
v 0.03327787 0.0006587669 -0.09676246
v 0.03232822 0.00066816085 -0.0972032
v 0.030448703 0.00058233703 -0.097192496
v 0.031205459 0.0005640476 -0.09675978
v 0.03232822 0.00066816085 -0.0972032
v 0.030448703 0.00067540345 -0.09732336
v 0.029426515 0.0006103448 -0.09728382
v 0.030448703 0.00058233703 -0.097192496
v 0.034316547 0.00082482875 -0.09676649
v 0.034662772 0.0010945785 -0.09676781
v 0.03359442 0.0010904218 -0.09722462
v 0.03327787 0.00082510663 -0.09721927
v 0.03327787 0.00082510663 -0.09721927
v 0.03359442 0.0010904218 -0.09722462
v 0.031457707 0.0010891682 -0.097362384
v 0.031205455 0.00082629285 -0.09735262
v 0.034316547 0.00082482875 -0.09676649
v 0.034662772 0.00082989474 -0.095728
v 0.03501889 0.0011040404 -0.095728
v 0.034662772 0.0010945785 -0.09676781
v 0.034662772 0.00082989474 -0.095728
v 0.034662772 0.00084092456 -0.093841195
v 0.03501889 0.0011212095 -0.093841195
v 0.03501889 0.0011040404 -0.095728
v 0.034662772 0.00085853797 -0.09084347
v 0.03501889 0.0011484872 -0.09084347
v 0.034662772 0.0008799793 -0.08699877
v 0.03501889 0.001182083 -0.08699877
v 0.03501889 0.0012182058 -0.082571045
v 0.034662772 0.0009024932 -0.082571045
v 0.03501889 0.0012530643 -0.077824265
v 0.034662772 0.00092332397 -0.077824265
v 0.034662772 0.0009397163 -0.07302239
v 0.03501889 0.0012828677 -0.07302239
v 0.034662772 0.00095217134 -0.06817918
v 0.03501889 0.0013074909 -0.06817918
v 0.03501889 0.0013268092 -0.06330843
v 0.034662772 0.00096119044 -0.06330843
v 0.03501889 0.0013406973 -0.0584239
v 0.034662772 0.0009672744 -0.0584239
v 0.034662772 0.0009709249 -0.05353937
v 0.03501889 0.0013490301 -0.05353937
v 0.034662772 0.0009719507 -0.048654843
v 0.03501889 0.0013518077 -0.048654836
v 0.03501889 0.0013490301 -0.043770313
v 0.034662772 0.0009701607 -0.043770313
v 0.035018887 0.0013406973 -0.038885787
v 0.03466277 0.00096536387 -0.038885787
v 0.03466277 0.0009573691 -0.034001257
v 0.035018887 0.0013268092 -0.034001257
v 0.034662765 0.0009463169 -0.029143568
v 0.035018884 0.00130761 -0.029143568
v 0.035018884 0.0012833431 -0.024339557
v 0.03466277 0.00093234755 -0.024339557
v 0.035018884 0.0012542527 -0.019616058
v 0.034662765 0.00091560156 -0.019616058
v 0.034662765 0.00089621916 -0.014999911
v 0.035018884 0.001220583 -0.014999911
v 0.034662765 0.0008761776 -0.010715885
v 0.035018884 0.0011857679 -0.010715885
v 0.035018884 0.0011532421 -0.00698875
v 0.03466277 0.00085745385 -0.00698875
v 0.035018884 0.0011264397 -0.004043272
v 0.034662765 0.0008420248 -0.004043272
v 0.034662765 0.00083186757 -0.0021042223
v 0.035018884 0.0011087952 -0.0021042223
v 0.034316547 0.00082482875 -0.09676649
v 0.03327787 0.0006587669 -0.09676246
v 0.03359442 0.0006601785 -0.095727995
v 0.034662772 0.00082989474 -0.095728
v 0.03327787 0.0006587669 -0.09676246
v 0.034662772 0.00082989474 -0.095728
v 0.03359442 0.0006601785 -0.095727995
v 0.03359442 0.000670089 -0.093841195
v 0.034662772 0.00084092456 -0.093841195
v 0.034662772 0.00085853797 -0.09084347
v 0.03359442 0.00068619166 -0.09084347
v 0.034662772 0.0008799793 -0.08699877
v 0.03359442 0.0007050181 -0.08699875
v 0.03359442 0.0007230997 -0.082571045
v 0.034662772 0.0009024932 -0.082571045
v 0.03359442 0.00073696807 -0.077824265
v 0.034662772 0.00092332397 -0.077824265
v 0.034662772 0.0009397163 -0.07302239
v 0.03359442 0.00074315467 -0.07302239
v 0.034662772 0.00095217134 -0.06817918
v 0.03359442 0.0007439134 -0.06817918
v 0.03359442 0.00074149825 -0.06330843
v 0.034662772 0.00096119044 -0.06330843
v 0.03359442 0.0007381632 -0.0584239
v 0.034662772 0.0009672744 -0.0584239
v 0.034662772 0.0009709249 -0.05353937
v 0.03359442 0.0007361621 -0.05353937
v 0.034662772 0.0009719507 -0.048654843
v 0.03359442 0.00073473086 -0.048654843
v 0.033594415 0.00073310506 -0.043770317
v 0.034662772 0.0009701607 -0.043770313
v 0.033594415 0.0007305207 -0.038885787
v 0.03466277 0.00096536387 -0.038885787
v 0.03466277 0.0009573691 -0.034001257
v 0.03359441 0.0007262133 -0.034001257
v 0.034662765 0.0009463169 -0.029143568
v 0.03359441 0.0007202586 -0.029143568
v 0.03359441 0.00071273226 -0.024339557
v 0.03466277 0.00093234755 -0.024339557
v 0.03359441 0.00070370996 -0.019616058
v 0.034662765 0.00091560156 -0.019616058
v 0.034662765 0.00089621916 -0.014999911
v 0.03359441 0.00069326727 -0.014999911
v 0.034662765 0.0008761776 -0.010715885
v 0.03359441 0.0006824693 -0.010715885
v 0.03359441 0.00067238143 -0.00698875
v 0.03466277 0.00085745385 -0.00698875
v 0.03359441 0.0006640686 -0.004043272
v 0.034662765 0.0008420248 -0.004043272
v 0.034662765 0.00083186757 -0.0021042223
v 0.03359441 0.00065859617 -0.0021042223
v 0.03431654 0.0008267603 -0.00094944006
v 0.03327786 0.00065915124 -0.00095726794
v -0.03299971 0.0008799757 -0.08699877
v -0.03299971 0.00090248947 -0.082571045
v -0.031931356 0.0007230962 -0.082571045
v -0.031931356 0.0007050145 -0.08699877
v -0.031931356 0.00073696463 -0.077824265
v -0.03299971 0.0009233204 -0.077824265
v -0.031931356 0.00068618817 -0.09084348
v -0.03299971 0.00085853436 -0.09084347
v -0.031931356 0.0006700855 -0.093841195
v -0.03299971 0.000840921 -0.09384121
v -0.03299971 0.00082989124 -0.095728
v -0.031931356 0.00066017505 -0.095728
v -0.03299971 0.00093971274 -0.07302239
v -0.031931356 0.0007431511 -0.07302239
v -0.03299971 0.0009521678 -0.06817918
v -0.031931356 0.0007439099 -0.06817918
v -0.031931356 0.0007414947 -0.06330843
v -0.03299971 0.0009611868 -0.06330843
v -0.031931356 0.0007381597 -0.0584239
v -0.03299971 0.0009672709 -0.058423903
v -0.032999713 0.00097092136 -0.053539377
v -0.03193136 0.0007361587 -0.053539377
v -0.032999713 0.0009719472 -0.048654847
v -0.03193136 0.00073472736 -0.04865485
v -0.03193136 0.0007331016 -0.04377032
v -0.032999713 0.0009701572 -0.04377032
v -0.03193136 0.00073051726 -0.038885795
v -0.032999713 0.0009653603 -0.038885795
v -0.032999713 0.00095736556 -0.03400127
v -0.03193136 0.0007262098 -0.03400127
v -0.032999713 0.0009463133 -0.029143576
v -0.03193136 0.0007202552 -0.029143577
v -0.03193136 0.0007127289 -0.024339566
v -0.032999713 0.000932344 -0.024339564
v -0.031931363 0.0007037066 -0.019616064
v -0.032999717 0.00091559795 -0.019616064
v -0.032999717 0.00089621556 -0.014999919
v -0.031931363 0.00069326384 -0.014999919
v -0.032999717 0.000876174 -0.010715893
v -0.031931363 0.00068246596 -0.010715893
v -0.031931363 0.000672378 -0.0069887564
v -0.032999717 0.0008574502 -0.0069887564
v -0.031931363 0.00066406507 -0.0040432783
v -0.032999717 0.00084202114 -0.0040432783
v -0.032999717 0.0008318641 -0.0021042281
v -0.031931363 0.00065859273 -0.002104228
v -0.03299971 0.0008799757 -0.08699877
v -0.03335583 0.0011820794 -0.08699875
v -0.03335583 0.0012182022 -0.082571045
v -0.03299971 0.00090248947 -0.082571045
v -0.03335583 0.0012530606 -0.077824265
v -0.03299971 0.0009233204 -0.077824265
v -0.03335583 0.0011484837 -0.09084347
v -0.03299971 0.00085853436 -0.09084347
v -0.03335583 0.0011212059 -0.093841195
v -0.03299971 0.000840921 -0.09384121
v -0.03299971 0.00082989124 -0.095728
v -0.03335583 0.0011040369 -0.095728
v -0.03299971 0.00093971274 -0.07302239
v -0.03335583 0.0012828641 -0.07302239
v -0.03299971 0.0009521678 -0.06817918
v -0.03335583 0.0013074875 -0.06817918
v -0.03335583 0.0013268057 -0.06330843
v -0.03299971 0.0009611868 -0.06330843
v -0.03335583 0.0013406936 -0.058423903
v -0.03299971 0.0009672709 -0.058423903
v -0.032999713 0.00097092136 -0.053539377
v -0.033355832 0.0013490263 -0.05353938
v -0.032999713 0.0009719472 -0.048654847
v -0.033355832 0.001351804 -0.048654847
v -0.033355832 0.0013490263 -0.04377032
v -0.032999713 0.0009701572 -0.04377032
v -0.033355832 0.0013406936 -0.038885795
v -0.032999713 0.0009653603 -0.038885795
v -0.032999713 0.00095736556 -0.03400127
v -0.033355832 0.0013268057 -0.03400127
v -0.032999713 0.0009463133 -0.029143576
v -0.033355832 0.0013076063 -0.029143576
v -0.033355832 0.0012833397 -0.024339564
v -0.032999713 0.000932344 -0.024339564
v -0.033355836 0.0012542494 -0.019616064
v -0.032999717 0.00091559795 -0.019616064
v -0.032999717 0.00089621556 -0.014999919
v -0.033355836 0.0012205795 -0.014999919
v -0.032999717 0.000876174 -0.010715893
v -0.033355836 0.0011857643 -0.010715893
v -0.033355836 0.0011532384 -0.0069887564
v -0.032999717 0.0008574502 -0.0069887564
v -0.033355836 0.001126436 -0.0040432783
v -0.032999717 0.00084202114 -0.0040432783
v -0.032999717 0.0008318641 -0.0021042281
v -0.033355836 0.0011087916 -0.0021042281
v -0.032653492 0.00082675676 -0.0009494457
v -0.031614814 0.0008264775 -0.00035677172
v -0.030665165 0.0006689177 -0.0003880827
v -0.031614814 0.00065914786 -0.00095727335
v -0.031614814 0.0008264775 -0.00035677172
v -0.029542405 0.00082698255 -9.69642E-05
v -0.028785652 0.00067580346 -0.00015399503
v -0.030665165 0.0006689177 -0.0003880827
v -0.030665165 0.0006689177 -0.0003880827
v -0.028785652 0.00067580346 -0.00015399503
v -0.027763462 0.0006106388 -0.00023103014
v -0.02878565 0.00058273703 -0.00040895664
v -0.032653492 0.00082675676 -0.0009494457
v -0.032999717 0.0010982599 -0.00094683643
v -0.031931363 0.0010927957 -0.0003463347
v -0.031614814 0.0008264775 -0.00035677172
v -0.031614814 0.0008264775 -0.00035677172
v -0.031931363 0.0010927957 -0.0003463347
v -0.029794654 0.0010903537 -7.7953926E-05
v -0.029542405 0.00082698255 -9.69642E-05
v -0.032653492 0.00082675676 -0.0009494457
v -0.032999717 0.0008318641 -0.0021042281
v -0.033355836 0.0011087916 -0.0021042281
v -0.032999717 0.0010982599 -0.00094683643
v -0.032653492 0.00082675676 -0.0009494457
v -0.031614814 0.00065914786 -0.00095727335
v -0.031931363 0.00065859273 -0.002104228
v -0.032999717 0.0008318641 -0.0021042281
v -0.009861918 0.002673923 0.0010354514
v -0.010208144 0.0026788001 0.00082935434
v -0.009139789 0.003290635 0.0008293545
v -0.00882324 0.0032711246 0.0010307928
v -0.010208144 0.0026788001 0.00082935434
v -0.010208144 0.0026788001 0.0006376772
v -0.009139789 0.0032906346 0.00063767744
v -0.009139789 0.003290635 0.0008293545
v -0.010208144 0.0026788001 0.00048859476
v -0.009139789 0.0032906346 0.0004885949
v -0.00882324 0.0032711246 0.0010307928
v -0.009139789 0.003290635 0.0008293545
v -0.0070030796 0.0037923332 0.00082935474
v -0.006750829 0.003756796 0.0010276872
v -0.009139789 0.003290635 0.0008293545
v -0.009139789 0.0032906346 0.00063767744
v -0.0070030796 0.0037923332 0.0006376776
v -0.0070030796 0.0037923332 0.00082935474
v -0.009139789 0.0032906346 0.0004885949
v -0.0070030796 0.0037923332 0.0004885951
v -0.009861918 0.002673923 0.0010354514
v -0.010208144 0.0020473732 0.0010370044
v -0.010564263 0.0020473732 0.00082935434
v -0.010208144 0.0026788001 0.00082935434
v -0.010208144 0.0026788001 0.00082935434
v -0.010564263 0.0020473732 0.00082935434
v -0.010564263 0.0020473732 0.0006376772
v -0.010208144 0.0026788001 0.0006376772
v -0.010208144 0.0026788001 0.00048859476
v -0.010564263 0.0020473732 0.00048859476
v -0.009861918 0.002673923 0.0010354514
v -0.00882324 0.00265929 0.001227794
v -0.009139789 0.0020473734 0.0012340057
v -0.010208144 0.0020473732 0.0010370044
v -0.00882324 0.00265929 0.001227794
v -0.006750829 0.0026495352 0.0013824222
v -0.0070030796 0.0020473734 0.0013937365
v -0.009139789 0.0020473734 0.0012340057
v -0.009861918 0.002673923 0.0010354514
v -0.00882324 0.0032711246 0.0010307928
v -0.007873591 0.003212593 0.0012091588
v -0.00882324 0.00265929 0.001227794
v -0.00882324 0.0032711246 0.0010307928
v -0.006750829 0.003756796 0.0010276872
v -0.0059940782 0.0036501857 0.0011967354
v -0.007873591 0.003212593 0.0012091588
v -0.00882324 0.00265929 0.001227794
v -0.007873591 0.003212593 0.0012091588
v -0.0059940782 0.0031735722 0.0013484797
v -0.006750829 0.0026495352 0.0013824222
v -0.007873591 0.003212593 0.0012091588
v -0.0059940782 0.0036501857 0.0011967354
v -0.0049718875 0.00350618 0.0013026313
v -0.0059940782 0.0031735722 0.0013484797
v -0.032653484 0.00082482514 -0.09676649
v -0.03299971 0.00082989124 -0.095728
v -0.031931356 0.00066017505 -0.095728
v -0.031614807 0.0006587636 -0.09676247
v -0.032653484 0.00082482514 -0.09676649
v -0.03299971 0.001094575 -0.096767835
v -0.03335583 0.0011040369 -0.095728
v -0.03299971 0.00082989124 -0.095728
v -0.032653484 0.00082482514 -0.09676649
v -0.031614807 0.0008251032 -0.09721928
v -0.031931356 0.0010904183 -0.09722463
v -0.03299971 0.001094575 -0.096767835
v -0.031614807 0.0008251032 -0.09721928
v -0.029542392 0.00082628964 -0.09735262
v -0.029794645 0.001089165 -0.09736239
v -0.031931356 0.0010904183 -0.09722463
v -0.032653484 0.00082482514 -0.09676649
v -0.031614807 0.0006587636 -0.09676247
v -0.030665154 0.00066815753 -0.0972032
v -0.031614807 0.0008251032 -0.09721928
v -0.031614807 0.0006587636 -0.09676247
v -0.029542398 0.0005640444 -0.09675978
v -0.02878564 0.00058233395 -0.097192496
v -0.030665154 0.00066815753 -0.0972032
v -0.031614807 0.0008251032 -0.09721928
v -0.030665154 0.00066815753 -0.0972032
v -0.02878564 0.0006754004 -0.09732336
v -0.029542392 0.00082628964 -0.09735262
v -0.030665154 0.00066815753 -0.0972032
v -0.02878564 0.00058233395 -0.097192496
v -0.027763452 0.0006103418 -0.09728382
v -0.02878564 0.0006754004 -0.09732336
v 0.023543965 0.00081880373 -0.09747465
v 0.019171622 0.00081156875 -0.09749312
v 0.018637445 0.0006215787 -0.09746262
v 0.023306552 0.0006483391 -0.09743719
v 0.027342562 0.0006675385 -0.09739605
v 0.02775803 0.0008239518 -0.09743279
v 0.019171622 0.00081156875 -0.09749312
v 0.01552141 0.00080448104 -0.097501375
v 0.014720144 0.00059708604 -0.09748144
v 0.018637445 0.0006215787 -0.09746262
v 0.01347373 0.0007997747 -0.09751262
v 0.012939553 0.0005846899 -0.097502775
v 0.01253892 0.00079711224 -0.097524725
v 0.012405376 0.00058191596 -0.09752227
v 0.023306552 0.0006483391 -0.09743719
v 0.018637445 0.0006215787 -0.09746262
v 0.01810327 0.0005083436 -0.097386785
v 0.023103764 0.0005496776 -0.09735872
v 0.018637445 0.0006215787 -0.09746262
v 0.014720144 0.00059708604 -0.09748144
v 0.012227318 0.00039642357 -0.09743569
v 0.01810327 0.0005083436 -0.097386785
v 0.027896523 0.001088416 -0.097445026
v 0.023306552 0.0006483391 -0.09743719
v 0.023103764 0.0005496776 -0.09735872
v 0.027065579 0.00058205693 -0.09732336
v 0.027342562 0.0006675385 -0.09739605
v 0.02775803 0.0008239518 -0.09743279
v 0.027342562 0.0006675385 -0.09739605
v 0.030448703 0.00067540345 -0.09732336
v 0.031205455 0.00082629285 -0.09735262
v 0.027342562 0.0006675385 -0.09739605
v 0.027065579 0.00058205693 -0.09732336
v 0.029426515 0.0006103448 -0.09728382
v 0.030448703 0.00067540345 -0.09732336
v 0.03431654 0.0008267603 -0.00094944006
v 0.034662765 0.0010982635 -0.0009468308
v 0.035018884 0.0011087952 -0.0021042223
v 0.034662765 0.00083186757 -0.0021042223
v 0.03431654 0.0008267603 -0.00094944006
v 0.03327786 0.0008264808 -0.00035676625
v 0.033594407 0.0010927991 -0.0003463292
v 0.034662765 0.0010982635 -0.0009468308
v 0.03327786 0.0008264808 -0.00035676625
v 0.03120545 0.0008269856 -9.695908E-05
v 0.0314577 0.0010903568 -7.794877E-05
v 0.033594407 0.0010927991 -0.0003463292
v 0.03431654 0.0008267603 -0.00094944006
v 0.03327786 0.00065915124 -0.00095726794
v 0.03232821 0.000668921 -0.00038807737
v 0.03327786 0.0008264808 -0.00035676625
v 0.03327786 0.0008264808 -0.00035676625
v 0.03232821 0.000668921 -0.00038807737
v 0.030448696 0.00067580654 -0.00015399004
v 0.03120545 0.0008269856 -9.695908E-05
v 0.03232821 0.000668921 -0.00038807737
v 0.030448698 0.00058274006 -0.0004089516
v 0.029426508 0.00061064184 -0.0002310253
v 0.030448696 0.00067580654 -0.00015399004
v -0.021880912 0.0008143918 0.00014431516
v -0.01750857 0.00079364947 0.00019086333
v -0.016974393 0.00054733513 0.00012827721
v -0.0216435 0.000629819 7.05195E-05
v -0.01750857 0.00079364947 0.00019086333
v -0.013858358 0.0007673475 0.00022915288
v -0.013057091 0.00044212682 0.00018559511
v -0.016974393 0.00054733513 0.00012827721
v -0.0216435 0.000629819 7.05195E-05
v -0.016974393 0.00054733513 0.00012827721
v -0.016440216 0.0003969792 -2.3461276E-05
v -0.02144071 0.00052186905 -8.3340645E-05
v -0.016974393 0.00054733513 0.00012827721
v -0.013057091 0.00044212682 0.00018559511
v -0.010564263 -1.9452846E-05 8.365689E-05
v -0.016974393 0.00054733513 0.00012827721
v -0.010564263 -1.9452846E-05 8.365689E-05
v -0.016440216 0.0003969792 -2.3461276E-05
v -0.021880912 0.0008143918 0.00014431516
v -0.021960048 0.0010881561 0.0001689137
v -0.01768663 0.0010879121 0.00021172536
v -0.01750857 0.00079364947 0.00019086333
v -0.014125446 0.0010879122 0.00024367213
v -0.013858358 0.0007673475 0.00022915288
v -0.02623347 0.0010888886 8.3074745E-05
v -0.02609498 0.00082422845 5.92187E-05
v -0.029794654 0.0010903537 -7.7953926E-05
v -0.029542405 0.00082698255 -9.69642E-05
v -0.011810677 0.00074083236 0.00028947345
v -0.011988736 0.0010879125 0.00029691646
v -0.021880912 0.0008143918 0.00014431516
v -0.0216435 0.000629819 7.05195E-05
v -0.025679508 0.0006677062 -1.2349443E-05
v -0.02609498 0.00082422845 5.92187E-05
v -0.0216435 0.000629819 7.05195E-05
v -0.02144071 0.00052186905 -8.3340645E-05
v -0.025402525 0.00058219186 -0.00015399476
v -0.025679508 0.0006677062 -1.2349443E-05
v -0.02609498 0.00082422845 5.92187E-05
v -0.025679508 0.0006677062 -1.2349443E-05
v -0.028785652 0.00067580346 -0.00015399503
v -0.029542405 0.00082698255 -9.69642E-05
v -0.025679508 0.0006677062 -1.2349443E-05
v -0.025402525 0.00058219186 -0.00015399476
v -0.027763462 0.0006106388 -0.00023103014
v -0.028785652 0.00067580346 -0.00015399503
v -0.03193136 0.00073051726 -0.038885795
v -0.03193136 0.0007331016 -0.04377032
v -0.03193136 0.00073472736 -0.04865485
v -0.03193136 0.0007361587 -0.053539377
v -0.031931356 0.0007381597 -0.0584239
v -0.031931356 0.0007414947 -0.06330843
v -0.031931356 0.0007439099 -0.06817918
v -0.031931356 0.0007431511 -0.07302239
v 0.023543961 0.0008143941 0.000144319
v 0.027758028 0.0008242312 5.9223243E-05
v 0.027342552 0.00066770887 -1.2344964E-05
v 0.023306545 0.0006298213 7.052329E-05
v 0.027758028 0.0008242312 5.9223243E-05
v 0.03120545 0.0008269856 -9.695908E-05
v 0.030448696 0.00067580654 -0.00015399004
v 0.027342552 0.00066770887 -1.2344964E-05
v 0.023306545 0.0006298213 7.052329E-05
v 0.027342552 0.00066770887 -1.2344964E-05
v 0.027065575 0.00058219454 -0.00015399033
v 0.023103759 0.0005218714 -8.333688E-05
v 0.027342552 0.00066770887 -1.2344964E-05
v 0.030448696 0.00067580654 -0.00015399004
v 0.029426508 0.00061064184 -0.0002310253
v 0.027065575 0.00058219454 -0.00015399033
v 0.023543961 0.0008143941 0.000144319
v 0.023623096 0.0010881585 0.00016891756
v 0.027896516 0.0010888913 8.307931E-05
v 0.027758028 0.0008242312 5.9223243E-05
v 0.0314577 0.0010903568 -7.794877E-05
v 0.03120545 0.0008269856 -9.695908E-05
v 0.019349676 0.0010879141 0.0002117285
v 0.019171618 0.0007936513 0.00019086644
v 0.015788492 0.0010879139 0.0002436747
v 0.015521403 0.000767349 0.00022915538
v 0.013473723 0.0007408337 0.00028947563
v 0.013651782 0.0010879138 0.00029691868
v 0.023543961 0.0008143941 0.000144319
v 0.023306545 0.0006298213 7.052329E-05
v 0.018637441 0.000547337 0.00012828026
v 0.019171618 0.0007936513 0.00019086644
v 0.023306545 0.0006298213 7.052329E-05
v 0.023103759 0.0005218714 -8.333688E-05
v 0.018103262 0.00039698096 -2.3458353E-05
v 0.018637441 0.000547337 0.00012828026
v 0.019171618 0.0007936513 0.00019086644
v 0.018637441 0.000547337 0.00012828026
v 0.014720138 0.00044212825 0.00018559746
v 0.015521403 0.000767349 0.00022915538
v 0.018637441 0.000547337 0.00012828026
v 0.018103262 0.00039698096 -2.3458353E-05
v 0.012227311 -1.9451647E-05 8.365881E-05
v 0.018637441 0.000547337 0.00012828026
v 0.012227311 -1.9451647E-05 8.365881E-05
v 0.014720138 0.00044212825 0.00018559746
v -0.021880902 0.00081880135 -0.09747465
v -0.026094967 0.00082394894 -0.09743279
v -0.025679499 0.0006675357 -0.09739605
v -0.021643493 0.00064833683 -0.09743719
v -0.016974386 0.0006215769 -0.09746262
v -0.017508563 0.0008115669 -0.09749311
v -0.026094967 0.00082394894 -0.09743279
v -0.029542392 0.00082628964 -0.09735262
v -0.02878564 0.0006754004 -0.09732336
v -0.025679499 0.0006675357 -0.09739605
v -0.021643493 0.00064833683 -0.09743719
v -0.025679499 0.0006675357 -0.09739605
v -0.02540252 0.00058205414 -0.09732336
v -0.021440703 0.0005496753 -0.09735872
v -0.025679499 0.0006675357 -0.09739605
v -0.02878564 0.0006754004 -0.09732336
v -0.027763452 0.0006103418 -0.09728382
v -0.02540252 0.00058205414 -0.09732336
v -0.02196004 0.0010873944 -0.097487144
v -0.02623346 0.0010884132 -0.097445026
v -0.026094967 0.00082394894 -0.09743279
v -0.029794645 0.001089165 -0.09736239
v -0.029542392 0.00082628964 -0.09735262
v -0.021643493 0.00064833683 -0.09743719
v -0.021440703 0.0005496753 -0.09735872
v -0.016440209 0.0005083418 -0.097386785
v -0.016974386 0.0006215769 -0.09746262
v -0.017508563 0.0008115669 -0.09749311
v -0.016974386 0.0006215769 -0.09746262
v -0.013057085 0.00059708464 -0.09748144
v -0.01385835 0.0008044797 -0.097501375
v -0.01181067 0.0007997735 -0.09751262
v -0.011276493 0.0005846886 -0.09750278
v -0.010875857 0.00079711113 -0.097524725
v -0.010742315 0.0005819148 -0.09752227
v -0.016974386 0.0006215769 -0.09746262
v -0.016440209 0.0005083418 -0.097386785
v -0.0105642555 0.0003964223 -0.09743569
v -0.013057085 0.00059708464 -0.09748144
v -0.010742315 0.0005819148 -0.09752227
v -0.011276493 0.0005846886 -0.09750278
v -0.0105642555 0.00037189547 -0.09749622
v -0.010742315 0.0005819148 -0.09752227
v -0.0105642555 0.00037189547 -0.09749622
v -0.0105642555 0.0003752242 -0.097520635
v -0.011276493 0.0005846886 -0.09750278
v -0.013057085 0.00059708464 -0.09748144
v -0.0105642555 0.0003964223 -0.09743569
v -0.011276493 0.0005846886 -0.09750278
v -0.0105642555 0.0003964223 -0.09743569
v -0.0105642555 0.00037189547 -0.09749622
v -0.010742315 0.0005819148 -0.09752227
v -0.0105642555 0.0003752242 -0.097520635
v -0.0105642555 0.00038958073 -0.09753561
v -0.010742315 0.0005819148 -0.09752227
v -0.0105642555 0.00038958073 -0.09753561
v -0.0105642555 0.00058628886 -0.09753561
v 0.012227315 0.0024608742 -0.09753561
v 0.012227315 0.0030264792 -0.09753561
v 0.012227315 0.0035369778 -0.09753561
v 0.012227315 0.0039298134 -0.09753561
v -0.0105642555 0.0049232855 -0.09749769
v -0.008249487 0.0051216125 -0.097481705
v -0.0105642555 0.005435674 -0.0974112
v -0.012879024 0.005137961 -0.09747383
v -0.0036199482 0.004922487 -0.09751412
v -0.004154126 0.0052144886 -0.09747015
v 0.0008315304 0.0049501276 -0.097512946
v 0.0008315304 0.0052345637 -0.09746546
v 0.0058171866 0.005214489 -0.09747015
v 0.0052830093 0.004922487 -0.09751412
v 0.008977737 0.0048314026 -0.09751701
v 0.012227315 0.004923287 -0.0974977
v 0.012227315 0.005435676 -0.0974112
v 0.014542084 0.005137962 -0.09747383
v -0.0105642555 0.003929812 -0.09753561
v -0.0105642555 0.0035369764 -0.09753561
v -0.0105642555 0.003026478 -0.09753561
v -0.0105642555 0.0024608728 -0.09753561
v -0.0105642555 0.0019027177 -0.09753561
v 0.0008315304 0.0052345637 -0.09746546
v 0.00083153043 0.0054828105 -0.09737728
v -0.0046883035 0.005473412 -0.09738429
v -0.004154126 0.0052144886 -0.09747015
v 0.006351365 0.005473412 -0.09738429
v 0.0058171866 0.005214489 -0.09747015
v 0.012405376 0.00058191596 -0.09752227
v 0.012227315 0.0003752254 -0.097520635
v 0.012227316 0.00037189666 -0.09749622
v 0.012405376 0.00058191596 -0.09752227
v 0.012227316 0.00037189666 -0.09749622
v 0.012939553 0.0005846899 -0.097502775
v 0.012939553 0.0005846899 -0.097502775
v 0.012227316 0.00037189666 -0.09749622
v 0.012227318 0.00039642357 -0.09743569
v 0.012939553 0.0005846899 -0.097502775
v 0.012227318 0.00039642357 -0.09743569
v 0.014720144 0.00059708604 -0.09748144
v 0.012405376 0.00058191596 -0.09752227
v 0.012227315 0.0005862901 -0.09753561
v 0.012227315 0.00038958187 -0.09753561
v 0.012405376 0.00058191596 -0.09752227
v 0.012227315 0.00038958187 -0.09753561
v 0.012227315 0.0003752254 -0.097520635
v 0.0008315304 -0.00066128356 -0.09752571
v 0.0008315304 -0.00070626213 -0.097516514
v 0.0045509883 -0.00066423323 -0.097517125
v 0.0049664592 -0.00062410336 -0.097525865
v -0.0028879275 -0.00066423364 -0.097517125
v -0.0033033986 -0.00062410376 -0.097525865
v 0.0008315304 -0.00070626213 -0.097516514
v 0.0008315304 -0.0006648909 -0.09750912
v 0.0042740074 -0.0006236803 -0.09751025
v 0.0045509883 -0.00066423323 -0.097517125
v -0.0026109465 -0.00062368065 -0.09751025
v -0.0028879275 -0.00066423364 -0.097517125
v 0.0049664592 -0.00062410336 -0.097525865
v 0.0045509883 -0.00066423323 -0.097517125
v 0.0076571307 -0.0005527583 -0.09751774
v 0.008413883 -0.00051621575 -0.097526014
v 0.0045509883 -0.00066423323 -0.097517125
v 0.0042740074 -0.0006236803 -0.09751025
v 0.006634939 -0.00054184423 -0.09751251
v 0.0076571307 -0.0005527583 -0.09751774
v -0.0033033986 -0.00062410376 -0.097525865
v -0.006750822 -0.00051621656 -0.097526014
v -0.00599407 -0.000552759 -0.09751774
v -0.0028879275 -0.00066423364 -0.097517125
v -0.0028879275 -0.00066423364 -0.097517125
v -0.00599407 -0.000552759 -0.09751774
v -0.004971879 -0.0005418448 -0.09751251
v -0.0026109465 -0.00062368065 -0.09751025
v 0.008413883 -0.00051621575 -0.097526014
v -0.010386196 0.00013067416 -0.09752227
v -0.0105642555 0.0003752242 -0.097520635
v -0.0105642555 0.00037189547 -0.09749622
v -0.010386196 0.00013067416 -0.09752227
v -0.0105642555 0.00037189547 -0.09749622
v -0.009852018 0.000103489714 -0.097502775
v -0.009906426 -0.00011905297 -0.097524814
v -0.0105642555 0.00016622944 -0.09753561
v -0.010208136 -6.0646897E-05 -0.09753561
v -0.009852018 0.000103489714 -0.097502775
v -0.0105642555 0.00037189547 -0.09749622
v -0.0105642555 0.0003964223 -0.09743569
v -0.009852018 0.000103489714 -0.097502775
v -0.0105642555 0.0003964223 -0.09743569
v -0.008071427 7.4864154E-05 -0.09748144
v -0.010386196 0.00013067416 -0.09752227
v -0.0105642555 0.00016622944 -0.09753561
v -0.0105642555 0.00038958073 -0.09753561
v -0.010386196 0.00013067416 -0.09752227
v -0.0105642555 0.00038958073 -0.09753561
v -0.0105642555 0.0003752242 -0.097520635
v -0.009906426 -0.00011905297 -0.097524814
v -0.008823233 -0.00034127472 -0.097525865
v -0.009139782 -0.00026793024 -0.09753561
v -0.009906426 -0.00011905297 -0.097524814
v -0.009139782 -0.00026793024 -0.09753561
v -0.010208136 -6.0646897E-05 -0.09753561
v -0.008823233 -0.00034127472 -0.097525865
v -0.007873584 -0.0003864494 -0.097517125
v -0.00599407 -0.000552759 -0.09751774
v -0.006750822 -0.00051621656 -0.097526014
v 0.011871198 6.6524415E-05 -0.0976157
v 0.012227315 0.00024571194 -0.0976157
v 0.012227315 0.00025793986 -0.09779766
v 0.011871198 8.608904E-05 -0.09779767
v 0.011871198 6.6524415E-05 -0.0976157
v 0.011871197 3.717746E-05 -0.097551376
v 0.012227315 0.00022737011 -0.097551376
v 0.012227315 0.00024571194 -0.0976157
v 0.011871198 6.6524415E-05 -0.0976157
v 0.010802842 -9.307022E-05 -0.0976157
v 0.010802842 -0.00013342229 -0.097551376
v 0.011871197 3.717746E-05 -0.097551376
v 0.010802842 -9.307022E-05 -0.0976157
v 0.0086661335 -0.0002179021 -0.0976157
v 0.0086661335 -0.0002674251 -0.097551376
v 0.010802842 -0.00013342229 -0.097551376
v 0.011871198 6.6524415E-05 -0.0976157
v 0.011871198 8.608904E-05 -0.09779767
v 0.010802844 -6.6168854E-05 -0.09779767
v 0.010802842 -9.307022E-05 -0.0976157
v 0.010802844 -6.6168854E-05 -0.09779767
v 0.012538912 0.00072086725 0.00037492384
v 0.013473723 0.0007408337 0.00028947563
v 0.012939544 0.0003360674 0.00026714653
v 0.012405368 0.00025620224 0.00036934158
v 0.013473723 0.0007408337 0.00028947563
v 0.015521403 0.000767349 0.00022915538
v 0.014720138 0.00044212825 0.00018559746
v 0.012939544 0.0003360674 0.00026714653
v 0.012405368 0.00025620224 0.00036934158
v 0.012939544 0.0003360674 0.00026714653
v 0.012227309 -0.00034246175 0.00025226042
v 0.012405368 0.00025620224 0.00036934158
v 0.012227309 -0.00034246175 0.00025226042
v 0.012227307 -0.00046225946 0.00036562
v 0.012939544 0.0003360674 0.00026714653
v 0.014720138 0.00044212825 0.00018559746
v 0.012227311 -1.9451647E-05 8.365881E-05
v 0.012939544 0.0003360674 0.00026714653
v 0.012227311 -1.9451647E-05 8.365881E-05
v 0.012227309 -0.00034246175 0.00025226042
v 0.012538912 0.00072086725 0.00037492384
v 0.012583427 0.0010879138 0.00037678456
v 0.013651782 0.0010879138 0.00029691868
v 0.013473723 0.0007408337 0.00028947563
v 0.013651782 0.0014868975 0.00029691868
v 0.012583427 0.0014868972 0.00037678462
v 0.012583426 0.0020473744 0.00037678456
v 0.013651782 0.0020473746 0.00029691868
v 0.012227307 0.0026858568 0.00037654495
v 0.0132956635 0.0027070218 0.00029596023
v 0.012538912 0.00072086725 0.00037492384
v 0.012227307 0.0007142119 0.00048859674
v 0.012227307 0.0010879138 0.00048859674
v 0.012583427 0.0010879138 0.00037678456
v 0.012227307 0.0014868972 0.00048859674
v 0.012583427 0.0014868972 0.00037678462
v 0.012583426 0.0020473744 0.00037678456
v 0.012227307 0.0020473744 0.00048859674
v 0.012538912 0.00072086725 0.00037492384
v 0.012405368 0.00025620224 0.00036934158
v 0.012227307 0.00022958049 0.00048859674
v 0.012227307 0.0007142119 0.00048859674
v 0.012405368 0.00025620224 0.00036934158
v 0.012227307 -0.00046225946 0.00036562
v 0.012227307 -0.000502192 0.00048859674
v 0.012405368 0.00025620224 0.00036934158
v 0.012227307 -0.000502192 0.00048859674
v 0.012227307 0.00022958049 0.00048859674
v -0.010564263 0.0026858554 0.00037654303
v -0.0116326185 0.0027070204 0.0002959581
v -0.010564264 0.003403514 0.00029308302
v -0.009495908 0.0033188546 0.0003758243
v -0.009495908 0.0033188546 0.0003758243
v -0.010564264 0.003403514 0.00029308302
v -0.008249494 0.0039916355 0.00029116645
v -0.007314683 0.003842159 0.0003753453
v -0.010564263 0.0026858554 0.00037654303
v -0.010920381 0.0020473732 0.00037678255
v -0.011988735 0.0020473732 0.00029691646
v -0.0116326185 0.0027070204 0.0002959581
v -0.011988736 0.0014868961 0.00029691646
v -0.010920381 0.0014868962 0.00037678255
v -0.010920381 0.0010879126 0.00037678255
v -0.011988736 0.0010879125 0.00029691646
v -0.010875866 0.00072086614 0.0003749218
v -0.011810677 0.00074083236 0.00028947345
v -0.010564263 0.0026858554 0.00037654303
v -0.010208144 0.0026788001 0.00048859476
v -0.010564263 0.0020473732 0.00048859476
v -0.010920381 0.0020473732 0.00037678255
v -0.010920381 0.0020473732 0.00037678255
v -0.010564263 0.0020473732 0.00048859476
v -0.010564263 0.0014868962 0.00048859476
v -0.010920381 0.0014868962 0.00037678255
v -0.010920381 0.0010879126 0.00037678255
v -0.010564263 0.0010879126 0.00048859476
v -0.010875866 0.00072086614 0.0003749218
v -0.010564263 0.0007142108 0.00048859476
v -0.010564263 0.0026858554 0.00037654303
v -0.009495908 0.0033188546 0.0003758243
v -0.009139789 0.0032906346 0.0004885949
v -0.010208144 0.0026788001 0.00048859476
v -0.009495908 0.0033188546 0.0003758243
v -0.007314683 0.003842159 0.0003753453
v -0.0070030796 0.0037923332 0.0004885951
v -0.009139789 0.0032906346 0.0004885949
v -0.009861918 -0.0029040533 0.0010354514
v -0.010208144 -0.0016173183 0.0010370044
v -0.009139789 -0.0016173183 0.0012340057
v -0.00882324 -0.0028732428 0.001227794
v -0.009861918 -0.0029040533 0.0010354514
v -0.010208144 -0.0029143232 0.00082935434
v -0.010564263 -0.0016173184 0.00082935434
v -0.010208144 -0.0016173183 0.0010370044
v -0.009861918 -0.0029040533 0.0010354514
v -0.00882324 -0.004150655 0.0010307927
v -0.009139789 -0.0041917353 0.0008293545
v -0.010208144 -0.0029143232 0.00082935434
v -0.00882324 -0.004150655 0.0010307927
v -0.006750829 -0.005173257 0.0010276871
v -0.0070030796 -0.0052480814 0.00082935457
v -0.00882324 -0.004150655 0.0010307927
v -0.0070030796 -0.0052480814 0.00082935457
v -0.009139789 -0.0041917353 0.0008293545
v -0.009861918 -0.0029040533 0.0010354514
v -0.00882324 -0.0028732428 0.001227794
v -0.007873591 -0.0040274146 0.0012091588
v -0.00882324 -0.004150655 0.0010307927
v -0.00882324 -0.0028732428 0.001227794
v -0.006750829 -0.002852703 0.0013824223
v -0.0059940782 -0.0039452543 0.0013484795
v -0.007873591 -0.0040274146 0.0012091588
v -0.00882324 -0.004150655 0.0010307927
v -0.007873591 -0.0040274146 0.0012091588
v -0.0059940782 -0.004948783 0.0011967354
v -0.006750829 -0.005173257 0.0010276871
v -0.007873591 -0.0040274146 0.0012091588
v -0.0059940782 -0.0039452543 0.0013484795
v -0.0049718875 -0.0046455734 0.001302631
v -0.0059940782 -0.004948783 0.0011967354
v 0.00083152245 -0.0059933923 0.00037781888
v 0.00083152245 -0.005694094 0.00030105878
v -0.0028879354 -0.0055062994 0.00030519968
v -0.0033034065 -0.005787991 0.00037885385
v 0.0045509804 -0.0055062994 0.00030520032
v 0.004966452 -0.005787991 0.00037885457
v -0.0033034065 -0.005787991 0.00037885385
v -0.0028879354 -0.0055062994 0.00030519968
v -0.005994078 -0.004948783 0.0003093406
v -0.006750829 -0.005173257 0.00037988886
v 0.004966452 -0.005787991 0.00037885457
v 0.008413875 -0.005173256 0.00037989012
v 0.0076571237 -0.0049487827 0.0003093418
v 0.0045509804 -0.0055062994 0.00030520032
v 0.00083152245 -0.0059933923 0.00037781888
v 0.00083152245 -0.006093158 0.0004885958
v 0.0051049422 -0.005881889 0.00048859615
v 0.004966452 -0.005787991 0.00037885457
v 0.004966452 -0.005787991 0.00037885457
v 0.0051049422 -0.005881889 0.00048859615
v 0.008666125 -0.005248081 0.00048859644
v 0.008413875 -0.005173256 0.00037989012
v 0.00083152245 -0.0059933923 0.00037781888
v -0.0033034065 -0.005787991 0.00037885385
v -0.0034418972 -0.0058818893 0.0004885954
v 0.00083152245 -0.006093158 0.0004885958
v -0.0033034065 -0.005787991 0.00037885385
v -0.006750829 -0.005173257 0.00037988886
v -0.00700308 -0.0052480814 0.0004885951
v -0.0034418972 -0.0058818893 0.0004885954
v -0.010875866 0.00072086614 0.0003749218
v -0.010742321 0.00025620108 0.00036933957
v -0.011276498 0.00033606618 0.00026714447
v -0.011810677 0.00074083236 0.00028947345
v -0.010742321 0.00025620108 0.00036933957
v -0.010564263 -0.00046226065 0.0003656181
v -0.010564263 -0.0003424629 0.0002522585
v -0.010742321 0.00025620108 0.00036933957
v -0.010564263 -0.0003424629 0.0002522585
v -0.011276498 0.00033606618 0.00026714447
v -0.011810677 0.00074083236 0.00028947345
v -0.011276498 0.00033606618 0.00026714447
v -0.013057091 0.00044212682 0.00018559511
v -0.013858358 0.0007673475 0.00022915288
v -0.011276498 0.00033606618 0.00026714447
v -0.010564263 -0.0003424629 0.0002522585
v -0.010564263 -1.9452846E-05 8.365689E-05
v -0.011276498 0.00033606618 0.00026714447
v -0.010564263 -1.9452846E-05 8.365689E-05
v -0.013057091 0.00044212682 0.00018559511
v -0.010875866 0.00072086614 0.0003749218
v -0.010564263 0.0007142108 0.00048859476
v -0.010564263 0.00022957934 0.00048859476
v -0.010742321 0.00025620108 0.00036933957
v -0.010742321 0.00025620108 0.00036933957
v -0.010564263 0.00022957934 0.00048859476
v -0.010564263 -0.00050219323 0.00048859476
v -0.010742321 0.00025620108 0.00036933957
v -0.010564263 -0.00050219323 0.00048859476
v -0.010564263 -0.00046226065 0.0003656181
v 0.011569479 -0.002897397 0.0003754414
v 0.012049249 -0.0015906955 0.00036934152
v 0.011515073 -0.0015108304 0.00026714636
v 0.010664346 -0.0028466203 0.000291546
v 0.009536637 -0.0040274137 0.00030520072
v 0.010486285 -0.004150654 0.000378855
v 0.012049249 -0.0015906955 0.00036934152
v 0.012227307 -0.00046225946 0.00036562
v 0.012227309 -0.00034246175 0.00025226042
v 0.012049249 -0.0015906955 0.00036934152
v 0.012227309 -0.00034246175 0.00025226042
v 0.011515073 -0.0015108304 0.00026714636
v 0.011515073 -0.0015108304 0.00026714636
v 0.012227309 -0.00034246175 0.00025226042
v 0.012227311 -1.9451647E-05 8.365881E-05
v 0.00973448 -0.0014624852 0.00018559703
v 0.011569479 -0.002897397 0.0003754414
v 0.01187119 -0.0029143223 0.00048859674
v 0.012227307 -0.001617317 0.00048859674
v 0.012049249 -0.0015906955 0.00036934152
v 0.012049249 -0.0015906955 0.00036934152
v 0.012227307 -0.001617317 0.00048859674
v 0.012227307 -0.000502192 0.00048859674
v 0.012049249 -0.0015906955 0.00036934152
v 0.012227307 -0.000502192 0.00048859674
v 0.012227307 -0.00046225946 0.00036562
v 0.011569479 -0.002897397 0.0003754414
v 0.010486285 -0.004150654 0.000378855
v 0.010802835 -0.0041917344 0.0004885966
v 0.01187119 -0.0029143223 0.00048859674
v 0.010486285 -0.004150654 0.000378855
v 0.008413875 -0.005173256 0.00037989012
v 0.008666125 -0.005248081 0.00048859644
v 0.010802835 -0.0041917344 0.0004885966
v 0.010486285 -0.004150654 0.000378855
v 0.009536637 -0.0040274137 0.00030520072
v 0.0076571237 -0.0049487827 0.0003093418
v 0.008413875 -0.005173256 0.00037989012
v 0.00083152245 0.0042527774 0.0003763044
v 0.00083152245 0.004430031 0.0002950008
v 0.005817178 0.0043261647 0.00029308442
v 0.005283001 0.004151556 0.00037582556
v -0.0041541336 0.0043261643 0.00029308358
v -0.003619956 0.0041515557 0.00037582483
v 0.00083152245 0.004430031 0.0002950008
v 0.00083152245 0.004800608 0.00024079825
v 0.006351356 0.004707521 0.00023792352
v 0.005817178 0.0043261647 0.00029308442
v 0.012227309 0.004361119 0.00022689186
v 0.009912539 0.0039916364 0.00029116796
v -0.004688311 0.0047075204 0.0002379226
v -0.0041541336 0.0043261643 0.00029308358
v -0.010564263 0.004361118 0.00022688991
v -0.008249494 0.0039916355 0.00029116645
v 0.005283001 0.004151556 0.00037582556
v 0.005817178 0.0043261647 0.00029308442
v 0.009912539 0.0039916364 0.00029116796
v 0.008977729 0.0038421596 0.0003753467
v -0.003619956 0.0041515557 0.00037582483
v -0.007314683 0.003842159 0.0003753453
v -0.008249494 0.0039916355 0.00029116645
v -0.0041541336 0.0043261643 0.00029308358
v 0.00083152245 0.0042527774 0.0003763044
v 0.0008315226 0.0041936925 0.0004885958
v -0.003441897 0.0040933522 0.0004885954
v -0.003619956 0.0041515557 0.00037582483
v 0.0051049422 0.004093353 0.00048859615
v 0.005283001 0.004151556 0.00037582556
v -0.003619956 0.0041515557 0.00037582483
v -0.003441897 0.0040933522 0.0004885954
v -0.0070030796 0.0037923332 0.0004885951
v -0.007314683 0.003842159 0.0003753453
v 0.005283001 0.004151556 0.00037582556
v 0.008977729 0.0038421596 0.0003753467
v 0.008666125 0.003792334 0.00048859644
v 0.0051049422 0.004093353 0.00048859615
v 0.012227307 0.0026858568 0.00037654495
v 0.011158953 0.003318856 0.0003758261
v 0.012227307 0.0034035156 0.00029308494
v 0.0132956635 0.0027070218 0.00029596023
v 0.011158953 0.003318856 0.0003758261
v 0.008977729 0.0038421596 0.0003753467
v 0.009912539 0.0039916364 0.00029116796
v 0.012227307 0.0034035156 0.00029308494
v 0.012227307 0.0026858568 0.00037654495
v 0.01187119 0.0026788018 0.00048859674
v 0.010802835 0.0032906362 0.0004885966
v 0.011158953 0.003318856 0.0003758261
v 0.011158953 0.003318856 0.0003758261
v 0.010802835 0.0032906362 0.0004885966
v 0.008666125 0.003792334 0.00048859644
v 0.008977729 0.0038421596 0.0003753467
v 0.012227307 0.0026858568 0.00037654495
v 0.012583426 0.0020473744 0.00037678456
v 0.012227307 0.0020473744 0.00048859674
v 0.01187119 0.0026788018 0.00048859674
vn -0.7682272 0.54966944 -0.3281621
vn -0.7682272 0.54966944 -0.3281621
vn -0.7682272 0.54966944 -0.3281621
vn -0.7682272 0.54966944 -0.3281621
vn -0.8340419 0.5476266 -0.066927455
vn -0.8340419 0.5476266 -0.066927455
vn -0.8340419 0.5476266 -0.066927455
vn -0.8340419 0.5476266 -0.066927455
vn -0.9460558 0 -0.32400376
vn -0.9460558 0 -0.32400376
vn -0.9460558 0 -0.32400376
vn -0.9460558 0 -0.32400376
vn -0.9460553 -4.671909E-06 -0.32400507
vn -0.9460553 -4.671909E-06 -0.32400507
vn -0.9460554 0 -0.32400477
vn -0.9460554 0 -0.32400477
vn -0.9460554 0 -0.32400477
vn -0.9460554 0 -0.32400477
vn -0.94605595 0 -0.32400328
vn -0.94605595 0 -0.32400328
vn -0.94605637 0 -0.3240022
vn -0.94605637 0 -0.3240022
vn -1 0 0
vn -1 0 0
vn -1 0 0
vn -1 0 0
vn -1 0 -1.1507533E-06
vn -1 0 -1.1507533E-06
vn -1 0 1.4001288E-06
vn -1 0 1.4001288E-06
vn -1 0 1.4001288E-06
vn -1 0 1.4001288E-06
vn -1 0 -1.6553233E-06
vn -1 0 -1.6553233E-06
vn -1 0 -5.703776E-07
vn -1 0 -5.703776E-07
vn -1 0 -5.1304403E-07
vn -1 0 -3.4543555E-07
vn -1 0 -3.4543555E-07
vn -1 0 -5.1304403E-07
vn -1 0 -5.1304403E-07
vn -1 0 -5.1304403E-07
vn -1 0 1.0702891E-07
vn -1 0 -7.5271305E-07
vn -1 0 -7.170142E-07
vn -1 0 -7.5271305E-07
vn -1 0 -7.170142E-07
vn -1 0 0
vn -1 0 -7.170142E-07
vn -1 0 1.5870613E-07
vn -1 0 1.5870613E-07
vn -1 0 1.5870613E-07
vn -1 0 1.5870613E-07
vn -1 0 0
vn -1 0 0
vn -1 0 -4.6079626E-07
vn -1 0 0
vn -1 0 0
vn -1 0 0
vn -1 0 0
vn -1 0 0
vn -1 0 0
vn -1 0 0
vn -1 0 -5.360925E-07
vn -1 0 1.6436262E-07
vn -1 0 -2.126898E-07
vn -1 0 -2.126898E-07
vn -1 0 0
vn -1 0 0
vn -1 0 0
vn -1 0 6.224056E-07
vn -1 0 6.224056E-07
vn -1 0 0
vn -1 0 7.037333E-07
vn -1 0 -1.0929156E-07
vn -1 0 -1.0929156E-07
vn -1 0 -1.9460703E-07
vn -1 0 1.0564169E-06
vn -1 0 0
vn -1 0 -5.8133384E-07
vn -1 0 0
vn -1 0 4.7216759E-07
vn -1 0 4.7216759E-07
vn -1 0 -1.3269914E-06
vn -1 0 -6.593731E-07
vn -1 0 2.7302187E-07
vn -1 0 2.7302187E-07
vn -1 0 4.2505195E-07
vn -1 0 4.2505195E-07
vn -0.3279603 0.9100736 -0.25339314
vn -0.3279603 0.9100736 -0.25339314
vn -0.3279603 0.9100736 -0.25339314
vn -0.3279603 0.9100736 -0.25339314
vn -0.12000573 0.96642536 -0.2272015
vn -0.12000573 0.96642536 -0.2272015
vn -0.12000573 0.96642536 -0.2272015
vn -0.12000573 0.96642536 -0.2272015
vn -0.37091532 0.9176083 -0.14288776
vn -0.37091532 0.9176083 -0.14288776
vn -0.37091532 0.9176083 -0.14288776
vn -0.37091532 0.9176083 -0.14288776
vn -0.13918777 0.9735752 -0.18104729
vn -0.13918777 0.9735752 -0.18104729
vn -0.13918777 0.9735752 -0.18104729
vn -0.13918777 0.9735752 -0.18104729
vn -0.20886733 0.96329343 -0.16864231
vn -0.20886733 0.96329343 -0.16864231
vn -0.25186706 0.9559643 -0.15064898
vn -0.25186706 0.9559643 -0.15064898
vn -0.25186706 0.9559643 -0.15064898
vn -0.25186706 0.9559643 -0.15064898
vn -0.3227054 0.9419173 -0.09302137
vn -0.3227054 0.9419173 -0.09302137
vn -0.34318957 0.93694144 -0.06604373
vn -0.34318957 0.93694144 -0.06604373
vn -0.35584104 0.9334793 -0.044648916
vn -0.35584104 0.9334793 -0.044648916
vn -0.35584104 0.9334793 -0.044648916
vn -0.35584104 0.9334793 -0.044648916
vn -0.36716366 0.93000066 -0.017018056
vn -0.36716366 0.93000066 -0.017018056
vn -0.36919385 0.92933524 -0.0056686224
vn -0.36919385 0.92933524 -0.0056686224
vn -0.36919382 0.92933524 0.0056684846
vn -0.36919382 0.92933524 0.0056684846
vn -0.36919382 0.92933524 0.0056684846
vn -0.36919382 0.92933524 0.0056684846
vn -0.36308768 0.93132186 0.028403735
vn -0.36308768 0.93132186 0.028403735
vn -0.35698867 0.93327045 0.039565783
vn -0.35698867 0.93327045 0.039565783
vn -0.3489142 0.935782 0.050704002
vn -0.3489142 0.935782 0.050704002
vn -0.3489142 0.935782 0.050704002
vn -0.3489142 0.935782 0.050704002
vn -0.32698748 0.9421495 0.073712364
vn -0.32698748 0.9421495 0.073712364
vn -0.31389078 0.9458721 0.08245303
vn -0.31389078 0.9458721 0.08245303
vn -0.30089366 0.9495068 0.08888132
vn -0.30089366 0.9495068 0.08888132
vn -0.30089366 0.9495068 0.08888132
vn -0.30089366 0.9495068 0.08888132
vn -0.28934923 0.95269626 0.09298846
vn -0.28934923 0.95269626 0.09298846
vn -0.28069603 0.9552573 0.09323831
vn -0.28069603 0.9552573 0.09323831
vn -0.23537296 0.70395535 -0.6701093
vn -0.23537296 0.70395535 -0.6701093
vn -0.23537296 0.70395535 -0.6701093
vn -0.23537296 0.70395535 -0.6701093
vn -0.05752878 0.22575429 -0.9724841
vn -0.05752878 0.22575429 -0.9724841
vn -0.05752878 0.22575429 -0.9724841
vn -0.05752878 0.22575429 -0.9724841
vn -0.10008499 0.8853149 -0.4540931
vn -0.10008499 0.8853149 -0.4540931
vn -0.10008499 0.8853149 -0.4540931
vn -0.10008499 0.8853149 -0.4540931
vn -0.042283993 0.4471203 -0.89347374
vn -0.042283993 0.4471203 -0.89347374
vn -0.042283993 0.4471203 -0.89347374
vn -0.042283993 0.4471203 -0.89347374
vn -0.36770436 0.27119818 -0.8895196
vn -0.36770436 0.27119818 -0.8895196
vn -0.36770436 0.27119818 -0.8895196
vn -0.36770436 0.27119818 -0.8895196
vn -0.39315268 0 -0.9194731
vn -0.39315268 0 -0.9194731
vn -0.39315268 0 -0.9194731
vn -0.39315268 0 -0.9194731
vn -0.39314935 0 -0.91947466
vn -0.39314935 0 -0.91947466
vn -0.39314935 0 -0.91947466
vn -0.39314935 0 -0.91947466
vn -0.39315188 0 -0.91947365
vn -0.39315188 0 -0.91947365
vn -0.39315075 0 -0.919474
vn -0.39315075 0 -0.919474
vn -0.39314848 0 -0.91947496
vn -0.39314848 0 -0.91947496
vn -0.063419536 0.05778157 -0.9963128
vn -0.063419536 0.05778157 -0.9963128
vn -0.063419536 0.05778157 -0.9963128
vn -0.063419536 0.05778157 -0.9963128
vn -0.009613923 0.031357475 -0.99946195
vn -0.009613923 0.031357475 -0.99946195
vn -0.009613923 0.031357475 -0.99946195
vn -0.009613923 0.031357475 -0.99946195
vn -0.0098544555 2.9907442E-06 -0.9999515
vn -0.0098544555 2.9907442E-06 -0.9999515
vn -0.064331345 1.2224692E-05 -0.9979286
vn -0.064331345 1.2224692E-05 -0.9979286
vn -0.064331345 1.2224692E-05 -0.9979286
vn -0.064331345 1.2224692E-05 -0.9979286
vn -0.0034867849 0.029409364 -0.99956137
vn -0.0034867849 0.029409364 -0.99956137
vn -0.0037771277 0 -0.99999285
vn -0.001011955 0.024814157 -0.9996916
vn -0.001011955 0.024814157 -0.9996916
vn -0.0013273127 1.6138678E-05 -0.99999917
vn -0.009854502 0 -0.9999515
vn -0.009854502 0 -0.9999515
vn -0.009855365 -1.0404159E-05 -0.9999515
vn -0.009855365 -1.0404159E-05 -0.9999515
vn -0.009855365 -1.0404159E-05 -0.9999515
vn -0.009855365 -1.0404159E-05 -0.9999515
vn -0.023201078 -9.561275E-06 -0.99973077
vn -0.023201078 -9.561275E-06 -0.99973077
vn -0.009854486 1.2161956E-05 -0.9999515
vn -0.009854486 1.2161956E-05 -0.9999515
vn -0.023201086 1.1191693E-05 -0.99973077
vn -0.023202142 1.1898656E-05 -0.99973077
vn -0.003778073 0 -0.99999285
vn -0.003778073 0 -0.99999285
vn -0.0013264308 0 -0.99999917
vn -0.0013264308 0 -0.99999917
vn -0.0037771887 0 -0.99999285
vn -0.0037772183 0 -0.99999285
vn -0.0013275208 0 -0.99999917
vn -0.0013274496 1.4880056E-05 -0.99999917
vn -0.064331226 -5.296391E-06 -0.9979286
vn -0.064331226 -5.296391E-06 -0.9979286
vn -0.06433128 1.0317623E-05 -0.9979286
vn -0.06433293 -1.2089967E-05 -0.9979285
vn -0.064334676 9.130592E-06 -0.9979284
vn -0.064334676 9.130592E-06 -0.9979284
vn -0.009853623 0 -0.9999515
vn -0.009853623 0 -0.9999515
vn -0.004045958 -0.043663856 -0.9990381
vn -0.009916713 -0.05038124 -0.9986808
vn -0.004045958 -0.043663856 -0.9990381
vn -0.0018484672 -0.03200365 -0.9994861
vn -0.0018484672 -0.03200365 -0.9994861
vn -0.010929663 -0.01198622 -0.9998684
vn -0.010929663 -0.01198622 -0.9998684
vn -0.010929663 -0.01198622 -0.9998684
vn -0.010929663 -0.01198622 -0.9998684
vn -0.009037799 0 -0.99995923
vn -0.009037799 0 -0.99995923
vn -0.03139589 -0.004133192 -0.9994985
vn -0.03139589 -0.004133192 -0.9994985
vn -0.028232973 0 -0.9996014
vn -0.04923181 -0.021246819 -0.99856144
vn -0.04923181 -0.021246819 -0.99856144
vn -0.009037775 0 -0.99995923
vn -0.009037775 0 -0.99995923
vn -0.009037775 0 -0.99995923
vn -0.009037775 0 -0.99995923
vn -0.009037772 0 -0.99995923
vn -0.009037772 0 -0.99995923
vn -0.0090377815 0 -0.99995923
vn -0.0090377815 0 -0.99995923
vn -0.0078152465 0.016200462 -0.99983823
vn -0.0078152465 0.016200462 -0.99983823
vn -0.0078152465 0.016200462 -0.99983823
vn -0.0078152465 0.016200462 -0.99983823
vn -0.0054039056 0.053754214 -0.99853957
vn -0.0054039056 0.053754214 -0.99853957
vn -0.003225097 0.095264584 -0.99544674
vn -0.003225097 0.095264584 -0.99544674
vn -0.007816329 0.04499244 -0.9989568
vn -0.007816329 0.04499244 -0.9989568
vn -0.007297833 0.046249866 -0.9989033
vn -0.037860315 0.054015603 -0.99782205
vn -0.037860315 0.054015603 -0.99782205
vn -0.037860315 0.054015603 -0.99782205
vn -0.037860315 0.054015603 -0.99782205
vn -0.007297833 0.046249866 -0.9989033
vn -0.0006908577 0.038346075 -0.9992643
vn -0.0006908577 0.038346075 -0.9992643
vn -0.00018541774 0.037049666 -0.99931335
vn -0.00018541774 0.037049666 -0.99931335
vn -0.00018541774 0.037049666 -0.99931335
vn -0.00018541774 0.037049666 -0.99931335
vn 0.00018541535 0.037070762 -0.99931264
vn 0.00018541535 0.037070762 -0.99931264
vn 0.0020634176 0.041272957 -0.99914575
vn 0.0020634176 0.041272957 -0.99914575
vn 0.007297854 0.046203118 -0.9989054
vn 0.007297854 0.046203118 -0.9989054
vn 0.007297854 0.046203118 -0.9989054
vn 0.007297854 0.046203118 -0.9989054
vn 0.03786055 0.05401589 -0.99782205
vn 0.03786055 0.05401589 -0.99782205
vn 0.00035752114 0.07834002 -0.9969266
vn 0.00035752114 0.07834002 -0.9969266
vn 0.00035752114 0.07834002 -0.9969266
vn 0.00035752114 0.07834002 -0.9969266
vn 0.0012998737 0.07155404 -0.99743587
vn 0.0012998737 0.07155404 -0.99743587
vn -0.00035752635 0.07834876 -0.9969259
vn -0.00035752635 0.07834876 -0.9969259
vn -0.0032442666 0.060413506 -0.9981681
vn 0.0054036486 0.053754188 -0.99853957
vn 0.001272237 0.13175988 -0.99128085
vn 0.0054036486 0.053754188 -0.99853957
vn 0.0054036486 0.053754188 -0.99853957
vn 0.0054036486 0.053754188 -0.99853957
vn 0.0003733393 0.08949145 -0.9959875
vn 0.0003733393 0.08949145 -0.9959875
vn 0.0028466086 0.10985901 -0.99394304
vn 0.0028466086 0.10985901 -0.99394304
vn 0.0028466086 0.10985901 -0.99394304
vn 0.0028466086 0.10985901 -0.99394304
vn 0.0090809055 0.123566605 -0.99229467
vn 0.0090809055 0.123566605 -0.99229467
vn 0.022263609 0.14685704 -0.9889072
vn 0.022263609 0.14685704 -0.9889072
vn 0.007815253 0.016208788 -0.9998381
vn 0.007815253 0.016208788 -0.9998381
vn 0.009037773 5.8404203E-06 -0.99995923
vn 0.009037773 5.8404203E-06 -0.99995923
vn 0.009037783 -5.3584463E-06 -0.99995923
vn 0.009037783 -5.3584463E-06 -0.99995923
vn 0.009037783 -5.3584463E-06 -0.99995923
vn 0.009037783 -5.3584463E-06 -0.99995923
vn 0.0013274124 1.23457285E-05 -0.99999917
vn 0.0013264308 0 -0.99999917
vn 0.0037780753 0 -0.99999285
vn 0.0013264308 0 -0.99999917
vn 0.0037780753 0 -0.99999285
vn 0.0037780753 0 -0.99999285
vn 0.0037780753 0 -0.99999285
vn 0.003777212 0 -0.99999285
vn 0.003777212 0 -0.99999285
vn 0.0013275043 -1.4880046E-05 -0.99999917
vn 0.0037771745 0 -0.99999285
vn 0.0037771745 0 -0.99999285
vn 0.0037772802 0 -0.99999285
vn 0.0037772802 0 -0.99999285
vn 0.003487518 0.02942013 -0.999561
vn 0.003487518 0.02942013 -0.999561
vn 0.003487518 0.02942013 -0.999561
vn 0.003487518 0.02942013 -0.999561
vn 0.0010106951 0.024826113 -0.99969125
vn 0.0010106951 0.024826113 -0.99969125
vn 0.0013276404 -1.6138676E-05 -0.99999917
vn 0.009613799 0.031369843 -0.9994616
vn 0.009613799 0.031369843 -0.9994616
vn 0.009854533 -1.2646834E-05 -0.9999515
vn 0.02299123 0.03557684 -0.9991025
vn 0.02299123 0.03557684 -0.9991025
vn 0.023203196 0 -0.99973077
vn 0.009855361 0 -0.9999515
vn 0.023202123 0 -0.99973077
vn 0.009855361 0 -0.9999515
vn 0.023202123 0 -0.99973077
vn 0.00985448 1.0404148E-05 -0.9999515
vn 0.009854493 -1.2161949E-05 -0.9999515
vn 0.023203177 0 -0.99973077
vn 0.02320317 1.455721E-05 -0.99973077
vn 0.06433293 0 -0.9979285
vn 0.06433293 0 -0.9979285
vn 0.06433296 -9.095469E-07 -0.9979285
vn 0.064333074 0 -0.9979285
vn 0.06433289 0 -0.9979285
vn 0.064333074 0 -0.9979285
vn 0.064333074 0 -0.9979285
vn 0.06433467 1.6983515E-05 -0.9979284
vn 0.06433467 1.6983515E-05 -0.9979284
vn 0.004045937 -0.04364993 -0.9990387
vn 0.004045937 -0.04364993 -0.9990387
vn 0.004045937 -0.04364993 -0.9990387
vn 0.004045937 -0.04364993 -0.9990387
vn 0.0018484308 -0.03197066 -0.99948704
vn 0.0018484308 -0.03197066 -0.99948704
vn 0.009917583 -0.05038683 -0.99868053
vn 0.009917583 -0.05038683 -0.99868053
vn 0.02320945 -0.058828752 -0.9979982
vn 0.02320945 -0.058828752 -0.9979982
vn 0.010929666 -0.011972877 -0.99986863
vn 0.010929666 -0.011972877 -0.99986863
vn 0.010929666 -0.011972877 -0.99986863
vn 0.010929666 -0.011972877 -0.99986863
vn 0.00903778 0 -0.99995923
vn 0.009037772 0 -0.99995923
vn 0.009037772 0 -0.99995923
vn 0.00903778 0 -0.99995923
vn 0.028232962 0 -0.9996014
vn 0.028232962 0 -0.9996014
vn 0.02823288 0 -0.9996014
vn 0.028232947 0 -0.9996014
vn 0.028232964 0 -0.9996014
vn 0.031395838 -0.0041331835 -0.9994985
vn 0.017941784 0.022499278 -0.9995858
vn 0.017941784 0.022499278 -0.9995858
vn 0.0078163175 0.04502651 -0.99895525
vn 0.04923158 -0.02124673 -0.99856144
vn 0.04923158 -0.02124673 -0.99856144
vn 0.04923158 -0.02124673 -0.99856144
vn 0.001362534 0.29591727 -0.9552126
vn 0.001362534 0.29591727 -0.9552126
vn 0.001362534 0.29591727 -0.9552126
vn 0.001362534 0.29591727 -0.9552126
vn 0.008557032 0.313927 -0.94940853
vn 0.008557032 0.313927 -0.94940853
vn 0.021369629 0.34267658 -0.93921036
vn 0.021369629 0.34267658 -0.93921036
vn -0.00042227682 0.24173768 -0.9703415
vn -0.00042227682 0.24173768 -0.9703415
vn -0.00042227682 0.24173768 -0.9703415
vn -0.00042227682 0.24173768 -0.9703415
vn -0.00025774207 0.2644629 -0.9643958
vn -0.00025774207 0.2644629 -0.9643958
vn -0.00025774207 0.2644629 -0.9643958
vn 0.88785815 0.3512221 0.29723892
vn 0.88785815 0.3512221 0.29723892
vn 0.88785815 0.3512221 0.29723892
vn 0.88785815 0.3512221 0.29723892
vn 0.93101436 0.3639349 0.027630962
vn 0.93101436 0.3639349 0.027630962
vn 0.93101436 0.3639349 0.027630962
vn 0.93101436 0.3639349 0.027630962
vn 0.9398562 0.3406684 0.024808519
vn 0.9398562 0.3406684 0.024808519
vn 0.94476104 0.32700896 0.022176297
vn 0.94476104 0.32700896 0.022176297
vn 0.94476104 0.32700896 0.022176297
vn 0.94476104 0.32700896 0.022176297
vn 0.9528111 0.30316368 0.0155807575
vn 0.9528111 0.30316368 0.0155807575
vn 0.9556055 0.29438788 0.0124093015
vn 0.9556055 0.29438788 0.0124093015
vn 0.9577075 0.28758693 0.009485563
vn 0.9577075 0.28758693 0.009485563
vn 0.9577075 0.28758693 0.009485563
vn 0.9577075 0.28758693 0.009485563
vn 0.9601788 0.2793581 0.0039768876
vn 0.9601788 0.2793581 0.0039768876
vn 0.96064997 0.27775893 0.0013175446
vn 0.96064997 0.27775893 0.0013175446
vn 0.96064997 0.27775878 -0.0013175074
vn 0.96064997 0.27775878 -0.0013175074
vn 0.96064997 0.27775878 -0.0013175074
vn 0.96064997 0.27775878 -0.0013175074
vn 0.9592115 0.2826099 -0.0067052124
vn 0.9592115 0.2826099 -0.0067052124
vn 0.9574833 0.28830323 -0.010340824
vn 0.9574833 0.28830323 -0.010340824
vn 0.954395 0.29816243 -0.01514154
vn 0.954395 0.29816243 -0.01514154
vn 0.954395 0.29816243 -0.01514154
vn 0.954395 0.29816243 -0.01514154
vn 0.93937546 0.34151882 -0.030635592
vn 0.93937546 0.34151882 -0.030635592
vn 0.92342246 0.3816952 -0.039996997
vn 0.92342246 0.3816952 -0.039996997
vn 0.92342246 0.3816952 -0.039996997
vn 0.92342246 0.3816952 -0.039996997
vn 0.9557796 0 0.29408377
vn 0.9557796 0 0.29408377
vn 0.9557796 0 0.29408377
vn 0.9557796 0 0.29408377
vn 0.9557799 -2.256521E-06 0.29408288
vn 0.9557799 -2.256521E-06 0.29408288
vn 0.95577973 0 0.29408348
vn 0.95577973 0 0.29408348
vn 0.95577973 0 0.29408348
vn 0.95577973 0 0.29408348
vn 0.9557791 0 0.29408577
vn 0.9557791 0 0.29408577
vn 0.95577973 1.1481499E-07 0.29408345
vn 0.95577973 1.1481499E-07 0.29408345
vn 1 0 1.9895083E-06
vn 1 0 1.9895083E-06
vn 1 0 1.9895083E-06
vn 1 0 1.9895083E-06
vn 1 0 5.658195E-07
vn 1 0 5.658195E-07
vn 1 0 0
vn 1 0 0
vn 1 0 0
vn 1 0 0
vn 1 0 0
vn 1 0 0
vn 1 0 -1.0918244E-06
vn 1 0 -1.0918244E-06
vn 1 0 -5.1936007E-07
vn 1 0 0
vn 1 0 0
vn 1 0 -5.1936007E-07
vn 1 0 -5.1936007E-07
vn 1 0 -5.1936007E-07
vn 1 0 0
vn 1 0 0
vn 1 0 7.1993725E-07
vn 1 0 0
vn 1 0 7.1993725E-07
vn 1 0 0
vn 1 -1.7260995E-06 -3.4700534E-07
vn 1 -1.7260995E-06 -3.4700534E-07
vn 1 0 0
vn 1 0 0
vn 1 0 0
vn 1 0 7.75464E-07
vn 1 0 7.75464E-07
vn 1 0 0
vn 1 0 0
vn 1 0 4.782988E-07
vn 1 0 6.1006153E-07
vn 1 0 6.1006153E-07
vn 1 0 6.1006153E-07
vn 1 0 6.1006153E-07
vn 1 0 7.8989666E-07
vn 1 0 7.8989666E-07
vn 1 0 -2.1906669E-07
vn 1 0 -2.1906669E-07
vn 1 0 0
vn 1 0 0
vn 1 0 0
vn 1 0 0
vn 1 0 0
vn 1 0 0
vn 1 0 0
vn 1 0 0
vn 1 0 0
vn 1 0 0
vn 1 0 0
vn 1 0 0
vn 1 0 1.8537193E-07
vn 1 0 1.8537193E-07
vn 1 0 -4.4368662E-07
vn 1 0 -4.4368662E-07
vn 1 0 0
vn 1 0 0
vn 1 0 0
vn 1 0 0
vn 1 0 0
vn 1 0 0
vn 1 0 6.273865E-07
vn 1 0 6.273865E-07
vn 1 0 0
vn 1 0 0
vn 1 0 0
vn 1 0 0
vn 1 0 4.2811564E-07
vn 1 0 4.2811564E-07
vn 1 0 5.0455805E-07
vn 1 0 5.0455805E-07
vn 1 0 0
vn 1 0 -3.7635667E-07
vn 1 0 -6.926966E-07
vn 1 0 -6.926966E-07
vn 1 0 2.5076977E-07
vn 1 0 0
vn 1 0 0
vn 1 0 0
vn 1 0 0
vn 1 0 0
vn 1 0 0
vn 1 0 0
vn 1 0 0
vn 1 0 0
vn 1 0 4.2054512E-07
vn 1 0 4.2054512E-07
vn 1 0 -6.6456556E-07
vn 1 0 -6.6456556E-07
vn 1 -1.6935611E-06 9.73456E-07
vn 1 0 0
vn 1 0 -1.0267789E-07
vn 1 0 5.1513524E-07
vn 1 0 5.1513524E-07
vn 1 0 0
vn 1 0 0
vn 1 0 -3.0556305E-07
vn 1 0 3.4688125E-07
vn 1 0 1.7719582E-07
vn 1 0 1.7719582E-07
vn 1 0 -7.7842776E-07
vn 1 0 8.7433204E-07
vn 1 0 1.5560153E-07
vn 1 0 6.413055E-07
vn 1 0 0
vn 1 0 0
vn 1 0 0
vn 1 0 0
vn 1 0 -8.460356E-07
vn 1 0 -8.460356E-07
vn 1 0 0
vn 1 0 0
vn 1 0 0
vn 1 0 -8.555655E-07
vn 1 0 -8.555655E-07
vn 1 0 7.840533E-07
vn 1 0 0
vn 1 0 0
vn 1 0 0
vn 1 0 0
vn 1 0 0
vn 1 0 -5.2504924E-07
vn 1 0 1.0345768E-07
vn 1 0 1.1626677E-06
vn 1 0 1.1626677E-06
vn 1 0 -7.923139E-07
vn 1 0 -7.923139E-07
vn 1 0 -3.7833126E-07
vn 0.5766454 0.7796281 0.24425429
vn 0.5766454 0.7796281 0.24425429
vn 0.5766454 0.7796281 0.24425429
vn 0.5766454 0.7796281 0.24425429
vn 0.27128562 0.9442251 0.1866632
vn 0.27128562 0.9442251 0.1866632
vn 0.27128562 0.9442251 0.1866632
vn 0.27128562 0.9442251 0.1866632
vn 0.60076886 0.7963631 0.0698746
vn 0.60076886 0.7963631 0.0698746
vn 0.60076886 0.7963631 0.0698746
vn 0.60076886 0.7963631 0.0698746
vn 0.6297537 0.7740591 0.065135874
vn 0.6297537 0.7740591 0.065135874
vn 0.6473703 0.7598461 0.059544694
vn 0.6473703 0.7598461 0.059544694
vn 0.6473703 0.7598461 0.059544694
vn 0.6473703 0.7598461 0.059544694
vn 0.67911804 0.73273826 0.04351367
vn 0.67911804 0.73273826 0.04351367
vn 0.69107014 0.7219318 0.03516425
vn 0.69107014 0.7219318 0.03516425
vn 0.70041037 0.7132225 0.027182011
vn 0.70041037 0.7132225 0.027182011
vn 0.70041037 0.7132225 0.027182011
vn 0.70041037 0.7132225 0.027182011
vn 0.7072938 0.70665413 0.019373896
vn 0.28069577 0.95525736 0.09323793
vn 0.28069577 0.95525736 0.09323793
vn 0.28069577 0.95525736 0.09323793
vn 0.28069577 0.95525736 0.09323793
vn 0.30089322 0.9495068 0.08888186
vn 0.30089322 0.9495068 0.08888186
vn 0.3138901 0.94587237 0.08245286
vn 0.3138901 0.94587237 0.08245286
vn 0.3138901 0.94587237 0.08245286
vn 0.3138901 0.94587237 0.08245286
vn 0.33890322 0.938775 0.06201614
vn 0.33890322 0.938775 0.06201614
vn 0.34891373 0.9357822 0.0507039
vn 0.34891373 0.9357822 0.0507039
vn 0.35698834 0.9332705 0.039566316
vn 0.35698834 0.9332705 0.039566316
vn 0.35698834 0.9332705 0.039566316
vn 0.35698834 0.9332705 0.039566316
vn 0.36716342 0.9300008 0.017018208
vn 0.36716342 0.9300008 0.017018208
vn 0.36919358 0.92933524 0.0056684515
vn 0.36919358 0.92933524 0.0056684515
vn 0.36919385 0.92933524 -0.005668521
vn 0.36919385 0.92933524 -0.005668521
vn 0.36919385 0.92933524 -0.005668521
vn 0.36919385 0.92933524 -0.005668521
vn 0.36308843 0.9313217 -0.028403856
vn 0.36308843 0.9313217 -0.028403856
vn 0.35584113 0.9334793 -0.04464892
vn 0.35584113 0.9334793 -0.04464892
vn 0.34318855 0.93694174 -0.066043794
vn 0.34318855 0.93694174 -0.066043794
vn 0.34318855 0.93694174 -0.066043794
vn 0.34318855 0.93694174 -0.066043794
vn 0.29168534 0.9481611 -0.12613516
vn 0.29168534 0.9481611 -0.12613516
vn 0.25186634 0.95596457 -0.15064876
vn 0.25186634 0.95596457 -0.15064876
vn 0.20886706 0.96329343 -0.1686426
vn 0.20886706 0.96329343 -0.1686426
vn 0.20886706 0.96329343 -0.1686426
vn 0.20886706 0.96329343 -0.1686426
vn 0.1690123 0.9690018 -0.18019529
vn 0.1690123 0.9690018 -0.18019529
vn 0.13918704 0.9735754 -0.18104638
vn 0.13918704 0.9735754 -0.18104638
vn 0.38581413 0.540044 0.7479973
vn 0.38581413 0.540044 0.7479973
vn 0.38581413 0.540044 0.7479973
vn 0.38581413 0.540044 0.7479973
vn 0.11620049 0.20547731 0.9717389
vn 0.11620049 0.20547731 0.9717389
vn 0.11620049 0.20547731 0.9717389
vn 0.11620049 0.20547731 0.9717389
vn 0.22310396 0.7997019 0.557406
vn 0.22310396 0.7997019 0.557406
vn 0.22310396 0.7997019 0.557406
vn 0.22310396 0.7997019 0.557406
vn 0.09523013 0.3904881 0.9156693
vn 0.09523013 0.3904881 0.9156693
vn 0.09523013 0.3904881 0.9156693
vn 0.09523013 0.3904881 0.9156693
vn 0.47657552 0.18868408 0.8586467
vn 0.47657552 0.18868408 0.8586467
vn 0.47657552 0.18868408 0.8586467
vn 0.47657552 0.18868408 0.8586467
vn 0.48998287 0 0.87173206
vn 0.48998287 0 0.87173206
vn 0.48998287 0 0.87173206
vn 0.48998287 0 0.87173206
vn 0.489983 -1.1576934E-06 0.871732
vn 0.489983 -1.1576934E-06 0.871732
vn 0.489983 -1.1576934E-06 0.871732
vn 0.489983 -1.1576934E-06 0.871732
vn 0.48998448 0 0.87173116
vn 0.48998448 0 0.87173116
vn 0.4899829 -1.5535954E-06 0.87173206
vn 0.4899829 -1.5535954E-06 0.87173206
vn 0.489983 0 0.871732
vn 0.489983 0 0.871732
vn 0.12358858 0.058680195 0.99059695
vn 0.12358858 0.058680195 0.99059695
vn 0.12358858 0.058680195 0.99059695
vn 0.12358858 0.058680195 0.99059695
vn 0.12462515 0 0.99220395
vn 0.12462515 0 0.99220395
vn 0.12462515 0 0.99220395
vn 0.12462515 0 0.99220395
vn 0.12462503 0 0.99220395
vn 0.12462503 0 0.99220395
vn 0.12462503 0 0.99220395
vn 0.12462503 0 0.99220395
vn 0.12462524 0 0.99220383
vn 0.12462524 0 0.99220383
vn 0.12462536 -3.9800238E-07 0.99220383
vn 0.12462536 -3.9800238E-07 0.99220383
vn 0.12462536 0 0.99220383
vn 0.12462536 0 0.99220383
vn -0.0055520735 0.034041975 0.9994049
vn -0.0055520735 0.034041975 0.9994049
vn -0.0055520735 0.034041975 0.9994049
vn -0.0055520735 0.034041975 0.9994049
vn -0.00075829803 0.039296933 0.9992273
vn -0.00075829803 0.039296933 0.9992273
vn -0.0064802743 0.004999311 0.9999665
vn -0.0064802743 0.004999311 0.9999665
vn -0.0025630041 0.016267158 0.99986434
vn -0.017577264 0.031541687 0.99934787
vn -0.017577264 0.031541687 0.99934787
vn -0.018005034 0.0012853376 0.99983704
vn -0.045122925 0.035730492 0.9983423
vn -0.045122925 0.035730492 0.9983423
vn -0.04517158 0 0.9989792
vn -0.0005154704 0.05185401 0.9986545
vn -0.0005154704 0.05185401 0.9986545
vn 0.00051529764 0.05185401 0.9986545
vn 0.00051529764 0.05185401 0.9986545
vn 0.00051529764 0.05185401 0.9986545
vn 0.00051529764 0.05185401 0.9986545
vn 0.0007581194 0.039296936 0.9992273
vn 0.0007581194 0.039296936 0.9992273
vn 0.005551897 0.034041934 0.9994049
vn 0.005551897 0.034041934 0.9994049
vn 0.017577091 0.03154173 0.99934787
vn 0.017577091 0.03154173 0.99934787
vn 0.017577091 0.03154173 0.99934787
vn 0.017577091 0.03154173 0.99934787
vn 0.045122735 0.035730418 0.9983423
vn 0.045122735 0.035730418 0.9983423
vn 0.018004864 0.0012853133 0.99983704
vn 0.018004864 0.0012853133 0.99983704
vn 0.04517144 0 0.9989792
vn 0.0064801048 0.004999297 0.9999665
vn 0.002562837 0.016267149 0.99986434
vn 0.0010301868 0.046124864 0.99893516
vn 0.0010301868 0.046124864 0.99893516
vn -0.0010303548 0.046124894 0.99893516
vn 0.0194344 0.0020926506 0.99980897
vn 0.0194344 0.0020926506 0.99980897
vn 0.01995015 0.0008149058 0.9998006
vn 0.01995015 0.0008149058 0.9998006
vn 0.01995015 0.0008149058 0.9998006
vn 0.01995015 0.0008149058 0.9998006
vn 0.045171414 0 0.9989792
vn 0.045171414 0 0.9989792
vn 0.020082505 0 0.99979836
vn 0.020082505 0 0.99979836
vn 0.045171402 0 0.9989792
vn 0.045171425 0 0.9989792
vn 0.008895767 0.0060448945 0.9999422
vn 0.008895767 0.0060448945 0.9999422
vn 0.007828436 0.012073775 0.9998965
vn 0.007828436 0.012073775 0.9998965
vn 0.010017457 0 0.9999498
vn 0.009779734 0.0024438857 0.9999492
vn 0.008733459 0.004867225 0.99995005
vn 0.008970307 0 0.9999598
vn 0.01001745 0 0.9999498
vn 0.020082507 0 0.99979836
vn 0.020082507 0 0.99979836
vn 0.04517144 0 0.9989792
vn 0.008970311 0 0.9999598
vn 0.024910938 0 0.9996897
vn 0.024910938 0 0.9996897
vn 0.02469226 0.014082067 0.99959594
vn 0.02469226 0.014082067 0.99959594
vn 0.023306984 0.036952216 0.9990452
vn 0.018943118 0.06894677 0.99744046
vn 0.018943118 0.06894677 0.99744046
vn 0.018943118 0.06894677 0.99744046
vn -0.005081418 0.10412957 0.99455076
vn -0.005081418 0.10412957 0.99455076
vn -0.005081418 0.10412957 0.99455076
vn -0.005081418 0.10412957 0.99455076
vn -0.00018268223 0.10608796 0.9943567
vn -0.00018268223 0.10608796 0.9943567
vn -0.01800971 0.10795185 0.993993
vn -0.01800971 0.10795185 0.993993
vn -0.045663618 0.1308422 0.990351
vn -0.045663618 0.1308422 0.990351
vn -0.00017494796 0.112972334 0.9935981
vn -0.00017494796 0.112972334 0.9935981
vn 0.000174767 0.112972364 0.9935981
vn 0.000174767 0.112972364 0.9935981
vn 0.000174767 0.112972364 0.9935981
vn 0.000174767 0.112972364 0.9935981
vn 0.00018249662 0.10608801 0.9943567
vn 0.00018249662 0.10608801 0.9943567
vn 0.0050812205 0.104129635 0.99455076
vn 0.0050812205 0.104129635 0.99455076
vn 0.018009532 0.10795188 0.993993
vn 0.018009532 0.10795188 0.993993
vn 0.018009532 0.10795188 0.993993
vn 0.018009532 0.10795188 0.993993
vn 0.045663428 0.13084242 0.990351
vn 0.045663428 0.13084242 0.990351
vn -0.005529116 0.25283557 0.9674934
vn -0.005529116 0.25283557 0.9674934
vn -0.005529116 0.25283557 0.9674934
vn -0.005529116 0.25283557 0.9674934
vn -0 0.2523488 0.96763635
vn -0 0.2523488 0.96763635
vn -0.02097507 0.2593116 0.9655659
vn -0.02097507 0.2593116 0.9655659
vn -0.04876318 0.28789967 0.9564183
vn -0.04876318 0.28789967 0.9564183
vn -0 0.25234872 0.96763635
vn -0 0.25234872 0.96763635
vn -1.0710279E-07 0.2523486 0.96763635
vn -1.0710279E-07 0.2523486 0.96763635
vn -1.0710279E-07 0.2523486 0.96763635
vn -1.0710279E-07 0.2523486 0.96763635
vn -0 0.25234878 0.96763635
vn -0 0.25234878 0.96763635
vn 0.0055289255 0.25283587 0.9674934
vn 0.0055289255 0.25283587 0.9674934
vn 0.020974848 0.2593116 0.9655659
vn 0.020974848 0.2593116 0.9655659
vn 0.020974848 0.2593116 0.9655659
vn 0.020974848 0.2593116 0.9655659
vn 0.048763026 0.2878998 0.9564183
vn 0.048763026 0.2878998 0.9564183
vn 0.003700067 -0.9999764 -0.0057924343
vn 0.003700067 -0.9999764 -0.0057924343
vn 0.003700067 -0.9999764 -0.0057924343
vn 0.003700067 -0.9999764 -0.0057924343
vn 0.0019202144 -0.9999982 -7.055908E-05
vn 0.0019202144 -0.9999982 -7.055908E-05
vn 0.0024049724 -0.99966395 -0.02581118
vn 0.0024049724 -0.99966395 -0.02581118
vn -0 -1 0
vn 0.0072115758 -0.9999602 0.0052647395
vn 0.0072115758 -0.9999602 0.0052647395
vn 0.016939865 -0.9998184 0.008741553
vn 0.016939865 -0.9998184 0.008741553
vn 0.0066466266 -0.9999778 -0.00035277163
vn 0.01727892 -0.9998503 -0.0009876224
vn 0.010280346 -0.9993612 0.034225944
vn 0.010280346 -0.9993612 0.034225944
vn 0.001406248 -0.9975266 -0.07027574
vn 0.001406248 -0.9975266 -0.07027574
vn -0.0014061223 -0.9975266 -0.070275776
vn -0.0014061223 -0.9975266 -0.070275776
vn -0.0014061223 -0.9975266 -0.070275776
vn -0.0014061223 -0.9975266 -0.070275776
vn -0.0024048642 -0.99966395 -0.025811184
vn -0.0024048642 -0.99966395 -0.025811184
vn -0.00369996 -0.9999764 -0.005792416
vn -0.00369996 -0.9999764 -0.005792416
vn -0.0072114775 -0.9999602 0.0052647754
vn -0.0072114775 -0.9999602 0.0052647754
vn -0.0072114775 -0.9999602 0.0052647754
vn -0.0072114775 -0.9999602 0.0052647754
vn -0.006646523 -0.9999778 -0.00035276436
vn -0.006646523 -0.9999778 -0.00035276436
vn -0.016939744 -0.9998184 0.00874158
vn -0.016939744 -0.9998184 0.00874158
vn -0.017278837 -0.9998503 -0.0009876399
vn -0.0019201066 -0.9999982 -7.055087E-05
vn -0 -1 0
vn -0.010960213 -0.9994286 -0.03197331
vn -0.010960213 -0.9994286 -0.03197331
vn -0.010280251 -0.9993612 0.034225848
vn -0.010280251 -0.9993612 0.034225848
vn -0.0020707434 -0.99999785 -6.767041E-05
vn -0.0020707434 -0.99999785 -6.767041E-05
vn -0.007506235 -0.99997175 -0.00031505784
vn -0.0021684812 -0.99999774 -6.301016E-05
vn -0.0021684812 -0.99999774 -6.301016E-05
vn -0.007506235 -0.99997175 -0.00031505784
vn -0.007506235 -0.99997175 -0.00031505784
vn -0.007506235 -0.99997175 -0.00031505784
vn -0.008165623 -0.9999666 -0.00023875062
vn -0.0023589947 -0.99999726 -4.775111E-05
vn -0.0024364349 -0.999997 -3.916811E-05
vn -0.0023589947 -0.99999726 -4.775111E-05
vn -0.0024364349 -0.999997 -3.916811E-05
vn -0.00865206 -0.99996257 -0.00015322902
vn -0.0024995285 -0.9999969 -3.0639556E-05
vn -0.0024995285 -0.9999969 -3.0639556E-05
vn -0.00865206 -0.99996257 -0.00015322902
vn -0.00865206 -0.99996257 -0.00015322902
vn -0.00865206 -0.99996257 -0.00015322902
vn -0.00881829 -0.99996114 -0.000110228124
vn -0.00881829 -0.99996114 -0.000110228124
vn -0.022490598 -0.999747 -0.0004289396
vn -0.022490598 -0.999747 -0.0004289396
vn -0.022922512 -0.9997372 -0.00030857482
vn -0 -1 0
vn -0 -1 0
vn -0.0025475542 -0.9999968 -2.2049267E-05
vn -0 -1 0
vn -0 -1 0
vn -0.008433684 -0.9999645 -0.00019582338
vn -0.021923194 -0.9997595 -0.00054818176
vn -0.021226613 -0.9997745 -0.000668396
vn -0 -1 0
vn -0 -1 0
vn -0 -1 0
vn -0 -1 0
vn -0 -1 0
vn -0 -1 0
vn -0 -1 0
vn -0 -1 0
vn -0 -1 0
vn -0 -1 0
vn 0.0024996349 -0.9999969 -3.0643238E-05
vn 0.0024996349 -0.9999969 -3.0643238E-05
vn 0.0024996349 -0.9999969 -3.0643238E-05
vn 0.0024996349 -0.9999969 -3.0643238E-05
vn 0.0025799277 -0.99999666 -1.3226074E-05
vn 0.00893003 -0.9999602 -6.612885E-05
vn 0.008738236 -0.99996126 -0.0010390017
vn 0.00893003 -0.9999602 -6.612885E-05
vn 0.008738236 -0.99996126 -0.0010390017
vn 0.001523016 -0.9999889 -0.0044547194
vn 0.00774784 -0.9999654 -0.0030288675
vn 0.00774784 -0.9999654 -0.0030288675
vn 0.001523016 -0.9999889 -0.0044547194
vn 0.001523016 -0.9999889 -0.0044547194
vn 0.001523016 -0.9999889 -0.0044547194
vn -0.0038899889 -0.99988234 -0.01484011
vn 0.0013900744 -0.9999485 -0.010059295
vn -0.0039764377 -0.99993086 -0.011064147
vn 0.0013900744 -0.9999485 -0.010059295
vn -0.0039764377 -0.99993086 -0.011064147
vn -0.012799004 -0.9998276 -0.01344996
vn -0.009149135 -0.9999174 -0.009033287
vn -0.009149135 -0.9999174 -0.009033287
vn -0.012799004 -0.9998276 -0.01344996
vn -0.012799004 -0.9998276 -0.01344996
vn -0.012799004 -0.9998276 -0.01344996
vn -0.015761632 -0.9998567 0.0061741457
vn -0.012966107 -0.99990594 0.0044703474
vn -0.010103862 -0.99989474 0.010412545
vn -0.012966107 -0.99990594 0.0044703474
vn -0.010103862 -0.99989474 0.010412545
vn -0.008883884 -0.9997434 0.020834707
vn -0.005502147 -0.999879 0.014549674
vn -0.005502147 -0.999879 0.014549674
vn -0.008883884 -0.9997434 0.020834707
vn -0.008883884 -0.9997434 0.020834707
vn -0.008883884 -0.9997434 0.020834707
vn -0.0044664987 -0.9996952 0.02428251
vn -0.0044664987 -0.9996952 0.02428251
vn -0.008547218 -0.999605 0.026774846
vn -0.008547218 -0.999605 0.026774846
vn -0.0050272117 -0.99950004 0.031214528
vn 0.0048457044 -0.9999465 0.009147678
vn 0.0048457044 -0.9999465 0.009147678
vn -0.0006085701 -0.9998566 0.016921433
vn 0.009683054 -0.9998975 0.010546971
vn 0.00039163852 -0.99997747 0.0067108585
vn -0.013074515 -0.9998048 0.014818065
vn -0.011900779 -0.9997482 0.019024847
vn -0.01408149 -0.9998697 0.007888095
vn -0.011901146 -0.99977785 -0.017393306
vn -0.011901146 -0.99977785 -0.017393306
vn -0.0085483445 -0.99974006 -0.02113738
vn -0.0084438715 -0.9998305 -0.016362969
vn -0.005028737 -0.9998037 -0.019162854
vn -0.0008382315 -0.9999832 -0.0057498845
vn -0.0008382315 -0.9999832 -0.0057498845
vn -0.0001676082 -0.9999982 -0.0019166626
vn 0.0023814368 -0.99999607 -0.0014907911
vn -0 -1 0
vn -0 -1 0
vn -0.00016760426 -0.99997437 -0.007157962
vn -0.00016760426 -0.99997437 -0.007157962
vn 0.00016770216 -0.99997437 -0.00715796
vn 0.00016770216 -0.99997437 -0.00715796
vn 0.00016770216 -0.99997437 -0.00715796
vn 0.00016770216 -0.99997437 -0.00715796
vn 0.00046943684 -0.9998975 -0.014314818
vn 0.00046943684 -0.9998975 -0.014314818
vn 0.0008383389 -0.9999832 -0.0057498966
vn 0.0008383389 -0.9999832 -0.0057498966
vn -0.0015229026 -0.9999889 -0.004454721
vn -0.0015229026 -0.9999889 -0.004454721
vn -0.007747755 -0.9999654 -0.003028871
vn -0.007747755 -0.9999654 -0.003028871
vn -0.007747755 -0.9999654 -0.003028871
vn -0.007747755 -0.9999654 -0.003028871
vn -0.005463441 -0.99996686 -0.0060356916
vn -0.005463441 -0.99996686 -0.0060356916
vn -0.022017332 -0.99975616 -0.0016980643
vn -0.022017332 -0.99975616 -0.0016980643
vn -0.019459436 -0.99980515 -0.0033345555
vn 0.00042463027 -0.9999603 -0.008904752
vn 0.0023471292 -0.9999311 -0.011499162
vn -0.0023813273 -0.99999607 -0.0014907934
vn -0.0023813273 -0.99999607 -0.0014907934
vn 0.00016771449 -0.9999982 -0.0019166598
vn -0.023089549 -0.99973315 -0.000648298
vn -0.008738153 -0.99996126 -0.0010390072
vn 3.358535E-05 -0.99999714 -0.0023860456
vn -3.3479144E-05 -0.99999714 -0.0023860456
vn -3.3479144E-05 -0.99999714 -0.0023860456
vn -0.062368073 -0.99805284 -0.0009175852
vn -0.060799766 -0.9981493 -0.0011727952
vn -0.060799766 -0.9981493 -0.0011727952
vn -0.05660776 -0.998395 -0.0016939791
vn -0.054134022 -0.99853194 -0.00188759
vn -0.019513132 -0.9998092 -0.00088201097
vn -0.019513132 -0.9998092 -0.00088201097
vn -0.018633878 -0.999826 -0.0009471506
vn -0.0071679046 -0.99997425 -0.00033832857
vn -0.05170056 -0.99866056 -0.002027276
vn -0.05170056 -0.99866056 -0.002027276
vn -0.047948655 -0.9988476 -0.0021142797
vn -0.046880398 -0.9987993 0.014216634
vn -0.046880398 -0.9987993 0.014216634
vn 0.016207434 -0.9801695 0.19749705
vn 0.016207434 -0.9801695 0.19749705
vn 0.016207434 -0.9801695 0.19749705
vn 0.016207434 -0.9801695 0.19749705
vn 0.017011018 -0.9981415 0.058517255
vn 0.017011018 -0.9981415 0.058517255
vn 0.017011018 -0.9981415 0.058517255
vn 0.045322288 -0.994419 0.095272474
vn 0.045322288 -0.994419 0.095272474
vn 0.018698342 -0.96907985 0.24603787
vn 0.018698342 -0.96907985 0.24603787
vn 0.018698342 -0.96907985 0.24603787
vn 0.018698342 -0.96907985 0.24603787
vn 0.010960328 -0.9994286 -0.03197329
vn 0.010960328 -0.9994286 -0.03197329
vn 0.011687042 -0.9898657 -0.14152494
vn 0.011687042 -0.9898657 -0.14152494
vn 0.011687042 -0.9898657 -0.14152494
vn 0.011687042 -0.9898657 -0.14152494
vn 0.021521775 -0.99618286 0.08459622
vn 0.021521775 -0.99618286 0.08459622
vn 0.021521775 -0.99618286 0.08459622
vn 0.021521775 -0.99618286 0.08459622
vn 0.037020035 -0.9108503 -0.4110733
vn 0.037020035 -0.9108503 -0.4110733
vn 0.037020035 -0.9108503 -0.4110733
vn 0.037020035 -0.9108503 -0.4110733
vn -0.011251984 0.9871525 0.15938395
vn -0.011251984 0.9871525 0.15938395
vn -0.011251984 0.9871525 0.15938395
vn -0.011251984 0.9871525 0.15938395
vn -0 0.9870725 0.16027445
vn -0 0.9870725 0.16027445
vn -0.03924446 0.986694 0.15778115
vn -0.03924446 0.986694 0.15778115
vn -0 0.9870725 0.16027442
vn -0 0.9870725 0.16027442
vn -0 0.9870725 0.16027443
vn -0 0.9870725 0.16027443
vn -0 0.9870725 0.16027443
vn -0 0.9870725 0.16027443
vn -0 0.9870724 0.1602748
vn -0 0.9870724 0.1602748
vn 0.011252088 0.9871525 0.15938355
vn 0.011252088 0.9871525 0.15938355
vn 0.03924425 0.9866941 0.15778026
vn 0.03924425 0.9866941 0.15778026
vn 0.03924425 0.9866941 0.15778026
vn 0.03924425 0.9866941 0.15778026
vn -0.011682381 0.9939224 0.10946096
vn -0.011682381 0.9939224 0.10946096
vn -0.011682381 0.9939224 0.10946096
vn -0.011682381 0.9939224 0.10946096
vn -0 0.9939435 0.10989264
vn -0 0.9939435 0.10989264
vn -0.040416043 0.9933634 0.10768337
vn -0.040416043 0.9933634 0.10768337
vn -0 0.9939435 0.10989265
vn -0 0.9939435 0.10989265
vn -0 0.9939434 0.10989268
vn -0 0.9939434 0.10989268
vn -0 0.9939434 0.10989268
vn -0 0.9939434 0.10989268
vn -0 0.9939434 0.10989265
vn -0 0.9939434 0.10989265
vn 0.011682138 0.9939224 0.10946094
vn 0.011682138 0.9939224 0.10946094
vn 0.040415958 0.9933634 0.10768323
vn 0.040415958 0.9933634 0.10768323
vn 0.040415958 0.9933634 0.10768323
vn 0.040415958 0.9933634 0.10768323
vn -0 0.9944253 0.10544272
vn -0 0.9944253 0.10544272
vn -0 0.9951603 0.09826498
vn -0 0.9951603 0.09826508
vn -0 0.9951603 0.09826508
vn -0 0.9951603 0.09826498
vn -0 0.9951603 0.09826498
vn -0 0.9951603 0.09826498
vn -0 0.997212 0.07462095
vn -0 0.997212 0.07462097
vn -0 0.9981218 0.061260514
vn -0 0.997212 0.07462097
vn -0 0.9981218 0.061260514
vn -0 0.9988489 0.047967233
vn -0 0.9988489 0.04796724
vn -0 0.9988489 0.04796724
vn -0 0.9988489 0.047967233
vn -0 0.9988489 0.047967233
vn -0 0.9988489 0.047967233
vn -0 0.9994037 0.034526117
vn -0 0.9994037 0.034526117
vn -1.3128529E-07 0.9988489 0.047967464
vn -1.3128529E-07 0.9988489 0.047967464
vn 0.015281214 0.9987412 0.047774814
vn 0.015281214 0.9987412 0.047774814
vn 0.052830834 0.99749833 0.046966832
vn 0.052830834 0.99749833 0.046966832
vn 0.052830834 0.99749833 0.046966832
vn 0.052830834 0.99749833 0.046966832
vn 0.053871673 0.9979755 0.033803534
vn 0.053871673 0.9979755 0.033803534
vn 0.01558342 0.99928707 0.034387324
vn -0 0.9994037 0.034526147
vn 0.014884852 0.9980259 0.061015416
vn 0.014884852 0.9980259 0.061015416
vn 0.014398664 0.9971302 0.074323446
vn 0.014398664 0.9971302 0.074323446
vn -3.9796652E-07 0.9981218 0.061260533
vn -1.08063084E-07 0.997212 0.074621
vn 0.051465094 0.9968714 0.059988953
vn 0.04978981 0.9960824 0.07308058
vn -2.65311E-07 0.9981218 0.061260644
vn 0.01588844 0.99985003 0.006881414
vn 0.01588844 0.99985003 0.006881414
vn 0.054921724 0.99846774 -0.0067638564
vn 0.015888456 0.99985003 -0.0068813255
vn 0.015888456 0.99985003 -0.0068813255
vn 0.054921724 0.99846774 -0.0067638564
vn 0.054921724 0.99846774 -0.0067638564
vn 0.054921724 0.99846774 -0.0067638564
vn 0.054571584 0.9983038 -0.020288719
vn 0.054571584 0.9983038 -0.020288719
vn -1.3071133E-07 0.99997616 -0.0069092615
vn -1.3071133E-07 0.99997616 -0.0069092615
vn 0.015786761 0.9996623 -0.020640064
vn -1.3068626E-07 0.99978524 -0.020723622
vn -1.3071133E-07 0.99997616 0.0069093574
vn 0.054921597 0.99846774 0.006763871
vn -1.3071147E-07 0.99997616 -0.0069091744
vn -1.3071147E-07 0.99997616 -0.0069091744
vn -1.3071147E-07 0.99997616 -0.0069091744
vn -1.3071147E-07 0.99997616 -0.0069091744
vn -0 0.99978524 -0.020723594
vn -0 0.99978524 -0.020723594
vn 1.3071136E-07 0.99997616 -0.006909169
vn 1.3071136E-07 0.99997616 -0.006909169
vn -0 0.99997616 -0.0069090654
vn -0 0.99997616 -0.0069090654
vn -0.015888317 0.99985003 -0.006881339
vn -0.015888317 0.99985003 -0.006881339
vn -0.015888317 0.99985003 -0.006881339
vn -0.015888317 0.99985003 -0.006881339
vn -0.015583577 0.99928707 -0.034387324
vn -0.053871512 0.9979755 -0.033803377
vn -0.052571733 0.9971602 -0.05392409
vn -0.053871512 0.9979755 -0.033803377
vn -0.052571733 0.9971602 -0.05392409
vn -0.0143116135 0.9964563 -0.08288485
vn -0.050189033 0.9954659 -0.08080139
vn -0.050189033 0.9954659 -0.08080139
vn -0.0143116135 0.9964563 -0.08288485
vn -0.0143116135 0.9964563 -0.08288485
vn -0.0143116135 0.9964563 -0.08288485
vn -0.01043165 0.98699886 -0.16038817
vn -0.04027317 0.9870135 -0.1555074
vn -0.03278015 0.9823108 -0.1843663
vn -0.04027317 0.9870135 -0.1555074
vn -0.03278015 0.9823108 -0.1843663
vn -0.0041645123 0.977425 -0.21124178
vn -0.072758526 0.97869796 -0.1919804
vn -0.0073888516 0.98170245 -0.19027844
vn -0.0041645123 0.977425 -0.21124178
vn -0.0041645123 0.977425 -0.21124178
vn -0.0041645123 0.977425 -0.21124178
vn -0.0012342217 0.97455186 -0.22415861
vn -0.0012342217 0.97455186 -0.22415861
vn 0.0035442808 0.9767943 -0.2141502
vn 0.0035442808 0.9767943 -0.2141502
vn 0.004572886 0.9738212 -0.22726925
vn -0.024919543 0.9785194 -0.20464315
vn -0.024919543 0.9785194 -0.20464315
vn -0.01781664 0.97597504 -0.21715295
vn 0.002430705 0.9812253 -0.19284974
vn 0.0014089611 0.9867134 -0.16246437
vn 0.00023724986 0.9964946 -0.083656244
vn 0.00023724986 0.9964946 -0.083656244
vn 4.7510213E-05 0.9984611 -0.05545515
vn -0.01516539 0.9983664 -0.05508649
vn -0 0.9994037 -0.03452635
vn 1.3068626E-07 0.99978524 -0.02072362
vn 4.729078E-05 0.9964611 -0.084055424
vn 4.729078E-05 0.9964611 -0.084055424
vn -4.7290792E-05 0.9964611 -0.08405524
vn -4.7290792E-05 0.9964611 -0.08405524
vn -4.7290792E-05 0.9964611 -0.08405524
vn -4.7290792E-05 0.9964611 -0.08405524
vn -0.00013239782 0.99276346 -0.12008596
vn -0.00013239782 0.99276346 -0.12008596
vn -0.00023738097 0.9964946 -0.08365628
vn -0.00023738097 0.9964946 -0.08365628
vn 0.014311442 0.99645644 -0.082884476
vn 0.014311442 0.99645644 -0.082884476
vn 0.050188977 0.9954659 -0.0808013
vn 0.050188977 0.9954659 -0.0808013
vn 0.050188977 0.9954659 -0.0808013
vn 0.050188977 0.9954659 -0.0808013
vn 0.046243552 0.9923333 -0.114613324
vn 0.046243552 0.9923333 -0.114613324
vn -0.000661658 0.99285924 -0.11929033
vn 0.012802852 0.9929375 -0.11794574
vn 0.012802852 0.9929375 -0.11794574
vn 0.0151652675 0.9983664 -0.055086765
vn 0.0151652675 0.9983664 -0.055086765
vn -4.764115E-05 0.9984611 -0.05545523
vn 0.05257166 0.9971602 -0.053924024
vn -9.292564E-06 0.99845374 -0.055588286
vn 9.423454E-06 0.99845374 -0.055588245
vn 9.423454E-06 0.99845374 -0.055588245
vn -0.10181081 0.9816768 0.16107507
vn -0.10181081 0.9816768 0.16107507
vn -0.10181081 0.9816768 0.16107507
vn -0.10181081 0.9816768 0.16107507
vn -0.104633 0.9891233 0.10337909
vn -0.104633 0.9891233 0.10337909
vn -0.104633 0.9891233 0.10337909
vn -0.104633 0.9891233 0.10337909
vn -0.112789 0.98866475 0.099098876
vn -0.112789 0.98866475 0.099098876
vn -0.11811744 0.9887017 0.09228823
vn -0.11811744 0.9887017 0.09228823
vn -0.11811744 0.9887017 0.09228823
vn -0.11811744 0.9887017 0.09228823
vn -0.12856273 0.9892295 0.06997536
vn -0.12856273 0.9892295 0.06997536
vn -0.13281664 0.98947656 0.05740896
vn -0.13281664 0.98947656 0.05740896
vn -0.13627996 0.9896512 0.044926472
vn -0.13627996 0.9896512 0.044926472
vn -0.13627996 0.9896512 0.044926472
vn -0.13627996 0.9896512 0.044926472
vn -0.14068705 0.98986405 0.019395677
vn -0.14068705 0.98986405 0.019395677
vn -0.14157273 0.98990685 0.0064655626
vn -0.14157273 0.98990685 0.0064655626
vn -0.14157282 0.9899067 -0.006465599
vn -0.14157282 0.9899067 -0.006465599
vn -0.14157282 0.9899067 -0.006465599
vn -0.14157282 0.9899067 -0.006465599
vn -0.13891609 0.9897765 -0.032323577
vn -0.13891609 0.9897765 -0.032323577
vn -0.13573156 0.98942006 -0.051234607
vn -0.13573156 0.98942006 -0.051234607
vn -0.13011356 0.9885589 -0.07630136
vn -0.13011356 0.9885589 -0.07630136
vn -0.13011356 0.9885589 -0.07630136
vn -0.13011356 0.9885589 -0.07630136
vn -0.10747772 0.983459 -0.14579825
vn -0.10747772 0.983459 -0.14579825
vn -0.09053741 0.9807782 -0.17284961
vn -0.09053741 0.9807782 -0.17284961
vn -0.072758526 0.97869796 -0.1919804
vn -0.072758526 0.97869796 -0.1919804
vn -0.072758526 0.97869796 -0.1919804
vn -0.05666996 0.97736084 -0.20384882
vn -0.04483132 0.97794956 -0.20397219
vn -0.037692316 0.9725214 -0.22974215
vn -0.009398609 0.97106653 -0.23862402
vn -0.009398609 0.97106653 -0.23862402
vn -0.009398609 0.97106653 -0.23862402
vn -0.009398609 0.97106653 -0.23862402
vn -0.037692316 0.9725214 -0.22974215
vn 0.0024112845 0.9692487 -0.24607126
vn 0.0024112845 0.9692487 -0.24607126
vn 0.0033077544 0.9678817 -0.25138462
vn 0.0033077544 0.9678817 -0.25138462
vn 0.0010154309 0.9681105 -0.2505214
vn 0.0010154309 0.9681105 -0.2505214
vn 0.0010154309 0.9681105 -0.2505214
vn 0.0010154309 0.9681105 -0.2505214
vn 0.00091413344 0.9733478 -0.22933215
vn -0.000913908 0.9733479 -0.22933196
vn -0.00070857053 0.97637844 -0.21606602
vn -0.000913908 0.9733479 -0.22933196
vn -0.00070857053 0.97637844 -0.21606602
vn -0.00070857053 0.97637844 -0.21606602
vn -0.00070857053 0.97637844 -0.21606602
vn -0.003544443 0.9767943 -0.21415026
vn -0.003544443 0.9767943 -0.21415026
vn 0.004164691 0.97742486 -0.21124205
vn 0.004164691 0.97742486 -0.21124205
vn 0.024919908 0.9785195 -0.2046426
vn 0.024919908 0.9785195 -0.2046426
vn 0.024919908 0.9785195 -0.2046426
vn 0.024919908 0.9785195 -0.2046426
vn 0.017816778 0.97597504 -0.21715298
vn 0.017816778 0.97597504 -0.21715298
vn 0.001234328 0.97455186 -0.22415872
vn -0.00457299 0.9738212 -0.22726913
vn 0.0073886826 0.98170245 -0.19027789
vn 0.0073886826 0.98170245 -0.19027789
vn 0.01043165 0.98699886 -0.16038837
vn -0.0024307077 0.9812253 -0.19284976
vn 0.032780416 0.9823108 -0.18436675
vn 0.072757475 0.9786982 -0.19197994
vn -0.00048586668 0.98089784 -0.19452287
vn 0.00048600702 0.98089796 -0.19452244
vn 0.00048600702 0.98089796 -0.19452244
vn 0.0007087309 0.97637856 -0.21606553
vn 0.0007087309 0.97637856 -0.21606553
vn 0.00013226594 0.99276346 -0.12008594
vn -0.037106734 0.9230855 0.38280055
vn -0.037106734 0.9230855 0.38280055
vn -0.037106734 0.9230855 0.38280055
vn -0.037106734 0.9230855 0.38280055
vn -0.010306935 0.92568946 0.37814403
vn -0.010306935 0.92568946 0.37814403
vn 1.2296451E-07 0.92520523 0.3794671
vn 1.2296451E-07 0.92520523 0.3794671
vn -0 0.92520523 0.37946713
vn -0 0.92520523 0.37946713
vn -0 0.92520523 0.37946713
vn -0 0.92520523 0.37946713
vn -2.459291E-07 0.9252055 0.3794665
vn -2.459291E-07 0.9252055 0.3794665
vn -0 0.9252055 0.37946647
vn -0 0.9252055 0.37946647
vn 0.010306641 0.92568946 0.378144
vn 0.010306641 0.92568946 0.378144
vn 0.010306641 0.92568946 0.378144
vn 0.010306641 0.92568946 0.378144
vn 0.03710659 0.9230851 0.38280132
vn 0.03710659 0.9230851 0.38280132
vn -0.027912086 0.5565246 0.83036214
vn -0.027912086 0.5565246 0.83036214
vn -0.027912086 0.5565246 0.83036214
vn -0.027912086 0.5565246 0.83036214
vn -0.007472082 0.56666183 0.8239165
vn -0.007472082 0.56666183 0.8239165
vn -0 0.5674186 0.82342947
vn -0 0.5674186 0.82342947
vn -0 0.5674186 0.82342947
vn -0 0.5674186 0.82342947
vn -0 0.5674186 0.82342947
vn -0 0.5674186 0.82342947
vn -0 0.5674184 0.82342964
vn -0 0.5674184 0.82342964
vn -0 0.56741816 0.8234297
vn -0 0.56741816 0.8234297
vn 0.007471856 0.5666615 0.82391673
vn 0.007471856 0.5666615 0.82391673
vn 0.007471856 0.5666615 0.82391673
vn 0.007471856 0.5666615 0.82391673
vn 0.027911859 0.55652404 0.83036256
vn 0.027911859 0.55652404 0.83036256
vn -0.094016045 0.9012145 0.42305255
vn -0.094016045 0.9012145 0.42305255
vn -0.094016045 0.9012145 0.42305255
vn -0.094016045 0.9012145 0.42305255
vn -0.06070771 0.5140001 0.8556392
vn -0.06070771 0.5140001 0.8556392
vn -0.06070771 0.5140001 0.8556392
vn -0.06070771 0.5140001 0.8556392
vn -0.0549221 0.99846774 -0.006764179
vn -0.0549221 0.99846774 -0.006764179
vn -0.05492212 0.99846774 0.0067641665
vn -0.05492212 0.99846774 0.0067641665
vn -0.05457189 0.99830365 0.020288413
vn -0.05457189 0.99830365 0.020288413
vn -0.01588816 0.99985003 0.0068812245
vn -1.3071133E-07 0.99997616 0.0069089755
vn -0.015787046 0.9996623 0.020639958
vn 1.3068636E-07 0.99978524 0.02072363
vn -0.015281501 0.9987412 0.047775134
vn -0.015281501 0.9987412 0.047775134
vn -0.015281501 0.9987412 0.047775134
vn -0.015281501 0.9987412 0.047775134
vn -0 0.9988489 0.04796746
vn -0 0.9988489 0.04796746
vn -0.052830834 0.99749833 0.046967037
vn -0.052830834 0.99749833 0.046967037
vn -0.05146516 0.9968714 0.059988774
vn -0.05146516 0.9968714 0.059988774
vn -0.04978949 0.9960824 0.07308074
vn -0.04978949 0.9960824 0.07308074
vn -0.014884852 0.9980259 0.06101523
vn -0 0.9981218 0.061260402
vn -0.014399093 0.9971302 0.07432344
vn -0 0.997212 0.074621
vn -0 0.9994037 0.03452621
vn -1.3071147E-07 0.99997616 0.00690927
vn -1.3071147E-07 0.99997616 0.00690927
vn -1.307113E-07 0.99997616 0.006909165
vn -0 0.9951603 0.098265074
vn -0 0.9951603 0.098265074
vn -0 0.9944253 0.105442725
vn -0.0132094035 0.9951109 0.09787627
vn -0.0132094035 0.9951109 0.09787627
vn -0.0132094035 0.9951109 0.09787627
vn -0.0132094035 0.9951109 0.09787627
vn -0.045687243 0.99430686 0.09626306
vn -0.045687243 0.99430686 0.09626306
vn -0.043601014 0.9936935 0.103307046
vn -0.043601014 0.9936935 0.103307046
vn -0.012604739 0.9943895 0.105027154
vn -0.0021683543 -0.9999925 0.0032121846
vn 0.002874656 -0.9999845 -0.004773683
vn 0.002874656 -0.9999845 -0.004773683
vn 0.008813342 -0.9999429 -0.0060414383
vn 0.014879092 -0.9998739 -0.005557972
vn 0.022017425 -0.99975616 -0.0016980541
vn 0.022017425 -0.99975616 -0.0016980541
vn 0.023089655 -0.99973315 -0.0006482876
vn 0.023212668 -0.9997305 -0.00018509386
vn 0.008652161 -0.99996257 -0.00015322144
vn 0.008652161 -0.99996257 -0.00015322144
vn 0.0224907 -0.999747 -0.00042892277
vn 0.0224907 -0.999747 -0.00042892277
vn 0.008433782 -0.9999645 -0.00019582348
vn 0.008433782 -0.9999645 -0.00019582348
vn 0.008165735 -0.9999666 -0.00023875524
vn 0.008165735 -0.9999666 -0.00023875524
vn 0.02192329 -0.9997595 -0.0005482214
vn 0.021226732 -0.9997745 -0.00066837604
vn 0.0024365438 -0.999997 -3.9165938E-05
vn -0 -1 0
vn 0.0023590974 -0.99999726 -4.775449E-05
vn -0 -1 0
vn -0 -1 0
vn -0 -1 0
vn -0 -1 0
vn -0 -1 0
vn -0 -1 0
vn -0 -1 0
vn -0 -1 0
vn -0 -1 0
vn -0 -1 0
vn -0 -1 0
vn -0 -1 0
vn -0 -1 0
vn -0 -1 0
vn -0 -1 0
vn -0 -1 0
vn -0 -1 0
vn -0 -1 0
vn -0 -1 0
vn -0 -1 0
vn -0 -1 0
vn -0 -1 0
vn -0 -1 0
vn -0 -1 0
vn -0 -1 0
vn -0 -1 0
vn -0 -1 0
vn -0 -1 0
vn -0 -1 0
vn 0.0021685904 -0.99999774 -6.3013875E-05
vn 0.0021685904 -0.99999774 -6.3013875E-05
vn 0.0021685904 -0.99999774 -6.3013875E-05
vn 0.0021685904 -0.99999774 -6.3013875E-05
vn 0.007506342 -0.99997175 -0.0003150605
vn 0.007506342 -0.99997175 -0.0003150605
vn 0.019513233 -0.9998092 -0.00088200835
vn 0.019513233 -0.9998092 -0.00088200835
vn 0.0071680006 -0.99997425 -0.00033831896
vn 0.0071680006 -0.99997425 -0.00033831896
vn 0.018633997 -0.999826 -0.00094717025
vn 0.0020708467 -0.99999785 -6.7666115E-05
vn 0.054134052 -0.99853194 -0.0018876073
vn 0.054134052 -0.99853194 -0.0018876073
vn 0.056607857 -0.998395 -0.0016938823
vn 0.05170065 -0.99866056 -0.0020272867
vn 0.04955598 -0.9987691 -0.0021140454
vn 0.046880484 -0.9987993 0.014216432
vn 0.046880484 -0.9987993 0.014216432
vn 0.06079983 -0.9981493 -0.0011728473
vn 0.062368184 -0.99805284 -0.000917564
vn 0.062368184 -0.99805284 -0.000917564
vn 0.06436312 -0.9979265 -0.00039597298
vn 0.06449729 -0.99791783 -0.00040522218
vn 0.06343076 -0.99798596 -0.00068778085
vn 0.06343076 -0.99798596 -0.00068778085
vn 0.055556837 -0.9984534 -0.0020734598
vn 0.048746362 -0.998809 -0.0020953405
vn 0.041808262 -0.9991248 -0.0013015347
vn 0.041808262 -0.9991248 -0.0013015347
vn 0.0340162 -0.9994173 0.002833576
vn 0.034925934 -0.9993793 0.004613378
vn 0.03775512 -0.9992699 0.005854834
vn 0.03775512 -0.9992699 0.005854834
vn 0.04384328 -0.9990182 0.0063634263
vn 0.0452257 -0.998909 -0.011645858
vn 0.015459613 -0.99987984 -0.0011875349
vn 0.005400059 -0.99996495 0.006399698
vn 0.005400059 -0.99996495 0.006399698
vn 0.004288376 -0.99985576 -0.016432168
vn 0.005400059 -0.99996495 0.006399698
vn 0.015459613 -0.99987984 -0.0011875349
vn 0.0013021322 -0.99986696 0.016262777
vn 0.004288376 -0.99985576 -0.016432168
vn 0.004288376 -0.99985576 -0.016432168
vn 0.004288376 -0.99985576 -0.016432168
vn 0.0032953368 -0.9995018 0.031387623
vn 0.0032953368 -0.9995018 0.031387623
vn 0.012488218 -0.9998222 -0.014132296
vn 0.012488218 -0.9998222 -0.014132296
vn 0.0072673284 -0.9988512 -0.047364928
vn 0.0072673284 -0.9988512 -0.047364928
vn 0.01652779 -0.9975304 -0.068264246
vn 0.01652779 -0.9975304 -0.068264246
vn 0.00025933437 -0.99916303 0.040903717
vn 0.00023262246 -0.9987779 0.049422044
vn 0.00023262246 -0.9987779 0.049422044
vn 0.00023262246 -0.9987779 0.049422044
vn 0.00023262246 -0.9987779 0.049422044
vn -0.0010051474 -0.9992446 0.03884895
vn -0.0017091171 -0.999443 0.033326615
vn 0.0017092531 -0.999443 0.033326443
vn 0.0017092531 -0.999443 0.033326443
vn 0.0017092531 -0.999443 0.033326443
vn 0.0017092531 -0.999443 0.033326443
vn 0.0010052777 -0.9992446 0.038848985
vn 0.0010052777 -0.9992446 0.038848985
vn 0.008547301 -0.999605 0.026774842
vn 0.008547301 -0.999605 0.026774842
vn 0.008884054 -0.9997434 0.02083477
vn 0.008884054 -0.9997434 0.02083477
vn 0.0055022696 -0.999879 0.014549628
vn 0.0055022696 -0.999879 0.014549628
vn 0.0055022696 -0.999879 0.014549628
vn 0.0055022696 -0.999879 0.014549628
vn 0.0006087024 -0.9998566 0.016921442
vn 0.0006087024 -0.9998566 0.016921442
vn -0.0048456113 -0.9999465 0.009147658
vn -0.0048456113 -0.9999465 0.009147658
vn -0.009682989 -0.9998975 0.010546946
vn 0.0044666342 -0.9996952 0.024282498
vn 0.0050272797 -0.99950004 0.031214587
vn 0.013074652 -0.9998048 0.014818034
vn 0.013074652 -0.9998048 0.014818034
vn 0.015667958 -0.9998592 -0.0059989383
vn 0.012641434 -0.9999125 -0.0038970772
vn 0.009149247 -0.9999174 -0.009033288
vn 0.012641434 -0.9999125 -0.0038970772
vn 0.009149247 -0.9999174 -0.009033288
vn 0.009149247 -0.9999174 -0.009033288
vn 0.009149247 -0.9999174 -0.009033288
vn -0.0028745423 -0.9999845 -0.0047736974
vn -0.0028745423 -0.9999845 -0.0047736974
vn 0.0013237358 -0.99999774 -0.0017135744
vn 0.012799075 -0.9998276 -0.013449901
vn 0.012799075 -0.9998276 -0.013449901
vn 0.011901258 -0.99977785 -0.017393282
vn 0.011901258 -0.99977785 -0.017393282
vn 0.014081621 -0.9998704 -0.0077976044
vn 0.008444005 -0.9998305 -0.016363021
vn 0.008444005 -0.9998305 -0.016363021
vn 0.0085484525 -0.99974006 -0.02113741
vn 0.003976559 -0.99993086 -0.011064147
vn -0.008813235 -0.9999429 -0.006041432
vn 0.0023802822 -0.9997627 -0.021652557
vn 0.0023802822 -0.9997627 -0.021652557
vn 0.0023802822 -0.9997627 -0.021652557
vn 0.0023802822 -0.9997627 -0.021652557
vn 0.0028166054 -0.999949 -0.009707988
vn 0.0028166054 -0.999949 -0.009707988
vn -0.002380148 -0.9997627 -0.021652548
vn -0.002380148 -0.9997627 -0.021652548
vn -0.002816501 -0.999949 -0.009707967
vn -0.0017094865 -0.9996524 -0.026311612
vn -0.0017094865 -0.9996524 -0.026311612
vn -0.00046934694 -0.9998975 -0.014314817
vn 0.001709591 -0.9996524 -0.026311575
vn 0.89942664 0.434184 -0.050159074
vn 0.89942664 0.434184 -0.050159074
vn 0.89942664 0.434184 -0.050159074
vn 0.89942664 0.434184 -0.050159074
vn 0.8674423 0.49386302 -0.06035831
vn 0.8674423 0.49386302 -0.06035831
vn 0.8674423 0.49386302 -0.06035831
vn 0.8674423 0.49386302 -0.06035831
vn 0.4985088 0.85768765 -0.12593968
vn 0.4985088 0.85768765 -0.12593968
vn 0.4985088 0.85768765 -0.12593968
vn 0.4985088 0.85768765 -0.12593968
vn 0.42821923 0.8929142 -0.13904183
vn 0.42821923 0.8929142 -0.13904183
vn 0.42821923 0.8929142 -0.13904183
vn 0.42821923 0.8929142 -0.13904183
vn 0.56634057 0.8170219 -0.10832227
vn 0.56634057 0.8170219 -0.10832227
vn 0.56634057 0.8170219 -0.10832227
vn 0.56634057 0.8170219 -0.10832227
vn 0.6220376 0.7780742 -0.08757669
vn 0.6220376 0.7780742 -0.08757669
vn 0.6220376 0.7780742 -0.08757669
vn 0.6220376 0.7780742 -0.08757669
vn 0.68499684 0.72718114 -0.044574928
vn 0.68499684 0.72718114 -0.044574928
vn 0.68499684 0.72718114 -0.044574928
vn 0.68499684 0.72718114 -0.044574928
vn 0.66102535 0.74769217 -0.06326067
vn 0.66102535 0.74769217 -0.06326067
vn 0.6992393 0.71424854 -0.030221706
vn 0.6992393 0.71424854 -0.030221706
vn 0.70729434 0.70665354 -0.019374024
vn 0.70729434 0.70665354 -0.019374024
vn 0.70729434 0.70665354 -0.019374024
vn 0.70729434 0.70665354 -0.019374024
vn 0.714039 0.7000955 -0.0038390332
vn 0.714039 0.7000955 -0.0038390332
vn 0.714039 0.7000955 -0.0038390332
vn 0.714039 0.7000955 -0.0038390332
vn 0.714038 0.70009637 0.0038401077
vn 0.714038 0.70009637 0.0038401077
vn 0.71181095 0.7022762 0.011551804
vn 0.71181095 0.7022762 0.011551804
vn 0.7072938 0.70665413 0.019373896
vn 1 0 -1.5821298E-07
vn 1 0 -1.5821298E-07
vn 1 0 -6.6477077E-07
vn 1 0 -6.6477077E-07
vn 1 0 -2.0840636E-07
vn 1 0 -2.0840636E-07
vn 1 0 0
vn 1 0 0
vn 1 0 0
vn 1 0 -1.1996927E-07
vn -0.9398562 0.3406685 0.024808284
vn -0.9398562 0.3406685 0.024808284
vn -0.9398562 0.3406685 0.024808284
vn -0.9398562 0.3406685 0.024808284
vn -0.93500537 0.35361567 0.0268501
vn -0.93500537 0.35361567 0.0268501
vn -0.9447606 0.3270102 0.022175483
vn -0.9447606 0.3270102 0.022175483
vn -0.9491844 0.31413922 0.019119907
vn -0.9491844 0.31413922 0.019119907
vn -0.9556055 0.2943878 0.01240937
vn -0.9556055 0.2943878 0.01240937
vn -0.9556055 0.2943878 0.01240937
vn -0.9556055 0.2943878 0.01240937
vn -0.95770717 0.28758818 0.009484652
vn -0.95770717 0.28758818 0.009484652
vn -0.9592115 0.28260994 0.0067050685
vn -0.9592115 0.28260994 0.0067050685
vn -0.9606499 0.27775922 0.0013180892
vn -0.9606499 0.27775922 0.0013180892
vn -0.9606499 0.27775922 0.0013180892
vn -0.9606499 0.27775922 0.0013180892
vn -0.96064997 0.27775887 -0.0013183077
vn -0.96064997 0.27775887 -0.0013183077
vn -0.9601788 0.27935803 -0.0039767055
vn -0.9601788 0.27935803 -0.0039767055
vn -0.9574834 0.28830308 -0.010339837
vn -0.9574834 0.28830308 -0.010339837
vn -0.9574834 0.28830308 -0.010339837
vn -0.9574834 0.28830308 -0.010339837
vn -1 0 0
vn -1 0 0
vn -1 0 0
vn -1 0 0
vn -1 0 0
vn -1 0 0
vn -1 -1.7489382E-06 -6.976868E-07
vn -1 -1.7489382E-06 -6.976868E-07
vn -1 -1.6722793E-06 -6.1910896E-07
vn -1 -1.6722793E-06 -6.1910896E-07
vn -1 0 0
vn -1 0 0
vn -1 0 0
vn -1 0 0
vn -1 0 -3.0503085E-07
vn -1 0 -3.0503085E-07
vn -1 0 4.83659E-07
vn -1 0 4.83659E-07
vn -1 0 0
vn -1 0 0
vn -1 0 0
vn -1 0 0
vn -1 0 0
vn -1 0 0
vn -1 0 -6.98048E-07
vn -1 0 -6.98048E-07
vn -1 0 0
vn -1 0 0
vn -1 0 0
vn -1 0 0
vn -1 0 0
vn -1 0 0
vn -1 0 0
vn -1 0 0
vn -1 0 1.2697252E-07
vn -1 0 0
vn -1 0 0
vn -1 0 -6.645651E-07
vn -1 0 -6.645651E-07
vn -1 0 0
vn -1 0 3.997777E-07
vn -1 0 3.997777E-07
vn -1 0 0
vn -1 0 0
vn -1 0 0
vn -1 0 0
vn -1 0 0
vn -1 0 0
vn -1 0 0
vn -1 0 -1.2538501E-07
vn -1 0 2.5267957E-07
vn -1 0 0
vn -1 0 0
vn -1 0 -4.1220986E-07
vn -1 0 0
vn -1 0 0
vn -1 0 -4.1220986E-07
vn -1 0 -4.1220986E-07
vn -1 0 -4.1220986E-07
vn -1 2.0943617E-06 0
vn -1 2.0943617E-06 0
vn -1 0 0
vn -1 0 0
vn -1 0 -5.3414E-07
vn -1 0 1.89062E-07
vn -1 0 5.46377E-07
vn -1 0 0
vn -1 0 0
vn -1 0 0
vn -1 0 6.251385E-07
vn -1 0 2.729561E-07
vn -1 0 2.729561E-07
vn -1 0 6.251385E-07
vn -1 0 6.251385E-07
vn -1 0 6.251385E-07
vn -1 0 -8.253585E-07
vn -1 0 -8.253585E-07
vn -1 0 -7.711585E-07
vn -1 0 -7.711585E-07
vn -1 0 0
vn -1 0 0
vn -1 0 5.8427986E-07
vn -1 0 4.0042028E-07
vn -1 0 1.13164E-06
vn -1 0 1.13164E-06
vn -1 0 0
vn -1 0 1.6198378E-07
vn -1 0 -1.9982008E-07
vn -1 0 -1.1227988E-06
vn -1 0 -1.1227988E-06
vn -1 0 -3.3852956E-07
vn -1 0 -3.3852956E-07
vn -1 0 0
vn -1 0 0
vn -1 0 -4.4644548E-07
vn -1 0 -4.4644548E-07
vn -1 0 6.8858884E-07
vn -1 0 -6.718957E-07
vn -0.6297538 0.77405906 0.06513638
vn -0.6297538 0.77405906 0.06513638
vn -0.6297538 0.77405906 0.06513638
vn -0.6297538 0.77405906 0.06513638
vn -0.6134376 0.78672075 0.069028564
vn -0.6134376 0.78672075 0.069028564
vn -0.64737034 0.75984615 0.059544064
vn -0.64737034 0.75984615 0.059544064
vn -0.6643418 0.7455871 0.052439336
vn -0.6643418 0.7455871 0.052439336
vn -0.6910697 0.7219322 0.035164256
vn -0.6910697 0.7219322 0.035164256
vn -0.6910697 0.7219322 0.035164256
vn -0.6910697 0.7219322 0.035164256
vn -0.7004114 0.71322155 0.02718161
vn -0.7004114 0.71322155 0.02718161
vn -0.7072951 0.7066528 0.019374017
vn -0.7072951 0.7066528 0.019374017
vn -0.71403867 0.70009565 0.0038389885
vn -0.71403867 0.70009565 0.0038389885
vn -0.71403867 0.70009565 0.0038389885
vn -0.71403867 0.70009565 0.0038389885
vn -0.71403784 0.7000966 -0.0038396267
vn -0.71403784 0.7000966 -0.0038396267
vn -0.71181095 0.7022762 -0.0115517955
vn -0.71181095 0.7022762 -0.0115517955
vn -0.6992393 0.7142485 -0.030221287
vn -0.6992393 0.7142485 -0.030221287
vn -0.6992393 0.7142485 -0.030221287
vn -0.6992393 0.7142485 -0.030221287
vn -0.68499655 0.7271814 -0.044575132
vn -0.68499655 0.7271814 -0.044575132
vn -0.68499655 0.7271814 -0.044575132
vn -0.68499655 0.7271814 -0.044575132
vn -0.6610257 0.74769187 -0.0632601
vn -0.6610257 0.74769187 -0.0632601
vn -0.954395 0.29816243 -0.015141383
vn -0.954395 0.29816243 -0.015141383
vn -0.954395 0.29816243 -0.015141383
vn -0.954395 0.29816243 -0.015141383
vn -0.94897836 0.3146007 -0.021597961
vn -0.94897836 0.3146007 -0.021597961
vn -0.9234223 0.3816957 -0.03999805
vn -0.9234223 0.3816957 -0.03999805
vn -0.9234223 0.3816957 -0.03999805
vn -0.9234223 0.3816957 -0.03999805
vn 0.011900874 -0.9997482 0.019024838
vn 0.0023801608 -0.9997167 0.023683263
vn -0.0023800328 -0.9997167 0.023683244
vn -0.0023800328 -0.9997167 0.023683244
vn -0.0017091171 -0.999443 0.033326615
vn 0.010103975 -0.99989474 0.0104125645
vn -0.00039156718 -0.99997747 0.006710856
vn -0.034925763 -0.9993793 0.0046133595
vn -0.034925763 -0.9993793 0.0046133595
vn -0.03401618 -0.9994173 0.0028336362
vn -0.037755102 -0.9992699 0.0058548
vn -0.041171 -0.99913055 0.0065724095
vn -0.04522524 -0.998909 -0.011645885
vn -0.015459501 -0.99987984 -0.0011875365
vn -0.005400004 -0.99996495 0.0063996986
vn -0.005400004 -0.99996495 0.0063996986
vn -0.0013020639 -0.99986696 0.016262896
vn -0.0013020639 -0.99986696 0.016262896
vn -0.0013020639 -0.99986696 0.016262896
vn -0.0042881244 -0.99985576 -0.016431736
vn -0.00025919688 -0.99916303 0.04090311
vn -0.003295213 -0.9995018 0.03138785
vn -0.003295213 -0.9995018 0.03138785
vn -0.0042881244 -0.99985576 -0.016431736
vn -0.0072671636 -0.9988512 -0.047365755
vn -0.0072671636 -0.9988512 -0.047365755
vn -0.0072671636 -0.9988512 -0.047365755
vn -0.0072671636 -0.9988512 -0.047365755
vn -0.016528208 -0.99753016 -0.06826675
vn -0.016528208 -0.99753016 -0.06826675
vn -0.012488327 -0.9998222 -0.014131772
vn -0.012488327 -0.9998222 -0.014131772
vn -0.00023255558 -0.9987779 0.049422015
vn -0.00023255558 -0.9987779 0.049422015
vn -0.0037381037 -0.9962031 0.08697932
vn -0.0020240964 -0.9913762 0.13103072
vn -0.0037381037 -0.9962031 0.08697932
vn -0.0020240964 -0.9913762 0.13103072
vn -0.0020240964 -0.9913762 0.13103072
vn -0.0020240964 -0.9913762 0.13103072
vn 0.0020241293 -0.9913762 0.13103071
vn 0.0020241293 -0.9913762 0.13103071
vn 0.00373822 -0.99620336 0.086975604
vn 0.00373822 -0.99620336 0.086975604
vn 0.13627975 0.9896512 0.044926666
vn 0.13627975 0.9896512 0.044926666
vn 0.13627975 0.9896512 0.044926666
vn 0.13627975 0.9896512 0.044926666
vn 0.1389156 0.9897765 0.032323655
vn 0.1389156 0.9897765 0.032323655
vn 0.1328165 0.9894767 0.057408836
vn 0.1328165 0.9894767 0.057408836
vn 0.1285628 0.9892295 0.0699756
vn 0.1285628 0.9892295 0.0699756
vn 0.14157249 0.98990685 0.0064655645
vn 0.14157249 0.98990685 0.0064655645
vn 0.14157231 0.98990685 -0.0064654592
vn 0.14157231 0.98990685 -0.0064654592
vn 0.14157231 0.98990685 -0.0064654592
vn 0.14157231 0.98990685 -0.0064654592
vn 0.14068674 0.9898642 -0.019395921
vn 0.14068674 0.9898642 -0.019395921
vn 0.13573134 0.98942006 -0.05123457
vn 0.13573134 0.98942006 -0.05123457
vn 0.13011347 0.9885589 -0.0763015
vn 0.13011347 0.9885589 -0.0763015
vn 0.13011347 0.9885589 -0.0763015
vn 0.13011347 0.9885589 -0.0763015
vn 0.12103426 0.98678327 -0.10774703
vn 0.12103426 0.98678327 -0.10774703
vn 0.09053689 0.9807782 -0.17285001
vn 0.09053689 0.9807782 -0.17285001
vn 0.072757475 0.9786982 -0.19197994
vn 0.072757475 0.9786982 -0.19197994
vn 0.072757475 0.9786982 -0.19197994
vn 0.056669626 0.97736084 -0.20384888
vn 0.044831164 0.9779497 -0.20397197
vn 0.037692193 0.9725218 -0.2297403
vn 0.009398442 0.97106636 -0.2386249
vn 0.037692193 0.9725218 -0.2297403
vn 0.009398442 0.97106636 -0.2386249
vn -0.0024115467 0.969248 -0.246074
vn -0.0024115467 0.969248 -0.246074
vn -0.0024115467 0.969248 -0.246074
vn -0.0024115467 0.969248 -0.246074
vn -0.0033078275 0.96788144 -0.2513852
vn -0.0033078275 0.96788144 -0.2513852
vn -0.0010154308 0.96811044 -0.2505216
vn -0.0010154308 0.96811044 -0.2505216
vn 0.040272843 0.9870134 -0.15550764
vn 0.101810366 0.98167694 0.16107488
vn 0.101810366 0.98167694 0.16107488
vn 0.101810366 0.98167694 0.16107488
vn 0.101810366 0.98167694 0.16107488
vn 0.10463271 0.9891233 0.103378825
vn 0.10463271 0.9891233 0.103378825
vn 0.10463271 0.9891233 0.103378825
vn 0.10463271 0.9891233 0.103378825
vn 0.112789 0.98866475 0.09909901
vn 0.112789 0.98866475 0.09909901
vn 0.11811744 0.9887017 0.09228842
vn 0.11811744 0.9887017 0.09228842
vn 0.11811744 0.9887017 0.09228842
vn 0.11811744 0.9887017 0.09228842
vn 0.09401641 0.9012139 0.4230536
vn 0.09401641 0.9012139 0.4230536
vn 0.09401641 0.9012139 0.4230536
vn 0.09401641 0.9012139 0.4230536
vn 0.06070763 0.51400036 0.8556391
vn 0.06070763 0.51400036 0.8556391
vn 0.06070763 0.51400036 0.8556391
vn 0.06070763 0.51400036 0.8556391
vn -0.021521682 -0.99618286 0.08459638
vn -0.021521682 -0.99618286 0.08459638
vn -0.021521682 -0.99618286 0.08459638
vn -0.021521682 -0.99618286 0.08459638
vn -0.011686925 -0.9898657 -0.1415249
vn -0.011686925 -0.9898657 -0.1415249
vn -0.011686925 -0.9898657 -0.1415249
vn -0.011686925 -0.9898657 -0.1415249
vn -0.037019864 -0.9108503 -0.41107333
vn -0.037019864 -0.9108503 -0.41107333
vn -0.037019864 -0.9108503 -0.41107333
vn -0.037019864 -0.9108503 -0.41107333
vn -0.017010974 -0.9981414 0.058517385
vn -0.017010974 -0.9981414 0.058517385
vn -0.017010974 -0.9981414 0.058517385
vn -0.04532214 -0.99441904 0.095272
vn -0.04532214 -0.99441904 0.095272
vn -0.016207382 -0.9801695 0.19749725
vn -0.016207382 -0.9801695 0.19749725
vn -0.016207382 -0.9801695 0.19749725
vn -0.016207382 -0.9801695 0.19749725
vn -0.01869832 -0.96907973 0.24603805
vn -0.01869832 -0.96907973 0.24603805
vn -0.01869832 -0.96907973 0.24603805
vn -0.01869832 -0.96907973 0.24603805
vn 0.0071261777 -0.92947894 -0.36880642
vn 0.0071261777 -0.92947894 -0.36880642
vn 0.0071261777 -0.92947894 -0.36880642
vn 0.0071261777 -0.92947894 -0.36880642
vn -0.007126015 -0.92947894 -0.3688064
vn -0.007126015 -0.92947894 -0.3688064
vn 0.009698959 -0.43614998 -0.89982164
vn 0.009698959 -0.43614998 -0.89982164
vn 0.009698959 -0.43614998 -0.89982164
vn 0.009698959 -0.43614998 -0.89982164
vn -0.009698754 -0.43615 -0.89982176
vn -0.009698754 -0.43615 -0.89982176
vn 0.013265308 -0.9629385 -0.2693948
vn 0.013265308 -0.9629385 -0.2693948
vn 0.013265308 -0.9629385 -0.2693948
vn 0.013265308 -0.9629385 -0.2693948
vn 0.03558353 -0.612015 -0.79004526
vn 0.03558353 -0.612015 -0.79004526
vn 0.03558353 -0.612015 -0.79004526
vn 0.03558353 -0.612015 -0.79004526
vn 0.03558353 -0.612015 -0.79004526
vn 0.03558353 -0.612015 -0.79004526
vn -0.013265163 -0.9629385 -0.26939484
vn -0.013265163 -0.9629385 -0.26939484
vn -0.013265163 -0.9629385 -0.26939484
vn -0.013265163 -0.9629385 -0.26939484
vn -0.035583355 -0.6120152 -0.7900452
vn -0.035583355 -0.6120152 -0.7900452
vn -0.035583355 -0.6120152 -0.7900452
vn -0.035583355 -0.6120152 -0.7900452
vn -0.035583355 -0.6120152 -0.7900452
vn -0.035583355 -0.6120152 -0.7900452
vn -0.0090799555 0.12359302 -0.9922915
vn -0.0090799555 0.12359302 -0.9922915
vn -0.0090799555 0.12359302 -0.9922915
vn -0.0090799555 0.12359302 -0.9922915
vn -0.022265693 0.14687079 -0.98890495
vn -0.022265693 0.14687079 -0.98890495
vn -0.0028466096 0.109872654 -0.99394166
vn -0.0028466096 0.109872654 -0.99394166
vn -0.0003733546 0.089481086 -0.9959884
vn -0.0003733546 0.089481086 -0.9959884
vn -0.0019315362 0.0694146 -0.997586
vn -0.00855625 0.31389323 -0.9494197
vn -0.00855625 0.31389323 -0.9494197
vn -0.00855625 0.31389323 -0.9494197
vn -0.00855625 0.31389323 -0.9494197
vn -0.02137244 0.3426415 -0.93922305
vn -0.02137244 0.3426415 -0.93922305
vn -0.0013625347 0.29590917 -0.9552151
vn -0.0013625347 0.29590917 -0.9552151
vn 0.00042224218 0.24172911 -0.97034365
vn 0.00042224218 0.24172911 -0.97034365
vn 0.00042224218 0.24172911 -0.97034365
vn 0.00042224218 0.24172911 -0.97034365
vn 0.00025770479 0.26448008 -0.96439105
vn 0.00025770479 0.26448008 -0.96439105
vn 0.00025770479 0.26448008 -0.96439105
vn -0.43914583 0.67503065 -0.5928613
vn -0.43914583 0.67503065 -0.5928613
vn -0.43914583 0.67503065 -0.5928613
vn -0.43914583 0.67503065 -0.5928613
vn -0.536681 0.8436586 0.01461628
vn -0.536681 0.8436586 0.01461628
vn -0.536681 0.8436586 0.01461628
vn -0.536681 0.8436586 0.01461628
vn -0.52062476 0.8537203 0.01055562
vn -0.52062476 0.8537203 0.01055562
vn -0.5127232 0.85855186 0.001879194
vn -0.5127232 0.85855186 0.001879194
vn -0.5127232 0.85855186 0.001879194
vn -0.5127232 0.85855186 0.001879194
vn -0.5085478 0.8608736 -0.016604677
vn -0.5085478 0.8608736 -0.016604677
vn -0.5836208 0 -0.8120263
vn -0.5836208 0 -0.8120263
vn -0.5836208 0 -0.8120263
vn -0.5836208 0 -0.8120263
vn -0.5836158 -1.7038501E-05 -0.81202996
vn -0.5836158 -1.7038501E-05 -0.81202996
vn -0.5836269 1.7036913E-05 -0.8120219
vn -0.5836269 1.7036913E-05 -0.8120219
vn -0.5836269 1.7036913E-05 -0.8120219
vn -0.5836269 1.7036913E-05 -0.8120219
vn -0.58362037 0 -0.81202656
vn -0.58362037 0 -0.81202656
vn -0.5836091 0 -0.8120347
vn -0.5836091 0 -0.8120347
vn -0.5836148 4.4079537E-05 -0.81203055
vn -0.5836148 4.4079537E-05 -0.81203055
vn -0.5836148 4.4079537E-05 -0.81203055
vn -0.5836148 4.4079537E-05 -0.81203055
vn -0.58361 0 -0.812034
vn -0.58361 0 -0.812034
vn -0.58361 0 -0.812034
vn -0.58361 0 -0.812034
vn -1 0 -1.6874548E-06
vn -1 0 -1.6874548E-06
vn -1 0 -1.6874548E-06
vn -1 0 -1.6874548E-06
vn -1 0 -1.2643591E-06
vn -1 0 -1.2643591E-06
vn -1 0 0
vn -1 0 0
vn -1 0 0
vn -1 0 0
vn -1 0 0
vn -1 0 0
vn -1 0 0
vn -1 0 0
vn -1 0 0
vn -1 0 0
vn -1 0 0
vn -1 0 0
vn -1 0 0
vn -1 0 0
vn -1 -9.454852E-07 4.4130218E-07
vn -1 0 -2.5846466E-06
vn -1 0 0
vn -1 0 -2.5846466E-06
vn -1 0 0
vn -1 -9.1358856E-07 -1.38691075E-05
vn -1 0 -3.4724633E-06
vn -1 0 -3.4724633E-06
vn -1 -9.1358856E-07 -1.38691075E-05
vn -1 -9.1358856E-07 -1.38691075E-05
vn -1 -9.1358856E-07 -1.38691075E-05
vn -1 0 0
vn -1 0 0
vn -1 1.0320923E-06 -1.5668104E-05
vn -1 1.0320923E-06 -1.5668104E-05
vn -1 0 0.00014652505
vn -1 0 -1.3781237E-05
vn -1 0 -1.3781237E-05
vn -1 0 -0.00011265821
vn -1 0 1.8106655E-05
vn -1 1.0684342E-06 -5.7337793E-06
vn -1 -1.8656253E-06 -6.257709E-07
vn -1 2.1016212E-06 4.4058065E-06
vn -1 2.126667E-06 -2.0304748E-07
vn -1 1.413409E-06 -2.1456839E-05
vn -1 1.413409E-06 -2.1456839E-05
vn -1 0 0.00019415002
vn -1 1.4716878E-06 1.9744623E-06
vn -1 1.087479E-06 0
vn -1 0 5.111821E-07
vn -1 1.0756762E-06 -1.4544153E-06
vn -1 1.0756762E-06 -1.4544153E-06
vn -1 0 5.680052E-07
vn -1 0 5.680052E-07
vn -1 0 0
vn -1 0 3.4551232E-07
vn -1 0 6.142134E-07
vn -1 0 -1.0215475E-06
vn -1 0 -1.0215475E-06
vn -1 0 -1.241301E-07
vn -1 -1.9347788E-06 0
vn -1 -3.8644594E-06 -4.4648178E-07
vn -1 0 0
vn -1 -3.8644594E-06 -4.4648178E-07
vn -1 0 0
vn -1 0 0
vn -1 0 0
vn -1 0 -2.011472E-06
vn -1 0 -2.011472E-06
vn -1 5.4524035E-06 4.175639E-07
vn -1 5.4524035E-06 4.175639E-07
vn -1 5.4524035E-06 4.175639E-07
vn -1 5.4524035E-06 4.175639E-07
vn -1 0 1.8005757E-06
vn -1 0 1.8005757E-06
vn -1 0 3.4603086E-06
vn -1 0 3.4603086E-06
vn -1 0 -9.977609E-06
vn -1 0 -9.977609E-06
vn -1 0 -9.977609E-06
vn -1 0 -9.977609E-06
vn -1 0 -9.5713156E-05
vn -1 0 -9.5713156E-05
vn -1 2.738455E-06 0
vn -1 2.738455E-06 0
vn -1 0 4.6886987E-07
vn -1 0 4.6886987E-07
vn -1 0 4.6886987E-07
vn -1 0 4.6886987E-07
vn -1 0 -1.9182463E-07
vn -1 -1.9347788E-06 0
vn -1 0 0
vn -1 0 0
vn -1 0 0
vn -1 0 0
vn -1 0 0
vn -1 0 1.3240275E-06
vn -0.1416165 0.9753519 -0.1692143
vn -0.1416165 0.9753519 -0.1692143
vn -0.1416165 0.9753519 -0.1692143
vn -0.1416165 0.9753519 -0.1692143
vn -0.04558139 0.99814 -0.040484067
vn -0.04558139 0.99814 -0.040484067
vn -0.04558139 0.99814 -0.040484067
vn -0.04558139 0.99814 -0.040484067
vn -0.004589362 0.9999844 0.003204467
vn -0.004589362 0.9999844 0.003204467
vn -0.004589362 0.9999844 0.003204467
vn -0.004589362 0.9999844 0.003204467
vn -0.004466048 0.99916494 0.04061462
vn -0.004466048 0.99916494 0.04061462
vn -0.044628136 0.99847156 0.032601647
vn -0.044628136 0.99847156 0.032601647
vn -0.044628136 0.99847156 0.032601647
vn -0.044628136 0.99847156 0.032601647
vn 0.004589479 0.9999844 0.0032037168
vn 0.004589479 0.9999844 0.0032037168
vn 0.016484594 0.99984324 -0.006458277
vn 0.016484594 0.99984324 -0.006458277
vn 0.0044660293 0.99916494 0.04061503
vn 0.016077198 0.9991503 0.037949823
vn 0.04558088 0.9981401 -0.040482588
vn 0.04558088 0.9981401 -0.040482588
vn 0.004099541 0.9994342 0.03338257
vn 0.004099541 0.9994342 0.03338257
vn -0.0039163767 0.99982065 0.018529706
vn 0.003916229 0.99982065 0.018530356
vn 0.003916229 0.99982065 0.018530356
vn -0.0039163767 0.99982065 0.018529706
vn -0.0039163767 0.99982065 0.018529706
vn -0.0039163767 0.99982065 0.018529706
vn -0.003805881 0.99991035 -0.012840603
vn -0.003805881 0.99991035 -0.012840603
vn -0.014097907 0.9997626 0.01661322
vn -0.014097907 0.9997626 0.01661322
vn -0.013700345 0.9998124 -0.013691691
vn 0.039137132 0.9991522 0.012775597
vn 0.039137132 0.9991522 0.012775597
vn 0.039137132 0.9991522 0.012775597
vn 0.039137132 0.9991522 0.012775597
vn 0.03803035 0.99915814 -0.015385348
vn 0.03803035 0.99915814 -0.015385348
vn 0.040970583 0.99881905 0.026111128
vn 0.040970583 0.99881905 0.026111128
vn 0.044629667 0.99847144 0.03260319
vn 0.044629667 0.99847144 0.03260319
vn 0.044629667 0.99847144 0.03260319
vn 0.0038059496 0.99991035 -0.012840747
vn -0.14073895 0.9897295 0.025062354
vn -0.14073895 0.9897295 0.025062354
vn -0.14073895 0.9897295 0.025062354
vn -0.14073895 0.9897295 0.025062354
vn -0.13219276 0.99103534 0.019339796
vn -0.13219276 0.99103534 0.019339796
vn -0.12796311 0.9917503 0.007538989
vn -0.12796311 0.9917503 0.007538989
vn -0.12796311 0.9917503 0.007538989
vn -0.12796311 0.9917503 0.007538989
vn -0.12551694 0.9919389 -0.01739837
vn -0.12551694 0.9919389 -0.01739837
vn -0.09581201 0.66397613 -0.7415901
vn -0.09581201 0.66397613 -0.7415901
vn -0.09581201 0.66397613 -0.7415901
vn -0.09581201 0.66397613 -0.7415901
vn -0.028585127 0.24404232 -0.96934325
vn -0.028585127 0.24404232 -0.96934325
vn -0.028585127 0.24404232 -0.96934325
vn -0.028585127 0.24404232 -0.96934325
vn -0.042084847 0.9271846 -0.37223333
vn -0.042084847 0.9271846 -0.37223333
vn -0.042084847 0.9271846 -0.37223333
vn -0.042084847 0.9271846 -0.37223333
vn -0.02205147 0.5497106 -0.8350641
vn -0.02205147 0.5497106 -0.8350641
vn -0.02205147 0.5497106 -0.8350641
vn -0.02205147 0.5497106 -0.8350641
vn -0.12568878 0.18911289 -0.9738782
vn -0.12568878 0.18911289 -0.9738782
vn -0.12568878 0.18911289 -0.9738782
vn -0.12568878 0.18911289 -0.9738782
vn -0.12694912 -2.0918229E-05 -0.9919092
vn -0.12694912 -2.0918229E-05 -0.9919092
vn -0.12694912 -2.0918229E-05 -0.9919092
vn -0.12694912 -2.0918229E-05 -0.9919092
vn -0.12694922 0 -0.9919092
vn -0.12694922 0 -0.9919092
vn -0.12694922 0 -0.9919092
vn -0.12694922 0 -0.9919092
vn -0.1269491 1.387031E-05 -0.9919092
vn -0.1269491 1.387031E-05 -0.9919092
vn -0.12694918 -1.564116E-05 -0.9919092
vn -0.12694918 -1.564116E-05 -0.9919092
vn -0.12694916 0 -0.9919092
vn -0.12694916 0 -0.9919092
vn -0.12694916 0 -0.9919092
vn -0.12694916 0 -0.9919092
vn -0.1269493 3.5896006E-05 -0.9919092
vn -0.1269493 3.5896006E-05 -0.9919092
vn -0.12695259 -3.977133E-05 -0.9919087
vn -0.12695259 -3.977133E-05 -0.9919087
vn -0.12695259 -3.977133E-05 -0.9919087
vn -0.12695259 -3.977133E-05 -0.9919087
vn -0.029997457 0.05317885 -0.99813443
vn -0.029997457 0.05317885 -0.99813443
vn -0.029997457 0.05317885 -0.99813443
vn -0.029997457 0.05317885 -0.99813443
vn -0.0030218158 0.026629126 -0.9996408
vn -0.03006823 -2.1035685E-05 -0.9995478
vn -0.0030218158 0.026629126 -0.9996408
vn -0.0030218158 0.026629126 -0.9996408
vn -0.0030218158 0.026629126 -0.9996408
vn -0.0030065987 0 -0.99999547
vn -0.0030065987 0 -0.99999547
vn -0.03006823 -2.1035685E-05 -0.9995478
vn -0.03006823 -2.1035685E-05 -0.9995478
vn -0.03006823 -2.1035685E-05 -0.9995478
vn 0.0030209264 0.026616862 -0.9996412
vn 0.0030209264 0.026616862 -0.9996412
vn 0.0030066017 0 -0.99999547
vn 0.0108496435 0.03201444 -0.99942845
vn 0.0108496435 0.03201444 -0.99942845
vn 0.010829449 -2.5226042E-05 -0.99994135
vn 0.030001026 0.053152226 -0.9981357
vn 0.030001026 0.053152226 -0.9981357
vn 0.03006997 2.1035667E-05 -0.9995478
vn 0.03006997 2.1035667E-05 -0.9995478
vn -0.0030066012 0 -0.99999547
vn -0.0030066012 0 -0.99999547
vn -0.003007473 0 -0.99999547
vn -0.003007473 0 -0.99999547
vn -0.003007473 0 -0.99999547
vn -0.003007473 0 -0.99999547
vn -0.010829448 -1.0528388E-05 -0.99994135
vn -0.010829448 -1.0528388E-05 -0.99994135
vn -0.0030066015 0 -0.99999547
vn -0.0030066015 0 -0.99999547
vn -0.0108305 3.079642E-05 -0.99994135
vn -0.010829456 -1.6761089E-05 -0.99994135
vn 0.0030074732 0 -0.99999547
vn 0.0030074732 0 -0.99999547
vn 0.01082946 2.1038482E-05 -0.99994135
vn 0.01082946 2.1038482E-05 -0.99994135
vn 0.0030066015 0 -0.99999547
vn 0.010829459 1.6775673E-05 -0.99994135
vn 0.003006601 0 -0.99999547
vn 0.030068208 0 -0.9995478
vn -0.030071726 -3.563841E-06 -0.99954766
vn -0.030071726 -3.563841E-06 -0.99954766
vn -0.03006823 1.3975203E-05 -0.9995478
vn -0.030068234 -1.5761614E-05 -0.9995478
vn -0.030069977 2.8293247E-05 -0.9995478
vn -0.030069977 2.8293247E-05 -0.9995478
vn -0.030069977 2.8293247E-05 -0.9995478
vn -0.030069977 2.8293247E-05 -0.9995478
vn -0.030068226 3.6172398E-05 -0.9995478
vn -0.030068226 3.6172398E-05 -0.9995478
vn -0.010829452 4.811207E-05 -0.99994135
vn -0.030069968 -4.0077608E-05 -0.9995478
vn -0.030069968 -4.0077608E-05 -0.9995478
vn -0.030069968 -4.0077608E-05 -0.9995478
vn -0.0030074737 0 -0.99999547
vn -0.0030074737 0 -0.99999547
vn -0.0030074737 0 -0.99999547
vn -0.0030074737 0 -0.99999547
vn -0.0030066008 0 -0.99999547
vn -0.0030220947 -0.038227547 -0.99926454
vn -0.0030220947 -0.038227547 -0.99926454
vn -0.0030220947 -0.038227547 -0.99926454
vn -0.0030220947 -0.038227547 -0.99926454
vn -0.0030066008 0 -0.99999547
vn -0.010842043 -0.046169933 -0.9988747
vn -0.010842043 -0.046169933 -0.9988747
vn 0.0030229758 -0.03824515 -0.9992638
vn 0.0030229758 -0.03824515 -0.9992638
vn 0.010843156 -0.04606464 -0.9988796
vn 0.010843156 -0.04606464 -0.9988796
vn 0.0030066015 1.4906888E-05 -0.99999547
vn 0.030068226 6.2461506E-05 -0.9995478
vn -0.02991583 -0.07639636 -0.9966286
vn -0.02991583 -0.07639636 -0.9966286
vn 0.029910449 -0.07642897 -0.9966264
vn 0.029910449 -0.07642897 -0.9966264
vn 0.0030066017 0 -0.99999547
vn 0.0030074732 -1.0523689E-05 -0.99999547
vn 0.0030074732 -1.0523689E-05 -0.99999547
vn -0.0030066 0 -0.99999547
vn -0.0030066 0 -0.99999547
vn 0.030068213 0 -0.9995478
vn 0.030069971 -3.6172405E-05 -0.9995478
vn 0.030069971 -3.6172405E-05 -0.9995478
vn 0.030069971 -3.6172405E-05 -0.9995478
vn 0.030069971 -3.6172405E-05 -0.9995478
vn 0.030068226 6.2461506E-05 -0.9995478
vn 0.030068213 0 -0.9995478
vn 0.030068208 0 -0.9995478
vn 0.030066496 0 -0.9995479
vn 0.030066496 0 -0.9995479
vn 0.030071693 -6.8423165E-06 -0.99954766
vn 0.030071693 -6.8423165E-06 -0.99954766
vn 0.030068219 -1.3965008E-05 -0.9995478
vn -0.0031849202 0.12287841 -0.9924166
vn -0.0031849202 0.12287841 -0.9924166
vn -0.0031849202 0.12287841 -0.9924166
vn -0.0031849202 0.12287841 -0.9924166
vn -0.011023606 0.15248531 -0.9882443
vn -0.011023606 0.15248531 -0.9882443
vn 0.0031849039 0.122896664 -0.9924144
vn 0.0031849039 0.122896664 -0.9924144
vn 0.011023543 0.1525003 -0.988242
vn 0.011023543 0.1525003 -0.988242
vn -0.0038315393 0.37123144 -0.92853254
vn -0.0038315393 0.37123144 -0.92853254
vn -0.0038315393 0.37123144 -0.92853254
vn -0.0038315393 0.37123144 -0.92853254
vn -0.011593962 0.4138779 -0.9102586
vn -0.011593962 0.4138779 -0.9102586
vn 0.0038316704 0.37117308 -0.92855585
vn 0.0038316704 0.37117308 -0.92855585
vn 0.01159318 0.41399306 -0.9102062
vn 0.01159318 0.41399306 -0.9102062
vn 0.004786352 0.98460764 -0.17471412
vn 0.004786352 0.98460764 -0.17471412
vn 0.004786352 0.98460764 -0.17471412
vn 0.004786352 0.98460764 -0.17471412
vn -0.004786511 0.98460454 -0.1747309
vn -0.004786511 0.98460454 -0.1747309
vn 0.0046576895 0.7372679 -0.6755843
vn 0.0046576895 0.7372679 -0.6755843
vn 0.0046576895 0.7372679 -0.6755843
vn -0.004657626 0.73727983 -0.6755714
vn 0.0046576895 0.7372679 -0.6755843
vn 0.0046576895 0.7372679 -0.6755843
vn 0.0046576895 0.7372679 -0.6755843
vn -0.004657626 0.73727983 -0.6755714
vn -0.004657626 0.73727983 -0.6755714
vn 0.016580017 0.9746164 -0.2232666
vn 0.016580017 0.9746164 -0.2232666
vn 0.016580017 0.9746164 -0.2232666
vn 0.016580017 0.9746164 -0.2232666
vn 0.013448344 0.6910662 -0.7226664
vn 0.013448344 0.6910662 -0.7226664
vn 0.013448344 0.6910662 -0.7226664
vn 0.013448344 0.6910662 -0.7226664
vn -0.016580626 0.97461444 -0.22327523
vn -0.016580626 0.97461444 -0.22327523
vn -0.016580626 0.97461444 -0.22327523
vn -0.016580626 0.97461444 -0.22327523
vn -0.013448101 0.6910873 -0.72264624
vn -0.013448101 0.6910873 -0.72264624
vn -0.013448101 0.6910873 -0.72264624
vn -0.013448101 0.6910873 -0.72264624
vn -0.013448101 0.6910873 -0.72264624
vn -0.013448101 0.6910873 -0.72264624
vn 0.5836258 -3.4477685E-05 -0.81202275
vn 0.5836258 -3.4477685E-05 -0.81202275
vn 0.5836258 -3.4477685E-05 -0.81202275
vn 0.5836258 -3.4477685E-05 -0.81202275
vn 0.5836209 0 -0.81202626
vn 0.5836209 0 -0.81202626
vn 0.5836161 4.4079647E-05 -0.8120297
vn 0.5836161 4.4079647E-05 -0.8120297
vn 0.5836099 0 -0.81203413
vn 0.5836099 0 -0.81203413
vn 0.5836148 4.883844E-05 -0.81203055
vn 0.5836148 4.883844E-05 -0.81203055
vn 0.5836103 0 -0.8120339
vn 0.5836103 0 -0.8120339
vn 0.5836142 -1.7038446E-05 -0.81203103
vn 0.5836142 -1.7038446E-05 -0.81203103
vn 0.5836142 -1.7038446E-05 -0.81203103
vn 0.5836142 -1.7038446E-05 -0.81203103
vn 0.5836114 0 -0.8120331
vn 0.5836114 0 -0.8120331
vn 0.5836114 0 -0.8120331
vn 0.5836114 0 -0.8120331
vn 1 0 0
vn 1 0 0
vn 1 0 0
vn 1 0 0
vn 1 0 -3.3491028E-06
vn 1 0 -3.3491028E-06
vn 1 0 0
vn 1 0 0
vn 1 0 0
vn 1 0 0
vn 1 0 0
vn 1 0 0
vn 1 0 -1.0699115E-06
vn 1 0 -1.0699115E-06
vn 1 0 -1.0699115E-06
vn 1 0 -1.0699115E-06
vn 1 0 0
vn 1 0 0
vn 1 -2.6990645E-06 0
vn 1 -2.6990645E-06 0
vn 1 0 -5.640661E-07
vn 1 0 -5.640661E-07
vn 1 0 0
vn 1 0 0
vn 1 0 0
vn 1 0 0
vn 1 -1.9165498E-06 4.0661064E-07
vn 1 0 3.3190445E-06
vn 1 0 0
vn 1 0 3.3190445E-06
vn 1 0 0
vn 1 -1.8758924E-06 1.4238879E-05
vn 1 0 2.822847E-07
vn 1 0 2.822847E-07
vn 1 -1.8758924E-06 1.4238879E-05
vn 1 -1.8758924E-06 1.4238879E-05
vn 1 -1.8758924E-06 1.4238879E-05
vn 1 0 -0.00013411848
vn 1 0 -0.00013411848
vn 1 1.3966774E-06 2.1202837E-05
vn 1 1.3966774E-06 2.1202837E-05
vn 1 0 -0.00019922802
vn 1 0 2.5157196E-06
vn 1 0 2.5157196E-06
vn 1 0 0.00012708487
vn 1 0 2.1921162E-05
vn 1 0 0
vn 1 -3.8006965E-06 -5.4180505E-06
vn 1 2.834344E-06 2.3767501E-07
vn 1 2.8616112E-06 -1.0017982E-06
vn 1 1.4441861E-06 0
vn 1 1.4441861E-06 0
vn 1 0 -1.1020198E-06
vn 1 0 4.2818735E-07
vn 1 0 0
vn 1 0 0
vn 1 -1.9135346E-06 -2.1729097E-07
vn 1 -1.9135346E-06 -2.1729097E-07
vn 1 0 0
vn 1 0 0
vn 1 0 0
vn 1 0 0
vn 1 0 1.5689898E-06
vn 1 0 1.5689898E-06
vn 1 0 8.4597343E-07
vn 1 0 8.4597343E-07
vn 1 0 8.4597343E-07
vn 1 0 8.4597343E-07
vn 1 0 2.0447665E-06
vn 1 0 2.0447665E-06
vn 1 0 3.9488114E-06
vn 1 0 3.9488114E-06
vn 1 0 -5.363836E-06
vn 1 0 -5.363836E-06
vn 1 0 -5.363836E-06
vn 1 0 -5.363836E-06
vn 1 0 -4.8537542E-05
vn 1 0 -4.8537542E-05
vn 1 0 0
vn 1 0 0
vn 1 0 1.4501429E-06
vn 1 0 1.4501429E-06
vn 1 0 1.4501429E-06
vn 1 0 1.4501429E-06
vn 1 0 -1.1970574E-06
vn 1 -9.578869E-07 0
vn 1 -9.578869E-07 0
vn 1 0 0
vn 1 0 0
vn 1 0 0
vn 1 0 0
vn 1 0 0
vn 1 0 2.214717E-06
vn 0.12694904 0 -0.9919092
vn 0.12694904 0 -0.9919092
vn 0.12694904 0 -0.9919092
vn 0.12694904 0 -0.9919092
vn 0.12695251 4.1038365E-05 -0.99190885
vn 0.12695251 4.1038365E-05 -0.99190885
vn 0.1269493 -2.807706E-05 -0.9919092
vn 0.1269493 -2.807706E-05 -0.9919092
vn 0.12694924 2.0990108E-05 -0.9919092
vn 0.12694924 2.0990108E-05 -0.9919092
vn 0.12695266 0 -0.9919087
vn 0.12695266 0 -0.9919087
vn 0.1269491 0 -0.9919092
vn 0.1269491 0 -0.9919092
vn 0.1269491 0 -0.9919092
vn 0.1269491 0 -0.9919092
vn 0.1269493 -1.3864036E-05 -0.9919092
vn 0.1269493 -1.3864036E-05 -0.9919092
vn 0.1269525 2.0918198E-05 -0.99190885
vn 0.1269525 2.0918198E-05 -0.99190885
vn 0.1269525 2.0918198E-05 -0.99190885
vn 0.1269525 2.0918198E-05 -0.99190885
vn 0.0032057704 -0.13631554 -0.99066025
vn 0.0032057704 -0.13631554 -0.99066025
vn 0.0032057704 -0.13631554 -0.99066025
vn 0.0032057704 -0.13631554 -0.99066025
vn 0.011006473 -0.17040914 -0.9853119
vn 0.011006473 -0.17040914 -0.9853119
vn -0.0032057706 -0.13628168 -0.99066496
vn -0.0032057706 -0.13628168 -0.99066496
vn -0.011005343 -0.170426 -0.98530895
vn -0.011005343 -0.170426 -0.98530895
vn 0.0038414525 -0.33452997 -0.94237727
vn 0.0038414525 -0.33452997 -0.94237727
vn 0.0038414525 -0.33452997 -0.94237727
vn 0.0038414525 -0.33452997 -0.94237727
vn 0.011655984 -0.3736069 -0.9275139
vn 0.011655984 -0.3736069 -0.9275139
vn -0.0038414611 -0.33450025 -0.9423879
vn -0.0038414611 -0.33450025 -0.9423879
vn -0.011655674 -0.37365958 -0.9274926
vn -0.011655674 -0.37365958 -0.9274926
vn 0.005212284 -0.9991266 -0.04145972
vn 0.005212284 -0.9991266 -0.04145972
vn 0.005212284 -0.9991266 -0.04145972
vn 0.005212284 -0.9991266 -0.04145972
vn 0.005198381 -0.9999865 0
vn 0.005198381 -0.9999865 0
vn 0.018714318 -0.9985989 -0.04949792
vn 0.018714318 -0.9985989 -0.04949792
vn 0.018710868 -0.99982494 0
vn 0.018710868 -0.99982494 0
vn -0.005212033 -0.9991266 -0.041459415
vn -0.005212033 -0.9991266 -0.041459415
vn -0.018714165 -0.9985989 -0.04949927
vn -0.018714165 -0.9985989 -0.04949927
vn -0.0051983255 -0.9999865 0
vn -0.018710786 -0.99982494 0
vn -0.018710786 -0.99982494 0
vn -0.05166479 -0.9952833 -0.08210947
vn -0.05166479 -0.9952833 -0.08210947
vn -0.051914714 -0.99865156 0
vn -0.051914714 -0.99865156 0
vn 0.05166482 -0.9952834 -0.08210767
vn 0.05166482 -0.9952834 -0.08210767
vn 0.051913973 -0.99865156 -1.12179855E-07
vn 0.051913988 -0.99865156 0
vn -0.052002642 -0.9986437 -0.0025449453
vn -0.052002642 -0.9986437 -0.0025449453
vn -0.052002642 -0.9986437 -0.0025449453
vn -0.052002642 -0.9986437 -0.0025449453
vn -0.052358057 -0.99859816 -0.0077663483
vn -0.052358057 -0.99859816 -0.0077663483
vn -0.054513153 -0.9971621 -0.051923655
vn -0.054513153 -0.9971621 -0.051923655
vn -0.054513153 -0.9971621 -0.051923655
vn -0.054513153 -0.9971621 -0.051923655
vn -0.005455151 -0.9978908 -0.06468661
vn -0.005455151 -0.9978908 -0.06468661
vn -0.005455151 -0.9978908 -0.06468661
vn -0.005455151 -0.9978908 -0.06468661
vn 0.0054553295 -0.9978909 -0.06468488
vn 0.0054553295 -0.9978909 -0.06468488
vn 0.019639984 -0.99797815 -0.060447592
vn 0.019639984 -0.99797815 -0.060447592
vn 0.0052428865 -0.99993944 -0.009681298
vn 0.0052428865 -0.99993944 -0.009681298
vn 0.0052428865 -0.99993944 -0.009681298
vn 0.0052428865 -0.99993944 -0.009681298
vn 0.052357912 -0.99859816 -0.0077663665
vn 0.052357912 -0.99859816 -0.0077663665
vn 0.052357912 -0.99859816 -0.0077663665
vn 0.052357912 -0.99859816 -0.0077663665
vn 0.053151187 -0.99840987 -0.018781167
vn 0.053151187 -0.99840987 -0.018781167
vn 0.052003272 -0.9986437 -0.0025449495
vn 0.052003272 -0.9986437 -0.0025449495
vn -0.005242727 -0.99993944 -0.009681226
vn -0.005242727 -0.99993944 -0.009681226
vn -0.0052072047 -0.9999814 -0.0031724675
vn -0.0052072047 -0.9999814 -0.0031724675
vn 0.0052073314 -0.9999814 -0.0031725178
vn -0.005303258 -0.9720166 -0.23485246
vn -0.005303258 -0.9720166 -0.23485246
vn -0.005303258 -0.9720166 -0.23485246
vn -0.005303258 -0.9720166 -0.23485246
vn 0.0053032925 -0.97201735 -0.23484935
vn 0.0053032925 -0.97201735 -0.23484935
vn -0.004832779 -0.68620205 -0.72739494
vn -0.004832779 -0.68620205 -0.72739494
vn -0.004832779 -0.68620205 -0.72739494
vn -0.004832779 -0.68620205 -0.72739494
vn 0.0048329732 -0.68618286 -0.72741306
vn 0.0048329732 -0.68618286 -0.72741306
vn -0.018300423 -0.9585011 -0.28450078
vn -0.018300423 -0.9585011 -0.28450078
vn -0.018300423 -0.9585011 -0.28450078
vn -0.018300423 -0.9585011 -0.28450078
vn -0.013877006 -0.6392059 -0.76891047
vn -0.013877006 -0.6392059 -0.76891047
vn -0.013877006 -0.6392059 -0.76891047
vn -0.013877006 -0.6392059 -0.76891047
vn 0.018300217 -0.9585024 -0.2844963
vn 0.018300217 -0.9585024 -0.2844963
vn 0.018300217 -0.9585024 -0.2844963
vn 0.018300217 -0.9585024 -0.2844963
vn 0.0138780475 -0.63914126 -0.7689642
vn 0.0138780475 -0.63914126 -0.7689642
vn 0.0138780475 -0.63914126 -0.7689642
vn 0.0138780475 -0.63914126 -0.7689642
vn 0.07719167 -0.14078967 0.9870257
vn 0.07719167 -0.14078967 0.9870257
vn 0.07719167 -0.14078967 0.9870257
vn 0.07719167 -0.14078967 0.9870257
vn 0.09048405 -0.17265353 0.9808177
vn 0.09048405 -0.17265353 0.9808177
vn 0.17584926 -0.07036113 0.9818994
vn 0.17584926 -0.07036113 0.9818994
vn 0.17584926 -0.07036113 0.9818994
vn 0.17584926 -0.07036113 0.9818994
vn 0.17584926 -0.07036113 0.9818994
vn 0.17584926 -0.07036113 0.9818994
vn 0.11734702 -0.19314124 -0.9741285
vn 0.11734702 -0.19314124 -0.9741285
vn 0.11734702 -0.19314124 -0.9741285
vn 0.11734702 -0.19314124 -0.9741285
vn 0.107553996 -0.19346471 -0.9751941
vn 0.107553996 -0.19346471 -0.9751941
vn 1 0 2.1921162E-05
vn 1 0 2.1921162E-05
vn 1 0 2.1921162E-05
vn 1 0 0
vn 1 0 0
vn 1 0 -1.5130178E-05
vn 1 0 0.000104808154
vn 1 0 0
vn 1 0 4.8445883E-05
vn 1 0 -1.7335439E-06
vn 1 0 0
vn 1 0 0
vn 1 0 0
vn 1 0 0
vn 1 0 0
vn 1 0 0
vn 1 0 -1.7335439E-06
vn 1 0 0
vn 1 0 0
vn 1 -9.529755E-07 8.400299E-07
vn 1 0 2.829761E-06
vn 0.026509989 -0.092071176 0.99539953
vn 0.026509989 -0.092071176 0.99539953
vn 0.026509989 -0.092071176 0.99539953
vn 0.026509989 -0.092071176 0.99539953
vn 0.010223155 -0.09026388 0.99586546
vn 0.010223155 -0.09026388 0.99586546
vn 0.015590425 -0.08989167 0.9958295
vn 0.015590425 -0.08989167 0.9958295
vn 0.005784388 -0.057330493 0.99833846
vn 0.0046989205 -0.058053173 0.99830246
vn 0.0046989205 -0.058053173 0.99830246
vn 0.0018304841 -0.12337989 0.9923578
vn 0.0018304841 -0.12337989 0.9923578
vn 0.0018304841 -0.12337989 0.9923578
vn 0.0018304841 -0.12337989 0.9923578
vn -0.0018313265 -0.123390965 0.9923564
vn -0.0018313265 -0.123390965 0.9923564
vn -0.004687243 -0.10562855 0.99439454
vn -0.004687243 -0.10562855 0.99439454
vn 0.00091861613 -0.057516824 0.9983442
vn 0.00091861613 -0.057516824 0.9983442
vn -0.0009194508 -0.057520684 0.99834394
vn -0.0009194508 -0.057520684 0.99834394
vn -0.0009194508 -0.057520684 0.99834394
vn -0.0009194508 -0.057520684 0.99834394
vn -0.0006261627 -0.028184917 0.9996026
vn -0.0006261627 -0.028184917 0.9996026
vn -0.002579347 -0.05551142 0.9984547
vn -0.002579347 -0.05551142 0.9984547
vn -0.0019925165 -0.03383035 0.99942565
vn 0.0006261645 -0.028227683 0.9996013
vn -0.026521886 -0.092071205 0.9953992
vn -0.026521886 -0.092071205 0.9953992
vn -0.026521886 -0.092071205 0.9953992
vn -0.026521886 -0.092071205 0.9953992
vn -0.015596789 -0.08998565 0.9958209
vn -0.015596789 -0.08998565 0.9958209
vn -0.004698916 -0.058053162 0.99830246
vn 0.09048405 -0.17265353 0.9808177
vn 0.09048405 -0.17265353 0.9808177
vn 0.09048405 -0.17265353 0.9808177
vn 0.044189002 -0.32390204 0.9450581
vn 0.044189002 -0.32390204 0.9450581
vn 0.044189002 -0.32390204 0.9450581
vn 0.044189002 -0.32390204 0.9450581
vn 0.044189002 -0.32390204 0.9450581
vn 0.044189002 -0.32390204 0.9450581
vn 0.021865236 -0.25542146 0.9665825
vn 0.021865236 -0.25542146 0.9665825
vn 0.021865236 -0.25542146 0.9665825
vn 0.021865236 -0.25542146 0.9665825
vn 0.18242638 -0.9130292 -0.36482656
vn 0.18242638 -0.9130292 -0.36482656
vn 0.18242638 -0.9130292 -0.36482656
vn 0.18242638 -0.9130292 -0.36482656
vn 0.024756903 -0.1343351 -0.9906267
vn 0.024756903 -0.1343351 -0.9906267
vn 0.024756903 -0.1343351 -0.9906267
vn 0.024756903 -0.1343351 -0.9906267
vn 0.007628221 -0.10458502 -0.99448663
vn 0.007628221 -0.10458502 -0.99448663
vn 0.00084410707 -0.10348098 -0.99463105
vn 0.00084410707 -0.10348098 -0.99463105
vn -0.000844103 -0.103413336 -0.99463814
vn -0.000844103 -0.103413336 -0.99463814
vn -0.000844103 -0.103413336 -0.99463814
vn -0.000844103 -0.103413336 -0.99463814
vn -0.000554368 -0.08425816 -0.9964438
vn 0.00055437715 -0.08425815 -0.9964438
vn 0.00055437715 -0.08425815 -0.9964438
vn 0.00055437715 -0.08425815 -0.9964438
vn 0.00055437715 -0.08425815 -0.9964438
vn 0.0021346705 -0.09023333 -0.99591833
vn -0.000554368 -0.08425816 -0.9964438
vn -0.0068876967 -0.104791425 -0.99447036
vn -0.0068876967 -0.104791425 -0.99447036
vn -0.022467338 -0.13460551 -0.9906446
vn -0.022467338 -0.13460551 -0.9906446
vn -0.022467338 -0.13460551 -0.9906446
vn -0.022467338 -0.13460551 -0.9906446
vn -0.0034088339 -0.11634517 -0.9932029
vn -0.0034088339 -0.11634517 -0.9932029
vn -0.024743404 -0.13433586 -0.9906268
vn -0.013872444 -0.1716005 -0.985069
vn -0.00762681 -0.10458504 -0.99448675
vn -0.013872444 -0.1716005 -0.985069
vn -0.013872444 -0.1716005 -0.985069
vn -0.013872444 -0.1716005 -0.985069
vn 0.022458883 -0.13447219 -0.9906628
vn 0.022458883 -0.13447219 -0.9906628
vn 0.013872333 -0.17166014 -0.98505855
vn 0.013872333 -0.17166014 -0.98505855
vn 0.013872333 -0.17166014 -0.98505855
vn -0.3626969 -0.78646356 -0.49992603
vn -0.3626969 -0.78646356 -0.49992603
vn -0.3626969 -0.78646356 -0.49992603
vn -0.3626969 -0.78646356 -0.49992603
vn -0.4155042 -0.90959126 0
vn -0.4155042 -0.90959126 0
vn -0.4155042 -0.90959126 0
vn -0.4155042 -0.90959126 0
vn -0.41599545 -0.90936583 -0.0012303976
vn -0.41599545 -0.90936583 -0.0012303976
vn -0.41792887 -0.908472 -0.0037488837
vn -0.41792887 -0.908472 -0.0037488837
vn -0.41792887 -0.908472 -0.0037488837
vn -0.41792887 -0.908472 -0.0037488837
vn -0.4297509 -0.902603 -0.024938574
vn -0.4297509 -0.902603 -0.024938574
vn -0.4297509 -0.902603 -0.024938574
vn -0.4297509 -0.902603 -0.024938574
vn -0.122911 -0.26389432 -0.95668834
vn -0.122911 -0.26389432 -0.95668834
vn -0.122911 -0.26389432 -0.95668834
vn -0.122911 -0.26389432 -0.95668834
vn -0.09003366 -0.68807095 -0.7200363
vn -0.09003366 -0.68807095 -0.7200363
vn -0.09003366 -0.68807095 -0.7200363
vn -0.09003366 -0.68807095 -0.7200363
vn -0.045804292 -0.8988484 -0.43585956
vn -0.045804292 -0.8988484 -0.43585956
vn -0.045804292 -0.8988484 -0.43585956
vn -0.045804292 -0.8988484 -0.43585956
vn -0.028079726 -0.2690661 -0.9627123
vn -0.028079726 -0.2690661 -0.9627123
vn -0.028079726 -0.2690661 -0.9627123
vn -0.028079726 -0.2690661 -0.9627123
vn -0.02243105 -0.5007605 -0.86529523
vn -0.02243105 -0.5007605 -0.86529523
vn -0.02243105 -0.5007605 -0.86529523
vn -0.02243105 -0.5007605 -0.86529523
vn -0.13073358 -0.97481835 -0.1806595
vn -0.13073358 -0.97481835 -0.1806595
vn -0.13073358 -0.97481835 -0.1806595
vn -0.13073358 -0.97481835 -0.1806595
vn -0.13274714 -0.9911499 -2.4998738E-07
vn -0.13274714 -0.9911499 -2.4998738E-07
vn -0.13274714 -0.9911499 -2.4998738E-07
vn -0.13274714 -0.9911499 -2.4998738E-07
vn -0.13295491 -0.99112016 -0.001958868
vn -0.13295491 -0.99112016 -0.001958868
vn -0.13295491 -0.99112016 -0.001958868
vn -0.13295491 -0.99112016 -0.001958868
vn -0.1337894 -0.99099183 -0.0059767626
vn -0.1337894 -0.99099183 -0.0059767626
vn -0.13889368 -0.98950094 -0.039956506
vn -0.13889368 -0.98950094 -0.039956506
vn -0.13889368 -0.98950094 -0.039956506
vn -0.13889368 -0.98950094 -0.039956506
vn 0.0033962086 -0.30941856 0.95091987
vn 0.0033962086 -0.30941856 0.95091987
vn 0.0033962086 -0.30941856 0.95091987
vn 0.0033962086 -0.30941856 0.95091987
vn 0.010941362 -0.26586115 0.9639493
vn 0.010941362 -0.26586115 0.9639493
vn -0.0033961856 -0.3094112 0.95092225
vn -0.0033961856 -0.3094112 0.95092225
vn -0.010940501 -0.2657993 0.96396625
vn -0.010940501 -0.2657993 0.96396625
vn 0.14162235 0.97535056 -0.1692167
vn 0.14162235 0.97535056 -0.1692167
vn 0.14162235 0.97535056 -0.1692167
vn 0.14162235 0.97535056 -0.1692167
vn 0.14073725 0.98972976 0.025062582
vn 0.14073725 0.98972976 0.025062582
vn 0.14073725 0.98972976 0.025062582
vn 0.14073725 0.98972976 0.025062582
vn 0.13219358 0.9910353 0.019340817
vn 0.13219358 0.9910353 0.019340817
vn 0.12796368 0.9917502 0.00753844
vn 0.12796368 0.9917502 0.00753844
vn 0.12796368 0.9917502 0.00753844
vn 0.12796368 0.9917502 0.00753844
vn 0.12551694 0.9919389 -0.017397786
vn 0.12551694 0.9919389 -0.017397786
vn 0.43914255 0.67501926 -0.5928768
vn 0.43914255 0.67501926 -0.5928768
vn 0.43914255 0.67501926 -0.5928768
vn 0.43914255 0.67501926 -0.5928768
vn 0.53668505 0.84365594 0.014617071
vn 0.53668505 0.84365594 0.014617071
vn 0.53668505 0.84365594 0.014617071
vn 0.53668505 0.84365594 0.014617071
vn 0.52062285 0.85372144 0.010556972
vn 0.52062285 0.85372144 0.010556972
vn 0.512721 0.8585533 0.0018780098
vn 0.512721 0.8585533 0.0018780098
vn 0.512721 0.8585533 0.0018780098
vn 0.512721 0.8585533 0.0018780098
vn 0.50854754 0.86087376 -0.016604794
vn 0.50854754 0.86087376 -0.016604794
vn 0.12568954 0.18908459 -0.9738835
vn 0.12568954 0.18908459 -0.9738835
vn 0.12568954 0.18908459 -0.9738835
vn 0.12568954 0.18908459 -0.9738835
vn 0.09581418 0.6639381 -0.7416238
vn 0.09581418 0.6639381 -0.7416238
vn 0.09581418 0.6639381 -0.7416238
vn 0.09581418 0.6639381 -0.7416238
vn 0.042083297 0.9271853 -0.3722316
vn 0.042083297 0.9271853 -0.3722316
vn 0.042083297 0.9271853 -0.3722316
vn 0.042083297 0.9271853 -0.3722316
vn 0.028585056 0.24404193 -0.9693433
vn 0.028585056 0.24404193 -0.9693433
vn 0.028585056 0.24404193 -0.9693433
vn 0.028585056 0.24404193 -0.9693433
vn 0.022050701 0.549742 -0.8350434
vn 0.022050701 0.549742 -0.8350434
vn 0.022050701 0.549742 -0.8350434
vn 0.022050701 0.549742 -0.8350434
vn 0.48690084 0.2728669 0.8297417
vn 0.48690084 0.2728669 0.8297417
vn 0.48690084 0.2728669 0.8297417
vn 0.48690084 0.2728669 0.8297417
vn 0.871021 0.49124578 3.2726925E-06
vn 0.871021 0.49124578 3.2726925E-06
vn 0.871021 0.49124578 3.2726925E-06
vn 0.871021 0.49124578 3.2726925E-06
vn 0.8710211 0.4912457 -4.207737E-06
vn 0.8710211 0.4912457 -4.207737E-06
vn 0.5037171 3.690359E-07 0.86386865
vn 0.5037171 3.690359E-07 0.86386865
vn 0.5037171 3.690359E-07 0.86386865
vn 0.5037171 3.690359E-07 0.86386865
vn 0.5037164 5.534784E-07 0.86386913
vn 0.5037164 5.534784E-07 0.86386913
vn 0.5037157 -4.2678943E-07 0.8638695
vn 0.5037157 -4.2678943E-07 0.8638695
vn 0.5037157 -4.2678943E-07 0.8638695
vn 0.5037157 -4.2678943E-07 0.8638695
vn 0.50371766 -1.8548266E-07 0.8638684
vn 0.50371766 -1.8548266E-07 0.8638684
vn 0.50371766 -1.8548266E-07 0.8638684
vn 0.50371766 -1.8548266E-07 0.8638684
vn 1 0 0
vn 1 0 0
vn 1 0 0
vn 1 0 0
vn 1 0 0
vn 1 0 0
vn 1 0 0
vn 1 0 0
vn 1 0 0
vn 1 0 0
vn 1 0 0
vn 1 0 0
vn 1 0 0
vn 1 0 0
vn 1 0 0
vn 1 0 0
vn 1 0 0
vn 1 0 0
vn 1 0 0
vn 1 0 1.0941574E-05
vn 1 0 0
vn 0.37644193 0.6585509 0.65161496
vn 0.37644193 0.6585509 0.65161496
vn 0.37644193 0.6585509 0.65161496
vn 0.37644193 0.6585509 0.65161496
vn 0.2073027 0.88503504 0.41681948
vn 0.2073027 0.88503504 0.41681948
vn 0.2073027 0.88503504 0.41681948
vn 0.2073027 0.88503504 0.41681948
vn 0.4969627 0.8677719 3.8540725E-06
vn 0.4969627 0.8677719 3.8540725E-06
vn 0.4969627 0.8677719 3.8540725E-06
vn 0.4969627 0.8677719 3.8540725E-06
vn 0.4969626 0.8677719 -4.955225E-06
vn 0.4969626 0.8677719 -4.955225E-06
vn 0.22858293 0.97352445 -6.0850823E-07
vn 0.22858293 0.97352445 -6.0850823E-07
vn 0.22858293 0.97352445 -6.0850823E-07
vn 0.22858293 0.97352445 -6.0850823E-07
vn 0.22858295 0.97352445 2.7795516E-06
vn 0.22858295 0.97352445 2.7795516E-06
vn 0.1639431 0.30234194 0.93899524
vn 0.1639431 0.30234194 0.93899524
vn 0.1639431 0.30234194 0.93899524
vn 0.1639431 0.30234194 0.93899524
vn 0.071235284 0.16087182 0.9844013
vn 0.071235284 0.16087182 0.9844013
vn 0.071235284 0.16087182 0.9844013
vn 0.071235284 0.16087182 0.9844013
vn 0.12005828 0.5280365 0.8406922
vn 0.12005828 0.5280365 0.8406922
vn 0.12005828 0.5280365 0.8406922
vn 0.12005828 0.5280365 0.8406922
vn 0.061273944 0.30280524 0.95108074
vn 0.061273944 0.30280524 0.95108074
vn 0.061273944 0.30280524 0.95108074
vn 0.061273944 0.30280524 0.95108074
vn 0.18006146 0.1024946 0.97830087
vn 0.18006146 0.1024946 0.97830087
vn 0.18006146 0.1024946 0.97830087
vn 0.18006146 0.1024946 0.97830087
vn 0.18133926 3.7342696E-07 0.98342055
vn 0.18133926 3.7342696E-07 0.98342055
vn 0.18133926 3.7342696E-07 0.98342055
vn 0.18133926 3.7342696E-07 0.98342055
vn 0.18133952 5.600657E-07 0.98342055
vn 0.18133952 5.600657E-07 0.98342055
vn 0.18133952 5.600657E-07 0.98342055
vn 0.18133952 5.600657E-07 0.98342055
vn 0.1813393 -4.318691E-07 0.98342055
vn 0.1813393 -4.318691E-07 0.98342055
vn 0.18133941 0 0.98342055
vn 0.18133941 0 0.98342055
vn 0.18133941 0 0.98342055
vn 0.18133941 0 0.98342055
vn 0.07427417 0.049175706 0.9960246
vn 0.07427417 0.049175706 0.9960246
vn 0.07427417 0.049175706 0.9960246
vn 0.07427417 0.049175706 0.9960246
vn 0.074547276 0 0.9972174
vn 0.074547276 0 0.9972174
vn 0.074547276 0 0.9972174
vn 0.074547276 0 0.9972174
vn 0.07454728 0 0.9972174
vn 0.026902119 0 0.9996381
vn 0.0074752625 -2.8474594E-07 0.9999721
vn 0.007475261 0 0.9999721
vn 0.007475261 0 0.9999721
vn 0.007475261 0 0.9999721
vn 0.007475261 0 0.9999721
vn 0.026902113 0 0.9996381
vn 0.026902113 0 0.9996381
vn 0.0074752737 1.9084855E-07 0.9999721
vn 0.0074752737 1.9084855E-07 0.9999721
vn 0.007521557 -0.011973934 0.9999
vn 0.007521557 -0.011973934 0.9999
vn 0.007521557 -0.011973934 0.9999
vn 0.007521557 -0.011973934 0.9999
vn 0.026966954 -0.014465233 0.9995316
vn 0.026966954 -0.014465233 0.9995316
vn 0.07454732 1.9032281E-07 0.9972174
vn -0.0075217043 -0.011973966 0.9999
vn -0.0075217043 -0.011973966 0.9999
vn -0.026967164 -0.014465544 0.9995316
vn -0.026967164 -0.014465544 0.9995316
vn -0.0074754115 2.1349634E-07 0.9999721
vn -0.07454752 1.2389557E-07 0.9972174
vn -0.008066747 -0.03845439 0.9992279
vn -0.008066747 -0.03845439 0.9992279
vn -0.027765214 -0.048499487 0.9984372
vn -0.010082839 -0.09235086 0.9956755
vn 0.008066569 -0.03845438 0.9992279
vn 0.027765013 -0.04849954 0.9984372
vn -0.007475397 4.3913792E-07 0.9999721
vn -0.007475424 -3.523267E-07 0.9999721
vn -0.007475424 -3.523267E-07 0.9999721
vn 0.0074752625 -2.8474594E-07 0.9999721
vn 0.007475247 1.8985612E-07 0.9999721
vn 0.007475247 1.8985612E-07 0.9999721
vn 0.007519089 0.024574941 0.9996697
vn 0.007519089 0.024574941 0.9996697
vn 0.007519089 0.024574941 0.9996697
vn 0.007519089 0.024574941 0.9996697
vn 0.026956795 0.029672792 0.9991961
vn 0.026956795 0.029672792 0.9991961
vn -0.0075192275 0.02457546 0.9996697
vn -0.0075192275 0.02457546 0.9996697
vn -0.007475414 -3.797123E-07 0.9999721
vn -0.026957018 0.02967302 0.9991961
vn -0.026957018 0.02967302 0.9991961
vn -0.026902292 -2.2775133E-07 0.9996381
vn -0.07454745 0 0.9972174
vn -0.07454745 0 0.9972174
vn -0.07454746 0 0.9972174
vn -0.07454746 0 0.9972174
vn -0.07454746 0 0.9972174
vn -0.07454746 0 0.9972174
vn -0.07454752 1.2389557E-07 0.9972174
vn -0.07454748 0 0.9972174
vn -0.07454747 0 0.9972174
vn -0.07454747 0 0.9972174
vn -0.07433996 -0.023986034 0.99694437
vn -0.07433996 -0.023986034 0.99694437
vn -0.07433996 -0.023986034 0.99694437
vn -0.07433996 -0.023986034 0.99694437
vn 1 0 -3.6068343E-07
vn 1 0 -1.271235E-07
vn 1 0 0
vn 1 0 0
vn 1 0 0
vn 1 0 -4.8197415E-07
vn 1 0 -2.3442695E-07
vn 1 0 -6.74994E-07
vn 1 0 -6.74994E-07
vn 1 0 2.9948617E-07
vn 1 0 0
vn 1 0 7.15127E-07
vn 1 0 5.6139925E-07
vn 1 0 0
vn 1 3.4252296E-06 -2.582208E-07
vn 1 3.4252296E-06 -2.582208E-07
vn 1 0 6.634958E-07
vn 1 0 -6.5937354E-07
vn -0.009779908 0.0024438943 0.9999492
vn -0.009779908 0.0024438943 0.9999492
vn -0.009779908 0.0024438943 0.9999492
vn -0.009779908 0.0024438943 0.9999492
vn -0.008733629 0.004867176 0.99995005
vn -0.008733629 0.004867176 0.99995005
vn -0.010017618 0 0.9999498
vn -0.010017618 0 0.9999498
vn -0.008970471 0 0.9999598
vn -0.008895935 0.0060448507 0.9999422
vn -0.008895935 0.0060448507 0.9999422
vn -0.00782862 0.012073789 0.9998965
vn -0.019434566 0.0020926 0.99980897
vn -0.019434566 0.0020926 0.99980897
vn -0.045171577 0 0.9989792
vn -0.045171577 0 0.9989792
vn -0.045171615 0 0.9989792
vn -0.01995031 0.0008149301 0.9998006
vn -0.02008267 0 0.99979836
vn -0.045171574 0 0.9989792
vn -0.010017624 0 0.9999498
vn -0.010017624 0 0.9999498
vn -0.008970469 0 0.9999598
vn -0.02008266 0 0.99979836
vn -0.045171626 1.04926556E-07 0.9989792
vn -0.02491111 0 0.9996897
vn -0.024911115 0 0.9996897
vn -0.024692455 0.014082025 0.99959594
vn -0.023307137 0.03695214 0.9990452
vn -0.023307137 0.03695214 0.9990452
vn -0.01894331 0.06894676 0.99744046
vn -0.01894331 0.06894676 0.99744046
vn -0.01894331 0.06894676 0.99744046
vn 0.008042099 0.080033936 0.9967597
vn 0.008042099 0.080033936 0.9967597
vn 0.008042099 0.080033936 0.9967597
vn 0.008042099 0.080033936 0.9967597
vn 0.027648993 0.10073858 0.9945286
vn 0.027648993 0.10073858 0.9945286
vn -0.008042269 0.08003379 0.9967597
vn -0.008042269 0.08003379 0.9967597
vn -0.02764922 0.10073853 0.9945286
vn -0.02764922 0.10073853 0.9945286
vn 0.00993823 0.19166304 0.9814105
vn 0.00993823 0.19166304 0.9814105
vn 0.00993823 0.19166304 0.9814105
vn 0.00993823 0.19166304 0.9814105
vn 0.030472646 0.21630348 0.9758505
vn 0.030472646 0.21630348 0.9758505
vn -0.009938431 0.19166273 0.9814105
vn -0.009938431 0.19166273 0.9814105
vn -0.030472817 0.21630341 0.9758505
vn -0.030472817 0.21630341 0.9758505
vn 0.022991177 0.973307 0.2283528
vn 0.022991177 0.973307 0.2283528
vn 0.022991177 0.973307 0.2283528
vn 0.022991177 0.973307 0.2283528
vn -0.02299128 0.9733069 0.22835289
vn -0.02299128 0.9733069 0.22835289
vn 0.023473348 0.99972445 0
vn 0.023473348 0.99972445 0
vn 0.023473348 0.99972445 0
vn 0.023473348 0.99972445 0
vn -0.023473581 0.99972445 0
vn -0.023473581 0.99972445 0
vn -0.023473557 0.99972445 0
vn -0.023473557 0.99972445 0
vn 0.023473425 0.99972445 0
vn 0.08125559 0.9589625 0.27164024
vn 0.08125559 0.9589625 0.27164024
vn 0.08125559 0.9589625 0.27164024
vn 0.08125559 0.9589625 0.27164024
vn 0.084227465 0.99644655 -6.638343E-07
vn 0.084227465 0.99644655 -6.638343E-07
vn 0.084227465 0.99644655 -6.638343E-07
vn 0.084227465 0.99644655 -6.638343E-07
vn 0.084227376 0.99644655 7.997764E-07
vn 0.084227376 0.99644655 7.997764E-07
vn -0.08125579 0.9589624 0.27164075
vn -0.08125579 0.9589624 0.27164075
vn -0.08125579 0.9589624 0.27164075
vn -0.08125579 0.9589624 0.27164075
vn -0.084227495 0.99644655 -5.5468416E-07
vn -0.084227495 0.99644655 -5.5468416E-07
vn -0.084227495 0.99644655 -5.5468416E-07
vn -0.084227495 0.99644655 -5.5468416E-07
vn -0.08422758 0.99644655 0
vn -0.08422758 0.99644655 0
vn -0.01993853 0.78736794 0.61616075
vn -0.01993853 0.78736794 0.61616075
vn -0.01993853 0.78736794 0.61616075
vn -0.01993853 0.78736794 0.61616075
vn 0.019938348 0.78736776 0.61616105
vn 0.019938348 0.78736776 0.61616105
vn -0.014651271 0.46063486 0.8874688
vn -0.014651271 0.46063486 0.8874688
vn -0.014651271 0.46063486 0.8874688
vn -0.014651271 0.46063486 0.8874688
vn 0.014651106 0.46063483 0.8874688
vn 0.014651106 0.46063483 0.8874688
vn -0.06202258 0.71052814 0.70093006
vn -0.06202258 0.71052814 0.70093006
vn -0.06202258 0.71052814 0.70093006
vn -0.06202258 0.71052814 0.70093006
vn -0.04075652 0.4155399 0.90866137
vn -0.04075652 0.4155399 0.90866137
vn -0.04075652 0.4155399 0.90866137
vn -0.04075652 0.4155399 0.90866137
vn 0.06202231 0.7105286 0.7009297
vn 0.06202231 0.7105286 0.7009297
vn 0.06202231 0.7105286 0.7009297
vn 0.06202231 0.7105286 0.7009297
vn 0.040756267 0.4155398 0.9086614
vn 0.040756267 0.4155398 0.9086614
vn 0.040756267 0.4155398 0.9086614
vn 0.040756267 0.4155398 0.9086614
vn 0.50131303 -0.13678657 0.8543855
vn 0.50131303 -0.13678657 0.8543855
vn 0.50131303 -0.13678657 0.8543855
vn 0.50131303 -0.13678657 0.8543855
vn 0.9643115 -0.26477033 0
vn 0.9643115 -0.26477033 0
vn 0.9643115 -0.26477033 0
vn 0.9643115 -0.26477033 0
vn 0.9643115 -0.2647703 -9.071499E-06
vn 0.9643115 -0.2647703 -9.071499E-06
vn 0.18076962 -0.050119422 0.98224765
vn 0.18076962 -0.050119422 0.98224765
vn 0.18076962 -0.050119422 0.98224765
vn 0.18076962 -0.050119422 0.98224765
vn 0.074339814 -0.023986233 0.9969445
vn 0.074339814 -0.023986233 0.9969445
vn 0.074339814 -0.023986233 0.9969445
vn 0.074339814 -0.023986233 0.9969445
vn 0.07454732 1.9032281E-07 0.9972174
vn 0.07454726 0 0.99721754
vn 0.07454728 0 0.9972174
vn 0.16994631 -0.15019995 0.9739396
vn 0.16994631 -0.15019995 0.9739396
vn 0.16994631 -0.15019995 0.9739396
vn 0.16994631 -0.15019995 0.9739396
vn 0.13558581 -0.28321895 0.94942266
vn 0.13558581 -0.28321895 0.94942266
vn 0.13558581 -0.28321895 0.94942266
vn 0.13558581 -0.28321895 0.94942266
vn 0.07193716 -0.0779069 0.9943619
vn 0.07193716 -0.0779069 0.9943619
vn 0.07193716 -0.0779069 0.9943619
vn 0.07193716 -0.0779069 0.9943619
vn 0.06357257 -0.1492085 0.98676
vn 0.06357257 -0.1492085 0.98676
vn 0.06357257 -0.1492085 0.98676
vn 0.06357257 -0.1492085 0.98676
vn 0.4611839 -0.3864679 0.7987189
vn 0.4611839 -0.3864679 0.7987189
vn 0.4611839 -0.3864679 0.7987189
vn 0.4611839 -0.3864679 0.7987189
vn 0.7670846 -0.6415459 2.8493253E-06
vn 0.7670846 -0.6415459 2.8493253E-06
vn 0.7670846 -0.6415459 2.8493253E-06
vn 0.7670846 -0.6415459 2.8493253E-06
vn 0.7670845 -0.64154613 -3.6634112E-06
vn 0.7670845 -0.64154613 -3.6634112E-06
vn 0.33051386 -0.67016435 0.66456026
vn 0.33051386 -0.67016435 0.66456026
vn 0.33051386 -0.67016435 0.66456026
vn 0.33051386 -0.67016435 0.66456026
vn 0.44317847 -0.89643335 0
vn 0.44317847 -0.89643335 0
vn 0.44317847 -0.89643335 0
vn 0.44317847 -0.89643335 0
vn 0.44317853 -0.89643335 0
vn 0.44317853 -0.89643335 0
vn -0.5037154 0 0.86386967
vn -0.5037154 0 0.86386967
vn -0.5037154 0 0.86386967
vn -0.5037154 0 0.86386967
vn -0.5037161 0 0.8638692
vn -0.5037161 0 0.8638692
vn -0.50371546 0 0.86386955
vn -0.50371546 0 0.86386955
vn -0.5037165 0 0.863869
vn -0.5037165 0 0.863869
vn -0.50371546 0 0.86386955
vn -0.50371546 0 0.86386955
vn -0.5037161 0 0.8638693
vn -0.5037161 0 0.8638693
vn -1 0 0
vn -1 0 0
vn -1 0 0
vn -1 0 0
vn -1 0 0
vn -1 0 0
vn -1 0 -1.6549219E-06
vn -1 0 -1.6549219E-06
vn -1 0 0
vn -1 0 0
vn -1 0 0
vn -1 0 0
vn -1 0 0
vn -1 0 0
vn -1 0 0
vn -1 0 0
vn -1 0 0
vn -1 0 0
vn -1 0 0
vn -1 0 0
vn -1 0 0
vn -0.18133956 0 0.98342055
vn -0.18133956 0 0.98342055
vn -0.18133956 0 0.98342055
vn -0.18133956 0 0.98342055
vn -0.18133956 0 0.98342055
vn -0.18133956 0 0.98342055
vn -0.18133962 0 0.98342055
vn -0.18133962 0 0.98342055
vn -0.18133941 0 0.98342055
vn -0.18133941 0 0.98342055
vn -0.18133962 0 0.98342055
vn -0.18133962 0 0.98342055
vn -0.18133959 0 0.98342055
vn -0.18133959 0 0.98342055
vn -0.044548217 -0.89568216 0.44245788
vn -0.044548217 -0.89568216 0.44245788
vn -0.044548217 -0.89568216 0.44245788
vn -0.044548217 -0.89568216 0.44245788
vn -0.049377713 -0.9987802 -1.1782927E-06
vn -0.049377713 -0.9987802 -1.1782927E-06
vn -0.049377713 -0.9987802 -1.1782927E-06
vn -0.049377713 -0.9987802 -1.1782927E-06
vn -0.049377687 -0.9987802 3.181031E-06
vn -0.049377687 -0.9987802 3.181031E-06
vn -0.15145768 -0.84893686 0.50632685
vn -0.15145768 -0.84893686 0.50632685
vn -0.15145768 -0.84893686 0.50632685
vn -0.15145768 -0.84893686 0.50632685
vn -0.175223 -0.98452884 -1.3117896E-06
vn -0.175223 -0.98452884 -1.3117896E-06
vn -0.175223 -0.98452884 -1.3117896E-06
vn -0.175223 -0.98452884 -1.3117896E-06
vn -0.17522317 -0.9845287 2.108228E-06
vn -0.17522317 -0.9845287 2.108228E-06
vn 0.044548504 -0.89568216 0.44245782
vn 0.044548504 -0.89568216 0.44245782
vn 0.044548504 -0.89568216 0.44245782
vn 0.044548504 -0.89568216 0.44245782
vn 0.15145737 -0.84893614 0.5063279
vn 0.15145737 -0.84893614 0.5063279
vn 0.15145737 -0.84893614 0.5063279
vn 0.15145737 -0.84893614 0.5063279
vn 0.04937753 -0.9987802 0
vn 0.04937753 -0.9987802 0
vn 0.04937753 -0.9987802 0
vn 0.04937753 -0.9987802 0
vn 0.049377684 -0.9987802 1.6040594E-06
vn 0.049377684 -0.9987802 1.6040594E-06
vn 0.17522325 -0.9845287 -6.558946E-07
vn 0.17522325 -0.9845287 -6.558946E-07
vn 0.17522325 -0.9845287 -6.558946E-07
vn 0.17522325 -0.9845287 -6.558946E-07
vn 0.17522334 -0.9845287 8.4329116E-07
vn 0.17522334 -0.9845287 8.4329116E-07
vn 0.027652448 -0.5186304 0.8545513
vn 0.027652448 -0.5186304 0.8545513
vn 0.027652448 -0.5186304 0.8545513
vn 0.027652448 -0.5186304 0.8545513
vn 0.016027037 -0.23931721 0.9708092
vn 0.016027037 -0.23931721 0.9708092
vn 0.016027037 -0.23931721 0.9708092
vn 0.016027037 -0.23931721 0.9708092
vn 0.043789137 -0.21204141 0.97627914
vn 0.043789137 -0.21204141 0.97627914
vn -0.016027136 -0.23931748 0.9708091
vn -0.016027136 -0.23931748 0.9708091
vn -0.043789413 -0.21204156 0.97627914
vn -0.043789413 -0.21204156 0.97627914
vn 0.07947515 -0.4324142 0.8981657
vn 0.07947515 -0.4324142 0.8981657
vn 0.07947515 -0.4324142 0.8981657
vn 0.07947515 -0.4324142 0.8981657
vn -0.027652632 -0.51863045 0.8545513
vn -0.027652632 -0.51863045 0.8545513
vn -0.027652632 -0.51863045 0.8545513
vn -0.027652632 -0.51863045 0.8545513
vn -0.079475194 -0.4324137 0.898166
vn -0.079475194 -0.4324137 0.898166
vn -0.079475194 -0.4324137 0.898166
vn -0.079475194 -0.4324137 0.898166
vn -0.0044581695 -0.05607783 -0.9984164
vn -0.0044581695 -0.05607783 -0.9984164
vn -0.0044581695 -0.05607783 -0.9984164
vn -0.0044581695 -0.05607783 -0.9984164
vn -0.013408242 -0.051496986 -0.9985831
vn -0.013408242 -0.051496986 -0.9985831
vn 0.0044583436 -0.056077838 -0.9984164
vn 0.0044583436 -0.056077838 -0.9984164
vn 0.01340841 -0.05149699 -0.9985831
vn 0.01340841 -0.05149699 -0.9985831
vn 0.0033049427 -0.03166451 -0.9994931
vn 0.0033049427 -0.03166451 -0.9994931
vn 0.0033740182 -0.030902794 -0.9995167
vn 0.0033740182 -0.030902794 -0.9995167
vn 0.010451127 -0.033703633 -0.9993773
vn 0.0104022175 -0.035067935 -0.99933076
vn -0.0033047728 -0.0316645 -0.9994931
vn -0.0104509555 -0.03370362 -0.9993773
vn -0.0033738457 -0.030902762 -0.9995167
vn -0.010402043 -0.03506792 -0.99933076
vn -0.036042072 -0.052177954 -0.99798715
vn -0.036042072 -0.052177954 -0.99798715
vn -0.02594072 -0.041199103 -0.9988141
vn -0.0214432 -0.050328564 -0.9985025
vn -0.0054844003 -0.081894696 -0.9966259
vn -0.0054844003 -0.081894696 -0.9966259
vn -0.0054844003 -0.081894696 -0.9966259
vn -0.0054844003 -0.081894696 -0.9966259
vn 0.005484585 -0.08189467 -0.9966259
vn 0.005484585 -0.08189467 -0.9966259
vn 0.014910666 -0.07220149 -0.99727863
vn 0.02594088 -0.041199155 -0.9988141
vn 0.03604224 -0.052177906 -0.99798715
vn 0.03604224 -0.052177906 -0.99798715
vn -0.0067961793 -0.13986467 -0.9901473
vn -0.0067961793 -0.13986467 -0.9901473
vn -0.0067961793 -0.13986467 -0.9901473
vn -0.0067961793 -0.13986467 -0.9901473
vn -0.022510571 -0.12479187 -0.9919275
vn -0.022510571 -0.12479187 -0.9919275
vn 0.0067963614 -0.13986465 -0.9901473
vn 0.0067963614 -0.13986465 -0.9901473
vn 0.022510748 -0.12479188 -0.9919275
vn 0.022510748 -0.12479188 -0.9919275
vn -0.010082839 -0.09235086 0.9956755
vn -0.010082839 -0.09235086 0.9956755
vn -0.010082839 -0.09235086 0.9956755
vn -0.031040456 -0.10464435 0.9940252
vn -0.031040456 -0.10464435 0.9940252
vn 0.0100827105 -0.092351004 0.9956755
vn 0.0100827105 -0.092351004 0.9956755
vn 0.03104018 -0.10464386 0.9940253
vn 0.03104018 -0.10464386 0.9940253
vn -0.42168656 -0.13747723 -0.8962591
vn -0.42168656 -0.13747723 -0.8962591
vn -0.42168656 -0.13747723 -0.8962591
vn -0.42168656 -0.13747723 -0.8962591
vn -0.79558486 -0.064140305 -0.6024372
vn -0.79558486 -0.064140305 -0.6024372
vn -0.79558486 -0.064140305 -0.6024372
vn -0.79558486 -0.064140305 -0.6024372
vn -0.79558486 -0.064140305 -0.6024372
vn -0.79558486 -0.064140305 -0.6024372
vn -0.9643115 -0.26477066 0
vn -0.9643115 -0.26477066 0
vn -0.9643115 -0.26477066 0
vn -0.9643115 -0.26477066 0
vn -0.96431136 -0.2647707 -3.5278129E-06
vn -0.96431136 -0.2647707 -3.5278129E-06
vn -0.12140597 -0.07255414 -0.98994774
vn -0.12140597 -0.07255414 -0.98994774
vn -0.12140597 -0.07255414 -0.98994774
vn -0.12140597 -0.07255414 -0.98994774
vn -0.077202044 -0.077094875 -0.9940303
vn -0.077202044 -0.077094875 -0.9940303
vn -0.32719973 -0.13440804 -0.9353474
vn -0.32719973 -0.13440804 -0.9353474
vn -0.32719973 -0.13440804 -0.9353474
vn -0.32719973 -0.13440804 -0.9353474
vn -0.32719973 -0.13440804 -0.9353474
vn -0.32719973 -0.13440804 -0.9353474
vn -0.102359824 -0.16948055 -0.9802035
vn -0.102359824 -0.16948055 -0.9802035
vn -0.102359824 -0.16948055 -0.9802035
vn -0.102359824 -0.16948055 -0.9802035
vn -0.05882146 -0.12221739 -0.9907588
vn -0.05882146 -0.12221739 -0.9907588
vn -0.05882146 -0.12221739 -0.9907588
vn -0.05882146 -0.12221739 -0.9907588
vn -0.30562237 -0.26107207 -0.91566163
vn -0.30562237 -0.26107207 -0.91566163
vn -0.30562237 -0.26107207 -0.91566163
vn -0.30562237 -0.26107207 -0.91566163
vn -0.7670842 -0.6415464 0
vn -0.7670842 -0.6415464 0
vn -0.7670842 -0.6415464 0
vn -0.7670842 -0.6415464 0
vn -0.7670844 -0.6415462 2.849326E-06
vn -0.7670844 -0.6415462 2.849326E-06
vn -0.23160858 -0.4693482 -0.8520973
vn -0.23160858 -0.4693482 -0.8520973
vn -0.23160858 -0.4693482 -0.8520973
vn -0.23160858 -0.4693482 -0.8520973
vn -0.44317853 -0.89643335 0
vn -0.44317853 -0.89643335 0
vn -0.44317853 -0.89643335 0
vn -0.44317853 -0.89643335 0
vn -0.44317853 -0.89643335 0
vn -0.44317853 -0.89643335 0
vn -0.48998457 0 0.8717311
vn -0.48998457 0 0.8717311
vn -0.48998457 0 0.8717311
vn -0.48998457 0 0.8717311
vn -0.48998398 0 0.87173146
vn -0.48998398 0 0.87173146
vn -0.48998404 0 0.87173146
vn -0.48998404 0 0.87173146
vn -0.48998386 0 0.8717315
vn -0.48998386 0 0.8717315
vn -0.48998392 0 0.8717315
vn -0.48998392 0 0.8717315
vn -0.48998398 0 0.87173146
vn -0.48998398 0 0.87173146
vn -0.12462544 1.6874465E-07 0.99220383
vn -0.12462544 1.6874465E-07 0.99220383
vn -0.12462544 1.6874465E-07 0.99220383
vn -0.12462544 1.6874465E-07 0.99220383
vn -0.12462539 -2.0816E-07 0.99220383
vn -0.12462539 -2.0816E-07 0.99220383
vn -0.1246253 -1.4916175E-07 0.99220383
vn -0.1246253 -1.4916175E-07 0.99220383
vn -0.12462539 1.3708295E-07 0.99220383
vn -0.12462539 1.3708295E-07 0.99220383
vn -0.1246253 -1.2953392E-07 0.99220383
vn -0.1246253 -1.2953392E-07 0.99220383
vn -0.12462533 2.9599306E-07 0.99220383
vn -0.12462533 2.9599306E-07 0.99220383
vn -0.9557796 0 0.29408392
vn -0.9557796 0 0.29408392
vn -0.9557796 0 0.29408392
vn -0.9557796 0 0.29408392
vn -0.9557795 0 0.29408416
vn -0.9557795 0 0.29408416
vn -0.9557799 0 0.294083
vn -0.9557799 0 0.294083
vn -0.95577896 0 0.29408592
vn -0.95577896 0 0.29408592
vn -0.9557798 0 0.29408333
vn -0.9557798 0 0.29408333
vn -0.95577896 0 0.2940858
vn -0.95577896 0 0.2940858
vn -0 0.9951603 0.098264985
vn -0 0.9951603 0.098264985
vn -0 0.9944253 0.10544269
vn -0 0.9944253 0.105442844
vn 0.0132089965 0.9951109 0.09787618
vn 0.0132089965 0.9951109 0.09787618
vn 0.04568699 0.99430686 0.09626318
vn 0.04568699 0.99430686 0.09626318
vn 0.04568699 0.99430686 0.09626318
vn 0.04568699 0.99430686 0.09626318
vn 0.012604426 0.9943895 0.105026975
vn 0.012604426 0.9943895 0.105026975
vn 0.043601025 0.99369335 0.10330716
vn -0.47657758 0.18868493 0.8586454
vn -0.47657758 0.18868493 0.8586454
vn -0.47657758 0.18868493 0.8586454
vn -0.47657758 0.18868493 0.8586454
vn -0.12358873 0.058680423 0.99059695
vn -0.12358873 0.058680423 0.99059695
vn -0.12358873 0.058680423 0.99059695
vn -0.12358873 0.058680423 0.99059695
vn -0.38581595 0.54004395 0.74799645
vn -0.38581595 0.54004395 0.74799645
vn -0.38581595 0.54004395 0.74799645
vn -0.38581595 0.54004395 0.74799645
vn -0.22310422 0.7997033 0.55740386
vn -0.22310422 0.7997033 0.55740386
vn -0.22310422 0.7997033 0.55740386
vn -0.22310422 0.7997033 0.55740386
vn -0.11620067 0.20547672 0.971739
vn -0.11620067 0.20547672 0.971739
vn -0.11620067 0.20547672 0.971739
vn -0.11620067 0.20547672 0.971739
vn -0.09523002 0.3904875 0.91566956
vn -0.09523002 0.3904875 0.91566956
vn -0.09523002 0.3904875 0.91566956
vn -0.09523002 0.3904875 0.91566956
vn -0.57664704 0.7796278 0.24425115
vn -0.57664704 0.7796278 0.24425115
vn -0.57664704 0.7796278 0.24425115
vn -0.57664704 0.7796278 0.24425115
vn -0.60077006 0.7963622 0.06987534
vn -0.60077006 0.7963622 0.06987534
vn -0.27128527 0.94422495 0.18666424
vn -0.27128527 0.94422495 0.18666424
vn -0.27128527 0.94422495 0.18666424
vn -0.27128527 0.94422495 0.18666424
vn -0.8878569 0.35122302 0.29724133
vn -0.8878569 0.35122302 0.29724133
vn -0.8878569 0.35122302 0.29724133
vn -0.8878569 0.35122302 0.29724133
vn -0.93101376 0.36393642 0.027634762
vn -0.93101376 0.36393642 0.027634762
vn -1 0 4.973771E-07
vn -1 0 0
vn -1 0 0
vn -1 0 0
vn -1 0 0
vn -1 0 0
vn -1 0 0
vn 0.39314592 0 -0.91947603
vn 0.39314592 0 -0.91947603
vn 0.39314592 0 -0.91947603
vn 0.39314592 0 -0.91947603
vn 0.39314643 0 -0.919476
vn 0.39314643 0 -0.919476
vn 0.39314824 9.002235E-06 -0.91947514
vn 0.39314824 9.002235E-06 -0.91947514
vn 0.39314902 -9.43071E-06 -0.9194747
vn 0.39314902 -9.43071E-06 -0.9194747
vn 0.39314574 0 -0.91947615
vn 0.39314574 0 -0.91947615
vn 0.393149 -1.5581854E-05 -0.9194747
vn 0.393149 -1.5581854E-05 -0.9194747
vn 0.94605464 0 -0.32400715
vn 0.94605464 0 -0.32400715
vn 0.94605464 0 -0.32400715
vn 0.94605464 0 -0.32400715
vn 0.946055 0 -0.32400596
vn 0.946055 0 -0.32400596
vn 0.94605595 0 -0.3240034
vn 0.94605595 0 -0.3240034
vn 0.94605464 0 -0.3240071
vn 0.94605464 0 -0.3240071
vn 0.9460558 0 -0.32400376
vn 0.9460558 0 -0.32400376
vn 0.946055 0 -0.32400614
vn 0.946055 0 -0.32400614
vn -0.000544417 0.9311628 -0.36460334
vn -0.000544417 0.9311628 -0.36460334
vn -0.000544417 0.9311628 -0.36460334
vn -0.000544417 0.9311628 -0.36460334
vn -0.0027561502 0.92807835 -0.3723747
vn -0.0027561502 0.92807835 -0.3723747
vn 0.0005446871 0.9311628 -0.36460334
vn 0.0005446871 0.9311628 -0.36460334
vn 0.0027557777 0.9280823 -0.3723649
vn 0.0027557777 0.9280823 -0.3723649
vn -0.0034798041 0.9310398 -0.36490098
vn -0.0034798041 0.9310398 -0.36490098
vn 0.007715359 0.93379146 -0.3577345
vn 0.007715359 0.93379146 -0.3577345
vn 0.007715359 0.93379146 -0.3577345
vn 0.007715359 0.93379146 -0.3577345
vn 0.03327691 0.92764515 -0.3719772
vn 0.03327691 0.92764515 -0.3719772
vn 0.0034798284 0.931037 -0.36490813
vn 0.0034798284 0.931037 -0.36490813
vn 0.0034798284 0.931037 -0.36490813
vn 0.0034798284 0.931037 -0.36490813
vn -0.0077154217 0.93379694 -0.3577202
vn -0.0077154217 0.93379694 -0.3577202
vn -0.03327731 0.9276466 -0.37197348
vn -0.03327731 0.9276466 -0.37197348
vn -0.00023013781 0.6374874 -0.7704608
vn -0.00023013781 0.6374874 -0.7704608
vn -0.00023013781 0.6374874 -0.7704608
vn -0.00023013781 0.6374874 -0.7704608
vn -0.00082632096 0.6097106 -0.79262364
vn -0.00082632096 0.6097106 -0.79262364
vn 0.00023069319 0.637476 -0.77047014
vn 0.00023069319 0.637476 -0.77047014
vn 0.00082585664 0.60967433 -0.79265165
vn 0.00082585664 0.60967433 -0.79265165
vn -0.001434432 0.6164468 -0.7873953
vn -0.001434432 0.6164468 -0.7873953
vn 0.0077796606 0.61053306 -0.79195255
vn 0.0077796606 0.61053306 -0.79195255
vn 0.0077796606 0.61053306 -0.79195255
vn 0.0077796606 0.61053306 -0.79195255
vn 0.0014349387 0.61644137 -0.78739953
vn 0.0014349387 0.61644137 -0.78739953
vn 0.0014349387 0.61644137 -0.78739953
vn 0.0014349387 0.61644137 -0.78739953
vn -0.0077791507 0.61050713 -0.79197246
vn -0.0077791507 0.61050713 -0.79197246
vn 0.02330611 0.56901175 -0.8219991
vn 0.02330611 0.56901175 -0.8219991
vn 0.02330611 0.56901175 -0.8219991
vn 0.02330611 0.56901175 -0.8219991
vn -0.0042735976 -0.757122 0.65325946
vn -0.0042735976 -0.757122 0.65325946
vn -0.0042735976 -0.757122 0.65325946
vn -0.0042735976 -0.757122 0.65325946
vn 0.0042736763 -0.757122 0.65325946
vn 0.0042736763 -0.757122 0.65325946
vn -0.013982777 -0.9081287 0.41845766
vn -0.013982777 -0.9081287 0.41845766
vn -0.013982777 -0.9081287 0.41845766
vn -0.013982777 -0.9081287 0.41845766
vn 0.013983954 -0.90811384 0.4184899
vn 0.013983954 -0.90811384 0.4184899
vn 0.013983954 -0.90811384 0.4184899
vn 0.013983954 -0.90811384 0.4184899
vn -0.010106943 -0.92088526 -0.38970265
vn -0.010106943 -0.92088526 -0.38970265
vn -0.010106943 -0.92088526 -0.38970265
vn -0.010106943 -0.92088526 -0.38970265
vn -0.017228514 -0.8961158 -0.44348583
vn -0.017228514 -0.8961158 -0.44348583
vn -0.017228514 -0.8961158 -0.44348583
vn -0.017228514 -0.8961158 -0.44348583
vn -0.008203841 -0.947118 -0.32078058
vn -0.008203841 -0.947118 -0.32078058
vn -0.008203841 -0.947118 -0.32078058
vn -0.008203841 -0.947118 -0.32078058
vn -0.015459501 -0.99987984 -0.0011875365
vn -0.04522524 -0.998909 -0.011645885
vn 0.36769965 0.2711903 -0.889524
vn 0.36769965 0.2711903 -0.889524
vn 0.36769965 0.2711903 -0.889524
vn 0.36769965 0.2711903 -0.889524
vn 0.06341991 0.057777867 -0.99631304
vn 0.06341991 0.057777867 -0.99631304
vn 0.23537287 0.7039556 -0.67010915
vn 0.23537287 0.7039556 -0.67010915
vn 0.23537287 0.7039556 -0.67010915
vn 0.23537287 0.7039556 -0.67010915
vn 0.10008519 0.8853136 -0.45409575
vn 0.10008519 0.8853136 -0.45409575
vn 0.10008519 0.8853136 -0.45409575
vn 0.10008519 0.8853136 -0.45409575
vn 0.057531238 0.2257234 -0.9724912
vn 0.057531238 0.2257234 -0.9724912
vn 0.057531238 0.2257234 -0.9724912
vn 0.057531238 0.2257234 -0.9724912
vn 0.04228392 0.44716275 -0.89345264
vn 0.04228392 0.44716275 -0.89345264
vn 0.04228392 0.44716275 -0.89345264
vn 0.04228392 0.44716275 -0.89345264
vn 0.32796174 0.9100725 -0.2533953
vn 0.32796174 0.9100725 -0.2533953
vn 0.32796174 0.9100725 -0.2533953
vn 0.32796174 0.9100725 -0.2533953
vn 0.37091437 0.9176085 -0.1428882
vn 0.37091437 0.9176085 -0.1428882
vn 0.37091437 0.9176085 -0.1428882
vn 0.37091437 0.9176085 -0.1428882
vn 0.12000514 0.9664256 -0.22720128
vn 0.12000514 0.9664256 -0.22720128
vn 0.12000514 0.9664256 -0.22720128
vn 0.12000514 0.9664256 -0.22720128
vn 0.7682292 0.5496723 -0.32815284
vn 0.7682292 0.5496723 -0.32815284
vn 0.7682292 0.5496723 -0.32815284
vn 0.7682292 0.5496723 -0.32815284
vn 0.83404154 0.5476269 -0.06692823
vn 0.83404154 0.5476269 -0.06692823
vn 0.83404154 0.5476269 -0.06692823
vn 0.83404154 0.5476269 -0.06692823
vn 0.008203621 -0.94711757 -0.32078192
vn 0.008203621 -0.94711757 -0.32078192
vn 0.008203621 -0.94711757 -0.32078192
vn 0.008203621 -0.94711757 -0.32078192
vn 0.010107583 -0.9208786 -0.38971838
vn 0.010107583 -0.9208786 -0.38971838
vn 0.010107583 -0.9208786 -0.38971838
vn 0.010107583 -0.9208786 -0.38971838
vn 0.01722824 -0.8961203 -0.4434768
vn 0.01722824 -0.8961203 -0.4434768
vn 0.01722824 -0.8961203 -0.4434768
vn 0.01722824 -0.8961203 -0.4434768
vn -0.023308251 0.5689995 -0.8220074
vn -0.023308251 0.5689995 -0.8220074
vn -0.023308251 0.5689995 -0.8220074
vn -0.023308251 0.5689995 -0.8220074
vn -0.5663402 0.817022 -0.10832214
vn -0.5663402 0.817022 -0.10832214
vn -0.5663402 0.817022 -0.10832214
vn -0.5663402 0.817022 -0.10832214
vn -0.62203795 0.7780739 -0.08757693
vn -0.62203795 0.7780739 -0.08757693
vn -0.62203795 0.7780739 -0.08757693
vn -0.62203795 0.7780739 -0.08757693
vn -0.49850705 0.8576887 -0.12594
vn -0.49850705 0.8576887 -0.12594
vn -0.49850705 0.8576887 -0.12594
vn -0.49850705 0.8576887 -0.12594
vn -0.42821956 0.8929139 -0.13904259
vn -0.42821956 0.8929139 -0.13904259
vn -0.42821956 0.8929139 -0.13904259
vn -0.42821956 0.8929139 -0.13904259
vn -0.8994271 0.43418282 -0.05015965
vn -0.8994271 0.43418282 -0.05015965
vn -0.8994271 0.43418282 -0.05015965
vn -0.8994271 0.43418282 -0.05015965
vn -0.86744225 0.4938632 -0.060358327
vn -0.86744225 0.4938632 -0.060358327
vn -0.86744225 0.4938632 -0.060358327
vn -0.86744225 0.4938632 -0.060358327
vn 0.07636655 0.5365504 -0.8404057
vn 0.07636655 0.5365504 -0.8404057
vn 0.07636655 0.5365504 -0.8404057
vn 0.07636655 0.5365504 -0.8404057
vn 0.02180954 0.495627 -0.86826164
vn 0.02180954 0.495627 -0.86826164
vn 0.02180954 0.495627 -0.86826164
vn 0.02180954 0.495627 -0.86826164
vn 0.0020114975 0.45713574 -0.8893947
vn 0.0020114975 0.45713574 -0.8893947
vn -0.0020122258 0.45711887 -0.8894033
vn -0.0020122258 0.45711887 -0.8894033
vn -0.0020122258 0.45711887 -0.8894033
vn -0.0020122258 0.45711887 -0.8894033
vn -0.0074353637 0.46937445 -0.88296795
vn -0.0074353637 0.46937445 -0.88296795
vn -0.02180921 0.49563295 -0.8682583
vn -0.02180921 0.49563295 -0.8682583
vn 0.3607271 0.55723584 -0.74790645
vn 0.3607271 0.55723584 -0.74790645
vn 0.3607271 0.55723584 -0.74790645
vn 0.3607271 0.55723584 -0.74790645
vn 0.50598085 0.8254532 -0.25022072
vn 0.50598085 0.8254532 -0.25022072
vn 0.50598085 0.8254532 -0.25022072
vn 0.50598085 0.8254532 -0.25022072
vn 0.5099267 0.857197 -0.072028205
vn 0.5099267 0.857197 -0.072028205
vn 0.5099267 0.857197 -0.072028205
vn 0.5099267 0.857197 -0.072028205
vn 0.12397034 0.93663436 -0.327639
vn 0.12397034 0.93663436 -0.327639
vn 0.12397034 0.93663436 -0.327639
vn 0.12397034 0.93663436 -0.327639
vn 0.037417654 0.93166685 -0.36138192
vn 0.037417654 0.93166685 -0.36138192
vn 0.037417654 0.93166685 -0.36138192
vn 0.037417654 0.93166685 -0.36138192
vn 0.003692774 0.91948766 -0.39310157
vn 0.003692774 0.91948766 -0.39310157
vn 0.003692774 0.91948766 -0.39310157
vn 0.003692774 0.91948766 -0.39310157
vn -0.0036938514 0.919488 -0.39310053
vn -0.0036938514 0.919488 -0.39310053
vn -0.013355122 0.9237675 -0.3827209
vn -0.013355122 0.9237675 -0.3827209
vn -0.03741548 0.9316714 -0.36137012
vn -0.03741548 0.9316714 -0.36137012
vn 0.12575585 0.9877693 -0.09218077
vn 0.12575585 0.9877693 -0.09218077
vn 0.12575585 0.9877693 -0.09218077
vn 0.12575585 0.9877693 -0.09218077
vn 0.038042624 0.99428177 -0.09978219
vn 0.038042624 0.99428177 -0.09978219
vn 0.038042624 0.99428177 -0.09978219
vn 0.038042624 0.99428177 -0.09978219
vn 0.0038043272 0.99427277 -0.106804505
vn 0.0038043272 0.99427277 -0.106804505
vn 0.0038043272 0.99427277 -0.106804505
vn 0.0038043272 0.99427277 -0.106804505
vn -0.0038045098 0.9942731 -0.106800474
vn -0.0038045098 0.9942731 -0.106800474
vn -0.013696805 0.99443287 -0.104478136
vn -0.013696805 0.99443287 -0.104478136
vn -0.038042586 0.99428165 -0.099784225
vn -0.038042586 0.99428165 -0.099784225
vn -0.43732375 -0.8432399 -0.31256118
vn -0.43732375 -0.8432399 -0.31256118
vn -0.43732375 -0.8432399 -0.31256118
vn -0.43732375 -0.8432399 -0.31256118
vn -0.10762366 -0.19346412 -0.9751865
vn -0.10762366 -0.19346412 -0.9751865
vn -0.10762366 -0.19346412 -0.9751865
vn -0.10762366 -0.19346412 -0.9751865
vn -0.11730927 -0.19314173 -0.9741328
vn -0.11730927 -0.19314173 -0.9741328
vn -0.44074577 -0.8942262 -0.07811991
vn -0.44074577 -0.8942262 -0.07811991
vn -0.44074577 -0.8942262 -0.07811991
vn -0.44074577 -0.8942262 -0.07811991
vn -0.1432808 -0.9817122 -0.12534593
vn -0.1432808 -0.9817122 -0.12534593
vn -0.1432808 -0.9817122 -0.12534593
vn -0.1432808 -0.9817122 -0.12534593
vn -0.056145784 -0.9851606 -0.16219243
vn -0.056145784 -0.9851606 -0.16219243
vn -0.056145784 -0.9851606 -0.16219243
vn -0.056145784 -0.9851606 -0.16219243
vn -0.005583102 -0.9796195 -0.20078456
vn -0.005583102 -0.9796195 -0.20078456
vn -0.005583102 -0.9796195 -0.20078456
vn -0.005583102 -0.9796195 -0.20078456
vn 0.005583612 -0.9796195 -0.20078458
vn 0.005583612 -0.9796195 -0.20078458
vn 0.020146627 -0.98195 -0.18806477
vn 0.020146627 -0.98195 -0.18806477
vn 0.05614532 -0.9851606 -0.16219193
vn 0.05614532 -0.9851606 -0.16219193
vn -0.13464485 -0.8712451 -0.47202003
vn -0.13464485 -0.8712451 -0.47202003
vn -0.13464485 -0.8712451 -0.47202003
vn -0.13464485 -0.8712451 -0.47202003
vn -0.04959389 -0.8187596 -0.5719906
vn -0.04959389 -0.8187596 -0.5719906
vn -0.04959389 -0.8187596 -0.5719906
vn -0.04959389 -0.8187596 -0.5719906
vn 0.4159969 -0.90936524 -0.0012298677
vn 0.4159969 -0.90936524 -0.0012298677
vn 0.4159969 -0.90936524 -0.0012298677
vn 0.4159969 -0.90936524 -0.0012298677
vn 0.41551435 -0.9095866 0
vn 0.41551435 -0.9095866 0
vn 0.41792768 -0.9084726 -0.003747986
vn 0.41792768 -0.9084726 -0.003747986
vn 0.42224303 -0.9064375 -0.009047165
vn 0.42224303 -0.9064375 -0.009047165
vn 0.4155107 -0.9095883 1.3764956E-06
vn 0.4155107 -0.9095883 1.3764956E-06
vn 0.42975208 -0.9026025 -0.024939157
vn 0.42975208 -0.9026025 -0.024939157
vn 0.13379073 -0.9909916 -0.005977005
vn 0.13379073 -0.9909916 -0.005977005
vn 0.13379073 -0.9909916 -0.005977005
vn 0.13379073 -0.9909916 -0.005977005
vn 0.13565594 -0.99065065 -0.014451724
vn 0.13565594 -0.99065065 -0.014451724
vn 0.1329539 -0.9911203 -0.001958821
vn 0.1329539 -0.9911203 -0.001958821
vn 0.13274749 -0.9911499 0
vn 0.13274749 -0.9911499 0
vn 0.13274702 -0.9911499 3.3641115E-07
vn 0.13274702 -0.9911499 3.3641115E-07
vn 0.1388979 -0.9895002 -0.039957162
vn 0.1388979 -0.9895002 -0.039957162
vn 0.0045710616 -0.754584 -0.6561874
vn 0.0045710616 -0.754584 -0.6561874
vn 0.0045710616 -0.754584 -0.6561874
vn 0.0045710616 -0.754584 -0.6561874
vn 0.01691993 -0.7759471 -0.6305711
vn 0.01691993 -0.7759471 -0.6305711
vn -0.0045704003 -0.75461835 -0.65614796
vn -0.0045704003 -0.75461835 -0.65614796
vn -0.016920187 -0.77598614 -0.630523
vn -0.016920187 -0.77598614 -0.630523
vn 1 0 -3.6766571E-06
vn 1 0 -3.6766571E-06
vn 1 0 0
vn -0.3607353 0.55717975 -0.74794436
vn -0.3607353 0.55717975 -0.74794436
vn -0.3607353 0.55717975 -0.74794436
vn -0.3607353 0.55717975 -0.74794436
vn -0.07637161 0.5365913 -0.8403791
vn -0.07637161 0.5365913 -0.8403791
vn -0.07637161 0.5365913 -0.8403791
vn -0.07637161 0.5365913 -0.8403791
vn -0.123980075 0.93662935 -0.3276498
vn -0.123980075 0.93662935 -0.3276498
vn -0.123980075 0.93662935 -0.3276498
vn -0.123980075 0.93662935 -0.3276498
vn -0.12575617 0.98776907 -0.0921827
vn -0.12575617 0.98776907 -0.0921827
vn -0.12575617 0.98776907 -0.0921827
vn -0.12575617 0.98776907 -0.0921827
vn -0.5059787 0.8254532 -0.25022507
vn -0.5059787 0.8254532 -0.25022507
vn -0.5059787 0.8254532 -0.25022507
vn -0.5059787 0.8254532 -0.25022507
vn -0.5099248 0.8571982 -0.0720274
vn -0.5099248 0.8571982 -0.0720274
vn -0.5099248 0.8571982 -0.0720274
vn -0.5099248 0.8571982 -0.0720274
vn 0.12290632 -0.26393273 -0.95667845
vn 0.12290632 -0.26393273 -0.95667845
vn 0.12290632 -0.26393273 -0.95667845
vn 0.12290632 -0.26393273 -0.95667845
vn 0.36268365 -0.7864957 -0.49988514
vn 0.36268365 -0.7864957 -0.49988514
vn 0.36268365 -0.7864957 -0.49988514
vn 0.36268365 -0.7864957 -0.49988514
vn 0.13073233 -0.9748198 -0.18065272
vn 0.13073233 -0.9748198 -0.18065272
vn 0.13073233 -0.9748198 -0.18065272
vn 0.13073233 -0.9748198 -0.18065272
vn 0.0900311 -0.68808997 -0.7200185
vn 0.0900311 -0.68808997 -0.7200185
vn 0.0900311 -0.68808997 -0.7200185
vn 0.0900311 -0.68808997 -0.7200185
vn 0.028078279 -0.2690409 -0.9627194
vn 0.028078279 -0.2690409 -0.9627194
vn 0.028078279 -0.2690409 -0.9627194
vn 0.028078279 -0.2690409 -0.9627194
vn 0.04580807 -0.8988382 -0.43588024
vn 0.04580807 -0.8988382 -0.43588024
vn 0.04580807 -0.8988382 -0.43588024
vn 0.04580807 -0.8988382 -0.43588024
vn 0.04580807 -0.8988382 -0.43588024
vn 0.04580807 -0.8988382 -0.43588024
vn 0.022431107 -0.50076056 -0.8652951
vn 0.022431107 -0.50076056 -0.8652951
vn 0.022431107 -0.50076056 -0.8652951
vn 0.022431107 -0.50076056 -0.8652951
vn -0.0040997607 0.9994342 0.033383314
vn -0.014758181 0.9994116 0.030963885
vn -0.03913705 0.9991522 0.012775347
vn -0.03913705 0.9991522 0.012775347
vn -0.038030542 0.99915814 -0.015385306
vn -0.040971544 0.99881905 0.026111526
vn -1 -1.9265071E-06 -1.0767444E-06
vn -1 0 0
vn -1 0 0
vn -1 0 0
vn -1 0 3.7819825E-06
vn -1 0 3.7819825E-06
vn -1 0 0
vn -1 0 0
vn -1 0 0
vn -1 0 0
vn -1 0 0
vn -1 0 -6.286807E-05
vn -1 0 2.890239E-06
vn -1 0 0
vn -1 0 0
vn -1 0 -7.169625E-05
vn -1 0 -5.3221047E-05
vn -1 0 0
vn -1 0 0.00011696684
vn -1 0 5.745265E-06
vn -1 0 0
vn -1 0 0
vn -1 0 0
vn -1 0 0
vn 0.14755724 -0.9293571 -0.33841106
vn 0.14755724 -0.9293571 -0.33841106
vn 0.14755724 -0.9293571 -0.33841106
vn 0.14755724 -0.9293571 -0.33841106
vn 0.056403887 -0.44433352 -0.8940841
vn 0.056403887 -0.44433352 -0.8940841
vn 0.056403887 -0.44433352 -0.8940841
vn 0.056403887 -0.44433352 -0.8940841
vn 0.04490867 -0.9918576 -0.119170725
vn 0.04490867 -0.9918576 -0.119170725
vn 0.04490867 -0.9918576 -0.119170725
vn 0.04490867 -0.9918576 -0.119170725
vn 0.032322112 -0.8144989 -0.5792641
vn 0.032322112 -0.8144989 -0.5792641
vn 0.032322112 -0.8144989 -0.5792641
vn 0.032322112 -0.8144989 -0.5792641
vn 0.35471582 -0.44962153 -0.81976646
vn 0.35471582 -0.44962153 -0.81976646
vn 0.35471582 -0.44962153 -0.81976646
vn 0.35471582 -0.44962153 -0.81976646
vn 0.06397215 -0.097307205 -0.99319625
vn 0.06397215 -0.097307205 -0.99319625
vn 0.06397215 -0.097307205 -0.99319625
vn 0.06397215 -0.097307205 -0.99319625
vn 0.59999675 -0.7752806 -0.19734223
vn 0.59999675 -0.7752806 -0.19734223
vn 0.59999675 -0.7752806 -0.19734223
vn 0.59999675 -0.7752806 -0.19734223
vn 0.6142535 -0.7890867 0.005896885
vn 0.6142535 -0.7890867 0.005896885
vn 0.6142535 -0.7890867 0.005896885
vn 0.6142535 -0.7890867 0.005896885
vn 0.63923186 -0.76899433 0.005504119
vn 0.63923186 -0.76899433 0.005504119
vn 0.63923186 -0.76899433 0.005504119
vn 0.63923186 -0.76899433 0.005504119
vn 0.65525097 -0.7553947 0.0050023915
vn 0.65525097 -0.7553947 0.0050023915
vn 0.67150545 -0.7409869 0.0043463265
vn 0.67150545 -0.7409869 0.0043463265
vn 0.70017004 -0.71397096 0.002733005
vn 0.70017004 -0.71397096 0.002733005
vn 0.70017004 -0.71397096 0.002733005
vn 0.70017004 -0.71397096 0.002733005
vn 0.71138495 -0.7027995 0.002044453
vn 0.71138495 -0.7027995 0.002044453
vn 0.72004247 -0.6939285 0.0014182805
vn 0.72004247 -0.6939285 0.0014182805
vn 0.7287454 -0.6847847 0.0002665606
vn 0.7287454 -0.6847847 0.0002665606
vn 0.7287454 -0.6847847 0.0002665606
vn 0.7287454 -0.6847847 0.0002665606
vn 0.7290904 -0.6844173 -0.00031956198
vn 0.7290904 -0.6844173 -0.00031956198
vn 0.7270438 -0.68659043 -0.0009233177
vn 0.7270438 -0.68659043 -0.0009233177
vn 0.7161094 -0.69798464 -0.002171932
vn 0.7161094 -0.69798464 -0.002171932
vn 0.7161094 -0.69798464 -0.002171932
vn 0.7161094 -0.69798464 -0.002171932
vn 0.707131 -0.70707685 -0.0028147227
vn 0.707131 -0.70707685 -0.0028147227
vn 0.6813557 -0.7319403 -0.00420606
vn 0.6813557 -0.7319403 -0.00420606
vn 0.6648561 -0.7469562 -0.0047825244
vn 0.6648561 -0.7469562 -0.0047825244
vn 0.6648561 -0.7469562 -0.0047825244
vn 0.6648561 -0.7469562 -0.0047825244
vn 0.6476267 -0.76193976 -0.005239262
vn 0.6476267 -0.76193976 -0.005239262
vn 0.63157403 -0.7752956 -0.005556664
vn 0.63157403 -0.7752956 -0.005556664
vn 0.61898816 -0.78538 -0.0056298804
vn 0.61898816 -0.78538 -0.0056298804
vn 0.15711136 -0.9864547 -0.047149487
vn 0.15711136 -0.9864547 -0.047149487
vn 0.15711136 -0.9864547 -0.047149487
vn 0.15711136 -0.9864547 -0.047149487
vn 0.0452257 -0.998909 -0.011645858
vn 0.15739316 -0.9875208 0.005479834
vn 0.15739316 -0.9875208 0.005479834
vn 0.15739316 -0.9875208 0.005479834
vn 0.15739316 -0.9875208 0.005479834
vn 0.16043566 -0.9870328 0.005168852
vn 0.16043566 -0.9870328 0.005168852
vn 0.16043566 -0.9870328 0.005168852
vn 0.16043566 -0.9870328 0.005168852
vn 0.16360526 -0.9865155 0.0045224456
vn 0.16360526 -0.9865155 0.0045224456
vn 0.16871923 -0.9856575 0.0036025848
vn 0.16871923 -0.9856575 0.0036025848
vn 0.18614817 -0.98252076 0.0013403323
vn 0.18614817 -0.98252076 0.0013403323
vn 0.18614817 -0.98252076 0.0013403323
vn 0.18614817 -0.98252076 0.0013403323
vn 0.19638446 -0.9805267 0.0006646922
vn 0.19638446 -0.9805267 0.0006646922
vn 0.20555875 -0.9786447 0.00027543525
vn 0.20555875 -0.9786447 0.00027543525
vn 0.21569316 -0.9764612 -4.0673858E-05
vn 0.21569316 -0.9764612 -4.0673858E-05
vn 0.21569316 -0.9764612 -4.0673858E-05
vn 0.21569316 -0.9764612 -4.0673858E-05
vn 0.21669112 -0.97624016 -0.00034119305
vn 0.21669112 -0.97624016 -0.00034119305
vn 0.21565612 -0.9764691 -0.00073759886
vn 0.21565612 -0.9764691 -0.00073759886
vn 0.20924306 -0.9778621 -0.0017118035
vn 0.20924306 -0.9778621 -0.0017118035
vn 0.20924306 -0.9778621 -0.0017118035
vn 0.20924306 -0.9778621 -0.0017118035
vn 0.20418452 -0.97893 -0.0021902223
vn 0.20418452 -0.97893 -0.0021902223
vn 0.19059089 -0.9816644 -0.0031713238
vn 0.19059089 -0.9816644 -0.0031713238
vn 0.18252125 -0.9831956 -0.00353886
vn 0.18252125 -0.9831956 -0.00353886
vn 0.18252125 -0.9831956 -0.00353886
vn 0.18252125 -0.9831956 -0.00353886
vn 0.17455006 -0.98464096 -0.003805921
vn 0.17455006 -0.98464096 -0.003805921
vn 0.16749892 -0.9858642 -0.0039729904
vn 0.16749892 -0.9858642 -0.0039729904
vn 0.15939248 -0.9862367 0.0439456
vn 0.15939248 -0.9862367 0.0439456
vn 0.15939248 -0.9862367 0.0439456
vn 0.15939248 -0.9862367 0.0439456
vn -0.163605 -0.9865155 0.0045223082
vn -0.163605 -0.9865155 0.0045223082
vn -0.163605 -0.9865155 0.0045223082
vn -0.163605 -0.9865155 0.0045223082
vn -0.16871907 -0.98565763 0.0036026896
vn -0.16871907 -0.98565763 0.0036026896
vn -0.16043583 -0.98703265 0.0051689837
vn -0.16043583 -0.98703265 0.0051689837
vn -0.15857701 -0.987331 0.0055523226
vn -0.15857701 -0.987331 0.0055523226
vn -0.1573928 -0.98752093 0.0054799397
vn -0.1573928 -0.98752093 0.0054799397
vn -0.18614808 -0.98252076 0.0013403471
vn -0.18614808 -0.98252076 0.0013403471
vn -0.19638443 -0.9805267 0.0006647645
vn -0.19638443 -0.9805267 0.0006647645
vn -0.19638443 -0.9805267 0.0006647645
vn -0.19638443 -0.9805267 0.0006647645
vn -0.21215548 -0.97723585 0.000164887
vn -0.21215548 -0.97723585 0.000164887
vn -0.2156929 -0.9764613 -4.036806E-05
vn -0.2156929 -0.9764613 -4.036806E-05
vn -0.21669175 -0.97624004 -0.00034148118
vn -0.21669175 -0.97624004 -0.00034148118
vn -0.21669175 -0.97624004 -0.00034148118
vn -0.21669175 -0.97624004 -0.00034148118
vn -0.21308324 -0.9770333 -0.0012303024
vn -0.21308324 -0.9770333 -0.0012303024
vn -0.20924367 -0.977862 -0.0017117221
vn -0.20924367 -0.977862 -0.0017117221
vn -0.20418464 -0.97892994 -0.0021900998
vn -0.20418464 -0.97892994 -0.0021900998
vn -0.20418464 -0.97892994 -0.0021900998
vn -0.20418464 -0.97892994 -0.0021900998
vn -0.19059089 -0.9816644 -0.0031712626
vn -0.19059089 -0.9816644 -0.0031712626
vn -0.1825211 -0.9831956 -0.0035388775
vn -0.1825211 -0.9831956 -0.0035388775
vn -0.17455018 -0.98464096 -0.003805743
vn -0.17455018 -0.98464096 -0.003805743
vn -0.17455018 -0.98464096 -0.003805743
vn -0.17455018 -0.98464096 -0.003805743
vn -0.16219993 -0.98674995 -0.0039765933
vn -0.16219993 -0.98674995 -0.0039765933
vn -0.16219993 -0.98674995 -0.0039765933
vn -0.16219993 -0.98674995 -0.0039765933
vn -0.65525156 -0.7553941 0.0050015277
vn -0.65525156 -0.7553941 0.0050015277
vn -0.65525156 -0.7553941 0.0050015277
vn -0.65525156 -0.7553941 0.0050015277
vn -0.67150563 -0.7409867 0.004346724
vn -0.67150563 -0.7409867 0.004346724
vn -0.6392311 -0.768995 0.005504045
vn -0.6392311 -0.768995 0.005504045
vn -0.62498116 -0.7806179 0.0058457353
vn -0.62498116 -0.7806179 0.0058457353
vn -0.61425143 -0.78908825 0.0058964635
vn -0.61425143 -0.78908825 0.0058964635
vn -0.7001703 -0.7139706 0.002732939
vn -0.7001703 -0.7139706 0.002732939
vn -0.71138465 -0.70279986 0.0020444493
vn -0.71138465 -0.70279986 0.0020444493
vn -0.71138465 -0.70279986 0.0020444493
vn -0.71138465 -0.70279986 0.0020444493
vn -0.72582525 -0.68787855 0.0008437668
vn -0.72582525 -0.68787855 0.0008437668
vn -0.7287454 -0.68478477 0.0002663844
vn -0.7287454 -0.68478477 0.0002663844
vn -0.7290896 -0.68441814 -0.00031995904
vn -0.7290896 -0.68441814 -0.00031995904
vn -0.7290896 -0.68441814 -0.00031995904
vn -0.7290896 -0.68441814 -0.00031995904
vn -0.7227154 -0.691144 -0.0015481052
vn -0.7227154 -0.691144 -0.0015481052
vn -0.7161093 -0.6979848 -0.0021731476
vn -0.7161093 -0.6979848 -0.0021731476
vn -0.70712906 -0.7070789 -0.002813846
vn -0.70712906 -0.7070789 -0.002813846
vn -0.70712906 -0.7070789 -0.002813846
vn -0.70712906 -0.7070789 -0.002813846
vn -0.6813558 -0.73194027 -0.004206211
vn -0.6813558 -0.73194027 -0.004206211
vn -0.6648561 -0.7469562 -0.0047824695
vn -0.6648561 -0.7469562 -0.0047824695
vn -0.64762455 -0.76194155 -0.005238396
vn -0.64762455 -0.76194155 -0.005238396
vn -0.64762455 -0.76194155 -0.005238396
vn -0.64762455 -0.76194155 -0.005238396
vn -0.6189884 -0.78537995 -0.0056303316
vn -0.6189884 -0.78537995 -0.0056303316
vn -0.6189884 -0.78537995 -0.0056303316
vn -0.6189884 -0.78537995 -0.0056303316
vn -0.15051885 -0.9523262 0.2653655
vn -0.15051885 -0.9523262 0.2653655
vn -0.15051885 -0.9523262 0.2653655
vn -0.15051885 -0.9523262 0.2653655
vn -0.088201396 -0.69239473 0.7161075
vn -0.088201396 -0.69239473 0.7161075
vn -0.088201396 -0.69239473 0.7161075
vn -0.088201396 -0.69239473 0.7161075
vn -0.037399337 -0.9387177 0.34265178
vn -0.037399337 -0.9387177 0.34265178
vn -0.037399337 -0.9387177 0.34265178
vn -0.037399337 -0.9387177 0.34265178
vn -0.4180316 -0.53299814 0.7356375
vn -0.4180316 -0.53299814 0.7356375
vn -0.4180316 -0.53299814 0.7356375
vn -0.4180316 -0.53299814 0.7356375
vn -0.12242927 -0.18566966 0.9749553
vn -0.12242927 -0.18566966 0.9749553
vn -0.12242927 -0.18566966 0.9749553
vn -0.12242927 -0.18566966 0.9749553
vn -0.60514736 -0.77582747 0.17857304
vn -0.60514736 -0.77582747 0.17857304
vn -0.60514736 -0.77582747 0.17857304
vn -0.60514736 -0.77582747 0.17857304
vn -0.15939233 -0.9862367 0.043945387
vn -0.15939233 -0.9862367 0.043945387
vn -0.15939233 -0.9862367 0.043945387
vn -0.15939233 -0.9862367 0.043945387
vn -0.37644187 0.65855026 0.6516158
vn -0.37644187 0.65855026 0.6516158
vn -0.37644187 0.65855026 0.6516158
vn -0.37644187 0.65855026 0.6516158
vn -0.49696276 0.8677718 0
vn -0.49696276 0.8677718 0
vn -0.49696276 0.8677718 0
vn -0.49696276 0.8677718 0
vn -0.49696246 0.86777204 0
vn -0.49696246 0.86777204 0
vn -0.20730267 0.88503444 0.4168208
vn -0.20730267 0.88503444 0.4168208
vn -0.20730267 0.88503444 0.4168208
vn -0.20730267 0.88503444 0.4168208
vn -0.22858289 0.97352445 -1.0809389E-06
vn -0.22858289 0.97352445 -1.0809389E-06
vn -0.22858289 0.97352445 -1.0809389E-06
vn -0.22858289 0.97352445 -1.0809389E-06
vn -0.22858328 0.97352433 0
vn -0.22858328 0.97352433 0
vn -0.4869001 0.27286693 0.8297421
vn -0.4869001 0.27286693 0.8297421
vn -0.4869001 0.27286693 0.8297421
vn -0.4869001 0.27286693 0.8297421
vn -0.8710206 0.4912464 0
vn -0.8710206 0.4912464 0
vn -0.8710206 0.4912464 0
vn -0.8710206 0.4912464 0
vn -0.8710206 0.49124643 0
vn -0.8710206 0.49124643 0
vn -0.18006137 0.10249475 0.978301
vn -0.18006137 0.10249475 0.978301
vn -0.18006137 0.10249475 0.978301
vn -0.18006137 0.10249475 0.978301
vn -0.074274346 0.049175896 0.9960246
vn -0.074274346 0.049175896 0.9960246
vn -0.074274346 0.049175896 0.9960246
vn -0.074274346 0.049175896 0.9960246
vn -0.16394326 0.30234158 0.93899536
vn -0.16394326 0.30234158 0.93899536
vn -0.16394326 0.30234158 0.93899536
vn -0.16394326 0.30234158 0.93899536
vn -0.12005844 0.5280361 0.8406925
vn -0.12005844 0.5280361 0.8406925
vn -0.12005844 0.5280361 0.8406925
vn -0.12005844 0.5280361 0.8406925
vn -0.07123542 0.160872 0.98440117
vn -0.07123542 0.160872 0.98440117
vn -0.07123542 0.160872 0.98440117
vn -0.07123542 0.160872 0.98440117
vn -0.061274204 0.30280507 0.95108074
vn -0.061274204 0.30280507 0.95108074
vn -0.061274204 0.30280507 0.95108074
vn -0.061274204 0.30280507 0.95108074
vn -0.15711126 -0.9864547 -0.04715028
vn -0.15711126 -0.9864547 -0.04715028
vn -0.15711126 -0.9864547 -0.04715028
vn -0.15711126 -0.9864547 -0.04715028
vn -0.6000049 -0.7752725 -0.19734901
vn -0.6000049 -0.7752725 -0.19734901
vn -0.6000049 -0.7752725 -0.19734901
vn -0.6000049 -0.7752725 -0.19734901
vn -0.35471636 -0.44963974 -0.81975627
vn -0.35471636 -0.44963974 -0.81975627
vn -0.35471636 -0.44963974 -0.81975627
vn -0.35471636 -0.44963974 -0.81975627
vn -0.06396868 -0.09729423 -0.9931978
vn -0.06396868 -0.09729423 -0.9931978
vn -0.06396868 -0.09729423 -0.9931978
vn -0.06396868 -0.09729423 -0.9931978
vn -0.14755715 -0.92935723 -0.33841085
vn -0.14755715 -0.92935723 -0.33841085
vn -0.14755715 -0.92935723 -0.33841085
vn -0.14755715 -0.92935723 -0.33841085
vn -0.04490917 -0.9918572 -0.11917459
vn -0.04490917 -0.9918572 -0.11917459
vn -0.04490917 -0.9918572 -0.11917459
vn -0.04490917 -0.9918572 -0.11917459
vn -0.056399945 -0.44435126 -0.8940755
vn -0.056399945 -0.44435126 -0.8940755
vn -0.056399945 -0.44435126 -0.8940755
vn -0.056399945 -0.44435126 -0.8940755
vn -0.03232204 -0.8144995 -0.57926303
vn -0.03232204 -0.8144995 -0.57926303
vn -0.03232204 -0.8144995 -0.57926303
vn -0.03232204 -0.8144995 -0.57926303
vn 0.0054997476 -0.19665934 -0.9804565
vn 0.0054997476 -0.19665934 -0.9804565
vn 0.0054997476 -0.19665934 -0.9804565
vn 0.0054997476 -0.19665934 -0.9804565
vn 0.010472934 -0.24116844 -0.9704268
vn 0.010472934 -0.24116844 -0.9704268
vn 0.0041260733 -0.13957192 -0.9902034
vn 0.0041260733 -0.13957192 -0.9902034
vn 0.0041260733 -0.13957192 -0.9902034
vn 0.0041260733 -0.13957192 -0.9902034
vn 0.021703674 -0.062152743 -0.99783057
vn 0.021703674 -0.062152743 -0.99783057
vn 0.021703674 -0.062152743 -0.99783057
vn 0.021703674 -0.062152743 -0.99783057
vn 0.008673968 -0.6081462 -0.7937777
vn 0.008673968 -0.6081462 -0.7937777
vn 0.008673968 -0.6081462 -0.7937777
vn 0.008673968 -0.6081462 -0.7937777
vn 0.0125936 -0.46438515 -0.8855438
vn 0.0125936 -0.46438515 -0.8855438
vn 0.0125936 -0.46438515 -0.8855438
vn 0.0125936 -0.46438515 -0.8855438
vn 0.009855359 0 -0.9999515
vn 0.011455921 -0.6521065 -0.75804085
vn 0.011455921 -0.6521065 -0.75804085
vn 0.011455921 -0.6521065 -0.75804085
vn 0.011455921 -0.6521065 -0.75804085
vn 0.022757614 -0.29211414 -0.9561126
vn 0.022757614 -0.29211414 -0.9561126
vn 0.022757614 -0.29211414 -0.9561126
vn 0.022757614 -0.29211414 -0.9561126
vn 0.019294031 -0.6992861 -0.71458143
vn 0.019294031 -0.6992861 -0.71458143
vn 0.019294031 -0.6992861 -0.71458143
vn 0.019294031 -0.6992861 -0.71458143
vn 0.6051479 -0.7758281 0.17856888
vn 0.6051479 -0.7758281 0.17856888
vn 0.6051479 -0.7758281 0.17856888
vn 0.6051479 -0.7758281 0.17856888
vn 0.41803095 -0.53299433 0.7356407
vn 0.41803095 -0.53299433 0.7356407
vn 0.41803095 -0.53299433 0.7356407
vn 0.41803095 -0.53299433 0.7356407
vn 0.12242935 -0.18566948 0.9749553
vn 0.12242935 -0.18566948 0.9749553
vn 0.12242935 -0.18566948 0.9749553
vn 0.12242935 -0.18566948 0.9749553
vn 0.15051863 -0.9523263 0.26536548
vn 0.15051863 -0.9523263 0.26536548
vn 0.15051863 -0.9523263 0.26536548
vn 0.15051863 -0.9523263 0.26536548
vn 0.08820114 -0.69239515 0.71610713
vn 0.08820114 -0.69239515 0.71610713
vn 0.08820114 -0.69239515 0.71610713
vn 0.08820114 -0.69239515 0.71610713
vn 0.037399396 -0.9387174 0.34265265
vn 0.037399396 -0.9387174 0.34265265
vn 0.037399396 -0.9387174 0.34265265
vn 0.037399396 -0.9387174 0.34265265
vn -0.0146226 -0.32543337 0.9454519
vn -0.0146226 -0.32543337 0.9454519
vn -0.0146226 -0.32543337 0.9454519
vn -0.0146226 -0.32543337 0.9454519
vn -0.016129604 -0.2188774 0.9756191
vn -0.016129604 -0.2188774 0.9756191
vn -0.016129604 -0.2188774 0.9756191
vn -0.016129604 -0.2188774 0.9756191
vn -0.024405193 -0.79174465 0.6103645
vn -0.024405193 -0.79174465 0.6103645
vn -0.024405193 -0.79174465 0.6103645
vn -0.024405193 -0.79174465 0.6103645
vn -0.043690465 -0.5592906 0.8278196
vn -0.043690465 -0.5592906 0.8278196
vn -0.043690465 -0.5592906 0.8278196
vn -0.043690465 -0.5592906 0.8278196
vn -0.043690465 -0.5592906 0.8278196
vn -0.043690465 -0.5592906 0.8278196
vn -0.010503245 -0.08449749 0.9963683
vn -0.010503245 -0.08449749 0.9963683
vn -0.010503245 -0.08449749 0.9963683
vn -0.010503245 -0.08449749 0.9963683
vn -0.00995451 -0.064630724 0.99785954
vn -0.00995451 -0.064630724 0.99785954
vn -0.02016089 -0.09769326 0.99501234
vn -0.02016089 -0.09769326 0.99501234
vn -0.04498837 -0.113861755 0.9924775
vn -0.04498837 -0.113861755 0.9924775
vn -0.027418349 -0.05112073 0.99831605
vn -0.027418349 -0.05112073 0.99831605
vn -0.020880658 -0.42552394 0.90470624
vn -0.020880658 -0.42552394 0.90470624
vn -0.020880658 -0.42552394 0.90470624
vn -0.020880658 -0.42552394 0.90470624
vn -0.02051537 -0.8514093 0.52410054
vn -0.02051537 -0.8514093 0.52410054
vn -0.02051537 -0.8514093 0.52410054
vn -0.02051537 -0.8514093 0.52410054
vn -0.03987279 -0.510809 0.8587691
vn -0.03987279 -0.510809 0.8587691
vn -0.03987279 -0.510809 0.8587691
vn -0.03987279 -0.510809 0.8587691
vn -0.02449532 -0.8852599 0.46445122
vn -0.02449532 -0.8852599 0.46445122
vn -0.02449532 -0.8852599 0.46445122
vn -0.02449532 -0.8852599 0.46445122
vn -0.06356163 -0.9979777 -0.0006600575
vn -0.06449716 -0.99791783 -0.00040524022
vn -0.06449716 -0.99791783 -0.00040524022
vn -0.06343063 -0.9979861 -0.0006877954
vn -0.06062949 -0.9981596 -0.0012437286
vn -0.04874637 -0.998809 -0.0020953296
vn -0.04874637 -0.998809 -0.0020953296
vn -0.04180814 -0.9991248 -0.0013015494
vn 0.020880546 -0.42552438 0.904706
vn 0.020880546 -0.42552438 0.904706
vn 0.020880546 -0.42552438 0.904706
vn 0.020880546 -0.42552438 0.904706
vn 0.039872635 -0.51080894 0.8587691
vn 0.039872635 -0.51080894 0.8587691
vn 0.039872635 -0.51080894 0.8587691
vn 0.039872635 -0.51080894 0.8587691
vn 0.02051537 -0.85140914 0.5241007
vn 0.02051537 -0.85140914 0.5241007
vn 0.02051537 -0.85140914 0.5241007
vn 0.02051537 -0.85140914 0.5241007
vn 0.024495384 -0.8852599 0.46445116
vn 0.024495384 -0.8852599 0.46445116
vn 0.024495384 -0.8852599 0.46445116
vn 0.024495384 -0.8852599 0.46445116
vn 0.020160738 -0.097693115 0.99501234
vn 0.020160738 -0.097693115 0.99501234
vn 0.020160738 -0.097693115 0.99501234
vn 0.020160738 -0.097693115 0.99501234
vn 0.044988215 -0.113861635 0.9924775
vn 0.044988215 -0.113861635 0.9924775
vn 0.010503087 -0.08449745 0.9963683
vn 0.010503087 -0.08449745 0.9963683
vn 0.00995435 -0.0646308 0.99785954
vn 0.00995435 -0.0646308 0.99785954
vn 0.027418189 -0.05112082 0.99831605
vn 0.027418189 -0.05112082 0.99831605
vn 0.014622473 -0.32543328 0.9454519
vn 0.014622473 -0.32543328 0.9454519
vn 0.014622473 -0.32543328 0.9454519
vn 0.014622473 -0.32543328 0.9454519
vn 0.024405174 -0.79174477 0.61036426
vn 0.024405174 -0.79174477 0.61036426
vn 0.024405174 -0.79174477 0.61036426
vn 0.024405174 -0.79174477 0.61036426
vn 0.016129458 -0.2188775 0.97561896
vn 0.016129458 -0.2188775 0.97561896
vn 0.016129458 -0.2188775 0.97561896
vn 0.016129458 -0.2188775 0.97561896
vn 0.043690413 -0.5592908 0.82781935
vn 0.043690413 -0.5592908 0.82781935
vn 0.043690413 -0.5592908 0.82781935
vn 0.043690413 -0.5592908 0.82781935
vn 0.043690413 -0.5592908 0.82781935
vn 0.043690413 -0.5592908 0.82781935
vn -0.010472818 -0.24120337 -0.97041804
vn -0.010472818 -0.24120337 -0.97041804
vn -0.010472818 -0.24120337 -0.97041804
vn -0.010472818 -0.24120337 -0.97041804
vn -0.0054988763 -0.19662534 -0.9804632
vn -0.0054988763 -0.19662534 -0.9804632
vn -0.022757687 -0.29210177 -0.95611644
vn -0.022757687 -0.29210177 -0.95611644
vn -0.022757687 -0.29210177 -0.95611644
vn -0.022757687 -0.29210177 -0.95611644
vn -0.011456106 -0.6520866 -0.7580579
vn -0.011456106 -0.6520866 -0.7580579
vn -0.011456106 -0.6520866 -0.7580579
vn -0.011456106 -0.6520866 -0.7580579
vn -0.01929287 -0.6993272 -0.7145413
vn -0.01929287 -0.6993272 -0.7145413
vn -0.01929287 -0.6993272 -0.7145413
vn -0.01929287 -0.6993272 -0.7145413
vn -0.009916713 -0.05038124 -0.9986808
vn -0.009916713 -0.05038124 -0.9986808
vn -0.009916713 -0.05038124 -0.9986808
vn -0.023209412 -0.058865976 -0.9979961
vn -0.023209412 -0.058865976 -0.9979961
vn -0.008673943 -0.60814214 -0.79378074
vn -0.008673943 -0.60814214 -0.79378074
vn -0.008673943 -0.60814214 -0.79378074
vn -0.008673943 -0.60814214 -0.79378074
vn -0.0041269874 -0.13953371 -0.99020875
vn -0.0041269874 -0.13953371 -0.99020875
vn -0.0041269874 -0.13953371 -0.99020875
vn -0.0041269874 -0.13953371 -0.99020875
vn -0.021698456 -0.062152598 -0.9978307
vn -0.021698456 -0.062152598 -0.9978307
vn -0.021698456 -0.062152598 -0.9978307
vn -0.021698456 -0.062152598 -0.9978307
vn -0.01259343 -0.4644001 -0.88553596
vn -0.01259343 -0.4644001 -0.88553596
vn -0.01259343 -0.4644001 -0.88553596
vn -0.01259343 -0.4644001 -0.88553596
vn -0.08024064 -0.189352 -0.97862524
vn -0.08024064 -0.189352 -0.97862524
vn -0.08024064 -0.189352 -0.97862524
vn -0.08024064 -0.189352 -0.97862524
vn -0.08024064 -0.189352 -0.97862524
vn -0.08024064 -0.189352 -0.97862524
vn -0.050125528 -0.49812418 -0.8656556
vn -0.050125528 -0.49812418 -0.8656556
vn -0.050125528 -0.49812418 -0.8656556
vn -0.050125528 -0.49812418 -0.8656556
vn -0.050125528 -0.49812418 -0.8656556
vn -0.050125528 -0.49812418 -0.8656556
vn -0.14946137 -0.06998158 -0.98628795
vn -0.14946137 -0.06998158 -0.98628795
vn -0.14946137 -0.06998158 -0.98628795
vn -0.14946137 -0.06998158 -0.98628795
vn -0.14946137 -0.06998158 -0.98628795
vn -0.14946137 -0.06998158 -0.98628795
vn 1 0 0
vn 1 0 4.551367E-05
vn 1 0 5.069548E-05
vn 1 0 0
vn -0.001091204 0.1664318 -0.9860524
vn -0.001091204 0.1664318 -0.9860524
vn -0.001091204 0.1664318 -0.9860524
vn -0.001091204 0.1664318 -0.9860524
vn -0.00017938332 0.15654193 -0.9876714
vn -0.00017938332 0.15654193 -0.9876714
vn -0.00017938332 0.15654193 -0.9876714
vn -0.00017938332 0.15654193 -0.9876714
vn 0.00017937548 0.15654181 -0.9876714
vn 0.00017937548 0.15654181 -0.9876714
vn 0.001272237 0.13175988 -0.99128085
vn 0.0010911312 0.16644363 -0.9860503
vn 0.0010911312 0.16644363 -0.9860503
vn 0.0010911312 0.16644363 -0.9860503
vn -0.017941756 0.02249932 -0.9995858
vn -0.02823303 0 -0.9996014
vn -0.028232932 0 -0.9996014
vn -0.028232932 0 -0.9996014
vn -0.02823292 0 -0.9996014
vn 0.00014072763 0.32472646 -0.94580793
vn 0.00014072763 0.32472646 -0.94580793
vn 0.00014072763 0.32472646 -0.94580793
vn 0.00014072763 0.32472646 -0.94580793
vn -0.00014076992 0.32473567 -0.9458047
vn -0.00014076992 0.32473567 -0.9458047
vn 0.08025301 -0.18941487 -0.97861195
vn 0.08025301 -0.18941487 -0.97861195
vn 0.08025301 -0.18941487 -0.97861195
vn 0.08025301 -0.18941487 -0.97861195
vn 0.08025301 -0.18941487 -0.97861195
vn 0.08025301 -0.18941487 -0.97861195
vn 0.05011937 -0.4981714 -0.8656289
vn 0.05011937 -0.4981714 -0.8656289
vn 0.05011937 -0.4981714 -0.8656289
vn 0.05011937 -0.4981714 -0.8656289
vn 0.05011937 -0.4981714 -0.8656289
vn 0.05011937 -0.4981714 -0.8656289
vn 0.1494622 -0.069981985 -0.9862877
vn 0.1494622 -0.069981985 -0.9862877
vn 0.1494622 -0.069981985 -0.9862877
vn 0.1494622 -0.069981985 -0.9862877
vn 0.1494622 -0.069981985 -0.9862877
vn 0.1494622 -0.069981985 -0.9862877
vn 0.0020819735 -0.21587066 -0.9764198
vn 0.0020819735 -0.21587066 -0.9764198
vn 0.0020819735 -0.21587066 -0.9764198
vn 0.0020819735 -0.21587066 -0.9764198
vn -0.0020819546 -0.21587071 -0.9764198
vn -0.0020819546 -0.21587071 -0.9764198
vn 0.0021491223 -0.16457972 0.9863614
vn 0.0021491223 -0.16457972 0.9863614
vn 0.0021491223 -0.16457972 0.9863614
vn 0.0021491223 -0.16457972 0.9863614
vn -0.0021491076 -0.16457975 0.9863614
vn -0.0021491076 -0.16457975 0.9863614
vn 0.013645303 -0.41092387 -0.9115675
vn 0.013645303 -0.41092387 -0.9115675
vn 0.013645303 -0.41092387 -0.9115675
vn 0.013645303 -0.41092387 -0.9115675
vn 0.0046419916 -0.116271846 0.9932066
vn 0.0046419916 -0.116271846 0.9932066
vn 0.0046419916 -0.116271846 0.9932066
vn 0.0046419916 -0.116271846 0.9932066
vn -0.013644027 -0.41110328 -0.9114867
vn -0.013644027 -0.41110328 -0.9114867
vn -0.013644027 -0.41110328 -0.9114867
vn -0.013644027 -0.41110328 -0.9114867
vn -0.0046419473 -0.11632536 0.99320036
vn -0.0046419473 -0.11632536 0.99320036
vn -0.0046419473 -0.11632536 0.99320036
vn -0.0046419473 -0.11632536 0.99320036
vn 0.0034088602 -0.116314426 -0.9932066
vn -0.09049629 -0.1727653 0.98079693
vn -0.09049629 -0.1727653 0.98079693
vn -0.09049629 -0.1727653 0.98079693
vn -0.09049629 -0.1727653 0.98079693
vn -0.09049629 -0.1727653 0.98079693
vn -0.09049629 -0.1727653 0.98079693
vn -0.07719091 -0.14083615 0.98701906
vn -0.07719091 -0.14083615 0.98701906
vn -0.07719091 -0.14083615 0.98701906
vn -0.044188898 -0.32390183 0.9450581
vn -0.044188898 -0.32390183 0.9450581
vn -0.044188898 -0.32390183 0.9450581
vn -0.044188898 -0.32390183 0.9450581
vn -0.044188898 -0.32390183 0.9450581
vn -0.044188898 -0.32390183 0.9450581
vn -0.17584911 -0.07036108 0.9818994
vn -0.17584911 -0.07036108 0.9818994
vn -0.17584911 -0.07036108 0.9818994
vn -0.17584911 -0.07036108 0.9818994
vn -0.17584911 -0.07036108 0.9818994
vn -0.17584911 -0.07036108 0.9818994
vn -0.18247531 -0.9129783 -0.36492926
vn -0.18247531 -0.9129783 -0.36492926
vn -0.18247531 -0.9129783 -0.36492926
vn -0.18247531 -0.9129783 -0.36492926
vn -0.18247531 -0.9129783 -0.36492926
vn -0.18247531 -0.9129783 -0.36492926
vn -0.021864582 -0.2555226 0.9665559
vn -0.021864582 -0.2555226 0.9665559
vn -0.021864582 -0.2555226 0.9665559
vn -0.021864582 -0.2555226 0.9665559
vn 0.44073918 -0.89422935 -0.078120776
vn 0.44073918 -0.89422935 -0.078120776
vn 0.44073918 -0.89422935 -0.078120776
vn 0.44073918 -0.89422935 -0.078120776
vn 0.4373242 -0.84324086 -0.31255788
vn 0.4373242 -0.84324086 -0.31255788
vn 0.4373242 -0.84324086 -0.31255788
vn 0.4373242 -0.84324086 -0.31255788
vn 0.13463409 -0.8712671 -0.4719823
vn 0.13463409 -0.8712671 -0.4719823
vn 0.13463409 -0.8712671 -0.4719823
vn 0.13463409 -0.8712671 -0.4719823
vn 0.049590465 -0.81878823 -0.57194984
vn 0.049590465 -0.81878823 -0.57194984
vn 0.049590465 -0.81878823 -0.57194984
vn 0.049590465 -0.81878823 -0.57194984
vn 0.14327389 -0.9817146 -0.12533613
vn 0.14327389 -0.9817146 -0.12533613
vn 0.14327389 -0.9817146 -0.12533613
vn 0.14327389 -0.9817146 -0.12533613
vn 0.05451238 -0.99716216 -0.051922545
vn 0.13456166 -0.13485815 0.9816855
vn 0.13456166 -0.13485815 0.9816855
vn 0.13456166 -0.13485815 0.9816855
vn 0.13456166 -0.13485815 0.9816855
vn 0.04226617 -0.16624206 0.98517877
vn 0.04226617 -0.16624206 0.98517877
vn 0.04226617 -0.16624206 0.98517877
vn 0.04226617 -0.16624206 0.98517877
vn 0.4510151 -0.2986327 0.8410731
vn 0.4510151 -0.2986327 0.8410731
vn 0.4510151 -0.2986327 0.8410731
vn 0.4510151 -0.2986327 0.8410731
vn 0.4510151 -0.2986327 0.8410731
vn 0.4510151 -0.2986327 0.8410731
vn 0.26839507 -0.8082195 0.5241615
vn 0.26839507 -0.8082195 0.5241615
vn 0.26839507 -0.8082195 0.5241615
vn 0.26839507 -0.8082195 0.5241615
vn 0.26839507 -0.8082195 0.5241615
vn 0.26839507 -0.8082195 0.5241615
vn 0.0825684 -0.038708434 0.9958333
vn 0.0825684 -0.038708434 0.9958333
vn 0.0825684 -0.038708434 0.9958333
vn 0.0825684 -0.038708434 0.9958333
vn 0.07454796 0 0.9972174
vn 0.07454796 0 0.9972174
vn 0.07440508 0.041742954 0.9963541
vn 0.07440508 0.041742954 0.9963541
vn 0.07440508 0.041742954 0.9963541
vn 0.07440508 0.041742954 0.9963541
vn 0.32006046 -0.02161339 0.9471505
vn 0.32006046 -0.02161339 0.9471505
vn 0.32006046 -0.02161339 0.9471505
vn 0.32006046 -0.02161339 0.9471505
vn 0.2995565 0 0.95407856
vn 0.2995565 0 0.95407856
vn 0.29955626 2.037854E-07 0.9540787
vn 0.29955626 2.037854E-07 0.9540787
vn 0.43228564 -0.06610094 0.89931065
vn 0.43228564 -0.06610094 0.89931065
vn 0.43228564 -0.06610094 0.89931065
vn 0.43228564 -0.06610094 0.89931065
vn 0.81467545 -0.10149095 0.57096714
vn 0.81467545 -0.10149095 0.57096714
vn 0.81467545 -0.10149095 0.57096714
vn 0.81467545 -0.10149095 0.57096714
vn 0.81467545 -0.10149095 0.57096714
vn 0.81467545 -0.10149095 0.57096714
vn -0.070032924 0.11523263 0.99086666
vn -0.070032924 0.11523263 0.99086666
vn -0.070032924 0.11523263 0.99086666
vn -0.070032924 0.11523263 0.99086666
vn -0.054884102 0.22411701 0.9730155
vn -0.054884102 0.22411701 0.9730155
vn -0.054884102 0.22411701 0.9730155
vn -0.054884102 0.22411701 0.9730155
vn -0.07440521 0.0417428 0.9963541
vn -0.07440521 0.0417428 0.9963541
vn -0.07440521 0.0417428 0.9963541
vn -0.07440521 0.0417428 0.9963541
vn -0.07454812 0 0.9972174
vn -0.07454812 0 0.9972174
vn -0.08256866 -0.0387086 0.9958333
vn -0.08256866 -0.0387086 0.9958333
vn -0.08256866 -0.0387086 0.9958333
vn -0.08256866 -0.0387086 0.9958333
vn -0.29424015 0.16520388 0.94134504
vn -0.29424015 0.16520388 0.94134504
vn -0.29424015 0.16520388 0.94134504
vn -0.29424015 0.16520388 0.94134504
vn -0.2995569 0 0.95407844
vn -0.2995569 0 0.95407844
vn -0.2995569 0 0.95407844
vn -0.2995569 0 0.95407844
vn -0.32006142 -0.021613786 0.9471502
vn -0.32006142 -0.021613786 0.9471502
vn -0.32006142 -0.021613786 0.9471502
vn -0.32006142 -0.021613786 0.9471502
vn -0.25181398 0.43272915 0.8656415
vn -0.25181398 0.43272915 0.8656415
vn -0.25181398 0.43272915 0.8656415
vn -0.25181398 0.43272915 0.8656415
vn -0.16177939 0.6818462 0.71338147
vn -0.16177939 0.6818462 0.71338147
vn -0.16177939 0.6818462 0.71338147
vn -0.16177939 0.6818462 0.71338147
vn -0.18076983 -0.05011939 0.98224765
vn -0.18076983 -0.05011939 0.98224765
vn -0.18076983 -0.05011939 0.98224765
vn -0.18076983 -0.05011939 0.98224765
vn -0.50131255 -0.13678662 0.85438585
vn -0.50131255 -0.13678662 0.85438585
vn -0.50131255 -0.13678662 0.85438585
vn -0.50131255 -0.13678662 0.85438585
vn -0.46118337 -0.38646755 0.79871947
vn -0.46118337 -0.38646755 0.79871947
vn -0.46118337 -0.38646755 0.79871947
vn -0.46118337 -0.38646755 0.79871947
vn -0.33051413 -0.6701647 0.6645597
vn -0.33051413 -0.6701647 0.6645597
vn -0.33051413 -0.6701647 0.6645597
vn -0.33051413 -0.6701647 0.6645597
vn -0.33051413 -0.6701647 0.6645597
vn -0.33051413 -0.6701647 0.6645597
vn -0.16994646 -0.15019992 0.9739395
vn -0.16994646 -0.15019992 0.9739395
vn -0.16994646 -0.15019992 0.9739395
vn -0.16994646 -0.15019992 0.9739395
vn -0.0719373 -0.07790709 0.9943619
vn -0.0719373 -0.07790709 0.9943619
vn -0.0719373 -0.07790709 0.9943619
vn -0.0719373 -0.07790709 0.9943619
vn -0.13558587 -0.28321853 0.9494228
vn -0.13558587 -0.28321853 0.9494228
vn -0.13558587 -0.28321853 0.9494228
vn -0.13558587 -0.28321853 0.9494228
vn -0.06357268 -0.14920834 0.98676
vn -0.06357268 -0.14920834 0.98676
vn -0.06357268 -0.14920834 0.98676
vn -0.06357268 -0.14920834 0.98676
vn -0.012756531 -0.24205042 -0.9701798
vn -0.012756531 -0.24205042 -0.9701798
vn -0.012756531 -0.24205042 -0.9701798
vn -0.012756531 -0.24205042 -0.9701798
vn 0.012756698 -0.24205045 -0.9701798
vn 0.012756698 -0.24205045 -0.9701798
vn -0.035856497 -0.19613211 -0.9799217
vn -0.035856497 -0.19613211 -0.9799217
vn -0.035856497 -0.19613211 -0.9799217
vn -0.035856497 -0.19613211 -0.9799217
vn 0.035856694 -0.19613202 -0.9799217
vn 0.035856694 -0.19613202 -0.9799217
vn 0.035856694 -0.19613202 -0.9799217
vn 0.035856694 -0.19613202 -0.9799217
vn 0.036719497 -0.7393236 -0.67234844
vn 0.036719497 -0.7393236 -0.67234844
vn 0.036719497 -0.7393236 -0.67234844
vn 0.036719497 -0.7393236 -0.67234844
vn 0.11959706 -0.670742 -0.7319848
vn 0.11959706 -0.670742 -0.7319848
vn 0.11959706 -0.670742 -0.7319848
vn 0.11959706 -0.670742 -0.7319848
vn -0.036719296 -0.7393227 -0.6723492
vn -0.036719296 -0.7393227 -0.6723492
vn -0.036719296 -0.7393227 -0.6723492
vn -0.036719296 -0.7393227 -0.6723492
vn -0.11959693 -0.6707419 -0.73198485
vn -0.11959693 -0.6707419 -0.73198485
vn -0.11959693 -0.6707419 -0.73198485
vn -0.11959693 -0.6707419 -0.73198485
vn -0.134562 -0.13485828 0.9816854
vn -0.134562 -0.13485828 0.9816854
vn -0.134562 -0.13485828 0.9816854
vn -0.134562 -0.13485828 0.9816854
vn -0.45101672 -0.29863352 0.8410719
vn -0.45101672 -0.29863352 0.8410719
vn -0.45101672 -0.29863352 0.8410719
vn -0.45101672 -0.29863352 0.8410719
vn -0.45101672 -0.29863352 0.8410719
vn -0.45101672 -0.29863352 0.8410719
vn -0.04226631 -0.16624217 0.98517877
vn -0.04226631 -0.16624217 0.98517877
vn -0.04226631 -0.16624217 0.98517877
vn -0.04226631 -0.16624217 0.98517877
vn -0.26839545 -0.8082207 0.52415943
vn -0.26839545 -0.8082207 0.52415943
vn -0.26839545 -0.8082207 0.52415943
vn -0.26839545 -0.8082207 0.52415943
vn -0.26839545 -0.8082207 0.52415943
vn -0.26839545 -0.8082207 0.52415943
vn -0.43228564 -0.066100866 0.89931077
vn -0.43228564 -0.066100866 0.89931077
vn -0.43228564 -0.066100866 0.89931077
vn -0.43228564 -0.066100866 0.89931077
vn -0.814675 -0.10149037 0.5709679
vn -0.814675 -0.10149037 0.5709679
vn -0.814675 -0.10149037 0.5709679
vn -0.814675 -0.10149037 0.5709679
vn -0.814675 -0.10149037 0.5709679
vn -0.814675 -0.10149037 0.5709679
vn 0.12140627 -0.07255414 -0.98994774
vn 0.12140627 -0.07255414 -0.98994774
vn 0.12140627 -0.07255414 -0.98994774
vn 0.12140627 -0.07255414 -0.98994774
vn 0.07720231 -0.07709501 -0.99403024
vn 0.07720231 -0.07709501 -0.99403024
vn 0.32719877 -0.13440752 -0.9353478
vn 0.32719877 -0.13440752 -0.9353478
vn 0.32719877 -0.13440752 -0.9353478
vn 0.32719877 -0.13440752 -0.9353478
vn 0.32719877 -0.13440752 -0.9353478
vn 0.32719877 -0.13440752 -0.9353478
vn 0.10236005 -0.16948073 -0.9802034
vn 0.10236005 -0.16948073 -0.9802034
vn 0.10236005 -0.16948073 -0.9802034
vn 0.10236005 -0.16948073 -0.9802034
vn 0.4216896 -0.13747813 -0.8962576
vn 0.4216896 -0.13747813 -0.8962576
vn 0.4216896 -0.13747813 -0.8962576
vn 0.4216896 -0.13747813 -0.8962576
vn 0.79558784 -0.06414051 -0.60243326
vn 0.79558784 -0.06414051 -0.60243326
vn 0.79558784 -0.06414051 -0.60243326
vn 0.79558784 -0.06414051 -0.60243326
vn 0.79558784 -0.06414051 -0.60243326
vn 0.79558784 -0.06414051 -0.60243326
vn 0.3056232 -0.26107252 -0.9156613
vn 0.3056232 -0.26107252 -0.9156613
vn 0.3056232 -0.26107252 -0.9156613
vn 0.3056232 -0.26107252 -0.9156613
vn 0.23160866 -0.4693483 -0.8520972
vn 0.23160866 -0.4693483 -0.8520972
vn 0.23160866 -0.4693483 -0.8520972
vn 0.23160866 -0.4693483 -0.8520972
vn 0.05882169 -0.12221753 -0.99075866
vn 0.05882169 -0.12221753 -0.99075866
vn 0.05882169 -0.12221753 -0.99075866
vn 0.05882169 -0.12221753 -0.99075866
vn 0.009164729 0.4110718 0.9115569
vn 0.009164729 0.4110718 0.9115569
vn 0.009164729 0.4110718 0.9115569
vn 0.009164729 0.4110718 0.9115569
vn -0.009164971 0.41107184 0.91155684
vn -0.009164971 0.41107184 0.91155684
vn 0.0031092125 0.14176458 0.98989546
vn 0.0031092125 0.14176458 0.98989546
vn 0.0031092125 0.14176458 0.98989546
vn 0.0031092125 0.14176458 0.98989546
vn 0.009586649 0.12151027 0.99254394
vn 0.009586649 0.12151027 0.99254394
vn -0.0031093848 0.14176454 0.9898956
vn -0.0031093848 0.14176454 0.9898956
vn -0.009586834 0.12151019 0.99254394
vn -0.009586834 0.12151019 0.99254394
vn 0.029208047 0.34987077 0.9363426
vn 0.029208047 0.34987077 0.9363426
vn 0.029208047 0.34987077 0.9363426
vn 0.029208047 0.34987077 0.9363426
vn -0.029208193 0.3498706 0.9363426
vn -0.029208193 0.3498706 0.9363426
vn -0.029208193 0.3498706 0.9363426
vn -0.029208193 0.3498706 0.9363426
vn -0.020354146 0.87993014 0.47466686
vn -0.020354146 0.87993014 0.47466686
vn -0.020354146 0.87993014 0.47466686
vn -0.020354146 0.87993014 0.47466686
vn 0.020353964 0.87993014 0.47466686
vn 0.020353964 0.87993014 0.47466686
vn -0.07006677 0.83243877 0.5496693
vn -0.07006677 0.83243877 0.5496693
vn -0.07006677 0.83243877 0.5496693
vn -0.07006677 0.83243877 0.5496693
vn 0.07006655 0.8324394 0.5496683
vn 0.07006655 0.8324394 0.5496683
vn 0.07006655 0.8324394 0.5496683
vn 0.07006655 0.8324394 0.5496683
vn 0.070032835 0.11523269 0.99086666
vn 0.070032835 0.11523269 0.99086666
vn 0.070032835 0.11523269 0.99086666
vn 0.070032835 0.11523269 0.99086666
vn 0.054883998 0.22411747 0.9730155
vn 0.054883998 0.22411747 0.9730155
vn 0.054883998 0.22411747 0.9730155
vn 0.054883998 0.22411747 0.9730155
vn 0.25181377 0.43272865 0.86564183
vn 0.25181377 0.43272865 0.86564183
vn 0.25181377 0.43272865 0.86564183
vn 0.25181377 0.43272865 0.86564183
vn 0.16177918 0.6818459 0.7133818
vn 0.16177918 0.6818459 0.7133818
vn 0.16177918 0.6818459 0.7133818
vn 0.16177918 0.6818459 0.7133818
vn 0.29423922 0.16520353 0.94134533
vn 0.29423922 0.16520353 0.94134533
vn 0.29423922 0.16520353 0.94134533
vn 0.29423922 0.16520353 0.94134533
g Monday.001_0
f 3/3/3 2/2/2 1/1/1
f 4/4/4 3/3/3 1/1/1
f 7/7/7 6/6/6 5/5/5
f 8/8/8 7/7/7 5/5/5
f 11/11/11 10/10/10 9/9/9
f 12/12/12 11/11/11 9/9/9
f 11/11/11 12/12/12 13/13/13
f 14/14/14 11/11/11 13/13/13
f 14/14/14 13/13/13 15/15/15
f 16/16/16 14/14/14 15/15/15
f 17/17/17 16/16/16 15/15/15
f 18/18/18 17/17/17 15/15/15
f 19/19/19 17/17/17 18/18/18
f 20/20/20 19/19/19 18/18/18
f 19/19/19 20/20/20 21/21/21
f 22/22/22 19/19/19 21/21/21
f 25/25/25 24/24/24 23/23/23
f 26/26/26 25/25/25 23/23/23
f 25/25/25 26/26/26 27/27/27
f 28/28/28 25/25/25 27/27/27
f 28/28/28 27/27/27 29/29/29
f 30/30/30 28/28/28 29/29/29
f 31/31/31 30/30/30 29/29/29
f 32/32/32 31/31/31 29/29/29
f 33/33/33 31/31/31 32/32/32
f 34/34/34 33/33/33 32/32/32
f 28/28/28 30/30/30 35/35/35
f 30/30/30 31/31/31 35/35/35
f 36/36/36 28/28/28 35/35/35
f 25/25/25 28/28/28 36/36/36
f 36/36/36 35/35/35 37/37/37
f 38/38/38 36/36/36 37/37/37
f 39/39/39 38/38/38 37/37/37
f 40/40/40 39/39/39 37/37/37
f 41/41/41 40/40/40 37/37/37
f 42/42/42 41/41/41 37/37/37
f 41/41/41 43/43/43 40/40/40
f 43/43/43 44/44/44 40/40/40
f 44/44/44 43/43/43 45/45/45
f 46/46/46 44/44/44 45/45/45
f 46/46/46 39/39/39 40/40/40
f 44/44/44 46/46/46 40/40/40
f 47/47/47 46/46/46 45/45/45
f 47/47/47 45/45/45 48/48/48
f 49/49/49 47/47/47 48/48/48
f 50/50/50 47/47/47 49/49/49
f 51/51/51 50/50/50 49/49/49
f 50/50/50 51/51/51 52/52/52
f 53/53/53 50/50/50 52/52/52
f 54/54/54 50/50/50 53/53/53
f 54/54/54 46/46/46 47/47/47
f 50/50/50 54/54/54 47/47/47
f 46/46/46 54/54/54 39/39/39
f 55/55/55 54/54/54 53/53/53
f 45/45/45 56/56/56 48/48/48
f 43/43/43 56/56/56 45/45/45
f 56/56/56 57/57/57 48/48/48
f 57/57/57 58/58/58 48/48/48
f 58/58/58 59/59/59 48/48/48
f 58/58/58 60/60/60 59/59/59
f 61/61/61 58/58/58 57/57/57
f 62/62/62 61/61/61 57/57/57
f 63/63/63 60/60/60 58/58/58
f 61/61/61 63/63/63 58/58/58
f 64/64/64 62/62/62 57/57/57
f 56/56/56 64/64/64 57/57/57
f 65/65/65 64/64/64 56/56/56
f 43/43/43 65/65/65 56/56/56
f 60/60/60 63/63/63 66/66/66
f 63/63/63 67/67/67 66/66/66
f 66/66/66 67/67/67 68/68/68
f 67/67/67 69/69/69 68/68/68
f 69/69/69 70/70/70 68/68/68
f 65/65/65 43/43/43 41/41/41
f 71/71/71 65/65/65 41/41/41
f 71/71/71 41/41/41 42/42/42
f 72/72/72 71/71/71 42/42/42
f 73/73/73 72/72/72 42/42/42
f 74/74/74 73/73/73 42/42/42
f 74/74/74 42/42/42 37/37/37
f 35/35/35 74/74/74 37/37/37
f 31/31/31 74/74/74 35/35/35
f 33/33/33 73/73/73 74/74/74
f 31/31/31 33/33/33 74/74/74
f 71/71/71 72/72/72 75/75/75
f 72/72/72 73/73/73 75/75/75
f 76/76/76 71/71/71 75/75/75
f 65/65/65 71/71/71 76/76/76
f 77/77/77 65/65/65 76/76/76
f 73/73/73 78/78/78 75/75/75
f 73/73/73 33/33/33 78/78/78
f 33/33/33 79/79/79 78/78/78
f 79/79/79 33/33/33 80/80/80
f 33/33/33 34/34/34 80/80/80
f 65/65/65 77/77/77 81/81/81
f 64/64/64 65/65/65 81/81/81
f 64/64/64 81/81/81 82/82/82
f 62/62/62 64/64/64 82/82/82
f 61/61/61 62/62/62 82/82/82
f 83/83/83 61/61/61 82/82/82
f 63/63/63 61/61/61 83/83/83
f 84/84/84 63/63/63 83/83/83
f 63/63/63 84/84/84 85/85/85
f 67/67/67 63/63/63 85/85/85
f 67/67/67 85/85/85 86/86/86
f 69/69/69 67/67/67 86/86/86
f 70/70/70 69/69/69 86/86/86
f 87/87/87 70/70/70 86/86/86
f 88/88/88 70/70/70 87/87/87
f 89/89/89 88/88/88 87/87/87
f 92/92/92 91/91/91 90/90/90
f 93/93/93 92/92/92 90/90/90
f 96/96/96 95/95/95 94/94/94
f 97/97/97 96/96/96 94/94/94
f 100/100/100 99/99/99 98/98/98
f 101/101/101 100/100/100 98/98/98
f 104/104/104 103/103/103 102/102/102
f 105/105/105 104/104/104 102/102/102
f 104/104/104 105/105/105 106/106/106
f 107/107/107 104/104/104 106/106/106
f 107/107/107 106/106/106 108/108/108
f 109/109/109 107/107/107 108/108/108
f 110/110/110 109/109/109 108/108/108
f 111/111/111 110/110/110 108/108/108
f 112/112/112 110/110/110 111/111/111
f 113/113/113 112/112/112 111/111/111
f 112/112/112 113/113/113 114/114/114
f 115/115/115 112/112/112 114/114/114
f 115/115/115 114/114/114 116/116/116
f 117/117/117 115/115/115 116/116/116
f 118/118/118 117/117/117 116/116/116
f 119/119/119 118/118/118 116/116/116
f 120/120/120 118/118/118 119/119/119
f 121/121/121 120/120/120 119/119/119
f 120/120/120 121/121/121 122/122/122
f 123/123/123 120/120/120 122/122/122
f 123/123/123 122/122/122 124/124/124
f 125/125/125 123/123/123 124/124/124
f 126/126/126 125/125/125 124/124/124
f 127/127/127 126/126/126 124/124/124
f 128/128/128 126/126/126 127/127/127
f 129/129/129 128/128/128 127/127/127
f 128/128/128 129/129/129 130/130/130
f 131/131/131 128/128/128 130/130/130
f 131/131/131 130/130/130 132/132/132
f 133/133/133 131/131/131 132/132/132
f 134/134/134 133/133/133 132/132/132
f 135/135/135 134/134/134 132/132/132
f 136/136/136 134/134/134 135/135/135
f 137/137/137 136/136/136 135/135/135
f 136/136/136 137/137/137 138/138/138
f 139/139/139 136/136/136 138/138/138
f 139/139/139 138/138/138 140/140/140
f 141/141/141 139/139/139 140/140/140
f 142/142/142 141/141/141 140/140/140
f 143/143/143 142/142/142 140/140/140
f 144/144/144 142/142/142 143/143/143
f 145/145/145 144/144/144 143/143/143
f 144/144/144 145/145/145 146/146/146
f 147/147/147 144/144/144 146/146/146
f 150/150/150 149/149/149 148/148/148
f 151/151/151 150/150/150 148/148/148
f 154/154/154 153/153/153 152/152/152
f 155/155/155 154/154/154 152/152/152
f 158/158/158 157/157/157 156/156/156
f 159/159/159 158/158/158 156/156/156
f 162/162/162 161/161/161 160/160/160
f 163/163/163 162/162/162 160/160/160
f 166/166/166 165/165/165 164/164/164
f 167/167/167 166/166/166 164/164/164
f 170/170/170 169/169/169 168/168/168
f 171/171/171 170/170/170 168/168/168
f 169/169/169 170/170/170 172/172/172
f 170/170/170 173/173/173 172/172/172
f 172/172/172 173/173/173 174/174/174
f 173/173/173 175/175/175 174/174/174
f 175/175/175 176/176/176 174/174/174
f 176/176/176 177/177/177 174/174/174
f 176/176/176 178/178/178 177/177/177
f 178/178/178 179/179/179 177/177/177
f 179/179/179 178/178/178 180/180/180
f 178/178/178 181/181/181 180/180/180
f 184/184/184 183/183/183 182/182/182
f 185/185/185 184/184/184 182/182/182
f 184/184/184 185/185/185 186/186/186
f 187/187/187 184/184/184 186/186/186
f 187/187/187 186/186/186 188/188/188
f 189/189/189 187/187/187 188/188/188
f 190/190/190 187/187/187 189/189/189
f 191/191/191 190/190/190 189/189/189
f 190/190/190 192/192/192 187/187/187
f 192/192/192 193/193/193 187/187/187
f 193/193/193 192/192/192 194/194/194
f 192/192/192 195/195/195 194/194/194
f 196/196/196 189/189/189 188/188/188
f 197/197/197 196/196/196 188/188/188
f 198/198/198 191/191/191 189/189/189
f 196/196/196 198/198/198 189/189/189
f 199/199/199 196/196/196 197/197/197
f 200/200/200 199/199/199 197/197/197
f 201/201/201 198/198/198 196/196/196
f 199/199/199 201/201/201 196/196/196
f 190/190/190 191/191/191 202/202/202
f 191/191/191 198/198/198 202/202/202
f 203/203/203 190/190/190 202/202/202
f 192/192/192 190/190/190 203/203/203
f 203/203/203 202/202/202 204/204/204
f 205/205/205 203/203/203 204/204/204
f 206/206/206 205/205/205 204/204/204
f 207/207/207 206/206/206 204/204/204
f 206/206/206 208/208/208 205/205/205
f 208/208/208 209/209/209 205/205/205
f 210/210/210 206/206/206 207/207/207
f 211/211/211 210/210/210 207/207/207
f 212/212/212 208/208/208 206/206/206
f 210/210/210 212/212/212 206/206/206
f 213/213/213 203/203/203 205/205/205
f 209/209/209 213/213/213 205/205/205
f 213/213/213 192/192/192 203/203/203
f 202/202/202 214/214/214 204/204/204
f 214/214/214 215/215/215 204/204/204
f 214/214/214 216/216/216 215/215/215
f 216/216/216 217/217/217 215/215/215
f 201/201/201 216/216/216 214/214/214
f 198/198/198 201/201/201 214/214/214
f 198/198/198 214/214/214 202/202/202
f 218/218/218 211/211/211 207/207/207
f 219/219/219 218/218/218 207/207/207
f 215/215/215 219/219/219 204/204/204
f 219/219/219 207/207/207 204/204/204
f 220/220/220 219/219/219 215/215/215
f 217/217/217 220/220/220 215/215/215
f 221/221/221 218/218/218 219/219/219
f 220/220/220 221/221/221 219/219/219
f 192/192/192 213/213/213 222/222/222
f 222/222/222 213/213/213 223/223/223
f 213/213/213 209/209/209 223/223/223
f 209/209/209 208/208/208 223/223/223
f 208/208/208 224/224/224 223/223/223
f 208/208/208 212/212/212 224/224/224
f 212/212/212 225/225/225 224/224/224
f 225/225/225 212/212/212 226/226/226
f 212/212/212 227/227/227 226/226/226
f 227/227/227 212/212/212 228/228/228
f 212/212/212 210/210/210 228/228/228
f 228/228/228 210/210/210 229/229/229
f 210/210/210 211/211/211 229/229/229
f 211/211/211 218/218/218 229/229/229
f 218/218/218 230/230/230 229/229/229
f 229/229/229 230/230/230 231/231/231
f 230/230/230 232/232/232 231/231/231
f 230/230/230 233/233/233 232/232/232
f 233/233/233 234/234/234 232/232/232
f 221/221/221 233/233/233 230/230/230
f 218/218/218 221/221/221 230/230/230
f 234/234/234 233/233/233 235/235/235
f 233/233/233 236/236/236 235/235/235
f 233/233/233 221/221/221 236/236/236
f 235/235/235 236/236/236 237/237/237
f 236/236/236 238/238/238 237/237/237
f 236/236/236 239/239/239 238/238/238
f 221/221/221 239/239/239 236/236/236
f 239/239/239 240/240/240 238/238/238
f 238/238/238 241/241/241 237/237/237
f 241/241/241 242/242/242 237/237/237
f 243/243/243 241/241/241 238/238/238
f 240/240/240 243/243/243 238/238/238
f 242/242/242 244/244/244 237/237/237
f 244/244/244 245/245/245 237/237/237
f 240/240/240 239/239/239 246/246/246
f 243/243/243 240/240/240 246/246/246
f 239/239/239 247/247/247 246/246/246
f 239/239/239 221/221/221 247/247/247
f 246/246/246 247/247/247 248/248/248
f 247/247/247 249/249/249 248/248/248
f 247/247/247 220/220/220 249/249/249
f 220/220/220 217/217/217 249/249/249
f 221/221/221 220/220/220 247/247/247
f 249/249/249 250/250/250 248/248/248
f 250/250/250 251/251/251 248/248/248
f 250/250/250 252/252/252 251/251/251
f 252/252/252 253/253/253 251/251/251
f 253/253/253 252/252/252 254/254/254
f 252/252/252 255/255/255 254/254/254
f 254/254/254 255/255/255 256/256/256
f 255/255/255 257/257/257 256/256/256
f 255/255/255 199/199/199 257/257/257
f 199/199/199 200/200/200 257/257/257
f 201/201/201 199/199/199 255/255/255
f 252/252/252 201/201/201 255/255/255
f 201/201/201 252/252/252 250/250/250
f 257/257/257 258/258/258 256/256/256
f 258/258/258 259/259/259 256/256/256
f 258/258/258 260/260/260 259/259/259
f 260/260/260 261/261/261 259/259/259
f 259/259/259 262/262/262 256/256/256
f 262/262/262 263/263/263 256/256/256
f 262/262/262 264/264/264 263/263/263
f 264/264/264 265/265/265 263/263/263
f 265/265/265 264/264/264 266/266/266
f 267/267/267 265/265/265 266/266/266
f 265/265/265 267/267/267 263/263/263
f 268/268/268 267/267/267 266/266/266
f 264/264/264 269/269/269 266/266/266
f 264/264/264 270/270/270 269/269/269
f 270/270/270 264/264/264 262/262/262
f 270/270/270 271/271/271 269/269/269
f 271/271/271 270/270/270 272/272/272
f 270/270/270 273/273/273 272/272/272
f 272/272/272 273/273/273 274/274/274
f 273/273/273 275/275/275 274/274/274
f 275/275/275 276/276/276 274/274/274
f 276/276/276 277/277/277 274/274/274
f 276/276/276 278/278/278 277/277/277
f 278/278/278 279/279/279 277/277/277
f 279/279/279 278/278/278 280/280/280
f 278/278/278 281/281/281 280/280/280
f 280/280/280 281/281/281 282/282/282
f 281/281/281 283/283/283 282/282/282
f 283/283/283 284/284/284 282/282/282
f 284/284/284 285/285/285 282/282/282
f 276/276/276 275/275/275 286/286/286
f 275/275/275 273/273/273 286/286/286
f 287/287/287 276/276/276 286/286/286
f 278/278/278 276/276/276 287/287/287
f 287/287/287 286/286/286 288/288/288
f 289/289/289 287/287/287 288/288/288
f 290/290/290 287/287/287 289/289/289
f 290/290/290 278/278/278 287/287/287
f 291/291/291 290/290/290 289/289/289
f 286/286/286 292/292/292 288/288/288
f 292/292/292 293/293/293 288/288/288
f 292/292/292 294/294/294 293/293/293
f 294/294/294 261/261/261 293/293/293
f 261/261/261 294/294/294 259/259/259
f 294/294/294 262/262/262 259/259/259
f 294/294/294 270/270/270 262/262/262
f 270/270/270 294/294/294 292/292/292
f 273/273/273 292/292/292 286/286/286
f 273/273/273 270/270/270 292/292/292
f 290/290/290 291/291/291 295/295/295
f 291/291/291 296/296/296 295/295/295
f 296/296/296 297/297/297 295/295/295
f 295/295/295 297/297/297 298/298/298
f 297/297/297 299/299/299 298/298/298
f 297/297/297 300/300/300 299/299/299
f 300/300/300 301/301/301 299/299/299
f 301/301/301 300/300/300 302/302/302
f 300/300/300 303/303/303 302/302/302
f 302/302/302 303/303/303 304/304/304
f 303/303/303 305/305/305 304/304/304
f 305/305/305 306/306/306 304/304/304
f 306/306/306 307/307/307 304/304/304
f 306/306/306 308/308/308 307/307/307
f 308/308/308 309/309/309 307/307/307
f 299/299/299 310/310/310 298/298/298
f 310/310/310 311/311/311 298/298/298
f 310/310/310 312/312/312 311/311/311
f 312/312/312 313/313/313 311/311/311
f 313/313/313 312/312/312 314/314/314
f 312/312/312 315/315/315 314/314/314
f 314/314/314 315/315/315 316/316/316
f 315/315/315 317/317/317 316/316/316
f 315/315/315 318/318/318 317/317/317
f 318/318/318 319/319/319 317/317/317
f 319/319/319 318/318/318 320/320/320
f 321/321/321 319/319/319 320/320/320
f 319/319/319 321/321/321 317/317/317
f 322/322/322 321/321/321 320/320/320
f 322/322/322 320/320/320 323/323/323
f 324/324/324 322/322/322 323/323/323
f 325/325/325 322/322/322 324/324/324
f 326/326/326 325/325/325 324/324/324
f 327/327/327 321/321/321 322/322/322
f 325/325/325 327/327/327 322/322/322
f 320/320/320 328/328/328 323/323/323
f 318/318/318 328/328/328 320/320/320
f 328/328/328 329/329/329 323/323/323
f 328/328/328 330/330/330 329/329/329
f 330/330/330 331/331/331 329/329/329
f 331/331/331 330/330/330 332/332/332
f 330/330/330 333/333/333 332/332/332
f 332/332/332 333/333/333 334/334/334
f 333/333/333 335/335/335 334/334/334
f 333/333/333 336/336/336 335/335/335
f 336/336/336 337/337/337 335/335/335
f 338/338/338 336/336/336 333/333/333
f 330/330/330 338/338/338 333/333/333
f 338/338/338 330/330/330 328/328/328
f 339/339/339 332/332/332 334/334/334
f 340/340/340 339/339/339 334/334/334
f 341/341/341 331/331/331 332/332/332
f 339/339/339 341/341/341 332/332/332
f 331/331/331 341/341/341 329/329/329
f 342/342/342 339/339/339 340/340/340
f 343/343/343 342/342/342 340/340/340
f 344/344/344 341/341/341 339/339/339
f 342/342/342 344/344/344 339/339/339
f 341/341/341 345/345/345 329/329/329
f 341/341/341 344/344/344 345/345/345
f 344/344/344 346/346/346 345/345/345
f 345/345/345 346/346/346 347/347/347
f 345/345/345 347/347/347 323/323/323
f 329/329/329 345/345/345 323/323/323
f 346/346/346 348/348/348 347/347/347
f 347/347/347 349/349/349 323/323/323
f 349/349/349 324/324/324 323/323/323
f 349/349/349 350/350/350 324/324/324
f 350/350/350 326/326/326 324/324/324
f 351/351/351 349/349/349 347/347/347
f 348/348/348 351/351/351 347/347/347
f 352/352/352 350/350/350 349/349/349
f 351/351/351 352/352/352 349/349/349
f 351/351/351 348/348/348 353/353/353
f 348/348/348 346/346/346 353/353/353
f 354/354/354 351/351/351 353/353/353
f 352/352/352 351/351/351 354/354/354
f 355/355/355 352/352/352 354/354/354
f 346/346/346 356/356/356 353/353/353
f 346/346/346 344/344/344 356/356/356
f 344/344/344 357/357/357 356/356/356
f 357/357/357 344/344/344 358/358/358
f 344/344/344 359/359/359 358/358/358
f 352/352/352 355/355/355 360/360/360
f 361/361/361 352/352/352 360/360/360
f 326/326/326 350/350/350 362/362/362
f 325/325/325 326/326/326 362/362/362
f 363/363/363 325/325/325 362/362/362
f 363/363/363 362/362/362 364/364/364
f 365/365/365 363/363/363 364/364/364
f 366/366/366 363/363/363 365/365/365
f 367/367/367 366/366/366 365/365/365
f 327/327/327 325/325/325 363/363/363
f 366/366/366 327/327/327 363/363/363
f 362/362/362 368/368/368 364/364/364
f 368/368/368 369/369/369 364/364/364
f 368/368/368 370/370/370 369/369/369
f 370/370/370 371/371/371 369/369/369
f 366/366/366 367/367/367 372/372/372
f 373/373/373 366/366/366 372/372/372
f 327/327/327 366/366/366 373/373/373
f 373/373/373 372/372/372 374/374/374
f 375/375/375 373/373/373 374/374/374
f 376/376/376 373/373/373 375/375/375
f 376/376/376 327/327/327 373/373/373
f 327/327/327 376/376/376 377/377/377
f 377/377/377 376/376/376 378/378/378
f 377/377/377 378/378/378 316/316/316
f 317/317/317 377/377/377 316/316/316
f 376/376/376 379/379/379 378/378/378
f 379/379/379 376/376/376 375/375/375
f 321/321/321 377/377/377 317/317/317
f 321/321/321 327/327/327 377/377/377
f 378/378/378 380/380/380 316/316/316
f 380/380/380 381/381/381 316/316/316
f 382/382/382 380/380/380 378/378/378
f 379/379/379 382/382/382 378/378/378
f 382/382/382 379/379/379 375/375/375
f 381/381/381 383/383/383 316/316/316
f 383/383/383 314/314/314 316/316/316
f 383/383/383 384/384/384 314/314/314
f 384/384/384 313/313/313 314/314/314
f 385/385/385 375/375/375 374/374/374
f 385/385/385 382/382/382 375/375/375
f 313/313/313 384/384/384 311/311/311
f 384/384/384 386/386/386 311/311/311
f 311/311/311 386/386/386 298/298/298
f 386/386/386 387/387/387 298/298/298
f 386/386/386 284/284/284 387/387/387
f 284/284/284 283/283/283 387/387/387
f 387/387/387 388/388/388 298/298/298
f 388/388/388 295/295/295 298/298/298
f 388/388/388 290/290/290 295/295/295
f 281/281/281 388/388/388 387/387/387
f 283/283/283 281/281/281 387/387/387
f 278/278/278 290/290/290 388/388/388
f 281/281/281 278/278/278 388/388/388
f 389/389/389 385/385/385 374/374/374
f 390/390/390 389/389/389 374/374/374
f 391/391/391 390/390/390 374/374/374
f 394/394/394 393/393/393 392/392/392
f 395/395/395 394/394/394 392/392/392
f 393/393/393 396/396/396 392/392/392
f 396/396/396 397/397/397 392/392/392
f 396/396/396 398/398/398 397/397/397
f 398/398/398 399/399/399 397/397/397
f 402/402/402 401/401/401 400/400/400
f 403/403/403 402/402/402 400/400/400
f 402/402/402 405/405/405 404/404/404
f 406/406/406 402/402/402 404/404/404
f 409/409/409 408/408/408 407/407/407
f 410/410/410 409/409/409 407/407/407
f 413/413/413 412/412/412 411/411/411
f 414/414/414 413/413/413 411/411/411
f 412/412/412 413/413/413 415/415/415
f 413/413/413 416/416/416 415/415/415
f 415/415/415 416/416/416 417/417/417
f 416/416/416 418/418/418 417/417/417
f 418/418/418 419/419/419 417/417/417
f 419/419/419 420/420/420 417/417/417
f 419/419/419 421/421/421 420/420/420
f 421/421/421 422/422/422 420/420/420
f 422/422/422 421/421/421 423/423/423
f 421/421/421 424/424/424 423/423/423
f 423/423/423 424/424/424 425/425/425
f 424/424/424 426/426/426 425/425/425
f 426/426/426 427/427/427 425/425/425
f 427/427/427 428/428/428 425/425/425
f 427/427/427 429/429/429 428/428/428
f 429/429/429 430/430/430 428/428/428
f 430/430/430 429/429/429 431/431/431
f 429/429/429 432/432/432 431/431/431
f 431/431/431 432/432/432 433/433/433
f 432/432/432 434/434/434 433/433/433
f 434/434/434 435/435/435 433/433/433
f 435/435/435 436/436/436 433/433/433
f 435/435/435 437/437/437 436/436/436
f 437/437/437 438/438/438 436/436/436
f 438/438/438 437/437/437 439/439/439
f 437/437/437 440/440/440 439/439/439
f 439/439/439 440/440/440 441/441/441
f 440/440/440 442/442/442 441/441/441
f 442/442/442 443/443/443 441/441/441
f 443/443/443 444/444/444 441/441/441
f 443/443/443 445/445/445 444/444/444
f 445/445/445 446/446/446 444/444/444
f 446/446/446 445/445/445 447/447/447
f 445/445/445 448/448/448 447/447/447
f 447/447/447 448/448/448 449/449/449
f 448/448/448 450/450/450 449/449/449
f 453/453/453 452/452/452 451/451/451
f 454/454/454 453/453/453 451/451/451
f 453/453/453 454/454/454 455/455/455
f 456/456/456 453/453/453 455/455/455
f 456/456/456 455/455/455 457/457/457
f 458/458/458 456/456/456 457/457/457
f 459/459/459 458/458/458 457/457/457
f 460/460/460 459/459/459 457/457/457
f 461/461/461 459/459/459 460/460/460
f 462/462/462 461/461/461 460/460/460
f 461/461/461 462/462/462 463/463/463
f 464/464/464 461/461/461 463/463/463
f 467/467/467 466/466/466 465/465/465
f 468/468/468 467/467/467 465/465/465
f 467/467/467 468/468/468 469/469/469
f 470/470/470 467/467/467 469/469/469
f 470/470/470 469/469/469 471/471/471
f 472/472/472 470/470/470 471/471/471
f 473/473/473 472/472/472 471/471/471
f 474/474/474 473/473/473 471/471/471
f 475/475/475 473/473/473 474/474/474
f 476/476/476 475/475/475 474/474/474
f 470/470/470 472/472/472 477/477/477
f 472/472/472 473/473/473 477/477/477
f 478/478/478 470/470/470 477/477/477
f 467/467/467 470/470/470 478/478/478
f 478/478/478 477/477/477 479/479/479
f 480/480/480 478/478/478 479/479/479
f 481/481/481 480/480/480 479/479/479
f 482/482/482 481/481/481 479/479/479
f 483/483/483 482/482/482 479/479/479
f 484/484/484 483/483/483 479/479/479
f 483/483/483 485/485/485 482/482/482
f 485/485/485 486/486/486 482/482/482
f 486/486/486 485/485/485 487/487/487
f 488/488/488 486/486/486 487/487/487
f 488/488/488 481/481/481 482/482/482
f 486/486/486 488/488/488 482/482/482
f 489/489/489 488/488/488 487/487/487
f 489/489/489 487/487/487 490/490/490
f 491/491/491 489/489/489 490/490/490
f 492/492/492 491/491/491 490/490/490
f 493/493/493 492/492/492 490/490/490
f 494/494/494 493/493/493 490/490/490
f 495/495/495 494/494/494 490/490/490
f 494/494/494 496/496/496 493/493/493
f 496/496/496 497/497/497 493/493/493
f 498/498/498 494/494/494 495/495/495
f 499/499/499 498/498/498 495/495/495
f 500/500/500 496/496/496 494/494/494
f 498/498/498 500/500/500 494/494/494
f 492/492/492 501/501/501 491/491/491
f 501/501/501 502/502/502 491/491/491
f 502/502/502 501/501/501 503/503/503
f 501/501/501 504/504/504 503/503/503
f 501/501/501 505/505/505 504/504/504
f 505/505/505 501/501/501 492/492/492
f 505/505/505 506/506/506 504/504/504
f 506/506/506 505/505/505 507/507/507
f 505/505/505 508/508/508 507/507/507
f 507/507/507 508/508/508 509/509/509
f 508/508/508 510/510/510 509/509/509
f 510/510/510 511/511/511 509/509/509
f 511/511/511 512/512/512 509/509/509
f 511/511/511 513/513/513 512/512/512
f 513/513/513 514/514/514 512/512/512
f 514/514/514 513/513/513 515/515/515
f 513/513/513 516/516/516 515/515/515
f 515/515/515 516/516/516 517/517/517
f 516/516/516 518/518/518 517/517/517
f 518/518/518 519/519/519 517/517/517
f 519/519/519 520/520/520 517/517/517
f 519/519/519 521/521/521 520/520/520
f 521/521/521 522/522/522 520/520/520
f 522/522/522 521/521/521 523/523/523
f 521/521/521 524/524/524 523/523/523
f 523/523/523 524/524/524 525/525/525
f 524/524/524 526/526/526 525/525/525
f 526/526/526 527/527/527 525/525/525
f 527/527/527 528/528/528 525/525/525
f 527/527/527 529/529/529 528/528/528
f 529/529/529 530/530/530 528/528/528
f 519/519/519 518/518/518 531/531/531
f 518/518/518 516/516/516 531/531/531
f 532/532/532 519/519/519 531/531/531
f 521/521/521 519/519/519 532/532/532
f 532/532/532 531/531/531 533/533/533
f 534/534/534 532/532/532 533/533/533
f 535/535/535 534/534/534 533/533/533
f 536/536/536 535/535/535 533/533/533
f 535/535/535 537/537/537 534/534/534
f 537/537/537 538/538/538 534/534/534
f 539/539/539 535/535/535 536/536/536
f 540/540/540 539/539/539 536/536/536
f 541/541/541 537/537/537 535/535/535
f 539/539/539 541/541/541 535/535/535
f 542/542/542 532/532/532 534/534/534
f 538/538/538 542/542/542 534/534/534
f 542/542/542 521/521/521 532/532/532
f 531/531/531 543/543/543 533/533/533
f 543/543/543 544/544/544 533/533/533
f 543/543/543 545/545/545 544/544/544
f 545/545/545 546/546/546 544/544/544
f 546/546/546 545/545/545 547/547/547
f 548/548/548 546/546/546 547/547/547
f 546/546/546 548/548/548 544/544/544
f 549/549/549 548/548/548 547/547/547
f 549/549/549 547/547/547 550/550/550
f 551/551/551 549/549/549 550/550/550
f 552/552/552 549/549/549 551/551/551
f 553/553/553 552/552/552 551/551/551
f 554/554/554 548/548/548 549/549/549
f 552/552/552 554/554/554 549/549/549
f 547/547/547 555/555/555 550/550/550
f 545/545/545 555/555/555 547/547/547
f 555/555/555 556/556/556 550/550/550
f 555/555/555 511/511/511 556/556/556
f 511/511/511 510/510/510 556/556/556
f 513/513/513 511/511/511 555/555/555
f 545/545/545 513/513/513 555/555/555
f 556/556/556 557/557/557 550/550/550
f 557/557/557 558/558/558 550/550/550
f 557/557/557 559/559/559 558/558/558
f 559/559/559 497/497/497 558/558/558
f 497/497/497 559/559/559 493/493/493
f 559/559/559 492/492/492 493/493/493
f 559/559/559 505/505/505 492/492/492
f 505/505/505 559/559/559 557/557/557
f 508/508/508 557/557/557 556/556/556
f 510/510/510 508/508/508 556/556/556
f 508/508/508 505/505/505 557/557/557
f 497/497/497 496/496/496 558/558/558
f 496/496/496 560/560/560 558/558/558
f 558/558/558 560/560/560 550/550/550
f 560/560/560 551/551/551 550/550/550
f 560/560/560 561/561/561 551/551/551
f 561/561/561 553/553/553 551/551/551
f 500/500/500 561/561/561 560/560/560
f 496/496/496 500/500/500 560/560/560
f 553/553/553 561/561/561 562/562/562
f 552/552/552 553/553/553 562/562/562
f 563/563/563 552/552/552 562/562/562
f 554/554/554 552/552/552 563/563/563
f 564/564/564 554/554/554 563/563/563
f 554/554/554 564/564/564 565/565/565
f 566/566/566 554/554/554 565/565/565
f 554/554/554 566/566/566 567/567/567
f 567/567/567 566/566/566 536/536/536
f 567/567/567 536/536/536 533/533/533
f 544/544/544 567/567/567 533/533/533
f 566/566/566 540/540/540 536/536/536
f 548/548/548 567/567/567 544/544/544
f 548/548/548 554/554/554 567/567/567
f 566/566/566 565/565/565 568/568/568
f 540/540/540 566/566/566 568/568/568
f 539/539/539 540/540/540 568/568/568
f 569/569/569 539/539/539 568/568/568
f 541/541/541 539/539/539 569/569/569
f 570/570/570 541/541/541 569/569/569
f 541/541/541 570/570/570 571/571/571
f 572/572/572 541/541/541 571/571/571
f 541/541/541 572/572/572 573/573/573
f 573/573/573 572/572/572 574/574/574
f 573/573/573 574/574/574 575/575/575
f 574/574/574 576/576/576 575/575/575
f 576/576/576 577/577/577 575/575/575
f 576/576/576 578/578/578 577/577/577
f 578/578/578 579/579/579 577/577/577
f 580/580/580 576/576/576 574/574/574
f 581/581/581 580/580/580 574/574/574
f 572/572/572 581/581/581 574/574/574
f 582/582/582 578/578/578 576/576/576
f 580/580/580 582/582/582 576/576/576
f 577/577/577 583/583/583 575/575/575
f 583/583/583 584/584/584 575/575/575
f 583/583/583 527/527/527 584/584/584
f 527/527/527 526/526/526 584/584/584
f 585/585/585 583/583/583 577/577/577
f 579/579/579 585/585/585 577/577/577
f 529/529/529 527/527/527 583/583/583
f 585/585/585 529/529/529 583/583/583
f 584/584/584 586/586/586 575/575/575
f 586/586/586 587/587/587 575/575/575
f 586/586/586 542/542/542 587/587/587
f 542/542/542 538/538/538 587/587/587
f 524/524/524 586/586/586 584/584/584
f 526/526/526 524/524/524 584/584/584
f 521/521/521 542/542/542 586/586/586
f 524/524/524 521/521/521 586/586/586
f 538/538/538 537/537/537 587/587/587
f 537/537/537 573/573/573 587/587/587
f 587/587/587 573/573/573 575/575/575
f 537/537/537 541/541/541 573/573/573
f 529/529/529 585/585/585 588/588/588
f 588/588/588 585/585/585 589/589/589
f 585/585/585 579/579/579 589/589/589
f 590/590/590 529/529/529 588/588/588
f 579/579/579 578/578/578 589/589/589
f 578/578/578 591/591/591 589/589/589
f 578/578/578 582/582/582 591/591/591
f 582/582/582 592/592/592 591/591/591
f 592/592/592 582/582/582 593/593/593
f 582/582/582 594/594/594 593/593/593
f 594/594/594 582/582/582 595/595/595
f 582/582/582 580/580/580 595/595/595
f 595/595/595 580/580/580 596/596/596
f 580/580/580 581/581/581 596/596/596
f 581/581/581 572/572/572 596/596/596
f 572/572/572 571/571/571 596/596/596
f 529/529/529 590/590/590 597/597/597
f 530/530/530 529/529/529 597/597/597
f 600/600/600 599/599/599 598/598/598
f 601/601/601 600/600/600 598/598/598
f 604/604/604 603/603/603 602/602/602
f 605/605/605 604/604/604 602/602/602
f 608/608/608 607/607/607 606/606/606
f 609/609/609 608/608/608 606/606/606
f 608/608/608 609/609/609 610/610/610
f 611/611/611 608/608/608 610/610/610
f 611/611/611 610/610/610 612/612/612
f 613/613/613 611/611/611 612/612/612
f 614/614/614 613/613/613 612/612/612
f 615/615/615 614/614/614 612/612/612
f 616/616/616 614/614/614 615/615/615
f 617/617/617 616/616/616 615/615/615
f 616/616/616 617/617/617 618/618/618
f 619/619/619 616/616/616 618/618/618
f 619/619/619 618/618/618 620/620/620
f 621/621/621 619/619/619 620/620/620
f 622/622/622 621/621/621 620/620/620
f 623/623/623 622/622/622 620/620/620
f 624/624/624 622/622/622 623/623/623
f 627/627/627 626/626/626 625/625/625
f 628/628/628 627/627/627 625/625/625
f 627/627/627 628/628/628 629/629/629
f 630/630/630 627/627/627 629/629/629
f 630/630/630 629/629/629 631/631/631
f 632/632/632 630/630/630 631/631/631
f 633/633/633 632/632/632 631/631/631
f 634/634/634 633/633/633 631/631/631
f 635/635/635 633/633/633 634/634/634
f 636/636/636 635/635/635 634/634/634
f 635/635/635 636/636/636 637/637/637
f 638/638/638 635/635/635 637/637/637
f 638/638/638 637/637/637 639/639/639
f 640/640/640 638/638/638 639/639/639
f 641/641/641 640/640/640 639/639/639
f 642/642/642 641/641/641 639/639/639
f 643/643/643 641/641/641 642/642/642
f 644/644/644 643/643/643 642/642/642
f 643/643/643 644/644/644 645/645/645
f 646/646/646 643/643/643 645/645/645
f 646/646/646 645/645/645 647/647/647
f 648/648/648 646/646/646 647/647/647
f 649/649/649 648/648/648 647/647/647
f 650/650/650 649/649/649 647/647/647
f 651/651/651 649/649/649 650/650/650
f 652/652/652 651/651/651 650/650/650
f 651/651/651 652/652/652 653/653/653
f 654/654/654 651/651/651 653/653/653
f 654/654/654 653/653/653 655/655/655
f 656/656/656 654/654/654 655/655/655
f 657/657/657 656/656/656 655/655/655
f 658/658/658 657/657/657 655/655/655
f 659/659/659 657/657/657 658/658/658
f 660/660/660 659/659/659 658/658/658
f 659/659/659 660/660/660 661/661/661
f 662/662/662 659/659/659 661/661/661
f 662/662/662 661/661/661 663/663/663
f 664/664/664 662/662/662 663/663/663
f 665/665/665 664/664/664 663/663/663
f 666/666/666 665/665/665 663/663/663
f 667/667/667 665/665/665 666/666/666
f 668/668/668 667/667/667 666/666/666
f 667/667/667 668/668/668 669/669/669
f 670/670/670 667/667/667 669/669/669
f 673/673/673 672/672/672 671/671/671
f 674/674/674 673/673/673 671/671/671
f 677/677/677 676/676/676 675/675/675
f 678/678/678 677/677/677 675/675/675
f 681/681/681 680/680/680 679/679/679
f 682/682/682 681/681/681 679/679/679
f 685/685/685 684/684/684 683/683/683
f 686/686/686 685/685/685 683/683/683
f 689/689/689 688/688/688 687/687/687
f 690/690/690 689/689/689 687/687/687
f 693/693/693 692/692/692 691/691/691
f 694/694/694 693/693/693 691/691/691
f 692/692/692 693/693/693 695/695/695
f 693/693/693 696/696/696 695/695/695
f 695/695/695 696/696/696 697/697/697
f 696/696/696 698/698/698 697/697/697
f 698/698/698 699/699/699 697/697/697
f 699/699/699 700/700/700 697/697/697
f 699/699/699 701/701/701 700/700/700
f 701/701/701 702/702/702 700/700/700
f 702/702/702 701/701/701 703/703/703
f 701/701/701 704/704/704 703/703/703
f 707/707/707 706/706/706 705/705/705
f 708/708/708 707/707/707 705/705/705
f 711/711/711 710/710/710 709/709/709
f 712/712/712 711/711/711 709/709/709
f 710/710/710 711/711/711 713/713/713
f 711/711/711 714/714/714 713/713/713
f 713/713/713 714/714/714 715/715/715
f 714/714/714 716/716/716 715/715/715
f 716/716/716 717/717/717 715/715/715
f 717/717/717 718/718/718 715/715/715
f 717/717/717 719/719/719 718/718/718
f 719/719/719 720/720/720 718/718/718
f 720/720/720 719/719/719 721/721/721
f 719/719/719 722/722/722 721/721/721
f 725/725/725 724/724/724 723/723/723
f 726/726/726 725/725/725 723/723/723
f 725/725/725 727/727/727 724/724/724
f 727/727/727 728/728/728 724/724/724
f 729/729/729 725/725/725 726/726/726
f 730/730/730 729/729/729 726/726/726
f 731/731/731 727/727/727 725/725/725
f 729/729/729 731/731/731 725/725/725
f 732/732/732 726/726/726 723/723/723
f 733/733/733 732/732/732 723/723/723
f 734/734/734 730/730/730 726/726/726
f 732/732/732 734/734/734 726/726/726
f 735/735/735 732/732/732 733/733/733
f 736/736/736 735/735/735 733/733/733
f 737/737/737 734/734/734 732/732/732
f 735/735/735 737/737/737 732/732/732
f 728/728/728 727/727/727 738/738/738
f 727/727/727 739/739/739 738/738/738
f 727/727/727 731/731/731 739/739/739
f 738/738/738 739/739/739 740/740/740
f 739/739/739 741/741/741 740/740/740
f 741/741/741 742/742/742 740/740/740
f 742/742/742 743/743/743 740/740/740
f 742/742/742 744/744/744 743/743/743
f 744/744/744 745/745/745 743/743/743
f 745/745/745 744/744/744 746/746/746
f 744/744/744 747/747/747 746/746/746
f 746/746/746 747/747/747 748/748/748
f 747/747/747 749/749/749 748/748/748
f 749/749/749 750/750/750 748/748/748
f 750/750/750 751/751/751 748/748/748
f 750/750/750 752/752/752 751/751/751
f 752/752/752 753/753/753 751/751/751
f 754/754/754 750/750/750 749/749/749
f 755/755/755 754/754/754 749/749/749
f 756/756/756 752/752/752 750/750/750
f 754/754/754 756/756/756 750/750/750
f 757/757/757 755/755/755 749/749/749
f 747/747/747 757/757/757 749/749/749
f 758/758/758 757/757/757 747/747/747
f 744/744/744 758/758/758 747/747/747
f 758/758/758 744/744/744 742/742/742
f 759/759/759 758/758/758 742/742/742
f 759/759/759 742/742/742 741/741/741
f 760/760/760 759/759/759 741/741/741
f 761/761/761 760/760/760 741/741/741
f 739/739/739 761/761/761 741/741/741
f 731/731/731 761/761/761 739/739/739
f 754/754/754 755/755/755 762/762/762
f 755/755/755 757/757/757 762/762/762
f 763/763/763 754/754/754 762/762/762
f 756/756/756 754/754/754 763/763/763
f 763/763/763 762/762/762 764/764/764
f 765/765/765 763/763/763 764/764/764
f 766/766/766 765/765/765 764/764/764
f 767/767/767 766/766/766 764/764/764
f 766/766/766 768/768/768 765/765/765
f 768/768/768 769/769/769 765/765/765
f 770/770/770 766/766/766 767/767/767
f 771/771/771 770/770/770 767/767/767
f 772/772/772 768/768/768 766/766/766
f 770/770/770 772/772/772 766/766/766
f 773/773/773 763/763/763 765/765/765
f 769/769/769 773/773/773 765/765/765
f 773/773/773 756/756/756 763/763/763
f 762/762/762 774/774/774 764/764/764
f 774/774/774 775/775/775 764/764/764
f 774/774/774 776/776/776 775/775/775
f 776/776/776 777/777/777 775/775/775
f 758/758/758 776/776/776 774/774/774
f 757/757/757 758/758/758 774/774/774
f 757/757/757 774/774/774 762/762/762
f 778/778/778 771/771/771 767/767/767
f 779/779/779 778/778/778 767/767/767
f 775/775/775 779/779/779 764/764/764
f 779/779/779 767/767/767 764/764/764
f 780/780/780 779/779/779 775/775/775
f 777/777/777 780/780/780 775/775/775
f 781/781/781 778/778/778 779/779/779
f 780/780/780 781/781/781 779/779/779
f 778/778/778 781/781/781 782/782/782
f 778/778/778 782/782/782 783/783/783
f 771/771/771 778/778/778 783/783/783
f 770/770/770 771/771/771 783/783/783
f 784/784/784 770/770/770 783/783/783
f 772/772/772 770/770/770 784/784/784
f 785/785/785 772/772/772 784/784/784
f 781/781/781 786/786/786 782/782/782
f 786/786/786 781/781/781 787/787/787
f 781/781/781 788/788/788 787/787/787
f 781/781/781 780/780/780 789/789/789
f 788/788/788 781/781/781 789/789/789
f 789/789/789 780/780/780 790/790/790
f 780/780/780 777/777/777 790/790/790
f 777/777/777 776/776/776 790/790/790
f 776/776/776 791/791/791 790/790/790
f 793/793/793 792/792/792 791/791/791
f 794/794/794 793/793/793 791/791/791
f 797/797/797 796/796/796 795/795/795
f 798/798/798 797/797/797 795/795/795
f 799/799/799 797/797/797 798/798/798
f 800/800/800 799/799/799 798/798/798
f 796/796/796 801/801/801 795/795/795
f 801/801/801 802/802/802 795/795/795
f 801/801/801 803/803/803 802/802/802
f 803/803/803 804/804/804 802/802/802
f 799/799/799 800/800/800 805/805/805
f 806/806/806 799/799/799 805/805/805
f 806/806/806 805/805/805 807/807/807
f 808/808/808 806/806/806 807/807/807
f 809/809/809 808/808/808 807/807/807
f 810/810/810 809/809/809 807/807/807
f 811/811/811 809/809/809 810/810/810
f 812/812/812 811/811/811 810/810/810
f 811/811/811 812/812/812 813/813/813
f 814/814/814 811/811/811 813/813/813
f 814/814/814 813/813/813 815/815/815
f 816/816/816 814/814/814 815/815/815
f 817/817/817 816/816/816 815/815/815
f 818/818/818 817/817/817 815/815/815
f 819/819/819 817/817/817 818/818/818
f 820/820/820 819/819/819 818/818/818
f 823/823/823 822/822/822 821/821/821
f 824/824/824 823/823/823 821/821/821
f 825/825/825 823/823/823 824/824/824
f 826/826/826 825/825/825 824/824/824
f 822/822/822 827/827/827 821/821/821
f 827/827/827 828/828/828 821/821/821
f 827/827/827 829/829/829 828/828/828
f 829/829/829 830/830/830 828/828/828
f 825/825/825 826/826/826 831/831/831
f 832/832/832 825/825/825 831/831/831
f 832/832/832 831/831/831 833/833/833
f 834/834/834 832/832/832 833/833/833
f 835/835/835 834/834/834 833/833/833
f 836/836/836 835/835/835 833/833/833
f 837/837/837 835/835/835 836/836/836
f 838/838/838 837/837/837 836/836/836
f 837/837/837 838/838/838 839/839/839
f 840/840/840 837/837/837 839/839/839
f 840/840/840 839/839/839 841/841/841
f 842/842/842 840/840/840 841/841/841
f 843/843/843 842/842/842 841/841/841
f 844/844/844 843/843/843 841/841/841
f 845/845/845 843/843/843 844/844/844
f 846/846/846 845/845/845 844/844/844
f 849/849/849 848/848/848 847/847/847
f 850/850/850 849/849/849 847/847/847
f 849/849/849 851/851/851 848/848/848
f 851/851/851 852/852/852 848/848/848
f 853/853/853 849/849/849 850/850/850
f 854/854/854 853/853/853 850/850/850
f 855/855/855 851/851/851 849/849/849
f 853/853/853 855/855/855 849/849/849
f 848/848/848 856/856/856 847/847/847
f 856/856/856 857/857/857 847/847/847
f 856/856/856 858/858/858 857/857/857
f 858/858/858 859/859/859 857/857/857
f 860/860/860 856/856/856 848/848/848
f 852/852/852 860/860/860 848/848/848
f 861/861/861 858/858/858 856/856/856
f 860/860/860 861/861/861 856/856/856
f 857/857/857 862/862/862 847/847/847
f 862/862/862 863/863/863 847/847/847
f 853/853/853 854/854/854 864/864/864
f 865/865/865 853/853/853 864/864/864
f 865/865/865 864/864/864 866/866/866
f 867/867/867 865/865/865 866/866/866
f 868/868/868 867/867/867 866/866/866
f 869/869/869 868/868/868 866/866/866
f 870/870/870 868/868/868 869/869/869
f 871/871/871 870/870/870 869/869/869
f 870/870/870 871/871/871 872/872/872
f 873/873/873 870/870/870 872/872/872
f 873/873/873 872/872/872 874/874/874
f 875/875/875 873/873/873 874/874/874
f 876/876/876 875/875/875 874/874/874
f 877/877/877 876/876/876 874/874/874
f 876/876/876 878/878/878 875/875/875
f 878/878/878 879/879/879 875/875/875
f 880/880/880 876/876/876 877/877/877
f 881/881/881 880/880/880 877/877/877
f 882/882/882 878/878/878 876/876/876
f 880/880/880 882/882/882 876/876/876
f 883/883/883 873/873/873 875/875/875
f 879/879/879 883/883/883 875/875/875
f 884/884/884 870/870/870 873/873/873
f 883/883/883 884/884/884 873/873/873
f 872/872/872 885/885/885 874/874/874
f 885/885/885 886/886/886 874/874/874
f 887/887/887 877/877/877 874/874/874
f 888/888/888 887/887/887 874/874/874
f 883/883/883 879/879/879 889/889/889
f 879/879/879 878/878/878 889/889/889
f 890/890/890 883/883/883 889/889/889
f 884/884/884 883/883/883 890/890/890
f 890/890/890 889/889/889 891/891/891
f 892/892/892 890/890/890 891/891/891
f 893/893/893 892/892/892 891/891/891
f 894/894/894 893/893/893 891/891/891
f 895/895/895 894/894/894 891/891/891
f 896/896/896 895/895/895 891/891/891
f 895/895/895 897/897/897 894/894/894
f 897/897/897 898/898/898 894/894/894
f 898/898/898 897/897/897 899/899/899
f 900/900/900 898/898/898 899/899/899
f 900/900/900 893/893/893 894/894/894
f 898/898/898 900/900/900 894/894/894
f 901/901/901 900/900/900 899/899/899
f 901/901/901 899/899/899 902/902/902
f 903/903/903 901/901/901 902/902/902
f 904/904/904 903/903/903 902/902/902
f 905/905/905 904/904/904 902/902/902
f 906/906/906 905/905/905 902/902/902
f 907/907/907 906/906/906 902/902/902
f 906/906/906 908/908/908 905/905/905
f 908/908/908 909/909/909 905/905/905
f 910/910/910 906/906/906 907/907/907
f 911/911/911 910/910/910 907/907/907
f 912/912/912 908/908/908 906/906/906
f 910/910/910 912/912/912 906/906/906
f 904/904/904 913/913/913 903/903/903
f 913/913/913 914/914/914 903/903/903
f 915/915/915 904/904/904 905/905/905
f 909/909/909 915/915/915 905/905/905
f 916/916/916 913/913/913 904/904/904
f 915/915/915 916/916/916 904/904/904
f 917/917/917 901/901/901 903/903/903
f 914/914/914 917/917/917 903/903/903
f 918/918/918 907/907/907 902/902/902
f 919/919/919 911/911/911 907/907/907
f 918/918/918 919/919/919 907/907/907
f 920/920/920 919/919/919 918/918/918
f 897/897/897 920/920/920 918/918/918
f 897/897/897 918/918/918 899/899/899
f 899/899/899 918/918/918 902/902/902
f 914/914/914 913/913/913 921/921/921
f 917/917/917 914/914/914 921/921/921
f 913/913/913 922/922/922 921/921/921
f 913/913/913 916/916/916 922/922/922
f 921/921/921 922/922/922 923/923/923
f 922/922/922 924/924/924 923/923/923
f 922/922/922 925/925/925 924/924/924
f 916/916/916 925/925/925 922/922/922
f 925/925/925 926/926/926 924/924/924
f 924/924/924 927/927/927 923/923/923
f 927/927/927 928/928/928 923/923/923
f 927/927/927 929/929/929 928/928/928
f 929/929/929 930/930/930 928/928/928
f 930/930/930 929/929/929 931/931/931
f 929/929/929 932/932/932 931/931/931
f 931/931/931 932/932/932 933/933/933
f 932/932/932 934/934/934 933/933/933
f 932/932/932 935/935/935 934/934/934
f 935/935/935 936/936/936 934/934/934
f 936/936/936 935/935/935 937/937/937
f 938/938/938 936/936/936 937/937/937
f 936/936/936 938/938/938 934/934/934
f 939/939/939 938/938/938 937/937/937
f 939/939/939 937/937/937 940/940/940
f 941/941/941 939/939/939 940/940/940
f 942/942/942 941/941/941 940/940/940
f 943/943/943 942/942/942 940/940/940
f 944/944/944 943/943/943 940/940/940
f 945/945/945 944/944/944 940/940/940
f 944/944/944 946/946/946 943/943/943
f 946/946/946 947/947/947 943/943/943
f 947/947/947 946/946/946 948/948/948
f 949/949/949 947/947/947 948/948/948
f 949/949/949 942/942/942 943/943/943
f 947/947/947 949/949/949 943/943/943
f 950/950/950 949/949/949 948/948/948
f 950/950/950 948/948/948 951/951/951
f 952/952/952 950/950/950 951/951/951
f 953/953/953 952/952/952 951/951/951
f 954/954/954 953/953/953 951/951/951
f 955/955/955 954/954/954 951/951/951
f 956/956/956 955/955/955 951/951/951
f 955/955/955 957/957/957 954/954/954
f 957/957/957 958/958/958 954/954/954
f 958/958/958 957/957/957 959/959/959
f 960/960/960 958/958/958 959/959/959
f 960/960/960 953/953/953 954/954/954
f 958/958/958 960/960/960 954/954/954
f 961/961/961 960/960/960 959/959/959
f 961/961/961 959/959/959 962/962/962
f 963/963/963 961/961/961 962/962/962
f 964/964/964 963/963/963 962/962/962
f 965/965/965 964/964/964 962/962/962
f 966/966/966 965/965/965 962/962/962
f 967/967/967 966/966/966 962/962/962
f 966/966/966 968/968/968 965/965/965
f 968/968/968 969/969/969 965/965/965
f 970/970/970 966/966/966 967/967/967
f 971/971/971 970/970/970 967/967/967
f 972/972/972 968/968/968 966/966/966
f 970/970/970 972/972/972 966/966/966
f 964/964/964 973/973/973 963/963/963
f 973/973/973 974/974/974 963/963/963
f 975/975/975 964/964/964 965/965/965
f 969/969/969 975/975/975 965/965/965
f 976/976/976 973/973/973 964/964/964
f 975/975/975 976/976/976 964/964/964
f 977/977/977 961/961/961 963/963/963
f 974/974/974 977/977/977 963/963/963
f 978/978/978 967/967/967 962/962/962
f 979/979/979 971/971/971 967/967/967
f 978/978/978 979/979/979 967/967/967
f 980/980/980 979/979/979 978/978/978
f 957/957/957 980/980/980 978/978/978
f 957/957/957 978/978/978 959/959/959
f 959/959/959 978/978/978 962/962/962
f 980/980/980 957/957/957 955/955/955
f 981/981/981 980/980/980 955/955/955
f 981/981/981 955/955/955 956/956/956
f 982/982/982 981/981/981 956/956/956
f 983/983/983 982/982/982 956/956/956
f 984/984/984 983/983/983 956/956/956
f 984/984/984 956/956/956 951/951/951
f 948/948/948 984/984/984 951/951/951
f 946/946/946 984/984/984 948/948/948
f 985/985/985 983/983/983 984/984/984
f 946/946/946 985/985/985 984/984/984
f 985/985/985 946/946/946 944/944/944
f 986/986/986 985/985/985 944/944/944
f 986/986/986 944/944/944 945/945/945
f 987/987/987 986/986/986 945/945/945
f 988/988/988 987/987/987 945/945/945
f 989/989/989 988/988/988 945/945/945
f 989/989/989 945/945/945 940/940/940
f 937/937/937 989/989/989 940/940/940
f 935/935/935 989/989/989 937/937/937
f 990/990/990 988/988/988 989/989/989
f 935/935/935 990/990/990 989/989/989
f 990/990/990 935/935/935 932/932/932
f 929/929/929 990/990/990 932/932/932
f 990/990/990 929/929/929 927/927/927
f 991/991/991 990/990/990 927/927/927
f 991/991/991 927/927/927 924/924/924
f 926/926/926 991/991/991 924/924/924
f 986/986/986 987/987/987 992/992/992
f 987/987/987 988/988/988 992/992/992
f 993/993/993 986/986/986 992/992/992
f 993/993/993 992/992/992 994/994/994
f 995/995/995 993/993/993 994/994/994
f 996/996/996 995/995/995 994/994/994
f 997/997/997 996/996/996 994/994/994
f 996/996/996 998/998/998 995/995/995
f 998/998/998 999/999/999 995/995/995
f 1000/1000/1000 996/996/996 997/997/997
f 1001/1001/1001 1000/1000/1000 997/997/997
f 1000/1000/1000 1001/1001/1001 1002/1002/1002
f 1003/1003/1003 1000/1000/1000 1002/1002/1002
f 1003/1003/1003 1002/1002/1002 1004/1004/1004
f 1005/1005/1005 1003/1003/1003 1004/1004/1004
f 1006/1006/1006 1005/1005/1005 1004/1004/1004
f 1007/1007/1007 1006/1006/1006 1004/1004/1004
f 1006/1006/1006 1008/1008/1008 1005/1005/1005
f 1008/1008/1008 1009/1009/1009 1005/1005/1005
f 1010/1010/1010 1006/1006/1006 1007/1007/1007
f 1011/1011/1011 1010/1010/1010 1007/1007/1007
f 1012/1012/1012 1008/1008/1008 1006/1006/1006
f 1010/1010/1010 1012/1012/1012 1006/1006/1006
f 1013/1013/1013 1003/1003/1003 1005/1005/1005
f 1009/1009/1009 1013/1013/1013 1005/1005/1005
f 1014/1014/1014 1000/1000/1000 1003/1003/1003
f 1013/1013/1013 1014/1014/1014 1003/1003/1003
f 1002/1002/1002 1015/1015/1015 1004/1004/1004
f 1015/1015/1015 1016/1016/1016 1004/1004/1004
f 1015/1015/1015 915/915/915 1016/1016/1016
f 915/915/915 909/909/909 1016/1016/1016
f 916/916/916 915/915/915 1015/1015/1015
f 1017/1017/1017 916/916/916 1015/1015/1015
f 1017/1017/1017 1015/1015/1015 1002/1002/1002
f 1001/1001/1001 1017/1017/1017 1002/1002/1002
f 1018/1018/1018 1011/1011/1011 1007/1007/1007
f 909/909/909 908/908/908 1016/1016/1016
f 908/908/908 1019/1019/1019 1016/1016/1016
f 1016/1016/1016 1019/1019/1019 1004/1004/1004
f 1019/1019/1019 1007/1007/1007 1004/1004/1004
f 1019/1019/1019 1018/1018/1018 1007/1007/1007
f 912/912/912 1018/1018/1018 1019/1019/1019
f 908/908/908 912/912/912 1019/1019/1019
f 1017/1017/1017 1001/1001/1001 997/997/997
f 1020/1020/1020 1017/1017/1017 997/997/997
f 916/916/916 1017/1017/1017 1020/1020/1020
f 1020/1020/1020 997/997/997 994/994/994
f 1021/1021/1021 1020/1020/1020 994/994/994
f 1022/1022/1022 1021/1021/1021 994/994/994
f 992/992/992 1022/1022/1022 994/994/994
f 1022/1022/1022 991/991/991 1021/1021/1021
f 991/991/991 926/926/926 1021/1021/1021
f 988/988/988 1022/1022/1022 992/992/992
f 990/990/990 991/991/991 1022/1022/1022
f 988/988/988 990/990/990 1022/1022/1022
f 925/925/925 1020/1020/1020 1021/1021/1021
f 926/926/926 925/925/925 1021/1021/1021
f 925/925/925 916/916/916 1020/1020/1020
f 912/912/912 910/910/910 1023/1023/1023
f 1023/1023/1023 910/910/910 1024/1024/1024
f 910/910/910 911/911/911 1024/1024/1024
f 911/911/911 919/919/919 1024/1024/1024
f 919/919/919 1025/1025/1025 1024/1024/1024
f 919/919/919 920/920/920 1025/1025/1025
f 920/920/920 1026/1026/1026 1025/1025/1025
f 1026/1026/1026 920/920/920 1027/1027/1027
f 920/920/920 1028/1028/1028 1027/1027/1027
f 1028/1028/1028 920/920/920 895/895/895
f 1028/1028/1028 895/895/895 896/896/896
f 1029/1029/1029 1028/1028/1028 896/896/896
f 920/920/920 897/897/897 895/895/895
f 1030/1030/1030 1029/1029/1029 896/896/896
f 1031/1031/1031 1030/1030/1030 896/896/896
f 1031/1031/1031 896/896/896 891/891/891
f 889/889/889 1031/1031/1031 891/891/891
f 878/878/878 1031/1031/1031 889/889/889
f 882/882/882 1030/1030/1030 1031/1031/1031
f 878/878/878 882/882/882 1031/1031/1031
f 1029/1029/1029 1030/1030/1030 1032/1032/1032
f 1028/1028/1028 1029/1029/1029 1032/1032/1032
f 1027/1027/1027 1028/1028/1028 1032/1032/1032
f 1030/1030/1030 1033/1033/1033 1032/1032/1032
f 1030/1030/1030 882/882/882 1033/1033/1033
f 882/882/882 1034/1034/1034 1033/1033/1033
f 1034/1034/1034 882/882/882 1035/1035/1035
f 882/882/882 880/880/880 1035/1035/1035
f 1035/1035/1035 880/880/880 1036/1036/1036
f 880/880/880 881/881/881 1036/1036/1036
f 1039/1039/1039 1038/1038/1038 1037/1037/1037
f 1040/1040/1040 1039/1039/1039 1037/1037/1037
f 1042/1042/1042 862/862/862 1041/1041/1041
f 1043/1043/1043 1042/1042/1042 1041/1041/1041
f 1042/1042/1042 1043/1043/1043 1044/1044/1044
f 1045/1045/1045 1042/1042/1042 1044/1044/1044
f 1048/1048/1048 1047/1047/1047 1046/1046/1046
f 1049/1049/1049 1048/1048/1048 1046/1046/1046
f 1050/1050/1050 850/850/850 847/847/847
f 1051/1051/1051 1050/1050/1050 847/847/847
f 1054/1054/1054 1053/1053/1053 1052/1052/1052
f 1055/1055/1055 1054/1054/1054 1052/1052/1052
f 1058/1058/1058 1057/1057/1057 1056/1056/1056
f 1059/1059/1059 1058/1058/1058 1056/1056/1056
f 1062/1062/1062 1061/1061/1061 1060/1060/1060
f 1063/1063/1063 1062/1062/1062 1060/1060/1060
f 1066/1066/1066 1065/1065/1065 1064/1064/1064
f 1067/1067/1067 1066/1066/1066 1064/1064/1064
f 1068/1068/1068 1066/1066/1066 1067/1067/1067
f 1069/1069/1069 1068/1068/1068 1067/1067/1067
f 1065/1065/1065 1070/1070/1070 1064/1064/1064
f 1070/1070/1070 1071/1071/1071 1064/1064/1064
f 1068/1068/1068 1069/1069/1069 1072/1072/1072
f 1073/1073/1073 1068/1068/1068 1072/1072/1072
f 1073/1073/1073 1072/1072/1072 1074/1074/1074
f 1075/1075/1075 1073/1073/1073 1074/1074/1074
f 1076/1076/1076 1075/1075/1075 1074/1074/1074
f 1077/1077/1077 1076/1076/1076 1074/1074/1074
f 1078/1078/1078 1076/1076/1076 1077/1077/1077
f 1079/1079/1079 1078/1078/1078 1077/1077/1077
f 1078/1078/1078 1079/1079/1079 1080/1080/1080
f 1081/1081/1081 1078/1078/1078 1080/1080/1080
f 1081/1081/1081 1080/1080/1080 1082/1082/1082
f 1083/1083/1083 1081/1081/1081 1082/1082/1082
f 1084/1084/1084 1083/1083/1083 1082/1082/1082
f 1085/1085/1085 1084/1084/1084 1082/1082/1082
f 1088/1088/1088 1087/1087/1087 1086/1086/1086
f 1089/1089/1089 1088/1088/1088 1086/1086/1086
f 1090/1090/1090 1088/1088/1088 1089/1089/1089
f 1091/1091/1091 1090/1090/1090 1089/1089/1089
f 1087/1087/1087 1092/1092/1092 1086/1086/1086
f 1092/1092/1092 1093/1093/1093 1086/1086/1086
f 1090/1090/1090 1091/1091/1091 1094/1094/1094
f 1095/1095/1095 1090/1090/1090 1094/1094/1094
f 1095/1095/1095 1094/1094/1094 1096/1096/1096
f 1097/1097/1097 1095/1095/1095 1096/1096/1096
f 1098/1098/1098 1097/1097/1097 1096/1096/1096
f 1099/1099/1099 1098/1098/1098 1096/1096/1096
f 1100/1100/1100 1098/1098/1098 1099/1099/1099
f 1101/1101/1101 1100/1100/1100 1099/1099/1099
f 1100/1100/1100 1101/1101/1101 1102/1102/1102
f 1103/1103/1103 1100/1100/1100 1102/1102/1102
f 1103/1103/1103 1102/1102/1102 1104/1104/1104
f 1105/1105/1105 1103/1103/1103 1104/1104/1104
f 1106/1106/1106 1105/1105/1105 1104/1104/1104
f 1107/1107/1107 1106/1106/1106 1104/1104/1104
f 1095/1095/1095 1097/1097/1097 1108/1108/1108
f 1097/1097/1097 1098/1098/1098 1108/1108/1108
f 1109/1109/1109 1095/1095/1095 1108/1108/1108
f 1109/1109/1109 1108/1108/1108 1110/1110/1110
f 1111/1111/1111 1109/1109/1109 1110/1110/1110
f 1112/1112/1112 1111/1111/1111 1110/1110/1110
f 1113/1113/1113 1112/1112/1112 1110/1110/1110
f 1114/1114/1114 1113/1113/1113 1110/1110/1110
f 1115/1115/1115 1114/1114/1114 1110/1110/1110
f 1114/1114/1114 1116/1116/1116 1113/1113/1113
f 1116/1116/1116 1117/1117/1117 1113/1113/1113
f 1117/1117/1117 1116/1116/1116 1118/1118/1118
f 1119/1119/1119 1117/1117/1117 1118/1118/1118
f 1119/1119/1119 1112/1112/1112 1113/1113/1113
f 1117/1117/1117 1119/1119/1119 1113/1113/1113
f 1120/1120/1120 1119/1119/1119 1118/1118/1118
f 1120/1120/1120 1118/1118/1118 1121/1121/1121
f 1122/1122/1122 1120/1120/1120 1121/1121/1121
f 1123/1123/1123 1122/1122/1122 1121/1121/1121
f 1124/1124/1124 1123/1123/1123 1121/1121/1121
f 1125/1125/1125 1124/1124/1124 1121/1121/1121
f 1126/1126/1126 1125/1125/1125 1121/1121/1121
f 1125/1125/1125 1127/1127/1127 1124/1124/1124
f 1127/1127/1127 1128/1128/1128 1124/1124/1124
f 1129/1129/1129 1125/1125/1125 1126/1126/1126
f 1130/1130/1130 1129/1129/1129 1126/1126/1126
f 1129/1129/1129 1130/1130/1130 1131/1131/1131
f 1132/1132/1132 1129/1129/1129 1131/1131/1131
f 1132/1132/1132 1131/1131/1131 1133/1133/1133
f 1134/1134/1134 1132/1132/1132 1133/1133/1133
f 1135/1135/1135 1134/1134/1134 1133/1133/1133
f 1136/1136/1136 1135/1135/1135 1133/1133/1133
f 1135/1135/1135 1137/1137/1137 1134/1134/1134
f 1137/1137/1137 1138/1138/1138 1134/1134/1134
f 1139/1139/1139 1132/1132/1132 1134/1134/1134
f 1138/1138/1138 1139/1139/1139 1134/1134/1134
f 1140/1140/1140 1129/1129/1129 1132/1132/1132
f 1139/1139/1139 1140/1140/1140 1132/1132/1132
f 1140/1140/1140 1127/1127/1127 1125/1125/1125
f 1129/1129/1129 1140/1140/1140 1125/1125/1125
f 1131/1131/1131 1141/1141/1141 1133/1133/1133
f 1141/1141/1141 1142/1142/1142 1133/1133/1133
f 1141/1141/1141 1143/1143/1143 1142/1142/1142
f 1143/1143/1143 1144/1144/1144 1142/1142/1142
f 1145/1145/1145 1141/1141/1141 1131/1131/1131
f 1130/1130/1130 1145/1145/1145 1131/1131/1131
f 1146/1146/1146 1143/1143/1143 1141/1141/1141
f 1145/1145/1145 1146/1146/1146 1141/1141/1141
f 1147/1147/1147 1136/1136/1136 1133/1133/1133
f 1142/1142/1142 1147/1147/1147 1133/1133/1133
f 1148/1148/1148 1147/1147/1147 1142/1142/1142
f 1144/1144/1144 1148/1148/1148 1142/1142/1142
f 1146/1146/1146 1145/1145/1145 1149/1149/1149
f 1149/1149/1149 1145/1145/1145 1126/1126/1126
f 1149/1149/1149 1126/1126/1126 1121/1121/1121
f 1118/1118/1118 1149/1149/1149 1121/1121/1121
f 1145/1145/1145 1130/1130/1130 1126/1126/1126
f 1116/1116/1116 1149/1149/1149 1118/1118/1118
f 1116/1116/1116 1146/1146/1146 1149/1149/1149
f 1140/1140/1140 1139/1139/1139 1150/1150/1150
f 1150/1150/1150 1139/1139/1139 1151/1151/1151
f 1150/1150/1150 1151/1151/1151 1152/1152/1152
f 1153/1153/1153 1150/1150/1150 1152/1152/1152
f 1154/1154/1154 1153/1153/1153 1152/1152/1152
f 1155/1155/1155 1154/1154/1154 1152/1152/1152
f 1156/1156/1156 1155/1155/1155 1152/1152/1152
f 1157/1157/1157 1156/1156/1156 1152/1152/1152
f 1156/1156/1156 1158/1158/1158 1155/1155/1155
f 1158/1158/1158 1159/1159/1159 1155/1155/1155
f 1154/1154/1154 1160/1160/1160 1153/1153/1153
f 1160/1160/1160 1161/1161/1161 1153/1153/1153
f 1162/1162/1162 1154/1154/1154 1155/1155/1155
f 1159/1159/1159 1162/1162/1162 1155/1155/1155
f 1163/1163/1163 1160/1160/1160 1154/1154/1154
f 1162/1162/1162 1163/1163/1163 1154/1154/1154
f 1139/1139/1139 1138/1138/1138 1151/1151/1151
f 1161/1161/1161 1164/1164/1164 1153/1153/1153
f 1164/1164/1164 1150/1150/1150 1153/1153/1153
f 1164/1164/1164 1140/1140/1140 1150/1150/1150
f 1165/1165/1165 1157/1157/1157 1152/1152/1152
f 1161/1161/1161 1160/1160/1160 1166/1166/1166
f 1164/1164/1164 1161/1161/1161 1166/1166/1166
f 1160/1160/1160 1167/1167/1167 1166/1166/1166
f 1160/1160/1160 1163/1163/1163 1167/1167/1167
f 1166/1166/1166 1167/1167/1167 1168/1168/1168
f 1167/1167/1167 1169/1169/1169 1168/1168/1168
f 1167/1167/1167 1170/1170/1170 1169/1169/1169
f 1163/1163/1163 1170/1170/1170 1167/1167/1167
f 1170/1170/1170 1171/1171/1171 1169/1169/1169
f 1169/1169/1169 1172/1172/1172 1168/1168/1168
f 1172/1172/1172 1173/1173/1173 1168/1168/1168
f 1172/1172/1172 1174/1174/1174 1173/1173/1173
f 1174/1174/1174 1175/1175/1175 1173/1173/1173
f 1175/1175/1175 1174/1174/1174 1176/1176/1176
f 1174/1174/1174 1177/1177/1177 1176/1176/1176
f 1176/1176/1176 1177/1177/1177 1178/1178/1178
f 1177/1177/1177 1179/1179/1179 1178/1178/1178
f 1177/1177/1177 1180/1180/1180 1179/1179/1179
f 1180/1180/1180 1181/1181/1181 1179/1179/1179
f 1181/1181/1181 1180/1180/1180 1182/1182/1182
f 1183/1183/1183 1181/1181/1181 1182/1182/1182
f 1181/1181/1181 1183/1183/1183 1179/1179/1179
f 1184/1184/1184 1183/1183/1183 1182/1182/1182
f 1184/1184/1184 1182/1182/1182 1185/1185/1185
f 1186/1186/1186 1184/1184/1184 1185/1185/1185
f 1187/1187/1187 1186/1186/1186 1185/1185/1185
f 1188/1188/1188 1187/1187/1187 1185/1185/1185
f 1189/1189/1189 1188/1188/1188 1185/1185/1185
f 1190/1190/1190 1189/1189/1189 1185/1185/1185
f 1189/1189/1189 1191/1191/1191 1188/1188/1188
f 1191/1191/1191 1192/1192/1192 1188/1188/1188
f 1192/1192/1192 1191/1191/1191 1193/1193/1193
f 1194/1194/1194 1192/1192/1192 1193/1193/1193
f 1194/1194/1194 1187/1187/1187 1188/1188/1188
f 1192/1192/1192 1194/1194/1194 1188/1188/1188
f 1195/1195/1195 1194/1194/1194 1193/1193/1193
f 1195/1195/1195 1193/1193/1193 1196/1196/1196
f 1197/1197/1197 1195/1195/1195 1196/1196/1196
f 1193/1193/1193 1198/1198/1198 1196/1196/1196
f 1191/1191/1191 1198/1198/1198 1193/1193/1193
f 1198/1198/1198 1199/1199/1199 1196/1196/1196
f 1199/1199/1199 1200/1200/1200 1196/1196/1196
f 1200/1200/1200 1201/1201/1201 1196/1196/1196
f 1200/1200/1200 1202/1202/1202 1201/1201/1201
f 1202/1202/1202 1203/1203/1203 1201/1201/1201
f 1204/1204/1204 1200/1200/1200 1199/1199/1199
f 1205/1205/1205 1204/1204/1204 1199/1199/1199
f 1206/1206/1206 1202/1202/1202 1200/1200/1200
f 1204/1204/1204 1206/1206/1206 1200/1200/1200
f 1201/1201/1201 1207/1207/1207 1196/1196/1196
f 1207/1207/1207 1208/1208/1208 1196/1196/1196
f 1209/1209/1209 1207/1207/1207 1201/1201/1201
f 1203/1203/1203 1209/1209/1209 1201/1201/1201
f 1210/1210/1210 1205/1205/1205 1199/1199/1199
f 1198/1198/1198 1210/1210/1210 1199/1199/1199
f 1211/1211/1211 1210/1210/1210 1198/1198/1198
f 1191/1191/1191 1211/1211/1211 1198/1198/1198
f 1211/1211/1211 1191/1191/1191 1189/1189/1189
f 1212/1212/1212 1211/1211/1211 1189/1189/1189
f 1212/1212/1212 1189/1189/1189 1190/1190/1190
f 1213/1213/1213 1212/1212/1212 1190/1190/1190
f 1214/1214/1214 1213/1213/1213 1190/1190/1190
f 1215/1215/1215 1214/1214/1214 1190/1190/1190
f 1215/1215/1215 1190/1190/1190 1185/1185/1185
f 1182/1182/1182 1215/1215/1215 1185/1185/1185
f 1180/1180/1180 1215/1215/1215 1182/1182/1182
f 1216/1216/1216 1214/1214/1214 1215/1215/1215
f 1180/1180/1180 1216/1216/1216 1215/1215/1215
f 1216/1216/1216 1180/1180/1180 1177/1177/1177
f 1174/1174/1174 1216/1216/1216 1177/1177/1177
f 1216/1216/1216 1174/1174/1174 1172/1172/1172
f 1217/1217/1217 1216/1216/1216 1172/1172/1172
f 1217/1217/1217 1172/1172/1172 1169/1169/1169
f 1171/1171/1171 1217/1217/1217 1169/1169/1169
f 1212/1212/1212 1213/1213/1213 1218/1218/1218
f 1213/1213/1213 1214/1214/1214 1218/1218/1218
f 1219/1219/1219 1212/1212/1212 1218/1218/1218
f 1219/1219/1219 1218/1218/1218 1220/1220/1220
f 1221/1221/1221 1219/1219/1219 1220/1220/1220
f 1222/1222/1222 1221/1221/1221 1220/1220/1220
f 1223/1223/1223 1222/1222/1222 1220/1220/1220
f 1222/1222/1222 1224/1224/1224 1221/1221/1221
f 1224/1224/1224 1225/1225/1225 1221/1221/1221
f 1226/1226/1226 1222/1222/1222 1223/1223/1223
f 1227/1227/1227 1226/1226/1226 1223/1223/1223
f 1226/1226/1226 1227/1227/1227 1228/1228/1228
f 1229/1229/1229 1226/1226/1226 1228/1228/1228
f 1229/1229/1229 1228/1228/1228 1230/1230/1230
f 1231/1231/1231 1229/1229/1229 1230/1230/1230
f 1232/1232/1232 1231/1231/1231 1230/1230/1230
f 1233/1233/1233 1232/1232/1232 1230/1230/1230
f 1232/1232/1232 1234/1234/1234 1231/1231/1231
f 1234/1234/1234 1235/1235/1235 1231/1231/1231
f 1236/1236/1236 1226/1226/1226 1229/1229/1229
f 1236/1236/1236 1224/1224/1224 1222/1222/1222
f 1226/1226/1226 1236/1236/1236 1222/1222/1222
f 1237/1237/1237 1236/1236/1236 1229/1229/1229
f 1237/1237/1237 1229/1229/1229 1238/1238/1238
f 1235/1235/1235 1237/1237/1237 1238/1238/1238
f 1228/1228/1228 1239/1239/1239 1230/1230/1230
f 1239/1239/1239 1240/1240/1240 1230/1230/1230
f 1239/1239/1239 1162/1162/1162 1240/1240/1240
f 1162/1162/1162 1159/1159/1159 1240/1240/1240
f 1241/1241/1241 1239/1239/1239 1228/1228/1228
f 1227/1227/1227 1241/1241/1241 1228/1228/1228
f 1163/1163/1163 1162/1162/1162 1239/1239/1239
f 1241/1241/1241 1163/1163/1163 1239/1239/1239
f 1242/1242/1242 1233/1233/1233 1230/1230/1230
f 1240/1240/1240 1242/1242/1242 1230/1230/1230
f 1158/1158/1158 1242/1242/1242 1240/1240/1240
f 1159/1159/1159 1158/1158/1158 1240/1240/1240
f 1241/1241/1241 1227/1227/1227 1223/1223/1223
f 1243/1243/1243 1241/1241/1241 1223/1223/1223
f 1163/1163/1163 1241/1241/1241 1243/1243/1243
f 1243/1243/1243 1223/1223/1223 1220/1220/1220
f 1244/1244/1244 1243/1243/1243 1220/1220/1220
f 1245/1245/1245 1244/1244/1244 1220/1220/1220
f 1218/1218/1218 1245/1245/1245 1220/1220/1220
f 1245/1245/1245 1217/1217/1217 1244/1244/1244
f 1217/1217/1217 1171/1171/1171 1244/1244/1244
f 1214/1214/1214 1245/1245/1245 1218/1218/1218
f 1216/1216/1216 1217/1217/1217 1245/1245/1245
f 1214/1214/1214 1216/1216/1216 1245/1245/1245
f 1170/1170/1170 1243/1243/1243 1244/1244/1244
f 1171/1171/1171 1170/1170/1170 1244/1244/1244
f 1170/1170/1170 1163/1163/1163 1243/1243/1243
f 1248/1248/1248 1247/1247/1247 1246/1246/1246
f 1249/1249/1249 1248/1248/1248 1246/1246/1246
f 1252/1252/1252 1251/1251/1251 1250/1250/1250
f 1253/1253/1253 1252/1252/1252 1250/1250/1250
f 1252/1252/1252 1253/1253/1253 1254/1254/1254
f 1255/1255/1255 1252/1252/1252 1254/1254/1254
f 1255/1255/1255 1254/1254/1254 1256/1256/1256
f 1257/1257/1257 1255/1255/1255 1256/1256/1256
f 1258/1258/1258 1257/1257/1257 1256/1256/1256
f 1259/1259/1259 1258/1258/1258 1256/1256/1256
f 1260/1260/1260 1258/1258/1258 1259/1259/1259
f 1261/1261/1261 1260/1260/1260 1259/1259/1259
f 1260/1260/1260 1261/1261/1261 1262/1262/1262
f 1263/1263/1263 1260/1260/1260 1262/1262/1262
f 1263/1263/1263 1262/1262/1262 1264/1264/1264
f 1265/1265/1265 1263/1263/1263 1264/1264/1264
f 1266/1266/1266 1265/1265/1265 1264/1264/1264
f 1267/1267/1267 1266/1266/1266 1264/1264/1264
f 1268/1268/1268 1266/1266/1266 1267/1267/1267
f 1269/1269/1269 1268/1268/1268 1267/1267/1267
f 1268/1268/1268 1269/1269/1269 1270/1270/1270
f 1271/1271/1271 1268/1268/1268 1270/1270/1270
f 1271/1271/1271 1270/1270/1270 1272/1272/1272
f 1273/1273/1273 1271/1271/1271 1272/1272/1272
f 1274/1274/1274 1273/1273/1273 1272/1272/1272
f 1275/1275/1275 1274/1274/1274 1272/1272/1272
f 1276/1276/1276 1274/1274/1274 1275/1275/1275
f 1277/1277/1277 1276/1276/1276 1275/1275/1275
f 1276/1276/1276 1277/1277/1277 1278/1278/1278
f 1279/1279/1279 1276/1276/1276 1278/1278/1278
f 1279/1279/1279 1278/1278/1278 1280/1280/1280
f 1281/1281/1281 1279/1279/1279 1280/1280/1280
f 1282/1282/1282 1281/1281/1281 1280/1280/1280
f 1283/1283/1283 1282/1282/1282 1280/1280/1280
f 1284/1284/1284 1282/1282/1282 1283/1283/1283
f 1285/1285/1285 1284/1284/1284 1283/1283/1283
f 1284/1284/1284 1285/1285/1285 1286/1286/1286
f 1287/1287/1287 1284/1284/1284 1286/1286/1286
f 1287/1287/1287 1286/1286/1286 1197/1197/1197
f 1288/1288/1288 1287/1287/1287 1197/1197/1197
f 1289/1289/1289 1288/1288/1288 1197/1197/1197
f 1290/1290/1290 1289/1289/1289 1197/1197/1197
f 1291/1291/1291 1289/1289/1289 1290/1290/1290
f 1209/1209/1209 1291/1291/1291 1290/1290/1290
f 1291/1291/1291 1209/1209/1209 1292/1292/1292
f 1293/1293/1293 1291/1291/1291 1292/1292/1292
f 1209/1209/1209 1203/1203/1203 1294/1294/1294
f 1295/1295/1295 1209/1209/1209 1294/1294/1294
f 1295/1295/1295 1294/1294/1294 1296/1296/1296
f 1297/1297/1297 1295/1295/1295 1296/1296/1296
f 1293/1293/1293 1295/1295/1295 1297/1297/1297
f 1298/1298/1298 1293/1293/1293 1297/1297/1297
f 1294/1294/1294 1299/1299/1299 1296/1296/1296
f 1299/1299/1299 1300/1300/1300 1296/1296/1296
f 1299/1299/1299 1301/1301/1301 1300/1300/1300
f 1301/1301/1301 1302/1302/1302 1300/1300/1300
f 1302/1302/1302 1301/1301/1301 1303/1303/1303
f 1301/1301/1301 1304/1304/1304 1303/1303/1303
f 1303/1303/1303 1304/1304/1304 1305/1305/1305
f 1304/1304/1304 1306/1306/1306 1305/1305/1305
f 1304/1304/1304 1307/1307/1307 1306/1306/1306
f 1307/1307/1307 1308/1308/1308 1306/1306/1306
f 1308/1308/1308 1307/1307/1307 1309/1309/1309
f 1310/1310/1310 1308/1308/1308 1309/1309/1309
f 1308/1308/1308 1310/1310/1310 1306/1306/1306
f 1311/1311/1311 1310/1310/1310 1309/1309/1309
f 1311/1311/1311 1309/1309/1309 1312/1312/1312
f 1313/1313/1313 1311/1311/1311 1312/1312/1312
f 1314/1314/1314 1311/1311/1311 1313/1313/1313
f 1315/1315/1315 1314/1314/1314 1313/1313/1313
f 1314/1314/1314 1315/1315/1315 1316/1316/1316
f 1317/1317/1317 1314/1314/1314 1316/1316/1316
f 1317/1317/1317 1316/1316/1316 1318/1318/1318
f 1319/1319/1319 1317/1317/1317 1318/1318/1318
f 1320/1320/1320 1319/1319/1319 1318/1318/1318
f 1321/1321/1321 1320/1320/1320 1318/1318/1318
f 1320/1320/1320 1322/1322/1322 1319/1319/1319
f 1322/1322/1322 1323/1323/1323 1319/1319/1319
f 1324/1324/1324 1317/1317/1317 1319/1319/1319
f 1323/1323/1323 1324/1324/1324 1319/1319/1319
f 1325/1325/1325 1314/1314/1314 1317/1317/1317
f 1324/1324/1324 1325/1325/1325 1317/1317/1317
f 1325/1325/1325 1310/1310/1310 1311/1311/1311
f 1314/1314/1314 1325/1325/1325 1311/1311/1311
f 1316/1316/1316 1326/1326/1326 1318/1318/1318
f 1326/1326/1326 1327/1327/1327 1318/1318/1318
f 1326/1326/1326 1237/1237/1237 1327/1327/1327
f 1237/1237/1237 1328/1328/1328 1327/1327/1327
f 1329/1329/1329 1326/1326/1326 1316/1316/1316
f 1315/1315/1315 1329/1329/1329 1316/1316/1316
f 1236/1236/1236 1237/1237/1237 1326/1326/1326
f 1329/1329/1329 1236/1236/1236 1326/1326/1326
f 1327/1327/1327 1330/1330/1330 1318/1318/1318
f 1330/1330/1330 1331/1331/1331 1318/1318/1318
f 1236/1236/1236 1329/1329/1329 1332/1332/1332
f 1332/1332/1332 1329/1329/1329 1313/1313/1313
f 1332/1332/1332 1313/1313/1313 1312/1312/1312
f 1333/1333/1333 1332/1332/1332 1312/1312/1312
f 1334/1334/1334 1333/1333/1333 1312/1312/1312
f 1335/1335/1335 1334/1334/1334 1312/1312/1312
f 1336/1336/1336 1335/1335/1335 1312/1312/1312
f 1309/1309/1309 1336/1336/1336 1312/1312/1312
f 1336/1336/1336 1204/1204/1204 1335/1335/1335
f 1204/1204/1204 1205/1205/1205 1335/1335/1335
f 1307/1307/1307 1336/1336/1336 1309/1309/1309
f 1206/1206/1206 1204/1204/1204 1336/1336/1336
f 1307/1307/1307 1206/1206/1206 1336/1336/1336
f 1334/1334/1334 1337/1337/1337 1333/1333/1333
f 1337/1337/1337 1225/1225/1225 1333/1333/1333
f 1225/1225/1225 1337/1337/1337 1221/1221/1221
f 1337/1337/1337 1219/1219/1219 1221/1221/1221
f 1337/1337/1337 1211/1211/1211 1219/1219/1219
f 1211/1211/1211 1337/1337/1337 1334/1334/1334
f 1211/1211/1211 1212/1212/1212 1219/1219/1219
f 1210/1210/1210 1334/1334/1334 1335/1335/1335
f 1205/1205/1205 1210/1210/1210 1335/1335/1335
f 1210/1210/1210 1211/1211/1211 1334/1334/1334
f 1225/1225/1225 1224/1224/1224 1333/1333/1333
f 1206/1206/1206 1307/1307/1307 1304/1304/1304
f 1301/1301/1301 1206/1206/1206 1304/1304/1304
f 1206/1206/1206 1301/1301/1301 1299/1299/1299
f 1202/1202/1202 1206/1206/1206 1299/1299/1299
f 1202/1202/1202 1299/1299/1299 1294/1294/1294
f 1203/1203/1203 1202/1202/1202 1294/1294/1294
f 1224/1224/1224 1332/1332/1332 1333/1333/1333
f 1224/1224/1224 1236/1236/1236 1332/1332/1332
f 1340/1340/1340 1339/1339/1339 1338/1338/1338
f 1341/1341/1341 1340/1340/1340 1338/1338/1338
f 1339/1339/1339 1342/1342/1342 1338/1338/1338
f 1342/1342/1342 1343/1343/1343 1338/1338/1338
f 1342/1342/1342 1344/1344/1344 1343/1343/1343
f 1344/1344/1344 1345/1345/1345 1343/1343/1343
f 1345/1345/1345 1344/1344/1344 1346/1346/1346
f 1344/1344/1344 1347/1347/1347 1346/1346/1346
f 1346/1346/1346 1347/1347/1347 1348/1348/1348
f 1347/1347/1347 1349/1349/1349 1348/1348/1348
f 1349/1349/1349 1350/1350/1350 1348/1348/1348
f 1350/1350/1350 1351/1351/1351 1348/1348/1348
f 1350/1350/1350 1352/1352/1352 1351/1351/1351
f 1352/1352/1352 1353/1353/1353 1351/1351/1351
f 1353/1353/1353 1352/1352/1352 1354/1354/1354
f 1352/1352/1352 1355/1355/1355 1354/1354/1354
f 1354/1354/1354 1355/1355/1355 1356/1356/1356
f 1355/1355/1355 1357/1357/1357 1356/1356/1356
f 1357/1357/1357 1358/1358/1358 1356/1356/1356
f 1358/1358/1358 1359/1359/1359 1356/1356/1356
f 1362/1362/1362 1361/1361/1361 1360/1360/1360
f 1363/1363/1363 1362/1362/1362 1360/1360/1360
f 1361/1361/1361 1364/1364/1364 1360/1360/1360
f 1364/1364/1364 1365/1365/1365 1360/1360/1360
f 1364/1364/1364 1366/1366/1366 1365/1365/1365
f 1366/1366/1366 1367/1367/1367 1365/1365/1365
f 1367/1367/1367 1366/1366/1366 1368/1368/1368
f 1366/1366/1366 1369/1369/1369 1368/1368/1368
f 1368/1368/1368 1369/1369/1369 1370/1370/1370
f 1369/1369/1369 1371/1371/1371 1370/1370/1370
f 1371/1371/1371 1372/1372/1372 1370/1370/1370
f 1372/1372/1372 1373/1373/1373 1370/1370/1370
f 1372/1372/1372 1374/1374/1374 1373/1373/1373
f 1374/1374/1374 1375/1375/1375 1373/1373/1373
f 1375/1375/1375 1374/1374/1374 1376/1376/1376
f 1374/1374/1374 1377/1377/1377 1376/1376/1376
f 1376/1376/1376 1377/1377/1377 1378/1378/1378
f 1377/1377/1377 1379/1379/1379 1378/1378/1378
f 1379/1379/1379 1380/1380/1380 1378/1378/1378
f 1380/1380/1380 1381/1381/1381 1378/1378/1378
f 1384/1384/1384 1383/1383/1383 1382/1382/1382
f 1385/1385/1385 1384/1384/1384 1382/1382/1382
f 1388/1388/1388 1387/1387/1387 1386/1386/1386
f 1389/1389/1389 1388/1388/1388 1386/1386/1386
f 1391/1391/1391 1390/1390/1390 1178/1178/1178
f 1179/1179/1179 1391/1391/1391 1178/1178/1178
f 1183/1183/1183 1391/1391/1391 1179/1179/1179
f 1390/1390/1390 1392/1392/1392 1178/1178/1178
f 1392/1392/1392 1393/1393/1393 1178/1178/1178
f 1392/1392/1392 1394/1394/1394 1393/1393/1393
f 1394/1394/1394 1395/1395/1395 1393/1393/1393
f 1393/1393/1393 1396/1396/1396 1178/1178/1178
f 1396/1396/1396 1176/1176/1176 1178/1178/1178
f 1396/1396/1396 1397/1397/1397 1176/1176/1176
f 1397/1397/1397 1175/1175/1175 1176/1176/1176
f 1398/1398/1398 1396/1396/1396 1393/1393/1393
f 1395/1395/1395 1398/1398/1398 1393/1393/1393
f 1399/1399/1399 1397/1397/1397 1396/1396/1396
f 1398/1398/1398 1399/1399/1399 1396/1396/1396
f 1398/1398/1398 1395/1395/1395 1400/1400/1400
f 1395/1395/1395 1394/1394/1394 1400/1400/1400
f 1401/1401/1401 1398/1398/1398 1400/1400/1400
f 1399/1399/1399 1398/1398/1398 1401/1401/1401
f 1401/1401/1401 1400/1400/1400 1402/1402/1402
f 1403/1403/1403 1401/1401/1401 1402/1402/1402
f 1404/1404/1404 1401/1401/1401 1403/1403/1403
f 1404/1404/1404 1399/1399/1399 1401/1401/1401
f 1405/1405/1405 1404/1404/1404 1403/1403/1403
f 1400/1400/1400 1406/1406/1406 1402/1402/1402
f 1394/1394/1394 1406/1406/1406 1400/1400/1400
f 1406/1406/1406 1407/1407/1407 1402/1402/1402
f 1407/1407/1407 1408/1408/1408 1402/1402/1402
f 1408/1408/1408 1409/1409/1409 1402/1402/1402
f 1408/1408/1408 1410/1410/1410 1409/1409/1409
f 1410/1410/1410 1411/1411/1411 1409/1409/1409
f 1412/1412/1412 1403/1403/1403 1402/1402/1402
f 1409/1409/1409 1412/1412/1412 1402/1402/1402
f 1413/1413/1413 1405/1405/1405 1403/1403/1403
f 1412/1412/1412 1413/1413/1413 1403/1403/1403
f 1414/1414/1414 1412/1412/1412 1409/1409/1409
f 1411/1411/1411 1414/1414/1414 1409/1409/1409
f 1415/1415/1415 1413/1413/1413 1412/1412/1412
f 1414/1414/1414 1415/1415/1415 1412/1412/1412
f 1404/1404/1404 1405/1405/1405 1122/1122/1122
f 1405/1405/1405 1413/1413/1413 1122/1122/1122
f 1123/1123/1123 1404/1404/1404 1122/1122/1122
f 1399/1399/1399 1404/1404/1404 1123/1123/1123
f 1416/1416/1416 1399/1399/1399 1123/1123/1123
f 1416/1416/1416 1123/1123/1123 1124/1124/1124
f 1128/1128/1128 1416/1416/1416 1124/1124/1124
f 1413/1413/1413 1120/1120/1120 1122/1122/1122
f 1413/1413/1413 1415/1415/1415 1120/1120/1120
f 1415/1415/1415 1119/1119/1119 1120/1120/1120
f 1416/1416/1416 1128/1128/1128 1417/1417/1417
f 1418/1418/1418 1416/1416/1416 1417/1417/1417
f 1399/1399/1399 1416/1416/1416 1418/1418/1418
f 1418/1418/1418 1417/1417/1417 1168/1168/1168
f 1173/1173/1173 1418/1418/1418 1168/1168/1168
f 1397/1397/1397 1418/1418/1418 1173/1173/1173
f 1397/1397/1397 1399/1399/1399 1418/1418/1418
f 1175/1175/1175 1397/1397/1397 1173/1173/1173
f 1417/1417/1417 1419/1419/1419 1168/1168/1168
f 1419/1419/1419 1166/1166/1166 1168/1168/1168
f 1419/1419/1419 1164/1164/1164 1166/1166/1166
f 1127/1127/1127 1419/1419/1419 1417/1417/1417
f 1128/1128/1128 1127/1127/1127 1417/1417/1417
f 1140/1140/1140 1164/1164/1164 1419/1419/1419
f 1127/1127/1127 1140/1140/1140 1419/1419/1419
f 1119/1119/1119 1415/1415/1415 1112/1112/1112
f 1415/1415/1415 1420/1420/1420 1112/1112/1112
f 1112/1112/1112 1420/1420/1420 1111/1111/1111
f 1420/1420/1420 1421/1421/1421 1111/1111/1111
f 1421/1421/1421 1422/1422/1422 1111/1111/1111
f 1422/1422/1422 1109/1109/1109 1111/1111/1111
f 1422/1422/1422 1090/1090/1090 1109/1109/1109
f 1090/1090/1090 1095/1095/1095 1109/1109/1109
f 1421/1421/1421 1420/1420/1420 1423/1423/1423
f 1422/1422/1422 1421/1421/1421 1423/1423/1423
f 1420/1420/1420 1424/1424/1424 1423/1423/1423
f 1420/1420/1420 1415/1415/1415 1424/1424/1424
f 1423/1423/1423 1424/1424/1424 1425/1425/1425
f 1424/1424/1424 1426/1426/1426 1425/1425/1425
f 1424/1424/1424 1414/1414/1414 1426/1426/1426
f 1415/1415/1415 1414/1414/1414 1424/1424/1424
f 1414/1414/1414 1411/1411/1411 1426/1426/1426
f 1426/1426/1426 1427/1427/1427 1425/1425/1425
f 1427/1427/1427 1428/1428/1428 1425/1425/1425
f 1410/1410/1410 1427/1427/1427 1426/1426/1426
f 1411/1411/1411 1410/1410/1410 1426/1426/1426
f 1428/1428/1428 1429/1429/1429 1425/1425/1425
f 1429/1429/1429 1430/1430/1430 1425/1425/1425
f 1429/1429/1429 1092/1092/1092 1430/1430/1430
f 1092/1092/1092 1087/1087/1087 1430/1430/1430
f 1431/1431/1431 1423/1423/1423 1425/1425/1425
f 1430/1430/1430 1431/1431/1431 1425/1425/1425
f 1431/1431/1431 1422/1422/1422 1423/1423/1423
f 1088/1088/1088 1431/1431/1431 1430/1430/1430
f 1087/1087/1087 1088/1088/1088 1430/1430/1430
f 1090/1090/1090 1422/1422/1422 1431/1431/1431
f 1088/1088/1088 1090/1090/1090 1431/1431/1431
f 1432/1432/1432 960/960/960 961/961/961
f 977/977/977 1432/1432/1432 961/961/961
f 960/960/960 1432/1432/1432 953/953/953
f 1432/1432/1432 1433/1433/1433 953/953/953
f 953/953/953 1433/1433/1433 952/952/952
f 1433/1433/1433 1434/1434/1434 952/952/952
f 1434/1434/1434 1435/1435/1435 952/952/952
f 1435/1435/1435 950/950/950 952/952/952
f 1435/1435/1435 1436/1436/1436 950/950/950
f 1436/1436/1436 949/949/949 950/950/950
f 949/949/949 1436/1436/1436 942/942/942
f 1436/1436/1436 1437/1437/1437 942/942/942
f 942/942/942 1437/1437/1437 941/941/941
f 1437/1437/1437 1438/1438/1438 941/941/941
f 1438/1438/1438 1439/1439/1439 941/941/941
f 1439/1439/1439 939/939/939 941/941/941
f 1439/1439/1439 1440/1440/1440 939/939/939
f 1440/1440/1440 938/938/938 939/939/939
f 938/938/938 1440/1440/1440 1441/1441/1441
f 938/938/938 1441/1441/1441 934/934/934
f 934/934/934 1441/1441/1441 933/933/933
f 1441/1441/1441 1442/1442/1442 933/933/933
f 1441/1441/1441 1443/1443/1443 1442/1442/1442
f 1440/1440/1440 1443/1443/1443 1441/1441/1441
f 1443/1443/1443 1444/1444/1444 1442/1442/1442
f 1442/1442/1442 1445/1445/1445 933/933/933
f 1445/1445/1445 1446/1446/1446 933/933/933
f 1445/1445/1445 1447/1447/1447 1446/1446/1446
f 1447/1447/1447 1448/1448/1448 1446/1446/1446
f 1449/1449/1449 1445/1445/1445 1442/1442/1442
f 1444/1444/1444 1449/1449/1449 1442/1442/1442
f 1450/1450/1450 1447/1447/1447 1445/1445/1445
f 1449/1449/1449 1450/1450/1450 1445/1445/1445
f 1446/1446/1446 1451/1451/1451 933/933/933
f 1451/1451/1451 931/931/931 933/933/933
f 1451/1451/1451 1452/1452/1452 931/931/931
f 1452/1452/1452 930/930/930 931/931/931
f 1453/1453/1453 1451/1451/1451 1446/1446/1446
f 1448/1448/1448 1453/1453/1453 1446/1446/1446
f 1454/1454/1454 1452/1452/1452 1451/1451/1451
f 1453/1453/1453 1454/1454/1454 1451/1451/1451
f 930/930/930 1452/1452/1452 928/928/928
f 1452/1452/1452 1455/1455/1455 928/928/928
f 1452/1452/1452 1454/1454/1454 1455/1455/1455
f 928/928/928 1455/1455/1455 923/923/923
f 1455/1455/1455 1456/1456/1456 923/923/923
f 1455/1455/1455 1457/1457/1457 1456/1456/1456
f 1454/1454/1454 1457/1457/1457 1455/1455/1455
f 1457/1457/1457 1458/1458/1458 1456/1456/1456
f 1456/1456/1456 1459/1459/1459 923/923/923
f 1459/1459/1459 921/921/921 923/923/923
f 1459/1459/1459 917/917/917 921/921/921
f 1460/1460/1460 1459/1459/1459 1456/1456/1456
f 1458/1458/1458 1460/1460/1460 1456/1456/1456
f 1461/1461/1461 917/917/917 1459/1459/1459
f 1460/1460/1460 1461/1461/1461 1459/1459/1459
f 917/917/917 1461/1461/1461 901/901/901
f 1461/1461/1461 900/900/900 901/901/901
f 1460/1460/1460 1458/1458/1458 1462/1462/1462
f 1458/1458/1458 1457/1457/1457 1462/1462/1462
f 1463/1463/1463 1460/1460/1460 1462/1462/1462
f 1461/1461/1461 1460/1460/1460 1463/1463/1463
f 1463/1463/1463 1462/1462/1462 1464/1464/1464
f 1465/1465/1465 1463/1463/1463 1464/1464/1464
f 1466/1466/1466 1463/1463/1463 1465/1465/1465
f 1466/1466/1466 1461/1461/1461 1463/1463/1463
f 1467/1467/1467 1466/1466/1466 1465/1465/1465
f 1462/1462/1462 1468/1468/1468 1464/1464/1464
f 1457/1457/1457 1468/1468/1468 1462/1462/1462
f 1468/1468/1468 1469/1469/1469 1464/1464/1464
f 1468/1468/1468 1470/1470/1470 1469/1469/1469
f 1470/1470/1470 1471/1471/1471 1469/1469/1469
f 1454/1454/1454 1470/1470/1470 1468/1468/1468
f 1457/1457/1457 1454/1454/1454 1468/1468/1468
f 1469/1469/1469 1472/1472/1472 1464/1464/1464
f 1472/1472/1472 1473/1473/1473 1464/1464/1464
f 1472/1472/1472 1474/1474/1474 1473/1473/1473
f 1474/1474/1474 1475/1475/1475 1473/1473/1473
f 1475/1475/1475 1474/1474/1474 1476/1476/1476
f 1477/1477/1477 1475/1475/1475 1476/1476/1476
f 1475/1475/1475 1477/1477/1477 1473/1473/1473
f 1478/1478/1478 1477/1477/1477 1476/1476/1476
f 884/884/884 1477/1477/1477 1478/1478/1478
f 870/870/870 884/884/884 1478/1478/1478
f 1474/1474/1474 1479/1479/1479 1476/1476/1476
f 1474/1474/1474 855/855/855 1479/1479/1479
f 855/855/855 1474/1474/1474 1472/1472/1472
f 855/855/855 853/853/853 1479/1479/1479
f 1480/1480/1480 855/855/855 1472/1472/1472
f 1480/1480/1480 1472/1472/1472 1469/1469/1469
f 1471/1471/1471 1480/1480/1480 1469/1469/1469
f 1477/1477/1477 1481/1481/1481 1473/1473/1473
f 1477/1477/1477 884/884/884 1481/1481/1481
f 1473/1473/1473 1481/1481/1481 1464/1464/1464
f 1481/1481/1481 1465/1465/1465 1464/1464/1464
f 1481/1481/1481 1482/1482/1482 1465/1465/1465
f 884/884/884 1482/1482/1482 1481/1481/1481
f 1482/1482/1482 1467/1467/1467 1465/1465/1465
f 1467/1467/1467 1482/1482/1482 892/892/892
f 1466/1466/1466 1467/1467/1467 892/892/892
f 893/893/893 1466/1466/1466 892/892/892
f 1461/1461/1461 1466/1466/1466 893/893/893
f 900/900/900 1461/1461/1461 893/893/893
f 1482/1482/1482 890/890/890 892/892/892
f 1482/1482/1482 884/884/884 890/890/890
f 1480/1480/1480 1471/1471/1471 1483/1483/1483
f 1471/1471/1471 1470/1470/1470 1483/1483/1483
f 1470/1470/1470 1484/1484/1484 1483/1483/1483
f 1483/1483/1483 1484/1484/1484 1485/1485/1485
f 1484/1484/1484 1486/1486/1486 1485/1485/1485
f 1484/1484/1484 1453/1453/1453 1486/1486/1486
f 1453/1453/1453 1448/1448/1448 1486/1486/1486
f 1454/1454/1454 1453/1453/1453 1484/1484/1484
f 1470/1470/1470 1454/1454/1454 1484/1484/1484
f 1486/1486/1486 1487/1487/1487 1485/1485/1485
f 1487/1487/1487 1488/1488/1488 1485/1485/1485
f 1487/1487/1487 1489/1489/1489 1488/1488/1488
f 1489/1489/1489 1490/1490/1490 1488/1488/1488
f 1447/1447/1447 1487/1487/1487 1486/1486/1486
f 1448/1448/1448 1447/1447/1447 1486/1486/1486
f 1450/1450/1450 1489/1489/1489 1487/1487/1487
f 1447/1447/1447 1450/1450/1450 1487/1487/1487
f 1488/1488/1488 1491/1491/1491 1485/1485/1485
f 1491/1491/1491 1492/1492/1492 1485/1485/1485
f 1491/1491/1491 860/860/860 1492/1492/1492
f 860/860/860 852/852/852 1492/1492/1492
f 1493/1493/1493 1491/1491/1491 1488/1488/1488
f 1490/1490/1490 1493/1493/1493 1488/1488/1488
f 861/861/861 860/860/860 1491/1491/1491
f 1493/1493/1493 861/861/861 1491/1491/1491
f 852/852/852 851/851/851 1492/1492/1492
f 851/851/851 1494/1494/1494 1492/1492/1492
f 1492/1492/1492 1494/1494/1494 1485/1485/1485
f 1494/1494/1494 1483/1483/1483 1485/1485/1485
f 1494/1494/1494 1480/1480/1480 1483/1483/1483
f 855/855/855 1480/1480/1480 1494/1494/1494
f 851/851/851 855/855/855 1494/1494/1494
f 1490/1490/1490 1489/1489/1489 1495/1495/1495
f 1493/1493/1493 1490/1490/1490 1495/1495/1495
f 1489/1489/1489 1496/1496/1496 1495/1495/1495
f 1489/1489/1489 1450/1450/1450 1496/1496/1496
f 1450/1450/1450 1497/1497/1497 1496/1496/1496
f 1498/1498/1498 1493/1493/1493 1495/1495/1495
f 861/861/861 1493/1493/1493 1498/1498/1498
f 1499/1499/1499 861/861/861 1498/1498/1498
f 861/861/861 1499/1499/1499 1500/1500/1500
f 858/858/858 861/861/861 1500/1500/1500
f 858/858/858 1500/1500/1500 1501/1501/1501
f 859/859/859 858/858/858 1501/1501/1501
f 1497/1497/1497 1450/1450/1450 1502/1502/1502
f 1450/1450/1450 1449/1449/1449 1502/1502/1502
f 1502/1502/1502 1449/1449/1449 1503/1503/1503
f 1449/1449/1449 1444/1444/1444 1503/1503/1503
f 1444/1444/1444 1443/1443/1443 1503/1503/1503
f 1443/1443/1443 1504/1504/1504 1503/1503/1503
f 1443/1443/1443 1440/1440/1440 1504/1504/1504
f 1440/1440/1440 1505/1505/1505 1504/1504/1504
f 1505/1505/1505 1440/1440/1440 1506/1506/1506
f 1440/1440/1440 1439/1439/1439 1506/1506/1506
f 1506/1506/1506 1439/1439/1439 1507/1507/1507
f 1439/1439/1439 1438/1438/1438 1507/1507/1507
f 1438/1438/1438 1437/1437/1437 1507/1507/1507
f 1437/1437/1437 1508/1508/1508 1507/1507/1507
f 1437/1437/1437 1436/1436/1436 1508/1508/1508
f 1436/1436/1436 1509/1509/1509 1508/1508/1508
f 1509/1509/1509 1436/1436/1436 1510/1510/1510
f 1436/1436/1436 1435/1435/1435 1510/1510/1510
f 1510/1510/1510 1435/1435/1435 1511/1511/1511
f 1435/1435/1435 1434/1434/1434 1511/1511/1511
f 1434/1434/1434 1433/1433/1433 1511/1511/1511
f 1433/1433/1433 1512/1512/1512 1511/1511/1511
f 1433/1433/1433 1432/1432/1432 1512/1512/1512
f 1432/1432/1432 1513/1513/1513 1512/1512/1512
f 1513/1513/1513 1432/1432/1432 1514/1514/1514
f 1432/1432/1432 977/977/977 1514/1514/1514
f 1514/1514/1514 977/977/977 1515/1515/1515
f 977/977/977 974/974/974 1515/1515/1515
f 974/974/974 973/973/973 1515/1515/1515
f 973/973/973 1516/1516/1516 1515/1515/1515
f 973/973/973 976/976/976 1516/1516/1516
f 976/976/976 1517/1517/1517 1516/1516/1516
f 1517/1517/1517 976/976/976 1518/1518/1518
f 976/976/976 1519/1519/1519 1518/1518/1518
f 1519/1519/1519 976/976/976 1520/1520/1520
f 1519/1519/1519 1520/1520/1520 1521/1521/1521
f 1521/1521/1521 1520/1520/1520 1522/1522/1522
f 1520/1520/1520 1523/1523/1523 1522/1522/1522
f 1520/1520/1520 975/975/975 1523/1523/1523
f 976/976/976 975/975/975 1520/1520/1520
f 975/975/975 969/969/969 1523/1523/1523
f 1524/1524/1524 1519/1519/1519 1521/1521/1521
f 1523/1523/1523 1525/1525/1525 1522/1522/1522
f 1525/1525/1525 1526/1526/1526 1522/1522/1522
f 1526/1526/1526 1527/1527/1527 1522/1522/1522
f 1527/1527/1527 1528/1528/1528 1522/1522/1522
f 1529/1529/1529 1527/1527/1527 1526/1526/1526
f 1530/1530/1530 1529/1529/1529 1526/1526/1526
f 1529/1529/1529 1531/1531/1531 1527/1527/1527
f 1531/1531/1531 1532/1532/1532 1527/1527/1527
f 1528/1528/1528 1533/1533/1533 1522/1522/1522
f 1533/1533/1533 1534/1534/1534 1522/1522/1522
f 1533/1533/1533 1535/1535/1535 1534/1534/1534
f 1535/1535/1535 1536/1536/1536 1534/1534/1534
f 1537/1537/1537 1530/1530/1530 1526/1526/1526
f 1525/1525/1525 1537/1537/1537 1526/1526/1526
f 972/972/972 1537/1537/1537 1525/1525/1525
f 1537/1537/1537 972/972/972 1538/1538/1538
f 1537/1537/1537 1538/1538/1538 1539/1539/1539
f 1539/1539/1539 1538/1538/1538 1540/1540/1540
f 1538/1538/1538 1541/1541/1541 1540/1540/1540
f 1538/1538/1538 1542/1542/1542 1541/1541/1541
f 972/972/972 1542/1542/1542 1538/1538/1538
f 1542/1542/1542 972/972/972 1543/1543/1543
f 1542/1542/1542 1543/1543/1543 1544/1544/1544
f 1544/1544/1544 1543/1543/1543 1545/1545/1545
f 1546/1546/1546 1544/1544/1544 1545/1545/1545
f 1547/1547/1547 1546/1546/1546 1545/1545/1545
f 1546/1546/1546 1548/1548/1548 1544/1544/1544
f 1548/1548/1548 1549/1549/1549 1544/1544/1544
f 1549/1549/1549 1542/1542/1542 1544/1544/1544
f 1542/1542/1542 1549/1549/1549 1541/1541/1541
f 1549/1549/1549 1548/1548/1548 1541/1541/1541
f 1550/1550/1550 1546/1546/1546 1547/1547/1547
f 1551/1551/1551 1550/1550/1550 1547/1547/1547
f 1550/1550/1550 1551/1551/1551 1552/1552/1552
f 1553/1553/1553 1550/1550/1550 1552/1552/1552
f 1553/1553/1553 1552/1552/1552 1554/1554/1554
f 1555/1555/1555 1553/1553/1553 1554/1554/1554
f 1556/1556/1556 1555/1555/1555 1554/1554/1554
f 1557/1557/1557 1556/1556/1556 1554/1554/1554
f 1556/1556/1556 1558/1558/1558 1555/1555/1555
f 1558/1558/1558 1559/1559/1559 1555/1555/1555
f 1560/1560/1560 1556/1556/1556 1557/1557/1557
f 1561/1561/1561 1560/1560/1560 1557/1557/1557
f 1562/1562/1562 1558/1558/1558 1556/1556/1556
f 1560/1560/1560 1562/1562/1562 1556/1556/1556
f 1563/1563/1563 1553/1553/1553 1555/1555/1555
f 1559/1559/1559 1563/1563/1563 1555/1555/1555
f 1564/1564/1564 1550/1550/1550 1553/1553/1553
f 1563/1563/1563 1564/1564/1564 1553/1553/1553
f 1552/1552/1552 1565/1565/1565 1554/1554/1554
f 1565/1565/1565 1566/1566/1566 1554/1554/1554
f 1565/1565/1565 1567/1567/1567 1566/1566/1566
f 1567/1567/1567 1568/1568/1568 1566/1566/1566
f 1568/1568/1568 1567/1567/1567 1569/1569/1569
f 1570/1570/1570 1568/1568/1568 1569/1569/1569
f 1568/1568/1568 1570/1570/1570 1566/1566/1566
f 1571/1571/1571 1570/1570/1570 1569/1569/1569
f 1571/1571/1571 1569/1569/1569 1572/1572/1572
f 1573/1573/1573 1571/1571/1571 1572/1572/1572
f 1574/1574/1574 1571/1571/1571 1573/1573/1573
f 1575/1575/1575 1574/1574/1574 1573/1573/1573
f 1576/1576/1576 1570/1570/1570 1571/1571/1571
f 1574/1574/1574 1576/1576/1576 1571/1571/1571
f 1569/1569/1569 1577/1577/1577 1572/1572/1572
f 1567/1567/1567 1577/1577/1577 1569/1569/1569
f 1577/1577/1577 1578/1578/1578 1572/1572/1572
f 1577/1577/1577 1579/1579/1579 1578/1578/1578
f 1579/1579/1579 1580/1580/1580 1578/1578/1578
f 1581/1581/1581 1579/1579/1579 1577/1577/1577
f 1567/1567/1567 1581/1581/1581 1577/1577/1577
f 1578/1578/1578 1582/1582/1582 1572/1572/1572
f 1582/1582/1582 1583/1583/1583 1572/1572/1572
f 1582/1582/1582 1013/1013/1013 1583/1583/1583
f 1013/1013/1013 1009/1009/1009 1583/1583/1583
f 1584/1584/1584 1582/1582/1582 1578/1578/1578
f 1580/1580/1580 1584/1584/1584 1578/1578/1578
f 1014/1014/1014 1013/1013/1013 1582/1582/1582
f 1584/1584/1584 1014/1014/1014 1582/1582/1582
f 1585/1585/1585 1573/1573/1573 1572/1572/1572
f 1583/1583/1583 1585/1585/1585 1572/1572/1572
f 1008/1008/1008 1585/1585/1585 1583/1583/1583
f 1009/1009/1009 1008/1008/1008 1583/1583/1583
f 1008/1008/1008 1012/1012/1012 1585/1585/1585
f 1012/1012/1012 1586/1586/1586 1585/1585/1585
f 1585/1585/1585 1586/1586/1586 1573/1573/1573
f 1586/1586/1586 1575/1575/1575 1573/1573/1573
f 1580/1580/1580 1579/1579/1579 1587/1587/1587
f 1584/1584/1584 1580/1580/1580 1587/1587/1587
f 1579/1579/1579 1588/1588/1588 1587/1587/1587
f 1587/1587/1587 1588/1588/1588 1589/1589/1589
f 1588/1588/1588 1590/1590/1590 1589/1589/1589
f 1588/1588/1588 1591/1591/1591 1590/1590/1590
f 1591/1591/1591 1592/1592/1592 1590/1590/1590
f 1581/1581/1581 1591/1591/1591 1588/1588/1588
f 1579/1579/1579 1581/1581/1581 1588/1588/1588
f 1590/1590/1590 1593/1593/1593 1589/1589/1589
f 1593/1593/1593 1594/1594/1594 1589/1589/1589
f 1593/1593/1593 981/981/981 1594/1594/1594
f 981/981/981 982/982/982 1594/1594/1594
f 1595/1595/1595 1593/1593/1593 1590/1590/1590
f 1592/1592/1592 1595/1595/1595 1590/1590/1590
f 980/980/980 981/981/981 1593/1593/1593
f 1595/1595/1595 980/980/980 1593/1593/1593
f 1594/1594/1594 1596/1596/1596 1589/1589/1589
f 1596/1596/1596 1597/1597/1597 1589/1589/1589
f 1596/1596/1596 1598/1598/1598 1597/1597/1597
f 1598/1598/1598 999/999/999 1597/1597/1597
f 999/999/999 1598/1598/1598 995/995/995
f 1598/1598/1598 993/993/993 995/995/995
f 1598/1598/1598 985/985/985 993/993/993
f 985/985/985 1598/1598/1598 1596/1596/1596
f 985/985/985 986/986/986 993/993/993
f 983/983/983 1596/1596/1596 1594/1594/1594
f 982/982/982 983/983/983 1594/1594/1594
f 983/983/983 985/985/985 1596/1596/1596
f 999/999/999 998/998/998 1597/1597/1597
f 998/998/998 1599/1599/1599 1597/1597/1597
f 1597/1597/1597 1599/1599/1599 1589/1589/1589
f 1599/1599/1599 1587/1587/1587 1589/1589/1589
f 1599/1599/1599 1584/1584/1584 1587/1587/1587
f 1014/1014/1014 1584/1584/1584 1599/1599/1599
f 998/998/998 1014/1014/1014 1599/1599/1599
f 1014/1014/1014 998/998/998 996/996/996
f 1000/1000/1000 1014/1014/1014 996/996/996
f 1602/1602/1602 1601/1601/1601 1600/1600/1600
f 1603/1603/1603 1602/1602/1602 1600/1600/1600
f 1606/1606/1606 1605/1605/1605 1604/1604/1604
f 1607/1607/1607 1606/1606/1606 1604/1604/1604
f 1610/1610/1610 1609/1609/1609 1608/1608/1608
f 1611/1611/1611 1610/1610/1610 1608/1608/1608
f 1614/1614/1614 1613/1613/1613 1612/1612/1612
f 1615/1615/1615 1614/1614/1614 1612/1612/1612
f 1618/1618/1618 1617/1617/1617 1616/1616/1616
f 1619/1619/1619 1618/1618/1618 1616/1616/1616
f 1622/1622/1622 1621/1621/1621 1620/1620/1620
f 1623/1623/1623 1622/1622/1622 1620/1620/1620
f 1626/1626/1626 1625/1625/1625 1624/1624/1624
f 1627/1627/1627 1626/1626/1626 1624/1624/1624
f 1628/1628/1628 1626/1626/1626 1627/1627/1627
f 1629/1629/1629 1628/1628/1628 1627/1627/1627
f 1625/1625/1625 1630/1630/1630 1624/1624/1624
f 1630/1630/1630 1631/1631/1631 1624/1624/1624
f 1630/1630/1630 1632/1632/1632 1631/1631/1631
f 1635/1635/1635 1634/1634/1634 1633/1633/1633
f 1634/1634/1634 1635/1635/1635 1636/1636/1636
f 1635/1635/1635 1637/1637/1637 1636/1636/1636
f 1636/1636/1636 1637/1637/1637 1638/1638/1638
f 1637/1637/1637 1639/1639/1639 1638/1638/1638
f 1639/1639/1639 1640/1640/1640 1638/1638/1638
f 1640/1640/1640 1641/1641/1641 1638/1638/1638
f 1640/1640/1640 1642/1642/1642 1641/1641/1641
f 1642/1642/1642 1643/1643/1643 1641/1641/1641
f 1643/1643/1643 1642/1642/1642 1644/1644/1644
f 1645/1645/1645 502/502/502 503/503/503
f 1646/1646/1646 1645/1645/1645 503/503/503
f 1647/1647/1647 1645/1645/1645 1646/1646/1646
f 1648/1648/1648 1647/1647/1647 1646/1646/1646
f 502/502/502 1645/1645/1645 491/491/491
f 1645/1645/1645 489/489/489 491/491/491
f 1645/1645/1645 1647/1647/1647 489/489/489
f 1647/1647/1647 488/488/488 489/489/489
f 488/488/488 1647/1647/1647 481/481/481
f 1647/1647/1647 1649/1649/1649 481/481/481
f 481/481/481 1649/1649/1649 480/480/480
f 1649/1649/1649 1650/1650/1650 480/480/480
f 1650/1650/1650 1651/1651/1651 480/480/480
f 1651/1651/1651 478/478/478 480/480/480
f 1651/1651/1651 467/467/467 478/478/478
f 1650/1650/1650 1649/1649/1649 1652/1652/1652
f 1651/1651/1651 1650/1650/1650 1652/1652/1652
f 1649/1649/1649 1653/1653/1653 1652/1652/1652
f 1647/1647/1647 1648/1648/1648 1653/1653/1653
f 1649/1649/1649 1647/1647/1647 1653/1653/1653
f 1654/1654/1654 1651/1651/1651 1652/1652/1652
f 467/467/467 1651/1651/1651 1654/1654/1654
f 466/466/466 467/467/467 1654/1654/1654
f 1657/1657/1657 1656/1656/1656 1655/1655/1655
f 1658/1658/1658 1657/1657/1657 1655/1655/1655
f 1657/1657/1657 1659/1659/1659 1656/1656/1656
f 1659/1659/1659 1660/1660/1660 1656/1656/1656
f 1661/1661/1661 1658/1658/1658 1655/1655/1655
f 1662/1662/1662 1661/1661/1661 1655/1655/1655
f 1663/1663/1663 1661/1661/1661 1662/1662/1662
f 1664/1664/1664 1663/1663/1663 1662/1662/1662
f 1663/1663/1663 1664/1664/1664 1665/1665/1665
f 1666/1666/1666 1663/1663/1663 1665/1665/1665
f 1666/1666/1666 1665/1665/1665 1667/1667/1667
f 1668/1668/1668 1666/1666/1666 1667/1667/1667
f 1669/1669/1669 1668/1668/1668 1667/1667/1667
f 1670/1670/1670 1669/1669/1669 1667/1667/1667
f 1671/1671/1671 1669/1669/1669 1670/1670/1670
f 1672/1672/1672 1671/1671/1671 1670/1670/1670
f 1671/1671/1671 1672/1672/1672 1673/1673/1673
f 1674/1674/1674 1671/1671/1671 1673/1673/1673
f 1674/1674/1674 1673/1673/1673 1675/1675/1675
f 1676/1676/1676 1674/1674/1674 1675/1675/1675
f 1677/1677/1677 1676/1676/1676 1675/1675/1675
f 1678/1678/1678 1677/1677/1677 1675/1675/1675
f 1679/1679/1679 1677/1677/1677 1678/1678/1678
f 1680/1680/1680 1679/1679/1679 1678/1678/1678
f 1679/1679/1679 1680/1680/1680 1681/1681/1681
f 1682/1682/1682 1679/1679/1679 1681/1681/1681
f 1682/1682/1682 1681/1681/1681 1683/1683/1683
f 1684/1684/1684 1682/1682/1682 1683/1683/1683
f 1687/1687/1687 1686/1686/1686 1685/1685/1685
f 1688/1688/1688 1687/1687/1687 1685/1685/1685
f 1687/1687/1687 1689/1689/1689 1686/1686/1686
f 1689/1689/1689 1690/1690/1690 1686/1686/1686
f 1691/1691/1691 1688/1688/1688 1685/1685/1685
f 1692/1692/1692 1691/1691/1691 1685/1685/1685
f 1693/1693/1693 1691/1691/1691 1692/1692/1692
f 1694/1694/1694 1693/1693/1693 1692/1692/1692
f 1693/1693/1693 1694/1694/1694 1695/1695/1695
f 1696/1696/1696 1693/1693/1693 1695/1695/1695
f 1696/1696/1696 1695/1695/1695 1697/1697/1697
f 1698/1698/1698 1696/1696/1696 1697/1697/1697
f 1699/1699/1699 1698/1698/1698 1697/1697/1697
f 1700/1700/1700 1699/1699/1699 1697/1697/1697
f 1701/1701/1701 1699/1699/1699 1700/1700/1700
f 1702/1702/1702 1701/1701/1701 1700/1700/1700
f 1701/1701/1701 1702/1702/1702 1703/1703/1703
f 1704/1704/1704 1701/1701/1701 1703/1703/1703
f 1704/1704/1704 1703/1703/1703 1705/1705/1705
f 1706/1706/1706 1704/1704/1704 1705/1705/1705
f 1707/1707/1707 1706/1706/1706 1705/1705/1705
f 1708/1708/1708 1707/1707/1707 1705/1705/1705
f 1709/1709/1709 1707/1707/1707 1708/1708/1708
f 1710/1710/1710 1709/1709/1709 1708/1708/1708
f 1709/1709/1709 1710/1710/1710 1711/1711/1711
f 1712/1712/1712 1709/1709/1709 1711/1711/1711
f 1712/1712/1712 1711/1711/1711 1713/1713/1713
f 1714/1714/1714 1712/1712/1712 1713/1713/1713
f 1712/1712/1712 1714/1714/1714 1715/1715/1715
f 1716/1716/1716 1712/1712/1712 1715/1715/1715
f 1709/1709/1709 1712/1712/1712 1716/1716/1716
f 1716/1716/1716 1715/1715/1715 1717/1717/1717
f 1718/1718/1718 1716/1716/1716 1717/1717/1717
f 1719/1719/1719 1716/1716/1716 1718/1718/1718
f 1719/1719/1719 1709/1709/1709 1716/1716/1716
f 1720/1720/1720 1719/1719/1719 1718/1718/1718
f 1721/1721/1721 1720/1720/1720 1718/1718/1718
f 1719/1719/1719 1720/1720/1720 1722/1722/1722
f 1720/1720/1720 1721/1721/1721 1722/1722/1722
f 1723/1723/1723 1719/1719/1719 1722/1722/1722
f 1709/1709/1709 1719/1719/1719 1723/1723/1723
f 1723/1723/1723 1722/1722/1722 1724/1724/1724
f 1725/1725/1725 1723/1723/1723 1724/1724/1724
f 1726/1726/1726 1725/1725/1725 1724/1724/1724
f 1727/1727/1727 1726/1726/1726 1724/1724/1724
f 1728/1728/1728 1727/1727/1727 1724/1724/1724
f 1729/1729/1729 1728/1728/1728 1724/1724/1724
f 1728/1728/1728 1730/1730/1730 1727/1727/1727
f 1730/1730/1730 1731/1731/1731 1727/1727/1727
f 1732/1732/1732 1728/1728/1728 1729/1729/1729
f 1733/1733/1733 1730/1730/1730 1728/1728/1728
f 1732/1732/1732 1733/1733/1733 1728/1728/1728
f 1726/1726/1726 1704/1704/1704 1725/1725/1725
f 1704/1704/1704 1706/1706/1706 1725/1725/1725
f 1734/1734/1734 1726/1726/1726 1727/1727/1727
f 1731/1731/1731 1734/1734/1734 1727/1727/1727
f 1701/1701/1701 1704/1704/1704 1726/1726/1726
f 1734/1734/1734 1701/1701/1701 1726/1726/1726
f 1707/1707/1707 1723/1723/1723 1725/1725/1725
f 1706/1706/1706 1707/1707/1707 1725/1725/1725
f 1707/1707/1707 1709/1709/1709 1723/1723/1723
f 1735/1735/1735 1729/1729/1729 1724/1724/1724
f 1734/1734/1734 1731/1731/1731 1736/1736/1736
f 1731/1731/1731 1730/1730/1730 1736/1736/1736
f 1737/1737/1737 1734/1734/1734 1736/1736/1736
f 1701/1701/1701 1734/1734/1734 1737/1737/1737
f 1737/1737/1737 1736/1736/1736 1738/1738/1738
f 1739/1739/1739 1737/1737/1737 1738/1738/1738
f 1740/1740/1740 1739/1739/1739 1738/1738/1738
f 1741/1741/1741 1740/1740/1740 1738/1738/1738
f 1742/1742/1742 1741/1741/1741 1738/1738/1738
f 1743/1743/1743 1742/1742/1742 1738/1738/1738
f 1742/1742/1742 1744/1744/1744 1741/1741/1741
f 1744/1744/1744 1745/1745/1745 1741/1741/1741
f 1746/1746/1746 1742/1742/1742 1743/1743/1743
f 1747/1747/1747 1746/1746/1746 1743/1743/1743
f 1748/1748/1748 1744/1744/1744 1742/1742/1742
f 1746/1746/1746 1748/1748/1748 1742/1742/1742
f 1740/1740/1740 1696/1696/1696 1739/1739/1739
f 1696/1696/1696 1698/1698/1698 1739/1739/1739
f 1749/1749/1749 1740/1740/1740 1741/1741/1741
f 1745/1745/1745 1749/1749/1749 1741/1741/1741
f 1693/1693/1693 1696/1696/1696 1740/1740/1740
f 1749/1749/1749 1693/1693/1693 1740/1740/1740
f 1699/1699/1699 1737/1737/1737 1739/1739/1739
f 1698/1698/1698 1699/1699/1699 1739/1739/1739
f 1750/1750/1750 1743/1743/1743 1738/1738/1738
f 1751/1751/1751 1747/1747/1747 1743/1743/1743
f 1750/1750/1750 1751/1751/1751 1743/1743/1743
f 1733/1733/1733 1751/1751/1751 1750/1750/1750
f 1730/1730/1730 1733/1733/1733 1750/1750/1750
f 1730/1730/1730 1750/1750/1750 1736/1736/1736
f 1736/1736/1736 1750/1750/1750 1738/1738/1738
f 1749/1749/1749 1745/1745/1745 1752/1752/1752
f 1753/1753/1753 1749/1749/1749 1752/1752/1752
f 1693/1693/1693 1749/1749/1749 1753/1753/1753
f 1753/1753/1753 1752/1752/1752 1754/1754/1754
f 1755/1755/1755 1753/1753/1753 1754/1754/1754
f 1756/1756/1756 1755/1755/1755 1754/1754/1754
f 1757/1757/1757 1756/1756/1756 1754/1754/1754
f 1758/1758/1758 1757/1757/1757 1754/1754/1754
f 1759/1759/1759 1758/1758/1758 1754/1754/1754
f 1758/1758/1758 1760/1760/1760 1757/1757/1757
f 1760/1760/1760 1761/1761/1761 1757/1757/1757
f 1762/1762/1762 1758/1758/1758 1759/1759/1759
f 1763/1763/1763 1762/1762/1762 1759/1759/1759
f 1764/1764/1764 1760/1760/1760 1758/1758/1758
f 1762/1762/1762 1764/1764/1764 1758/1758/1758
f 1756/1756/1756 1687/1687/1687 1755/1755/1755
f 1687/1687/1687 1688/1688/1688 1755/1755/1755
f 1765/1765/1765 1756/1756/1756 1757/1757/1757
f 1761/1761/1761 1765/1765/1765 1757/1757/1757
f 1689/1689/1689 1687/1687/1687 1756/1756/1756
f 1765/1765/1765 1689/1689/1689 1756/1756/1756
f 1691/1691/1691 1753/1753/1753 1755/1755/1755
f 1688/1688/1688 1691/1691/1691 1755/1755/1755
f 1766/1766/1766 1759/1759/1759 1754/1754/1754
f 1767/1767/1767 1763/1763/1763 1759/1759/1759
f 1766/1766/1766 1767/1767/1767 1759/1759/1759
f 1748/1748/1748 1767/1767/1767 1766/1766/1766
f 1744/1744/1744 1748/1748/1748 1766/1766/1766
f 1744/1744/1744 1766/1766/1766 1752/1752/1752
f 1752/1752/1752 1766/1766/1766 1754/1754/1754
f 1745/1745/1745 1744/1744/1744 1752/1752/1752
f 1765/1765/1765 1761/1761/1761 1768/1768/1768
f 1769/1769/1769 1765/1765/1765 1768/1768/1768
f 1689/1689/1689 1765/1765/1765 1769/1769/1769
f 1770/1770/1770 1689/1689/1689 1769/1769/1769
f 1761/1761/1761 1760/1760/1760 1768/1768/1768
f 1760/1760/1760 1771/1771/1771 1768/1768/1768
f 1760/1760/1760 1764/1764/1764 1771/1771/1771
f 1764/1764/1764 1772/1772/1772 1771/1771/1771
f 1772/1772/1772 1764/1764/1764 1773/1773/1773
f 1764/1764/1764 1774/1774/1774 1773/1773/1773
f 1774/1774/1774 1764/1764/1764 1775/1775/1775
f 1764/1764/1764 1762/1762/1762 1775/1775/1775
f 1775/1775/1775 1762/1762/1762 1776/1776/1776
f 1762/1762/1762 1763/1763/1763 1776/1776/1776
f 1763/1763/1763 1767/1767/1767 1776/1776/1776
f 1767/1767/1767 1777/1777/1777 1776/1776/1776
f 1767/1767/1767 1748/1748/1748 1777/1777/1777
f 1748/1748/1748 1778/1778/1778 1777/1777/1777
f 1778/1778/1778 1748/1748/1748 1779/1779/1779
f 1748/1748/1748 1746/1746/1746 1779/1779/1779
f 1779/1779/1779 1746/1746/1746 1780/1780/1780
f 1746/1746/1746 1747/1747/1747 1780/1780/1780
f 1747/1747/1747 1751/1751/1751 1780/1780/1780
f 1751/1751/1751 1781/1781/1781 1780/1780/1780
f 1751/1751/1751 1733/1733/1733 1781/1781/1781
f 1733/1733/1733 1782/1782/1782 1781/1781/1781
f 1785/1785/1785 1784/1784/1784 1783/1783/1783
f 1786/1786/1786 1785/1785/1785 1783/1783/1783
f 1787/1787/1787 1785/1785/1785 1786/1786/1786
f 1788/1788/1788 1787/1787/1787 1786/1786/1786
f 1784/1784/1784 1789/1789/1789 1783/1783/1783
f 1789/1789/1789 1790/1790/1790 1783/1783/1783
f 1789/1789/1789 1791/1791/1791 1790/1790/1790
f 1791/1791/1791 1792/1792/1792 1790/1790/1790
f 1792/1792/1792 1791/1791/1791 1793/1793/1793
f 1791/1791/1791 1794/1794/1794 1793/1793/1793
f 1793/1793/1793 1794/1794/1794 1795/1795/1795
f 1794/1794/1794 1796/1796/1796 1795/1795/1795
f 1796/1796/1796 1797/1797/1797 1795/1795/1795
f 1797/1797/1797 1798/1798/1798 1795/1795/1795
f 1797/1797/1797 1799/1799/1799 1798/1798/1798
f 1799/1799/1799 1800/1800/1800 1798/1798/1798
f 1800/1800/1800 1799/1799/1799 1801/1801/1801
f 1799/1799/1799 1802/1802/1802 1801/1801/1801
f 1801/1801/1801 1802/1802/1802 1803/1803/1803
f 1802/1802/1802 1804/1804/1804 1803/1803/1803
f 1804/1804/1804 1805/1805/1805 1803/1803/1803
f 1805/1805/1805 1806/1806/1806 1803/1803/1803
f 1805/1805/1805 1807/1807/1807 1806/1806/1806
f 1807/1807/1807 1808/1808/1808 1806/1806/1806
f 1808/1808/1808 1807/1807/1807 1809/1809/1809
f 1807/1807/1807 1810/1810/1810 1809/1809/1809
f 1809/1809/1809 1810/1810/1810 1811/1811/1811
f 1810/1810/1810 1812/1812/1812 1811/1811/1811
f 1812/1812/1812 1813/1813/1813 1811/1811/1811
f 1816/1816/1816 1815/1815/1815 1814/1814/1814
f 1816/1816/1816 1817/1817/1817 1815/1815/1815
f 1817/1817/1817 1818/1818/1818 1815/1815/1815
f 1821/1821/1821 1820/1820/1820 1819/1819/1819
f 1822/1822/1822 1821/1821/1821 1819/1819/1819
f 1823/1823/1823 1821/1821/1821 1822/1822/1822
f 1824/1824/1824 1823/1823/1823 1822/1822/1822
f 1823/1823/1823 1824/1824/1824 1825/1825/1825
f 1826/1826/1826 1823/1823/1823 1825/1825/1825
f 1826/1826/1826 1825/1825/1825 1827/1827/1827
f 1828/1828/1828 1826/1826/1826 1827/1827/1827
f 1829/1829/1829 1565/1565/1565 1552/1552/1552
f 1551/1551/1551 1829/1829/1829 1552/1552/1552
f 1829/1829/1829 1581/1581/1581 1565/1565/1565
f 1581/1581/1581 1567/1567/1567 1565/1565/1565
f 1829/1829/1829 1551/1551/1551 1547/1547/1547
f 1830/1830/1830 1829/1829/1829 1547/1547/1547
f 1581/1581/1581 1829/1829/1829 1830/1830/1830
f 1830/1830/1830 1547/1547/1547 1545/1545/1545
f 1831/1831/1831 1830/1830/1830 1545/1545/1545
f 1832/1832/1832 1831/1831/1831 1545/1545/1545
f 1833/1833/1833 1832/1832/1832 1545/1545/1545
f 1543/1543/1543 1833/1833/1833 1545/1545/1545
f 1543/1543/1543 970/970/970 1833/1833/1833
f 970/970/970 971/971/971 1833/1833/1833
f 972/972/972 970/970/970 1543/1543/1543
f 1832/1832/1832 1595/1595/1595 1831/1831/1831
f 1595/1595/1595 1592/1592/1592 1831/1831/1831
f 979/979/979 1832/1832/1832 1833/1833/1833
f 971/971/971 979/979/979 1833/1833/1833
f 980/980/980 1595/1595/1595 1832/1832/1832
f 979/979/979 980/980/980 1832/1832/1832
f 1591/1591/1591 1830/1830/1830 1831/1831/1831
f 1592/1592/1592 1591/1591/1591 1831/1831/1831
f 1591/1591/1591 1581/1581/1581 1830/1830/1830
f 968/968/968 972/972/972 1525/1525/1525
f 968/968/968 1525/1525/1525 1523/1523/1523
f 969/969/969 968/968/968 1523/1523/1523
f 1834/1834/1834 1557/1557/1557 1554/1554/1554
f 1566/1566/1566 1834/1834/1834 1554/1554/1554
f 1834/1834/1834 1835/1835/1835 1557/1557/1557
f 1835/1835/1835 1561/1561/1561 1557/1557/1557
f 1570/1570/1570 1834/1834/1834 1566/1566/1566
f 1576/1576/1576 1835/1835/1835 1834/1834/1834
f 1570/1570/1570 1576/1576/1576 1834/1834/1834
f 1561/1561/1561 1835/1835/1835 1836/1836/1836
f 1835/1835/1835 1837/1837/1837 1836/1836/1836
f 1835/1835/1835 1576/1576/1576 1837/1837/1837
f 1576/1576/1576 1838/1838/1838 1837/1837/1837
f 1560/1560/1560 1561/1561/1561 1836/1836/1836
f 1839/1839/1839 1560/1560/1560 1836/1836/1836
f 1562/1562/1562 1560/1560/1560 1839/1839/1839
f 1840/1840/1840 1562/1562/1562 1839/1839/1839
f 1562/1562/1562 1840/1840/1840 1841/1841/1841
f 1842/1842/1842 1562/1562/1562 1841/1841/1841
f 1562/1562/1562 1842/1842/1842 1843/1843/1843
f 1843/1843/1843 1842/1842/1842 1844/1844/1844
f 1843/1843/1843 1844/1844/1844 1845/1845/1845
f 1846/1846/1846 1843/1843/1843 1845/1845/1845
f 1847/1847/1847 1846/1846/1846 1845/1845/1845
f 1848/1848/1848 1847/1847/1847 1845/1845/1845
f 1847/1847/1847 1563/1563/1563 1846/1846/1846
f 1563/1563/1563 1559/1559/1559 1846/1846/1846
f 1849/1849/1849 1847/1847/1847 1848/1848/1848
f 1850/1850/1850 1849/1849/1849 1848/1848/1848
f 1851/1851/1851 1850/1850/1850 1848/1848/1848
f 1852/1852/1852 1851/1851/1851 1848/1848/1848
f 1852/1852/1852 1848/1848/1848 1853/1853/1853
f 1854/1854/1854 1852/1852/1852 1853/1853/1853
f 1855/1855/1855 1854/1854/1854 1853/1853/1853
f 1856/1856/1856 1855/1855/1855 1853/1853/1853
f 1857/1857/1857 1855/1855/1855 1856/1856/1856
f 1858/1858/1858 1857/1857/1857 1856/1856/1856
f 1859/1859/1859 1851/1851/1851 1852/1852/1852
f 1860/1860/1860 1859/1859/1859 1852/1852/1852
f 1564/1564/1564 1563/1563/1563 1847/1847/1847
f 1564/1564/1564 1849/1849/1849 1861/1861/1861
f 1861/1861/1861 1849/1849/1849 1862/1862/1862
f 1861/1861/1861 1862/1862/1862 1540/1540/1540
f 1541/1541/1541 1861/1861/1861 1540/1540/1540
f 1548/1548/1548 1861/1861/1861 1541/1541/1541
f 1548/1548/1548 1564/1564/1564 1861/1861/1861
f 1564/1564/1564 1548/1548/1548 1546/1546/1546
f 1550/1550/1550 1564/1564/1564 1546/1546/1546
f 1849/1849/1849 1863/1863/1863 1862/1862/1862
f 1849/1849/1849 1564/1564/1564 1847/1847/1847
f 1863/1863/1863 1865/1865/1865 1864/1864/1864
f 1865/1865/1865 1866/1866/1866 1864/1864/1864
f 1864/1864/1864 1866/1866/1866 1867/1867/1867
f 1866/1866/1866 1868/1868/1868 1867/1867/1867
f 1868/1868/1868 1869/1869/1869 1867/1867/1867
f 1869/1869/1869 1870/1870/1870 1867/1867/1867
f 1869/1869/1869 1871/1871/1871 1870/1870/1870
f 1871/1871/1871 1872/1872/1872 1870/1870/1870
f 1872/1872/1872 1537/1537/1537 1539/1539/1539
f 1875/1875/1875 1874/1874/1874 1873/1873/1873
f 1876/1876/1876 1875/1875/1875 1873/1873/1873
f 1875/1875/1875 1877/1877/1877 1874/1874/1874
f 1877/1877/1877 1878/1878/1878 1874/1874/1874
f 1879/1879/1879 1876/1876/1876 1873/1873/1873
f 1880/1880/1880 1879/1879/1879 1873/1873/1873
f 1881/1881/1881 1879/1879/1879 1880/1880/1880
f 1882/1882/1882 1881/1881/1881 1880/1880/1880
f 1878/1878/1878 1877/1877/1877 1883/1883/1883
f 1877/1877/1877 1884/1884/1884 1883/1883/1883
f 1883/1883/1883 1884/1884/1884 1885/1885/1885
f 1884/1884/1884 1886/1886/1886 1885/1885/1885
f 1886/1886/1886 1887/1887/1887 1885/1885/1885
f 1887/1887/1887 1888/1888/1888 1885/1885/1885
f 1887/1887/1887 1889/1889/1889 1888/1888/1888
f 1889/1889/1889 1890/1890/1890 1888/1888/1888
f 1890/1890/1890 1889/1889/1889 1891/1891/1891
f 1889/1889/1889 1892/1892/1892 1891/1891/1891
f 1891/1891/1891 1892/1892/1892 1893/1893/1893
f 1892/1892/1892 1894/1894/1894 1893/1893/1893
f 1894/1894/1894 1895/1895/1895 1893/1893/1893
f 1895/1895/1895 1896/1896/1896 1893/1893/1893
f 1895/1895/1895 1897/1897/1897 1896/1896/1896
f 1897/1897/1897 1898/1898/1898 1896/1896/1896
f 1898/1898/1898 1897/1897/1897 1899/1899/1899
f 1897/1897/1897 1900/1900/1900 1899/1899/1899
f 1899/1899/1899 1900/1900/1900 1331/1331/1331
f 1900/1900/1900 1901/1901/1901 1331/1331/1331
f 1901/1901/1901 1902/1902/1902 1331/1331/1331
f 1902/1902/1902 1903/1903/1903 1331/1331/1331
f 1902/1902/1902 1904/1904/1904 1903/1903/1903
f 1904/1904/1904 1322/1322/1322 1903/1903/1903
f 1322/1322/1322 1904/1904/1904 1905/1905/1905
f 1904/1904/1904 1906/1906/1906 1905/1905/1905
f 1906/1906/1906 1908/1908/1908 1907/1907/1907
f 1909/1909/1909 1906/1906/1906 1907/1907/1907
f 1909/1909/1909 1907/1907/1907 1910/1910/1910
f 1911/1911/1911 1909/1909/1909 1910/1910/1910
f 1322/1322/1322 1909/1909/1909 1911/1911/1911
f 1912/1912/1912 1911/1911/1911 1910/1910/1910
f 1913/1913/1913 1912/1912/1912 1910/1910/1910
f 1912/1912/1912 1324/1324/1324 1911/1911/1911
f 1324/1324/1324 1323/1323/1323 1911/1911/1911
f 1323/1323/1323 1322/1322/1322 1911/1911/1911
f 1914/1914/1914 1912/1912/1912 1913/1913/1913
f 1915/1915/1915 1914/1914/1914 1913/1913/1913
f 1914/1914/1914 1915/1915/1915 1916/1916/1916
f 1917/1917/1917 1914/1914/1914 1916/1916/1916
f 1917/1917/1917 1916/1916/1916 1305/1305/1305
f 1306/1306/1306 1917/1917/1917 1305/1305/1305
f 1310/1310/1310 1917/1917/1917 1306/1306/1306
f 1325/1325/1325 1914/1914/1914 1917/1917/1917
f 1310/1310/1310 1325/1325/1325 1917/1917/1917
f 1325/1325/1325 1324/1324/1324 1912/1912/1912
f 1914/1914/1914 1325/1325/1325 1912/1912/1912
f 1151/1151/1151 1165/1165/1165 1152/1152/1152
f 1137/1137/1137 1165/1165/1165 1151/1151/1151
f 1138/1138/1138 1137/1137/1137 1151/1151/1151
f 1234/1234/1234 1330/1330/1330 1918/1918/1918
f 1328/1328/1328 1234/1234/1234 1918/1918/1918
f 1329/1329/1329 1315/1315/1315 1313/1313/1313
f 1921/1921/1921 1920/1920/1920 1919/1919/1919
f 1922/1922/1922 1921/1921/1921 1919/1919/1919
f 1925/1925/1925 1924/1924/1924 1923/1923/1923
f 1926/1926/1926 1925/1925/1925 1923/1923/1923
f 1924/1924/1924 1925/1925/1925 1927/1927/1927
f 1925/1925/1925 1928/1928/1928 1927/1927/1927
f 1927/1927/1927 1928/1928/1928 1929/1929/1929
f 1928/1928/1928 1930/1930/1930 1929/1929/1929
f 1930/1930/1930 1931/1931/1931 1929/1929/1929
f 1931/1931/1931 1932/1932/1932 1929/1929/1929
f 1931/1931/1931 1881/1881/1881 1932/1932/1932
f 1881/1881/1881 1882/1882/1882 1932/1932/1932
f 1935/1935/1935 1934/1934/1934 1933/1933/1933
f 1936/1936/1936 1935/1935/1935 1933/1933/1933
f 1939/1939/1939 1938/1938/1938 1937/1937/1937
f 1940/1940/1940 1939/1939/1939 1937/1937/1937
f 1943/1943/1943 1942/1942/1942 1941/1941/1941
f 1944/1944/1944 1943/1943/1943 1941/1941/1941
f 1947/1947/1947 1946/1946/1946 1945/1945/1945
f 1948/1948/1948 1947/1947/1947 1945/1945/1945
f 1951/1951/1951 1950/1950/1950 1949/1949/1949
f 1952/1952/1952 1951/1951/1951 1949/1949/1949
f 1955/1955/1955 1954/1954/1954 1953/1953/1953
f 887/887/887 1955/1955/1955 1953/1953/1953
f 1954/1954/1954 1955/1955/1955 1956/1956/1956
f 1955/1955/1955 1957/1957/1957 1956/1956/1956
f 1960/1960/1960 1959/1959/1959 1958/1958/1958
f 1961/1961/1961 1960/1960/1960 1958/1958/1958
f 1964/1964/1964 1963/1963/1963 1962/1962/1962
f 1965/1965/1965 1964/1964/1964 1962/1962/1962
f 1968/1968/1968 1967/1967/1967 1966/1966/1966
f 1969/1969/1969 1968/1968/1968 1966/1966/1966
f 1967/1967/1967 1970/1970/1970 1966/1966/1966
f 1970/1970/1970 1971/1971/1971 1966/1966/1966
f 1974/1974/1974 1973/1973/1973 1972/1972/1972
f 1975/1975/1975 1974/1974/1974 1972/1972/1972
f 1973/1973/1973 1976/1976/1976 1972/1972/1972
f 1976/1976/1976 1977/1977/1977 1972/1972/1972
f 1980/1980/1980 1979/1979/1979 1978/1978/1978
f 1981/1981/1981 1980/1980/1980 1978/1978/1978
f 1984/1984/1984 1983/1983/1983 1982/1982/1982
f 1987/1987/1987 1986/1986/1986 1985/1985/1985
f 1990/1990/1990 1989/1989/1989 1988/1988/1988
f 1991/1991/1991 1990/1990/1990 1988/1988/1988
f 1994/1994/1994 1993/1993/1993 1992/1992/1992
f 1997/1997/1997 1996/1996/1996 1995/1995/1995
f 2000/2000/2000 1999/1999/1999 1998/1998/1998
f 2001/2001/2001 2000/2000/2000 1998/1998/1998
f 2002/2002/2002 2000/2000/2000 2001/2001/2001
f 2003/2003/2003 2002/2002/2002 2001/2001/2001
f 1999/1999/1999 2004/2004/2004 1998/1998/1998
f 2004/2004/2004 2005/2005/2005 1998/1998/1998
f 2004/2004/2004 2006/2006/2006 2005/2005/2005
f 2006/2006/2006 2007/2007/2007 2005/2005/2005
f 2006/2006/2006 258/258/258 2008/2008/2008
f 200/200/200 2006/2006/2006 2008/2008/2008
f 2011/2011/2011 2010/2010/2010 2009/2009/2009
f 2012/2012/2012 2011/2011/2011 2009/2009/2009
f 2013/2013/2013 2011/2011/2011 2012/2012/2012
f 2014/2014/2014 2013/2013/2013 2012/2012/2012
f 2010/2010/2010 2015/2015/2015 2009/2009/2009
f 2015/2015/2015 2016/2016/2016 2009/2009/2009
f 2019/2019/2019 2018/2018/2018 2017/2017/2017
f 2020/2020/2020 2019/2019/2019 2017/2017/2017
f 2019/2019/2019 2022/2022/2022 2021/2021/2021
f 2023/2023/2023 2019/2019/2019 2021/2021/2021
f 2026/2026/2026 2025/2025/2025 2024/2024/2024
f 2027/2027/2027 2026/2026/2026 2024/2024/2024
f 2030/2030/2030 2029/2029/2029 2028/2028/2028
f 2031/2031/2031 2030/2030/2030 2028/2028/2028
f 2029/2029/2029 2030/2030/2030 2032/2032/2032
f 2030/2030/2030 2033/2033/2033 2032/2032/2032
f 2032/2032/2032 2033/2033/2033 2034/2034/2034
f 2033/2033/2033 2035/2035/2035 2034/2034/2034
f 2035/2035/2035 2036/2036/2036 2034/2034/2034
f 2036/2036/2036 2037/2037/2037 2034/2034/2034
f 2036/2036/2036 2038/2038/2038 2037/2037/2037
f 2038/2038/2038 2039/2039/2039 2037/2037/2037
f 2042/2042/2042 2041/2041/2041 2040/2040/2040
f 2043/2043/2043 2042/2042/2042 2040/2040/2040
f 2042/2042/2042 2043/2043/2043 2044/2044/2044
f 2045/2045/2045 2042/2042/2042 2044/2044/2044
f 2045/2045/2045 2044/2044/2044 2046/2046/2046
f 2047/2047/2047 2045/2045/2045 2046/2046/2046
f 2048/2048/2048 2047/2047/2047 2046/2046/2046
f 2049/2049/2049 2048/2048/2048 2046/2046/2046
f 2050/2050/2050 2048/2048/2048 2049/2049/2049
f 2051/2051/2051 2050/2050/2050 2049/2049/2049
f 2050/2050/2050 2051/2051/2051 2052/2052/2052
f 2053/2053/2053 2050/2050/2050 2052/2052/2052
f 2053/2053/2053 2052/2052/2052 2054/2054/2054
f 2055/2055/2055 2053/2053/2053 2054/2054/2054
f 2056/2056/2056 2055/2055/2055 2054/2054/2054
f 2057/2057/2057 2056/2056/2056 2054/2054/2054
f 2058/2058/2058 2056/2056/2056 2057/2057/2057
f 2059/2059/2059 2058/2058/2058 2057/2057/2057
f 2058/2058/2058 2059/2059/2059 2060/2060/2060
f 2061/2061/2061 2058/2058/2058 2060/2060/2060
f 2064/2064/2064 2063/2063/2063 2062/2062/2062
f 2065/2065/2065 2064/2064/2064 2062/2062/2062
f 2064/2064/2064 2065/2065/2065 2066/2066/2066
f 2067/2067/2067 2064/2064/2064 2066/2066/2066
f 2067/2067/2067 2066/2066/2066 2068/2068/2068
f 2069/2069/2069 2067/2067/2067 2068/2068/2068
f 2070/2070/2070 2069/2069/2069 2068/2068/2068
f 2071/2071/2071 2070/2070/2070 2068/2068/2068
f 2072/2072/2072 2070/2070/2070 2071/2071/2071
f 2073/2073/2073 2072/2072/2072 2071/2071/2071
f 2067/2067/2067 2069/2069/2069 2074/2074/2074
f 2069/2069/2069 2070/2070/2070 2074/2074/2074
f 2075/2075/2075 2067/2067/2067 2074/2074/2074
f 2064/2064/2064 2067/2067/2067 2075/2075/2075
f 2075/2075/2075 2074/2074/2074 2076/2076/2076
f 2077/2077/2077 2075/2075/2075 2076/2076/2076
f 2078/2078/2078 2077/2077/2077 2076/2076/2076
f 2079/2079/2079 2078/2078/2078 2076/2076/2076
f 2080/2080/2080 2079/2079/2079 2076/2076/2076
f 2081/2081/2081 2080/2080/2080 2076/2076/2076
f 2080/2080/2080 2082/2082/2082 2079/2079/2079
f 2082/2082/2082 2083/2083/2083 2079/2079/2079
f 2083/2083/2083 2082/2082/2082 2084/2084/2084
f 2085/2085/2085 2083/2083/2083 2084/2084/2084
f 2085/2085/2085 2078/2078/2078 2079/2079/2079
f 2083/2083/2083 2085/2085/2085 2079/2079/2079
f 2086/2086/2086 2085/2085/2085 2084/2084/2084
f 2086/2086/2086 2084/2084/2084 2087/2087/2087
f 2088/2088/2088 2086/2086/2086 2087/2087/2087
f 2089/2089/2089 2088/2088/2088 2087/2087/2087
f 2090/2090/2090 2089/2089/2089 2087/2087/2087
f 2091/2091/2091 2090/2090/2090 2087/2087/2087
f 2092/2092/2092 2091/2091/2091 2087/2087/2087
f 2091/2091/2091 2093/2093/2093 2090/2090/2090
f 2093/2093/2093 2094/2094/2094 2090/2090/2090
f 2095/2095/2095 2091/2091/2091 2092/2092/2092
f 2096/2096/2096 2095/2095/2095 2092/2092/2092
f 2097/2097/2097 2093/2093/2093 2091/2091/2091
f 2095/2095/2095 2097/2097/2097 2091/2091/2091
f 2089/2089/2089 2098/2098/2098 2088/2088/2088
f 2098/2098/2098 2099/2099/2099 2088/2088/2088
f 2100/2100/2100 2089/2089/2089 2090/2090/2090
f 2094/2094/2094 2100/2100/2100 2090/2090/2090
f 2101/2101/2101 2098/2098/2098 2089/2089/2089
f 2100/2100/2100 2101/2101/2101 2089/2089/2089
f 2102/2102/2102 2086/2086/2086 2088/2088/2088
f 2099/2099/2099 2102/2102/2102 2088/2088/2088
f 2103/2103/2103 2092/2092/2092 2087/2087/2087
f 2104/2104/2104 2096/2096/2096 2092/2092/2092
f 2103/2103/2103 2104/2104/2104 2092/2092/2092
f 2105/2105/2105 2104/2104/2104 2103/2103/2103
f 2082/2082/2082 2105/2105/2105 2103/2103/2103
f 2082/2082/2082 2103/2103/2103 2084/2084/2084
f 2084/2084/2084 2103/2103/2103 2087/2087/2087
f 2099/2099/2099 2098/2098/2098 2106/2106/2106
f 2102/2102/2102 2099/2099/2099 2106/2106/2106
f 2098/2098/2098 2107/2107/2107 2106/2106/2106
f 2098/2098/2098 2101/2101/2101 2107/2107/2107
f 2101/2101/2101 2108/2108/2108 2107/2107/2107
f 2109/2109/2109 2102/2102/2102 2106/2106/2106
f 2110/2110/2110 2102/2102/2102 2109/2109/2109
f 2102/2102/2102 2110/2110/2110 2086/2086/2086
f 2110/2110/2110 2085/2085/2085 2086/2086/2086
f 2111/2111/2111 2110/2110/2110 2109/2109/2109
f 2105/2105/2105 2082/2082/2082 2080/2080/2080
f 2112/2112/2112 2105/2105/2105 2080/2080/2080
f 2112/2112/2112 2080/2080/2080 2081/2081/2081
f 2113/2113/2113 2112/2112/2112 2081/2081/2081
f 2085/2085/2085 2110/2110/2110 2078/2078/2078
f 2110/2110/2110 2114/2114/2114 2078/2078/2078
f 2078/2078/2078 2114/2114/2114 2077/2077/2077
f 2114/2114/2114 2115/2115/2115 2077/2077/2077
f 2115/2115/2115 2116/2116/2116 2077/2077/2077
f 2116/2116/2116 2075/2075/2075 2077/2077/2077
f 2116/2116/2116 2064/2064/2064 2075/2075/2075
f 2117/2117/2117 2113/2113/2113 2081/2081/2081
f 2118/2118/2118 2117/2117/2117 2081/2081/2081
f 2118/2118/2118 2081/2081/2081 2076/2076/2076
f 2074/2074/2074 2118/2118/2118 2076/2076/2076
f 2070/2070/2070 2118/2118/2118 2074/2074/2074
f 2072/2072/2072 2117/2117/2117 2118/2118/2118
f 2070/2070/2070 2072/2072/2072 2118/2118/2118
f 2115/2115/2115 2114/2114/2114 2119/2119/2119
f 2116/2116/2116 2115/2115/2115 2119/2119/2119
f 2114/2114/2114 2120/2120/2120 2119/2119/2119
f 2114/2114/2114 2110/2110/2110 2120/2120/2120
f 2110/2110/2110 2111/2111/2111 2120/2120/2120
f 2121/2121/2121 2116/2116/2116 2119/2119/2119
f 2064/2064/2064 2116/2116/2116 2121/2121/2121
f 2063/2063/2063 2064/2064/2064 2121/2121/2121
f 2117/2117/2117 2072/2072/2072 2122/2122/2122
f 2117/2117/2117 2122/2122/2122 2123/2123/2123
f 2123/2123/2123 2122/2122/2122 2124/2124/2124
f 2125/2125/2125 2123/2123/2123 2124/2124/2124
f 2126/2126/2126 2125/2125/2125 2124/2124/2124
f 2127/2127/2127 2126/2126/2126 2124/2124/2124
f 2128/2128/2128 2127/2127/2127 2124/2124/2124
f 2127/2127/2127 2129/2129/2129 2126/2126/2126
f 2129/2129/2129 2130/2130/2130 2126/2126/2126
f 2131/2131/2131 2127/2127/2127 2128/2128/2128
f 2132/2132/2132 2131/2131/2131 2128/2128/2128
f 2131/2131/2131 2132/2132/2132 2133/2133/2133
f 2134/2134/2134 2131/2131/2131 2133/2133/2133
f 2135/2135/2135 2131/2131/2131 2134/2134/2134
f 2135/2135/2135 2129/2129/2129 2127/2127/2127
f 2131/2131/2131 2135/2135/2135 2127/2127/2127
f 2136/2136/2136 2135/2135/2135 2134/2134/2134
f 2135/2135/2135 2136/2136/2136 2137/2137/2137
f 2138/2138/2138 2135/2135/2135 2137/2137/2137
f 2138/2138/2138 2137/2137/2137 2139/2139/2139
f 2140/2140/2140 2138/2138/2138 2139/2139/2139
f 2141/2141/2141 2140/2140/2140 2139/2139/2139
f 2142/2142/2142 2141/2141/2141 2139/2139/2139
f 2143/2143/2143 2141/2141/2141 2142/2142/2142
f 2144/2144/2144 2143/2143/2143 2142/2142/2142
f 2132/2132/2132 2145/2145/2145 2133/2133/2133
f 2145/2145/2145 2146/2146/2146 2133/2133/2133
f 2145/2145/2145 2147/2147/2147 2146/2146/2146
f 2147/2147/2147 2148/2148/2148 2146/2146/2146
f 2148/2148/2148 2147/2147/2147 2149/2149/2149
f 2147/2147/2147 2150/2150/2150 2149/2149/2149
f 2147/2147/2147 2145/2145/2145 2151/2151/2151
f 2151/2151/2151 2145/2145/2145 2128/2128/2128
f 2151/2151/2151 2128/2128/2128 2124/2124/2124
f 2152/2152/2152 2151/2151/2151 2124/2124/2124
f 2122/2122/2122 2152/2152/2152 2124/2124/2124
f 2122/2122/2122 2153/2153/2153 2152/2152/2152
f 2153/2153/2153 2154/2154/2154 2152/2152/2152
f 2072/2072/2072 2153/2153/2153 2122/2122/2122
f 2145/2145/2145 2132/2132/2132 2128/2128/2128
f 2155/2155/2155 2151/2151/2151 2152/2152/2152
f 2154/2154/2154 2155/2155/2155 2152/2152/2152
f 2155/2155/2155 2147/2147/2147 2151/2151/2151
f 2155/2155/2155 2154/2154/2154 2156/2156/2156
f 2154/2154/2154 2153/2153/2153 2156/2156/2156
f 2157/2157/2157 2155/2155/2155 2156/2156/2156
f 2147/2147/2147 2155/2155/2155 2157/2157/2157
f 2150/2150/2150 2147/2147/2147 2157/2157/2157
f 2153/2153/2153 2158/2158/2158 2156/2156/2156
f 2153/2153/2153 2072/2072/2072 2158/2158/2158
f 2072/2072/2072 2073/2073/2073 2158/2158/2158
f 2161/2161/2161 2160/2160/2160 2159/2159/2159
f 2162/2162/2162 2161/2161/2161 2159/2159/2159
f 2165/2165/2165 2164/2164/2164 2163/2163/2163
f 2166/2166/2166 2165/2165/2165 2163/2163/2163
f 2164/2164/2164 2165/2165/2165 2167/2167/2167
f 2165/2165/2165 2168/2168/2168 2167/2167/2167
f 2167/2167/2167 2168/2168/2168 2169/2169/2169
f 2168/2168/2168 2170/2170/2170 2169/2169/2169
f 2168/2168/2168 2171/2171/2171 2170/2170/2170
f 2171/2171/2171 2172/2172/2172 2170/2170/2170
f 2173/2173/2173 2171/2171/2171 2168/2168/2168
f 2174/2174/2174 2173/2173/2173 2168/2168/2168
f 2173/2173/2173 2174/2174/2174 2175/2175/2175
f 2176/2176/2176 2173/2173/2173 2175/2175/2175
f 2170/2170/2170 2177/2177/2177 2169/2169/2169
f 2177/2177/2177 2178/2178/2178 2169/2169/2169
f 2177/2177/2177 2179/2179/2179 2178/2178/2178
f 2179/2179/2179 2180/2180/2180 2178/2178/2178
f 2181/2181/2181 2177/2177/2177 2170/2170/2170
f 2172/2172/2172 2181/2181/2181 2170/2170/2170
f 2182/2182/2182 2179/2179/2179 2177/2177/2177
f 2181/2181/2181 2182/2182/2182 2177/2177/2177
f 2180/2180/2180 2179/2179/2179 2183/2183/2183
f 2179/2179/2179 2184/2184/2184 2183/2183/2183
f 2181/2181/2181 2172/2172/2172 2185/2185/2185
f 2172/2172/2172 2171/2171/2171 2185/2185/2185
f 2186/2186/2186 2181/2181/2181 2185/2185/2185
f 2182/2182/2182 2181/2181/2181 2186/2186/2186
f 2186/2186/2186 2185/2185/2185 2187/2187/2187
f 2188/2188/2188 2186/2186/2186 2187/2187/2187
f 2189/2189/2189 2188/2188/2188 2187/2187/2187
f 2190/2190/2190 2189/2189/2189 2187/2187/2187
f 2191/2191/2191 2190/2190/2190 2187/2187/2187
f 2192/2192/2192 2191/2191/2191 2187/2187/2187
f 2191/2191/2191 2193/2193/2193 2190/2190/2190
f 2193/2193/2193 2194/2194/2194 2190/2190/2190
f 2195/2195/2195 2191/2191/2191 2192/2192/2192
f 2196/2196/2196 2195/2195/2195 2192/2192/2192
f 2197/2197/2197 2193/2193/2193 2191/2191/2191
f 2195/2195/2195 2197/2197/2197 2191/2191/2191
f 2189/2189/2189 2198/2198/2198 2188/2188/2188
f 2198/2198/2198 2199/2199/2199 2188/2188/2188
f 2199/2199/2199 2198/2198/2198 2200/2200/2200
f 2198/2198/2198 2201/2201/2201 2200/2200/2200
f 2198/2198/2198 2202/2202/2202 2201/2201/2201
f 2202/2202/2202 2198/2198/2198 2189/2189/2189
f 2202/2202/2202 2203/2203/2203 2201/2201/2201
f 2204/2204/2204 2199/2199/2199 2200/2200/2200
f 2205/2205/2205 2204/2204/2204 2200/2200/2200
f 2182/2182/2182 2204/2204/2204 2205/2205/2205
f 2206/2206/2206 2182/2182/2182 2205/2205/2205
f 2182/2182/2182 2206/2206/2206 2207/2207/2207
f 2208/2208/2208 2182/2182/2182 2207/2207/2207
f 2199/2199/2199 2204/2204/2204 2188/2188/2188
f 2204/2204/2204 2186/2186/2186 2188/2188/2188
f 2204/2204/2204 2182/2182/2182 2186/2186/2186
f 2209/2209/2209 2202/2202/2202 2189/2189/2189
f 2209/2209/2209 2189/2189/2189 2190/2190/2190
f 2194/2194/2194 2209/2209/2209 2190/2190/2190
f 2212/2212/2212 2211/2211/2211 2210/2210/2210
f 2213/2213/2213 2212/2212/2212 2210/2210/2210
f 2212/2212/2212 2213/2213/2213 2214/2214/2214
f 2215/2215/2215 2212/2212/2212 2214/2214/2214
f 2215/2215/2215 2214/2214/2214 2216/2216/2216
f 2217/2217/2217 2215/2215/2215 2216/2216/2216
f 2218/2218/2218 2217/2217/2217 2216/2216/2216
f 2219/2219/2219 2218/2218/2218 2216/2216/2216
f 2220/2220/2220 2218/2218/2218 2219/2219/2219
f 2221/2221/2221 2220/2220/2220 2219/2219/2219
f 2224/2224/2224 2223/2223/2223 2222/2222/2222
f 2225/2225/2225 2224/2224/2224 2222/2222/2222
f 2228/2228/2228 2227/2227/2227 2226/2226/2226
f 2229/2229/2229 2228/2228/2228 2226/2226/2226
f 2232/2232/2232 2231/2231/2231 2230/2230/2230
f 2233/2233/2233 2232/2232/2232 2230/2230/2230
f 2236/2236/2236 2235/2235/2235 2234/2234/2234
f 2237/2237/2237 2236/2236/2236 2234/2234/2234
f 2240/2240/2240 2239/2239/2239 2238/2238/2238
f 2241/2241/2241 2240/2240/2240 2238/2238/2238
f 2244/2244/2244 2243/2243/2243 2242/2242/2242
f 2245/2245/2245 2244/2244/2244 2242/2242/2242
f 2243/2243/2243 2244/2244/2244 2246/2246/2246
f 2244/2244/2244 2247/2247/2247 2246/2246/2246
f 2246/2246/2246 2247/2247/2247 2248/2248/2248
f 2247/2247/2247 2249/2249/2249 2248/2248/2248
f 2249/2249/2249 2250/2250/2250 2248/2248/2248
f 2250/2250/2250 2251/2251/2251 2248/2248/2248
f 2250/2250/2250 2252/2252/2252 2251/2251/2251
f 2252/2252/2252 2253/2253/2253 2251/2251/2251
f 2253/2253/2253 2252/2252/2252 2254/2254/2254
f 2252/2252/2252 2255/2255/2255 2254/2254/2254
f 2254/2254/2254 2255/2255/2255 2256/2256/2256
f 2255/2255/2255 2257/2257/2257 2256/2256/2256
f 2257/2257/2257 2258/2258/2258 2256/2256/2256
f 2258/2258/2258 2259/2259/2259 2256/2256/2256
f 2258/2258/2258 2260/2260/2260 2259/2259/2259
f 2260/2260/2260 2261/2261/2261 2259/2259/2259
f 2261/2261/2261 2260/2260/2260 2262/2262/2262
f 2260/2260/2260 2263/2263/2263 2262/2262/2262
f 2266/2266/2266 2265/2265/2265 2264/2264/2264
f 2267/2267/2267 2266/2266/2266 2264/2264/2264
f 2269/2269/2269 2267/2267/2267 2268/2268/2268
f 2270/2270/2270 2269/2269/2269 2268/2268/2268
f 2270/2270/2270 2268/2268/2268 2271/2271/2271
f 2272/2272/2272 2270/2270/2270 2271/2271/2271
f 2273/2273/2273 2270/2270/2270 2272/2272/2272
f 2274/2274/2274 2273/2273/2273 2272/2272/2272
f 2275/2275/2275 2269/2269/2269 2270/2270/2270
f 2273/2273/2273 2275/2275/2275 2270/2270/2270
f 2269/2269/2269 2275/2275/2275 2276/2276/2276
f 2275/2275/2275 2277/2277/2277 2276/2276/2276
f 2278/2278/2278 2272/2272/2272 2271/2271/2271
f 2279/2279/2279 2278/2278/2278 2271/2271/2271
f 2280/2280/2280 2274/2274/2274 2272/2272/2272
f 2278/2278/2278 2280/2280/2280 2272/2272/2272
f 2281/2281/2281 2278/2278/2278 2279/2279/2279
f 2282/2282/2282 2281/2281/2281 2279/2279/2279
f 2283/2283/2283 2280/2280/2280 2278/2278/2278
f 2281/2281/2281 2283/2283/2283 2278/2278/2278
f 2281/2281/2281 2282/2282/2282 2284/2284/2284
f 2285/2285/2285 2281/2281/2281 2284/2284/2284
f 2283/2283/2283 2281/2281/2281 2286/2286/2286
f 2287/2287/2287 2283/2283/2283 2286/2286/2286
f 2273/2273/2273 2274/2274/2274 2288/2288/2288
f 2274/2274/2274 2280/2280/2280 2288/2288/2288
f 2289/2289/2289 2273/2273/2273 2288/2288/2288
f 2289/2289/2289 2288/2288/2288 2290/2290/2290
f 2291/2291/2291 2289/2289/2289 2290/2290/2290
f 2292/2292/2292 2291/2291/2291 2290/2290/2290
f 2293/2293/2293 2292/2292/2292 2290/2290/2290
f 2292/2292/2292 2294/2294/2294 2291/2291/2291
f 2294/2294/2294 2295/2295/2295 2291/2291/2291
f 2296/2296/2296 2292/2292/2292 2293/2293/2293
f 2297/2297/2297 2296/2296/2296 2293/2293/2293
f 2298/2298/2298 2294/2294/2294 2292/2292/2292
f 2296/2296/2296 2298/2298/2298 2292/2292/2292
f 2299/2299/2299 2289/2289/2289 2291/2291/2291
f 2295/2295/2295 2299/2299/2299 2291/2291/2291
f 2299/2299/2299 2275/2275/2275 2289/2289/2289
f 2275/2275/2275 2273/2273/2273 2289/2289/2289
f 2288/2288/2288 2300/2300/2300 2290/2290/2290
f 2300/2300/2300 2301/2301/2301 2290/2290/2290
f 2300/2300/2300 2302/2302/2302 2301/2301/2301
f 2302/2302/2302 2303/2303/2303 2301/2301/2301
f 2283/2283/2283 2302/2302/2302 2300/2300/2300
f 2280/2280/2280 2283/2283/2283 2300/2300/2300
f 2280/2280/2280 2300/2300/2300 2288/2288/2288
f 2304/2304/2304 2297/2297/2297 2293/2293/2293
f 2303/2303/2303 2305/2305/2305 2301/2301/2301
f 2305/2305/2305 2306/2306/2306 2301/2301/2301
f 2301/2301/2301 2306/2306/2306 2290/2290/2290
f 2306/2306/2306 2293/2293/2293 2290/2290/2290
f 2306/2306/2306 2304/2304/2304 2293/2293/2293
f 2307/2307/2307 2304/2304/2304 2306/2306/2306
f 2305/2305/2305 2307/2307/2307 2306/2306/2306
f 2275/2275/2275 2299/2299/2299 2308/2308/2308
f 2308/2308/2308 2299/2299/2299 2309/2309/2309
f 2299/2299/2299 2295/2295/2295 2309/2309/2309
f 2277/2277/2277 2275/2275/2275 2308/2308/2308
f 2295/2295/2295 2294/2294/2294 2309/2309/2309
f 2294/2294/2294 2310/2310/2310 2309/2309/2309
f 2294/2294/2294 2298/2298/2298 2310/2310/2310
f 2298/2298/2298 2311/2311/2311 2310/2310/2310
f 2311/2311/2311 2298/2298/2298 2312/2312/2312
f 2298/2298/2298 2313/2313/2313 2312/2312/2312
f 2312/2312/2312 2313/2313/2313 2314/2314/2314
f 2313/2313/2313 2315/2315/2315 2314/2314/2314
f 2315/2315/2315 2316/2316/2316 2314/2314/2314
f 2316/2316/2316 2317/2317/2317 2314/2314/2314
f 2316/2316/2316 2318/2318/2318 2317/2317/2317
f 2318/2318/2318 2319/2319/2319 2317/2317/2317
f 2319/2319/2319 2318/2318/2318 2320/2320/2320
f 2318/2318/2318 2321/2321/2321 2320/2320/2320
f 2316/2316/2316 2315/2315/2315 2322/2322/2322
f 2315/2315/2315 2313/2313/2313 2322/2322/2322
f 2323/2323/2323 2316/2316/2316 2322/2322/2322
f 2318/2318/2318 2316/2316/2316 2323/2323/2323
f 2323/2323/2323 2322/2322/2322 2324/2324/2324
f 2325/2325/2325 2323/2323/2323 2324/2324/2324
f 2326/2326/2326 2323/2323/2323 2325/2325/2325
f 2326/2326/2326 2318/2318/2318 2323/2323/2323
f 2318/2318/2318 2326/2326/2326 2327/2327/2327
f 2327/2327/2327 2326/2326/2326 2328/2328/2328
f 2327/2327/2327 2328/2328/2328 2329/2329/2329
f 2330/2330/2330 2327/2327/2327 2329/2329/2329
f 2326/2326/2326 2331/2331/2331 2328/2328/2328
f 2331/2331/2331 2326/2326/2326 2325/2325/2325
f 2332/2332/2332 2327/2327/2327 2330/2330/2330
f 2332/2332/2332 2318/2318/2318 2327/2327/2327
f 2333/2333/2333 2332/2332/2332 2330/2330/2330
f 2328/2328/2328 2334/2334/2334 2329/2329/2329
f 2334/2334/2334 2335/2335/2335 2329/2329/2329
f 2334/2334/2334 2336/2336/2336 2335/2335/2335
f 2336/2336/2336 2337/2337/2337 2335/2335/2335
f 2338/2338/2338 2334/2334/2334 2328/2328/2328
f 2331/2331/2331 2338/2338/2338 2328/2328/2328
f 2338/2338/2338 2331/2331/2331 2325/2325/2325
f 2339/2339/2339 2336/2336/2336 2334/2334/2334
f 2338/2338/2338 2339/2339/2339 2334/2334/2334
f 2332/2332/2332 2333/2333/2333 2340/2340/2340
f 2341/2341/2341 2332/2332/2332 2340/2340/2340
f 2337/2337/2337 2336/2336/2336 2342/2342/2342
f 2336/2336/2336 2343/2343/2343 2342/2342/2342
f 2339/2339/2339 2338/2338/2338 2344/2344/2344
f 2344/2344/2344 2338/2338/2338 2325/2325/2325
f 2344/2344/2344 2325/2325/2325 2324/2324/2324
f 2345/2345/2345 2344/2344/2344 2324/2324/2324
f 2346/2346/2346 2345/2345/2345 2324/2324/2324
f 2347/2347/2347 2346/2346/2346 2324/2324/2324
f 2348/2348/2348 2347/2347/2347 2324/2324/2324
f 2322/2322/2322 2348/2348/2348 2324/2324/2324
f 2348/2348/2348 2296/2296/2296 2347/2347/2347
f 2296/2296/2296 2297/2297/2297 2347/2347/2347
f 2313/2313/2313 2348/2348/2348 2322/2322/2322
f 2298/2298/2298 2296/2296/2296 2348/2348/2348
f 2313/2313/2313 2298/2298/2298 2348/2348/2348
f 2346/2346/2346 2349/2349/2349 2345/2345/2345
f 2349/2349/2349 2350/2350/2350 2345/2345/2345
f 2350/2350/2350 2349/2349/2349 2351/2351/2351
f 2352/2352/2352 2350/2350/2350 2351/2351/2351
f 2352/2352/2352 2344/2344/2344 2345/2345/2345
f 2350/2350/2350 2352/2352/2352 2345/2345/2345
f 2353/2353/2353 2352/2352/2352 2351/2351/2351
f 2339/2339/2339 2352/2352/2352 2353/2353/2353
f 2354/2354/2354 2339/2339/2339 2353/2353/2353
f 2349/2349/2349 2355/2355/2355 2351/2351/2351
f 2349/2349/2349 2307/2307/2307 2355/2355/2355
f 2307/2307/2307 2356/2356/2356 2355/2355/2355
f 2339/2339/2339 2354/2354/2354 2357/2357/2357
f 2358/2358/2358 2339/2339/2339 2357/2357/2357
f 2307/2307/2307 2349/2349/2349 2346/2346/2346
f 2304/2304/2304 2307/2307/2307 2346/2346/2346
f 2304/2304/2304 2346/2346/2346 2347/2347/2347
f 2297/2297/2297 2304/2304/2304 2347/2347/2347
f 2352/2352/2352 2339/2339/2339 2344/2344/2344
f 2356/2356/2356 2307/2307/2307 2359/2359/2359
f 2307/2307/2307 2305/2305/2305 2359/2359/2359
f 2359/2359/2359 2305/2305/2305 2360/2360/2360
f 2305/2305/2305 2303/2303/2303 2360/2360/2360
f 2303/2303/2303 2302/2302/2302 2360/2360/2360
f 2302/2302/2302 2361/2361/2361 2360/2360/2360
f 2302/2302/2302 2283/2283/2283 2361/2361/2361
f 2283/2283/2283 2287/2287/2287 2361/2361/2361
f 2364/2364/2364 2363/2363/2363 2362/2362/2362
f 2365/2365/2365 2364/2364/2364 2362/2362/2362
f 2366/2366/2366 2364/2364/2364 2365/2365/2365
f 2367/2367/2367 2366/2366/2366 2365/2365/2365
f 2363/2363/2363 2368/2368/2368 2362/2362/2362
f 2368/2368/2368 2369/2369/2369 2362/2362/2362
f 2368/2368/2368 2370/2370/2370 2369/2369/2369
f 2370/2370/2370 2371/2371/2371 2369/2369/2369
f 2374/2374/2374 2373/2373/2373 2372/2372/2372
f 2375/2375/2375 2374/2374/2374 2372/2372/2372
f 2376/2376/2376 2374/2374/2374 2375/2375/2375
f 2377/2377/2377 2376/2376/2376 2375/2375/2375
f 2373/2373/2373 2378/2378/2378 2372/2372/2372
f 2378/2378/2378 2379/2379/2379 2372/2372/2372
f 2378/2378/2378 2380/2380/2380 2379/2379/2379
f 2380/2380/2380 2381/2381/2381 2379/2379/2379
f 2384/2384/2384 2383/2383/2383 2382/2382/2382
f 2385/2385/2385 2384/2384/2384 2382/2382/2382
f 2383/2383/2383 2386/2386/2386 2382/2382/2382
f 2386/2386/2386 2387/2387/2387 2382/2382/2382
f 2390/2390/2390 2389/2389/2389 2388/2388/2388
f 2389/2389/2389 2391/2391/2391 2388/2388/2388
f 2394/2394/2394 2393/2393/2393 2392/2392/2392
f 2396/2396/2396 2395/2395/2395 2392/2392/2392
f 2399/2399/2399 2398/2398/2398 2397/2397/2397
f 2400/2400/2400 2399/2399/2399 2397/2397/2397
f 2403/2403/2403 2402/2402/2402 2401/2401/2401
f 2404/2404/2404 2403/2403/2403 2401/2401/2401
f 2407/2407/2407 2406/2406/2406 2405/2405/2405
f 2408/2408/2408 2407/2407/2407 2405/2405/2405
f 2411/2411/2411 2410/2410/2410 2409/2409/2409
f 2414/2414/2414 2413/2413/2413 2412/2412/2412
f 2417/2417/2417 2416/2416/2416 2415/2415/2415
f 2418/2418/2418 2417/2417/2417 2415/2415/2415
f 2419/2419/2419 2417/2417/2417 2418/2418/2418
f 2420/2420/2420 2419/2419/2419 2418/2418/2418
f 2416/2416/2416 2421/2421/2421 2415/2415/2415
f 2421/2421/2421 2422/2422/2422 2415/2415/2415
f 2421/2421/2421 2423/2423/2423 2422/2422/2422
f 2423/2423/2423 2424/2424/2424 2422/2422/2422
f 2424/2424/2424 2423/2423/2423 2425/2425/2425
f 2423/2423/2423 2426/2426/2426 2425/2425/2425
f 2419/2419/2419 2420/2420/2420 2427/2427/2427
f 2428/2428/2428 2419/2419/2419 2427/2427/2427
f 2428/2428/2428 2427/2427/2427 2429/2429/2429
f 2430/2430/2430 2428/2428/2428 2429/2429/2429
f 2431/2431/2431 2430/2430/2430 2429/2429/2429
f 2432/2432/2432 2431/2431/2431 2429/2429/2429
f 2433/2433/2433 2431/2431/2431 2432/2432/2432
f 2434/2434/2434 2433/2433/2433 2432/2432/2432
f 2433/2433/2433 2434/2434/2434 2435/2435/2435
f 2436/2436/2436 2433/2433/2433 2435/2435/2435
f 2439/2439/2439 2438/2438/2438 2437/2437/2437
f 2440/2440/2440 2439/2439/2439 2437/2437/2437
f 2441/2441/2441 2439/2439/2439 2440/2440/2440
f 2442/2442/2442 2441/2441/2441 2440/2440/2440
f 2438/2438/2438 2443/2443/2443 2437/2437/2437
f 2443/2443/2443 2444/2444/2444 2437/2437/2437
f 2443/2443/2443 2445/2445/2445 2444/2444/2444
f 2445/2445/2445 2446/2446/2446 2444/2444/2444
f 2446/2446/2446 2445/2445/2445 2447/2447/2447
f 2445/2445/2445 2448/2448/2448 2447/2447/2447
f 2448/2448/2448 2445/2445/2445 2449/2449/2449
f 2445/2445/2445 2450/2450/2450 2449/2449/2449
f 2449/2449/2449 2450/2450/2450 2451/2451/2451
f 2450/2450/2450 2452/2452/2452 2451/2451/2451
f 2452/2452/2452 2453/2453/2453 2451/2451/2451
f 2453/2453/2453 2454/2454/2454 2451/2451/2451
f 2453/2453/2453 2455/2455/2455 2454/2454/2454
f 2455/2455/2455 2456/2456/2456 2454/2454/2454
f 2453/2453/2453 2452/2452/2452 2457/2457/2457
f 2452/2452/2452 2450/2450/2450 2457/2457/2457
f 2458/2458/2458 2453/2453/2453 2457/2457/2457
f 2455/2455/2455 2453/2453/2453 2458/2458/2458
f 2458/2458/2458 2457/2457/2457 2459/2459/2459
f 2460/2460/2460 2458/2458/2458 2459/2459/2459
f 2461/2461/2461 2460/2460/2460 2459/2459/2459
f 2462/2462/2462 2461/2461/2461 2459/2459/2459
f 2461/2461/2461 2463/2463/2463 2460/2460/2460
f 2463/2463/2463 2464/2464/2464 2460/2460/2460
f 2464/2464/2464 2463/2463/2463 2465/2465/2465
f 2466/2466/2466 2464/2464/2464 2465/2465/2465
f 2466/2466/2466 2458/2458/2458 2460/2460/2460
f 2464/2464/2464 2466/2466/2466 2460/2460/2460
f 2466/2466/2466 2455/2455/2455 2458/2458/2458
f 2467/2467/2467 2466/2466/2466 2465/2465/2465
f 2455/2455/2455 2466/2466/2466 2467/2467/2467
f 2467/2467/2467 2465/2465/2465 2468/2468/2468
f 2469/2469/2469 2467/2467/2467 2468/2468/2468
f 2470/2470/2470 2469/2469/2469 2468/2468/2468
f 2471/2471/2471 2470/2470/2470 2468/2468/2468
f 2472/2472/2472 2471/2471/2471 2468/2468/2468
f 2473/2473/2473 2472/2472/2472 2468/2468/2468
f 2472/2472/2472 2474/2474/2474 2471/2471/2471
f 2474/2474/2474 2475/2475/2475 2471/2471/2471
f 2476/2476/2476 2472/2472/2472 2473/2473/2473
f 2477/2477/2477 2476/2476/2476 2473/2473/2473
f 2478/2478/2478 2474/2474/2474 2472/2472/2472
f 2476/2476/2476 2478/2478/2478 2472/2472/2472
f 2470/2470/2470 2479/2479/2479 2469/2469/2469
f 2479/2479/2479 2480/2480/2480 2469/2469/2469
f 2481/2481/2481 2470/2470/2470 2471/2471/2471
f 2475/2475/2475 2481/2481/2481 2471/2471/2471
f 2482/2482/2482 2479/2479/2479 2470/2470/2470
f 2481/2481/2481 2482/2482/2482 2470/2470/2470
f 2483/2483/2483 2467/2467/2467 2469/2469/2469
f 2480/2480/2480 2483/2483/2483 2469/2469/2469
f 2484/2484/2484 2473/2473/2473 2468/2468/2468
f 2485/2485/2485 2477/2477/2477 2473/2473/2473
f 2484/2484/2484 2485/2485/2485 2473/2473/2473
f 2486/2486/2486 2485/2485/2485 2484/2484/2484
f 2463/2463/2463 2486/2486/2486 2484/2484/2484
f 2463/2463/2463 2484/2484/2484 2465/2465/2465
f 2465/2465/2465 2484/2484/2484 2468/2468/2468
f 2486/2486/2486 2463/2463/2463 2461/2461/2461
f 2487/2487/2487 2486/2486/2486 2461/2461/2461
f 2487/2487/2487 2461/2461/2461 2462/2462/2462
f 2488/2488/2488 2487/2487/2487 2462/2462/2462
f 2489/2489/2489 2488/2488/2488 2462/2462/2462
f 2490/2490/2490 2489/2489/2489 2462/2462/2462
f 2490/2490/2490 2462/2462/2462 2459/2459/2459
f 2491/2491/2491 2490/2490/2490 2459/2459/2459
f 2492/2492/2492 2491/2491/2491 2459/2459/2459
f 2457/2457/2457 2492/2492/2492 2459/2459/2459
f 2492/2492/2492 2443/2443/2443 2491/2491/2491
f 2443/2443/2443 2438/2438/2438 2491/2491/2491
f 2450/2450/2450 2492/2492/2492 2457/2457/2457
f 2445/2445/2445 2443/2443/2443 2492/2492/2492
f 2450/2450/2450 2445/2445/2445 2492/2492/2492
f 2439/2439/2439 2490/2490/2490 2491/2491/2491
f 2438/2438/2438 2439/2439/2439 2491/2491/2491
f 2441/2441/2441 2489/2489/2489 2490/2490/2490
f 2439/2439/2439 2441/2441/2441 2490/2490/2490
f 2487/2487/2487 2488/2488/2488 2493/2493/2493
f 2488/2488/2488 2489/2489/2489 2493/2493/2493
f 2494/2494/2494 2487/2487/2487 2493/2493/2493
f 2494/2494/2494 2493/2493/2493 2495/2495/2495
f 2496/2496/2496 2494/2494/2494 2495/2495/2495
f 2497/2497/2497 2496/2496/2496 2495/2495/2495
f 2498/2498/2498 2497/2497/2497 2495/2495/2495
f 2497/2497/2497 2499/2499/2499 2496/2496/2496
f 2499/2499/2499 2500/2500/2500 2496/2496/2496
f 2501/2501/2501 2497/2497/2497 2498/2498/2498
f 2502/2502/2502 2501/2501/2501 2498/2498/2498
f 2501/2501/2501 2502/2502/2502 2503/2503/2503
f 2504/2504/2504 2501/2501/2501 2503/2503/2503
f 2505/2505/2505 2501/2501/2501 2504/2504/2504
f 2505/2505/2505 2499/2499/2499 2497/2497/2497
f 2501/2501/2501 2505/2505/2505 2497/2497/2497
f 2506/2506/2506 2505/2505/2505 2504/2504/2504
f 2505/2505/2505 2506/2506/2506 2507/2507/2507
f 2508/2508/2508 2505/2505/2505 2507/2507/2507
f 2508/2508/2508 2507/2507/2507 2509/2509/2509
f 2510/2510/2510 2508/2508/2508 2509/2509/2509
f 2511/2511/2511 2510/2510/2510 2509/2509/2509
f 2512/2512/2512 2511/2511/2511 2509/2509/2509
f 2513/2513/2513 2511/2511/2511 2512/2512/2512
f 2514/2514/2514 2513/2513/2513 2512/2512/2512
f 2502/2502/2502 2515/2515/2515 2503/2503/2503
f 2515/2515/2515 2516/2516/2516 2503/2503/2503
f 2515/2515/2515 2517/2517/2517 2516/2516/2516
f 2517/2517/2517 2518/2518/2518 2516/2516/2516
f 2518/2518/2518 2517/2517/2517 2519/2519/2519
f 2517/2517/2517 2520/2520/2520 2519/2519/2519
f 2517/2517/2517 2515/2515/2515 2521/2521/2521
f 2521/2521/2521 2515/2515/2515 2498/2498/2498
f 2521/2521/2521 2498/2498/2498 2495/2495/2495
f 2522/2522/2522 2521/2521/2521 2495/2495/2495
f 2523/2523/2523 2522/2522/2522 2495/2495/2495
f 2493/2493/2493 2523/2523/2523 2495/2495/2495
f 2523/2523/2523 2524/2524/2524 2522/2522/2522
f 2524/2524/2524 2525/2525/2525 2522/2522/2522
f 2489/2489/2489 2523/2523/2523 2493/2493/2493
f 2441/2441/2441 2524/2524/2524 2523/2523/2523
f 2489/2489/2489 2441/2441/2441 2523/2523/2523
f 2515/2515/2515 2502/2502/2502 2498/2498/2498
f 2526/2526/2526 2521/2521/2521 2522/2522/2522
f 2525/2525/2525 2526/2526/2526 2522/2522/2522
f 2526/2526/2526 2517/2517/2517 2521/2521/2521
f 2526/2526/2526 2525/2525/2525 2527/2527/2527
f 2525/2525/2525 2524/2524/2524 2527/2527/2527
f 2528/2528/2528 2526/2526/2526 2527/2527/2527
f 2517/2517/2517 2526/2526/2526 2528/2528/2528
f 2520/2520/2520 2517/2517/2517 2528/2528/2528
f 2524/2524/2524 2529/2529/2529 2527/2527/2527
f 2524/2524/2524 2441/2441/2441 2529/2529/2529
f 2441/2441/2441 2442/2442/2442 2529/2529/2529
f 2532/2532/2532 2531/2531/2531 2530/2530/2530
f 2533/2533/2533 2532/2532/2532 2530/2530/2530
f 2534/2534/2534 2532/2532/2532 2533/2533/2533
f 2535/2535/2535 2534/2534/2534 2533/2533/2533
f 2531/2531/2531 2536/2536/2536 2530/2530/2530
f 2536/2536/2536 2537/2537/2537 2530/2530/2530
f 2536/2536/2536 2538/2538/2538 2537/2537/2537
f 2538/2538/2538 2539/2539/2539 2537/2537/2537
f 2534/2534/2534 2535/2535/2535 2540/2540/2540
f 2541/2541/2541 2534/2534/2534 2540/2540/2540
f 2539/2539/2539 2538/2538/2538 2542/2542/2542
f 2538/2538/2538 2543/2543/2543 2542/2542/2542
f 2542/2542/2542 2543/2543/2543 2544/2544/2544
f 2543/2543/2543 2545/2545/2545 2544/2544/2544
f 2545/2545/2545 2546/2546/2546 2544/2544/2544
f 2546/2546/2546 2547/2547/2547 2544/2544/2544
f 2546/2546/2546 2548/2548/2548 2547/2547/2547
f 2548/2548/2548 2549/2549/2549 2547/2547/2547
f 2549/2549/2549 2548/2548/2548 2550/2550/2550
f 2548/2548/2548 2551/2551/2551 2550/2550/2550
f 2554/2554/2554 2553/2553/2553 2552/2552/2552
f 2555/2555/2555 2554/2554/2554 2552/2552/2552
f 2556/2556/2556 2554/2554/2554 2555/2555/2555
f 2557/2557/2557 2556/2556/2556 2555/2555/2555
f 2553/2553/2553 2558/2558/2558 2552/2552/2552
f 2558/2558/2558 2559/2559/2559 2552/2552/2552
f 2558/2558/2558 2560/2560/2560 2559/2559/2559
f 2560/2560/2560 2561/2561/2561 2559/2559/2559
f 2564/2564/2564 2563/2563/2563 2562/2562/2562
f 2565/2565/2565 2564/2564/2564 2562/2562/2562
f 2566/2566/2566 2564/2564/2564 2565/2565/2565
f 2567/2567/2567 2566/2566/2566 2565/2565/2565
f 2563/2563/2563 2568/2568/2568 2562/2562/2562
f 2568/2568/2568 2569/2569/2569 2562/2562/2562
f 2568/2568/2568 2570/2570/2570 2569/2569/2569
f 2570/2570/2570 2571/2571/2571 2569/2569/2569
f 2574/2574/2574 2573/2573/2573 2572/2572/2572
f 2575/2575/2575 2574/2574/2574 2572/2572/2572
f 2574/2574/2574 2576/2576/2576 2573/2573/2573
f 2576/2576/2576 2577/2577/2577 2573/2573/2573
f 2578/2578/2578 2574/2574/2574 2575/2575/2575
f 2579/2579/2579 2578/2578/2578 2575/2575/2575
f 2580/2580/2580 2576/2576/2576 2574/2574/2574
f 2581/2581/2581 2580/2580/2580 2574/2574/2574
f 2573/2573/2573 2582/2582/2582 2572/2572/2572
f 2582/2582/2582 2583/2583/2583 2572/2572/2572
f 2582/2582/2582 2584/2584/2584 2583/2583/2583
f 2584/2584/2584 2585/2585/2585 2583/2583/2583
f 2586/2586/2586 2582/2582/2582 2573/2573/2573
f 2577/2577/2577 2586/2586/2586 2573/2573/2573
f 2586/2586/2586 2587/2587/2587 2582/2582/2582
f 2587/2587/2587 2588/2588/2588 2582/2582/2582
f 2585/2585/2585 2584/2584/2584 2589/2589/2589
f 2584/2584/2584 2590/2590/2590 2589/2589/2589
f 2588/2588/2588 2587/2587/2587 2591/2591/2591
f 2587/2587/2587 2592/2592/2592 2591/2591/2591
f 2578/2578/2578 2579/2579/2579 2593/2593/2593
f 2594/2594/2594 2578/2578/2578 2593/2593/2593
f 2580/2580/2580 2581/2581/2581 2595/2595/2595
f 2596/2596/2596 2580/2580/2580 2595/2595/2595
f 2592/2592/2592 2587/2587/2587 2597/2597/2597
f 2587/2587/2587 2598/2598/2598 2597/2597/2597
f 2597/2597/2597 2598/2598/2598 2599/2599/2599
f 2598/2598/2598 2600/2600/2600 2599/2599/2599
f 2600/2600/2600 2601/2601/2601 2599/2599/2599
f 2601/2601/2601 2602/2602/2602 2599/2599/2599
f 2601/2601/2601 2603/2603/2603 2602/2602/2602
f 2603/2603/2603 2604/2604/2604 2602/2602/2602
f 2604/2604/2604 2603/2603/2603 2605/2605/2605
f 2603/2603/2603 2606/2606/2606 2605/2605/2605
f 2606/2606/2606 2603/2603/2603 2607/2607/2607
f 2603/2603/2603 2608/2608/2608 2607/2607/2607
f 2607/2607/2607 2608/2608/2608 2609/2609/2609
f 2608/2608/2608 2610/2610/2610 2609/2609/2609
f 2610/2610/2610 2611/2611/2611 2609/2609/2609
f 2611/2611/2611 2612/2612/2612 2609/2609/2609
f 2611/2611/2611 2613/2613/2613 2612/2612/2612
f 2613/2613/2613 2614/2614/2614 2612/2612/2612
f 2611/2611/2611 2610/2610/2610 2615/2615/2615
f 2610/2610/2610 2608/2608/2608 2615/2615/2615
f 2616/2616/2616 2611/2611/2611 2615/2615/2615
f 2613/2613/2613 2611/2611/2611 2616/2616/2616
f 2616/2616/2616 2615/2615/2615 2617/2617/2617
f 2618/2618/2618 2616/2616/2616 2617/2617/2617
f 2619/2619/2619 2616/2616/2616 2618/2618/2618
f 2619/2619/2619 2613/2613/2613 2616/2616/2616
f 2620/2620/2620 2619/2619/2619 2618/2618/2618
f 2619/2619/2619 2620/2620/2620 2621/2621/2621
f 2622/2622/2622 2619/2619/2619 2621/2621/2621
f 2623/2623/2623 2619/2619/2619 2622/2622/2622
f 2624/2624/2624 2623/2623/2623 2622/2622/2622
f 2620/2620/2620 2625/2625/2625 2621/2621/2621
f 2625/2625/2625 2620/2620/2620 2618/2618/2618
f 2625/2625/2625 2626/2626/2626 2621/2621/2621
f 2625/2625/2625 2580/2580/2580 2626/2626/2626
f 2580/2580/2580 2596/2596/2596 2626/2626/2626
f 2615/2615/2615 2627/2627/2627 2617/2617/2617
f 2627/2627/2627 2628/2628/2628 2617/2617/2617
f 2627/2627/2627 2601/2601/2601 2628/2628/2628
f 2601/2601/2601 2600/2600/2600 2628/2628/2628
f 2603/2603/2603 2601/2601/2601 2627/2627/2627
f 2608/2608/2608 2603/2603/2603 2627/2627/2627
f 2608/2608/2608 2627/2627/2627 2615/2615/2615
f 2600/2600/2600 2598/2598/2598 2628/2628/2628
f 2598/2598/2598 2629/2629/2629 2628/2628/2628
f 2628/2628/2628 2629/2629/2629 2617/2617/2617
f 2629/2629/2629 2630/2630/2630 2617/2617/2617
f 2629/2629/2629 2586/2586/2586 2630/2630/2630
f 2586/2586/2586 2577/2577/2577 2630/2630/2630
f 2587/2587/2587 2586/2586/2586 2629/2629/2629
f 2598/2598/2598 2587/2587/2587 2629/2629/2629
f 2630/2630/2630 2631/2631/2631 2617/2617/2617
f 2631/2631/2631 2618/2618/2618 2617/2617/2617
f 2631/2631/2631 2625/2625/2625 2618/2618/2618
f 2576/2576/2576 2631/2631/2631 2630/2630/2630
f 2577/2577/2577 2576/2576/2576 2630/2630/2630
f 2580/2580/2580 2625/2625/2625 2631/2631/2631
f 2576/2576/2576 2580/2580/2580 2631/2631/2631
f 2634/2634/2634 2633/2633/2633 2632/2632/2632
f 2635/2635/2635 2634/2634/2634 2632/2632/2632
f 2633/2633/2633 2636/2636/2636 2632/2632/2632
f 2636/2636/2636 2637/2637/2637 2632/2632/2632
f 2640/2640/2640 2639/2639/2639 2638/2638/2638
f 2641/2641/2641 2640/2640/2640 2638/2638/2638
f 2639/2639/2639 2642/2642/2642 2638/2638/2638
f 2642/2642/2642 2643/2643/2643 2638/2638/2638
f 2646/2646/2646 2645/2645/2645 2644/2644/2644
f 2647/2647/2647 2646/2646/2646 2644/2644/2644
f 2650/2650/2650 2649/2649/2649 2648/2648/2648
f 2651/2651/2651 2650/2650/2650 2648/2648/2648
f 2654/2654/2654 2653/2653/2653 2652/2652/2652
f 2655/2655/2655 2654/2654/2654 2652/2652/2652
f 2658/2658/2658 2657/2657/2657 2656/2656/2656
f 2659/2659/2659 2658/2658/2658 2656/2656/2656
f 2662/2662/2662 2661/2661/2661 2660/2660/2660
f 2663/2663/2663 2662/2662/2662 2660/2660/2660
f 2665/2665/2665 2664/2664/2664 2661/2661/2661
f 2668/2668/2668 2667/2667/2667 2666/2666/2666
f 2671/2671/2671 2670/2670/2670 2669/2669/2669
f 2674/2674/2674 2673/2673/2673 2672/2672/2672
f 2675/2675/2675 2674/2674/2674 2672/2672/2672
f 2674/2674/2674 2675/2675/2675 2676/2676/2676
f 2677/2677/2677 2674/2674/2674 2676/2676/2676
f 2482/2482/2482 2679/2679/2679 2678/2678/2678
f 2680/2680/2680 2482/2482/2482 2678/2678/2678
f 2679/2679/2679 2482/2482/2482 2681/2681/2681
f 2482/2482/2482 2481/2481/2481 2681/2681/2681
f 2681/2681/2681 2481/2481/2481 2682/2682/2682
f 2481/2481/2481 2475/2475/2475 2682/2682/2682
f 2475/2475/2475 2474/2474/2474 2682/2682/2682
f 2474/2474/2474 2683/2683/2683 2682/2682/2682
f 2474/2474/2474 2478/2478/2478 2683/2683/2683
f 2478/2478/2478 2684/2684/2684 2683/2683/2683
f 2684/2684/2684 2478/2478/2478 2685/2685/2685
f 2478/2478/2478 2686/2686/2686 2685/2685/2685
f 2686/2686/2686 2478/2478/2478 2687/2687/2687
f 2686/2686/2686 2687/2687/2687 2688/2688/2688
f 2688/2688/2688 2687/2687/2687 2689/2689/2689
f 2690/2690/2690 2688/2688/2688 2689/2689/2689
f 2691/2691/2691 2690/2690/2690 2689/2689/2689
f 2690/2690/2690 2692/2692/2692 2688/2688/2688
f 2692/2692/2692 2693/2693/2693 2688/2688/2688
f 2693/2693/2693 2686/2686/2686 2688/2688/2688
f 2511/2511/2511 2690/2690/2690 2691/2691/2691
f 2510/2510/2510 2511/2511/2511 2691/2691/2691
f 2513/2513/2513 2692/2692/2692 2690/2690/2690
f 2511/2511/2511 2513/2513/2513 2690/2690/2690
f 2687/2687/2687 2694/2694/2694 2689/2689/2689
f 2687/2687/2687 2476/2476/2476 2694/2694/2694
f 2478/2478/2478 2476/2476/2476 2687/2687/2687
f 2476/2476/2476 2477/2477/2477 2694/2694/2694
f 2694/2694/2694 2695/2695/2695 2689/2689/2689
f 2695/2695/2695 2696/2696/2696 2689/2689/2689
f 2695/2695/2695 2697/2697/2697 2696/2696/2696
f 2697/2697/2697 2500/2500/2500 2696/2696/2696
f 2500/2500/2500 2697/2697/2697 2496/2496/2496
f 2697/2697/2697 2494/2494/2494 2496/2496/2496
f 2697/2697/2697 2486/2486/2486 2494/2494/2494
f 2486/2486/2486 2697/2697/2697 2695/2695/2695
f 2486/2486/2486 2487/2487/2487 2494/2494/2494
f 2485/2485/2485 2695/2695/2695 2694/2694/2694
f 2477/2477/2477 2485/2485/2485 2694/2694/2694
f 2485/2485/2485 2486/2486/2486 2695/2695/2695
f 2500/2500/2500 2499/2499/2499 2696/2696/2696
f 2499/2499/2499 2698/2698/2698 2696/2696/2696
f 2696/2696/2696 2698/2698/2698 2689/2689/2689
f 2698/2698/2698 2691/2691/2691 2689/2689/2689
f 2698/2698/2698 2508/2508/2508 2691/2691/2691
f 2508/2508/2508 2510/2510/2510 2691/2691/2691
f 2505/2505/2505 2508/2508/2508 2698/2698/2698
f 2499/2499/2499 2505/2505/2505 2698/2698/2698
f 2701/2701/2701 2700/2700/2700 2699/2699/2699
f 2702/2702/2702 2701/2701/2701 2699/2699/2699
f 2701/2701/2701 2703/2703/2703 2700/2700/2700
f 2703/2703/2703 2704/2704/2704 2700/2700/2700
f 2700/2700/2700 2705/2705/2705 2699/2699/2699
f 2705/2705/2705 2706/2706/2706 2699/2699/2699
f 2707/2707/2707 2705/2705/2705 2700/2700/2700
f 2704/2704/2704 2707/2707/2707 2700/2700/2700
f 2707/2707/2707 2708/2708/2708 2705/2705/2705
f 2708/2708/2708 2709/2709/2709 2705/2705/2705
f 2704/2704/2704 2703/2703/2703 2710/2710/2710
f 2703/2703/2703 2711/2711/2711 2710/2710/2710
f 2710/2710/2710 2711/2711/2711 2712/2712/2712
f 2711/2711/2711 2713/2713/2713 2712/2712/2712
f 2713/2713/2713 2714/2714/2714 2712/2712/2712
f 2714/2714/2714 2715/2715/2715 2712/2712/2712
f 2714/2714/2714 2716/2716/2716 2715/2715/2715
f 2716/2716/2716 2717/2717/2717 2715/2715/2715
f 2707/2707/2707 2704/2704/2704 2718/2718/2718
f 2719/2719/2719 2707/2707/2707 2718/2718/2718
f 2708/2708/2708 2707/2707/2707 2719/2719/2719
f 2719/2719/2719 2718/2718/2718 2720/2720/2720
f 2721/2721/2721 2719/2719/2719 2720/2720/2720
f 2722/2722/2722 2721/2721/2721 2720/2720/2720
f 2723/2723/2723 2722/2722/2722 2720/2720/2720
f 2722/2722/2722 2724/2724/2724 2721/2721/2721
f 2724/2724/2724 2725/2725/2725 2721/2721/2721
f 2726/2726/2726 2722/2722/2722 2723/2723/2723
f 2727/2727/2727 2726/2726/2726 2723/2723/2723
f 2728/2728/2728 2724/2724/2724 2722/2722/2722
f 2726/2726/2726 2728/2728/2728 2722/2722/2722
f 2729/2729/2729 2719/2719/2719 2721/2721/2721
f 2725/2725/2725 2729/2729/2729 2721/2721/2721
f 2729/2729/2729 2708/2708/2708 2719/2719/2719
f 2727/2727/2727 2716/2716/2716 2730/2730/2730
f 2726/2726/2726 2727/2727/2727 2730/2730/2730
f 2716/2716/2716 2731/2731/2731 2730/2730/2730
f 2730/2730/2730 2731/2731/2731 2732/2732/2732
f 2731/2731/2731 2733/2733/2733 2732/2732/2732
f 2734/2734/2734 2730/2730/2730 2732/2732/2732
f 2734/2734/2734 2726/2726/2726 2730/2730/2730
f 2728/2728/2728 2726/2726/2726 2734/2734/2734
f 2735/2735/2735 2734/2734/2734 2732/2732/2732
f 2736/2736/2736 2728/2728/2728 2734/2734/2734
f 2739/2739/2739 2738/2738/2738 2737/2737/2737
f 2742/2742/2742 2741/2741/2741 2740/2740/2740
f 2745/2745/2745 2744/2744/2744 2743/2743/2743
f 2748/2748/2748 2747/2747/2747 2746/2746/2746
f 2749/2749/2749 2748/2748/2748 2746/2746/2746
f 2752/2752/2752 2751/2751/2751 2750/2750/2750
f 2753/2753/2753 2752/2752/2752 2750/2750/2750
f 2756/2756/2756 2755/2755/2755 2754/2754/2754
f 2757/2757/2757 2756/2756/2756 2754/2754/2754
f 2758/2758/2758 2756/2756/2756 2757/2757/2757
f 2759/2759/2759 2758/2758/2758 2757/2757/2757
f 2758/2758/2758 2759/2759/2759 2760/2760/2760
f 2760/2760/2760 2759/2759/2759 2761/2761/2761
f 2760/2760/2760 2761/2761/2761 2762/2762/2762
f 2763/2763/2763 2760/2760/2760 2762/2762/2762
f 2764/2764/2764 2763/2763/2763 2762/2762/2762
f 2765/2765/2765 2764/2764/2764 2762/2762/2762
f 2764/2764/2764 2766/2766/2766 2763/2763/2763
f 2766/2766/2766 2767/2767/2767 2763/2763/2763
f 2767/2767/2767 2766/2766/2766 2768/2768/2768
f 2769/2769/2769 2767/2767/2767 2768/2768/2768
f 2769/2769/2769 2760/2760/2760 2763/2763/2763
f 2767/2767/2767 2769/2769/2769 2763/2763/2763
f 2769/2769/2769 2758/2758/2758 2760/2760/2760
f 2770/2770/2770 2769/2769/2769 2768/2768/2768
f 2758/2758/2758 2769/2769/2769 2770/2770/2770
f 2771/2771/2771 2758/2758/2758 2770/2770/2770
f 2766/2766/2766 2772/2772/2772 2768/2768/2768
f 2766/2766/2766 2773/2773/2773 2772/2772/2772
f 2773/2773/2773 2766/2766/2766 2764/2764/2764
f 2773/2773/2773 2774/2774/2774 2772/2772/2772
f 2774/2774/2774 2773/2773/2773 2775/2775/2775
f 2773/2773/2773 2776/2776/2776 2775/2775/2775
f 2775/2775/2775 2776/2776/2776 2777/2777/2777
f 2776/2776/2776 2778/2778/2778 2777/2777/2777
f 2779/2779/2779 2764/2764/2764 2765/2765/2765
f 2779/2779/2779 2773/2773/2773 2764/2764/2764
f 2780/2780/2780 2779/2779/2779 2765/2765/2765
f 2778/2778/2778 2776/2776/2776 2781/2781/2781
f 2776/2776/2776 2782/2782/2782 2781/2781/2781
f 2773/2773/2773 2779/2779/2779 2783/2783/2783
f 2776/2776/2776 2773/2773/2773 2783/2783/2783
f 2782/2782/2782 2785/2785/2785 2784/2784/2784
f 2785/2785/2785 2786/2786/2786 2784/2784/2784
f 2758/2758/2758 2771/2771/2771 2787/2787/2787
f 2756/2756/2756 2758/2758/2758 2787/2787/2787
f 2756/2756/2756 2787/2787/2787 2788/2788/2788
f 2755/2755/2755 2756/2756/2756 2788/2788/2788
f 2790/2790/2790 2757/2757/2757 2789/2789/2789
f 2791/2791/2791 2790/2790/2790 2789/2789/2789
f 2794/2794/2794 2793/2793/2793 2792/2792/2792
f 2795/2795/2795 2794/2794/2794 2792/2792/2792
f 2798/2798/2798 2797/2797/2797 2796/2796/2796
f 2799/2799/2799 2798/2798/2798 2796/2796/2796
f 2798/2798/2798 2799/2799/2799 2800/2800/2800
f 2801/2801/2801 2798/2798/2798 2800/2800/2800
f 2801/2801/2801 2800/2800/2800 2802/2802/2802
f 2803/2803/2803 2801/2801/2801 2802/2802/2802
f 2804/2804/2804 2803/2803/2803 2802/2802/2802
f 2805/2805/2805 2804/2804/2804 2802/2802/2802
f 2806/2806/2806 2804/2804/2804 2805/2805/2805
f 2807/2807/2807 2806/2806/2806 2805/2805/2805
f 2806/2806/2806 2807/2807/2807 2808/2808/2808
f 2809/2809/2809 2806/2806/2806 2808/2808/2808
f 2812/2812/2812 2811/2811/2811 2810/2810/2810
f 2813/2813/2813 2812/2812/2812 2810/2810/2810
f 2816/2816/2816 2815/2815/2815 2814/2814/2814
f 2817/2817/2817 2816/2816/2816 2814/2814/2814
f 2820/2820/2820 2819/2819/2819 2818/2818/2818
f 2821/2821/2821 2820/2820/2820 2818/2818/2818
f 2824/2824/2824 2823/2823/2823 2822/2822/2822
f 2825/2825/2825 2824/2824/2824 2822/2822/2822
f 2828/2828/2828 2827/2827/2827 2826/2826/2826
f 2829/2829/2829 2828/2828/2828 2826/2826/2826
f 2832/2832/2832 2831/2831/2831 2830/2830/2830
f 2833/2833/2833 2832/2832/2832 2830/2830/2830
f 2836/2836/2836 2835/2835/2835 2834/2834/2834
f 2837/2837/2837 2836/2836/2836 2834/2834/2834
f 2835/2835/2835 2836/2836/2836 2838/2838/2838
f 2836/2836/2836 2839/2839/2839 2838/2838/2838
f 2838/2838/2838 2839/2839/2839 2840/2840/2840
f 2839/2839/2839 2841/2841/2841 2840/2840/2840
f 2841/2841/2841 2842/2842/2842 2840/2840/2840
f 2842/2842/2842 2843/2843/2843 2840/2840/2840
f 2842/2842/2842 2844/2844/2844 2843/2843/2843
f 2844/2844/2844 2845/2845/2845 2843/2843/2843
f 2845/2845/2845 2844/2844/2844 2846/2846/2846
f 2844/2844/2844 2847/2847/2847 2846/2846/2846
f 2850/2850/2850 2849/2849/2849 2848/2848/2848
f 2851/2851/2851 2850/2850/2850 2848/2848/2848
f 2852/2852/2852 2850/2850/2850 2851/2851/2851
f 2853/2853/2853 2852/2852/2852 2851/2851/2851
f 2849/2849/2849 2854/2854/2854 2848/2848/2848
f 2854/2854/2854 2855/2855/2855 2848/2848/2848
f 2854/2854/2854 2856/2856/2856 2855/2855/2855
f 2856/2856/2856 2857/2857/2857 2855/2855/2855
f 2860/2860/2860 2859/2859/2859 2858/2858/2858
f 2861/2861/2861 2860/2860/2860 2858/2858/2858
f 2864/2864/2864 2863/2863/2863 2862/2862/2862
f 2865/2865/2865 2864/2864/2864 2862/2862/2862
f 2863/2863/2863 2864/2864/2864 2866/2866/2866
f 2864/2864/2864 2867/2867/2867 2866/2866/2866
f 2866/2866/2866 2867/2867/2867 2868/2868/2868
f 2867/2867/2867 2869/2869/2869 2868/2868/2868
f 2869/2869/2869 2870/2870/2870 2868/2868/2868
f 2870/2870/2870 2871/2871/2871 2868/2868/2868
f 2870/2870/2870 2872/2872/2872 2871/2871/2871
f 2872/2872/2872 2873/2873/2873 2871/2871/2871
f 2876/2876/2876 2875/2875/2875 2874/2874/2874
f 2877/2877/2877 2876/2876/2876 2874/2874/2874
f 2880/2880/2880 2879/2879/2879 2878/2878/2878
f 2881/2881/2881 2880/2880/2880 2878/2878/2878
f 2880/2880/2880 2881/2881/2881 2882/2882/2882
f 2883/2883/2883 2880/2880/2880 2882/2882/2882
f 2883/2883/2883 2882/2882/2882 2884/2884/2884
f 2885/2885/2885 2883/2883/2883 2884/2884/2884
f 2886/2886/2886 2885/2885/2885 2884/2884/2884
f 2887/2887/2887 2886/2886/2886 2884/2884/2884
f 2888/2888/2888 2886/2886/2886 2887/2887/2887
f 2889/2889/2889 2888/2888/2888 2887/2887/2887
f 2892/2892/2892 2891/2891/2891 2890/2890/2890
f 2893/2893/2893 2892/2892/2892 2890/2890/2890
f 2896/2896/2896 2895/2895/2895 2894/2894/2894
f 2897/2897/2897 2896/2896/2896 2894/2894/2894
f 2900/2900/2900 2899/2899/2899 2898/2898/2898
f 2901/2901/2901 2900/2900/2900 2898/2898/2898
f 2904/2904/2904 2903/2903/2903 2902/2902/2902
f 2905/2905/2905 2904/2904/2904 2902/2902/2902
f 2908/2908/2908 2907/2907/2907 2906/2906/2906
f 2909/2909/2909 2908/2908/2908 2906/2906/2906
f 2912/2912/2912 2911/2911/2911 2910/2910/2910
f 2913/2913/2913 2912/2912/2912 2910/2910/2910
f 2916/2916/2916 2915/2915/2915 2914/2914/2914
f 2917/2917/2917 2916/2916/2916 2914/2914/2914
f 2915/2915/2915 2916/2916/2916 2918/2918/2918
f 2916/2916/2916 2919/2919/2919 2918/2918/2918
f 2922/2922/2922 2921/2921/2921 2920/2920/2920
f 2923/2923/2923 2922/2922/2922 2920/2920/2920
f 2922/2922/2922 2923/2923/2923 2924/2924/2924
f 2925/2925/2925 2922/2922/2922 2924/2924/2924
f 2925/2925/2925 2924/2924/2924 2926/2926/2926
f 2927/2927/2927 2925/2925/2925 2926/2926/2926
f 2928/2928/2928 2927/2927/2927 2926/2926/2926
f 2929/2929/2929 2928/2928/2928 2926/2926/2926
f 2930/2930/2930 2928/2928/2928 2929/2929/2929
f 2931/2931/2931 2930/2930/2930 2929/2929/2929
f 2930/2930/2930 2931/2931/2931 2932/2932/2932
f 2933/2933/2933 2930/2930/2930 2932/2932/2932
f 2936/2936/2936 2935/2935/2935 2934/2934/2934
f 2937/2937/2937 2936/2936/2936 2934/2934/2934
f 2936/2936/2936 2937/2937/2937 2938/2938/2938
f 2939/2939/2939 2936/2936/2936 2938/2938/2938
f 2939/2939/2939 2938/2938/2938 2940/2940/2940
f 2941/2941/2941 2939/2939/2939 2940/2940/2940
f 2942/2942/2942 2941/2941/2941 2940/2940/2940
f 2943/2943/2943 2942/2942/2942 2940/2940/2940
f 2944/2944/2944 2942/2942/2942 2943/2943/2943
f 2945/2945/2945 2944/2944/2944 2943/2943/2943
f 2944/2944/2944 2945/2945/2945 2946/2946/2946
f 2947/2947/2947 2944/2944/2944 2946/2946/2946
f 2939/2939/2939 2941/2941/2941 2948/2948/2948
f 2941/2941/2941 2942/2942/2942 2948/2948/2948
f 2949/2949/2949 2939/2939/2939 2948/2948/2948
f 2936/2936/2936 2939/2939/2939 2949/2949/2949
f 2950/2950/2950 2936/2936/2936 2949/2949/2949
f 2942/2942/2942 2951/2951/2951 2948/2948/2948
f 2942/2942/2942 2944/2944/2944 2951/2951/2951
f 2944/2944/2944 2952/2952/2952 2951/2951/2951
f 2944/2944/2944 2947/2947/2947 2953/2953/2953
f 2952/2952/2952 2944/2944/2944 2953/2953/2953
f 2936/2936/2936 2950/2950/2950 2954/2954/2954
f 2935/2935/2935 2936/2936/2936 2954/2954/2954
f 2957/2957/2957 2956/2956/2956 2955/2955/2955
f 2958/2958/2958 2957/2957/2957 2955/2955/2955
f 2961/2961/2961 2960/2960/2960 2959/2959/2959
f 2962/2962/2962 2961/2961/2961 2959/2959/2959
f 2965/2965/2965 2964/2964/2964 2963/2963/2963
f 2966/2966/2966 2965/2965/2965 2963/2963/2963
f 2965/2965/2965 2966/2966/2966 2967/2967/2967
f 2968/2968/2968 2965/2965/2965 2967/2967/2967
f 2971/2971/2971 2970/2970/2970 2969/2969/2969
f 2972/2972/2972 2971/2971/2971 2969/2969/2969
f 2971/2971/2971 2972/2972/2972 2973/2973/2973
f 2974/2974/2974 2971/2971/2971 2973/2973/2973
f 2977/2977/2977 2976/2976/2976 2975/2975/2975
f 2978/2978/2978 2977/2977/2977 2975/2975/2975
f 2981/2981/2981 2980/2980/2980 2979/2979/2979
f 2982/2982/2982 2981/2981/2981 2979/2979/2979
f 2985/2985/2985 2984/2984/2984 2983/2983/2983
f 2986/2986/2986 2985/2985/2985 2983/2983/2983
f 2989/2989/2989 2988/2988/2988 2987/2987/2987
f 2990/2990/2990 2989/2989/2989 2987/2987/2987
f 2993/2993/2993 2992/2992/2992 2991/2991/2991
f 2994/2994/2994 2993/2993/2993 2991/2991/2991
f 2997/2997/2997 2996/2996/2996 2995/2995/2995
f 2998/2998/2998 2997/2997/2997 2995/2995/2995
f 2996/2996/2996 2997/2997/2997 2999/2999/2999
f 2997/2997/2997 3000/3000/3000 2999/2999/2999
f 2999/2999/2999 3000/3000/3000 3001/3001/3001
f 3000/3000/3000 3002/3002/3002 3001/3001/3001
f 3002/3002/3002 3003/3003/3003 3001/3001/3001
f 3003/3003/3003 3004/3004/3004 3001/3001/3001
f 3003/3003/3003 3005/3005/3005 3004/3004/3004
f 3005/3005/3005 3006/3006/3006 3004/3004/3004
f 3006/3006/3006 3005/3005/3005 3007/3007/3007
f 3005/3005/3005 3008/3008/3008 3007/3007/3007
f 3011/3011/3011 3010/3010/3010 3009/3009/3009
f 3012/3012/3012 3011/3011/3011 3009/3009/3009
f 3015/3015/3015 3014/3014/3014 3013/3013/3013
f 3016/3016/3016 3015/3015/3015 3013/3013/3013
f 3014/3014/3014 3015/3015/3015 3017/3017/3017
f 3015/3015/3015 3018/3018/3018 3017/3017/3017
f 3018/3018/3018 3015/3015/3015 3019/3019/3019
f 3018/3018/3018 3019/3019/3019 3020/3020/3020
f 3020/3020/3020 3019/3019/3019 3021/3021/3021
f 3022/3022/3022 3020/3020/3020 3021/3021/3021
f 3023/3023/3023 3022/3022/3022 3021/3021/3021
f 3022/3022/3022 3024/3024/3024 3020/3020/3020
f 3024/3024/3024 3025/3025/3025 3020/3020/3020
f 3025/3025/3025 3018/3018/3018 3020/3020/3020
f 3026/3026/3026 3022/3022/3022 3023/3023/3023
f 3027/3027/3027 3026/3026/3026 3023/3023/3023
f 3026/3026/3026 3027/3027/3027 3028/3028/3028
f 3029/3029/3029 3026/3026/3026 3028/3028/3028
f 3029/3029/3029 3028/3028/3028 3030/3030/3030
f 3031/3031/3031 3029/3029/3029 3030/3030/3030
f 3032/3032/3032 3029/3029/3029 3031/3031/3031
f 3033/3033/3033 3032/3032/3032 3031/3031/3031
f 3034/3034/3034 3026/3026/3026 3029/3029/3029
f 3032/3032/3032 3034/3034/3034 3029/3029/3029
f 3034/3034/3034 3024/3024/3024 3022/3022/3022
f 3026/3026/3026 3034/3034/3034 3022/3022/3022
f 3028/3028/3028 3035/3035/3035 3030/3030/3030
f 3035/3035/3035 3036/3036/3036 3030/3030/3030
f 3035/3035/3035 3037/3037/3037 3036/3036/3036
f 3037/3037/3037 3038/3038/3038 3036/3036/3036
f 3039/3039/3039 3035/3035/3035 3028/3028/3028
f 3027/3027/3027 3039/3039/3039 3028/3028/3028
f 3040/3040/3040 3037/3037/3037 3035/3035/3035
f 3039/3039/3039 3040/3040/3040 3035/3035/3035
f 3036/3036/3036 3041/3041/3041 3030/3030/3030
f 3041/3041/3041 3042/3042/3042 3030/3030/3030
f 3038/3038/3038 3043/3043/3043 3036/3036/3036
f 3043/3043/3043 3044/3044/3044 3036/3036/3036
f 3045/3045/3045 3031/3031/3031 3030/3030/3030
f 3042/3042/3042 3045/3045/3045 3030/3030/3030
f 3046/3046/3046 3033/3033/3033 3031/3031/3031
f 3045/3045/3045 3046/3046/3046 3031/3031/3031
f 3040/3040/3040 3039/3039/3039 3047/3047/3047
f 3047/3047/3047 3039/3039/3039 3023/3023/3023
f 3047/3047/3047 3023/3023/3023 3021/3021/3021
f 3048/3048/3048 3047/3047/3047 3021/3021/3021
f 3049/3049/3049 3048/3048/3048 3021/3021/3021
f 3050/3050/3050 3049/3049/3049 3021/3021/3021
f 3019/3019/3019 3050/3050/3050 3021/3021/3021
f 3019/3019/3019 3051/3051/3051 3050/3050/3050
f 3051/3051/3051 3052/3052/3052 3050/3050/3050
f 3052/3052/3052 3051/3051/3051 3053/3053/3053
f 3051/3051/3051 3054/3054/3054 3053/3053/3053
f 3053/3053/3053 3054/3054/3054 3055/3055/3055
f 3054/3054/3054 3056/3056/3056 3055/3055/3055
f 3054/3054/3054 3057/3057/3057 3056/3056/3056
f 3057/3057/3057 3058/3058/3058 3056/3056/3056
f 3015/3015/3015 3057/3057/3057 3054/3054/3054
f 3051/3051/3051 3015/3015/3015 3054/3054/3054
f 3015/3015/3015 3051/3051/3051 3019/3019/3019
f 3059/3059/3059 3053/3053/3053 3055/3055/3055
f 3060/3060/3060 3059/3059/3059 3055/3055/3055
f 3061/3061/3061 3052/3052/3052 3053/3053/3053
f 3059/3059/3059 3061/3061/3061 3053/3053/3053
f 3061/3061/3061 3049/3049/3049 3050/3050/3050
f 3052/3052/3052 3061/3061/3061 3050/3050/3050
f 3062/3062/3062 3059/3059/3059 3060/3060/3060
f 3063/3063/3063 3062/3062/3062 3060/3060/3060
f 3064/3064/3064 3061/3061/3061 3059/3059/3059
f 3062/3062/3062 3064/3064/3064 3059/3059/3059
f 3061/3061/3061 3064/3064/3064 3049/3049/3049
f 3064/3064/3064 3065/3065/3065 3049/3049/3049
f 3065/3065/3065 3064/3064/3064 3066/3066/3066
f 3065/3065/3065 3066/3066/3066 3067/3067/3067
f 3068/3068/3068 3065/3065/3065 3067/3067/3067
f 3069/3069/3069 3068/3068/3068 3067/3067/3067
f 3070/3070/3070 3069/3069/3069 3067/3067/3067
f 3040/3040/3040 3069/3069/3069 3070/3070/3070
f 3071/3071/3071 3040/3040/3040 3070/3070/3070
f 3064/3064/3064 3072/3072/3072 3066/3066/3066
f 3072/3072/3072 3064/3064/3064 3073/3073/3073
f 3064/3064/3064 3074/3074/3074 3073/3073/3073
f 3065/3065/3065 3068/3068/3068 3048/3048/3048
f 3049/3049/3049 3065/3065/3065 3048/3048/3048
f 3068/3068/3068 3069/3069/3069 3048/3048/3048
f 3069/3069/3069 3047/3047/3047 3048/3048/3048
f 3069/3069/3069 3040/3040/3040 3047/3047/3047
f 3040/3040/3040 3071/3071/3071 3075/3075/3075
f 3076/3076/3076 3040/3040/3040 3075/3075/3075
f 3076/3076/3076 3075/3075/3075 3077/3077/3077
f 3078/3078/3078 3076/3076/3076 3077/3077/3077
f 1722/1722/1722 1735/1735/1735 1724/1724/1724
f 1721/1721/1721 1735/1735/1735 1722/1722/1722
f 1699/1699/1699 1701/1701/1701 1737/1737/1737
f 1691/1691/1691 1693/1693/1693 1753/1753/1753
f 3079/3079/3079 495/495/495 490/490/490
f 487/487/487 3079/3079/3079 490/490/490
f 3079/3079/3079 3080/3080/3080 495/495/495
f 3080/3080/3080 499/499/499 495/495/495
f 485/485/485 3079/3079/3079 487/487/487
f 3081/3081/3081 3080/3080/3080 3079/3079/3079
f 485/485/485 3081/3081/3081 3079/3079/3079
f 3081/3081/3081 485/485/485 483/483/483
f 3082/3082/3082 3081/3081/3081 483/483/483
f 3082/3082/3082 483/483/483 484/484/484
f 3083/3083/3083 3082/3082/3082 484/484/484
f 3084/3084/3084 3083/3083/3083 484/484/484
f 3085/3085/3085 3084/3084/3084 484/484/484
f 3085/3085/3085 484/484/484 479/479/479
f 477/477/477 3085/3085/3085 479/479/479
f 473/473/473 3085/3085/3085 477/477/477
f 475/475/475 3084/3084/3084 3085/3085/3085
f 473/473/473 475/475/475 3085/3085/3085
f 3082/3082/3082 3083/3083/3083 3086/3086/3086
f 3083/3083/3083 3084/3084/3084 3086/3086/3086
f 3087/3087/3087 3082/3082/3082 3086/3086/3086
f 3081/3081/3081 3082/3082/3082 3087/3087/3087
f 3088/3088/3088 3081/3081/3081 3087/3087/3087
f 3084/3084/3084 3089/3089/3089 3086/3086/3086
f 3084/3084/3084 475/475/475 3089/3089/3089
f 475/475/475 3090/3090/3090 3089/3089/3089
f 3090/3090/3090 475/475/475 3091/3091/3091
f 475/475/475 476/476/476 3091/3091/3091
f 3081/3081/3081 3088/3088/3088 3092/3092/3092
f 3080/3080/3080 3081/3081/3081 3092/3092/3092
f 3080/3080/3080 3092/3092/3092 3093/3093/3093
f 499/499/499 3080/3080/3080 3093/3093/3093
f 498/498/498 499/499/499 3093/3093/3093
f 3094/3094/3094 498/498/498 3093/3093/3093
f 500/500/500 498/498/498 3094/3094/3094
f 3095/3095/3095 500/500/500 3094/3094/3094
f 500/500/500 3095/3095/3095 3096/3096/3096
f 561/561/561 500/500/500 3096/3096/3096
f 561/561/561 3096/3096/3096 562/562/562
f 516/516/516 543/543/543 531/531/531
f 516/516/516 513/513/513 543/543/543
f 513/513/513 545/545/545 543/543/543
f 3099/3099/3099 3098/3098/3098 3097/3097/3097
f 3100/3100/3100 3099/3099/3099 3097/3097/3097
f 3099/3099/3099 3101/3101/3101 3098/3098/3098
f 3101/3101/3101 3102/3102/3102 3098/3098/3098
f 3103/3103/3103 3099/3099/3099 3100/3100/3100
f 3104/3104/3104 3103/3103/3103 3100/3100/3100
f 3105/3105/3105 3101/3101/3101 3099/3099/3099
f 3103/3103/3103 3105/3105/3105 3099/3099/3099
f 3098/3098/3098 3106/3106/3106 3097/3097/3097
f 3106/3106/3106 3107/3107/3107 3097/3097/3097
f 3106/3106/3106 729/729/729 3107/3107/3107
f 729/729/729 730/730/730 3107/3107/3107
f 3108/3108/3108 3106/3106/3106 3098/3098/3098
f 3102/3102/3102 3108/3108/3108 3098/3098/3098
f 731/731/731 729/729/729 3106/3106/3106
f 3108/3108/3108 731/731/731 3106/3106/3106
f 3107/3107/3107 3109/3109/3109 3097/3097/3097
f 3109/3109/3109 3110/3110/3110 3097/3097/3097
f 3109/3109/3109 3111/3111/3111 3110/3110/3110
f 3111/3111/3111 3112/3112/3112 3110/3110/3110
f 734/734/734 3109/3109/3109 3107/3107/3107
f 730/730/730 734/734/734 3107/3107/3107
f 737/737/737 3111/3111/3111 3109/3109/3109
f 734/734/734 737/737/737 3109/3109/3109
f 3112/3112/3112 3113/3113/3113 3110/3110/3110
f 3113/3113/3113 3114/3114/3114 3110/3110/3110
f 3110/3110/3110 3114/3114/3114 3097/3097/3097
f 3114/3114/3114 3100/3100/3100 3097/3097/3097
f 3114/3114/3114 3115/3115/3115 3100/3100/3100
f 3115/3115/3115 3104/3104/3104 3100/3100/3100
f 3116/3116/3116 3115/3115/3115 3114/3114/3114
f 3113/3113/3113 3116/3116/3116 3114/3114/3114
f 3104/3104/3104 3115/3115/3115 3117/3117/3117
f 3103/3103/3103 3104/3104/3104 3117/3117/3117
f 3118/3118/3118 3103/3103/3103 3117/3117/3117
f 3105/3105/3105 3103/3103/3103 3118/3118/3118
f 3119/3119/3119 3105/3105/3105 3118/3118/3118
f 3115/3115/3115 3120/3120/3120 3117/3117/3117
f 3115/3115/3115 3116/3116/3116 3120/3120/3120
f 3116/3116/3116 3121/3121/3121 3120/3120/3120
f 3105/3105/3105 3119/3119/3119 3122/3122/3122
f 3123/3123/3123 3105/3105/3105 3122/3122/3122
f 3105/3105/3105 3123/3123/3123 3124/3124/3124
f 3101/3101/3101 3105/3105/3105 3124/3124/3124
f 3101/3101/3101 3124/3124/3124 3125/3125/3125
f 3102/3102/3102 3101/3101/3101 3125/3125/3125
f 3108/3108/3108 3102/3102/3102 3125/3125/3125
f 3126/3126/3126 3108/3108/3108 3125/3125/3125
f 3128/3128/3128 3127/3127/3127 3126/3126/3126
f 3129/3129/3129 3128/3128/3128 3126/3126/3126
f 318/318/318 338/338/338 328/328/328
f 338/338/338 318/318/318 315/315/315
f 312/312/312 338/338/338 315/315/315
f 338/338/338 312/312/312 310/310/310
f 336/336/336 338/338/338 310/310/310
f 336/336/336 310/310/310 299/299/299
f 337/337/337 336/336/336 299/299/299
f 195/195/195 192/192/192 222/222/222
f 3132/3132/3132 3131/3131/3131 3130/3130/3130
f 3133/3133/3133 3132/3132/3132 3130/3130/3130
f 3134/3134/3134 3132/3132/3132 3133/3133/3133
f 3135/3135/3135 3134/3134/3134 3133/3133/3133
f 3131/3131/3131 3136/3136/3136 3130/3130/3130
f 3136/3136/3136 3137/3137/3137 3130/3130/3130
f 3136/3136/3136 3138/3138/3138 3137/3137/3137
f 3138/3138/3138 3139/3139/3139 3137/3137/3137
f 3142/3142/3142 3141/3141/3141 3140/3140/3140
f 3143/3143/3143 3142/3142/3142 3140/3140/3140
f 3144/3144/3144 3142/3142/3142 3143/3143/3143
f 3145/3145/3145 3144/3144/3144 3143/3143/3143
f 3141/3141/3141 3146/3146/3146 3140/3140/3140
f 3146/3146/3146 3147/3147/3147 3140/3140/3140
f 3146/3146/3146 3148/3148/3148 3147/3147/3147
f 3148/3148/3148 3149/3149/3149 3147/3147/3147
f 3152/3152/3152 3151/3151/3151 3150/3150/3150
f 3153/3153/3153 3152/3152/3152 3150/3150/3150
f 3151/3151/3151 3154/3154/3154 3150/3150/3150
f 3154/3154/3154 3155/3155/3155 3150/3150/3150
f 3158/3158/3158 3157/3157/3157 3156/3156/3156
f 3159/3159/3159 3158/3158/3158 3156/3156/3156
f 3157/3157/3157 3160/3160/3160 3156/3156/3156
f 3160/3160/3160 3161/3161/3161 3156/3156/3156
f 3160/3160/3160 3157/3157/3157 3162/3162/3162
f 3157/3157/3157 3158/3158/3158 3162/3162/3162
f 3163/3163/3163 3160/3160/3160 3162/3162/3162
f 3158/3158/3158 3164/3164/3164 3162/3162/3162
f 3167/3167/3167 3166/3166/3166 3165/3165/3165
f 3168/3168/3168 3167/3167/3167 3165/3165/3165
f 3171/3171/3171 3170/3170/3170 3169/3169/3169
f 3172/3172/3172 3171/3171/3171 3169/3169/3169
f 3170/3170/3170 3171/3171/3171 3173/3173/3173
f 3171/3171/3171 3174/3174/3174 3173/3173/3173
f 3177/3177/3177 3176/3176/3176 3175/3175/3175
f 3178/3178/3178 3177/3177/3177 3175/3175/3175
f 3181/3181/3181 3180/3180/3180 3179/3179/3179
f 3182/3182/3182 3181/3181/3181 3179/3179/3179
f 3181/3181/3181 3182/3182/3182 3183/3183/3183
f 3184/3184/3184 3181/3181/3181 3183/3183/3183
f 3187/3187/3187 3186/3186/3186 3185/3185/3185
f 3188/3188/3188 3187/3187/3187 3185/3185/3185
f 3186/3186/3186 3189/3189/3189 3185/3185/3185
f 3189/3189/3189 3190/3190/3190 3185/3185/3185
f 3193/3193/3193 3192/3192/3192 3191/3191/3191
f 3194/3194/3194 3193/3193/3193 3191/3191/3191
f 3192/3192/3192 3195/3195/3195 3191/3191/3191
f 3195/3195/3195 3196/3196/3196 3191/3191/3191
f 3199/3199/3199 3198/3198/3198 3197/3197/3197
f 3200/3200/3200 3199/3199/3199 3197/3197/3197
f 3203/3203/3203 3202/3202/3202 3201/3201/3201
f 3204/3204/3204 3203/3203/3203 3201/3201/3201
f 3207/3207/3207 3206/3206/3206 3205/3205/3205
f 3208/3208/3208 3207/3207/3207 3205/3205/3205
f 3211/3211/3211 3210/3210/3210 3209/3209/3209
f 3212/3212/3212 3211/3211/3211 3209/3209/3209
f 3215/3215/3215 3214/3214/3214 3213/3213/3213
f 3216/3216/3216 3215/3215/3215 3213/3213/3213
f 3219/3219/3219 3218/3218/3218 3217/3217/3217
f 3220/3220/3220 3219/3219/3219 3217/3217/3217
f 3219/3219/3219 3220/3220/3220 3221/3221/3221
f 3222/3222/3222 3219/3219/3219 3221/3221/3221
f 3225/3225/3225 3224/3224/3224 3223/3223/3223
f 3226/3226/3226 3225/3225/3225 3223/3223/3223
f 3229/3229/3229 3228/3228/3228 3227/3227/3227
f 3230/3230/3230 3229/3229/3229 3227/3227/3227
f 3034/3034/3034 3229/3229/3229 3230/3230/3230
f 3231/3231/3231 3034/3034/3034 3230/3230/3230
f 3034/3034/3034 3231/3231/3231 3232/3232/3232
f 3024/3024/3024 3034/3034/3034 3232/3232/3232
f 3024/3024/3024 3232/3232/3232 3233/3233/3233
f 3025/3025/3025 3024/3024/3024 3233/3233/3233
f 3018/3018/3018 3025/3025/3025 3233/3233/3233
f 3017/3017/3017 3018/3018/3018 3233/3233/3233
f 3236/3236/3236 3235/3235/3235 3234/3234/3234
f 3237/3237/3237 3236/3236/3236 3234/3234/3234
f 3240/3240/3240 3239/3239/3239 3238/3238/3238
f 3241/3241/3241 3240/3240/3240 3238/3238/3238
f 3244/3244/3244 3243/3243/3243 3242/3242/3242
f 3245/3245/3245 3244/3244/3244 3242/3242/3242
f 3248/3248/3248 3247/3247/3247 3246/3246/3246
f 3249/3249/3249 3248/3248/3248 3246/3246/3246
f 3252/3252/3252 3251/3251/3251 3250/3250/3250
f 3253/3253/3253 3252/3252/3252 3250/3250/3250
f 3256/3256/3256 3255/3255/3255 3254/3254/3254
f 3257/3257/3257 3256/3256/3256 3254/3254/3254
f 3255/3255/3255 3256/3256/3256 3258/3258/3258
f 3256/3256/3256 3259/3259/3259 3258/3258/3258
f 3262/3262/3262 3261/3261/3261 3260/3260/3260
f 3263/3263/3263 3262/3262/3262 3260/3260/3260
f 3266/3266/3266 3265/3265/3265 3264/3264/3264
f 3267/3267/3267 3266/3266/3266 3264/3264/3264
f 3265/3265/3265 3266/3266/3266 3268/3268/3268
f 3266/3266/3266 3269/3269/3269 3268/3268/3268
f 3272/3272/3272 3271/3271/3271 3270/3270/3270
f 3273/3273/3273 3272/3272/3272 3270/3270/3270
f 3274/3274/3274 3272/3272/3272 3273/3273/3273
f 3275/3275/3275 3274/3274/3274 3273/3273/3273
f 3271/3271/3271 3276/3276/3276 3270/3270/3270
f 3276/3276/3276 3277/3277/3277 3270/3270/3270
f 3276/3276/3276 3278/3278/3278 3277/3277/3277
f 3278/3278/3278 3279/3279/3279 3277/3277/3277
f 3274/3274/3274 3275/3275/3275 3280/3280/3280
f 3281/3281/3281 3274/3274/3274 3280/3280/3280
f 3279/3279/3279 3278/3278/3278 3282/3282/3282
f 3278/3278/3278 3283/3283/3283 3282/3282/3282
f 3286/3286/3286 3285/3285/3285 3284/3284/3284
f 3287/3287/3287 3286/3286/3286 3284/3284/3284
f 3288/3288/3288 3286/3286/3286 3287/3287/3287
f 3289/3289/3289 3288/3288/3288 3287/3287/3287
f 3285/3285/3285 3290/3290/3290 3284/3284/3284
f 3290/3290/3290 3291/3291/3291 3284/3284/3284
f 3290/3290/3290 3292/3292/3292 3291/3291/3291
f 3292/3292/3292 3293/3293/3293 3291/3291/3291
f 3288/3288/3288 3289/3289/3289 3294/3294/3294
f 3295/3295/3295 3288/3288/3288 3294/3294/3294
f 3288/3288/3288 3295/3295/3295 3296/3296/3296
f 3297/3297/3297 3288/3288/3288 3296/3296/3296
f 3293/3293/3293 3292/3292/3292 3298/3298/3298
f 3292/3292/3292 3299/3299/3299 3298/3298/3298
f 3299/3299/3299 3292/3292/3292 3300/3300/3300
f 3292/3292/3292 3301/3301/3301 3300/3300/3300
f 3292/3292/3292 3290/3290/3290 3302/3302/3302
f 3301/3301/3301 3292/3292/3292 3302/3302/3302
f 3302/3302/3302 3290/3290/3290 3303/3303/3303
f 3290/3290/3290 3285/3285/3285 3303/3303/3303
f 3285/3285/3285 3286/3286/3286 3303/3303/3303
f 3286/3286/3286 3304/3304/3304 3303/3303/3303
f 3288/3288/3288 3297/3297/3297 3304/3304/3304
f 3286/3286/3286 3288/3288/3288 3304/3304/3304
f 3307/3307/3307 3306/3306/3306 3305/3305/3305
f 3308/3308/3308 3307/3307/3307 3305/3305/3305
f 3309/3309/3309 3307/3307/3307 3308/3308/3308
f 3310/3310/3310 3309/3309/3309 3308/3308/3308
f 3306/3306/3306 3311/3311/3311 3305/3305/3305
f 3311/3311/3311 3312/3312/3312 3305/3305/3305
f 3311/3311/3311 3313/3313/3313 3312/3312/3312
f 3313/3313/3313 3314/3314/3314 3312/3312/3312
f 3314/3314/3314 3313/3313/3313 3315/3315/3315
f 3313/3313/3313 3316/3316/3316 3315/3315/3315
f 3309/3309/3309 3310/3310/3310 3317/3317/3317
f 3318/3318/3318 3309/3309/3309 3317/3317/3317
f 3321/3321/3321 3320/3320/3320 3319/3319/3319
f 3322/3322/3322 3321/3321/3321 3319/3319/3319
f 3325/3325/3325 3324/3324/3324 3323/3323/3323
f 3326/3326/3326 3325/3325/3325 3323/3323/3323
f 3324/3324/3324 3325/3325/3325 3327/3327/3327
f 3325/3325/3325 3328/3328/3328 3327/3327/3327
f 3331/3331/3331 3330/3330/3330 3329/3329/3329
f 3332/3332/3332 3331/3331/3331 3329/3329/3329
f 3335/3335/3335 3334/3334/3334 3333/3333/3333
f 3336/3336/3336 3335/3335/3335 3333/3333/3333
f 3334/3334/3334 3335/3335/3335 3337/3337/3337
f 3335/3335/3335 3338/3338/3338 3337/3337/3337
f 3341/3341/3341 3340/3340/3340 3339/3339/3339
f 3342/3342/3342 3341/3341/3341 3339/3339/3339
f 3345/3345/3345 3344/3344/3344 3343/3343/3343
f 3346/3346/3346 3345/3345/3345 3343/3343/3343
f 3349/3349/3349 3348/3348/3348 3347/3347/3347
f 3350/3350/3350 3349/3349/3349 3347/3347/3347
f 3349/3349/3349 3350/3350/3350 3351/3351/3351
f 3352/3352/3352 3349/3349/3349 3351/3351/3351
f 3355/3355/3355 3354/3354/3354 3353/3353/3353
f 3356/3356/3356 3355/3355/3355 3353/3353/3353
f 3355/3355/3355 3356/3356/3356 3357/3357/3357
f 3358/3358/3358 3355/3355/3355 3357/3357/3357
f 3361/3361/3361 3360/3360/3360 3359/3359/3359
f 3362/3362/3362 3361/3361/3361 3359/3359/3359
f 3365/3365/3365 3364/3364/3364 3363/3363/3363
f 3366/3366/3366 3365/3365/3365 3363/3363/3363
f 3367/3367/3367 3365/3365/3365 3366/3366/3366
f 3368/3368/3368 3367/3367/3367 3366/3366/3366
f 3364/3364/3364 3369/3369/3369 3363/3363/3363
f 3369/3369/3369 3370/3370/3370 3363/3363/3363
f 3369/3369/3369 3371/3371/3371 3370/3370/3370
f 3371/3371/3371 3372/3372/3372 3370/3370/3370
f 3375/3375/3375 3374/3374/3374 3373/3373/3373
f 3376/3376/3376 3375/3375/3375 3373/3373/3373
f 3379/3379/3379 3378/3378/3378 3377/3377/3377
f 3380/3380/3380 3379/3379/3379 3377/3377/3377
f 3383/3383/3383 3382/3382/3382 3381/3381/3381
f 3384/3384/3384 3383/3383/3383 3381/3381/3381
f 3387/3387/3387 3386/3386/3386 3385/3385/3385
f 3388/3388/3388 3387/3387/3387 3385/3385/3385
f 3389/3389/3389 3387/3387/3387 3388/3388/3388
f 3390/3390/3390 3389/3389/3389 3388/3388/3388
f 3386/3386/3386 3391/3391/3391 3385/3385/3385
f 3391/3391/3391 3392/3392/3392 3385/3385/3385
f 3391/3391/3391 3393/3393/3393 3392/3392/3392
f 3393/3393/3393 3394/3394/3394 3392/3392/3392
f 3392/3392/3392 3395/3395/3395 3385/3385/3385
f 3395/3395/3395 3396/3396/3396 3385/3385/3385
f 3395/3395/3395 3397/3397/3397 3396/3396/3396
f 3397/3397/3397 3398/3398/3398 3396/3396/3396
f 3399/3399/3399 3395/3395/3395 3392/3392/3392
f 3394/3394/3394 3399/3399/3399 3392/3392/3392
f 3400/3400/3400 3397/3397/3397 3395/3395/3395
f 3399/3399/3399 3400/3400/3400 3395/3395/3395
f 3401/3401/3401 3388/3388/3388 3385/3385/3385
f 3396/3396/3396 3401/3401/3401 3385/3385/3385
f 3402/3402/3402 3390/3390/3390 3388/3388/3388
f 3401/3401/3401 3402/3402/3402 3388/3388/3388
f 3403/3403/3403 3401/3401/3401 3396/3396/3396
f 3398/3398/3398 3403/3403/3403 3396/3396/3396
f 3404/3404/3404 3402/3402/3402 3401/3401/3401
f 3403/3403/3403 3404/3404/3404 3401/3401/3401
f 3390/3390/3390 3402/3402/3402 3405/3405/3405
f 3389/3389/3389 3390/3390/3390 3405/3405/3405
f 3406/3406/3406 3389/3389/3389 3405/3405/3405
f 3402/3402/3402 3407/3407/3407 3405/3405/3405
f 3402/3402/3402 3404/3404/3404 3407/3407/3407
f 3404/3404/3404 3408/3408/3408 3407/3407/3407
f 3408/3408/3408 3404/3404/3404 3409/3409/3409
f 3404/3404/3404 3410/3410/3410 3409/3409/3409
f 3409/3409/3409 3410/3410/3410 3411/3411/3411
f 3410/3410/3410 3412/3412/3412 3411/3411/3411
f 3412/3412/3412 3413/3413/3413 3411/3411/3411
f 3413/3413/3413 3414/3414/3414 3411/3411/3411
f 3413/3413/3413 3400/3400/3400 3414/3414/3414
f 3400/3400/3400 3415/3415/3415 3414/3414/3414
f 3415/3415/3415 3400/3400/3400 3416/3416/3416
f 3400/3400/3400 3399/3399/3399 3416/3416/3416
f 3416/3416/3416 3399/3399/3399 3417/3417/3417
f 3399/3399/3399 3394/3394/3394 3417/3417/3417
f 3394/3394/3394 3393/3393/3393 3417/3417/3417
f 3393/3393/3393 3418/3418/3418 3417/3417/3417
f 3421/3421/3421 3420/3420/3420 3419/3419/3419
f 3422/3422/3422 3421/3421/3421 3419/3419/3419
f 3423/3423/3423 3421/3421/3421 3422/3422/3422
f 3424/3424/3424 3423/3423/3423 3422/3422/3422
f 3420/3420/3420 3425/3425/3425 3419/3419/3419
f 3425/3425/3425 3426/3426/3426 3419/3419/3419
f 3425/3425/3425 3427/3427/3427 3426/3426/3426
f 3427/3427/3427 3428/3428/3428 3426/3426/3426
f 3431/3431/3431 3430/3430/3430 3429/3429/3429
f 3044/3044/3044 3431/3431/3431 3429/3429/3429
f 3432/3432/3432 3431/3431/3431 3044/3044/3044
f 3433/3433/3433 3432/3432/3432 3044/3044/3044
f 3430/3430/3430 3434/3434/3434 3429/3429/3429
f 3434/3434/3434 3435/3435/3435 3429/3429/3429
f 3434/3434/3434 3436/3436/3436 3435/3435/3435
f 3436/3436/3436 3437/3437/3437 3435/3435/3435
f 3440/3440/3440 3439/3439/3439 3438/3438/3438
f 3441/3441/3441 3440/3440/3440 3438/3438/3438
f 3444/3444/3444 3443/3443/3443 3442/3442/3442
f 3447/3447/3447 3446/3446/3446 3445/3445/3445
f 3450/3450/3450 3449/3449/3449 3448/3448/3448
f 3451/3451/3451 3450/3450/3450 3448/3448/3448
f 3450/3450/3450 3451/3451/3451 3452/3452/3452
f 3453/3453/3453 3450/3450/3450 3452/3452/3452
f 3456/3456/3456 3455/3455/3455 3454/3454/3454
f 3457/3457/3457 3456/3456/3456 3454/3454/3454
f 3455/3455/3455 3458/3458/3458 3454/3454/3454
f 3458/3458/3458 3459/3459/3459 3454/3454/3454
f 3462/3462/3462 3461/3461/3461 3460/3460/3460
f 3465/3465/3465 3464/3464/3464 3463/3463/3463
f 3468/3468/3468 3467/3467/3467 3466/3466/3466
f 3469/3469/3469 3468/3468/3468 3466/3466/3466
f 3472/3472/3472 3471/3471/3471 3470/3470/3470
f 3473/3473/3473 3472/3472/3472 3470/3470/3470
f 3476/3476/3476 3475/3475/3475 3474/3474/3474
f 3477/3477/3477 3476/3476/3476 3474/3474/3474
f 3480/3480/3480 3479/3479/3479 3478/3478/3478
f 3481/3481/3481 3480/3480/3480 3478/3478/3478
f 3479/3479/3479 3480/3480/3480 3482/3482/3482
f 3480/3480/3480 3483/3483/3483 3482/3482/3482
f 3486/3486/3486 3485/3485/3485 3484/3484/3484
f 3487/3487/3487 3486/3486/3486 3484/3484/3484
f 3490/3490/3490 3489/3489/3489 3488/3488/3488
f 3491/3491/3491 3490/3490/3490 3488/3488/3488
f 3489/3489/3489 3490/3490/3490 3492/3492/3492
f 3490/3490/3490 3493/3493/3493 3492/3492/3492
f 3496/3496/3496 3495/3495/3495 3494/3494/3494
f 3497/3497/3497 3496/3496/3496 3494/3494/3494
f 3498/3498/3498 3496/3496/3496 3497/3497/3497
f 3499/3499/3499 3498/3498/3498 3497/3497/3497
f 3495/3495/3495 3500/3500/3500 3494/3494/3494
f 3500/3500/3500 3501/3501/3501 3494/3494/3494
f 3500/3500/3500 3502/3502/3502 3501/3501/3501
f 3502/3502/3502 3503/3503/3503 3501/3501/3501
f 3503/3503/3503 3502/3502/3502 3504/3504/3504
f 3502/3502/3502 3505/3505/3505 3504/3504/3504
f 3498/3498/3498 3499/3499/3499 3506/3506/3506
f 3507/3507/3507 3498/3498/3498 3506/3506/3506
f 3510/3510/3510 3509/3509/3509 3508/3508/3508
f 3511/3511/3511 3510/3510/3510 3508/3508/3508
f 3512/3512/3512 3510/3510/3510 3511/3511/3511
f 3513/3513/3513 3512/3512/3512 3511/3511/3511
f 3509/3509/3509 3514/3514/3514 3508/3508/3508
f 3514/3514/3514 3515/3515/3515 3508/3508/3508
f 3514/3514/3514 3516/3516/3516 3515/3515/3515
f 3516/3516/3516 3517/3517/3517 3515/3515/3515
f 3517/3517/3517 3516/3516/3516 3518/3518/3518
f 3516/3516/3516 3519/3519/3519 3518/3518/3518
f 3512/3512/3512 3513/3513/3513 3520/3520/3520
f 3521/3521/3521 3512/3512/3512 3520/3520/3520
f 3524/3524/3524 3523/3523/3523 3522/3522/3522
f 3525/3525/3525 3524/3524/3524 3522/3522/3522
f 3526/3526/3526 3524/3524/3524 3525/3525/3525
f 3527/3527/3527 3526/3526/3526 3525/3525/3525
f 3523/3523/3523 3528/3528/3528 3522/3522/3522
f 3528/3528/3528 3529/3529/3529 3522/3522/3522
f 3528/3528/3528 3530/3530/3530 3529/3529/3529
f 3530/3530/3530 3531/3531/3531 3529/3529/3529
f 3526/3526/3526 3527/3527/3527 3532/3532/3532
f 3533/3533/3533 3526/3526/3526 3532/3532/3532
f 3531/3531/3531 3530/3530/3530 3534/3534/3534
f 3530/3530/3530 3535/3535/3535 3534/3534/3534
f 3536/3536/3536 1114/1114/1114 1115/1115/1115
f 3537/3537/3537 3536/3536/3536 1115/1115/1115
f 3536/3536/3536 1146/1146/1146 1114/1114/1114
f 1146/1146/1146 1116/1116/1116 1114/1114/1114
f 3538/3538/3538 3537/3537/3537 1115/1115/1115
f 3539/3539/3539 3538/3538/3538 1115/1115/1115
f 3539/3539/3539 1115/1115/1115 1110/1110/1110
f 1108/1108/1108 3539/3539/3539 1110/1110/1110
f 1098/1098/1098 3539/3539/3539 1108/1108/1108
f 1100/1100/1100 3538/3538/3538 3539/3539/3539
f 1098/1098/1098 1100/1100/1100 3539/3539/3539
f 3536/3536/3536 3537/3537/3537 3540/3540/3540
f 3537/3537/3537 3538/3538/3538 3540/3540/3540
f 3541/3541/3541 3536/3536/3536 3540/3540/3540
f 1146/1146/1146 3536/3536/3536 3541/3541/3541
f 3541/3541/3541 3540/3540/3540 3542/3542/3542
f 3543/3543/3543 3541/3541/3541 3542/3542/3542
f 3544/3544/3544 3543/3543/3543 3542/3542/3542
f 3545/3545/3545 3544/3544/3544 3542/3542/3542
f 3544/3544/3544 1148/1148/1148 3543/3543/3543
f 1148/1148/1148 1144/1144/1144 3543/3543/3543
f 1143/1143/1143 3541/3541/3541 3543/3543/3543
f 1144/1144/1144 1143/1143/1143 3543/3543/3543
f 1143/1143/1143 1146/1146/1146 3541/3541/3541
f 3540/3540/3540 3546/3546/3546 3542/3542/3542
f 3546/3546/3546 3547/3547/3547 3542/3542/3542
f 3546/3546/3546 1103/1103/1103 3547/3547/3547
f 1100/1100/1100 1103/1103/1103 3546/3546/3546
f 1103/1103/1103 1105/1105/1105 3547/3547/3547
f 3538/3538/3538 3546/3546/3546 3540/3540/3540
f 3538/3538/3538 1100/1100/1100 3546/3546/3546
f 3548/3548/3548 3545/3545/3545 3542/3542/3542
f 3547/3547/3547 3548/3548/3548 3542/3542/3542
f 1106/1106/1106 3548/3548/3548 3547/3547/3547
f 1105/1105/1105 1106/1106/1106 3547/3547/3547
f 3551/3551/3551 3550/3550/3550 3549/3549/3549
f 3552/3552/3552 3551/3551/3551 3549/3549/3549
f 3555/3555/3555 3554/3554/3554 3553/3553/3553
f 3556/3556/3556 3555/3555/3555 3553/3553/3553
f 3559/3559/3559 3558/3558/3558 3557/3557/3557
f 3560/3560/3560 3559/3559/3559 3557/3557/3557
f 3563/3563/3563 3562/3562/3562 3561/3561/3561
f 3564/3564/3564 3563/3563/3563 3561/3561/3561
f 3567/3567/3567 3566/3566/3566 3565/3565/3565
f 3568/3568/3568 3567/3567/3567 3565/3565/3565
f 3571/3571/3571 3570/3570/3570 3569/3569/3569
f 3572/3572/3572 3571/3571/3571 3569/3569/3569
f 3575/3575/3575 3574/3574/3574 3573/3573/3573
f 3576/3576/3576 3575/3575/3575 3573/3573/3573
f 1787/1787/1787 1788/1788/1788 3577/3577/3577
f 3578/3578/3578 1787/1787/1787 3577/3577/3577
f 3581/3581/3581 3580/3580/3580 3579/3579/3579
f 3582/3582/3582 3581/3581/3581 3579/3579/3579
f 3585/3585/3585 3584/3584/3584 3583/3583/3583
f 3586/3586/3586 3585/3585/3585 3583/3583/3583
f 1659/1659/1659 3588/3588/3588 3587/3587/3587
f 1660/1660/1660 1659/1659/1659 3587/3587/3587
f 1689/1689/1689 1770/1770/1770 3589/3589/3589
f 1690/1690/1690 1689/1689/1689 3589/3589/3589
f 3591/3591/3591 3590/3590/3590 38/38/38
f 39/39/39 3591/3591/3591 38/38/38
f 54/54/54 3591/3591/3591 39/39/39
f 3590/3590/3590 3592/3592/3592 38/38/38
f 3592/3592/3592 36/36/36 38/38/38
f 3592/3592/3592 25/25/25 36/36/36
f 3590/3590/3590 3591/3591/3591 3593/3593/3593
f 3592/3592/3592 3590/3590/3590 3593/3593/3593
f 3591/3591/3591 3594/3594/3594 3593/3593/3593
f 3591/3591/3591 54/54/54 3594/3594/3594
f 54/54/54 55/55/55 3594/3594/3594
f 3595/3595/3595 3592/3592/3592 3593/3593/3593
f 25/25/25 3592/3592/3592 3595/3595/3595
f 24/24/24 25/25/25 3595/3595/3595
f 3598/3598/3598 3597/3597/3597 3596/3596/3596
f 3599/3599/3599 3598/3598/3598 3596/3596/3596
f 3600/3600/3600 3598/3598/3598 3599/3599/3599
f 3601/3601/3601 3600/3600/3600 3599/3599/3599
f 3597/3597/3597 3602/3602/3602 3596/3596/3596
f 3602/3602/3602 3603/3603/3603 3596/3596/3596
f 3602/3602/3602 3604/3604/3604 3603/3603/3603
f 3604/3604/3604 3605/3605/3605 3603/3603/3603
f 3605/3605/3605 3604/3604/3604 3606/3606/3606
f 3604/3604/3604 3607/3607/3607 3606/3606/3606
f 3600/3600/3600 3601/3601/3601 3608/3608/3608
f 3609/3609/3609 3600/3600/3600 3608/3608/3608
f 3612/3612/3612 3611/3611/3611 3610/3610/3610
f 3613/3613/3613 3612/3612/3612 3610/3610/3610
f 3614/3614/3614 3612/3612/3612 3613/3613/3613
f 3615/3615/3615 3614/3614/3614 3613/3613/3613
f 3611/3611/3611 3616/3616/3616 3610/3610/3610
f 3616/3616/3616 3617/3617/3617 3610/3610/3610
f 3616/3616/3616 3618/3618/3618 3617/3617/3617
f 3618/3618/3618 3619/3619/3619 3617/3617/3617
f 3614/3614/3614 3615/3615/3615 3620/3620/3620
f 3621/3621/3621 3614/3614/3614 3620/3620/3620
f 3619/3619/3619 3618/3618/3618 3622/3622/3622
f 3618/3618/3618 3623/3623/3623 3622/3622/3622
f 3626/3626/3626 3625/3625/3625 3624/3624/3624
f 3627/3627/3627 3626/3626/3626 3624/3624/3624
f 3628/3628/3628 3626/3626/3626 3627/3627/3627
f 3629/3629/3629 3628/3628/3628 3627/3627/3627
f 3625/3625/3625 3630/3630/3630 3624/3624/3624
f 3630/3630/3630 3631/3631/3631 3624/3624/3624
f 3630/3630/3630 3632/3632/3632 3631/3631/3631
f 3632/3632/3632 3633/3633/3633 3631/3631/3631
f 3628/3628/3628 3629/3629/3629 3634/3634/3634
f 3635/3635/3635 3628/3628/3628 3634/3634/3634
f 3635/3635/3635 3634/3634/3634 3636/3636/3636
f 3637/3637/3637 3635/3635/3635 3636/3636/3636
f 3638/3638/3638 3637/3637/3637 3636/3636/3636
f 3639/3639/3639 3638/3638/3638 3636/3636/3636
f 3640/3640/3640 3638/3638/3638 3639/3639/3639
f 3641/3641/3641 3640/3640/3640 3639/3639/3639
f 3633/3633/3633 3632/3632/3632 3642/3642/3642
f 3632/3632/3632 3643/3643/3643 3642/3642/3642
f 3642/3642/3642 3643/3643/3643 3644/3644/3644
f 3643/3643/3643 3645/3645/3645 3644/3644/3644
f 3645/3645/3645 3646/3646/3646 3644/3644/3644
f 3646/3646/3646 3647/3647/3647 3644/3644/3644
f 3646/3646/3646 3648/3648/3648 3647/3647/3647
f 3648/3648/3648 3649/3649/3649 3647/3647/3647
f 3652/3652/3652 3651/3651/3651 3650/3650/3650
f 3653/3653/3653 3652/3652/3652 3650/3650/3650
f 3654/3654/3654 3652/3652/3652 3653/3653/3653
f 3655/3655/3655 3654/3654/3654 3653/3653/3653
f 3651/3651/3651 3656/3656/3656 3650/3650/3650
f 3656/3656/3656 3657/3657/3657 3650/3650/3650
f 3656/3656/3656 3658/3658/3658 3657/3657/3657
f 3658/3658/3658 3659/3659/3659 3657/3657/3657
f 3654/3654/3654 3655/3655/3655 3660/3660/3660
f 3661/3661/3661 3654/3654/3654 3660/3660/3660
f 3661/3661/3661 3660/3660/3660 3662/3662/3662
f 3663/3663/3663 3661/3661/3661 3662/3662/3662
f 3664/3664/3664 3663/3663/3663 3662/3662/3662
f 3665/3665/3665 3664/3664/3664 3662/3662/3662
f 3659/3659/3659 3658/3658/3658 3666/3666/3666
f 3658/3658/3658 3667/3667/3667 3666/3666/3666
f 3666/3666/3666 3667/3667/3667 3668/3668/3668
f 3667/3667/3667 3669/3669/3669 3668/3668/3668
f 3669/3669/3669 3670/3670/3670 3668/3668/3668
f 3670/3670/3670 3671/3671/3671 3668/3668/3668
f 3674/3674/3674 3673/3673/3673 3672/3672/3672
f 3675/3675/3675 3674/3674/3674 3672/3672/3672
f 3678/3678/3678 3677/3677/3677 3676/3676/3676
f 3679/3679/3679 3678/3678/3678 3676/3676/3676
f 3677/3677/3677 3680/3680/3680 3676/3676/3676
f 3680/3680/3680 3681/3681/3681 3676/3676/3676
f 3684/3684/3684 3683/3683/3683 3682/3682/3682
f 3685/3685/3685 3684/3684/3684 3682/3682/3682
f 3688/3688/3688 3687/3687/3687 3686/3686/3686
f 3689/3689/3689 3688/3688/3688 3686/3686/3686
f 3692/3692/3692 3691/3691/3691 3690/3690/3690
f 3693/3693/3693 3692/3692/3692 3690/3690/3690
f 3696/3696/3696 3695/3695/3695 3694/3694/3694
f 3697/3697/3697 3696/3696/3696 3694/3694/3694
f 3700/3700/3700 3699/3699/3699 3698/3698/3698
f 3701/3701/3701 3700/3700/3700 3698/3698/3698
f 1842/1842/1842 3702/3702/3702 1844/1844/1844
f 3702/3702/3702 1842/1842/1842 3703/3703/3703
f 1842/1842/1842 1841/1841/1841 3703/3703/3703
f 1558/1558/1558 1843/1843/1843 1846/1846/1846
f 1559/1559/1559 1558/1558/1558 1846/1846/1846
f 1558/1558/1558 1562/1562/1562 1843/1843/1843
f 3706/3706/3706 3705/3705/3705 3704/3704/3704
f 3707/3707/3707 3706/3706/3706 3704/3704/3704
f 342/342/342 343/343/343 3708/3708/3708
f 3709/3709/3709 342/342/342 3708/3708/3708
f 3712/3712/3712 3711/3711/3711 3710/3710/3710
f 3713/3713/3713 3712/3712/3712 3710/3710/3710
f 3716/3716/3716 3715/3715/3715 3714/3714/3714
f 3717/3717/3717 3716/3716/3716 3714/3714/3714
f 3720/3720/3720 3719/3719/3719 3718/3718/3718
f 3721/3721/3721 3720/3720/3720 3718/3718/3718
f 3724/3724/3724 3723/3723/3723 3722/3722/3722
f 3725/3725/3725 3724/3724/3724 3722/3722/3722
f 3728/3728/3728 3727/3727/3727 3726/3726/3726
f 3729/3729/3729 3728/3728/3728 3726/3726/3726
f 3732/3732/3732 3731/3731/3731 3730/3730/3730
f 3733/3733/3733 3732/3732/3732 3730/3730/3730
f 3736/3736/3736 3735/3735/3735 3734/3734/3734
f 3737/3737/3737 3736/3736/3736 3734/3734/3734
f 3740/3740/3740 3739/3739/3739 3738/3738/3738
f 3741/3741/3741 3740/3740/3740 3738/3738/3738
f 3744/3744/3744 3743/3743/3743 3742/3742/3742
f 3745/3745/3745 3744/3744/3744 3742/3742/3742
f 3748/3748/3748 3747/3747/3747 3746/3746/3746
f 3749/3749/3749 3748/3748/3748 3746/3746/3746
f 3752/3752/3752 3751/3751/3751 3750/3750/3750
f 3753/3753/3753 3752/3752/3752 3750/3750/3750
f 3756/3756/3756 3755/3755/3755 3754/3754/3754
f 3757/3757/3757 3756/3756/3756 3754/3754/3754
f 3760/3760/3760 3759/3759/3759 3758/3758/3758
f 3761/3761/3761 3760/3760/3760 3758/3758/3758
f 3764/3764/3764 3763/3763/3763 3762/3762/3762
f 3765/3765/3765 3764/3764/3764 3762/3762/3762
f 3768/3768/3768 3767/3767/3767 3766/3766/3766
f 3769/3769/3769 3768/3768/3768 3766/3766/3766
f 3772/3772/3772 3771/3771/3771 3770/3770/3770
f 3773/3773/3773 3772/3772/3772 3770/3770/3770
f 3776/3776/3776 3775/3775/3775 3774/3774/3774
f 3777/3777/3777 3776/3776/3776 3774/3774/3774
f 3780/3780/3780 3779/3779/3779 3778/3778/3778
f 3781/3781/3781 3780/3780/3780 3778/3778/3778
f 3784/3784/3784 3783/3783/3783 3782/3782/3782
f 3785/3785/3785 3784/3784/3784 3782/3782/3782
f 3788/3788/3788 3787/3787/3787 3786/3786/3786
f 3789/3789/3789 3788/3788/3788 3786/3786/3786
f 3792/3792/3792 3791/3791/3791 3790/3790/3790
f 3793/3793/3793 3792/3792/3792 3790/3790/3790
f 3792/3792/3792 3793/3793/3793 3794/3794/3794
f 3795/3795/3795 3792/3792/3792 3794/3794/3794
f 3795/3795/3795 3794/3794/3794 3796/3796/3796
f 3797/3797/3797 3795/3795/3795 3796/3796/3796
f 3798/3798/3798 3797/3797/3797 3796/3796/3796
f 3799/3799/3799 3798/3798/3798 3796/3796/3796
f 3800/3800/3800 3798/3798/3798 3799/3799/3799
f 3801/3801/3801 3800/3800/3800 3799/3799/3799
f 3800/3800/3800 3801/3801/3801 3802/3802/3802
f 3803/3803/3803 3800/3800/3800 3802/3802/3802
f 3806/3806/3806 3805/3805/3805 3804/3804/3804
f 3807/3807/3807 3806/3806/3806 3804/3804/3804
f 3810/3810/3810 3809/3809/3809 3808/3808/3808
f 3811/3811/3811 3810/3810/3810 3808/3808/3808
f 3814/3814/3814 3813/3813/3813 3812/3812/3812
f 3815/3815/3815 3814/3814/3814 3812/3812/3812
f 3818/3818/3818 3817/3817/3817 3816/3816/3816
f 3819/3819/3819 3818/3818/3818 3816/3816/3816
f 3822/3822/3822 3821/3821/3821 3820/3820/3820
f 3823/3823/3823 3822/3822/3822 3820/3820/3820
f 3821/3821/3821 3822/3822/3822 3824/3824/3824
f 3822/3822/3822 3825/3825/3825 3824/3824/3824
f 3824/3824/3824 3825/3825/3825 3826/3826/3826
f 3825/3825/3825 3827/3827/3827 3826/3826/3826
f 3827/3827/3827 3828/3828/3828 3826/3826/3826
f 3828/3828/3828 3829/3829/3829 3826/3826/3826
f 3828/3828/3828 3830/3830/3830 3829/3829/3829
f 3830/3830/3830 3831/3831/3831 3829/3829/3829
f 3831/3831/3831 3830/3830/3830 3832/3832/3832
f 3830/3830/3830 3833/3833/3833 3832/3832/3832
f 3836/3836/3836 3835/3835/3835 3834/3834/3834
f 3837/3837/3837 3836/3836/3836 3834/3834/3834
f 3840/3840/3840 3839/3839/3839 3838/3838/3838
f 3841/3841/3841 3840/3840/3840 3838/3838/3838
f 3839/3839/3839 3840/3840/3840 3842/3842/3842
f 3840/3840/3840 3843/3843/3843 3842/3842/3842
f 3842/3842/3842 3843/3843/3843 3844/3844/3844
f 3843/3843/3843 3845/3845/3845 3844/3844/3844
f 3845/3845/3845 3846/3846/3846 3844/3844/3844
f 3846/3846/3846 3847/3847/3847 3844/3844/3844
f 3846/3846/3846 3848/3848/3848 3847/3847/3847
f 3848/3848/3848 3849/3849/3849 3847/3847/3847
f 3849/3849/3849 3848/3848/3848 3850/3850/3850
f 3848/3848/3848 3851/3851/3851 3850/3850/3850
f 3854/3854/3854 3853/3853/3853 3852/3852/3852
f 3855/3855/3855 3854/3854/3854 3852/3852/3852
f 3858/3858/3858 3857/3857/3857 3856/3856/3856
f 3859/3859/3859 3858/3858/3858 3856/3856/3856
f 3858/3858/3858 3859/3859/3859 3860/3860/3860
f 3861/3861/3861 3858/3858/3858 3860/3860/3860
f 3864/3864/3864 3863/3863/3863 3862/3862/3862
f 3865/3865/3865 3864/3864/3864 3862/3862/3862
f 3868/3868/3868 3867/3867/3867 3866/3866/3866
f 3869/3869/3869 3868/3868/3868 3866/3866/3866
f 3872/3872/3872 3871/3871/3871 3870/3870/3870
f 3873/3873/3873 3872/3872/3872 3870/3870/3870
f 3871/3871/3871 3872/3872/3872 3874/3874/3874
f 3872/3872/3872 3875/3875/3875 3874/3874/3874
f 3874/3874/3874 3875/3875/3875 3876/3876/3876
f 3875/3875/3875 3877/3877/3877 3876/3876/3876
f 3877/3877/3877 3878/3878/3878 3876/3876/3876
f 3878/3878/3878 3879/3879/3879 3876/3876/3876
f 3878/3878/3878 3880/3880/3880 3879/3879/3879
f 3880/3880/3880 3881/3881/3881 3879/3879/3879
f 3881/3881/3881 3880/3880/3880 3882/3882/3882
f 3880/3880/3880 3883/3883/3883 3882/3882/3882
f 3886/3886/3886 3885/3885/3885 3884/3884/3884
f 3887/3887/3887 3886/3886/3886 3884/3884/3884
f 3890/3890/3890 3889/3889/3889 3888/3888/3888
f 3891/3891/3891 3890/3890/3890 3888/3888/3888
f 3894/3894/3894 3893/3893/3893 3892/3892/3892
f 3895/3895/3895 3894/3894/3894 3892/3892/3892
f 3896/3896/3896 3894/3894/3894 3895/3895/3895
f 3897/3897/3897 3896/3896/3896 3895/3895/3895
f 3893/3893/3893 3898/3898/3898 3892/3892/3892
f 3898/3898/3898 3899/3899/3899 3892/3892/3892
f 3898/3898/3898 3900/3900/3900 3899/3899/3899
f 3900/3900/3900 3901/3901/3901 3899/3899/3899
f 3896/3896/3896 3897/3897/3897 3902/3902/3902
f 3903/3903/3903 3896/3896/3896 3902/3902/3902
f 3901/3901/3901 3900/3900/3900 3904/3904/3904
f 3900/3900/3900 3905/3905/3905 3904/3904/3904
f 3908/3908/3908 3907/3907/3907 3906/3906/3906
f 3909/3909/3909 3908/3908/3908 3906/3906/3906
f 3910/3910/3910 3908/3908/3908 3909/3909/3909
f 3911/3911/3911 3910/3910/3910 3909/3909/3909
f 3907/3907/3907 3912/3912/3912 3906/3906/3906
f 3912/3912/3912 3913/3913/3913 3906/3906/3906
f 3912/3912/3912 3914/3914/3914 3913/3913/3913
f 3914/3914/3914 3915/3915/3915 3913/3913/3913
f 3915/3915/3915 3914/3914/3914 3916/3916/3916
f 3914/3914/3914 3917/3917/3917 3916/3916/3916
f 3910/3910/3910 3911/3911/3911 3918/3918/3918
f 3919/3919/3919 3910/3910/3910 3918/3918/3918
f 3922/3922/3922 3921/3921/3921 3920/3920/3920
f 3923/3923/3923 3922/3922/3922 3920/3920/3920
f 3924/3924/3924 3922/3922/3922 3923/3923/3923
f 3925/3925/3925 3924/3924/3924 3923/3923/3923
f 3921/3921/3921 3926/3926/3926 3920/3920/3920
f 3926/3926/3926 3927/3927/3927 3920/3920/3920
f 3926/3926/3926 3928/3928/3928 3927/3927/3927
f 3928/3928/3928 3929/3929/3929 3927/3927/3927
f 2483/2483/2483 2455/2455/2455 2467/2467/2467
f 2455/2455/2455 2483/2483/2483 3930/3930/3930
f 3930/3930/3930 2483/2483/2483 3931/3931/3931
f 2483/2483/2483 2480/2480/2480 3931/3931/3931
f 2456/2456/2456 2455/2455/2455 3930/3930/3930
f 2480/2480/2480 2479/2479/2479 3931/3931/3931
f 2479/2479/2479 3932/3932/3932 3931/3931/3931
f 2479/2479/2479 2482/2482/2482 3932/3932/3932
f 2482/2482/2482 2680/2680/2680 3932/3932/3932
f 3935/3935/3935 3934/3934/3934 3933/3933/3933
f 3936/3936/3936 3935/3935/3935 3933/3933/3933
f 3939/3939/3939 3938/3938/3938 3937/3937/3937
f 3940/3940/3940 3939/3939/3939 3937/3937/3937
f 3943/3943/3943 3942/3942/3942 3941/3941/3941
f 3944/3944/3944 3943/3943/3943 3941/3941/3941
f 3947/3947/3947 3946/3946/3946 3945/3945/3945
f 3948/3948/3948 3947/3947/3947 3945/3945/3945
f 3951/3951/3951 3950/3950/3950 3949/3949/3949
f 3952/3952/3952 3951/3951/3951 3949/3949/3949
f 3955/3955/3955 3954/3954/3954 3953/3953/3953
f 3956/3956/3956 3955/3955/3955 3953/3953/3953
f 3959/3959/3959 3958/3958/3958 3957/3957/3957
f 3960/3960/3960 3959/3959/3959 3957/3957/3957
f 3963/3963/3963 3962/3962/3962 3961/3961/3961
f 3964/3964/3964 3963/3963/3963 3961/3961/3961
f 3967/3967/3967 3966/3966/3966 3965/3965/3965
f 3968/3968/3968 3967/3967/3967 3965/3965/3965
f 3971/3971/3971 3970/3970/3970 3969/3969/3969
f 3972/3972/3972 3971/3971/3971 3969/3969/3969
f 3975/3975/3975 3974/3974/3974 3973/3973/3973
f 3976/3976/3976 3975/3975/3975 3973/3973/3973
f 3979/3979/3979 3978/3978/3978 3977/3977/3977
f 3982/3982/3982 3981/3981/3981 3980/3980/3980
f 3985/3985/3985 3984/3984/3984 3983/3983/3983
f 3986/3986/3986 3985/3985/3985 3983/3983/3983
f 3987/3987/3987 2192/2192/2192 2187/2187/2187
f 2185/2185/2185 3987/3987/3987 2187/2187/2187
f 3987/3987/3987 3988/3988/3988 2192/2192/2192
f 3988/3988/3988 2196/2196/2196 2192/2192/2192
f 2171/2171/2171 3987/3987/3987 2185/2185/2185
f 2173/2173/2173 3988/3988/3988 3987/3987/3987
f 2171/2171/2171 2173/2173/2173 3987/3987/3987
f 2196/2196/2196 3988/3988/3988 3989/3989/3989
f 2195/2195/2195 2196/2196/2196 3989/3989/3989
f 3990/3990/3990 2195/2195/2195 3989/3989/3989
f 2197/2197/2197 2195/2195/2195 3990/3990/3990
f 3991/3991/3991 2197/2197/2197 3990/3990/3990
f 3988/3988/3988 3992/3992/3992 3989/3989/3989
f 3988/3988/3988 2173/2173/2173 3992/3992/3992
f 2173/2173/2173 2176/2176/2176 3992/3992/3992
f 2112/2112/2112 2113/2113/2113 2123/2123/2123
f 2125/2125/2125 2112/2112/2112 2123/2123/2123
f 2105/2105/2105 2112/2112/2112 2125/2125/2125
f 3993/3993/3993 2105/2105/2105 2125/2125/2125
f 3993/3993/3993 2125/2125/2125 2126/2126/2126
f 2130/2130/2130 3993/3993/3993 2126/2126/2126
f 2113/2113/2113 2117/2117/2117 2123/2123/2123
f 3993/3993/3993 2130/2130/2130 3994/3994/3994
f 3995/3995/3995 3993/3993/3993 3994/3994/3994
f 2105/2105/2105 3993/3993/3993 3995/3995/3995
f 3995/3995/3995 3994/3994/3994 3996/3996/3996
f 3997/3997/3997 3995/3995/3995 3996/3996/3996
f 3998/3998/3998 3997/3997/3997 3996/3996/3996
f 3999/3999/3999 3998/3998/3998 3996/3996/3996
f 4000/4000/4000 3999/3999/3999 3996/3996/3996
f 4001/4001/4001 4000/4000/4000 3996/3996/3996
f 4000/4000/4000 4002/4002/4002 3999/3999/3999
f 4002/4002/4002 4003/4003/4003 3999/3999/3999
f 2141/2141/2141 4000/4000/4000 4001/4001/4001
f 2140/2140/2140 2141/2141/2141 4001/4001/4001
f 2143/2143/2143 4002/4002/4002 4000/4000/4000
f 2141/2141/2141 2143/2143/2143 4000/4000/4000
f 3998/3998/3998 2095/2095/2095 3997/3997/3997
f 2095/2095/2095 2096/2096/2096 3997/3997/3997
f 4004/4004/4004 3998/3998/3998 3999/3999/3999
f 4003/4003/4003 4004/4004/4004 3999/3999/3999
f 2097/2097/2097 2095/2095/2095 3998/3998/3998
f 4004/4004/4004 2097/2097/2097 3998/3998/3998
f 2104/2104/2104 3995/3995/3995 3997/3997/3997
f 2096/2096/2096 2104/2104/2104 3997/3997/3997
f 4005/4005/4005 4001/4001/4001 3996/3996/3996
f 2138/2138/2138 2140/2140/2140 4001/4001/4001
f 4005/4005/4005 2138/2138/2138 4001/4001/4001
f 2135/2135/2135 2138/2138/2138 4005/4005/4005
f 2129/2129/2129 2135/2135/2135 4005/4005/4005
f 2129/2129/2129 4005/4005/4005 3994/3994/3994
f 3994/3994/3994 4005/4005/4005 3996/3996/3996
f 2130/2130/2130 2129/2129/2129 3994/3994/3994
f 4004/4004/4004 4003/4003/4003 4006/4006/4006
f 4007/4007/4007 4004/4004/4004 4006/4006/4006
f 2097/2097/2097 4004/4004/4004 4007/4007/4007
f 4008/4008/4008 2097/2097/2097 4007/4007/4007
f 4003/4003/4003 4002/4002/4002 4006/4006/4006
f 4002/4002/4002 4009/4009/4009 4006/4006/4006
f 4002/4002/4002 2143/2143/2143 4009/4009/4009
f 2143/2143/2143 4010/4010/4010 4009/4009/4009
f 4010/4010/4010 2143/2143/2143 4011/4011/4011
f 2143/2143/2143 2144/2144/2144 4011/4011/4011
f 2097/2097/2097 4008/4008/4008 4012/4012/4012
f 2093/2093/2093 2097/2097/2097 4012/4012/4012
f 2093/2093/2093 4012/4012/4012 4013/4013/4013
f 2094/2094/2094 2093/2093/2093 4013/4013/4013
f 2100/2100/2100 2094/2094/2094 4013/4013/4013
f 4014/4014/4014 2100/2100/2100 4013/4013/4013
f 2101/2101/2101 2100/2100/2100 4014/4014/4014
f 4015/4015/4015 2101/2101/2101 4014/4014/4014
f 2101/2101/2101 4015/4015/4015 4016/4016/4016
f 2108/2108/2108 2101/2101/2101 4016/4016/4016
f 2104/2104/2104 2105/2105/2105 3995/3995/3995
f 4019/4019/4019 4018/4018/4018 4017/4017/4017
f 4020/4020/4020 4019/4019/4019 4017/4017/4017
f 4023/4023/4023 4022/4022/4022 4021/4021/4021
f 4024/4024/4024 4023/4023/4023 4021/4021/4021
f 4027/4027/4027 4026/4026/4026 4025/4025/4025
f 4028/4028/4028 4027/4027/4027 4025/4025/4025
f 4031/4031/4031 4030/4030/4030 4029/4029/4029
f 4032/4032/4032 4031/4031/4031 4029/4029/4029
f 4035/4035/4035 4034/4034/4034 4033/4033/4033
f 4036/4036/4036 4035/4035/4035 4033/4033/4033
f 4039/4039/4039 4038/4038/4038 4037/4037/4037
f 4040/4040/4040 4039/4039/4039 4037/4037/4037
f 4043/4043/4043 4042/4042/4042 4041/4041/4041
f 4044/4044/4044 4043/4043/4043 4041/4041/4041
f 4047/4047/4047 4046/4046/4046 4045/4045/4045
f 4048/4048/4048 4047/4047/4047 4045/4045/4045
f 4046/4046/4046 4047/4047/4047 4049/4049/4049
f 4047/4047/4047 4050/4050/4050 4049/4049/4049
f 4049/4049/4049 4050/4050/4050 4051/4051/4051
f 4050/4050/4050 4052/4052/4052 4051/4051/4051
f 4052/4052/4052 4053/4053/4053 4051/4051/4051
f 4053/4053/4053 4054/4054/4054 4051/4051/4051
f 4053/4053/4053 4055/4055/4055 4054/4054/4054
f 4055/4055/4055 4056/4056/4056 4054/4054/4054
f 4056/4056/4056 4055/4055/4055 4057/4057/4057
f 4055/4055/4055 4058/4058/4058 4057/4057/4057
f 4057/4057/4057 4058/4058/4058 4059/4059/4059
f 4058/4058/4058 4060/4060/4060 4059/4059/4059
f 4060/4060/4060 4061/4061/4061 4059/4059/4059
f 4061/4061/4061 4062/4062/4062 4059/4059/4059
f 4061/4061/4061 4063/4063/4063 4062/4062/4062
f 4063/4063/4063 4064/4064/4064 4062/4062/4062
f 4064/4064/4064 4063/4063/4063 4065/4065/4065
f 4063/4063/4063 4066/4066/4066 4065/4065/4065
f 4065/4065/4065 4066/4066/4066 4067/4067/4067
f 4066/4066/4066 4068/4068/4068 4067/4067/4067
f 4068/4068/4068 4069/4069/4069 4067/4067/4067
f 4069/4069/4069 4070/4070/4070 4067/4067/4067
f 4069/4069/4069 4071/4071/4071 4070/4070/4070
f 4071/4071/4071 4072/4072/4072 4070/4070/4070
f 4072/4072/4072 4071/4071/4071 4073/4073/4073
f 4071/4071/4071 4074/4074/4074 4073/4073/4073
f 4073/4073/4073 4074/4074/4074 4075/4075/4075
f 4074/4074/4074 4076/4076/4076 4075/4075/4075
f 4076/4076/4076 4077/4077/4077 4075/4075/4075
f 4077/4077/4077 4078/4078/4078 4075/4075/4075
f 4077/4077/4077 4079/4079/4079 4078/4078/4078
f 4079/4079/4079 4080/4080/4080 4078/4078/4078
f 4080/4080/4080 4079/4079/4079 4081/4081/4081
f 4079/4079/4079 4082/4082/4082 4081/4081/4081
f 4081/4081/4081 4082/4082/4082 4083/4083/4083
f 4082/4082/4082 4084/4084/4084 4083/4083/4083
f 4084/4084/4084 4085/4085/4085 4083/4083/4083
f 4085/4085/4085 4086/4086/4086 4083/4083/4083
f 4085/4085/4085 4087/4087/4087 4086/4086/4086
f 4087/4087/4087 4088/4088/4088 4086/4086/4086
f 4088/4088/4088 4087/4087/4087 4089/4089/4089
f 4087/4087/4087 4090/4090/4090 4089/4089/4089
f 4093/4093/4093 4092/4092/4092 4091/4091/4091
f 4094/4094/4094 4093/4093/4093 4091/4091/4091
f 1519/1519/1519 1524/1524/1524 4095/4095/4095
f 1518/1518/1518 1519/1519/1519 4095/4095/4095
f 4098/4098/4098 4097/4097/4097 4096/4096/4096
f 4099/4099/4099 4098/4098/4098 4096/4096/4096
f 4098/4098/4098 4099/4099/4099 4100/4100/4100
f 4101/4101/4101 4098/4098/4098 4100/4100/4100
f 4101/4101/4101 4100/4100/4100 4102/4102/4102
f 4103/4103/4103 4101/4101/4101 4102/4102/4102
f 4104/4104/4104 4103/4103/4103 4102/4102/4102
f 4105/4105/4105 4104/4104/4104 4102/4102/4102
f 4106/4106/4106 4104/4104/4104 4105/4105/4105
f 4107/4107/4107 4106/4106/4106 4105/4105/4105
f 4106/4106/4106 4107/4107/4107 4108/4108/4108
f 4109/4109/4109 4106/4106/4106 4108/4108/4108
f 4109/4109/4109 4108/4108/4108 4110/4110/4110
f 4111/4111/4111 4109/4109/4109 4110/4110/4110
f 4112/4112/4112 4111/4111/4111 4110/4110/4110
f 4113/4113/4113 4112/4112/4112 4110/4110/4110
f 4114/4114/4114 4112/4112/4112 4113/4113/4113
f 4115/4115/4115 4114/4114/4114 4113/4113/4113
f 4114/4114/4114 4115/4115/4115 4116/4116/4116
f 4117/4117/4117 4114/4114/4114 4116/4116/4116
f 4117/4117/4117 4116/4116/4116 4118/4118/4118
f 4119/4119/4119 4117/4117/4117 4118/4118/4118
f 4120/4120/4120 4119/4119/4119 4118/4118/4118
f 4121/4121/4121 4120/4120/4120 4118/4118/4118
f 4122/4122/4122 4120/4120/4120 4121/4121/4121
f 4123/4123/4123 4122/4122/4122 4121/4121/4121
f 4122/4122/4122 4123/4123/4123 4124/4124/4124
f 4125/4125/4125 4122/4122/4122 4124/4124/4124
f 4125/4125/4125 4124/4124/4124 4126/4126/4126
f 4127/4127/4127 4125/4125/4125 4126/4126/4126
f 4128/4128/4128 4127/4127/4127 4126/4126/4126
f 4129/4129/4129 4128/4128/4128 4126/4126/4126
f 4130/4130/4130 4128/4128/4128 4129/4129/4129
f 4131/4131/4131 4130/4130/4130 4129/4129/4129
f 4130/4130/4130 4131/4131/4131 4132/4132/4132
f 4133/4133/4133 4130/4130/4130 4132/4132/4132
f 4133/4133/4133 4132/4132/4132 4134/4134/4134
f 4135/4135/4135 4133/4133/4133 4134/4134/4134
f 4136/4136/4136 4135/4135/4135 4134/4134/4134
f 4137/4137/4137 4136/4136/4136 4134/4134/4134
f 4138/4138/4138 4136/4136/4136 4137/4137/4137
f 4139/4139/4139 4138/4138/4138 4137/4137/4137
f 4138/4138/4138 4139/4139/4139 4140/4140/4140
f 4141/4141/4141 4138/4138/4138 4140/4140/4140
f 4141/4141/4141 4140/4140/4140 4142/4142/4142
f 4143/4143/4143 4141/4141/4141 4142/4142/4142
f 4146/4146/4146 4145/4145/4145 4144/4144/4144
f 4147/4147/4147 4146/4146/4146 4144/4144/4144
f 4146/4146/4146 4148/4148/4148 4145/4145/4145
f 4148/4148/4148 4149/4149/4149 4145/4145/4145
f 4150/4150/4150 4147/4147/4147 4144/4144/4144
f 4151/4151/4151 4150/4150/4150 4144/4144/4144
f 4152/4152/4152 4150/4150/4150 4151/4151/4151
f 4153/4153/4153 4152/4152/4152 4151/4151/4151
f 4152/4152/4152 4153/4153/4153 4154/4154/4154
f 4155/4155/4155 4152/4152/4152 4154/4154/4154
f 4149/4149/4149 4148/4148/4148 4156/4156/4156
f 4148/4148/4148 4157/4157/4157 4156/4156/4156
f 4156/4156/4156 4157/4157/4157 4158/4158/4158
f 4157/4157/4157 4159/4159/4159 4158/4158/4158
f 4159/4159/4159 4160/4160/4160 4158/4158/4158
f 4160/4160/4160 4161/4161/4161 4158/4158/4158
f 4160/4160/4160 4162/4162/4162 4161/4161/4161
f 4162/4162/4162 4163/4163/4163 4161/4161/4161
f 4163/4163/4163 4162/4162/4162 4164/4164/4164
f 4162/4162/4162 4165/4165/4165 4164/4164/4164
f 4164/4164/4164 4165/4165/4165 4166/4166/4166
f 4165/4165/4165 4167/4167/4167 4166/4166/4166
f 4167/4167/4167 4168/4168/4168 4166/4166/4166
f 4168/4168/4168 4169/4169/4169 4166/4166/4166
f 4168/4168/4168 4170/4170/4170 4169/4169/4169
f 4170/4170/4170 4171/4171/4171 4169/4169/4169
f 4171/4171/4171 4170/4170/4170 4172/4172/4172
f 4170/4170/4170 4173/4173/4173 4172/4172/4172
f 4172/4172/4172 4173/4173/4173 4174/4174/4174
f 4173/4173/4173 4175/4175/4175 4174/4174/4174
f 4175/4175/4175 4176/4176/4176 4174/4174/4174
f 4176/4176/4176 4177/4177/4177 4174/4174/4174
f 4176/4176/4176 4178/4178/4178 4177/4177/4177
f 4178/4178/4178 4179/4179/4179 4177/4177/4177
f 4179/4179/4179 4178/4178/4178 4180/4180/4180
f 4178/4178/4178 4181/4181/4181 4180/4180/4180
f 4180/4180/4180 4181/4181/4181 4182/4182/4182
f 4181/4181/4181 4183/4183/4183 4182/4182/4182
f 4183/4183/4183 4184/4184/4184 4182/4182/4182
f 4184/4184/4184 4185/4185/4185 4182/4182/4182
f 4184/4184/4184 4186/4186/4186 4185/4185/4185
f 4186/4186/4186 4187/4187/4187 4185/4185/4185
f 4187/4187/4187 4186/4186/4186 4188/4188/4188
f 4186/4186/4186 4189/4189/4189 4188/4188/4188
f 4192/4192/4192 4191/4191/4191 4190/4190/4190
f 4193/4193/4193 4192/4192/4192 4190/4190/4190
f 4194/4194/4194 4192/4192/4192 4193/4193/4193
f 4195/4195/4195 4194/4194/4194 4193/4193/4193
f 4191/4191/4191 4196/4196/4196 4190/4190/4190
f 4196/4196/4196 4197/4197/4197 4190/4190/4190
f 4196/4196/4196 4198/4198/4198 4197/4197/4197
f 4198/4198/4198 4199/4199/4199 4197/4197/4197
f 4199/4199/4199 4198/4198/4198 4200/4200/4200
f 4198/4198/4198 4201/4201/4201 4200/4200/4200
f 4194/4194/4194 4195/4195/4195 4202/4202/4202
f 4203/4203/4203 4194/4194/4194 4202/4202/4202
f 4203/4203/4203 4202/4202/4202 4204/4204/4204
f 4205/4205/4205 4203/4203/4203 4204/4204/4204
f 4206/4206/4206 4205/4205/4205 4204/4204/4204
f 4207/4207/4207 4206/4206/4206 4204/4204/4204
f 4208/4208/4208 4206/4206/4206 4207/4207/4207
f 4209/4209/4209 4208/4208/4208 4207/4207/4207
f 4208/4208/4208 4209/4209/4209 4210/4210/4210
f 4211/4211/4211 4208/4208/4208 4210/4210/4210
f 4211/4211/4211 4210/4210/4210 4212/4212/4212
f 4213/4213/4213 4211/4211/4211 4212/4212/4212
f 4214/4214/4214 4213/4213/4213 4212/4212/4212
f 4215/4215/4215 4214/4214/4214 4212/4212/4212
f 4216/4216/4216 4214/4214/4214 4215/4215/4215
f 4217/4217/4217 4216/4216/4216 4215/4215/4215
f 4216/4216/4216 4217/4217/4217 4218/4218/4218
f 4219/4219/4219 4216/4216/4216 4218/4218/4218
f 4219/4219/4219 4218/4218/4218 4220/4220/4220
f 4221/4221/4221 4219/4219/4219 4220/4220/4220
f 4222/4222/4222 4221/4221/4221 4220/4220/4220
f 4223/4223/4223 4222/4222/4222 4220/4220/4220
f 4224/4224/4224 4222/4222/4222 4223/4223/4223
f 4225/4225/4225 4224/4224/4224 4223/4223/4223
f 4224/4224/4224 4225/4225/4225 4226/4226/4226
f 4227/4227/4227 4224/4224/4224 4226/4226/4226
f 4227/4227/4227 4226/4226/4226 4228/4228/4228
f 4229/4229/4229 4227/4227/4227 4228/4228/4228
f 4230/4230/4230 4229/4229/4229 4228/4228/4228
f 4231/4231/4231 4230/4230/4230 4228/4228/4228
f 4232/4232/4232 4230/4230/4230 4231/4231/4231
f 4233/4233/4233 4232/4232/4232 4231/4231/4231
f 4232/4232/4232 4233/4233/4233 4234/4234/4234
f 4235/4235/4235 4232/4232/4232 4234/4234/4234
f 4238/4238/4238 4237/4237/4237 4236/4236/4236
f 4239/4239/4239 4238/4238/4238 4236/4236/4236
f 4242/4242/4242 4241/4241/4241 4240/4240/4240
f 4243/4243/4243 4242/4242/4242 4240/4240/4240
f 4246/4246/4246 4245/4245/4245 4244/4244/4244
f 4247/4247/4247 4246/4246/4246 4244/4244/4244
f 4250/4250/4250 4249/4249/4249 4248/4248/4248
f 4251/4251/4251 4250/4250/4250 4248/4248/4248
f 4254/4254/4254 4253/4253/4253 4252/4252/4252
f 4255/4255/4255 4254/4254/4254 4252/4252/4252
f 4258/4258/4258 4257/4257/4257 4256/4256/4256
f 4259/4259/4259 4258/4258/4258 4256/4256/4256
f 4262/4262/4262 4261/4261/4261 4260/4260/4260
f 4263/4263/4263 4262/4262/4262 4260/4260/4260
f 4266/4266/4266 4265/4265/4265 4264/4264/4264
f 4267/4267/4267 4266/4266/4266 4264/4264/4264
f 4270/4270/4270 4269/4269/4269 4268/4268/4268
f 4271/4271/4271 4270/4270/4270 4268/4268/4268
f 4269/4269/4269 4270/4270/4270 4272/4272/4272
f 4270/4270/4270 4273/4273/4273 4272/4272/4272
f 4276/4276/4276 4275/4275/4275 4274/4274/4274
f 4277/4277/4277 4276/4276/4276 4274/4274/4274
f 4280/4280/4280 4279/4279/4279 4278/4278/4278
f 4281/4281/4281 4280/4280/4280 4278/4278/4278
f 4279/4279/4279 4280/4280/4280 4282/4282/4282
f 4280/4280/4280 4283/4283/4283 4282/4282/4282
f 4286/4286/4286 4285/4285/4285 4284/4284/4284
f 4287/4287/4287 4286/4286/4286 4284/4284/4284
f 4290/4290/4290 4289/4289/4289 4288/4288/4288
f 4291/4291/4291 4290/4290/4290 4288/4288/4288
f 4290/4290/4290 4291/4291/4291 4292/4292/4292
f 4293/4293/4293 4290/4290/4290 4292/4292/4292
f 4296/4296/4296 4295/4295/4295 4294/4294/4294
f 4297/4297/4297 4296/4296/4296 4294/4294/4294
f 4300/4300/4300 4299/4299/4299 4298/4298/4298
f 4301/4301/4301 4300/4300/4300 4298/4298/4298
f 4304/4304/4304 4303/4303/4303 4302/4302/4302
f 4305/4305/4305 4304/4304/4304 4302/4302/4302
f 4308/4308/4308 4307/4307/4307 4306/4306/4306
f 4309/4309/4309 4308/4308/4308 4306/4306/4306
f 4312/4312/4312 4311/4311/4311 4310/4310/4310
f 4313/4313/4313 4312/4312/4312 4310/4310/4310
f 4316/4316/4316 4315/4315/4315 4314/4314/4314
f 4317/4317/4317 4316/4316/4316 4314/4314/4314
f 3039/3039/3039 3027/3027/3027 3023/3023/3023
f 4320/4320/4320 4319/4319/4319 4318/4318/4318
f 4321/4321/4321 4320/4320/4320 4318/4318/4318
f 4324/4324/4324 4323/4323/4323 4322/4322/4322
f 4325/4325/4325 4324/4324/4324 4322/4322/4322
f 4328/4328/4328 4327/4327/4327 4326/4326/4326
f 4329/4329/4329 4328/4328/4328 4326/4326/4326
f 4332/4332/4332 4331/4331/4331 4330/4330/4330
f 4333/4333/4333 4332/4332/4332 4330/4330/4330
f 4336/4336/4336 4335/4335/4335 4334/4334/4334
f 4337/4337/4337 4336/4336/4336 4334/4334/4334
f 4340/4340/4340 4339/4339/4339 4338/4338/4338
f 4341/4341/4341 4340/4340/4340 4338/4338/4338
f 4344/4344/4344 4343/4343/4343 4342/4342/4342
f 4345/4345/4345 4344/4344/4344 4342/4342/4342
f 4348/4348/4348 4347/4347/4347 4346/4346/4346
f 4349/4349/4349 4348/4348/4348 4346/4346/4346
f 4352/4352/4352 4351/4351/4351 4350/4350/4350
f 4353/4353/4353 4352/4352/4352 4350/4350/4350
f 4354/4354/4354 4353/4353/4353 4350/4350/4350
f 4355/4355/4355 4354/4354/4354 4350/4350/4350
f 4358/4358/4358 4357/4357/4357 4356/4356/4356
f 4359/4359/4359 4358/4358/4358 4356/4356/4356
f 4357/4357/4357 4358/4358/4358 4360/4360/4360
f 4358/4358/4358 4361/4361/4361 4360/4360/4360
f 4360/4360/4360 4361/4361/4361 4362/4362/4362
f 4361/4361/4361 4363/4363/4363 4362/4362/4362
f 4366/4366/4366 4365/4365/4365 4364/4364/4364
f 4367/4367/4367 4366/4366/4366 4364/4364/4364
f 4370/4370/4370 4369/4369/4369 4368/4368/4368
f 4371/4371/4371 4370/4370/4370 4368/4368/4368
f 350/350/350 4372/4372/4372 362/362/362
f 350/350/350 352/352/352 4372/4372/4372
f 352/352/352 361/361/361 4372/4372/4372
f 4375/4375/4375 4374/4374/4374 4373/4373/4373
f 4376/4376/4376 4375/4375/4375 4373/4373/4373
f 4379/4379/4379 4378/4378/4378 4377/4377/4377
f 4380/4380/4380 4379/4379/4379 4377/4377/4377
f 4383/4383/4383 4382/4382/4382 4381/4381/4381
f 4384/4384/4384 4383/4383/4383 4381/4381/4381
f 4387/4387/4387 4386/4386/4386 4385/4385/4385
f 4388/4388/4388 4387/4387/4387 4385/4385/4385
f 4391/4391/4391 4390/4390/4390 4389/4389/4389
f 4392/4392/4392 4391/4391/4391 4389/4389/4389
f 4395/4395/4395 4394/4394/4394 4393/4393/4393
f 4396/4396/4396 4395/4395/4395 4393/4393/4393
f 4399/4399/4399 4398/4398/4398 4397/4397/4397
f 4400/4400/4400 4399/4399/4399 4397/4397/4397
f 4403/4403/4403 4402/4402/4402 4401/4401/4401
f 4404/4404/4404 4403/4403/4403 4401/4401/4401
f 4407/4407/4407 4406/4406/4406 4405/4405/4405
f 4408/4408/4408 4407/4407/4407 4405/4405/4405
f 4411/4411/4411 4410/4410/4410 4409/4409/4409
f 4412/4412/4412 4411/4411/4411 4409/4409/4409
f 4415/4415/4415 4414/4414/4414 4413/4413/4413
f 4416/4416/4416 4415/4415/4415 4413/4413/4413
f 4419/4419/4419 4418/4418/4418 4417/4417/4417
f 4420/4420/4420 4419/4419/4419 4417/4417/4417
f 4423/4423/4423 4422/4422/4422 4421/4421/4421
f 4426/4426/4426 4425/4425/4425 4424/4424/4424
f 4429/4429/4429 4428/4428/4428 4427/4427/4427
f 4430/4430/4430 4429/4429/4429 4427/4427/4427
f 4431/4431/4431 4429/4429/4429 4430/4430/4430
f 4432/4432/4432 4431/4431/4431 4430/4430/4430
f 4428/4428/4428 4433/4433/4433 4427/4427/4427
f 4433/4433/4433 4434/4434/4434 4427/4427/4427
f 4433/4433/4433 4435/4435/4435 4434/4434/4434
f 4435/4435/4435 4436/4436/4436 4434/4434/4434
f 4431/4431/4431 4432/4432/4432 4437/4437/4437
f 4438/4438/4438 4431/4431/4431 4437/4437/4437
f 4441/4441/4441 4440/4440/4440 4439/4439/4439
f 4442/4442/4442 4441/4441/4441 4439/4439/4439
f 4445/4445/4445 4444/4444/4444 4443/4443/4443
f 4446/4446/4446 4445/4445/4445 4443/4443/4443
f 4449/4449/4449 4448/4448/4448 4447/4447/4447
f 4450/4450/4450 4449/4449/4449 4447/4447/4447
f 4453/4453/4453 4452/4452/4452 4451/4451/4451
f 4454/4454/4454 4453/4453/4453 4451/4451/4451
f 4455/4455/4455 912/912/912 1023/1023/1023
f 912/912/912 4455/4455/4455 4456/4456/4456
f 1018/1018/1018 912/912/912 4456/4456/4456
f 1018/1018/1018 4456/4456/4456 4457/4457/4457
f 1011/1011/1011 1018/1018/1018 4457/4457/4457
f 1010/1010/1010 1011/1011/1011 4457/4457/4457
f 4458/4458/4458 1010/1010/1010 4457/4457/4457
f 1012/1012/1012 1010/1010/1010 4458/4458/4458
f 4459/4459/4459 1012/1012/1012 4458/4458/4458
f 1012/1012/1012 4459/4459/4459 4460/4460/4460
f 1586/1586/1586 1012/1012/1012 4460/4460/4460
f 1586/1586/1586 4460/4460/4460 4461/4461/4461
f 1575/1575/1575 1586/1586/1586 4461/4461/4461
f 1574/1574/1574 1575/1575/1575 4461/4461/4461
f 4462/4462/4462 1574/1574/1574 4461/4461/4461
f 1576/1576/1576 1574/1574/1574 4462/4462/4462
f 1838/1838/1838 1576/1576/1576 4462/4462/4462
f 4465/4465/4465 4464/4464/4464 4463/4463/4463
f 4466/4466/4466 4465/4465/4465 4463/4463/4463
f 4469/4469/4469 4468/4468/4468 4467/4467/4467
f 4470/4470/4470 4469/4469/4469 4467/4467/4467
f 4473/4473/4473 4472/4472/4472 4471/4471/4471
f 4474/4474/4474 4473/4473/4473 4471/4471/4471
f 4477/4477/4477 4476/4476/4476 4475/4475/4475
f 4478/4478/4478 4477/4477/4477 4475/4475/4475
f 4481/4481/4481 4480/4480/4480 4479/4479/4479
f 4482/4482/4482 4481/4481/4481 4479/4479/4479
f 4483/4483/4483 4481/4481/4481 4482/4482/4482
f 4484/4484/4484 4483/4483/4483 4482/4482/4482
f 4480/4480/4480 4485/4485/4485 4479/4479/4479
f 4485/4485/4485 4486/4486/4486 4479/4479/4479
f 4485/4485/4485 4487/4487/4487 4486/4486/4486
f 4487/4487/4487 4488/4488/4488 4486/4486/4486
f 4488/4488/4488 4487/4487/4487 4489/4489/4489
f 4487/4487/4487 4490/4490/4490 4489/4489/4489
f 4493/4493/4493 4492/4492/4492 4491/4491/4491
f 4494/4494/4494 4493/4493/4493 4491/4491/4491
f 4497/4497/4497 4496/4496/4496 4495/4495/4495
f 4498/4498/4498 4497/4497/4497 4495/4495/4495
f 4501/4501/4501 4500/4500/4500 4499/4499/4499
f 4502/4502/4502 4501/4501/4501 4499/4499/4499
f 4505/4505/4505 4504/4504/4504 4503/4503/4503
f 4508/4508/4508 4507/4507/4507 4506/4506/4506
f 4511/4511/4511 4510/4510/4510 4509/4509/4509
f 4512/4512/4512 4511/4511/4511 4509/4509/4509
f 4513/4513/4513 4512/4512/4512 4509/4509/4509
f 4514/4514/4514 4513/4513/4513 4509/4509/4509
f 4517/4517/4517 4516/4516/4516 4515/4515/4515
f 4518/4518/4518 4517/4517/4517 4515/4515/4515
f 4521/4521/4521 4520/4520/4520 4519/4519/4519
f 4522/4522/4522 4521/4521/4521 4519/4519/4519
f 4525/4525/4525 4524/4524/4524 4523/4523/4523
f 4526/4526/4526 4525/4525/4525 4523/4523/4523
f 4528/4528/4528 4527/4527/4527 231/231/231
f 4529/4529/4529 4528/4528/4528 231/231/231
f 4530/4530/4530 4528/4528/4528 4529/4529/4529
f 4531/4531/4531 4530/4530/4530 4529/4529/4529
f 4534/4534/4534 4533/4533/4533 4532/4532/4532
f 4535/4535/4535 4534/4534/4534 4532/4532/4532
f 4538/4538/4538 4537/4537/4537 4536/4536/4536
f 4539/4539/4539 4538/4538/4538 4536/4536/4536
f 4538/4538/4538 4539/4539/4539 4540/4540/4540
f 4541/4541/4541 4538/4538/4538 4540/4540/4540
f 4541/4541/4541 4540/4540/4540 4542/4542/4542
f 4543/4543/4543 4541/4541/4541 4542/4542/4542
f 4546/4546/4546 4545/4545/4545 4544/4544/4544
f 4547/4547/4547 4546/4546/4546 4544/4544/4544
f 4550/4550/4550 4549/4549/4549 4548/4548/4548
f 4553/4553/4553 4552/4552/4552 4551/4551/4551
f 4556/4556/4556 4555/4555/4555 4554/4554/4554
f 4559/4559/4559 4558/4558/4558 4557/4557/4557
f 4562/4562/4562 4561/4561/4561 4560/4560/4560
f 4565/4565/4565 4564/4564/4564 4563/4563/4563
f 2686/2686/2686 2693/2693/2693 4566/4566/4566
f 2685/2685/2685 2686/2686/2686 4566/4566/4566
f 2693/2693/2693 2692/2692/2692 4566/4566/4566
f 2692/2692/2692 4567/4567/4567 4566/4566/4566
f 2692/2692/2692 2513/2513/2513 4567/4567/4567
f 2513/2513/2513 4568/4568/4568 4567/4567/4567
f 4568/4568/4568 2513/2513/2513 4569/4569/4569
f 2513/2513/2513 2514/2514/2514 4569/4569/4569
f 4572/4572/4572 4571/4571/4571 4570/4570/4570
f 4573/4573/4573 4572/4572/4572 4570/4570/4570
f 4571/4571/4571 4575/4575/4575 4574/4574/4574
f 4574/4574/4574 4575/4575/4575 4576/4576/4576
f 4575/4575/4575 4577/4577/4577 4576/4576/4576
f 261/261/261 4571/4571/4571 4574/4574/4574
f 4577/4577/4577 4578/4578/4578 4576/4576/4576
f 4578/4578/4578 4579/4579/4579 4576/4576/4576
f 4578/4578/4578 296/296/296 4579/4579/4579
f 296/296/296 4580/4580/4580 4579/4579/4579
f 296/296/296 4582/4582/4582 4581/4581/4581
f 4582/4582/4582 4583/4583/4583 4581/4581/4581
f 4584/4584/4584 254/254/254 256/256/256
f 263/263/263 4584/4584/4584 256/256/256
f 4584/4584/4584 4585/4585/4585 254/254/254
f 4585/4585/4585 253/253/253 254/254/254
f 267/267/267 4584/4584/4584 263/263/263
f 253/253/253 4585/4585/4585 251/251/251
f 4585/4585/4585 4586/4586/4586 251/251/251
f 251/251/251 4586/4586/4586 248/248/248
f 4586/4586/4586 4587/4587/4587 248/248/248
f 4587/4587/4587 4588/4588/4588 248/248/248
f 4588/4588/4588 246/246/246 248/248/248
f 4588/4588/4588 243/243/243 246/246/246
f 4591/4591/4591 4590/4590/4590 4589/4589/4589
f 4592/4592/4592 4591/4591/4591 4589/4589/4589
f 4590/4590/4590 4593/4593/4593 4589/4589/4589
f 4593/4593/4593 4594/4594/4594 4589/4589/4589
f 4597/4597/4597 4596/4596/4596 4595/4595/4595
f 4600/4600/4600 4599/4599/4599 4598/4598/4598
f 4603/4603/4603 4602/4602/4602 4601/4601/4601
f 4606/4606/4606 4605/4605/4605 4604/4604/4604
f 4609/4609/4609 4608/4608/4608 4607/4607/4607
f 4612/4612/4612 4611/4611/4611 4610/4610/4610
f 4615/4615/4615 4614/4614/4614 4613/4613/4613
f 4616/4616/4616 4615/4615/4615 4613/4613/4613
f 4614/4614/4614 4617/4617/4617 4613/4613/4613
f 4617/4617/4617 4618/4618/4618 4613/4613/4613
f 4621/4621/4621 4620/4620/4620 4619/4619/4619
f 4622/4622/4622 4621/4621/4621 4619/4619/4619
f 4620/4620/4620 4623/4623/4623 4619/4619/4619
f 4623/4623/4623 4624/4624/4624 4619/4619/4619
f 4627/4627/4627 4626/4626/4626 4625/4625/4625
f 4628/4628/4628 4627/4627/4627 4625/4625/4625
f 4631/4631/4631 4630/4630/4630 4629/4629/4629
f 4632/4632/4632 4631/4631/4631 4629/4629/4629
f 4635/4635/4635 4634/4634/4634 4633/4633/4633
f 4636/4636/4636 4635/4635/4635 4633/4633/4633
f 4639/4639/4639 4638/4638/4638 4637/4637/4637
f 4640/4640/4640 4639/4639/4639 4637/4637/4637
f 2759/2759/2759 4641/4641/4641 2761/2761/2761
f 4644/4644/4644 4643/4643/4643 4642/4642/4642
f 4647/4647/4647 4646/4646/4646 4645/4645/4645
f 4645/4645/4645 4649/4649/4649 4648/4648/4648
f 4649/4649/4649 4650/4650/4650 4648/4648/4648
f 4653/4653/4653 4652/4652/4652 4651/4651/4651
f 4656/4656/4656 4655/4655/4655 4654/4654/4654
f 4659/4659/4659 4658/4658/4658 4657/4657/4657
f 4662/4662/4662 4661/4661/4661 4660/4660/4660
f 4665/4665/4665 4664/4664/4664 4663/4663/4663
f 4668/4668/4668 4667/4667/4667 4666/4666/4666
f 4671/4671/4671 4670/4670/4670 4669/4669/4669
f 4672/4672/4672 4671/4671/4671 4669/4669/4669
f 216/216/216 250/250/250 249/249/249
f 217/217/217 216/216/216 249/249/249
f 216/216/216 201/201/201 250/250/250
f 4675/4675/4675 4674/4674/4674 4673/4673/4673
f 4676/4676/4676 4675/4675/4675 4673/4673/4673
f 4679/4679/4679 4678/4678/4678 4677/4677/4677
f 4680/4680/4680 4679/4679/4679 4677/4677/4677
f 4683/4683/4683 4682/4682/4682 4681/4681/4681
f 4684/4684/4684 4683/4683/4683 4681/4681/4681
f 4687/4687/4687 4686/4686/4686 4685/4685/4685
f 4688/4688/4688 4687/4687/4687 4685/4685/4685
f 4691/4691/4691 4690/4690/4690 4689/4689/4689
f 4692/4692/4692 4691/4691/4691 4689/4689/4689
f 2613/2613/2613 2624/2624/2624 4693/4693/4693
f 2614/2614/2614 2613/2613/2613 4693/4693/4693
f 4696/4696/4696 4695/4695/4695 4694/4694/4694
f 4697/4697/4697 4696/4696/4696 4694/4694/4694
f 4700/4700/4700 4699/4699/4699 4698/4698/4698
f 4701/4701/4701 4700/4700/4700 4698/4698/4698
f 4704/4704/4704 4703/4703/4703 4702/4702/4702
f 4707/4707/4707 4706/4706/4706 4705/4705/4705
f 4710/4710/4710 4709/4709/4709 4708/4708/4708
f 4713/4713/4713 4712/4712/4712 4711/4711/4711
f 4716/4716/4716 4715/4715/4715 4714/4714/4714
f 4717/4717/4717 4716/4716/4716 4714/4714/4714
f 4716/4716/4716 4718/4718/4718 4715/4715/4715
f 4718/4718/4718 4719/4719/4719 4715/4715/4715
f 4719/4719/4719 4718/4718/4718 4720/4720/4720
f 4718/4718/4718 4721/4721/4721 4720/4720/4720
f 4720/4720/4720 4721/4721/4721 4722/4722/4722
f 4721/4721/4721 4723/4723/4723 4722/4722/4722
f 4726/4726/4726 4725/4725/4725 4724/4724/4724
f 4727/4727/4727 4726/4726/4726 4724/4724/4724
f 4728/4728/4728 4726/4726/4726 4727/4727/4727
f 4729/4729/4729 4728/4728/4728 4727/4727/4727
f 4728/4728/4728 4729/4729/4729 4730/4730/4730
f 4731/4731/4731 4728/4728/4728 4730/4730/4730
f 4734/4734/4734 4733/4733/4733 4732/4732/4732
f 4735/4735/4735 4734/4734/4734 4732/4732/4732
f 4738/4738/4738 4737/4737/4737 4736/4736/4736
f 4741/4741/4741 4740/4740/4740 4739/4739/4739
f 4744/4744/4744 4743/4743/4743 4742/4742/4742
f 4745/4745/4745 4744/4744/4744 4742/4742/4742
f 4748/4748/4748 4747/4747/4747 4746/4746/4746
f 4749/4749/4749 4748/4748/4748 4746/4746/4746
f 4752/4752/4752 4751/4751/4751 4750/4750/4750
f 4753/4753/4753 4752/4752/4752 4750/4750/4750
f 4752/4752/4752 4754/4754/4754 4751/4751/4751
f 4754/4754/4754 4755/4755/4755 4751/4751/4751
f 4755/4755/4755 4754/4754/4754 4756/4756/4756
f 4754/4754/4754 4757/4757/4757 4756/4756/4756
f 4756/4756/4756 4757/4757/4757 4758/4758/4758
f 4757/4757/4757 4759/4759/4759 4758/4758/4758
f 4762/4762/4762 4761/4761/4761 4760/4760/4760
f 4763/4763/4763 4762/4762/4762 4760/4760/4760
f 4766/4766/4766 4765/4765/4765 4764/4764/4764
f 4767/4767/4767 4766/4766/4766 4764/4764/4764
f 4766/4766/4766 4767/4767/4767 4768/4768/4768
f 4769/4769/4769 4766/4766/4766 4768/4768/4768
f 4769/4769/4769 4768/4768/4768 4770/4770/4770
f 4771/4771/4771 4769/4769/4769 4770/4770/4770
f 4774/4774/4774 4773/4773/4773 4772/4772/4772
f 4775/4775/4775 4774/4774/4774 4772/4772/4772
f 4778/4778/4778 4777/4777/4777 4776/4776/4776
f 4779/4779/4779 4778/4778/4778 4776/4776/4776
f 4782/4782/4782 4781/4781/4781 4780/4780/4780
f 4783/4783/4783 4782/4782/4782 4780/4780/4780
f 4786/4786/4786 4785/4785/4785 4784/4784/4784
f 4787/4787/4787 4786/4786/4786 4784/4784/4784
f 4790/4790/4790 4789/4789/4789 4788/4788/4788
f 4791/4791/4791 4790/4790/4790 4788/4788/4788
f 4794/4794/4794 4793/4793/4793 4792/4792/4792
f 4797/4797/4797 4796/4796/4796 4795/4795/4795
f 4800/4800/4800 4799/4799/4799 4798/4798/4798
f 4801/4801/4801 4800/4800/4800 4798/4798/4798
f 4804/4804/4804 4803/4803/4803 4802/4802/4802
f 4805/4805/4805 4804/4804/4804 4802/4802/4802
f 4808/4808/4808 4807/4807/4807 4806/4806/4806
f 4809/4809/4809 4808/4808/4808 4806/4806/4806
f 4812/4812/4812 4811/4811/4811 4810/4810/4810
f 4813/4813/4813 4812/4812/4812 4810/4810/4810
f 4816/4816/4816 4815/4815/4815 4814/4814/4814
f 4817/4817/4817 4816/4816/4816 4814/4814/4814
f 4815/4815/4815 4818/4818/4818 4814/4814/4814
f 4818/4818/4818 4819/4819/4819 4814/4814/4814
f 4822/4822/4822 4821/4821/4821 4820/4820/4820
f 4823/4823/4823 4822/4822/4822 4820/4820/4820
f 4826/4826/4826 4825/4825/4825 4824/4824/4824
f 4827/4827/4827 4826/4826/4826 4824/4824/4824
f 4830/4830/4830 4829/4829/4829 4828/4828/4828
f 4831/4831/4831 4830/4830/4830 4828/4828/4828
f 4834/4834/4834 4833/4833/4833 4832/4832/4832
f 4835/4835/4835 4834/4834/4834 4832/4832/4832
f 4838/4838/4838 4837/4837/4837 4836/4836/4836
f 4839/4839/4839 4838/4838/4838 4836/4836/4836
f 4842/4842/4842 4841/4841/4841 4840/4840/4840
f 4843/4843/4843 4842/4842/4842 4840/4840/4840
f 4846/4846/4846 4845/4845/4845 4844/4844/4844
f 4847/4847/4847 4846/4846/4846 4844/4844/4844
f 4850/4850/4850 4849/4849/4849 4848/4848/4848
f 4853/4853/4853 4852/4852/4852 4851/4851/4851
f 4856/4856/4856 4855/4855/4855 4854/4854/4854
f 4857/4857/4857 4856/4856/4856 4854/4854/4854
f 4860/4860/4860 4859/4859/4859 4858/4858/4858
f 4863/4863/4863 4862/4862/4862 4861/4861/4861
f 4866/4866/4866 4865/4865/4865 4864/4864/4864
f 4867/4867/4867 4866/4866/4866 4864/4864/4864
f 4870/4870/4870 4869/4869/4869 4868/4868/4868
f 4873/4873/4873 4872/4872/4872 4871/4871/4871
f 4876/4876/4876 4875/4875/4875 4874/4874/4874
f 4877/4877/4877 4876/4876/4876 4874/4874/4874
f 4878/4878/4878 4877/4877/4877 4874/4874/4874
f 4879/4879/4879 4878/4878/4878 4874/4874/4874
f 4882/4882/4882 4881/4881/4881 4880/4880/4880
f 4885/4885/4885 4884/4884/4884 4883/4883/4883
f 4888/4888/4888 4887/4887/4887 4886/4886/4886
f 4889/4889/4889 4888/4888/4888 4886/4886/4886
f 4892/4892/4892 4891/4891/4891 4890/4890/4890
f 4893/4893/4893 4892/4892/4892 4890/4890/4890
f 4896/4896/4896 4895/4895/4895 4894/4894/4894
f 4899/4899/4899 4898/4898/4898 4897/4897/4897
f 4902/4902/4902 4901/4901/4901 4900/4900/4900
f 4903/4903/4903 4902/4902/4902 4900/4900/4900
f 4906/4906/4906 4905/4905/4905 4904/4904/4904
f 4907/4907/4907 4906/4906/4906 4904/4904/4904
f 4910/4910/4910 4909/4909/4909 4908/4908/4908
f 4911/4911/4911 4910/4910/4910 4908/4908/4908
f 4914/4914/4914 4913/4913/4913 4912/4912/4912
f 4915/4915/4915 4914/4914/4914 4912/4912/4912
f 4913/4913/4913 4916/4916/4916 4912/4912/4912
f 4916/4916/4916 4917/4917/4917 4912/4912/4912
f 4920/4920/4920 4919/4919/4919 4918/4918/4918
f 4921/4921/4921 4920/4920/4920 4918/4918/4918
f 4922/4922/4922 4920/4920/4920 4921/4921/4921
f 4923/4923/4923 4922/4922/4922 4921/4921/4921
f 4919/4919/4919 4924/4924/4924 4918/4918/4918
f 4924/4924/4924 4925/4925/4925 4918/4918/4918
f 4924/4924/4924 4926/4926/4926 4925/4925/4925
f 4926/4926/4926 4927/4927/4927 4925/4925/4925
f 4930/4930/4930 4929/4929/4929 4928/4928/4928
f 4931/4931/4931 4930/4930/4930 4928/4928/4928
f 4934/4934/4934 4933/4933/4933 4932/4932/4932
f 4935/4935/4935 4934/4934/4934 4932/4932/4932
f 4938/4938/4938 4937/4937/4937 4936/4936/4936
f 4939/4939/4939 4938/4938/4938 4936/4936/4936
f 4937/4937/4937 4940/4940/4940 4936/4936/4936
f 4940/4940/4940 4941/4941/4941 4936/4936/4936
f 4944/4944/4944 4943/4943/4943 4942/4942/4942
f 4945/4945/4945 4944/4944/4944 4942/4942/4942
f 4948/4948/4948 4947/4947/4947 4946/4946/4946
f 4949/4949/4949 4948/4948/4948 4946/4946/4946
f 4952/4952/4952 4951/4951/4951 4950/4950/4950
f 4953/4953/4953 4952/4952/4952 4950/4950/4950
f 4956/4956/4956 4955/4955/4955 4954/4954/4954
f 4957/4957/4957 4956/4956/4956 4954/4954/4954
f 4960/4960/4960 4959/4959/4959 4958/4958/4958
f 4961/4961/4961 4960/4960/4960 4958/4958/4958
f 4964/4964/4964 4963/4963/4963 4962/4962/4962
f 4965/4965/4965 4964/4964/4964 4962/4962/4962
f 4968/4968/4968 4967/4967/4967 4966/4966/4966
f 4969/4969/4969 4968/4968/4968 4966/4966/4966
