g Countertop1.002
v -0 0 0
v -7.118228E-11 0.028571429 -7.118227E-11
v 2.1706757E-07 0.028571427 -1.0508473
v 2.1713872E-07 -2.6180587E-09 -1.0508473
v -1 -2.4913804E-09 -2.0663208E-07
v -1 0.028571427 -2.0670323E-07
v -0.99999976 0.028571421 -1.0508474
v -1 -2.4913804E-09 -2.0663208E-07
v -0.99999976 0.028571421 -1.0508474
v -0.99999976 -5.1094386E-09 -1.0508474
v -0 0 0
v -7.118228E-11 0.028571429 -7.118227E-11
v -1 0.028571427 -2.0670323E-07
v -1 -2.4913804E-09 -2.0663208E-07
v -0 0 0
v -1 -2.4913804E-09 -2.0663208E-07
v -0.99999976 -5.1094386E-09 -1.0508474
v 2.1713872E-07 -2.6180587E-09 -1.0508473
v -7.118228E-11 0.028571429 -7.118227E-11
v -1 0.028571427 -2.0670323E-07
v -0.99999976 0.028571421 -1.0508474
v 2.1706757E-07 0.028571427 -1.0508473
v 2.1713872E-07 -2.6180587E-09 -1.0508473
v 2.1706757E-07 0.028571427 -1.0508473
v -0.99999976 0.028571421 -1.0508474
v -0.99999976 -5.1094386E-09 -1.0508474
v -7.118228E-11 0.028571429 -7.118227E-11
v -2.4913802E-10 0.099999994 -2.4913793E-10
v 6.7553376E-09 0.099999994 -0.0338983
v 6.933294E-09 0.028571429 -0.0338983
v -1 0.028571427 -2.0670323E-07
v -1 0.099999994 -2.0688123E-07
v -1 0.099999994 -0.03389851
v -1 0.028571427 -2.0670323E-07
v -1 0.099999994 -0.03389851
v -1 0.028571427 -0.03389851
v -7.118228E-11 0.028571429 -7.118227E-11
v -2.4913802E-10 0.099999994 -2.4913793E-10
v -1 0.099999994 -2.0688123E-07
v -1 0.028571427 -2.0670323E-07
v -7.118228E-11 0.028571429 -7.118227E-11
v -1 0.028571427 -2.0670323E-07
v -1 0.028571427 -0.03389851
v 6.933294E-09 0.028571429 -0.0338983
v -2.4913802E-10 0.099999994 -2.4913793E-10
v -1 0.099999994 -2.0688123E-07
v -1 0.099999994 -0.03389851
v 6.7553376E-09 0.099999994 -0.0338983
v 6.933294E-09 0.028571429 -0.0338983
v 6.7553376E-09 0.099999994 -0.0338983
v -1 0.099999994 -0.03389851
v -1 0.028571427 -0.03389851
v -1.0000001 0 -4.3711392E-08
v -1.0000001 0.028571429 -4.3782574E-08
v -0.9999998 0.028571427 -1.0508473
v -1.0000001 0 -4.3711392E-08
v -0.9999998 0.028571427 -1.0508473
v -0.9999998 -2.6180587E-09 -1.0508473
v -2 -2.4913804E-09 -2.5034348E-07
v -2 0.028571427 -2.0663207E-07
v -2 0.028571421 -1.0508475
v -2 -5.1094386E-09 -1.0508475
v -1.0000001 0 -4.3711392E-08
v -1.0000001 0.028571429 -4.3782574E-08
v -2 0.028571427 -2.0663207E-07
v -2 -2.4913804E-09 -2.5034348E-07
v -1.0000001 0 -4.3711392E-08
v -2 -2.4913804E-09 -2.5034348E-07
v -2 -5.1094386E-09 -1.0508475
v -0.9999998 -2.6180587E-09 -1.0508473
v -1.0000001 0.028571429 -4.3782574E-08
v -2 0.028571427 -2.0663207E-07
v -2 0.028571421 -1.0508475
v -0.9999998 0.028571427 -1.0508473
v -0.9999998 -2.6180587E-09 -1.0508473
v -0.9999998 0.028571427 -1.0508473
v -2 0.028571421 -1.0508475
v -2 -5.1094386E-09 -1.0508475
v -1.0000001 0.028571429 -4.3782574E-08
v -1.0000001 0.099999994 -4.396053E-08
v -1.0000001 0.099999994 -0.033898346
v -1.0000001 0.028571429 -4.3782574E-08
v -1.0000001 0.099999994 -0.033898346
v -1.0000001 0.028571429 -0.033898346
v -2 0.028571427 -2.5041464E-07
v -2 0.099999994 -2.5059262E-07
v -2 0.099999994 -0.03389855
v -2 0.028571427 -2.5041464E-07
v -2 0.099999994 -0.03389855
v -2 0.028571427 -0.03389855
v -1.0000001 0.028571429 -4.3782574E-08
v -1.0000001 0.099999994 -4.396053E-08
v -2 0.099999994 -2.5059262E-07
v -2 0.028571427 -2.5041464E-07
v -1.0000001 0.028571429 -4.3782574E-08
v -2 0.028571427 -2.5041464E-07
v -2 0.028571427 -0.03389855
v -1.0000001 0.028571429 -0.033898346
v -1.0000001 0.099999994 -4.396053E-08
v -2 0.099999994 -2.5059262E-07
v -2 0.099999994 -0.03389855
v -1.0000001 0.099999994 -0.033898346
v -1.0000001 0.028571429 -0.033898346
v -1.0000001 0.099999994 -0.033898346
v -2 0.099999994 -0.03389855
v -2 0.028571427 -0.03389855
v -2 0 -8.742278E-08
v -2 0.028571429 -8.742278E-08
v -2 0.028571427 -1.062209
v -2 -1.8626451E-09 -1.062209
v -2 0.04141301 -1.062209
v -2 0.04141301 -8.742278E-08
v -3.0000002 -2.4913804E-09 -2.9405487E-07
v -3.0000002 0.028571427 -2.9412604E-07
v -3.0000002 0.028571421 -1.0622091
v -3.0000002 -5.1094386E-09 -1.0622091
v -2 0 -8.742278E-08
v -2 0.028571429 -8.742278E-08
v -3.0000002 0.028571427 -2.9412604E-07
v -3.0000002 -2.4913804E-09 -2.9405487E-07
v -2 0 -8.742278E-08
v -3.0000002 -2.4913804E-09 -2.9405487E-07
v -3.0000002 -5.1094386E-09 -1.0622091
v -2 -1.8626451E-09 -1.062209
v -2.0000002 0.028571429 -8.749396E-08
v -2.0000002 0.099999994 -8.767192E-08
v -2.0000002 0.099999994 -0.033898387
v -2.0000002 0.028571429 -8.749396E-08
v -2.0000002 0.099999994 -0.033898387
v -2.0000002 0.028571429 -0.033898387
v -3.0000002 0.028571427 -2.9412604E-07
v -3.0000002 0.099999994 -2.9430402E-07
v -3.0000002 0.099999994 -0.033898596
v -3.0000002 0.028571427 -2.9412604E-07
v -3.0000002 0.099999994 -0.033898596
v -3.0000002 0.028571427 -0.033898596
v -2.0000002 0.028571429 -8.749396E-08
v -2.0000002 0.099999994 -8.767192E-08
v -3.0000002 0.099999994 -2.9430402E-07
v -3.0000002 0.028571427 -2.9412604E-07
v -2.0000002 0.028571429 -8.749396E-08
v -3.0000002 0.028571427 -2.9412604E-07
v -3.0000002 0.028571427 -0.033898596
v -2.0000002 0.028571429 -0.033898387
v -3.0000005 0 -1.3113419E-07
v -3.0000005 0.028571429 -1.3120537E-07
v -3.0000002 0.028571427 -1.0508474
v -3.0000002 -2.6180587E-09 -1.0508474
v -4.0000005 -2.4913804E-09 -3.3776624E-07
v -4.0000005 0.028571427 -3.3783743E-07
v -4.0000005 0.028571421 -1.0508475
v -4.0000005 -5.1094386E-09 -1.0508475
v -3.0000005 0 -1.3113419E-07
v -3.0000005 0.028571429 -1.3120537E-07
v -4.0000005 0.028571427 -3.3783743E-07
v -4.0000005 -2.4913804E-09 -3.3776624E-07
v -3.0000005 0 -1.3113419E-07
v -4.0000005 -2.4913804E-09 -3.3776624E-07
v -4.0000005 -5.1094386E-09 -1.0508475
v -3.0000002 -2.6180587E-09 -1.0508474
v -3.0000005 0.028571429 -1.3120537E-07
v -4.0000005 0.028571427 -3.3783743E-07
v -4.0000005 0.028571421 -1.0508475
v -3.0000002 0.028571427 -1.0508474
v -3.0000002 -2.6180587E-09 -1.0508474
v -3.0000002 0.028571427 -1.0508474
v -4.0000005 0.028571421 -1.0508475
v -4.0000005 -5.1094386E-09 -1.0508475
v -3.0000005 0.028571429 -1.3120537E-07
v -3.0000005 0.099999994 -1.3138333E-07
v -3.0000005 0.099999994 -0.03389843
v -3.0000005 0.028571429 -1.3120537E-07
v -3.0000005 0.099999994 -0.03389843
v -3.0000005 0.028571429 -0.03389843
v -4.0000005 0.028571427 -3.3783743E-07
v -4.0000005 0.099999994 -3.380154E-07
v -4.0000005 0.099999994 -0.03389864
v -4.0000005 0.028571427 -0.03389864
v -3.0000005 0.028571429 -1.3120537E-07
v -3.0000005 0.099999994 -1.3138333E-07
v -4.0000005 0.099999994 -3.380154E-07
v -4.0000005 0.028571427 -3.3783743E-07
v -3.0000005 0.028571429 -1.3120537E-07
v -4.0000005 0.028571427 -3.3783743E-07
v -4.0000005 0.028571427 -0.03389864
v -3.0000005 0.028571429 -0.03389843
v -3.0000005 0.099999994 -1.3138333E-07
v -4.0000005 0.099999994 -3.380154E-07
v -4.0000005 0.099999994 -0.03389864
v -3.0000005 0.099999994 -0.03389843
v -3.0000005 0.028571429 -0.03389843
v -3.0000005 0.099999994 -0.03389843
v -4.0000005 0.099999994 -0.03389864
v -4.0000005 0.028571427 -0.03389864
v -0.99833286 -1.0000002 -1.0016954
v -0.99833286 -1.0000002 -1.0322039
v -0.99833286 -0.0028573275 -1.0322039
v -0.99833286 -1.0000002 -1.0016954
v -0.99833286 -0.0028573275 -1.0322039
v -0.99833286 -0.0028573275 -1.0016954
v 4.6101798E-07 -1.0000002 -1.0016953
v 4.6101798E-07 -0.0028573275 -1.0016953
v 4.6235155E-07 -0.0028573275 -1.0322037
v 4.6101798E-07 -1.0000002 -1.0016953
v 4.6235155E-07 -0.0028573275 -1.0322037
v 4.6235155E-07 -1.0000002 -1.0322037
v -0.99833286 -1.0000002 -1.0016954
v 4.6101798E-07 -1.0000002 -1.0016953
v 4.6235155E-07 -1.0000002 -1.0322037
v -0.99833286 -1.0000002 -1.0016954
v 4.6235155E-07 -1.0000002 -1.0322037
v -0.99833286 -1.0000002 -1.0322039
v -0.99833286 -0.0028573275 -1.0016954
v -0.99833286 -0.0028573275 -1.0322039
v 4.6235155E-07 -0.0028573275 -1.0322037
v -0.99833286 -0.0028573275 -1.0016954
v 4.6235155E-07 -0.0028573275 -1.0322037
v 4.6101798E-07 -0.0028573275 -1.0016953
v -0.99833286 -1.0000002 -1.0016954
v -0.99833286 -0.0028573275 -1.0016954
v 4.6101798E-07 -0.0028573275 -1.0016953
v -0.99833286 -1.0000002 -1.0016954
v 4.6101798E-07 -0.0028573275 -1.0016953
v 4.6101798E-07 -1.0000002 -1.0016953
v -0.99833286 -1.0000002 -1.0322039
v 4.6235155E-07 -1.0000002 -1.0322037
v 4.6235155E-07 -0.0028573275 -1.0322037
v -0.99833286 -1.0000002 -1.0322039
v 4.6235155E-07 -0.0028573275 -1.0322037
v -0.99833286 -0.0028573275 -1.0322039
v -2.0028 -1.0000002 -1.0016956
v -2.0028 -1.0000002 -1.0322042
v -2.0028 -0.0028573275 -1.0322042
v -2.0028 -0.0028573275 -1.0016956
v -1.0083163 -1.0000002 -1.0016954
v -1.0083163 -0.0028573275 -1.0016954
v -1.0083163 -0.0028573275 -1.0322039
v -1.0083163 -1.0000002 -1.0322039
v -2.0028 -1.0000002 -1.0016956
v -1.0083163 -1.0000002 -1.0016954
v -1.0083163 -1.0000002 -1.0322039
v -2.0028 -1.0000002 -1.0322042
v -2.0028 -0.0028573275 -1.0016956
v -2.0028 -0.0028573275 -1.0322042
v -1.0083163 -0.0028573275 -1.0322039
v -1.0083163 -0.0028573275 -1.0016954
v -2.0028 -1.0000002 -1.0016956
v -2.0028 -0.0028573275 -1.0016956
v -1.0083163 -0.0028573275 -1.0016954
v -1.0083163 -1.0000002 -1.0016954
v -3.0082276 -0.12134877 -1.0016959
v -3.0082276 -0.15728113 -1.0087095
v -3.0082276 -0.0028573275 -1.0087095
v -3.0082276 -0.0028573275 -1.0016959
v -3.0082276 -0.17556594 -1.0016959
v -3.0082276 -0.2092811 -1.0087095
v -3.0082276 -0.0028573275 -1.027229
v -3.0082276 -0.15728113 -1.027229
v -3.0082276 -0.15728113 -1.03646
v -3.0082276 -0.2092811 -1.03646
v -3.0082276 -0.26128107 -1.0087095
v -3.0082276 -0.26128107 -1.03646
v -3.0082276 -1.0000002 -1.0087095
v -3.0082276 -1.0000002 -1.0016959
v -3.0082276 -0.2297831 -1.0016959
v -3.0082276 -1.0000002 -1.03646
v -2.007004 -0.12134877 -1.0016956
v -2.007004 -0.0028573275 -1.0016956
v -2.007004 -0.0028573275 -1.0087094
v -2.007004 -0.15728113 -1.0087094
v -2.007004 -0.17556594 -1.0016956
v -2.007004 -0.2092811 -1.0087094
v -2.007004 -0.15728113 -1.0272288
v -2.007004 -0.0028573275 -1.0272288
v -2.007004 -0.2092811 -1.0364599
v -2.007004 -0.26128107 -1.0364599
v -2.007004 -0.26128107 -1.0087094
v -2.007004 -1.0000002 -1.0364599
v -2.007004 -1.0000002 -1.0087094
v -2.007004 -1.0000002 -1.0016956
v -2.007004 -0.2297831 -1.0016956
v -2.007004 -0.15728113 -1.0364599
v -2.114102 -1.0000002 -1.0016956
v -2.007004 -1.0000002 -1.0016956
v -2.007004 -1.0000002 -1.0087094
v -2.114102 -1.0000002 -1.0087094
v -2.114102 -1.0000002 -1.0364599
v -2.007004 -1.0000002 -1.0364599
v -2.1537576 -1.0000002 -1.0016958
v -2.1537576 -1.0000002 -1.0087095
v -2.8557098 -1.0000002 -1.0016958
v -2.8557098 -1.0000002 -1.0087095
v -2.8953671 -1.0000002 -1.0016959
v -2.8953671 -1.0000002 -1.0087095
v -2.8953671 -1.0000002 -1.03646
v -2.8557098 -1.0000002 -1.03646
v -3.0082276 -1.0000002 -1.0016959
v -3.0082276 -1.0000002 -1.0087095
v -3.0082276 -1.0000002 -1.03646
v -2.8953671 -1.0000002 -1.0496513
v -2.8557098 -1.0000002 -1.0496513
v -2.1537576 -1.0000002 -1.03646
v -2.1537576 -1.0000002 -1.0496513
v -2.114102 -1.0000002 -1.0496511
v -2.114102 -0.0028573275 -1.0016956
v -2.114102 -0.0028573275 -1.0087094
v -2.007004 -0.0028573275 -1.0087094
v -2.007004 -0.0028573275 -1.0016956
v -2.007004 -0.0028573275 -1.0272288
v -2.114102 -0.0028573275 -1.0272288
v -2.1537576 -0.0028573275 -1.0087095
v -2.1537576 -0.0028573275 -1.027229
v -2.1537576 -0.0028573275 -1.0016958
v -2.8557098 -0.0028573275 -1.0016958
v -2.8557098 -0.0028573275 -1.0087095
v -2.8953671 -0.0028573275 -1.0016959
v -2.8953671 -0.0028573275 -1.0087095
v -3.0082276 -0.0028573275 -1.0016959
v -3.0082276 -0.0028573275 -1.0087095
v -2.8953671 -0.0028573275 -1.027229
v -3.0082276 -0.0028573275 -1.027229
v -2.8557098 -0.0028573275 -1.027229
v -2.114102 -0.12134877 -1.0016956
v -2.114102 -0.0028573275 -1.0016956
v -2.007004 -0.0028573275 -1.0016956
v -2.007004 -0.12134877 -1.0016956
v -2.114102 -0.17556594 -1.0016956
v -2.007004 -0.17556594 -1.0016956
v -2.1537576 -0.17556594 -1.0016958
v -2.1537576 -0.12134877 -1.0016958
v -2.1537576 -0.0028573275 -1.0016958
v -2.1537576 -0.2297831 -1.0016958
v -2.114102 -0.2297831 -1.0016956
v -2.1537576 -1.0000002 -1.0016958
v -2.114102 -1.0000002 -1.0016956
v -2.007004 -0.2297831 -1.0016956
v -2.007004 -1.0000002 -1.0016956
v -2.8557098 -0.2297831 -1.0016958
v -2.8557098 -0.17556594 -1.0016958
v -2.8953671 -0.2297831 -1.0016959
v -2.8953671 -0.17556594 -1.0016959
v -3.0082276 -0.2297831 -1.0016959
v -3.0082276 -1.0000002 -1.0016959
v -2.8953671 -1.0000002 -1.0016959
v -3.0082276 -0.17556594 -1.0016959
v -2.8953671 -0.12134877 -1.0016959
v -3.0082276 -0.12134877 -1.0016959
v -2.8953671 -0.0028573275 -1.0016959
v -3.0082276 -0.0028573275 -1.0016959
v -2.8557098 -0.0028573275 -1.0016958
v -2.8557098 -0.12134877 -1.0016958
v -2.8557098 -1.0000002 -1.0016958
v -4.023283 -1.0000002 -1.001696
v -4.023283 -1.0000002 -1.0322045
v -4.023283 -0.0028573275 -1.0322045
v -4.023283 -0.0028573275 -1.001696
v -3.0137155 -1.0000002 -1.0016959
v -3.0137155 -0.0028573275 -1.0016959
v -3.0137155 -0.0028573275 -1.0322043
v -3.0137155 -1.0000002 -1.0322043
v -4.023283 -1.0000002 -1.001696
v -3.0137155 -1.0000002 -1.0016959
v -3.0137155 -1.0000002 -1.0322043
v -4.023283 -1.0000002 -1.0322045
v -4.023283 -0.0028573275 -1.001696
v -4.023283 -0.0028573275 -1.0322045
v -3.0137155 -0.0028573275 -1.0322043
v -3.0137155 -0.0028573275 -1.0016959
v -4.023283 -1.0000002 -1.001696
v -4.023283 -0.0028573275 -1.001696
v -3.0137155 -0.0028573275 -1.0016959
v -3.0137155 -1.0000002 -1.0016959
v -0.08373482 -0.26222023 -1.0731747
v -0.083733805 -0.26623636 -1.0700685
v -0.083450355 -0.26466024 -1.068169
v -0.08344907 -0.2612862 -1.0707426
v -0.08345472 -0.26506796 -1.0676832
v -0.083733164 -0.26663134 -1.069567
v -0.083486915 -0.26553625 -1.067121
v -0.0837554 -0.26708552 -1.0689867
v -0.08372004 -0.26164845 -1.073341
v -0.08344057 -0.26073346 -1.0709585
v -0.083716504 -0.26098788 -1.0735316
v -0.08344423 -0.26009485 -1.0712063
v -0.083725154 -0.2604155 -1.0736954
v -0.0834591 -0.25954154 -1.0714196
v -0.083736114 -0.17837846 -1.0741192
v -0.0834479 -0.17837846 -1.071421
v -0.083716504 -0.26098788 -1.0735316
v -0.08384033 -0.2619081 -1.0740883
v -0.08384023 -0.2613041 -1.0742823
v -0.083725154 -0.2604155 -1.0736954
v -0.08384428 -0.26067173 -1.0743656
v -0.08373482 -0.26222023 -1.0731747
v -0.08384529 -0.26245916 -1.0737941
v -0.08384519 -0.2666417 -1.0705589
v -0.083733805 -0.26623636 -1.0700685
v -0.08385029 -0.26711348 -1.0701057
v -0.083733164 -0.26663134 -1.069567
v -0.08387137 -0.2675357 -1.0695709
v -0.08379452 -0.26747712 -1.068483
v -0.083907485 -0.2678904 -1.0689769
v -0.08462501 -0.2731503 -1.058133
v -0.084517375 -0.2725058 -1.0581039
v -0.083736114 -0.17837846 -1.0741192
v -0.08384542 -0.17837848 -1.0747932
v -0.08479828 -0.2738859 -1.0581642
v -0.08466235 -0.27346972 -1.0573918
v -0.0848055 -0.2740882 -1.0574535
v -0.08482239 -0.27424994 -1.0567284
v -0.0846853 -0.27365664 -1.0566671
v -0.084694095 -0.27370968 -1.0559903
v -0.08484773 -0.27436084 -1.0560195
v -0.083907485 -0.2678904 -1.0689769
v -0.08408793 -0.26835674 -1.069543
v -0.08403201 -0.26796764 -1.0700933
v -0.08387137 -0.2675357 -1.0695709
v -0.084845036 -0.27436134 -1.0322036
v -0.08469137 -0.27371013 -1.0322036
v -0.08384631 -0.17776997 -1.0748249
v -0.083736114 -0.17776996 -1.0741192
v -0.083736114 -0.17716148 -1.0741192
v -0.0838463 -0.17716146 -1.0748249
v -0.083736114 -0.176553 -1.0741192
v -0.08384542 -0.17655297 -1.0747932
v -0.0834479 -0.176553 -1.071421
v -0.08345911 -0.095389925 -1.0714196
v -0.08372516 -0.09451596 -1.0736954
v -0.083716504 -0.09394357 -1.0735316
v -0.08344424 -0.09483659 -1.0712063
v -0.08372005 -0.09328301 -1.073341
v -0.08344058 -0.094198 -1.0709585
v -0.083734825 -0.092711225 -1.0731747
v -0.083449095 -0.09364528 -1.0707426
v -0.08345036 -0.09027121 -1.068169
v -0.08373381 -0.088695094 -1.0700685
v -0.08373318 -0.08830007 -1.069567
v -0.08345472 -0.08986349 -1.0676832
v -0.083755404 -0.08784594 -1.0689867
v -0.08348693 -0.0893952 -1.067121
v -0.08372005 -0.09328301 -1.073341
v -0.083840236 -0.093627356 -1.0742823
v -0.08384035 -0.093023345 -1.0740883
v -0.083734825 -0.092711225 -1.0731747
v -0.0838453 -0.0924723 -1.0737941
v -0.08373381 -0.088695094 -1.0700685
v -0.083845206 -0.088289745 -1.0705589
v -0.083850294 -0.08781799 -1.0701057
v -0.08373318 -0.08830007 -1.069567
v -0.083755404 -0.08784594 -1.0689867
v -0.08387138 -0.08739578 -1.0695709
v -0.08379453 -0.087454334 -1.068483
v -0.083907485 -0.08704104 -1.0689769
v -0.08451738 -0.08242566 -1.0581039
v -0.08462502 -0.081781164 -1.058133
v -0.08372516 -0.09451596 -1.0736954
v -0.08384429 -0.094259724 -1.0743656
v -0.083736114 -0.176553 -1.0741192
v -0.08466203 -0.08146168 -1.0573918
v -0.08480547 -0.08084322 -1.0574535
v -0.084798284 -0.08104554 -1.0581642
v -0.08482236 -0.080681525 -1.0567284
v -0.08468499 -0.08127478 -1.0566671
v -0.08484774 -0.08057061 -1.0560195
v -0.08469411 -0.08122177 -1.0559903
v -0.08469138 -0.08122133 -1.0322036
v -0.08484504 -0.0805701 -1.0322036
v -0.08408793 -0.0865747 -1.069543
v -0.083907485 -0.08704104 -1.0689769
v -0.08387138 -0.08739578 -1.0695709
v -0.08403201 -0.0869638 -1.0700933
v -0.084798284 -0.08104554 -1.0581642
v -0.08499082 -0.08041562 -1.058189
v -0.08480547 -0.08084322 -1.0574535
v -0.0849809 -0.080283 -1.0575105
v -0.08482236 -0.080681525 -1.0567284
v -0.08499102 -0.080135696 -1.0567256
v -0.08501851 -0.08001311 -1.0560449
v -0.08484774 -0.08057061 -1.0560195
v -0.08428759 -0.08618007 -1.0700299
v -0.08408793 -0.0865747 -1.069543
v -0.08403201 -0.0869638 -1.0700933
v -0.08422954 -0.08656771 -1.0705324
v -0.08484504 -0.0805701 -1.0322036
v -0.085018516 -0.08001311 -1.0322036
v -0.08344907 -0.2605259 -1.068763
v -0.083450355 -0.26335984 -1.0666016
v -0.08373339 -0.2617831 -1.0647014
v -0.0837351 -0.25959265 -1.0663329
v -0.08375837 -0.26220167 -1.0642284
v -0.08346334 -0.26380795 -1.0661751
v -0.08380062 -0.26268536 -1.0636837
v -0.083495826 -0.2642734 -1.0656079
v -0.0838488 -0.26310462 -1.0632133
v -0.083539195 -0.26463223 -1.0650508
v -0.0844477 -0.26632023 -1.0578083
v -0.08426659 -0.26837292 -1.0579076
v -0.08452958 -0.26646748 -1.0571369
v -0.08431957 -0.26858932 -1.0572357
v -0.08427444 -0.2693286 -1.0572429
v -0.08422799 -0.26903218 -1.0579368
v -0.084304035 -0.26952785 -1.0565227
v -0.08435002 -0.2688368 -1.0564576
v -0.084349774 -0.26904905 -1.0557818
v -0.08431579 -0.2696252 -1.0558076
v -0.08458485 -0.26663446 -1.056358
v -0.08431334 -0.26962516 -1.0322036
v -0.08434978 -0.26904905 -1.0322036
v -0.083960615 -0.2627008 -1.062721
v -0.083903834 -0.26227748 -1.0632324
v -0.08380062 -0.26268536 -1.0636837
v -0.0838648 -0.26183003 -1.0637354
v -0.08375837 -0.26220167 -1.0642284
v -0.08373339 -0.2617831 -1.0647014
v -0.08384515 -0.26137763 -1.0642084
v -0.083845325 -0.25935385 -1.0657153
v -0.0837351 -0.25959265 -1.0663329
v -0.08385125 -0.2587869 -1.0659628
v -0.08374336 -0.25903836 -1.0665449
v -0.08385113 -0.25819108 -1.0661682
v -0.083739534 -0.25839803 -1.0667881
v -0.08372465 -0.2578432 -1.0669975
v -0.08384423 -0.25759292 -1.0663247
v -0.08384542 -0.17837848 -1.0658959
v -0.083736114 -0.17837846 -1.0665698
v -0.083736114 -0.17837846 -1.0665698
v -0.08384631 -0.17776997 -1.0658641
v -0.083736114 -0.17776996 -1.0665698
v -0.08384631 -0.17716146 -1.0658641
v -0.083736114 -0.17716148 -1.0665698
v -0.083736114 -0.176553 -1.0665698
v -0.08384542 -0.17655297 -1.0658959
v -0.0834479 -0.17837846 -1.0692679
v -0.08372465 -0.2578432 -1.0669975
v -0.0834591 -0.25871557 -1.0692692
v -0.083739534 -0.25839803 -1.0667881
v -0.08346762 -0.25928974 -1.0691099
v -0.083412066 -0.25960955 -1.06987
v -0.08341609 -0.2589774 -1.0699509
v -0.083409764 -0.26021436 -1.0696797
v -0.083463944 -0.25995237 -1.0689247
v -0.08344907 -0.2605259 -1.068763
v -0.08340949 -0.26076692 -1.0693905
v -0.08374336 -0.25903836 -1.0665449
v -0.083410315 -0.2637721 -1.0670986
v -0.083450355 -0.26335984 -1.0666016
v -0.08341673 -0.26426497 -1.066676
v -0.08346334 -0.26380795 -1.0661751
v -0.08344662 -0.26469645 -1.0661529
v -0.083495826 -0.2642734 -1.0656079
v -0.083539195 -0.26463223 -1.0650508
v -0.08349889 -0.2650487 -1.0655501
v -0.08426659 -0.26837292 -1.0579076
v -0.088532686 -0.1783784 -1.0582619
v -0.08854346 -0.25497946 -1.0593222
v -0.08912432 -0.2549041 -1.0591251
v -0.08913515 -0.1783784 -1.0580393
v -0.088532686 -0.17776996 -1.0582619
v -0.08913515 -0.17776996 -1.0580393
v -0.088532686 -0.1771615 -1.0582619
v -0.08913515 -0.17716151 -1.0580393
v -0.088532686 -0.17655306 -1.0582619
v -0.08913515 -0.17655306 -1.0580393
v -0.08912434 -0.10002734 -1.0591251
v -0.08854346 -0.09995199 -1.0593222
v -0.09341356 -0.2571211 -1.0599018
v -0.09342529 -0.25756028 -1.0595918
v -0.09426118 -0.25818977 -1.060354
v -0.09426965 -0.25748456 -1.0608507
v -0.094207555 -0.2586418 -1.059929
v -0.09340671 -0.2580248 -1.0592515
v -0.09415982 -0.259158 -1.0594286
v -0.09335993 -0.25858322 -1.0588104
v -0.0968219 -0.2612862 -1.0707426
v -0.09682063 -0.26466024 -1.068169
v -0.09653719 -0.26623636 -1.0700685
v -0.096536174 -0.26222023 -1.0731747
v -0.09653781 -0.26663134 -1.069567
v -0.09681627 -0.26506796 -1.0676832
v -0.096515596 -0.26708552 -1.0689867
v -0.09678408 -0.26553625 -1.067121
v -0.096476465 -0.26747712 -1.068483
v -0.09673266 -0.26593965 -1.0666331
v -0.09575362 -0.2725058 -1.0581039
v -0.09600425 -0.2704522 -1.0580112
v -0.09571359 -0.27281755 -1.057337
v -0.09596714 -0.27065346 -1.0574304
v -0.09568393 -0.27304852 -1.0565544
v -0.095936686 -0.27080545 -1.056645
v -0.0956723 -0.27313912 -1.0559651
v -0.09592122 -0.2708665 -1.0558633
v -0.0956723 -0.27313912 -1.0322036
v -0.09592122 -0.2708665 -1.0322036
v -0.09678408 -0.26553625 -1.067121
v -0.09682717 -0.26512453 -1.0666653
v -0.09681627 -0.26506796 -1.0676832
v -0.09685701 -0.26469207 -1.0671871
v -0.09682063 -0.26466024 -1.068169
v -0.09686066 -0.264248 -1.0676721
v -0.0968219 -0.2612862 -1.0707426
v -0.096861504 -0.26104516 -1.070115
v -0.09686865 -0.2604788 -1.0703682
v -0.09683041 -0.26073346 -1.0709585
v -0.09682674 -0.26009485 -1.0712063
v -0.09686635 -0.25988147 -1.070578
v -0.09681188 -0.25954154 -1.0714196
v -0.0968549 -0.2592797 -1.070738
v -0.0968231 -0.17837846 -1.071421
v -0.09654584 -0.2604155 -1.0736954
v -0.09653488 -0.17837846 -1.0741192
v -0.09655449 -0.26098788 -1.0735316
v -0.09682674 -0.26009485 -1.0712063
v -0.09655095 -0.26164845 -1.073341
v -0.09683041 -0.26073346 -1.0709585
v -0.09655095 -0.26164845 -1.073341
v -0.096430756 -0.2613041 -1.0742823
v -0.09643065 -0.2619081 -1.0740883
v -0.096536174 -0.26222023 -1.0731747
v -0.09642569 -0.26245916 -1.073794
v -0.09654584 -0.2604155 -1.0736954
v -0.0964267 -0.26067173 -1.0743656
v -0.09642557 -0.17837848 -1.0747932
v -0.09642469 -0.17776997 -1.0748249
v -0.09653488 -0.17776996 -1.0741192
v -0.09642469 -0.17716148 -1.0748249
v -0.09653488 -0.17716148 -1.0741192
v -0.09653488 -0.176553 -1.0741192
v -0.09642557 -0.17655297 -1.0747932
v -0.09653488 -0.17837846 -1.0741192
v -0.09653719 -0.26623636 -1.0700685
v -0.09642579 -0.2666417 -1.0705589
v -0.096420705 -0.26711348 -1.0701057
v -0.09653781 -0.26663134 -1.069567
v -0.096515596 -0.26708552 -1.0689867
v -0.09639962 -0.2675357 -1.0695709
v -0.096476465 -0.26747712 -1.068483
v -0.09636351 -0.2678904 -1.0689769
v -0.09575362 -0.2725058 -1.0581039
v -0.09564599 -0.27315027 -1.058133
v -0.0968231 -0.176553 -1.071421
v -0.096545845 -0.09451596 -1.0736954
v -0.09681188 -0.095389925 -1.0714196
v -0.096826755 -0.09483659 -1.0712063
v -0.096554495 -0.09394358 -1.0735316
v -0.09683042 -0.094198 -1.0709585
v -0.09655096 -0.09328302 -1.073341
v -0.096821904 -0.09364528 -1.0707426
v -0.096536174 -0.092711225 -1.0731747
v -0.096537195 -0.088695094 -1.0700685
v -0.09682064 -0.09027121 -1.068169
v -0.09681628 -0.08986349 -1.0676832
v -0.09653783 -0.08830007 -1.069567
v -0.096784085 -0.0893952 -1.067121
v -0.0965156 -0.08784594 -1.0689867
v -0.09673267 -0.08899179 -1.0666331
v -0.09647647 -0.087454334 -1.068483
v -0.09575363 -0.08242567 -1.0581039
v -0.096004255 -0.084479265 -1.0580112
v -0.095964 -0.0842784 -1.0574304
v -0.09571266 -0.082113996 -1.057337
v -0.09593354 -0.084126405 -1.056645
v -0.09568301 -0.08188302 -1.0565544
v -0.095921226 -0.08406494 -1.0558633
v -0.09567231 -0.08179232 -1.0559651
v -0.09567231 -0.08179232 -1.0322036
v -0.095921226 -0.08406494 -1.0322036
v -0.09677243 -0.089404255 -1.0661291
v -0.09682717 -0.0898069 -1.0666653
v -0.096784085 -0.0893952 -1.067121
v -0.09685701 -0.09023937 -1.0671871
v -0.09681628 -0.08986349 -1.0676832
v -0.09682064 -0.09027121 -1.068169
v -0.09686066 -0.09068346 -1.0676721
v -0.09686151 -0.09388629 -1.070115
v -0.096821904 -0.09364528 -1.0707426
v -0.09686866 -0.094452664 -1.0703682
v -0.09683042 -0.094198 -1.0709585
v -0.09686635 -0.09505 -1.070578
v -0.096826755 -0.09483659 -1.0712063
v -0.0968549 -0.09565177 -1.070738
v -0.09681188 -0.095389925 -1.0714196
v -0.09686229 -0.176553 -1.0707384
v -0.0968231 -0.176553 -1.071421
v -0.096867606 -0.17716148 -1.0707084
v -0.0968231 -0.17716148 -1.071421
v -0.096867606 -0.17776996 -1.0707084
v -0.0968231 -0.17776996 -1.071421
v -0.0968231 -0.17837846 -1.071421
v -0.09686229 -0.17837846 -1.0707384
v -0.09653488 -0.17716148 -1.0741192
v -0.09653488 -0.17776996 -1.0741192
v -0.09681188 -0.25954154 -1.0714196
v -0.09653488 -0.17837846 -1.0665698
v -0.096546344 -0.2578432 -1.0669975
v -0.09681188 -0.25871557 -1.0692692
v -0.0968231 -0.17837846 -1.0692679
v -0.096803375 -0.25928974 -1.0691099
v -0.096858926 -0.25960955 -1.06987
v -0.09680704 -0.25995237 -1.0689247
v -0.09686122 -0.2602144 -1.0696797
v -0.0968219 -0.2605259 -1.068763
v -0.096861504 -0.26076692 -1.0693905
v -0.0968549 -0.2589774 -1.0699509
v -0.09682063 -0.26335984 -1.0666016
v -0.09686066 -0.26377207 -1.0670986
v -0.096854344 -0.26426497 -1.066676
v -0.0968079 -0.26380795 -1.0661751
v -0.096775405 -0.2642734 -1.0656078
v -0.096824445 -0.26469642 -1.0661529
v -0.09673178 -0.26463223 -1.0650508
v -0.096772105 -0.2650487 -1.0655501
v -0.0960044 -0.26837292 -1.0579076
v -0.096043006 -0.26903218 -1.0579369
v -0.0960044 -0.26837292 -1.0579076
v -0.09599666 -0.2693286 -1.0572429
v -0.09595142 -0.26858932 -1.0572357
v -0.09592097 -0.2688368 -1.0564578
v -0.09596707 -0.26952785 -1.0565227
v -0.09592122 -0.26904905 -1.0557818
v -0.0959552 -0.2696252 -1.0558076
v -0.09592122 -0.26904905 -1.0322036
v -0.09595765 -0.26962516 -1.0322036
v -0.096422195 -0.26310462 -1.0632133
v -0.0958233 -0.26632023 -1.0578083
v -0.09673178 -0.26463223 -1.0650508
v -0.09647037 -0.26268536 -1.0636837
v -0.096775405 -0.2642734 -1.0656078
v -0.09651261 -0.26220164 -1.0642284
v -0.0968079 -0.26380795 -1.0661751
v -0.096537605 -0.2617831 -1.0647014
v -0.09682063 -0.26335984 -1.0666016
v -0.09653589 -0.25959265 -1.0663329
v -0.0968219 -0.2605259 -1.068763
v -0.09647037 -0.26268536 -1.0636837
v -0.09636715 -0.26227748 -1.0632324
v -0.09651261 -0.26220164 -1.0642284
v -0.09640619 -0.26183003 -1.0637354
v -0.096537605 -0.2617831 -1.0647014
v -0.09642584 -0.26137766 -1.0642084
v -0.09653589 -0.25959265 -1.0663329
v -0.09642567 -0.25935385 -1.0657153
v -0.09641973 -0.25878692 -1.0659628
v -0.09652762 -0.2590384 -1.0665449
v -0.09653144 -0.25839806 -1.0667881
v -0.096419856 -0.25819108 -1.0661682
v -0.096546344 -0.2578432 -1.0669975
v -0.09642676 -0.25759292 -1.0663247
v -0.09653488 -0.17837846 -1.0665698
v -0.09642557 -0.17837848 -1.0658959
v -0.09631036 -0.2627008 -1.062721
v -0.09642469 -0.17776997 -1.0658641
v -0.09653488 -0.17776996 -1.0665698
v -0.09653488 -0.17716148 -1.0665698
v -0.09642469 -0.17716146 -1.0658641
v -0.09653488 -0.176553 -1.0665698
v -0.09642557 -0.17655297 -1.0658959
v -0.0968231 -0.176553 -1.0692679
v -0.09681188 -0.096215874 -1.0692692
v -0.09654635 -0.09708828 -1.0669975
v -0.09653146 -0.09653343 -1.0667881
v -0.096803375 -0.095641725 -1.0691099
v -0.096858926 -0.09532191 -1.06987
v -0.0968549 -0.09595404 -1.0699509
v -0.09686123 -0.09471709 -1.0696797
v -0.09680705 -0.0949791 -1.0689247
v -0.096821904 -0.09440555 -1.068763
v -0.09686151 -0.09416452 -1.0693905
v -0.0965359 -0.09533881 -1.0663329
v -0.09652762 -0.095893085 -1.0665449
v -0.09686068 -0.09115938 -1.0670986
v -0.09682064 -0.09157162 -1.0666016
v -0.09685426 -0.0906665 -1.066676
v -0.09680766 -0.091123514 -1.0661751
v -0.09682437 -0.09023503 -1.0661529
v -0.09677517 -0.090658054 -1.0656079
v -0.0967318 -0.09029924 -1.0650508
v -0.096772105 -0.089882754 -1.0655501
v -0.09604301 -0.08589926 -1.0579369
v -0.096004404 -0.08655855 -1.0579076
v -0.096821904 -0.09440555 -1.068763
v -0.09682064 -0.09157162 -1.0666016
v -0.096537605 -0.09314837 -1.0647014
v -0.09651262 -0.09272982 -1.0642284
v -0.09680766 -0.091123514 -1.0661751
v -0.09647037 -0.0922461 -1.0636837
v -0.09677517 -0.090658054 -1.0656079
v -0.096004404 -0.08655855 -1.0579076
v -0.09599656 -0.08560287 -1.0572429
v -0.09595143 -0.08634214 -1.0572357
v -0.095966965 -0.08540359 -1.0565227
v -0.09592098 -0.08609466 -1.0564578
v -0.095921226 -0.0858824 -1.0557818
v -0.09595521 -0.085306264 -1.0558076
v -0.09574142 -0.08846397 -1.0571369
v -0.09568616 -0.088297 -1.056358
v -0.09592098 -0.08609466 -1.0564578
v -0.09567231 -0.08815503 -1.0556799
v -0.0958233 -0.08861121 -1.0578083
v -0.0964222 -0.09182683 -1.0632133
v -0.0967318 -0.09029924 -1.0650508
v -0.09647037 -0.0922461 -1.0636837
v -0.09636716 -0.09265399 -1.0632324
v -0.09631038 -0.09223067 -1.062721
v -0.0964062 -0.09310144 -1.0637354
v -0.09651262 -0.09272982 -1.0642284
v -0.096537605 -0.09314837 -1.0647014
v -0.096425846 -0.09355381 -1.0642084
v -0.09595766 -0.0853063 -1.0322036
v -0.096425675 -0.09557758 -1.0657153
v -0.0965359 -0.09533881 -1.0663329
v -0.096419744 -0.09614456 -1.0659628
v -0.09652762 -0.095893085 -1.0665449
v -0.096419856 -0.09674038 -1.0661682
v -0.09653146 -0.09653343 -1.0667881
v -0.09654635 -0.09708828 -1.0669975
v -0.09642677 -0.09733854 -1.0663247
v -0.09653488 -0.176553 -1.0665698
v -0.095921226 -0.0858824 -1.0322036
v -0.08913515 -0.1783784 -1.0826509
v -0.089125395 -0.26351267 -1.0815628
v -0.08854247 -0.26343703 -1.0813651
v -0.08853267 -0.1783784 -1.0824282
v -0.08913515 -0.17776996 -1.0826509
v -0.08853267 -0.17776996 -1.0824282
v -0.08913515 -0.1771615 -1.0826509
v -0.08853267 -0.1771615 -1.0824282
v -0.08913515 -0.17655306 -1.0826509
v -0.08853267 -0.17655304 -1.0824282
v -0.08854248 -0.09149444 -1.0813651
v -0.0891254 -0.09141882 -1.0815628
v -0.08495719 -0.26367775 -1.076973
v -0.08495475 -0.26871207 -1.073049
v -0.08422187 -0.2674998 -1.0715878
v -0.08421901 -0.26295894 -1.0751013
v -0.086001344 -0.25748456 -1.0608507
v -0.086009815 -0.25818977 -1.060354
v -0.0868457 -0.25756028 -1.0595918
v -0.08685743 -0.2571211 -1.0599018
v -0.08853318 -0.25669563 -1.0587995
v -0.0885365 -0.2568467 -1.0587076
v -0.089130946 -0.25671023 -1.0585386
v -0.089134775 -0.25662324 -1.0586084
v -0.089132786 -0.25724393 -1.0581856
v -0.08857697 -0.2573357 -1.0583434
v -0.09531212 -0.25813818 -1.0625477
v -0.09531897 -0.25930434 -1.0617094
v -0.09604793 -0.26051906 -1.0631741
v -0.096052766 -0.25885397 -1.064412
v -0.09603113 -0.26098284 -1.062756
v -0.095298104 -0.2597646 -1.0613233
v -0.09598909 -0.26146767 -1.062213
v -0.09524581 -0.26027638 -1.0608151
v -0.09593303 -0.26184437 -1.0616899
v -0.09517593 -0.26070282 -1.0603205
v -0.095335364 -0.26427084 -1.0576842
v -0.09485054 -0.26272023 -1.0575843
v -0.0917369 -0.26512045 -1.0807538
v -0.09173612 -0.27118298 -1.0760046
v -0.09113802 -0.2713145 -1.0761633
v -0.09113725 -0.26519793 -1.0809557
v -0.08913372 -0.26519793 -1.0809557
v -0.08913297 -0.2713145 -1.0761633
v -0.08853487 -0.27118295 -1.0760046
v -0.08853409 -0.26512045 -1.0807538
v -0.091738306 -0.1783784 -1.0824282
v -0.09172852 -0.26343703 -1.0813651
v -0.09114559 -0.26351267 -1.0815628
v -0.091135845 -0.1783784 -1.0826509
v -0.091738306 -0.17776996 -1.0824282
v -0.091135845 -0.17776996 -1.0826509
v -0.091738306 -0.1771615 -1.0824282
v -0.091135845 -0.1771615 -1.0826509
v -0.091738306 -0.17655304 -1.0824282
v -0.091135845 -0.17655306 -1.0826509
v -0.0911456 -0.09141881 -1.0815628
v -0.09172853 -0.09149444 -1.0813651
v -0.09530998 -0.17837846 -1.0623983
v -0.09534258 -0.2563875 -1.063178
v -0.09602364 -0.25705358 -1.0649129
v -0.09605563 -0.17837846 -1.0644758
v -0.09530998 -0.17776996 -1.0623983
v -0.09605563 -0.17776996 -1.0644758
v -0.09530998 -0.17716148 -1.0623983
v -0.09605563 -0.17716148 -1.0644758
v -0.09530998 -0.176553 -1.0623983
v -0.09605563 -0.176553 -1.0644758
v -0.096023664 -0.09787785 -1.0649129
v -0.095342584 -0.09854396 -1.063178
v -0.094267555 -0.26432982 -1.0786797
v -0.09426454 -0.26983023 -1.074388
v -0.09341947 -0.27045423 -1.0751402
v -0.09341673 -0.26469964 -1.0796429
v -0.09113585 -0.1783784 -1.0580393
v -0.091146655 -0.2549041 -1.0591251
v -0.09172753 -0.25497946 -1.0593222
v -0.091738306 -0.1783784 -1.0582619
v -0.09113585 -0.17776996 -1.0580393
v -0.091738306 -0.17776996 -1.0582619
v -0.09113585 -0.17716151 -1.0580393
v -0.091738306 -0.1771615 -1.0582619
v -0.09113585 -0.17655306 -1.0580393
v -0.091738306 -0.17655306 -1.0582619
v -0.09172754 -0.09995199 -1.0593222
v -0.09114667 -0.10002735 -1.0591251
v -0.085998654 -0.17837845 -1.0605417
v -0.08603788 -0.25571823 -1.0613613
v -0.086819425 -0.2553771 -1.0604718
v -0.086859144 -0.17837842 -1.059472
v -0.085998654 -0.17776996 -1.0605417
v -0.086859144 -0.17776996 -1.059472
v -0.085998654 -0.1771615 -1.0605417
v -0.086859144 -0.1771615 -1.059472
v -0.085998654 -0.176553 -1.0605417
v -0.086859144 -0.17655301 -1.059472
v -0.086819425 -0.09955437 -1.0604718
v -0.08603789 -0.099213235 -1.0613613
v -0.08421821 -0.25885397 -1.064412
v -0.08422305 -0.26051906 -1.0631741
v -0.08495203 -0.25930434 -1.0617094
v -0.08495887 -0.25813818 -1.0625477
v -0.08497249 -0.25976455 -1.0613232
v -0.08423987 -0.26098284 -1.062756
v -0.085024804 -0.26027632 -1.060815
v -0.08428191 -0.26146767 -1.062213
v -0.08509506 -0.2607028 -1.0603205
v -0.084337965 -0.26184437 -1.0616899
v -0.08542045 -0.26272023 -1.0575843
v -0.08493561 -0.26427084 -1.0576842
v -0.08496102 -0.17837846 -1.0782912
v -0.08493097 -0.2618934 -1.0775167
v -0.08424595 -0.2612236 -1.0757722
v -0.084215365 -0.17837846 -1.0762134
v -0.08496102 -0.17776996 -1.0782912
v -0.084215365 -0.17776996 -1.0762134
v -0.08496102 -0.17716148 -1.0782912
v -0.084215365 -0.17716148 -1.0762134
v -0.08496102 -0.176553 -1.0782912
v -0.084215365 -0.176553 -1.0762134
v -0.08424596 -0.09370784 -1.0757722
v -0.08493098 -0.09303805 -1.0775167
v -0.08685426 -0.26469964 -1.0796429
v -0.08685151 -0.27045423 -1.0751402
v -0.08600645 -0.26983023 -1.074388
v -0.08685426 -0.26469964 -1.0796429
v -0.08600645 -0.26983023 -1.074388
v -0.08600342 -0.26432982 -1.0786797
v -0.094272345 -0.17837845 -1.0801479
v -0.094236076 -0.26261345 -1.0793234
v -0.093447685 -0.26295745 -1.0802201
v -0.09341183 -0.17837845 -1.0812179
v -0.094272345 -0.17776996 -1.0801479
v -0.09341183 -0.17776996 -1.0812179
v -0.094272345 -0.17716148 -1.0801479
v -0.09341183 -0.1771615 -1.0812179
v -0.094272345 -0.176553 -1.0801479
v -0.09341183 -0.17655301 -1.0812179
v -0.09344769 -0.091974 -1.0802201
v -0.09423608 -0.09231802 -1.0793234
v -0.09341184 -0.17837842 -1.059472
v -0.09345157 -0.2553771 -1.0604718
v -0.09423311 -0.25571823 -1.0613613
v -0.094272345 -0.17837845 -1.0605417
v -0.09341184 -0.17776996 -1.059472
v -0.094272345 -0.17776996 -1.0605417
v -0.09341184 -0.1771615 -1.059472
v -0.094272345 -0.1771615 -1.0605417
v -0.09341184 -0.17655301 -1.059472
v -0.094272345 -0.176553 -1.0605417
v -0.09423312 -0.099213235 -1.0613613
v -0.093451574 -0.09955437 -1.0604718
v -0.09605563 -0.17837846 -1.0762134
v -0.096025035 -0.2612236 -1.0757722
v -0.09534001 -0.2618934 -1.0775167
v -0.09530998 -0.17837846 -1.0782912
v -0.09605563 -0.17776996 -1.0762134
v -0.09530997 -0.17776996 -1.0782912
v -0.09605563 -0.17716148 -1.0762134
v -0.09530997 -0.17716148 -1.0782912
v -0.09605563 -0.176553 -1.0762134
v -0.09530997 -0.176553 -1.0782912
v -0.09534002 -0.09303805 -1.0775167
v -0.09602504 -0.09370784 -1.0757722
v -0.0911362 -0.25662324 -1.0586084
v -0.09114004 -0.25671023 -1.0585386
v -0.09173449 -0.2568467 -1.0587076
v -0.09169402 -0.2573357 -1.0583434
v -0.09114001 -0.25724363 -1.058185
v -0.0911362 -0.25662324 -1.0586084
v -0.09173449 -0.2568467 -1.0587076
v -0.091737814 -0.25669563 -1.0587995
v -0.084215365 -0.17837846 -1.0644758
v -0.08424733 -0.25705358 -1.0649129
v -0.084928416 -0.2563875 -1.063178
v -0.08496102 -0.17837846 -1.0623983
v -0.084215365 -0.17776996 -1.0644758
v -0.08496102 -0.17776996 -1.0623983
v -0.084215365 -0.17716148 -1.0644758
v -0.08496102 -0.17716148 -1.0623983
v -0.084215365 -0.176553 -1.0644758
v -0.08496102 -0.176553 -1.0623983
v -0.08492842 -0.09854396 -1.063178
v -0.08424735 -0.09787785 -1.0649129
v -0.086859144 -0.17837845 -1.0812179
v -0.0868233 -0.26295745 -1.0802201
v -0.08603491 -0.26261345 -1.0793234
v -0.08599865 -0.17837845 -1.0801479
v -0.086859144 -0.17776996 -1.0812179
v -0.08599865 -0.17776996 -1.0801479
v -0.086859144 -0.1771615 -1.0812179
v -0.08599865 -0.17716148 -1.0801479
v -0.086859144 -0.17655301 -1.0812179
v -0.086862125 -0.27166274 -1.0735538
v -0.08720175 -0.27856237 -1.0583385
v -0.08659848 -0.2778455 -1.0583091
v -0.086862125 -0.27166274 -1.0735538
v -0.08659848 -0.2778455 -1.0583091
v -0.08605151 -0.2710558 -1.0728251
v -0.09525249 -0.27491835 -1.0560449
v -0.09525249 -0.27491835 -1.0322036
v -0.09461728 -0.27664483 -1.0322036
v -0.09461728 -0.27664483 -1.0561223
v -0.09527998 -0.27479574 -1.0567256
v -0.0946637 -0.27646387 -1.0568001
v -0.0952901 -0.27464846 -1.0575105
v -0.094692625 -0.2762483 -1.0575812
v -0.09528018 -0.27451584 -1.058189
v -0.09469629 -0.2760559 -1.0582563
v -0.0959834 -0.26875135 -1.0700299
v -0.095282555 -0.26993364 -1.0714519
v -0.096041456 -0.26836374 -1.0705324
v -0.09532803 -0.26955476 -1.0719664
v -0.094692625 -0.2762483 -1.0575812
v -0.09440396 -0.2769151 -1.057581
v -0.0946637 -0.27646387 -1.0568001
v -0.09438621 -0.27709454 -1.0568577
v -0.09461728 -0.27664483 -1.0561223
v -0.09437116 -0.27717847 -1.0561453
v -0.094425075 -0.27664545 -1.0582854
v -0.09461728 -0.27664483 -1.0322036
v -0.094374835 -0.27717993 -1.0322036
v -0.09171592 -0.2723822 -1.0744514
v -0.09140785 -0.2797512 -1.0583347
v -0.09113129 -0.27984774 -1.0583373
v -0.09114102 -0.27251107 -1.0746052
v -0.094219476 -0.2710558 -1.0728251
v -0.0936725 -0.2778455 -1.0583091
v -0.093069226 -0.27856237 -1.0583385
v -0.09340887 -0.27166274 -1.0735538
v -0.091139935 -0.2583105 -1.057478
v -0.09117547 -0.2588018 -1.0570056
v -0.09150329 -0.2589795 -1.0571053
v -0.09162176 -0.25837022 -1.0575224
v -0.0861402 -0.25960004 -1.0589868
v -0.08650934 -0.26088908 -1.0574213
v -0.0869964 -0.26010558 -1.0572883
v -0.08697365 -0.25908586 -1.0583863
v -0.08611783 -0.26145115 -1.057445
v -0.08575617 -0.2599347 -1.0593842
v -0.08498843 -0.26993364 -1.0714519
v -0.0855747 -0.2760559 -1.0582563
v -0.084990814 -0.27451584 -1.058189
v -0.085845925 -0.27664545 -1.0582854
v -0.08586703 -0.2769151 -1.057581
v -0.08557835 -0.27624834 -1.0575812
v -0.08498843 -0.26993364 -1.0714519
v -0.084990814 -0.27451584 -1.058189
v -0.08428759 -0.26875135 -1.0700299
v -0.08494295 -0.2695548 -1.0719664
v -0.08422952 -0.26836374 -1.0705324
v -0.0855747 -0.2760559 -1.0582563
v -0.08498089 -0.27464846 -1.0575105
v -0.08557835 -0.27624834 -1.0575812
v -0.08499102 -0.27479574 -1.0567256
v -0.085607275 -0.27646387 -1.0568001
v -0.0850185 -0.27491835 -1.0560449
v -0.08565372 -0.27664483 -1.0561223
v -0.0850185 -0.27491835 -1.0322036
v -0.08565372 -0.27664483 -1.0322036
v -0.08912997 -0.27251107 -1.0746052
v -0.0891397 -0.27984774 -1.0583373
v -0.08886315 -0.2797512 -1.0583346
v -0.08855507 -0.2723822 -1.0744514
v -0.093297325 -0.25908586 -1.0583863
v -0.0932746 -0.26010558 -1.0572883
v -0.09376165 -0.26088908 -1.0574213
v -0.094130784 -0.25960004 -1.0589868
v -0.094514824 -0.2599347 -1.0593842
v -0.094153166 -0.26145115 -1.057445
v -0.08864922 -0.25837022 -1.0575224
v -0.0887677 -0.2589795 -1.0571053
v -0.08909553 -0.2588018 -1.0570056
v -0.08913106 -0.2583105 -1.057478
v -0.08379452 -0.26747712 -1.068483
v -0.084517375 -0.2725058 -1.0581039
v -0.084266745 -0.2704522 -1.0580112
v -0.08353833 -0.26593965 -1.0666331
v -0.0837554 -0.26708552 -1.0689867
v -0.084307 -0.27065307 -1.0574304
v -0.08455833 -0.27281743 -1.057337
v -0.08433745 -0.27080506 -1.056645
v -0.08458799 -0.27304843 -1.0565544
v -0.084349774 -0.2708665 -1.0558633
v -0.08459869 -0.27313912 -1.0559651
v -0.08434978 -0.2708665 -1.0322036
v -0.08459869 -0.27313912 -1.0322036
v -0.08349856 -0.2655272 -1.0661291
v -0.08344383 -0.26512453 -1.0666653
v -0.083486915 -0.26553625 -1.067121
v -0.08341399 -0.26469207 -1.0671871
v -0.08345472 -0.26506796 -1.0676832
v -0.083450355 -0.26466024 -1.068169
v -0.083410315 -0.264248 -1.0676721
v -0.08340949 -0.26104516 -1.070115
v -0.08344907 -0.2612862 -1.0707426
v -0.083402336 -0.2604788 -1.0703682
v -0.08344057 -0.26073346 -1.0709585
v -0.08340464 -0.25988147 -1.070578
v -0.08344423 -0.26009485 -1.0712063
v -0.08341609 -0.2592797 -1.070738
v -0.0834591 -0.25954154 -1.0714196
v -0.08340871 -0.17837846 -1.0707384
v -0.0834479 -0.17837846 -1.071421
v -0.08340338 -0.17776996 -1.0707084
v -0.0834479 -0.17776996 -1.071421
v -0.08340338 -0.17716148 -1.0707084
v -0.0834479 -0.17716148 -1.071421
v -0.0834479 -0.176553 -1.071421
v -0.08340871 -0.176553 -1.0707384
v -0.0834161 -0.09565177 -1.070738
v -0.08345911 -0.095389925 -1.0714196
v -0.083736114 -0.17776996 -1.0741192
v -0.083736114 -0.17716148 -1.0741192
v -0.083404645 -0.09505001 -1.070578
v -0.08344424 -0.09483659 -1.0712063
v -0.08340234 -0.09445267 -1.0703682
v -0.08344058 -0.094198 -1.0709585
v -0.083449095 -0.09364528 -1.0707426
v -0.083409496 -0.09388629 -1.070115
v -0.08341034 -0.09068346 -1.0676721
v -0.08345036 -0.09027121 -1.068169
v -0.08341399 -0.09023938 -1.0671871
v -0.08345472 -0.08986349 -1.0676832
v -0.08344383 -0.08980689 -1.0666653
v -0.08348693 -0.0893952 -1.067121
v -0.08353834 -0.08899179 -1.0666331
v -0.083498575 -0.089404255 -1.0661291
v -0.08379453 -0.087454334 -1.068483
v -0.08426676 -0.084479265 -1.0580112
v -0.08451738 -0.08242566 -1.0581039
v -0.084557414 -0.082113914 -1.057337
v -0.08430387 -0.084278 -1.0574304
v -0.08458707 -0.08188293 -1.0565544
v -0.08433431 -0.08412598 -1.056645
v -0.084598705 -0.08179232 -1.0559651
v -0.08434978 -0.08406494 -1.0558633
v -0.08434978 -0.08406494 -1.0322036
v -0.084598705 -0.08179232 -1.0322036
v -0.084557414 -0.082113914 -1.057337
v -0.08466203 -0.08146168 -1.0573918
v -0.08458707 -0.08188293 -1.0565544
v -0.08468499 -0.08127478 -1.0566671
v -0.084598705 -0.08179232 -1.0559651
v -0.08469411 -0.08122177 -1.0559903
v -0.08462502 -0.081781164 -1.058133
v -0.084598705 -0.08179232 -1.0322036
v -0.08469138 -0.08122133 -1.0322036
v -0.08915422 -0.28029123 -1.0562862
v -0.08915422 -0.28029123 -1.0322036
v -0.08886458 -0.2801866 -1.0322036
v -0.08886458 -0.2801866 -1.0562816
v -0.0956723 -0.26677644 -1.0556799
v -0.0956723 -0.26677644 -1.0322036
v -0.09592122 -0.26904905 -1.0322036
v -0.09592122 -0.26904905 -1.0557818
v -0.095686145 -0.26663446 -1.056358
v -0.09592097 -0.2688368 -1.0564578
v -0.09574141 -0.2664675 -1.0571369
v -0.09595142 -0.26858932 -1.0572357
v -0.09368264 -0.27826077 -1.0561949
v -0.09368264 -0.27826077 -1.0322036
v -0.09300205 -0.27908665 -1.0322036
v -0.09300205 -0.27908665 -1.0562319
v -0.09300205 -0.26082894 -1.0554137
v -0.09300205 -0.26082894 -1.0322036
v -0.09368264 -0.2616548 -1.0322036
v -0.09368264 -0.2616548 -1.0554507
v -0.08886457 -0.25972897 -1.0553648
v -0.08886458 -0.25972897 -1.0322036
v -0.08915422 -0.25962433 -1.0322036
v -0.08915422 -0.25962433 -1.0553601
v -0.0850185 -0.26499724 -1.0556003
v -0.0850185 -0.26499724 -1.0322036
v -0.08565372 -0.26327077 -1.0322036
v -0.08565372 -0.26327077 -1.0555229
v -0.08726894 -0.27908665 -1.0562319
v -0.08726894 -0.27908665 -1.0322036
v -0.08658835 -0.27826077 -1.0322036
v -0.08658835 -0.27826077 -1.0561949
v -0.09605198 -0.0919725 -1.0751013
v -0.0953138 -0.09125373 -1.076973
v -0.095316246 -0.08621939 -1.073049
v -0.09604912 -0.08743165 -1.0715878
v -0.09140641 -0.2801866 -1.0562816
v -0.09140642 -0.2801866 -1.0322036
v -0.09111677 -0.28029123 -1.0322036
v -0.09111676 -0.28029123 -1.0562862
v -0.09461728 -0.26327077 -1.0555229
v -0.09461728 -0.26327077 -1.0322036
v -0.09525249 -0.26499724 -1.0322036
v -0.09525249 -0.26499724 -1.0556003
v -0.09111676 -0.25962433 -1.0553601
v -0.09111677 -0.25962433 -1.0322036
v -0.09140642 -0.25972897 -1.0322036
v -0.09140642 -0.25972897 -1.0553648
v -0.08658836 -0.2616548 -1.0554507
v -0.08658836 -0.2616548 -1.0322036
v -0.08726894 -0.26082894 -1.0322036
v -0.08726894 -0.26082894 -1.0554137
v -0.084349774 -0.26904905 -1.0557818
v -0.08434978 -0.26904905 -1.0322036
v -0.08459869 -0.26677644 -1.0322036
v -0.08459869 -0.26677644 -1.0556799
v -0.08435002 -0.2688368 -1.0564576
v -0.083449095 -0.09440555 -1.068763
v -0.0837351 -0.0953388 -1.0663329
v -0.083733395 -0.09314837 -1.0647014
v -0.08345036 -0.09157162 -1.0666016
v -0.0834631 -0.09112353 -1.0661751
v -0.083758384 -0.09272982 -1.0642284
v -0.083495595 -0.09065806 -1.0656078
v -0.08380063 -0.0922461 -1.0636837
v -0.083449095 -0.09440555 -1.068763
v -0.08374337 -0.09589309 -1.0665449
v -0.08346395 -0.0949791 -1.0689247
v -0.083409764 -0.09471708 -1.0696797
v -0.083409496 -0.09416453 -1.0693905
v -0.08341207 -0.09532191 -1.06987
v -0.083467625 -0.095641725 -1.0691099
v -0.08345911 -0.096215874 -1.0692692
v -0.0834161 -0.09595404 -1.0699509
v -0.08372465 -0.09708828 -1.0669975
v -0.0834479 -0.176553 -1.0692679
v -0.08373955 -0.09653343 -1.0667881
v -0.08346395 -0.0949791 -1.0689247
v -0.08345036 -0.09157162 -1.0666016
v -0.08341034 -0.09115938 -1.0670986
v -0.08341665 -0.0906665 -1.066676
v -0.0834631 -0.09112353 -1.0661751
v -0.083495595 -0.09065806 -1.0656078
v -0.08344655 -0.09023503 -1.0661528
v -0.08353921 -0.09029924 -1.0650508
v -0.083498895 -0.089882754 -1.0655501
v -0.084266596 -0.08655855 -1.0579076
v -0.084228 -0.08589926 -1.0579369
v -0.084266596 -0.08655855 -1.0579076
v -0.08427434 -0.085602865 -1.0572429
v -0.08431958 -0.08634213 -1.0572357
v -0.084350035 -0.08609466 -1.0564576
v -0.08430393 -0.085403584 -1.0565227
v -0.08434978 -0.0858824 -1.0557818
v -0.08431581 -0.085306264 -1.0558076
v -0.08434978 -0.0858824 -1.0322036
v -0.084313355 -0.0853063 -1.0322036
v -0.084584855 -0.088297 -1.056358
v -0.084598705 -0.08815503 -1.0556799
v -0.08353921 -0.09029924 -1.0650508
v -0.084447704 -0.08861121 -1.0578083
v -0.0838488 -0.09182683 -1.0632133
v -0.08380063 -0.0922461 -1.0636837
v -0.08390384 -0.09265399 -1.0632324
v -0.083758384 -0.09272982 -1.0642284
v -0.0838648 -0.09310144 -1.0637354
v -0.083733395 -0.09314837 -1.0647014
v -0.08384515 -0.09355382 -1.0642084
v -0.08396063 -0.09223067 -1.062721
v -0.0837351 -0.0953388 -1.0663329
v -0.083845325 -0.09557758 -1.0657153
v -0.08385126 -0.09614456 -1.0659628
v -0.08374337 -0.09589309 -1.0665449
v -0.08373955 -0.09653343 -1.0667881
v -0.08385114 -0.09674039 -1.0661682
v -0.08372465 -0.09708828 -1.0669975
v -0.08384423 -0.09733854 -1.0663247
v -0.083736114 -0.176553 -1.0665698
v -0.08853318 -0.09823582 -1.0587995
v -0.08913479 -0.09830822 -1.0586084
v -0.08913096 -0.09822124 -1.0585386
v -0.08853651 -0.09808476 -1.0587076
v -0.08857698 -0.09759576 -1.0583434
v -0.08913099 -0.097687826 -1.058185
v -0.09113622 -0.09830822 -1.0586084
v -0.09173782 -0.09823582 -1.0587995
v -0.09173449 -0.09808476 -1.0587076
v -0.09114005 -0.09822125 -1.0585386
v -0.09114001 -0.097687826 -1.058185
v -0.09169403 -0.097595766 -1.0583434
v -0.0849572 -0.09125373 -1.076973
v -0.08421902 -0.0919725 -1.0751013
v -0.08422188 -0.08743165 -1.0715878
v -0.08495475 -0.08621941 -1.073049
v -0.086001344 -0.097446896 -1.0608507
v -0.08685743 -0.09781038 -1.0599018
v -0.08684571 -0.09737118 -1.0595918
v -0.08600982 -0.09674169 -1.060354
v -0.08606345 -0.09628965 -1.059929
v -0.086864285 -0.09690665 -1.0592515
v -0.08611117 -0.09577347 -1.0594286
v -0.08691106 -0.09634823 -1.0588104
v -0.095312126 -0.09679328 -1.0625477
v -0.09605278 -0.09607751 -1.064412
v -0.096047945 -0.0944124 -1.0631741
v -0.09531898 -0.09562712 -1.0617094
v -0.0952985 -0.09516692 -1.0613232
v -0.09603112 -0.09394862 -1.062756
v -0.095246196 -0.094655156 -1.060815
v -0.095989086 -0.09346378 -1.062213
v -0.095175944 -0.094228655 -1.0603205
v -0.095933035 -0.0930871 -1.0616899
v -0.09533538 -0.09066064 -1.0576842
v -0.09485055 -0.092211224 -1.0575843
v -0.091736905 -0.08981102 -1.0807538
v -0.09113727 -0.08973355 -1.0809557
v -0.09113803 -0.08361696 -1.0761633
v -0.09173612 -0.08374851 -1.0760046
v -0.089133725 -0.08973355 -1.0809557
v -0.088534094 -0.08981102 -1.0807538
v -0.08853488 -0.08374851 -1.0760046
v -0.08913297 -0.08361696 -1.0761633
v -0.094267555 -0.090601645 -1.0786797
v -0.093416736 -0.090231836 -1.0796429
v -0.093419485 -0.08447726 -1.0751402
v -0.094264545 -0.08510124 -1.074388
v -0.09341357 -0.09781038 -1.0599018
v -0.09426966 -0.097446896 -1.0608507
v -0.094261184 -0.09674169 -1.060354
v -0.09342529 -0.09737118 -1.0595918
v -0.09340686 -0.09690671 -1.0592514
v -0.094207555 -0.09628965 -1.059929
v -0.093360096 -0.0963483 -1.0588102
v -0.09415983 -0.09577347 -1.0594286
v -0.08421823 -0.09607751 -1.064412
v -0.08495887 -0.09679328 -1.0625477
v -0.08495203 -0.09562714 -1.0617094
v -0.08422306 -0.0944124 -1.0631741
v -0.08423987 -0.09394862 -1.062756
v -0.08497289 -0.09516684 -1.0613233
v -0.0842819 -0.09346379 -1.062213
v -0.08502519 -0.09465508 -1.0608151
v -0.084337965 -0.09308711 -1.0616899
v -0.08509507 -0.094228655 -1.0603205
v -0.08542047 -0.092211224 -1.0575843
v -0.084935635 -0.09066064 -1.0576842
v -0.086854264 -0.090231836 -1.0796429
v -0.08600344 -0.090601645 -1.0786797
v -0.08600645 -0.08510124 -1.074388
v -0.086851515 -0.08447726 -1.0751402
v -0.086859144 -0.17655301 -1.0812179
v -0.08599865 -0.176553 -1.0801479
v -0.086034924 -0.09231802 -1.0793234
v -0.08682331 -0.091974 -1.0802201
v -0.08599865 -0.17716148 -1.0801479
v -0.08686213 -0.083268724 -1.0735538
v -0.086051516 -0.08387569 -1.0728251
v -0.0865985 -0.07708596 -1.0583091
v -0.087201774 -0.07636907 -1.0583385
v -0.091715924 -0.08254927 -1.0744514
v -0.09114103 -0.082420394 -1.0746052
v -0.09113129 -0.07508371 -1.0583373
v -0.09140786 -0.075180255 -1.0583347
v -0.09421948 -0.08387569 -1.0728251
v -0.09340887 -0.083268724 -1.0735538
v -0.09306925 -0.07636909 -1.0583385
v -0.093672514 -0.07708598 -1.0583091
v -0.09113994 -0.096620955 -1.057478
v -0.09162178 -0.096561246 -1.0575224
v -0.09150329 -0.095951974 -1.0571053
v -0.09113994 -0.096620955 -1.057478
v -0.09150329 -0.095951974 -1.0571053
v -0.09117547 -0.09612967 -1.0570056
v -0.08614021 -0.09533143 -1.0589868
v -0.08697367 -0.095845595 -1.0583863
v -0.0869964 -0.094825886 -1.0572883
v -0.08614021 -0.09533143 -1.0589868
v -0.0869964 -0.094825886 -1.0572883
v -0.08650935 -0.09404238 -1.0574213
v -0.085756175 -0.09499676 -1.0593842
v -0.08611784 -0.0934803 -1.057445
v -0.08498844 -0.08499783 -1.0714519
v -0.08428759 -0.08618007 -1.0700299
v -0.08499082 -0.08041562 -1.058189
v -0.08557471 -0.07887556 -1.0582563
v -0.085578375 -0.07868312 -1.0575812
v -0.0849809 -0.080283 -1.0575105
v -0.0856073 -0.078467585 -1.0568001
v -0.08499102 -0.080135696 -1.0567256
v -0.08565373 -0.07828663 -1.0561223
v -0.08501851 -0.08001311 -1.0560449
v -0.085018516 -0.08001311 -1.0322036
v -0.08565373 -0.07828663 -1.0322036
v -0.08422954 -0.08656771 -1.0705324
v -0.08494296 -0.08537669 -1.0719664
v -0.085578375 -0.07868312 -1.0575812
v -0.08586704 -0.07801636 -1.057581
v -0.0856073 -0.078467585 -1.0568001
v -0.08588479 -0.07783692 -1.0568577
v -0.08565373 -0.07828663 -1.0561223
v -0.085899845 -0.07775298 -1.0561453
v -0.08565373 -0.07828663 -1.0322036
v -0.08589618 -0.077751525 -1.0322036
v -0.085845925 -0.078285985 -1.0582854
v -0.08912997 -0.082420394 -1.0746052
v -0.088555075 -0.08254927 -1.0744514
v -0.08886315 -0.07518024 -1.0583347
v -0.08912997 -0.082420394 -1.0746052
v -0.08886315 -0.07518024 -1.0583347
v -0.089139715 -0.075083695 -1.0583373
v -0.09598341 -0.08618007 -1.0700299
v -0.09528257 -0.08499783 -1.0714518
v -0.0946963 -0.07887558 -1.0582563
v -0.095280185 -0.08041562 -1.058189
v -0.095328055 -0.08537669 -1.0719664
v -0.09604147 -0.08656771 -1.0705324
v -0.09529012 -0.080283 -1.0575105
v -0.09469265 -0.078683145 -1.0575812
v -0.09527998 -0.08013568 -1.0567256
v -0.094663724 -0.07846759 -1.0568001
v -0.0952525 -0.08001311 -1.0560449
v -0.09461728 -0.07828666 -1.0561223
v -0.09461728 -0.07828666 -1.0322036
v -0.0952525 -0.08001311 -1.0322036
v -0.09442508 -0.078286014 -1.0582854
v -0.09440397 -0.07801636 -1.057581
v -0.09469265 -0.078683145 -1.0575812
v -0.094386235 -0.07783693 -1.0568577
v -0.094663724 -0.07846759 -1.0568001
v -0.09461728 -0.07828666 -1.0561223
v -0.09437118 -0.077753 -1.0561453
v -0.09437484 -0.07775155 -1.0322036
v -0.09461728 -0.07828666 -1.0322036
v -0.09329734 -0.095845595 -1.0583863
v -0.09413079 -0.09533143 -1.0589868
v -0.09376166 -0.094042376 -1.0574213
v -0.09327461 -0.094825886 -1.0572883
v -0.09415317 -0.0934803 -1.057445
v -0.094514824 -0.09499676 -1.0593842
v -0.088649236 -0.096561246 -1.0575224
v -0.089131065 -0.096620955 -1.057478
v -0.08909554 -0.09612967 -1.0570056
v -0.08876771 -0.095951974 -1.0571053
v -0.08915423 -0.07464022 -1.0562862
v -0.08886458 -0.07474484 -1.0562816
v -0.08886458 -0.07474484 -1.0322036
v -0.08915424 -0.07464022 -1.0322036
v -0.095921226 -0.0858824 -1.0557818
v -0.095921226 -0.0858824 -1.0322036
v -0.09567231 -0.08815503 -1.0322036
v -0.09300206 -0.094102524 -1.0554137
v -0.09368265 -0.09327667 -1.0554507
v -0.09368265 -0.09327667 -1.0322036
v -0.09300206 -0.094102524 -1.0322036
v -0.08886458 -0.09520249 -1.0553648
v -0.08915423 -0.09530713 -1.0553601
v -0.08915423 -0.09530713 -1.0322036
v -0.08886458 -0.09520249 -1.0322036
v -0.08501851 -0.08993423 -1.0556003
v -0.08565373 -0.09166071 -1.0555229
v -0.08565373 -0.09166071 -1.0322036
v -0.085018516 -0.08993423 -1.0322036
v -0.08726895 -0.07584481 -1.0562319
v -0.08658836 -0.07667067 -1.0561949
v -0.08658836 -0.07667067 -1.0322036
v -0.08726895 -0.07584481 -1.0322036
v -0.09140643 -0.07474486 -1.0562816
v -0.09111677 -0.07464023 -1.0562862
v -0.09111678 -0.07464023 -1.0322036
v -0.09140643 -0.07474486 -1.0322036
v -0.09461728 -0.09166071 -1.0555229
v -0.0952525 -0.08993423 -1.0556003
v -0.0952525 -0.08993423 -1.0322036
v -0.09461728 -0.09166071 -1.0322036
v -0.09368265 -0.07667069 -1.0561949
v -0.09300206 -0.07584483 -1.0562319
v -0.09300206 -0.07584483 -1.0322036
v -0.09368265 -0.07667069 -1.0322036
v -0.09111677 -0.09530713 -1.0553601
v -0.09140643 -0.09520249 -1.0553648
v -0.09140643 -0.09520249 -1.0322036
v -0.09111678 -0.09530713 -1.0322036
v -0.08658836 -0.09327667 -1.0554507
v -0.08726894 -0.094102524 -1.0554137
v -0.08726894 -0.094102524 -1.0322036
v -0.08658836 -0.09327667 -1.0322036
v -0.08434978 -0.0858824 -1.0557818
v -0.084598705 -0.08815503 -1.0322036
v -0.08434978 -0.0858824 -1.0322036
v -0.096051976 -0.26295894 -1.0751013
v -0.09607829 -0.2624119 -1.0753264
v -0.096270196 -0.2621665 -1.0747602
v -0.0962485 -0.2627295 -1.0744991
v -0.09624718 -0.26710406 -1.0711149
v -0.096049115 -0.2674998 -1.0715878
v -0.096260644 -0.2675442 -1.0706248
v -0.09606551 -0.2679057 -1.0711026
v -0.0962485 -0.2627295 -1.0744991
v -0.096270196 -0.2621665 -1.0747602
v -0.09643065 -0.2619081 -1.0740883
v -0.09642569 -0.26245916 -1.073794
v -0.09642579 -0.2666417 -1.0705589
v -0.09624718 -0.26710406 -1.0711149
v -0.096260644 -0.2675442 -1.0706248
v -0.096420705 -0.26711348 -1.0701057
v -0.0964267 -0.26067173 -1.0743656
v -0.096430756 -0.2613041 -1.0742823
v -0.09626613 -0.26157048 -1.0749711
v -0.09623611 -0.26096746 -1.0751257
v -0.09625018 -0.17837848 -1.0755595
v -0.09642557 -0.17837848 -1.0747932
v -0.09642469 -0.17776997 -1.0748249
v -0.096262656 -0.17776997 -1.0755329
v -0.096262656 -0.17716148 -1.0755329
v -0.09642469 -0.17716148 -1.0748249
v -0.09642557 -0.17655297 -1.0747932
v -0.09625018 -0.17655297 -1.0755595
v -0.096236125 -0.09396398 -1.0751257
v -0.0964267 -0.09425972 -1.0743656
v -0.09643076 -0.09362736 -1.0742823
v -0.096266136 -0.09336098 -1.0749711
v -0.096025035 -0.2612236 -1.0757722
v -0.09623611 -0.26096746 -1.0751257
v -0.09626613 -0.26157048 -1.0749711
v -0.09606843 -0.2617768 -1.075572
v -0.09605563 -0.17837846 -1.0762134
v -0.09625018 -0.17837848 -1.0755595
v -0.096262656 -0.17776997 -1.0755329
v -0.09605563 -0.17776996 -1.0762134
v -0.09605563 -0.17716148 -1.0762134
v -0.096262656 -0.17716148 -1.0755329
v -0.09605563 -0.176553 -1.0762134
v -0.09625018 -0.17655297 -1.0755595
v -0.09602504 -0.09370784 -1.0757722
v -0.096236125 -0.09396398 -1.0751257
v -0.096266136 -0.09336098 -1.0749711
v -0.096068434 -0.09315467 -1.075572
v -0.09606843 -0.2617768 -1.075572
v -0.09626613 -0.26157048 -1.0749711
v -0.096270196 -0.2621665 -1.0747602
v -0.09607829 -0.2624119 -1.0753264
v -0.096270196 -0.2621665 -1.0747602
v -0.09626613 -0.26157048 -1.0749711
v -0.096430756 -0.2613041 -1.0742823
v -0.09643065 -0.2619081 -1.0740883
v -0.09534001 -0.2618934 -1.0775167
v -0.09536652 -0.26246214 -1.0773568
v -0.09504732 -0.26275176 -1.0780406
v -0.09504377 -0.26212192 -1.0781233
v -0.09504377 -0.26212192 -1.0781233
v -0.09504732 -0.26275176 -1.0780406
v -0.09468603 -0.26299 -1.0786495
v -0.09463983 -0.26238537 -1.0787845
v -0.094236076 -0.26261345 -1.0793234
v -0.09463983 -0.26238537 -1.0787845
v -0.09468603 -0.26299 -1.0786495
v -0.094298035 -0.2631681 -1.079161
v -0.094298035 -0.2631681 -1.079161
v -0.09468603 -0.26299 -1.0786495
v -0.09468993 -0.26358223 -1.0784405
v -0.094309546 -0.26379603 -1.0789255
v -0.094267555 -0.26432982 -1.0786797
v -0.094309546 -0.26379603 -1.0789255
v -0.09468993 -0.26358223 -1.0784405
v -0.09465214 -0.2641374 -1.0781643
v -0.09465214 -0.2641374 -1.0781643
v -0.09468993 -0.26358223 -1.0784405
v -0.09504462 -0.26335192 -1.0778431
v -0.09503495 -0.2638988 -1.0775399
v -0.0953138 -0.26367775 -1.076973
v -0.09503495 -0.2638988 -1.0775399
v -0.09504462 -0.26335192 -1.0778431
v -0.09535694 -0.26311514 -1.0771579
v -0.09535694 -0.26311514 -1.0771579
v -0.09504462 -0.26335192 -1.0778431
v -0.09504732 -0.26275176 -1.0780406
v -0.09536652 -0.26246214 -1.0773568
v -0.09504732 -0.26275176 -1.0780406
v -0.09504462 -0.26335192 -1.0778431
v -0.09468993 -0.26358223 -1.0784405
v -0.09468603 -0.26299 -1.0786495
v -0.09341673 -0.26469964 -1.0796429
v -0.09293922 -0.26487017 -1.0800619
v -0.09294739 -0.26433063 -1.0803814
v -0.09347847 -0.2641577 -1.0798676
v -0.09347847 -0.2641577 -1.0798676
v -0.09294739 -0.26433063 -1.0803814
v -0.09295227 -0.26373672 -1.0805844
v -0.093489796 -0.26352033 -1.0800788
v -0.093447685 -0.26295745 -1.0802201
v -0.093489796 -0.26352033 -1.0800788
v -0.09295227 -0.26373672 -1.0805844
v -0.09295388 -0.26311022 -1.0806626
v -0.09295388 -0.26311022 -1.0806626
v -0.09295227 -0.26373672 -1.0805844
v -0.0923698 -0.2638963 -1.0809823
v -0.09232514 -0.2632856 -1.0810814
v -0.09172852 -0.26343703 -1.0813651
v -0.09232514 -0.2632856 -1.0810814
v -0.0923698 -0.2638963 -1.0809823
v -0.09176423 -0.26399374 -1.0812601
v -0.09176423 -0.26399374 -1.0812601
v -0.0923698 -0.2638963 -1.0809823
v -0.09236949 -0.26448312 -1.0807756
v -0.09176729 -0.26460934 -1.0810364
v -0.0917369 -0.26512045 -1.0807538
v -0.09176729 -0.26460934 -1.0810364
v -0.09236949 -0.26448312 -1.0807756
v -0.092324935 -0.26502404 -1.080468
v -0.092324935 -0.26502404 -1.080468
v -0.09236949 -0.26448312 -1.0807756
v -0.09294739 -0.26433063 -1.0803814
v -0.09293922 -0.26487017 -1.0800619
v -0.09294739 -0.26433063 -1.0803814
v -0.09236949 -0.26448312 -1.0807756
v -0.0923698 -0.2638963 -1.0809823
v -0.09295227 -0.26373672 -1.0805844
v -0.09114559 -0.26351267 -1.0815628
v -0.091175996 -0.26407 -1.081459
v -0.09048615 -0.2641354 -1.0816026
v -0.09050469 -0.26351374 -1.0816798
v -0.09050469 -0.26351374 -1.0816798
v -0.09048615 -0.2641354 -1.0816026
v -0.08978484 -0.2641354 -1.0816026
v -0.089766294 -0.26351374 -1.0816798
v -0.089125395 -0.26351267 -1.0815628
v -0.089766294 -0.26351374 -1.0816798
v -0.08978484 -0.2641354 -1.0816026
v -0.089095 -0.26407 -1.081459
v -0.089095 -0.26407 -1.081459
v -0.08978484 -0.2641354 -1.0816026
v -0.08978587 -0.26472288 -1.0813935
v -0.089098044 -0.26468626 -1.0812371
v -0.08913372 -0.26519793 -1.0809557
v -0.089098044 -0.26468626 -1.0812371
v -0.08978587 -0.26472288 -1.0813935
v -0.089769416 -0.2652562 -1.0810603
v -0.089769416 -0.2652562 -1.0810603
v -0.08978587 -0.26472288 -1.0813935
v -0.09048511 -0.26472288 -1.0813935
v -0.09050156 -0.2652562 -1.0810603
v -0.09113725 -0.26519793 -1.0809557
v -0.09050156 -0.2652562 -1.0810603
v -0.09048511 -0.26472288 -1.0813935
v -0.09113725 -0.26519793 -1.0809557
v -0.09048511 -0.26472288 -1.0813935
v -0.09117295 -0.26468626 -1.0812371
v -0.09117295 -0.26468626 -1.0812371
v -0.09048511 -0.26472288 -1.0813935
v -0.09048615 -0.2641354 -1.0816026
v -0.091175996 -0.26407 -1.081459
v -0.09048615 -0.2641354 -1.0816026
v -0.09048511 -0.26472288 -1.0813935
v -0.08978587 -0.26472288 -1.0813935
v -0.08978484 -0.2641354 -1.0816026
v -0.08685426 -0.26469964 -1.0796429
v -0.086792514 -0.2641577 -1.0798676
v -0.087323576 -0.26433063 -1.0803814
v -0.08733176 -0.26487017 -1.0800619
v -0.08733176 -0.26487017 -1.0800619
v -0.087323576 -0.26433063 -1.0803814
v -0.0879015 -0.26448312 -1.0807756
v -0.08794605 -0.26502404 -1.080468
v -0.08853409 -0.26512045 -1.0807538
v -0.08794605 -0.26502404 -1.080468
v -0.0879015 -0.26448312 -1.0807756
v -0.08850368 -0.26460934 -1.0810364
v -0.08850368 -0.26460934 -1.0810364
v -0.0879015 -0.26448312 -1.0807756
v -0.08790119 -0.2638963 -1.0809823
v -0.08850675 -0.26399374 -1.0812601
v -0.08854247 -0.26343703 -1.0813651
v -0.08850675 -0.26399374 -1.0812601
v -0.08790119 -0.2638963 -1.0809823
v -0.08794584 -0.2632856 -1.0810814
v -0.08794584 -0.2632856 -1.0810814
v -0.08790119 -0.2638963 -1.0809823
v -0.08731871 -0.26373672 -1.0805844
v -0.08794584 -0.2632856 -1.0810814
v -0.08731871 -0.26373672 -1.0805844
v -0.0873171 -0.26311022 -1.0806626
v -0.0868233 -0.26295745 -1.0802201
v -0.0873171 -0.26311022 -1.0806626
v -0.08731871 -0.26373672 -1.0805844
v -0.0868233 -0.26295745 -1.0802201
v -0.08731871 -0.26373672 -1.0805844
v -0.0867812 -0.26352033 -1.0800788
v -0.0867812 -0.26352033 -1.0800788
v -0.08731871 -0.26373672 -1.0805844
v -0.087323576 -0.26433063 -1.0803814
v -0.0867812 -0.26352033 -1.0800788
v -0.087323576 -0.26433063 -1.0803814
v -0.086792514 -0.2641577 -1.0798676
v -0.087323576 -0.26433063 -1.0803814
v -0.08731871 -0.26373672 -1.0805844
v -0.08790119 -0.2638963 -1.0809823
v -0.087323576 -0.26433063 -1.0803814
v -0.08790119 -0.2638963 -1.0809823
v -0.0879015 -0.26448312 -1.0807756
v -0.08603491 -0.26261345 -1.0793234
v -0.08597295 -0.2631681 -1.079161
v -0.08558495 -0.26299 -1.0786495
v -0.08563115 -0.26238537 -1.0787845
v -0.08563115 -0.26238537 -1.0787845
v -0.08558495 -0.26299 -1.0786495
v -0.085223675 -0.26275176 -1.0780407
v -0.085227214 -0.26212192 -1.0781233
v -0.08493097 -0.2618934 -1.0775167
v -0.085227214 -0.26212192 -1.0781233
v -0.085223675 -0.26275176 -1.0780407
v -0.08490445 -0.26246214 -1.0773568
v -0.08490445 -0.26246214 -1.0773568
v -0.085223675 -0.26275176 -1.0780407
v -0.085226364 -0.26335195 -1.0778431
v -0.08491404 -0.26311514 -1.0771579
v -0.08495719 -0.26367775 -1.076973
v -0.08491404 -0.26311514 -1.0771579
v -0.085226364 -0.26335195 -1.0778431
v -0.085236035 -0.2638988 -1.0775399
v -0.085236035 -0.2638988 -1.0775399
v -0.085226364 -0.26335195 -1.0778431
v -0.08558104 -0.26358223 -1.0784405
v -0.08561885 -0.2641374 -1.0781643
v -0.08600342 -0.26432982 -1.0786797
v -0.08561885 -0.2641374 -1.0781643
v -0.08558104 -0.26358223 -1.0784405
v -0.085961424 -0.26379603 -1.0789255
v -0.085961424 -0.26379603 -1.0789255
v -0.08558104 -0.26358223 -1.0784405
v -0.08558495 -0.26299 -1.0786495
v -0.08597295 -0.2631681 -1.079161
v -0.08558495 -0.26299 -1.0786495
v -0.08558104 -0.26358223 -1.0784405
v -0.085226364 -0.26335195 -1.0778431
v -0.085223675 -0.26275176 -1.0780407
v -0.08421901 -0.26295894 -1.0751013
v -0.08402249 -0.2627295 -1.0744991
v -0.084000774 -0.2621665 -1.0747602
v -0.08419269 -0.2624119 -1.0753264
v -0.08422187 -0.2674998 -1.0715878
v -0.084023796 -0.2671041 -1.0711149
v -0.08401034 -0.26754424 -1.0706248
v -0.08420547 -0.2679057 -1.0711026
v -0.08419269 -0.2624119 -1.0753264
v -0.084000774 -0.2621665 -1.0747602
v -0.08400486 -0.26157048 -1.0749711
v -0.08420256 -0.2617768 -1.075572
v -0.08424595 -0.2612236 -1.0757722
v -0.08420256 -0.2617768 -1.075572
v -0.08400486 -0.26157048 -1.0749711
v -0.08403487 -0.26096746 -1.0751257
v -0.0840208 -0.17837848 -1.0755595
v -0.084215365 -0.17837846 -1.0762134
v -0.084008336 -0.17776997 -1.0755329
v -0.084215365 -0.17776996 -1.0762134
v -0.084008336 -0.17716146 -1.0755329
v -0.084215365 -0.17716148 -1.0762134
v -0.084215365 -0.176553 -1.0762134
v -0.0840208 -0.17655297 -1.0755595
v -0.08403488 -0.09396398 -1.0751257
v -0.08424596 -0.09370784 -1.0757722
v -0.084004864 -0.093360975 -1.0749711
v -0.084202565 -0.09315467 -1.075572
v -0.08403487 -0.26096746 -1.0751257
v -0.08400486 -0.26157048 -1.0749711
v -0.08384023 -0.2613041 -1.0742823
v -0.08384428 -0.26067173 -1.0743656
v -0.08384542 -0.17837848 -1.0747932
v -0.0840208 -0.17837848 -1.0755595
v -0.084008336 -0.17776997 -1.0755329
v -0.08384631 -0.17776997 -1.0748249
v -0.0838463 -0.17716146 -1.0748249
v -0.084008336 -0.17716146 -1.0755329
v -0.0840208 -0.17655297 -1.0755595
v -0.08384542 -0.17655297 -1.0747932
v -0.08384429 -0.094259724 -1.0743656
v -0.08403488 -0.09396398 -1.0751257
v -0.084004864 -0.093360975 -1.0749711
v -0.083840236 -0.093627356 -1.0742823
v -0.08384529 -0.26245916 -1.0737941
v -0.08384033 -0.2619081 -1.0740883
v -0.084000774 -0.2621665 -1.0747602
v -0.08402249 -0.2627295 -1.0744991
v -0.084023796 -0.2671041 -1.0711149
v -0.08384519 -0.2666417 -1.0705589
v -0.08385029 -0.26711348 -1.0701057
v -0.08401034 -0.26754424 -1.0706248
v -0.084000774 -0.2621665 -1.0747602
v -0.08384033 -0.2619081 -1.0740883
v -0.08384023 -0.2613041 -1.0742823
v -0.08400486 -0.26157048 -1.0749711
v -0.08341609 -0.2592797 -1.070738
v -0.08340464 -0.25988147 -1.070578
v -0.083412066 -0.25960955 -1.06987
v -0.08341609 -0.2589774 -1.0699509
v -0.083409764 -0.26021436 -1.0696797
v -0.083402336 -0.2604788 -1.0703682
v -0.08340949 -0.26076692 -1.0693905
v -0.08340949 -0.26104516 -1.070115
v -0.08340871 -0.17837846 -1.0699505
v -0.08340871 -0.17837846 -1.0707384
v -0.08340338 -0.17776996 -1.0707084
v -0.08340338 -0.17776996 -1.0699804
v -0.08340338 -0.17716148 -1.0707084
v -0.08340338 -0.17716148 -1.0699804
v -0.08340871 -0.176553 -1.0707384
v -0.08340871 -0.176553 -1.0699505
v -0.0834161 -0.09595404 -1.0699509
v -0.0834161 -0.09565177 -1.070738
v -0.083404645 -0.09505001 -1.070578
v -0.08341207 -0.09532191 -1.06987
v -0.083409764 -0.09471708 -1.0696797
v -0.08340234 -0.09445267 -1.0703682
v -0.083409496 -0.09388629 -1.070115
v -0.083409496 -0.09416453 -1.0693905
v -0.08341034 -0.09115938 -1.0670986
v -0.08341034 -0.09068346 -1.0676721
v -0.08341399 -0.09023938 -1.0671871
v -0.08341665 -0.0906665 -1.066676
v -0.08344383 -0.08980689 -1.0666653
v -0.08344655 -0.09023503 -1.0661528
v -0.083498575 -0.089404255 -1.0661291
v -0.083498895 -0.089882754 -1.0655501
v -0.08353834 -0.08899179 -1.0666331
v -0.08422805 -0.08513829 -1.0579748
v -0.08426676 -0.084479265 -1.0580112
v -0.08426918 -0.08490863 -1.0573096
v -0.08430387 -0.084278 -1.0574304
v -0.08429883 -0.08473859 -1.0565876
v -0.08433431 -0.08412598 -1.056645
v -0.08434978 -0.08406494 -1.0558633
v -0.08431581 -0.08464108 -1.0558374
v -0.084313355 -0.08464105 -1.0322036
v -0.08434978 -0.08406494 -1.0322036
v -0.084228 -0.08589926 -1.0579369
v -0.08427434 -0.085602865 -1.0572429
v -0.08426918 -0.08490863 -1.0573096
v -0.08422805 -0.08513829 -1.0579748
v -0.08430393 -0.085403584 -1.0565227
v -0.08429883 -0.08473859 -1.0565876
v -0.08431581 -0.08464108 -1.0558374
v -0.08431581 -0.085306264 -1.0558076
v -0.084313355 -0.0853063 -1.0322036
v -0.084313355 -0.08464105 -1.0322036
v -0.08421821 -0.25885397 -1.064412
v -0.084261894 -0.2582861 -1.0645833
v -0.084026285 -0.25853223 -1.0652986
v -0.08402213 -0.25908354 -1.0650123
v -0.084024355 -0.26091507 -1.0636494
v -0.08422305 -0.26051906 -1.0631741
v -0.08402775 -0.26141715 -1.0632364
v -0.08423987 -0.26098284 -1.062756
v -0.08406671 -0.26186478 -1.0627341
v -0.08428191 -0.26146767 -1.062213
v -0.084337965 -0.26184437 -1.0616899
v -0.08413963 -0.2622396 -1.0621635
v -0.08473978 -0.26491377 -1.0577124
v -0.08493561 -0.26427084 -1.0576842
v -0.083960615 -0.2627008 -1.062721
v -0.084561214 -0.26566383 -1.0577579
v -0.08473978 -0.26491377 -1.0577124
v -0.08402213 -0.25908354 -1.0650123
v -0.084026285 -0.25853223 -1.0652986
v -0.08385125 -0.2587869 -1.0659628
v -0.083845325 -0.25935385 -1.0657153
v -0.08385113 -0.25819108 -1.0661682
v -0.08403068 -0.2579307 -1.0654852
v -0.08384423 -0.25759292 -1.0663247
v -0.08403551 -0.25730395 -1.0655618
v -0.084020816 -0.17837848 -1.0651295
v -0.08384542 -0.17837848 -1.0658959
v -0.08384631 -0.17776997 -1.0658641
v -0.084008336 -0.17776997 -1.0651561
v -0.084008336 -0.17716146 -1.0651561
v -0.08384631 -0.17716146 -1.0658641
v -0.08384542 -0.17655297 -1.0658959
v -0.084020816 -0.17655297 -1.0651295
v -0.084035516 -0.097627506 -1.0655618
v -0.08384423 -0.09733854 -1.0663247
v -0.08385114 -0.09674039 -1.0661682
v -0.0840307 -0.097000785 -1.0654852
v -0.08385126 -0.09614456 -1.0659628
v -0.084026285 -0.09639921 -1.0652986
v -0.083845325 -0.09557758 -1.0657153
v -0.08402213 -0.09584793 -1.0650123
v -0.08402436 -0.094016396 -1.0636494
v -0.08384515 -0.09355382 -1.0642084
v -0.0838648 -0.09310144 -1.0637354
v -0.08402775 -0.09351431 -1.0632364
v -0.08390384 -0.09265399 -1.0632324
v -0.084066726 -0.09306667 -1.0627341
v -0.08396063 -0.09223067 -1.062721
v -0.08413964 -0.092691876 -1.0621635
v -0.0838488 -0.09182683 -1.0632133
v -0.08456122 -0.08926763 -1.0577579
v -0.084447704 -0.08861121 -1.0578083
v -0.08424733 -0.25705358 -1.0649129
v -0.08403551 -0.25730395 -1.0655618
v -0.08403068 -0.2579307 -1.0654852
v -0.08427255 -0.2576272 -1.0647666
v -0.084215365 -0.17837846 -1.0644758
v -0.084020816 -0.17837848 -1.0651295
v -0.084008336 -0.17776997 -1.0651561
v -0.084215365 -0.17776996 -1.0644758
v -0.084215365 -0.17716148 -1.0644758
v -0.084008336 -0.17716146 -1.0651561
v -0.084215365 -0.176553 -1.0644758
v -0.084020816 -0.17655297 -1.0651295
v -0.08424735 -0.09787785 -1.0649129
v -0.084035516 -0.097627506 -1.0655618
v -0.0840307 -0.097000785 -1.0654852
v -0.084272556 -0.097304255 -1.0647666
v -0.08427255 -0.2576272 -1.0647666
v -0.08403068 -0.2579307 -1.0654852
v -0.084026285 -0.25853223 -1.0652986
v -0.084261894 -0.2582861 -1.0645833
v -0.084928416 -0.2563875 -1.063178
v -0.08497175 -0.2569452 -1.0629903
v -0.085251555 -0.25676373 -1.0624232
v -0.08522634 -0.25617555 -1.0625678
v -0.08522634 -0.25617555 -1.0625678
v -0.085251555 -0.25676373 -1.0624232
v -0.08562434 -0.25654137 -1.0618316
v -0.085632294 -0.25593066 -1.0619031
v -0.08603788 -0.25571823 -1.0613613
v -0.085632294 -0.25593066 -1.0619031
v -0.08562434 -0.25654137 -1.0618316
v -0.08607641 -0.2562874 -1.0612402
v -0.08607641 -0.2562874 -1.0612402
v -0.08562434 -0.25654137 -1.0618316
v -0.08561981 -0.25713235 -1.0616481
v -0.08606304 -0.25693366 -1.0610534
v -0.086001344 -0.25748456 -1.0608507
v -0.08606304 -0.25693366 -1.0610534
v -0.08561981 -0.25713235 -1.0616481
v -0.085618034 -0.25767842 -1.0613625
v -0.085618034 -0.25767842 -1.0613625
v -0.08561981 -0.25713235 -1.0616481
v -0.0852547 -0.25735313 -1.062226
v -0.085236594 -0.25791758 -1.0619833
v -0.08495887 -0.25813818 -1.0625477
v -0.085236594 -0.25791758 -1.0619833
v -0.0852547 -0.25735313 -1.062226
v -0.0849829 -0.2575859 -1.0627596
v -0.0849829 -0.2575859 -1.0627596
v -0.0852547 -0.25735313 -1.062226
v -0.085251555 -0.25676373 -1.0624232
v -0.08497175 -0.2569452 -1.0629903
v -0.085251555 -0.25676373 -1.0624232
v -0.0852547 -0.25735313 -1.062226
v -0.08561981 -0.25713235 -1.0616481
v -0.08562434 -0.25654137 -1.0618316
v -0.086819425 -0.2553771 -1.0604718
v -0.08687981 -0.25593844 -1.0603305
v -0.08735609 -0.25581974 -1.0599073
v -0.08731527 -0.25525177 -1.0600278
v -0.08731527 -0.25525177 -1.0600278
v -0.08735609 -0.25581974 -1.0599073
v -0.08792756 -0.25568554 -1.0595382
v -0.08794578 -0.25510633 -1.0596075
v -0.08854346 -0.25497946 -1.0593222
v -0.08794578 -0.25510633 -1.0596075
v -0.08792756 -0.25568554 -1.0595382
v -0.088570766 -0.255542 -1.0592402
v -0.088570766 -0.255542 -1.0592402
v -0.08792756 -0.25568554 -1.0595382
v -0.08792795 -0.25625765 -1.0593596
v -0.088567 -0.25616965 -1.059049
v -0.08853318 -0.25669563 -1.0587995
v -0.088567 -0.25616965 -1.059049
v -0.08792795 -0.25625765 -1.0593596
v -0.08794605 -0.25679705 -1.0590798
v -0.08794605 -0.25679705 -1.0590798
v -0.08792795 -0.25625765 -1.0593596
v -0.08736206 -0.25639528 -1.0597231
v -0.087333255 -0.25695267 -1.0594828
v -0.08685743 -0.2571211 -1.0599018
v -0.087333255 -0.25695267 -1.0594828
v -0.08736206 -0.25639528 -1.0597231
v -0.086893715 -0.25657654 -1.060122
v -0.086893715 -0.25657654 -1.060122
v -0.08736206 -0.25639528 -1.0597231
v -0.08735609 -0.25581974 -1.0599073
v -0.08687981 -0.25593844 -1.0603305
v -0.08735609 -0.25581974 -1.0599073
v -0.08736206 -0.25639528 -1.0597231
v -0.08792795 -0.25625765 -1.0593596
v -0.08792756 -0.25568554 -1.0595382
v -0.089134775 -0.25662324 -1.0586084
v -0.08976982 -0.25657144 -1.0584979
v -0.08980596 -0.25602534 -1.0587504
v -0.089161344 -0.25609547 -1.0588543
v -0.089161344 -0.25609547 -1.0588543
v -0.08980596 -0.25602534 -1.0587504
v -0.08980468 -0.25546128 -1.0589232
v -0.08915752 -0.25546667 -1.0590433
v -0.08912432 -0.2549041 -1.0591251
v -0.08915752 -0.25546667 -1.0590433
v -0.08980468 -0.25546128 -1.0589232
v -0.08976589 -0.2549053 -1.0590091
v -0.08976589 -0.2549053 -1.0590091
v -0.08980468 -0.25546128 -1.0589232
v -0.090466306 -0.25546128 -1.0589232
v -0.0905051 -0.2549053 -1.0590091
v -0.091146655 -0.2549041 -1.0591251
v -0.0905051 -0.2549053 -1.0590091
v -0.090466306 -0.25546128 -1.0589232
v -0.09111347 -0.25546667 -1.0590433
v -0.09111347 -0.25546667 -1.0590433
v -0.090466306 -0.25546128 -1.0589232
v -0.09046502 -0.25602534 -1.0587504
v -0.09110965 -0.25609547 -1.0588543
v -0.0911362 -0.25662324 -1.0586084
v -0.09110965 -0.25609547 -1.0588543
v -0.09046502 -0.25602534 -1.0587504
v -0.09050117 -0.25657144 -1.0584979
v -0.09050117 -0.25657144 -1.0584979
v -0.09046502 -0.25602534 -1.0587504
v -0.08980596 -0.25602534 -1.0587504
v -0.08976982 -0.25657144 -1.0584979
v -0.08980596 -0.25602534 -1.0587504
v -0.09046502 -0.25602534 -1.0587504
v -0.090466306 -0.25546128 -1.0589232
v -0.08980468 -0.25546128 -1.0589232
v -0.09341356 -0.2571211 -1.0599018
v -0.09337726 -0.25657654 -1.060122
v -0.092908934 -0.25639528 -1.0597231
v -0.09293772 -0.25695267 -1.0594828
v -0.09293772 -0.25695267 -1.0594828
v -0.092908934 -0.25639528 -1.0597231
v -0.09234303 -0.25625765 -1.0593596
v -0.09232494 -0.2567971 -1.0590798
v -0.091737814 -0.25669563 -1.0587995
v -0.09232494 -0.2567971 -1.0590798
v -0.09234303 -0.25625765 -1.0593596
v -0.09170397 -0.25616965 -1.059049
v -0.09170397 -0.25616965 -1.059049
v -0.09234303 -0.25625765 -1.0593596
v -0.09234343 -0.25568554 -1.0595382
v -0.09170022 -0.255542 -1.0592402
v -0.09172753 -0.25497946 -1.0593222
v -0.09170022 -0.255542 -1.0592402
v -0.09234343 -0.25568554 -1.0595382
v -0.09232521 -0.25510633 -1.0596075
v -0.09232521 -0.25510633 -1.0596075
v -0.09234343 -0.25568554 -1.0595382
v -0.0929149 -0.25581974 -1.0599073
v -0.09295572 -0.25525177 -1.0600278
v -0.09345157 -0.2553771 -1.0604718
v -0.09295572 -0.25525177 -1.0600278
v -0.0929149 -0.25581974 -1.0599073
v -0.093391165 -0.25593844 -1.0603305
v -0.093391165 -0.25593844 -1.0603305
v -0.0929149 -0.25581974 -1.0599073
v -0.092908934 -0.25639528 -1.0597231
v -0.09337726 -0.25657654 -1.060122
v -0.092908934 -0.25639528 -1.0597231
v -0.0929149 -0.25581974 -1.0599073
v -0.09234343 -0.25568554 -1.0595382
v -0.09234303 -0.25625765 -1.0593596
v -0.09423311 -0.25571823 -1.0613613
v -0.09419458 -0.2562874 -1.0612402
v -0.09464664 -0.25654137 -1.0618316
v -0.0946387 -0.25593066 -1.0619031
v -0.0946387 -0.25593066 -1.0619031
v -0.09464664 -0.25654137 -1.0618316
v -0.09501942 -0.25676373 -1.0624232
v -0.09504466 -0.25617555 -1.0625678
v -0.09534258 -0.2563875 -1.063178
v -0.09504466 -0.25617555 -1.0625678
v -0.09501942 -0.25676373 -1.0624232
v -0.095299244 -0.2569452 -1.0629903
v -0.095299244 -0.2569452 -1.0629903
v -0.09501942 -0.25676373 -1.0624232
v -0.095016286 -0.2573531 -1.062226
v -0.09528808 -0.25758588 -1.0627596
v -0.09531212 -0.25813818 -1.0625477
v -0.09528808 -0.25758588 -1.0627596
v -0.095016286 -0.2573531 -1.062226
v -0.0950344 -0.25791758 -1.0619833
v -0.0950344 -0.25791758 -1.0619833
v -0.095016286 -0.2573531 -1.062226
v -0.09465117 -0.25713235 -1.0616481
v -0.094652966 -0.25767842 -1.0613625
v -0.09426965 -0.25748456 -1.0608507
v -0.094652966 -0.25767842 -1.0613625
v -0.09465117 -0.25713235 -1.0616481
v -0.09420795 -0.25693366 -1.0610534
v -0.09420795 -0.25693366 -1.0610534
v -0.09465117 -0.25713235 -1.0616481
v -0.09464664 -0.25654137 -1.0618316
v -0.09419458 -0.2562874 -1.0612402
v -0.09464664 -0.25654137 -1.0618316
v -0.09465117 -0.25713235 -1.0616481
v -0.095016286 -0.2573531 -1.062226
v -0.09501942 -0.25676373 -1.0624232
v -0.09602364 -0.25705358 -1.0649129
v -0.095998436 -0.25762722 -1.0647666
v -0.0962403 -0.2579307 -1.0654852
v -0.09623548 -0.25730395 -1.0655618
v -0.09625018 -0.17837848 -1.0651295
v -0.09605563 -0.17837846 -1.0644758
v -0.096262656 -0.17776997 -1.0651561
v -0.09605563 -0.17776996 -1.0644758
v -0.096262656 -0.17716146 -1.0651561
v -0.09605563 -0.17716148 -1.0644758
v -0.09605563 -0.176553 -1.0644758
v -0.09625018 -0.17655297 -1.0651295
v -0.096235484 -0.0976275 -1.0655618
v -0.096023664 -0.09787785 -1.0649129
v -0.0962403 -0.097000785 -1.0654852
v -0.09599844 -0.097304255 -1.0647666
v -0.09623548 -0.25730395 -1.0655618
v -0.0962403 -0.2579307 -1.0654852
v -0.096419856 -0.25819108 -1.0661682
v -0.09642676 -0.25759292 -1.0663247
v -0.09641973 -0.25878692 -1.0659628
v -0.09624469 -0.25853226 -1.0652986
v -0.09642567 -0.25935385 -1.0657153
v -0.096248865 -0.25908354 -1.0650123
v -0.09642557 -0.17837848 -1.0658959
v -0.09625018 -0.17837848 -1.0651295
v -0.096262656 -0.17776997 -1.0651561
v -0.09642469 -0.17776997 -1.0658641
v -0.096262656 -0.17716146 -1.0651561
v -0.09642469 -0.17716146 -1.0658641
v -0.09625018 -0.17655297 -1.0651295
v -0.09642557 -0.17655297 -1.0658959
v -0.09624663 -0.26091507 -1.0636494
v -0.09642584 -0.26137766 -1.0642084
v -0.09640619 -0.26183003 -1.0637354
v -0.09624324 -0.26141715 -1.0632364
v -0.096204266 -0.26186478 -1.0627341
v -0.09636715 -0.26227748 -1.0632324
v -0.09631036 -0.2627008 -1.062721
v -0.096131355 -0.2622396 -1.0621635
v -0.09642677 -0.09733854 -1.0663247
v -0.096235484 -0.0976275 -1.0655618
v -0.0962403 -0.097000785 -1.0654852
v -0.096419856 -0.09674038 -1.0661682
v -0.096419744 -0.09614456 -1.0659628
v -0.09624471 -0.09639922 -1.0652986
v -0.09624887 -0.09584793 -1.0650123
v -0.096425675 -0.09557758 -1.0657153
v -0.096425846 -0.09355381 -1.0642084
v -0.09624664 -0.094016396 -1.0636494
v -0.09624324 -0.0935143 -1.0632364
v -0.0964062 -0.09310144 -1.0637354
v -0.09620428 -0.09306666 -1.0627341
v -0.09636716 -0.09265399 -1.0632324
v -0.09613136 -0.09269187 -1.0621635
v -0.09631038 -0.09223067 -1.062721
v -0.0964222 -0.09182683 -1.0632133
v -0.0958233 -0.08861121 -1.0578083
v -0.09570978 -0.08926763 -1.0577579
v -0.096052766 -0.25885397 -1.064412
v -0.096248865 -0.25908354 -1.0650123
v -0.09624469 -0.25853226 -1.0652986
v -0.0960091 -0.2582861 -1.0645833
v -0.09604793 -0.26051906 -1.0631741
v -0.09624663 -0.26091507 -1.0636494
v -0.09624324 -0.26141715 -1.0632364
v -0.09603113 -0.26098284 -1.062756
v -0.09598909 -0.26146767 -1.062213
v -0.096204266 -0.26186478 -1.0627341
v -0.09593303 -0.26184437 -1.0616899
v -0.096131355 -0.2622396 -1.0621635
v -0.095335364 -0.26427084 -1.0576842
v -0.0955312 -0.26491377 -1.0577124
v -0.09631036 -0.2627008 -1.062721
v -0.0955312 -0.26491377 -1.0577124
v -0.09570978 -0.26566383 -1.0577579
v -0.0960091 -0.2582861 -1.0645833
v -0.09624469 -0.25853226 -1.0652986
v -0.0962403 -0.2579307 -1.0654852
v -0.095998436 -0.25762722 -1.0647666
v -0.0968549 -0.2589774 -1.0699509
v -0.096858926 -0.25960955 -1.06987
v -0.09686635 -0.25988147 -1.070578
v -0.0968549 -0.2592797 -1.070738
v -0.09686122 -0.2602144 -1.0696797
v -0.09686865 -0.2604788 -1.0703682
v -0.096861504 -0.26104516 -1.070115
v -0.096861504 -0.26076692 -1.0693905
v -0.09686066 -0.26377207 -1.0670986
v -0.09686066 -0.264248 -1.0676721
v -0.09685701 -0.26469207 -1.0671871
v -0.096854344 -0.26426497 -1.066676
v -0.09682717 -0.26512453 -1.0666653
v -0.096824445 -0.26469642 -1.0661529
v -0.09677242 -0.2655272 -1.0661291
v -0.096772105 -0.2650487 -1.0655501
v -0.09686229 -0.17837846 -1.0707384
v -0.096867606 -0.17776996 -1.0707084
v -0.096867606 -0.17776996 -1.0699804
v -0.09686229 -0.17837846 -1.0699505
v -0.096867606 -0.17716148 -1.0699804
v -0.096867606 -0.17716148 -1.0707084
v -0.09686229 -0.176553 -1.0699505
v -0.09686229 -0.176553 -1.0707384
v -0.0968549 -0.09565177 -1.070738
v -0.0968549 -0.09595404 -1.0699509
v -0.096858926 -0.09532191 -1.06987
v -0.09686635 -0.09505 -1.070578
v -0.09686866 -0.094452664 -1.0703682
v -0.09686123 -0.09471709 -1.0696797
v -0.09686151 -0.09416452 -1.0693905
v -0.09686151 -0.09388629 -1.070115
v -0.09686066 -0.09068346 -1.0676721
v -0.09686068 -0.09115938 -1.0670986
v -0.09685426 -0.0906665 -1.066676
v -0.09685701 -0.09023937 -1.0671871
v -0.09682437 -0.09023503 -1.0661529
v -0.09682717 -0.0898069 -1.0666653
v -0.096772105 -0.089882754 -1.0655501
v -0.09677243 -0.089404255 -1.0661291
v -0.09604295 -0.08513829 -1.0579748
v -0.09604301 -0.08589926 -1.0579369
v -0.09599656 -0.08560287 -1.0572429
v -0.096000716 -0.08490877 -1.0573096
v -0.095966965 -0.08540359 -1.0565227
v -0.095971055 -0.08473874 -1.0565876
v -0.09595521 -0.085306264 -1.0558076
v -0.09595521 -0.08464108 -1.0558374
v -0.09595766 -0.08464105 -1.0322036
v -0.09595766 -0.0853063 -1.0322036
v -0.09606551 -0.2679057 -1.0711026
v -0.096260644 -0.2675442 -1.0706248
v -0.096238986 -0.26796764 -1.0700933
v -0.096041456 -0.26836374 -1.0705324
v -0.09532803 -0.26955476 -1.0719664
v -0.09534036 -0.2691077 -1.0725509
v -0.0959834 -0.26875135 -1.0700299
v -0.096041456 -0.26836374 -1.0705324
v -0.096238986 -0.26796764 -1.0700933
v -0.09618306 -0.26835674 -1.069543
v -0.095472716 -0.2738859 -1.0581642
v -0.09528018 -0.27451584 -1.058189
v -0.095465526 -0.27408823 -1.0574535
v -0.0952901 -0.27464846 -1.0575105
v -0.09544864 -0.27424994 -1.0567284
v -0.09527998 -0.27479574 -1.0567256
v -0.09525249 -0.27491835 -1.0560449
v -0.09542326 -0.27436084 -1.0560195
v -0.09542596 -0.27436134 -1.0322036
v -0.09525249 -0.27491835 -1.0322036
v -0.09618306 -0.26835674 -1.069543
v -0.096238986 -0.26796764 -1.0700933
v -0.09639962 -0.2675357 -1.0695709
v -0.09636351 -0.2678904 -1.0689769
v -0.095472716 -0.2738859 -1.0581642
v -0.095465526 -0.27408823 -1.0574535
v -0.09560898 -0.27346975 -1.0573918
v -0.09558601 -0.27365667 -1.0566671
v -0.09544864 -0.27424994 -1.0567284
v -0.09542326 -0.27436084 -1.0560195
v -0.0955769 -0.27370968 -1.0559903
v -0.095579624 -0.27371013 -1.0322036
v -0.09542596 -0.27436134 -1.0322036
v -0.096420705 -0.26711348 -1.0701057
v -0.09639962 -0.2675357 -1.0695709
v -0.096238986 -0.26796764 -1.0700933
v -0.096260644 -0.2675442 -1.0706248
v -0.095282555 -0.26993364 -1.0714519
v -0.09499799 -0.27031392 -1.0719011
v -0.09502222 -0.26996845 -1.0725051
v -0.09532803 -0.26955476 -1.0719664
v -0.09532803 -0.26955476 -1.0719664
v -0.09502222 -0.26996845 -1.0725051
v -0.095035024 -0.2695518 -1.0730451
v -0.09534036 -0.2691077 -1.0725509
v -0.095316224 -0.26871207 -1.073049
v -0.09534036 -0.2691077 -1.0725509
v -0.095035024 -0.2695518 -1.0730451
v -0.09503576 -0.26908103 -1.0734996
v -0.09503576 -0.26908103 -1.0734996
v -0.095035024 -0.2695518 -1.0730451
v -0.094682254 -0.26993555 -1.0735072
v -0.09465095 -0.26949015 -1.0739895
v -0.09426454 -0.26983023 -1.074388
v -0.09465095 -0.26949015 -1.0739895
v -0.094682254 -0.26993555 -1.0735072
v -0.09429769 -0.27024373 -1.0739186
v -0.09429769 -0.27024373 -1.0739186
v -0.094682254 -0.26993555 -1.0735072
v -0.09466813 -0.27035257 -1.0729712
v -0.094281204 -0.27069214 -1.0733467
v -0.094219476 -0.2710558 -1.0728251
v -0.094281204 -0.27069214 -1.0733467
v -0.09466813 -0.27035257 -1.0729712
v -0.094609 -0.2707245 -1.0724036
v -0.094609 -0.2707245 -1.0724036
v -0.09466813 -0.27035257 -1.0729712
v -0.09502222 -0.26996845 -1.0725051
v -0.09499799 -0.27031392 -1.0719011
v -0.094425075 -0.27664545 -1.0582854
v -0.09405045 -0.2773003 -1.0583047
v -0.09407382 -0.27750653 -1.0576028
v -0.09440396 -0.2769151 -1.057581
v -0.09502222 -0.26996845 -1.0725051
v -0.09466813 -0.27035257 -1.0729712
v -0.094682254 -0.26993555 -1.0735072
v -0.095035024 -0.2695518 -1.0730451
v -0.09340887 -0.27166274 -1.0735538
v -0.09292519 -0.27195024 -1.0738754
v -0.09293416 -0.27161244 -1.074489
v -0.09345835 -0.27130368 -1.0740823
v -0.09345835 -0.27130368 -1.0740823
v -0.09293416 -0.27161244 -1.074489
v -0.09293934 -0.27119786 -1.075031
v -0.09346223 -0.2708615 -1.0746628
v -0.09341947 -0.27045423 -1.0751402
v -0.09346223 -0.2708615 -1.0746628
v -0.09293934 -0.27119786 -1.075031
v -0.09294052 -0.27072242 -1.075481
v -0.09294052 -0.27072242 -1.075481
v -0.09293934 -0.27119786 -1.075031
v -0.09236409 -0.27145147 -1.0753357
v -0.09294052 -0.27072242 -1.075481
v -0.09236409 -0.27145147 -1.0753357
v -0.092324935 -0.2709889 -1.0757972
v -0.09173612 -0.27118298 -1.0760046
v -0.092324935 -0.2709889 -1.0757972
v -0.09236409 -0.27145147 -1.0753357
v -0.091758646 -0.27161366 -1.0755664
v -0.091758646 -0.27161366 -1.0755664
v -0.09236409 -0.27145147 -1.0753357
v -0.092357785 -0.2718648 -1.0747977
v -0.091751255 -0.2720523 -1.0749983
v -0.09171592 -0.2723822 -1.0744514
v -0.091751255 -0.2720523 -1.0749983
v -0.092357785 -0.2718648 -1.0747977
v -0.09230608 -0.27221334 -1.0742037
v -0.09230608 -0.27221334 -1.0742037
v -0.092357785 -0.2718648 -1.0747977
v -0.09293416 -0.27161244 -1.074489
v -0.09292519 -0.27195024 -1.0738754
v -0.09293416 -0.27161244 -1.074489
v -0.092357785 -0.2718648 -1.0747977
v -0.09236409 -0.27145147 -1.0753357
v -0.09293934 -0.27119786 -1.075031
v -0.08913297 -0.2713145 -1.0761633
v -0.08976914 -0.27137244 -1.0762674
v -0.08978759 -0.27185175 -1.0758209
v -0.08913297 -0.2713145 -1.0761633
v -0.08978759 -0.27185175 -1.0758209
v -0.089103304 -0.27174386 -1.0757233
v -0.089103304 -0.27174386 -1.0757233
v -0.08978759 -0.27185175 -1.0758209
v -0.089787215 -0.27226645 -1.0752797
v -0.089102216 -0.2721815 -1.0751534
v -0.08912997 -0.27251107 -1.0746052
v -0.089102216 -0.2721815 -1.0751534
v -0.089787215 -0.27226645 -1.0752797
v -0.089768015 -0.27260146 -1.0746628
v -0.089768015 -0.27260146 -1.0746628
v -0.089787215 -0.27226645 -1.0752797
v -0.09048378 -0.27226645 -1.0752797
v -0.09050298 -0.27260146 -1.0746628
v -0.09114102 -0.27251107 -1.0746052
v -0.09050298 -0.27260146 -1.0746628
v -0.09048378 -0.27226645 -1.0752797
v -0.091168776 -0.2721815 -1.0751534
v -0.091168776 -0.2721815 -1.0751534
v -0.09048378 -0.27226645 -1.0752797
v -0.090483405 -0.27185175 -1.0758209
v -0.091167666 -0.27174386 -1.0757233
v -0.09113802 -0.2713145 -1.0761633
v -0.091167666 -0.27174386 -1.0757233
v -0.090483405 -0.27185175 -1.0758209
v -0.09050184 -0.27137244 -1.0762674
v -0.09050184 -0.27137244 -1.0762674
v -0.090483405 -0.27185175 -1.0758209
v -0.08978759 -0.27185175 -1.0758209
v -0.08976914 -0.27137244 -1.0762674
v -0.08978759 -0.27185175 -1.0758209
v -0.090483405 -0.27185175 -1.0758209
v -0.09048378 -0.27226645 -1.0752797
v -0.089787215 -0.27226645 -1.0752797
v -0.08853487 -0.27118295 -1.0760046
v -0.08851233 -0.27161363 -1.0755664
v -0.08790688 -0.27145144 -1.0753357
v -0.08794605 -0.27098888 -1.0757972
v -0.08794605 -0.27098888 -1.0757972
v -0.08790688 -0.27145144 -1.0753357
v -0.087331645 -0.27119786 -1.075031
v -0.08733046 -0.2707224 -1.075481
v -0.08685151 -0.27045423 -1.0751402
v -0.08733046 -0.2707224 -1.075481
v -0.087331645 -0.27119786 -1.075031
v -0.08680876 -0.2708615 -1.0746628
v -0.08680876 -0.2708615 -1.0746628
v -0.087331645 -0.27119786 -1.075031
v -0.08733682 -0.27161244 -1.074489
v -0.086812645 -0.27130368 -1.0740823
v -0.086862125 -0.27166274 -1.0735538
v -0.086812645 -0.27130368 -1.0740823
v -0.08733682 -0.27161244 -1.074489
v -0.08734579 -0.27195024 -1.0738754
v -0.08734579 -0.27195024 -1.0738754
v -0.08733682 -0.27161244 -1.074489
v -0.087913185 -0.2718648 -1.0747977
v -0.08796491 -0.27221334 -1.0742037
v -0.08855507 -0.2723822 -1.0744514
v -0.08796491 -0.27221334 -1.0742037
v -0.087913185 -0.2718648 -1.0747977
v -0.08851972 -0.27205226 -1.0749983
v -0.08851972 -0.27205226 -1.0749983
v -0.087913185 -0.2718648 -1.0747977
v -0.08790688 -0.27145144 -1.0753357
v -0.08851233 -0.27161363 -1.0755664
v -0.08790688 -0.27145144 -1.0753357
v -0.087913185 -0.2718648 -1.0747977
v -0.08733682 -0.27161244 -1.074489
v -0.087331645 -0.27119786 -1.075031
v -0.08605151 -0.2710558 -1.0728251
v -0.085661985 -0.2707245 -1.0724036
v -0.08560286 -0.27035257 -1.0729712
v -0.08598979 -0.27069214 -1.0733467
v -0.08598979 -0.27069214 -1.0733467
v -0.08560286 -0.27035257 -1.0729712
v -0.08558874 -0.26993555 -1.0735073
v -0.0859733 -0.27024373 -1.0739186
v -0.08600645 -0.26983023 -1.074388
v -0.0859733 -0.27024373 -1.0739186
v -0.08558874 -0.26993555 -1.0735073
v -0.08600645 -0.26983023 -1.074388
v -0.08558874 -0.26993555 -1.0735073
v -0.08562004 -0.26949015 -1.0739895
v -0.08562004 -0.26949015 -1.0739895
v -0.08558874 -0.26993555 -1.0735073
v -0.08523595 -0.26955178 -1.0730451
v -0.08562004 -0.26949015 -1.0739895
v -0.08523595 -0.26955178 -1.0730451
v -0.08523523 -0.26908103 -1.0734996
v -0.08495475 -0.26871207 -1.073049
v -0.08523523 -0.26908103 -1.0734996
v -0.08523595 -0.26955178 -1.0730451
v -0.08493063 -0.2691077 -1.0725509
v -0.08493063 -0.2691077 -1.0725509
v -0.08523595 -0.26955178 -1.0730451
v -0.085248776 -0.26996845 -1.0725051
v -0.08494295 -0.2695548 -1.0719664
v -0.08498843 -0.26993364 -1.0714519
v -0.08494295 -0.2695548 -1.0719664
v -0.085248776 -0.26996845 -1.0725051
v -0.08498843 -0.26993364 -1.0714519
v -0.085248776 -0.26996845 -1.0725051
v -0.085273005 -0.27031392 -1.0719011
v -0.085273005 -0.27031392 -1.0719011
v -0.085248776 -0.26996845 -1.0725051
v -0.08560286 -0.27035257 -1.0729712
v -0.085661985 -0.2707245 -1.0724036
v -0.08622054 -0.2773003 -1.0583047
v -0.085845925 -0.27664545 -1.0582854
v -0.08586703 -0.2769151 -1.057581
v -0.08560286 -0.27035257 -1.0729712
v -0.085248776 -0.26996845 -1.0725051
v -0.08523595 -0.26955178 -1.0730451
v -0.08558874 -0.26993555 -1.0735073
v -0.08428759 -0.26875135 -1.0700299
v -0.08408793 -0.26835674 -1.069543
v -0.08403201 -0.26796764 -1.0700933
v -0.08422952 -0.26836374 -1.0705324
v -0.084990814 -0.27451584 -1.058189
v -0.08479828 -0.2738859 -1.0581642
v -0.0848055 -0.2740882 -1.0574535
v -0.08498089 -0.27464846 -1.0575105
v -0.08499102 -0.27479574 -1.0567256
v -0.08482239 -0.27424994 -1.0567284
v -0.0850185 -0.27491835 -1.0560449
v -0.08484773 -0.27436084 -1.0560195
v -0.0850185 -0.27491835 -1.0322036
v -0.084845036 -0.27436134 -1.0322036
v -0.08422952 -0.26836374 -1.0705324
v -0.08403201 -0.26796764 -1.0700933
v -0.08401034 -0.26754424 -1.0706248
v -0.08420547 -0.2679057 -1.0711026
v -0.08493063 -0.2691077 -1.0725509
v -0.08494295 -0.2695548 -1.0719664
v -0.08403201 -0.26796764 -1.0700933
v -0.08387137 -0.2675357 -1.0695709
v -0.08385029 -0.26711348 -1.0701057
v -0.08401034 -0.26754424 -1.0706248
v -0.08349889 -0.2650487 -1.0655501
v -0.08344662 -0.26469645 -1.0661529
v -0.08344383 -0.26512453 -1.0666653
v -0.08349856 -0.2655272 -1.0661291
v -0.08341673 -0.26426497 -1.066676
v -0.08341399 -0.26469207 -1.0671871
v -0.083410315 -0.264248 -1.0676721
v -0.083410315 -0.2637721 -1.0670986
v -0.084228046 -0.26979315 -1.0579747
v -0.08422799 -0.26903218 -1.0579368
v -0.08427444 -0.2693286 -1.0572429
v -0.08427028 -0.27002266 -1.0573096
v -0.084299944 -0.2701927 -1.0565876
v -0.084304035 -0.26952785 -1.0565227
v -0.08431579 -0.2696252 -1.0558076
v -0.08431579 -0.27029037 -1.0558374
v -0.08431334 -0.2702904 -1.0322036
v -0.08431334 -0.26962516 -1.0322036
v -0.08413963 -0.2622396 -1.0621635
v -0.08406671 -0.26186478 -1.0627341
v -0.083903834 -0.26227748 -1.0632324
v -0.083960615 -0.2627008 -1.062721
v -0.08402775 -0.26141715 -1.0632364
v -0.0838648 -0.26183003 -1.0637354
v -0.08384515 -0.26137763 -1.0642084
v -0.084024355 -0.26091507 -1.0636494
v -0.0838488 -0.26310462 -1.0632133
v -0.0844477 -0.26632023 -1.0578083
v -0.084561214 -0.26566383 -1.0577579
v -0.08495203 -0.25930434 -1.0617094
v -0.08497249 -0.25976455 -1.0613232
v -0.08526214 -0.2594097 -1.0608257
v -0.08523433 -0.25893724 -1.0612527
v -0.085024804 -0.26027632 -1.060815
v -0.08530914 -0.25988346 -1.0603592
v -0.08509506 -0.2607028 -1.0603205
v -0.08537375 -0.26033822 -1.0598724
v -0.085236594 -0.25791758 -1.0619833
v -0.08495887 -0.25813818 -1.0625477
v -0.08523433 -0.25893724 -1.0612527
v -0.08526214 -0.2594097 -1.0608257
v -0.08563014 -0.259031 -1.060355
v -0.08562137 -0.25852942 -1.0607568
v -0.08567577 -0.25950617 -1.0598907
v -0.08530914 -0.25988346 -1.0603592
v -0.08575617 -0.2599347 -1.0593842
v -0.08537375 -0.26033822 -1.0598724
v -0.085618034 -0.25767842 -1.0613625
v -0.085236594 -0.25791758 -1.0619833
v -0.086009815 -0.25818977 -1.060354
v -0.08562137 -0.25852942 -1.0607568
v -0.08563014 -0.259031 -1.060355
v -0.086001344 -0.25748456 -1.0608507
v -0.085618034 -0.25767842 -1.0613625
v -0.086009815 -0.25818977 -1.060354
v -0.08563014 -0.259031 -1.060355
v -0.08606344 -0.2586418 -1.059929
v -0.08567577 -0.25950617 -1.0598907
v -0.08606344 -0.2586418 -1.059929
v -0.08567577 -0.25950617 -1.0598907
v -0.086111166 -0.259158 -1.0594286
v -0.0861402 -0.25960004 -1.0589868
v -0.08575617 -0.2599347 -1.0593842
v -0.08537375 -0.26033822 -1.0598724
v -0.08571936 -0.26212126 -1.0575048
v -0.08611783 -0.26145115 -1.057445
v -0.0868457 -0.25756028 -1.0595918
v -0.08686413 -0.25802475 -1.0592514
v -0.08736165 -0.2577814 -1.0588611
v -0.08732773 -0.25730053 -1.0592421
v -0.086910896 -0.25858316 -1.0588102
v -0.08740307 -0.25829622 -1.0584565
v -0.08697365 -0.25908586 -1.0583863
v -0.087450825 -0.258823 -1.0580453
v -0.08732773 -0.25730053 -1.0592421
v -0.08736165 -0.2577814 -1.0588611
v -0.087939754 -0.2575493 -1.0585542
v -0.08794604 -0.25703958 -1.0589188
v -0.08797957 -0.25806394 -1.0581518
v -0.08740307 -0.25829622 -1.0584565
v -0.08806355 -0.2585613 -1.0577295
v -0.087450825 -0.258823 -1.0580453
v -0.0885365 -0.2568467 -1.0587076
v -0.08794604 -0.25703958 -1.0589188
v -0.087939754 -0.2575493 -1.0585542
v -0.08857697 -0.2573357 -1.0583434
v -0.08797957 -0.25806394 -1.0581518
v -0.08861823 -0.25789332 -1.0579096
v -0.08853318 -0.25669563 -1.0587995
v -0.08794605 -0.25679705 -1.0590798
v -0.08864922 -0.25837022 -1.0575224
v -0.08861823 -0.25789332 -1.0579096
v -0.08797957 -0.25806394 -1.0581518
v -0.08806355 -0.2585613 -1.0577295
v -0.089130946 -0.25671023 -1.0585386
v -0.089132786 -0.25724393 -1.0581856
v -0.08980024 -0.2571705 -1.058081
v -0.08913102 -0.25777707 -1.0578315
v -0.08980112 -0.25770432 -1.0577286
v -0.08913106 -0.2583105 -1.057478
v -0.08976504 -0.25825801 -1.057367
v -0.08861823 -0.25789332 -1.0579096
v -0.08864922 -0.25837022 -1.0575224
v -0.089130946 -0.25671023 -1.0585386
v -0.08980024 -0.2571705 -1.058081
v -0.08976838 -0.25665995 -1.0584314
v -0.08976838 -0.25665995 -1.0584314
v -0.08980024 -0.2571705 -1.058081
v -0.09047074 -0.2571705 -1.058081
v -0.0905089 -0.2566566 -1.0584241
v -0.09046988 -0.25770432 -1.0577286
v -0.08980112 -0.25770432 -1.0577286
v -0.09050257 -0.25825986 -1.0573709
v -0.08976504 -0.25825801 -1.057367
v -0.09114004 -0.25671023 -1.0585386
v -0.0905089 -0.2566566 -1.0584241
v -0.09047074 -0.2571705 -1.058081
v -0.09114001 -0.25724363 -1.058185
v -0.09046988 -0.25770432 -1.0577286
v -0.09113633 -0.25777763 -1.0578326
v -0.091139935 -0.2583105 -1.057478
v -0.09050257 -0.25825986 -1.0573709
v -0.09162176 -0.25837022 -1.0575224
v -0.09342529 -0.25756028 -1.0595918
v -0.09294326 -0.25730053 -1.0592421
v -0.092909284 -0.25778142 -1.0588611
v -0.09340671 -0.2580248 -1.0592515
v -0.092867866 -0.25829628 -1.0584565
v -0.09335993 -0.25858322 -1.0588104
v -0.093297325 -0.25908586 -1.0583863
v -0.09282017 -0.258823 -1.0580453
v -0.09341356 -0.2571211 -1.0599018
v -0.09293772 -0.25695267 -1.0594828
v -0.09282017 -0.258823 -1.0580453
v -0.092867866 -0.25829628 -1.0584565
v -0.09229141 -0.25806397 -1.0581518
v -0.09220744 -0.2585613 -1.0577295
v -0.092909284 -0.25778142 -1.0588611
v -0.092331216 -0.2575493 -1.0585542
v -0.09232495 -0.25703958 -1.0589188
v -0.09294326 -0.25730053 -1.0592421
v -0.09293772 -0.25695267 -1.0594828
v -0.09232494 -0.2567971 -1.0590798
v -0.09162176 -0.25837022 -1.0575224
v -0.09220744 -0.2585613 -1.0577295
v -0.09229141 -0.25806397 -1.0581518
v -0.09165275 -0.25789332 -1.0579096
v -0.092331216 -0.2575493 -1.0585542
v -0.09169402 -0.2573357 -1.0583434
v -0.09173449 -0.2568467 -1.0587076
v -0.09232495 -0.25703958 -1.0589188
v -0.09232494 -0.2567971 -1.0590798
v -0.091737814 -0.25669563 -1.0587995
v -0.09426118 -0.25818977 -1.060354
v -0.094207555 -0.2586418 -1.059929
v -0.094640836 -0.259031 -1.060355
v -0.09464962 -0.25852942 -1.0607568
v -0.09415982 -0.259158 -1.0594286
v -0.09459521 -0.25950617 -1.0598907
v -0.094130784 -0.25960004 -1.0589868
v -0.094514824 -0.2599347 -1.0593842
v -0.094652966 -0.25767842 -1.0613625
v -0.09426965 -0.25748456 -1.0608507
v -0.09489724 -0.26033822 -1.0598724
v -0.094153166 -0.26145115 -1.057445
v -0.09455163 -0.26212126 -1.0575048
v -0.09464962 -0.25852942 -1.0607568
v -0.094640836 -0.259031 -1.060355
v -0.09500871 -0.25940973 -1.0608258
v -0.095036656 -0.25893724 -1.0612527
v -0.09496172 -0.2598835 -1.0603592
v -0.09459521 -0.25950617 -1.0598907
v -0.09489724 -0.26033822 -1.0598724
v -0.094514824 -0.2599347 -1.0593842
v -0.0950344 -0.25791758 -1.0619833
v -0.094652966 -0.25767842 -1.0613625
v -0.09531897 -0.25930434 -1.0617094
v -0.095036656 -0.25893724 -1.0612527
v -0.09500871 -0.25940973 -1.0608258
v -0.095298104 -0.2597646 -1.0613233
v -0.09496172 -0.2598835 -1.0603592
v -0.09524581 -0.26027638 -1.0608151
v -0.09517593 -0.26070282 -1.0603205
v -0.09489724 -0.26033822 -1.0598724
v -0.09531212 -0.25813818 -1.0625477
v -0.0950344 -0.25791758 -1.0619833
v -0.09677242 -0.2655272 -1.0661291
v -0.0956723 -0.27313912 -1.0559651
v -0.0955769 -0.27370968 -1.0559903
v -0.09558601 -0.27365667 -1.0566671
v -0.09568393 -0.27304852 -1.0565544
v -0.09560898 -0.27346975 -1.0573918
v -0.09571359 -0.27281755 -1.057337
v -0.09564599 -0.27315027 -1.058133
v -0.0956723 -0.27313912 -1.0322036
v -0.095579624 -0.27371013 -1.0322036
v -0.0936725 -0.2778455 -1.0583091
v -0.09405045 -0.2773003 -1.0583047
v -0.09407382 -0.27750653 -1.0576028
v -0.09371596 -0.2780013 -1.0576457
v -0.09371596 -0.2780013 -1.0576457
v -0.09407382 -0.27750653 -1.0576028
v -0.09406626 -0.2776661 -1.0568818
v -0.09371967 -0.27815327 -1.056872
v -0.09368264 -0.27826077 -1.0561949
v -0.09371967 -0.27815327 -1.056872
v -0.09406626 -0.2776661 -1.0568818
v -0.094029166 -0.2777698 -1.0561718
v -0.094032735 -0.2777714 -1.0322036
v -0.09368264 -0.27826077 -1.0322036
v -0.094029166 -0.2777698 -1.0561718
v -0.09406626 -0.2776661 -1.0568818
v -0.09438621 -0.27709454 -1.0568577
v -0.09437116 -0.27717847 -1.0561453
v -0.09407382 -0.27750653 -1.0576028
v -0.09440396 -0.2769151 -1.057581
v -0.09438621 -0.27709454 -1.0568577
v -0.09406626 -0.2776661 -1.0568818
v -0.09140785 -0.2797512 -1.0583347
v -0.09199307 -0.27943414 -1.0583731
v -0.09202814 -0.27966896 -1.0576838
v -0.09143864 -0.27995223 -1.0577024
v -0.09143864 -0.27995223 -1.0577024
v -0.09202814 -0.27966896 -1.0576838
v -0.09202171 -0.2798282 -1.0569721
v -0.09143812 -0.2801115 -1.0569514
v -0.09140641 -0.2801866 -1.0562816
v -0.09143812 -0.2801115 -1.0569514
v -0.09202171 -0.2798282 -1.0569721
v -0.09197516 -0.27990448 -1.0562658
v -0.09197516 -0.27990448 -1.0562658
v -0.09202171 -0.2798282 -1.0569721
v -0.09257141 -0.27943462 -1.0569576
v -0.0925586 -0.2795023 -1.0562476
v -0.09300205 -0.27908665 -1.0562319
v -0.0925586 -0.2795023 -1.0562476
v -0.09257141 -0.27943462 -1.0569576
v -0.09306504 -0.27894545 -1.056907
v -0.09306504 -0.27894545 -1.056907
v -0.09257141 -0.27943462 -1.0569576
v -0.09258542 -0.27926514 -1.0576756
v -0.09308962 -0.27875358 -1.057678
v -0.093069226 -0.27856237 -1.0583385
v -0.09308962 -0.27875358 -1.057678
v -0.09258542 -0.27926514 -1.0576756
v -0.09260065 -0.2789994 -1.0583745
v -0.09260065 -0.2789994 -1.0583745
v -0.09258542 -0.27926514 -1.0576756
v -0.09202814 -0.27966896 -1.0576838
v -0.09199307 -0.27943414 -1.0583731
v -0.09202814 -0.27966896 -1.0576838
v -0.09258542 -0.27926514 -1.0576756
v -0.09257141 -0.27943462 -1.0569576
v -0.09202171 -0.2798282 -1.0569721
v -0.09111676 -0.28029123 -1.0562862
v -0.09049385 -0.28041232 -1.0562862
v -0.09047818 -0.28036213 -1.0569936
v -0.091152854 -0.28021404 -1.0569557
v -0.091152854 -0.28021404 -1.0569557
v -0.09047818 -0.28036213 -1.0569936
v -0.09047999 -0.28020468 -1.0577065
v -0.09115818 -0.28005183 -1.057706
v -0.09113129 -0.27984774 -1.0583373
v -0.09115818 -0.28005183 -1.057706
v -0.09047999 -0.28020468 -1.0577065
v -0.09049931 -0.27994505 -1.0583993
v -0.09049931 -0.27994505 -1.0583993
v -0.09047999 -0.28020468 -1.0577065
v -0.08979101 -0.28020468 -1.0577065
v -0.08977168 -0.27994505 -1.0583993
v -0.0891397 -0.27984774 -1.0583373
v -0.08977168 -0.27994505 -1.0583993
v -0.08979101 -0.28020468 -1.0577065
v -0.08911281 -0.28005183 -1.057706
v -0.08911281 -0.28005183 -1.057706
v -0.08979101 -0.28020468 -1.0577065
v -0.08979281 -0.28036213 -1.0569936
v -0.08911812 -0.28021404 -1.0569557
v -0.08915422 -0.28029123 -1.0562862
v -0.08911812 -0.28021404 -1.0569557
v -0.08979281 -0.28036213 -1.0569936
v -0.08977714 -0.28041232 -1.0562862
v -0.08977714 -0.28041232 -1.0562862
v -0.08979281 -0.28036213 -1.0569936
v -0.09047818 -0.28036213 -1.0569936
v -0.08977714 -0.28041232 -1.0562862
v -0.09047818 -0.28036213 -1.0569936
v -0.09049385 -0.28041232 -1.0562862
v -0.09047818 -0.28036213 -1.0569936
v -0.08979281 -0.28036213 -1.0569936
v -0.08979101 -0.28020468 -1.0577065
v -0.09047999 -0.28020468 -1.0577065
v -0.08886458 -0.2801866 -1.0562816
v -0.08829583 -0.27990448 -1.0562658
v -0.08824928 -0.27982816 -1.0569721
v -0.08883287 -0.28011152 -1.0569514
v -0.08883287 -0.28011152 -1.0569514
v -0.08824928 -0.27982816 -1.0569721
v -0.08824285 -0.279669 -1.0576838
v -0.08883235 -0.27995223 -1.0577023
v -0.08886315 -0.2797512 -1.0583346
v -0.08883235 -0.27995223 -1.0577023
v -0.08824285 -0.279669 -1.0576838
v -0.08827793 -0.27943414 -1.0583731
v -0.08827793 -0.27943414 -1.0583731
v -0.08824285 -0.279669 -1.0576838
v -0.08768557 -0.27926517 -1.0576756
v -0.08767034 -0.2789994 -1.0583745
v -0.08720175 -0.27856237 -1.0583385
v -0.08767034 -0.2789994 -1.0583745
v -0.08768557 -0.27926517 -1.0576756
v -0.087181374 -0.27875358 -1.057678
v -0.087181374 -0.27875358 -1.057678
v -0.08768557 -0.27926517 -1.0576756
v -0.087699585 -0.27943462 -1.0569576
v -0.08720596 -0.27894545 -1.0569072
v -0.08726894 -0.27908665 -1.0562319
v -0.08720596 -0.27894545 -1.0569072
v -0.087699585 -0.27943462 -1.0569576
v -0.08771239 -0.2795023 -1.0562476
v -0.08771239 -0.2795023 -1.0562476
v -0.087699585 -0.27943462 -1.0569576
v -0.08824928 -0.27982816 -1.0569721
v -0.08829583 -0.27990448 -1.0562658
v -0.08824928 -0.27982816 -1.0569721
v -0.087699585 -0.27943462 -1.0569576
v -0.08768557 -0.27926517 -1.0576756
v -0.08824285 -0.279669 -1.0576838
v -0.08658835 -0.27826077 -1.0561949
v -0.086241834 -0.2777698 -1.0561718
v -0.086204715 -0.2776661 -1.0568818
v -0.08655132 -0.27815324 -1.056872
v -0.08658835 -0.27826077 -1.0322036
v -0.08655132 -0.27815324 -1.056872
v -0.086204715 -0.2776661 -1.0568818
v -0.08619717 -0.27750653 -1.0576028
v -0.08655502 -0.2780013 -1.0576457
v -0.08659848 -0.2778455 -1.0583091
v -0.08655502 -0.2780013 -1.0576457
v -0.08619717 -0.27750653 -1.0576028
v -0.08622054 -0.2773003 -1.0583047
v -0.08622054 -0.2773003 -1.0583047
v -0.08619717 -0.27750653 -1.0576028
v -0.08586703 -0.2769151 -1.057581
v -0.08557835 -0.27624834 -1.0575812
v -0.08586703 -0.2769151 -1.057581
v -0.08588477 -0.27709454 -1.0568577
v -0.085607275 -0.27646387 -1.0568001
v -0.08565372 -0.27664483 -1.0561223
v -0.08589983 -0.27717847 -1.0561453
v -0.08589983 -0.27717847 -1.0561453
v -0.08588477 -0.27709454 -1.0568577
v -0.086204715 -0.2776661 -1.0568818
v -0.086241834 -0.2777698 -1.0561718
v -0.086204715 -0.2776661 -1.0568818
v -0.08588477 -0.27709454 -1.0568577
v -0.08586703 -0.2769151 -1.057581
v -0.08619717 -0.27750653 -1.0576028
v -0.08462501 -0.2731503 -1.058133
v -0.08466235 -0.27346972 -1.0573918
v -0.08455833 -0.27281743 -1.057337
v -0.0846853 -0.27365664 -1.0566671
v -0.08458799 -0.27304843 -1.0565544
v -0.08459869 -0.27313912 -1.0559651
v -0.084694095 -0.27370968 -1.0559903
v -0.08469137 -0.27371013 -1.0322036
v -0.08459869 -0.27313912 -1.0322036
v -0.084349774 -0.2708665 -1.0558633
v -0.08431579 -0.27029037 -1.0558374
v -0.084299944 -0.2701927 -1.0565876
v -0.08433745 -0.27080506 -1.056645
v -0.08427028 -0.27002266 -1.0573096
v -0.084307 -0.27065307 -1.0574304
v -0.084266745 -0.2704522 -1.0580112
v -0.084228046 -0.26979315 -1.0579747
v -0.08353833 -0.26593965 -1.0666331
v -0.08434978 -0.2708665 -1.0322036
v -0.08431334 -0.2702904 -1.0322036
v -0.08493561 -0.26427084 -1.0576842
v -0.08473978 -0.26491377 -1.0577124
v -0.0848005 -0.26523244 -1.0570377
v -0.08501636 -0.26451555 -1.0570328
v -0.085562244 -0.26291266 -1.0569453
v -0.08542045 -0.26272023 -1.0575843
v -0.08501636 -0.26451555 -1.0570328
v -0.0848005 -0.26523244 -1.0570377
v -0.08483724 -0.26544783 -1.0563318
v -0.08504669 -0.26478136 -1.0562702
v -0.0850185 -0.26499724 -1.0556003
v -0.08504669 -0.26478136 -1.0562702
v -0.08483724 -0.26544783 -1.0563318
v -0.08484773 -0.26555473 -1.0556256
v -0.08484773 -0.26555473 -1.0556256
v -0.08483724 -0.26544783 -1.0563318
v -0.08468118 -0.26607597 -1.0563617
v -0.084694095 -0.26620588 -1.0556548
v -0.08459869 -0.26677644 -1.0556799
v -0.084694095 -0.26620588 -1.0556548
v -0.08468118 -0.26607597 -1.0563617
v -0.08458485 -0.26663446 -1.056358
v -0.08458485 -0.26663446 -1.056358
v -0.08468118 -0.26607597 -1.0563617
v -0.084636636 -0.2658914 -1.0570729
v -0.08452958 -0.26646748 -1.0571369
v -0.0844477 -0.26632023 -1.0578083
v -0.08452958 -0.26646748 -1.0571369
v -0.084636636 -0.2658914 -1.0570729
v -0.084561214 -0.26566383 -1.0577579
v -0.084561214 -0.26566383 -1.0577579
v -0.084636636 -0.2658914 -1.0570729
v -0.0848005 -0.26523244 -1.0570377
v -0.08473978 -0.26491377 -1.0577124
v -0.0848005 -0.26523244 -1.0570377
v -0.084636636 -0.2658914 -1.0570729
v -0.08468118 -0.26607597 -1.0563617
v -0.08483724 -0.26544783 -1.0563318
v -0.08565372 -0.26327077 -1.0555229
v -0.08589984 -0.2627371 -1.0555
v -0.08589289 -0.2625975 -1.0561951
v -0.08564759 -0.26311406 -1.0561912
v -0.08564759 -0.26311406 -1.0561912
v -0.08589289 -0.2625975 -1.0561951
v -0.085832536 -0.2623883 -1.0568728
v -0.085562244 -0.26291266 -1.0569453
v -0.08542045 -0.26272023 -1.0575843
v -0.085562244 -0.26291266 -1.0569453
v -0.085832536 -0.2623883 -1.0568728
v -0.08571936 -0.26212126 -1.0575048
v -0.08571936 -0.26212126 -1.0575048
v -0.085832536 -0.2623883 -1.0568728
v -0.08618772 -0.26180303 -1.0568326
v -0.08611783 -0.26145115 -1.057445
v -0.08650934 -0.26088908 -1.0574213
v -0.08611783 -0.26145115 -1.057445
v -0.08618772 -0.26180303 -1.0568326
v -0.08661581 -0.26118028 -1.0568261
v -0.08661581 -0.26118028 -1.0568261
v -0.08618772 -0.26180303 -1.0568326
v -0.08623042 -0.26203677 -1.0561656
v -0.08661581 -0.26118028 -1.0568261
v -0.08623042 -0.26203677 -1.0561656
v -0.086644694 -0.26146027 -1.0561055
v -0.08658836 -0.2616548 -1.0554507
v -0.086644694 -0.26146027 -1.0561055
v -0.08623042 -0.26203677 -1.0561656
v -0.08658836 -0.2616548 -1.0554507
v -0.08623042 -0.26203677 -1.0561656
v -0.086241834 -0.2621458 -1.0554736
v -0.086241834 -0.2621458 -1.0554736
v -0.08623042 -0.26203677 -1.0561656
v -0.08589289 -0.2625975 -1.0561951
v -0.08589984 -0.2627371 -1.0555
v -0.08589289 -0.2625975 -1.0561951
v -0.08623042 -0.26203677 -1.0561656
v -0.08618772 -0.26180303 -1.0568326
v -0.085832536 -0.2623883 -1.0568728
v -0.0869964 -0.26010558 -1.0572883
v -0.08718266 -0.26039404 -1.0567405
v -0.087653875 -0.2600302 -1.0566636
v -0.08752415 -0.25971603 -1.0571724
v -0.08752415 -0.25971603 -1.0571724
v -0.087653875 -0.2600302 -1.0566636
v -0.08821931 -0.25967005 -1.0566244
v -0.088172175 -0.25930408 -1.0571055
v -0.0887677 -0.2589795 -1.0571053
v -0.088172175 -0.25930408 -1.0571055
v -0.08821931 -0.25967005 -1.0566244
v -0.0887677 -0.2589795 -1.0571053
v -0.08821931 -0.25967005 -1.0566244
v -0.08885536 -0.25933093 -1.0566247
v -0.08885536 -0.25933093 -1.0566247
v -0.08821931 -0.25967005 -1.0566244
v -0.0882623 -0.25990903 -1.056041
v -0.08889071 -0.25960442 -1.0559895
v -0.089196935 -0.25948498 -1.055971
v -0.08917554 -0.2591851 -1.0565709
v -0.08886457 -0.25972897 -1.0553648
v -0.08889071 -0.25960442 -1.0559895
v -0.0882623 -0.25990903 -1.056041
v -0.08829583 -0.26001108 -1.0553803
v -0.08829583 -0.26001108 -1.0553803
v -0.0882623 -0.25990903 -1.056041
v -0.08771726 -0.26026636 -1.0560642
v -0.08771239 -0.2604133 -1.0553982
v -0.08726894 -0.26082894 -1.0554137
v -0.08771239 -0.2604133 -1.0553982
v -0.08771726 -0.26026636 -1.0560642
v -0.08728225 -0.26065832 -1.0560555
v -0.08728225 -0.26065832 -1.0560555
v -0.08771726 -0.26026636 -1.0560642
v -0.087653875 -0.2600302 -1.0566636
v -0.08718266 -0.26039404 -1.0567405
v -0.087653875 -0.2600302 -1.0566636
v -0.08771726 -0.26026636 -1.0560642
v -0.0882623 -0.25990903 -1.056041
v -0.087653875 -0.2600302 -1.0566636
v -0.0882623 -0.25990903 -1.056041
v -0.08821931 -0.25967005 -1.0566244
v -0.08915422 -0.25962433 -1.0553601
v -0.08977714 -0.25950325 -1.0553601
v -0.089817315 -0.25936976 -1.0559998
v -0.089196935 -0.25948498 -1.055971
v -0.089196935 -0.25948498 -1.055971
v -0.089817315 -0.25936976 -1.0559998
v -0.0898101 -0.2591207 -1.056532
v -0.08917554 -0.2591851 -1.0565709
v -0.08909553 -0.2588018 -1.0570056
v -0.08917554 -0.2591851 -1.0565709
v -0.0898101 -0.2591207 -1.056532
v -0.08975507 -0.25876904 -1.0569363
v -0.08975507 -0.25876904 -1.0569363
v -0.0898101 -0.2591207 -1.056532
v -0.09046089 -0.2591207 -1.056532
v -0.09051592 -0.25876904 -1.0569363
v -0.09117547 -0.2588018 -1.0570056
v -0.09051592 -0.25876904 -1.0569363
v -0.09046089 -0.2591207 -1.056532
v -0.091095455 -0.25918514 -1.0565709
v -0.091095455 -0.25918514 -1.0565709
v -0.09046089 -0.2591207 -1.056532
v -0.09045367 -0.2593698 -1.0559998
v -0.09107406 -0.25948498 -1.055971
v -0.09111676 -0.25962433 -1.0553601
v -0.09107406 -0.25948498 -1.055971
v -0.09045367 -0.2593698 -1.0559998
v -0.09049385 -0.25950325 -1.0553601
v -0.09049385 -0.25950325 -1.0553601
v -0.09045367 -0.2593698 -1.0559998
v -0.089817315 -0.25936976 -1.0559998
v -0.08977714 -0.25950325 -1.0553601
v -0.089817315 -0.25936976 -1.0559998
v -0.09045367 -0.2593698 -1.0559998
v -0.09046089 -0.2591207 -1.056532
v -0.0898101 -0.2591207 -1.056532
v -0.0932746 -0.26010558 -1.0572883
v -0.09274683 -0.25971603 -1.0571724
v -0.09261712 -0.2600302 -1.0566636
v -0.09308833 -0.26039404 -1.0567405
v -0.09308833 -0.26039404 -1.0567405
v -0.09261712 -0.2600302 -1.0566636
v -0.092553735 -0.26026636 -1.0560642
v -0.092988744 -0.26065832 -1.0560555
v -0.09300205 -0.26082894 -1.0554137
v -0.092988744 -0.26065832 -1.0560555
v -0.092553735 -0.26026636 -1.0560642
v -0.0925586 -0.2604133 -1.0553982
v -0.0925586 -0.2604133 -1.0553982
v -0.092553735 -0.26026636 -1.0560642
v -0.092008695 -0.25990903 -1.056041
v -0.09197516 -0.26001108 -1.0553803
v -0.09140642 -0.25972897 -1.0553648
v -0.09197516 -0.26001108 -1.0553803
v -0.092008695 -0.25990903 -1.056041
v -0.09138027 -0.25960442 -1.0559895
v -0.09138027 -0.25960442 -1.0559895
v -0.092008695 -0.25990903 -1.056041
v -0.092051685 -0.25967005 -1.0566244
v -0.09141562 -0.25933093 -1.0566247
v -0.091095455 -0.25918514 -1.0565709
v -0.09107406 -0.25948498 -1.055971
v -0.09150329 -0.2589795 -1.0571053
v -0.09141562 -0.25933093 -1.0566247
v -0.092051685 -0.25967005 -1.0566244
v -0.09209882 -0.25930408 -1.0571055
v -0.09209882 -0.25930408 -1.0571055
v -0.092051685 -0.25967005 -1.0566244
v -0.09261712 -0.2600302 -1.0566636
v -0.09209882 -0.25930408 -1.0571055
v -0.09261712 -0.2600302 -1.0566636
v -0.09274683 -0.25971603 -1.0571724
v -0.09261712 -0.2600302 -1.0566636
v -0.092051685 -0.25967005 -1.0566244
v -0.092008695 -0.25990903 -1.056041
v -0.092553735 -0.26026636 -1.0560642
v -0.09368264 -0.2616548 -1.0554507
v -0.094029166 -0.2621458 -1.0554736
v -0.09404058 -0.26203677 -1.0561656
v -0.0936263 -0.26146027 -1.0561055
v -0.0936263 -0.26146027 -1.0561055
v -0.09404058 -0.26203677 -1.0561656
v -0.09408327 -0.26180306 -1.0568326
v -0.09365519 -0.26118028 -1.0568261
v -0.09376165 -0.26088908 -1.0574213
v -0.09365519 -0.26118028 -1.0568261
v -0.09408327 -0.26180306 -1.0568326
v -0.094153166 -0.26145115 -1.057445
v -0.094153166 -0.26145115 -1.057445
v -0.09408327 -0.26180306 -1.0568326
v -0.09443846 -0.2623883 -1.0568728
v -0.09455163 -0.26212126 -1.0575048
v -0.09485054 -0.26272023 -1.0575843
v -0.09455163 -0.26212126 -1.0575048
v -0.09443846 -0.2623883 -1.0568728
v -0.09470875 -0.26291266 -1.0569453
v -0.09470875 -0.26291266 -1.0569453
v -0.09443846 -0.2623883 -1.0568728
v -0.09437811 -0.2625975 -1.0561951
v -0.0946234 -0.26311406 -1.0561912
v -0.09461728 -0.26327077 -1.0555229
v -0.0946234 -0.26311406 -1.0561912
v -0.09437811 -0.2625975 -1.0561951
v -0.09437116 -0.2627371 -1.0555
v -0.09437116 -0.2627371 -1.0555
v -0.09437811 -0.2625975 -1.0561951
v -0.09404058 -0.26203677 -1.0561656
v -0.094029166 -0.2621458 -1.0554736
v -0.09404058 -0.26203677 -1.0561656
v -0.09437811 -0.2625975 -1.0561951
v -0.09443846 -0.2623883 -1.0568728
v -0.09408327 -0.26180306 -1.0568326
v -0.0958233 -0.26632023 -1.0578083
v -0.09570978 -0.26566383 -1.0577579
v -0.095634356 -0.2658914 -1.0570729
v -0.09574141 -0.2664675 -1.0571369
v -0.09574141 -0.2664675 -1.0571369
v -0.095634356 -0.2658914 -1.0570729
v -0.09558981 -0.26607597 -1.0563617
v -0.095686145 -0.26663446 -1.056358
v -0.0956723 -0.26677644 -1.0556799
v -0.095686145 -0.26663446 -1.056358
v -0.09558981 -0.26607597 -1.0563617
v -0.0955769 -0.26620588 -1.0556548
v -0.0955769 -0.26620588 -1.0556548
v -0.09558981 -0.26607597 -1.0563617
v -0.09543375 -0.26544783 -1.0563318
v -0.09542326 -0.26555473 -1.0556256
v -0.09525249 -0.26499724 -1.0556003
v -0.09542326 -0.26555473 -1.0556256
v -0.09543375 -0.26544783 -1.0563318
v -0.0952243 -0.26478136 -1.0562702
v -0.0952243 -0.26478136 -1.0562702
v -0.09543375 -0.26544783 -1.0563318
v -0.095470496 -0.26523247 -1.0570377
v -0.09525463 -0.26451555 -1.0570328
v -0.095335364 -0.26427084 -1.0576842
v -0.09525463 -0.26451555 -1.0570328
v -0.095470496 -0.26523247 -1.0570377
v -0.0955312 -0.26491377 -1.0577124
v -0.09485054 -0.26272023 -1.0575843
v -0.09470875 -0.26291266 -1.0569453
v -0.0955312 -0.26491377 -1.0577124
v -0.095470496 -0.26523247 -1.0570377
v -0.095634356 -0.2658914 -1.0570729
v -0.09570978 -0.26566383 -1.0577579
v -0.095634356 -0.2658914 -1.0570729
v -0.095470496 -0.26523247 -1.0570377
v -0.09543375 -0.26544783 -1.0563318
v -0.09558981 -0.26607597 -1.0563617
v -0.096043006 -0.26903218 -1.0579369
v -0.09599666 -0.2693286 -1.0572429
v -0.096001826 -0.27002284 -1.0573096
v -0.096042946 -0.26979315 -1.0579748
v -0.09596707 -0.26952785 -1.0565227
v -0.09597217 -0.27019286 -1.0565876
v -0.0959552 -0.27029037 -1.0558374
v -0.0959552 -0.2696252 -1.0558076
v -0.09595765 -0.26962516 -1.0322036
v -0.09595765 -0.2702904 -1.0322036
v -0.096042946 -0.26979315 -1.0579748
v -0.09673266 -0.26593965 -1.0666331
v -0.09600425 -0.2704522 -1.0580112
v -0.096001826 -0.27002284 -1.0573096
v -0.09596714 -0.27065346 -1.0574304
v -0.09597217 -0.27019286 -1.0565876
v -0.095936686 -0.27080545 -1.056645
v -0.09592122 -0.2708665 -1.0558633
v -0.0959552 -0.27029037 -1.0558374
v -0.09595765 -0.2702904 -1.0322036
v -0.09592122 -0.2708665 -1.0322036
v -0.09605198 -0.0919725 -1.0751013
v -0.09624851 -0.09220196 -1.0744991
v -0.09627022 -0.09276497 -1.0747602
v -0.09607831 -0.092519574 -1.0753264
v -0.09604912 -0.08743165 -1.0715878
v -0.096247196 -0.087827384 -1.0711149
v -0.09626065 -0.08738723 -1.0706248
v -0.09606552 -0.087025754 -1.0711026
v -0.09607831 -0.092519574 -1.0753264
v -0.09627022 -0.09276497 -1.0747602
v -0.096266136 -0.09336098 -1.0749711
v -0.096068434 -0.09315467 -1.075572
v -0.096545845 -0.09451596 -1.0736954
v -0.0964267 -0.09425972 -1.0743656
v -0.09643076 -0.09362736 -1.0742823
v -0.096554495 -0.09394358 -1.0735316
v -0.09643066 -0.09302334 -1.0740883
v -0.096536174 -0.092711225 -1.0731747
v -0.096425705 -0.09247229 -1.073794
v -0.09653488 -0.176553 -1.0741192
v -0.09642581 -0.088289745 -1.0705589
v -0.096537195 -0.088695094 -1.0700685
v -0.09642071 -0.08781799 -1.0701057
v -0.09653783 -0.08830007 -1.069567
v -0.09639963 -0.08739578 -1.0695709
v -0.0965156 -0.08784594 -1.0689867
v -0.09647647 -0.087454334 -1.068483
v -0.096363515 -0.08704104 -1.0689769
v -0.09564599 -0.081781164 -1.058133
v -0.09575363 -0.08242567 -1.0581039
v -0.09560866 -0.08146172 -1.0573918
v -0.09571266 -0.082113996 -1.057337
v -0.0955857 -0.08127479 -1.0566671
v -0.09568301 -0.08188302 -1.0565544
v -0.09567231 -0.08179232 -1.0559651
v -0.09557691 -0.08122175 -1.0559903
v -0.09557964 -0.08122133 -1.0322036
v -0.09567231 -0.08179232 -1.0322036
v -0.096425705 -0.09247229 -1.073794
v -0.09643066 -0.09302334 -1.0740883
v -0.09627022 -0.09276497 -1.0747602
v -0.09624851 -0.09220196 -1.0744991
v -0.096247196 -0.087827384 -1.0711149
v -0.09642581 -0.088289745 -1.0705589
v -0.09642071 -0.08781799 -1.0701057
v -0.09626065 -0.08738723 -1.0706248
v -0.09627022 -0.09276497 -1.0747602
v -0.09643066 -0.09302334 -1.0740883
v -0.09643076 -0.09362736 -1.0742823
v -0.096266136 -0.09336098 -1.0749711
v -0.09534002 -0.09303805 -1.0775167
v -0.09504378 -0.09280954 -1.0781233
v -0.09504732 -0.09217971 -1.0780406
v -0.095366545 -0.09246932 -1.0773568
v -0.095366545 -0.09246932 -1.0773568
v -0.09504732 -0.09217971 -1.0780406
v -0.09504463 -0.09157952 -1.0778431
v -0.09535695 -0.0918163 -1.0771579
v -0.0953138 -0.09125373 -1.076973
v -0.09535695 -0.0918163 -1.0771579
v -0.09504463 -0.09157952 -1.0778431
v -0.09503496 -0.091032684 -1.0775399
v -0.09503496 -0.091032684 -1.0775399
v -0.09504463 -0.09157952 -1.0778431
v -0.09468994 -0.09134924 -1.0784405
v -0.094652146 -0.09079409 -1.0781643
v -0.094267555 -0.090601645 -1.0786797
v -0.094652146 -0.09079409 -1.0781643
v -0.09468994 -0.09134924 -1.0784405
v -0.09430955 -0.09113541 -1.0789255
v -0.09430955 -0.09113541 -1.0789255
v -0.09468994 -0.09134924 -1.0784405
v -0.09468604 -0.09194147 -1.0786495
v -0.094298035 -0.09176338 -1.079161
v -0.09423608 -0.09231802 -1.0793234
v -0.094298035 -0.09176338 -1.079161
v -0.09468604 -0.09194147 -1.0786495
v -0.094639845 -0.09254608 -1.0787845
v -0.094639845 -0.09254608 -1.0787845
v -0.09468604 -0.09194147 -1.0786495
v -0.09504732 -0.09217971 -1.0780406
v -0.09504378 -0.09280954 -1.0781233
v -0.09504732 -0.09217971 -1.0780406
v -0.09468604 -0.09194147 -1.0786495
v -0.09468994 -0.09134924 -1.0784405
v -0.09504463 -0.09157952 -1.0778431
v -0.091736905 -0.08981102 -1.0807538
v -0.09232494 -0.089907415 -1.080468
v -0.0923695 -0.09044835 -1.0807756
v -0.091767296 -0.09032213 -1.0810364
v -0.091767296 -0.09032213 -1.0810364
v -0.0923695 -0.09044835 -1.0807756
v -0.09236981 -0.09103517 -1.0809823
v -0.09176424 -0.09093771 -1.0812601
v -0.09172853 -0.09149444 -1.0813651
v -0.09176424 -0.09093771 -1.0812601
v -0.09236981 -0.09103517 -1.0809823
v -0.09232515 -0.09164585 -1.0810814
v -0.09232515 -0.09164585 -1.0810814
v -0.09236981 -0.09103517 -1.0809823
v -0.09295228 -0.09119471 -1.0805844
v -0.09295389 -0.09182124 -1.0806626
v -0.09344769 -0.091974 -1.0802201
v -0.09295389 -0.09182124 -1.0806626
v -0.09295228 -0.09119471 -1.0805844
v -0.093489796 -0.09141113 -1.0800788
v -0.093489796 -0.09141113 -1.0800788
v -0.09295228 -0.09119471 -1.0805844
v -0.092947416 -0.09060085 -1.0803814
v -0.09347848 -0.09077373 -1.0798676
v -0.093416736 -0.090231836 -1.0796429
v -0.09347848 -0.09077373 -1.0798676
v -0.092947416 -0.09060085 -1.0803814
v -0.092939235 -0.0900613 -1.0800619
v -0.092939235 -0.0900613 -1.0800619
v -0.092947416 -0.09060085 -1.0803814
v -0.0923695 -0.09044835 -1.0807756
v -0.09232494 -0.089907415 -1.080468
v -0.0923695 -0.09044835 -1.0807756
v -0.092947416 -0.09060085 -1.0803814
v -0.09295228 -0.09119471 -1.0805844
v -0.09236981 -0.09103517 -1.0809823
v -0.0911456 -0.09141881 -1.0815628
v -0.0905047 -0.09141771 -1.0816798
v -0.090486154 -0.090796076 -1.0816026
v -0.091176 -0.09086144 -1.081459
v -0.091176 -0.09086144 -1.081459
v -0.090486154 -0.090796076 -1.0816026
v -0.09048511 -0.090208575 -1.0813936
v -0.09117295 -0.090245195 -1.0812371
v -0.09113727 -0.08973355 -1.0809557
v -0.09117295 -0.090245195 -1.0812371
v -0.09048511 -0.090208575 -1.0813936
v -0.09050156 -0.089675285 -1.0810603
v -0.09050156 -0.089675285 -1.0810603
v -0.09048511 -0.090208575 -1.0813936
v -0.08978588 -0.090208575 -1.0813935
v -0.08976944 -0.089675285 -1.0810603
v -0.089133725 -0.08973355 -1.0809557
v -0.08976944 -0.089675285 -1.0810603
v -0.08978588 -0.090208575 -1.0813935
v -0.08909805 -0.090245195 -1.0812371
v -0.08909805 -0.090245195 -1.0812371
v -0.08978588 -0.090208575 -1.0813935
v -0.08978484 -0.090796076 -1.0816026
v -0.089095 -0.090861455 -1.081459
v -0.0891254 -0.09141882 -1.0815628
v -0.089095 -0.090861455 -1.081459
v -0.08978484 -0.090796076 -1.0816026
v -0.0897663 -0.09141772 -1.0816798
v -0.0897663 -0.09141772 -1.0816798
v -0.08978484 -0.090796076 -1.0816026
v -0.090486154 -0.090796076 -1.0816026
v -0.0905047 -0.09141771 -1.0816798
v -0.090486154 -0.090796076 -1.0816026
v -0.08978484 -0.090796076 -1.0816026
v -0.08978588 -0.090208575 -1.0813935
v -0.09048511 -0.090208575 -1.0813936
v -0.086854264 -0.090231836 -1.0796429
v -0.08733177 -0.0900613 -1.0800619
v -0.08732358 -0.09060085 -1.0803814
v -0.08679252 -0.090773724 -1.0798676
v -0.08679252 -0.090773724 -1.0798676
v -0.08732358 -0.09060085 -1.0803814
v -0.087318726 -0.09119471 -1.0805844
v -0.086781204 -0.09141113 -1.0800788
v -0.08682331 -0.091974 -1.0802201
v -0.086781204 -0.09141113 -1.0800788
v -0.087318726 -0.09119471 -1.0805844
v -0.08731711 -0.09182124 -1.0806626
v -0.08731711 -0.09182124 -1.0806626
v -0.087318726 -0.09119471 -1.0805844
v -0.0879012 -0.09103518 -1.0809824
v -0.08794585 -0.09164585 -1.0810814
v -0.08854248 -0.09149444 -1.0813651
v -0.08794585 -0.09164585 -1.0810814
v -0.0879012 -0.09103518 -1.0809824
v -0.088506766 -0.0909377 -1.0812601
v -0.088506766 -0.0909377 -1.0812601
v -0.0879012 -0.09103518 -1.0809824
v -0.0879015 -0.09044835 -1.0807756
v -0.0885037 -0.09032213 -1.0810364
v -0.088534094 -0.08981102 -1.0807538
v -0.0885037 -0.09032213 -1.0810364
v -0.0879015 -0.09044835 -1.0807756
v -0.08794605 -0.08990741 -1.080468
v -0.08794605 -0.08990741 -1.080468
v -0.0879015 -0.09044835 -1.0807756
v -0.08732358 -0.09060085 -1.0803814
v -0.08794605 -0.08990741 -1.080468
v -0.08732358 -0.09060085 -1.0803814
v -0.08733177 -0.0900613 -1.0800619
v -0.08732358 -0.09060085 -1.0803814
v -0.0879015 -0.09044835 -1.0807756
v -0.0879012 -0.09103518 -1.0809824
v -0.087318726 -0.09119471 -1.0805844
v -0.086034924 -0.09231802 -1.0793234
v -0.08563115 -0.09254607 -1.0787845
v -0.08558496 -0.09194146 -1.0786495
v -0.085972965 -0.09176338 -1.079161
v -0.085972965 -0.09176338 -1.079161
v -0.08558496 -0.09194146 -1.0786495
v -0.08558105 -0.09134924 -1.0784405
v -0.085961446 -0.09113541 -1.0789255
v -0.08600344 -0.090601645 -1.0786797
v -0.085961446 -0.09113541 -1.0789255
v -0.08558105 -0.09134924 -1.0784405
v -0.08561885 -0.09079409 -1.0781643
v -0.08561885 -0.09079409 -1.0781643
v -0.08558105 -0.09134924 -1.0784405
v -0.08522638 -0.09157952 -1.0778431
v -0.08523604 -0.091032684 -1.0775399
v -0.0849572 -0.09125373 -1.076973
v -0.08523604 -0.091032684 -1.0775399
v -0.08522638 -0.09157952 -1.0778431
v -0.08491405 -0.0918163 -1.0771579
v -0.08491405 -0.0918163 -1.0771579
v -0.08522638 -0.09157952 -1.0778431
v -0.08522368 -0.09217971 -1.0780406
v -0.08490446 -0.09246932 -1.0773568
v -0.08493098 -0.09303805 -1.0775167
v -0.08490446 -0.09246932 -1.0773568
v -0.08522368 -0.09217971 -1.0780406
v -0.08522722 -0.09280954 -1.0781233
v -0.08522722 -0.09280954 -1.0781233
v -0.08522368 -0.09217971 -1.0780406
v -0.08558496 -0.09194146 -1.0786495
v -0.08563115 -0.09254607 -1.0787845
v -0.08558496 -0.09194146 -1.0786495
v -0.08522368 -0.09217971 -1.0780406
v -0.08522638 -0.09157952 -1.0778431
v -0.08558105 -0.09134924 -1.0784405
v -0.084202565 -0.09315467 -1.075572
v -0.084004864 -0.093360975 -1.0749711
v -0.084000796 -0.09276497 -1.0747602
v -0.0841927 -0.092519574 -1.0753264
v -0.08421902 -0.0919725 -1.0751013
v -0.0841927 -0.092519574 -1.0753264
v -0.084000796 -0.09276497 -1.0747602
v -0.0840225 -0.09220196 -1.0744991
v -0.08402381 -0.087827384 -1.0711149
v -0.08422188 -0.08743165 -1.0715878
v -0.08401035 -0.087387204 -1.0706248
v -0.084205486 -0.087025754 -1.0711026
v -0.0840225 -0.09220196 -1.0744991
v -0.084000796 -0.09276497 -1.0747602
v -0.08384035 -0.093023345 -1.0740883
v -0.0838453 -0.0924723 -1.0737941
v -0.083845206 -0.088289745 -1.0705589
v -0.08402381 -0.087827384 -1.0711149
v -0.08401035 -0.087387204 -1.0706248
v -0.083850294 -0.08781799 -1.0701057
v -0.08384035 -0.093023345 -1.0740883
v -0.084000796 -0.09276497 -1.0747602
v -0.084004864 -0.093360975 -1.0749711
v -0.083840236 -0.093627356 -1.0742823
v -0.08421823 -0.09607751 -1.064412
v -0.08402213 -0.09584793 -1.0650123
v -0.084026285 -0.09639921 -1.0652986
v -0.0842619 -0.09664536 -1.0645833
v -0.08422306 -0.0944124 -1.0631741
v -0.08402436 -0.094016396 -1.0636494
v -0.08402775 -0.09351431 -1.0632364
v -0.08423987 -0.09394862 -1.062756
v -0.0842819 -0.09346379 -1.062213
v -0.084066726 -0.09306667 -1.0627341
v -0.084337965 -0.09308711 -1.0616899
v -0.08413964 -0.092691876 -1.0621635
v -0.084935635 -0.09066064 -1.0576842
v -0.0847398 -0.09001766 -1.0577124
v -0.08396063 -0.09223067 -1.062721
v -0.0847398 -0.09001766 -1.0577124
v -0.08456122 -0.08926763 -1.0577579
v -0.0842619 -0.09664536 -1.0645833
v -0.084026285 -0.09639921 -1.0652986
v -0.0840307 -0.097000785 -1.0654852
v -0.084272556 -0.097304255 -1.0647666
v -0.08492842 -0.09854396 -1.063178
v -0.08522634 -0.0987559 -1.0625678
v -0.08525157 -0.09816773 -1.0624232
v -0.08497176 -0.09798627 -1.0629903
v -0.08497176 -0.09798627 -1.0629903
v -0.08525157 -0.09816773 -1.0624232
v -0.08525471 -0.09757836 -1.062226
v -0.08498291 -0.09734555 -1.0627596
v -0.08495887 -0.09679328 -1.0625477
v -0.08498291 -0.09734555 -1.0627596
v -0.08525471 -0.09757836 -1.062226
v -0.085236594 -0.09701388 -1.0619833
v -0.085236594 -0.09701388 -1.0619833
v -0.08525471 -0.09757836 -1.062226
v -0.08561982 -0.09779911 -1.0616481
v -0.085618034 -0.09725303 -1.0613625
v -0.086001344 -0.097446896 -1.0608507
v -0.085618034 -0.09725303 -1.0613625
v -0.08561982 -0.09779911 -1.0616481
v -0.08606305 -0.09799781 -1.0610534
v -0.08606305 -0.09799781 -1.0610534
v -0.08561982 -0.09779911 -1.0616481
v -0.08562435 -0.0983901 -1.0618316
v -0.08607642 -0.09864406 -1.0612402
v -0.08603789 -0.099213235 -1.0613613
v -0.08607642 -0.09864406 -1.0612402
v -0.08562435 -0.0983901 -1.0618316
v -0.0856323 -0.0990008 -1.0619031
v -0.0856323 -0.0990008 -1.0619031
v -0.08562435 -0.0983901 -1.0618316
v -0.08525157 -0.09816773 -1.0624232
v -0.08522634 -0.0987559 -1.0625678
v -0.08525157 -0.09816773 -1.0624232
v -0.08562435 -0.0983901 -1.0618316
v -0.08561982 -0.09779911 -1.0616481
v -0.08525471 -0.09757836 -1.062226
v -0.08854346 -0.09995199 -1.0593222
v -0.08857078 -0.09938946 -1.0592402
v -0.087927565 -0.09924592 -1.0595382
v -0.08794578 -0.09982512 -1.0596075
v -0.08794578 -0.09982512 -1.0596075
v -0.087927565 -0.09924592 -1.0595382
v -0.0873561 -0.09911173 -1.0599073
v -0.08731527 -0.09967969 -1.0600278
v -0.086819425 -0.09955437 -1.0604718
v -0.08731527 -0.09967969 -1.0600278
v -0.0873561 -0.09911173 -1.0599073
v -0.08687983 -0.09899301 -1.0603305
v -0.08687983 -0.09899301 -1.0603305
v -0.0873561 -0.09911173 -1.0599073
v -0.087362066 -0.0985362 -1.0597231
v -0.08689374 -0.09835491 -1.060122
v -0.08685743 -0.09781038 -1.0599018
v -0.08689374 -0.09835491 -1.060122
v -0.087362066 -0.0985362 -1.0597231
v -0.08733327 -0.09797879 -1.0594828
v -0.08733327 -0.09797879 -1.0594828
v -0.087362066 -0.0985362 -1.0597231
v -0.08792797 -0.09867382 -1.0593596
v -0.08794605 -0.09813436 -1.0590798
v -0.08853318 -0.09823582 -1.0587995
v -0.08794605 -0.09813436 -1.0590798
v -0.08792797 -0.09867382 -1.0593596
v -0.08856702 -0.09876183 -1.059049
v -0.08856702 -0.09876183 -1.059049
v -0.08792797 -0.09867382 -1.0593596
v -0.087927565 -0.09924592 -1.0595382
v -0.08857078 -0.09938946 -1.0592402
v -0.087927565 -0.09924592 -1.0595382
v -0.08792797 -0.09867382 -1.0593596
v -0.087362066 -0.0985362 -1.0597231
v -0.0873561 -0.09911173 -1.0599073
v -0.08912434 -0.10002734 -1.0591251
v -0.0897659 -0.100026146 -1.0590091
v -0.08980469 -0.09947018 -1.0589232
v -0.08915753 -0.09946477 -1.0590433
v -0.08915753 -0.09946477 -1.0590433
v -0.08980469 -0.09947018 -1.0589232
v -0.089805976 -0.098906144 -1.0587504
v -0.089161344 -0.09883601 -1.0588543
v -0.08913479 -0.09830822 -1.0586084
v -0.089161344 -0.09883601 -1.0588543
v -0.089805976 -0.098906144 -1.0587504
v -0.089769825 -0.09836001 -1.0584979
v -0.089769825 -0.09836001 -1.0584979
v -0.089805976 -0.098906144 -1.0587504
v -0.09046503 -0.09890612 -1.0587504
v -0.090501174 -0.09836001 -1.0584979
v -0.09113622 -0.09830822 -1.0586084
v -0.090501174 -0.09836001 -1.0584979
v -0.09046503 -0.09890612 -1.0587504
v -0.091109656 -0.09883601 -1.0588543
v -0.091109656 -0.09883601 -1.0588543
v -0.09046503 -0.09890612 -1.0587504
v -0.09046631 -0.09947018 -1.0589232
v -0.09111348 -0.09946477 -1.0590433
v -0.09114667 -0.10002735 -1.0591251
v -0.09111348 -0.09946477 -1.0590433
v -0.09046631 -0.09947018 -1.0589232
v -0.0905051 -0.100026146 -1.0590091
v -0.0905051 -0.100026146 -1.0590091
v -0.09046631 -0.09947018 -1.0589232
v -0.08980469 -0.09947018 -1.0589232
v -0.0897659 -0.100026146 -1.0590091
v -0.08980469 -0.09947018 -1.0589232
v -0.09046631 -0.09947018 -1.0589232
v -0.09046503 -0.09890612 -1.0587504
v -0.089805976 -0.098906144 -1.0587504
v -0.093451574 -0.09955437 -1.0604718
v -0.09339118 -0.09899301 -1.0603305
v -0.0929149 -0.09911173 -1.0599073
v -0.09295573 -0.09967969 -1.0600278
v -0.09295573 -0.09967969 -1.0600278
v -0.0929149 -0.09911173 -1.0599073
v -0.092343435 -0.099245936 -1.0595382
v -0.09232522 -0.09982512 -1.0596075
v -0.09172754 -0.09995199 -1.0593222
v -0.09232522 -0.09982512 -1.0596075
v -0.092343435 -0.099245936 -1.0595382
v -0.091700226 -0.09938946 -1.0592402
v -0.091700226 -0.09938946 -1.0592402
v -0.092343435 -0.099245936 -1.0595382
v -0.09234304 -0.098673806 -1.0593596
v -0.09170399 -0.09876183 -1.059049
v -0.09173782 -0.09823582 -1.0587995
v -0.09170399 -0.09876183 -1.059049
v -0.09234304 -0.098673806 -1.0593596
v -0.09232495 -0.09813436 -1.0590798
v -0.09232495 -0.09813436 -1.0590798
v -0.09234304 -0.098673806 -1.0593596
v -0.09290894 -0.0985362 -1.0597231
v -0.09293774 -0.09797879 -1.0594828
v -0.09341357 -0.09781038 -1.0599018
v -0.09293774 -0.09797879 -1.0594828
v -0.09290894 -0.0985362 -1.0597231
v -0.09337727 -0.09835491 -1.060122
v -0.09337727 -0.09835491 -1.060122
v -0.09290894 -0.0985362 -1.0597231
v -0.0929149 -0.09911173 -1.0599073
v -0.09339118 -0.09899301 -1.0603305
v -0.0929149 -0.09911173 -1.0599073
v -0.09290894 -0.0985362 -1.0597231
v -0.09234304 -0.098673806 -1.0593596
v -0.092343435 -0.099245936 -1.0595382
v -0.09423312 -0.099213235 -1.0613613
v -0.094638705 -0.0990008 -1.0619031
v -0.09464666 -0.09839009 -1.0618316
v -0.09419459 -0.098644085 -1.0612402
v -0.09419459 -0.098644085 -1.0612402
v -0.09464666 -0.09839009 -1.0618316
v -0.094651185 -0.0977991 -1.0616481
v -0.09420795 -0.09799781 -1.0610534
v -0.09426966 -0.097446896 -1.0608507
v -0.09420795 -0.09799781 -1.0610534
v -0.094651185 -0.0977991 -1.0616481
v -0.09465297 -0.09725305 -1.0613625
v -0.09465297 -0.09725305 -1.0613625
v -0.094651185 -0.0977991 -1.0616481
v -0.09501629 -0.09757836 -1.062226
v -0.095034406 -0.09701388 -1.0619833
v -0.095312126 -0.09679328 -1.0625477
v -0.095034406 -0.09701388 -1.0619833
v -0.09501629 -0.09757836 -1.062226
v -0.09528809 -0.09734555 -1.0627596
v -0.09528809 -0.09734555 -1.0627596
v -0.09501629 -0.09757836 -1.062226
v -0.09501944 -0.098167725 -1.0624232
v -0.095299244 -0.097986266 -1.0629903
v -0.095342584 -0.09854396 -1.063178
v -0.095299244 -0.097986266 -1.0629903
v -0.09501944 -0.098167725 -1.0624232
v -0.09504466 -0.0987559 -1.0625678
v -0.09504466 -0.0987559 -1.0625678
v -0.09501944 -0.098167725 -1.0624232
v -0.09464666 -0.09839009 -1.0618316
v -0.094638705 -0.0990008 -1.0619031
v -0.09464666 -0.09839009 -1.0618316
v -0.09501944 -0.098167725 -1.0624232
v -0.09501629 -0.09757836 -1.062226
v -0.094651185 -0.0977991 -1.0616481
v -0.09599844 -0.097304255 -1.0647666
v -0.0962403 -0.097000785 -1.0654852
v -0.09624471 -0.09639922 -1.0652986
v -0.0960091 -0.09664536 -1.0645833
v -0.09605278 -0.09607751 -1.064412
v -0.0960091 -0.09664536 -1.0645833
v -0.09624471 -0.09639922 -1.0652986
v -0.09624887 -0.09584793 -1.0650123
v -0.09624664 -0.094016396 -1.0636494
v -0.096047945 -0.0944124 -1.0631741
v -0.09624324 -0.0935143 -1.0632364
v -0.09603112 -0.09394862 -1.062756
v -0.09620428 -0.09306666 -1.0627341
v -0.095989086 -0.09346378 -1.062213
v -0.095933035 -0.0930871 -1.0616899
v -0.09613136 -0.09269187 -1.0621635
v -0.09553121 -0.09001767 -1.0577124
v -0.09533538 -0.09066064 -1.0576842
v -0.09631038 -0.09223067 -1.062721
v -0.09570978 -0.08926763 -1.0577579
v -0.09553121 -0.09001767 -1.0577124
v -0.0968231 -0.176553 -1.0692679
v -0.0968231 -0.17716148 -1.0692679
v -0.096867606 -0.17716148 -1.0699804
v -0.09686229 -0.176553 -1.0699505
v -0.0968231 -0.17776996 -1.0692679
v -0.096867606 -0.17776996 -1.0699804
v -0.0968231 -0.17837846 -1.0692679
v -0.09686229 -0.17837846 -1.0699505
v -0.09681188 -0.096215874 -1.0692692
v -0.09681188 -0.25871557 -1.0692692
v -0.09653488 -0.17776996 -1.0665698
v -0.09653488 -0.17716148 -1.0665698
v -0.094272345 -0.17837845 -1.0605417
v -0.09465403 -0.17837867 -1.0610999
v -0.094675645 -0.17777003 -1.0611192
v -0.094272345 -0.17776996 -1.0605417
v -0.094675645 -0.17716143 -1.0611192
v -0.094272345 -0.1771615 -1.0605417
v -0.094272345 -0.176553 -1.0605417
v -0.09465403 -0.17655279 -1.0610999
v -0.094638705 -0.0990008 -1.0619031
v -0.09423312 -0.099213235 -1.0613613
v -0.09423311 -0.25571823 -1.0613613
v -0.0946387 -0.25593066 -1.0619031
v -0.09465403 -0.17655279 -1.0610999
v -0.094675645 -0.17716143 -1.0611192
v -0.0950264 -0.17716143 -1.0617468
v -0.09503369 -0.17655279 -1.0617793
v -0.094675645 -0.17777003 -1.0611192
v -0.09502641 -0.17777003 -1.0617468
v -0.09503369 -0.17837867 -1.0617793
v -0.09465403 -0.17837867 -1.0610999
v -0.09504466 -0.0987559 -1.0625678
v -0.094638705 -0.0990008 -1.0619031
v -0.0946387 -0.25593066 -1.0619031
v -0.09504466 -0.25617555 -1.0625678
v -0.09530998 -0.176553 -1.0623983
v -0.09503369 -0.17655279 -1.0617793
v -0.0950264 -0.17716143 -1.0617468
v -0.09530998 -0.17716148 -1.0623983
v -0.09502641 -0.17777003 -1.0617468
v -0.09530998 -0.17776996 -1.0623983
v -0.09530998 -0.17837846 -1.0623983
v -0.09503369 -0.17837867 -1.0617793
v -0.095342584 -0.09854396 -1.063178
v -0.09504466 -0.0987559 -1.0625678
v -0.09504466 -0.25617555 -1.0625678
v -0.09534258 -0.2563875 -1.063178
v -0.091738306 -0.1783784 -1.0582619
v -0.09232495 -0.17837916 -1.0585659
v -0.09235584 -0.1777702 -1.0585687
v -0.091738306 -0.17776996 -1.0582619
v -0.09235584 -0.17716125 -1.0585686
v -0.091738306 -0.1771615 -1.0582619
v -0.091738306 -0.17655306 -1.0582619
v -0.09232495 -0.17655227 -1.0585659
v -0.09232522 -0.09982512 -1.0596075
v -0.09172754 -0.09995199 -1.0593222
v -0.09172753 -0.25497946 -1.0593222
v -0.09232521 -0.25510633 -1.0596075
v -0.09232495 -0.17655227 -1.0585659
v -0.09235584 -0.17716125 -1.0585686
v -0.092921235 -0.17716125 -1.0589776
v -0.092936926 -0.17655225 -1.0590084
v -0.09235584 -0.1777702 -1.0585687
v -0.092921235 -0.1777702 -1.0589776
v -0.092936926 -0.1783792 -1.0590084
v -0.09232495 -0.17837916 -1.0585659
v -0.09295573 -0.09967969 -1.0600278
v -0.09232522 -0.09982512 -1.0596075
v -0.09232521 -0.25510633 -1.0596075
v -0.09295572 -0.25525177 -1.0600278
v -0.09341184 -0.17655301 -1.059472
v -0.092936926 -0.17655225 -1.0590084
v -0.092921235 -0.17716125 -1.0589776
v -0.09341184 -0.1771615 -1.059472
v -0.092921235 -0.1777702 -1.0589776
v -0.09341184 -0.17776996 -1.059472
v -0.09341184 -0.17837842 -1.059472
v -0.092936926 -0.1783792 -1.0590084
v -0.093451574 -0.09955437 -1.0604718
v -0.09295573 -0.09967969 -1.0600278
v -0.09295572 -0.25525177 -1.0600278
v -0.09345157 -0.2553771 -1.0604718
v -0.09113585 -0.1783784 -1.0580393
v -0.09113585 -0.17776996 -1.0580393
v -0.09047321 -0.17777036 -1.057892
v -0.09050103 -0.1783797 -1.0579126
v -0.09113585 -0.17716151 -1.0580393
v -0.09047321 -0.1771611 -1.057892
v -0.09113585 -0.17655306 -1.0580393
v -0.09050103 -0.17655174 -1.0579126
v -0.09114667 -0.10002735 -1.0591251
v -0.0905051 -0.100026146 -1.0590091
v -0.0905051 -0.2549053 -1.0590091
v -0.091146655 -0.2549041 -1.0591251
v -0.09050103 -0.1783797 -1.0579126
v -0.09047321 -0.17777036 -1.057892
v -0.08979778 -0.17777036 -1.057892
v -0.08976996 -0.1783797 -1.0579126
v -0.08913515 -0.1783784 -1.0580393
v -0.08976996 -0.1783797 -1.0579126
v -0.08979778 -0.17777036 -1.057892
v -0.08913515 -0.17776996 -1.0580393
v -0.08979778 -0.1771611 -1.057892
v -0.08913515 -0.17716151 -1.0580393
v -0.08913515 -0.17655306 -1.0580393
v -0.08976996 -0.17655174 -1.0579126
v -0.0897659 -0.100026146 -1.0590091
v -0.08912434 -0.10002734 -1.0591251
v -0.08912432 -0.2549041 -1.0591251
v -0.08976589 -0.2549053 -1.0590091
v -0.08976996 -0.17655174 -1.0579126
v -0.08979778 -0.1771611 -1.057892
v -0.09047321 -0.1771611 -1.057892
v -0.09050103 -0.17655174 -1.0579126
v -0.09047321 -0.17777036 -1.057892
v -0.08979778 -0.17777036 -1.057892
v -0.0905051 -0.100026146 -1.0590091
v -0.0897659 -0.100026146 -1.0590091
v -0.088532686 -0.1783784 -1.0582619
v -0.088532686 -0.17776996 -1.0582619
v -0.08791515 -0.1777702 -1.0585687
v -0.08794605 -0.17837916 -1.0585659
v -0.088532686 -0.1771615 -1.0582619
v -0.08791515 -0.17716125 -1.0585687
v -0.088532686 -0.17655306 -1.0582619
v -0.08794605 -0.17655227 -1.0585659
v -0.08794578 -0.25510633 -1.0596075
v -0.08854346 -0.25497946 -1.0593222
v -0.08854346 -0.09995199 -1.0593222
v -0.08794578 -0.09982512 -1.0596075
v -0.08794605 -0.17837916 -1.0585659
v -0.08791515 -0.1777702 -1.0585687
v -0.087349765 -0.1777702 -1.0589776
v -0.08733407 -0.1783792 -1.0590084
v -0.087349765 -0.17716125 -1.0589776
v -0.08791515 -0.17716125 -1.0585687
v -0.08733407 -0.17655225 -1.0590084
v -0.08794605 -0.17655227 -1.0585659
v -0.08731527 -0.25525177 -1.0600278
v -0.08794578 -0.25510633 -1.0596075
v -0.08794578 -0.09982512 -1.0596075
v -0.08731527 -0.09967969 -1.0600278
v -0.086859144 -0.17837842 -1.059472
v -0.08733407 -0.1783792 -1.0590084
v -0.087349765 -0.1777702 -1.0589776
v -0.086859144 -0.17776996 -1.059472
v -0.087349765 -0.17716125 -1.0589776
v -0.086859144 -0.1771615 -1.059472
v -0.086859144 -0.17655301 -1.059472
v -0.08733407 -0.17655225 -1.0590084
v -0.086819425 -0.2553771 -1.0604718
v -0.08731527 -0.25525177 -1.0600278
v -0.08731527 -0.09967969 -1.0600278
v -0.086819425 -0.09955437 -1.0604718
v -0.08496102 -0.17837846 -1.0623983
v -0.08523731 -0.17837867 -1.0617793
v -0.08524459 -0.17777003 -1.0617468
v -0.08496102 -0.17776996 -1.0623983
v -0.08524459 -0.17716143 -1.0617468
v -0.08496102 -0.17716148 -1.0623983
v -0.08496102 -0.176553 -1.0623983
v -0.08523731 -0.17655279 -1.0617793
v -0.08522634 -0.0987559 -1.0625678
v -0.08492842 -0.09854396 -1.063178
v -0.084928416 -0.2563875 -1.063178
v -0.08522634 -0.25617555 -1.0625678
v -0.08523731 -0.17655279 -1.0617793
v -0.08524459 -0.17716143 -1.0617468
v -0.08559535 -0.17716143 -1.0611192
v -0.08561697 -0.17655279 -1.0610999
v -0.08524459 -0.17777003 -1.0617468
v -0.08559535 -0.17777003 -1.0611192
v -0.08561697 -0.17837867 -1.0610999
v -0.08523731 -0.17837867 -1.0617793
v -0.0856323 -0.0990008 -1.0619031
v -0.08522634 -0.0987559 -1.0625678
v -0.08522634 -0.25617555 -1.0625678
v -0.085632294 -0.25593066 -1.0619031
v -0.085998654 -0.176553 -1.0605417
v -0.08561697 -0.17655279 -1.0610999
v -0.08559535 -0.17716143 -1.0611192
v -0.085998654 -0.1771615 -1.0605417
v -0.08559535 -0.17777003 -1.0611192
v -0.085998654 -0.17776996 -1.0605417
v -0.085998654 -0.17837845 -1.0605417
v -0.08561697 -0.17837867 -1.0610999
v -0.08603789 -0.099213235 -1.0613613
v -0.0856323 -0.0990008 -1.0619031
v -0.085632294 -0.25593066 -1.0619031
v -0.08603788 -0.25571823 -1.0613613
v -0.0834479 -0.17837846 -1.0692679
v -0.0834479 -0.17776996 -1.0692679
v -0.08340338 -0.17776996 -1.0699804
v -0.08340871 -0.17837846 -1.0699505
v -0.0834479 -0.17716148 -1.0692679
v -0.08340338 -0.17716148 -1.0699804
v -0.0834479 -0.176553 -1.0692679
v -0.08340871 -0.176553 -1.0699505
v -0.083736114 -0.17776996 -1.0665698
v -0.083736114 -0.17716148 -1.0665698
v -0.08345911 -0.096215874 -1.0692692
v -0.0834591 -0.25871557 -1.0692692
v -0.08599865 -0.17837845 -1.0801479
v -0.08561697 -0.17837866 -1.0795896
v -0.08559535 -0.17777003 -1.0795702
v -0.08599865 -0.17776996 -1.0801479
v -0.08559535 -0.17716143 -1.0795702
v -0.08599865 -0.17716148 -1.0801479
v -0.08599865 -0.176553 -1.0801479
v -0.08561697 -0.1765528 -1.0795896
v -0.08563115 -0.09254607 -1.0787845
v -0.08603491 -0.26261345 -1.0793234
v -0.08563115 -0.26238537 -1.0787845
v -0.08561697 -0.1765528 -1.0795896
v -0.08559535 -0.17716143 -1.0795702
v -0.08524458 -0.17716143 -1.0789425
v -0.0852373 -0.1765528 -1.0789104
v -0.08559535 -0.17777003 -1.0795702
v -0.08524458 -0.17777003 -1.0789425
v -0.0852373 -0.17837866 -1.0789104
v -0.08561697 -0.17837866 -1.0795896
v -0.08522722 -0.09280954 -1.0781233
v -0.08563115 -0.09254607 -1.0787845
v -0.08563115 -0.26238537 -1.0787845
v -0.085227214 -0.26212192 -1.0781233
v -0.08496102 -0.176553 -1.0782912
v -0.0852373 -0.1765528 -1.0789104
v -0.08524458 -0.17716143 -1.0789425
v -0.08496102 -0.17716148 -1.0782912
v -0.08524458 -0.17777003 -1.0789425
v -0.08496102 -0.17776996 -1.0782912
v -0.08496102 -0.17837846 -1.0782912
v -0.0852373 -0.17837866 -1.0789104
v -0.08493098 -0.09303805 -1.0775167
v -0.08522722 -0.09280954 -1.0781233
v -0.085227214 -0.26212192 -1.0781233
v -0.08493097 -0.2618934 -1.0775167
v -0.08853267 -0.1783784 -1.0824282
v -0.08794604 -0.17837912 -1.0821242
v -0.08791515 -0.17777017 -1.0821211
v -0.08853267 -0.17776996 -1.0824282
v -0.08791515 -0.17716129 -1.0821211
v -0.08853267 -0.1771615 -1.0824282
v -0.08853267 -0.17655304 -1.0824282
v -0.08794604 -0.17655236 -1.0821242
v -0.08794585 -0.09164585 -1.0810814
v -0.08854248 -0.09149444 -1.0813651
v -0.08854247 -0.26343703 -1.0813651
v -0.08794584 -0.2632856 -1.0810814
v -0.08794604 -0.17655236 -1.0821242
v -0.08791515 -0.17716129 -1.0821211
v -0.087349765 -0.17716128 -1.0817122
v -0.08733407 -0.17655233 -1.0816816
v -0.08791515 -0.17777017 -1.0821211
v -0.08731711 -0.09182124 -1.0806626
v -0.08794585 -0.09164585 -1.0810814
v -0.08733407 -0.17837912 -1.0816816
v -0.08794604 -0.17837912 -1.0821242
v -0.08794584 -0.2632856 -1.0810814
v -0.0873171 -0.26311022 -1.0806626
v -0.086859144 -0.17655301 -1.0812179
v -0.08733407 -0.17655233 -1.0816816
v -0.087349765 -0.17716128 -1.0817122
v -0.08682331 -0.091974 -1.0802201
v -0.08731711 -0.09182124 -1.0806626
v -0.086859144 -0.17655301 -1.0812179
v -0.087349765 -0.17716128 -1.0817122
v -0.086859144 -0.1771615 -1.0812179
v -0.087349765 -0.17777017 -1.0817122
v -0.086859144 -0.17776996 -1.0812179
v -0.086859144 -0.17837845 -1.0812179
v -0.08733407 -0.17837912 -1.0816816
v -0.08733407 -0.17837912 -1.0816816
v -0.087349765 -0.17777017 -1.0817122
v -0.08791515 -0.17777017 -1.0821211
v -0.087349765 -0.17716128 -1.0817122
v -0.091135845 -0.17655306 -1.0826509
v -0.091135845 -0.1771615 -1.0826509
v -0.090473205 -0.17716111 -1.082798
v -0.091135845 -0.17776996 -1.0826509
v -0.090473205 -0.17777033 -1.082798
v -0.091135845 -0.1783784 -1.0826509
v -0.09050103 -0.1783796 -1.0827776
v -0.09114559 -0.26351267 -1.0815628
v -0.09050469 -0.26351374 -1.0816798
v -0.091135845 -0.17655306 -1.0826509
v -0.090473205 -0.17716111 -1.082798
v -0.09050103 -0.17655185 -1.0827776
v -0.0905047 -0.09141771 -1.0816798
v -0.0911456 -0.09141881 -1.0815628
v -0.09050103 -0.17655185 -1.0827776
v -0.090473205 -0.17716111 -1.082798
v -0.08979778 -0.17716111 -1.082798
v -0.08976996 -0.17655185 -1.0827776
v -0.08979778 -0.17777033 -1.082798
v -0.090473205 -0.17777033 -1.082798
v -0.08976996 -0.1783796 -1.0827776
v -0.09050103 -0.1783796 -1.0827776
v -0.0897663 -0.09141772 -1.0816798
v -0.0905047 -0.09141771 -1.0816798
v -0.09050469 -0.26351374 -1.0816798
v -0.089766294 -0.26351374 -1.0816798
v -0.08913515 -0.17655306 -1.0826509
v -0.08976996 -0.17655185 -1.0827776
v -0.08979778 -0.17716111 -1.082798
v -0.08913515 -0.1771615 -1.0826509
v -0.08979778 -0.17777033 -1.082798
v -0.08913515 -0.17776996 -1.0826509
v -0.08913515 -0.1783784 -1.0826509
v -0.08976996 -0.1783796 -1.0827776
v -0.0891254 -0.09141882 -1.0815628
v -0.0897663 -0.09141772 -1.0816798
v -0.089766294 -0.26351374 -1.0816798
v -0.089125395 -0.26351267 -1.0815628
v -0.09341183 -0.17837845 -1.0812179
v -0.092936926 -0.17837912 -1.0816816
v -0.092921235 -0.17777017 -1.0817122
v -0.09341183 -0.17776996 -1.0812179
v -0.092921235 -0.17716128 -1.0817122
v -0.09341183 -0.1771615 -1.0812179
v -0.09341183 -0.17655301 -1.0812179
v -0.092936926 -0.17655233 -1.0816816
v -0.09295389 -0.09182124 -1.0806626
v -0.09344769 -0.091974 -1.0802201
v -0.093447685 -0.26295745 -1.0802201
v -0.09295388 -0.26311022 -1.0806626
v -0.092936926 -0.17655233 -1.0816816
v -0.092921235 -0.17716128 -1.0817122
v -0.09235584 -0.17716129 -1.0821211
v -0.09232495 -0.17655236 -1.0821242
v -0.092921235 -0.17777017 -1.0817122
v -0.09235584 -0.17777017 -1.0821211
v -0.09232495 -0.17837912 -1.0821242
v -0.092936926 -0.17837912 -1.0816816
v -0.09232515 -0.09164585 -1.0810814
v -0.09295389 -0.09182124 -1.0806626
v -0.09295388 -0.26311022 -1.0806626
v -0.09232514 -0.2632856 -1.0810814
v -0.091738306 -0.17655304 -1.0824282
v -0.09232495 -0.17655236 -1.0821242
v -0.09235584 -0.17716129 -1.0821211
v -0.091738306 -0.1771615 -1.0824282
v -0.09235584 -0.17777017 -1.0821211
v -0.091738306 -0.17776996 -1.0824282
v -0.091738306 -0.1783784 -1.0824282
v -0.09232495 -0.17837912 -1.0821242
v -0.09172853 -0.09149444 -1.0813651
v -0.09232515 -0.09164585 -1.0810814
v -0.09232514 -0.2632856 -1.0810814
v -0.09172852 -0.26343703 -1.0813651
v -0.09530998 -0.17837846 -1.0782912
v -0.09503369 -0.17837866 -1.0789104
v -0.0950264 -0.17777003 -1.0789425
v -0.09530997 -0.17776996 -1.0782912
v -0.0950264 -0.17716143 -1.0789425
v -0.09530997 -0.17716148 -1.0782912
v -0.09530997 -0.176553 -1.0782912
v -0.09503369 -0.1765528 -1.0789104
v -0.09504378 -0.09280954 -1.0781233
v -0.09534002 -0.09303805 -1.0775167
v -0.09534001 -0.2618934 -1.0775167
v -0.09504377 -0.26212192 -1.0781233
v -0.09503369 -0.1765528 -1.0789104
v -0.0950264 -0.17716143 -1.0789425
v -0.094675645 -0.17716143 -1.0795702
v -0.09465403 -0.1765528 -1.0795896
v -0.0950264 -0.17777003 -1.0789425
v -0.094675645 -0.17777003 -1.0795702
v -0.09465403 -0.17837866 -1.0795896
v -0.09503369 -0.17837866 -1.0789104
v -0.094639845 -0.09254608 -1.0787845
v -0.09504378 -0.09280954 -1.0781233
v -0.09504377 -0.26212192 -1.0781233
v -0.09463983 -0.26238537 -1.0787845
v -0.094272345 -0.176553 -1.0801479
v -0.09465403 -0.1765528 -1.0795896
v -0.094675645 -0.17716143 -1.0795702
v -0.094272345 -0.17716148 -1.0801479
v -0.094675645 -0.17777003 -1.0795702
v -0.094272345 -0.17776996 -1.0801479
v -0.094272345 -0.17837845 -1.0801479
v -0.09465403 -0.17837866 -1.0795896
v -0.09423608 -0.09231802 -1.0793234
v -0.094639845 -0.09254608 -1.0787845
v -0.09463983 -0.26238537 -1.0787845
v -0.094236076 -0.26261345 -1.0793234
v -0.096363515 -0.08704104 -1.0689769
v -0.09639963 -0.08739578 -1.0695709
v -0.09623899 -0.08696381 -1.0700933
v -0.09618308 -0.0865747 -1.069543
v -0.09547272 -0.08104554 -1.0581642
v -0.09564599 -0.081781164 -1.058133
v -0.09560866 -0.08146172 -1.0573918
v -0.0954655 -0.08084322 -1.0574535
v -0.0955857 -0.08127479 -1.0566671
v -0.09544861 -0.080681525 -1.0567284
v -0.09557691 -0.08122175 -1.0559903
v -0.09542327 -0.08057061 -1.0560195
v -0.09542598 -0.0805701 -1.0322036
v -0.09557964 -0.08122133 -1.0322036
v -0.09598341 -0.08618007 -1.0700299
v -0.09618308 -0.0865747 -1.069543
v -0.09623899 -0.08696381 -1.0700933
v -0.09604147 -0.08656771 -1.0705324
v -0.095280185 -0.08041562 -1.058189
v -0.09547272 -0.08104554 -1.0581642
v -0.0954655 -0.08084322 -1.0574535
v -0.09529012 -0.080283 -1.0575105
v -0.09527998 -0.08013568 -1.0567256
v -0.09544861 -0.080681525 -1.0567284
v -0.0952525 -0.08001311 -1.0560449
v -0.09542327 -0.08057061 -1.0560195
v -0.0952525 -0.08001311 -1.0322036
v -0.09542598 -0.0805701 -1.0322036
v -0.09604147 -0.08656771 -1.0705324
v -0.09623899 -0.08696381 -1.0700933
v -0.09626065 -0.08738723 -1.0706248
v -0.09606552 -0.087025754 -1.0711026
v -0.09534037 -0.085823745 -1.0725509
v -0.095328055 -0.08537669 -1.0719664
v -0.09639963 -0.08739578 -1.0695709
v -0.09642071 -0.08781799 -1.0701057
v -0.09626065 -0.08738723 -1.0706248
v -0.09623899 -0.08696381 -1.0700933
v -0.094264545 -0.08510124 -1.074388
v -0.09429769 -0.08468774 -1.0739186
v -0.09468226 -0.08499593 -1.0735072
v -0.094650954 -0.08544131 -1.0739895
v -0.094650954 -0.08544131 -1.0739895
v -0.09468226 -0.08499593 -1.0735072
v -0.09503505 -0.08537968 -1.0730451
v -0.09503577 -0.085850455 -1.0734996
v -0.095316246 -0.08621939 -1.073049
v -0.09503577 -0.085850455 -1.0734996
v -0.09503505 -0.08537968 -1.0730451
v -0.09534037 -0.085823745 -1.0725509
v -0.09534037 -0.085823745 -1.0725509
v -0.09503505 -0.08537968 -1.0730451
v -0.09502222 -0.084962994 -1.0725051
v -0.095328055 -0.08537669 -1.0719664
v -0.09528257 -0.08499783 -1.0714518
v -0.095328055 -0.08537669 -1.0719664
v -0.09502222 -0.084962994 -1.0725051
v -0.094997995 -0.084617555 -1.0719011
v -0.094997995 -0.084617555 -1.0719011
v -0.09502222 -0.084962994 -1.0725051
v -0.094668135 -0.0845789 -1.0729712
v -0.09460901 -0.08420697 -1.0724036
v -0.09405046 -0.07763117 -1.0583047
v -0.09442508 -0.078286014 -1.0582854
v -0.09440397 -0.07801636 -1.057581
v -0.094073825 -0.07742493 -1.0576028
v -0.09421948 -0.08387569 -1.0728251
v -0.09460901 -0.08420697 -1.0724036
v -0.094668135 -0.0845789 -1.0729712
v -0.09428121 -0.08423933 -1.0733467
v -0.09428121 -0.08423933 -1.0733467
v -0.094668135 -0.0845789 -1.0729712
v -0.09468226 -0.08499593 -1.0735072
v -0.09429769 -0.08468774 -1.0739186
v -0.09468226 -0.08499593 -1.0735072
v -0.094668135 -0.0845789 -1.0729712
v -0.09502222 -0.084962994 -1.0725051
v -0.09503505 -0.08537968 -1.0730451
v -0.093419485 -0.08447726 -1.0751402
v -0.09294053 -0.08420908 -1.075481
v -0.092939354 -0.0837336 -1.075031
v -0.093462236 -0.08406998 -1.0746628
v -0.093462236 -0.08406998 -1.0746628
v -0.092939354 -0.0837336 -1.075031
v -0.09293417 -0.08331906 -1.074489
v -0.093458354 -0.08362778 -1.0740823
v -0.09340887 -0.083268724 -1.0735538
v -0.093458354 -0.08362778 -1.0740823
v -0.09293417 -0.08331906 -1.074489
v -0.092925206 -0.08298123 -1.0738754
v -0.092925206 -0.08298123 -1.0738754
v -0.09293417 -0.08331906 -1.074489
v -0.09235779 -0.083066665 -1.0747977
v -0.092306085 -0.08271812 -1.0742037
v -0.091715924 -0.08254927 -1.0744514
v -0.092306085 -0.08271812 -1.0742037
v -0.09235779 -0.083066665 -1.0747977
v -0.09175127 -0.08287921 -1.0749983
v -0.09175127 -0.08287921 -1.0749983
v -0.09235779 -0.083066665 -1.0747977
v -0.0923641 -0.083480015 -1.0753357
v -0.09175866 -0.08331784 -1.0755664
v -0.09173612 -0.08374851 -1.0760046
v -0.09175866 -0.08331784 -1.0755664
v -0.0923641 -0.083480015 -1.0753357
v -0.09232495 -0.08394258 -1.0757972
v -0.09232495 -0.08394258 -1.0757972
v -0.0923641 -0.083480015 -1.0753357
v -0.092939354 -0.0837336 -1.075031
v -0.09294053 -0.08420908 -1.075481
v -0.092939354 -0.0837336 -1.075031
v -0.0923641 -0.083480015 -1.0753357
v -0.09235779 -0.083066665 -1.0747977
v -0.09293417 -0.08331906 -1.074489
v -0.09113803 -0.08361696 -1.0761633
v -0.09050185 -0.08355904 -1.0762674
v -0.090483405 -0.083079696 -1.0758209
v -0.09116769 -0.08318762 -1.0757233
v -0.09116769 -0.08318762 -1.0757233
v -0.090483405 -0.083079696 -1.0758209
v -0.09048378 -0.08266503 -1.0752797
v -0.09116878 -0.082749955 -1.0751534
v -0.09114103 -0.082420394 -1.0746052
v -0.09116878 -0.082749955 -1.0751534
v -0.09048378 -0.08266503 -1.0752797
v -0.09114103 -0.082420394 -1.0746052
v -0.09048378 -0.08266503 -1.0752797
v -0.090502985 -0.08233002 -1.0746628
v -0.090502985 -0.08233002 -1.0746628
v -0.09048378 -0.08266503 -1.0752797
v -0.08978722 -0.08266505 -1.0752797
v -0.089768015 -0.08233002 -1.0746628
v -0.08912997 -0.082420394 -1.0746052
v -0.089768015 -0.08233002 -1.0746628
v -0.08978722 -0.08266505 -1.0752797
v -0.089102216 -0.082749955 -1.0751534
v -0.089102216 -0.082749955 -1.0751534
v -0.08978722 -0.08266505 -1.0752797
v -0.089787595 -0.083079696 -1.0758209
v -0.08910332 -0.08318762 -1.0757233
v -0.08913297 -0.08361696 -1.0761633
v -0.08910332 -0.08318762 -1.0757233
v -0.089787595 -0.083079696 -1.0758209
v -0.089769155 -0.08355904 -1.0762674
v -0.089769155 -0.08355904 -1.0762674
v -0.089787595 -0.083079696 -1.0758209
v -0.090483405 -0.083079696 -1.0758209
v -0.09050185 -0.08355904 -1.0762674
v -0.090483405 -0.083079696 -1.0758209
v -0.089787595 -0.083079696 -1.0758209
v -0.08978722 -0.08266505 -1.0752797
v -0.09048378 -0.08266503 -1.0752797
v -0.086851515 -0.08447726 -1.0751402
v -0.08680878 -0.08406998 -1.0746628
v -0.08733165 -0.08373361 -1.0750309
v -0.087330475 -0.08420908 -1.075481
v -0.087330475 -0.08420908 -1.075481
v -0.08733165 -0.08373361 -1.0750309
v -0.087906905 -0.08348002 -1.0753357
v -0.08794605 -0.08394258 -1.0757972
v -0.08853488 -0.08374851 -1.0760046
v -0.08794605 -0.08394258 -1.0757972
v -0.087906905 -0.08348002 -1.0753357
v -0.08853488 -0.08374851 -1.0760046
v -0.087906905 -0.08348002 -1.0753357
v -0.08851234 -0.08331784 -1.0755664
v -0.08851234 -0.08331784 -1.0755664
v -0.087906905 -0.08348002 -1.0753357
v -0.08791321 -0.083066665 -1.0747977
v -0.08851973 -0.08287921 -1.0749983
v -0.088555075 -0.08254927 -1.0744514
v -0.08851973 -0.08287921 -1.0749983
v -0.08791321 -0.083066665 -1.0747977
v -0.08796492 -0.08271812 -1.0742037
v -0.08796492 -0.08271812 -1.0742037
v -0.08791321 -0.083066665 -1.0747977
v -0.08733683 -0.083319046 -1.074489
v -0.0873458 -0.08298123 -1.0738754
v -0.08686213 -0.083268724 -1.0735538
v -0.0873458 -0.08298123 -1.0738754
v -0.08733683 -0.083319046 -1.074489
v -0.08681265 -0.08362778 -1.0740823
v -0.08681265 -0.08362778 -1.0740823
v -0.08733683 -0.083319046 -1.074489
v -0.08733165 -0.08373361 -1.0750309
v -0.08680878 -0.08406998 -1.0746628
v -0.08733165 -0.08373361 -1.0750309
v -0.08733683 -0.083319046 -1.074489
v -0.08791321 -0.083066665 -1.0747977
v -0.087906905 -0.08348002 -1.0753357
v -0.08498844 -0.08499783 -1.0714519
v -0.085273005 -0.084617555 -1.0719011
v -0.08524878 -0.084962994 -1.0725051
v -0.08494296 -0.08537669 -1.0719664
v -0.08494296 -0.08537669 -1.0719664
v -0.08524878 -0.084962994 -1.0725051
v -0.08523597 -0.085379675 -1.0730451
v -0.084930636 -0.08582375 -1.0725509
v -0.08495475 -0.08621941 -1.073049
v -0.084930636 -0.08582375 -1.0725509
v -0.08523597 -0.085379675 -1.0730451
v -0.08523523 -0.085850455 -1.0734996
v -0.08523523 -0.085850455 -1.0734996
v -0.08523597 -0.085379675 -1.0730451
v -0.08558874 -0.08499593 -1.0735073
v -0.085620046 -0.08544133 -1.0739895
v -0.08600645 -0.08510124 -1.074388
v -0.085620046 -0.08544133 -1.0739895
v -0.08558874 -0.08499593 -1.0735073
v -0.08597331 -0.08468774 -1.0739186
v -0.08597331 -0.08468774 -1.0739186
v -0.08558874 -0.08499593 -1.0735073
v -0.085602865 -0.0845789 -1.0729712
v -0.085989796 -0.08423933 -1.0733467
v -0.086051516 -0.08387569 -1.0728251
v -0.085989796 -0.08423933 -1.0733467
v -0.085602865 -0.0845789 -1.0729712
v -0.085662 -0.08420697 -1.0724036
v -0.085662 -0.08420697 -1.0724036
v -0.085602865 -0.0845789 -1.0729712
v -0.08524878 -0.084962994 -1.0725051
v -0.085273005 -0.084617555 -1.0719011
v -0.085845925 -0.078285985 -1.0582854
v -0.08622055 -0.077631146 -1.0583047
v -0.08619718 -0.077424906 -1.0576028
v -0.08586704 -0.07801636 -1.057581
v -0.08524878 -0.084962994 -1.0725051
v -0.085602865 -0.0845789 -1.0729712
v -0.08558874 -0.08499593 -1.0735073
v -0.08523597 -0.085379675 -1.0730451
v -0.084205486 -0.087025754 -1.0711026
v -0.08401035 -0.087387204 -1.0706248
v -0.08403201 -0.0869638 -1.0700933
v -0.08422954 -0.08656771 -1.0705324
v -0.08494296 -0.08537669 -1.0719664
v -0.084930636 -0.08582375 -1.0725509
v -0.083850294 -0.08781799 -1.0701057
v -0.08387138 -0.08739578 -1.0695709
v -0.08403201 -0.0869638 -1.0700933
v -0.08401035 -0.087387204 -1.0706248
v -0.08600982 -0.09674169 -1.060354
v -0.08606345 -0.09628965 -1.059929
v -0.085630156 -0.095900446 -1.060355
v -0.08562137 -0.09640204 -1.0607568
v -0.08611117 -0.09577347 -1.0594286
v -0.0856758 -0.09542528 -1.0598907
v -0.08614021 -0.09533143 -1.0589868
v -0.085756175 -0.09499676 -1.0593842
v -0.085618034 -0.09725303 -1.0613625
v -0.086001344 -0.097446896 -1.0608507
v -0.08537376 -0.09459326 -1.0598724
v -0.08611784 -0.0934803 -1.057445
v -0.08571938 -0.092810206 -1.0575048
v -0.08562137 -0.09640204 -1.0607568
v -0.085630156 -0.095900446 -1.060355
v -0.08526228 -0.09552173 -1.0608257
v -0.08523434 -0.095994234 -1.0612527
v -0.08530928 -0.095047966 -1.0603592
v -0.0856758 -0.09542528 -1.0598907
v -0.08537376 -0.09459326 -1.0598724
v -0.085756175 -0.09499676 -1.0593842
v -0.085236594 -0.09701388 -1.0619833
v -0.085618034 -0.09725303 -1.0613625
v -0.08495203 -0.09562714 -1.0617094
v -0.08523434 -0.095994234 -1.0612527
v -0.08526228 -0.09552173 -1.0608257
v -0.08497289 -0.09516684 -1.0613233
v -0.08530928 -0.095047966 -1.0603592
v -0.08502519 -0.09465508 -1.0608151
v -0.08509507 -0.094228655 -1.0603205
v -0.08537376 -0.09459326 -1.0598724
v -0.08495887 -0.09679328 -1.0625477
v -0.085236594 -0.09701388 -1.0619833
v -0.08853651 -0.09808476 -1.0587076
v -0.08857698 -0.09759576 -1.0583434
v -0.08793978 -0.097382165 -1.0585542
v -0.08794605 -0.09789189 -1.0589188
v -0.08861824 -0.097038135 -1.0579096
v -0.087979585 -0.09686751 -1.0581518
v -0.088649236 -0.096561246 -1.0575224
v -0.08806356 -0.09637015 -1.0577295
v -0.08794605 -0.09813436 -1.0590798
v -0.08853318 -0.09823582 -1.0587995
v -0.08794605 -0.09789189 -1.0589188
v -0.08793978 -0.097382165 -1.0585542
v -0.08736171 -0.09715005 -1.0588611
v -0.08732773 -0.09763094 -1.0592421
v -0.087403126 -0.09663518 -1.0584565
v -0.087979585 -0.09686751 -1.0581518
v -0.087450825 -0.09610845 -1.0580453
v -0.08806356 -0.09637015 -1.0577295
v -0.08733327 -0.09797879 -1.0594828
v -0.08794605 -0.09813436 -1.0590798
v -0.08684571 -0.09737118 -1.0595918
v -0.08732773 -0.09763094 -1.0592421
v -0.08736171 -0.09715005 -1.0588611
v -0.086864285 -0.09690665 -1.0592515
v -0.087403126 -0.09663518 -1.0584565
v -0.08685743 -0.09781038 -1.0599018
v -0.08733327 -0.09797879 -1.0594828
v -0.086864285 -0.09690665 -1.0592515
v -0.087403126 -0.09663518 -1.0584565
v -0.08691106 -0.09634823 -1.0588104
v -0.08697367 -0.095845595 -1.0583863
v -0.087450825 -0.09610845 -1.0580453
v -0.089131065 -0.096620955 -1.057478
v -0.08913103 -0.097154394 -1.0578315
v -0.08979636 -0.09723004 -1.0577224
v -0.089768425 -0.096671596 -1.0573709
v -0.08913099 -0.097687826 -1.058185
v -0.08979635 -0.097763345 -1.0580758
v -0.08913096 -0.09822124 -1.0585386
v -0.08976839 -0.098271504 -1.0584314
v -0.089768425 -0.096671596 -1.0573709
v -0.08979636 -0.09723004 -1.0577224
v -0.09047465 -0.09723003 -1.0577224
v -0.090502575 -0.096671596 -1.0573709
v -0.09047465 -0.09776333 -1.0580758
v -0.08979635 -0.097763345 -1.0580758
v -0.09050262 -0.098271504 -1.0584314
v -0.08976839 -0.098271504 -1.0584314
v -0.089769825 -0.09836001 -1.0584979
v -0.090501174 -0.09836001 -1.0584979
v -0.09113994 -0.096620955 -1.057478
v -0.090502575 -0.096671596 -1.0573709
v -0.09047465 -0.09723003 -1.0577224
v -0.09113998 -0.097154394 -1.0578315
v -0.09047465 -0.09776333 -1.0580758
v -0.09114001 -0.097687826 -1.058185
v -0.09114005 -0.09822125 -1.0585386
v -0.09050262 -0.098271504 -1.0584314
v -0.09342529 -0.09737118 -1.0595918
v -0.09340686 -0.09690671 -1.0592514
v -0.09290935 -0.097150065 -1.0588611
v -0.092943266 -0.09763094 -1.0592421
v -0.093360096 -0.0963483 -1.0588102
v -0.09286793 -0.096635185 -1.0584565
v -0.09329734 -0.095845595 -1.0583863
v -0.09282018 -0.09610845 -1.0580453
v -0.09293774 -0.09797879 -1.0594828
v -0.09341357 -0.09781038 -1.0599018
v -0.092943266 -0.09763094 -1.0592421
v -0.09290935 -0.097150065 -1.0588611
v -0.09233124 -0.097382165 -1.0585542
v -0.09232495 -0.09789189 -1.0589188
v -0.09229143 -0.09686751 -1.0581518
v -0.09286793 -0.096635185 -1.0584565
v -0.09220745 -0.09637016 -1.0577295
v -0.09282018 -0.09610845 -1.0580453
v -0.09232495 -0.09813436 -1.0590798
v -0.09293774 -0.09797879 -1.0594828
v -0.09173449 -0.09808476 -1.0587076
v -0.09232495 -0.09789189 -1.0589188
v -0.09233124 -0.097382165 -1.0585542
v -0.09169403 -0.097595766 -1.0583434
v -0.09229143 -0.09686751 -1.0581518
v -0.091652766 -0.09703813 -1.0579096
v -0.09162178 -0.096561246 -1.0575224
v -0.09220745 -0.09637016 -1.0577295
v -0.09173782 -0.09823582 -1.0587995
v -0.09232495 -0.09813436 -1.0590798
v -0.09531898 -0.09562712 -1.0617094
v -0.0952985 -0.09516692 -1.0613232
v -0.09500885 -0.095521756 -1.0608257
v -0.09503668 -0.09599421 -1.0612527
v -0.095246196 -0.094655156 -1.060815
v -0.09496186 -0.095048 -1.0603592
v -0.095175944 -0.094228655 -1.0603205
v -0.09489725 -0.09459326 -1.0598724
v -0.095034406 -0.09701388 -1.0619833
v -0.095312126 -0.09679328 -1.0625477
v -0.09503668 -0.09599421 -1.0612527
v -0.09500885 -0.095521756 -1.0608257
v -0.09464085 -0.09590045 -1.060355
v -0.09464963 -0.096402034 -1.0607568
v -0.09459523 -0.09542528 -1.0598907
v -0.09496186 -0.095048 -1.0603592
v -0.094514824 -0.09499676 -1.0593842
v -0.09489725 -0.09459326 -1.0598724
v -0.09465297 -0.09725305 -1.0613625
v -0.095034406 -0.09701388 -1.0619833
v -0.094261184 -0.09674169 -1.060354
v -0.09464963 -0.096402034 -1.0607568
v -0.09464085 -0.09590045 -1.060355
v -0.094207555 -0.09628965 -1.059929
v -0.09459523 -0.09542528 -1.0598907
v -0.09415983 -0.09577347 -1.0594286
v -0.09413079 -0.09533143 -1.0589868
v -0.094514824 -0.09499676 -1.0593842
v -0.09426966 -0.097446896 -1.0608507
v -0.09465297 -0.09725305 -1.0613625
v -0.09489725 -0.09459326 -1.0598724
v -0.09455164 -0.09281023 -1.0575048
v -0.09415317 -0.0934803 -1.057445
v -0.09437118 -0.077753 -1.0561453
v -0.094386235 -0.07783693 -1.0568577
v -0.09406628 -0.07726537 -1.0568818
v -0.094029166 -0.077161685 -1.0561718
v -0.09403274 -0.07716006 -1.0322036
v -0.09437484 -0.07775155 -1.0322036
v -0.09368265 -0.07667069 -1.0561949
v -0.094029166 -0.077161685 -1.0561718
v -0.09406628 -0.07726537 -1.0568818
v -0.09371968 -0.07677822 -1.056872
v -0.09368265 -0.07667069 -1.0322036
v -0.09403274 -0.07716006 -1.0322036
v -0.09371968 -0.07677822 -1.056872
v -0.09406628 -0.07726537 -1.0568818
v -0.094073825 -0.07742493 -1.0576028
v -0.09371597 -0.07693017 -1.0576457
v -0.093672514 -0.07708598 -1.0583091
v -0.09371597 -0.07693017 -1.0576457
v -0.094073825 -0.07742493 -1.0576028
v -0.09405046 -0.07763117 -1.0583047
v -0.09440397 -0.07801636 -1.057581
v -0.094073825 -0.07742493 -1.0576028
v -0.09406628 -0.07726537 -1.0568818
v -0.094386235 -0.07783693 -1.0568577
v -0.09300206 -0.07584483 -1.0562319
v -0.09306504 -0.07598603 -1.0569072
v -0.092571415 -0.07549683 -1.0569576
v -0.09255861 -0.07542917 -1.0562476
v -0.09255861 -0.07542917 -1.0562476
v -0.092571415 -0.07549683 -1.0569576
v -0.09202172 -0.07510329 -1.0569721
v -0.091975175 -0.07502697 -1.0562658
v -0.09140643 -0.07474486 -1.0562816
v -0.091975175 -0.07502697 -1.0562658
v -0.09202172 -0.07510329 -1.0569721
v -0.09143813 -0.07481998 -1.0569514
v -0.09143813 -0.07481998 -1.0569514
v -0.09202172 -0.07510329 -1.0569721
v -0.09202815 -0.0752625 -1.0576838
v -0.09143865 -0.07497924 -1.0577024
v -0.09140786 -0.075180255 -1.0583347
v -0.09143865 -0.07497924 -1.0577024
v -0.09202815 -0.0752625 -1.0576838
v -0.09199308 -0.07549734 -1.0583731
v -0.09199308 -0.07549734 -1.0583731
v -0.09202815 -0.0752625 -1.0576838
v -0.09258543 -0.07566633 -1.0576756
v -0.09260066 -0.07593209 -1.0583745
v -0.09306925 -0.07636909 -1.0583385
v -0.09260066 -0.07593209 -1.0583745
v -0.09258543 -0.07566633 -1.0576756
v -0.093089625 -0.07617788 -1.057678
v -0.093089625 -0.07617788 -1.057678
v -0.09258543 -0.07566633 -1.0576756
v -0.092571415 -0.07549683 -1.0569576
v -0.09306504 -0.07598603 -1.0569072
v -0.092571415 -0.07549683 -1.0569576
v -0.09258543 -0.07566633 -1.0576756
v -0.09202815 -0.0752625 -1.0576838
v -0.09202172 -0.07510329 -1.0569721
v -0.09111677 -0.07464023 -1.0562862
v -0.09115287 -0.07471742 -1.0569557
v -0.09047819 -0.07456933 -1.0569937
v -0.09049386 -0.07451916 -1.0562862
v -0.09049386 -0.07451916 -1.0562862
v -0.09047819 -0.07456933 -1.0569937
v -0.089792825 -0.07456932 -1.0569937
v -0.08977715 -0.07451916 -1.0562862
v -0.08915423 -0.07464022 -1.0562862
v -0.08977715 -0.07451916 -1.0562862
v -0.089792825 -0.07456932 -1.0569937
v -0.08911814 -0.07471741 -1.0569557
v -0.08911814 -0.07471741 -1.0569557
v -0.089792825 -0.07456932 -1.0569937
v -0.08979101 -0.07472676 -1.0577065
v -0.089112826 -0.074879624 -1.057706
v -0.089139715 -0.075083695 -1.0583373
v -0.089112826 -0.074879624 -1.057706
v -0.08979101 -0.07472676 -1.0577065
v -0.08977169 -0.07498641 -1.0583993
v -0.08977169 -0.07498641 -1.0583993
v -0.08979101 -0.07472676 -1.0577065
v -0.09048 -0.074726775 -1.0577065
v -0.09049932 -0.07498643 -1.0583993
v -0.09113129 -0.07508371 -1.0583373
v -0.09049932 -0.07498643 -1.0583993
v -0.09048 -0.074726775 -1.0577065
v -0.09115819 -0.074879624 -1.057706
v -0.09115819 -0.074879624 -1.057706
v -0.09048 -0.074726775 -1.0577065
v -0.09047819 -0.07456933 -1.0569937
v -0.09115287 -0.07471742 -1.0569557
v -0.09047819 -0.07456933 -1.0569937
v -0.09048 -0.074726775 -1.0577065
v -0.08979101 -0.07472676 -1.0577065
v -0.089792825 -0.07456932 -1.0569937
v -0.08726895 -0.07584481 -1.0562319
v -0.0877124 -0.075429164 -1.0562476
v -0.0876996 -0.07549682 -1.0569576
v -0.08720597 -0.07598601 -1.0569072
v -0.08720597 -0.07598601 -1.0569072
v -0.0876996 -0.07549682 -1.0569576
v -0.08768557 -0.075666316 -1.0576757
v -0.08718138 -0.07617786 -1.057678
v -0.087201774 -0.07636907 -1.0583385
v -0.08718138 -0.07617786 -1.057678
v -0.08768557 -0.075666316 -1.0576757
v -0.087670356 -0.07593208 -1.0583745
v -0.087670356 -0.07593208 -1.0583745
v -0.08768557 -0.075666316 -1.0576757
v -0.088242866 -0.075262494 -1.0576838
v -0.08827793 -0.075497314 -1.0583731
v -0.08886315 -0.07518024 -1.0583347
v -0.08827793 -0.075497314 -1.0583731
v -0.088242866 -0.075262494 -1.0576838
v -0.088832356 -0.07497921 -1.0577024
v -0.088832356 -0.07497921 -1.0577024
v -0.088242866 -0.075262494 -1.0576838
v -0.08824929 -0.07510327 -1.0569721
v -0.088832885 -0.07481996 -1.0569514
v -0.08886458 -0.07474484 -1.0562816
v -0.088832885 -0.07481996 -1.0569514
v -0.08824929 -0.07510327 -1.0569721
v -0.08829585 -0.07502696 -1.0562658
v -0.08829585 -0.07502696 -1.0562658
v -0.08824929 -0.07510327 -1.0569721
v -0.0876996 -0.07549682 -1.0569576
v -0.0877124 -0.075429164 -1.0562476
v -0.0876996 -0.07549682 -1.0569576
v -0.08824929 -0.07510327 -1.0569721
v -0.088242866 -0.075262494 -1.0576838
v -0.08768557 -0.075666316 -1.0576757
v -0.0865985 -0.07708596 -1.0583091
v -0.08622055 -0.077631146 -1.0583047
v -0.08619718 -0.077424906 -1.0576028
v -0.08655504 -0.07693014 -1.0576457
v -0.08655504 -0.07693014 -1.0576457
v -0.08619718 -0.077424906 -1.0576028
v -0.08620474 -0.07726536 -1.0568818
v -0.08655133 -0.07677818 -1.056872
v -0.08658836 -0.07667067 -1.0561949
v -0.08655133 -0.07677818 -1.056872
v -0.08620474 -0.07726536 -1.0568818
v -0.086241834 -0.077161655 -1.0561719
v -0.08623828 -0.07716004 -1.0322036
v -0.08658836 -0.07667067 -1.0322036
v -0.086241834 -0.077161655 -1.0561719
v -0.08620474 -0.07726536 -1.0568818
v -0.08588479 -0.07783692 -1.0568577
v -0.085899845 -0.07775298 -1.0561453
v -0.08589618 -0.077751525 -1.0322036
v -0.08623828 -0.07716004 -1.0322036
v -0.08619718 -0.077424906 -1.0576028
v -0.08586704 -0.07801636 -1.057581
v -0.08588479 -0.07783692 -1.0568577
v -0.08620474 -0.07726536 -1.0568818
v -0.08501851 -0.08993423 -1.0556003
v -0.08484774 -0.08937673 -1.0556256
v -0.08483724 -0.08948358 -1.0563318
v -0.0850467 -0.090150096 -1.0562702
v -0.0850467 -0.090150096 -1.0562702
v -0.08483724 -0.08948358 -1.0563318
v -0.0848005 -0.089699 -1.0570377
v -0.08501637 -0.0904159 -1.0570328
v -0.084935635 -0.09066064 -1.0576842
v -0.08501637 -0.0904159 -1.0570328
v -0.0848005 -0.089699 -1.0570377
v -0.0847398 -0.09001766 -1.0577124
v -0.08542047 -0.092211224 -1.0575843
v -0.08556226 -0.092018805 -1.0569453
v -0.0847398 -0.09001766 -1.0577124
v -0.0848005 -0.089699 -1.0570377
v -0.08463665 -0.08904005 -1.0570729
v -0.08456122 -0.08926763 -1.0577579
v -0.084447704 -0.08861121 -1.0578083
v -0.08456122 -0.08926763 -1.0577579
v -0.08463665 -0.08904005 -1.0570729
v -0.084529586 -0.08846396 -1.0571369
v -0.084529586 -0.08846396 -1.0571369
v -0.08463665 -0.08904005 -1.0570729
v -0.08468118 -0.088855505 -1.0563617
v -0.084584855 -0.088297 -1.056358
v -0.084598705 -0.08815503 -1.0556799
v -0.084584855 -0.088297 -1.056358
v -0.08468118 -0.088855505 -1.0563617
v -0.08469411 -0.08872558 -1.0556548
v -0.08469411 -0.08872558 -1.0556548
v -0.08468118 -0.088855505 -1.0563617
v -0.08483724 -0.08948358 -1.0563318
v -0.08484774 -0.08937673 -1.0556256
v -0.08483724 -0.08948358 -1.0563318
v -0.08468118 -0.088855505 -1.0563617
v -0.08463665 -0.08904005 -1.0570729
v -0.0848005 -0.089699 -1.0570377
v -0.08542047 -0.092211224 -1.0575843
v -0.08571938 -0.092810206 -1.0575048
v -0.08583254 -0.09254317 -1.0568728
v -0.08556226 -0.092018805 -1.0569453
v -0.08556226 -0.092018805 -1.0569453
v -0.08583254 -0.09254317 -1.0568728
v -0.08589289 -0.09233394 -1.0561951
v -0.0856476 -0.091817394 -1.0561912
v -0.08565373 -0.09166071 -1.0555229
v -0.0856476 -0.091817394 -1.0561912
v -0.08589289 -0.09233394 -1.0561951
v -0.085899845 -0.09219436 -1.0555
v -0.085899845 -0.09219436 -1.0555
v -0.08589289 -0.09233394 -1.0561951
v -0.08623043 -0.092894696 -1.0561656
v -0.086241834 -0.09278568 -1.0554736
v -0.08658836 -0.09327667 -1.0554507
v -0.086241834 -0.09278568 -1.0554736
v -0.08623043 -0.092894696 -1.0561656
v -0.086644694 -0.0934712 -1.0561055
v -0.086644694 -0.0934712 -1.0561055
v -0.08623043 -0.092894696 -1.0561656
v -0.086187735 -0.09312841 -1.0568326
v -0.086615816 -0.09375119 -1.0568261
v -0.08650935 -0.09404238 -1.0574213
v -0.086615816 -0.09375119 -1.0568261
v -0.086187735 -0.09312841 -1.0568326
v -0.08611784 -0.0934803 -1.057445
v -0.08611784 -0.0934803 -1.057445
v -0.086187735 -0.09312841 -1.0568326
v -0.08583254 -0.09254317 -1.0568728
v -0.08571938 -0.092810206 -1.0575048
v -0.08583254 -0.09254317 -1.0568728
v -0.086187735 -0.09312841 -1.0568326
v -0.08623043 -0.092894696 -1.0561656
v -0.08589289 -0.09233394 -1.0561951
v -0.08726894 -0.094102524 -1.0554137
v -0.087282255 -0.094273135 -1.0560555
v -0.087717265 -0.09466512 -1.0560642
v -0.0877124 -0.09451817 -1.0553982
v -0.0877124 -0.09451817 -1.0553982
v -0.087717265 -0.09466512 -1.0560642
v -0.088262305 -0.09502244 -1.056041
v -0.08829584 -0.094920374 -1.0553803
v -0.08886458 -0.09520249 -1.0553648
v -0.08829584 -0.094920374 -1.0553803
v -0.088262305 -0.09502244 -1.056041
v -0.088890724 -0.09532705 -1.0559895
v -0.088890724 -0.09532705 -1.0559895
v -0.088262305 -0.09502244 -1.056041
v -0.088219315 -0.09526142 -1.0566244
v -0.08885537 -0.09560052 -1.0566247
v -0.089175545 -0.09574635 -1.0565709
v -0.089196935 -0.09544647 -1.055971
v -0.08876771 -0.095951974 -1.0571053
v -0.08885537 -0.09560052 -1.0566247
v -0.088219315 -0.09526142 -1.0566244
v -0.088172175 -0.09562739 -1.0571055
v -0.088172175 -0.09562739 -1.0571055
v -0.088219315 -0.09526142 -1.0566244
v -0.08765388 -0.094901234 -1.0566636
v -0.08752416 -0.09521542 -1.0571724
v -0.0869964 -0.094825886 -1.0572883
v -0.08752416 -0.09521542 -1.0571724
v -0.08765388 -0.094901234 -1.0566636
v -0.08718267 -0.09453744 -1.0567405
v -0.08718267 -0.09453744 -1.0567405
v -0.08765388 -0.094901234 -1.0566636
v -0.087717265 -0.09466512 -1.0560642
v -0.087282255 -0.094273135 -1.0560555
v -0.087717265 -0.09466512 -1.0560642
v -0.08765388 -0.094901234 -1.0566636
v -0.088219315 -0.09526142 -1.0566244
v -0.088262305 -0.09502244 -1.056041
v -0.09111677 -0.09530713 -1.0553601
v -0.09049386 -0.0954282 -1.0553601
v -0.09045368 -0.09556169 -1.0559998
v -0.091074064 -0.09544648 -1.055971
v -0.091074064 -0.09544648 -1.055971
v -0.09045368 -0.09556169 -1.0559998
v -0.0904609 -0.09581075 -1.056532
v -0.09109546 -0.09574635 -1.0565709
v -0.09117547 -0.09612967 -1.0570056
v -0.09109546 -0.09574635 -1.0565709
v -0.0904609 -0.09581075 -1.056532
v -0.09051593 -0.09616243 -1.0569363
v -0.09051593 -0.09616243 -1.0569363
v -0.0904609 -0.09581075 -1.056532
v -0.08981011 -0.09581075 -1.056532
v -0.08975507 -0.09616244 -1.0569363
v -0.08909554 -0.09612967 -1.0570056
v -0.08975507 -0.09616244 -1.0569363
v -0.08981011 -0.09581075 -1.056532
v -0.089175545 -0.09574635 -1.0565709
v -0.089175545 -0.09574635 -1.0565709
v -0.08981011 -0.09581075 -1.056532
v -0.08981732 -0.09556169 -1.0559998
v -0.089196935 -0.09544647 -1.055971
v -0.08915423 -0.09530713 -1.0553601
v -0.089196935 -0.09544647 -1.055971
v -0.08981732 -0.09556169 -1.0559998
v -0.08977715 -0.0954282 -1.0553601
v -0.08977715 -0.0954282 -1.0553601
v -0.08981732 -0.09556169 -1.0559998
v -0.09045368 -0.09556169 -1.0559998
v -0.09049386 -0.0954282 -1.0553601
v -0.09045368 -0.09556169 -1.0559998
v -0.08981732 -0.09556169 -1.0559998
v -0.08981011 -0.09581075 -1.056532
v -0.0904609 -0.09581075 -1.056532
v -0.09300206 -0.094102524 -1.0554137
v -0.09255861 -0.09451817 -1.0553982
v -0.09255375 -0.09466512 -1.0560642
v -0.092988744 -0.094273135 -1.0560555
v -0.092988744 -0.094273135 -1.0560555
v -0.09255375 -0.09466512 -1.0560642
v -0.09261712 -0.094901234 -1.0566636
v -0.092988744 -0.094273135 -1.0560555
v -0.09261712 -0.094901234 -1.0566636
v -0.09308834 -0.09453744 -1.0567405
v -0.09327461 -0.094825886 -1.0572883
v -0.09308834 -0.09453744 -1.0567405
v -0.09261712 -0.094901234 -1.0566636
v -0.09274685 -0.095215425 -1.0571724
v -0.09274685 -0.095215425 -1.0571724
v -0.09261712 -0.094901234 -1.0566636
v -0.09205169 -0.09526142 -1.0566244
v -0.092098825 -0.09562739 -1.0571055
v -0.09150329 -0.095951974 -1.0571053
v -0.092098825 -0.09562739 -1.0571055
v -0.09205169 -0.09526142 -1.0566244
v -0.09141563 -0.09560052 -1.0566247
v -0.09141563 -0.09560052 -1.0566247
v -0.09205169 -0.09526142 -1.0566244
v -0.0920087 -0.09502244 -1.056041
v -0.091380276 -0.09532705 -1.0559895
v -0.091074064 -0.09544648 -1.055971
v -0.09109546 -0.09574635 -1.0565709
v -0.09140643 -0.09520249 -1.0553648
v -0.091380276 -0.09532705 -1.0559895
v -0.0920087 -0.09502244 -1.056041
v -0.09197516 -0.094920374 -1.0553803
v -0.09197516 -0.094920374 -1.0553803
v -0.0920087 -0.09502244 -1.056041
v -0.09255375 -0.09466512 -1.0560642
v -0.09255861 -0.09451817 -1.0553982
v -0.09255375 -0.09466512 -1.0560642
v -0.0920087 -0.09502244 -1.056041
v -0.09205169 -0.09526142 -1.0566244
v -0.09261712 -0.094901234 -1.0566636
v -0.09376166 -0.094042376 -1.0574213
v -0.09415317 -0.0934803 -1.057445
v -0.09408327 -0.09312842 -1.0568326
v -0.093655206 -0.09375118 -1.0568261
v -0.093655206 -0.09375118 -1.0568261
v -0.09408327 -0.09312842 -1.0568326
v -0.09404058 -0.0928947 -1.0561656
v -0.093626305 -0.0934712 -1.0561055
v -0.09368265 -0.09327667 -1.0554507
v -0.093626305 -0.0934712 -1.0561055
v -0.09404058 -0.0928947 -1.0561656
v -0.094029166 -0.09278568 -1.0554736
v -0.094029166 -0.09278568 -1.0554736
v -0.09404058 -0.0928947 -1.0561656
v -0.09437811 -0.09233394 -1.0561951
v -0.09437116 -0.09219436 -1.0555
v -0.09461728 -0.09166071 -1.0555229
v -0.09437116 -0.09219436 -1.0555
v -0.09437811 -0.09233394 -1.0561951
v -0.09462341 -0.091817394 -1.0561912
v -0.09462341 -0.091817394 -1.0561912
v -0.09437811 -0.09233394 -1.0561951
v -0.09443846 -0.09254317 -1.0568728
v -0.094708756 -0.09201879 -1.0569453
v -0.09485055 -0.092211224 -1.0575843
v -0.094708756 -0.09201879 -1.0569453
v -0.09443846 -0.09254317 -1.0568728
v -0.09455164 -0.09281023 -1.0575048
v -0.09455164 -0.09281023 -1.0575048
v -0.09443846 -0.09254317 -1.0568728
v -0.09408327 -0.09312842 -1.0568326
v -0.09415317 -0.0934803 -1.057445
v -0.09408327 -0.09312842 -1.0568326
v -0.09443846 -0.09254317 -1.0568728
v -0.09437811 -0.09233394 -1.0561951
v -0.09404058 -0.0928947 -1.0561656
v -0.0952525 -0.08993423 -1.0556003
v -0.09522431 -0.090150096 -1.0562702
v -0.09543376 -0.08948358 -1.0563318
v -0.09542327 -0.089376725 -1.0556256
v -0.09542327 -0.089376725 -1.0556256
v -0.09543376 -0.08948358 -1.0563318
v -0.095589824 -0.08885552 -1.0563617
v -0.095576905 -0.0887256 -1.0556548
v -0.09567231 -0.08815503 -1.0556799
v -0.095576905 -0.0887256 -1.0556548
v -0.095589824 -0.08885552 -1.0563617
v -0.09568616 -0.088297 -1.056358
v -0.09568616 -0.088297 -1.056358
v -0.095589824 -0.08885552 -1.0563617
v -0.09563436 -0.08904005 -1.0570729
v -0.09574142 -0.08846397 -1.0571369
v -0.0958233 -0.08861121 -1.0578083
v -0.09574142 -0.08846397 -1.0571369
v -0.09563436 -0.08904005 -1.0570729
v -0.09570978 -0.08926763 -1.0577579
v -0.09570978 -0.08926763 -1.0577579
v -0.09563436 -0.08904005 -1.0570729
v -0.0954705 -0.08969899 -1.0570377
v -0.09553121 -0.09001767 -1.0577124
v -0.09533538 -0.09066064 -1.0576842
v -0.09553121 -0.09001767 -1.0577124
v -0.0954705 -0.08969899 -1.0570377
v -0.09525464 -0.0904159 -1.0570328
v -0.094708756 -0.09201879 -1.0569453
v -0.09485055 -0.092211224 -1.0575843
v -0.09525464 -0.0904159 -1.0570328
v -0.0954705 -0.08969899 -1.0570377
v -0.09543376 -0.08948358 -1.0563318
v -0.09522431 -0.090150096 -1.0562702
v -0.09543376 -0.08948358 -1.0563318
v -0.0954705 -0.08969899 -1.0570377
v -0.09563436 -0.08904005 -1.0570729
v -0.095589824 -0.08885552 -1.0563617
v -0.096004255 -0.084479265 -1.0580112
v -0.095964 -0.0842784 -1.0574304
v -0.096000716 -0.08490877 -1.0573096
v -0.09604295 -0.08513829 -1.0579748
v -0.09593354 -0.084126405 -1.056645
v -0.095971055 -0.08473874 -1.0565876
v -0.095921226 -0.08406494 -1.0558633
v -0.09595521 -0.08464108 -1.0558374
v -0.095921226 -0.08406494 -1.0322036
v -0.09595766 -0.08464105 -1.0322036
v -0.09673267 -0.08899179 -1.0666331
v -0.096422195 -0.26310462 -1.0632133
v -0.09570978 -0.26566383 -1.0577579
v -0.0958233 -0.26632023 -1.0578083
v -0.094219476 -0.2710558 -1.0728251
v -0.094609 -0.2707245 -1.0724036
v -0.09405045 -0.2773003 -1.0583047
v -0.0936725 -0.2778455 -1.0583091
v -0.09499799 -0.27031392 -1.0719011
v -0.095282555 -0.26993364 -1.0714519
v -0.09469629 -0.2760559 -1.0582563
v -0.094425075 -0.27664545 -1.0582854
v -0.08421823 -0.09607751 -1.064412
v -0.0842619 -0.09664536 -1.0645833
v -0.08498291 -0.09734555 -1.0627596
v -0.08495887 -0.09679328 -1.0625477
v -0.0842619 -0.09664536 -1.0645833
v -0.084272556 -0.097304255 -1.0647666
v -0.08497176 -0.09798627 -1.0629903
v -0.08498291 -0.09734555 -1.0627596
v -0.084272556 -0.097304255 -1.0647666
v -0.08424735 -0.09787785 -1.0649129
v -0.08492842 -0.09854396 -1.063178
v -0.08497176 -0.09798627 -1.0629903
v -0.09335993 -0.25858322 -1.0588104
v -0.093297325 -0.25908586 -1.0583863
v -0.094130784 -0.25960004 -1.0589868
v -0.09415982 -0.259158 -1.0594286
v -0.086051516 -0.08387569 -1.0728251
v -0.085662 -0.08420697 -1.0724036
v -0.08622055 -0.077631146 -1.0583047
v -0.0865985 -0.07708596 -1.0583091
v -0.085273005 -0.084617555 -1.0719011
v -0.08498844 -0.08499783 -1.0714519
v -0.08557471 -0.07887556 -1.0582563
v -0.085845925 -0.078285985 -1.0582854
v -0.0911362 -0.25662324 -1.0586084
v -0.09050117 -0.25657144 -1.0584979
v -0.0905089 -0.2566566 -1.0584241
v -0.09114004 -0.25671023 -1.0585386
v -0.09050117 -0.25657144 -1.0584979
v -0.08976982 -0.25657144 -1.0584979
v -0.08976838 -0.25665995 -1.0584314
v -0.09050117 -0.25657144 -1.0584979
v -0.08976838 -0.25665995 -1.0584314
v -0.0905089 -0.2566566 -1.0584241
v -0.08976982 -0.25657144 -1.0584979
v -0.089134775 -0.25662324 -1.0586084
v -0.089130946 -0.25671023 -1.0585386
v -0.08976982 -0.25657144 -1.0584979
v -0.089130946 -0.25671023 -1.0585386
v -0.08976838 -0.25665995 -1.0584314
v -0.09341357 -0.09781038 -1.0599018
v -0.09337727 -0.09835491 -1.060122
v -0.09420795 -0.09799781 -1.0610534
v -0.09426966 -0.097446896 -1.0608507
v -0.09337727 -0.09835491 -1.060122
v -0.09339118 -0.09899301 -1.0603305
v -0.09419459 -0.098644085 -1.0612402
v -0.09420795 -0.09799781 -1.0610534
v -0.09339118 -0.09899301 -1.0603305
v -0.093451574 -0.09955437 -1.0604718
v -0.09423312 -0.099213235 -1.0613613
v -0.09419459 -0.098644085 -1.0612402
v -0.08501636 -0.26451555 -1.0570328
v -0.08504669 -0.26478136 -1.0562702
v -0.08564759 -0.26311406 -1.0561912
v -0.085562244 -0.26291266 -1.0569453
v -0.08504669 -0.26478136 -1.0562702
v -0.0850185 -0.26499724 -1.0556003
v -0.08565372 -0.26327077 -1.0555229
v -0.08564759 -0.26311406 -1.0561912
v -0.09171592 -0.2723822 -1.0744514
v -0.09230608 -0.27221334 -1.0742037
v -0.09199307 -0.27943414 -1.0583731
v -0.09140785 -0.2797512 -1.0583347
v -0.09230608 -0.27221334 -1.0742037
v -0.09292519 -0.27195024 -1.0738754
v -0.09260065 -0.2789994 -1.0583745
v -0.09199307 -0.27943414 -1.0583731
v -0.09292519 -0.27195024 -1.0738754
v -0.09340887 -0.27166274 -1.0735538
v -0.093069226 -0.27856237 -1.0583385
v -0.09260065 -0.2789994 -1.0583745
v -0.0932746 -0.26010558 -1.0572883
v -0.09308833 -0.26039404 -1.0567405
v -0.09365519 -0.26118028 -1.0568261
v -0.09376165 -0.26088908 -1.0574213
v -0.09308833 -0.26039404 -1.0567405
v -0.092988744 -0.26065832 -1.0560555
v -0.0936263 -0.26146027 -1.0561055
v -0.09365519 -0.26118028 -1.0568261
v -0.092988744 -0.26065832 -1.0560555
v -0.09300205 -0.26082894 -1.0554137
v -0.09368264 -0.2616548 -1.0554507
v -0.0936263 -0.26146027 -1.0561055
v -0.086854264 -0.090231836 -1.0796429
v -0.08679252 -0.090773724 -1.0798676
v -0.085961446 -0.09113541 -1.0789255
v -0.08600344 -0.090601645 -1.0786797
v -0.08679252 -0.090773724 -1.0798676
v -0.086781204 -0.09141113 -1.0800788
v -0.085972965 -0.09176338 -1.079161
v -0.08679252 -0.090773724 -1.0798676
v -0.085972965 -0.09176338 -1.079161
v -0.085961446 -0.09113541 -1.0789255
v -0.086781204 -0.09141113 -1.0800788
v -0.08682331 -0.091974 -1.0802201
v -0.086034924 -0.09231802 -1.0793234
v -0.085972965 -0.09176338 -1.079161
v -0.08424733 -0.25705358 -1.0649129
v -0.08427255 -0.2576272 -1.0647666
v -0.08497175 -0.2569452 -1.0629903
v -0.084928416 -0.2563875 -1.063178
v -0.08427255 -0.2576272 -1.0647666
v -0.084261894 -0.2582861 -1.0645833
v -0.0849829 -0.2575859 -1.0627596
v -0.08497175 -0.2569452 -1.0629903
v -0.084261894 -0.2582861 -1.0645833
v -0.08421821 -0.25885397 -1.064412
v -0.08495887 -0.25813818 -1.0625477
v -0.0849829 -0.2575859 -1.0627596
v -0.09421948 -0.08387569 -1.0728251
v -0.09428121 -0.08423933 -1.0733467
v -0.093458354 -0.08362778 -1.0740823
v -0.09340887 -0.083268724 -1.0735538
v -0.09428121 -0.08423933 -1.0733467
v -0.09429769 -0.08468774 -1.0739186
v -0.093462236 -0.08406998 -1.0746628
v -0.093458354 -0.08362778 -1.0740823
v -0.09429769 -0.08468774 -1.0739186
v -0.094264545 -0.08510124 -1.074388
v -0.093419485 -0.08447726 -1.0751402
v -0.093462236 -0.08406998 -1.0746628
v -0.08726894 -0.27908665 -1.0562319
v -0.08771239 -0.2795023 -1.0562476
v -0.087707594 -0.27950686 -1.0322036
v -0.08726894 -0.27908665 -1.0322036
v -0.08771239 -0.2795023 -1.0562476
v -0.08829583 -0.27990448 -1.0562658
v -0.08829163 -0.2799095 -1.0322036
v -0.087707594 -0.27950686 -1.0322036
v -0.08829583 -0.27990448 -1.0562658
v -0.08886458 -0.2801866 -1.0562816
v -0.08886458 -0.2801866 -1.0322036
v -0.08829163 -0.2799095 -1.0322036
v -0.09345157 -0.2553771 -1.0604718
v -0.093391165 -0.25593844 -1.0603305
v -0.09419458 -0.2562874 -1.0612402
v -0.09423311 -0.25571823 -1.0613613
v -0.093391165 -0.25593844 -1.0603305
v -0.09337726 -0.25657654 -1.060122
v -0.09420795 -0.25693366 -1.0610534
v -0.09419458 -0.2562874 -1.0612402
v -0.09337726 -0.25657654 -1.060122
v -0.09341356 -0.2571211 -1.0599018
v -0.09426965 -0.25748456 -1.0608507
v -0.09420795 -0.25693366 -1.0610534
v -0.08600344 -0.090601645 -1.0786797
v -0.08561885 -0.09079409 -1.0781643
v -0.085620046 -0.08544133 -1.0739895
v -0.08600645 -0.08510124 -1.074388
v -0.08561885 -0.09079409 -1.0781643
v -0.08523604 -0.091032684 -1.0775399
v -0.08523523 -0.085850455 -1.0734996
v -0.085620046 -0.08544133 -1.0739895
v -0.08523604 -0.091032684 -1.0775399
v -0.0849572 -0.09125373 -1.076973
v -0.08495475 -0.08621941 -1.073049
v -0.08523523 -0.085850455 -1.0734996
v -0.08720175 -0.27856237 -1.0583385
v -0.087181374 -0.27875358 -1.057678
v -0.08655502 -0.2780013 -1.0576457
v -0.08659848 -0.2778455 -1.0583091
v -0.087181374 -0.27875358 -1.057678
v -0.08720596 -0.27894545 -1.0569072
v -0.08655132 -0.27815324 -1.056872
v -0.08655502 -0.2780013 -1.0576457
v -0.08720596 -0.27894545 -1.0569072
v -0.08726894 -0.27908665 -1.0562319
v -0.08658835 -0.27826077 -1.0561949
v -0.08655132 -0.27815324 -1.056872
v -0.08915423 -0.09530713 -1.0553601
v -0.08977715 -0.0954282 -1.0553601
v -0.08977633 -0.095436856 -1.0322036
v -0.08915423 -0.09530713 -1.0322036
v -0.08977715 -0.0954282 -1.0553601
v -0.09049386 -0.0954282 -1.0553601
v -0.09049468 -0.095436856 -1.0322036
v -0.08977633 -0.095436856 -1.0322036
v -0.09049386 -0.0954282 -1.0553601
v -0.09111677 -0.09530713 -1.0553601
v -0.09111678 -0.09530713 -1.0322036
v -0.09049468 -0.095436856 -1.0322036
v -0.09528257 -0.08499783 -1.0714518
v -0.094997995 -0.084617555 -1.0719011
v -0.09442508 -0.078286014 -1.0582854
v -0.0946963 -0.07887558 -1.0582563
v -0.09460901 -0.08420697 -1.0724036
v -0.09421948 -0.08387569 -1.0728251
v -0.093672514 -0.07708598 -1.0583091
v -0.09405046 -0.07763117 -1.0583047
v -0.0850185 -0.26499724 -1.0556003
v -0.08484773 -0.26555473 -1.0556256
v -0.084845036 -0.26555422 -1.0322036
v -0.0850185 -0.26499724 -1.0322036
v -0.08484773 -0.26555473 -1.0556256
v -0.084694095 -0.26620588 -1.0556548
v -0.08469137 -0.26620543 -1.0322036
v -0.084845036 -0.26555422 -1.0322036
v -0.084694095 -0.26620588 -1.0556548
v -0.08459869 -0.26677644 -1.0556799
v -0.08459869 -0.26677644 -1.0322036
v -0.08469137 -0.26620543 -1.0322036
v -0.09605198 -0.0919725 -1.0751013
v -0.09607831 -0.092519574 -1.0753264
v -0.09535695 -0.0918163 -1.0771579
v -0.0953138 -0.09125373 -1.076973
v -0.09607831 -0.092519574 -1.0753264
v -0.096068434 -0.09315467 -1.075572
v -0.095366545 -0.09246932 -1.0773568
v -0.09535695 -0.0918163 -1.0771579
v -0.096068434 -0.09315467 -1.075572
v -0.09602504 -0.09370784 -1.0757722
v -0.09534002 -0.09303805 -1.0775167
v -0.095366545 -0.09246932 -1.0773568
v -0.0868233 -0.26295745 -1.0802201
v -0.0867812 -0.26352033 -1.0800788
v -0.08597295 -0.2631681 -1.079161
v -0.08603491 -0.26261345 -1.0793234
v -0.0867812 -0.26352033 -1.0800788
v -0.086792514 -0.2641577 -1.0798676
v -0.085961424 -0.26379603 -1.0789255
v -0.08597295 -0.2631681 -1.079161
v -0.086792514 -0.2641577 -1.0798676
v -0.08685426 -0.26469964 -1.0796429
v -0.08600342 -0.26432982 -1.0786797
v -0.085961424 -0.26379603 -1.0789255
v -0.09489725 -0.09459326 -1.0598724
v -0.095175944 -0.094228655 -1.0603205
v -0.09485055 -0.092211224 -1.0575843
v -0.09455164 -0.09281023 -1.0575048
v -0.08913297 -0.2713145 -1.0761633
v -0.089103304 -0.27174386 -1.0757233
v -0.08851233 -0.27161363 -1.0755664
v -0.08913297 -0.2713145 -1.0761633
v -0.08851233 -0.27161363 -1.0755664
v -0.08853487 -0.27118295 -1.0760046
v -0.089103304 -0.27174386 -1.0757233
v -0.089102216 -0.2721815 -1.0751534
v -0.08851972 -0.27205226 -1.0749983
v -0.08851233 -0.27161363 -1.0755664
v -0.089102216 -0.2721815 -1.0751534
v -0.08912997 -0.27251107 -1.0746052
v -0.08855507 -0.2723822 -1.0744514
v -0.089102216 -0.2721815 -1.0751534
v -0.08855507 -0.2723822 -1.0744514
v -0.08851972 -0.27205226 -1.0749983
v -0.09368265 -0.07667069 -1.0561949
v -0.09371968 -0.07677822 -1.056872
v -0.09306504 -0.07598603 -1.0569072
v -0.09300206 -0.07584483 -1.0562319
v -0.09371968 -0.07677822 -1.056872
v -0.09371597 -0.07693017 -1.0576457
v -0.093089625 -0.07617788 -1.057678
v -0.09306504 -0.07598603 -1.0569072
v -0.09371597 -0.07693017 -1.0576457
v -0.093672514 -0.07708598 -1.0583091
v -0.09306925 -0.07636909 -1.0583385
v -0.093089625 -0.07617788 -1.057678
v -0.08509507 -0.094228655 -1.0603205
v -0.08537376 -0.09459326 -1.0598724
v -0.08571938 -0.092810206 -1.0575048
v -0.08542047 -0.092211224 -1.0575843
v -0.09461728 -0.09166071 -1.0555229
v -0.09462341 -0.091817394 -1.0561912
v -0.09522431 -0.090150096 -1.0562702
v -0.0952525 -0.08993423 -1.0556003
v -0.09462341 -0.091817394 -1.0561912
v -0.094708756 -0.09201879 -1.0569453
v -0.09525464 -0.0904159 -1.0570328
v -0.09522431 -0.090150096 -1.0562702
v -0.08886458 -0.07474484 -1.0562816
v -0.08829585 -0.07502696 -1.0562658
v -0.088291645 -0.07502195 -1.0322036
v -0.08886458 -0.07474484 -1.0322036
v -0.08829585 -0.07502696 -1.0562658
v -0.0877124 -0.075429164 -1.0562476
v -0.0877076 -0.075424574 -1.0322036
v -0.088291645 -0.07502195 -1.0322036
v -0.0877124 -0.075429164 -1.0562476
v -0.08726895 -0.07584481 -1.0562319
v -0.08726895 -0.07584481 -1.0322036
v -0.0877076 -0.075424574 -1.0322036
v -0.0917369 -0.26512045 -1.0807538
v -0.092324935 -0.26502404 -1.080468
v -0.092324935 -0.2709889 -1.0757972
v -0.09173612 -0.27118298 -1.0760046
v -0.092324935 -0.26502404 -1.080468
v -0.09293922 -0.26487017 -1.0800619
v -0.09294052 -0.27072242 -1.075481
v -0.092324935 -0.26502404 -1.080468
v -0.09294052 -0.27072242 -1.075481
v -0.092324935 -0.2709889 -1.0757972
v -0.09293922 -0.26487017 -1.0800619
v -0.09341673 -0.26469964 -1.0796429
v -0.09341947 -0.27045423 -1.0751402
v -0.09294052 -0.27072242 -1.075481
v -0.09114001 -0.25724363 -1.058185
v -0.09113633 -0.25777763 -1.0578326
v -0.09165275 -0.25789332 -1.0579096
v -0.09169402 -0.2573357 -1.0583434
v -0.09113633 -0.25777763 -1.0578326
v -0.09162176 -0.25837022 -1.0575224
v -0.09165275 -0.25789332 -1.0579096
v -0.088649236 -0.096561246 -1.0575224
v -0.08861824 -0.097038135 -1.0579096
v -0.08913103 -0.097154394 -1.0578315
v -0.089131065 -0.096620955 -1.057478
v -0.08861824 -0.097038135 -1.0579096
v -0.08857698 -0.09759576 -1.0583434
v -0.08913099 -0.097687826 -1.058185
v -0.08913103 -0.097154394 -1.0578315
v -0.096025035 -0.2612236 -1.0757722
v -0.09606843 -0.2617768 -1.075572
v -0.09536652 -0.26246214 -1.0773568
v -0.09534001 -0.2618934 -1.0775167
v -0.09606843 -0.2617768 -1.075572
v -0.09607829 -0.2624119 -1.0753264
v -0.09535694 -0.26311514 -1.0771579
v -0.09536652 -0.26246214 -1.0773568
v -0.09607829 -0.2624119 -1.0753264
v -0.096051976 -0.26295894 -1.0751013
v -0.0953138 -0.26367775 -1.076973
v -0.09535694 -0.26311514 -1.0771579
v -0.08537375 -0.26033822 -1.0598724
v -0.08509506 -0.2607028 -1.0603205
v -0.08542045 -0.26272023 -1.0575843
v -0.08571936 -0.26212126 -1.0575048
v -0.0953138 -0.09125373 -1.076973
v -0.09503496 -0.091032684 -1.0775399
v -0.09503577 -0.085850455 -1.0734996
v -0.095316246 -0.08621939 -1.073049
v -0.09503496 -0.091032684 -1.0775399
v -0.094652146 -0.09079409 -1.0781643
v -0.094650954 -0.08544131 -1.0739895
v -0.09503577 -0.085850455 -1.0734996
v -0.094652146 -0.09079409 -1.0781643
v -0.094267555 -0.090601645 -1.0786797
v -0.094264545 -0.08510124 -1.074388
v -0.094650954 -0.08544131 -1.0739895
v -0.08658836 -0.09327667 -1.0554507
v -0.086644694 -0.0934712 -1.0561055
v -0.087282255 -0.094273135 -1.0560555
v -0.08726894 -0.094102524 -1.0554137
v -0.086644694 -0.0934712 -1.0561055
v -0.086615816 -0.09375119 -1.0568261
v -0.08718267 -0.09453744 -1.0567405
v -0.087282255 -0.094273135 -1.0560555
v -0.086615816 -0.09375119 -1.0568261
v -0.08650935 -0.09404238 -1.0574213
v -0.0869964 -0.094825886 -1.0572883
v -0.086615816 -0.09375119 -1.0568261
v -0.0869964 -0.094825886 -1.0572883
v -0.08718267 -0.09453744 -1.0567405
v -0.09300205 -0.26082894 -1.0554137
v -0.0925586 -0.2604133 -1.0553982
v -0.092563406 -0.2604087 -1.0322036
v -0.09300205 -0.26082894 -1.0322036
v -0.0925586 -0.2604133 -1.0553982
v -0.09197516 -0.26001108 -1.0553803
v -0.09197936 -0.26000607 -1.0322036
v -0.092563406 -0.2604087 -1.0322036
v -0.09197516 -0.26001108 -1.0553803
v -0.09140642 -0.25972897 -1.0553648
v -0.09140642 -0.25972897 -1.0322036
v -0.09197936 -0.26000607 -1.0322036
v -0.09517593 -0.26070282 -1.0603205
v -0.09489724 -0.26033822 -1.0598724
v -0.09455163 -0.26212126 -1.0575048
v -0.09485054 -0.26272023 -1.0575843
v -0.08794605 -0.25679705 -1.0590798
v -0.087333255 -0.25695267 -1.0594828
v -0.08732773 -0.25730053 -1.0592421
v -0.08794604 -0.25703958 -1.0589188
v -0.087333255 -0.25695267 -1.0594828
v -0.08685743 -0.2571211 -1.0599018
v -0.0868457 -0.25756028 -1.0595918
v -0.08732773 -0.25730053 -1.0592421
v -0.08650934 -0.26088908 -1.0574213
v -0.08661581 -0.26118028 -1.0568261
v -0.08718266 -0.26039404 -1.0567405
v -0.0869964 -0.26010558 -1.0572883
v -0.08661581 -0.26118028 -1.0568261
v -0.086644694 -0.26146027 -1.0561055
v -0.08728225 -0.26065832 -1.0560555
v -0.08718266 -0.26039404 -1.0567405
v -0.086644694 -0.26146027 -1.0561055
v -0.08658836 -0.2616548 -1.0554507
v -0.08726894 -0.26082894 -1.0554137
v -0.08728225 -0.26065832 -1.0560555
v -0.09113622 -0.09830822 -1.0586084
v -0.091109656 -0.09883601 -1.0588543
v -0.09170399 -0.09876183 -1.059049
v -0.09113622 -0.09830822 -1.0586084
v -0.09170399 -0.09876183 -1.059049
v -0.09173782 -0.09823582 -1.0587995
v -0.091109656 -0.09883601 -1.0588543
v -0.09111348 -0.09946477 -1.0590433
v -0.091700226 -0.09938946 -1.0592402
v -0.09170399 -0.09876183 -1.059049
v -0.09111348 -0.09946477 -1.0590433
v -0.09114667 -0.10002735 -1.0591251
v -0.09172754 -0.09995199 -1.0593222
v -0.091700226 -0.09938946 -1.0592402
v -0.08498843 -0.26993364 -1.0714519
v -0.085273005 -0.27031392 -1.0719011
v -0.085845925 -0.27664545 -1.0582854
v -0.0855747 -0.2760559 -1.0582563
v -0.085661985 -0.2707245 -1.0724036
v -0.08605151 -0.2710558 -1.0728251
v -0.08659848 -0.2778455 -1.0583091
v -0.08622054 -0.2773003 -1.0583047
v -0.09470875 -0.26291266 -1.0569453
v -0.0946234 -0.26311406 -1.0561912
v -0.0952243 -0.26478136 -1.0562702
v -0.09525463 -0.26451555 -1.0570328
v -0.0946234 -0.26311406 -1.0561912
v -0.09461728 -0.26327077 -1.0555229
v -0.09525249 -0.26499724 -1.0556003
v -0.0952243 -0.26478136 -1.0562702
v -0.091146655 -0.2549041 -1.0591251
v -0.09111347 -0.25546667 -1.0590433
v -0.09170022 -0.255542 -1.0592402
v -0.09172753 -0.25497946 -1.0593222
v -0.09111347 -0.25546667 -1.0590433
v -0.09110965 -0.25609547 -1.0588543
v -0.09170397 -0.25616965 -1.059049
v -0.09170022 -0.255542 -1.0592402
v -0.09110965 -0.25609547 -1.0588543
v -0.0911362 -0.25662324 -1.0586084
v -0.091737814 -0.25669563 -1.0587995
v -0.09170397 -0.25616965 -1.059049
v -0.089133725 -0.08973355 -1.0809557
v -0.08909805 -0.090245195 -1.0812371
v -0.0885037 -0.09032213 -1.0810364
v -0.088534094 -0.08981102 -1.0807538
v -0.08909805 -0.090245195 -1.0812371
v -0.089095 -0.090861455 -1.081459
v -0.088506766 -0.0909377 -1.0812601
v -0.0885037 -0.09032213 -1.0810364
v -0.089095 -0.090861455 -1.081459
v -0.0891254 -0.09141882 -1.0815628
v -0.08854248 -0.09149444 -1.0813651
v -0.088506766 -0.0909377 -1.0812601
v -0.088534094 -0.08981102 -1.0807538
v -0.08794605 -0.08990741 -1.080468
v -0.08794605 -0.08394258 -1.0757972
v -0.08853488 -0.08374851 -1.0760046
v -0.08794605 -0.08990741 -1.080468
v -0.08733177 -0.0900613 -1.0800619
v -0.087330475 -0.08420908 -1.075481
v -0.08794605 -0.08394258 -1.0757972
v -0.08733177 -0.0900613 -1.0800619
v -0.086854264 -0.090231836 -1.0796429
v -0.086851515 -0.08447726 -1.0751402
v -0.087330475 -0.08420908 -1.075481
v -0.09140643 -0.09520249 -1.0553648
v -0.09197516 -0.094920374 -1.0553803
v -0.09197937 -0.09492538 -1.0322036
v -0.09140643 -0.09520249 -1.0322036
v -0.09197516 -0.094920374 -1.0553803
v -0.09255861 -0.09451817 -1.0553982
v -0.092563406 -0.09452276 -1.0322036
v -0.09197937 -0.09492538 -1.0322036
v -0.09255861 -0.09451817 -1.0553982
v -0.09300206 -0.094102524 -1.0554137
v -0.09300206 -0.094102524 -1.0322036
v -0.092563406 -0.09452276 -1.0322036
v -0.084598705 -0.08815503 -1.0556799
v -0.08469411 -0.08872558 -1.0556548
v -0.08469138 -0.088726014 -1.0322036
v -0.084598705 -0.08815503 -1.0322036
v -0.08469411 -0.08872558 -1.0556548
v -0.08484774 -0.08937673 -1.0556256
v -0.08484504 -0.08937725 -1.0322036
v -0.08469138 -0.088726014 -1.0322036
v -0.08484774 -0.08937673 -1.0556256
v -0.08501851 -0.08993423 -1.0556003
v -0.085018516 -0.08993423 -1.0322036
v -0.08484504 -0.08937725 -1.0322036
v -0.091715924 -0.08254927 -1.0744514
v -0.09175127 -0.08287921 -1.0749983
v -0.09116878 -0.082749955 -1.0751534
v -0.09114103 -0.082420394 -1.0746052
v -0.09175127 -0.08287921 -1.0749983
v -0.09175866 -0.08331784 -1.0755664
v -0.09116769 -0.08318762 -1.0757233
v -0.09116878 -0.082749955 -1.0751534
v -0.09175866 -0.08331784 -1.0755664
v -0.09173612 -0.08374851 -1.0760046
v -0.09113803 -0.08361696 -1.0761633
v -0.09116769 -0.08318762 -1.0757233
v -0.09340887 -0.083268724 -1.0735538
v -0.092925206 -0.08298123 -1.0738754
v -0.09260066 -0.07593209 -1.0583745
v -0.09306925 -0.07636909 -1.0583385
v -0.092925206 -0.08298123 -1.0738754
v -0.092306085 -0.08271812 -1.0742037
v -0.09199308 -0.07549734 -1.0583731
v -0.09260066 -0.07593209 -1.0583745
v -0.092306085 -0.08271812 -1.0742037
v -0.091715924 -0.08254927 -1.0744514
v -0.09140786 -0.075180255 -1.0583347
v -0.09199308 -0.07549734 -1.0583731
v -0.08976589 -0.2549053 -1.0590091
v -0.0905051 -0.2549053 -1.0590091
v -0.09050103 -0.1783797 -1.0579126
v -0.08976996 -0.1783797 -1.0579126
v -0.0936725 -0.2778455 -1.0583091
v -0.09371596 -0.2780013 -1.0576457
v -0.09308962 -0.27875358 -1.057678
v -0.093069226 -0.27856237 -1.0583385
v -0.09371596 -0.2780013 -1.0576457
v -0.09371967 -0.27815327 -1.056872
v -0.09306504 -0.27894545 -1.056907
v -0.09308962 -0.27875358 -1.057678
v -0.09371967 -0.27815327 -1.056872
v -0.09368264 -0.27826077 -1.0561949
v -0.09300205 -0.27908665 -1.0562319
v -0.09306504 -0.27894545 -1.056907
v -0.08565372 -0.27664483 -1.0561223
v -0.08589983 -0.27717847 -1.0561453
v -0.085896164 -0.27717993 -1.0322036
v -0.08565372 -0.27664483 -1.0322036
v -0.08589983 -0.27717847 -1.0561453
v -0.086241834 -0.2777698 -1.0561718
v -0.086238265 -0.2777714 -1.0322036
v -0.085896164 -0.27717993 -1.0322036
v -0.086241834 -0.2777698 -1.0561718
v -0.08658835 -0.27826077 -1.0322036
v -0.086238265 -0.2777714 -1.0322036
v -0.08697367 -0.095845595 -1.0583863
v -0.087450825 -0.09610845 -1.0580453
v -0.08752416 -0.09521542 -1.0571724
v -0.0869964 -0.094825886 -1.0572883
v -0.087450825 -0.09610845 -1.0580453
v -0.08806356 -0.09637015 -1.0577295
v -0.088172175 -0.09562739 -1.0571055
v -0.08752416 -0.09521542 -1.0571724
v -0.08806356 -0.09637015 -1.0577295
v -0.088649236 -0.096561246 -1.0575224
v -0.08876771 -0.095951974 -1.0571053
v -0.088172175 -0.09562739 -1.0571055
v -0.09173612 -0.27118298 -1.0760046
v -0.091758646 -0.27161366 -1.0755664
v -0.091167666 -0.27174386 -1.0757233
v -0.09113802 -0.2713145 -1.0761633
v -0.091758646 -0.27161366 -1.0755664
v -0.091751255 -0.2720523 -1.0749983
v -0.091168776 -0.2721815 -1.0751534
v -0.091167666 -0.27174386 -1.0757233
v -0.091751255 -0.2720523 -1.0749983
v -0.09171592 -0.2723822 -1.0744514
v -0.09114102 -0.27251107 -1.0746052
v -0.091168776 -0.2721815 -1.0751534
v -0.08495719 -0.26367775 -1.076973
v -0.085236035 -0.2638988 -1.0775399
v -0.08523523 -0.26908103 -1.0734996
v -0.08495475 -0.26871207 -1.073049
v -0.085236035 -0.2638988 -1.0775399
v -0.08561885 -0.2641374 -1.0781643
v -0.08562004 -0.26949015 -1.0739895
v -0.08523523 -0.26908103 -1.0734996
v -0.08561885 -0.2641374 -1.0781643
v -0.08600342 -0.26432982 -1.0786797
v -0.08600645 -0.26983023 -1.074388
v -0.08562004 -0.26949015 -1.0739895
v -0.089125395 -0.26351267 -1.0815628
v -0.089095 -0.26407 -1.081459
v -0.08850675 -0.26399374 -1.0812601
v -0.089125395 -0.26351267 -1.0815628
v -0.08850675 -0.26399374 -1.0812601
v -0.08854247 -0.26343703 -1.0813651
v -0.089095 -0.26407 -1.081459
v -0.089098044 -0.26468626 -1.0812371
v -0.08850368 -0.26460934 -1.0810364
v -0.08850675 -0.26399374 -1.0812601
v -0.089098044 -0.26468626 -1.0812371
v -0.08913372 -0.26519793 -1.0809557
v -0.08853409 -0.26512045 -1.0807538
v -0.08850368 -0.26460934 -1.0810364
v -0.093297325 -0.25908586 -1.0583863
v -0.09282017 -0.258823 -1.0580453
v -0.09274683 -0.25971603 -1.0571724
v -0.0932746 -0.26010558 -1.0572883
v -0.09282017 -0.258823 -1.0580453
v -0.09220744 -0.2585613 -1.0577295
v -0.09209882 -0.25930408 -1.0571055
v -0.09274683 -0.25971603 -1.0571724
v -0.09220744 -0.2585613 -1.0577295
v -0.09162176 -0.25837022 -1.0575224
v -0.09150329 -0.2589795 -1.0571053
v -0.09220744 -0.2585613 -1.0577295
v -0.09150329 -0.2589795 -1.0571053
v -0.09209882 -0.25930408 -1.0571055
v -0.09140643 -0.07474486 -1.0562816
v -0.09143813 -0.07481998 -1.0569514
v -0.09115287 -0.07471742 -1.0569557
v -0.09111677 -0.07464023 -1.0562862
v -0.09143813 -0.07481998 -1.0569514
v -0.09143865 -0.07497924 -1.0577024
v -0.09115819 -0.074879624 -1.057706
v -0.09115287 -0.07471742 -1.0569557
v -0.09143865 -0.07497924 -1.0577024
v -0.09140786 -0.075180255 -1.0583347
v -0.09113129 -0.07508371 -1.0583373
v -0.09115819 -0.074879624 -1.057706
v -0.08853318 -0.09823582 -1.0587995
v -0.08856702 -0.09876183 -1.059049
v -0.089161344 -0.09883601 -1.0588543
v -0.08913479 -0.09830822 -1.0586084
v -0.08856702 -0.09876183 -1.059049
v -0.08857078 -0.09938946 -1.0592402
v -0.08915753 -0.09946477 -1.0590433
v -0.089161344 -0.09883601 -1.0588543
v -0.08857078 -0.09938946 -1.0592402
v -0.08854346 -0.09995199 -1.0593222
v -0.08912434 -0.10002734 -1.0591251
v -0.08915753 -0.09946477 -1.0590433
v -0.08857697 -0.2573357 -1.0583434
v -0.08861823 -0.25789332 -1.0579096
v -0.08913102 -0.25777707 -1.0578315
v -0.089132786 -0.25724393 -1.0581856
v -0.09113994 -0.096620955 -1.057478
v -0.09113998 -0.097154394 -1.0578315
v -0.091652766 -0.09703813 -1.0579096
v -0.09162178 -0.096561246 -1.0575224
v -0.09113998 -0.097154394 -1.0578315
v -0.09114001 -0.097687826 -1.058185
v -0.09169403 -0.097595766 -1.0583434
v -0.091652766 -0.09703813 -1.0579096
v -0.094029166 -0.2777698 -1.0561718
v -0.09437116 -0.27717847 -1.0561453
v -0.094374835 -0.27717993 -1.0322036
v -0.094032735 -0.2777714 -1.0322036
v -0.094267555 -0.26432982 -1.0786797
v -0.09465214 -0.2641374 -1.0781643
v -0.09465095 -0.26949015 -1.0739895
v -0.09426454 -0.26983023 -1.074388
v -0.09465214 -0.2641374 -1.0781643
v -0.09503495 -0.2638988 -1.0775399
v -0.09503576 -0.26908103 -1.0734996
v -0.09465095 -0.26949015 -1.0739895
v -0.09503495 -0.2638988 -1.0775399
v -0.0953138 -0.26367775 -1.076973
v -0.095316224 -0.26871207 -1.073049
v -0.09503576 -0.26908103 -1.0734996
v -0.086862125 -0.27166274 -1.0735538
v -0.08734579 -0.27195024 -1.0738754
v -0.08767034 -0.2789994 -1.0583745
v -0.086862125 -0.27166274 -1.0735538
v -0.08767034 -0.2789994 -1.0583745
v -0.08720175 -0.27856237 -1.0583385
v -0.08734579 -0.27195024 -1.0738754
v -0.08796491 -0.27221334 -1.0742037
v -0.08827793 -0.27943414 -1.0583731
v -0.08767034 -0.2789994 -1.0583745
v -0.08796491 -0.27221334 -1.0742037
v -0.08855507 -0.2723822 -1.0744514
v -0.08886315 -0.2797512 -1.0583346
v -0.08827793 -0.27943414 -1.0583731
v -0.08886458 -0.09520249 -1.0553648
v -0.088890724 -0.09532705 -1.0559895
v -0.089196935 -0.09544647 -1.055971
v -0.08915423 -0.09530713 -1.0553601
v -0.08885537 -0.09560052 -1.0566247
v -0.08876771 -0.095951974 -1.0571053
v -0.08909554 -0.09612967 -1.0570056
v -0.089175545 -0.09574635 -1.0565709
v -0.08563115 -0.09254607 -1.0787845
v -0.086034924 -0.09231802 -1.0793234
v -0.08599865 -0.176553 -1.0801479
v -0.08913479 -0.09830822 -1.0586084
v -0.089769825 -0.09836001 -1.0584979
v -0.08976839 -0.098271504 -1.0584314
v -0.08913096 -0.09822124 -1.0585386
v -0.090501174 -0.09836001 -1.0584979
v -0.09113622 -0.09830822 -1.0586084
v -0.09114005 -0.09822125 -1.0585386
v -0.09050262 -0.098271504 -1.0584314
v -0.08912997 -0.082420394 -1.0746052
v -0.089102216 -0.082749955 -1.0751534
v -0.08851973 -0.08287921 -1.0749983
v -0.08912997 -0.082420394 -1.0746052
v -0.08851973 -0.08287921 -1.0749983
v -0.088555075 -0.08254927 -1.0744514
v -0.089102216 -0.082749955 -1.0751534
v -0.08910332 -0.08318762 -1.0757233
v -0.08851234 -0.08331784 -1.0755664
v -0.08851973 -0.08287921 -1.0749983
v -0.08910332 -0.08318762 -1.0757233
v -0.08913297 -0.08361696 -1.0761633
v -0.08853488 -0.08374851 -1.0760046
v -0.08910332 -0.08318762 -1.0757233
v -0.08853488 -0.08374851 -1.0760046
v -0.08851234 -0.08331784 -1.0755664
v -0.0887677 -0.2589795 -1.0571053
v -0.08885536 -0.25933093 -1.0566247
v -0.08917554 -0.2591851 -1.0565709
v -0.08909553 -0.2588018 -1.0570056
v -0.08889071 -0.25960442 -1.0559895
v -0.08886457 -0.25972897 -1.0553648
v -0.08915422 -0.25962433 -1.0553601
v -0.089196935 -0.25948498 -1.055971
v -0.08658836 -0.2616548 -1.0554507
v -0.086241834 -0.2621458 -1.0554736
v -0.086238265 -0.26214415 -1.0322036
v -0.08658836 -0.2616548 -1.0322036
v -0.086241834 -0.2621458 -1.0554736
v -0.08589984 -0.2627371 -1.0555
v -0.085896164 -0.26273564 -1.0322036
v -0.086238265 -0.26214415 -1.0322036
v -0.08589984 -0.2627371 -1.0555
v -0.08565372 -0.26327077 -1.0555229
v -0.08565372 -0.26327077 -1.0322036
v -0.085896164 -0.26273564 -1.0322036
v -0.0873171 -0.26311022 -1.0806626
v -0.0868233 -0.26295745 -1.0802201
v -0.086859144 -0.17837845 -1.0812179
v -0.08733407 -0.17837912 -1.0816816
v -0.09461728 -0.26327077 -1.0555229
v -0.09437116 -0.2627371 -1.0555
v -0.09437483 -0.26273564 -1.0322036
v -0.09461728 -0.26327077 -1.0322036
v -0.09437116 -0.2627371 -1.0555
v -0.094029166 -0.2621458 -1.0554736
v -0.09403273 -0.26214415 -1.0322036
v -0.09437483 -0.26273564 -1.0322036
v -0.094029166 -0.2621458 -1.0554736
v -0.09368264 -0.2616548 -1.0554507
v -0.09368264 -0.2616548 -1.0322036
v -0.09403273 -0.26214415 -1.0322036
v -0.08854346 -0.25497946 -1.0593222
v -0.088570766 -0.255542 -1.0592402
v -0.08915752 -0.25546667 -1.0590433
v -0.08912432 -0.2549041 -1.0591251
v -0.088570766 -0.255542 -1.0592402
v -0.088567 -0.25616965 -1.059049
v -0.089161344 -0.25609547 -1.0588543
v -0.088570766 -0.255542 -1.0592402
v -0.089161344 -0.25609547 -1.0588543
v -0.08915752 -0.25546667 -1.0590433
v -0.088567 -0.25616965 -1.059049
v -0.08853318 -0.25669563 -1.0587995
v -0.089134775 -0.25662324 -1.0586084
v -0.089161344 -0.25609547 -1.0588543
v -0.091736905 -0.08981102 -1.0807538
v -0.091767296 -0.09032213 -1.0810364
v -0.09117295 -0.090245195 -1.0812371
v -0.091736905 -0.08981102 -1.0807538
v -0.09117295 -0.090245195 -1.0812371
v -0.09113727 -0.08973355 -1.0809557
v -0.091767296 -0.09032213 -1.0810364
v -0.09176424 -0.09093771 -1.0812601
v -0.091176 -0.09086144 -1.081459
v -0.09117295 -0.090245195 -1.0812371
v -0.09176424 -0.09093771 -1.0812601
v -0.09172853 -0.09149444 -1.0813651
v -0.0911456 -0.09141881 -1.0815628
v -0.09176424 -0.09093771 -1.0812601
v -0.0911456 -0.09141881 -1.0815628
v -0.091176 -0.09086144 -1.081459
v -0.08915423 -0.07464022 -1.0562862
v -0.08911814 -0.07471741 -1.0569557
v -0.088832885 -0.07481996 -1.0569514
v -0.08886458 -0.07474484 -1.0562816
v -0.08911814 -0.07471741 -1.0569557
v -0.089112826 -0.074879624 -1.057706
v -0.088832356 -0.07497921 -1.0577024
v -0.088832885 -0.07481996 -1.0569514
v -0.089112826 -0.074879624 -1.057706
v -0.089139715 -0.075083695 -1.0583373
v -0.08886315 -0.07518024 -1.0583347
v -0.088832356 -0.07497921 -1.0577024
v -0.089131065 -0.096620955 -1.057478
v -0.089768425 -0.096671596 -1.0573709
v -0.08975507 -0.09616244 -1.0569363
v -0.08909554 -0.09612967 -1.0570056
v -0.089768425 -0.096671596 -1.0573709
v -0.090502575 -0.096671596 -1.0573709
v -0.09051593 -0.09616243 -1.0569363
v -0.08975507 -0.09616244 -1.0569363
v -0.090502575 -0.096671596 -1.0573709
v -0.09113994 -0.096620955 -1.057478
v -0.09117547 -0.09612967 -1.0570056
v -0.09051593 -0.09616243 -1.0569363
v -0.08495475 -0.26871207 -1.073049
v -0.08493063 -0.2691077 -1.0725509
v -0.08420547 -0.2679057 -1.0711026
v -0.08422187 -0.2674998 -1.0715878
v -0.09653144 -0.25839806 -1.0667881
v -0.09680704 -0.25995237 -1.0689247
v -0.09652762 -0.2590384 -1.0665449
v -0.08685426 -0.26469964 -1.0796429
v -0.08733176 -0.26487017 -1.0800619
v -0.08733046 -0.2707224 -1.075481
v -0.08685151 -0.27045423 -1.0751402
v -0.08733176 -0.26487017 -1.0800619
v -0.08794605 -0.26502404 -1.080468
v -0.08794605 -0.27098888 -1.0757972
v -0.08733046 -0.2707224 -1.075481
v -0.08794605 -0.26502404 -1.080468
v -0.08853409 -0.26512045 -1.0807538
v -0.08853487 -0.27118295 -1.0760046
v -0.08794605 -0.27098888 -1.0757972
v -0.09114103 -0.082420394 -1.0746052
v -0.090502985 -0.08233002 -1.0746628
v -0.09049932 -0.07498643 -1.0583993
v -0.09113129 -0.07508371 -1.0583373
v -0.090502985 -0.08233002 -1.0746628
v -0.089768015 -0.08233002 -1.0746628
v -0.08977169 -0.07498641 -1.0583993
v -0.09049932 -0.07498643 -1.0583993
v -0.089768015 -0.08233002 -1.0746628
v -0.08912997 -0.082420394 -1.0746052
v -0.089139715 -0.075083695 -1.0583373
v -0.08977169 -0.07498641 -1.0583993
v -0.09140785 -0.2797512 -1.0583347
v -0.09143864 -0.27995223 -1.0577024
v -0.09115818 -0.28005183 -1.057706
v -0.09113129 -0.27984774 -1.0583373
v -0.09143864 -0.27995223 -1.0577024
v -0.09143812 -0.2801115 -1.0569514
v -0.091152854 -0.28021404 -1.0569557
v -0.09115818 -0.28005183 -1.057706
v -0.09143812 -0.2801115 -1.0569514
v -0.09140641 -0.2801866 -1.0562816
v -0.09111676 -0.28029123 -1.0562862
v -0.091152854 -0.28021404 -1.0569557
v -0.09140641 -0.2801866 -1.0562816
v -0.09197516 -0.27990448 -1.0562658
v -0.09197936 -0.2799095 -1.0322036
v -0.09140642 -0.2801866 -1.0322036
v -0.09197516 -0.27990448 -1.0562658
v -0.0925586 -0.2795023 -1.0562476
v -0.092563406 -0.27950686 -1.0322036
v -0.09197936 -0.2799095 -1.0322036
v -0.0925586 -0.2795023 -1.0562476
v -0.09300205 -0.27908665 -1.0562319
v -0.09300205 -0.27908665 -1.0322036
v -0.092563406 -0.27950686 -1.0322036
v -0.091139935 -0.2583105 -1.057478
v -0.09050257 -0.25825986 -1.0573709
v -0.09051592 -0.25876904 -1.0569363
v -0.09117547 -0.2588018 -1.0570056
v -0.09050257 -0.25825986 -1.0573709
v -0.08976504 -0.25825801 -1.057367
v -0.08975507 -0.25876904 -1.0569363
v -0.09051592 -0.25876904 -1.0569363
v -0.08976504 -0.25825801 -1.057367
v -0.08913106 -0.2583105 -1.057478
v -0.08909553 -0.2588018 -1.0570056
v -0.08975507 -0.25876904 -1.0569363
v -0.09368265 -0.09327667 -1.0554507
v -0.094029166 -0.09278568 -1.0554736
v -0.09403274 -0.0927873 -1.0322036
v -0.09368265 -0.09327667 -1.0554507
v -0.09403274 -0.0927873 -1.0322036
v -0.09368265 -0.09327667 -1.0322036
v -0.094029166 -0.09278568 -1.0554736
v -0.09437116 -0.09219436 -1.0555
v -0.09437484 -0.09219582 -1.0322036
v -0.09403274 -0.0927873 -1.0322036
v -0.09437116 -0.09219436 -1.0555
v -0.09461728 -0.09166071 -1.0555229
v -0.09461728 -0.09166071 -1.0322036
v -0.09437484 -0.09219582 -1.0322036
v -0.09426454 -0.26983023 -1.074388
v -0.09429769 -0.27024373 -1.0739186
v -0.09346223 -0.2708615 -1.0746628
v -0.09341947 -0.27045423 -1.0751402
v -0.09429769 -0.27024373 -1.0739186
v -0.094281204 -0.27069214 -1.0733467
v -0.09345835 -0.27130368 -1.0740823
v -0.09346223 -0.2708615 -1.0746628
v -0.094281204 -0.27069214 -1.0733467
v -0.094219476 -0.2710558 -1.0728251
v -0.09340887 -0.27166274 -1.0735538
v -0.09345835 -0.27130368 -1.0740823
v -0.09172852 -0.26343703 -1.0813651
v -0.09176423 -0.26399374 -1.0812601
v -0.091175996 -0.26407 -1.081459
v -0.09114559 -0.26351267 -1.0815628
v -0.09176423 -0.26399374 -1.0812601
v -0.09176729 -0.26460934 -1.0810364
v -0.09117295 -0.26468626 -1.0812371
v -0.091175996 -0.26407 -1.081459
v -0.09176729 -0.26460934 -1.0810364
v -0.0917369 -0.26512045 -1.0807538
v -0.09113725 -0.26519793 -1.0809557
v -0.09117295 -0.26468626 -1.0812371
v -0.09300206 -0.07584483 -1.0562319
v -0.09255861 -0.07542917 -1.0562476
v -0.09256342 -0.07542458 -1.0322036
v -0.09300206 -0.07584483 -1.0322036
v -0.09255861 -0.07542917 -1.0562476
v -0.091975175 -0.07502697 -1.0562658
v -0.09197938 -0.07502197 -1.0322036
v -0.09256342 -0.07542458 -1.0322036
v -0.091975175 -0.07502697 -1.0562658
v -0.09140643 -0.07474486 -1.0562816
v -0.09140643 -0.07474486 -1.0322036
v -0.09197938 -0.07502197 -1.0322036
v -0.08565373 -0.09166071 -1.0555229
v -0.085899845 -0.09219436 -1.0555
v -0.08589618 -0.09219582 -1.0322036
v -0.08565373 -0.09166071 -1.0322036
v -0.085899845 -0.09219436 -1.0555
v -0.086241834 -0.09278568 -1.0554736
v -0.08623828 -0.0927873 -1.0322036
v -0.08589618 -0.09219582 -1.0322036
v -0.086241834 -0.09278568 -1.0554736
v -0.08658836 -0.09327667 -1.0554507
v -0.08658836 -0.09327667 -1.0322036
v -0.08623828 -0.0927873 -1.0322036
v -0.08886457 -0.25972897 -1.0553648
v -0.08829583 -0.26001108 -1.0553803
v -0.08829162 -0.26000607 -1.0322036
v -0.08886458 -0.25972897 -1.0322036
v -0.08829583 -0.26001108 -1.0553803
v -0.08771239 -0.2604133 -1.0553982
v -0.087707594 -0.2604087 -1.0322036
v -0.08829162 -0.26000607 -1.0322036
v -0.08771239 -0.2604133 -1.0553982
v -0.08726894 -0.26082894 -1.0554137
v -0.08726894 -0.26082894 -1.0322036
v -0.087707594 -0.2604087 -1.0322036
v -0.09329734 -0.095845595 -1.0583863
v -0.093360096 -0.0963483 -1.0588102
v -0.09415983 -0.09577347 -1.0594286
v -0.09413079 -0.09533143 -1.0589868
v -0.084350035 -0.08609466 -1.0564576
v -0.084529586 -0.08846396 -1.0571369
v -0.08431958 -0.08634213 -1.0572357
v -0.086009815 -0.25818977 -1.060354
v -0.08606344 -0.2586418 -1.059929
v -0.08686413 -0.25802475 -1.0592514
v -0.0868457 -0.25756028 -1.0595918
v -0.086910896 -0.25858316 -1.0588102
v -0.086111166 -0.259158 -1.0594286
v -0.086111166 -0.259158 -1.0594286
v -0.0861402 -0.25960004 -1.0589868
v -0.08697365 -0.25908586 -1.0583863
v -0.086111166 -0.259158 -1.0594286
v -0.08697365 -0.25908586 -1.0583863
v -0.086910896 -0.25858316 -1.0588102
v -0.088555075 -0.08254927 -1.0744514
v -0.08796492 -0.08271812 -1.0742037
v -0.08827793 -0.075497314 -1.0583731
v -0.08886315 -0.07518024 -1.0583347
v -0.08796492 -0.08271812 -1.0742037
v -0.0873458 -0.08298123 -1.0738754
v -0.087670356 -0.07593208 -1.0583745
v -0.08827793 -0.075497314 -1.0583731
v -0.0873458 -0.08298123 -1.0738754
v -0.08686213 -0.083268724 -1.0735538
v -0.087201774 -0.07636907 -1.0583385
v -0.087670356 -0.07593208 -1.0583745
v -0.09113727 -0.08973355 -1.0809557
v -0.09050156 -0.089675285 -1.0810603
v -0.09050185 -0.08355904 -1.0762674
v -0.09113727 -0.08973355 -1.0809557
v -0.09050185 -0.08355904 -1.0762674
v -0.09113803 -0.08361696 -1.0761633
v -0.09050156 -0.089675285 -1.0810603
v -0.08976944 -0.089675285 -1.0810603
v -0.089769155 -0.08355904 -1.0762674
v -0.09050185 -0.08355904 -1.0762674
v -0.08976944 -0.089675285 -1.0810603
v -0.089133725 -0.08973355 -1.0809557
v -0.08913297 -0.08361696 -1.0761633
v -0.089769155 -0.08355904 -1.0762674
v -0.09111677 -0.09530713 -1.0553601
v -0.091074064 -0.09544648 -1.055971
v -0.091380276 -0.09532705 -1.0559895
v -0.09140643 -0.09520249 -1.0553648
v -0.09109546 -0.09574635 -1.0565709
v -0.09117547 -0.09612967 -1.0570056
v -0.09150329 -0.095951974 -1.0571053
v -0.09141563 -0.09560052 -1.0566247
v -0.095312126 -0.09679328 -1.0625477
v -0.09528809 -0.09734555 -1.0627596
v -0.0960091 -0.09664536 -1.0645833
v -0.09605278 -0.09607751 -1.064412
v -0.09528809 -0.09734555 -1.0627596
v -0.095299244 -0.097986266 -1.0629903
v -0.09599844 -0.097304255 -1.0647666
v -0.0960091 -0.09664536 -1.0645833
v -0.095299244 -0.097986266 -1.0629903
v -0.095342584 -0.09854396 -1.063178
v -0.096023664 -0.09787785 -1.0649129
v -0.09599844 -0.097304255 -1.0647666
v -0.08686213 -0.083268724 -1.0735538
v -0.08681265 -0.08362778 -1.0740823
v -0.085989796 -0.08423933 -1.0733467
v -0.086051516 -0.08387569 -1.0728251
v -0.08681265 -0.08362778 -1.0740823
v -0.08680878 -0.08406998 -1.0746628
v -0.08597331 -0.08468774 -1.0739186
v -0.085989796 -0.08423933 -1.0733467
v -0.08680878 -0.08406998 -1.0746628
v -0.086851515 -0.08447726 -1.0751402
v -0.08600645 -0.08510124 -1.074388
v -0.08597331 -0.08468774 -1.0739186
v -0.09117547 -0.2588018 -1.0570056
v -0.091095455 -0.25918514 -1.0565709
v -0.09141562 -0.25933093 -1.0566247
v -0.09150329 -0.2589795 -1.0571053
v -0.09107406 -0.25948498 -1.055971
v -0.09111676 -0.25962433 -1.0553601
v -0.09140642 -0.25972897 -1.0553648
v -0.09138027 -0.25960442 -1.0559895
v -0.086001344 -0.097446896 -1.0608507
v -0.08606305 -0.09799781 -1.0610534
v -0.08689374 -0.09835491 -1.060122
v -0.08685743 -0.09781038 -1.0599018
v -0.08606305 -0.09799781 -1.0610534
v -0.08607642 -0.09864406 -1.0612402
v -0.08687983 -0.09899301 -1.0603305
v -0.08689374 -0.09835491 -1.060122
v -0.08607642 -0.09864406 -1.0612402
v -0.08603789 -0.099213235 -1.0613613
v -0.086819425 -0.09955437 -1.0604718
v -0.08687983 -0.09899301 -1.0603305
v -0.0956723 -0.26677644 -1.0556799
v -0.0955769 -0.26620588 -1.0556548
v -0.095579624 -0.26620543 -1.0322036
v -0.0956723 -0.26677644 -1.0322036
v -0.0955769 -0.26620588 -1.0556548
v -0.09542326 -0.26555473 -1.0556256
v -0.09542596 -0.26555422 -1.0322036
v -0.095579624 -0.26620543 -1.0322036
v -0.09542326 -0.26555473 -1.0556256
v -0.09525249 -0.26499724 -1.0556003
v -0.09525249 -0.26499724 -1.0322036
v -0.09542596 -0.26555422 -1.0322036
v -0.0849572 -0.09125373 -1.076973
v -0.08491405 -0.0918163 -1.0771579
v -0.0841927 -0.092519574 -1.0753264
v -0.08421902 -0.0919725 -1.0751013
v -0.08491405 -0.0918163 -1.0771579
v -0.08490446 -0.09246932 -1.0773568
v -0.084202565 -0.09315467 -1.075572
v -0.0841927 -0.092519574 -1.0753264
v -0.08490446 -0.09246932 -1.0773568
v -0.08493098 -0.09303805 -1.0775167
v -0.08424596 -0.09370784 -1.0757722
v -0.084202565 -0.09315467 -1.075572
v -0.08912997 -0.27251107 -1.0746052
v -0.089768015 -0.27260146 -1.0746628
v -0.08977168 -0.27994505 -1.0583993
v -0.0891397 -0.27984774 -1.0583373
v -0.089768015 -0.27260146 -1.0746628
v -0.09050298 -0.27260146 -1.0746628
v -0.09049931 -0.27994505 -1.0583993
v -0.08977168 -0.27994505 -1.0583993
v -0.09050298 -0.27260146 -1.0746628
v -0.09114102 -0.27251107 -1.0746052
v -0.09113129 -0.27984774 -1.0583373
v -0.09049931 -0.27994505 -1.0583993
v -0.08603788 -0.25571823 -1.0613613
v -0.08607641 -0.2562874 -1.0612402
v -0.08687981 -0.25593844 -1.0603305
v -0.086819425 -0.2553771 -1.0604718
v -0.08607641 -0.2562874 -1.0612402
v -0.08606304 -0.25693366 -1.0610534
v -0.086893715 -0.25657654 -1.060122
v -0.08687981 -0.25593844 -1.0603305
v -0.08606304 -0.25693366 -1.0610534
v -0.086001344 -0.25748456 -1.0608507
v -0.08685743 -0.2571211 -1.0599018
v -0.086893715 -0.25657654 -1.060122
v -0.09606552 -0.087025754 -1.0711026
v -0.09604912 -0.08743165 -1.0715878
v -0.095316246 -0.08621939 -1.073049
v -0.09534037 -0.085823745 -1.0725509
v -0.09534258 -0.2563875 -1.063178
v -0.095299244 -0.2569452 -1.0629903
v -0.095998436 -0.25762722 -1.0647666
v -0.09602364 -0.25705358 -1.0649129
v -0.095299244 -0.2569452 -1.0629903
v -0.09528808 -0.25758588 -1.0627596
v -0.0960091 -0.2582861 -1.0645833
v -0.095998436 -0.25762722 -1.0647666
v -0.09528808 -0.25758588 -1.0627596
v -0.09531212 -0.25813818 -1.0625477
v -0.096052766 -0.25885397 -1.064412
v -0.0960091 -0.2582861 -1.0645833
v -0.08726895 -0.07584481 -1.0562319
v -0.08720597 -0.07598601 -1.0569072
v -0.08655133 -0.07677818 -1.056872
v -0.08658836 -0.07667067 -1.0561949
v -0.08720597 -0.07598601 -1.0569072
v -0.08718138 -0.07617786 -1.057678
v -0.08655504 -0.07693014 -1.0576457
v -0.08655133 -0.07677818 -1.056872
v -0.08718138 -0.07617786 -1.057678
v -0.087201774 -0.07636907 -1.0583385
v -0.0865985 -0.07708596 -1.0583091
v -0.08655504 -0.07693014 -1.0576457
v -0.09162178 -0.096561246 -1.0575224
v -0.09220745 -0.09637016 -1.0577295
v -0.092098825 -0.09562739 -1.0571055
v -0.09150329 -0.095951974 -1.0571053
v -0.09220745 -0.09637016 -1.0577295
v -0.09282018 -0.09610845 -1.0580453
v -0.09274685 -0.095215425 -1.0571724
v -0.09220745 -0.09637016 -1.0577295
v -0.09274685 -0.095215425 -1.0571724
v -0.092098825 -0.09562739 -1.0571055
v -0.09282018 -0.09610845 -1.0580453
v -0.09329734 -0.095845595 -1.0583863
v -0.09327461 -0.094825886 -1.0572883
v -0.09274685 -0.095215425 -1.0571724
v -0.08685151 -0.27045423 -1.0751402
v -0.08680876 -0.2708615 -1.0746628
v -0.0859733 -0.27024373 -1.0739186
v -0.08600645 -0.26983023 -1.074388
v -0.08680876 -0.2708615 -1.0746628
v -0.086812645 -0.27130368 -1.0740823
v -0.08598979 -0.27069214 -1.0733467
v -0.0859733 -0.27024373 -1.0739186
v -0.086812645 -0.27130368 -1.0740823
v -0.086862125 -0.27166274 -1.0735538
v -0.08605151 -0.2710558 -1.0728251
v -0.08598979 -0.27069214 -1.0733467
v -0.08493097 -0.2618934 -1.0775167
v -0.08490445 -0.26246214 -1.0773568
v -0.08420256 -0.2617768 -1.075572
v -0.08424595 -0.2612236 -1.0757722
v -0.08490445 -0.26246214 -1.0773568
v -0.08491404 -0.26311514 -1.0771579
v -0.08419269 -0.2624119 -1.0753264
v -0.08420256 -0.2617768 -1.075572
v -0.08491404 -0.26311514 -1.0771579
v -0.08495719 -0.26367775 -1.076973
v -0.08421901 -0.26295894 -1.0751013
v -0.08419269 -0.2624119 -1.0753264
v -0.0891397 -0.27984774 -1.0583373
v -0.08911281 -0.28005183 -1.057706
v -0.08883235 -0.27995223 -1.0577023
v -0.0891397 -0.27984774 -1.0583373
v -0.08883235 -0.27995223 -1.0577023
v -0.08886315 -0.2797512 -1.0583346
v -0.08911281 -0.28005183 -1.057706
v -0.08911812 -0.28021404 -1.0569557
v -0.08883287 -0.28011152 -1.0569514
v -0.08911281 -0.28005183 -1.057706
v -0.08883287 -0.28011152 -1.0569514
v -0.08883235 -0.27995223 -1.0577023
v -0.08911812 -0.28021404 -1.0569557
v -0.08915422 -0.28029123 -1.0562862
v -0.08886458 -0.2801866 -1.0562816
v -0.08883287 -0.28011152 -1.0569514
v -0.094267555 -0.090601645 -1.0786797
v -0.09430955 -0.09113541 -1.0789255
v -0.09347848 -0.09077373 -1.0798676
v -0.093416736 -0.090231836 -1.0796429
v -0.09430955 -0.09113541 -1.0789255
v -0.094298035 -0.09176338 -1.079161
v -0.093489796 -0.09141113 -1.0800788
v -0.09430955 -0.09113541 -1.0789255
v -0.093489796 -0.09141113 -1.0800788
v -0.09347848 -0.09077373 -1.0798676
v -0.094298035 -0.09176338 -1.079161
v -0.09423608 -0.09231802 -1.0793234
v -0.09344769 -0.091974 -1.0802201
v -0.093489796 -0.09141113 -1.0800788
v -0.0952525 -0.08993423 -1.0556003
v -0.09542327 -0.089376725 -1.0556256
v -0.09542598 -0.08937725 -1.0322036
v -0.0952525 -0.08993423 -1.0322036
v -0.09542327 -0.089376725 -1.0556256
v -0.095576905 -0.0887256 -1.0556548
v -0.09557963 -0.088726014 -1.0322036
v -0.09542598 -0.08937725 -1.0322036
v -0.095576905 -0.0887256 -1.0556548
v -0.09567231 -0.08815503 -1.0556799
v -0.09567231 -0.08815503 -1.0322036
v -0.09557963 -0.088726014 -1.0322036
v -0.08864922 -0.25837022 -1.0575224
v -0.08806355 -0.2585613 -1.0577295
v -0.088172175 -0.25930408 -1.0571055
v -0.0887677 -0.2589795 -1.0571053
v -0.08806355 -0.2585613 -1.0577295
v -0.087450825 -0.258823 -1.0580453
v -0.08752415 -0.25971603 -1.0571724
v -0.088172175 -0.25930408 -1.0571055
v -0.087450825 -0.258823 -1.0580453
v -0.08697365 -0.25908586 -1.0583863
v -0.0869964 -0.26010558 -1.0572883
v -0.08752415 -0.25971603 -1.0571724
v -0.08915422 -0.28029123 -1.0562862
v -0.08977714 -0.28041232 -1.0562862
v -0.08977632 -0.280421 -1.0322036
v -0.08915422 -0.28029123 -1.0322036
v -0.08977714 -0.28041232 -1.0562862
v -0.09049385 -0.28041232 -1.0562862
v -0.09049467 -0.280421 -1.0322036
v -0.08977714 -0.28041232 -1.0562862
v -0.09049467 -0.280421 -1.0322036
v -0.08977632 -0.280421 -1.0322036
v -0.09049385 -0.28041232 -1.0562862
v -0.09111676 -0.28029123 -1.0562862
v -0.09111677 -0.28029123 -1.0322036
v -0.09049467 -0.280421 -1.0322036
v -0.08726894 -0.094102524 -1.0554137
v -0.0877124 -0.09451817 -1.0553982
v -0.0877076 -0.09452276 -1.0322036
v -0.08726894 -0.094102524 -1.0322036
v -0.0877124 -0.09451817 -1.0553982
v -0.08829584 -0.094920374 -1.0553803
v -0.088291645 -0.09492538 -1.0322036
v -0.0877076 -0.09452276 -1.0322036
v -0.08829584 -0.094920374 -1.0553803
v -0.08886458 -0.09520249 -1.0553648
v -0.08886458 -0.09520249 -1.0322036
v -0.088291645 -0.09492538 -1.0322036
v -0.096049115 -0.2674998 -1.0715878
v -0.09606551 -0.2679057 -1.0711026
v -0.09534036 -0.2691077 -1.0725509
v -0.095316224 -0.26871207 -1.073049
v -0.08614021 -0.09533143 -1.0589868
v -0.08611117 -0.09577347 -1.0594286
v -0.08691106 -0.09634823 -1.0588104
v -0.08614021 -0.09533143 -1.0589868
v -0.08691106 -0.09634823 -1.0588104
v -0.08697367 -0.095845595 -1.0583863
v -0.094236076 -0.26261345 -1.0793234
v -0.094298035 -0.2631681 -1.079161
v -0.093489796 -0.26352033 -1.0800788
v -0.093447685 -0.26295745 -1.0802201
v -0.094298035 -0.2631681 -1.079161
v -0.094309546 -0.26379603 -1.0789255
v -0.09347847 -0.2641577 -1.0798676
v -0.093489796 -0.26352033 -1.0800788
v -0.094309546 -0.26379603 -1.0789255
v -0.094267555 -0.26432982 -1.0786797
v -0.09341673 -0.26469964 -1.0796429
v -0.09347847 -0.2641577 -1.0798676
v -0.08501851 -0.08993423 -1.0556003
v -0.0850467 -0.090150096 -1.0562702
v -0.0856476 -0.091817394 -1.0561912
v -0.08565373 -0.09166071 -1.0555229
v -0.0850467 -0.090150096 -1.0562702
v -0.08501637 -0.0904159 -1.0570328
v -0.08556226 -0.092018805 -1.0569453
v -0.0856476 -0.091817394 -1.0561912
v -0.09111676 -0.25962433 -1.0553601
v -0.09049385 -0.25950325 -1.0553601
v -0.09049467 -0.2594946 -1.0322036
v -0.09111677 -0.25962433 -1.0322036
v -0.09049385 -0.25950325 -1.0553601
v -0.08977714 -0.25950325 -1.0553601
v -0.08977632 -0.2594946 -1.0322036
v -0.09049467 -0.2594946 -1.0322036
v -0.08977714 -0.25950325 -1.0553601
v -0.08915422 -0.25962433 -1.0553601
v -0.08915422 -0.25962433 -1.0322036
v -0.08977632 -0.2594946 -1.0322036
v -0.093416736 -0.090231836 -1.0796429
v -0.092939235 -0.0900613 -1.0800619
v -0.09294053 -0.08420908 -1.075481
v -0.093419485 -0.08447726 -1.0751402
v -0.092939235 -0.0900613 -1.0800619
v -0.09232494 -0.089907415 -1.080468
v -0.09232495 -0.08394258 -1.0757972
v -0.092939235 -0.0900613 -1.0800619
v -0.09232495 -0.08394258 -1.0757972
v -0.09294053 -0.08420908 -1.075481
v -0.09232494 -0.089907415 -1.080468
v -0.091736905 -0.08981102 -1.0807538
v -0.09173612 -0.08374851 -1.0760046
v -0.09232495 -0.08394258 -1.0757972
v -0.084930636 -0.08582375 -1.0725509
v -0.08495475 -0.08621941 -1.073049
v -0.08422188 -0.08743165 -1.0715878
v -0.084205486 -0.087025754 -1.0711026
v -0.08913372 -0.26519793 -1.0809557
v -0.089769416 -0.2652562 -1.0810603
v -0.08976914 -0.27137244 -1.0762674
v -0.08913372 -0.26519793 -1.0809557
v -0.08976914 -0.27137244 -1.0762674
v -0.08913297 -0.2713145 -1.0761633
v -0.089769416 -0.2652562 -1.0810603
v -0.09050156 -0.2652562 -1.0810603
v -0.09050184 -0.27137244 -1.0762674
v -0.08976914 -0.27137244 -1.0762674
v -0.09050156 -0.2652562 -1.0810603
v -0.09113725 -0.26519793 -1.0809557
v -0.09113802 -0.2713145 -1.0761633
v -0.09050184 -0.27137244 -1.0762674
v -0.09300206 -0.094102524 -1.0554137
v -0.092988744 -0.094273135 -1.0560555
v -0.093626305 -0.0934712 -1.0561055
v -0.09368265 -0.09327667 -1.0554507
v -0.092988744 -0.094273135 -1.0560555
v -0.09308834 -0.09453744 -1.0567405
v -0.093655206 -0.09375118 -1.0568261
v -0.093626305 -0.0934712 -1.0561055
v -0.09308834 -0.09453744 -1.0567405
v -0.09327461 -0.094825886 -1.0572883
v -0.09376166 -0.094042376 -1.0574213
v -0.093655206 -0.09375118 -1.0568261
v -0.09111677 -0.07464023 -1.0562862
v -0.09049386 -0.07451916 -1.0562862
v -0.09049468 -0.07451049 -1.0322036
v -0.09111678 -0.07464023 -1.0322036
v -0.09049386 -0.07451916 -1.0562862
v -0.08977715 -0.07451916 -1.0562862
v -0.08977633 -0.074510485 -1.0322036
v -0.09049468 -0.07451049 -1.0322036
v -0.08977715 -0.07451916 -1.0562862
v -0.08915423 -0.07464022 -1.0562862
v -0.08915424 -0.07464022 -1.0322036
v -0.08977633 -0.074510485 -1.0322036
v -0.096051976 -0.26295894 -1.0751013
v -0.096049115 -0.2674998 -1.0715878
v -0.095316224 -0.26871207 -1.073049
v -0.0953138 -0.26367775 -1.076973
v 3.934025E-08 -1.2285714 -0.90000004
v 3.9417895E-08 -1 -0.90000004
v 4.5721926E-08 -1 -0.93050855
v 4.564428E-08 -1.2285714 -0.93050855
v -0.9999999 -1.2285714 -0.9000003
v -0.9999999 -1.2285714 -0.9305088
v -0.9999999 -1 -0.9305088
v -0.9999999 -1 -0.9000003
v 3.934025E-08 -1.2285714 -0.90000004
v -0.9999999 -1.2285714 -0.9000003
v -0.9999999 -1 -0.9000003
v 3.9417895E-08 -1 -0.90000004
v 3.934025E-08 -1.2285714 -0.90000004
v 4.564428E-08 -1.2285714 -0.93050855
v -0.9999999 -1.2285714 -0.9305088
v -0.9999999 -1.2285714 -0.9000003
v 3.9417895E-08 -1 -0.90000004
v -0.9999999 -1 -0.9000003
v -0.9999999 -1 -0.9305088
v 4.5721926E-08 -1 -0.93050855
v -0.9999999 -1.2285714 -0.9000003
v -0.9999999 -1 -0.9000003
v -0.9999999 -1 -0.9305088
v -0.9999999 -1.2285714 -0.9305088
v -2 -1.2285714 -0.90000045
v -2 -1.2285714 -0.9305089
v -2 -1 -0.9305089
v -2 -1 -0.9000005
v -0.9999999 -1.2285714 -0.9000003
v -2 -1.2285714 -0.90000045
v -2 -1 -0.9000005
v -0.9999999 -1 -0.9000003
v -0.9999999 -1.2285714 -0.9000003
v -0.9999999 -1.2285714 -0.9305088
v -2 -1.2285714 -0.9305089
v -2 -1.2285714 -0.90000045
v -0.9999999 -1 -0.9000003
v -2 -1 -0.9000005
v -2 -1 -0.9305089
v -0.9999999 -1 -0.9305088
v -2 -1.2285714 -0.90000045
v -2 -1 -0.9000005
v -2 -1 -0.9305089
v -2 -1.2285714 -0.9305089
v -3 -1.2285714 -0.9000007
v -3 -1.2285714 -0.93050915
v -3 -1 -0.93050915
v -3 -1 -0.9000007
v -2 -1.2285714 -0.90000045
v -3 -1.2285714 -0.9000007
v -3 -1 -0.9000007
v -2 -1 -0.9000005
v -2 -1.2285714 -0.90000045
v -2 -1.2285714 -0.9305089
v -3 -1.2285714 -0.93050915
v -3 -1.2285714 -0.9000007
v -2 -1 -0.9000005
v -3 -1 -0.9000007
v -3 -1 -0.93050915
v -2 -1 -0.9305089
v -2 -1.2285714 -0.9305089
v -2 -1 -0.9305089
v -3 -1 -0.93050915
v -3 -1.2285714 -0.93050915
v -3 -1.2285714 -0.9000007
v -3 -1 -0.9000007
v -3 -1 -0.93050915
v -3 -1.2285714 -0.93050915
v -4 -1.2285714 -0.9000009
v -4 -1.2285714 -0.9305094
v -4 -1 -0.9305094
v -4 -1 -0.9000009
v -3 -1.2285714 -0.9000007
v -4 -1.2285714 -0.9000009
v -4 -1 -0.9000009
v -3 -1 -0.9000007
v -3 -1.2285714 -0.9000007
v -3 -1.2285714 -0.93050915
v -4 -1.2285714 -0.9305094
v -4 -1.2285714 -0.9000009
v -3 -1 -0.9000007
v -4 -1 -0.9000009
v -4 -1 -0.9305094
v -3 -1 -0.93050915
v -0.9983328 -1 -1.0016946
v -0.9983328 -1 -1.0322032
v -0.9983328 -0.002857089 -1.0322032
v -0.9983328 -1 -1.0016946
v -0.9983328 -0.002857089 -1.0322032
v -0.9983328 -0.002857089 -1.0016946
v 4.5779552E-07 -1 -1.0016946
v 4.5813422E-07 -0.002857089 -1.0016946
v 4.6443822E-07 -0.002857089 -1.032203
v 4.5779552E-07 -1 -1.0016946
v 4.6443822E-07 -0.002857089 -1.032203
v 4.6409957E-07 -1 -1.032203
v -0.9983328 -1 -1.0016946
v 4.5779552E-07 -1 -1.0016946
v 4.6409957E-07 -1 -1.032203
v -0.9983328 -1 -1.0016946
v 4.6409957E-07 -1 -1.032203
v -0.9983328 -1 -1.0322032
v -0.9983328 -0.002857089 -1.0016946
v -0.9983328 -0.002857089 -1.0322032
v 4.6443822E-07 -0.002857089 -1.032203
v -0.9983328 -0.002857089 -1.0016946
v 4.6443822E-07 -0.002857089 -1.032203
v 4.5813422E-07 -0.002857089 -1.0016946
v -0.9983328 -1 -1.0016946
v -0.9983328 -0.002857089 -1.0016946
v 4.5813422E-07 -0.002857089 -1.0016946
v -0.9983328 -1 -1.0016946
v 4.5813422E-07 -0.002857089 -1.0016946
v 4.5779552E-07 -1 -1.0016946
v -0.9983328 -1 -1.0322032
v 4.6409957E-07 -1 -1.032203
v 4.6443822E-07 -0.002857089 -1.032203
v -0.9983328 -1 -1.0322032
v 4.6443822E-07 -0.002857089 -1.032203
v -0.9983328 -0.002857089 -1.0322032
v -3.0000002 0.028571427 -2.9412604E-07
v -3.0000002 0.04141301 -2.9412604E-07
v -2 0.04141301 -8.742278E-08
v -2 0.028571429 -8.742278E-08
v -3.0000002 0.028571421 -1.0622091
v -3.0000002 0.041413005 -1.0622091
v -3.0000002 0.04141301 -2.9412604E-07
v -3.0000002 0.028571427 -2.9412604E-07
v -3.0082276 -0.15728113 -1.0087095
v -3.0082276 -0.15728113 -1.03646
v -2.8953671 -0.15728113 -1.03646
v -2.8953671 -0.15728113 -1.0087095
v -2.8557098 -0.15728113 -1.03646
v -2.8557098 -0.15728113 -1.0087095
v -2.1537576 -0.15728113 -1.03646
v -2.1537576 -0.15728113 -1.0087095
v -2.114102 -0.15728113 -1.0364599
v -2.114102 -0.15728113 -1.0087094
v -2.007004 -0.15728113 -1.0364599
v -2.007004 -0.15728113 -1.0087094
v -2.8953671 -0.15728113 -1.0087095
v -2.8953671 -0.15728113 -1.027229
v -3.0082276 -0.15728113 -1.027229
v -3.0082276 -0.15728113 -1.0087095
v -2.8557098 -0.15728113 -1.0087095
v -2.8557098 -0.15728113 -1.027229
v -2.1537576 -0.15728113 -1.0087095
v -2.1537576 -0.15728113 -1.027229
v -2.114102 -0.15728113 -1.0087094
v -2.114102 -0.15728113 -1.0272288
v -2.007004 -0.15728113 -1.0087094
v -2.007004 -0.15728113 -1.0272288
v -2.114102 -0.2092811 -1.0364599
v -2.007004 -0.2092811 -1.0364599
v -2.007004 -0.15728113 -1.0364599
v -2.114102 -0.15728113 -1.0364599
v -2.1537576 -0.2092811 -1.03646
v -2.1537576 -0.15728113 -1.03646
v -2.1537576 -0.26128107 -1.03646
v -2.114102 -0.26128107 -1.0364599
v -2.007004 -0.26128107 -1.0364599
v -2.114102 -1.0000002 -1.0364599
v -2.007004 -1.0000002 -1.0364599
v -2.8557098 -0.2092811 -1.03646
v -2.8557098 -0.15728113 -1.03646
v -2.8953671 -0.2092811 -1.03646
v -2.8953671 -0.26128107 -1.03646
v -3.0082276 -0.26128107 -1.03646
v -3.0082276 -1.0000002 -1.03646
v -2.8953671 -1.0000002 -1.03646
v -3.0082276 -0.2092811 -1.03646
v -2.8953671 -0.15728113 -1.03646
v -3.0082276 -0.15728113 -1.03646
v -2.8557098 -0.26128107 -1.03646
v -2.1537576 -0.26128107 -1.03646
v -2.1537576 -0.26128107 -1.0496513
v -2.114102 -0.26128107 -1.0496511
v -2.114102 -0.26128107 -1.0364599
v -2.8557098 -0.26128107 -1.03646
v -2.8557098 -0.26128107 -1.0496513
v -2.8953671 -0.26128107 -1.03646
v -2.8953671 -0.26128107 -1.0496513
v -2.1537576 -1.0000002 -1.0496513
v -2.114102 -1.0000002 -1.0496511
v -2.114102 -0.26128107 -1.0496511
v -2.1537576 -0.26128107 -1.0496513
v -2.8953671 -1.0000002 -1.03646
v -2.8953671 -1.0000002 -1.0496513
v -2.8953671 -0.26128107 -1.0496513
v -2.8953671 -0.26128107 -1.03646
v -2.114102 -0.26128107 -1.0364599
v -2.114102 -0.26128107 -1.0496511
v -2.114102 -1.0000002 -1.0496511
v -2.114102 -1.0000002 -1.0364599
v -2.1537576 -0.2092811 -1.03646
v -2.1537576 -0.2092811 -1.083819
v -2.1537576 -0.26128107 -1.083819
v -2.1537576 -0.26128107 -1.03646
v -2.8953671 -1.0000002 -1.0496513
v -2.8557098 -1.0000002 -1.0496513
v -2.8557098 -0.26128107 -1.0496513
v -2.8953671 -0.26128107 -1.0496513
v -2.8557098 -0.26128107 -1.083819
v -2.1537576 -0.26128107 -1.083819
v -2.1537576 -0.2092811 -1.083819
v -2.8557098 -0.2092811 -1.083819
v -2.8557098 -0.2092811 -1.03646
v -2.8557098 -0.2092811 -1.083819
v -2.1537576 -0.2092811 -1.083819
v -2.1537576 -0.2092811 -1.03646
v -2.1537576 -0.26128107 -1.03646
v -2.1537576 -0.26128107 -1.083819
v -2.8557098 -0.26128107 -1.083819
v -2.8557098 -0.26128107 -1.03646
v -2.8557098 -0.26128107 -1.03646
v -2.8557098 -0.26128107 -1.083819
v -2.8557098 -0.2092811 -1.083819
v -2.8557098 -0.2092811 -1.03646
vn 1 0 2.0663205E-07
vn 1 0 2.0663205E-07
vn 1 0 2.0663205E-07
vn 1 0 2.0663205E-07
vn 1 0 1.8611438E-07
vn 1 0 1.8611438E-07
vn 1 0 1.8611438E-07
vn 1 0 1.8611438E-07
vn 1 0 1.8611438E-07
vn 1 0 1.8611438E-07
vn 2.0663211E-07 0 -1
vn 2.0663211E-07 0 -1
vn 2.0663211E-07 0 -1
vn 2.0663211E-07 0 -1
vn -0 1 0
vn -0 1 0
vn -0 1 0
vn -0 1 0
vn -0 1 0
vn -0 1 0
vn -0 1 0
vn -0 1 0
vn 1.1920929E-07 0 -1
vn 1.1920929E-07 0 -1
vn 1.1920929E-07 0 -1
vn 1.1920929E-07 0 -1
vn 1 0 2.0663208E-07
vn 1 0 2.0663208E-07
vn 1 0 2.0663208E-07
vn 1 0 2.0663208E-07
vn 1 0 0
vn 1 0 0
vn 1 0 0
vn 1 0 0
vn 1 0 0
vn 1 0 0
vn 2.0663205E-07 0 -1
vn 2.0663205E-07 0 -1
vn 2.0663205E-07 0 -1
vn 2.0663205E-07 0 -1
vn -0 1 0
vn -0 1 0
vn -0 1 0
vn -0 1 0
vn -0 1 0
vn -0 1 0
vn -0 1 0
vn -0 1 0
vn 2.0861624E-07 0 -1
vn 2.0861624E-07 0 -1
vn 2.0861624E-07 0 -1
vn 2.0861624E-07 0 -1
vn 1 0 2.4815245E-07
vn 1 0 2.4815245E-07
vn 1 0 2.4815245E-07
vn 1 0 2.4815245E-07
vn 1 0 2.4815245E-07
vn 1 0 2.4815245E-07
vn 1 0 -1.2407622E-07
vn 1 0 -1.2407622E-07
vn 1 0 -1.2407622E-07
vn 1 0 -1.2407622E-07
vn 1.8474083E-07 7.637042E-07 -1
vn 1.8474083E-07 7.637042E-07 -1
vn 1.8474083E-07 7.637042E-07 -1
vn 1.8474083E-07 7.637042E-07 -1
vn -0 1 0
vn -0 1 0
vn -0 1 0
vn -0 1 0
vn -0 1 0
vn -0 1 0
vn -0 1 0
vn -0 1 0
vn 2.3841852E-07 0 -1
vn 2.3841852E-07 0 -1
vn 2.3841852E-07 0 -1
vn 2.3841852E-07 0 -1
vn 1 0 0
vn 1 0 0
vn 1 0 0
vn 1 0 0
vn 1 0 0
vn 1 0 0
vn 1 0 0
vn 1 0 0
vn 1 0 0
vn 1 0 0
vn 1 0 0
vn 1 0 0
vn 2.0663211E-07 0 -1
vn 2.0663211E-07 0 -1
vn 2.0663211E-07 0 -1
vn 2.0663211E-07 0 -1
vn -0 1 0
vn -0 1 0
vn -0 1 0
vn -0 1 0
vn -0 1 0
vn -0 1 0
vn -0 1 0
vn -0 1 0
vn 2.0489098E-07 0 -1
vn 2.0489098E-07 0 -1
vn 2.0489098E-07 0 -1
vn 2.0489098E-07 0 -1
vn 1 0 0
vn 1 0 0
vn 1 0 0
vn 1 0 0
vn 1 0 0
vn 1 0 0
vn 1 0 -1.227491E-07
vn 1 0 -1.227491E-07
vn 1 0 -1.227491E-07
vn 1 0 -1.227491E-07
vn 2.0666762E-07 0 -1
vn 2.0666762E-07 0 -1
vn 2.0666762E-07 0 -1
vn 2.0666762E-07 0 -1
vn -0 1 0
vn -0 1 0
vn -0 1 0
vn -0 1 0
vn 1 0 0
vn 1 0 0
vn 1 0 0
vn 1 0 0
vn 1 0 0
vn 1 0 0
vn 1 0 0
vn 1 0 0
vn 1 0 0
vn 1 0 0
vn 1 0 0
vn 1 0 0
vn 2.0663205E-07 0 -1
vn 2.0663205E-07 0 -1
vn 2.0663205E-07 0 -1
vn 2.0663205E-07 0 -1
vn -0 1 0
vn -0 1 0
vn -0 1 0
vn -0 1 0
vn 1 0 3.1019053E-07
vn 1 0 3.1019053E-07
vn 1 0 3.1019053E-07
vn 1 0 3.1019053E-07
vn 1 0 -2.4815253E-07
vn 1 0 -2.4815253E-07
vn 1 0 -2.4815253E-07
vn 1 0 -2.4815253E-07
vn 2.0663211E-07 0 -1
vn 2.0663211E-07 0 -1
vn 2.0663211E-07 0 -1
vn 2.0663211E-07 0 -1
vn -0 1 0
vn -0 1 0
vn -0 1 0
vn -0 1 0
vn -0 1 0
vn -0 1 0
vn -0 1 0
vn -0 1 0
vn 1.19209254E-07 0 -1
vn 1.19209254E-07 0 -1
vn 1.19209254E-07 0 -1
vn 1.19209254E-07 0 -1
vn 1 0 0
vn 1 0 0
vn 1 0 0
vn 1 0 0
vn 1 0 0
vn 1 0 0
vn 1 0 0
vn 1 0 0
vn 1 0 0
vn 1 0 0
vn 2.0663211E-07 0 -1
vn 2.0663211E-07 0 -1
vn 2.0663211E-07 0 -1
vn 2.0663211E-07 0 -1
vn -0 1 0
vn -0 1 0
vn -0 1 0
vn -0 1 0
vn -0 1 0
vn -0 1 0
vn -0 1 0
vn -0 1 0
vn 2.0861627E-07 0 -1
vn 2.0861627E-07 0 -1
vn 2.0861627E-07 0 -1
vn 2.0861627E-07 0 -1
vn -1 0 0
vn -1 0 0
vn -1 0 0
vn -1 0 0
vn -1 0 0
vn -1 0 0
vn 1 0 0
vn 1 0 0
vn 1 0 0
vn 1 0 0
vn 1 0 0
vn 1 0 0
vn -0 -1 0
vn -0 -1 0
vn -0 -1 0
vn -0 -1 0
vn -0 -1 0
vn -0 -1 0
vn -0 1 0
vn -0 1 0
vn -0 1 0
vn -0 1 0
vn -0 1 0
vn -0 1 0
vn -1.194083E-07 0 1
vn -1.194083E-07 0 1
vn -1.194083E-07 0 1
vn -1.194083E-07 0 1
vn -1.194083E-07 0 1
vn -1.194083E-07 0 1
vn 2.388166E-07 0 -1
vn 2.388166E-07 0 -1
vn 2.388166E-07 0 -1
vn 2.388166E-07 0 -1
vn 2.388166E-07 0 -1
vn 2.388166E-07 0 -1
vn -1 0 0
vn -1 0 0
vn -1 0 0
vn -1 0 0
vn 1 0 0
vn 1 0 0
vn 1 0 0
vn 1 0 0
vn -0 -1 0
vn -0 -1 0
vn -0 -1 0
vn -0 -1 0
vn -0 1 0
vn -0 1 0
vn -0 1 0
vn -0 1 0
vn -2.3974107E-07 0 1
vn -2.3974107E-07 0 1
vn -2.3974107E-07 0 1
vn -2.3974107E-07 0 1
vn -1 0 0
vn -1 0 0
vn -1 0 0
vn -1 0 0
vn -1 0 0
vn -1 0 0
vn -1 0 0
vn -1 0 0
vn -1 0 0
vn -1 0 0
vn -1 0 0
vn -1 0 0
vn -1 0 0
vn -1 0 0
vn -1 0 0
vn -1 0 0
vn 1 0 0
vn 1 0 0
vn 1 0 0
vn 1 0 0
vn 1 0 0
vn 1 0 0
vn 1 0 0
vn 1 0 0
vn 1 0 0
vn 1 0 0
vn 1 0 -1.4079782E-05
vn 1 0 0
vn 1 0 -1.4079782E-05
vn 1 0 -1.4079782E-05
vn 1 0 -1.4079782E-05
vn 1 0 0
vn -0 -1 0
vn -0 -1 0
vn -0 -1 0
vn -0 -1 0
vn -0 -1 0
vn -0 -1 0
vn -0 -1 0
vn -0 -1 0
vn -0 -1 0
vn -0 -1 0
vn -0 -1 0
vn -0 -1 0
vn -0 -1 0
vn -0 -1 0
vn -0 -1 0
vn -0 -1 0
vn -0 -1 0
vn -0 -1 0
vn -0 -1 0
vn -0 -1 0
vn -0 -1 0
vn -0 -1 0
vn -0 1 0
vn -0 1 0
vn -0 1 0
vn -0 1 0
vn -0 1 0
vn -0 1 0
vn -0 1 0
vn -0 1 0
vn -0 1 0
vn -0 1 0
vn -0 1 0
vn -0 1 0
vn -0 1 0
vn -0 1 0
vn -0 1 0
vn -0 1 0
vn -0 1 0
vn -0 1 0
vn -0 0 1
vn -0 0 1
vn -0 0 1
vn -0 0 1
vn -0 0 1
vn -0 0 1
vn -3.0061158E-06 0 1
vn -3.0061158E-06 0 1
vn -3.0060999E-06 0 1
vn -3.0061124E-06 0 1
vn -0 0 1
vn -3.0061124E-06 0 1
vn -0 0 1
vn -0 0 1
vn -0 0 1
vn -3.0059905E-06 0 1
vn -3.0059905E-06 0 1
vn -0 0 1
vn -0 0 1
vn -0 0 1
vn -0 0 1
vn -0 0 1
vn -0 0 1
vn -0 0 1
vn -0 0 1
vn -0 0 1
vn -0 0 1
vn -3.0059857E-06 0 1
vn -3.0059857E-06 0 1
vn -3.0059832E-06 0 1
vn -1 0 0
vn -1 0 0
vn -1 0 0
vn -1 0 0
vn 1 0 0
vn 1 0 0
vn 1 0 0
vn 1 0 0
vn -0 -1 0
vn -0 -1 0
vn -0 -1 0
vn -0 -1 0
vn -0 1 0
vn -0 1 0
vn -0 1 0
vn -0 1 0
vn -1.1807959E-07 0 1
vn -1.1807959E-07 0 1
vn -1.1807959E-07 0 1
vn -1.1807959E-07 0 1
vn 0.9934902 -0.06944128 -0.09030616
vn 0.9934902 -0.06944128 -0.09030616
vn 0.9934902 -0.06944128 -0.09030616
vn 0.9934902 -0.06944128 -0.09030616
vn 0.9932086 -0.09208518 -0.07111306
vn 0.9932086 -0.09208518 -0.07111306
vn 0.99197596 -0.11721048 -0.047386285
vn 0.9854172 -0.15027781 -0.0798104
vn 0.9886065 -0.046366084 -0.14320429
vn 0.994058 -0.03472319 -0.10316455
vn 0.9937909 -0.016129756 -0.110088065
vn 0.9937909 -0.016129756 -0.110088065
vn 0.9938539 -0.00028977997 -0.11069944
vn 0.9938539 -0.00028977997 -0.11069944
vn 0.9938539 -0.00028977997 -0.11069944
vn 0.9938539 -0.00028977997 -0.11069944
vn 0.98691595 -0.022339998 -0.15968019
vn 0.9886065 -0.046366084 -0.14320429
vn 0.98691595 -0.022339998 -0.15968019
vn 0.98691595 -0.022339998 -0.15968019
vn 0.98691595 -0.022339998 -0.15968019
vn 0.98740864 -0.07457119 -0.1395115
vn 0.98740864 -0.07457119 -0.1395115
vn 0.9858775 -0.1262506 -0.110028625
vn 0.9858775 -0.1262506 -0.110028625
vn 0.9858775 -0.1262506 -0.110028625
vn 0.9858775 -0.1262506 -0.110028625
vn 0.9854172 -0.15027781 -0.0798104
vn 0.98074454 -0.18608245 -0.059274696
vn 0.98074454 -0.18608245 -0.059274696
vn 0.9732853 -0.22395322 -0.050603192
vn 0.98111826 -0.19161211 -0.026300183
vn 0.9858904 -0.0007948283 -0.1673902
vn 0.9875732 -0.0033892517 -0.15712272
vn 0.9732853 -0.22395322 -0.050603192
vn 0.9732853 -0.22395322 -0.050603192
vn 0.9732853 -0.22395322 -0.050603192
vn 0.973834 -0.22724219 -0.0029008253
vn 0.973834 -0.22724219 -0.0029008253
vn 0.973834 -0.22724219 -0.0029008253
vn 0.973834 -0.22724219 -0.0029008253
vn 0.9622871 -0.25687203 -0.08955621
vn 0.9622871 -0.25687203 -0.08955621
vn 0.9622871 -0.25687203 -0.08955621
vn 0.9622871 -0.25687203 -0.08955621
vn 0.9732771 -0.22963387 -0.00011560289
vn 0.9732771 -0.22963387 -0.00011560289
vn 0.9880283 6.3492366E-06 -0.15427269
vn 0.9880283 6.3492366E-06 -0.15427269
vn 0.9875743 0.0033767163 -0.15711634
vn 0.9875743 0.0033767163 -0.15711634
vn 0.9938539 0.0002898379 -0.11069881
vn 0.9875743 0.0033767163 -0.15711634
vn 0.9938539 0.0002898379 -0.11069881
vn 0.9938539 0.0002898379 -0.11069881
vn 0.9938539 0.0002898379 -0.11069881
vn 0.98860544 0.0463923 -0.14320263
vn 0.9940578 0.034722593 -0.103166975
vn 0.99393266 0.05329129 -0.09621828
vn 0.99393266 0.05329129 -0.09621828
vn 0.9934901 0.069442146 -0.09030637
vn 0.9934901 0.069442146 -0.09030637
vn 0.9934901 0.069442146 -0.09030637
vn 0.9934901 0.069442146 -0.09030637
vn 0.9919757 0.11721434 -0.04737962
vn 0.9919757 0.11721434 -0.04737962
vn 0.9897563 0.14095727 -0.022662738
vn 0.9919757 0.11721434 -0.04737962
vn 0.9874079 0.074555464 -0.13952476
vn 0.98860544 0.0463923 -0.14320263
vn 0.9874079 0.074555464 -0.13952476
vn 0.9874079 0.074555464 -0.13952476
vn 0.9874079 0.074555464 -0.13952476
vn 0.9858795 0.12623216 -0.11003248
vn 0.9858795 0.12623216 -0.11003248
vn 0.9858795 0.12623216 -0.11003248
vn 0.9858795 0.12623216 -0.11003248
vn 0.9807478 0.18606569 -0.059271943
vn 0.9807478 0.18606569 -0.059271943
vn 0.9807478 0.18606569 -0.059271943
vn 0.9807478 0.18606569 -0.059271943
vn 0.981118 0.19161223 -0.026307283
vn 0.9732266 0.22413573 -0.050923318
vn 0.986914 0.0223492 -0.1596914
vn 0.986914 0.0223492 -0.1596914
vn 0.9858904 0.0007947615 -0.16739021
vn 0.9732266 0.22413573 -0.050923318
vn 0.9732266 0.22413573 -0.050923318
vn 0.9732266 0.22413573 -0.050923318
vn 0.9737737 0.22750314 -0.0026563762
vn 0.9737737 0.22750314 -0.0026563762
vn 0.9737737 0.22750314 -0.0026563762
vn 0.9737737 0.22750314 -0.0026563762
vn 0.9732752 0.22964177 -0.00011578849
vn 0.9732752 0.22964177 -0.00011578849
vn 0.962287 0.25686997 -0.089563094
vn 0.962287 0.25686997 -0.089563094
vn 0.962287 0.25686997 -0.089563094
vn 0.962287 0.25686997 -0.089563094
vn 0.95429087 0.29011768 -0.07183723
vn 0.95429087 0.29011768 -0.07183723
vn 0.95429087 0.29011768 -0.07183723
vn 0.95429087 0.29011768 -0.07183723
vn 0.9557904 0.29376134 -0.01300101
vn 0.9557904 0.29376134 -0.01300101
vn 0.9557904 0.29376134 -0.01300101
vn 0.9557904 0.29376134 -0.01300101
vn 0.9391767 0.31698394 -0.13216765
vn 0.9391767 0.31698394 -0.13216765
vn 0.9391767 0.31698394 -0.13216765
vn 0.9391767 0.31698394 -0.13216765
vn 0.95546305 0.29511094 -5.7639132E-05
vn 0.95546305 0.29511094 -5.7639132E-05
vn 0.9935041 0.06861481 0.09078381
vn 0.9935041 0.06861481 0.09078381
vn 0.9935041 0.06861481 0.09078381
vn 0.9935041 0.06861481 0.09078381
vn 0.9932139 0.059939824 0.09966651
vn 0.9932139 0.059939824 0.09966651
vn 0.99246746 0.051903546 0.11097062
vn 0.99246746 0.051903546 0.11097062
vn 0.988545 0.060750738 0.13815996
vn 0.988545 0.060750738 0.13815996
vn 0.988545 0.060750738 0.13815996
vn 0.988545 0.060750738 0.13815996
vn 0.9886339 0.08679162 0.12276059
vn 0.9939551 0.057069547 0.093789786
vn 0.9939551 0.057069547 0.093789786
vn 0.9939551 0.057069547 0.093789786
vn 0.9964786 0.060558293 0.0579917
vn 0.9964786 0.060558293 0.0579917
vn 0.99787235 0.06140279 0.021919142
vn 0.99787235 0.06140279 0.021919142
vn 0.991871 0.09832162 0.0807769
vn 0.99813807 0.060995094 -5.1372357E-05
vn 0.99813807 0.060995094 -5.1372357E-05
vn 0.9839188 0.06929196 0.16462798
vn 0.9839188 0.06929196 0.16462798
vn 0.9839188 0.06929196 0.16462798
vn 0.9851638 0.08298741 0.15021762
vn 0.9851638 0.08298741 0.15021762
vn 0.98521256 0.100352384 0.13887268
vn 0.98521256 0.100352384 0.13887268
vn 0.98606133 0.07364347 0.14919665
vn 0.98606133 0.07364347 0.14919665
vn 0.98606133 0.07364347 0.14919665
vn 0.98606133 0.07364347 0.14919665
vn 0.9857429 0.054588716 0.15915684
vn 0.9857429 0.054588716 0.15915684
vn 0.98582053 0.033540256 0.16441736
vn 0.98582053 0.033540256 0.16441736
vn 0.98757124 -0.0034138944 0.1571349
vn 0.98583835 -0.00082631933 0.16769652
vn 0.99384344 -0.0002958799 0.11079303
vn 0.98757124 -0.0034138944 0.1571349
vn 0.98757124 -0.0034138944 0.1571349
vn 0.988027 0 0.15428087
vn 0.988027 0 0.15428087
vn 0.9938437 0.00029596654 0.11079146
vn 0.9875715 0.0034065994 0.15713333
vn 0.99384344 -0.0002958799 0.11079303
vn 0.99384344 -0.0002958799 0.11079303
vn 0.99384344 -0.0002958799 0.11079303
vn 0.99377257 0.0154217705 0.110355854
vn 0.9978745 0.009138433 0.06452159
vn 0.9978745 0.009138433 0.06452159
vn 0.9978745 0.009138433 0.06452159
vn 0.9977222 0.023444414 0.06325155
vn 0.9977222 0.023444414 0.06325155
vn 0.99786997 0.035356764 0.054822117
vn 0.99786997 0.035356764 0.054822117
vn 0.9940455 0.03396339 0.10353803
vn 0.9977642 0.032261167 0.058529574
vn 0.9977642 0.032261167 0.058529574
vn 0.9977642 0.032261167 0.058529574
vn 0.9977642 0.032261167 0.058529574
vn 0.9970456 0.020605486 0.073996246
vn 0.9970456 0.020605486 0.073996246
vn 0.9964992 0.0022979497 0.083571024
vn 0.9964992 0.0022979497 0.083571024
vn 0.9939137 0.019655166 0.10839332
vn 0.33352438 -0.013212354 0.9426489
vn 0.33352438 -0.013212354 0.9426489
vn 0.33352438 -0.013212354 0.9426489
vn 0.33352438 -0.013212354 0.9426489
vn 0.34652922 0 0.93803924
vn 0.34652922 0 0.93803924
vn 0.34652662 0 0.9380401
vn 0.34652662 0 0.9380401
vn 0.3335226 0.013211492 0.94264954
vn 0.3335226 0.013211492 0.94264954
vn 0.3335226 0.013211492 0.94264954
vn 0.3335226 0.013211492 0.94264954
vn -0.758631 0.3768911 0.53144336
vn -0.758631 0.3768911 0.53144336
vn -0.758631 0.3768911 0.53144336
vn -0.758631 0.3768911 0.53144336
vn -0.75716513 0.38237253 0.5296152
vn -0.75716513 0.38237253 0.5296152
vn -0.7382881 0.4066737 0.53809583
vn -0.7382881 0.4066737 0.53809583
vn -0.9934908 -0.06943633 -0.09030372
vn -0.9934908 -0.06943633 -0.09030372
vn -0.9934908 -0.06943633 -0.09030372
vn -0.9934908 -0.06943633 -0.09030372
vn -0.99197537 -0.11721429 -0.047387827
vn -0.99197537 -0.11721429 -0.047387827
vn -0.98975664 -0.14095592 -0.022652948
vn -0.98975664 -0.14095592 -0.022652948
vn -0.9898538 -0.1420247 0.0042896527
vn -0.9898538 -0.1420247 0.0042896527
vn -0.9898538 -0.1420247 0.0042896527
vn -0.9898538 -0.1420247 0.0042896527
vn -0.99346006 -0.11371294 0.010314482
vn -0.99346006 -0.11371294 0.010314482
vn -0.9938567 -0.110425666 0.0074165105
vn -0.9938567 -0.110425666 0.0074165105
vn -0.99405515 -0.10887793 0
vn -0.99405515 -0.10887793 0
vn -0.99405515 -0.10887793 0
vn -0.99405515 -0.10887793 0
vn -0.9960634 -0.0872771 -0.015508963
vn -0.9960634 -0.0872771 -0.015508963
vn -0.99781775 -0.053495564 -0.03870347
vn -0.99781775 -0.053495564 -0.03870347
vn -0.99781775 -0.053495564 -0.03870347
vn -0.99781775 -0.053495564 -0.03870347
vn -0.99816173 -0.034761578 -0.049647696
vn -0.99816173 -0.034761578 -0.049647696
vn -0.9982134 -0.016444867 -0.057441473
vn -0.9982134 -0.016444867 -0.057441473
vn -0.9979664 0.0021408491 -0.06370583
vn -0.9979664 0.0021408491 -0.06370583
vn -0.99385345 -0.00028977983 -0.11070304
vn -0.9979664 0.0021408491 -0.06370583
vn -0.99385345 -0.00028977983 -0.11070304
vn -0.99385345 -0.00028977983 -0.11070304
vn -0.99385345 -0.00028977983 -0.11070304
vn -0.98860687 -0.046391573 -0.14319357
vn -0.9940572 -0.03472316 -0.10317284
vn -0.9939324 -0.053292293 -0.0962201
vn -0.9939324 -0.053292293 -0.0962201
vn -0.9874072 -0.07455726 -0.13952811
vn -0.98860687 -0.046391573 -0.14319357
vn -0.9874072 -0.07455726 -0.13952811
vn -0.9874072 -0.07455726 -0.13952811
vn -0.9874072 -0.07455726 -0.13952811
vn -0.98691374 -0.02234884 -0.1596927
vn -0.98691374 -0.02234884 -0.1596927
vn -0.987575 -0.0033836302 -0.15711214
vn -0.987575 -0.0033836302 -0.15711214
vn -0.987575 -0.0033836302 -0.15711214
vn -0.9880283 0 -0.15427269
vn -0.9880283 0 -0.15427269
vn -0.9938537 0.00028967307 -0.11070107
vn -0.98757565 0.003389143 -0.1571073
vn -0.985889 -0.000794809 -0.16739827
vn -0.9858791 -0.1262374 -0.1100288
vn -0.9858791 -0.1262374 -0.1100288
vn -0.9858791 -0.1262374 -0.1100288
vn -0.9858791 -0.1262374 -0.1100288
vn -0.98074603 -0.18607461 -0.059274785
vn -0.98074603 -0.18607461 -0.059274785
vn -0.98074603 -0.18607461 -0.059274785
vn -0.98074603 -0.18607461 -0.059274785
vn -0.98111683 -0.19162002 -0.02629604
vn -0.97322637 -0.22413647 -0.05092349
vn -0.9938537 0.00028967307 -0.11070107
vn -0.9938537 0.00028967307 -0.11070107
vn -0.9938537 0.00028967307 -0.11070107
vn -0.99379164 0.01612961 -0.110082105
vn -0.99379164 0.01612961 -0.110082105
vn -0.9940584 0.034722324 -0.103161976
vn -0.98860395 0.046391435 -0.14321356
vn -0.9934907 0.06943755 -0.090303935
vn -0.9934907 0.06943755 -0.090303935
vn -0.9934907 0.06943755 -0.090303935
vn -0.9934907 0.06943755 -0.090303935
vn -0.993211 0.092062205 -0.07110985
vn -0.993211 0.092062205 -0.07110985
vn -0.9919769 0.11719802 -0.04739614
vn -0.9919769 0.11719802 -0.04739614
vn -0.9898545 0.14202021 0.004289638
vn -0.9898545 0.14202021 0.004289638
vn -0.9898545 0.14202021 0.004289638
vn -0.9898545 0.14202021 0.004289638
vn -0.99288213 0.118166186 0.0148953255
vn -0.99288213 0.118166186 0.0148953255
vn -0.9935754 0.112678334 0.010559367
vn -0.9935754 0.112678334 0.010559367
vn -0.99405503 0.108878285 -2.684482E-07
vn -0.99405503 0.108878285 -2.684482E-07
vn -0.99405503 0.108878285 -2.684482E-07
vn -0.99405503 0.108878285 -2.684482E-07
vn -0.99332446 0.11465149 0.012706291
vn -0.99332446 0.11465149 0.012706291
vn -0.99332446 0.11465149 0.012706291
vn -0.9978187 0.053492077 -0.038683735
vn -0.9978187 0.053492077 -0.038683735
vn -0.9978187 0.053492077 -0.038683735
vn -0.9978187 0.053492077 -0.038683735
vn -0.9981609 0.034780715 -0.049649008
vn -0.9981609 0.034780715 -0.049649008
vn -0.9981609 0.034780715 -0.049649008
vn -0.9981609 0.034780715 -0.049649008
vn -0.9982141 0.01643623 -0.057432342
vn -0.9982141 0.01643623 -0.057432342
vn -0.99796605 -0.0021387746 -0.0637123
vn -0.99819106 0.00011522566 -0.06012231
vn -0.99820065 0.0028936143 -0.059891183
vn -0.99820065 0.0028936143 -0.059891183
vn -0.99820065 0.0028936143 -0.059891183
vn -0.99820065 0.0028936143 -0.059891183
vn -0.9980544 0 -0.062349092
vn -0.9980544 0 -0.062349092
vn -0.99820065 -0.0028915005 -0.0598917
vn -0.99820065 -0.0028915005 -0.0598917
vn -0.99434316 0 -0.10621477
vn -0.99434316 0 -0.10621477
vn -0.998192 -0.00011529147 -0.060105547
vn -0.99384344 -0.00029617146 0.1107928
vn -0.99384344 -0.00029617146 0.1107928
vn -0.99384344 -0.00029617146 0.1107928
vn -0.99384344 -0.00029617146 0.1107928
vn -0.99772185 0.023438465 0.06325831
vn -0.99772185 0.023438465 0.06325831
vn -0.9978688 0.035377074 0.054830186
vn -0.9978688 0.035377074 0.054830186
vn -0.9978688 0.035377074 0.054830186
vn -0.9978688 0.035377074 0.054830186
vn -0.9978734 0.00914998 0.06453673
vn -0.99777585 0.03236868 0.058270544
vn -0.99777585 0.03236868 0.058270544
vn -0.99777585 0.03236868 0.058270544
vn -0.99777585 0.03236868 0.058270544
vn -0.9964923 0.0019854822 0.08366061
vn -0.9964923 0.0019854822 0.08366061
vn -0.9964923 0.0019854822 0.08366061
vn -0.9964923 0.0019854822 0.08366061
vn -0.9939135 0.019666761 0.108393304
vn -0.9939558 0.05715319 0.09373064
vn -0.98854536 0.060748786 0.13815802
vn -0.9964657 0.060724 0.058040492
vn -0.9964657 0.060724 0.058040492
vn -0.9978654 0.061476707 0.022032127
vn -0.9978654 0.061476707 0.022032127
vn -0.9978654 0.061476707 0.022032127
vn -0.9978654 0.061476707 0.022032127
vn -0.99813807 0.060995232 -5.2095E-05
vn -0.99813807 0.060995232 -5.2095E-05
vn -0.98854536 0.060748786 0.13815802
vn -0.98854536 0.060748786 0.13815802
vn -0.98854536 0.060748786 0.13815802
vn -0.99245656 0.051933285 0.11105376
vn -0.99245656 0.051933285 0.11105376
vn -0.99321127 0.060147136 0.09956739
vn -0.99321127 0.060147136 0.09956739
vn -0.9935042 0.068614826 0.09078198
vn -0.9935042 0.068614826 0.09078198
vn -0.9935042 0.068614826 0.09078198
vn -0.9935042 0.068614826 0.09078198
vn -0.985166 0.082984746 0.15020433
vn -0.985166 0.082984746 0.15020433
vn -0.9852073 0.100371845 0.13889614
vn -0.9852073 0.100371845 0.13889614
vn -0.9852073 0.100371845 0.13889614
vn -0.9852073 0.100371845 0.13889614
vn -0.9860619 0.07364944 0.14919038
vn -0.9860619 0.07364944 0.14919038
vn -0.98573875 0.054604042 0.15917751
vn -0.98573875 0.054604042 0.15917751
vn -0.9858204 0.033527378 0.1644202
vn -0.9858204 0.033527378 0.1644202
vn -0.9858204 0.033527378 0.1644202
vn -0.9858204 0.033527378 0.1644202
vn -0.98583543 -0.0008265059 0.16771327
vn -0.98757255 -0.003406721 0.15712704
vn -0.98392093 0.069283105 0.16461934
vn -0.98757255 -0.003406721 0.15712704
vn -0.98757255 -0.003406721 0.15712704
vn -0.9875731 0.0034138195 0.1571229
vn -0.9875731 0.0034138195 0.1571229
vn -0.9938437 0.0002960303 0.11079146
vn -0.9875731 0.0034138195 0.1571229
vn -0.9938437 0.0002960303 0.11079146
vn -0.9938437 0.0002960303 0.11079146
vn -0.9938437 0.0002960303 0.11079146
vn -0.99404496 -0.03394717 0.103548095
vn -0.9978738 -0.009146439 0.064531274
vn -0.9978738 -0.009146439 0.064531274
vn -0.9978738 -0.009146439 0.064531274
vn -0.9977221 -0.023431202 0.06325702
vn -0.9977221 -0.023431202 0.06325702
vn -0.9978696 -0.03538002 0.05481217
vn -0.9978696 -0.03538002 0.05481217
vn -0.9935041 -0.068615496 0.09078247
vn -0.993933 -0.05239692 0.09670438
vn -0.9977635 -0.032262545 0.058540724
vn -0.9977635 -0.032262545 0.058540724
vn -0.9977635 -0.032262545 0.058540724
vn -0.9977635 -0.032262545 0.058540724
vn -0.9970456 -0.020605486 0.073996246
vn -0.9970456 -0.020605486 0.073996246
vn -0.99650013 -0.0022980883 0.08355917
vn -0.99650013 -0.0022980883 0.08355917
vn -0.9939567 -0.05706896 0.09377275
vn -0.99391466 -0.019665863 0.10838257
vn -0.9935041 -0.068615496 0.09078247
vn -0.9935041 -0.068615496 0.09078247
vn -0.9935041 -0.068615496 0.09078247
vn -0.9924677 -0.051886313 0.11097596
vn -0.9924677 -0.051886313 0.11097596
vn -0.9924677 -0.051886313 0.11097596
vn -0.99126446 -0.04638078 0.12346551
vn -0.98854476 -0.06074997 0.13816145
vn -0.9939567 -0.05706896 0.09377275
vn -0.9939567 -0.05706896 0.09377275
vn -0.99647814 -0.060562316 0.057995554
vn -0.99647814 -0.060562316 0.057995554
vn -0.9978726 -0.061396565 0.021925028
vn -0.9978726 -0.061396565 0.021925028
vn -0.9918704 -0.098321274 0.08078357
vn -0.99368 -0.1057454 0.037654348
vn -0.99368 -0.1057454 0.037654348
vn -0.99405503 -0.10887844 -2.7054006E-07
vn -0.98854476 -0.06074997 0.13816145
vn -0.98854476 -0.06074997 0.13816145
vn -0.98854476 -0.06074997 0.13816145
vn -0.9839188 -0.06929196 0.16462798
vn -0.9839188 -0.06929196 0.16462798
vn -0.9839188 -0.06929196 0.16462798
vn -0.9852094 -0.10035847 0.13889009
vn -0.9852094 -0.10035847 0.13889009
vn -0.9852094 -0.10035847 0.13889009
vn -0.9852094 -0.10035847 0.13889009
vn -0.9981382 -0.0609929 -5.17229E-05
vn -0.9860617 -0.07365104 0.14919119
vn -0.9860617 -0.07365104 0.14919119
vn -0.9860617 -0.07365104 0.14919119
vn -0.9860617 -0.07365104 0.14919119
vn -0.9857406 -0.054603204 0.15916659
vn -0.9857406 -0.054603204 0.15916659
vn -0.9858191 -0.033522606 0.16442865
vn -0.9858191 -0.033522606 0.16442865
vn -0.98583686 0.000826318 0.16770487
vn -0.9981382 -0.0609929 -5.17229E-05
vn 0.33485746 -0.01191002 -0.9421935
vn 0.33485746 -0.01191002 -0.9421935
vn 0.33485746 -0.01191002 -0.9421935
vn 0.33485746 -0.01191002 -0.9421935
vn 0.34669214 0 -0.9379789
vn 0.34669214 0 -0.9379789
vn 0.34669214 0 -0.9379789
vn 0.34669214 0 -0.9379789
vn 0.33485296 0.011908961 -0.9421951
vn 0.33485296 0.011908961 -0.9421951
vn 0.33485296 0.011908961 -0.9421951
vn 0.33485296 0.011908961 -0.9421951
vn 0.9330881 -0.22064652 -0.28400996
vn 0.9330881 -0.22064652 -0.28400996
vn 0.9330881 -0.22064652 -0.28400996
vn 0.9330881 -0.22064652 -0.28400996
vn 0.758631 0.3768911 0.53144336
vn 0.758631 0.3768911 0.53144336
vn 0.758631 0.3768911 0.53144336
vn 0.758631 0.3768911 0.53144336
vn 0.32801458 0.5310864 0.7812514
vn 0.32801458 0.5310864 0.7812514
vn 0.32801458 0.5310864 0.7812514
vn 0.32801458 0.5310864 0.7812514
vn 0.32748115 0.5333101 0.77995926
vn 0.32748115 0.5333101 0.77995926
vn -0.933485 0.21251604 0.28886446
vn -0.933485 0.21251604 0.28886446
vn -0.933485 0.21251604 0.28886446
vn -0.933485 0.21251604 0.28886446
vn -0.9325415 0.21468648 0.29030347
vn -0.9325415 0.21468648 0.29030347
vn -0.92917496 0.22298424 0.2948085
vn -0.92917496 0.22298424 0.2948085
vn -0.91823465 0.26106724 0.2978069
vn -0.91823465 0.26106724 0.2978069
vn -0.91823465 0.26106724 0.2978069
vn -0.91823465 0.26106724 0.2978069
vn -0.32582664 -0.5830603 -0.74422956
vn -0.32582664 -0.5830603 -0.74422956
vn -0.32582664 -0.5830603 -0.74422956
vn -0.32582664 -0.5830603 -0.74422956
vn 0.3258249 -0.58305997 -0.7442307
vn 0.3258249 -0.58305997 -0.7442307
vn 0.3258249 -0.58305997 -0.7442307
vn 0.3258249 -0.58305997 -0.7442307
vn -0.33485255 -0.011909847 -0.94219524
vn -0.33485255 -0.011909847 -0.94219524
vn -0.33485255 -0.011909847 -0.94219524
vn -0.33485255 -0.011909847 -0.94219524
vn -0.34669214 0 -0.9379789
vn -0.34669214 0 -0.9379789
vn -0.34669214 0 -0.9379789
vn -0.34669214 0 -0.9379789
vn -0.33485296 0.011909149 -0.9421951
vn -0.33485296 0.011909149 -0.9421951
vn -0.33485296 0.011909149 -0.9421951
vn -0.33485296 0.011909149 -0.9421951
vn -0.9364055 -0.0027217476 0.35090917
vn -0.9364055 -0.0027217476 0.35090917
vn -0.9364055 -0.0027217476 0.35090917
vn -0.9364055 -0.0027217476 0.35090917
vn -0.94121045 0 0.33782056
vn -0.94121045 0 0.33782056
vn -0.94120806 0 0.33782747
vn -0.94120806 0 0.33782747
vn -0.9364053 0.0027214722 0.35090977
vn -0.9364053 0.0027214722 0.35090977
vn -0.9364053 0.0027214722 0.35090977
vn -0.9364053 0.0027214722 0.35090977
vn -0.7568196 -0.40244886 -0.51503307
vn -0.7568196 -0.40244886 -0.51503307
vn -0.7568196 -0.40244886 -0.51503307
vn -0.7568196 -0.40244886 -0.51503307
vn -0.33352423 -0.013211138 0.942649
vn -0.33352423 -0.013211138 0.942649
vn -0.33352423 -0.013211138 0.942649
vn -0.33352423 -0.013211138 0.942649
vn -0.34652922 0 0.93803924
vn -0.34652922 0 0.93803924
vn -0.34652784 0 0.9380397
vn -0.34652784 0 0.9380397
vn -0.3335226 0.013211927 0.94264954
vn -0.3335226 0.013211927 0.94264954
vn -0.3335226 0.013211927 0.94264954
vn -0.3335226 0.013211927 0.94264954
vn 0.7657467 -0.0075785937 0.6430977
vn 0.7657467 -0.0075785937 0.6430977
vn 0.7657467 -0.0075785937 0.6430977
vn 0.7657467 -0.0075785937 0.6430977
vn 0.7791731 0 0.62680876
vn 0.7791731 0 0.62680876
vn 0.7791757 0 0.6268055
vn 0.7791757 0 0.6268055
vn 0.7657484 0.0075779855 0.6430956
vn 0.7657484 0.0075779855 0.6430956
vn 0.7657484 0.0075779855 0.6430956
vn 0.7657484 0.0075779855 0.6430956
vn 0.93348384 0.21251395 0.28886968
vn 0.93348384 0.21251395 0.28886968
vn 0.93348384 0.21251395 0.28886968
vn 0.93348384 0.21251395 0.28886968
vn 0.93259066 0.21486364 0.2900144
vn 0.93259066 0.21486364 0.2900144
vn 0.9292484 0.22286119 0.29466978
vn 0.9292484 0.22286119 0.29466978
vn 0.91823757 0.26105693 0.2978072
vn 0.91823757 0.26105693 0.2978072
vn 0.91823757 0.26105693 0.2978072
vn 0.91823757 0.26105693 0.2978072
vn 0.936692 -0.0025614728 -0.35014525
vn 0.936692 -0.0025614728 -0.35014525
vn 0.936692 -0.0025614728 -0.35014525
vn 0.936692 -0.0025614728 -0.35014525
vn 0.94122696 0 -0.33777472
vn 0.94122696 0 -0.33777472
vn 0.94122696 0 -0.33777472
vn 0.94122696 0 -0.33777472
vn 0.9366896 0.002562022 -0.35015142
vn 0.9366896 0.002562022 -0.35015142
vn 0.9366896 0.002562022 -0.35015142
vn 0.9366896 0.002562022 -0.35015142
vn 0.7568145 -0.4024524 -0.51503783
vn 0.7568145 -0.4024524 -0.51503783
vn 0.7568145 -0.4024524 -0.51503783
vn 0.7568145 -0.4024524 -0.51503783
vn 0.7568145 -0.4024524 -0.51503783
vn 0.7568145 -0.4024524 -0.51503783
vn -0.76690423 -0.006929129 -0.6417241
vn -0.76690423 -0.006929129 -0.6417241
vn -0.76690423 -0.006929129 -0.6417241
vn -0.76690423 -0.006929129 -0.6417241
vn -0.77927417 0 -0.6266833
vn -0.77927417 0 -0.6266833
vn -0.77927536 0 -0.6266816
vn -0.77927536 0 -0.6266816
vn -0.7669041 0.006929261 -0.64172435
vn -0.7669041 0.006929261 -0.64172435
vn -0.7669041 0.006929261 -0.64172435
vn -0.7669041 0.006929261 -0.64172435
vn -0.76574534 -0.00757858 0.64309925
vn -0.76574534 -0.00757858 0.64309925
vn -0.76574534 -0.00757858 0.64309925
vn -0.76574534 -0.00757858 0.64309925
vn -0.7791689 0 0.62681407
vn -0.7791689 0 0.62681407
vn -0.77917355 0 0.6268082
vn -0.77917355 0 0.6268082
vn -0.7657414 0.0075788037 0.643104
vn -0.7657414 0.0075788037 0.643104
vn -0.7657414 0.0075788037 0.643104
vn -0.7657414 0.0075788037 0.643104
vn -0.9366899 -0.002562152 -0.35015061
vn -0.9366899 -0.002562152 -0.35015061
vn -0.9366899 -0.002562152 -0.35015061
vn -0.9366899 -0.002562152 -0.35015061
vn -0.9412261 0 -0.33777714
vn -0.9412261 0 -0.33777714
vn -0.9412261 0 -0.33777714
vn -0.9412261 0 -0.33777714
vn -0.9366878 0.0025618242 -0.3501562
vn -0.9366878 0.0025618242 -0.3501562
vn -0.9366878 0.0025618242 -0.3501562
vn -0.9366878 0.0025618242 -0.3501562
vn -0.32804507 0.5310711 0.7812489
vn -0.32804507 0.5310711 0.7812489
vn -0.32804507 0.5310711 0.7812489
vn -0.32843456 0.53380436 0.7792199
vn -0.32843456 0.53380436 0.7792199
vn -0.32804507 0.5310711 0.7812489
vn -0.32804507 0.5310711 0.7812489
vn -0.32804507 0.5310711 0.7812489
vn 0.9364054 -0.0027213825 0.35090968
vn 0.9364054 -0.0027213825 0.35090968
vn 0.9364054 -0.0027213825 0.35090968
vn 0.9364054 -0.0027213825 0.35090968
vn 0.9412096 0 0.33782294
vn 0.9412096 0 0.33782294
vn 0.94120723 0 0.33782986
vn 0.94120723 0 0.33782986
vn 0.9364063 0.0027218864 0.3509072
vn 0.9364063 0.0027218864 0.3509072
vn 0.9364063 0.0027218864 0.3509072
vn 0.9364063 0.0027218864 0.3509072
vn 0.7669075 -0.0069291582 -0.64172024
vn 0.7669075 -0.0069291582 -0.64172024
vn 0.7669075 -0.0069291582 -0.64172024
vn 0.7669075 -0.0069291582 -0.64172024
vn 0.77927417 0 -0.6266833
vn 0.77927417 0 -0.6266833
vn 0.77927876 0 -0.62667745
vn 0.77927876 0 -0.62667745
vn 0.77927405 0 -0.62668324
vn 0.7310826 -0.62777126 -0.2672478
vn 0.7310826 -0.62777126 -0.2672478
vn 0.7310826 -0.62777126 -0.2672478
vn 0.7310826 -0.62777126 -0.2672478
vn 0.7310826 -0.62777126 -0.2672478
vn 0.7310826 -0.62777126 -0.2672478
vn -0.93849397 -0.34529576 -3.3124692E-07
vn -0.93849397 -0.34529576 -3.3124692E-07
vn -0.93849397 -0.34529576 -3.3124692E-07
vn -0.93849397 -0.34529576 -3.3124692E-07
vn -0.93673897 -0.34540832 -0.056685694
vn -0.93673897 -0.34540832 -0.056685694
vn -0.933608 -0.34738603 -0.08774483
vn -0.933608 -0.34738603 -0.08774483
vn -0.9219927 -0.36603132 -0.12629479
vn -0.9219927 -0.36603132 -0.12629479
vn -0.9219927 -0.36603132 -0.12629479
vn -0.9219927 -0.36603132 -0.12629479
vn -0.92251235 -0.3474849 -0.16800313
vn -0.92251235 -0.3474849 -0.16800313
vn -0.91516 -0.39593935 -0.07559223
vn -0.91516 -0.39593935 -0.07559223
vn -0.912322 -0.40776822 -0.03733275
vn -0.912322 -0.40776822 -0.03733275
vn -0.912322 -0.40776822 -0.03733275
vn -0.912322 -0.40776822 -0.03733275
vn -0.90798634 -0.4019491 -0.118312016
vn -0.9094715 -0.4157661 -8.228216E-05
vn -0.9094715 -0.4157661 -8.228216E-05
vn -0.30197957 -0.8691246 -0.3917024
vn -0.30197957 -0.8691246 -0.3917024
vn -0.30197957 -0.8691246 -0.3917024
vn -0.30197957 -0.8691246 -0.3917024
vn -0.73108256 -0.6277712 -0.26724818
vn -0.73108256 -0.6277712 -0.26724818
vn -0.73108256 -0.6277712 -0.26724818
vn -0.73108256 -0.6277712 -0.26724818
vn -0.30526024 0.58446604 0.75180817
vn -0.30526024 0.58446604 0.75180817
vn -0.30526024 0.58446604 0.75180817
vn -0.30526024 0.58446604 0.75180817
vn 0.731192 0.45852658 0.5050859
vn 0.731192 0.45852658 0.5050859
vn 0.731192 0.45852658 0.5050859
vn 0.731192 0.45852658 0.5050859
vn 0.758287 0.42259955 0.49639735
vn 0.758287 0.42259955 0.49639735
vn 0.92199326 -0.3660316 -0.12629111
vn 0.92199326 -0.3660316 -0.12629111
vn 0.92199326 -0.3660316 -0.12629111
vn 0.907978 -0.40195778 -0.11834705
vn 0.907978 -0.40195778 -0.11834705
vn 0.907978 -0.40195778 -0.11834705
vn 0.92199326 -0.3660316 -0.12629111
vn 0.92199326 -0.3660316 -0.12629111
vn 0.92199326 -0.3660316 -0.12629111
vn 0.92250466 -0.34750834 -0.16799697
vn 0.92250466 -0.34750834 -0.16799697
vn 0.933626 -0.34733745 -0.087745346
vn 0.933626 -0.34733745 -0.087745346
vn 0.933626 -0.34733745 -0.087745346
vn 0.93673897 -0.34540832 -0.056685694
vn 0.93673897 -0.34540832 -0.056685694
vn 0.93849313 -0.34529805 0
vn 0.93849313 -0.34529805 0
vn 0.93849313 -0.34529805 0
vn 0.93849313 -0.34529805 0
vn 0.30201167 -0.8691183 -0.39169154
vn 0.30201167 -0.8691183 -0.39169154
vn 0.30201167 -0.8691183 -0.39169154
vn 0.30201167 -0.8691183 -0.39169154
vn -0.7311935 0.4585275 0.5050827
vn -0.7311935 0.4585275 0.5050827
vn -0.7311935 0.4585275 0.5050827
vn -0.7311935 0.4585275 0.5050827
vn -0.758289 0.42260066 0.49639347
vn -0.758289 0.42260066 0.49639347
vn 0.30525342 0.5844529 0.7518213
vn 0.30525342 0.5844529 0.7518213
vn 0.30525342 0.5844529 0.7518213
vn 0.30525342 0.5844529 0.7518213
vn 0.9898538 -0.1420247 0.0042863325
vn 0.9898538 -0.1420247 0.0042863325
vn 0.9898538 -0.1420247 0.0042863325
vn 0.9898538 -0.1420247 0.0042863325
vn 0.9897569 -0.14095598 -0.022643376
vn 0.99288636 -0.118127465 0.014915907
vn 0.99288636 -0.118127465 0.014915907
vn 0.99357337 -0.1126959 0.0105594285
vn 0.99357337 -0.1126959 0.0105594285
vn 0.994055 -0.108880065 0
vn 0.994055 -0.108880065 0
vn 0.994055 -0.108880065 0
vn 0.994055 -0.108880065 0
vn 0.9933227 -0.1146664 0.012715889
vn 0.9933227 -0.1146664 0.012715889
vn 0.9933227 -0.1146664 0.012715889
vn 0.9960645 -0.08726026 -0.01552592
vn 0.9960645 -0.08726026 -0.01552592
vn 0.99781775 -0.053503457 -0.038694464
vn 0.99781775 -0.053503457 -0.038694464
vn 0.9981621 -0.03476387 -0.04963861
vn 0.9981621 -0.03476387 -0.04963861
vn 0.9981621 -0.03476387 -0.04963861
vn 0.9981621 -0.03476387 -0.04963861
vn 0.9979658 0.0021387192 -0.06371494
vn 0.9979658 0.0021387192 -0.06371494
vn 0.9979658 0.0021387192 -0.06371494
vn 0.99819106 -0.00011509427 -0.060122304
vn 0.99820065 -0.0028957715 -0.05989157
vn 0.99820065 -0.0028957715 -0.05989157
vn 0.99820065 -0.0028957715 -0.05989157
vn 0.99820065 -0.0028957715 -0.05989157
vn 0.9980533 0 -0.062365778
vn 0.9980533 0 -0.062365778
vn 0.99820065 0.0028915005 -0.0598917
vn 0.99820065 0.0028915005 -0.0598917
vn 0.9979658 -0.002143055 -0.06371616
vn 0.99819154 0.000115209295 -0.060113925
vn 0.99434364 0 -0.106210746
vn 0.9943434 0 -0.106212586
vn 0.9979658 -0.002143055 -0.06371616
vn 0.9979658 -0.002143055 -0.06371616
vn 0.9982139 0.016444739 -0.05743257
vn 0.9982139 0.016444739 -0.05743257
vn 0.9981615 0.034780413 -0.04963948
vn 0.9981615 0.034780413 -0.04963948
vn 0.99781823 0.053493652 -0.038693078
vn 0.99781823 0.053493652 -0.038693078
vn 0.99781823 0.053493652 -0.038693078
vn 0.99781823 0.053493652 -0.038693078
vn 0.99332243 0.11467015 0.0127063785
vn 0.99332243 0.11467015 0.0127063785
vn 0.98985416 0.14202282 0.004288309
vn 0.99332243 0.11467015 0.0127063785
vn 0.98985416 0.14202282 0.004288309
vn 0.98985416 0.14202282 0.004288309
vn 0.98985416 0.14202282 0.004288309
vn 0.9934602 0.113713495 0.010297623
vn 0.9934602 0.113713495 0.010297623
vn 0.9938544 0.110443965 0.0074538467
vn 0.9938544 0.110443965 0.0074538467
vn 0.9940553 0.108877 0
vn 0.9940553 0.108877 0
vn 0.9940553 0.108877 0
vn 0.9940553 0.108877 0
vn 0.9874812 0.15746951 -0.009188671
vn 0.9874812 0.15746951 -0.009188671
vn 0.9868519 0.16161293 -0.0021604418
vn 0.9868519 0.16161293 -0.0021604418
vn 0.9868519 0.16161293 -0.0021604418
vn 0.9868519 0.16161293 -0.0021604418
vn 0.9868994 0.16046642 -0.016738787
vn 0.9866968 0.16257143 -5.766877E-05
vn 0.9866968 0.16257143 -5.766877E-05
vn 0.33976346 -0.9405109 0
vn 0.33976346 -0.9405109 0
vn 0.33976346 -0.9405109 0
vn 0.33976346 -0.9405109 0
vn -0.99405515 0.10887818 0
vn -0.99405515 0.10887818 0
vn -0.99405515 0.10887818 0
vn -0.99405515 0.10887818 0
vn -0.99186957 0.09832956 0.08078341
vn -0.99186957 0.09832956 0.08078341
vn -0.98863226 0.08679325 0.122773044
vn -0.98863226 0.08679325 0.122773044
vn -0.7717159 -0.6359674 0
vn -0.7717159 -0.6359674 0
vn -0.7717159 -0.6359674 0
vn -0.7717159 -0.6359674 0
vn -0.7717118 0.6359724 0
vn -0.7717118 0.6359724 0
vn -0.7717118 0.6359724 0
vn -0.7717118 0.6359724 0
vn 0.33976206 0.94051135 0
vn 0.33976206 0.94051135 0
vn 0.33976206 0.94051135 0
vn 0.33976206 0.94051135 0
vn 0.9384933 0.3452974 0
vn 0.9384933 0.3452974 0
vn 0.9384933 0.3452974 0
vn 0.9384933 0.3452974 0
vn 0.7717159 -0.6359674 0
vn 0.7717159 -0.6359674 0
vn 0.7717159 -0.6359674 0
vn 0.7717159 -0.6359674 0
vn -0.9330875 0.22064853 -0.2840105
vn -0.9330875 0.22064853 -0.2840105
vn -0.9330875 0.22064853 -0.2840105
vn -0.9330875 0.22064853 -0.2840105
vn -0.33976346 -0.9405109 -1.2263916E-07
vn -0.33976346 -0.9405109 -1.2263916E-07
vn -0.33976346 -0.9405109 -1.2263916E-07
vn -0.33976346 -0.9405109 -1.2263916E-07
vn -0.9384937 0.3452962 -3.3865183E-07
vn -0.9384937 0.3452962 -3.3865183E-07
vn -0.9384937 0.3452962 -3.3865183E-07
vn -0.9384937 0.3452962 -3.3865183E-07
vn -0.33976206 0.94051135 0
vn -0.33976206 0.94051135 0
vn -0.33976206 0.94051135 0
vn -0.33976206 0.94051135 0
vn 0.7717152 0.6359682 0
vn 0.7717152 0.6359682 0
vn 0.7717152 0.6359682 0
vn 0.7717152 0.6359682 0
vn 0.994055 0.10887978 0
vn 0.994055 0.10887978 0
vn 0.994055 0.10887978 0
vn 0.994055 0.10887978 0
vn 0.99367946 0.1057562 0.037639324
vn 0.9935042 -0.068615094 0.09078248
vn 0.9935042 -0.068615094 0.09078248
vn 0.9935042 -0.068615094 0.09078248
vn 0.9935042 -0.068615094 0.09078248
vn 0.9924562 -0.05194758 0.111050144
vn 0.9924562 -0.05194758 0.111050144
vn 0.9912491 -0.046288986 0.12362248
vn 0.9924562 -0.05194758 0.111050144
vn 0.99787056 -0.03535611 0.054811776
vn 0.99393314 -0.052377496 0.09671294
vn 0.99787056 -0.03535611 0.054811776
vn 0.99787056 -0.03535611 0.054811776
vn 0.99787056 -0.03535611 0.054811776
vn 0.9977209 -0.023444382 0.06327183
vn 0.9977209 -0.023444382 0.06327183
vn 0.9938437 0.00029596654 0.11079146
vn 0.9978734 -0.009134667 0.064537734
vn 0.9938437 0.00029596654 0.11079146
vn 0.9938437 0.00029596654 0.11079146
vn 0.9940456 -0.033963967 0.10353559
vn 0.9940456 -0.033963967 0.10353559
vn 0.9977762 -0.03237009 0.058264434
vn 0.9977762 -0.03237009 0.058264434
vn 0.99706024 -0.020442717 0.073843
vn 0.99706024 -0.020442717 0.073843
vn 0.9964916 -0.0019856829 0.08366907
vn 0.9964916 -0.0019856829 0.08366907
vn 0.9964916 -0.0019856829 0.08366907
vn 0.9964916 -0.0019856829 0.08366907
vn 0.9939149 -0.019654276 0.108382605
vn 0.9939568 -0.05713723 0.09372906
vn 0.98854476 -0.060750093 0.13816173
vn 0.996467 -0.06070848 0.05803536
vn 0.996467 -0.06070848 0.05803536
vn 0.9978654 -0.0614807 0.022021392
vn 0.9978654 -0.0614807 0.022021392
vn 0.9978654 -0.0614807 0.022021392
vn 0.9978654 -0.0614807 0.022021392
vn 0.99813783 -0.060999393 -5.1831386E-05
vn 0.99813783 -0.060999393 -5.1831386E-05
vn 0.99368083 -0.105736986 0.03765807
vn 0.99405515 -0.10887723 0
vn 0.98854476 -0.060750093 0.13816173
vn 0.98854476 -0.060750093 0.13816173
vn 0.98854476 -0.060750093 0.13816173
vn 0.9851681 -0.082982786 0.15019234
vn 0.9851681 -0.082982786 0.15019234
vn 0.9852062 -0.10036714 0.13890761
vn 0.9852062 -0.10036714 0.13890761
vn 0.9852062 -0.10036714 0.13890761
vn 0.9852062 -0.10036714 0.13890761
vn 0.98391944 -0.06928301 0.16462807
vn 0.986061 -0.07364459 0.14919883
vn 0.986061 -0.07364459 0.14919883
vn 0.9857401 -0.054604117 0.15916926
vn 0.9857401 -0.054604117 0.15916926
vn 0.98581886 -0.033529088 0.1644286
vn 0.98581886 -0.033529088 0.1644286
vn 0.98581886 -0.033529088 0.1644286
vn 0.98581886 -0.033529088 0.1644286
vn 0.98583686 0.000826507 0.16770487
vn 0.3280338 -0.5312434 0.7811365
vn 0.3280338 -0.5312434 0.7811365
vn 0.3280338 -0.5312434 0.7811365
vn 0.3280338 -0.5312434 0.7811365
vn 0.32844117 -0.53379184 0.77922565
vn 0.32844117 -0.53379184 0.77922565
vn -0.32807267 -0.5310546 0.78124857
vn -0.32807267 -0.5310546 0.78124857
vn -0.32807267 -0.5310546 0.78124857
vn -0.32807267 -0.5310546 0.78124857
vn -0.32845828 -0.53378844 0.7792207
vn -0.32845828 -0.53378844 0.7792207
vn 0.93308836 0.22064938 -0.28400677
vn 0.93308836 0.22064938 -0.28400677
vn 0.93308836 0.22064938 -0.28400677
vn 0.93308836 0.22064938 -0.28400677
vn 0.7586462 -0.37682757 0.5314668
vn 0.7586462 -0.37682757 0.5314668
vn 0.7586462 -0.37682757 0.5314668
vn 0.7586462 -0.37682757 0.5314668
vn 0.7382825 -0.40667537 0.53810227
vn 0.7382825 -0.40667537 0.53810227
vn 0.7382825 -0.40667537 0.53810227
vn 0.7382825 -0.40667537 0.53810227
vn -0.9334847 -0.21250926 0.28887045
vn -0.9334847 -0.21250926 0.28887045
vn -0.9334847 -0.21250926 0.28887045
vn -0.9334847 -0.21250926 0.28887045
vn -0.92924696 -0.222856 0.29467806
vn -0.92924696 -0.222856 0.29467806
vn -0.92372274 -0.23651907 0.30132204
vn -0.92372274 -0.23651907 0.30132204
vn -0.9182381 -0.2610642 0.2977991
vn -0.9182381 -0.2610642 0.2977991
vn -0.9182381 -0.2610642 0.2977991
vn -0.9182381 -0.2610642 0.2977991
vn -0.3258105 0.58307385 -0.74422604
vn -0.3258105 0.58307385 -0.74422604
vn -0.3258105 0.58307385 -0.74422604
vn -0.3258105 0.58307385 -0.74422604
vn 0.3258173 0.58306533 -0.74422973
vn 0.3258173 0.58306533 -0.74422973
vn 0.3258173 0.58306533 -0.74422973
vn 0.3258173 0.58306533 -0.74422973
vn -0.7568133 0.4024483 -0.51504266
vn -0.7568133 0.4024483 -0.51504266
vn -0.7568133 0.4024483 -0.51504266
vn -0.7568133 0.4024483 -0.51504266
vn -0.75863 -0.37686652 0.53146225
vn -0.75863 -0.37686652 0.53146225
vn -0.75863 -0.37686652 0.53146225
vn -0.75863 -0.37686652 0.53146225
vn -0.7384349 -0.40649772 0.53802747
vn -0.7384349 -0.40649772 0.53802747
vn -0.7384349 -0.40649772 0.53802747
vn -0.7384349 -0.40649772 0.53802747
vn 0.9334862 -0.21251185 0.28886348
vn 0.9334862 -0.21251185 0.28886348
vn 0.9334862 -0.21251185 0.28886348
vn 0.9334862 -0.21251185 0.28886348
vn 0.9291777 -0.22298001 0.29480296
vn 0.9291777 -0.22298001 0.29480296
vn 0.92369384 -0.2367954 0.30119357
vn 0.92369384 -0.2367954 0.30119357
vn 0.91823846 -0.26106122 0.29780063
vn 0.91823846 -0.26106122 0.29780063
vn 0.91823846 -0.26106122 0.29780063
vn 0.91823846 -0.26106122 0.29780063
vn 0.7568085 0.4024573 -0.5150426
vn 0.7568085 0.4024573 -0.5150426
vn 0.7568085 0.4024573 -0.5150426
vn 0.7568085 0.4024573 -0.5150426
vn 0.7669083 0.0069293655 -0.6417193
vn 0.7669083 0.0069293655 -0.6417193
vn 0.7669083 0.0069293655 -0.6417193
vn 0.7669083 0.0069293655 -0.6417193
vn 0.77927405 0 -0.62668324
vn 0.7310956 0.62775975 -0.2672393
vn 0.7310956 0.62775975 -0.2672393
vn 0.7310956 0.62775975 -0.2672393
vn 0.7310956 0.62775975 -0.2672393
vn -0.30202276 0.86911106 -0.39169922
vn -0.30202276 0.86911106 -0.39169922
vn -0.30202276 0.86911106 -0.39169922
vn -0.30202276 0.86911106 -0.39169922
vn -0.7310972 0.62775767 -0.26723984
vn -0.7310972 0.62775767 -0.26723984
vn -0.7310972 0.62775767 -0.26723984
vn -0.7310972 0.62775767 -0.26723984
vn -0.30521038 -0.5845242 0.75178325
vn -0.30521038 -0.5845242 0.75178325
vn -0.30521038 -0.5845242 0.75178325
vn -0.30521038 -0.5845242 0.75178325
vn -0.30521038 -0.5845242 0.75178325
vn -0.30521038 -0.5845242 0.75178325
vn 0.7311906 -0.45853603 0.50507915
vn 0.7311906 -0.45853603 0.50507915
vn 0.7311906 -0.45853603 0.50507915
vn 0.7311906 -0.45853603 0.50507915
vn 0.7311906 -0.45853603 0.50507915
vn 0.7311906 -0.45853603 0.50507915
vn 0.758289 -0.42260066 0.49639347
vn 0.758289 -0.42260066 0.49639347
vn 0.92199373 0.36602974 -0.1262924
vn 0.92199373 0.36602974 -0.1262924
vn 0.92199373 0.36602974 -0.1262924
vn 0.92199373 0.36602974 -0.1262924
vn 0.93673843 0.34541142 -0.056675654
vn 0.93673843 0.34541142 -0.056675654
vn 0.93833184 0.34475872 -0.025974168
vn 0.93833184 0.34475872 -0.025974168
vn 0.93849224 0.34530047 0
vn 0.93849224 0.34530047 0
vn 0.93849224 0.34530047 0
vn 0.93849224 0.34530047 0
vn 0.9225072 0.34749612 -0.16800857
vn 0.9225072 0.34749612 -0.16800857
vn 0.9151534 0.39595404 -0.07559503
vn 0.9151534 0.39595404 -0.07559503
vn 0.9123207 0.4077713 -0.037331004
vn 0.9123207 0.4077713 -0.037331004
vn 0.9123207 0.4077713 -0.037331004
vn 0.9123207 0.4077713 -0.037331004
vn 0.90948427 0.41573822 -8.227583E-05
vn 0.90948427 0.41573822 -8.227583E-05
vn 0.90798396 0.40195212 -0.11832044
vn 0.30203 0.8691109 -0.39169398
vn 0.30203 0.8691109 -0.39169398
vn 0.30203 0.8691109 -0.39169398
vn 0.30203 0.8691109 -0.39169398
vn 0.30203 0.8691109 -0.39169398
vn 0.30203 0.8691109 -0.39169398
vn -0.9219937 0.36602864 -0.12629671
vn -0.9219937 0.36602864 -0.12629671
vn -0.9219937 0.36602864 -0.12629671
vn -0.9219937 0.36602864 -0.12629671
vn -0.92248344 0.3475717 -0.16798249
vn -0.92248344 0.3475717 -0.16798249
vn -0.9367383 0.345415 -0.056655146
vn -0.9367383 0.345415 -0.056655146
vn -0.9383302 0.34476244 -0.025986174
vn -0.9383302 0.34476244 -0.025986174
vn -0.9384903 0.3453058 0
vn -0.9384903 0.3453058 0
vn -0.9384903 0.3453058 0
vn -0.9384903 0.3453058 0
vn -0.9079651 0.40198913 -0.11833846
vn -0.9079651 0.40198913 -0.11833846
vn -0.9079651 0.40198913 -0.11833846
vn -0.91517055 0.39591563 -0.075588025
vn -0.91517055 0.39591563 -0.075588025
vn -0.91233367 0.40774244 -0.03732728
vn -0.91233367 0.40774244 -0.03732728
vn -0.90948385 0.4157393 -8.2328566E-05
vn -0.90948385 0.4157393 -8.2328566E-05
vn -0.7311914 -0.45854014 0.5050743
vn -0.7311914 -0.45854014 0.5050743
vn -0.7311914 -0.45854014 0.5050743
vn -0.7311914 -0.45854014 0.5050743
vn -0.75829357 -0.42258283 0.49640167
vn -0.75829357 -0.42258283 0.49640167
vn 0.305226 -0.58448195 0.7518098
vn 0.305226 -0.58448195 0.7518098
vn 0.305226 -0.58448195 0.7518098
vn 0.305226 -0.58448195 0.7518098
vn 0.33971804 0.94052726 1.2263976E-07
vn 0.33971804 0.94052726 1.2263976E-07
vn 0.33971804 0.94052726 1.2263976E-07
vn 0.33971804 0.94052726 1.2263976E-07
vn -0.99405503 -0.10887844 -2.7054006E-07
vn -0.99405503 -0.10887844 -2.7054006E-07
vn -0.99405503 -0.10887844 -2.7054006E-07
vn -0.7717141 -0.63596964 -2.9269913E-07
vn -0.7717141 -0.63596964 -2.9269913E-07
vn -0.7717141 -0.63596964 -2.9269913E-07
vn -0.7717141 -0.63596964 -2.9269913E-07
vn 0.33976728 -0.94050944 0
vn 0.33976728 -0.94050944 0
vn 0.33976728 -0.94050944 0
vn 0.33976728 -0.94050944 0
vn 0.93849355 -0.34529695 0
vn 0.93849355 -0.34529695 0
vn 0.93849355 -0.34529695 0
vn 0.93849355 -0.34529695 0
vn 0.7717144 0.6359692 2.8317217E-07
vn 0.7717144 0.6359692 2.8317217E-07
vn 0.7717144 0.6359692 2.8317217E-07
vn 0.7717144 0.6359692 2.8317217E-07
vn -0.33972353 0.9405253 -1.226361E-07
vn -0.33972353 0.9405253 -1.226361E-07
vn -0.33972353 0.9405253 -1.226361E-07
vn -0.33972353 0.9405253 -1.226361E-07
vn -0.9384933 -0.3452974 0
vn -0.9384933 -0.3452974 0
vn -0.9384933 -0.3452974 0
vn -0.9384933 -0.3452974 0
vn -0.7717137 0.6359701 -5.663471E-07
vn -0.7717137 0.6359701 -5.663471E-07
vn -0.7717137 0.6359701 -5.663471E-07
vn -0.7717137 0.6359701 -5.663471E-07
vn -0.33976206 -0.94051135 -1.2751686E-07
vn -0.33976206 -0.94051135 -1.2751686E-07
vn -0.33976206 -0.94051135 -1.2751686E-07
vn -0.33976206 -0.94051135 -1.2751686E-07
vn 0.7717152 -0.6359682 0
vn 0.7717152 -0.6359682 0
vn 0.7717152 -0.6359682 0
vn 0.7717152 -0.6359682 0
vn 0.99405515 -0.10887723 0
vn 0.99405515 -0.10887723 0
vn 0.99405515 -0.10887723 0
vn -0.95469207 -0.15309554 -0.25519562
vn -0.95469207 -0.15309554 -0.25519562
vn -0.95469207 -0.15309554 -0.25519562
vn -0.95469207 -0.15309554 -0.25519562
vn -0.95087945 -0.21882024 -0.21896596
vn -0.95087945 -0.21882024 -0.21896596
vn -0.95087945 -0.21882024 -0.21896596
vn -0.95087945 -0.21882024 -0.21896596
vn -0.9739051 -0.119539805 -0.19292232
vn -0.9739051 -0.119539805 -0.19292232
vn -0.9739051 -0.119539805 -0.19292232
vn -0.9739051 -0.119539805 -0.19292232
vn -0.97169083 -0.16549586 -0.16860625
vn -0.97169083 -0.16549586 -0.16860625
vn -0.97169083 -0.16549586 -0.16860625
vn -0.97169083 -0.16549586 -0.16860625
vn -0.97265863 -0.017775668 -0.23155823
vn -0.97265863 -0.017775668 -0.23155823
vn -0.97265863 -0.017775668 -0.23155823
vn -0.97265863 -0.017775668 -0.23155823
vn -0.97474074 -0.010214491 -0.223106
vn -0.97474074 -0.010214491 -0.223106
vn -0.97474074 -0.010214491 -0.223106
vn -0.97474074 -0.010214491 -0.223106
vn -0.9747455 0.010213547 -0.22308537
vn -0.9747455 0.010213547 -0.22308537
vn -0.9747455 0.010213547 -0.22308537
vn -0.9747455 0.010213547 -0.22308537
vn -0.9726595 0.017776223 -0.23155442
vn -0.9726595 0.017776223 -0.23155442
vn -0.9726595 0.017776223 -0.23155442
vn -0.9726595 0.017776223 -0.23155442
vn -0.9532094 -0.031748023 -0.30063894
vn -0.9532094 -0.031748023 -0.30063894
vn -0.9532094 -0.031748023 -0.30063894
vn -0.9532094 -0.031748023 -0.30063894
vn -0.95756876 -0.0034668401 -0.28818426
vn -0.95756876 -0.0034668401 -0.28818426
vn -0.95670354 0 -0.2910643
vn -0.95670354 0 -0.2910643
vn -0.95756704 0.0034732234 -0.2881896
vn -0.95756704 0.0034732234 -0.2881896
vn -0.95756704 0.0034732234 -0.2881896
vn -0.95756704 0.0034732234 -0.2881896
vn -0.953209 0.03174772 -0.3006404
vn -0.953209 0.03174772 -0.3006404
vn -0.953209 0.03174772 -0.3006404
vn -0.953209 0.03174772 -0.3006404
vn -0.95470446 -0.09389562 -0.28235272
vn -0.95470446 -0.09389562 -0.28235272
vn -0.95470446 -0.09389562 -0.28235272
vn -0.95470446 -0.09389562 -0.28235272
vn -0.9759731 -0.06673952 -0.20741813
vn -0.9759731 -0.06673952 -0.20741813
vn -0.9759731 -0.06673952 -0.20741813
vn -0.9759731 -0.06673952 -0.20741813
vn -0.9101352 -0.06018574 -0.4099164
vn -0.9101352 -0.06018574 -0.4099164
vn -0.9101352 -0.06018574 -0.4099164
vn -0.9101352 -0.06018574 -0.4099164
vn -0.864485 -0.05328956 -0.4998259
vn -0.864485 -0.05328956 -0.4998259
vn -0.864485 -0.05328956 -0.4998259
vn -0.864485 -0.05328956 -0.4998259
vn -0.8099088 -0.07358005 -0.5819224
vn -0.8099088 -0.07358005 -0.5819224
vn -0.8099088 -0.07358005 -0.5819224
vn -0.8099088 -0.07358005 -0.5819224
vn -0.81220007 -0.1906842 -0.5513352
vn -0.81220007 -0.1906842 -0.5513352
vn -0.81220007 -0.1906842 -0.5513352
vn -0.81220007 -0.1906842 -0.5513352
vn -0.8127181 -0.29917565 -0.4999832
vn -0.8127181 -0.29917565 -0.4999832
vn -0.8127181 -0.29917565 -0.4999832
vn -0.8127181 -0.29917565 -0.4999832
vn -0.8675884 -0.26014233 -0.42381182
vn -0.8675884 -0.26014233 -0.42381182
vn -0.8675884 -0.26014233 -0.42381182
vn -0.8675884 -0.26014233 -0.42381182
vn -0.91219044 -0.20057414 -0.35732162
vn -0.91219044 -0.20057414 -0.35732162
vn -0.91219044 -0.20057414 -0.35732162
vn -0.91219044 -0.20057414 -0.35732162
vn -0.91837215 -0.12750906 -0.37461177
vn -0.91837215 -0.12750906 -0.37461177
vn -0.91837215 -0.12750906 -0.37461177
vn -0.91837215 -0.12750906 -0.37461177
vn -0.87482154 -0.15555161 -0.45879287
vn -0.87482154 -0.15555161 -0.45879287
vn -0.87482154 -0.15555161 -0.45879287
vn -0.87482154 -0.15555161 -0.45879287
vn -0.6967665 -0.35796094 -0.621595
vn -0.6967665 -0.35796094 -0.621595
vn -0.6967665 -0.35796094 -0.621595
vn -0.6967665 -0.35796094 -0.621595
vn -0.7143368 -0.23146316 -0.6604149
vn -0.7143368 -0.23146316 -0.6604149
vn -0.7143368 -0.23146316 -0.6604149
vn -0.7143368 -0.23146316 -0.6604149
vn -0.6934728 -0.108065 -0.7123324
vn -0.6934728 -0.108065 -0.7123324
vn -0.6934728 -0.108065 -0.7123324
vn -0.6934728 -0.108065 -0.7123324
vn -0.57461154 -0.09668058 -0.81269574
vn -0.57461154 -0.09668058 -0.81269574
vn -0.57461154 -0.09668058 -0.81269574
vn -0.57461154 -0.09668058 -0.81269574
vn -0.44096428 -0.12505132 -0.88877034
vn -0.44096428 -0.12505132 -0.88877034
vn -0.44096428 -0.12505132 -0.88877034
vn -0.44096428 -0.12505132 -0.88877034
vn -0.43444318 -0.30240744 -0.8484155
vn -0.43444318 -0.30240744 -0.8484155
vn -0.43444318 -0.30240744 -0.8484155
vn -0.43444318 -0.30240744 -0.8484155
vn -0.43998432 -0.46321768 -0.7693134
vn -0.43998432 -0.46321768 -0.7693134
vn -0.43998432 -0.46321768 -0.7693134
vn -0.43998432 -0.46321768 -0.7693134
vn -0.5766946 -0.43094087 -0.6940556
vn -0.5766946 -0.43094087 -0.6940556
vn -0.5766946 -0.43094087 -0.6940556
vn -0.5766946 -0.43094087 -0.6940556
vn -0.5913013 -0.26660264 -0.7611083
vn -0.5913013 -0.26660264 -0.7611083
vn -0.5913013 -0.26660264 -0.7611083
vn -0.5913013 -0.26660264 -0.7611083
vn -0.19715849 -0.14693658 -0.96929777
vn -0.19715849 -0.14693658 -0.96929777
vn -0.19715849 -0.14693658 -0.96929777
vn -0.19715849 -0.14693658 -0.96929777
vn -0 -0.12327213 -0.99237293
vn -0 -0.12327213 -0.99237293
vn -0 -0.12327213 -0.99237293
vn -0 -0.12327213 -0.99237293
vn 0.19716394 -0.1466879 -0.96933436
vn 0.19716394 -0.1466879 -0.96933436
vn 0.19716394 -0.1466879 -0.96933436
vn 0.19716394 -0.1466879 -0.96933436
vn 0.22409709 -0.32925177 -0.91726434
vn 0.22409709 -0.32925177 -0.91726434
vn 0.22409709 -0.32925177 -0.91726434
vn 0.22409709 -0.32925177 -0.91726434
vn 0.2019042 -0.49935472 -0.84254354
vn 0.2019042 -0.49935472 -0.84254354
vn 0.2019042 -0.49935472 -0.84254354
vn 0.2019042 -0.49935472 -0.84254354
vn -0 -0.52996916 -0.8480169
vn -0 -0.52996916 -0.8480169
vn -0 -0.52996916 -0.8480169
vn -0 -0.52996916 -0.8480169
vn -0.20191322 -0.49928385 -0.84258336
vn -0.20191322 -0.49928385 -0.84258336
vn -0.20191322 -0.49928385 -0.84258336
vn -0.20191322 -0.49928385 -0.84258336
vn -0.20191322 -0.49928385 -0.84258336
vn -0.20191322 -0.49928385 -0.84258336
vn -0.22409542 -0.32924932 -0.91726553
vn -0.22409542 -0.32924932 -0.91726553
vn -0.22409542 -0.32924932 -0.91726553
vn -0.22409542 -0.32924932 -0.91726553
vn -0 -0.3352384 -0.9421333
vn -0 -0.3352384 -0.9421333
vn -0 -0.3352384 -0.9421333
vn -0 -0.3352384 -0.9421333
vn 0.6967349 -0.35803396 -0.6215884
vn 0.6967349 -0.35803396 -0.6215884
vn 0.6967349 -0.35803396 -0.6215884
vn 0.6967349 -0.35803396 -0.6215884
vn 0.5767238 -0.43083566 -0.69409674
vn 0.5767238 -0.43083566 -0.69409674
vn 0.5767238 -0.43083566 -0.69409674
vn 0.5767238 -0.43083566 -0.69409674
vn 0.44001707 -0.46312535 -0.7693503
vn 0.44001707 -0.46312535 -0.7693503
vn 0.44001707 -0.46312535 -0.7693503
vn 0.44001707 -0.46312535 -0.7693503
vn 0.43443224 -0.30252984 -0.84837747
vn 0.43443224 -0.30252984 -0.84837747
vn 0.43443224 -0.30252984 -0.84837747
vn 0.43443224 -0.30252984 -0.84837747
vn 0.4409622 -0.12502348 -0.8887753
vn 0.4409622 -0.12502348 -0.8887753
vn 0.4409622 -0.12502348 -0.8887753
vn 0.4409622 -0.12502348 -0.8887753
vn 0.5746396 -0.09643251 -0.8127054
vn 0.5746396 -0.09643251 -0.8127054
vn 0.5746396 -0.09643251 -0.8127054
vn 0.5746396 -0.09643251 -0.8127054
vn 0.5746396 -0.09643251 -0.8127054
vn 0.5746396 -0.09643251 -0.8127054
vn 0.69348824 -0.107944146 -0.71233565
vn 0.69348824 -0.107944146 -0.71233565
vn 0.69348824 -0.107944146 -0.71233565
vn 0.69348824 -0.107944146 -0.71233565
vn 0.69348824 -0.107944146 -0.71233565
vn 0.69348824 -0.107944146 -0.71233565
vn 0.7143368 -0.23146316 -0.6604149
vn 0.7143368 -0.23146316 -0.6604149
vn 0.7143368 -0.23146316 -0.6604149
vn 0.7143368 -0.23146316 -0.6604149
vn 0.7143368 -0.23146316 -0.6604149
vn 0.7143368 -0.23146316 -0.6604149
vn 0.59127057 -0.26674345 -0.76108277
vn 0.59127057 -0.26674345 -0.76108277
vn 0.59127057 -0.26674345 -0.76108277
vn 0.59127057 -0.26674345 -0.76108277
vn 0.59127057 -0.26674345 -0.76108277
vn 0.59127057 -0.26674345 -0.76108277
vn 0.80990607 -0.07360541 -0.58192295
vn 0.80990607 -0.07360541 -0.58192295
vn 0.80990607 -0.07360541 -0.58192295
vn 0.80990607 -0.07360541 -0.58192295
vn 0.8644676 -0.053295884 -0.49985522
vn 0.8644676 -0.053295884 -0.49985522
vn 0.8644676 -0.053295884 -0.49985522
vn 0.8644676 -0.053295884 -0.49985522
vn 0.9101359 -0.06019625 -0.40991336
vn 0.9101359 -0.06019625 -0.40991336
vn 0.9101359 -0.06019625 -0.40991336
vn 0.9101359 -0.06019625 -0.40991336
vn 0.91838324 -0.12749681 -0.374589
vn 0.91838324 -0.12749681 -0.374589
vn 0.91838324 -0.12749681 -0.374589
vn 0.91838324 -0.12749681 -0.374589
vn 0.9121887 -0.20063804 -0.35728982
vn 0.9121887 -0.20063804 -0.35728982
vn 0.9121887 -0.20063804 -0.35728982
vn 0.9121887 -0.20063804 -0.35728982
vn 0.86759114 -0.26014316 -0.42380536
vn 0.86759114 -0.26014316 -0.42380536
vn 0.86759114 -0.26014316 -0.42380536
vn 0.86759114 -0.26014316 -0.42380536
vn 0.8127107 -0.2992184 -0.49996963
vn 0.8127107 -0.2992184 -0.49996963
vn 0.8127107 -0.2992184 -0.49996963
vn 0.8127107 -0.2992184 -0.49996963
vn 0.81219804 -0.19068773 -0.55133694
vn 0.81219804 -0.19068773 -0.55133694
vn 0.81219804 -0.19068773 -0.55133694
vn 0.81219804 -0.19068773 -0.55133694
vn 0.87480223 -0.1555593 -0.45882726
vn 0.87480223 -0.1555593 -0.45882726
vn 0.87480223 -0.1555593 -0.45882726
vn 0.87480223 -0.1555593 -0.45882726
vn 0.95469654 -0.1530888 -0.25518286
vn 0.95469654 -0.1530888 -0.25518286
vn 0.95469654 -0.1530888 -0.25518286
vn 0.95469654 -0.1530888 -0.25518286
vn 0.9508845 -0.21880569 -0.21895814
vn 0.9508845 -0.21880569 -0.21895814
vn 0.9508845 -0.21880569 -0.21895814
vn 0.9508845 -0.21880569 -0.21895814
vn 0.95470566 -0.09387188 -0.2823565
vn 0.95470566 -0.09387188 -0.2823565
vn 0.95470566 -0.09387188 -0.2823565
vn 0.95470566 -0.09387188 -0.2823565
vn 0.9532094 -0.031747162 -0.3006394
vn 0.9532094 -0.031747162 -0.3006394
vn 0.9532094 -0.031747162 -0.3006394
vn 0.9532094 -0.031747162 -0.3006394
vn 0.95756793 -0.0034968874 -0.28818646
vn 0.95756793 -0.0034968874 -0.28818646
vn 0.95756793 -0.0034968874 -0.28818646
vn 0.95756793 -0.0034968874 -0.28818646
vn 0.9567011 0 -0.29107195
vn 0.9567011 0 -0.29107195
vn 0.9575686 0.0035011023 -0.2881843
vn 0.9575686 0.0035011023 -0.2881843
vn 0.953209 0.031747293 -0.30064064
vn 0.953209 0.031747293 -0.30064064
vn 0.953209 0.031747293 -0.30064064
vn 0.953209 0.031747293 -0.30064064
vn 0.97265774 -0.017775651 -0.2315617
vn 0.97265774 -0.017775651 -0.2315617
vn 0.97265774 -0.017775651 -0.2315617
vn 0.97265774 -0.017775651 -0.2315617
vn 0.9747424 -0.0102145085 -0.22309847
vn 0.9747424 -0.0102145085 -0.22309847
vn 0.9747424 -0.0102145085 -0.22309847
vn 0.9747424 -0.0102145085 -0.22309847
vn 0.9747458 0.01018226 -0.22308478
vn 0.9747458 0.01018226 -0.22308478
vn 0.9747458 0.01018226 -0.22308478
vn 0.9747458 0.01018226 -0.22308478
vn 0.97265697 0.017775638 -0.23156519
vn 0.97265697 0.017775638 -0.23156519
vn 0.97265697 0.017775638 -0.23156519
vn 0.97265697 0.017775638 -0.23156519
vn 0.9739068 -0.119489394 -0.19294497
vn 0.9739068 -0.119489394 -0.19294497
vn 0.9739068 -0.119489394 -0.19294497
vn 0.9739068 -0.119489394 -0.19294497
vn 0.9716951 -0.16549128 -0.1685861
vn 0.9716951 -0.16549128 -0.1685861
vn 0.9716951 -0.16549128 -0.1685861
vn 0.9716951 -0.16549128 -0.1685861
vn 0.9759746 -0.06671514 -0.20741904
vn 0.9759746 -0.06671514 -0.20741904
vn 0.9759746 -0.06671514 -0.20741904
vn 0.9759746 -0.06671514 -0.20741904
vn 0.9999211 0.012566156 0.00013942011
vn 0.9999211 0.012566156 0.00013942011
vn 0.9999211 0.012566156 0.00013942011
vn 0.9999211 0.012566156 0.00013942011
vn 0.99997485 -0.0030321898 0.0064213364
vn 0.99997485 -0.0030321898 0.0064213364
vn 0.99997485 -0.0030321898 0.0064213364
vn 0.99997485 -0.0030321898 0.0064213364
vn 0.9999616 -0.00876682 0
vn 0.9999616 -0.00876682 0
vn 0.9999616 -0.00876682 0
vn 0.9999616 -0.00876682 0
vn 0.9999616 0.00876682 0
vn 0.9999616 0.00876682 0
vn 0.9999616 0.00876682 0
vn 0.9999616 0.00876682 0
vn 0.9999211 -0.012565786 0.00013941602
vn 0.9999211 -0.012565786 0.00013941602
vn 0.9999211 -0.012565786 0.00013941602
vn 0.9999211 -0.012565786 0.00013941602
vn 0.9999747 0.0030320487 0.006428797
vn 0.9999747 0.0030320487 0.006428797
vn 0.9999747 0.0030320487 0.006428797
vn 0.9999747 0.0030320487 0.006428797
vn 0.99996996 0.0045685023 0.0062696775
vn 0.99996996 0.0045685023 0.0062696775
vn 0.99996996 0.0045685023 0.0062696775
vn 0.99996996 0.0045685023 0.0062696775
vn 0.9967168 0.06089734 0.053359266
vn 0.9967168 0.06089734 0.053359266
vn 0.9967168 0.06089734 0.053359266
vn 0.9967168 0.06089734 0.053359266
vn 0.99501204 0.09213076 0.038249303
vn 0.9972373 0.061778676 0.041245002
vn 0.9972373 0.061778676 0.041245002
vn 0.9972373 0.061778676 0.041245002
vn 0.9972373 0.061778676 0.041245002
vn 0.9978254 0.060164668 0.026919235
vn 0.9978254 0.060164668 0.026919235
vn 0.9981223 0.059387356 0.014997288
vn 0.9981223 0.059387356 0.014997288
vn 0.99813795 0.060996436 -5.1521216E-05
vn 0.99813795 0.060996436 -5.1521216E-05
vn 0.99796283 0.0010991587 0.063788705
vn 0.99796283 0.0010991587 0.063788705
vn 0.99796283 0.0010991587 0.063788705
vn 0.99796283 0.0010991587 0.063788705
vn 0.9997969 -0.0024151693 0.020009026
vn 0.9997969 -0.0024151693 0.020009026
vn 0.9997969 -0.0024151693 0.020009026
vn 0.9997969 -0.0024151693 0.020009026
vn 1 -2.315398E-06 -0.00010381813
vn 1 -2.315398E-06 -0.00010381813
vn 0.95435613 0.1470465 0.25996485
vn 0.95435613 0.1470465 0.25996485
vn 0.95435613 0.1470465 0.25996485
vn 0.95435613 0.1470465 0.25996485
vn 0.9510441 0.18990548 0.24382603
vn 0.9510441 0.18990548 0.24382603
vn 0.9510441 0.18990548 0.24382603
vn 0.9510441 0.18990548 0.24382603
vn 0.9500784 0.19262907 0.24544866
vn 0.9500784 0.19262907 0.24544866
vn 0.9509756 0.19094272 0.24328221
vn 0.9509756 0.19094272 0.24328221
vn 0.9364246 0.22560789 0.26871932
vn 0.9364246 0.22560789 0.26871932
vn 0.9592255 0.17122237 0.22487646
vn 0.9592255 0.17122237 0.22487646
vn 0.9592255 0.17122237 0.22487646
vn 0.9720033 0.10823665 0.20855336
vn 0.9720033 0.10823665 0.20855336
vn 0.9720033 0.10823665 0.20855336
vn 0.9720033 0.10823665 0.20855336
vn 0.97154284 0.04273038 0.23297735
vn 0.97154284 0.04273038 0.23297735
vn 0.97154284 0.04273038 0.23297735
vn 0.97154284 0.04273038 0.23297735
vn 0.9747468 -0.010245182 0.22307776
vn 0.9747468 -0.010245182 0.22307776
vn 0.9747468 -0.010245182 0.22307776
vn 0.9747468 -0.010245182 0.22307776
vn 0.97474843 0.010244866 0.22307087
vn 0.97474843 0.010244866 0.22307087
vn 0.97474843 0.010244866 0.22307087
vn 0.97474843 0.010244866 0.22307087
vn 0.9715442 -0.042702615 0.23297721
vn 0.9715442 -0.042702615 0.23297721
vn 0.9715442 -0.042702615 0.23297721
vn 0.9715442 -0.042702615 0.23297721
vn 0.97200555 -0.108238645 0.20854156
vn 0.97200555 -0.108238645 0.20854156
vn 0.97200555 -0.108238645 0.20854156
vn 0.97200555 -0.108238645 0.20854156
vn 0.9703296 -0.15148969 0.18844476
vn 0.9703296 -0.15148969 0.18844476
vn 0.9703296 -0.15148969 0.18844476
vn 0.9703296 -0.15148969 0.18844476
vn 0.9696339 -0.12630929 0.20941876
vn 0.9696339 -0.12630929 0.20941876
vn 0.9696339 -0.12630929 0.20941876
vn 0.9696339 -0.12630929 0.20941876
vn 0.9767015 -0.11472983 0.18135968
vn 0.9767015 -0.11472983 0.18135968
vn 0.9767015 -0.11472983 0.18135968
vn 0.9530633 0.039517775 0.3001811
vn 0.9530633 0.039517775 0.3001811
vn 0.9530633 0.039517775 0.3001811
vn 0.9530633 0.039517775 0.3001811
vn 0.9575542 -0.0035016772 0.2882316
vn 0.9575542 -0.0035016772 0.2882316
vn 0.95668554 0 0.2911235
vn 0.95668554 0 0.2911235
vn 0.95755655 0.0035080714 0.288224
vn 0.95755655 0.0035080714 0.288224
vn 0.95755655 0.0035080714 0.288224
vn 0.95755655 0.0035080714 0.288224
vn 0.9530618 -0.03948365 0.3001905
vn 0.9530618 -0.03948365 0.3001905
vn 0.9530618 -0.03948365 0.3001905
vn 0.9530618 -0.03948365 0.3001905
vn 0.954824 0.0941248 0.28187162
vn 0.954824 0.0941248 0.28187162
vn 0.954824 0.0941248 0.28187162
vn 0.954824 0.0941248 0.28187162
vn 0.90443856 0.068028584 0.42114478
vn 0.90443856 0.068028584 0.42114478
vn 0.90443856 0.068028584 0.42114478
vn 0.90443856 0.068028584 0.42114478
vn 0.86013925 0.07850317 0.50398177
vn 0.86013925 0.07850317 0.50398177
vn 0.86013925 0.07850317 0.50398177
vn 0.86013925 0.07850317 0.50398177
vn 0.8096155 0.074060425 0.58226955
vn 0.8096155 0.074060425 0.58226955
vn 0.8096155 0.074060425 0.58226955
vn 0.8096155 0.074060425 0.58226955
vn 0.81684566 0.17613502 0.5493083
vn 0.81684566 0.17613502 0.5493083
vn 0.81684566 0.17613502 0.5493083
vn 0.81684566 0.17613502 0.5493083
vn 0.81452924 0.27459076 0.5110205
vn 0.81452924 0.27459076 0.5110205
vn 0.81452924 0.27459076 0.5110205
vn 0.81452924 0.27459076 0.5110205
vn 0.8632685 0.22936654 0.44962034
vn 0.8632685 0.22936654 0.44962034
vn 0.8632685 0.22936654 0.44962034
vn 0.8632685 0.22936654 0.44962034
vn 0.9071844 0.18759337 0.37659702
vn 0.9071844 0.18759337 0.37659702
vn 0.9071844 0.18759337 0.37659702
vn 0.9071844 0.18759337 0.37659702
vn 0.9051717 0.13014677 0.40463075
vn 0.9051717 0.13014677 0.40463075
vn 0.9051717 0.13014677 0.40463075
vn 0.9051717 0.13014677 0.40463075
vn 0.861031 0.15696283 0.48372337
vn 0.861031 0.15696283 0.48372337
vn 0.861031 0.15696283 0.48372337
vn 0.861031 0.15696283 0.48372337
vn 0.6767646 0.10814942 0.7282125
vn 0.6767646 0.10814942 0.7282125
vn 0.6767646 0.10814942 0.7282125
vn 0.6767646 0.10814942 0.7282125
vn 0.564691 0.12384492 0.8159574
vn 0.564691 0.12384492 0.8159574
vn 0.564691 0.12384492 0.8159574
vn 0.564691 0.12384492 0.8159574
vn 0.44289654 0.11436441 0.8892487
vn 0.44289654 0.11436441 0.8892487
vn 0.44289654 0.11436441 0.8892487
vn 0.44289654 0.11436441 0.8892487
vn 0.45205322 0.26388994 0.85206217
vn 0.45205322 0.26388994 0.85206217
vn 0.45205322 0.26388994 0.85206217
vn 0.45205322 0.26388994 0.85206217
vn 0.44700474 0.4032332 0.79849213
vn 0.44700474 0.4032332 0.79849213
vn 0.44700474 0.4032332 0.79849213
vn 0.44700474 0.4032332 0.79849213
vn 0.57012343 0.35651922 0.74017113
vn 0.57012343 0.35651922 0.74017113
vn 0.57012343 0.35651922 0.74017113
vn 0.57012343 0.35651922 0.74017113
vn 0.68541026 0.31470037 0.6566403
vn 0.68541026 0.31470037 0.6566403
vn 0.68541026 0.31470037 0.6566403
vn 0.68541026 0.31470037 0.6566403
vn 0.6791129 0.21584849 0.7015804
vn 0.6791129 0.21584849 0.7015804
vn 0.6791129 0.21584849 0.7015804
vn 0.6791129 0.21584849 0.7015804
vn 0.5657542 0.24578351 0.7870912
vn 0.5657542 0.24578351 0.7870912
vn 0.5657542 0.24578351 0.7870912
vn 0.5657542 0.24578351 0.7870912
vn 0.18881647 0.42228803 0.8865783
vn 0.18881647 0.42228803 0.8865783
vn 0.18881647 0.42228803 0.8865783
vn 0.18881647 0.42228803 0.8865783
vn 0.17991427 0.2848735 0.94152963
vn 0.17991427 0.2848735 0.94152963
vn 0.17991427 0.2848735 0.94152963
vn 0.17991427 0.2848735 0.94152963
vn 0.17894942 0.1344088 0.97463405
vn 0.17894942 0.1344088 0.97463405
vn 0.17894942 0.1344088 0.97463405
vn 0.17894942 0.1344088 0.97463405
vn -0 0.15260111 0.98828787
vn -0 0.15260111 0.98828787
vn -0 0.15260111 0.98828787
vn -0 0.15260111 0.98828787
vn -0.17895097 0.13443947 0.9746295
vn -0.17895097 0.13443947 0.9746295
vn -0.17895097 0.13443947 0.9746295
vn -0.17895097 0.13443947 0.9746295
vn -0.17992134 0.28487065 0.9415291
vn -0.17992134 0.28487065 0.9415291
vn -0.17992134 0.28487065 0.9415291
vn -0.17992134 0.28487065 0.9415291
vn -0.18880996 0.42234072 0.8865546
vn -0.18880996 0.42234072 0.8865546
vn -0.18880996 0.42234072 0.8865546
vn -0.18880996 0.42234072 0.8865546
vn -0 0.41959757 0.90771025
vn -0 0.41959757 0.90771025
vn -0 0.41959757 0.90771025
vn -0 0.41959757 0.90771025
vn -0 0.2930124 0.9561087
vn -0 0.2930124 0.9561087
vn -0 0.2930124 0.9561087
vn -0 0.2930124 0.9561087
vn -0.6854012 0.31473845 0.6566316
vn -0.6854012 0.31473845 0.6566316
vn -0.6854012 0.31473845 0.6566316
vn -0.6854012 0.31473845 0.6566316
vn -0.5701277 0.3565114 0.7401717
vn -0.5701277 0.3565114 0.7401717
vn -0.5701277 0.3565114 0.7401717
vn -0.5701277 0.3565114 0.7401717
vn -0.44698715 0.40328863 0.798474
vn -0.44698715 0.40328863 0.798474
vn -0.44698715 0.40328863 0.798474
vn -0.44698715 0.40328863 0.798474
vn -0.45207858 0.26381668 0.8520714
vn -0.45207858 0.26381668 0.8520714
vn -0.45207858 0.26381668 0.8520714
vn -0.45207858 0.26381668 0.8520714
vn -0.44289514 0.114516705 0.8892299
vn -0.44289514 0.114516705 0.8892299
vn -0.44289514 0.114516705 0.8892299
vn -0.44289514 0.114516705 0.8892299
vn -0.56469196 0.12384513 0.81595665
vn -0.56469196 0.12384513 0.81595665
vn -0.56469196 0.12384513 0.81595665
vn -0.56469196 0.12384513 0.81595665
vn -0.6767543 0.108212344 0.7282126
vn -0.6767543 0.108212344 0.7282126
vn -0.6767543 0.108212344 0.7282126
vn -0.6767543 0.108212344 0.7282126
vn -0.6791033 0.21585111 0.7015889
vn -0.6791033 0.21585111 0.7015889
vn -0.6791033 0.21585111 0.7015889
vn -0.6791033 0.21585111 0.7015889
vn -0.5657747 0.24565215 0.7871175
vn -0.5657747 0.24565215 0.7871175
vn -0.5657747 0.24565215 0.7871175
vn -0.5657747 0.24565215 0.7871175
vn -0.80961734 0.07404896 0.5822685
vn -0.80961734 0.07404896 0.5822685
vn -0.80961734 0.07404896 0.5822685
vn -0.80961734 0.07404896 0.5822685
vn -0.8601377 0.07850303 0.50398475
vn -0.8601377 0.07850303 0.50398475
vn -0.8601377 0.07850303 0.50398475
vn -0.8601377 0.07850303 0.50398475
vn -0.9044398 0.06803178 0.42114154
vn -0.9044398 0.06803178 0.42114154
vn -0.9044398 0.06803178 0.42114154
vn -0.9044398 0.06803178 0.42114154
vn -0.9051671 0.13015476 0.40463844
vn -0.9051671 0.13015476 0.40463844
vn -0.9051671 0.13015476 0.40463844
vn -0.9051671 0.13015476 0.40463844
vn -0.9071808 0.18758579 0.37660944
vn -0.9071808 0.18758579 0.37660944
vn -0.9071808 0.18758579 0.37660944
vn -0.9071808 0.18758579 0.37660944
vn -0.8632716 0.22936736 0.44961396
vn -0.8632716 0.22936736 0.44961396
vn -0.8632716 0.22936736 0.44961396
vn -0.8632716 0.22936736 0.44961396
vn -0.8145253 0.27458745 0.5110286
vn -0.8145253 0.27458745 0.5110286
vn -0.8145253 0.27458745 0.5110286
vn -0.8145253 0.27458745 0.5110286
vn -0.8168573 0.17607936 0.5493089
vn -0.8168573 0.17607936 0.5493089
vn -0.8168573 0.17607936 0.5493089
vn -0.8168573 0.17607936 0.5493089
vn -0.8610276 0.1569622 0.48372957
vn -0.8610276 0.1569622 0.48372957
vn -0.8610276 0.1569622 0.48372957
vn -0.8610276 0.1569622 0.48372957
vn -0.95306385 0.039481785 0.3001842
vn -0.95306385 0.039481785 0.3001842
vn -0.95306385 0.039481785 0.3001842
vn -0.95306385 0.039481785 0.3001842
vn -0.9575551 -0.003508133 0.28822908
vn -0.9575551 -0.003508133 0.28822908
vn -0.9575551 -0.003508133 0.28822908
vn -0.9575551 -0.003508133 0.28822908
vn -0.9566878 0 0.2911158
vn -0.9566878 0 0.2911158
vn -0.9575572 0.0035016253 0.28822213
vn -0.9575572 0.0035016253 0.28822213
vn -0.9530605 -0.039470583 0.3001961
vn -0.9530605 -0.039470583 0.3001961
vn -0.9530605 -0.039470583 0.3001961
vn -0.9530605 -0.039470583 0.3001961
vn -0.9715442 0.04270197 0.23297735
vn -0.9715442 0.04270197 0.23297735
vn -0.9715442 0.04270197 0.23297735
vn -0.9715442 0.04270197 0.23297735
vn -0.9719997 0.10827448 0.20855036
vn -0.9719997 0.10827448 0.20855036
vn -0.9719997 0.10827448 0.20855036
vn -0.9719997 0.10827448 0.20855036
vn -0.97474515 -0.010245164 0.22308528
vn -0.97474515 -0.010245164 0.22308528
vn -0.97474515 -0.010245164 0.22308528
vn -0.97474515 -0.010245164 0.22308528
vn -0.97474664 0.010244848 0.2230784
vn -0.97474664 0.010244848 0.2230784
vn -0.97474664 0.010244848 0.2230784
vn -0.97474664 0.010244848 0.2230784
vn -0.9703315 0.15148875 0.18843567
vn -0.9703315 0.15148875 0.18843567
vn -0.9703315 0.15148875 0.18843567
vn -0.9703315 0.15148875 0.18843567
vn -0.96963733 0.12630565 0.20940483
vn -0.96963733 0.12630565 0.20940483
vn -0.96963733 0.12630565 0.20940483
vn -0.96963733 0.12630565 0.20940483
vn -0.97155005 -0.042702876 0.23295254
vn -0.97155005 -0.042702876 0.23295254
vn -0.97155005 -0.042702876 0.23295254
vn -0.97155005 -0.042702876 0.23295254
vn -0.9720007 -0.10826938 0.20854835
vn -0.9720007 -0.10826938 0.20854835
vn -0.9720007 -0.10826938 0.20854835
vn -0.9720007 -0.10826938 0.20854835
vn -0.97032285 -0.15151781 0.18845621
vn -0.97032285 -0.15151781 0.18845621
vn -0.97032285 -0.15151781 0.18845621
vn -0.97032285 -0.15151781 0.18845621
vn -0.969635 -0.1263105 0.20941283
vn -0.969635 -0.1263105 0.20941283
vn -0.969635 -0.1263105 0.20941283
vn -0.969635 -0.1263105 0.20941283
vn -0.9766982 -0.11473038 0.18137641
vn -0.9766982 -0.11473038 0.18137641
vn -0.9766982 -0.11473038 0.18137641
vn -0.95435524 0.14705752 0.259962
vn -0.95435524 0.14705752 0.259962
vn -0.95435524 0.14705752 0.259962
vn -0.95435524 0.14705752 0.259962
vn -0.95105225 0.18989477 0.24380237
vn -0.95105225 0.18989477 0.24380237
vn -0.9500901 0.19258687 0.24543612
vn -0.9500901 0.19258687 0.24543612
vn -0.9509799 0.19090927 0.24329187
vn -0.9509799 0.19090927 0.24329187
vn -0.9509799 0.19090927 0.24329187
vn -0.9509799 0.19090927 0.24329187
vn -0.93642056 0.22562611 0.26871812
vn -0.93642056 0.22562611 0.26871812
vn -0.959223 0.17123702 0.22487587
vn -0.959223 0.17123702 0.22487587
vn -0.959223 0.17123702 0.22487587
vn -0.95482385 0.094174616 0.2818553
vn -0.95482385 0.094174616 0.2818553
vn -0.95482385 0.094174616 0.2818553
vn -0.95482385 0.094174616 0.2818553
vn -0.9999211 0.012560652 0.00012841327
vn -0.9999211 0.012560652 0.00012841327
vn -0.9999211 0.012560652 0.00012841327
vn -0.9999211 0.012560652 0.00012841327
vn -0.99997485 -0.00302249 0.0064135776
vn -0.99997485 -0.00302249 0.0064135776
vn -0.99997485 -0.00302249 0.0064135776
vn -0.99997485 -0.00302249 0.0064135776
vn -0.99996996 -0.004568901 0.0062622973
vn -0.99996996 -0.004568901 0.0062622973
vn -0.99996996 -0.004568901 0.0062622973
vn -0.99996996 -0.004568901 0.0062622973
vn -0.99671763 -0.060885765 0.053355966
vn -0.99671763 -0.060885765 0.053355966
vn -0.99671763 -0.060885765 0.053355966
vn -0.99671763 -0.060885765 0.053355966
vn -0.99996173 -0.0087559745 0
vn -0.99996173 -0.0087559745 0
vn -0.99996173 -0.0087559745 0
vn -0.99996173 -0.0087559745 0
vn -0.99996173 0.0087559745 0
vn -0.99996173 0.0087559745 0
vn -0.99996173 0.0087559745 0
vn -0.99996173 0.0087559745 0
vn -0.9999211 -0.012560284 0.00013941604
vn -0.9999211 -0.012560284 0.00013941604
vn -0.9999211 -0.012560284 0.00013941604
vn -0.9999211 -0.012560284 0.00013941604
vn -0.99997485 0.0030223494 0.0064287977
vn -0.99997485 0.0030223494 0.0064287977
vn -0.99997485 0.0030223494 0.0064287977
vn -0.99997485 0.0030223494 0.0064287977
vn -0.99996936 0.0045933058 0.0063489866
vn -0.99996936 0.0045933058 0.0063489866
vn -0.99996936 0.0045933058 0.0063489866
vn -0.99996936 0.0045933058 0.0063489866
vn -0.9967231 0.060794726 0.053358775
vn -0.9967231 0.060794726 0.053358775
vn -0.9967231 0.060794726 0.053358775
vn -0.9967231 0.060794726 0.053358775
vn -0.99792296 0.0018314527 0.06439284
vn -0.99792296 0.0018314527 0.06439284
vn -0.99792296 0.0018314527 0.06439284
vn -0.99792296 0.0018314527 0.06439284
vn -0.99981683 -0.0017249458 0.019064995
vn -0.99981683 -0.0017249458 0.019064995
vn -0.99981683 -0.0017249458 0.019064995
vn -0.99981683 -0.0017249458 0.019064995
vn -1 -2.315398E-06 -0.000104175524
vn -1 -2.315398E-06 -0.000104175524
vn -0.94517195 -0.2730115 -0.17920592
vn -0.94517195 -0.2730115 -0.17920592
vn -0.94517195 -0.2730115 -0.17920592
vn -0.94517195 -0.2730115 -0.17920592
vn -0.9288057 -0.3052676 -0.21007529
vn -0.9288057 -0.3052676 -0.21007529
vn -0.93917364 -0.3169918 -0.1321709
vn -0.93917364 -0.3169918 -0.1321709
vn -0.93917364 -0.3169918 -0.1321709
vn -0.93917364 -0.3169918 -0.1321709
vn -0.9542934 -0.29011092 -0.07183142
vn -0.9542934 -0.29011092 -0.07183142
vn -0.9542934 -0.29011092 -0.07183142
vn -0.9542934 -0.29011092 -0.07183142
vn -0.954564 -0.29484898 -0.04326351
vn -0.954564 -0.29484898 -0.04326351
vn -0.9557883 -0.29376885 -0.012983259
vn -0.9557883 -0.29376885 -0.012983259
vn -0.9554636 -0.29510918 -5.7906575E-05
vn -0.9554636 -0.29510918 -5.7906575E-05
vn -0.9622871 -0.25687203 -0.08955621
vn -0.9622871 -0.25687203 -0.08955621
vn -0.9622871 -0.25687203 -0.08955621
vn -0.9622871 -0.25687203 -0.08955621
vn -0.97322637 -0.22413647 -0.05092349
vn -0.97322637 -0.22413647 -0.05092349
vn -0.97322637 -0.22413647 -0.05092349
vn -0.97377497 -0.22749771 -0.002664461
vn -0.97377497 -0.22749771 -0.002664461
vn -0.97377497 -0.22749771 -0.002664461
vn -0.97377497 -0.22749771 -0.002664461
vn -0.973277 -0.22963405 -0.00011528519
vn -0.973277 -0.22963405 -0.00011528519
vn -0.9699221 -0.20814279 -0.12620556
vn -0.9699221 -0.20814279 -0.12620556
vn -0.9699221 -0.20814279 -0.12620556
vn -0.9699221 -0.20814279 -0.12620556
vn -0.8906292 -0.40500188 -0.2067682
vn -0.8906292 -0.40500188 -0.2067682
vn -0.8906292 -0.40500188 -0.2067682
vn -0.8906292 -0.40500188 -0.2067682
vn -0.90467834 -0.3474273 -0.24668083
vn -0.90467834 -0.3474273 -0.24668083
vn -0.90467834 -0.3474273 -0.24668083
vn -0.90467834 -0.3474273 -0.24668083
vn -0.90448135 -0.30418175 -0.29897657
vn -0.90448135 -0.30418175 -0.29897657
vn -0.90448135 -0.30418175 -0.29897657
vn -0.90448135 -0.30418175 -0.29897657
vn -0.85881513 -0.3519455 -0.37225124
vn -0.85881513 -0.3519455 -0.37225124
vn -0.85881513 -0.3519455 -0.37225124
vn -0.85881513 -0.3519455 -0.37225124
vn -0.8013549 -0.41606486 -0.42979097
vn -0.8013549 -0.41606486 -0.42979097
vn -0.8013549 -0.41606486 -0.42979097
vn -0.8013549 -0.41606486 -0.42979097
vn -0.7883169 -0.4951996 -0.365149
vn -0.7883169 -0.4951996 -0.365149
vn -0.7883169 -0.4951996 -0.365149
vn -0.7883169 -0.4951996 -0.365149
vn -0.7784223 -0.5569178 -0.28965712
vn -0.7784223 -0.5569178 -0.28965712
vn -0.7784223 -0.5569178 -0.28965712
vn -0.7784223 -0.5569178 -0.28965712
vn -0.83782566 -0.49009368 -0.24053337
vn -0.83782566 -0.49009368 -0.24053337
vn -0.83782566 -0.49009368 -0.24053337
vn -0.83782566 -0.49009368 -0.24053337
vn -0.86096436 -0.48139974 -0.16430056
vn -0.86096436 -0.48139974 -0.16430056
vn -0.86096436 -0.48139974 -0.16430056
vn -0.86096436 -0.48139974 -0.16430056
vn -0.8551545 -0.41994303 -0.3039056
vn -0.8551545 -0.41994303 -0.3039056
vn -0.8551545 -0.41994303 -0.3039056
vn -0.8551545 -0.41994303 -0.3039056
vn -0.6558609 -0.65889853 -0.3683736
vn -0.6558609 -0.65889853 -0.3683736
vn -0.6558609 -0.65889853 -0.3683736
vn -0.6558609 -0.65889853 -0.3683736
vn -0.68392986 -0.5825549 -0.43916932
vn -0.68392986 -0.5825549 -0.43916932
vn -0.68392986 -0.5825549 -0.43916932
vn -0.68392986 -0.5825549 -0.43916932
vn -0.68000305 -0.5157022 -0.5211978
vn -0.68000305 -0.5157022 -0.5211978
vn -0.68000305 -0.5157022 -0.5211978
vn -0.68000305 -0.5157022 -0.5211978
vn -0.56183857 -0.56465566 -0.604567
vn -0.56183857 -0.56465566 -0.604567
vn -0.56183857 -0.56465566 -0.604567
vn -0.56183857 -0.56465566 -0.604567
vn -0.56183857 -0.56465566 -0.604567
vn -0.56183857 -0.56465566 -0.604567
vn -0.42619127 -0.62719274 -0.65191275
vn -0.42619127 -0.62719274 -0.65191275
vn -0.42619127 -0.62719274 -0.65191275
vn -0.42619127 -0.62719274 -0.65191275
vn -0.40665513 -0.72625554 -0.55424225
vn -0.40665513 -0.72625554 -0.55424225
vn -0.40665513 -0.72625554 -0.55424225
vn -0.40665513 -0.72625554 -0.55424225
vn -0.4045531 -0.79924977 -0.444451
vn -0.4045531 -0.79924977 -0.444451
vn -0.4045531 -0.79924977 -0.444451
vn -0.4045531 -0.79924977 -0.444451
vn -0.53365844 -0.7464681 -0.3974846
vn -0.53365844 -0.7464681 -0.3974846
vn -0.53365844 -0.7464681 -0.3974846
vn -0.53365844 -0.7464681 -0.3974846
vn -0.55772275 -0.6615866 -0.5012469
vn -0.55772275 -0.6615866 -0.5012469
vn -0.55772275 -0.6615866 -0.5012469
vn -0.55772275 -0.6615866 -0.5012469
vn 0.19332421 -0.6838842 -0.70351136
vn 0.19332421 -0.6838842 -0.70351136
vn 0.19332421 -0.6838842 -0.70351136
vn 0.19332421 -0.6838842 -0.70351136
vn 0.19332421 -0.6838842 -0.70351136
vn 0.19332421 -0.6838842 -0.70351136
vn 0.20675518 -0.77610165 -0.59575045
vn 0.20675518 -0.77610165 -0.59575045
vn 0.20675518 -0.77610165 -0.59575045
vn 0.20675518 -0.77610165 -0.59575045
vn 0.18084721 -0.8548702 -0.4863036
vn 0.18084721 -0.8548702 -0.4863036
vn 0.18084721 -0.8548702 -0.4863036
vn 0.18084721 -0.8548702 -0.4863036
vn -0 -0.8788125 -0.47716725
vn -0 -0.8788125 -0.47716725
vn -0 -0.8788125 -0.47716725
vn -0 -0.8788125 -0.47716725
vn -0.18084852 -0.85487854 -0.48628843
vn -0.18084852 -0.85487854 -0.48628843
vn -0.18084852 -0.85487854 -0.48628843
vn -0.18084852 -0.85487854 -0.48628843
vn -0.2067361 -0.77614886 -0.59569556
vn -0.2067361 -0.77614886 -0.59569556
vn -0.2067361 -0.77614886 -0.59569556
vn -0.2067361 -0.77614886 -0.59569556
vn -0.19333704 -0.68384635 -0.7035447
vn -0.19333704 -0.68384635 -0.7035447
vn -0.19333704 -0.68384635 -0.7035447
vn -0.19333704 -0.68384635 -0.7035447
vn -0 -0.6814699 -0.73184615
vn -0 -0.6814699 -0.73184615
vn -0 -0.6814699 -0.73184615
vn -0 -0.6814699 -0.73184615
vn -0 -0.79380816 -0.60816824
vn -0 -0.79380816 -0.60816824
vn -0 -0.79380816 -0.60816824
vn -0 -0.79380816 -0.60816824
vn 0.42629 -0.6271051 -0.65193254
vn 0.42629 -0.6271051 -0.65193254
vn 0.42629 -0.6271051 -0.65193254
vn 0.42629 -0.6271051 -0.65193254
vn 0.56180954 -0.56465757 -0.60459226
vn 0.56180954 -0.56465757 -0.60459226
vn 0.56180954 -0.56465757 -0.60459226
vn 0.56180954 -0.56465757 -0.60459226
vn 0.680004 -0.5157003 -0.5211985
vn 0.680004 -0.5157003 -0.5211985
vn 0.680004 -0.5157003 -0.5211985
vn 0.680004 -0.5157003 -0.5211985
vn 0.6839516 -0.5825242 -0.4391761
vn 0.6839516 -0.5825242 -0.4391761
vn 0.6839516 -0.5825242 -0.4391761
vn 0.6839516 -0.5825242 -0.4391761
vn 0.65586597 -0.6589015 -0.36835942
vn 0.65586597 -0.6589015 -0.36835942
vn 0.65586597 -0.6589015 -0.36835942
vn 0.65586597 -0.6589015 -0.36835942
vn 0.5336125 -0.74652106 -0.3974467
vn 0.5336125 -0.74652106 -0.3974467
vn 0.5336125 -0.74652106 -0.3974467
vn 0.5336125 -0.74652106 -0.3974467
vn 0.40445995 -0.7993045 -0.4444372
vn 0.40445995 -0.7993045 -0.4444372
vn 0.40445995 -0.7993045 -0.4444372
vn 0.40445995 -0.7993045 -0.4444372
vn 0.4066237 -0.72625536 -0.5542657
vn 0.4066237 -0.72625536 -0.5542657
vn 0.4066237 -0.72625536 -0.5542657
vn 0.4066237 -0.72625536 -0.5542657
vn 0.5577205 -0.6615859 -0.5012503
vn 0.5577205 -0.6615859 -0.5012503
vn 0.5577205 -0.6615859 -0.5012503
vn 0.5577205 -0.6615859 -0.5012503
vn 0.77842635 -0.556906 -0.28966922
vn 0.77842635 -0.556906 -0.28966922
vn 0.77842635 -0.556906 -0.28966922
vn 0.77842635 -0.556906 -0.28966922
vn 0.7882596 -0.49531132 -0.36512122
vn 0.7882596 -0.49531132 -0.36512122
vn 0.7882596 -0.49531132 -0.36512122
vn 0.7882596 -0.49531132 -0.36512122
vn 0.8013751 -0.4159794 -0.42983612
vn 0.8013751 -0.4159794 -0.42983612
vn 0.8013751 -0.4159794 -0.42983612
vn 0.8013751 -0.4159794 -0.42983612
vn 0.8013751 -0.4159794 -0.42983612
vn 0.8013751 -0.4159794 -0.42983612
vn 0.85883385 -0.35189128 -0.37225938
vn 0.85883385 -0.35189128 -0.37225938
vn 0.85883385 -0.35189128 -0.37225938
vn 0.85883385 -0.35189128 -0.37225938
vn 0.85883385 -0.35189128 -0.37225938
vn 0.85883385 -0.35189128 -0.37225938
vn 0.90445095 -0.3042768 -0.29897183
vn 0.90445095 -0.3042768 -0.29897183
vn 0.90445095 -0.3042768 -0.29897183
vn 0.90445095 -0.3042768 -0.29897183
vn 0.90465736 -0.347476 -0.24668932
vn 0.90465736 -0.347476 -0.24668932
vn 0.90465736 -0.347476 -0.24668932
vn 0.90465736 -0.347476 -0.24668932
vn 0.8906292 -0.40500188 -0.2067682
vn 0.8906292 -0.40500188 -0.2067682
vn 0.8906292 -0.40500188 -0.2067682
vn 0.8906292 -0.40500188 -0.2067682
vn 0.8906292 -0.40500188 -0.2067682
vn 0.8906292 -0.40500188 -0.2067682
vn 0.83778775 -0.49016654 -0.24051718
vn 0.83778775 -0.49016654 -0.24051718
vn 0.83778775 -0.49016654 -0.24051718
vn 0.83778775 -0.49016654 -0.24051718
vn 0.8609654 -0.48140025 -0.16429368
vn 0.8609654 -0.48140025 -0.16429368
vn 0.8609654 -0.48140025 -0.16429368
vn 0.85515267 -0.41994882 -0.30390286
vn 0.85515267 -0.41994882 -0.30390286
vn 0.85515267 -0.41994882 -0.30390286
vn 0.85515267 -0.41994882 -0.30390286
vn 0.93917733 -0.31698427 -0.13216265
vn 0.93917733 -0.31698427 -0.13216265
vn 0.93917733 -0.31698427 -0.13216265
vn 0.93917733 -0.31698427 -0.13216265
vn 0.95431334 -0.2900581 -0.07177922
vn 0.95431334 -0.2900581 -0.07177922
vn 0.9545759 -0.2948115 -0.043255813
vn 0.9545759 -0.2948115 -0.043255813
vn 0.95579135 -0.2937572 -0.01301971
vn 0.95579135 -0.2937572 -0.01301971
vn 0.95579135 -0.2937572 -0.01301971
vn 0.95579135 -0.2937572 -0.01301971
vn 0.9554653 -0.29510352 -5.7327168E-05
vn 0.9554653 -0.29510352 -5.7327168E-05
vn 0.9451676 -0.27302966 -0.17920108
vn 0.9451676 -0.27302966 -0.17920108
vn 0.9451676 -0.27302966 -0.17920108
vn 0.9451676 -0.27302966 -0.17920108
vn 0.9288121 -0.30524984 -0.2100731
vn 0.9288121 -0.30524984 -0.2100731
vn 0.96991754 -0.20815916 -0.12621313
vn 0.96991754 -0.20815916 -0.12621313
vn 0.96991754 -0.20815916 -0.12621313
vn 0.96991754 -0.20815916 -0.12621313
vn 0.9967225 -0.060799457 0.053362925
vn 0.9967225 -0.060799457 0.053362925
vn 0.9967225 -0.060799457 0.053362925
vn 0.9967225 -0.060799457 0.053362925
vn 0.99996924 -0.0045946604 0.0063574165
vn 0.99996924 -0.0045946604 0.0063574165
vn 0.99996924 -0.0045946604 0.0063574165
vn 0.99996924 -0.0045946604 0.0063574165
vn 0.99792165 -0.0018371862 0.06441316
vn 0.99792165 -0.0018371862 0.06441316
vn 0.99792165 -0.0018371862 0.06441316
vn 0.99792165 -0.0018371862 0.06441316
vn 0.99981683 0.0017220946 0.019064132
vn 0.99981683 0.0017220946 0.019064132
vn 0.99981683 0.0017220946 0.019064132
vn 0.99981683 0.0017220946 0.019064132
vn 1 2.3010973E-06 -0.00010343764
vn 1 2.3010973E-06 -0.00010343764
vn 0.96963733 0.12630565 0.20940483
vn 0.96963733 0.12630565 0.20940483
vn 0.96963733 0.12630565 0.20940483
vn 0.96963733 0.12630565 0.20940483
vn 0.97032535 0.15151942 0.18844241
vn 0.97032535 0.15151942 0.18844241
vn 0.97032535 0.15151942 0.18844241
vn 0.97032535 0.15151942 0.18844241
vn 0.97669935 0.114716515 0.18137954
vn 0.97669935 0.114716515 0.18137954
vn 0.97669935 0.114716515 0.18137954
vn 0.90221673 0.25592732 0.34714013
vn 0.90221673 0.25592732 0.34714013
vn 0.90221673 0.25592732 0.34714013
vn 0.90221673 0.25592732 0.34714013
vn 0.9019578 0.25225633 0.35048386
vn 0.9019578 0.25225633 0.35048386
vn 0.9019578 0.25225633 0.35048386
vn 0.9019578 0.25225633 0.35048386
vn 0.9021772 0.2540173 0.34864223
vn 0.9021772 0.2540173 0.34864223
vn 0.8551993 0.31689435 0.4101367
vn 0.8551993 0.31689435 0.4101367
vn 0.8551993 0.31689435 0.4101367
vn 0.8551993 0.31689435 0.4101367
vn 0.8549305 0.31932637 0.40880874
vn 0.8549305 0.31932637 0.40880874
vn 0.8549305 0.31932637 0.40880874
vn 0.8549305 0.31932637 0.40880874
vn 0.85821027 0.29805118 0.41790032
vn 0.85821027 0.29805118 0.41790032
vn 0.8012872 0.36115813 0.4769734
vn 0.8012872 0.36115813 0.4769734
vn 0.8012872 0.36115813 0.4769734
vn 0.8072321 0.3370855 0.48450983
vn 0.8072321 0.3370855 0.48450983
vn 0.8012872 0.36115813 0.4769734
vn 0.8012872 0.36115813 0.4769734
vn 0.8012872 0.36115813 0.4769734
vn 0.79901564 0.3789959 0.46683633
vn 0.79901564 0.3789959 0.46683633
vn 0.79901564 0.3789959 0.46683633
vn 0.79901564 0.3789959 0.46683633
vn 0.80109686 0.39203036 0.4522788
vn 0.80109686 0.39203036 0.4522788
vn 0.8211339 0.37993383 0.42589837
vn 0.8211339 0.37993383 0.42589837
vn 0.8211339 0.37993383 0.42589837
vn 0.67438376 0.42400917 0.6045022
vn 0.67438376 0.42400917 0.6045022
vn 0.67438376 0.42400917 0.6045022
vn 0.67438376 0.42400917 0.6045022
vn 0.67390835 0.420437 0.6075196
vn 0.67390835 0.420437 0.6075196
vn 0.67390835 0.420437 0.6075196
vn 0.67390835 0.420437 0.6075196
vn 0.5557567 0.489962 0.67161876
vn 0.5557567 0.489962 0.67161876
vn 0.5557567 0.489962 0.67161876
vn 0.5557567 0.489962 0.67161876
vn 0.5542142 0.48151827 0.67896014
vn 0.5542142 0.48151827 0.67896014
vn 0.5542142 0.48151827 0.67896014
vn 0.5542142 0.48151827 0.67896014
vn 0.4268097 0.52351254 0.7374063
vn 0.4268097 0.52351254 0.7374063
vn 0.4268097 0.52351254 0.7374063
vn 0.4268097 0.52351254 0.7374063
vn 0.42120552 0.53777075 0.73033464
vn 0.42120552 0.53777075 0.73033464
vn 0.43728527 0.48367506 0.75818205
vn 0.43728527 0.48367506 0.75818205
vn 0.42612284 0.5477946 0.7199586
vn 0.42612284 0.5477946 0.7199586
vn 0.42612284 0.5477946 0.7199586
vn 0.42612284 0.5477946 0.7199586
vn 0.18437512 0.5450402 0.8178857
vn 0.18437512 0.5450402 0.8178857
vn 0.18437512 0.5450402 0.8178857
vn 0.18638378 0.54431134 0.8179157
vn 0.18638378 0.54431134 0.8179157
vn 0.18638378 0.54431134 0.8179157
vn 0.18638378 0.54431134 0.8179157
vn 0.19952454 0.5755089 0.7930823
vn 0.19952454 0.5755089 0.7930823
vn 0.18437512 0.5450402 0.8178857
vn 0.18437512 0.5450402 0.8178857
vn 0.18437512 0.5450402 0.8178857
vn 0.0056019095 0.56059104 0.8280738
vn 0.0056019095 0.56059104 0.8280738
vn 0.0056019095 0.56059104 0.8280738
vn 0.0056019095 0.56059104 0.8280738
vn -0.0030367607 0.5441124 0.8390069
vn -0.0030367607 0.5441124 0.8390069
vn -0.0030367607 0.5441124 0.8390069
vn -0.0030367607 0.5441124 0.8390069
vn -0.19035329 0.5389179 0.82056874
vn -0.19035329 0.5389179 0.82056874
vn -0.19035329 0.5389179 0.82056874
vn -0.19035329 0.5389179 0.82056874
vn -0.18693992 0.54056954 0.8202671
vn -0.18693992 0.54056954 0.8202671
vn -0.18421778 0.54255295 0.8195731
vn -0.18421778 0.54255295 0.8195731
vn -0.19779724 0.5769587 0.79246134
vn -0.67442477 0.4238294 0.6045825
vn -0.67442477 0.4238294 0.6045825
vn -0.67442477 0.4238294 0.6045825
vn -0.67442477 0.4238294 0.6045825
vn -0.6784752 0.41943818 0.6031111
vn -0.6784752 0.41943818 0.6031111
vn -0.673987 0.42059886 0.6073206
vn -0.673987 0.42059886 0.6073206
vn -0.6738877 0.43348867 0.5982999
vn -0.6738877 0.43348867 0.5982999
vn -0.5542382 0.48145604 0.67898464
vn -0.5542382 0.48145604 0.67898464
vn -0.5542382 0.48145604 0.67898464
vn -0.5542382 0.48145604 0.67898464
vn -0.55577004 0.48994502 0.67162
vn -0.55577004 0.48994502 0.67162
vn -0.55577004 0.48994502 0.67162
vn -0.55577004 0.48994502 0.67162
vn -0.56105083 0.46930933 0.68188757
vn -0.56105083 0.46930933 0.68188757
vn -0.4261002 0.5478722 0.71991295
vn -0.4261002 0.5478722 0.71991295
vn -0.4261002 0.5478722 0.71991295
vn -0.4261002 0.5478722 0.71991295
vn -0.4212385 0.53767186 0.7303883
vn -0.4212385 0.53767186 0.7303883
vn -0.42680246 0.5235272 0.73740005
vn -0.42680246 0.5235272 0.73740005
vn -0.43727103 0.4838757 0.7580623
vn -0.43727103 0.4838757 0.7580623
vn -0.80128616 0.36117232 0.4769644
vn -0.80128616 0.36117232 0.4769644
vn -0.80128616 0.36117232 0.4769644
vn -0.80128616 0.36117232 0.4769644
vn -0.80111325 0.39197156 0.4523006
vn -0.80111325 0.39197156 0.4523006
vn -0.80111325 0.39197156 0.4523006
vn -0.80111325 0.39197156 0.4523006
vn -0.8072134 0.3371093 0.48452422
vn -0.8072134 0.3371093 0.48452422
vn -0.82113135 0.3799326 0.42590448
vn -0.82113135 0.3799326 0.42590448
vn -0.82113135 0.3799326 0.42590448
vn -0.8552599 0.31671205 0.41015115
vn -0.8552599 0.31671205 0.41015115
vn -0.8552599 0.31671205 0.41015115
vn -0.8552599 0.31671205 0.41015115
vn -0.85498434 0.319335 0.40868926
vn -0.85498434 0.319335 0.40868926
vn -0.85498434 0.319335 0.40868926
vn -0.85498434 0.319335 0.40868926
vn -0.85822266 0.29801843 0.41789812
vn -0.85822266 0.29801843 0.41789812
vn -0.90227574 0.25551856 0.34728763
vn -0.90227574 0.25551856 0.34728763
vn -0.90227574 0.25551856 0.34728763
vn -0.90227574 0.25551856 0.34728763
vn -0.9037593 0.2514944 0.34636644
vn -0.9037593 0.2514944 0.34636644
vn -0.902084 0.25231692 0.35011524
vn -0.902084 0.25231692 0.35011524
vn -0.9021775 0.25401348 0.34864426
vn -0.9021775 0.25401348 0.34864426
vn -0.9933216 -0.11467522 0.012715875
vn -0.9868514 -0.16161594 -0.0021569212
vn -0.9868514 -0.16161594 -0.0021569212
vn -0.9868514 -0.16161594 -0.0021569212
vn -0.9868514 -0.16161594 -0.0021569212
vn -0.98748046 -0.1574729 -0.009199811
vn -0.98748046 -0.1574729 -0.009199811
vn -0.98690283 -0.16044578 -0.016732467
vn -0.9866976 -0.162566 -5.8195892E-05
vn -0.9866976 -0.162566 -5.8195892E-05
vn -0.80576915 -0.56148297 -0.18834272
vn -0.80576915 -0.56148297 -0.18834272
vn -0.80576915 -0.56148297 -0.18834272
vn -0.80576915 -0.56148297 -0.18834272
vn -0.8087322 -0.5762161 -0.11801377
vn -0.8087322 -0.5762161 -0.11801377
vn -0.8087322 -0.5762161 -0.11801377
vn -0.8087322 -0.5762161 -0.11801377
vn -0.81539917 -0.57720214 -0.044292077
vn -0.81539917 -0.57720214 -0.044292077
vn -0.81539917 -0.57720214 -0.044292077
vn -0.81539917 -0.57720214 -0.044292077
vn -0.81515676 -0.5792403 -8.030054E-05
vn -0.81515676 -0.5792403 -8.030054E-05
vn -0.8692242 -0.49330193 -0.033203598
vn -0.8692242 -0.49330193 -0.033203598
vn -0.8692242 -0.49330193 -0.033203598
vn -0.8692242 -0.49330193 -0.033203598
vn -0.8702839 -0.48269498 -0.09803843
vn -0.8702839 -0.48269498 -0.09803843
vn -0.8702839 -0.48269498 -0.09803843
vn -0.8702839 -0.48269498 -0.09803843
vn -0.4297194 -0.85096043 -0.30200598
vn -0.4297194 -0.85096043 -0.30200598
vn -0.4297194 -0.85096043 -0.30200598
vn -0.4297194 -0.85096043 -0.30200598
vn -0.42668152 -0.88411427 -0.19048601
vn -0.42668152 -0.88411427 -0.19048601
vn -0.42668152 -0.88411427 -0.19048601
vn -0.42668152 -0.88411427 -0.19048601
vn -0.43907824 -0.8954333 -0.07354957
vn -0.43907824 -0.8954333 -0.07354957
vn -0.43907824 -0.8954333 -0.07354957
vn -0.43907824 -0.8954333 -0.07354957
vn -0.5748433 -0.81614226 -0.05888086
vn -0.5748433 -0.81614226 -0.05888086
vn -0.5748433 -0.81614226 -0.05888086
vn -0.5748433 -0.81614226 -0.05888086
vn -0.6955138 -0.7151151 -0.06979277
vn -0.6955138 -0.7151151 -0.06979277
vn -0.6955138 -0.7151151 -0.06979277
vn -0.6955138 -0.7151151 -0.06979277
vn -0.70367914 -0.6944386 -0.15030219
vn -0.70367914 -0.6944386 -0.15030219
vn -0.70367914 -0.6944386 -0.15030219
vn -0.70367914 -0.6944386 -0.15030219
vn -0.6827311 -0.69180316 -0.23513119
vn -0.6827311 -0.69180316 -0.23513119
vn -0.6827311 -0.69180316 -0.23513119
vn -0.6827311 -0.69180316 -0.23513119
vn -0.5605699 -0.77644587 -0.2879115
vn -0.5605699 -0.77644587 -0.2879115
vn -0.5605699 -0.77644587 -0.2879115
vn -0.5605699 -0.77644587 -0.2879115
vn -0.5778465 -0.7971569 -0.17502616
vn -0.5778465 -0.7971569 -0.17502616
vn -0.5778465 -0.7971569 -0.17502616
vn -0.5778465 -0.7971569 -0.17502616
vn -0.2047897 -0.974918 -0.08715568
vn -0.2047897 -0.974918 -0.08715568
vn -0.2047897 -0.974918 -0.08715568
vn -0.2047897 -0.974918 -0.08715568
vn -0.21801142 -0.9536778 -0.20729138
vn -0.21801142 -0.9536778 -0.20729138
vn -0.21801142 -0.9536778 -0.20729138
vn -0.21801142 -0.9536778 -0.20729138
vn -0.19231491 -0.9258347 -0.32533824
vn -0.19231491 -0.9258347 -0.32533824
vn -0.19231491 -0.9258347 -0.32533824
vn -0.19231491 -0.9258347 -0.32533824
vn -0 -0.9364079 -0.3509135
vn -0 -0.9364079 -0.3509135
vn -0 -0.9364079 -0.3509135
vn -0 -0.9364079 -0.3509135
vn 0.19229883 -0.92584395 -0.32532182
vn 0.19229883 -0.92584395 -0.32532182
vn 0.19229883 -0.92584395 -0.32532182
vn 0.19229883 -0.92584395 -0.32532182
vn 0.21798804 -0.95368755 -0.20727088
vn 0.21798804 -0.95368755 -0.20727088
vn 0.21798804 -0.95368755 -0.20727088
vn 0.21798804 -0.95368755 -0.20727088
vn 0.20479509 -0.9749165 -0.08715952
vn 0.20479509 -0.9749165 -0.08715952
vn 0.20479509 -0.9749165 -0.08715952
vn 0.20479509 -0.9749165 -0.08715952
vn -0 -0.9974929 -0.07076643
vn -0 -0.9974929 -0.07076643
vn -0 -0.9974929 -0.07076643
vn -0 -0.9974929 -0.07076643
vn -0 -0.9974929 -0.07076643
vn -0 -0.9974929 -0.07076643
vn -0 -0.9764691 -0.21565737
vn -0 -0.9764691 -0.21565737
vn -0 -0.9764691 -0.21565737
vn -0 -0.9764691 -0.21565737
vn 0.43905246 -0.8954468 -0.07353944
vn 0.43905246 -0.8954468 -0.07353944
vn 0.43905246 -0.8954468 -0.07353944
vn 0.43905246 -0.8954468 -0.07353944
vn 0.4266882 -0.8841106 -0.19048741
vn 0.4266882 -0.8841106 -0.19048741
vn 0.4266882 -0.8841106 -0.19048741
vn 0.4266882 -0.8841106 -0.19048741
vn 0.42969674 -0.85095835 -0.30204386
vn 0.42969674 -0.85095835 -0.30204386
vn 0.42969674 -0.85095835 -0.30204386
vn 0.42969674 -0.85095835 -0.30204386
vn 0.5605919 -0.77640265 -0.28798586
vn 0.5605919 -0.77640265 -0.28798586
vn 0.5605919 -0.77640265 -0.28798586
vn 0.5605919 -0.77640265 -0.28798586
vn 0.6827293 -0.6918005 -0.23514402
vn 0.6827293 -0.6918005 -0.23514402
vn 0.6827293 -0.6918005 -0.23514402
vn 0.6827293 -0.6918005 -0.23514402
vn 0.70369893 -0.69442236 -0.15028432
vn 0.70369893 -0.69442236 -0.15028432
vn 0.70369893 -0.69442236 -0.15028432
vn 0.70369893 -0.69442236 -0.15028432
vn 0.6954965 -0.71513325 -0.06977884
vn 0.6954965 -0.71513325 -0.06977884
vn 0.6954965 -0.71513325 -0.06977884
vn 0.6954965 -0.71513325 -0.06977884
vn 0.5747681 -0.81619453 -0.058890887
vn 0.5747681 -0.81619453 -0.058890887
vn 0.5747681 -0.81619453 -0.058890887
vn 0.5747681 -0.81619453 -0.058890887
vn 0.57784766 -0.7971606 -0.17500582
vn 0.57784766 -0.7971606 -0.17500582
vn 0.57784766 -0.7971606 -0.17500582
vn 0.57784766 -0.7971606 -0.17500582
vn 0.8153757 -0.57723343 -0.044317313
vn 0.8153757 -0.57723343 -0.044317313
vn 0.8153757 -0.57723343 -0.044317313
vn 0.8153757 -0.57723343 -0.044317313
vn 0.81516296 -0.5792317 -8.023019E-05
vn 0.8087227 -0.576232 -0.11800108
vn 0.8087227 -0.576232 -0.11800108
vn 0.8087227 -0.576232 -0.11800108
vn 0.8087227 -0.576232 -0.11800108
vn 0.805768 -0.5614906 -0.1883249
vn 0.805768 -0.5614906 -0.1883249
vn 0.805768 -0.5614906 -0.1883249
vn 0.805768 -0.5614906 -0.1883249
vn 0.8609654 -0.48140025 -0.16429368
vn 0.8609654 -0.48140025 -0.16429368
vn 0.8609654 -0.48140025 -0.16429368
vn 0.9151738 -0.39590827 -0.07558663
vn 0.9151738 -0.39590827 -0.07558663
vn 0.9151738 -0.39590827 -0.07558663
vn 0.9151738 -0.39590827 -0.07558663
vn 0.9123331 -0.4077445 -0.03731937
vn 0.9123331 -0.4077445 -0.03731937
vn 0.8691983 -0.49334812 -0.03319501
vn 0.8691983 -0.49334812 -0.03319501
vn 0.8691983 -0.49334812 -0.03319501
vn 0.8691983 -0.49334812 -0.03319501
vn 0.8702838 -0.48269284 -0.09804925
vn 0.8702838 -0.48269284 -0.09804925
vn 0.8702838 -0.48269284 -0.09804925
vn 0.8702838 -0.48269284 -0.09804925
vn 0.9869797 -0.16007277 -0.015741993
vn 0.9869797 -0.16007277 -0.015741993
vn 0.9869797 -0.16007277 -0.015741993
vn 0.9876275 -0.1565631 -0.008934057
vn 0.9876275 -0.1565631 -0.008934057
vn 0.9869518 -0.16098614 -0.0030768944
vn 0.9869518 -0.16098614 -0.0030768944
vn 0.9866976 -0.16256608 -5.8472047E-05
vn 0.9866976 -0.16256608 -5.8472047E-05
vn 0.9980716 -0.06089656 0.012031614
vn 0.9980716 -0.06089656 0.012031614
vn 0.9980716 -0.06089656 0.012031614
vn 0.9980716 -0.06089656 0.012031614
vn 0.9976471 -0.063334204 0.02624764
vn 0.9976471 -0.063334204 0.02624764
vn 0.99700004 -0.063660614 0.0440234
vn 0.99700004 -0.063660614 0.0440234
vn 0.9950112 -0.09214162 0.038245346
vn 0.99813807 -0.06099424 -5.117432E-05
vn 0.99813807 -0.06099424 -5.117432E-05
vn 0.9355673 0.27793524 0.21786687
vn 0.9355673 0.27793524 0.21786687
vn 0.9355673 0.27793524 0.21786687
vn 0.9355673 0.27793524 0.21786687
vn 0.9231683 0.28650188 0.256275
vn 0.9231683 0.28650188 0.256275
vn 0.9486989 0.28506994 0.13676801
vn 0.9486989 0.28506994 0.13676801
vn 0.9486989 0.28506994 0.13676801
vn 0.9486989 0.28506994 0.13676801
vn 0.95458734 0.29255605 0.05633878
vn 0.95458734 0.29255605 0.05633878
vn 0.95458734 0.29255605 0.05633878
vn 0.95458734 0.29255605 0.05633878
vn 0.97104365 0.23247218 0.055054303
vn 0.97104365 0.23247218 0.055054303
vn 0.97104365 0.23247218 0.055054303
vn 0.97104365 0.23247218 0.055054303
vn 0.9847348 0.16621259 0.051678218
vn 0.9847348 0.16621259 0.051678218
vn 0.9847348 0.16621259 0.051678218
vn 0.9847348 0.16621259 0.051678218
vn 0.9797472 0.17004316 0.105739765
vn 0.9797472 0.17004316 0.105739765
vn 0.9797472 0.17004316 0.105739765
vn 0.9797472 0.17004316 0.105739765
vn 0.9745422 0.15985404 0.15720716
vn 0.9745422 0.15985404 0.15720716
vn 0.9745422 0.15985404 0.15720716
vn 0.9745422 0.15985404 0.15720716
vn 0.95729846 0.22211164 0.18505749
vn 0.95729846 0.22211164 0.18505749
vn 0.95729846 0.22211164 0.18505749
vn 0.95729846 0.22211164 0.18505749
vn 0.96472114 0.2336754 0.121280685
vn 0.96472114 0.2336754 0.121280685
vn 0.96472114 0.2336754 0.121280685
vn 0.96472114 0.2336754 0.121280685
vn 0.90190613 0.42020518 0.09996476
vn 0.90190613 0.42020518 0.09996476
vn 0.90190613 0.42020518 0.09996476
vn 0.90190613 0.42020518 0.09996476
vn 0.8813751 0.4227317 0.21089289
vn 0.8813751 0.4227317 0.21089289
vn 0.8813751 0.4227317 0.21089289
vn 0.8813751 0.4227317 0.21089289
vn 0.86296993 0.39442194 0.3157757
vn 0.86296993 0.39442194 0.3157757
vn 0.86296993 0.39442194 0.3157757
vn 0.86296993 0.39442194 0.3157757
vn 0.81536293 0.46152797 0.3495357
vn 0.81536293 0.46152797 0.3495357
vn 0.81536293 0.46152797 0.3495357
vn 0.81536293 0.46152797 0.3495357
vn 0.76286626 0.5178341 0.38714707
vn 0.76286626 0.5178341 0.38714707
vn 0.76286626 0.5178341 0.38714707
vn 0.76286626 0.5178341 0.38714707
vn 0.7998306 0.54828495 0.24424304
vn 0.7998306 0.54828495 0.24424304
vn 0.7998306 0.54828495 0.24424304
vn 0.7998306 0.54828495 0.24424304
vn 0.7998306 0.54828495 0.24424304
vn 0.7998306 0.54828495 0.24424304
vn 0.8138364 0.572108 0.101797864
vn 0.8138364 0.572108 0.101797864
vn 0.8138364 0.572108 0.101797864
vn 0.8138364 0.572108 0.101797864
vn 0.8138364 0.572108 0.101797864
vn 0.8138364 0.572108 0.101797864
vn 0.85904396 0.50177795 0.10130326
vn 0.85904396 0.50177795 0.10130326
vn 0.85904396 0.50177795 0.10130326
vn 0.85904396 0.50177795 0.10130326
vn 0.8395073 0.49367878 0.2269553
vn 0.8395073 0.49367878 0.2269553
vn 0.8395073 0.49367878 0.2269553
vn 0.8395073 0.49367878 0.2269553
vn 0.57378775 0.6257006 0.52845657
vn 0.57378775 0.6257006 0.52845657
vn 0.57378775 0.6257006 0.52845657
vn 0.57378775 0.6257006 0.52845657
vn 0.48111305 0.68003863 0.5532429
vn 0.48111305 0.68003863 0.5532429
vn 0.48111305 0.68003863 0.5532429
vn 0.48111305 0.68003863 0.5532429
vn 0.38442972 0.7133036 0.58601344
vn 0.38442972 0.7133036 0.58601344
vn 0.38442972 0.7133036 0.58601344
vn 0.38442972 0.7133036 0.58601344
vn 0.38442972 0.7133036 0.58601344
vn 0.38442972 0.7133036 0.58601344
vn 0.4328695 0.8206976 0.37293345
vn 0.4328695 0.8206976 0.37293345
vn 0.4328695 0.8206976 0.37293345
vn 0.4328695 0.8206976 0.37293345
vn 0.39599743 0.82579255 0.40156272
vn 0.39599743 0.82579255 0.40156272
vn 0.44164574 0.8831285 0.1582183
vn 0.44164574 0.8831285 0.1582183
vn 0.44164574 0.8831285 0.1582183
vn 0.44164574 0.8831285 0.1582183
vn 0.5548512 0.8154209 0.16501169
vn 0.5548512 0.8154209 0.16501169
vn 0.5548512 0.8154209 0.16501169
vn 0.5548512 0.8154209 0.16501169
vn 0.6680306 0.72519815 0.166801
vn 0.6680306 0.72519815 0.166801
vn 0.6680306 0.72519815 0.166801
vn 0.6680306 0.72519815 0.166801
vn 0.6147125 0.7054486 0.35280442
vn 0.6147125 0.7054486 0.35280442
vn 0.6147125 0.7054486 0.35280442
vn 0.6147125 0.7054486 0.35280442
vn 0.52089125 0.77485615 0.35814834
vn 0.52089125 0.77485615 0.35814834
vn 0.52089125 0.77485615 0.35814834
vn 0.52089125 0.77485615 0.35814834
vn 0.52089125 0.77485615 0.35814834
vn 0.52089125 0.77485615 0.35814834
vn 0.17857338 0.96371996 0.198382
vn 0.17857338 0.96371996 0.198382
vn 0.17857338 0.96371996 0.198382
vn 0.17857338 0.96371996 0.198382
vn 0.1310241 0.8907103 0.43527916
vn 0.1310241 0.8907103 0.43527916
vn 0.1310241 0.8907103 0.43527916
vn 0.1310241 0.8907103 0.43527916
vn 0.11105945 0.7386505 0.6648768
vn 0.11105945 0.7386505 0.6648768
vn 0.11105945 0.7386505 0.6648768
vn 0.11105945 0.7386505 0.6648768
vn -0 0.75441414 0.6563988
vn -0 0.75441414 0.6563988
vn -0 0.75441414 0.6563988
vn -0 0.75441414 0.6563988
vn -0.11105431 0.7386295 0.6649011
vn -0.11105431 0.7386295 0.6649011
vn -0.11105431 0.7386295 0.6649011
vn -0.11105431 0.7386295 0.6649011
vn -0.1309885 0.89071625 0.43527752
vn -0.1309885 0.89071625 0.43527752
vn -0.1309885 0.89071625 0.43527752
vn -0.1309885 0.89071625 0.43527752
vn -0.1785473 0.9637286 0.19836308
vn -0.1785473 0.9637286 0.19836308
vn -0.1785473 0.9637286 0.19836308
vn -0.1785473 0.9637286 0.19836308
vn -3.291591E-05 0.978919 0.20424847
vn -3.291591E-05 0.978919 0.20424847
vn -3.291591E-05 0.978919 0.20424847
vn -3.291591E-05 0.978919 0.20424847
vn -3.8474198E-05 0.90575 0.4238125
vn -3.8474198E-05 0.90575 0.4238125
vn -3.8474198E-05 0.90575 0.4238125
vn -3.8474198E-05 0.90575 0.4238125
vn -0.57382095 0.62563705 0.5284958
vn -0.57382095 0.62563705 0.5284958
vn -0.57382095 0.62563705 0.5284958
vn -0.57382095 0.62563705 0.5284958
vn -0.6147607 0.7053971 0.35282323
vn -0.6147607 0.7053971 0.35282323
vn -0.6147607 0.7053971 0.35282323
vn -0.6147607 0.7053971 0.35282323
vn -0.66800594 0.7252206 0.16680257
vn -0.66800594 0.7252206 0.16680257
vn -0.66800594 0.7252206 0.16680257
vn -0.66800594 0.7252206 0.16680257
vn -0.5547923 0.8154614 0.16501006
vn -0.5547923 0.8154614 0.16501006
vn -0.5547923 0.8154614 0.16501006
vn -0.5547923 0.8154614 0.16501006
vn -0.44160834 0.8831498 0.15820386
vn -0.44160834 0.8831498 0.15820386
vn -0.44160834 0.8831498 0.15820386
vn -0.44160834 0.8831498 0.15820386
vn -0.4329039 0.8206696 0.37295532
vn -0.4329039 0.8206696 0.37295532
vn -0.4329039 0.8206696 0.37295532
vn -0.4329039 0.8206696 0.37295532
vn -0.3959981 0.8257939 0.40155947
vn -0.3959981 0.8257939 0.40155947
vn -0.38443473 0.71331686 0.5859939
vn -0.38443473 0.71331686 0.5859939
vn -0.38443473 0.71331686 0.5859939
vn -0.38443473 0.71331686 0.5859939
vn -0.48112595 0.68003315 0.5532384
vn -0.48112595 0.68003315 0.5532384
vn -0.48112595 0.68003315 0.5532384
vn -0.48112595 0.68003315 0.5532384
vn -0.48112595 0.68003315 0.5532384
vn -0.48112595 0.68003315 0.5532384
vn -0.5208752 0.7748666 0.3581492
vn -0.5208752 0.7748666 0.3581492
vn -0.5208752 0.7748666 0.3581492
vn -0.5208752 0.7748666 0.3581492
vn -0.8138344 0.5721114 0.101794064
vn -0.8138344 0.5721114 0.101794064
vn -0.8138344 0.5721114 0.101794064
vn -0.8138344 0.5721114 0.101794064
vn -0.79980797 0.5483242 0.24422929
vn -0.79980797 0.5483242 0.24422929
vn -0.79980797 0.5483242 0.24422929
vn -0.79980797 0.5483242 0.24422929
vn -0.76291656 0.51774454 0.38716787
vn -0.76291656 0.51774454 0.38716787
vn -0.76291656 0.51774454 0.38716787
vn -0.76291656 0.51774454 0.38716787
vn -0.815344 0.46154925 0.34955183
vn -0.815344 0.46154925 0.34955183
vn -0.815344 0.46154925 0.34955183
vn -0.815344 0.46154925 0.34955183
vn -0.86296976 0.39443484 0.31576002
vn -0.86296976 0.39443484 0.31576002
vn -0.86296976 0.39443484 0.31576002
vn -0.86296976 0.39443484 0.31576002
vn -0.8813736 0.42273095 0.21090096
vn -0.8813736 0.42273095 0.21090096
vn -0.8813736 0.42273095 0.21090096
vn -0.8813736 0.42273095 0.21090096
vn -0.9019035 0.42021236 0.09995839
vn -0.9019035 0.42021236 0.09995839
vn -0.9019035 0.42021236 0.09995839
vn -0.9019035 0.42021236 0.09995839
vn -0.85904455 0.50177836 0.101295575
vn -0.85904455 0.50177836 0.101295575
vn -0.85904455 0.50177836 0.101295575
vn -0.85904455 0.50177836 0.101295575
vn -0.8395289 0.49364486 0.22694947
vn -0.8395289 0.49364486 0.22694947
vn -0.8395289 0.49364486 0.22694947
vn -0.8395289 0.49364486 0.22694947
vn -0.97454494 0.15984362 0.15720107
vn -0.97454494 0.15984362 0.15720107
vn -0.97454494 0.15984362 0.15720107
vn -0.97454494 0.15984362 0.15720107
vn -0.9797507 0.17002389 0.10573713
vn -0.9797507 0.17002389 0.10573713
vn -0.9797507 0.17002389 0.10573713
vn -0.9797507 0.17002389 0.10573713
vn -0.98473316 0.16622558 0.05166816
vn -0.98473316 0.16622558 0.05166816
vn -0.98473316 0.16622558 0.05166816
vn -0.98473316 0.16622558 0.05166816
vn -0.97104484 0.23247246 0.0550311
vn -0.97104484 0.23247246 0.0550311
vn -0.97104484 0.23247246 0.0550311
vn -0.97104484 0.23247246 0.0550311
vn -0.9545934 0.2925365 0.056336038
vn -0.9545934 0.2925365 0.056336038
vn -0.9545934 0.2925365 0.056336038
vn -0.9545934 0.2925365 0.056336038
vn -0.9487037 0.28507143 0.13673192
vn -0.9487037 0.28507143 0.13673192
vn -0.9487037 0.28507143 0.13673192
vn -0.9487037 0.28507143 0.13673192
vn -0.93556345 0.27792123 0.21790124
vn -0.93556345 0.27792123 0.21790124
vn -0.93556345 0.27792123 0.21790124
vn -0.93556345 0.27792123 0.21790124
vn -0.923182 0.28645435 0.2562788
vn -0.923182 0.28645435 0.2562788
vn -0.95729965 0.22211191 0.1850506
vn -0.95729965 0.22211191 0.1850506
vn -0.95729965 0.22211191 0.1850506
vn -0.95729965 0.22211191 0.1850506
vn -0.96471846 0.23367476 0.121303104
vn -0.96471846 0.23367476 0.121303104
vn -0.96471846 0.23367476 0.121303104
vn -0.96471846 0.23367476 0.121303104
vn -0.99796283 -0.0010991371 0.063787445
vn -0.99796283 -0.0010991371 0.063787445
vn -0.99796283 -0.0010991371 0.063787445
vn -0.99796283 -0.0010991371 0.063787445
vn -0.9997969 0.0024151336 0.020008732
vn -0.9997969 0.0024151336 0.020008732
vn -0.9997969 0.0024151336 0.020008732
vn -0.9997969 0.0024151336 0.020008732
vn -1 2.3155694E-06 -0.000104183244
vn -1 2.3155694E-06 -0.000104183244
vn -0.9972367 -0.061781324 0.041255437
vn -0.99501204 -0.09212886 0.038253617
vn -0.9972367 -0.061781324 0.041255437
vn -0.9972367 -0.061781324 0.041255437
vn -0.9972367 -0.061781324 0.041255437
vn -0.99782515 -0.06016692 0.02692588
vn -0.99782515 -0.06016692 0.02692588
vn -0.9981218 -0.059393298 0.015004707
vn -0.9981218 -0.059393298 0.015004707
vn -0.99813807 -0.06099436 -5.199393E-05
vn -0.99813807 -0.06099436 -5.199393E-05
vn -0.9547 0.15307914 -0.25517583
vn -0.9547 0.15307914 -0.25517583
vn -0.9547 0.15307914 -0.25517583
vn -0.9547 0.15307914 -0.25517583
vn -0.95088255 0.21880111 -0.2189715
vn -0.95088255 0.21880111 -0.2189715
vn -0.95088255 0.21880111 -0.2189715
vn -0.95088255 0.21880111 -0.2189715
vn -0.9547046 0.09387551 -0.282359
vn -0.9547046 0.09387551 -0.282359
vn -0.9547046 0.09387551 -0.282359
vn -0.9547046 0.09387551 -0.282359
vn -0.9869135 0.022339057 -0.15969507
vn -0.9869135 0.022339057 -0.15969507
vn -0.9869135 0.022339057 -0.15969507
vn -0.9869135 0.022339057 -0.15969507
vn -0.98860395 0.046391435 -0.14321356
vn -0.9874089 0.07457368 -0.139508
vn -0.9874089 0.07457368 -0.139508
vn -0.98589176 0.00079482945 -0.16738214
vn -0.98587865 0.12624545 -0.11002413
vn -0.98587865 0.12624545 -0.11002413
vn -0.98587865 0.12624545 -0.11002413
vn -0.98587865 0.12624545 -0.11002413
vn -0.9807523 0.1860421 -0.05927221
vn -0.9807523 0.1860421 -0.05927221
vn -0.9807523 0.1860421 -0.05927221
vn -0.9807523 0.1860421 -0.05927221
vn -0.98698413 0.16004606 -0.015731452
vn -0.98111755 0.19161713 -0.026290413
vn -0.98698413 0.16004606 -0.015731452
vn -0.98698413 0.16004606 -0.015731452
vn -0.9869486 0.16100617 -0.0030864102
vn -0.9869486 0.16100617 -0.0030864102
vn -0.9869486 0.16100617 -0.0030864102
vn -0.9869486 0.16100617 -0.0030864102
vn -0.98669934 0.16255592 -5.8016674E-05
vn -0.98669934 0.16255592 -5.8016674E-05
vn -0.9739051 0.11950877 -0.1929417
vn -0.9739051 0.11950877 -0.1929417
vn -0.9739051 0.11950877 -0.1929417
vn -0.9739051 0.11950877 -0.1929417
vn -0.97168195 0.16552934 -0.16862427
vn -0.97168195 0.16552934 -0.16862427
vn -0.97168195 0.16552934 -0.16862427
vn -0.97168195 0.16552934 -0.16862427
vn -0.9759753 0.06671466 -0.20741591
vn -0.9759753 0.06671466 -0.20741591
vn -0.9759753 0.06671466 -0.20741591
vn -0.9759753 0.06671466 -0.20741591
vn -0.91013384 0.060201295 -0.4099172
vn -0.91013384 0.060201295 -0.4099172
vn -0.91013384 0.060201295 -0.4099172
vn -0.91013384 0.060201295 -0.4099172
vn -0.9183639 0.12750888 -0.37463206
vn -0.9183639 0.12750888 -0.37463206
vn -0.9183639 0.12750888 -0.37463206
vn -0.9183639 0.12750888 -0.37463206
vn -0.9121939 0.20058057 -0.35730886
vn -0.9121939 0.20058057 -0.35730886
vn -0.9121939 0.20058057 -0.35730886
vn -0.9121939 0.20058057 -0.35730886
vn -0.8675849 0.26015064 -0.4238137
vn -0.8675849 0.26015064 -0.4238137
vn -0.8675849 0.26015064 -0.4238137
vn -0.8675849 0.26015064 -0.4238137
vn -0.81272745 0.29915684 -0.49997917
vn -0.81272745 0.29915684 -0.49997917
vn -0.81272745 0.29915684 -0.49997917
vn -0.81272745 0.29915684 -0.49997917
vn -0.81220347 0.19068003 -0.55133164
vn -0.81220347 0.19068003 -0.55133164
vn -0.81220347 0.19068003 -0.55133164
vn -0.81220347 0.19068003 -0.55133164
vn -0.80989414 0.07360913 -0.5819391
vn -0.80989414 0.07360913 -0.5819391
vn -0.80989414 0.07360913 -0.5819391
vn -0.80989414 0.07360913 -0.5819391
vn -0.8644961 0.053290706 -0.4998066
vn -0.8644961 0.053290706 -0.4998066
vn -0.8644961 0.053290706 -0.4998066
vn -0.8644961 0.053290706 -0.4998066
vn -0.874828 0.15552542 -0.45878968
vn -0.874828 0.15552542 -0.45878968
vn -0.874828 0.15552542 -0.45878968
vn -0.874828 0.15552542 -0.45878968
vn -0.4400062 0.46308282 -0.7693821
vn -0.4400062 0.46308282 -0.7693821
vn -0.4400062 0.46308282 -0.7693821
vn -0.4400062 0.46308282 -0.7693821
vn -0.4344526 0.30241397 -0.84840834
vn -0.4344526 0.30241397 -0.84840834
vn -0.4344526 0.30241397 -0.84840834
vn -0.4344526 0.30241397 -0.84840834
vn -0.44097418 0.12502173 -0.88876957
vn -0.44097418 0.12502173 -0.88876957
vn -0.44097418 0.12502173 -0.88876957
vn -0.44097418 0.12502173 -0.88876957
vn -0.57461125 0.09655546 -0.8127109
vn -0.57461125 0.09655546 -0.8127109
vn -0.57461125 0.09655546 -0.8127109
vn -0.57461125 0.09655546 -0.8127109
vn -0.693474 0.1080768 -0.7123295
vn -0.693474 0.1080768 -0.7123295
vn -0.693474 0.1080768 -0.7123295
vn -0.693474 0.1080768 -0.7123295
vn -0.714351 0.23146299 -0.66039956
vn -0.714351 0.23146299 -0.66039956
vn -0.714351 0.23146299 -0.66039956
vn -0.714351 0.23146299 -0.66039956
vn -0.69672453 0.3580417 -0.6215955
vn -0.69672453 0.3580417 -0.6215955
vn -0.69672453 0.3580417 -0.6215955
vn -0.69672453 0.3580417 -0.6215955
vn -0.5767279 0.43082082 -0.6941026
vn -0.5767279 0.43082082 -0.6941026
vn -0.5767279 0.43082082 -0.6941026
vn -0.5767279 0.43082082 -0.6941026
vn -0.591277 0.26673892 -0.7610794
vn -0.591277 0.26673892 -0.7610794
vn -0.591277 0.26673892 -0.7610794
vn -0.591277 0.26673892 -0.7610794
vn -0.19714756 0.14674895 -0.9693284
vn -0.19714756 0.14674895 -0.9693284
vn -0.19714756 0.14674895 -0.9693284
vn -0.19714756 0.14674895 -0.9693284
vn -0.22413798 0.32924116 -0.91725814
vn -0.22413798 0.32924116 -0.91725814
vn -0.22413798 0.32924116 -0.91725814
vn -0.22413798 0.32924116 -0.91725814
vn -0.20199567 0.49925777 -0.842579
vn -0.20199567 0.49925777 -0.842579
vn -0.20199567 0.49925777 -0.842579
vn -0.20199567 0.49925777 -0.842579
vn 7.238478E-05 0.52989215 -0.848065
vn 7.238478E-05 0.52989215 -0.848065
vn 7.238478E-05 0.52989215 -0.848065
vn 7.238478E-05 0.52989215 -0.848065
vn 0.20189765 0.4993359 -0.84255624
vn 0.20189765 0.4993359 -0.84255624
vn 0.20189765 0.4993359 -0.84255624
vn 0.20189765 0.4993359 -0.84255624
vn 0.22406867 0.32925144 -0.9172714
vn 0.22406867 0.32925144 -0.9172714
vn 0.22406867 0.32925144 -0.9172714
vn 0.22406867 0.32925144 -0.9172714
vn 0.19715343 0.14665195 -0.9693419
vn 0.19715343 0.14665195 -0.9693419
vn 0.19715343 0.14665195 -0.9693419
vn 0.19715343 0.14665195 -0.9693419
vn 1.0084595E-06 0.1232741 -0.99237263
vn 1.0084595E-06 0.1232741 -0.99237263
vn 1.0084595E-06 0.1232741 -0.99237263
vn 1.0084595E-06 0.1232741 -0.99237263
vn 8.331176E-05 0.33524472 -0.9421311
vn 8.331176E-05 0.33524472 -0.9421311
vn 8.331176E-05 0.33524472 -0.9421311
vn 8.331176E-05 0.33524472 -0.9421311
vn 0.696743 0.3580067 -0.621595
vn 0.696743 0.3580067 -0.621595
vn 0.696743 0.3580067 -0.621595
vn 0.696743 0.3580067 -0.621595
vn 0.714344 0.23146075 -0.66040784
vn 0.714344 0.23146075 -0.66040784
vn 0.714344 0.23146075 -0.66040784
vn 0.714344 0.23146075 -0.66040784
vn 0.69347703 0.108065665 -0.7123283
vn 0.69347703 0.108065665 -0.7123283
vn 0.69347703 0.108065665 -0.7123283
vn 0.69347703 0.108065665 -0.7123283
vn 0.5746506 0.09655287 -0.8126833
vn 0.5746506 0.09655287 -0.8126833
vn 0.5746506 0.09655287 -0.8126833
vn 0.5746506 0.09655287 -0.8126833
vn 0.44089612 0.12506366 -0.88880235
vn 0.44089612 0.12506366 -0.88880235
vn 0.44089612 0.12506366 -0.88880235
vn 0.44089612 0.12506366 -0.88880235
vn 0.43439773 0.30242017 -0.8484342
vn 0.43439773 0.30242017 -0.8484342
vn 0.43439773 0.30242017 -0.8484342
vn 0.43439773 0.30242017 -0.8484342
vn 0.43998995 0.46309286 -0.7693854
vn 0.43998995 0.46309286 -0.7693854
vn 0.43998995 0.46309286 -0.7693854
vn 0.43998995 0.46309286 -0.7693854
vn 0.5767294 0.43082199 -0.69410056
vn 0.5767294 0.43082199 -0.69410056
vn 0.5767294 0.43082199 -0.69410056
vn 0.5767294 0.43082199 -0.69410056
vn 0.5767294 0.43082199 -0.69410056
vn 0.5767294 0.43082199 -0.69410056
vn 0.59134346 0.26671278 -0.7610369
vn 0.59134346 0.26671278 -0.7610369
vn 0.59134346 0.26671278 -0.7610369
vn 0.59134346 0.26671278 -0.7610369
vn 0.809889 0.073583454 -0.5819494
vn 0.809889 0.073583454 -0.5819494
vn 0.809889 0.073583454 -0.5819494
vn 0.809889 0.073583454 -0.5819494
vn 0.81219304 0.19067957 -0.5513474
vn 0.81219304 0.19067957 -0.5513474
vn 0.81219304 0.19067957 -0.5513474
vn 0.81219304 0.19067957 -0.5513474
vn 0.812701 0.2992454 -0.4999692
vn 0.812701 0.2992454 -0.4999692
vn 0.812701 0.2992454 -0.4999692
vn 0.812701 0.2992454 -0.4999692
vn 0.86758786 0.2601515 -0.4238073
vn 0.86758786 0.2601515 -0.4238073
vn 0.86758786 0.2601515 -0.4238073
vn 0.86758786 0.2601515 -0.4238073
vn 0.91218805 0.20059003 -0.35731876
vn 0.91218805 0.20059003 -0.35731876
vn 0.91218805 0.20059003 -0.35731876
vn 0.91218805 0.20059003 -0.35731876
vn 0.91837037 0.12750833 -0.3746166
vn 0.91837037 0.12750833 -0.3746166
vn 0.91837037 0.12750833 -0.3746166
vn 0.91837037 0.12750833 -0.3746166
vn 0.9101325 0.060186613 -0.40992233
vn 0.9101325 0.060186613 -0.40992233
vn 0.9101325 0.060186613 -0.40992233
vn 0.9101325 0.060186613 -0.40992233
vn 0.86449665 0.05328981 -0.49980572
vn 0.86449665 0.05328981 -0.49980572
vn 0.86449665 0.05328981 -0.49980572
vn 0.86449665 0.05328981 -0.49980572
vn 0.87482774 0.15554868 -0.45878214
vn 0.87482774 0.15554868 -0.45878214
vn 0.87482774 0.15554868 -0.45878214
vn 0.87482774 0.15554868 -0.45878214
vn 0.95470566 0.09389948 -0.2823474
vn 0.95470566 0.09389948 -0.2823474
vn 0.95470566 0.09389948 -0.2823474
vn 0.95470566 0.09389948 -0.2823474
vn 0.95470357 0.1530479 -0.25518137
vn 0.95470357 0.1530479 -0.25518137
vn 0.95470357 0.1530479 -0.25518137
vn 0.95470357 0.1530479 -0.25518137
vn 0.9508803 0.21881835 -0.21896407
vn 0.9508803 0.21881835 -0.21896407
vn 0.9508803 0.21881835 -0.21896407
vn 0.9508803 0.21881835 -0.21896407
vn 0.9739083 0.11948959 -0.19293751
vn 0.9739083 0.11948959 -0.19293751
vn 0.9739083 0.11948959 -0.19293751
vn 0.9739083 0.11948959 -0.19293751
vn 0.9716925 0.1654948 -0.16859744
vn 0.9716925 0.1654948 -0.16859744
vn 0.9716925 0.1654948 -0.16859744
vn 0.9716925 0.1654948 -0.16859744
vn 0.9759753 0.06673469 -0.20740952
vn 0.9759753 0.06673469 -0.20740952
vn 0.9759753 0.06673469 -0.20740952
vn 0.9759753 0.06673469 -0.20740952
vn 0.95434654 -0.14708306 0.259979
vn 0.95434654 -0.14708306 0.259979
vn 0.95434654 -0.14708306 0.259979
vn 0.95434654 -0.14708306 0.259979
vn 0.95105106 -0.1898928 0.24380843
vn 0.95105106 -0.1898928 0.24380843
vn 0.95105106 -0.1898928 0.24380843
vn 0.95105106 -0.1898928 0.24380843
vn 0.950984 -0.19090149 0.24328195
vn 0.950984 -0.19090149 0.24328195
vn 0.950984 -0.19090149 0.24328195
vn 0.950984 -0.19090149 0.24328195
vn 0.9364182 -0.2256302 0.26872295
vn 0.9364182 -0.2256302 0.26872295
vn 0.95921814 -0.17125124 0.22488606
vn 0.95921814 -0.17125124 0.22488606
vn 0.95921814 -0.17125124 0.22488606
vn 0.9548233 -0.094159886 0.28186208
vn 0.9548233 -0.094159886 0.28186208
vn 0.9548233 -0.094159886 0.28186208
vn 0.9548233 -0.094159886 0.28186208
vn 0.90443933 -0.06803477 0.42114213
vn 0.90443933 -0.06803477 0.42114213
vn 0.90443933 -0.06803477 0.42114213
vn 0.90443933 -0.06803477 0.42114213
vn 0.9051796 -0.13014914 0.40461236
vn 0.9051796 -0.13014914 0.40461236
vn 0.9051796 -0.13014914 0.40461236
vn 0.9051796 -0.13014914 0.40461236
vn 0.907184 -0.18758455 0.37660238
vn 0.907184 -0.18758455 0.37660238
vn 0.907184 -0.18758455 0.37660238
vn 0.907184 -0.18758455 0.37660238
vn 0.86327004 -0.22936696 0.44961724
vn 0.86327004 -0.22936696 0.44961724
vn 0.86327004 -0.22936696 0.44961724
vn 0.86327004 -0.22936696 0.44961724
vn 0.8145229 -0.27460235 0.51102436
vn 0.8145229 -0.27460235 0.51102436
vn 0.8145229 -0.27460235 0.51102436
vn 0.8145229 -0.27460235 0.51102436
vn 0.81684726 -0.1761322 0.5493068
vn 0.81684726 -0.1761322 0.5493068
vn 0.81684726 -0.1761322 0.5493068
vn 0.81684726 -0.1761322 0.5493068
vn 0.80962104 -0.07404778 0.58226347
vn 0.80962104 -0.07404778 0.58226347
vn 0.80962104 -0.07404778 0.58226347
vn 0.80962104 -0.07404778 0.58226347
vn 0.86014295 -0.0785028 0.5039755
vn 0.86014295 -0.0785028 0.5039755
vn 0.86014295 -0.0785028 0.5039755
vn 0.86014295 -0.0785028 0.5039755
vn 0.8610144 -0.1569874 0.4837449
vn 0.8610144 -0.1569874 0.4837449
vn 0.8610144 -0.1569874 0.4837449
vn 0.8610144 -0.1569874 0.4837449
vn 0.4428987 -0.11451879 0.8892279
vn 0.4428987 -0.11451879 0.8892279
vn 0.4428987 -0.11451879 0.8892279
vn 0.4428987 -0.11451879 0.8892279
vn 0.56469196 -0.12384513 0.81595665
vn 0.56469196 -0.12384513 0.81595665
vn 0.56469196 -0.12384513 0.81595665
vn 0.56469196 -0.12384513 0.81595665
vn 0.67673516 -0.108214945 0.72823006
vn 0.67673516 -0.108214945 0.72823006
vn 0.67673516 -0.108214945 0.72823006
vn 0.67673516 -0.108214945 0.72823006
vn 0.6791158 -0.21584521 0.7015786
vn 0.6791158 -0.21584521 0.7015786
vn 0.6791158 -0.21584521 0.7015786
vn 0.6791158 -0.21584521 0.7015786
vn 0.68542606 -0.31472835 0.65661037
vn 0.68542606 -0.31472835 0.65661037
vn 0.68542606 -0.31472835 0.65661037
vn 0.68542606 -0.31472835 0.65661037
vn 0.5701063 -0.35651374 0.7401869
vn 0.5701063 -0.35651374 0.7401869
vn 0.5701063 -0.35651374 0.7401869
vn 0.5701063 -0.35651374 0.7401869
vn 0.44702715 -0.40327248 0.7984598
vn 0.44702715 -0.40327248 0.7984598
vn 0.44702715 -0.40327248 0.7984598
vn 0.44702715 -0.40327248 0.7984598
vn 0.45206252 -0.2638191 0.8520792
vn 0.45206252 -0.2638191 0.8520792
vn 0.45206252 -0.2638191 0.8520792
vn 0.45206252 -0.2638191 0.8520792
vn 0.5657685 -0.24566089 0.7871192
vn 0.5657685 -0.24566089 0.7871192
vn 0.5657685 -0.24566089 0.7871192
vn 0.5657685 -0.24566089 0.7871192
vn 0.1789496 -0.13444215 0.9746293
vn 0.1789496 -0.13444215 0.9746293
vn 0.1789496 -0.13444215 0.9746293
vn 0.1789496 -0.13444215 0.9746293
vn 0.17991598 -0.28488332 0.94152635
vn 0.17991598 -0.28488332 0.94152635
vn 0.17991598 -0.28488332 0.94152635
vn 0.17991598 -0.28488332 0.94152635
vn 0.18883283 -0.42232323 0.88655806
vn 0.18883283 -0.42232323 0.88655806
vn 0.18883283 -0.42232323 0.88655806
vn 0.18883283 -0.42232323 0.88655806
vn -4.3489526E-06 -0.41958693 0.90771514
vn -4.3489526E-06 -0.41958693 0.90771514
vn -4.3489526E-06 -0.41958693 0.90771514
vn -4.3489526E-06 -0.41958693 0.90771514
vn -0.18882675 -0.42226884 0.88658524
vn -0.18882675 -0.42226884 0.88658524
vn -0.18882675 -0.42226884 0.88658524
vn -0.18882675 -0.42226884 0.88658524
vn -0.17992157 -0.28487805 0.9415268
vn -0.17992157 -0.28487805 0.9415268
vn -0.17992157 -0.28487805 0.9415268
vn -0.17992157 -0.28487805 0.9415268
vn -0.17895105 -0.13441004 0.97463346
vn -0.17895105 -0.13441004 0.97463346
vn -0.17895105 -0.13441004 0.97463346
vn -0.17895105 -0.13441004 0.97463346
vn 2.3082298E-06 -0.15260167 0.98828787
vn 2.3082298E-06 -0.15260167 0.98828787
vn 2.3082298E-06 -0.15260167 0.98828787
vn 2.3082298E-06 -0.15260167 0.98828787
vn -0 -0.2930228 0.9561054
vn -0 -0.2930228 0.9561054
vn -0 -0.2930228 0.9561054
vn -0 -0.2930228 0.9561054
vn -0.6767434 -0.108150564 0.72823197
vn -0.6767434 -0.108150564 0.72823197
vn -0.6767434 -0.108150564 0.72823197
vn -0.6767434 -0.108150564 0.72823197
vn -0.5646882 -0.123848066 0.81595886
vn -0.5646882 -0.123848066 0.81595886
vn -0.5646882 -0.123848066 0.81595886
vn -0.5646882 -0.123848066 0.81595886
vn -0.4429029 -0.11436634 0.88924545
vn -0.4429029 -0.11436634 0.88924545
vn -0.4429029 -0.11436634 0.88924545
vn -0.4429029 -0.11436634 0.88924545
vn -0.45205012 -0.26388812 0.8520644
vn -0.45205012 -0.26388812 0.8520644
vn -0.45205012 -0.26388812 0.8520644
vn -0.45205012 -0.26388812 0.8520644
vn -0.4470392 -0.403212 0.79848355
vn -0.4470392 -0.403212 0.79848355
vn -0.4470392 -0.403212 0.79848355
vn -0.4470392 -0.403212 0.79848355
vn -0.57011163 -0.35651705 0.7401813
vn -0.57011163 -0.35651705 0.7401813
vn -0.57011163 -0.35651705 0.7401813
vn -0.57011163 -0.35651705 0.7401813
vn -0.6854377 -0.31468922 0.6566169
vn -0.6854377 -0.31468922 0.6566169
vn -0.6854377 -0.31468922 0.6566169
vn -0.6854377 -0.31468922 0.6566169
vn -0.67911994 -0.21584654 0.7015741
vn -0.67911994 -0.21584654 0.7015741
vn -0.67911994 -0.21584654 0.7015741
vn -0.67911994 -0.21584654 0.7015741
vn -0.56575894 -0.24578935 0.78708595
vn -0.56575894 -0.24578935 0.78708595
vn -0.56575894 -0.24578935 0.78708595
vn -0.56575894 -0.24578935 0.78708595
vn -0.8096285 -0.074050054 0.5822527
vn -0.8096285 -0.074050054 0.5822527
vn -0.8096285 -0.074050054 0.5822527
vn -0.8096285 -0.074050054 0.5822527
vn -0.8168423 -0.17614296 0.5493108
vn -0.8168423 -0.17614296 0.5493108
vn -0.8168423 -0.17614296 0.5493108
vn -0.8168423 -0.17614296 0.5493108
vn -0.8145149 -0.2746562 0.5110084
vn -0.8145149 -0.2746562 0.5110084
vn -0.8145149 -0.2746562 0.5110084
vn -0.8145149 -0.2746562 0.5110084
vn -0.86326915 -0.22937095 0.44961697
vn -0.86326915 -0.22937095 0.44961697
vn -0.86326915 -0.22937095 0.44961697
vn -0.86326915 -0.22937095 0.44961697
vn -0.9071886 -0.18758184 0.37659234
vn -0.9071886 -0.18758184 0.37659234
vn -0.9071886 -0.18758184 0.37659234
vn -0.9071886 -0.18758184 0.37659234
vn -0.90516853 -0.1301488 0.40463707
vn -0.90516853 -0.1301488 0.40463707
vn -0.90516853 -0.1301488 0.40463707
vn -0.90516853 -0.1301488 0.40463707
vn -0.90444547 -0.06803044 0.4211296
vn -0.90444547 -0.06803044 0.4211296
vn -0.90444547 -0.06803044 0.4211296
vn -0.90444547 -0.06803044 0.4211296
vn -0.8601383 -0.07850166 0.50398374
vn -0.8601383 -0.07850166 0.50398374
vn -0.8601383 -0.07850166 0.50398374
vn -0.8601383 -0.07850166 0.50398374
vn -0.86102265 -0.15696357 0.48373783
vn -0.86102265 -0.15696357 0.48373783
vn -0.86102265 -0.15696357 0.48373783
vn -0.86102265 -0.15696357 0.48373783
vn -0.9548242 -0.09417431 0.28185436
vn -0.9548242 -0.09417431 0.28185436
vn -0.9548242 -0.09417431 0.28185436
vn -0.9548242 -0.09417431 0.28185436
vn -0.954349 -0.14706314 0.25998193
vn -0.954349 -0.14706314 0.25998193
vn -0.954349 -0.14706314 0.25998193
vn -0.954349 -0.14706314 0.25998193
vn -0.9510432 -0.18990698 0.243828
vn -0.9510432 -0.18990698 0.243828
vn -0.9510432 -0.18990698 0.243828
vn -0.9510432 -0.18990698 0.243828
vn -0.9500826 -0.19261746 0.2454416
vn -0.9500826 -0.19261746 0.2454416
vn -0.95098203 -0.19093885 0.24326013
vn -0.95098203 -0.19093885 0.24326013
vn -0.9364222 -0.22560962 0.2687262
vn -0.9364222 -0.22560962 0.2687262
vn -0.9592238 -0.17122206 0.2248836
vn -0.9592238 -0.17122206 0.2248836
vn -0.9592238 -0.17122206 0.2248836
vn -0.9982003 0.0028917964 0.059897833
vn -0.9982003 0.0028917964 0.059897833
vn -0.9982003 0.0028917964 0.059897833
vn -0.9982003 0.0028917964 0.059897833
vn -0.9982003 -0.0028885603 0.059897255
vn -0.9982003 -0.0028885603 0.059897255
vn -0.9982003 -0.0028885603 0.059897255
vn -0.9982003 -0.0028885603 0.059897255
vn -0.9981881 0.000115950876 0.060171284
vn -0.99818903 -0.00011608332 0.060154412
vn -0.9943428 0 0.106218494
vn -0.9943428 0 0.106218494
vn -0.82257295 -0.005568883 0.5686323
vn -0.82257295 -0.005568883 0.5686323
vn -0.82257295 -0.005568883 0.5686323
vn -0.82257295 -0.005568883 0.5686323
vn -0.8198463 0 0.5725836
vn -0.8198463 0 0.5725836
vn -0.82257885 0.0055427505 0.56862414
vn -0.82257885 0.0055427505 0.56862414
vn -0.812578 0.006392104 0.5828174
vn -0.812578 0.006392104 0.5828174
vn -0.812574 -0.006392519 0.58282286
vn -0.812574 -0.006392519 0.58282286
vn -0.87282574 0.015519457 0.4877851
vn -0.87282574 0.015519457 0.4877851
vn -0.87282574 0.015519457 0.4877851
vn -0.87282574 0.015519457 0.4877851
vn -0.8728334 -0.015455725 0.48777345
vn -0.8728334 -0.015455725 0.48777345
vn -0.8728334 -0.015455725 0.48777345
vn -0.8728334 -0.015455725 0.48777345
vn -0.86291146 0.0052022096 0.5053283
vn -0.86291146 0.0052022096 0.5053283
vn -0.8629148 -0.0052022757 0.50532264
vn -0.8629148 -0.0052022757 0.50532264
vn -0.9150907 0.0052699796 0.4032137
vn -0.9150907 0.0052699796 0.4032137
vn -0.9150907 0.0052699796 0.4032137
vn -0.9150907 0.0052699796 0.4032137
vn -0.9169092 1.2977983E-05 0.3990959
vn -0.9169092 1.2977983E-05 0.3990959
vn -0.91508013 -0.0053045126 0.40323728
vn -0.91508013 -0.0053045126 0.40323728
vn -0.90574604 0.0040124385 0.42380175
vn -0.90574604 0.0040124385 0.42380175
vn -0.90574616 -0.0040125754 0.42380166
vn -0.90574616 -0.0040125754 0.42380166
vn -0.45236388 -0.009409748 0.8917838
vn -0.45236388 -0.009409748 0.8917838
vn -0.45236388 -0.009409748 0.8917838
vn -0.45236388 -0.009409748 0.8917838
vn -0.44490516 -0.00027736253 0.89557767
vn -0.44490516 -0.00027736253 0.89557767
vn -0.45229375 0.00963137 0.891817
vn -0.45229375 0.00963137 0.891817
vn -0.44435966 0.012311447 0.8957638
vn -0.44435966 0.012311447 0.8957638
vn -0.44435582 -0.012311361 0.89576584
vn -0.44435582 -0.012311361 0.89576584
vn -0.5858285 0.026040472 0.8100166
vn -0.5858285 0.026040472 0.8100166
vn -0.5858285 0.026040472 0.8100166
vn -0.5858285 0.026040472 0.8100166
vn -0.5857657 -0.025910545 0.81006616
vn -0.5857657 -0.025910545 0.81006616
vn -0.5857657 -0.025910545 0.81006616
vn -0.5857657 -0.025910545 0.81006616
vn -0.56949526 0.010958371 0.8219216
vn -0.56949526 0.010958371 0.8219216
vn -0.56949127 -0.010959031 0.8219243
vn -0.56949127 -0.010959031 0.8219243
vn -0.7043835 0.00880375 0.709765
vn -0.7043835 0.00880375 0.709765
vn -0.7043835 0.00880375 0.709765
vn -0.7043835 0.00880375 0.709765
vn -0.70986843 0 0.7043343
vn -0.70986843 0 0.7043343
vn -0.7043993 -0.00885639 0.7097486
vn -0.7043993 -0.00885639 0.7097486
vn -0.68229717 0.0093338275 0.73101526
vn -0.68229717 0.0093338275 0.73101526
vn -0.6822926 -0.009333697 0.7310197
vn -0.6822926 -0.009333697 0.7310197
vn -0.20666844 -0.011965369 0.9783378
vn -0.20666844 -0.011965369 0.9783378
vn -0.20666844 -0.011965369 0.9783378
vn -0.20666844 -0.011965369 0.9783378
vn -0.20666827 0.011897558 0.9783387
vn -0.20666827 0.011897558 0.9783387
vn -0.20666827 0.011897558 0.9783387
vn -0.20666827 0.011897558 0.9783387
vn -0.18681517 0.0139859915 0.9822955
vn -0.18681517 0.0139859915 0.9822955
vn -0.1868175 -0.013986641 0.98229516
vn -0.1868175 -0.013986641 0.98229516
vn -0 -0.0336674 0.9994331
vn -0 -0.0336674 0.9994331
vn -0 -0.0336674 0.9994331
vn -0 -0.0336674 0.9994331
vn 0.20667158 -0.011897877 0.97833806
vn 0.20667158 -0.011897877 0.97833806
vn 0.20667158 -0.011897877 0.97833806
vn 0.20667158 -0.011897877 0.97833806
vn 0.21705863 0 0.97615856
vn 0.21705863 0 0.97615856
vn 0.20667091 0.011965255 0.97833735
vn 0.20667091 0.011965255 0.97833735
vn 0.1868169 0.013986641 0.98229516
vn 0.1868169 0.013986641 0.98229516
vn 0.18681546 -0.0139859915 0.9822955
vn 0.18681546 -0.0139859915 0.9822955
vn -0 0.0336674 0.9994331
vn -0 0.0336674 0.9994331
vn -0 0.0336674 0.9994331
vn -0 0.0336674 0.9994331
vn -0 0 1
vn -0 0 1
vn -0 0.014327113 0.99989736
vn -0 0.014327113 0.99989736
vn 0.4523662 -0.009347763 0.89178324
vn 0.4523662 -0.009347763 0.89178324
vn 0.4523662 -0.009347763 0.89178324
vn 0.4523662 -0.009347763 0.89178324
vn 0.45236775 0.0094097275 0.8917819
vn 0.45236775 0.0094097275 0.8917819
vn 0.45236775 0.0094097275 0.8917819
vn 0.45236775 0.0094097275 0.8917819
vn 0.44435582 -0.012311349 0.89576584
vn 0.44435582 -0.012311349 0.89576584
vn 0.44435957 0.01231146 0.89576393
vn 0.44435957 0.01231146 0.89576393
vn 0.5857657 -0.025910545 0.81006616
vn 0.5857657 -0.025910545 0.81006616
vn 0.5857657 -0.025910545 0.81006616
vn 0.5857657 -0.025910545 0.81006616
vn 0.5857873 0.025910044 0.8100506
vn 0.5857873 0.025910044 0.8100506
vn 0.5857873 0.025910044 0.8100506
vn 0.5857873 0.025910044 0.8100506
vn 0.56949526 -0.010958371 0.8219216
vn 0.56949526 -0.010958371 0.8219216
vn 0.56949514 0.010959103 0.82192165
vn 0.56949514 0.010959103 0.82192165
vn 0.7043946 -0.008803723 0.70975405
vn 0.7043946 -0.008803723 0.70975405
vn 0.7043946 -0.008803723 0.70975405
vn 0.7043946 -0.008803723 0.70975405
vn 0.70986843 0 0.7043343
vn 0.70986843 0 0.7043343
vn 0.70438766 0.008856465 0.70976025
vn 0.70438766 0.008856465 0.70976025
vn 0.6822971 -0.009333831 0.7310155
vn 0.6822971 -0.009333831 0.7310155
vn 0.68229264 0.009333695 0.7310196
vn 0.68229264 0.009333695 0.7310196
vn 0.9150867 -0.0052830107 0.40322247
vn 0.9150867 -0.0052830107 0.40322247
vn 0.9150867 -0.0052830107 0.40322247
vn 0.9150867 -0.0052830107 0.40322247
vn 0.9169061 0 0.39910296
vn 0.9169061 0 0.39910296
vn 0.9150849 0.005304441 0.4032264
vn 0.9150849 0.005304441 0.4032264
vn 0.90574265 0.0040125614 0.42380905
vn 0.90574265 0.0040125614 0.42380905
vn 0.9057359 -0.0040123933 0.42382345
vn 0.9057359 -0.0040123933 0.42382345
vn 0.87283003 0.015455666 0.48777956
vn 0.87283003 0.015455666 0.48777956
vn 0.87283003 0.015455666 0.48777956
vn 0.87283003 0.015455666 0.48777956
vn 0.87282956 -0.0154556595 0.48778027
vn 0.87282956 -0.0154556595 0.48778027
vn 0.87282956 -0.0154556595 0.48778027
vn 0.87282956 -0.0154556595 0.48778027
vn 0.8629148 0.005202321 0.50532264
vn 0.8629148 0.005202321 0.50532264
vn 0.8629182 -0.0052022515 0.5053169
vn 0.8629182 -0.0052022515 0.5053169
vn 0.822572 0.005637917 0.56863296
vn 0.822572 0.005637917 0.56863296
vn 0.822572 0.005637917 0.56863296
vn 0.822572 0.005637917 0.56863296
vn 0.81983674 0 0.5725973
vn 0.81983674 0 0.5725973
vn 0.8225669 -0.0056120725 0.56864065
vn 0.8225669 -0.0056120725 0.56864065
vn 0.81256527 0.0063919 0.582835
vn 0.81256527 0.0063919 0.582835
vn 0.81256986 -0.0063918256 0.5828288
vn 0.81256986 -0.0063918256 0.5828288
vn 0.9982003 -0.0028917964 0.059897833
vn 0.9982003 -0.0028917964 0.059897833
vn 0.9982003 -0.0028917964 0.059897833
vn 0.9982003 -0.0028917964 0.059897833
vn 0.9982003 0.0028917901 0.059897702
vn 0.9982003 0.0028917901 0.059897702
vn 0.9982003 0.0028917901 0.059897702
vn 0.9982003 0.0028917901 0.059897702
vn 0.99434304 0 0.10621633
vn 0.99434304 0 0.10621633
vn 0.99818856 0.00011608326 0.06016285
vn 0.9981881 -0.00011595091 0.060171295
vn 0.8226603 -0.005485394 -0.56850684
vn 0.8226603 -0.005485394 -0.56850684
vn 0.8226603 -0.005485394 -0.56850684
vn 0.8226603 -0.005485394 -0.56850684
vn 0.819944 0 -0.57244366
vn 0.819944 0 -0.57244366
vn 0.8226652 0.005472312 -0.56849974
vn 0.8226652 0.005472312 -0.56849974
vn 0.8136837 0.005874671 -0.5812781
vn 0.81368387 -0.0058748615 -0.58127797
vn 0.81368387 -0.0058748615 -0.58127797
vn 0.8728085 0.015329518 -0.487822
vn 0.8728085 0.015329518 -0.487822
vn 0.8728085 0.015329518 -0.487822
vn 0.8728085 0.015329518 -0.487822
vn 0.87281233 -0.015329306 -0.48781523
vn 0.87281233 -0.015329306 -0.48781523
vn 0.87281233 -0.015329306 -0.48781523
vn 0.87281233 -0.015329306 -0.48781523
vn 0.8637 0.004804758 -0.5039835
vn 0.8637 0.004804758 -0.5039835
vn 0.8637 -0.004804367 -0.50398344
vn 0.8637 -0.004804367 -0.50398344
vn 0.9150893 0.0052055605 -0.4032178
vn 0.9150893 0.0052055605 -0.4032178
vn 0.9150893 0.0052055605 -0.4032178
vn 0.9150893 0.0052055605 -0.4032178
vn 0.91688234 0 -0.39915743
vn 0.91688234 0 -0.39915743
vn 0.9150856 -0.005235655 -0.4032257
vn 0.9150856 -0.005235655 -0.4032257
vn 0.90631735 0.0037276174 -0.42258117
vn 0.90631735 0.0037276174 -0.42258117
vn 0.906311 -0.0037273844 -0.42259488
vn 0.906311 -0.0037273844 -0.42259488
vn 0.45249322 -0.009276483 -0.89171964
vn 0.45249322 -0.009276483 -0.89171964
vn 0.45249322 -0.009276483 -0.89171964
vn 0.45249322 -0.009276483 -0.89171964
vn 0.4452678 0 -0.8953974
vn 0.4452678 0 -0.8953974
vn 0.4525081 0.009347219 -0.8917113
vn 0.4525081 0.009347219 -0.8917113
vn 0.445944 0.011113668 -0.8949918
vn 0.445944 0.011113668 -0.8949918
vn 0.44594094 -0.0111137675 -0.89499336
vn 0.44594094 -0.0111137675 -0.89499336
vn 0.5858369 0.025648452 -0.810023
vn 0.5858369 0.025648452 -0.810023
vn 0.5858369 0.025648452 -0.810023
vn 0.5858369 0.025648452 -0.810023
vn 0.58583915 -0.025517019 -0.8100256
vn 0.57117325 0.009918385 -0.82076967
vn 0.57117325 0.009918385 -0.82076967
vn 0.58583915 -0.025517019 -0.8100256
vn 0.58583915 -0.025517019 -0.8100256
vn 0.57117677 -0.009918673 -0.82076716
vn 0.57117677 -0.009918673 -0.82076716
vn 0.70434284 0.008730006 -0.70980626
vn 0.70434284 0.008730006 -0.70980626
vn 0.70434284 0.008730006 -0.70980626
vn 0.6838501 0.008475866 -0.72957325
vn 0.6838501 0.008475866 -0.72957325
vn 0.70434284 0.008730006 -0.70980626
vn 0.70434284 0.008730006 -0.70980626
vn 0.70434284 0.008730006 -0.70980626
vn 0.7097919 0 -0.7044115
vn 0.7097919 0 -0.7044115
vn 0.7043466 -0.0087169 -0.70980275
vn 0.7043466 -0.0087169 -0.70980275
vn 0.58583915 -0.025517019 -0.8100256
vn 0.58583915 -0.025517019 -0.8100256
vn 0.58583915 -0.025517019 -0.8100256
vn 0.5860087 0 -0.8103047
vn -0.20649813 0.011534447 -0.978379
vn -0.20649813 0.011534447 -0.978379
vn -0.20649813 0.011534447 -0.978379
vn -0.20650323 -0.011511763 -0.97837824
vn -0.20650323 -0.011511763 -0.97837824
vn -0.20650323 -0.011511763 -0.97837824
vn -0.20650323 -0.011511763 -0.97837824
vn -0.187708 -0.012594918 -0.9821441
vn -0.187708 -0.012594918 -0.9821441
vn -0.20649813 0.011534447 -0.978379
vn -0.20649813 0.011534447 -0.978379
vn -0.20649813 0.011534447 -0.978379
vn -0.18770723 0.012594919 -0.98214424
vn -0.18770723 0.012594919 -0.98214424
vn -0 0.033536635 -0.9994375
vn -0 0.033536635 -0.9994375
vn -0 0.033536635 -0.9994375
vn -0 0.033536635 -0.9994375
vn -0 -0.033536635 -0.9994375
vn -0 -0.033536635 -0.9994375
vn -0 -0.033536635 -0.9994375
vn -0 -0.033536635 -0.9994375
vn -0 0.01289354 -0.9999169
vn -0 0.01289354 -0.9999169
vn -0 -0.012893635 -0.9999169
vn -0 -0.012893635 -0.9999169
vn 0.20649636 0.011453215 -0.9783804
vn 0.20649636 0.011453215 -0.9783804
vn 0.20649636 0.011453215 -0.9783804
vn 0.20649636 0.011453215 -0.9783804
vn 0.21672028 0 -0.9762338
vn 0.21672028 0 -0.9762338
vn 0.20650028 -0.011389887 -0.97838026
vn 0.20650028 -0.011389887 -0.97838026
vn 0.18770568 0.012595761 -0.9821446
vn 0.18770568 0.012595761 -0.9821446
vn 0.18770494 -0.012595328 -0.9821447
vn 0.18770494 -0.012595328 -0.9821447
vn -0.70434976 -0.008589564 -0.70980114
vn -0.70434976 -0.008589564 -0.70980114
vn -0.70434976 -0.008589564 -0.70980114
vn -0.70434976 -0.008589564 -0.70980114
vn -0.70979613 0 -0.70440704
vn -0.70979613 0 -0.70440704
vn -0.7043477 0.008576318 -0.7098033
vn -0.7043477 0.008576318 -0.7098033
vn -0.6838541 0.008476437 -0.72956955
vn -0.6838541 0.008476437 -0.72956955
vn -0.6838459 -0.008475816 -0.7295773
vn -0.6838459 -0.008475816 -0.7295773
vn -0.5858316 0.025648218 -0.81002694
vn -0.5858316 0.025648218 -0.81002694
vn -0.5858316 0.025648218 -0.81002694
vn -0.5858316 0.025648218 -0.81002694
vn -0.5858333 -0.025648294 -0.8100257
vn -0.5858333 -0.025648294 -0.8100257
vn -0.5858333 -0.025648294 -0.8100257
vn -0.5858333 -0.025648294 -0.8100257
vn -0.5711699 0.009917648 -0.820772
vn -0.5711699 0.009917648 -0.820772
vn -0.5711698 -0.009917921 -0.820772
vn -0.5711698 -0.009917921 -0.820772
vn -0.45250526 0.009338372 -0.8917128
vn -0.45250526 0.009338372 -0.8917128
vn -0.45250526 0.009338372 -0.8917128
vn -0.45250526 0.009338372 -0.8917128
vn -0.44525746 0 -0.8954026
vn -0.44525746 0 -0.8954026
vn -0.45249224 -0.009347258 -0.89171934
vn -0.45249224 -0.009347258 -0.89171934
vn -0.44594714 0.011113936 -0.8949903
vn -0.44594714 0.011113936 -0.8949903
vn -0.44594425 -0.011114202 -0.89499176
vn -0.44594425 -0.011114202 -0.89499176
vn -0.9150866 -0.005190457 -0.40322384
vn -0.9150866 -0.005190457 -0.40322384
vn -0.9150866 -0.005190457 -0.40322384
vn -0.9150866 -0.005190457 -0.40322384
vn -0.9168886 0 -0.39914334
vn -0.9168886 0 -0.39914334
vn -0.9150877 0.0051667755 -0.40322176
vn -0.9150877 0.0051667755 -0.40322176
vn -0.9063143 0.003727395 -0.42258784
vn -0.9063143 0.003727395 -0.42258784
vn -0.90631425 -0.0037276058 -0.4225881
vn -0.90631425 -0.0037276058 -0.4225881
vn -0.8728085 0.015329518 -0.487822
vn -0.8728085 0.015329518 -0.487822
vn -0.8728085 0.015329518 -0.487822
vn -0.8728085 0.015329518 -0.487822
vn -0.87281233 -0.015329306 -0.48781523
vn -0.87281233 -0.015329306 -0.48781523
vn -0.87281233 -0.015329306 -0.48781523
vn -0.87281233 -0.015329306 -0.48781523
vn -0.86369675 0.004804797 -0.5039889
vn -0.86369675 0.004804797 -0.5039889
vn -0.86369675 -0.0048048524 -0.50398886
vn -0.86369675 -0.0048048524 -0.50398886
vn -0.8226652 0.005511299 -0.5684993
vn -0.8226652 0.005511299 -0.5684993
vn -0.8226652 0.005511299 -0.5684993
vn -0.8226652 0.005511299 -0.5684993
vn -0.819956 0 -0.5724266
vn -0.819956 0 -0.5724266
vn -0.8226611 -0.005541671 -0.5685049
vn -0.8226611 -0.005541671 -0.5685049
vn -0.81369144 0.0058752713 -0.58126724
vn -0.81369144 0.0058752713 -0.58126724
vn -0.81369925 -0.005875294 -0.5812563
vn -0.81369925 -0.005875294 -0.5812563
vn -0.9622858 0.25687167 -0.08957131
vn -0.9622858 0.25687167 -0.08957131
vn -0.9622858 0.25687167 -0.08957131
vn -0.9622858 0.25687167 -0.08957131
vn -0.9732808 0.22397341 -0.050601397
vn -0.9732808 0.22397341 -0.050601397
vn -0.9732808 0.22397341 -0.050601397
vn -0.9732808 0.22397341 -0.050601397
vn -0.9738313 0.2272537 -0.0029172697
vn -0.9738313 0.2272537 -0.0029172697
vn -0.9738313 0.2272537 -0.0029172697
vn -0.9738313 0.2272537 -0.0029172697
vn -0.9732746 0.22964433 -0.000115447256
vn -0.9732746 0.22964433 -0.000115447256
vn -0.93918514 0.3169632 -0.13215753
vn -0.93918514 0.3169632 -0.13215753
vn -0.93918514 0.3169632 -0.13215753
vn -0.93918514 0.3169632 -0.13215753
vn -0.954309 0.29006776 -0.07179814
vn -0.954309 0.29006776 -0.07179814
vn -0.9545768 0.29480922 -0.04325137
vn -0.9545768 0.29480922 -0.04325137
vn -0.9557954 0.29374456 -0.01301689
vn -0.9557954 0.29374456 -0.01301689
vn -0.9557954 0.29374456 -0.01301689
vn -0.9557954 0.29374456 -0.01301689
vn -0.95546126 0.2951163 -5.732843E-05
vn -0.95546126 0.2951163 -5.732843E-05
vn -0.9451747 0.2730123 -0.17918971
vn -0.9451747 0.2730123 -0.17918971
vn -0.9451747 0.2730123 -0.17918971
vn -0.9451747 0.2730123 -0.17918971
vn -0.9288052 0.3052641 -0.21008295
vn -0.9288052 0.3052641 -0.21008295
vn -0.9699211 0.20814927 -0.12620167
vn -0.9699211 0.20814927 -0.12620167
vn -0.9699211 0.20814927 -0.12620167
vn -0.9699211 0.20814927 -0.12620167
vn -0.8013674 0.41606215 -0.42977038
vn -0.8013674 0.41606215 -0.42977038
vn -0.8013674 0.41606215 -0.42977038
vn -0.8013674 0.41606215 -0.42977038
vn -0.8587858 0.35200807 -0.37225968
vn -0.8587858 0.35200807 -0.37225968
vn -0.8587858 0.35200807 -0.37225968
vn -0.8587858 0.35200807 -0.37225968
vn -0.9044473 0.30427763 -0.29898176
vn -0.9044473 0.30427763 -0.29898176
vn -0.9044473 0.30427763 -0.29898176
vn -0.9044473 0.30427763 -0.29898176
vn -0.9046566 0.34747353 -0.24669552
vn -0.9046566 0.34747353 -0.24669552
vn -0.9046566 0.34747353 -0.24669552
vn -0.9046566 0.34747353 -0.24669552
vn -0.89062744 0.40502167 -0.20673722
vn -0.89062744 0.40502167 -0.20673722
vn -0.89062744 0.40502167 -0.20673722
vn -0.89062744 0.40502167 -0.20673722
vn -0.83777875 0.4901788 -0.24052325
vn -0.83777875 0.4901788 -0.24052325
vn -0.83777875 0.4901788 -0.24052325
vn -0.83777875 0.4901788 -0.24052325
vn -0.8609637 0.48139644 -0.16431358
vn -0.8609637 0.48139644 -0.16431358
vn -0.8609637 0.48139644 -0.16431358
vn -0.8609637 0.48139644 -0.16431358
vn -0.7784515 0.55687475 -0.28966156
vn -0.7784515 0.55687475 -0.28966156
vn -0.7784515 0.55687475 -0.28966156
vn -0.7784515 0.55687475 -0.28966156
vn -0.7883076 0.49520925 -0.36515605
vn -0.7883076 0.49520925 -0.36515605
vn -0.7883076 0.49520925 -0.36515605
vn -0.7883076 0.49520925 -0.36515605
vn -0.85517925 0.4198741 -0.30393115
vn -0.85517925 0.4198741 -0.30393115
vn -0.85517925 0.4198741 -0.30393115
vn -0.85517925 0.4198741 -0.30393115
vn -0.68000257 0.5156929 -0.52120763
vn -0.68000257 0.5156929 -0.52120763
vn -0.68000257 0.5156929 -0.52120763
vn -0.68000257 0.5156929 -0.52120763
vn -0.6839539 0.582526 -0.43917036
vn -0.6839539 0.582526 -0.43917036
vn -0.6839539 0.582526 -0.43917036
vn -0.6839539 0.582526 -0.43917036
vn -0.6558621 0.65889764 -0.3683733
vn -0.6558621 0.65889764 -0.3683733
vn -0.6558621 0.65889764 -0.3683733
vn -0.6558621 0.65889764 -0.3683733
vn -0.5336589 0.74649376 -0.39743578
vn -0.5336589 0.74649376 -0.39743578
vn -0.5336589 0.74649376 -0.39743578
vn -0.5336589 0.74649376 -0.39743578
vn -0.40445217 0.79928833 -0.44447333
vn -0.40445217 0.79928833 -0.44447333
vn -0.40445217 0.79928833 -0.44447333
vn -0.40445217 0.79928833 -0.44447333
vn -0.4066516 0.7262492 -0.55425316
vn -0.4066516 0.7262492 -0.55425316
vn -0.4066516 0.7262492 -0.55425316
vn -0.4066516 0.7262492 -0.55425316
vn -0.4262348 0.62713295 -0.65194184
vn -0.4262348 0.62713295 -0.65194184
vn -0.4262348 0.62713295 -0.65194184
vn -0.4262348 0.62713295 -0.65194184
vn -0.56183994 0.5646493 -0.60457176
vn -0.56183994 0.5646493 -0.60457176
vn -0.56183994 0.5646493 -0.60457176
vn -0.56183994 0.5646493 -0.60457176
vn -0.5576783 0.6616479 -0.5012154
vn -0.5576783 0.6616479 -0.5012154
vn -0.5576783 0.6616479 -0.5012154
vn -0.5576783 0.6616479 -0.5012154
vn -0.19335364 0.6839019 -0.703486
vn -0.19335364 0.6839019 -0.703486
vn -0.19335364 0.6839019 -0.703486
vn -0.19335364 0.6839019 -0.703486
vn -0.20679073 0.7760957 -0.59574586
vn -0.20679073 0.7760957 -0.59574586
vn -0.20679073 0.7760957 -0.59574586
vn -0.20679073 0.7760957 -0.59574586
vn -0.18089041 0.8548551 -0.48631418
vn -0.18089041 0.8548551 -0.48631418
vn -0.18089041 0.8548551 -0.48631418
vn -0.18089041 0.8548551 -0.48631418
vn -0.18089041 0.8548551 -0.48631418
vn -0.18089041 0.8548551 -0.48631418
vn 1.4478784E-05 0.8788043 -0.4771823
vn 1.4478784E-05 0.8788043 -0.4771823
vn 1.4478784E-05 0.8788043 -0.4771823
vn 1.4478784E-05 0.8788043 -0.4771823
vn 0.18086943 0.85486305 -0.48630777
vn 0.18086943 0.85486305 -0.48630777
vn 0.18086943 0.85486305 -0.48630777
vn 0.18086943 0.85486305 -0.48630777
vn 0.20677213 0.7761096 -0.59573424
vn 0.20677213 0.7761096 -0.59573424
vn 0.20677213 0.7761096 -0.59573424
vn 0.20677213 0.7761096 -0.59573424
vn 0.19334537 0.6839141 -0.70347637
vn 0.19334537 0.6839141 -0.70347637
vn 0.19334537 0.6839141 -0.70347637
vn 0.19334537 0.6839141 -0.70347637
vn -0 0.68152887 -0.7317913
vn -0 0.68152887 -0.7317913
vn -0 0.68152887 -0.7317913
vn -0 0.68152887 -0.7317913
vn 2.2992186E-05 0.7938155 -0.6081586
vn 2.2992186E-05 0.7938155 -0.6081586
vn 2.2992186E-05 0.7938155 -0.6081586
vn 2.2992186E-05 0.7938155 -0.6081586
vn 0.6799895 0.5157109 -0.5212066
vn 0.6799895 0.5157109 -0.5212066
vn 0.6799895 0.5157109 -0.5212066
vn 0.6799895 0.5157109 -0.5212066
vn 0.56190616 0.56462246 -0.60453534
vn 0.56190616 0.56462246 -0.60453534
vn 0.56190616 0.56462246 -0.60453534
vn 0.56190616 0.56462246 -0.60453534
vn 0.42622653 0.6271358 -0.6519445
vn 0.42622653 0.6271358 -0.6519445
vn 0.42622653 0.6271358 -0.6519445
vn 0.42622653 0.6271358 -0.6519445
vn 0.42622653 0.6271358 -0.6519445
vn 0.42622653 0.6271358 -0.6519445
vn 0.40665463 0.7262406 -0.5542623
vn 0.40665463 0.7262406 -0.5542623
vn 0.40665463 0.7262406 -0.5542623
vn 0.40665463 0.7262406 -0.5542623
vn 0.4044717 0.79926884 -0.4444906
vn 0.4044717 0.79926884 -0.4444906
vn 0.4044717 0.79926884 -0.4444906
vn 0.4044717 0.79926884 -0.4444906
vn 0.5336994 0.7464484 -0.3974668
vn 0.5336994 0.7464484 -0.3974668
vn 0.5336994 0.7464484 -0.3974668
vn 0.5336994 0.7464484 -0.3974668
vn 0.65592915 0.65881443 -0.3684025
vn 0.65592915 0.65881443 -0.3684025
vn 0.65592915 0.65881443 -0.3684025
vn 0.65592915 0.65881443 -0.3684025
vn 0.68390965 0.58255565 -0.4391998
vn 0.68390965 0.58255565 -0.4391998
vn 0.68390965 0.58255565 -0.4391998
vn 0.68390965 0.58255565 -0.4391998
vn 0.55767775 0.66165376 -0.50120836
vn 0.55767775 0.66165376 -0.50120836
vn 0.55767775 0.66165376 -0.50120836
vn 0.55767775 0.66165376 -0.50120836
vn 0.8906292 0.40500188 -0.2067682
vn 0.8906292 0.40500188 -0.2067682
vn 0.8906292 0.40500188 -0.2067682
vn 0.8906292 0.40500188 -0.2067682
vn 0.9046509 0.34748712 -0.24669722
vn 0.9046509 0.34748712 -0.24669722
vn 0.9046509 0.34748712 -0.24669722
vn 0.9046509 0.34748712 -0.24669722
vn 0.90446013 0.30423793 -0.29898337
vn 0.90446013 0.30423793 -0.29898337
vn 0.90446013 0.30423793 -0.29898337
vn 0.90446013 0.30423793 -0.29898337
vn 0.8588302 0.35189927 -0.3722601
vn 0.8588302 0.35189927 -0.3722601
vn 0.8588302 0.35189927 -0.3722601
vn 0.8588302 0.35189927 -0.3722601
vn 0.8013798 0.41597715 -0.42982948
vn 0.8013798 0.41597715 -0.42982948
vn 0.8013798 0.41597715 -0.42982948
vn 0.8013798 0.41597715 -0.42982948
vn 0.7882487 0.49531475 -0.36514014
vn 0.7882487 0.49531475 -0.36514014
vn 0.7882487 0.49531475 -0.36514014
vn 0.7882487 0.49531475 -0.36514014
vn 0.77843297 0.5569131 -0.28963745
vn 0.77843297 0.5569131 -0.28963745
vn 0.77843297 0.5569131 -0.28963745
vn 0.77843297 0.5569131 -0.28963745
vn 0.8378034 0.49013332 -0.24053033
vn 0.8378034 0.49013332 -0.24053033
vn 0.8378034 0.49013332 -0.24053033
vn 0.8378034 0.49013332 -0.24053033
vn 0.86096764 0.48139453 -0.16429879
vn 0.86096764 0.48139453 -0.16429879
vn 0.86096764 0.48139453 -0.16429879
vn 0.86096764 0.48139453 -0.16429879
vn 0.8551665 0.4199348 -0.30388293
vn 0.8551665 0.4199348 -0.30388293
vn 0.8551665 0.4199348 -0.30388293
vn 0.8551665 0.4199348 -0.30388293
vn 0.945173 0.27301666 -0.1791926
vn 0.945173 0.27301666 -0.1791926
vn 0.945173 0.27301666 -0.1791926
vn 0.945173 0.27301666 -0.1791926
vn 0.9288061 0.30526438 -0.21007812
vn 0.9288061 0.30526438 -0.21007812
vn 0.96992064 0.20815086 -0.12620263
vn 0.96992064 0.20815086 -0.12620263
vn 0.96992064 0.20815086 -0.12620263
vn 0.96992064 0.20815086 -0.12620263
vn 0.80130714 -0.36115533 0.47694203
vn 0.80130714 -0.36115533 0.47694203
vn 0.80130714 -0.36115533 0.47694203
vn 0.80130714 -0.36115533 0.47694203
vn 0.8011231 -0.39198494 0.45227167
vn 0.8011231 -0.39198494 0.45227167
vn 0.8011231 -0.39198494 0.45227167
vn 0.8011231 -0.39198494 0.45227167
vn 0.80722576 -0.3370877 0.4845188
vn 0.80722576 -0.3370877 0.4845188
vn 0.82112163 -0.37994188 0.42591485
vn 0.82112163 -0.37994188 0.42591485
vn 0.82112163 -0.37994188 0.42591485
vn 0.8552361 -0.31677148 0.41015503
vn 0.8552361 -0.31677148 0.41015503
vn 0.8552361 -0.31677148 0.41015503
vn 0.8552361 -0.31677148 0.41015503
vn 0.8549579 -0.31940377 0.40869096
vn 0.8549579 -0.31940377 0.40869096
vn 0.8549579 -0.31940377 0.40869096
vn 0.8549579 -0.31940377 0.40869096
vn 0.8582136 -0.29803944 0.41790172
vn 0.8582136 -0.29803944 0.41790172
vn 0.90229106 -0.2554826 0.34727433
vn 0.90229106 -0.2554826 0.34727433
vn 0.90229106 -0.2554826 0.34727433
vn 0.90229106 -0.2554826 0.34727433
vn 0.90376425 -0.25147784 0.34636533
vn 0.90376425 -0.25147784 0.34636533
vn 0.90208507 -0.25231954 0.35011044
vn 0.90208507 -0.25231954 0.35011044
vn 0.90218014 -0.2540142 0.34863698
vn 0.90218014 -0.2540142 0.34863698
vn 0.42681333 -0.5235141 0.7374032
vn 0.42681333 -0.5235141 0.7374032
vn 0.42681333 -0.5235141 0.7374032
vn 0.42681333 -0.5235141 0.7374032
vn 0.42605954 -0.5479376 0.71988726
vn 0.42605954 -0.5479376 0.71988726
vn 0.42605954 -0.5479376 0.71988726
vn 0.42605954 -0.5479376 0.71988726
vn 0.43722945 -0.48387572 0.7580862
vn 0.43722945 -0.48387572 0.7580862
vn 0.55577093 -0.48993504 0.6716266
vn 0.55577093 -0.48993504 0.6716266
vn 0.55577093 -0.48993504 0.6716266
vn 0.55577093 -0.48993504 0.6716266
vn 0.55426836 -0.4814354 0.6789747
vn 0.55426836 -0.4814354 0.6789747
vn 0.55426836 -0.4814354 0.6789747
vn 0.55426836 -0.4814354 0.6789747
vn 0.56106025 -0.46930572 0.68188226
vn 0.56106025 -0.46930572 0.68188226
vn 0.6744499 -0.42381617 0.60456365
vn 0.6744499 -0.42381617 0.60456365
vn 0.6744499 -0.42381617 0.60456365
vn 0.6744499 -0.42381617 0.60456365
vn 0.67847306 -0.41943192 0.60311794
vn 0.6738718 -0.4334972 0.5983116
vn 0.6738718 -0.4334972 0.5983116
vn 0.67847306 -0.41943192 0.60311794
vn 0.67847306 -0.41943192 0.60311794
vn 0.67847306 -0.41943192 0.60311794
vn 0.67399144 -0.42059645 0.60731715
vn 0.67399144 -0.42059645 0.60731715
vn 0.18849209 -0.5360653 0.82286376
vn 0.18849209 -0.5360653 0.82286376
vn 0.18849209 -0.5360653 0.82286376
vn 0.18849209 -0.5360653 0.82286376
vn 0.18818073 -0.5491877 0.81423634
vn 0.18818073 -0.5491877 0.81423634
vn 0.18818073 -0.5491877 0.81423634
vn 0.18818073 -0.5491877 0.81423634
vn -0 -0.5328203 0.8462284
vn -0 -0.5328203 0.8462284
vn -0 -0.5328203 0.8462284
vn -0 -0.5328203 0.8462284
vn -8.306072E-06 -0.57318544 0.81942564
vn -8.306072E-06 -0.57318544 0.81942564
vn -8.306072E-06 -0.57318544 0.81942564
vn -8.306072E-06 -0.57318544 0.81942564
vn -0 -0.60094553 0.79929
vn -0 -0.60094553 0.79929
vn -0.1884895 -0.5361044 0.8228388
vn -0.1884895 -0.5361044 0.8228388
vn -0.1884895 -0.5361044 0.8228388
vn -0.1884895 -0.5361044 0.8228388
vn -0.19553825 -0.54184735 0.8174144
vn -0.19553825 -0.54184735 0.8174144
vn -0.1881516 -0.54926914 0.8141882
vn -0.1881516 -0.54926914 0.8141882
vn -0.6743718 -0.4240133 0.6045127
vn -0.6743718 -0.4240133 0.6045127
vn -0.6743718 -0.4240133 0.6045127
vn -0.6743718 -0.4240133 0.6045127
vn -0.6739329 -0.42038864 0.6075259
vn -0.6739329 -0.42038864 0.6075259
vn -0.6739329 -0.42038864 0.6075259
vn -0.6739329 -0.42038864 0.6075259
vn -0.6738473 -0.43354204 0.5983067
vn -0.6738473 -0.43354204 0.5983067
vn -0.5557588 -0.48994955 0.6716261
vn -0.5557588 -0.48994955 0.6716261
vn -0.5557588 -0.48994955 0.6716261
vn -0.5557588 -0.48994955 0.6716261
vn -0.5542212 -0.48152098 0.67895246
vn -0.5542212 -0.48152098 0.67895246
vn -0.5542212 -0.48152098 0.67895246
vn -0.5542212 -0.48152098 0.67895246
vn -0.561081 -0.4692323 0.68191576
vn -0.561081 -0.4692323 0.68191576
vn -0.42681402 -0.52350724 0.7374075
vn -0.42681402 -0.52350724 0.7374075
vn -0.42681402 -0.52350724 0.7374075
vn -0.42681402 -0.52350724 0.7374075
vn -0.42120317 -0.5377677 0.7303381
vn -0.42120317 -0.5377677 0.7303381
vn -0.4260918 -0.54781467 0.71996164
vn -0.4260918 -0.54781467 0.71996164
vn -0.4372801 -0.48370877 0.75816363
vn -0.4372801 -0.48370877 0.75816363
vn -0.9022345 -0.25586125 0.3471425
vn -0.9022345 -0.25586125 0.3471425
vn -0.9022345 -0.25586125 0.3471425
vn -0.9022345 -0.25586125 0.3471425
vn -0.90196675 -0.25223735 0.35047457
vn -0.90196675 -0.25223735 0.35047457
vn -0.90196675 -0.25223735 0.35047457
vn -0.90196675 -0.25223735 0.35047457
vn -0.9021811 -0.25401056 0.3486373
vn -0.9021811 -0.25401056 0.3486373
vn -0.8551768 -0.31694853 0.4101416
vn -0.8551768 -0.31694853 0.4101416
vn -0.8551768 -0.31694853 0.4101416
vn -0.8551768 -0.31694853 0.4101416
vn -0.85494316 -0.31927544 0.4088221
vn -0.85494316 -0.31927544 0.4088221
vn -0.85494316 -0.31927544 0.4088221
vn -0.85494316 -0.31927544 0.4088221
vn -0.85822004 -0.29801017 0.41790947
vn -0.85822004 -0.29801017 0.41790947
vn -0.8012962 -0.36115083 0.47696382
vn -0.8012962 -0.36115083 0.47696382
vn -0.8012962 -0.36115083 0.47696382
vn -0.8012962 -0.36115083 0.47696382
vn -0.7990088 -0.3790076 0.4668384
vn -0.7990088 -0.3790076 0.4668384
vn -0.80112225 -0.39197192 0.4522843
vn -0.80112225 -0.39197192 0.4522843
vn -0.8072427 -0.33706278 0.48450798
vn -0.8072427 -0.33706278 0.48450798
vn -0.8211242 -0.37994307 0.42590874
vn -0.8211242 -0.37994307 0.42590874
vn -0.8211242 -0.37994307 0.42590874
vn -0.8691697 0.49339852 -0.03319431
vn -0.8691697 0.49339852 -0.03319431
vn -0.8691697 0.49339852 -0.03319431
vn -0.8691697 0.49339852 -0.03319431
vn -0.8656448 0.5006587 -0.00016284024
vn -0.8656448 0.5006587 -0.00016284024
vn -0.81540424 0.57719404 -0.04430606
vn -0.81540424 0.57719404 -0.04430606
vn -0.81540424 0.57719404 -0.04430606
vn -0.81540424 0.57719404 -0.04430606
vn -0.8151659 0.5792277 -8.0228885E-05
vn -0.8151659 0.5792277 -8.0228885E-05
vn -0.8087158 0.5762385 -0.11801636
vn -0.8087158 0.5762385 -0.11801636
vn -0.8087158 0.5762385 -0.11801636
vn -0.8087158 0.5762385 -0.11801636
vn -0.8057466 0.5615156 -0.18834141
vn -0.8057466 0.5615156 -0.18834141
vn -0.8057466 0.5615156 -0.18834141
vn -0.8057466 0.5615156 -0.18834141
vn -0.8702906 0.48268583 -0.09802461
vn -0.8702906 0.48268583 -0.09802461
vn -0.8702906 0.48268583 -0.09802461
vn -0.8702906 0.48268583 -0.09802461
vn -0.6954912 0.7151391 -0.06977142
vn -0.6954912 0.7151391 -0.06977142
vn -0.6954912 0.7151391 -0.06977142
vn -0.6954912 0.7151391 -0.06977142
vn -0.57479835 0.8161744 -0.058874648
vn -0.57479835 0.8161744 -0.058874648
vn -0.57479835 0.8161744 -0.058874648
vn -0.57479835 0.8161744 -0.058874648
vn -0.439096 0.8954208 -0.073596396
vn -0.439096 0.8954208 -0.073596396
vn -0.439096 0.8954208 -0.073596396
vn -0.439096 0.8954208 -0.073596396
vn -0.4266617 0.8841291 -0.19046178
vn -0.4266617 0.8841291 -0.19046178
vn -0.4266617 0.8841291 -0.19046178
vn -0.4266617 0.8841291 -0.19046178
vn -0.42979845 0.85090107 -0.30206075
vn -0.42979845 0.85090107 -0.30206075
vn -0.42979845 0.85090107 -0.30206075
vn -0.42979845 0.85090107 -0.30206075
vn -0.56058335 0.77641255 -0.28797555
vn -0.56058335 0.77641255 -0.28797555
vn -0.56058335 0.77641255 -0.28797555
vn -0.56058335 0.77641255 -0.28797555
vn -0.6826498 0.69188815 -0.23511718
vn -0.6826498 0.69188815 -0.23511718
vn -0.6826498 0.69188815 -0.23511718
vn -0.6826498 0.69188815 -0.23511718
vn -0.70373744 0.69437855 -0.15030684
vn -0.70373744 0.69437855 -0.15030684
vn -0.70373744 0.69437855 -0.15030684
vn -0.70373744 0.69437855 -0.15030684
vn -0.5778792 0.797129 -0.17504622
vn -0.5778792 0.797129 -0.17504622
vn -0.5778792 0.797129 -0.17504622
vn -0.5778792 0.797129 -0.17504622
vn -0.2048205 0.9749122 -0.08714722
vn -0.2048205 0.9749122 -0.08714722
vn -0.2048205 0.9749122 -0.08714722
vn -0.2048205 0.9749122 -0.08714722
vn -7.3155957E-06 0.99749607 -0.070721895
vn -7.3155957E-06 0.99749607 -0.070721895
vn -7.3155957E-06 0.99749607 -0.070721895
vn -7.3155957E-06 0.99749607 -0.070721895
vn 0.20480514 0.97491586 -0.08714358
vn 0.20480514 0.97491586 -0.08714358
vn 0.20480514 0.97491586 -0.08714358
vn 0.20480514 0.97491586 -0.08714358
vn 0.21802156 0.95368135 -0.20726416
vn 0.21802156 0.95368135 -0.20726416
vn 0.21802156 0.95368135 -0.20726416
vn 0.21802156 0.95368135 -0.20726416
vn 0.19228868 0.925842 -0.32533306
vn 0.19228868 0.925842 -0.32533306
vn 0.19228868 0.925842 -0.32533306
vn 0.19228868 0.925842 -0.32533306
vn -2.0824971E-05 0.9364017 -0.3509299
vn -2.0824971E-05 0.9364017 -0.3509299
vn -2.0824971E-05 0.9364017 -0.3509299
vn -2.0824971E-05 0.9364017 -0.3509299
vn -0.19226843 0.9258471 -0.32533067
vn -0.19226843 0.9258471 -0.32533067
vn -0.19226843 0.9258471 -0.32533067
vn -0.19226843 0.9258471 -0.32533067
vn -0.21803153 0.9536741 -0.20728697
vn -0.21803153 0.9536741 -0.20728697
vn -0.21803153 0.9536741 -0.20728697
vn -0.21803153 0.9536741 -0.20728697
vn -2.1759706E-05 0.97645956 -0.21570072
vn -2.1759706E-05 0.97645956 -0.21570072
vn -2.1759706E-05 0.97645956 -0.21570072
vn -2.1759706E-05 0.97645956 -0.21570072
vn 0.6954709 0.71515775 -0.069782466
vn 0.6954709 0.71515775 -0.069782466
vn 0.6954709 0.71515775 -0.069782466
vn 0.6954709 0.71515775 -0.069782466
vn 0.70373887 0.6943826 -0.15028101
vn 0.70373887 0.6943826 -0.15028101
vn 0.70373887 0.6943826 -0.15028101
vn 0.70373887 0.6943826 -0.15028101
vn 0.6826962 0.6918293 -0.23515525
vn 0.6826962 0.6918293 -0.23515525
vn 0.6826962 0.6918293 -0.23515525
vn 0.6826962 0.6918293 -0.23515525
vn 0.5605833 0.776399 -0.288012
vn 0.5605833 0.776399 -0.288012
vn 0.5605833 0.776399 -0.288012
vn 0.5605833 0.776399 -0.288012
vn 0.4297313 0.8509525 -0.30201116
vn 0.4297313 0.8509525 -0.30201116
vn 0.4297313 0.8509525 -0.30201116
vn 0.4297313 0.8509525 -0.30201116
vn 0.4266945 0.88411015 -0.19047576
vn 0.4266945 0.88411015 -0.19047576
vn 0.4266945 0.88411015 -0.19047576
vn 0.4266945 0.88411015 -0.19047576
vn 0.439074 0.8954341 -0.07356607
vn 0.439074 0.8954341 -0.07356607
vn 0.439074 0.8954341 -0.07356607
vn 0.439074 0.8954341 -0.07356607
vn 0.57486385 0.81612843 -0.058872472
vn 0.57486385 0.81612843 -0.058872472
vn 0.57486385 0.81612843 -0.058872472
vn 0.57486385 0.81612843 -0.058872472
vn 0.57781017 0.7971845 -0.17502066
vn 0.57781017 0.7971845 -0.17502066
vn 0.57781017 0.7971845 -0.17502066
vn 0.57781017 0.7971845 -0.17502066
vn 0.80574834 0.5615148 -0.18833704
vn 0.80574834 0.5615148 -0.18833704
vn 0.80574834 0.5615148 -0.18833704
vn 0.80574834 0.5615148 -0.18833704
vn 0.8087263 0.57622325 -0.11801921
vn 0.8087263 0.57622325 -0.11801921
vn 0.8087263 0.57622325 -0.11801921
vn 0.8087263 0.57622325 -0.11801921
vn 0.81538856 0.5772152 -0.044319265
vn 0.81538856 0.5772152 -0.044319265
vn 0.81538856 0.5772152 -0.044319265
vn 0.81538856 0.5772152 -0.044319265
vn 0.8151682 0.57922435 -7.9956124E-05
vn 0.8151682 0.57922435 -7.9956124E-05
vn 0.8692071 0.49333298 -0.03319048
vn 0.8692071 0.49333298 -0.03319048
vn 0.8692071 0.49333298 -0.03319048
vn 0.8692071 0.49333298 -0.03319048
vn 0.86564326 0.50066125 -0.00016288862
vn 0.86564326 0.50066125 -0.00016288862
vn 0.8702947 0.48267612 -0.09803459
vn 0.8702947 0.48267612 -0.09803459
vn 0.8702947 0.48267612 -0.09803459
vn 0.8702947 0.48267612 -0.09803459
vn 0.95458513 -0.29256365 0.0563347
vn 0.95458513 -0.29256365 0.0563347
vn 0.95458513 -0.29256365 0.0563347
vn 0.95458513 -0.29256365 0.0563347
vn 0.9486965 -0.28508797 0.13674709
vn 0.9486965 -0.28508797 0.13674709
vn 0.9486965 -0.28508797 0.13674709
vn 0.9486965 -0.28508797 0.13674709
vn 0.9355722 -0.27790642 0.21788217
vn 0.9355722 -0.27790642 0.21788217
vn 0.9355722 -0.27790642 0.21788217
vn 0.9355722 -0.27790642 0.21788217
vn 0.92317927 -0.2864593 0.2562832
vn 0.92317927 -0.2864593 0.2562832
vn 0.9572982 -0.2221121 0.18505788
vn 0.9572982 -0.2221121 0.18505788
vn 0.9572982 -0.2221121 0.18505788
vn 0.9572982 -0.2221121 0.18505788
vn 0.9745457 -0.15984511 0.15719427
vn 0.9745457 -0.15984511 0.15719427
vn 0.9745457 -0.15984511 0.15719427
vn 0.9745457 -0.15984511 0.15719427
vn 0.9797528 -0.17001882 0.10572665
vn 0.9797528 -0.17001882 0.10572665
vn 0.9797528 -0.17001882 0.10572665
vn 0.9797528 -0.17001882 0.10572665
vn 0.9847378 -0.16619919 0.051665638
vn 0.9847378 -0.16619919 0.051665638
vn 0.9847378 -0.16619919 0.051665638
vn 0.9847378 -0.16619919 0.051665638
vn 0.97104746 -0.23245539 0.055057675
vn 0.97104746 -0.23245539 0.055057675
vn 0.97104746 -0.23245539 0.055057675
vn 0.97104746 -0.23245539 0.055057675
vn 0.96472675 -0.23365378 0.12127761
vn 0.96472675 -0.23365378 0.12127761
vn 0.96472675 -0.23365378 0.12127761
vn 0.96472675 -0.23365378 0.12127761
vn 0.8629705 -0.39442363 0.31577203
vn 0.8629705 -0.39442363 0.31577203
vn 0.8629705 -0.39442363 0.31577203
vn 0.8629705 -0.39442363 0.31577203
vn 0.88137203 -0.4227302 0.21090901
vn 0.88137203 -0.4227302 0.21090901
vn 0.88137203 -0.4227302 0.21090901
vn 0.88137203 -0.4227302 0.21090901
vn 0.90190434 -0.4202084 0.09996657
vn 0.90190434 -0.4202084 0.09996657
vn 0.90190434 -0.4202084 0.09996657
vn 0.90190434 -0.4202084 0.09996657
vn 0.85904807 -0.50177276 0.10129445
vn 0.85904807 -0.50177276 0.10129445
vn 0.85904807 -0.50177276 0.10129445
vn 0.85904807 -0.50177276 0.10129445
vn 0.8138347 -0.57211167 0.10179005
vn 0.8138347 -0.57211167 0.10179005
vn 0.8138347 -0.57211167 0.10179005
vn 0.8138347 -0.57211167 0.10179005
vn 0.7998454 -0.5482669 0.24423501
vn 0.7998454 -0.5482669 0.24423501
vn 0.7998454 -0.5482669 0.24423501
vn 0.7998454 -0.5482669 0.24423501
vn 0.76291704 -0.51775146 0.3871577
vn 0.76291704 -0.51775146 0.3871577
vn 0.76291704 -0.51775146 0.3871577
vn 0.76291704 -0.51775146 0.3871577
vn 0.8153487 -0.461537 0.3495571
vn 0.8153487 -0.461537 0.3495571
vn 0.8153487 -0.461537 0.3495571
vn 0.8153487 -0.461537 0.3495571
vn 0.8395163 -0.49367496 0.22693022
vn 0.8395163 -0.49367496 0.22693022
vn 0.8395163 -0.49367496 0.22693022
vn 0.8395163 -0.49367496 0.22693022
vn 0.66802 -0.7252043 0.16681719
vn 0.66802 -0.7252043 0.16681719
vn 0.66802 -0.7252043 0.16681719
vn 0.66802 -0.7252043 0.16681719
vn 0.5548431 -0.8154215 0.1650356
vn 0.5548431 -0.8154215 0.1650356
vn 0.5548431 -0.8154215 0.1650356
vn 0.5548431 -0.8154215 0.1650356
vn 0.44167864 -0.88310665 0.15824841
vn 0.44167864 -0.88310665 0.15824841
vn 0.44167864 -0.88310665 0.15824841
vn 0.44167864 -0.88310665 0.15824841
vn 0.43286756 -0.8207087 0.3729113
vn 0.43286756 -0.8207087 0.3729113
vn 0.43286756 -0.8207087 0.3729113
vn 0.43286756 -0.8207087 0.3729113
vn 0.39597458 -0.82579374 0.40158278
vn 0.39597458 -0.82579374 0.40158278
vn 0.38443866 -0.7133114 0.5859982
vn 0.38443866 -0.7133114 0.5859982
vn 0.38443866 -0.7133114 0.5859982
vn 0.38443866 -0.7133114 0.5859982
vn 0.48113737 -0.6800242 0.55323946
vn 0.48113737 -0.6800242 0.55323946
vn 0.48113737 -0.6800242 0.55323946
vn 0.48113737 -0.6800242 0.55323946
vn 0.5737942 -0.62569094 0.52846116
vn 0.5737942 -0.62569094 0.52846116
vn 0.5737942 -0.62569094 0.52846116
vn 0.5737942 -0.62569094 0.52846116
vn 0.6147618 -0.7054034 0.35280854
vn 0.6147618 -0.7054034 0.35280854
vn 0.6147618 -0.7054034 0.35280854
vn 0.6147618 -0.7054034 0.35280854
vn 0.52087164 -0.7748703 0.35814622
vn 0.52087164 -0.7748703 0.35814622
vn 0.52087164 -0.7748703 0.35814622
vn 0.52087164 -0.7748703 0.35814622
vn -0.17854674 -0.9637224 0.19839379
vn -0.17854674 -0.9637224 0.19839379
vn -0.17854674 -0.9637224 0.19839379
vn -0.17854674 -0.9637224 0.19839379
vn -0.13102989 -0.8907171 0.43526345
vn -0.13102989 -0.8907171 0.43526345
vn -0.13102989 -0.8907171 0.43526345
vn -0.13102989 -0.8907171 0.43526345
vn -0.111064576 -0.7386345 0.66489375
vn -0.111064576 -0.7386345 0.66489375
vn -0.111064576 -0.7386345 0.66489375
vn -0.111064576 -0.7386345 0.66489375
vn -0 -0.75438553 0.6564316
vn -0 -0.75438553 0.6564316
vn -0 -0.75438553 0.6564316
vn -0 -0.75438553 0.6564316
vn 0.11106348 -0.7386238 0.6649059
vn 0.11106348 -0.7386238 0.6649059
vn 0.11106348 -0.7386238 0.6649059
vn 0.11106348 -0.7386238 0.6649059
vn 0.13102385 -0.8907085 0.43528286
vn 0.13102385 -0.8907085 0.43528286
vn 0.13102385 -0.8907085 0.43528286
vn 0.13102385 -0.8907085 0.43528286
vn 0.17853004 -0.9637268 0.19838753
vn 0.17853004 -0.9637268 0.19838753
vn 0.17853004 -0.9637268 0.19838753
vn 0.17853004 -0.9637268 0.19838753
vn 1.6457829E-05 -0.97891164 0.20428406
vn 1.6457829E-05 -0.97891164 0.20428406
vn 1.6457829E-05 -0.97891164 0.20428406
vn 1.6457829E-05 -0.97891164 0.20428406
vn 9.618688E-06 -0.9057629 0.42378494
vn 9.618688E-06 -0.9057629 0.42378494
vn 9.618688E-06 -0.9057629 0.42378494
vn 9.618688E-06 -0.9057629 0.42378494
vn -0.66804063 -0.72518903 0.16680121
vn -0.66804063 -0.72518903 0.16680121
vn -0.66804063 -0.72518903 0.16680121
vn -0.66804063 -0.72518903 0.16680121
vn -0.61481017 -0.705352 0.35282737
vn -0.61481017 -0.705352 0.35282737
vn -0.61481017 -0.705352 0.35282737
vn -0.61481017 -0.705352 0.35282737
vn -0.61481017 -0.705352 0.35282737
vn -0.61481017 -0.705352 0.35282737
vn -0.57378006 -0.6257047 0.5284602
vn -0.57378006 -0.6257047 0.5284602
vn -0.57378006 -0.6257047 0.5284602
vn -0.57378006 -0.6257047 0.5284602
vn -0.48112422 -0.68001753 0.5532591
vn -0.48112422 -0.68001753 0.5532591
vn -0.48112422 -0.68001753 0.5532591
vn -0.48112422 -0.68001753 0.5532591
vn -0.38445425 -0.7132816 0.5860241
vn -0.38445425 -0.7132816 0.5860241
vn -0.38445425 -0.7132816 0.5860241
vn -0.38445425 -0.7132816 0.5860241
vn -0.43289188 -0.82067627 0.3729545
vn -0.43289188 -0.82067627 0.3729545
vn -0.43289188 -0.82067627 0.3729545
vn -0.43289188 -0.82067627 0.3729545
vn -0.39600408 -0.82579005 0.4015615
vn -0.39600408 -0.82579005 0.4015615
vn -0.44159666 -0.8831536 0.15821555
vn -0.44159666 -0.8831536 0.15821555
vn -0.44159666 -0.8831536 0.15821555
vn -0.44159666 -0.8831536 0.15821555
vn -0.554785 -0.81546307 0.16502625
vn -0.554785 -0.81546307 0.16502625
vn -0.554785 -0.81546307 0.16502625
vn -0.554785 -0.81546307 0.16502625
vn -0.5208737 -0.77487725 0.35812822
vn -0.5208737 -0.77487725 0.35812822
vn -0.5208737 -0.77487725 0.35812822
vn -0.5208737 -0.77487725 0.35812822
vn -0.762897 -0.51778865 0.38714737
vn -0.762897 -0.51778865 0.38714737
vn -0.762897 -0.51778865 0.38714737
vn -0.762897 -0.51778865 0.38714737
vn -0.79985744 -0.5482477 0.24423869
vn -0.79985744 -0.5482477 0.24423869
vn -0.79985744 -0.5482477 0.24423869
vn -0.79985744 -0.5482477 0.24423869
vn -0.8138326 -0.57211316 0.101798765
vn -0.8138326 -0.57211316 0.101798765
vn -0.8138326 -0.57211316 0.101798765
vn -0.8138326 -0.57211316 0.101798765
vn -0.85904807 -0.50177276 0.10129445
vn -0.85904807 -0.50177276 0.10129445
vn -0.85904807 -0.50177276 0.10129445
vn -0.85904807 -0.50177276 0.10129445
vn -0.90190977 -0.4201983 0.09996085
vn -0.90190977 -0.4201983 0.09996085
vn -0.90190977 -0.4201983 0.09996085
vn -0.90190977 -0.4201983 0.09996085
vn -0.88137203 -0.4227302 0.21090901
vn -0.88137203 -0.4227302 0.21090901
vn -0.88137203 -0.4227302 0.21090901
vn -0.88137203 -0.4227302 0.21090901
vn -0.8629785 -0.3944062 0.31577152
vn -0.8629785 -0.3944062 0.31577152
vn -0.8629785 -0.3944062 0.31577152
vn -0.8629785 -0.3944062 0.31577152
vn -0.8152958 -0.46162832 0.3495597
vn -0.8152958 -0.46162832 0.3495597
vn -0.8152958 -0.46162832 0.3495597
vn -0.8152958 -0.46162832 0.3495597
vn -0.8395349 -0.4936393 0.22693916
vn -0.8395349 -0.4936393 0.22693916
vn -0.8395349 -0.4936393 0.22693916
vn -0.8395349 -0.4936393 0.22693916
vn -0.95458144 -0.29257393 0.056344084
vn -0.95458144 -0.29257393 0.056344084
vn -0.95458144 -0.29257393 0.056344084
vn -0.95458144 -0.29257393 0.056344084
vn -0.9710457 -0.23246415 0.055051986
vn -0.9710457 -0.23246415 0.055051986
vn -0.9710457 -0.23246415 0.055051986
vn -0.9710457 -0.23246415 0.055051986
vn -0.9847377 -0.16619764 0.051673576
vn -0.9847377 -0.16619764 0.051673576
vn -0.9847377 -0.16619764 0.051673576
vn -0.9847377 -0.16619764 0.051673576
vn -0.97975427 -0.1700162 0.10571669
vn -0.97975427 -0.1700162 0.10571669
vn -0.97975427 -0.1700162 0.10571669
vn -0.97975427 -0.1700162 0.10571669
vn -0.97454756 -0.15984575 0.15718248
vn -0.97454756 -0.15984575 0.15718248
vn -0.97454756 -0.15984575 0.15718248
vn -0.97454756 -0.15984575 0.15718248
vn -0.9572964 -0.22211333 0.18506601
vn -0.9572964 -0.22211333 0.18506601
vn -0.9572964 -0.22211333 0.18506601
vn -0.9572964 -0.22211333 0.18506601
vn -0.9355721 -0.27792332 0.21786128
vn -0.9355721 -0.27792332 0.21786128
vn -0.9355721 -0.27792332 0.21786128
vn -0.9355721 -0.27792332 0.21786128
vn -0.9231823 -0.28646025 0.2562711
vn -0.9231823 -0.28646025 0.2562711
vn -0.9487092 -0.28504497 0.13674891
vn -0.9487092 -0.28504497 0.13674891
vn -0.9487092 -0.28504497 0.13674891
vn -0.9487092 -0.28504497 0.13674891
vn -0.964724 -0.23367047 0.12126703
vn -0.964724 -0.23367047 0.12126703
vn -0.964724 -0.23367047 0.12126703
vn -0.964724 -0.23367047 0.12126703
vn -0.9969984 0.06367701 0.04404009
vn -0.9969984 0.06367701 0.04404009
vn -0.9969984 0.06367701 0.04404009
vn -0.9969984 0.06367701 0.04404009
vn -0.9980715 0.06090051 0.012021714
vn -0.9980715 0.06090051 0.012021714
vn -0.9980715 0.06090051 0.012021714
vn -0.9980715 0.06090051 0.012021714
vn -0.9981384 0.060990125 -5.144263E-05
vn -0.9981384 0.060990125 -5.144263E-05
vn -0.99501234 0.09213077 0.03823911
vn -0.9766972 0.11474797 0.18137121
vn -0.9766972 0.11474797 0.18137121
vn -0.9766972 0.11474797 0.18137121
vn -0.78507644 -0.5722763 -0.23696989
vn -0.78507644 -0.5722763 -0.23696989
vn -0.78507644 -0.5722763 -0.23696989
vn -0.78507644 -0.5722763 -0.23696989
vn -0.88848525 -0.42967272 -0.16116855
vn -0.88848525 -0.42967272 -0.16116855
vn -0.88848525 -0.42967272 -0.16116855
vn -0.88848525 -0.42967272 -0.16116855
vn 0.9370842 -0.16236429 0.30904883
vn 0.9370842 -0.16236429 0.30904883
vn 0.9370842 -0.16236429 0.30904883
vn 0.9370842 -0.16236429 0.30904883
vn 0.9381845 -0.10475002 0.3299048
vn 0.9381845 -0.10475002 0.3299048
vn 0.9381845 -0.10475002 0.3299048
vn 0.9381845 -0.10475002 0.3299048
vn 0.93562645 -0.046599064 0.34990248
vn 0.93562645 -0.046599064 0.34990248
vn 0.93562645 -0.046599064 0.34990248
vn 0.93562645 -0.046599064 0.34990248
vn -0.7067073 0.4395928 0.5543672
vn -0.7067073 0.4395928 0.5543672
vn -0.7067073 0.4395928 0.5543672
vn -0.7067073 0.4395928 0.5543672
vn 0.7850643 0.5722881 -0.23698173
vn 0.7850643 0.5722881 -0.23698173
vn 0.7850643 0.5722881 -0.23698173
vn 0.7850643 0.5722881 -0.23698173
vn 0.8884798 0.4296826 -0.16117224
vn 0.8884798 0.4296826 -0.16117224
vn 0.8884798 0.4296826 -0.16117224
vn 0.8884798 0.4296826 -0.16117224
vn -0.18579897 0.6374822 0.7477266
vn -0.18579897 0.6374822 0.7477266
vn -0.18579897 0.6374822 0.7477266
vn -0.18579897 0.6374822 0.7477266
vn 0.0052722353 0.6279152 0.7782639
vn 0.0052722353 0.6279152 0.7782639
vn 0.0052722353 0.6279152 0.7782639
vn 0.0052722353 0.6279152 0.7782639
vn 0.0052722353 0.6279152 0.7782639
vn 0.0052722353 0.6279152 0.7782639
vn 0.18101086 0.6067883 0.77397877
vn 0.18101086 0.6067883 0.77397877
vn 0.18101086 0.6067883 0.77397877
vn 0.18101086 0.6067883 0.77397877
vn 0.18101086 0.6067883 0.77397877
vn 0.18101086 0.6067883 0.77397877
vn -0.76495475 -0.2903101 0.5749472
vn -0.76495475 -0.2903101 0.5749472
vn -0.76495475 -0.2903101 0.5749472
vn -0.76495475 -0.2903101 0.5749472
vn -0.7692411 -0.18765283 0.61078197
vn -0.7692411 -0.18765283 0.61078197
vn -0.7692411 -0.18765283 0.61078197
vn -0.7692411 -0.18765283 0.61078197
vn -0.763226 -0.08198946 0.64090866
vn -0.763226 -0.08198946 0.64090866
vn -0.763226 -0.08198946 0.64090866
vn -0.763226 -0.08198946 0.64090866
vn 0.93271255 0.31844002 0.16924267
vn 0.93271255 0.31844002 0.16924267
vn 0.93271255 0.31844002 0.16924267
vn 0.93271255 0.31844002 0.16924267
vn 0.93784416 0.33803123 0.07863344
vn 0.93784416 0.33803123 0.07863344
vn 0.93784416 0.33803123 0.07863344
vn 0.93784416 0.33803123 0.07863344
vn -0.41044283 -0.83246714 -0.372203
vn -0.41044283 -0.83246714 -0.372203
vn -0.41044283 -0.83246714 -0.372203
vn -0.41044283 -0.83246714 -0.372203
vn -0.53185725 -0.774697 -0.34201226
vn -0.53185725 -0.774697 -0.34201226
vn -0.53185725 -0.774697 -0.34201226
vn -0.53185725 -0.774697 -0.34201226
vn -0.64652973 -0.6997874 -0.30380395
vn -0.64652973 -0.6997874 -0.30380395
vn -0.64652973 -0.6997874 -0.30380395
vn -0.64652973 -0.6997874 -0.30380395
vn -0.77539426 0.46051627 0.4320747
vn -0.77539426 0.46051627 0.4320747
vn -0.77539426 0.46051627 0.4320747
vn -0.77539426 0.46051627 0.4320747
vn -0.774617 0.5626762 0.28872836
vn -0.774617 0.5626762 0.28872836
vn -0.774617 0.5626762 0.28872836
vn -0.774617 0.5626762 0.28872836
vn -0.773634 0.6195472 0.1328592
vn -0.773634 0.6195472 0.1328592
vn -0.773634 0.6195472 0.1328592
vn -0.773634 0.6195472 0.1328592
vn 0.76809275 0.3173046 -0.55619365
vn 0.76809275 0.3173046 -0.55619365
vn 0.76809275 0.3173046 -0.55619365
vn 0.76809275 0.3173046 -0.55619365
vn 0.7720653 0.21154316 -0.5993036
vn 0.7720653 0.21154316 -0.5993036
vn 0.7720653 0.21154316 -0.5993036
vn 0.7720653 0.21154316 -0.5993036
vn 0.7720653 0.21154316 -0.5993036
vn 0.7720653 0.21154316 -0.5993036
vn 0.765851 0.10120836 -0.63500327
vn 0.765851 0.10120836 -0.63500327
vn 0.765851 0.10120836 -0.63500327
vn 0.765851 0.10120836 -0.63500327
vn 0.93562543 0.046599012 0.34990516
vn 0.93562543 0.046599012 0.34990516
vn 0.93562543 0.046599012 0.34990516
vn 0.93562543 0.046599012 0.34990516
vn 0.9381842 0.10474882 0.32990628
vn 0.9381842 0.10474882 0.32990628
vn 0.9381842 0.10474882 0.32990628
vn 0.9381842 0.10474882 0.32990628
vn 0.93708384 0.16236217 0.3090507
vn 0.93708384 0.16236217 0.3090507
vn 0.93708384 0.16236217 0.3090507
vn 0.93708384 0.16236217 0.3090507
vn -0.736185 0.5914113 -0.3290353
vn -0.736185 0.5914113 -0.3290353
vn -0.736185 0.5914113 -0.3290353
vn -0.736185 0.5914113 -0.3290353
vn -0.7482849 0.5312444 -0.39730236
vn -0.7482849 0.5312444 -0.39730236
vn -0.7482849 0.5312444 -0.39730236
vn -0.7482849 0.5312444 -0.39730236
vn -0.75515354 0.46419793 -0.46288607
vn -0.75515354 0.46419793 -0.46288607
vn -0.75515354 0.46419793 -0.46288607
vn -0.75515354 0.46419793 -0.46288607
vn 0.68785113 -0.7258518 -0.00013764674
vn 0.68785113 -0.7258518 -0.00013764674
vn 0.68785113 -0.7258518 -0.00013764674
vn 0.68785113 -0.7258518 -0.00013764674
vn 0.56755227 -0.8233374 -0.000269812
vn 0.56755227 -0.8233374 -0.000269812
vn 0.56755227 -0.8233374 -0.000269812
vn 0.56755227 -0.8233374 -0.000269812
vn 0.43988046 -0.8980564 -0.00013172752
vn 0.43988046 -0.8980564 -0.00013172752
vn 0.43988046 -0.8980564 -0.00013172752
vn 0.43988046 -0.8980564 -0.00013172752
vn -0.76323503 0.08198935 0.64089775
vn -0.76323503 0.08198935 0.64089775
vn -0.76323503 0.08198935 0.64089775
vn -0.76323503 0.08198935 0.64089775
vn -0.7692243 0.18766113 0.6108005
vn -0.7692243 0.18766113 0.6108005
vn -0.7692243 0.18766113 0.6108005
vn -0.7692243 0.18766113 0.6108005
vn -0.7649389 0.29031482 0.5749659
vn -0.7649389 0.29031482 0.5749659
vn -0.7649389 0.29031482 0.5749659
vn -0.7649389 0.29031482 0.5749659
vn 0.805518 0.36468127 -0.46706337
vn 0.805518 0.36468127 -0.46706337
vn 0.805518 0.36468127 -0.46706337
vn 0.805518 0.36468127 -0.46706337
vn 0.8570813 0.3168239 -0.40624407
vn 0.8570813 0.3168239 -0.40624407
vn 0.8570813 0.3168239 -0.40624407
vn 0.8570813 0.3168239 -0.40624407
vn 0.9015369 0.26585212 -0.3413998
vn 0.9015369 0.26585212 -0.3413998
vn 0.9015369 0.26585212 -0.3413998
vn 0.9015369 0.26585212 -0.3413998
vn 0.7554293 -0.62397116 -0.1999664
vn 0.7554293 -0.62397116 -0.1999664
vn 0.7554293 -0.62397116 -0.1999664
vn 0.7554293 -0.62397116 -0.1999664
vn 0.76594853 -0.62966293 -0.12979764
vn 0.76594853 -0.62966293 -0.12979764
vn 0.76594853 -0.62966293 -0.12979764
vn 0.76594853 -0.62966293 -0.12979764
vn 0.7712663 -0.6337239 -0.059518453
vn 0.7712663 -0.6337239 -0.059518453
vn 0.7712663 -0.6337239 -0.059518453
vn 0.7712663 -0.6337239 -0.059518453
vn 0.1974926 -0.9803044 -0.00018682577
vn 0.1974926 -0.9803044 -0.00018682577
vn 0.1974926 -0.9803044 -0.00018682577
vn 0.1974926 -0.9803044 -0.00018682577
vn -0 -1 -0.00037419665
vn -0 -1 -0.00037419665
vn -0 -1 -0.00037419665
vn -0 -1 -0.00037419665
vn -0.19749331 -0.9803042 -0.00018691146
vn -0.19749331 -0.9803042 -0.00018691146
vn -0.19749331 -0.9803042 -0.00018691146
vn -0.19749331 -0.9803042 -0.00018691146
vn -0.8884837 0.42967844 -0.1611618
vn -0.8884837 0.42967844 -0.1611618
vn -0.8884837 0.42967844 -0.1611618
vn -0.8884837 0.42967844 -0.1611618
vn -0.7850652 0.5722859 -0.23698431
vn -0.7850652 0.5722859 -0.23698431
vn -0.7850652 0.5722859 -0.23698431
vn -0.7850652 0.5722859 -0.23698431
vn 0.95546085 0.29511777 -5.8343765E-05
vn 0.95546085 0.29511777 -5.8343765E-05
vn 0.95546085 0.29511777 -5.8343765E-05
vn 0.95546085 0.29511777 -5.8343765E-05
vn 0.97327447 0.2296452 -0.00011738394
vn 0.97327447 0.2296452 -0.00011738394
vn 0.97327447 0.2296452 -0.00011738394
vn 0.97327447 0.2296452 -0.00011738394
vn 0.98669666 0.16257197 -5.923482E-05
vn 0.98669666 0.16257197 -5.923482E-05
vn 0.98669666 0.16257197 -5.923482E-05
vn 0.98669666 0.16257197 -5.923482E-05
vn -0.9372789 0.17095976 -0.30377793
vn -0.9372789 0.17095976 -0.30377793
vn -0.9372789 0.17095976 -0.30377793
vn -0.9372789 0.17095976 -0.30377793
vn -0.9385821 0.11238544 -0.3262409
vn -0.9385821 0.11238544 -0.3262409
vn -0.9385821 0.11238544 -0.3262409
vn -0.9385821 0.11238544 -0.3262409
vn -0.9361763 0.05317652 -0.34748527
vn -0.9361763 0.05317652 -0.34748527
vn -0.9361763 0.05317652 -0.34748527
vn -0.9361763 0.05317652 -0.34748527
vn 0.7658695 -0.10128253 -0.63496906
vn 0.7658695 -0.10128253 -0.63496906
vn 0.7658695 -0.10128253 -0.63496906
vn 0.7658695 -0.10128253 -0.63496906
vn 0.77205265 -0.21155356 -0.59931624
vn 0.77205265 -0.21155356 -0.59931624
vn 0.77205265 -0.21155356 -0.59931624
vn 0.77205265 -0.21155356 -0.59931624
vn 0.7680922 -0.31729284 -0.556201
vn 0.7680922 -0.31729284 -0.556201
vn 0.7680922 -0.31729284 -0.556201
vn 0.7680922 -0.31729284 -0.556201
vn -0.87407565 -0.32753402 0.35876623
vn -0.87407565 -0.32753402 0.35876623
vn -0.87407565 -0.32753402 0.35876623
vn -0.87407565 -0.32753402 0.35876623
vn 0.32485518 -0.6659672 -0.67153317
vn 0.32485518 -0.6659672 -0.67153317
vn 0.32485518 -0.6659672 -0.67153317
vn 0.32485518 -0.6659672 -0.67153317
vn 0.32485518 -0.6659672 -0.67153317
vn 0.32485518 -0.6659672 -0.67153317
vn 0.3196321 -0.75161755 -0.5769804
vn 0.3196321 -0.75161755 -0.5769804
vn 0.3196321 -0.75161755 -0.5769804
vn 0.3196321 -0.75161755 -0.5769804
vn 0.3107303 -0.8219947 -0.47725403
vn 0.3107303 -0.8219947 -0.47725403
vn 0.3107303 -0.8219947 -0.47725403
vn 0.3107303 -0.8219947 -0.47725403
vn 0.3107303 -0.8219947 -0.47725403
vn 0.3107303 -0.8219947 -0.47725403
vn -0.7712618 0.63373023 -0.05950886
vn -0.7712618 0.63373023 -0.05950886
vn -0.7712618 0.63373023 -0.05950886
vn -0.7712618 0.63373023 -0.05950886
vn -0.7659591 0.6296505 -0.12979506
vn -0.7659591 0.6296505 -0.12979506
vn -0.7659591 0.6296505 -0.12979506
vn -0.7659591 0.6296505 -0.12979506
vn -0.75545055 0.62395114 -0.19994882
vn -0.75545055 0.62395114 -0.19994882
vn -0.75545055 0.62395114 -0.19994882
vn -0.75545055 0.62395114 -0.19994882
vn 0.8740699 -0.32753736 0.35877725
vn 0.8740699 -0.32753736 0.35877725
vn 0.8740699 -0.32753736 0.35877725
vn 0.8740699 -0.32753736 0.35877725
vn -0.93784386 -0.33803207 0.078633636
vn -0.93784386 -0.33803207 0.078633636
vn -0.93784386 -0.33803207 0.078633636
vn -0.93784386 -0.33803207 0.078633636
vn -0.9327152 -0.31843862 0.16923115
vn -0.9327152 -0.31843862 0.16923115
vn -0.9327152 -0.31843862 0.16923115
vn -0.9327152 -0.31843862 0.16923115
vn 0.43988904 0.89805216 -0.00013177609
vn 0.43988904 0.89805216 -0.00013177609
vn 0.43988904 0.89805216 -0.00013177609
vn 0.43988904 0.89805216 -0.00013177609
vn 0.56757176 0.82332397 -0.00027046332
vn 0.56757176 0.82332397 -0.00027046332
vn 0.56757176 0.82332397 -0.00027046332
vn 0.56757176 0.82332397 -0.00027046332
vn 0.6878401 0.72586215 -0.00013775016
vn 0.6878401 0.72586215 -0.00013775016
vn 0.6878401 0.72586215 -0.00013775016
vn 0.6878401 0.72586215 -0.00013775016
vn -0.43427584 -0.55544335 -0.70914537
vn -0.43427584 -0.55544335 -0.70914537
vn -0.43427584 -0.55544335 -0.70914537
vn -0.43427584 -0.55544335 -0.70914537
vn -0.5584113 -0.5113556 -0.6532169
vn -0.5584113 -0.5113556 -0.6532169
vn -0.5584113 -0.5113556 -0.6532169
vn -0.5584113 -0.5113556 -0.6532169
vn -0.5584113 -0.5113556 -0.6532169
vn -0.5584113 -0.5113556 -0.6532169
vn -0.6723658 -0.4560404 -0.58305365
vn -0.6723658 -0.4560404 -0.58305365
vn -0.6723658 -0.4560404 -0.58305365
vn -0.6723658 -0.4560404 -0.58305365
vn -0.27993232 0.5534198 0.7844516
vn -0.27993232 0.5534198 0.7844516
vn -0.27993232 0.5534198 0.7844516
vn -0.27993232 0.5534198 0.7844516
vn -0.19779724 0.5769587 0.79246134
vn -0.19779724 0.5769587 0.79246134
vn -0.19779724 0.5769587 0.79246134
vn 0.19951971 -0.57551956 0.7930757
vn 0.19951971 -0.57551956 0.7930757
vn 0.19951971 -0.57551956 0.7930757
vn 0.19951971 -0.57551956 0.7930757
vn 0.2818674 -0.5543563 0.78309625
vn 0.2818674 -0.5543563 0.78309625
vn 0.2818674 -0.5543563 0.78309625
vn 0.2818674 -0.5543563 0.78309625
vn -0.93617886 -0.053127654 -0.3474862
vn -0.93617886 -0.053127654 -0.3474862
vn -0.93617886 -0.053127654 -0.3474862
vn -0.93617886 -0.053127654 -0.3474862
vn -0.93858045 -0.11238526 -0.3262455
vn -0.93858045 -0.11238526 -0.3262455
vn -0.93858045 -0.11238526 -0.3262455
vn -0.93858045 -0.11238526 -0.3262455
vn -0.9372868 -0.17091894 -0.3037764
vn -0.9372868 -0.17091894 -0.3037764
vn -0.9372868 -0.17091894 -0.3037764
vn -0.9372868 -0.17091894 -0.3037764
vn 0.87405837 0.3275551 0.3587893
vn 0.87405837 0.3275551 0.3587893
vn 0.87405837 0.3275551 0.3587893
vn 0.87405837 0.3275551 0.3587893
vn -0.9015376 0.26585293 -0.3413974
vn -0.9015376 0.26585293 -0.3413974
vn -0.9015376 0.26585293 -0.3413974
vn -0.9015376 0.26585293 -0.3413974
vn -0.8570786 0.31681788 -0.40625453
vn -0.8570786 0.31681788 -0.40625453
vn -0.8570786 0.31681788 -0.40625453
vn -0.8570786 0.31681788 -0.40625453
vn -0.8055091 0.36469114 -0.4670712
vn -0.8055091 0.36469114 -0.4670712
vn -0.8055091 0.36469114 -0.4670712
vn -0.8055091 0.36469114 -0.4670712
vn 0.77366084 -0.61950725 0.1328897
vn 0.77366084 -0.61950725 0.1328897
vn 0.77366084 -0.61950725 0.1328897
vn 0.77366084 -0.61950725 0.1328897
vn 0.7746366 -0.56264246 0.28874138
vn 0.7746366 -0.56264246 0.28874138
vn 0.7746366 -0.56264246 0.28874138
vn 0.7746366 -0.56264246 0.28874138
vn 0.7754237 -0.46044585 0.43209678
vn 0.7754237 -0.46044585 0.43209678
vn 0.7754237 -0.46044585 0.43209678
vn 0.7754237 -0.46044585 0.43209678
vn 0.7754237 -0.46044585 0.43209678
vn 0.7754237 -0.46044585 0.43209678
vn -0.68786234 0.7258412 -0.00014295374
vn -0.68786234 0.7258412 -0.00014295374
vn -0.68786234 0.7258412 -0.00014295374
vn -0.68786234 0.7258412 -0.00014295374
vn -0.56757843 0.8233193 -0.00028055251
vn -0.56757843 0.8233193 -0.00028055251
vn -0.56757843 0.8233193 -0.00028055251
vn -0.56757843 0.8233193 -0.00028055251
vn -0.43988514 0.89805406 -0.00013697501
vn -0.43988514 0.89805406 -0.00013697501
vn -0.43988514 0.89805406 -0.00013697501
vn -0.43988514 0.89805406 -0.00013697501
vn -0.8740722 0.32753825 0.35877085
vn -0.8740722 0.32753825 0.35877085
vn -0.8740722 0.32753825 0.35877085
vn -0.8740722 0.32753825 0.35877085
vn 0.5611102 0.46920514 0.6819106
vn 0.5611102 0.46920514 0.6819106
vn 0.5611102 0.46920514 0.6819106
vn 0.5611102 0.46920514 0.6819106
vn 0.67387116 0.43353486 0.59828514
vn 0.67387116 0.43353486 0.59828514
vn 0.67387116 0.43353486 0.59828514
vn 0.67387116 0.43353486 0.59828514
vn 0.77542704 0.46044877 0.43208775
vn 0.77542704 0.46044877 0.43208775
vn 0.77542704 0.46044877 0.43208775
vn 0.77542704 0.46044877 0.43208775
vn 0.7746532 0.5626243 0.28873208
vn 0.7746532 0.5626243 0.28873208
vn 0.7746532 0.5626243 0.28873208
vn 0.7746532 0.5626243 0.28873208
vn 0.7736743 0.61949545 0.13286611
vn 0.7736743 0.61949545 0.13286611
vn 0.7736743 0.61949545 0.13286611
vn 0.7736743 0.61949545 0.13286611
vn -0.32486585 -0.41772276 0.8485104
vn -0.32486585 -0.41772276 0.8485104
vn -0.32486585 -0.41772276 0.8485104
vn -0.32486585 -0.41772276 0.8485104
vn -0.32486585 -0.41772276 0.8485104
vn -0.32486585 -0.41772276 0.8485104
vn -0.3336988 -0.27321252 0.90221953
vn -0.3336988 -0.27321252 0.90221953
vn -0.3336988 -0.27321252 0.90221953
vn -0.3336988 -0.27321252 0.90221953
vn -0.33124328 -0.11830081 0.93609977
vn -0.33124328 -0.11830081 0.93609977
vn -0.33124328 -0.11830081 0.93609977
vn -0.33124328 -0.11830081 0.93609977
vn 0.88848275 -0.429678 -0.16116808
vn 0.88848275 -0.429678 -0.16116808
vn 0.88848275 -0.429678 -0.16116808
vn 0.88848275 -0.429678 -0.16116808
vn 0.78509086 -0.5722582 -0.23696586
vn 0.78509086 -0.5722582 -0.23696586
vn 0.78509086 -0.5722582 -0.23696586
vn 0.78509086 -0.5722582 -0.23696586
vn -0.9327016 0.31847942 0.1692299
vn -0.9327016 0.31847942 0.1692299
vn -0.9327016 0.31847942 0.1692299
vn -0.9327016 0.31847942 0.1692299
vn -0.9378433 0.33803093 0.07864524
vn -0.9378433 0.33803093 0.07864524
vn -0.9378433 0.33803093 0.07864524
vn -0.9378433 0.33803093 0.07864524
vn -0.33126864 0.11829331 0.93609184
vn -0.33126864 0.11829331 0.93609184
vn -0.33126864 0.11829331 0.93609184
vn -0.33126864 0.11829331 0.93609184
vn -0.33369356 0.27307752 0.9022622
vn -0.33369356 0.27307752 0.9022622
vn -0.33369356 0.27307752 0.9022622
vn -0.33369356 0.27307752 0.9022622
vn -0.32489914 0.41772744 0.84849536
vn -0.32489914 0.41772744 0.84849536
vn -0.32489914 0.41772744 0.84849536
vn -0.32489914 0.41772744 0.84849536
vn 0.3358268 0.47145692 -0.81544393
vn 0.3358268 0.47145692 -0.81544393
vn 0.3358268 0.47145692 -0.81544393
vn 0.3358268 0.47145692 -0.81544393
vn 0.34012678 0.3199738 -0.88426834
vn 0.34012678 0.3199738 -0.88426834
vn 0.34012678 0.3199738 -0.88426834
vn 0.34012678 0.3199738 -0.88426834
vn 0.3348064 0.15423718 -0.9295781
vn 0.3348064 0.15423718 -0.9295781
vn 0.3348064 0.15423718 -0.9295781
vn 0.3348064 0.15423718 -0.9295781
vn 0.43425995 0.55544966 -0.70915014
vn 0.43425995 0.55544966 -0.70915014
vn 0.43425995 0.55544966 -0.70915014
vn 0.43425995 0.55544966 -0.70915014
vn 0.55841905 0.51136225 -0.65320504
vn 0.55841905 0.51136225 -0.65320504
vn 0.55841905 0.51136225 -0.65320504
vn 0.55841905 0.51136225 -0.65320504
vn 0.67237353 0.45604265 -0.5830428
vn 0.67237353 0.45604265 -0.5830428
vn 0.67237353 0.45604265 -0.5830428
vn 0.67237353 0.45604265 -0.5830428
vn -0.43987167 -0.8980606 -0.00013670363
vn -0.43987167 -0.8980606 -0.00013670363
vn -0.43987167 -0.8980606 -0.00013670363
vn -0.43987167 -0.8980606 -0.00013670363
vn -0.5675592 -0.8233325 -0.0002803962
vn -0.5675592 -0.8233325 -0.0002803962
vn -0.5675592 -0.8233325 -0.0002803962
vn -0.5675592 -0.8233325 -0.0002803962
vn -0.6878414 -0.725861 -0.00014295624
vn -0.6878414 -0.725861 -0.00014295624
vn -0.6878414 -0.725861 -0.00014295624
vn -0.6878414 -0.725861 -0.00014295624
vn 0.98669666 -0.162572 -5.834828E-05
vn 0.98669666 -0.162572 -5.834828E-05
vn 0.98669666 -0.162572 -5.834828E-05
vn 0.98669666 -0.162572 -5.834828E-05
vn 0.9732731 -0.22965068 -0.000117350704
vn 0.9732731 -0.22965068 -0.000117350704
vn 0.9732731 -0.22965068 -0.000117350704
vn 0.9732731 -0.22965068 -0.000117350704
vn 0.9554624 -0.29511318 -5.862177E-05
vn 0.9554624 -0.29511318 -5.862177E-05
vn 0.9554624 -0.29511318 -5.862177E-05
vn 0.9554624 -0.29511318 -5.862177E-05
vn -0.31070197 0.82199967 -0.47726387
vn -0.31070197 0.82199967 -0.47726387
vn -0.31070197 0.82199967 -0.47726387
vn -0.31070197 0.82199967 -0.47726387
vn -0.31961223 0.751619 -0.5769896
vn -0.31961223 0.751619 -0.5769896
vn -0.31961223 0.751619 -0.5769896
vn -0.31961223 0.751619 -0.5769896
vn -0.32483873 0.66597706 -0.67153126
vn -0.32483873 0.66597706 -0.67153126
vn -0.32483873 0.66597706 -0.67153126
vn -0.32483873 0.66597706 -0.67153126
vn -0.64651686 0.69979745 -0.30380833
vn -0.64651686 0.69979745 -0.30380833
vn -0.64651686 0.69979745 -0.30380833
vn -0.64651686 0.69979745 -0.30380833
vn -0.5318553 0.77469844 -0.34201235
vn -0.5318553 0.77469844 -0.34201235
vn -0.5318553 0.77469844 -0.34201235
vn -0.5318553 0.77469844 -0.34201235
vn -0.410453 0.8324669 -0.3721926
vn -0.410453 0.8324669 -0.3721926
vn -0.410453 0.8324669 -0.3721926
vn -0.410453 0.8324669 -0.3721926
vn -0 -0.014327113 0.99989736
vn -0 -0.014327113 0.99989736
vn -0 -0.014327113 0.99989736
vn -0 -0.014327113 0.99989736
vn -0.7554406 -0.623962 -0.19995226
vn -0.7554406 -0.623962 -0.19995226
vn -0.7554406 -0.623962 -0.19995226
vn -0.7554406 -0.623962 -0.19995226
vn -0.76596344 -0.62964183 -0.12981182
vn -0.76596344 -0.62964183 -0.12981182
vn -0.76596344 -0.62964183 -0.12981182
vn -0.76596344 -0.62964183 -0.12981182
vn -0.7712337 -0.633764 -0.05951204
vn -0.7712337 -0.633764 -0.05951204
vn -0.7712337 -0.633764 -0.05951204
vn -0.7712337 -0.633764 -0.05951204
vn 0.9094738 -0.41576117 -8.231977E-05
vn 0.9094738 -0.41576117 -8.231977E-05
vn 0.9094738 -0.41576117 -8.231977E-05
vn 0.9094738 -0.41576117 -8.231977E-05
vn 0.86565375 -0.50064325 -0.00016289687
vn 0.86565375 -0.50064325 -0.00016289687
vn 0.86565375 -0.50064325 -0.00016289687
vn 0.86565375 -0.50064325 -0.00016289687
vn 0.81516296 -0.5792317 -8.023019E-05
vn 0.81516296 -0.5792317 -8.023019E-05
vn 0.81516296 -0.5792317 -8.023019E-05
vn 0.61445355 -0.5509804 0.56468356
vn 0.61445355 -0.5509804 0.56468356
vn 0.61445355 -0.5509804 0.56468356
vn 0.61445355 -0.5509804 0.56468356
vn 0.49850297 -0.5543864 0.66644615
vn 0.49850297 -0.5543864 0.66644615
vn 0.49850297 -0.5543864 0.66644615
vn 0.49850297 -0.5543864 0.66644615
vn 0.36525655 -0.5286567 0.7662308
vn 0.36525655 -0.5286567 0.7662308
vn 0.36525655 -0.5286567 0.7662308
vn 0.36525655 -0.5286567 0.7662308
vn -0.3248689 -0.6658832 -0.67160994
vn -0.3248689 -0.6658832 -0.67160994
vn -0.3248689 -0.6658832 -0.67160994
vn -0.3248689 -0.6658832 -0.67160994
vn -0.31958726 -0.75162756 -0.57699215
vn -0.31958726 -0.75162756 -0.57699215
vn -0.31958726 -0.75162756 -0.57699215
vn -0.31958726 -0.75162756 -0.57699215
vn -0.31066388 -0.8220661 -0.4771743
vn -0.31066388 -0.8220661 -0.4771743
vn -0.31066388 -0.8220661 -0.4771743
vn -0.31066388 -0.8220661 -0.4771743
vn 0.9015395 -0.2658509 -0.34139383
vn 0.9015395 -0.2658509 -0.34139383
vn 0.9015395 -0.2658509 -0.34139383
vn 0.9015395 -0.2658509 -0.34139383
vn 0.8570775 -0.31682548 -0.40625092
vn 0.8570775 -0.31682548 -0.40625092
vn 0.8570775 -0.31682548 -0.40625092
vn 0.8570775 -0.31682548 -0.40625092
vn 0.8054992 -0.36469135 -0.46708813
vn 0.8054992 -0.36469135 -0.46708813
vn 0.8054992 -0.36469135 -0.46708813
vn 0.8054992 -0.36469135 -0.46708813
vn 0.33480787 -0.15424497 -0.9295763
vn 0.33480787 -0.15424497 -0.9295763
vn 0.33480787 -0.15424497 -0.9295763
vn 0.33480787 -0.15424497 -0.9295763
vn 0.33480787 -0.15424497 -0.9295763
vn 0.33480787 -0.15424497 -0.9295763
vn 0.34012255 -0.31984934 -0.88431495
vn 0.34012255 -0.31984934 -0.88431495
vn 0.34012255 -0.31984934 -0.88431495
vn 0.34012255 -0.31984934 -0.88431495
vn 0.3358331 -0.4714382 -0.8154521
vn 0.3358331 -0.4714382 -0.8154521
vn 0.3358331 -0.4714382 -0.8154521
vn 0.3358331 -0.4714382 -0.8154521
vn -0.6144297 0.5510144 0.5646762
vn -0.6144297 0.5510144 0.5646762
vn -0.6144297 0.5510144 0.5646762
vn -0.6144297 0.5510144 0.5646762
vn -0.4985182 0.5543589 0.6664576
vn -0.4985182 0.5543589 0.6664576
vn -0.4985182 0.5543589 0.6664576
vn -0.4985182 0.5543589 0.6664576
vn -0.36524776 0.52872914 0.7661851
vn -0.36524776 0.52872914 0.7661851
vn -0.36524776 0.52872914 0.7661851
vn -0.36524776 0.52872914 0.7661851
vn -0.36524776 0.52872914 0.7661851
vn -0.36524776 0.52872914 0.7661851
vn -0.33893022 0.93655825 -0.08935879
vn -0.33893022 0.93655825 -0.08935879
vn -0.33893022 0.93655825 -0.08935879
vn -0.33893022 0.93655825 -0.08935879
vn -0.33240145 0.92249686 -0.19623683
vn -0.33240145 0.92249686 -0.19623683
vn -0.33240145 0.92249686 -0.19623683
vn -0.33240145 0.92249686 -0.19623683
vn -0.31958562 0.89797956 -0.3024858
vn -0.31958562 0.89797956 -0.3024858
vn -0.31958562 0.89797956 -0.3024858
vn -0.31958562 0.89797956 -0.3024858
vn 0.32486552 -0.41772228 0.84851074
vn 0.32486552 -0.41772228 0.84851074
vn 0.32486552 -0.41772228 0.84851074
vn 0.32486552 -0.41772228 0.84851074
vn 0.33370936 -0.2730796 0.90225583
vn 0.33370936 -0.2730796 0.90225583
vn 0.33370936 -0.2730796 0.90225583
vn 0.33370936 -0.2730796 0.90225583
vn 0.33124217 -0.11830041 0.9361003
vn 0.33124217 -0.11830041 0.9361003
vn 0.33124217 -0.11830041 0.9361003
vn 0.33124217 -0.11830041 0.9361003
vn 0.2809279 0.5551493 0.78287214
vn 0.2809279 0.5551493 0.78287214
vn 0.2809279 0.5551493 0.78287214
vn 0.2809279 0.5551493 0.78287214
vn -0.1995151 -0.57552284 0.7930745
vn -0.1995151 -0.57552284 0.7930745
vn -0.1995151 -0.57552284 0.7930745
vn -0.1995151 -0.57552284 0.7930745
vn -0.2818658 -0.5543531 0.7830991
vn -0.2818658 -0.5543531 0.7830991
vn -0.2818658 -0.5543531 0.7830991
vn -0.2818658 -0.5543531 0.7830991
vn -0.86565554 -0.50064015 -0.00016295016
vn -0.86565554 -0.50064015 -0.00016295016
vn -0.86565554 -0.50064015 -0.00016295016
vn -0.86565554 -0.50064015 -0.00016295016
vn -0.8054907 -0.3646996 -0.46709624
vn -0.8054907 -0.3646996 -0.46709624
vn -0.8054907 -0.3646996 -0.46709624
vn -0.8054907 -0.3646996 -0.46709624
vn -0.8570808 -0.31682202 -0.40624666
vn -0.8570808 -0.31682202 -0.40624666
vn -0.8570808 -0.31682202 -0.40624666
vn -0.8570808 -0.31682202 -0.40624666
vn -0.9015356 -0.2658573 -0.3413993
vn -0.9015356 -0.2658573 -0.3413993
vn -0.9015356 -0.2658573 -0.3413993
vn -0.9015356 -0.2658573 -0.3413993
vn 0.6465308 -0.6997886 -0.30379897
vn 0.6465308 -0.6997886 -0.30379897
vn 0.6465308 -0.6997886 -0.30379897
vn 0.6465308 -0.6997886 -0.30379897
vn 0.6465308 -0.6997886 -0.30379897
vn 0.6465308 -0.6997886 -0.30379897
vn 0.53185815 -0.7746961 -0.34201282
vn 0.53185815 -0.7746961 -0.34201282
vn 0.53185815 -0.7746961 -0.34201282
vn 0.53185815 -0.7746961 -0.34201282
vn 0.41041026 -0.832482 -0.37220564
vn 0.41041026 -0.832482 -0.37220564
vn 0.41041026 -0.832482 -0.37220564
vn 0.41041026 -0.832482 -0.37220564
vn 0.35245904 -0.9190019 0.17665829
vn 0.35245904 -0.9190019 0.17665829
vn 0.35245904 -0.9190019 0.17665829
vn 0.35245904 -0.9190019 0.17665829
vn 0.4657914 -0.64651805 0.60419595
vn 0.4657914 -0.64651805 0.60419595
vn 0.4657914 -0.64651805 0.60419595
vn 0.4657914 -0.64651805 0.60419595
vn 0.8136837 0.005874671 -0.5812781
vn 0.8136837 0.005874671 -0.5812781
vn 0.8136837 0.005874671 -0.5812781
vn 0.18098831 -0.6073426 0.77354914
vn 0.18098831 -0.6073426 0.77354914
vn 0.18098831 -0.6073426 0.77354914
vn 0.18098831 -0.6073426 0.77354914
vn -0.18107392 -0.6068302 0.77393115
vn -0.18107392 -0.6068302 0.77393115
vn -0.18107392 -0.6068302 0.77393115
vn -0.18107392 -0.6068302 0.77393115
vn 0.3106664 0.8220543 -0.477193
vn 0.3106664 0.8220543 -0.477193
vn 0.3106664 0.8220543 -0.477193
vn 0.3106664 0.8220543 -0.477193
vn 0.3106664 0.8220543 -0.477193
vn 0.3106664 0.8220543 -0.477193
vn 0.31961036 0.75161445 -0.57699645
vn 0.31961036 0.75161445 -0.57699645
vn 0.31961036 0.75161445 -0.57699645
vn 0.31961036 0.75161445 -0.57699645
vn 0.32484347 0.66597706 -0.671529
vn 0.32484347 0.66597706 -0.671529
vn 0.32484347 0.66597706 -0.671529
vn 0.32484347 0.66597706 -0.671529
vn 0.32484347 0.66597706 -0.671529
vn 0.32484347 0.66597706 -0.671529
vn 0.4658285 0.64651203 0.6041738
vn 0.4658285 0.64651203 0.6041738
vn 0.4658285 0.64651203 0.6041738
vn 0.4658285 0.64651203 0.6041738
vn 0.35252598 0.9189753 0.17666292
vn 0.35252598 0.9189753 0.17666292
vn 0.35252598 0.9189753 0.17666292
vn 0.35252598 0.9189753 0.17666292
vn 0.8151715 0.5792196 -8.2891704E-05
vn 0.8151715 0.5792196 -8.2891704E-05
vn 0.8151715 0.5792196 -8.2891704E-05
vn 0.8151715 0.5792196 -8.2891704E-05
vn 0.86563987 0.50066715 -0.00016760785
vn 0.86563987 0.50066715 -0.00016760785
vn 0.86563987 0.50066715 -0.00016760785
vn 0.86563987 0.50066715 -0.00016760785
vn 0.9094805 0.41574654 -8.447326E-05
vn 0.9094805 0.41574654 -8.447326E-05
vn 0.9094805 0.41574654 -8.447326E-05
vn 0.9094805 0.41574654 -8.447326E-05
vn 0.68385 -0.008476385 -0.72957337
vn 0.68385 -0.008476385 -0.72957337
vn 0.68385 -0.008476385 -0.72957337
vn 0.68385 -0.008476385 -0.72957337
vn -0.9094807 0.41574612 -8.471919E-05
vn -0.9094807 0.41574612 -8.471919E-05
vn -0.9094807 0.41574612 -8.471919E-05
vn -0.9094807 0.41574612 -8.471919E-05
vn -0.8656404 0.5006662 -0.00016750785
vn -0.8656404 0.5006662 -0.00016750785
vn -0.8656404 0.5006662 -0.00016750785
vn -0.8656404 0.5006662 -0.00016750785
vn -0.81517196 0.579219 -8.2975064E-05
vn -0.81517196 0.579219 -8.2975064E-05
vn -0.81517196 0.579219 -8.2975064E-05
vn -0.81517196 0.579219 -8.2975064E-05
vn 0.33126864 0.11829331 0.93609184
vn 0.33126864 0.11829331 0.93609184
vn 0.33126864 0.11829331 0.93609184
vn 0.33126864 0.11829331 0.93609184
vn 0.33367714 0.27321288 0.9022274
vn 0.33367714 0.27321288 0.9022274
vn 0.33367714 0.27321288 0.9022274
vn 0.33367714 0.27321288 0.9022274
vn 0.33367714 0.27321288 0.9022274
vn 0.33367714 0.27321288 0.9022274
vn 0.32490897 0.41772738 0.8484915
vn 0.32490897 0.41772738 0.8484915
vn 0.32490897 0.41772738 0.8484915
vn 0.32490897 0.41772738 0.8484915
vn -0.33581942 0.47145343 -0.81544894
vn -0.33581942 0.47145343 -0.81544894
vn -0.33581942 0.47145343 -0.81544894
vn -0.33581942 0.47145343 -0.81544894
vn -0.33581942 0.47145343 -0.81544894
vn -0.33581942 0.47145343 -0.81544894
vn -0.3401254 0.31997257 -0.88426936
vn -0.3401254 0.31997257 -0.88426936
vn -0.3401254 0.31997257 -0.88426936
vn -0.3401254 0.31997257 -0.88426936
vn -0.33481005 0.15423885 -0.9295766
vn -0.33481005 0.15423885 -0.9295766
vn -0.33481005 0.15423885 -0.9295766
vn -0.33481005 0.15423885 -0.9295766
vn -0.33481005 0.15423885 -0.9295766
vn -0.33481005 0.15423885 -0.9295766
vn 0.3388988 0.9365704 -0.0893511
vn 0.3388988 0.9365704 -0.0893511
vn 0.3388988 0.9365704 -0.0893511
vn 0.3388988 0.9365704 -0.0893511
vn 0.3323447 0.9225155 -0.19624475
vn 0.3323447 0.9225155 -0.19624475
vn 0.3323447 0.9225155 -0.19624475
vn 0.3323447 0.9225155 -0.19624475
vn 0.31955346 0.89799404 -0.30247673
vn 0.31955346 0.89799404 -0.30247673
vn 0.31955346 0.89799404 -0.30247673
vn 0.31955346 0.89799404 -0.30247673
vn 0.14229423 -0.6686449 0.7298399
vn 0.14229423 -0.6686449 0.7298399
vn 0.14229423 -0.6686449 0.7298399
vn 0.14229423 -0.6686449 0.7298399
vn -7.270014E-06 -0.64925945 0.76056707
vn -7.270014E-06 -0.64925945 0.76056707
vn -7.270014E-06 -0.64925945 0.76056707
vn -7.270014E-06 -0.64925945 0.76056707
vn -0.14229985 -0.6685662 0.72991085
vn -0.14229985 -0.6685662 0.72991085
vn -0.14229985 -0.6685662 0.72991085
vn -0.14229985 -0.6685662 0.72991085
vn 0.93225753 -0.26065943 -0.25090373
vn 0.93225753 -0.26065943 -0.25090373
vn 0.93225753 -0.26065943 -0.25090373
vn 0.93225753 -0.26065943 -0.25090373
vn -0.99377257 0.0154217705 0.110355854
vn -0.99404645 0.03394665 0.10353393
vn -0.99404645 0.03394665 0.10353393
vn 0.67237234 -0.45603892 -0.5830471
vn 0.67237234 -0.45603892 -0.5830471
vn 0.67237234 -0.45603892 -0.5830471
vn 0.67237234 -0.45603892 -0.5830471
vn 0.55840117 -0.5113638 -0.6532191
vn 0.55840117 -0.5113638 -0.6532191
vn 0.55840117 -0.5113638 -0.6532191
vn 0.55840117 -0.5113638 -0.6532191
vn 0.43428722 -0.5554446 -0.7091375
vn 0.43428722 -0.5554446 -0.7091375
vn 0.43428722 -0.5554446 -0.7091375
vn 0.43428722 -0.5554446 -0.7091375
vn -0.17086197 0.8981152 -0.4052101
vn -0.17086197 0.8981152 -0.4052101
vn -0.17086197 0.8981152 -0.4052101
vn -0.17086197 0.8981152 -0.4052101
vn -8.920854E-06 0.9113952 -0.41153234
vn -8.920854E-06 0.9113952 -0.41153234
vn -8.920854E-06 0.9113952 -0.41153234
vn -8.920854E-06 0.9113952 -0.41153234
vn 0.17086107 0.8981118 -0.40521806
vn 0.17086107 0.8981118 -0.40521806
vn 0.17086107 0.8981118 -0.40521806
vn 0.17086107 0.8981118 -0.40521806
vn -0.31945136 -0.8980281 -0.30248353
vn -0.31945136 -0.8980281 -0.30248353
vn -0.31945136 -0.8980281 -0.30248353
vn -0.31945136 -0.8980281 -0.30248353
vn -0.3324264 -0.9224866 -0.19624254
vn -0.3324264 -0.9224866 -0.19624254
vn -0.3324264 -0.9224866 -0.19624254
vn -0.3324264 -0.9224866 -0.19624254
vn -0.33894897 -0.93655366 -0.08933624
vn -0.33894897 -0.93655366 -0.08933624
vn -0.33894897 -0.93655366 -0.08933624
vn -0.33894897 -0.93655366 -0.08933624
vn -0.43988138 -0.8980559 -0.00013190796
vn -0.43988138 -0.8980559 -0.00013190796
vn -0.43988138 -0.8980559 -0.00013190796
vn -0.43988138 -0.8980559 -0.00013190796
vn -0.5675485 -0.82333994 -0.00027001524
vn -0.5675485 -0.82333994 -0.00027001524
vn -0.5675485 -0.82333994 -0.00027001524
vn -0.5675485 -0.82333994 -0.00027001524
vn -0.6878569 -0.72584623 -0.00013749805
vn -0.6878569 -0.72584623 -0.00013749805
vn -0.6878569 -0.72584623 -0.00013749805
vn -0.6878569 -0.72584623 -0.00013749805
vn -0.14226393 0.6685642 0.72991985
vn -0.14226393 0.6685642 0.72991985
vn -0.14226393 0.6685642 0.72991985
vn -0.14226393 0.6685642 0.72991985
vn -0.0028310574 0.6469329 0.76254165
vn -0.0028310574 0.6469329 0.76254165
vn -0.0028310574 0.6469329 0.76254165
vn -0.0028310574 0.6469329 0.76254165
vn 0.14588256 0.66582084 0.73171103
vn 0.14588256 0.66582084 0.73171103
vn 0.14588256 0.66582084 0.73171103
vn 0.14588256 0.66582084 0.73171103
vn -0.81515723 -0.5792398 -8.2570514E-05
vn -0.81515723 -0.5792398 -8.2570514E-05
vn -0.81515723 -0.5792398 -8.2570514E-05
vn -0.81515723 -0.5792398 -8.2570514E-05
vn -0.81515723 -0.5792398 -8.2570514E-05
vn -0.81515723 -0.5792398 -8.2570514E-05
vn -0.8656405 -0.5006661 -0.00016776162
vn -0.8656405 -0.5006661 -0.00016776162
vn -0.8656405 -0.5006661 -0.00016776162
vn -0.8656405 -0.5006661 -0.00016776162
vn -0.90948206 -0.41574302 -8.44734E-05
vn -0.90948206 -0.41574302 -8.44734E-05
vn -0.90948206 -0.41574302 -8.44734E-05
vn -0.90948206 -0.41574302 -8.44734E-05
vn -0.7551917 -0.46412578 -0.46289617
vn -0.7551917 -0.46412578 -0.46289617
vn -0.7551917 -0.46412578 -0.46289617
vn -0.7551917 -0.46412578 -0.46289617
vn -0.7483138 -0.5312012 -0.39730576
vn -0.7483138 -0.5312012 -0.39730576
vn -0.7483138 -0.5312012 -0.39730576
vn -0.7483138 -0.5312012 -0.39730576
vn -0.7361828 -0.5914095 -0.32904348
vn -0.7361828 -0.5914095 -0.32904348
vn -0.7361828 -0.5914095 -0.32904348
vn -0.7361828 -0.5914095 -0.32904348
vn -0.33482 -0.15408593 -0.92959833
vn -0.33482 -0.15408593 -0.92959833
vn -0.33482 -0.15408593 -0.92959833
vn -0.33482 -0.15408593 -0.92959833
vn -0.3401049 -0.31997404 -0.88427675
vn -0.3401049 -0.31997404 -0.88427675
vn -0.3401049 -0.31997404 -0.88427675
vn -0.3401049 -0.31997404 -0.88427675
vn -0.33583647 -0.4714429 -0.815448
vn -0.33583647 -0.4714429 -0.815448
vn -0.33583647 -0.4714429 -0.815448
vn -0.33583647 -0.4714429 -0.815448
vn -0.68785745 0.72584575 -0.0001382396
vn -0.68785745 0.72584575 -0.0001382396
vn -0.68785745 0.72584575 -0.0001382396
vn -0.68785745 0.72584575 -0.0001382396
vn -0.5675672 0.823327 -0.00027051603
vn -0.5675672 0.823327 -0.00027051603
vn -0.5675672 0.823327 -0.00027051603
vn -0.5675672 0.823327 -0.00027051603
vn -0.43988964 0.89805186 -0.00013172797
vn -0.43988964 0.89805186 -0.00013172797
vn -0.43988964 0.89805186 -0.00013172797
vn -0.43988964 0.89805186 -0.00013172797
vn 0.9094823 -0.41574267 -8.42908E-05
vn 0.9094823 -0.41574267 -8.42908E-05
vn 0.9094823 -0.41574267 -8.42908E-05
vn 0.9094823 -0.41574267 -8.42908E-05
vn 0.8656404 -0.5006662 -0.00016743105
vn 0.8656404 -0.5006662 -0.00016743105
vn 0.8656404 -0.5006662 -0.00016743105
vn 0.8656404 -0.5006662 -0.00016743105
vn 0.8151608 -0.5792348 -8.27172E-05
vn 0.8151608 -0.5792348 -8.27172E-05
vn 0.8151608 -0.5792348 -8.27172E-05
vn 0.8151608 -0.5792348 -8.27172E-05
vn 0.43988132 0.8980559 -0.00013690433
vn 0.43988132 0.8980559 -0.00013690433
vn 0.43988132 0.8980559 -0.00013690433
vn 0.43988132 0.8980559 -0.00013690433
vn 0.5675833 0.8233159 -0.00028058604
vn 0.5675833 0.8233159 -0.00028058604
vn 0.5675833 0.8233159 -0.00028058604
vn 0.5675833 0.8233159 -0.00028058604
vn 0.687856 0.7258472 -0.00014295238
vn 0.687856 0.7258472 -0.00014295238
vn 0.687856 0.7258472 -0.00014295238
vn 0.687856 0.7258472 -0.00014295238
vn -0.706704 -0.43952748 0.5544231
vn -0.706704 -0.43952748 0.5544231
vn -0.706704 -0.43952748 0.5544231
vn -0.706704 -0.43952748 0.5544231
vn 0.9918699 -0.09833114 0.08077776
vn 0.9918699 -0.09833114 0.08077776
vn 0.98863345 -0.086793356 0.12276305
vn 0.7571726 0.38258937 0.5294479
vn 0.7571726 0.38258937 0.5294479
vn 0.7571726 0.38258937 0.5294479
vn 0.7571726 0.38258937 0.5294479
vn 0.73843366 0.4064923 0.5380332
vn 0.73843366 0.4064923 0.5380332
vn 0.70672035 0.43951017 0.55441606
vn 0.70672035 0.43951017 0.55441606
vn 0.70672035 0.43951017 0.55441606
vn 0.70672035 0.43951017 0.55441606
vn 0.70672035 0.43951017 0.55441606
vn 0.70672035 0.43951017 0.55441606
vn 0.41044274 0.8324696 -0.37219778
vn 0.41044274 0.8324696 -0.37219778
vn 0.41044274 0.8324696 -0.37219778
vn 0.41044274 0.8324696 -0.37219778
vn 0.53185815 0.7746961 -0.34201282
vn 0.53185815 0.7746961 -0.34201282
vn 0.53185815 0.7746961 -0.34201282
vn 0.53185815 0.7746961 -0.34201282
vn 0.646517 0.6997948 -0.30381393
vn 0.646517 0.6997948 -0.30381393
vn 0.646517 0.6997948 -0.30381393
vn 0.646517 0.6997948 -0.30381393
vn -0.18234079 0.60643655 -0.77394223
vn -0.18234079 0.60643655 -0.77394223
vn -0.18234079 0.60643655 -0.77394223
vn -0.18234079 0.60643655 -0.77394223
vn -0.18234079 0.60643655 -0.77394223
vn -0.18234079 0.60643655 -0.77394223
vn -0 0.61681455 -0.78710854
vn -0 0.61681455 -0.78710854
vn -0 0.61681455 -0.78710854
vn -0 0.61681455 -0.78710854
vn 0.18233724 0.6064274 -0.7739502
vn 0.18233724 0.6064274 -0.7739502
vn 0.18233724 0.6064274 -0.7739502
vn 0.18233724 0.6064274 -0.7739502
vn -0.3525216 -0.91897273 0.1766851
vn -0.3525216 -0.91897273 0.1766851
vn -0.3525216 -0.91897273 0.1766851
vn -0.3525216 -0.91897273 0.1766851
vn -0.46579602 -0.64652455 0.60418546
vn -0.46579602 -0.64652455 0.60418546
vn -0.46579602 -0.64652455 0.60418546
vn -0.46579602 -0.64652455 0.60418546
vn -0.9370842 -0.16236429 0.30904883
vn -0.9370842 -0.16236429 0.30904883
vn -0.9370842 -0.16236429 0.30904883
vn -0.9370842 -0.16236429 0.30904883
vn -0.93818533 -0.10475012 0.32990253
vn -0.93818533 -0.10475012 0.32990253
vn -0.93818533 -0.10475012 0.32990253
vn -0.93818533 -0.10475012 0.32990253
vn -0.9356235 -0.04654966 0.34991676
vn -0.9356235 -0.04654966 0.34991676
vn -0.9356235 -0.04654966 0.34991676
vn -0.9356235 -0.04654966 0.34991676
vn 0.7362169 0.59136367 -0.32904956
vn 0.7362169 0.59136367 -0.32904956
vn 0.7362169 0.59136367 -0.32904956
vn 0.7362169 0.59136367 -0.32904956
vn 0.74828017 0.531241 -0.39731577
vn 0.74828017 0.531241 -0.39731577
vn 0.74828017 0.531241 -0.39731577
vn 0.74828017 0.531241 -0.39731577
vn 0.7552025 0.46408734 -0.46291703
vn 0.7552025 0.46408734 -0.46291703
vn 0.7552025 0.46408734 -0.46291703
vn 0.7552025 0.46408734 -0.46291703
vn -0.46579325 0.6465091 0.6042042
vn -0.46579325 0.6465091 0.6042042
vn -0.46579325 0.6465091 0.6042042
vn -0.46579325 0.6465091 0.6042042
vn -0.3525254 0.9189738 0.1766717
vn -0.3525254 0.9189738 0.1766717
vn -0.3525254 0.9189738 0.1766717
vn -0.3525254 0.9189738 0.1766717
vn 0.7649509 -0.29031223 0.57495135
vn 0.7649509 -0.29031223 0.57495135
vn 0.7649509 -0.29031223 0.57495135
vn 0.7649509 -0.29031223 0.57495135
vn 0.76923466 -0.18765743 0.61078864
vn 0.76923466 -0.18765743 0.61078864
vn 0.76923466 -0.18765743 0.61078864
vn 0.76923466 -0.18765743 0.61078864
vn 0.7632306 -0.081987806 0.6409033
vn 0.7632306 -0.081987806 0.6409033
vn 0.7632306 -0.081987806 0.6409033
vn 0.7632306 -0.081987806 0.6409033
vn -0.98669666 0.162572 -5.9058926E-05
vn -0.98669666 0.162572 -5.9058926E-05
vn -0.98669666 0.162572 -5.9058926E-05
vn -0.98669666 0.162572 -5.9058926E-05
vn -0.9732731 0.22965068 -0.000117112584
vn -0.9732731 0.22965068 -0.000117112584
vn -0.9732731 0.22965068 -0.000117112584
vn -0.9732731 0.22965068 -0.000117112584
vn -0.95546085 0.29511803 -5.8622725E-05
vn -0.95546085 0.29511803 -5.8622725E-05
vn -0.95546085 0.29511803 -5.8622725E-05
vn -0.95546085 0.29511803 -5.8622725E-05
vn 0.9372896 0.17091517 -0.30376977
vn 0.9372896 0.17091517 -0.30376977
vn 0.9372896 0.17091517 -0.30376977
vn 0.9372896 0.17091517 -0.30376977
vn 0.93858045 0.11238526 -0.3262455
vn 0.93858045 0.11238526 -0.3262455
vn 0.93858045 0.11238526 -0.3262455
vn 0.93858045 0.11238526 -0.3262455
vn 0.93617934 0.05317669 -0.3474772
vn 0.93617934 0.05317669 -0.3474772
vn 0.93617934 0.05317669 -0.3474772
vn 0.93617934 0.05317669 -0.3474772
vn 0.1708994 -0.8981068 -0.40521297
vn 0.1708994 -0.8981068 -0.40521297
vn 0.1708994 -0.8981068 -0.40521297
vn 0.1708994 -0.8981068 -0.40521297
vn -0 -0.9113965 -0.41152948
vn -0 -0.9113965 -0.41152948
vn -0 -0.9113965 -0.41152948
vn -0 -0.9113965 -0.41152948
vn -0.17090075 -0.8981051 -0.40521613
vn -0.17090075 -0.8981051 -0.40521613
vn -0.17090075 -0.8981051 -0.40521613
vn -0.17090075 -0.8981051 -0.40521613
vn 0.7632434 0.08198809 0.64088804
vn 0.7632434 0.08198809 0.64088804
vn 0.7632434 0.08198809 0.64088804
vn 0.7632434 0.08198809 0.64088804
vn 0.7692312 0.18765868 0.6107926
vn 0.7692312 0.18765868 0.6107926
vn 0.7692312 0.18765868 0.6107926
vn 0.7692312 0.18765868 0.6107926
vn 0.76495975 0.2902474 0.57497215
vn 0.76495975 0.2902474 0.57497215
vn 0.76495975 0.2902474 0.57497215
vn 0.76495975 0.2902474 0.57497215
vn -0.93225765 0.26065624 -0.2509064
vn -0.93225765 0.26065624 -0.2509064
vn -0.93225765 0.26065624 -0.2509064
vn -0.93225765 0.26065624 -0.2509064
vn -0.93562645 0.04659784 0.3499025
vn -0.93562645 0.04659784 0.3499025
vn -0.93562645 0.04659784 0.3499025
vn -0.93562645 0.04659784 0.3499025
vn -0.9381915 0.10474964 0.32988545
vn -0.9381915 0.10474964 0.32988545
vn -0.9381915 0.10474964 0.32988545
vn -0.9381915 0.10474964 0.32988545
vn -0.9370787 0.16236131 0.30906653
vn -0.9370787 0.16236131 0.30906653
vn -0.9370787 0.16236131 0.30906653
vn -0.9370787 0.16236131 0.30906653
vn 0.7712191 0.6337815 -0.059516206
vn 0.7712191 0.6337815 -0.059516206
vn 0.7712191 0.6337815 -0.059516206
vn 0.7712191 0.6337815 -0.059516206
vn 0.7659463 0.6296637 -0.12980704
vn 0.7659463 0.6296637 -0.12980704
vn 0.7659463 0.6296637 -0.12980704
vn 0.7659463 0.6296637 -0.12980704
vn 0.7554482 0.6239504 -0.19995974
vn 0.7554482 0.6239504 -0.19995974
vn 0.7554482 0.6239504 -0.19995974
vn 0.7554482 0.6239504 -0.19995974
vn -0.3652452 -0.5286887 0.7662142
vn -0.3652452 -0.5286887 0.7662142
vn -0.3652452 -0.5286887 0.7662142
vn -0.3652452 -0.5286887 0.7662142
vn -0.49849805 -0.55439866 0.6664396
vn -0.49849805 -0.55439866 0.6664396
vn -0.49849805 -0.55439866 0.6664396
vn -0.49849805 -0.55439866 0.6664396
vn -0.49849805 -0.55439866 0.6664396
vn -0.49849805 -0.55439866 0.6664396
vn -0.614433 -0.5510233 0.564664
vn -0.614433 -0.5510233 0.564664
vn -0.614433 -0.5510233 0.564664
vn -0.614433 -0.5510233 0.564664
vn 0.7551822 -0.46413115 -0.4629061
vn 0.7551822 -0.46413115 -0.4629061
vn 0.7551822 -0.46413115 -0.4629061
vn 0.7551822 -0.46413115 -0.4629061
vn 0.7483079 -0.5312083 -0.39730707
vn 0.7483079 -0.5312083 -0.39730707
vn 0.7483079 -0.5312083 -0.39730707
vn 0.7483079 -0.5312083 -0.39730707
vn 0.7361806 -0.5914077 -0.32905164
vn 0.7361806 -0.5914077 -0.32905164
vn 0.7361806 -0.5914077 -0.32905164
vn 0.7361806 -0.5914077 -0.32905164
vn 0.936175 -0.053225454 -0.34748173
vn 0.936175 -0.053225454 -0.34748173
vn 0.936175 -0.053225454 -0.34748173
vn 0.936175 -0.053225454 -0.34748173
vn 0.938583 -0.112383075 -0.32623923
vn 0.938583 -0.112383075 -0.32623923
vn 0.938583 -0.112383075 -0.32623923
vn 0.938583 -0.112383075 -0.32623923
vn 0.9372786 -0.17096394 -0.30377665
vn 0.9372786 -0.17096394 -0.30377665
vn 0.9372786 -0.17096394 -0.30377665
vn 0.9372786 -0.17096394 -0.30377665
vn 0.3196133 -0.8979626 -0.30250692
vn 0.3196133 -0.8979626 -0.30250692
vn 0.3196133 -0.8979626 -0.30250692
vn 0.3196133 -0.8979626 -0.30250692
vn 0.3196133 -0.8979626 -0.30250692
vn 0.3196133 -0.8979626 -0.30250692
vn 0.33242607 -0.9224843 -0.19625393
vn 0.33242607 -0.9224843 -0.19625393
vn 0.33242607 -0.9224843 -0.19625393
vn 0.33242607 -0.9224843 -0.19625393
vn 0.33242607 -0.9224843 -0.19625393
vn 0.33242607 -0.9224843 -0.19625393
vn 0.3389492 -0.9365544 -0.089327455
vn 0.3389492 -0.9365544 -0.089327455
vn 0.3389492 -0.9365544 -0.089327455
vn 0.3389492 -0.9365544 -0.089327455
vn -0.76809275 0.3173046 -0.55619365
vn -0.76809275 0.3173046 -0.55619365
vn -0.76809275 0.3173046 -0.55619365
vn -0.76809275 0.3173046 -0.55619365
vn -0.7720638 0.21154504 -0.5993048
vn -0.7720638 0.21154504 -0.5993048
vn -0.7720638 0.21154504 -0.5993048
vn -0.7720638 0.21154504 -0.5993048
vn -0.7720638 0.21154504 -0.5993048
vn -0.7720638 0.21154504 -0.5993048
vn -0.76584977 0.10120818 -0.6350047
vn -0.76584977 0.10120818 -0.6350047
vn -0.76584977 0.10120818 -0.6350047
vn -0.76584977 0.10120818 -0.6350047
vn -0.9554624 -0.29511288 -5.864154E-05
vn -0.9554624 -0.29511288 -5.864154E-05
vn -0.9554624 -0.29511288 -5.864154E-05
vn -0.9554624 -0.29511288 -5.864154E-05
vn -0.97327447 -0.2296452 -0.00011778407
vn -0.97327447 -0.2296452 -0.00011778407
vn -0.97327447 -0.2296452 -0.00011778407
vn -0.97327447 -0.2296452 -0.00011778407
vn -0.98669666 -0.16257197 -5.8430727E-05
vn -0.98669666 -0.16257197 -5.8430727E-05
vn -0.98669666 -0.16257197 -5.8430727E-05
vn -0.98669666 -0.16257197 -5.8430727E-05
vn 0.36526084 0.5287293 0.7661788
vn 0.36526084 0.5287293 0.7661788
vn 0.36526084 0.5287293 0.7661788
vn 0.36526084 0.5287293 0.7661788
vn 0.4984922 0.55439216 0.6664495
vn 0.4984922 0.55439216 0.6664495
vn 0.4984922 0.55439216 0.6664495
vn 0.4984922 0.55439216 0.6664495
vn 0.61443466 0.5510127 0.56467247
vn 0.61443466 0.5510127 0.56467247
vn 0.61443466 0.5510127 0.56467247
vn 0.61443466 0.5510127 0.56467247
vn 0.19752419 -0.980298 -0.00017995974
vn 0.19752419 -0.980298 -0.00017995974
vn 0.19752419 -0.980298 -0.00017995974
vn 0.19752419 -0.980298 -0.00017995974
vn -0 -1 -0.00036011415
vn -0 -1 -0.00036011415
vn -0 -1 -0.00036011415
vn -0 -1 -0.00036011415
vn -0 -1 -0.00036011415
vn -0 -1 -0.00036011415
vn -0.19752519 -0.98029774 -0.00017996064
vn -0.19752519 -0.98029774 -0.00017996064
vn -0.19752519 -0.98029774 -0.00017996064
vn -0.19752519 -0.98029774 -0.00017996064
vn 0.68783873 -0.72586346 -0.00014298994
vn 0.68783873 -0.72586346 -0.00014298994
vn 0.68783873 -0.72586346 -0.00014298994
vn 0.68783873 -0.72586346 -0.00014298994
vn 0.5675615 -0.82333094 -0.00028038697
vn 0.5675615 -0.82333094 -0.00028038697
vn 0.5675615 -0.82333094 -0.00028038697
vn 0.5675615 -0.82333094 -0.00028038697
vn 0.43986928 -0.8980619 -0.00013660446
vn 0.43986928 -0.8980619 -0.00013660446
vn 0.43986928 -0.8980619 -0.00013660446
vn 0.43986928 -0.8980619 -0.00013660446
vn -0.93225753 -0.26065943 -0.25090373
vn -0.93225753 -0.26065943 -0.25090373
vn -0.93225753 -0.26065943 -0.25090373
vn -0.93225753 -0.26065943 -0.25090373
vn 0.70668167 -0.4396135 0.55438346
vn 0.70668167 -0.4396135 0.55438346
vn 0.70668167 -0.4396135 0.55438346
vn 0.70668167 -0.4396135 0.55438346
vn 0.70668167 -0.4396135 0.55438346
vn 0.70668167 -0.4396135 0.55438346
vn -0.7658802 -0.1012017 -0.63496906
vn -0.7658802 -0.1012017 -0.63496906
vn -0.7658802 -0.1012017 -0.63496906
vn -0.7658802 -0.1012017 -0.63496906
vn -0.77205646 -0.21155457 -0.59931076
vn -0.77205646 -0.21155457 -0.59931076
vn -0.77205646 -0.21155457 -0.59931076
vn -0.77205646 -0.21155457 -0.59931076
vn -0.7680902 -0.31729203 -0.5562042
vn -0.7680902 -0.31729203 -0.5562042
vn -0.7680902 -0.31729203 -0.5562042
vn -0.7680902 -0.31729203 -0.5562042
vn 0.937843 -0.33803177 0.07864544
vn 0.937843 -0.33803177 0.07864544
vn 0.937843 -0.33803177 0.07864544
vn 0.937843 -0.33803177 0.07864544
vn 0.9327152 -0.31843862 0.16923115
vn 0.9327152 -0.31843862 0.16923115
vn 0.9327152 -0.31843862 0.16923115
vn 0.9327152 -0.31843862 0.16923115
vn -0.19747813 0.9803073 -0.00018650232
vn -0.19747813 0.9803073 -0.00018650232
vn -0.19747813 0.9803073 -0.00018650232
vn -0.19747813 0.9803073 -0.00018650232
vn -0 1 -0.00037323005
vn -0 1 -0.00037323005
vn -0 1 -0.00037323005
vn -0 1 -0.00037323005
vn 0.19747855 0.98030716 -0.00018641767
vn 0.19747855 0.98030716 -0.00018641767
vn 0.19747855 0.98030716 -0.00018641767
vn 0.19747855 0.98030716 -0.00018641767
vn -0.6723805 0.4560403 -0.58303666
vn -0.6723805 0.4560403 -0.58303666
vn -0.6723805 0.4560403 -0.58303666
vn -0.6723805 0.4560403 -0.58303666
vn -0.5584082 0.51135576 -0.6532194
vn -0.5584082 0.51135576 -0.6532194
vn -0.5584082 0.51135576 -0.6532194
vn -0.5584082 0.51135576 -0.6532194
vn -0.5584082 0.51135576 -0.6532194
vn -0.5584082 0.51135576 -0.6532194
vn -0.43426713 0.55545616 -0.70914066
vn -0.43426713 0.55545616 -0.70914066
vn -0.43426713 0.55545616 -0.70914066
vn -0.43426713 0.55545616 -0.70914066
vn 0.93225765 0.26065624 -0.2509064
vn 0.93225765 0.26065624 -0.2509064
vn 0.93225765 0.26065624 -0.2509064
vn 0.93225765 0.26065624 -0.2509064
vn 0.18232402 -0.60643846 -0.77394474
vn 0.18232402 -0.60643846 -0.77394474
vn 0.18232402 -0.60643846 -0.77394474
vn 0.18232402 -0.60643846 -0.77394474
vn 0.18232402 -0.60643846 -0.77394474
vn 0.18232402 -0.60643846 -0.77394474
vn -0 -0.6168159 -0.78710747
vn -0 -0.6168159 -0.78710747
vn -0 -0.6168159 -0.78710747
vn -0 -0.6168159 -0.78710747
vn -0.18232328 -0.6064278 -0.77395314
vn -0.18232328 -0.6064278 -0.77395314
vn -0.18232328 -0.6064278 -0.77395314
vn -0.18232328 -0.6064278 -0.77395314
vn -0.773663 -0.619509 0.13286904
vn -0.773663 -0.619509 0.13286904
vn -0.773663 -0.619509 0.13286904
vn -0.773663 -0.619509 0.13286904
vn -0.7745682 -0.5627456 0.28872383
vn -0.7745682 -0.5627456 0.28872383
vn -0.7745682 -0.5627456 0.28872383
vn -0.7745682 -0.5627456 0.28872383
vn -0.7754262 -0.46043774 0.43210095
vn -0.7754262 -0.46043774 0.43210095
vn -0.7754262 -0.46043774 0.43210095
vn -0.7754262 -0.46043774 0.43210095
vn -0.19748835 0.9803052 -0.00017974246
vn -0.19748835 0.9803052 -0.00017974246
vn -0.19748835 0.9803052 -0.00017974246
vn -0.19748835 0.9803052 -0.00017974246
vn -0 1 -0.00035995952
vn -0 1 -0.00035995952
vn -0 1 -0.00035995952
vn -0 1 -0.00035995952
vn 0.19747421 0.98030806 -0.00017978433
vn 0.19747421 0.98030806 -0.00017978433
vn 0.19747421 0.98030806 -0.00017978433
vn 0.19747421 0.98030806 -0.00017978433
vn -0.9330875 -0.22065109 -0.28400865
vn -0.9330875 -0.22065109 -0.28400865
vn -0.9330875 -0.22065109 -0.28400865
vn -0.9330875 -0.22065109 -0.28400865
vn 1 0 2.0663215E-07
vn 1 0 2.0663215E-07
vn 1 0 2.0663215E-07
vn 1 0 2.0663215E-07
vn -1 0 0
vn -1 0 0
vn -1 0 0
vn -1 0 0
vn -2.3841858E-07 0 1
vn -2.3841858E-07 0 1
vn -2.3841858E-07 0 1
vn -2.3841858E-07 0 1
vn -0 -1 0
vn -0 -1 0
vn -0 -1 0
vn -0 -1 0
vn -0 1 0
vn -0 1 0
vn -0 1 0
vn -0 1 0
vn 1 0 0
vn 1 0 0
vn 1 0 0
vn 1 0 0
vn -1 0 0
vn -1 0 0
vn -1 0 0
vn -1 0 0
vn -1.490116E-07 2.6077032E-07 1
vn -1.490116E-07 2.6077032E-07 1
vn -1.490116E-07 2.6077032E-07 1
vn -1.490116E-07 2.6077032E-07 1
vn -0 -1 0
vn -0 -1 0
vn -0 -1 0
vn -0 -1 0
vn -0 1 0
vn -0 1 0
vn -0 1 0
vn -0 1 0
vn 1 0 0
vn 1 0 0
vn 1 0 0
vn 1 0 0
vn -1 0 0
vn -1 0 0
vn -1 0 0
vn -1 0 0
vn -2.0861627E-07 0 1
vn -2.0861627E-07 0 1
vn -2.0861627E-07 0 1
vn -2.0861627E-07 0 1
vn -0 -1 0
vn -0 -1 0
vn -0 -1 0
vn -0 -1 0
vn -0 1 0
vn -0 1 0
vn -0 1 0
vn -0 1 0
vn 1.7881395E-07 0 -1
vn 1.7881395E-07 0 -1
vn 1.7881395E-07 0 -1
vn 1.7881395E-07 0 -1
vn 1 0 0
vn 1 0 0
vn 1 0 0
vn 1 0 0
vn -1 0 0
vn -1 0 0
vn -1 0 0
vn -1 0 0
vn -2.3841858E-07 0 1
vn -2.3841858E-07 0 1
vn -2.3841858E-07 0 1
vn -2.3841858E-07 0 1
vn -0 -1 0
vn -0 -1 0
vn -0 -1 0
vn -0 -1 0
vn -0 1 0
vn -0 1 0
vn -0 1 0
vn -0 1 0
vn -1 0 0
vn -1 0 0
vn -1 0 0
vn -1 0 0
vn -1 0 0
vn -1 0 0
vn 1 0 2.0663296E-07
vn 1 0 2.0663296E-07
vn 1 0 2.0663296E-07
vn 1 0 2.0663296E-07
vn 1 0 2.0663296E-07
vn 1 0 2.0663296E-07
vn -0 -1 0
vn -0 -1 0
vn -0 -1 0
vn -0 -1 0
vn -0 -1 0
vn -0 -1 0
vn -0 1 0
vn -0 1 0
vn -0 1 0
vn -0 1 0
vn -0 1 0
vn -0 1 0
vn -1.1940831E-07 0 1
vn -1.1940831E-07 0 1
vn -1.1940831E-07 0 1
vn -1.1940831E-07 0 1
vn -1.1940831E-07 0 1
vn -1.1940831E-07 0 1
vn 2.3881663E-07 0 -1
vn 2.3881663E-07 0 -1
vn 2.3881663E-07 0 -1
vn 2.3881663E-07 0 -1
vn 2.3881663E-07 0 -1
vn 2.3881663E-07 0 -1
vn -2.0670322E-07 0 1
vn -2.0670322E-07 0 1
vn -2.0670322E-07 0 1
vn -2.0670322E-07 0 1
vn -1 0 0
vn -1 0 0
vn -1 0 0
vn -1 0 0
vn -0 1 0
vn -0 1 0
vn -0 1 0
vn -0 1 0
vn -0 1 0
vn -0 1 0
vn 1.1169848E-07 1 0
vn 1.1169848E-07 1 0
vn 1.1169848E-07 1 0
vn 1.1169848E-07 1 0
vn -0 1 0
vn -0 1 0
vn -0 -1 0
vn -0 -1 0
vn -0 -1 0
vn -0 -1 0
vn -0 -1 0
vn -0 -1 0
vn 1.4966E-07 -1 0
vn 1.4966E-07 -1 0
vn -0 -1 0
vn -0 -1 0
vn -0 -1 0
vn -0 -1 0
vn -0 0 -1
vn -0 0 -1
vn -0 0 -1
vn -0 0 -1
vn 3.0061046E-06 0 -1
vn 3.0061046E-06 0 -1
vn 3.0061046E-06 0 -1
vn -0 0 -1
vn -0 0 -1
vn -0 0 -1
vn -0 0 -1
vn -0 0 -1
vn -0 0 -1
vn -0 0 -1
vn -0 0 -1
vn -0 0 -1
vn -0 0 -1
vn -0 0 -1
vn -0 0 -1
vn -0 0 -1
vn -0 0 -1
vn -0 0 -1
vn -0 1 0
vn -0 1 0
vn -0 1 0
vn -0 1 0
vn -0 1 0
vn -0 1 0
vn -0 1 0
vn -0 1 0
vn 3.006101E-06 0 -1
vn 3.006101E-06 0 -1
vn 3.006101E-06 0 -1
vn 3.006101E-06 0 -1
vn -1 0 0
vn -1 0 0
vn -1 0 0
vn -1 0 0
vn 1 0 0
vn 1 0 0
vn 1 0 0
vn 1 0 0
vn 1 0 0
vn 1 0 0
vn 1 0 0
vn 1 0 0
vn -0 0 -1
vn -0 0 -1
vn -0 0 -1
vn -0 0 -1
vn -0 0 -1
vn -0 0 -1
vn -0 0 -1
vn -0 0 -1
vn -0 1 0
vn -0 1 0
vn -0 1 0
vn -0 1 0
vn -0 -1 0
vn -0 -1 0
vn -0 -1 0
vn -0 -1 0
vn -1 0 0
vn -1 0 0
vn -1 0 0
vn -1 0 0
g Countertop1.002_0
f 3/3/3 2/2/2 1/1/1
f 4/4/4 3/3/3 1/1/1
f 7/7/7 6/6/6 5/5/5
f 10/10/10 9/9/9 8/8/8
f 13/13/13 12/12/12 11/11/11
f 14/14/14 13/13/13 11/11/11
f 17/17/17 16/16/16 15/15/15
f 18/18/18 17/17/17 15/15/15
f 21/21/21 20/20/20 19/19/19
f 22/22/22 21/21/21 19/19/19
f 25/25/25 24/24/24 23/23/23
f 26/26/26 25/25/25 23/23/23
f 29/29/29 28/28/28 27/27/27
f 30/30/30 29/29/29 27/27/27
f 33/33/33 32/32/32 31/31/31
f 36/36/36 35/35/35 34/34/34
f 39/39/39 38/38/38 37/37/37
f 40/40/40 39/39/39 37/37/37
f 43/43/43 42/42/42 41/41/41
f 44/44/44 43/43/43 41/41/41
f 47/47/47 46/46/46 45/45/45
f 48/48/48 47/47/47 45/45/45
f 51/51/51 50/50/50 49/49/49
f 52/52/52 51/51/51 49/49/49
f 55/55/55 54/54/54 53/53/53
f 58/58/58 57/57/57 56/56/56
f 61/61/61 60/60/60 59/59/59
f 62/62/62 61/61/61 59/59/59
f 65/65/65 64/64/64 63/63/63
f 66/66/66 65/65/65 63/63/63
f 69/69/69 68/68/68 67/67/67
f 70/70/70 69/69/69 67/67/67
f 73/73/73 72/72/72 71/71/71
f 74/74/74 73/73/73 71/71/71
f 77/77/77 76/76/76 75/75/75
f 78/78/78 77/77/77 75/75/75
f 81/81/81 80/80/80 79/79/79
f 84/84/84 83/83/83 82/82/82
f 87/87/87 86/86/86 85/85/85
f 90/90/90 89/89/89 88/88/88
f 93/93/93 92/92/92 91/91/91
f 94/94/94 93/93/93 91/91/91
f 97/97/97 96/96/96 95/95/95
f 98/98/98 97/97/97 95/95/95
f 101/101/101 100/100/100 99/99/99
f 102/102/102 101/101/101 99/99/99
f 105/105/105 104/104/104 103/103/103
f 106/106/106 105/105/105 103/103/103
f 109/109/109 108/108/108 107/107/107
f 110/110/110 109/109/109 107/107/107
f 109/109/109 111/111/111 108/108/108
f 111/111/111 112/112/112 108/108/108
f 115/115/115 114/114/114 113/113/113
f 116/116/116 115/115/115 113/113/113
f 119/119/119 118/118/118 117/117/117
f 120/120/120 119/119/119 117/117/117
f 123/123/123 122/122/122 121/121/121
f 124/124/124 123/123/123 121/121/121
f 127/127/127 126/126/126 125/125/125
f 130/130/130 129/129/129 128/128/128
f 133/133/133 132/132/132 131/131/131
f 136/136/136 135/135/135 134/134/134
f 139/139/139 138/138/138 137/137/137
f 140/140/140 139/139/139 137/137/137
f 143/143/143 142/142/142 141/141/141
f 144/144/144 143/143/143 141/141/141
f 147/147/147 146/146/146 145/145/145
f 148/148/148 147/147/147 145/145/145
f 151/151/151 150/150/150 149/149/149
f 152/152/152 151/151/151 149/149/149
f 155/155/155 154/154/154 153/153/153
f 156/156/156 155/155/155 153/153/153
f 159/159/159 158/158/158 157/157/157
f 160/160/160 159/159/159 157/157/157
f 163/163/163 162/162/162 161/161/161
f 164/164/164 163/163/163 161/161/161
f 167/167/167 166/166/166 165/165/165
f 168/168/168 167/167/167 165/165/165
f 171/171/171 170/170/170 169/169/169
f 174/174/174 173/173/173 172/172/172
f 177/177/177 176/176/176 175/175/175
f 178/178/178 177/177/177 175/175/175
f 181/181/181 180/180/180 179/179/179
f 182/182/182 181/181/181 179/179/179
f 185/185/185 184/184/184 183/183/183
f 186/186/186 185/185/185 183/183/183
f 189/189/189 188/188/188 187/187/187
f 190/190/190 189/189/189 187/187/187
f 193/193/193 192/192/192 191/191/191
f 194/194/194 193/193/193 191/191/191
f 197/197/197 196/196/196 195/195/195
f 200/200/200 199/199/199 198/198/198
f 203/203/203 202/202/202 201/201/201
f 206/206/206 205/205/205 204/204/204
f 209/209/209 208/208/208 207/207/207
f 212/212/212 211/211/211 210/210/210
f 215/215/215 214/214/214 213/213/213
f 218/218/218 217/217/217 216/216/216
f 221/221/221 220/220/220 219/219/219
f 224/224/224 223/223/223 222/222/222
f 227/227/227 226/226/226 225/225/225
f 230/230/230 229/229/229 228/228/228
f 233/233/233 232/232/232 231/231/231
f 234/234/234 233/233/233 231/231/231
f 237/237/237 236/236/236 235/235/235
f 238/238/238 237/237/237 235/235/235
f 241/241/241 240/240/240 239/239/239
f 242/242/242 241/241/241 239/239/239
f 245/245/245 244/244/244 243/243/243
f 246/246/246 245/245/245 243/243/243
f 249/249/249 248/248/248 247/247/247
f 250/250/250 249/249/249 247/247/247
f 253/253/253 252/252/252 251/251/251
f 254/254/254 253/253/253 251/251/251
f 251/251/251 252/252/252 255/255/255
f 252/252/252 256/256/256 255/255/255
f 253/253/253 257/257/257 252/252/252
f 257/257/257 258/258/258 252/252/252
f 252/252/252 259/259/259 256/256/256
f 259/259/259 260/260/260 256/256/256
f 256/256/256 260/260/260 261/261/261
f 260/260/260 262/262/262 261/261/261
f 261/261/261 262/262/262 263/263/263
f 261/261/261 263/263/263 264/264/264
f 265/265/265 261/261/261 264/264/264
f 256/256/256 261/261/261 265/265/265
f 255/255/255 256/256/256 265/265/265
f 262/262/262 266/266/266 263/263/263
f 269/269/269 268/268/268 267/267/267
f 270/270/270 269/269/269 267/267/267
f 270/270/270 267/267/267 271/271/271
f 272/272/272 270/270/270 271/271/271
f 270/270/270 273/273/273 269/269/269
f 273/273/273 274/274/274 269/269/269
f 272/272/272 275/275/275 270/270/270
f 276/276/276 275/275/275 272/272/272
f 277/277/277 276/276/276 272/272/272
f 278/278/278 276/276/276 277/277/277
f 279/279/279 278/278/278 277/277/277
f 279/279/279 277/277/277 280/280/280
f 277/277/277 281/281/281 280/280/280
f 272/272/272 271/271/271 281/281/281
f 277/277/277 272/272/272 281/281/281
f 275/275/275 282/282/282 270/270/270
f 285/285/285 284/284/284 283/283/283
f 286/286/286 285/285/285 283/283/283
f 286/286/286 287/287/287 285/285/285
f 287/287/287 288/288/288 285/285/285
f 286/286/286 283/283/283 289/289/289
f 290/290/290 286/286/286 289/289/289
f 290/290/290 289/289/289 291/291/291
f 292/292/292 290/290/290 291/291/291
f 292/292/292 291/291/291 293/293/293
f 294/294/294 292/292/292 293/293/293
f 294/294/294 295/295/295 292/292/292
f 295/295/295 296/296/296 292/292/292
f 292/292/292 296/296/296 290/290/290
f 294/294/294 293/293/293 297/297/297
f 298/298/298 294/294/294 297/297/297
f 299/299/299 295/295/295 294/294/294
f 298/298/298 299/299/299 294/294/294
f 295/295/295 300/300/300 296/296/296
f 300/300/300 301/301/301 296/296/296
f 296/296/296 301/301/301 302/302/302
f 296/296/296 302/302/302 290/290/290
f 302/302/302 303/303/303 287/287/287
f 301/301/301 303/303/303 302/302/302
f 290/290/290 302/302/302 286/286/286
f 302/302/302 287/287/287 286/286/286
f 303/303/303 304/304/304 287/287/287
f 307/307/307 306/306/306 305/305/305
f 308/308/308 307/307/307 305/305/305
f 307/307/307 309/309/309 306/306/306
f 309/309/309 310/310/310 306/306/306
f 306/306/306 310/310/310 311/311/311
f 310/310/310 312/312/312 311/311/311
f 306/306/306 311/311/311 313/313/313
f 305/305/305 306/306/306 313/313/313
f 313/313/313 311/311/311 314/314/314
f 311/311/311 315/315/315 314/314/314
f 311/311/311 312/312/312 315/315/315
f 314/314/314 315/315/315 316/316/316
f 315/315/315 317/317/317 316/316/316
f 316/316/316 317/317/317 318/318/318
f 317/317/317 319/319/319 318/318/318
f 317/317/317 320/320/320 319/319/319
f 320/320/320 321/321/321 319/319/319
f 322/322/322 320/320/320 317/317/317
f 315/315/315 322/322/322 317/317/317
f 312/312/312 322/322/322 315/315/315
f 325/325/325 324/324/324 323/323/323
f 326/326/326 325/325/325 323/323/323
f 326/326/326 323/323/323 327/327/327
f 328/328/328 326/326/326 327/327/327
f 327/327/327 323/323/323 329/329/329
f 323/323/323 330/330/330 329/329/329
f 323/323/323 324/324/324 330/330/330
f 324/324/324 331/331/331 330/330/330
f 327/327/327 329/329/329 332/332/332
f 333/333/333 327/327/327 332/332/332
f 328/328/328 327/327/327 333/333/333
f 333/333/333 332/332/332 334/334/334
f 335/335/335 333/333/333 334/334/334
f 336/336/336 333/333/333 335/335/335
f 336/336/336 328/328/328 333/333/333
f 337/337/337 336/336/336 335/335/335
f 332/332/332 329/329/329 338/338/338
f 329/329/329 339/339/339 338/338/338
f 329/329/329 330/330/330 339/339/339
f 338/338/338 339/339/339 340/340/340
f 339/339/339 341/341/341 340/340/340
f 340/340/340 341/341/341 342/342/342
f 340/340/340 342/342/342 343/343/343
f 344/344/344 340/340/340 343/343/343
f 338/338/338 340/340/340 344/344/344
f 341/341/341 345/345/345 342/342/342
f 341/341/341 346/346/346 345/345/345
f 346/346/346 347/347/347 345/345/345
f 346/346/346 348/348/348 347/347/347
f 348/348/348 349/349/349 347/347/347
f 350/350/350 348/348/348 346/346/346
f 351/351/351 350/350/350 346/346/346
f 351/351/351 346/346/346 341/341/341
f 339/339/339 351/351/351 341/341/341
f 331/331/331 350/350/350 351/351/351
f 330/330/330 331/331/331 351/351/351
f 330/330/330 351/351/351 339/339/339
f 352/352/352 338/338/338 344/344/344
f 332/332/332 338/338/338 352/352/352
f 334/334/334 332/332/332 352/352/352
f 355/355/355 354/354/354 353/353/353
f 356/356/356 355/355/355 353/353/353
f 359/359/359 358/358/358 357/357/357
f 360/360/360 359/359/359 357/357/357
f 363/363/363 362/362/362 361/361/361
f 364/364/364 363/363/363 361/361/361
f 367/367/367 366/366/366 365/365/365
f 368/368/368 367/367/367 365/365/365
f 371/371/371 370/370/370 369/369/369
f 372/372/372 371/371/371 369/369/369
f 375/375/375 374/374/374 373/373/373
f 376/376/376 375/375/375 373/373/373
f 375/375/375 377/377/377 374/374/374
f 377/377/377 378/378/378 374/374/374
f 377/377/377 379/379/379 378/378/378
f 379/379/379 380/380/380 378/378/378
f 376/376/376 373/373/373 381/381/381
f 382/382/382 376/376/376 381/381/381
f 382/382/382 381/381/381 383/383/383
f 384/384/384 382/382/382 383/383/383
f 384/384/384 383/383/383 385/385/385
f 386/386/386 384/384/384 385/385/385
f 386/386/386 385/385/385 387/387/387
f 388/388/388 386/386/386 387/387/387
f 381/381/381 390/390/390 389/389/389
f 390/390/390 391/391/391 389/389/389
f 389/389/389 391/391/391 392/392/392
f 391/391/391 393/393/393 392/392/392
f 390/390/390 381/381/381 394/394/394
f 395/395/395 390/390/390 394/394/394
f 396/396/396 395/395/395 394/394/394
f 397/397/397 396/396/396 394/394/394
f 398/398/398 396/396/396 397/397/397
f 399/399/399 398/398/398 397/397/397
f 400/400/400 398/398/398 399/399/399
f 380/380/380 400/400/400 399/399/399
f 400/400/400 380/380/380 401/401/401
f 402/402/402 400/400/400 401/401/401
f 403/403/403 402/402/402 401/401/401
f 404/404/404 403/403/403 401/401/401
f 405/405/405 392/392/392 393/393/393
f 406/406/406 405/405/405 393/393/393
f 403/403/403 408/408/408 407/407/407
f 408/408/408 409/409/409 407/407/407
f 410/410/410 409/409/409 408/408/408
f 411/411/411 410/410/410 408/408/408
f 410/410/410 411/411/411 412/412/412
f 413/413/413 410/410/410 412/412/412
f 403/403/403 407/407/407 414/414/414
f 407/407/407 415/415/415 414/414/414
f 415/415/415 416/416/416 414/414/414
f 416/416/416 417/417/417 414/414/414
f 418/418/418 413/413/413 412/412/412
f 419/419/419 418/418/418 412/412/412
f 406/406/406 420/420/420 387/387/387
f 420/420/420 421/421/421 387/387/387
f 421/421/421 420/420/420 422/422/422
f 420/420/420 423/423/423 422/422/422
f 422/422/422 423/423/423 424/424/424
f 423/423/423 425/425/425 424/424/424
f 427/427/427 426/426/426 424/424/424
f 428/428/428 427/427/427 424/424/424
f 427/427/427 428/428/428 429/429/429
f 430/430/430 427/427/427 429/429/429
f 430/430/430 429/429/429 431/431/431
f 432/432/432 430/430/430 431/431/431
f 432/432/432 431/431/431 433/433/433
f 434/434/434 432/432/432 433/433/433
f 435/435/435 434/434/434 433/433/433
f 436/436/436 435/435/435 433/433/433
f 435/435/435 436/436/436 437/437/437
f 438/438/438 435/435/435 437/437/437
f 438/438/438 437/437/437 439/439/439
f 440/440/440 438/438/438 439/439/439
f 429/429/429 442/442/442 441/441/441
f 442/442/442 443/443/443 441/441/441
f 441/441/441 443/443/443 444/444/444
f 443/443/443 445/445/445 444/444/444
f 446/446/446 444/444/444 445/445/445
f 447/447/447 446/446/446 445/445/445
f 447/447/447 448/448/448 446/446/446
f 448/448/448 449/449/449 446/446/446
f 449/449/449 448/448/448 450/450/450
f 448/448/448 451/451/451 450/450/450
f 450/450/450 451/451/451 452/452/452
f 451/451/451 453/453/453 452/452/452
f 454/454/454 452/452/452 453/453/453
f 455/455/455 454/454/454 453/453/453
f 442/442/442 429/429/429 456/456/456
f 457/457/457 442/442/442 456/456/456
f 425/425/425 457/457/457 456/456/456
f 458/458/458 425/425/425 456/456/456
f 460/460/460 459/459/459 455/455/455
f 461/461/461 460/460/460 455/455/455
f 459/459/459 460/460/460 462/462/462
f 463/463/463 459/459/459 462/462/462
f 463/463/463 462/462/462 464/464/464
f 465/465/465 463/463/463 464/464/464
f 466/466/466 465/465/465 464/464/464
f 467/467/467 466/466/466 464/464/464
f 455/455/455 469/469/469 468/468/468
f 469/469/469 470/470/470 468/468/468
f 470/470/470 471/471/471 468/468/468
f 472/472/472 455/455/455 468/468/468
f 474/474/474 472/472/472 473/473/473
f 475/475/475 474/474/474 473/473/473
f 476/476/476 474/474/474 475/475/475
f 477/477/477 476/476/476 475/475/475
f 476/476/476 477/477/477 478/478/478
f 479/479/479 476/476/476 478/478/478
f 473/473/473 472/472/472 480/480/480
f 472/472/472 481/481/481 480/480/480
f 481/481/481 482/482/482 480/480/480
f 482/482/482 483/483/483 480/480/480
f 484/484/484 479/479/479 478/478/478
f 485/485/485 484/484/484 478/478/478
f 488/488/488 487/487/487 486/486/486
f 489/489/489 488/488/488 486/486/486
f 488/488/488 490/490/490 487/487/487
f 490/490/490 491/491/491 487/487/487
f 490/490/490 492/492/492 491/491/491
f 492/492/492 493/493/493 491/491/491
f 492/492/492 494/494/494 493/493/493
f 494/494/494 495/495/495 493/493/493
f 494/494/494 496/496/496 495/495/495
f 496/496/496 497/497/497 495/495/495
f 496/496/496 498/498/498 497/497/497
f 498/498/498 499/499/499 497/497/497
f 499/499/499 500/500/500 497/497/497
f 500/500/500 501/501/501 497/497/497
f 502/502/502 500/500/500 499/499/499
f 503/503/503 502/502/502 499/499/499
f 502/502/502 503/503/503 504/504/504
f 505/505/505 502/502/502 504/504/504
f 506/506/506 503/503/503 499/499/499
f 498/498/498 506/506/506 499/499/499
f 507/507/507 505/505/505 504/504/504
f 508/508/508 507/507/507 504/504/504
f 510/510/510 509/509/509 494/494/494
f 511/511/511 510/510/510 494/494/494
f 512/512/512 510/510/510 511/511/511
f 513/513/513 512/512/512 511/511/511
f 512/512/512 513/513/513 514/514/514
f 515/515/515 512/512/512 514/514/514
f 515/515/515 514/514/514 516/516/516
f 514/514/514 517/517/517 516/516/516
f 518/518/518 516/516/516 517/517/517
f 519/519/519 518/518/518 517/517/517
f 520/520/520 518/518/518 519/519/519
f 521/521/521 520/520/520 519/519/519
f 520/520/520 521/521/521 522/522/522
f 523/523/523 520/520/520 522/522/522
f 524/524/524 523/523/523 522/522/522
f 525/525/525 524/524/524 522/522/522
f 527/527/527 524/524/524 526/526/526
f 528/528/528 527/527/527 526/526/526
f 529/529/529 527/527/527 528/528/528
f 530/530/530 529/529/529 528/528/528
f 529/529/529 530/530/530 531/531/531
f 532/532/532 529/529/529 531/531/531
f 526/526/526 534/534/534 533/533/533
f 534/534/534 535/535/535 533/533/533
f 534/534/534 536/536/536 535/535/535
f 536/536/536 537/537/537 535/535/535
f 537/537/537 538/538/538 535/535/535
f 538/538/538 539/539/539 535/535/535
f 540/540/540 538/538/538 537/537/537
f 541/541/541 540/540/540 537/537/537
f 540/540/540 541/541/541 542/542/542
f 543/543/543 540/540/540 542/542/542
f 544/544/544 541/541/541 537/537/537
f 536/536/536 544/544/544 537/537/537
f 489/489/489 542/542/542 541/541/541
f 544/544/544 489/489/489 541/541/541
f 545/545/545 543/543/543 542/542/542
f 546/546/546 545/545/545 542/542/542
f 547/547/547 545/545/545 546/546/546
f 548/548/548 547/547/547 546/546/546
f 549/549/549 547/547/547 548/548/548
f 550/550/550 549/549/549 548/548/548
f 549/549/549 550/550/550 551/551/551
f 552/552/552 549/549/549 551/551/551
f 501/501/501 552/552/552 551/551/551
f 553/553/553 501/501/501 551/551/551
f 556/556/556 555/555/555 554/554/554
f 557/557/557 556/556/556 554/554/554
f 554/554/554 558/558/558 557/557/557
f 558/558/558 559/559/559 557/557/557
f 558/558/558 560/560/560 559/559/559
f 560/560/560 561/561/561 559/559/559
f 560/560/560 562/562/562 561/561/561
f 562/562/562 563/563/563 561/561/561
f 564/564/564 563/563/563 562/562/562
f 565/565/565 564/564/564 562/562/562
f 568/568/568 567/567/567 566/566/566
f 569/569/569 568/568/568 566/566/566
f 568/568/568 570/570/570 567/567/567
f 570/570/570 571/571/571 567/567/567
f 570/570/570 572/572/572 571/571/571
f 572/572/572 573/573/573 571/571/571
f 576/576/576 575/575/575 574/574/574
f 577/577/577 576/576/576 574/574/574
f 575/575/575 576/576/576 578/578/578
f 579/579/579 575/575/575 578/578/578
f 579/579/579 578/578/578 580/580/580
f 581/581/581 579/579/579 580/580/580
f 581/581/581 580/580/580 582/582/582
f 583/583/583 581/581/581 582/582/582
f 582/582/582 584/584/584 583/583/583
f 584/584/584 585/585/585 583/583/583
f 585/585/585 584/584/584 586/586/586
f 587/587/587 585/585/585 586/586/586
f 587/587/587 586/586/586 588/588/588
f 589/589/589 587/587/587 588/588/588
f 589/589/589 588/588/588 590/590/590
f 591/591/591 589/589/589 590/590/590
f 590/590/590 592/592/592 591/591/591
f 592/592/592 593/593/593 591/591/591
f 595/595/595 594/594/594 583/583/583
f 594/594/594 595/595/595 596/596/596
f 595/595/595 597/597/597 596/596/596
f 596/596/596 597/597/597 598/598/598
f 597/597/597 599/599/599 598/598/598
f 598/598/598 599/599/599 600/600/600
f 599/599/599 601/601/601 600/600/600
f 601/601/601 602/602/602 600/600/600
f 602/602/602 603/603/603 600/600/600
f 603/603/603 602/602/602 604/604/604
f 602/602/602 605/605/605 604/604/604
f 604/604/604 605/605/605 606/606/606
f 605/605/605 607/607/607 606/606/606
f 609/609/609 606/606/606 608/608/608
f 610/610/610 609/609/609 608/608/608
f 606/606/606 609/609/609 611/611/611
f 612/612/612 606/606/606 611/611/611
f 612/612/612 611/611/611 613/613/613
f 614/614/614 612/612/612 613/613/613
f 614/614/614 613/613/613 577/577/577
f 574/574/574 614/614/614 577/577/577
f 611/611/611 616/616/616 615/615/615
f 616/616/616 617/617/617 615/615/615
f 615/615/615 617/617/617 618/618/618
f 617/617/617 619/619/619 618/618/618
f 616/616/616 611/611/611 620/620/620
f 621/621/621 616/616/616 620/620/620
f 622/622/622 621/621/621 620/620/620
f 623/623/623 622/622/622 610/610/610
f 624/624/624 623/623/623 610/610/610
f 625/625/625 623/623/623 624/624/624
f 626/626/626 625/625/625 624/624/624
f 625/625/625 626/626/626 627/627/627
f 628/628/628 625/625/625 627/627/627
f 629/629/629 622/622/622 620/620/620
f 630/630/630 618/618/618 619/619/619
f 631/631/631 630/630/630 619/619/619
f 631/631/631 632/632/632 630/630/630
f 632/632/632 633/633/633 630/630/630
f 633/633/633 632/632/632 634/634/634
f 632/632/632 635/635/635 634/634/634
f 634/634/634 635/635/635 636/636/636
f 635/635/635 637/637/637 636/636/636
f 638/638/638 636/636/636 637/637/637
f 639/639/639 638/638/638 637/637/637
f 641/641/641 627/627/627 640/640/640
f 642/642/642 641/641/641 640/640/640
f 642/642/642 643/643/643 641/641/641
f 643/643/643 644/644/644 641/641/641
f 643/643/643 645/645/645 644/644/644
f 645/645/645 646/646/646 644/644/644
f 645/645/645 647/647/647 646/646/646
f 647/647/647 648/648/648 646/646/646
f 649/649/649 648/648/648 647/647/647
f 650/650/650 649/649/649 647/647/647
f 650/650/650 651/651/651 649/649/649
f 651/651/651 652/652/652 649/649/649
f 651/651/651 653/653/653 652/652/652
f 653/653/653 654/654/654 652/652/652
f 653/653/653 655/655/655 654/654/654
f 655/655/655 656/656/656 654/654/654
f 657/657/657 656/656/656 655/655/655
f 658/658/658 657/657/657 655/655/655
f 658/658/658 659/659/659 657/657/657
f 659/659/659 660/660/660 657/657/657
f 659/659/659 661/661/661 660/660/660
f 661/661/661 662/662/662 660/660/660
f 661/661/661 663/663/663 662/662/662
f 663/663/663 664/664/664 662/662/662
f 665/665/665 664/664/664 663/663/663
f 666/666/666 665/665/665 663/663/663
f 668/668/668 667/667/667 655/655/655
f 669/669/669 668/668/668 655/655/655
f 670/670/670 668/668/668 669/669/669
f 671/671/671 670/670/670 669/669/669
f 670/670/670 671/671/671 672/672/672
f 673/673/673 670/670/670 672/672/672
f 673/673/673 672/672/672 674/674/674
f 672/672/672 675/675/675 674/674/674
f 676/676/676 674/674/674 675/675/675
f 677/677/677 676/676/676 675/675/675
f 678/678/678 676/676/676 677/677/677
f 679/679/679 678/678/678 677/677/677
f 678/678/678 679/679/679 642/642/642
f 680/680/680 678/678/678 642/642/642
f 682/682/682 680/680/680 681/681/681
f 683/683/683 682/682/682 681/681/681
f 684/684/684 682/682/682 683/683/683
f 685/685/685 684/684/684 683/683/683
f 686/686/686 684/684/684 685/685/685
f 687/687/687 686/686/686 685/685/685
f 686/686/686 687/687/687 688/688/688
f 689/689/689 686/686/686 688/688/688
f 690/690/690 685/685/685 683/683/683
f 627/627/627 690/690/690 683/683/683
f 691/691/691 687/687/687 685/685/685
f 690/690/690 691/691/691 685/685/685
f 610/610/610 688/688/688 687/687/687
f 691/691/691 610/610/610 687/687/687
f 689/689/689 688/688/688 607/607/607
f 688/688/688 692/692/692 607/607/607
f 695/695/695 694/694/694 693/693/693
f 696/696/696 695/695/695 693/693/693
f 695/695/695 697/697/697 694/694/694
f 698/698/698 697/697/697 695/695/695
f 697/697/697 698/698/698 699/699/699
f 698/698/698 700/700/700 699/699/699
f 699/699/699 700/700/700 701/701/701
f 700/700/700 702/702/702 701/701/701
f 703/703/703 698/698/698 695/695/695
f 704/704/704 701/701/701 702/702/702
f 705/705/705 704/704/704 702/702/702
f 705/705/705 706/706/706 704/704/704
f 706/706/706 707/707/707 704/704/704
f 707/707/707 706/706/706 708/708/708
f 706/706/706 709/709/709 708/708/708
f 708/708/708 709/709/709 710/710/710
f 709/709/709 711/711/711 710/710/710
f 712/712/712 710/710/710 711/711/711
f 713/713/713 712/712/712 711/711/711
f 713/713/713 715/715/715 714/714/714
f 715/715/715 716/716/716 714/714/714
f 716/716/716 715/715/715 717/717/717
f 715/715/715 718/718/718 717/717/717
f 717/717/717 718/718/718 719/719/719
f 718/718/718 720/720/720 719/719/719
f 721/721/721 719/719/719 720/720/720
f 722/722/722 721/721/721 720/720/720
f 714/714/714 724/724/724 723/723/723
f 725/725/725 714/714/714 723/723/723
f 725/725/725 723/723/723 726/726/726
f 727/727/727 725/725/725 726/726/726
f 727/727/727 726/726/726 728/728/728
f 729/729/729 727/727/727 728/728/728
f 729/729/729 728/728/728 730/730/730
f 731/731/731 729/729/729 730/730/730
f 731/731/731 730/730/730 732/732/732
f 733/733/733 731/731/731 732/732/732
f 735/735/735 734/734/734 723/723/723
f 734/734/734 735/735/735 736/736/736
f 735/735/735 737/737/737 736/736/736
f 736/736/736 737/737/737 738/738/738
f 737/737/737 739/739/739 738/738/738
f 738/738/738 739/739/739 740/740/740
f 739/739/739 741/741/741 740/740/740
f 741/741/741 742/742/742 740/740/740
f 742/742/742 743/743/743 740/740/740
f 743/743/743 742/742/742 744/744/744
f 742/742/742 745/745/745 744/744/744
f 744/744/744 745/745/745 746/746/746
f 745/745/745 747/747/747 746/746/746
f 748/748/748 746/746/746 747/747/747
f 749/749/749 748/748/748 747/747/747
f 750/750/750 735/735/735 723/723/723
f 749/749/749 751/751/751 693/693/693
f 751/751/751 752/752/752 693/693/693
f 752/752/752 751/751/751 753/753/753
f 751/751/751 754/754/754 753/753/753
f 753/753/753 754/754/754 755/755/755
f 754/754/754 756/756/756 755/755/755
f 758/758/758 757/757/757 755/755/755
f 759/759/759 758/758/758 755/755/755
f 758/758/758 759/759/759 760/760/760
f 761/761/761 758/758/758 760/760/760
f 761/761/761 762/762/762 758/758/758
f 762/762/762 763/763/763 758/758/758
f 764/764/764 762/762/762 761/761/761
f 765/765/765 764/764/764 761/761/761
f 764/764/764 765/765/765 766/766/766
f 767/767/767 764/764/764 766/766/766
f 766/766/766 765/765/765 768/768/768
f 765/765/765 769/769/769 768/768/768
f 761/761/761 760/760/760 769/769/769
f 765/765/765 761/761/761 769/769/769
f 770/770/770 767/767/767 766/766/766
f 771/771/771 770/770/770 766/766/766
f 772/772/772 770/770/770 771/771/771
f 773/773/773 772/772/772 771/771/771
f 774/774/774 772/772/772 773/773/773
f 775/775/775 774/774/774 773/773/773
f 774/774/774 775/775/775 776/776/776
f 777/777/777 774/774/774 776/776/776
f 778/778/778 777/777/777 776/776/776
f 779/779/779 778/778/778 776/776/776
f 781/781/781 780/780/780 768/768/768
f 782/782/782 781/781/781 768/768/768
f 781/781/781 782/782/782 783/783/783
f 784/784/784 781/781/781 783/783/783
f 784/784/784 783/783/783 785/785/785
f 786/786/786 784/784/784 785/785/785
f 788/788/788 778/778/778 787/787/787
f 789/789/789 788/788/788 787/787/787
f 790/790/790 788/788/788 789/789/789
f 791/791/791 790/790/790 789/789/789
f 790/790/790 791/791/791 792/792/792
f 793/793/793 790/790/790 792/792/792
f 789/789/789 787/787/787 794/794/794
f 789/789/789 794/794/794 795/795/795
f 796/796/796 789/789/789 795/795/795
f 796/796/796 795/795/795 797/797/797
f 792/792/792 796/796/796 797/797/797
f 787/787/787 798/798/798 794/794/794
f 798/798/798 787/787/787 799/799/799
f 787/787/787 800/800/800 799/799/799
f 800/800/800 786/786/786 799/799/799
f 786/786/786 801/801/801 799/799/799
f 801/801/801 802/802/802 799/799/799
f 802/802/802 803/803/803 799/799/799
f 804/804/804 802/802/802 801/801/801
f 805/805/805 804/804/804 801/801/801
f 804/804/804 805/805/805 806/806/806
f 807/807/807 804/804/804 806/806/806
f 808/808/808 793/793/793 792/792/792
f 807/807/807 806/806/806 809/809/809
f 806/806/806 810/810/810 809/809/809
f 811/811/811 809/809/809 810/810/810
f 812/812/812 811/811/811 810/810/810
f 813/813/813 811/811/811 812/812/812
f 814/814/814 813/813/813 812/812/812
f 813/813/813 814/814/814 815/815/815
f 816/816/816 813/813/813 815/815/815
f 756/756/756 816/816/816 815/815/815
f 817/817/817 756/756/756 815/815/815
f 818/818/818 808/808/808 792/792/792
f 821/821/821 820/820/820 819/819/819
f 822/822/822 821/821/821 819/819/819
f 819/819/819 823/823/823 822/822/822
f 823/823/823 824/824/824 822/822/822
f 823/823/823 825/825/825 824/824/824
f 825/825/825 826/826/826 824/824/824
f 825/825/825 827/827/827 826/826/826
f 827/827/827 828/828/828 826/826/826
f 829/829/829 828/828/828 827/827/827
f 830/830/830 829/829/829 827/827/827
f 833/833/833 832/832/832 831/831/831
f 834/834/834 833/833/833 831/831/831
f 837/837/837 836/836/836 835/835/835
f 838/838/838 837/837/837 835/835/835
f 841/841/841 840/840/840 839/839/839
f 842/842/842 841/841/841 839/839/839
f 841/841/841 843/843/843 840/840/840
f 843/843/843 844/844/844 840/840/840
f 847/847/847 846/846/846 845/845/845
f 848/848/848 847/847/847 845/845/845
f 847/847/847 849/849/849 846/846/846
f 849/849/849 850/850/850 846/846/846
f 849/849/849 851/851/851 850/850/850
f 851/851/851 852/852/852 850/850/850
f 851/851/851 853/853/853 852/852/852
f 853/853/853 854/854/854 852/852/852
f 853/853/853 855/855/855 854/854/854
f 855/855/855 856/856/856 854/854/854
f 859/859/859 858/858/858 857/857/857
f 860/860/860 859/859/859 857/857/857
f 863/863/863 862/862/862 861/861/861
f 864/864/864 863/863/863 861/861/861
f 867/867/867 866/866/866 865/865/865
f 868/868/868 867/867/867 865/865/865
f 865/865/865 869/869/869 868/868/868
f 869/869/869 870/870/870 868/868/868
f 869/869/869 871/871/871 870/870/870
f 871/871/871 872/872/872 870/870/870
f 871/871/871 873/873/873 872/872/872
f 873/873/873 874/874/874 872/872/872
f 875/875/875 874/874/874 873/873/873
f 876/876/876 875/875/875 873/873/873
f 879/879/879 878/878/878 877/877/877
f 880/880/880 879/879/879 877/877/877
f 877/877/877 881/881/881 880/880/880
f 881/881/881 882/882/882 880/880/880
f 881/881/881 883/883/883 882/882/882
f 883/883/883 884/884/884 882/882/882
f 883/883/883 885/885/885 884/884/884
f 885/885/885 886/886/886 884/884/884
f 887/887/887 886/886/886 885/885/885
f 888/888/888 887/887/887 885/885/885
f 891/891/891 890/890/890 889/889/889
f 892/892/892 891/891/891 889/889/889
f 895/895/895 894/894/894 893/893/893
f 896/896/896 895/895/895 893/893/893
f 893/893/893 897/897/897 896/896/896
f 897/897/897 898/898/898 896/896/896
f 897/897/897 899/899/899 898/898/898
f 899/899/899 900/900/900 898/898/898
f 899/899/899 901/901/901 900/900/900
f 901/901/901 902/902/902 900/900/900
f 903/903/903 902/902/902 901/901/901
f 904/904/904 903/903/903 901/901/901
f 907/907/907 906/906/906 905/905/905
f 908/908/908 907/907/907 905/905/905
f 905/905/905 909/909/909 908/908/908
f 909/909/909 910/910/910 908/908/908
f 909/909/909 911/911/911 910/910/910
f 911/911/911 912/912/912 910/910/910
f 911/911/911 913/913/913 912/912/912
f 913/913/913 914/914/914 912/912/912
f 915/915/915 914/914/914 913/913/913
f 916/916/916 915/915/915 913/913/913
f 919/919/919 918/918/918 917/917/917
f 920/920/920 919/919/919 917/917/917
f 919/919/919 921/921/921 918/918/918
f 921/921/921 922/922/922 918/918/918
f 921/921/921 923/923/923 922/922/922
f 923/923/923 924/924/924 922/922/922
f 923/923/923 925/925/925 924/924/924
f 925/925/925 926/926/926 924/924/924
f 925/925/925 927/927/927 926/926/926
f 927/927/927 928/928/928 926/926/926
f 931/931/931 930/930/930 929/929/929
f 932/932/932 931/931/931 929/929/929
f 929/929/929 933/933/933 932/932/932
f 933/933/933 934/934/934 932/932/932
f 933/933/933 935/935/935 934/934/934
f 935/935/935 936/936/936 934/934/934
f 935/935/935 937/937/937 936/936/936
f 937/937/937 938/938/938 936/936/936
f 939/939/939 938/938/938 937/937/937
f 940/940/940 939/939/939 937/937/937
f 943/943/943 942/942/942 941/941/941
f 946/946/946 945/945/945 944/944/944
f 949/949/949 948/948/948 947/947/947
f 950/950/950 949/949/949 947/947/947
f 947/947/947 951/951/951 950/950/950
f 951/951/951 952/952/952 950/950/950
f 951/951/951 953/953/953 952/952/952
f 953/953/953 954/954/954 952/952/952
f 953/953/953 955/955/955 954/954/954
f 955/955/955 956/956/956 954/954/954
f 957/957/957 956/956/956 955/955/955
f 958/958/958 957/957/957 955/955/955
f 961/961/961 960/960/960 959/959/959
f 962/962/962 961/961/961 959/959/959
f 959/959/959 963/963/963 962/962/962
f 963/963/963 964/964/964 962/962/962
f 963/963/963 965/965/965 964/964/964
f 965/965/965 966/966/966 964/964/964
f 965/965/965 967/967/967 966/966/966
f 967/967/967 968/968/968 966/966/966
f 969/969/969 968/968/968 967/967/967
f 970/970/970 969/969/969 967/967/967
f 973/973/973 972/972/972 971/971/971
f 974/974/974 973/973/973 971/971/971
f 971/971/971 975/975/975 974/974/974
f 975/975/975 976/976/976 974/974/974
f 975/975/975 977/977/977 976/976/976
f 977/977/977 978/978/978 976/976/976
f 977/977/977 979/979/979 978/978/978
f 979/979/979 980/980/980 978/978/978
f 981/981/981 980/980/980 979/979/979
f 982/982/982 981/981/981 979/979/979
f 985/985/985 984/984/984 983/983/983
f 985/985/985 986/986/986 984/984/984
f 986/986/986 987/987/987 984/984/984
f 990/990/990 989/989/989 988/988/988
f 993/993/993 992/992/992 991/991/991
f 994/994/994 993/993/993 991/991/991
f 991/991/991 995/995/995 994/994/994
f 995/995/995 996/996/996 994/994/994
f 995/995/995 997/997/997 996/996/996
f 997/997/997 998/998/998 996/996/996
f 997/997/997 999/999/999 998/998/998
f 999/999/999 1000/1000/1000 998/998/998
f 1001/1001/1001 1000/1000/1000 999/999/999
f 1002/1002/1002 1001/1001/1001 999/999/999
f 1005/1005/1005 1004/1004/1004 1003/1003/1003
f 1006/1006/1006 1005/1005/1005 1003/1003/1003
f 1003/1003/1003 1007/1007/1007 1006/1006/1006
f 1007/1007/1007 1008/1008/1008 1006/1006/1006
f 1007/1007/1007 1009/1009/1009 1008/1008/1008
f 1009/1009/1009 1010/1010/1010 1008/1008/1008
f 1009/1009/1009 1011/1011/1011 1010/1010/1010
f 1014/1014/1014 1013/1013/1013 1012/1012/1012
f 1017/1017/1017 1016/1016/1016 1015/1015/1015
f 1020/1020/1020 1019/1019/1019 1018/1018/1018
f 1021/1021/1021 1020/1020/1020 1018/1018/1018
f 1021/1021/1021 1018/1018/1018 1022/1022/1022
f 1023/1023/1023 1021/1021/1021 1022/1022/1022
f 1023/1023/1023 1022/1022/1022 1024/1024/1024
f 1025/1025/1025 1023/1023/1023 1024/1024/1024
f 1025/1025/1025 1024/1024/1024 1026/1026/1026
f 1027/1027/1027 1025/1025/1025 1026/1026/1026
f 1027/1027/1027 1026/1026/1026 1028/1028/1028
f 1029/1029/1029 1027/1027/1027 1028/1028/1028
f 1029/1029/1029 1028/1028/1028 1030/1030/1030
f 1031/1031/1031 1029/1029/1029 1030/1030/1030
f 1033/1033/1033 1032/1032/1032 1027/1027/1027
f 1032/1032/1032 1033/1033/1033 1034/1034/1034
f 1033/1033/1033 1035/1035/1035 1034/1034/1034
f 1034/1034/1034 1035/1035/1035 1036/1036/1036
f 1035/1035/1035 1037/1037/1037 1036/1036/1036
f 1038/1038/1038 1033/1033/1033 1027/1027/1027
f 1039/1039/1039 1036/1036/1036 1037/1037/1037
f 1040/1040/1040 1039/1039/1039 1037/1037/1037
f 1043/1043/1043 1042/1042/1042 1041/1041/1041
f 1044/1044/1044 1043/1043/1043 1041/1041/1041
f 1047/1047/1047 1046/1046/1046 1045/1045/1045
f 1048/1048/1048 1047/1047/1047 1045/1045/1045
f 1051/1051/1051 1050/1050/1050 1049/1049/1049
f 1052/1052/1052 1051/1051/1051 1049/1049/1049
f 1055/1055/1055 1054/1054/1054 1053/1053/1053
f 1056/1056/1056 1055/1055/1055 1053/1053/1053
f 1054/1054/1054 1057/1057/1057 1053/1053/1053
f 1057/1057/1057 1058/1058/1058 1053/1053/1053
f 1061/1061/1061 1060/1060/1060 1059/1059/1059
f 1063/1063/1063 1062/1062/1062 1060/1060/1060
f 1064/1064/1064 1063/1063/1063 1060/1060/1060
f 1067/1067/1067 1066/1066/1066 1065/1065/1065
f 1067/1067/1067 1065/1065/1065 1068/1068/1068
f 1069/1069/1069 1067/1067/1067 1068/1068/1068
f 1066/1066/1066 1071/1071/1071 1070/1070/1070
f 1071/1071/1071 1072/1072/1072 1070/1070/1070
f 1071/1071/1071 1073/1073/1073 1072/1072/1072
f 1073/1073/1073 1074/1074/1074 1072/1072/1072
f 1073/1073/1073 1075/1075/1075 1074/1074/1074
f 1075/1075/1075 1076/1076/1076 1074/1074/1074
f 1075/1075/1075 1077/1077/1077 1076/1076/1076
f 1077/1077/1077 1078/1078/1078 1076/1076/1076
f 1081/1081/1081 1080/1080/1080 1079/1079/1079
f 1082/1082/1082 1081/1081/1081 1079/1079/1079
f 1085/1085/1085 1084/1084/1084 1083/1083/1083
f 1086/1086/1086 1085/1085/1085 1083/1083/1083
f 1085/1085/1085 1086/1086/1086 1087/1087/1087
f 1088/1088/1088 1085/1085/1085 1087/1087/1087
f 1091/1091/1091 1090/1090/1090 1089/1089/1089
f 1092/1092/1092 1091/1091/1091 1089/1089/1089
f 1095/1095/1095 1094/1094/1094 1093/1093/1093
f 1096/1096/1096 1095/1095/1095 1093/1093/1093
f 1096/1096/1096 1093/1093/1093 1097/1097/1097
f 379/379/379 1096/1096/1096 1097/1097/1097
f 1095/1095/1095 1098/1098/1098 1094/1094/1094
f 1098/1098/1098 1099/1099/1099 1094/1094/1094
f 1098/1098/1098 1100/1100/1100 1099/1099/1099
f 1100/1100/1100 1101/1101/1101 1099/1099/1099
f 1100/1100/1100 1102/1102/1102 1101/1101/1101
f 1102/1102/1102 1103/1103/1103 1101/1101/1101
f 1102/1102/1102 1104/1104/1104 1103/1103/1103
f 1104/1104/1104 1105/1105/1105 1103/1103/1103
f 1107/1107/1107 1106/1106/1106 1096/1096/1096
f 1108/1108/1108 1107/1107/1107 1096/1096/1096
f 1109/1109/1109 1107/1107/1107 1108/1108/1108
f 1110/1110/1110 1109/1109/1109 1108/1108/1108
f 1109/1109/1109 1110/1110/1110 1111/1111/1111
f 1112/1112/1112 1109/1109/1109 1111/1111/1111
f 1112/1112/1112 1111/1111/1111 1113/1113/1113
f 1111/1111/1111 1114/1114/1114 1113/1113/1113
f 1115/1115/1115 1113/1113/1113 1114/1114/1114
f 1116/1116/1116 1115/1115/1115 1114/1114/1114
f 1117/1117/1117 1115/1115/1115 1116/1116/1116
f 1118/1118/1118 1117/1117/1117 1116/1116/1116
f 1117/1117/1117 1118/1118/1118 386/386/386
f 1119/1119/1119 1117/1117/1117 386/386/386
f 1121/1121/1121 1119/1119/1119 1120/1120/1120
f 1122/1122/1122 1121/1121/1121 1120/1120/1120
f 1123/1123/1123 1121/1121/1121 1122/1122/1122
f 1124/1124/1124 1123/1123/1123 1122/1122/1122
f 1125/1125/1125 1123/1123/1123 1124/1124/1124
f 1126/1126/1126 1125/1125/1125 1124/1124/1124
f 1125/1125/1125 1126/1126/1126 1127/1127/1127
f 1128/1128/1128 1125/1125/1125 1127/1127/1127
f 1128/1128/1128 1127/1127/1127 1129/1129/1129
f 1127/1127/1127 1130/1130/1130 1129/1129/1129
f 1131/1131/1131 1124/1124/1124 1122/1122/1122
f 387/387/387 1131/1131/1131 1122/1122/1122
f 1132/1132/1132 1126/1126/1126 1124/1124/1124
f 1131/1131/1131 1132/1132/1132 1124/1124/1124
f 424/424/424 1127/1127/1127 1126/1126/1126
f 1132/1132/1132 424/424/424 1126/1126/1126
f 1133/1133/1133 1129/1129/1129 427/427/427
f 1134/1134/1134 1133/1133/1133 427/427/427
f 1135/1135/1135 1133/1133/1133 1134/1134/1134
f 1136/1136/1136 1135/1135/1135 1134/1134/1134
f 1135/1135/1135 1136/1136/1136 1137/1137/1137
f 1138/1138/1138 1135/1135/1135 1137/1137/1137
f 1139/1139/1139 1138/1138/1138 1137/1137/1137
f 1140/1140/1140 1139/1139/1139 1137/1137/1137
f 1141/1141/1141 1139/1139/1139 1140/1140/1140
f 1142/1142/1142 1141/1141/1141 1140/1140/1140
f 1143/1143/1143 1141/1141/1141 1142/1142/1142
f 1144/1144/1144 1143/1143/1143 1142/1142/1142
f 1143/1143/1143 1144/1144/1144 1145/1145/1145
f 1146/1146/1146 1143/1143/1143 1145/1145/1145
f 1145/1145/1145 1144/1144/1144 1147/1147/1147
f 1148/1148/1148 1145/1145/1145 1147/1147/1147
f 1149/1149/1149 1148/1148/1148 1147/1147/1147
f 1144/1144/1144 439/439/439 1147/1147/1147
f 1148/1148/1148 1149/1149/1149 1150/1150/1150
f 1151/1151/1151 1148/1148/1148 1150/1150/1150
f 1151/1151/1151 1150/1150/1150 1152/1152/1152
f 1153/1153/1153 1151/1151/1151 1152/1152/1152
f 1153/1153/1153 1152/1152/1152 1154/1154/1154
f 1155/1155/1155 1153/1153/1153 1154/1154/1154
f 1156/1156/1156 1155/1155/1155 1154/1154/1154
f 1157/1157/1157 1156/1156/1156 1154/1154/1154
f 1159/1159/1159 1158/1158/1158 1149/1149/1149
f 1158/1158/1158 1159/1159/1159 1160/1160/1160
f 1159/1159/1159 1161/1161/1161 1160/1160/1160
f 1160/1160/1160 1161/1161/1161 1162/1162/1162
f 1161/1161/1161 1163/1163/1163 1162/1162/1162
f 1164/1164/1164 1159/1159/1159 1149/1149/1149
f 1165/1165/1165 1162/1162/1162 1163/1163/1163
f 1166/1166/1166 1165/1165/1165 1163/1163/1163
f 1169/1169/1169 1168/1168/1168 1167/1167/1167
f 1170/1170/1170 1169/1169/1169 1167/1167/1167
f 1173/1173/1173 1172/1172/1172 1171/1171/1171
f 1174/1174/1174 1173/1173/1173 1171/1171/1171
f 719/719/719 1171/1171/1171 1175/1175/1175
f 1176/1176/1176 719/719/719 1175/1175/1175
f 1176/1176/1176 1175/1175/1175 1177/1177/1177
f 1178/1178/1178 1176/1176/1176 1177/1177/1177
f 1178/1178/1178 1177/1177/1177 724/724/724
f 714/714/714 1178/1178/1178 724/724/724
f 1181/1181/1181 1180/1180/1180 1179/1179/1179
f 1182/1182/1182 1181/1181/1181 1179/1179/1179
f 1185/1185/1185 1184/1184/1184 1183/1183/1183
f 1186/1186/1186 1185/1185/1185 1183/1183/1183
f 1189/1189/1189 1188/1188/1188 1187/1187/1187
f 1190/1190/1190 1189/1189/1189 1187/1187/1187
f 1193/1193/1193 1192/1192/1192 1191/1191/1191
f 1194/1194/1194 1193/1193/1193 1191/1191/1191
f 1197/1197/1197 1196/1196/1196 1195/1195/1195
f 1198/1198/1198 1197/1197/1197 1195/1195/1195
f 1201/1201/1201 1200/1200/1200 1199/1199/1199
f 1202/1202/1202 1201/1201/1201 1199/1199/1199
f 1205/1205/1205 1204/1204/1204 1203/1203/1203
f 1206/1206/1206 1205/1205/1205 1203/1203/1203
f 1209/1209/1209 1208/1208/1208 1207/1207/1207
f 1210/1210/1210 1209/1209/1209 1207/1207/1207
f 1213/1213/1213 1212/1212/1212 1211/1211/1211
f 1214/1214/1214 1213/1213/1213 1211/1211/1211
f 1217/1217/1217 1216/1216/1216 1215/1215/1215
f 1218/1218/1218 1217/1217/1217 1215/1215/1215
f 1221/1221/1221 1220/1220/1220 1219/1219/1219
f 1222/1222/1222 1221/1221/1221 1219/1219/1219
f 1222/1222/1222 504/504/504 1223/1223/1223
f 506/506/506 1222/1222/1222 1223/1223/1223
f 1226/1226/1226 1225/1225/1225 1224/1224/1224
f 1227/1227/1227 1226/1226/1226 1224/1224/1224
f 1226/1226/1226 1227/1227/1227 1228/1228/1228
f 1229/1229/1229 1226/1226/1226 1228/1228/1228
f 1229/1229/1229 1228/1228/1228 1230/1230/1230
f 1231/1231/1231 1229/1229/1229 1230/1230/1230
f 1225/1225/1225 1233/1233/1233 1232/1232/1232
f 1233/1233/1233 1234/1234/1234 1232/1232/1232
f 1234/1234/1234 1235/1235/1235 1232/1232/1232
f 1235/1235/1235 1236/1236/1236 1232/1232/1232
f 1237/1237/1237 1235/1235/1235 1234/1234/1234
f 1238/1238/1238 1237/1237/1237 1234/1234/1234
f 1237/1237/1237 1238/1238/1238 1239/1239/1239
f 1240/1240/1240 1237/1237/1237 1239/1239/1239
f 1241/1241/1241 1239/1239/1239 1238/1238/1238
f 1239/1239/1239 1241/1241/1241 1242/1242/1242
f 1241/1241/1241 531/531/531 1242/1242/1242
f 1243/1243/1243 1241/1241/1241 1238/1238/1238
f 1243/1243/1243 1238/1238/1238 1244/1244/1244
f 1233/1233/1233 1243/1243/1243 1244/1244/1244
f 1245/1245/1245 1232/1232/1232 1236/1236/1236
f 1246/1246/1246 1245/1245/1245 1236/1236/1236
f 1246/1246/1246 1247/1247/1247 1245/1245/1245
f 1247/1247/1247 1248/1248/1248 1245/1245/1245
f 1248/1248/1248 1247/1247/1247 1249/1249/1249
f 1247/1247/1247 1250/1250/1250 1249/1249/1249
f 1249/1249/1249 1250/1250/1250 1251/1251/1251
f 1250/1250/1250 1252/1252/1252 1251/1251/1251
f 1253/1253/1253 1251/1251/1251 1252/1252/1252
f 1254/1254/1254 1253/1253/1253 1252/1252/1252
f 1254/1254/1254 1256/1256/1256 1255/1255/1255
f 1256/1256/1256 1257/1257/1257 1255/1255/1255
f 1257/1257/1257 1256/1256/1256 1258/1258/1258
f 1256/1256/1256 1259/1259/1259 1258/1258/1258
f 1258/1258/1258 1259/1259/1259 1260/1260/1260
f 1259/1259/1259 1261/1261/1261 1260/1260/1260
f 1262/1262/1262 1260/1260/1260 1261/1261/1261
f 1263/1263/1263 1262/1262/1262 1261/1261/1261
f 1264/1264/1264 1258/1258/1258 1260/1260/1260
f 1265/1265/1265 1264/1264/1264 1260/1260/1260
f 1255/1255/1255 1267/1267/1267 1266/1266/1266
f 1267/1267/1267 1268/1268/1268 1266/1266/1266
f 1268/1268/1268 1269/1269/1269 1266/1266/1266
f 1270/1270/1270 1269/1269/1269 1268/1268/1268
f 1269/1269/1269 1270/1270/1270 1271/1271/1271
f 1270/1270/1270 1272/1272/1272 1271/1271/1271
f 1271/1271/1271 1272/1272/1272 1273/1273/1273
f 1272/1272/1272 1274/1274/1274 1273/1273/1273
f 1275/1275/1275 1270/1270/1270 1268/1268/1268
f 1273/1273/1273 1274/1274/1274 1276/1276/1276
f 1274/1274/1274 1277/1277/1277 1276/1276/1276
f 1277/1277/1277 1278/1278/1278 1276/1276/1276
f 1278/1278/1278 1279/1279/1279 1276/1276/1276
f 1279/1279/1279 1278/1278/1278 1280/1280/1280
f 1278/1278/1278 1281/1281/1281 1280/1280/1280
f 1280/1280/1280 1281/1281/1281 1282/1282/1282
f 1281/1281/1281 1283/1283/1283 1282/1282/1282
f 1284/1284/1284 1282/1282/1282 1283/1283/1283
f 532/532/532 1284/1284/1284 1283/1283/1283
f 1287/1287/1287 1286/1286/1286 1285/1285/1285
f 1288/1288/1288 1287/1287/1287 1285/1285/1285
f 1287/1287/1287 1288/1288/1288 1289/1289/1289
f 1290/1290/1290 1287/1287/1287 1289/1289/1289
f 1293/1293/1293 1292/1292/1292 1291/1291/1291
f 1294/1294/1294 1293/1293/1293 1291/1291/1291
f 1293/1293/1293 1294/1294/1294 1295/1295/1295
f 1296/1296/1296 1293/1293/1293 1295/1295/1295
f 1299/1299/1299 1298/1298/1298 1297/1297/1297
f 1300/1300/1300 1299/1299/1299 1297/1297/1297
f 1303/1303/1303 1302/1302/1302 1301/1301/1301
f 1304/1304/1304 1303/1303/1303 1301/1301/1301
f 1303/1303/1303 1304/1304/1304 1305/1305/1305
f 1306/1306/1306 1303/1303/1303 1305/1305/1305
f 1306/1306/1306 1305/1305/1305 1307/1307/1307
f 1308/1308/1308 1306/1306/1306 1307/1307/1307
f 1311/1311/1311 1310/1310/1310 1309/1309/1309
f 1312/1312/1312 1311/1311/1311 1309/1309/1309
f 1311/1311/1311 1312/1312/1312 1313/1313/1313
f 1314/1314/1314 1311/1311/1311 1313/1313/1313
f 1314/1314/1314 1313/1313/1313 1315/1315/1315
f 1316/1316/1316 1314/1314/1314 1315/1315/1315
f 1316/1316/1316 1315/1315/1315 1317/1317/1317
f 1318/1318/1318 1316/1316/1316 1317/1317/1317
f 1319/1319/1319 1318/1318/1318 1317/1317/1317
f 1320/1320/1320 1319/1319/1319 1317/1317/1317
f 1323/1323/1323 1322/1322/1322 1321/1321/1321
f 1324/1324/1324 1323/1323/1323 1321/1321/1321
f 1327/1327/1327 1326/1326/1326 1325/1325/1325
f 1328/1328/1328 1327/1327/1327 1325/1325/1325
f 1331/1331/1331 1330/1330/1330 1329/1329/1329
f 1332/1332/1332 1331/1331/1331 1329/1329/1329
f 1335/1335/1335 1334/1334/1334 1333/1333/1333
f 1336/1336/1336 1335/1335/1335 1333/1333/1333
f 1335/1335/1335 1336/1336/1336 1337/1337/1337
f 1338/1338/1338 1335/1335/1335 1337/1337/1337
f 1338/1338/1338 1337/1337/1337 1339/1339/1339
f 1340/1340/1340 1338/1338/1338 1339/1339/1339
f 1343/1343/1343 1342/1342/1342 1341/1341/1341
f 1344/1344/1344 1343/1343/1343 1341/1341/1341
f 1343/1343/1343 1344/1344/1344 1345/1345/1345
f 1346/1346/1346 1343/1343/1343 1345/1345/1345
f 1346/1346/1346 1345/1345/1345 1347/1347/1347
f 1348/1348/1348 1346/1346/1346 1347/1347/1347
f 1348/1348/1348 1347/1347/1347 1349/1349/1349
f 1350/1350/1350 1348/1348/1348 1349/1349/1349
f 1351/1351/1351 1350/1350/1350 1349/1349/1349
f 1352/1352/1352 1351/1351/1351 1349/1349/1349
f 1355/1355/1355 1354/1354/1354 1353/1353/1353
f 1356/1356/1356 1355/1355/1355 1353/1353/1353
f 1359/1359/1359 1358/1358/1358 1357/1357/1357
f 1360/1360/1360 1359/1359/1359 1357/1357/1357
f 1357/1357/1357 1358/1358/1358 1361/1361/1361
f 1364/1364/1364 1363/1363/1363 1362/1362/1362
f 1365/1365/1365 1364/1364/1364 1362/1362/1362
f 1368/1368/1368 1367/1367/1367 1366/1366/1366
f 1369/1369/1369 1368/1368/1368 1366/1366/1366
f 1372/1372/1372 1371/1371/1371 1370/1370/1370
f 1373/1373/1373 1372/1372/1372 1370/1370/1370
f 1376/1376/1376 1375/1375/1375 1374/1374/1374
f 1379/1379/1379 1378/1378/1378 1377/1377/1377
f 1382/1382/1382 1381/1381/1381 1380/1380/1380
f 1385/1385/1385 1384/1384/1384 1383/1383/1383
f 1385/1385/1385 1383/1383/1383 1386/1386/1386
f 1387/1387/1387 1385/1385/1385 1386/1386/1386
f 1390/1390/1390 1389/1389/1389 1388/1388/1388
f 1391/1391/1391 1390/1390/1390 1388/1388/1388
f 1390/1390/1390 1391/1391/1391 1392/1392/1392
f 1393/1393/1393 1390/1390/1390 1392/1392/1392
f 1393/1393/1393 1392/1392/1392 1394/1394/1394
f 1395/1395/1395 1393/1393/1393 1394/1394/1394
f 1395/1395/1395 1394/1394/1394 1396/1396/1396
f 1397/1397/1397 1395/1395/1395 1396/1396/1396
f 1398/1398/1398 1397/1397/1397 1396/1396/1396
f 1399/1399/1399 1398/1398/1398 1396/1396/1396
f 1389/1389/1389 1400/1400/1400 1388/1388/1388
f 1400/1400/1400 1401/1401/1401 1388/1388/1388
f 1403/1403/1403 1402/1402/1402 1391/1391/1391
f 1402/1402/1402 1403/1403/1403 1404/1404/1404
f 1403/1403/1403 1405/1405/1405 1404/1404/1404
f 1404/1404/1404 1405/1405/1405 1406/1406/1406
f 1405/1405/1405 1407/1407/1407 1406/1406/1406
f 1408/1408/1408 1406/1406/1406 1407/1407/1407
f 1409/1409/1409 1408/1408/1408 1407/1407/1407
f 1410/1410/1410 1403/1403/1403 1391/1391/1391
f 1413/1413/1413 1412/1412/1412 1411/1411/1411
f 1416/1416/1416 1415/1415/1415 1414/1414/1414
f 1419/1419/1419 1418/1418/1418 1417/1417/1417
f 1420/1420/1420 1419/1419/1419 1417/1417/1417
f 1418/1418/1418 1421/1421/1421 1417/1417/1417
f 1421/1421/1421 1422/1422/1422 1417/1417/1417
f 1419/1419/1419 1420/1420/1420 1423/1423/1423
f 1424/1424/1424 1419/1419/1419 1423/1423/1423
f 1424/1424/1424 1423/1423/1423 1425/1425/1425
f 1426/1426/1426 1424/1424/1424 1425/1425/1425
f 1426/1426/1426 1425/1425/1425 1427/1427/1427
f 1428/1428/1428 1426/1426/1426 1427/1427/1427
f 1429/1429/1429 1428/1428/1428 1427/1427/1427
f 1430/1430/1430 1429/1429/1429 1427/1427/1427
f 1432/1432/1432 1431/1431/1431 1419/1419/1419
f 1433/1433/1433 1432/1432/1432 1419/1419/1419
f 1434/1434/1434 1432/1432/1432 1433/1433/1433
f 1435/1435/1435 1434/1434/1434 1433/1433/1433
f 1434/1434/1434 1435/1435/1435 1436/1436/1436
f 1437/1437/1437 1434/1434/1434 1436/1436/1436
f 1438/1438/1438 1437/1437/1437 1436/1436/1436
f 1439/1439/1439 1438/1438/1438 1436/1436/1436
f 1442/1442/1442 1441/1441/1441 1440/1440/1440
f 1443/1443/1443 1442/1442/1442 1440/1440/1440
f 1442/1442/1442 1444/1444/1444 1441/1441/1441
f 1444/1444/1444 1445/1445/1445 1441/1441/1441
f 1448/1448/1448 1447/1447/1447 1446/1446/1446
f 1449/1449/1449 1448/1448/1448 1446/1446/1446
f 1452/1452/1452 1451/1451/1451 1450/1450/1450
f 1453/1453/1453 1452/1452/1452 1450/1450/1450
f 1455/1455/1455 1454/1454/1454 797/797/797
f 1456/1456/1456 1455/1455/1455 797/797/797
f 1459/1459/1459 1458/1458/1458 1457/1457/1457
f 1460/1460/1460 1459/1459/1459 1457/1457/1457
f 1463/1463/1463 1462/1462/1462 1461/1461/1461
f 1464/1464/1464 1463/1463/1463 1461/1461/1461
f 1467/1467/1467 1466/1466/1466 1465/1465/1465
f 1468/1468/1468 1467/1467/1467 1465/1465/1465
f 1471/1471/1471 1470/1470/1470 1469/1469/1469
f 1472/1472/1472 1471/1471/1471 1469/1469/1469
f 1475/1475/1475 1474/1474/1474 1473/1473/1473
f 1476/1476/1476 1475/1475/1475 1473/1473/1473
f 1479/1479/1479 1478/1478/1478 1477/1477/1477
f 1480/1480/1480 1479/1479/1479 1477/1477/1477
f 1483/1483/1483 1482/1482/1482 1481/1481/1481
f 1484/1484/1484 1483/1483/1483 1481/1481/1481
f 1487/1487/1487 1486/1486/1486 1485/1485/1485
f 1488/1488/1488 1487/1487/1487 1485/1485/1485
f 1491/1491/1491 1490/1490/1490 1489/1489/1489
f 1492/1492/1492 1491/1491/1491 1489/1489/1489
f 1494/1494/1494 1265/1265/1265 1493/1493/1493
f 1495/1495/1495 1494/1494/1494 1493/1493/1493
f 1498/1498/1498 1497/1497/1497 1496/1496/1496
f 1499/1499/1499 1498/1498/1498 1496/1496/1496
f 1500/1500/1500 1499/1499/1499 1496/1496/1496
f 1501/1501/1501 1500/1500/1500 1496/1496/1496
f 1502/1502/1502 1500/1500/1500 1501/1501/1501
f 1503/1503/1503 1502/1502/1502 1501/1501/1501
f 1506/1506/1506 1505/1505/1505 1504/1504/1504
f 1507/1507/1507 1506/1506/1506 1504/1504/1504
f 1508/1508/1508 1507/1507/1507 1504/1504/1504
f 1509/1509/1509 1508/1508/1508 1504/1504/1504
f 1509/1509/1509 1510/1510/1510 1508/1508/1508
f 1510/1510/1510 1511/1511/1511 1508/1508/1508
f 1514/1514/1514 1513/1513/1513 1512/1512/1512
f 1515/1515/1515 1514/1514/1514 1512/1512/1512
f 1516/1516/1516 1515/1515/1515 1512/1512/1512
f 1517/1517/1517 1516/1516/1516 1512/1512/1512
f 1517/1517/1517 1518/1518/1518 1516/1516/1516
f 1518/1518/1518 1519/1519/1519 1516/1516/1516
f 1520/1520/1520 1519/1519/1519 1518/1518/1518
f 1521/1521/1521 1520/1520/1520 1518/1518/1518
f 1520/1520/1520 1521/1521/1521 1522/1522/1522
f 1523/1523/1523 1520/1520/1520 1522/1522/1522
f 1523/1523/1523 1522/1522/1522 1524/1524/1524
f 1522/1522/1522 1525/1525/1525 1524/1524/1524
f 1525/1525/1525 1526/1526/1526 1524/1524/1524
f 1526/1526/1526 1527/1527/1527 1524/1524/1524
f 1530/1530/1530 1529/1529/1529 1528/1528/1528
f 1531/1531/1531 1530/1530/1530 1528/1528/1528
f 1532/1532/1532 1528/1528/1528 1529/1529/1529
f 1533/1533/1533 1532/1532/1532 1529/1529/1529
f 1533/1533/1533 1534/1534/1534 1532/1532/1532
f 1534/1534/1534 1535/1535/1535 1532/1532/1532
f 1535/1535/1535 1534/1534/1534 1536/1536/1536
f 1534/1534/1534 1537/1537/1537 1536/1536/1536
f 1536/1536/1536 1537/1537/1537 1538/1538/1538
f 1537/1537/1537 1539/1539/1539 1538/1538/1538
f 1538/1538/1538 1539/1539/1539 1540/1540/1540
f 1539/1539/1539 1541/1541/1541 1540/1540/1540
f 1541/1541/1541 1542/1542/1542 1540/1540/1540
f 1542/1542/1542 1543/1543/1543 1540/1540/1540
f 1546/1546/1546 1545/1545/1545 1544/1544/1544
f 1547/1547/1547 1546/1546/1546 1544/1544/1544
f 1550/1550/1550 1549/1549/1549 1548/1548/1548
f 1551/1551/1551 1550/1550/1550 1548/1548/1548
f 1554/1554/1554 1553/1553/1553 1552/1552/1552
f 1555/1555/1555 1554/1554/1554 1552/1552/1552
f 1558/1558/1558 1557/1557/1557 1556/1556/1556
f 1559/1559/1559 1558/1558/1558 1556/1556/1556
f 1562/1562/1562 1561/1561/1561 1560/1560/1560
f 1563/1563/1563 1562/1562/1562 1560/1560/1560
f 1566/1566/1566 1565/1565/1565 1564/1564/1564
f 1567/1567/1567 1566/1566/1566 1564/1564/1564
f 1570/1570/1570 1569/1569/1569 1568/1568/1568
f 1571/1571/1571 1570/1570/1570 1568/1568/1568
f 1574/1574/1574 1573/1573/1573 1572/1572/1572
f 1575/1575/1575 1574/1574/1574 1572/1572/1572
f 1578/1578/1578 1577/1577/1577 1576/1576/1576
f 1579/1579/1579 1578/1578/1578 1576/1576/1576
f 1582/1582/1582 1581/1581/1581 1580/1580/1580
f 1583/1583/1583 1582/1582/1582 1580/1580/1580
f 1586/1586/1586 1585/1585/1585 1584/1584/1584
f 1587/1587/1587 1586/1586/1586 1584/1584/1584
f 1590/1590/1590 1589/1589/1589 1588/1588/1588
f 1591/1591/1591 1590/1590/1590 1588/1588/1588
f 1594/1594/1594 1593/1593/1593 1592/1592/1592
f 1595/1595/1595 1594/1594/1594 1592/1592/1592
f 1598/1598/1598 1597/1597/1597 1596/1596/1596
f 1599/1599/1599 1598/1598/1598 1596/1596/1596
f 1602/1602/1602 1601/1601/1601 1600/1600/1600
f 1603/1603/1603 1602/1602/1602 1600/1600/1600
f 1606/1606/1606 1605/1605/1605 1604/1604/1604
f 1607/1607/1607 1606/1606/1606 1604/1604/1604
f 1610/1610/1610 1609/1609/1609 1608/1608/1608
f 1611/1611/1611 1610/1610/1610 1608/1608/1608
f 1614/1614/1614 1613/1613/1613 1612/1612/1612
f 1615/1615/1615 1614/1614/1614 1612/1612/1612
f 1618/1618/1618 1617/1617/1617 1616/1616/1616
f 1619/1619/1619 1618/1618/1618 1616/1616/1616
f 1622/1622/1622 1621/1621/1621 1620/1620/1620
f 1623/1623/1623 1622/1622/1622 1620/1620/1620
f 1626/1626/1626 1625/1625/1625 1624/1624/1624
f 1627/1627/1627 1626/1626/1626 1624/1624/1624
f 1630/1630/1630 1629/1629/1629 1628/1628/1628
f 1631/1631/1631 1630/1630/1630 1628/1628/1628
f 1634/1634/1634 1633/1633/1633 1632/1632/1632
f 1635/1635/1635 1634/1634/1634 1632/1632/1632
f 1638/1638/1638 1637/1637/1637 1636/1636/1636
f 1639/1639/1639 1638/1638/1638 1636/1636/1636
f 1642/1642/1642 1641/1641/1641 1640/1640/1640
f 1643/1643/1643 1642/1642/1642 1640/1640/1640
f 1646/1646/1646 1645/1645/1645 1644/1644/1644
f 1647/1647/1647 1646/1646/1646 1644/1644/1644
f 1650/1650/1650 1649/1649/1649 1648/1648/1648
f 1653/1653/1653 1652/1652/1652 1651/1651/1651
f 1656/1656/1656 1655/1655/1655 1654/1654/1654
f 1657/1657/1657 1656/1656/1656 1654/1654/1654
f 1660/1660/1660 1659/1659/1659 1658/1658/1658
f 1661/1661/1661 1660/1660/1660 1658/1658/1658
f 1664/1664/1664 1663/1663/1663 1662/1662/1662
f 1665/1665/1665 1664/1664/1664 1662/1662/1662
f 1668/1668/1668 1667/1667/1667 1666/1666/1666
f 1669/1669/1669 1668/1668/1668 1666/1666/1666
f 1672/1672/1672 1671/1671/1671 1670/1670/1670
f 1673/1673/1673 1672/1672/1672 1670/1670/1670
f 1676/1676/1676 1675/1675/1675 1674/1674/1674
f 1677/1677/1677 1676/1676/1676 1674/1674/1674
f 1680/1680/1680 1679/1679/1679 1678/1678/1678
f 1681/1681/1681 1680/1680/1680 1678/1678/1678
f 1684/1684/1684 1683/1683/1683 1682/1682/1682
f 1687/1687/1687 1686/1686/1686 1685/1685/1685
f 1690/1690/1690 1689/1689/1689 1688/1688/1688
f 1693/1693/1693 1692/1692/1692 1691/1691/1691
f 1696/1696/1696 1695/1695/1695 1694/1694/1694
f 1699/1699/1699 1698/1698/1698 1697/1697/1697
f 1702/1702/1702 1701/1701/1701 1700/1700/1700
f 1705/1705/1705 1704/1704/1704 1703/1703/1703
f 1708/1708/1708 1707/1707/1707 1706/1706/1706
f 1709/1709/1709 1708/1708/1708 1706/1706/1706
f 1712/1712/1712 1711/1711/1711 1710/1710/1710
f 1713/1713/1713 1712/1712/1712 1710/1710/1710
f 1716/1716/1716 1715/1715/1715 1714/1714/1714
f 1717/1717/1717 1716/1716/1716 1714/1714/1714
f 1720/1720/1720 1719/1719/1719 1718/1718/1718
f 1721/1721/1721 1720/1720/1720 1718/1718/1718
f 1724/1724/1724 1723/1723/1723 1722/1722/1722
f 1725/1725/1725 1724/1724/1724 1722/1722/1722
f 1728/1728/1728 1727/1727/1727 1726/1726/1726
f 1729/1729/1729 1728/1728/1728 1726/1726/1726
f 1732/1732/1732 1731/1731/1731 1730/1730/1730
f 1733/1733/1733 1732/1732/1732 1730/1730/1730
f 1736/1736/1736 1735/1735/1735 1734/1734/1734
f 1737/1737/1737 1736/1736/1736 1734/1734/1734
f 1740/1740/1740 1739/1739/1739 1738/1738/1738
f 1741/1741/1741 1740/1740/1740 1738/1738/1738
f 1744/1744/1744 1743/1743/1743 1742/1742/1742
f 1745/1745/1745 1744/1744/1744 1742/1742/1742
f 1746/1746/1746 1742/1742/1742 1743/1743/1743
f 1747/1747/1747 1746/1746/1746 1743/1743/1743
f 1747/1747/1747 1748/1748/1748 1746/1746/1746
f 1748/1748/1748 1749/1749/1749 1746/1746/1746
f 1752/1752/1752 1751/1751/1751 1750/1750/1750
f 1753/1753/1753 1752/1752/1752 1750/1750/1750
f 1756/1756/1756 1755/1755/1755 1754/1754/1754
f 1757/1757/1757 1756/1756/1756 1754/1754/1754
f 1758/1758/1758 1757/1757/1757 1754/1754/1754
f 1759/1759/1759 1758/1758/1758 1754/1754/1754
f 1760/1760/1760 1758/1758/1758 1759/1759/1759
f 1761/1761/1761 1760/1760/1760 1759/1759/1759
f 1762/1762/1762 1760/1760/1760 1761/1761/1761
f 1763/1763/1763 1762/1762/1762 1761/1761/1761
f 1762/1762/1762 1763/1763/1763 1764/1764/1764
f 1765/1765/1765 1762/1762/1762 1764/1764/1764
f 1765/1765/1765 1764/1764/1764 1766/1766/1766
f 1764/1764/1764 1767/1767/1767 1766/1766/1766
f 1768/1768/1768 1766/1766/1766 1767/1767/1767
f 1769/1769/1769 1768/1768/1768 1767/1767/1767
f 1772/1772/1772 1771/1771/1771 1770/1770/1770
f 1773/1773/1773 1772/1772/1772 1770/1770/1770
f 1774/1774/1774 1773/1773/1773 1770/1770/1770
f 1775/1775/1775 1774/1774/1774 1770/1770/1770
f 1775/1775/1775 1776/1776/1776 1774/1774/1774
f 1776/1776/1776 1777/1777/1777 1774/1774/1774
f 1778/1778/1778 1777/1777/1777 1776/1776/1776
f 1779/1779/1779 1778/1778/1778 1776/1776/1776
f 1778/1778/1778 1779/1779/1779 1780/1780/1780
f 1781/1781/1781 1778/1778/1778 1780/1780/1780
f 1781/1781/1781 1780/1780/1780 1782/1782/1782
f 1780/1780/1780 1783/1783/1783 1782/1782/1782
f 1783/1783/1783 1784/1784/1784 1782/1782/1782
f 1784/1784/1784 1785/1785/1785 1782/1782/1782
f 1788/1788/1788 1787/1787/1787 1786/1786/1786
f 1789/1789/1789 1788/1788/1788 1786/1786/1786
f 1790/1790/1790 1789/1789/1789 1786/1786/1786
f 1791/1791/1791 1790/1790/1790 1786/1786/1786
f 1791/1791/1791 1792/1792/1792 1790/1790/1790
f 1792/1792/1792 1793/1793/1793 1790/1790/1790
f 1796/1796/1796 1795/1795/1795 1794/1794/1794
f 1797/1797/1797 1796/1796/1796 1794/1794/1794
f 1800/1800/1800 1799/1799/1799 1798/1798/1798
f 1801/1801/1801 1800/1800/1800 1798/1798/1798
f 1800/1800/1800 1802/1802/1802 1799/1799/1799
f 1802/1802/1802 1803/1803/1803 1799/1799/1799
f 1803/1803/1803 1802/1802/1802 1804/1804/1804
f 1805/1805/1805 1803/1803/1803 1804/1804/1804
f 1806/1806/1806 1801/1801/1801 1798/1798/1798
f 1807/1807/1807 1806/1806/1806 1798/1798/1798
f 1807/1807/1807 1808/1808/1808 1806/1806/1806
f 1808/1808/1808 1809/1809/1809 1806/1806/1806
f 1808/1808/1808 1810/1810/1810 1809/1809/1809
f 1810/1810/1810 1811/1811/1811 1809/1809/1809
f 1811/1811/1811 1810/1810/1810 1812/1812/1812
f 1813/1813/1813 1811/1811/1811 1812/1812/1812
f 1813/1813/1813 1812/1812/1812 1814/1814/1814
f 1812/1812/1812 1815/1815/1815 1814/1814/1814
f 1815/1815/1815 1816/1816/1816 1814/1814/1814
f 1816/1816/1816 1817/1817/1817 1814/1814/1814
f 1818/1818/1818 1817/1817/1817 1816/1816/1816
f 1819/1819/1819 1818/1818/1818 1816/1816/1816
f 1818/1818/1818 1819/1819/1819 1820/1820/1820
f 1821/1821/1821 1818/1818/1818 1820/1820/1820
f 1822/1822/1822 1821/1821/1821 1820/1820/1820
f 1823/1823/1823 1822/1822/1822 1820/1820/1820
f 1823/1823/1823 1824/1824/1824 1822/1822/1822
f 1824/1824/1824 1825/1825/1825 1822/1822/1822
f 1825/1825/1825 1824/1824/1824 1826/1826/1826
f 1827/1827/1827 1825/1825/1825 1826/1826/1826
f 1827/1827/1827 1826/1826/1826 1828/1828/1828
f 1829/1829/1829 1827/1827/1827 1828/1828/1828
f 1831/1831/1831 1828/1828/1828 1830/1830/1830
f 1832/1832/1832 1831/1831/1831 1830/1830/1830
f 1833/1833/1833 1831/1831/1831 1832/1832/1832
f 1834/1834/1834 1833/1833/1833 1832/1832/1832
f 1835/1835/1835 1833/1833/1833 1834/1834/1834
f 1836/1836/1836 1835/1835/1835 1834/1834/1834
f 1835/1835/1835 1836/1836/1836 1837/1837/1837
f 1838/1838/1838 1835/1835/1835 1837/1837/1837
f 1839/1839/1839 1838/1838/1838 1837/1837/1837
f 1840/1840/1840 1839/1839/1839 1837/1837/1837
f 1831/1831/1831 1841/1841/1841 1828/1828/1828
f 1841/1841/1841 1252/1252/1252 1828/1828/1828
f 1843/1843/1843 1842/1842/1842 1841/1841/1841
f 1844/1844/1844 1843/1843/1843 1841/1841/1841
f 1842/1842/1842 1843/1843/1843 1845/1845/1845
f 1843/1843/1843 1846/1846/1846 1845/1845/1845
f 1845/1845/1845 1846/1846/1846 1847/1847/1847
f 1848/1848/1848 1845/1845/1845 1847/1847/1847
f 1849/1849/1849 1848/1848/1848 1847/1847/1847
f 1850/1850/1850 1849/1849/1849 1847/1847/1847
f 1853/1853/1853 1852/1852/1852 1851/1851/1851
f 1854/1854/1854 1853/1853/1853 1851/1851/1851
f 1855/1855/1855 1854/1854/1854 1851/1851/1851
f 1856/1856/1856 1855/1855/1855 1851/1851/1851
f 1857/1857/1857 1855/1855/1855 1856/1856/1856
f 1858/1858/1858 1857/1857/1857 1856/1856/1856
f 1859/1859/1859 1857/1857/1857 1858/1858/1858
f 1860/1860/1860 1859/1859/1859 1858/1858/1858
f 1859/1859/1859 1860/1860/1860 1861/1861/1861
f 1862/1862/1862 1859/1859/1859 1861/1861/1861
f 1863/1863/1863 1862/1862/1862 1861/1861/1861
f 1864/1864/1864 1863/1863/1863 1861/1861/1861
f 1866/1866/1866 1865/1865/1865 1862/1862/1862
f 1867/1867/1867 1866/1866/1866 1862/1862/1862
f 1870/1870/1870 1869/1869/1869 1868/1868/1868
f 1871/1871/1871 1870/1870/1870 1868/1868/1868
f 1870/1870/1870 1872/1872/1872 1869/1869/1869
f 1872/1872/1872 1873/1873/1873 1869/1869/1869
f 1873/1873/1873 1872/1872/1872 1874/1874/1874
f 1875/1875/1875 1873/1873/1873 1874/1874/1874
f 1876/1876/1876 1875/1875/1875 1874/1874/1874
f 1877/1877/1877 1876/1876/1876 1874/1874/1874
f 1877/1877/1877 1878/1878/1878 1876/1876/1876
f 1878/1878/1878 1879/1879/1879 1876/1876/1876
f 1880/1880/1880 1879/1879/1879 1878/1878/1878
f 1881/1881/1881 1880/1880/1880 1878/1878/1878
f 1880/1880/1880 1881/1881/1881 1882/1882/1882
f 1883/1883/1883 1880/1880/1880 1882/1882/1882
f 1883/1883/1883 1882/1882/1882 1884/1884/1884
f 1882/1882/1882 1885/1885/1885 1884/1884/1884
f 1885/1885/1885 1886/1886/1886 1884/1884/1884
f 1886/1886/1886 1887/1887/1887 1884/1884/1884
f 1886/1886/1886 1888/1888/1888 1887/1887/1887
f 1888/1888/1888 1889/1889/1889 1887/1887/1887
f 1889/1889/1889 1888/1888/1888 1890/1890/1890
f 1891/1891/1891 1889/1889/1889 1890/1890/1890
f 1892/1892/1892 1891/1891/1891 1890/1890/1890
f 1893/1893/1893 1892/1892/1892 1890/1890/1890
f 1893/1893/1893 1894/1894/1894 1892/1892/1892
f 1894/1894/1894 1895/1895/1895 1892/1892/1892
f 1894/1894/1894 1896/1896/1896 1895/1895/1895
f 1896/1896/1896 1897/1897/1897 1895/1895/1895
f 1897/1897/1897 1896/1896/1896 1898/1898/1898
f 1899/1899/1899 1897/1897/1897 1898/1898/1898
f 1901/1901/1901 1898/1898/1898 1900/1900/1900
f 1902/1902/1902 1901/1901/1901 1900/1900/1900
f 1905/1905/1905 1904/1904/1904 1903/1903/1903
f 1906/1906/1906 1905/1905/1905 1903/1903/1903
f 1907/1907/1907 1903/1903/1903 1904/1904/1904
f 1908/1908/1908 1907/1907/1907 1904/1904/1904
f 1908/1908/1908 1909/1909/1909 1907/1907/1907
f 1909/1909/1909 1910/1910/1910 1907/1907/1907
f 1910/1910/1910 1909/1909/1909 1911/1911/1911
f 1909/1909/1909 1912/1912/1912 1911/1911/1911
f 1911/1911/1911 1912/1912/1912 1913/1913/1913
f 1912/1912/1912 1914/1914/1914 1913/1913/1913
f 1913/1913/1913 1914/1914/1914 1915/1915/1915
f 1914/1914/1914 1916/1916/1916 1915/1915/1915
f 1916/1916/1916 1917/1917/1917 1915/1915/1915
f 1917/1917/1917 1918/1918/1918 1915/1915/1915
f 1921/1921/1921 1920/1920/1920 1919/1919/1919
f 1922/1922/1922 1921/1921/1921 1919/1919/1919
f 1925/1925/1925 1924/1924/1924 1923/1923/1923
f 1926/1926/1926 1925/1925/1925 1923/1923/1923
f 1929/1929/1929 1928/1928/1928 1927/1927/1927
f 1930/1930/1930 1929/1929/1929 1927/1927/1927
f 1933/1933/1933 1932/1932/1932 1931/1931/1931
f 1934/1934/1934 1933/1933/1933 1931/1931/1931
f 1937/1937/1937 1936/1936/1936 1935/1935/1935
f 1938/1938/1938 1937/1937/1937 1935/1935/1935
f 1941/1941/1941 1940/1940/1940 1939/1939/1939
f 1942/1942/1942 1941/1941/1941 1939/1939/1939
f 1945/1945/1945 1944/1944/1944 1943/1943/1943
f 1946/1946/1946 1945/1945/1945 1943/1943/1943
f 1949/1949/1949 1948/1948/1948 1947/1947/1947
f 1950/1950/1950 1949/1949/1949 1947/1947/1947
f 1953/1953/1953 1952/1952/1952 1951/1951/1951
f 1954/1954/1954 1953/1953/1953 1951/1951/1951
f 1957/1957/1957 1956/1956/1956 1955/1955/1955
f 1958/1958/1958 1957/1957/1957 1955/1955/1955
f 1961/1961/1961 1960/1960/1960 1959/1959/1959
f 1962/1962/1962 1961/1961/1961 1959/1959/1959
f 1965/1965/1965 1964/1964/1964 1963/1963/1963
f 1966/1966/1966 1965/1965/1965 1963/1963/1963
f 1969/1969/1969 1968/1968/1968 1967/1967/1967
f 1970/1970/1970 1969/1969/1969 1967/1967/1967
f 1973/1973/1973 1972/1972/1972 1971/1971/1971
f 1974/1974/1974 1973/1973/1973 1971/1971/1971
f 1977/1977/1977 1976/1976/1976 1975/1975/1975
f 1978/1978/1978 1977/1977/1977 1975/1975/1975
f 1981/1981/1981 1980/1980/1980 1979/1979/1979
f 1982/1982/1982 1981/1981/1981 1979/1979/1979
f 1985/1985/1985 1984/1984/1984 1983/1983/1983
f 1986/1986/1986 1985/1985/1985 1983/1983/1983
f 1989/1989/1989 1988/1988/1988 1987/1987/1987
f 1990/1990/1990 1989/1989/1989 1987/1987/1987
f 1993/1993/1993 1992/1992/1992 1991/1991/1991
f 1994/1994/1994 1993/1993/1993 1991/1991/1991
f 1997/1997/1997 1996/1996/1996 1995/1995/1995
f 1998/1998/1998 1997/1997/1997 1995/1995/1995
f 2001/2001/2001 2000/2000/2000 1999/1999/1999
f 2002/2002/2002 2001/2001/2001 1999/1999/1999
f 2005/2005/2005 2004/2004/2004 2003/2003/2003
f 2006/2006/2006 2005/2005/2005 2003/2003/2003
f 2009/2009/2009 2008/2008/2008 2007/2007/2007
f 2010/2010/2010 2009/2009/2009 2007/2007/2007
f 2013/2013/2013 2012/2012/2012 2011/2011/2011
f 2014/2014/2014 2013/2013/2013 2011/2011/2011
f 2017/2017/2017 2016/2016/2016 2015/2015/2015
f 2018/2018/2018 2017/2017/2017 2015/2015/2015
f 2021/2021/2021 2020/2020/2020 2019/2019/2019
f 2022/2022/2022 2021/2021/2021 2019/2019/2019
f 2025/2025/2025 2024/2024/2024 2023/2023/2023
f 2026/2026/2026 2025/2025/2025 2023/2023/2023
f 2029/2029/2029 2028/2028/2028 2027/2027/2027
f 2030/2030/2030 2029/2029/2029 2027/2027/2027
f 2033/2033/2033 2032/2032/2032 2031/2031/2031
f 2034/2034/2034 2033/2033/2033 2031/2031/2031
f 2037/2037/2037 2036/2036/2036 2035/2035/2035
f 2038/2038/2038 2037/2037/2037 2035/2035/2035
f 2041/2041/2041 2040/2040/2040 2039/2039/2039
f 2042/2042/2042 2041/2041/2041 2039/2039/2039
f 2045/2045/2045 2044/2044/2044 2043/2043/2043
f 2046/2046/2046 2045/2045/2045 2043/2043/2043
f 2049/2049/2049 2048/2048/2048 2047/2047/2047
f 2050/2050/2050 2049/2049/2049 2047/2047/2047
f 2053/2053/2053 2052/2052/2052 2051/2051/2051
f 2054/2054/2054 2053/2053/2053 2051/2051/2051
f 2057/2057/2057 2056/2056/2056 2055/2055/2055
f 2058/2058/2058 2057/2057/2057 2055/2055/2055
f 2061/2061/2061 2060/2060/2060 2059/2059/2059
f 2062/2062/2062 2061/2061/2061 2059/2059/2059
f 2065/2065/2065 2064/2064/2064 2063/2063/2063
f 2066/2066/2066 2065/2065/2065 2063/2063/2063
f 2069/2069/2069 2068/2068/2068 2067/2067/2067
f 2070/2070/2070 2069/2069/2069 2067/2067/2067
f 2073/2073/2073 2072/2072/2072 2071/2071/2071
f 2074/2074/2074 2073/2073/2073 2071/2071/2071
f 2077/2077/2077 2076/2076/2076 2075/2075/2075
f 2078/2078/2078 2077/2077/2077 2075/2075/2075
f 2081/2081/2081 2080/2080/2080 2079/2079/2079
f 2082/2082/2082 2081/2081/2081 2079/2079/2079
f 2085/2085/2085 2084/2084/2084 2083/2083/2083
f 2086/2086/2086 2085/2085/2085 2083/2083/2083
f 2089/2089/2089 2088/2088/2088 2087/2087/2087
f 2090/2090/2090 2089/2089/2089 2087/2087/2087
f 2093/2093/2093 2092/2092/2092 2091/2091/2091
f 2094/2094/2094 2093/2093/2093 2091/2091/2091
f 2097/2097/2097 2096/2096/2096 2095/2095/2095
f 2098/2098/2098 2097/2097/2097 2095/2095/2095
f 2101/2101/2101 2100/2100/2100 2099/2099/2099
f 2102/2102/2102 2101/2101/2101 2099/2099/2099
f 2105/2105/2105 2104/2104/2104 2103/2103/2103
f 2106/2106/2106 2105/2105/2105 2103/2103/2103
f 2107/2107/2107 2106/2106/2106 2103/2103/2103
f 2108/2108/2108 2107/2107/2107 2103/2103/2103
f 2109/2109/2109 2107/2107/2107 2108/2108/2108
f 2110/2110/2110 2109/2109/2109 2108/2108/2108
f 2111/2111/2111 2109/2109/2109 2110/2110/2110
f 2112/2112/2112 2111/2111/2111 2110/2110/2110
f 2111/2111/2111 2112/2112/2112 2113/2113/2113
f 2114/2114/2114 2111/2111/2111 2113/2113/2113
f 2114/2114/2114 2113/2113/2113 2115/2115/2115
f 2113/2113/2113 2116/2116/2116 2115/2115/2115
f 2117/2117/2117 2115/2115/2115 2116/2116/2116
f 2118/2118/2118 2117/2117/2117 2116/2116/2116
f 2121/2121/2121 2120/2120/2120 2119/2119/2119
f 2122/2122/2122 2121/2121/2121 2119/2119/2119
f 2121/2121/2121 2123/2123/2123 2120/2120/2120
f 2123/2123/2123 2124/2124/2124 2120/2120/2120
f 2124/2124/2124 2123/2123/2123 2125/2125/2125
f 2126/2126/2126 2124/2124/2124 2125/2125/2125
f 2127/2127/2127 2122/2122/2122 2119/2119/2119
f 2128/2128/2128 2127/2127/2127 2119/2119/2119
f 2128/2128/2128 2129/2129/2129 2127/2127/2127
f 2129/2129/2129 2130/2130/2130 2127/2127/2127
f 2129/2129/2129 2131/2131/2131 2130/2130/2130
f 2131/2131/2131 2132/2132/2132 2130/2130/2130
f 2132/2132/2132 2131/2131/2131 2133/2133/2133
f 2134/2134/2134 2132/2132/2132 2133/2133/2133
f 2135/2135/2135 2126/2126/2126 2125/2125/2125
f 2136/2136/2136 2135/2135/2135 2125/2125/2125
f 2136/2136/2136 2137/2137/2137 2135/2135/2135
f 2137/2137/2137 2138/2138/2138 2135/2135/2135
f 2138/2138/2138 2137/2137/2137 2139/2139/2139
f 2137/2137/2137 2140/2140/2140 2139/2139/2139
f 2139/2139/2139 2140/2140/2140 2141/2141/2141
f 2142/2142/2142 2139/2139/2139 2141/2141/2141
f 2134/2134/2134 2133/2133/2133 2143/2143/2143
f 2133/2133/2133 2144/2144/2144 2143/2143/2143
f 2144/2144/2144 2145/2145/2145 2143/2143/2143
f 2145/2145/2145 2146/2146/2146 2143/2143/2143
f 2146/2146/2146 2145/2145/2145 2147/2147/2147
f 2145/2145/2145 2148/2148/2148 2147/2147/2147
f 2147/2147/2147 2148/2148/2148 2149/2149/2149
f 2150/2150/2150 2147/2147/2147 2149/2149/2149
f 2151/2151/2151 2150/2150/2150 2149/2149/2149
f 2152/2152/2152 2151/2151/2151 2149/2149/2149
f 2152/2152/2152 2153/2153/2153 2151/2151/2151
f 2153/2153/2153 2154/2154/2154 2151/2151/2151
f 2153/2153/2153 2155/2155/2155 2154/2154/2154
f 2155/2155/2155 2156/2156/2156 2154/2154/2154
f 2156/2156/2156 2155/2155/2155 2157/2157/2157
f 2158/2158/2158 2156/2156/2156 2157/2157/2157
f 2160/2160/2160 2159/2159/2159 2158/2158/2158
f 2161/2161/2161 2160/2160/2160 2158/2158/2158
f 2164/2164/2164 2163/2163/2163 2162/2162/2162
f 2165/2165/2165 2164/2164/2164 2162/2162/2162
f 2166/2166/2166 2162/2162/2162 2163/2163/2163
f 2167/2167/2167 2166/2166/2166 2163/2163/2163
f 2167/2167/2167 2168/2168/2168 2166/2166/2166
f 2168/2168/2168 2169/2169/2169 2166/2166/2166
f 2169/2169/2169 2168/2168/2168 2170/2170/2170
f 2168/2168/2168 2171/2171/2171 2170/2170/2170
f 2170/2170/2170 2171/2171/2171 2172/2172/2172
f 2171/2171/2171 2173/2173/2173 2172/2172/2172
f 2174/2174/2174 2172/2172/2172 2173/2173/2173
f 2175/2175/2175 2174/2174/2174 2173/2173/2173
f 2177/2177/2177 2173/2173/2173 2176/2176/2176
f 2178/2178/2178 2177/2177/2177 2176/2176/2176
f 2181/2181/2181 2180/2180/2180 2179/2179/2179
f 2182/2182/2182 2181/2181/2181 2179/2179/2179
f 2185/2185/2185 2184/2184/2184 2183/2183/2183
f 2186/2186/2186 2185/2185/2185 2183/2183/2183
f 2184/2184/2184 2185/2185/2185 2187/2187/2187
f 2185/2185/2185 2188/2188/2188 2187/2187/2187
f 2187/2187/2187 2188/2188/2188 2189/2189/2189
f 2190/2190/2190 2187/2187/2187 2189/2189/2189
f 2191/2191/2191 2190/2190/2190 2189/2189/2189
f 2192/2192/2192 2191/2191/2191 2189/2189/2189
f 2192/2192/2192 2193/2193/2193 2191/2191/2191
f 2193/2193/2193 2194/2194/2194 2191/2191/2191
f 2193/2193/2193 2195/2195/2195 2194/2194/2194
f 2195/2195/2195 2196/2196/2196 2194/2194/2194
f 2196/2196/2196 2195/2195/2195 2197/2197/2197
f 2198/2198/2198 2196/2196/2196 2197/2197/2197
f 2199/2199/2199 2186/2186/2186 2183/2183/2183
f 2201/2201/2201 2200/2200/2200 2199/2199/2199
f 2202/2202/2202 2201/2201/2201 2199/2199/2199
f 2200/2200/2200 2201/2201/2201 2203/2203/2203
f 2204/2204/2204 2200/2200/2200 2203/2203/2203
f 2204/2204/2204 2203/2203/2203 2205/2205/2205
f 2206/2206/2206 2204/2204/2204 2205/2205/2205
f 2206/2206/2206 2205/2205/2205 2207/2207/2207
f 2205/2205/2205 2208/2208/2208 2207/2207/2207
f 2208/2208/2208 2209/2209/2209 2207/2207/2207
f 2209/2209/2209 2210/2210/2210 2207/2207/2207
f 2211/2211/2211 2210/2210/2210 2209/2209/2209
f 2212/2212/2212 2211/2211/2211 2209/2209/2209
f 2211/2211/2211 2212/2212/2212 2213/2213/2213
f 2214/2214/2214 2211/2211/2211 2213/2213/2213
f 2202/2202/2202 2199/2199/2199 2183/2183/2183
f 2215/2215/2215 2214/2214/2214 2213/2213/2213
f 2216/2216/2216 2215/2215/2215 2213/2213/2213
f 2216/2216/2216 2217/2217/2217 2215/2215/2215
f 2217/2217/2217 2218/2218/2218 2215/2215/2215
f 2217/2217/2217 2219/2219/2219 2218/2218/2218
f 2219/2219/2219 2220/2220/2220 2218/2218/2218
f 2220/2220/2220 2219/2219/2219 2221/2221/2221
f 2222/2222/2222 2220/2220/2220 2221/2221/2221
f 2223/2223/2223 2222/2222/2222 2221/2221/2221
f 2224/2224/2224 2223/2223/2223 2221/2221/2221
f 2224/2224/2224 2225/2225/2225 2223/2223/2223
f 2225/2225/2225 2226/2226/2226 2223/2223/2223
f 2225/2225/2225 2227/2227/2227 2226/2226/2226
f 2227/2227/2227 2228/2228/2228 2226/2226/2226
f 2228/2228/2228 2227/2227/2227 2229/2229/2229
f 2230/2230/2230 2228/2228/2228 2229/2229/2229
f 2231/2231/2231 2230/2230/2230 2229/2229/2229
f 2232/2232/2232 2231/2231/2231 2229/2229/2229
f 2235/2235/2235 2234/2234/2234 2233/2233/2233
f 2236/2236/2236 2235/2235/2235 2233/2233/2233
f 2237/2237/2237 2236/2236/2236 2233/2233/2233
f 2238/2238/2238 2237/2237/2237 2233/2233/2233
f 2241/2241/2241 2240/2240/2240 2239/2239/2239
f 2242/2242/2242 2241/2241/2241 2239/2239/2239
f 2243/2243/2243 2242/2242/2242 2239/2239/2239
f 2244/2244/2244 2243/2243/2243 2239/2239/2239
f 2245/2245/2245 2243/2243/2243 2244/2244/2244
f 2246/2246/2246 2245/2245/2245 2244/2244/2244
f 2247/2247/2247 2245/2245/2245 2246/2246/2246
f 2248/2248/2248 2247/2247/2247 2246/2246/2246
f 2247/2247/2247 2248/2248/2248 2249/2249/2249
f 2250/2250/2250 2247/2247/2247 2249/2249/2249
f 2251/2251/2251 2250/2250/2250 2249/2249/2249
f 2252/2252/2252 2251/2251/2251 2249/2249/2249
f 2255/2255/2255 2254/2254/2254 2253/2253/2253
f 2256/2256/2256 2255/2255/2255 2253/2253/2253
f 639/639/639 2256/2256/2256 2253/2253/2253
f 2257/2257/2257 639/639/639 2253/2253/2253
f 2257/2257/2257 2258/2258/2258 639/639/639
f 2258/2258/2258 2259/2259/2259 639/639/639
f 2260/2260/2260 2259/2259/2259 2258/2258/2258
f 2261/2261/2261 2260/2260/2260 2258/2258/2258
f 2260/2260/2260 2261/2261/2261 2262/2262/2262
f 2263/2263/2263 2260/2260/2260 2262/2262/2262
f 2264/2264/2264 2263/2263/2263 2262/2262/2262
f 2265/2265/2265 2264/2264/2264 2262/2262/2262
f 2268/2268/2268 2267/2267/2267 2266/2266/2266
f 2269/2269/2269 2268/2268/2268 2266/2266/2266
f 2272/2272/2272 2271/2271/2271 2270/2270/2270
f 2273/2273/2273 2272/2272/2272 2270/2270/2270
f 2276/2276/2276 2275/2275/2275 2274/2274/2274
f 2277/2277/2277 2276/2276/2276 2274/2274/2274
f 2280/2280/2280 2279/2279/2279 2278/2278/2278
f 2281/2281/2281 2280/2280/2280 2278/2278/2278
f 2284/2284/2284 2283/2283/2283 2282/2282/2282
f 2285/2285/2285 2284/2284/2284 2282/2282/2282
f 2288/2288/2288 2287/2287/2287 2286/2286/2286
f 2289/2289/2289 2288/2288/2288 2286/2286/2286
f 2292/2292/2292 2291/2291/2291 2290/2290/2290
f 2293/2293/2293 2292/2292/2292 2290/2290/2290
f 2296/2296/2296 2295/2295/2295 2294/2294/2294
f 2297/2297/2297 2296/2296/2296 2294/2294/2294
f 2300/2300/2300 2299/2299/2299 2298/2298/2298
f 2301/2301/2301 2300/2300/2300 2298/2298/2298
f 2302/2302/2302 2301/2301/2301 2298/2298/2298
f 2303/2303/2303 2302/2302/2302 2298/2298/2298
f 2303/2303/2303 2304/2304/2304 2302/2302/2302
f 2304/2304/2304 2305/2305/2305 2302/2302/2302
f 2308/2308/2308 2307/2307/2307 2306/2306/2306
f 2309/2309/2309 2308/2308/2308 2306/2306/2306
f 2312/2312/2312 2311/2311/2311 2310/2310/2310
f 2313/2313/2313 2312/2312/2312 2310/2310/2310
f 2316/2316/2316 2315/2315/2315 2314/2314/2314
f 2317/2317/2317 2316/2316/2316 2314/2314/2314
f 2320/2320/2320 2319/2319/2319 2318/2318/2318
f 2321/2321/2321 2320/2320/2320 2318/2318/2318
f 2324/2324/2324 2323/2323/2323 2322/2322/2322
f 2327/2327/2327 2326/2326/2326 2325/2325/2325
f 2330/2330/2330 2329/2329/2329 2328/2328/2328
f 2331/2331/2331 2330/2330/2330 2328/2328/2328
f 2334/2334/2334 2333/2333/2333 2332/2332/2332
f 2335/2335/2335 2334/2334/2334 2332/2332/2332
f 2338/2338/2338 2337/2337/2337 2336/2336/2336
f 2339/2339/2339 2338/2338/2338 2336/2336/2336
f 2342/2342/2342 2341/2341/2341 2340/2340/2340
f 2343/2343/2343 2342/2342/2342 2340/2340/2340
f 2346/2346/2346 2345/2345/2345 2344/2344/2344
f 2347/2347/2347 2346/2346/2346 2344/2344/2344
f 2350/2350/2350 2349/2349/2349 2348/2348/2348
f 2353/2353/2353 2352/2352/2352 2351/2351/2351
f 2356/2356/2356 2355/2355/2355 2354/2354/2354
f 2357/2357/2357 2356/2356/2356 2354/2354/2354
f 2360/2360/2360 2359/2359/2359 2358/2358/2358
f 2361/2361/2361 2360/2360/2360 2358/2358/2358
f 2364/2364/2364 2363/2363/2363 2362/2362/2362
f 2365/2365/2365 2364/2364/2364 2362/2362/2362
f 2368/2368/2368 2367/2367/2367 2366/2366/2366
f 2369/2369/2369 2368/2368/2368 2366/2366/2366
f 2372/2372/2372 2371/2371/2371 2370/2370/2370
f 2373/2373/2373 2372/2372/2372 2370/2370/2370
f 2376/2376/2376 2375/2375/2375 2374/2374/2374
f 2377/2377/2377 2376/2376/2376 2374/2374/2374
f 2380/2380/2380 2379/2379/2379 2378/2378/2378
f 2381/2381/2381 2380/2380/2380 2378/2378/2378
f 2384/2384/2384 2383/2383/2383 2382/2382/2382
f 2385/2385/2385 2384/2384/2384 2382/2382/2382
f 2388/2388/2388 2387/2387/2387 2386/2386/2386
f 2389/2389/2389 2388/2388/2388 2386/2386/2386
f 2392/2392/2392 2391/2391/2391 2390/2390/2390
f 2393/2393/2393 2392/2392/2392 2390/2390/2390
f 2396/2396/2396 2395/2395/2395 2394/2394/2394
f 2397/2397/2397 2396/2396/2396 2394/2394/2394
f 2400/2400/2400 2399/2399/2399 2398/2398/2398
f 2401/2401/2401 2400/2400/2400 2398/2398/2398
f 2404/2404/2404 2403/2403/2403 2402/2402/2402
f 2405/2405/2405 2404/2404/2404 2402/2402/2402
f 2408/2408/2408 2407/2407/2407 2406/2406/2406
f 2409/2409/2409 2408/2408/2408 2406/2406/2406
f 2412/2412/2412 2411/2411/2411 2410/2410/2410
f 2413/2413/2413 2412/2412/2412 2410/2410/2410
f 2416/2416/2416 2415/2415/2415 2414/2414/2414
f 2417/2417/2417 2416/2416/2416 2414/2414/2414
f 2420/2420/2420 2419/2419/2419 2418/2418/2418
f 2421/2421/2421 2420/2420/2420 2418/2418/2418
f 2424/2424/2424 2423/2423/2423 2422/2422/2422
f 2425/2425/2425 2424/2424/2424 2422/2422/2422
f 2428/2428/2428 2427/2427/2427 2426/2426/2426
f 2429/2429/2429 2428/2428/2428 2426/2426/2426
f 2432/2432/2432 2431/2431/2431 2430/2430/2430
f 2435/2435/2435 2434/2434/2434 2433/2433/2433
f 2438/2438/2438 2437/2437/2437 2436/2436/2436
f 2441/2441/2441 2440/2440/2440 2439/2439/2439
f 2444/2444/2444 2443/2443/2443 2442/2442/2442
f 2445/2445/2445 2444/2444/2444 2442/2442/2442
f 2448/2448/2448 2447/2447/2447 2446/2446/2446
f 2449/2449/2449 2448/2448/2448 2446/2446/2446
f 2452/2452/2452 2451/2451/2451 2450/2450/2450
f 2455/2455/2455 2454/2454/2454 2453/2453/2453
f 2458/2458/2458 2457/2457/2457 2456/2456/2456
f 2459/2459/2459 2458/2458/2458 2456/2456/2456
f 2460/2460/2460 2459/2459/2459 2456/2456/2456
f 2461/2461/2461 2460/2460/2460 2456/2456/2456
f 2461/2461/2461 2462/2462/2462 2460/2460/2460
f 2465/2465/2465 2464/2464/2464 2463/2463/2463
f 2466/2466/2466 2465/2465/2465 2463/2463/2463
f 2469/2469/2469 2468/2468/2468 2467/2467/2467
f 2470/2470/2470 2469/2469/2469 2467/2467/2467
f 2471/2471/2471 2467/2467/2467 2468/2468/2468
f 2472/2472/2472 2471/2471/2471 2468/2468/2468
f 2472/2472/2472 2473/2473/2473 2471/2471/2471
f 2473/2473/2473 2474/2474/2474 2471/2471/2471
f 2474/2474/2474 2473/2473/2473 2475/2475/2475
f 2473/2473/2473 2476/2476/2476 2475/2475/2475
f 2475/2475/2475 2476/2476/2476 2477/2477/2477
f 2476/2476/2476 2478/2478/2478 2477/2477/2477
f 2479/2479/2479 2477/2477/2477 2478/2478/2478
f 2480/2480/2480 2479/2479/2479 2478/2478/2478
f 2483/2483/2483 2482/2482/2482 2481/2481/2481
f 2484/2484/2484 2483/2483/2483 2481/2481/2481
f 2484/2484/2484 2481/2481/2481 2485/2485/2485
f 2481/2481/2481 2486/2486/2486 2485/2485/2485
f 2489/2489/2489 2488/2488/2488 2487/2487/2487
f 2490/2490/2490 2489/2489/2489 2487/2487/2487
f 2493/2493/2493 2492/2492/2492 2491/2491/2491
f 2494/2494/2494 2493/2493/2493 2491/2491/2491
f 2492/2492/2492 2493/2493/2493 2495/2495/2495
f 2493/2493/2493 2496/2496/2496 2495/2495/2495
f 2495/2495/2495 2496/2496/2496 2497/2497/2497
f 2498/2498/2498 2495/2495/2495 2497/2497/2497
f 2499/2499/2499 2494/2494/2494 2491/2491/2491
f 2500/2500/2500 2499/2499/2499 2491/2491/2491
f 2500/2500/2500 2501/2501/2501 2499/2499/2499
f 2501/2501/2501 2502/2502/2502 2499/2499/2499
f 2502/2502/2502 2501/2501/2501 2503/2503/2503
f 2501/2501/2501 2504/2504/2504 2503/2503/2503
f 2503/2503/2503 2504/2504/2504 2505/2505/2505
f 2506/2506/2506 2503/2503/2503 2505/2505/2505
f 2507/2507/2507 2506/2506/2506 2505/2505/2505
f 2508/2508/2508 2507/2507/2507 2505/2505/2505
f 2498/2498/2498 2497/2497/2497 1804/1804/1804
f 2497/2497/2497 1805/1805/1805 1804/1804/1804
f 2511/2511/2511 2510/2510/2510 2509/2509/2509
f 2512/2512/2512 2511/2511/2511 2509/2509/2509
f 2510/2510/2510 2511/2511/2511 2513/2513/2513
f 2511/2511/2511 2514/2514/2514 2513/2513/2513
f 2513/2513/2513 2514/2514/2514 2515/2515/2515
f 2516/2516/2516 2513/2513/2513 2515/2515/2515
f 2516/2516/2516 2515/2515/2515 1868/1868/1868
f 2515/2515/2515 1871/1871/1871 1868/1868/1868
f 2518/2518/2518 2517/2517/2517 2512/2512/2512
f 2519/2519/2519 2518/2518/2518 2512/2512/2512
f 2522/2522/2522 2521/2521/2521 2520/2520/2520
f 2523/2523/2523 2522/2522/2522 2520/2520/2520
f 2521/2521/2521 2522/2522/2522 2524/2524/2524
f 2522/2522/2522 2525/2525/2525 2524/2524/2524
f 2524/2524/2524 2525/2525/2525 2526/2526/2526
f 2525/2525/2525 2527/2527/2527 2526/2526/2526
f 2523/2523/2523 2520/2520/2520 2528/2528/2528
f 2520/2520/2520 2529/2529/2529 2528/2528/2528
f 2532/2532/2532 2531/2531/2531 2530/2530/2530
f 2533/2533/2533 2532/2532/2532 2530/2530/2530
f 2532/2532/2532 2534/2534/2534 2531/2531/2531
f 2534/2534/2534 2535/2535/2535 2531/2531/2531
f 2535/2535/2535 2534/2534/2534 2536/2536/2536
f 2537/2537/2537 2535/2535/2535 2536/2536/2536
f 2533/2533/2533 2530/2530/2530 2538/2538/2538
f 2530/2530/2530 2539/2539/2539 2538/2538/2538
f 2542/2542/2542 2541/2541/2541 2540/2540/2540
f 2540/2540/2540 2541/2541/2541 2543/2543/2543
f 2541/2541/2541 2544/2544/2544 2543/2543/2543
f 2547/2547/2547 2546/2546/2546 2545/2545/2545
f 2548/2548/2548 2546/2546/2546 2547/2547/2547
f 2551/2551/2551 2550/2550/2550 2549/2549/2549
f 2550/2550/2550 2551/2551/2551 2552/2552/2552
f 2553/2553/2553 2550/2550/2550 2552/2552/2552
f 2555/2555/2555 2554/2554/2554 2553/2553/2553
f 2556/2556/2556 2555/2555/2555 2553/2553/2553
f 2559/2559/2559 2558/2558/2558 2557/2557/2557
f 2560/2560/2560 2559/2559/2559 2557/2557/2557
f 2558/2558/2558 2559/2559/2559 2561/2561/2561
f 2559/2559/2559 2562/2562/2562 2561/2561/2561
f 2561/2561/2561 2562/2562/2562 2563/2563/2563
f 2562/2562/2562 2564/2564/2564 2563/2563/2563
f 2567/2567/2567 2566/2566/2566 2565/2565/2565
f 2568/2568/2568 2567/2567/2567 2565/2565/2565
f 2567/2567/2567 2569/2569/2569 2566/2566/2566
f 2569/2569/2569 2570/2570/2570 2566/2566/2566
f 2570/2570/2570 2569/2569/2569 2571/2571/2571
f 2572/2572/2572 2570/2570/2570 2571/2571/2571
f 2575/2575/2575 2574/2574/2574 2573/2573/2573
f 2576/2576/2576 2575/2575/2575 2573/2573/2573
f 2577/2577/2577 2575/2575/2575 2576/2576/2576
f 2578/2578/2578 2577/2577/2577 2576/2576/2576
f 2573/2573/2573 2574/2574/2574 2579/2579/2579
f 2574/2574/2574 2580/2580/2580 2579/2579/2579
f 2583/2583/2583 2582/2582/2582 2581/2581/2581
f 2584/2584/2584 2583/2583/2583 2581/2581/2581
f 2587/2587/2587 2586/2586/2586 2585/2585/2585
f 2586/2586/2586 2587/2587/2587 2588/2588/2588
f 2587/2587/2587 2589/2589/2589 2588/2588/2588
f 2588/2588/2588 2589/2589/2589 2590/2590/2590
f 2589/2589/2589 2591/2591/2591 2590/2590/2590
f 2588/2588/2588 2590/2590/2590 2592/2592/2592
f 2590/2590/2590 2593/2593/2593 2592/2592/2592
f 2596/2596/2596 2595/2595/2595 2594/2594/2594
f 2599/2599/2599 2598/2598/2598 2597/2597/2597
f 2600/2600/2600 2599/2599/2599 2597/2597/2597
f 2599/2599/2599 2601/2601/2601 2598/2598/2598
f 2601/2601/2601 2602/2602/2602 2598/2598/2598
f 2602/2602/2602 2601/2601/2601 2603/2603/2603
f 2604/2604/2604 2602/2602/2602 2603/2603/2603
f 2607/2607/2607 2606/2606/2606 2605/2605/2605
f 2608/2608/2608 2607/2607/2607 2605/2605/2605
f 2609/2609/2609 2607/2607/2607 2608/2608/2608
f 2610/2610/2610 2609/2609/2609 2608/2608/2608
f 2609/2609/2609 2610/2610/2610 2611/2611/2611
f 2612/2612/2612 2609/2609/2609 2611/2611/2611
f 2613/2613/2613 2611/2611/2611 2610/2610/2610
f 2616/2616/2616 2615/2615/2615 2614/2614/2614
f 2617/2617/2617 2616/2616/2616 2614/2614/2614
f 2618/2618/2618 2616/2616/2616 2617/2617/2617
f 2619/2619/2619 2618/2618/2618 2617/2617/2617
f 2618/2618/2618 2619/2619/2619 2620/2620/2620
f 2621/2621/2621 2618/2618/2618 2620/2620/2620
f 2614/2614/2614 2615/2615/2615 2622/2622/2622
f 2615/2615/2615 2623/2623/2623 2622/2622/2622
f 2626/2626/2626 2625/2625/2625 2624/2624/2624
f 2627/2627/2627 2626/2626/2626 2624/2624/2624
f 2625/2625/2625 2626/2626/2626 2628/2628/2628
f 2626/2626/2626 2629/2629/2629 2628/2628/2628
f 2628/2628/2628 2629/2629/2629 2630/2630/2630
f 2631/2631/2631 2628/2628/2628 2630/2630/2630
f 2631/2631/2631 2630/2630/2630 2632/2632/2632
f 2630/2630/2630 2633/2633/2633 2632/2632/2632
f 2636/2636/2636 2635/2635/2635 2634/2634/2634
f 2637/2637/2637 2636/2636/2636 2634/2634/2634
f 2638/2638/2638 2636/2636/2636 2637/2637/2637
f 2639/2639/2639 2638/2638/2638 2637/2637/2637
f 2638/2638/2638 2639/2639/2639 2640/2640/2640
f 2641/2641/2641 2638/2638/2638 2640/2640/2640
f 2641/2641/2641 2640/2640/2640 2642/2642/2642
f 2640/2640/2640 2643/2643/2643 2642/2642/2642
f 2646/2646/2646 2645/2645/2645 2644/2644/2644
f 2647/2647/2647 2646/2646/2646 2644/2644/2644
f 2645/2645/2645 2646/2646/2646 2648/2648/2648
f 2646/2646/2646 2649/2649/2649 2648/2648/2648
f 2648/2648/2648 2649/2649/2649 2650/2650/2650
f 2649/2649/2649 2651/2651/2651 2650/2650/2650
f 2647/2647/2647 2644/2644/2644 2652/2652/2652
f 2644/2644/2644 2653/2653/2653 2652/2652/2652
f 2655/2655/2655 2651/2651/2651 2654/2654/2654
f 2656/2656/2656 2655/2655/2655 2654/2654/2654
f 2659/2659/2659 2658/2658/2658 2657/2657/2657
f 2660/2660/2660 2659/2659/2659 2657/2657/2657
f 2659/2659/2659 2661/2661/2661 2658/2658/2658
f 2661/2661/2661 2662/2662/2662 2658/2658/2658
f 2662/2662/2662 2661/2661/2661 2663/2663/2663
f 2664/2664/2664 2662/2662/2662 2663/2663/2663
f 2660/2660/2660 2657/2657/2657 2665/2665/2665
f 2657/2657/2657 2666/2666/2666 2665/2665/2665
f 2669/2669/2669 2668/2668/2668 2667/2667/2667
f 2670/2670/2670 2669/2669/2669 2667/2667/2667
f 2671/2671/2671 2669/2669/2669 2670/2670/2670
f 2672/2672/2672 2671/2671/2671 2670/2670/2670
f 2671/2671/2671 2672/2672/2672 2673/2673/2673
f 2674/2674/2674 2671/2671/2671 2673/2673/2673
f 2667/2667/2667 2668/2668/2668 2675/2675/2675
f 2668/2668/2668 2676/2676/2676 2675/2675/2675
f 2677/2677/2677 595/595/595 583/583/583
f 2680/2680/2680 2679/2679/2679 2678/2678/2678
f 2681/2681/2681 2680/2680/2680 2678/2678/2678
f 2682/2682/2682 2680/2680/2680 2681/2681/2681
f 2683/2683/2683 2682/2682/2682 2681/2681/2681
f 2682/2682/2682 2683/2683/2683 584/584/584
f 2684/2684/2684 2682/2682/2682 584/584/584
f 2685/2685/2685 2678/2678/2678 2679/2679/2679
f 2686/2686/2686 2685/2685/2685 2679/2679/2679
f 2689/2689/2689 2688/2688/2688 2687/2687/2687
f 2690/2690/2690 2689/2689/2689 2687/2687/2687
f 2693/2693/2693 2692/2692/2692 2691/2691/2691
f 2694/2694/2694 2693/2693/2693 2691/2691/2691
f 2697/2697/2697 2696/2696/2696 2695/2695/2695
f 2698/2698/2698 2697/2697/2697 2695/2695/2695
f 2699/2699/2699 2698/2698/2698 2695/2695/2695
f 2700/2700/2700 2699/2699/2699 2695/2695/2695
f 2703/2703/2703 2702/2702/2702 2701/2701/2701
f 2704/2704/2704 2703/2703/2703 2701/2701/2701
f 2707/2707/2707 2706/2706/2706 2705/2705/2705
f 2708/2708/2708 2707/2707/2707 2705/2705/2705
f 2711/2711/2711 2710/2710/2710 2709/2709/2709
f 2712/2712/2712 2711/2711/2711 2709/2709/2709
f 2715/2715/2715 2714/2714/2714 2713/2713/2713
f 2716/2716/2716 2715/2715/2715 2713/2713/2713
f 2719/2719/2719 2718/2718/2718 2717/2717/2717
f 2720/2720/2720 2719/2719/2719 2717/2717/2717
f 2723/2723/2723 2722/2722/2722 2721/2721/2721
f 2724/2724/2724 2723/2723/2723 2721/2721/2721
f 2727/2727/2727 2726/2726/2726 2725/2725/2725
f 2728/2728/2728 2727/2727/2727 2725/2725/2725
f 2731/2731/2731 2730/2730/2730 2729/2729/2729
f 2732/2732/2732 2731/2731/2731 2729/2729/2729
f 2735/2735/2735 2734/2734/2734 2733/2733/2733
f 2736/2736/2736 2735/2735/2735 2733/2733/2733
f 2739/2739/2739 2738/2738/2738 2737/2737/2737
f 2740/2740/2740 2739/2739/2739 2737/2737/2737
f 2743/2743/2743 2742/2742/2742 2741/2741/2741
f 2744/2744/2744 2743/2743/2743 2741/2741/2741
f 2747/2747/2747 2746/2746/2746 2745/2745/2745
f 2748/2748/2748 2747/2747/2747 2745/2745/2745
f 2751/2751/2751 2750/2750/2750 2749/2749/2749
f 2752/2752/2752 2751/2751/2751 2749/2749/2749
f 2755/2755/2755 2754/2754/2754 2753/2753/2753
f 2756/2756/2756 2755/2755/2755 2753/2753/2753
f 2759/2759/2759 2758/2758/2758 2757/2757/2757
f 2760/2760/2760 2759/2759/2759 2757/2757/2757
f 2763/2763/2763 2762/2762/2762 2761/2761/2761
f 2764/2764/2764 2763/2763/2763 2761/2761/2761
f 2767/2767/2767 2766/2766/2766 2765/2765/2765
f 2768/2768/2768 2767/2767/2767 2765/2765/2765
f 2771/2771/2771 2770/2770/2770 2769/2769/2769
f 2772/2772/2772 2771/2771/2771 2769/2769/2769
f 2775/2775/2775 2774/2774/2774 2773/2773/2773
f 2778/2778/2778 2777/2777/2777 2776/2776/2776
f 2781/2781/2781 2780/2780/2780 2779/2779/2779
f 2782/2782/2782 2781/2781/2781 2779/2779/2779
f 2785/2785/2785 2784/2784/2784 2783/2783/2783
f 2786/2786/2786 2785/2785/2785 2783/2783/2783
f 2789/2789/2789 2788/2788/2788 2787/2787/2787
f 2790/2790/2790 2789/2789/2789 2787/2787/2787
f 2793/2793/2793 2792/2792/2792 2791/2791/2791
f 2794/2794/2794 2793/2793/2793 2791/2791/2791
f 2797/2797/2797 2796/2796/2796 2795/2795/2795
f 2798/2798/2798 2797/2797/2797 2795/2795/2795
f 2801/2801/2801 2800/2800/2800 2799/2799/2799
f 2802/2802/2802 2801/2801/2801 2799/2799/2799
f 2805/2805/2805 2804/2804/2804 2803/2803/2803
f 2806/2806/2806 2805/2805/2805 2803/2803/2803
f 2809/2809/2809 2808/2808/2808 2807/2807/2807
f 2810/2810/2810 2809/2809/2809 2807/2807/2807
f 2813/2813/2813 2812/2812/2812 2811/2811/2811
f 2814/2814/2814 2813/2813/2813 2811/2811/2811
f 2817/2817/2817 2816/2816/2816 2815/2815/2815
f 2818/2818/2818 2817/2817/2817 2815/2815/2815
f 2821/2821/2821 2820/2820/2820 2819/2819/2819
f 2822/2822/2822 2821/2821/2821 2819/2819/2819
f 2823/2823/2823 2819/2819/2819 2820/2820/2820
f 2826/2826/2826 2825/2825/2825 2824/2824/2824
f 2827/2827/2827 2826/2826/2826 2824/2824/2824
f 2830/2830/2830 2829/2829/2829 2828/2828/2828
f 2831/2831/2831 2830/2830/2830 2828/2828/2828
f 2834/2834/2834 2833/2833/2833 2832/2832/2832
f 2837/2837/2837 2836/2836/2836 2835/2835/2835
f 2838/2838/2838 2837/2837/2837 2835/2835/2835
f 2837/2837/2837 2838/2838/2838 2839/2839/2839
f 2840/2840/2840 2837/2837/2837 2839/2839/2839
f 2843/2843/2843 2842/2842/2842 2841/2841/2841
f 2844/2844/2844 2843/2843/2843 2841/2841/2841
f 2847/2847/2847 2846/2846/2846 2845/2845/2845
f 2848/2848/2848 2847/2847/2847 2845/2845/2845
f 2850/2850/2850 2849/2849/2849 1094/1094/1094
f 2851/2851/2851 2850/2850/2850 1094/1094/1094
f 2852/2852/2852 2850/2850/2850 2851/2851/2851
f 2853/2853/2853 2852/2852/2852 2851/2851/2851
f 2852/2852/2852 2853/2853/2853 2854/2854/2854
f 2855/2855/2855 2852/2852/2852 2854/2854/2854
f 2856/2856/2856 2855/2855/2855 2854/2854/2854
f 2857/2857/2857 2856/2856/2856 2854/2854/2854
f 2860/2860/2860 2859/2859/2859 2858/2858/2858
f 2861/2861/2861 2860/2860/2860 2858/2858/2858
f 2862/2862/2862 2860/2860/2860 2861/2861/2861
f 2863/2863/2863 2862/2862/2862 2861/2861/2861
f 2862/2862/2862 2863/2863/2863 2864/2864/2864
f 2865/2865/2865 2862/2862/2862 2864/2864/2864
f 2865/2865/2865 2864/2864/2864 1106/1106/1106
f 2864/2864/2864 2866/2866/2866 1106/1106/1106
f 2867/2867/2867 2858/2858/2858 2859/2859/2859
f 2868/2868/2868 2867/2867/2867 2859/2859/2859
f 2871/2871/2871 2870/2870/2870 2869/2869/2869
f 2872/2872/2872 2871/2871/2871 2869/2869/2869
f 2873/2873/2873 2872/2872/2872 2869/2869/2869
f 2874/2874/2874 2873/2873/2873 2869/2869/2869
f 2877/2877/2877 2876/2876/2876 2875/2875/2875
f 2878/2878/2878 2877/2877/2877 2875/2875/2875
f 2881/2881/2881 2880/2880/2880 2879/2879/2879
f 2882/2882/2882 2881/2881/2881 2879/2879/2879
f 2885/2885/2885 2884/2884/2884 2883/2883/2883
f 2886/2886/2886 2885/2885/2885 2883/2883/2883
f 2889/2889/2889 2888/2888/2888 2887/2887/2887
f 2890/2890/2890 2889/2889/2889 2887/2887/2887
f 2893/2893/2893 2892/2892/2892 2891/2891/2891
f 2894/2894/2894 2893/2893/2893 2891/2891/2891
f 2897/2897/2897 2896/2896/2896 2895/2895/2895
f 2898/2898/2898 2897/2897/2897 2895/2895/2895
f 2901/2901/2901 2900/2900/2900 2899/2899/2899
f 2902/2902/2902 2901/2901/2901 2899/2899/2899
f 2905/2905/2905 2904/2904/2904 2903/2903/2903
f 2906/2906/2906 2905/2905/2905 2903/2903/2903
f 2909/2909/2909 2908/2908/2908 2907/2907/2907
f 2910/2910/2910 2909/2909/2909 2907/2907/2907
f 2913/2913/2913 2912/2912/2912 2911/2911/2911
f 2914/2914/2914 2913/2913/2913 2911/2911/2911
f 2917/2917/2917 2916/2916/2916 2915/2915/2915
f 2918/2918/2918 2917/2917/2917 2915/2915/2915
f 2921/2921/2921 2920/2920/2920 2919/2919/2919
f 2922/2922/2922 2921/2921/2921 2919/2919/2919
f 2925/2925/2925 2924/2924/2924 2923/2923/2923
f 2926/2926/2926 2925/2925/2925 2923/2923/2923
f 2929/2929/2929 2928/2928/2928 2927/2927/2927
f 2932/2932/2932 2931/2931/2931 2930/2930/2930
f 2935/2935/2935 2934/2934/2934 2933/2933/2933
f 2938/2938/2938 2937/2937/2937 2936/2936/2936
f 2941/2941/2941 2940/2940/2940 2939/2939/2939
f 2942/2942/2942 2941/2941/2941 2939/2939/2939
f 2945/2945/2945 2944/2944/2944 2943/2943/2943
f 2946/2946/2946 2945/2945/2945 2943/2943/2943
f 2949/2949/2949 2948/2948/2948 2947/2947/2947
f 2950/2950/2950 2949/2949/2949 2947/2947/2947
f 2953/2953/2953 2952/2952/2952 2951/2951/2951
f 2954/2954/2954 2953/2953/2953 2951/2951/2951
f 2957/2957/2957 2956/2956/2956 2955/2955/2955
f 2960/2960/2960 2959/2959/2959 2958/2958/2958
f 2963/2963/2963 2962/2962/2962 2961/2961/2961
f 2964/2964/2964 2963/2963/2963 2961/2961/2961
f 2965/2965/2965 2964/2964/2964 2961/2961/2961
f 2966/2966/2966 2965/2965/2965 2961/2961/2961
f 2969/2969/2969 2968/2968/2968 2967/2967/2967
f 2970/2970/2970 2969/2969/2969 2967/2967/2967
f 2973/2973/2973 2972/2972/2972 2971/2971/2971
f 2974/2974/2974 2973/2973/2973 2971/2971/2971
f 2977/2977/2977 2976/2976/2976 2975/2975/2975
f 2978/2978/2978 2977/2977/2977 2975/2975/2975
f 2981/2981/2981 2980/2980/2980 2979/2979/2979
f 2982/2982/2982 2981/2981/2981 2979/2979/2979
f 2985/2985/2985 2984/2984/2984 2983/2983/2983
f 2988/2988/2988 2987/2987/2987 2986/2986/2986
f 2991/2991/2991 2990/2990/2990 2989/2989/2989
f 2992/2992/2992 2991/2991/2991 2989/2989/2989
f 2995/2995/2995 2994/2994/2994 2993/2993/2993
f 2996/2996/2996 2995/2995/2995 2993/2993/2993
f 2999/2999/2999 2998/2998/2998 2997/2997/2997
f 3000/3000/3000 2999/2999/2999 2997/2997/2997
f 3003/3003/3003 3002/3002/3002 3001/3001/3001
f 3004/3004/3004 3003/3003/3003 3001/3001/3001
f 3007/3007/3007 3006/3006/3006 3005/3005/3005
f 3008/3008/3008 3007/3007/3007 3005/3005/3005
f 3011/3011/3011 3010/3010/3010 3009/3009/3009
f 3012/3012/3012 3011/3011/3011 3009/3009/3009
f 3015/3015/3015 3014/3014/3014 3013/3013/3013
f 3016/3016/3016 3015/3015/3015 3013/3013/3013
f 3019/3019/3019 3018/3018/3018 3017/3017/3017
f 3020/3020/3020 3019/3019/3019 3017/3017/3017
f 3023/3023/3023 3022/3022/3022 3021/3021/3021
f 3024/3024/3024 3023/3023/3023 3021/3021/3021
f 3027/3027/3027 3026/3026/3026 3025/3025/3025
f 3028/3028/3028 3027/3027/3027 3025/3025/3025
f 3031/3031/3031 3030/3030/3030 3029/3029/3029
f 3032/3032/3032 3031/3031/3031 3029/3029/3029
f 3035/3035/3035 3034/3034/3034 3033/3033/3033
f 3036/3036/3036 3035/3035/3035 3033/3033/3033
f 3039/3039/3039 3038/3038/3038 3037/3037/3037
f 3040/3040/3040 3039/3039/3039 3037/3037/3037
f 3043/3043/3043 3042/3042/3042 3041/3041/3041
f 3044/3044/3044 3043/3043/3043 3041/3041/3041
f 3047/3047/3047 3046/3046/3046 3045/3045/3045
f 3048/3048/3048 3047/3047/3047 3045/3045/3045
f 3048/3048/3048 3045/3045/3045 3049/3049/3049
f 3045/3045/3045 3050/3050/3050 3049/3049/3049
f 3053/3053/3053 3052/3052/3052 3051/3051/3051
f 3054/3054/3054 3053/3053/3053 3051/3051/3051
f 3057/3057/3057 3056/3056/3056 3055/3055/3055
f 3060/3060/3060 3059/3059/3059 3058/3058/3058
f 3063/3063/3063 3062/3062/3062 3061/3061/3061
f 3064/3064/3064 3063/3063/3063 3061/3061/3061
f 3067/3067/3067 3066/3066/3066 3065/3065/3065
f 3068/3068/3068 3067/3067/3067 3065/3065/3065
f 3071/3071/3071 3070/3070/3070 3069/3069/3069
f 3072/3072/3072 3071/3071/3071 3069/3069/3069
f 3075/3075/3075 3074/3074/3074 3073/3073/3073
f 3076/3076/3076 3075/3075/3075 3073/3073/3073
f 3079/3079/3079 3078/3078/3078 3077/3077/3077
f 3080/3080/3080 3079/3079/3079 3077/3077/3077
f 3083/3083/3083 3082/3082/3082 3081/3081/3081
f 3084/3084/3084 3083/3083/3083 3081/3081/3081
f 3087/3087/3087 3086/3086/3086 3085/3085/3085
f 3088/3088/3088 3087/3087/3087 3085/3085/3085
f 3091/3091/3091 3090/3090/3090 3089/3089/3089
f 3092/3092/3092 3091/3091/3091 3089/3089/3089
f 3095/3095/3095 3094/3094/3094 3093/3093/3093
f 3096/3096/3096 3095/3095/3095 3093/3093/3093
f 3099/3099/3099 3098/3098/3098 3097/3097/3097
f 3100/3100/3100 3099/3099/3099 3097/3097/3097
f 3103/3103/3103 3102/3102/3102 3101/3101/3101
f 3104/3104/3104 3103/3103/3103 3101/3101/3101
f 3107/3107/3107 3106/3106/3106 3105/3105/3105
f 3108/3108/3108 3107/3107/3107 3105/3105/3105
f 3111/3111/3111 3110/3110/3110 3109/3109/3109
f 3112/3112/3112 3111/3111/3111 3109/3109/3109
f 3115/3115/3115 3114/3114/3114 3113/3113/3113
f 3116/3116/3116 3115/3115/3115 3113/3113/3113
f 3119/3119/3119 3118/3118/3118 3117/3117/3117
f 3120/3120/3120 3119/3119/3119 3117/3117/3117
f 3123/3123/3123 3122/3122/3122 3121/3121/3121
f 3124/3124/3124 3123/3123/3123 3121/3121/3121
f 3127/3127/3127 3126/3126/3126 3125/3125/3125
f 3128/3128/3128 3127/3127/3127 3125/3125/3125
f 3125/3125/3125 3126/3126/3126 3129/3129/3129
f 3126/3126/3126 3130/3130/3130 3129/3129/3129
f 3133/3133/3133 3132/3132/3132 3131/3131/3131
f 3134/3134/3134 3133/3133/3133 3131/3131/3131
f 3137/3137/3137 3136/3136/3136 3135/3135/3135
f 3138/3138/3138 3137/3137/3137 3135/3135/3135
f 3141/3141/3141 3140/3140/3140 3139/3139/3139
f 3142/3142/3142 3141/3141/3141 3139/3139/3139
f 3140/3140/3140 3141/3141/3141 3143/3143/3143
f 3141/3141/3141 3144/3144/3144 3143/3143/3143
f 3143/3143/3143 3144/3144/3144 3145/3145/3145
f 3146/3146/3146 3143/3143/3143 3145/3145/3145
f 3147/3147/3147 3146/3146/3146 3145/3145/3145
f 3148/3148/3148 3147/3147/3147 3145/3145/3145
f 3139/3139/3139 711/711/711 2197/2197/2197
f 3149/3149/3149 3139/3139/3139 2197/2197/2197
f 3149/3149/3149 2197/2197/2197 3150/3150/3150
f 3151/3151/3151 3149/3149/3149 3150/3150/3150
f 3152/3152/3152 3149/3149/3149 3151/3151/3151
f 3153/3153/3153 3152/3152/3152 3151/3151/3151
f 3154/3154/3154 3152/3152/3152 3153/3153/3153
f 3155/3155/3155 3154/3154/3154 3153/3153/3153
f 3154/3154/3154 3155/3155/3155 3156/3156/3156
f 3157/3157/3157 3154/3154/3154 3156/3156/3156
f 3158/3158/3158 3157/3157/3157 3156/3156/3156
f 3159/3159/3159 3158/3158/3158 3156/3156/3156
f 3162/3162/3162 3161/3161/3161 3160/3160/3160
f 3163/3163/3163 3162/3162/3162 3160/3160/3160
f 3164/3164/3164 3160/3160/3160 3161/3161/3161
f 3165/3165/3165 3164/3164/3164 3161/3161/3161
f 3165/3165/3165 3166/3166/3166 3164/3164/3164
f 3166/3166/3166 3167/3167/3167 3164/3164/3164
f 3170/3170/3170 3169/3169/3169 3168/3168/3168
f 3171/3171/3171 3170/3170/3170 3168/3168/3168
f 3174/3174/3174 3173/3173/3173 3172/3172/3172
f 3175/3175/3175 3174/3174/3174 3172/3172/3172
f 3176/3176/3176 3174/3174/3174 3175/3175/3175
f 646/646/646 3176/3176/3176 3175/3175/3175
f 3176/3176/3176 646/646/646 3177/3177/3177
f 3178/3178/3178 3176/3176/3176 3177/3177/3177
f 3179/3179/3179 3172/3172/3172 3173/3173/3173
f 628/628/628 3179/3179/3179 3173/3173/3173
f 3180/3180/3180 3178/3178/3178 3177/3177/3177
f 3181/3181/3181 3180/3180/3180 3177/3177/3177
f 3182/3182/3182 3180/3180/3180 3181/3181/3181
f 3183/3183/3183 3182/3182/3182 3181/3181/3181
f 3184/3184/3184 3182/3182/3182 3183/3183/3183
f 3185/3185/3185 3184/3184/3184 3183/3183/3183
f 3184/3184/3184 3185/3185/3185 3186/3186/3186
f 3187/3187/3187 3184/3184/3184 3186/3186/3186
f 3188/3188/3188 3187/3187/3187 3186/3186/3186
f 3189/3189/3189 3188/3188/3188 3186/3186/3186
f 3190/3190/3190 3188/3188/3188 657/657/657
f 3191/3191/3191 3190/3190/3190 657/657/657
f 3192/3192/3192 3190/3190/3190 3191/3191/3191
f 3193/3193/3193 3192/3192/3192 3191/3191/3191
f 3192/3192/3192 3193/3193/3193 3194/3194/3194
f 3195/3195/3195 3192/3192/3192 3194/3194/3194
f 3196/3196/3196 3195/3195/3195 3194/3194/3194
f 3197/3197/3197 3196/3196/3196 3194/3194/3194
f 3200/3200/3200 3199/3199/3199 3198/3198/3198
f 3201/3201/3201 3200/3200/3200 3198/3198/3198
f 3202/3202/3202 3201/3201/3201 3198/3198/3198
f 3203/3203/3203 3202/3202/3202 3198/3198/3198
f 3203/3203/3203 3204/3204/3204 3202/3202/3202
f 3204/3204/3204 3205/3205/3205 3202/3202/3202
f 3208/3208/3208 3207/3207/3207 3206/3206/3206
f 3209/3209/3209 3208/3208/3208 3206/3206/3206
f 3212/3212/3212 3211/3211/3211 3210/3210/3210
f 3213/3213/3213 3212/3212/3212 3210/3210/3210
f 3216/3216/3216 3215/3215/3215 3214/3214/3214
f 3217/3217/3217 3216/3216/3216 3214/3214/3214
f 3220/3220/3220 3219/3219/3219 3218/3218/3218
f 3221/3221/3221 3220/3220/3220 3218/3218/3218
f 3224/3224/3224 3223/3223/3223 3222/3222/3222
f 3225/3225/3225 3224/3224/3224 3222/3222/3222
f 3228/3228/3228 3227/3227/3227 3226/3226/3226
f 3229/3229/3229 3228/3228/3228 3226/3226/3226
f 3232/3232/3232 3231/3231/3231 3230/3230/3230
f 3233/3233/3233 3232/3232/3232 3230/3230/3230
f 3236/3236/3236 3235/3235/3235 3234/3234/3234
f 3237/3237/3237 3236/3236/3236 3234/3234/3234
f 3240/3240/3240 3239/3239/3239 3238/3238/3238
f 3241/3241/3241 3240/3240/3240 3238/3238/3238
f 3244/3244/3244 3243/3243/3243 3242/3242/3242
f 3245/3245/3245 3244/3244/3244 3242/3242/3242
f 3248/3248/3248 3247/3247/3247 3246/3246/3246
f 3249/3249/3249 3248/3248/3248 3246/3246/3246
f 3252/3252/3252 3251/3251/3251 3250/3250/3250
f 3253/3253/3253 3252/3252/3252 3250/3250/3250
f 3256/3256/3256 3255/3255/3255 3254/3254/3254
f 3257/3257/3257 3256/3256/3256 3254/3254/3254
f 3260/3260/3260 3259/3259/3259 3258/3258/3258
f 3261/3261/3261 3260/3260/3260 3258/3258/3258
f 3264/3264/3264 3263/3263/3263 3262/3262/3262
f 3265/3265/3265 3264/3264/3264 3262/3262/3262
f 3268/3268/3268 3267/3267/3267 3266/3266/3266
f 3269/3269/3269 3268/3268/3268 3266/3266/3266
f 3272/3272/3272 3271/3271/3271 3270/3270/3270
f 3273/3273/3273 3272/3272/3272 3270/3270/3270
f 3276/3276/3276 3275/3275/3275 3274/3274/3274
f 3277/3277/3277 3276/3276/3276 3274/3274/3274
f 3280/3280/3280 3279/3279/3279 3278/3278/3278
f 3281/3281/3281 3280/3280/3280 3278/3278/3278
f 3284/3284/3284 3283/3283/3283 3282/3282/3282
f 3285/3285/3285 3284/3284/3284 3282/3282/3282
f 3288/3288/3288 3287/3287/3287 3286/3286/3286
f 3289/3289/3289 3288/3288/3288 3286/3286/3286
f 3292/3292/3292 3291/3291/3291 3290/3290/3290
f 3293/3293/3293 3292/3292/3292 3290/3290/3290
f 3296/3296/3296 3295/3295/3295 3294/3294/3294
f 3297/3297/3297 3296/3296/3296 3294/3294/3294
f 3300/3300/3300 3299/3299/3299 3298/3298/3298
f 3301/3301/3301 3300/3300/3300 3298/3298/3298
f 3304/3304/3304 3303/3303/3303 3302/3302/3302
f 3305/3305/3305 3304/3304/3304 3302/3302/3302
f 3308/3308/3308 3307/3307/3307 3306/3306/3306
f 3309/3309/3309 3308/3308/3308 3306/3306/3306
f 3312/3312/3312 3311/3311/3311 3310/3310/3310
f 3313/3313/3313 3312/3312/3312 3310/3310/3310
f 3316/3316/3316 3315/3315/3315 3314/3314/3314
f 3317/3317/3317 3316/3316/3316 3314/3314/3314
f 3320/3320/3320 3319/3319/3319 3318/3318/3318
f 3321/3321/3321 3320/3320/3320 3318/3318/3318
f 3324/3324/3324 3323/3323/3323 3322/3322/3322
f 3325/3325/3325 3324/3324/3324 3322/3322/3322
f 3328/3328/3328 3327/3327/3327 3326/3326/3326
f 3329/3329/3329 3328/3328/3328 3326/3326/3326
f 3332/3332/3332 3331/3331/3331 3330/3330/3330
f 3333/3333/3333 3332/3332/3332 3330/3330/3330
f 3336/3336/3336 3335/3335/3335 3334/3334/3334
f 3337/3337/3337 3336/3336/3336 3334/3334/3334
f 3340/3340/3340 3339/3339/3339 3338/3338/3338
f 3341/3341/3341 3340/3340/3340 3338/3338/3338
f 3344/3344/3344 3343/3343/3343 3342/3342/3342
f 3345/3345/3345 3344/3344/3344 3342/3342/3342
f 3348/3348/3348 3347/3347/3347 3346/3346/3346
f 3351/3351/3351 3350/3350/3350 3349/3349/3349
f 3354/3354/3354 3353/3353/3353 3352/3352/3352
f 3355/3355/3355 3354/3354/3354 3352/3352/3352
f 3358/3358/3358 3357/3357/3357 3356/3356/3356
f 3359/3359/3359 3358/3358/3358 3356/3356/3356
f 3362/3362/3362 3361/3361/3361 3360/3360/3360
f 3363/3363/3363 3362/3362/3362 3360/3360/3360
f 3366/3366/3366 3365/3365/3365 3364/3364/3364
f 3367/3367/3367 3366/3366/3366 3364/3364/3364
f 3370/3370/3370 3369/3369/3369 3368/3368/3368
f 3371/3371/3371 3370/3370/3370 3368/3368/3368
f 3374/3374/3374 3373/3373/3373 3372/3372/3372
f 3375/3375/3375 3374/3374/3374 3372/3372/3372
f 3378/3378/3378 3377/3377/3377 3376/3376/3376
f 3379/3379/3379 3378/3378/3378 3376/3376/3376
f 3382/3382/3382 3381/3381/3381 3380/3380/3380
f 3383/3383/3383 3382/3382/3382 3380/3380/3380
f 3386/3386/3386 3385/3385/3385 3384/3384/3384
f 3387/3387/3387 3386/3386/3386 3384/3384/3384
f 3390/3390/3390 3389/3389/3389 3388/3388/3388
f 3391/3391/3391 3390/3390/3390 3388/3388/3388
f 3394/3394/3394 3393/3393/3393 3392/3392/3392
f 3395/3395/3395 3394/3394/3394 3392/3392/3392
f 3398/3398/3398 3397/3397/3397 3396/3396/3396
f 3399/3399/3399 3398/3398/3398 3396/3396/3396
f 3400/3400/3400 3399/3399/3399 3396/3396/3396
f 3401/3401/3401 3400/3400/3400 3396/3396/3396
f 3402/3402/3402 3400/3400/3400 3401/3401/3401
f 3403/3403/3403 3402/3402/3402 3401/3401/3401
f 3406/3406/3406 3405/3405/3405 3404/3404/3404
f 3407/3407/3407 3406/3406/3406 3404/3404/3404
f 3408/3408/3408 3407/3407/3407 3404/3404/3404
f 3409/3409/3409 3408/3408/3408 3404/3404/3404
f 3409/3409/3409 3410/3410/3410 3408/3408/3408
f 3410/3410/3410 3411/3411/3411 3408/3408/3408
f 3414/3414/3414 3413/3413/3413 3412/3412/3412
f 3415/3415/3415 3414/3414/3414 3412/3412/3412
f 3418/3418/3418 3417/3417/3417 3416/3416/3416
f 3419/3419/3419 3418/3418/3418 3416/3416/3416
f 3420/3420/3420 3416/3416/3416 3417/3417/3417
f 3421/3421/3421 3420/3420/3420 3417/3417/3417
f 3421/3421/3421 3422/3422/3422 3420/3420/3420
f 3422/3422/3422 3423/3423/3423 3420/3420/3420
f 3423/3423/3423 3422/3422/3422 3424/3424/3424
f 3422/3422/3422 3425/3425/3425 3424/3424/3424
f 3424/3424/3424 3425/3425/3425 3426/3426/3426
f 3425/3425/3425 3427/3427/3427 3426/3426/3426
f 3428/3428/3428 3426/3426/3426 3427/3427/3427
f 3429/3429/3429 3428/3428/3428 3427/3427/3427
f 3431/3431/3431 3427/3427/3427 3430/3430/3430
f 3432/3432/3432 3431/3431/3431 3430/3430/3430
f 3435/3435/3435 3434/3434/3434 3433/3433/3433
f 3436/3436/3436 3435/3435/3435 3433/3433/3433
f 3439/3439/3439 3438/3438/3438 3437/3437/3437
f 3440/3440/3440 3439/3439/3439 3437/3437/3437
f 3443/3443/3443 3442/3442/3442 3441/3441/3441
f 3444/3444/3444 3443/3443/3443 3441/3441/3441
f 3447/3447/3447 3446/3446/3446 3445/3445/3445
f 3448/3448/3448 3447/3447/3447 3445/3445/3445
f 3451/3451/3451 3450/3450/3450 3449/3449/3449
f 3452/3452/3452 3451/3451/3451 3449/3449/3449
f 3455/3455/3455 3454/3454/3454 3453/3453/3453
f 3456/3456/3456 3455/3455/3455 3453/3453/3453
f 3459/3459/3459 3458/3458/3458 3457/3457/3457
f 3460/3460/3460 3459/3459/3459 3457/3457/3457
f 3463/3463/3463 3462/3462/3462 3461/3461/3461
f 3464/3464/3464 3463/3463/3463 3461/3461/3461
f 3467/3467/3467 3466/3466/3466 3465/3465/3465
f 3468/3468/3468 3467/3467/3467 3465/3465/3465
f 3471/3471/3471 3470/3470/3470 3469/3469/3469
f 3472/3472/3472 3471/3471/3471 3469/3469/3469
f 3475/3475/3475 3474/3474/3474 3473/3473/3473
f 3476/3476/3476 3475/3475/3475 3473/3473/3473
f 3479/3479/3479 3478/3478/3478 3477/3477/3477
f 3480/3480/3480 3479/3479/3479 3477/3477/3477
f 3483/3483/3483 3482/3482/3482 3481/3481/3481
f 3484/3484/3484 3483/3483/3483 3481/3481/3481
f 3487/3487/3487 3486/3486/3486 3485/3485/3485
f 3488/3488/3488 3487/3487/3487 3485/3485/3485
f 3491/3491/3491 3490/3490/3490 3489/3489/3489
f 3492/3492/3492 3491/3491/3491 3489/3489/3489
f 3495/3495/3495 3494/3494/3494 3493/3493/3493
f 3496/3496/3496 3495/3495/3495 3493/3493/3493
f 3499/3499/3499 3498/3498/3498 3497/3497/3497
f 3500/3500/3500 3499/3499/3499 3497/3497/3497
f 3503/3503/3503 3502/3502/3502 3501/3501/3501
f 3504/3504/3504 3503/3503/3503 3501/3501/3501
f 3507/3507/3507 3506/3506/3506 3505/3505/3505
f 3508/3508/3508 3507/3507/3507 3505/3505/3505
f 3511/3511/3511 3510/3510/3510 3509/3509/3509
f 3512/3512/3512 3511/3511/3511 3509/3509/3509
f 3515/3515/3515 3514/3514/3514 3513/3513/3513
f 3516/3516/3516 3515/3515/3515 3513/3513/3513
f 3519/3519/3519 3518/3518/3518 3517/3517/3517
f 3520/3520/3520 3519/3519/3519 3517/3517/3517
f 3523/3523/3523 3522/3522/3522 3521/3521/3521
f 3524/3524/3524 3523/3523/3523 3521/3521/3521
f 3527/3527/3527 3526/3526/3526 3525/3525/3525
f 3528/3528/3528 3527/3527/3527 3525/3525/3525
f 3531/3531/3531 3530/3530/3530 3529/3529/3529
f 3532/3532/3532 3531/3531/3531 3529/3529/3529
f 3535/3535/3535 3534/3534/3534 3533/3533/3533
f 3536/3536/3536 3535/3535/3535 3533/3533/3533
f 3539/3539/3539 3538/3538/3538 3537/3537/3537
f 3540/3540/3540 3539/3539/3539 3537/3537/3537
f 3543/3543/3543 3542/3542/3542 3541/3541/3541
f 3544/3544/3544 3543/3543/3543 3541/3541/3541
f 3547/3547/3547 3546/3546/3546 3545/3545/3545
f 3548/3548/3548 3547/3547/3547 3545/3545/3545
f 3551/3551/3551 3550/3550/3550 3549/3549/3549
f 3552/3552/3552 3551/3551/3551 3549/3549/3549
f 3555/3555/3555 3554/3554/3554 3553/3553/3553
f 3556/3556/3556 3555/3555/3555 3553/3553/3553
f 3559/3559/3559 3558/3558/3558 3557/3557/3557
f 3560/3560/3560 3559/3559/3559 3557/3557/3557
f 3563/3563/3563 3562/3562/3562 3561/3561/3561
f 3564/3564/3564 3563/3563/3563 3561/3561/3561
f 3567/3567/3567 3566/3566/3566 3565/3565/3565
f 3568/3568/3568 3567/3567/3567 3565/3565/3565
f 3571/3571/3571 3570/3570/3570 3569/3569/3569
f 3572/3572/3572 3571/3571/3571 3569/3569/3569
f 3575/3575/3575 3574/3574/3574 3573/3573/3573
f 3576/3576/3576 3575/3575/3575 3573/3573/3573
f 3579/3579/3579 3578/3578/3578 3577/3577/3577
f 3580/3580/3580 3579/3579/3579 3577/3577/3577
f 3583/3583/3583 3582/3582/3582 3581/3581/3581
f 3584/3584/3584 3583/3583/3583 3581/3581/3581
f 3587/3587/3587 3586/3586/3586 3585/3585/3585
f 3588/3588/3588 3587/3587/3587 3585/3585/3585
f 3591/3591/3591 3590/3590/3590 3589/3589/3589
f 3592/3592/3592 3591/3591/3591 3589/3589/3589
f 3595/3595/3595 3594/3594/3594 3593/3593/3593
f 3596/3596/3596 3595/3595/3595 3593/3593/3593
f 3599/3599/3599 3598/3598/3598 3597/3597/3597
f 3600/3600/3600 3599/3599/3599 3597/3597/3597
f 3603/3603/3603 3602/3602/3602 3601/3601/3601
f 3604/3604/3604 3603/3603/3603 3601/3601/3601
f 3607/3607/3607 3606/3606/3606 3605/3605/3605
f 3608/3608/3608 3607/3607/3607 3605/3605/3605
f 3611/3611/3611 3610/3610/3610 3609/3609/3609
f 3612/3612/3612 3611/3611/3611 3609/3609/3609
f 3615/3615/3615 3614/3614/3614 3613/3613/3613
f 3616/3616/3616 3615/3615/3615 3613/3613/3613
f 3619/3619/3619 3618/3618/3618 3617/3617/3617
f 3620/3620/3620 3619/3619/3619 3617/3617/3617
f 3623/3623/3623 3622/3622/3622 3621/3621/3621
f 3624/3624/3624 3623/3623/3623 3621/3621/3621
f 3625/3625/3625 3624/3624/3624 3621/3621/3621
f 3626/3626/3626 3625/3625/3625 3621/3621/3621
f 3627/3627/3627 3625/3625/3625 3626/3626/3626
f 3628/3628/3628 3627/3627/3627 3626/3626/3626
f 3629/3629/3629 3627/3627/3627 3628/3628/3628
f 3630/3630/3630 3629/3629/3629 3628/3628/3628
f 3629/3629/3629 3630/3630/3630 3631/3631/3631
f 3632/3632/3632 3629/3629/3629 3631/3631/3631
f 3633/3633/3633 3632/3632/3632 3631/3631/3631
f 3634/3634/3634 3633/3633/3633 3631/3631/3631
f 3636/3636/3636 3635/3635/3635 3632/3632/3632
f 3637/3637/3637 3636/3636/3636 3632/3632/3632
f 3640/3640/3640 3639/3639/3639 3638/3638/3638
f 3641/3641/3641 3640/3640/3640 3638/3638/3638
f 3639/3639/3639 3640/3640/3640 3642/3642/3642
f 3640/3640/3640 3643/3643/3643 3642/3642/3642
f 3642/3642/3642 3643/3643/3643 3644/3644/3644
f 3643/3643/3643 3645/3645/3645 3644/3644/3644
f 3641/3641/3641 3638/3638/3638 763/763/763
f 3638/3638/3638 3646/3646/3646 763/763/763
f 3644/3644/3644 3645/3645/3645 3647/3647/3647
f 3645/3645/3645 703/703/703 3647/3647/3647
f 3648/3648/3648 3642/3642/3642 3644/3644/3644
f 693/693/693 3648/3648/3648 3644/3644/3644
f 3649/3649/3649 3639/3639/3639 3642/3642/3642
f 3648/3648/3648 3649/3649/3649 3642/3642/3642
f 755/755/755 3638/3638/3638 3639/3639/3639
f 3649/3649/3649 755/755/755 3639/3639/3639
f 3652/3652/3652 3651/3651/3651 3650/3650/3650
f 3653/3653/3653 3652/3652/3652 3650/3650/3650
f 3654/3654/3654 3652/3652/3652 3653/3653/3653
f 3655/3655/3655 3654/3654/3654 3653/3653/3653
f 3654/3654/3654 3655/3655/3655 3656/3656/3656
f 3657/3657/3657 3654/3654/3654 3656/3656/3656
f 3657/3657/3657 3656/3656/3656 3658/3658/3658
f 3656/3656/3656 3659/3659/3659 3658/3658/3658
f 3650/3650/3650 3651/3651/3651 3660/3660/3660
f 3651/3651/3651 3661/3661/3661 3660/3660/3660
f 3664/3664/3664 3663/3663/3663 3662/3662/3662
f 3665/3665/3665 3664/3664/3664 3662/3662/3662
f 3663/3663/3663 3664/3664/3664 3666/3666/3666
f 3664/3664/3664 3667/3667/3667 3666/3666/3666
f 3666/3666/3666 3667/3667/3667 3668/3668/3668
f 3669/3669/3669 3666/3666/3666 3668/3668/3668
f 3665/3665/3665 3662/3662/3662 3670/3670/3670
f 3662/3662/3662 3671/3671/3671 3670/3670/3670
f 3669/3669/3669 3668/3668/3668 3672/3672/3672
f 3668/3668/3668 3673/3673/3673 3672/3672/3672
f 3676/3676/3676 3675/3675/3675 3674/3674/3674
f 3677/3677/3677 3676/3676/3676 3674/3674/3674
f 3678/3678/3678 3676/3676/3676 3677/3677/3677
f 3679/3679/3679 3678/3678/3678 3677/3677/3677
f 3678/3678/3678 3679/3679/3679 3680/3680/3680
f 3681/3681/3681 3678/3678/3678 3680/3680/3680
f 3674/3674/3674 3675/3675/3675 3682/3682/3682
f 3675/3675/3675 3683/3683/3683 3682/3682/3682
f 3681/3681/3681 3680/3680/3680 3684/3684/3684
f 3680/3680/3680 3685/3685/3685 3684/3684/3684
f 3688/3688/3688 3687/3687/3687 3686/3686/3686
f 3689/3689/3689 3688/3688/3688 3686/3686/3686
f 3690/3690/3690 3688/3688/3688 3689/3689/3689
f 3691/3691/3691 3690/3690/3690 3689/3689/3689
f 3690/3690/3690 3691/3691/3691 3692/3692/3692
f 3693/3693/3693 3690/3690/3690 3692/3692/3692
f 3693/3693/3693 3692/3692/3692 3694/3694/3694
f 3692/3692/3692 3695/3695/3695 3694/3694/3694
f 3686/3686/3686 3687/3687/3687 3696/3696/3696
f 3687/3687/3687 3697/3697/3697 3696/3696/3696
f 3700/3700/3700 3699/3699/3699 3698/3698/3698
f 3701/3701/3701 3700/3700/3700 3698/3698/3698
f 3699/3699/3699 3700/3700/3700 3702/3702/3702
f 3700/3700/3700 3703/3703/3703 3702/3702/3702
f 3702/3702/3702 3703/3703/3703 3704/3704/3704
f 3705/3705/3705 3702/3702/3702 3704/3704/3704
f 3701/3701/3701 3698/3698/3698 3706/3706/3706
f 3698/3698/3698 3707/3707/3707 3706/3706/3706
f 3705/3705/3705 3704/3704/3704 3708/3708/3708
f 3704/3704/3704 3709/3709/3709 3708/3708/3708
f 3712/3712/3712 3711/3711/3711 3710/3710/3710
f 3713/3713/3713 3712/3712/3712 3710/3710/3710
f 3714/3714/3714 3712/3712/3712 3713/3713/3713
f 3715/3715/3715 3714/3714/3714 3713/3713/3713
f 3714/3714/3714 3715/3715/3715 3716/3716/3716
f 3717/3717/3717 3714/3714/3714 3716/3716/3716
f 3710/3710/3710 3711/3711/3711 3718/3718/3718
f 3711/3711/3711 3719/3719/3719 3718/3718/3718
f 3717/3717/3717 3716/3716/3716 3720/3720/3720
f 3716/3716/3716 3721/3721/3721 3720/3720/3720
f 3724/3724/3724 3723/3723/3723 3722/3722/3722
f 3725/3725/3725 3724/3724/3724 3722/3722/3722
f 3723/3723/3723 3724/3724/3724 3726/3726/3726
f 3724/3724/3724 3727/3727/3727 3726/3726/3726
f 3726/3726/3726 3727/3727/3727 3728/3728/3728
f 3727/3727/3727 3729/3729/3729 3728/3728/3728
f 3728/3728/3728 3729/3729/3729 3730/3730/3730
f 3729/3729/3729 3731/3731/3731 3730/3730/3730
f 3725/3725/3725 3722/3722/3722 3732/3732/3732
f 3722/3722/3722 3733/3733/3733 3732/3732/3732
f 3736/3736/3736 3735/3735/3735 3734/3734/3734
f 3737/3737/3737 3736/3736/3736 3734/3734/3734
f 3740/3740/3740 3739/3739/3739 3738/3738/3738
f 3741/3741/3741 3740/3740/3740 3738/3738/3738
f 3742/3742/3742 3740/3740/3740 3741/3741/3741
f 3743/3743/3743 3742/3742/3742 3741/3741/3741
f 3742/3742/3742 3743/3743/3743 3744/3744/3744
f 3745/3745/3745 3742/3742/3742 3744/3744/3744
f 3745/3745/3745 3744/3744/3744 3746/3746/3746
f 3744/3744/3744 3747/3747/3747 3746/3746/3746
f 3738/3738/3738 3739/3739/3739 3748/3748/3748
f 3739/3739/3739 3749/3749/3749 3748/3748/3748
f 3752/3752/3752 3751/3751/3751 3750/3750/3750
f 3753/3753/3753 3752/3752/3752 3750/3750/3750
f 3751/3751/3751 3752/3752/3752 3754/3754/3754
f 3755/3755/3755 3751/3751/3751 3754/3754/3754
f 3753/3753/3753 3750/3750/3750 3756/3756/3756
f 3750/3750/3750 3757/3757/3757 3756/3756/3756
f 3760/3760/3760 3759/3759/3759 3758/3758/3758
f 3761/3761/3761 3760/3760/3760 3758/3758/3758
f 3759/3759/3759 3760/3760/3760 3762/3762/3762
f 3760/3760/3760 3763/3763/3763 3762/3762/3762
f 3762/3762/3762 3763/3763/3763 3764/3764/3764
f 3763/3763/3763 3765/3765/3765 3764/3764/3764
f 3761/3761/3761 3758/3758/3758 3766/3766/3766
f 3758/3758/3758 3767/3767/3767 3766/3766/3766
f 3764/3764/3764 3765/3765/3765 3768/3768/3768
f 3765/3765/3765 3769/3769/3769 3768/3768/3768
f 3772/3772/3772 3771/3771/3771 3770/3770/3770
f 3773/3773/3773 3772/3772/3772 3770/3770/3770
f 3772/3772/3772 3774/3774/3774 3771/3771/3771
f 3774/3774/3774 3775/3775/3775 3771/3771/3771
f 3775/3775/3775 3774/3774/3774 3776/3776/3776
f 3777/3777/3777 3775/3775/3775 3776/3776/3776
f 3773/3773/3773 3770/3770/3770 3778/3778/3778
f 3770/3770/3770 3779/3779/3779 3778/3778/3778
f 3777/3777/3777 3776/3776/3776 3780/3780/3780
f 3776/3776/3776 3781/3781/3781 3780/3780/3780
f 3784/3784/3784 3783/3783/3783 3782/3782/3782
f 3785/3785/3785 3784/3784/3784 3782/3782/3782
f 3786/3786/3786 3784/3784/3784 3785/3785/3785
f 3787/3787/3787 3786/3786/3786 3785/3785/3785
f 3786/3786/3786 3787/3787/3787 3788/3788/3788
f 3789/3789/3789 3786/3786/3786 3788/3788/3788
f 3782/3782/3782 3783/3783/3783 3790/3790/3790
f 3783/3783/3783 3791/3791/3791 3790/3790/3790
f 3789/3789/3789 3788/3788/3788 3792/3792/3792
f 3788/3788/3788 3793/3793/3793 3792/3792/3792
f 3796/3796/3796 3795/3795/3795 3794/3794/3794
f 3797/3797/3797 3796/3796/3796 3794/3794/3794
f 3798/3798/3798 3796/3796/3796 3797/3797/3797
f 3799/3799/3799 3798/3798/3798 3797/3797/3797
f 3798/3798/3798 3799/3799/3799 3800/3800/3800
f 3801/3801/3801 3798/3798/3798 3800/3800/3800
f 3801/3801/3801 3800/3800/3800 3802/3802/3802
f 3800/3800/3800 3803/3803/3803 3802/3802/3802
f 3794/3794/3794 3795/3795/3795 3804/3804/3804
f 3795/3795/3795 3805/3805/3805 3804/3804/3804
f 3808/3808/3808 3807/3807/3807 3806/3806/3806
f 3809/3809/3809 3808/3808/3808 3806/3806/3806
f 3807/3807/3807 3808/3808/3808 3810/3810/3810
f 3808/3808/3808 3811/3811/3811 3810/3810/3810
f 3810/3810/3810 3811/3811/3811 3812/3812/3812
f 3813/3813/3813 3810/3810/3810 3812/3812/3812
f 3809/3809/3809 3806/3806/3806 3814/3814/3814
f 3806/3806/3806 3815/3815/3815 3814/3814/3814
f 3813/3813/3813 3812/3812/3812 3816/3816/3816
f 3812/3812/3812 3817/3817/3817 3816/3816/3816
f 3820/3820/3820 3819/3819/3819 3818/3818/3818
f 3821/3821/3821 3820/3820/3820 3818/3818/3818
f 3822/3822/3822 3820/3820/3820 3821/3821/3821
f 3823/3823/3823 3822/3822/3822 3821/3821/3821
f 3822/3822/3822 3823/3823/3823 3824/3824/3824
f 3825/3825/3825 3822/3822/3822 3824/3824/3824
f 3818/3818/3818 3819/3819/3819 3826/3826/3826
f 3819/3819/3819 3827/3827/3827 3826/3826/3826
f 3825/3825/3825 3824/3824/3824 3828/3828/3828
f 3824/3824/3824 3829/3829/3829 3828/3828/3828
f 3832/3832/3832 3831/3831/3831 3830/3830/3830
f 3833/3833/3833 3832/3832/3832 3830/3830/3830
f 3831/3831/3831 3832/3832/3832 3834/3834/3834
f 3832/3832/3832 3835/3835/3835 3834/3834/3834
f 3834/3834/3834 3835/3835/3835 3836/3836/3836
f 3835/3835/3835 3837/3837/3837 3836/3836/3836
f 3830/3830/3830 3831/3831/3831 526/526/526
f 3831/3831/3831 3838/3838/3838 526/526/526
f 3831/3831/3831 3834/3834/3834 3838/3838/3838
f 3834/3834/3834 3839/3839/3839 3838/3838/3838
f 3834/3834/3834 3836/3836/3836 3839/3839/3839
f 3836/3836/3836 531/531/531 3839/3839/3839
f 3836/3836/3836 3837/3837/3837 3840/3840/3840
f 3837/3837/3837 1240/1240/1240 3840/3840/3840
f 3833/3833/3833 3830/3830/3830 539/539/539
f 3830/3830/3830 3841/3841/3841 539/539/539
f 3844/3844/3844 3843/3843/3843 3842/3842/3842
f 3845/3845/3845 3844/3844/3844 3842/3842/3842
f 3846/3846/3846 3844/3844/3844 3845/3845/3845
f 3847/3847/3847 3846/3846/3846 3845/3845/3845
f 3846/3846/3846 3847/3847/3847 3848/3848/3848
f 3849/3849/3849 3846/3846/3846 3848/3848/3848
f 3849/3849/3849 3848/3848/3848 3850/3850/3850
f 3842/3842/3842 3843/3843/3843 3851/3851/3851
f 3843/3843/3843 3852/3852/3852 3851/3851/3851
f 3855/3855/3855 3854/3854/3854 3853/3853/3853
f 3856/3856/3856 3855/3855/3855 3853/3853/3853
f 3854/3854/3854 3855/3855/3855 3857/3857/3857
f 3855/3855/3855 3858/3858/3858 3857/3857/3857
f 3857/3857/3857 3858/3858/3858 3859/3859/3859
f 3860/3860/3860 3857/3857/3857 3859/3859/3859
f 3856/3856/3856 3853/3853/3853 3861/3861/3861
f 3853/3853/3853 3862/3862/3862 3861/3861/3861
f 3860/3860/3860 3859/3859/3859 3863/3863/3863
f 3859/3859/3859 3864/3864/3864 3863/3863/3863
f 3867/3867/3867 3866/3866/3866 3865/3865/3865
f 3868/3868/3868 3867/3867/3867 3865/3865/3865
f 3869/3869/3869 3867/3867/3867 3868/3868/3868
f 3870/3870/3870 3869/3869/3869 3868/3868/3868
f 3869/3869/3869 3870/3870/3870 3871/3871/3871
f 3872/3872/3872 3869/3869/3869 3871/3871/3871
f 3865/3865/3865 3866/3866/3866 3873/3873/3873
f 3866/3866/3866 3874/3874/3874 3873/3873/3873
f 3872/3872/3872 3871/3871/3871 3875/3875/3875
f 3871/3871/3871 3876/3876/3876 3875/3875/3875
f 3879/3879/3879 3878/3878/3878 3877/3877/3877
f 3880/3880/3880 3879/3879/3879 3877/3877/3877
f 3881/3881/3881 3879/3879/3879 3880/3880/3880
f 3882/3882/3882 3881/3881/3881 3880/3880/3880
f 3881/3881/3881 3882/3882/3882 3883/3883/3883
f 3884/3884/3884 3881/3881/3881 3883/3883/3883
f 3884/3884/3884 3883/3883/3883 3885/3885/3885
f 3883/3883/3883 3886/3886/3886 3885/3885/3885
f 3877/3877/3877 3878/3878/3878 3887/3887/3887
f 3878/3878/3878 3888/3888/3888 3887/3887/3887
f 3891/3891/3891 3890/3890/3890 3889/3889/3889
f 3892/3892/3892 3891/3891/3891 3889/3889/3889
f 3890/3890/3890 3891/3891/3891 3893/3893/3893
f 3892/3892/3892 3889/3889/3889 3894/3894/3894
f 3889/3889/3889 3895/3895/3895 3894/3894/3894
f 3897/3897/3897 3893/3893/3893 3896/3896/3896
f 3897/3897/3897 3896/3896/3896 3898/3898/3898
f 3896/3896/3896 3899/3899/3899 3898/3898/3898
f 3902/3902/3902 3901/3901/3901 3900/3900/3900
f 3900/3900/3900 3901/3901/3901 3903/3903/3903
f 3901/3901/3901 3904/3904/3904 3903/3903/3903
f 3907/3907/3907 3906/3906/3906 3905/3905/3905
f 3908/3908/3908 3906/3906/3906 3907/3907/3907
f 3909/3909/3909 3908/3908/3908 3907/3907/3907
f 3908/3908/3908 3909/3909/3909 3910/3910/3910
f 3911/3911/3911 3908/3908/3908 3910/3910/3910
f 3914/3914/3914 3913/3913/3913 3912/3912/3912
f 3915/3915/3915 3913/3913/3913 3914/3914/3914
f 3918/3918/3918 3917/3917/3917 3916/3916/3916
f 3917/3917/3917 3918/3918/3918 3919/3919/3919
f 3918/3918/3918 3920/3920/3920 3919/3919/3919
f 3919/3919/3919 3920/3920/3920 3921/3921/3921
f 3920/3920/3920 3922/3922/3922 3921/3921/3921
f 3921/3921/3921 3922/3922/3922 3923/3923/3923
f 3922/3922/3922 3924/3924/3924 3923/3923/3923
f 3927/3927/3927 3926/3926/3926 3925/3925/3925
f 3927/3927/3927 3925/3925/3925 3928/3928/3928
f 3925/3925/3925 3929/3929/3929 3928/3928/3928
f 3932/3932/3932 3931/3931/3931 3930/3930/3930
f 3933/3933/3933 3932/3932/3932 3930/3930/3930
f 3932/3932/3932 3934/3934/3934 3931/3931/3931
f 3934/3934/3934 3935/3935/3935 3931/3931/3931
f 3935/3935/3935 3934/3934/3934 3936/3936/3936
f 3937/3937/3937 3935/3935/3935 3936/3936/3936
f 3933/3933/3933 3930/3930/3930 3938/3938/3938
f 3930/3930/3930 3939/3939/3939 3938/3938/3938
f 3937/3937/3937 3936/3936/3936 3940/3940/3940
f 3936/3936/3936 3941/3941/3941 3940/3940/3940
f 3944/3944/3944 3943/3943/3943 3942/3942/3942
f 3945/3945/3945 3944/3944/3944 3942/3942/3942
f 3946/3946/3946 3944/3944/3944 3945/3945/3945
f 3947/3947/3947 3946/3946/3946 3945/3945/3945
f 3946/3946/3946 3947/3947/3947 3948/3948/3948
f 3949/3949/3949 3946/3946/3946 3948/3948/3948
f 3942/3942/3942 3943/3943/3943 3950/3950/3950
f 3943/3943/3943 3951/3951/3951 3950/3950/3950
f 3949/3949/3949 3948/3948/3948 3952/3952/3952
f 3948/3948/3948 3953/3953/3953 3952/3952/3952
f 3956/3956/3956 3955/3955/3955 3954/3954/3954
f 3957/3957/3957 3956/3956/3956 3954/3954/3954
f 3958/3958/3958 3956/3956/3956 3957/3957/3957
f 3959/3959/3959 3958/3958/3958 3957/3957/3957
f 3958/3958/3958 3959/3959/3959 3960/3960/3960
f 3961/3961/3961 3958/3958/3958 3960/3960/3960
f 3961/3961/3961 3960/3960/3960 3962/3962/3962
f 3960/3960/3960 3963/3963/3963 3962/3962/3962
f 3954/3954/3954 3955/3955/3955 3964/3964/3964
f 3955/3955/3955 3965/3965/3965 3964/3964/3964
f 3968/3968/3968 3967/3967/3967 3966/3966/3966
f 3969/3969/3969 3968/3968/3968 3966/3966/3966
f 3967/3967/3967 3968/3968/3968 3970/3970/3970
f 3968/3968/3968 3971/3971/3971 3970/3970/3970
f 3970/3970/3970 3971/3971/3971 3972/3972/3972
f 3973/3973/3973 3970/3970/3970 3972/3972/3972
f 3969/3969/3969 3966/3966/3966 3974/3974/3974
f 3966/3966/3966 3975/3975/3975 3974/3974/3974
f 3973/3973/3973 3972/3972/3972 3976/3976/3976
f 3972/3972/3972 3977/3977/3977 3976/3976/3976
f 3980/3980/3980 3979/3979/3979 3978/3978/3978
f 3981/3981/3981 3980/3980/3980 3978/3978/3978
f 3982/3982/3982 3980/3980/3980 3981/3981/3981
f 3983/3983/3983 3982/3982/3982 3981/3981/3981
f 3982/3982/3982 3983/3983/3983 3984/3984/3984
f 3985/3985/3985 3982/3982/3982 3984/3984/3984
f 3978/3978/3978 3979/3979/3979 3986/3986/3986
f 3979/3979/3979 3987/3987/3987 3986/3986/3986
f 3985/3985/3985 3984/3984/3984 3988/3988/3988
f 3984/3984/3984 3989/3989/3989 3988/3988/3988
f 3992/3992/3992 3991/3991/3991 3990/3990/3990
f 3993/3993/3993 3992/3992/3992 3990/3990/3990
f 3994/3994/3994 3992/3992/3992 3993/3993/3993
f 3995/3995/3995 3994/3994/3994 3993/3993/3993
f 3994/3994/3994 3995/3995/3995 3996/3996/3996
f 3997/3997/3997 3994/3994/3994 3996/3996/3996
f 3997/3997/3997 3996/3996/3996 3998/3998/3998
f 3996/3996/3996 3999/3999/3999 3998/3998/3998
f 3990/3990/3990 3991/3991/3991 4000/4000/4000
f 3991/3991/3991 4001/4001/4001 4000/4000/4000
f 4004/4004/4004 4003/4003/4003 4002/4002/4002
f 4005/4005/4005 4004/4004/4004 4002/4002/4002
f 4003/4003/4003 4004/4004/4004 4006/4006/4006
f 4004/4004/4004 4007/4007/4007 4006/4006/4006
f 4006/4006/4006 4007/4007/4007 4008/4008/4008
f 4009/4009/4009 4006/4006/4006 4008/4008/4008
f 4005/4005/4005 4002/4002/4002 4010/4010/4010
f 4002/4002/4002 4011/4011/4011 4010/4010/4010
f 4009/4009/4009 4008/4008/4008 4012/4012/4012
f 4008/4008/4008 4013/4013/4013 4012/4012/4012
f 4016/4016/4016 4015/4015/4015 4014/4014/4014
f 4017/4017/4017 4016/4016/4016 4014/4014/4014
f 4018/4018/4018 4016/4016/4016 4017/4017/4017
f 4019/4019/4019 4018/4018/4018 4017/4017/4017
f 4018/4018/4018 4019/4019/4019 4020/4020/4020
f 4021/4021/4021 4018/4018/4018 4020/4020/4020
f 4014/4014/4014 4015/4015/4015 4022/4022/4022
f 4015/4015/4015 4023/4023/4023 4022/4022/4022
f 4021/4021/4021 4020/4020/4020 4024/4024/4024
f 4020/4020/4020 4025/4025/4025 4024/4024/4024
f 4028/4028/4028 4027/4027/4027 4026/4026/4026
f 4029/4029/4029 4028/4028/4028 4026/4026/4026
f 4030/4030/4030 4029/4029/4029 4026/4026/4026
f 4031/4031/4031 4030/4030/4030 4026/4026/4026
f 4031/4031/4031 4032/4032/4032 4030/4030/4030
f 4032/4032/4032 4033/4033/4033 4030/4030/4030
f 4033/4033/4033 4032/4032/4032 4034/4034/4034
f 4035/4035/4035 4033/4033/4033 4034/4034/4034
f 4035/4035/4035 4034/4034/4034 4036/4036/4036
f 4037/4037/4037 4035/4035/4035 4036/4036/4036
f 4038/4038/4038 4037/4037/4037 4036/4036/4036
f 4039/4039/4039 4038/4038/4038 4036/4036/4036
f 4042/4042/4042 4041/4041/4041 4040/4040/4040
f 4043/4043/4043 4042/4042/4042 4040/4040/4040
f 4044/4044/4044 4040/4040/4040 4041/4041/4041
f 4045/4045/4045 4044/4044/4044 4041/4041/4041
f 4045/4045/4045 4046/4046/4046 4044/4044/4044
f 4046/4046/4046 4047/4047/4047 4044/4044/4044
f 4047/4047/4047 4046/4046/4046 4048/4048/4048
f 4046/4046/4046 4049/4049/4049 4048/4048/4048
f 4048/4048/4048 4049/4049/4049 4050/4050/4050
f 4049/4049/4049 4051/4051/4051 4050/4050/4050
f 4052/4052/4052 4050/4050/4050 4051/4051/4051
f 4053/4053/4053 4052/4052/4052 4051/4051/4051
f 4056/4056/4056 4055/4055/4055 4054/4054/4054
f 4057/4057/4057 4056/4056/4056 4054/4054/4054
f 4058/4058/4058 4057/4057/4057 4054/4054/4054
f 4059/4059/4059 4058/4058/4058 4054/4054/4054
f 4062/4062/4062 4061/4061/4061 4060/4060/4060
f 4063/4063/4063 4062/4062/4062 4060/4060/4060
f 4066/4066/4066 4065/4065/4065 4064/4064/4064
f 4067/4067/4067 4066/4066/4066 4064/4064/4064
f 4070/4070/4070 4069/4069/4069 4068/4068/4068
f 4071/4071/4071 4070/4070/4070 4068/4068/4068
f 4074/4074/4074 4073/4073/4073 4072/4072/4072
f 4075/4075/4075 4074/4074/4074 4072/4072/4072
f 4078/4078/4078 4077/4077/4077 4076/4076/4076
f 4079/4079/4079 4078/4078/4078 4076/4076/4076
f 4082/4082/4082 4081/4081/4081 4080/4080/4080
f 4083/4083/4083 4082/4082/4082 4080/4080/4080
f 4086/4086/4086 4085/4085/4085 4084/4084/4084
f 4087/4087/4087 4086/4086/4086 4084/4084/4084
f 4088/4088/4088 4087/4087/4087 4084/4084/4084
f 4089/4089/4089 4088/4088/4088 4084/4084/4084
f 4089/4089/4089 4090/4090/4090 4088/4088/4088
f 4090/4090/4090 4091/4091/4091 4088/4088/4088
f 4094/4094/4094 4093/4093/4093 4092/4092/4092
f 4095/4095/4095 4094/4094/4094 4092/4092/4092
f 4098/4098/4098 4097/4097/4097 4096/4096/4096
f 4099/4099/4099 4098/4098/4098 4096/4096/4096
f 4102/4102/4102 4101/4101/4101 4100/4100/4100
f 4103/4103/4103 4102/4102/4102 4100/4100/4100
f 4106/4106/4106 4105/4105/4105 4104/4104/4104
f 4107/4107/4107 4106/4106/4106 4104/4104/4104
f 4110/4110/4110 4109/4109/4109 4108/4108/4108
f 4111/4111/4111 4110/4110/4110 4108/4108/4108
f 4114/4114/4114 4113/4113/4113 4112/4112/4112
f 4115/4115/4115 4114/4114/4114 4112/4112/4112
f 4118/4118/4118 4117/4117/4117 4116/4116/4116
f 4119/4119/4119 4118/4118/4118 4116/4116/4116
f 4122/4122/4122 4121/4121/4121 4120/4120/4120
f 4123/4123/4123 4122/4122/4122 4120/4120/4120
f 4126/4126/4126 4125/4125/4125 4124/4124/4124
f 4127/4127/4127 4126/4126/4126 4124/4124/4124
f 4130/4130/4130 4129/4129/4129 4128/4128/4128
f 4131/4131/4131 4130/4130/4130 4128/4128/4128
f 4134/4134/4134 4133/4133/4133 4132/4132/4132
f 4135/4135/4135 4134/4134/4134 4132/4132/4132
f 4138/4138/4138 4137/4137/4137 4136/4136/4136
f 4139/4139/4139 4138/4138/4138 4136/4136/4136
f 4142/4142/4142 4141/4141/4141 4140/4140/4140
f 4143/4143/4143 4142/4142/4142 4140/4140/4140
f 4146/4146/4146 4145/4145/4145 4144/4144/4144
f 4147/4147/4147 4146/4146/4146 4144/4144/4144
f 4150/4150/4150 4149/4149/4149 4148/4148/4148
f 4153/4153/4153 4152/4152/4152 4151/4151/4151
f 4156/4156/4156 4155/4155/4155 4154/4154/4154
f 4157/4157/4157 4156/4156/4156 4154/4154/4154
f 4160/4160/4160 4159/4159/4159 4158/4158/4158
f 4161/4161/4161 4160/4160/4160 4158/4158/4158
f 4164/4164/4164 4163/4163/4163 4162/4162/4162
f 4165/4165/4165 4164/4164/4164 4162/4162/4162
f 4168/4168/4168 4167/4167/4167 4166/4166/4166
f 4169/4169/4169 4168/4168/4168 4166/4166/4166
f 4172/4172/4172 4171/4171/4171 4170/4170/4170
f 4173/4173/4173 4172/4172/4172 4170/4170/4170
f 4176/4176/4176 4175/4175/4175 4174/4174/4174
f 4177/4177/4177 4176/4176/4176 4174/4174/4174
f 4180/4180/4180 4179/4179/4179 4178/4178/4178
f 4181/4181/4181 4180/4180/4180 4178/4178/4178
f 4184/4184/4184 4183/4183/4183 4182/4182/4182
f 4185/4185/4185 4184/4184/4184 4182/4182/4182
f 4188/4188/4188 4187/4187/4187 4186/4186/4186
f 4191/4191/4191 4190/4190/4190 4189/4189/4189
f 4194/4194/4194 4193/4193/4193 4192/4192/4192
f 4195/4195/4195 4194/4194/4194 4192/4192/4192
f 4198/4198/4198 4197/4197/4197 4196/4196/4196
f 4199/4199/4199 4198/4198/4198 4196/4196/4196
f 4202/4202/4202 4201/4201/4201 4200/4200/4200
f 4203/4203/4203 4202/4202/4202 4200/4200/4200
f 4206/4206/4206 4205/4205/4205 4204/4204/4204
f 4207/4207/4207 4206/4206/4206 4204/4204/4204
f 4210/4210/4210 4209/4209/4209 4208/4208/4208
f 4211/4211/4211 4210/4210/4210 4208/4208/4208
f 4214/4214/4214 4213/4213/4213 4212/4212/4212
f 4215/4215/4215 4214/4214/4214 4212/4212/4212
f 4218/4218/4218 4217/4217/4217 4216/4216/4216
f 4219/4219/4219 4218/4218/4218 4216/4216/4216
f 4222/4222/4222 4221/4221/4221 4220/4220/4220
f 4223/4223/4223 4222/4222/4222 4220/4220/4220
f 4226/4226/4226 4225/4225/4225 4224/4224/4224
f 4227/4227/4227 4226/4226/4226 4224/4224/4224
f 4230/4230/4230 4229/4229/4229 4228/4228/4228
f 4231/4231/4231 4230/4230/4230 4228/4228/4228
f 4234/4234/4234 4233/4233/4233 4232/4232/4232
f 4235/4235/4235 4234/4234/4234 4232/4232/4232
f 4238/4238/4238 4237/4237/4237 4236/4236/4236
f 4239/4239/4239 4238/4238/4238 4236/4236/4236
f 4242/4242/4242 4241/4241/4241 4240/4240/4240
f 4243/4243/4243 4242/4242/4242 4240/4240/4240
f 4246/4246/4246 4245/4245/4245 4244/4244/4244
f 4247/4247/4247 4246/4246/4246 4244/4244/4244
f 4248/4248/4248 4247/4247/4247 4244/4244/4244
f 4249/4249/4249 4248/4248/4248 4244/4244/4244
f 4249/4249/4249 4250/4250/4250 4248/4248/4248
f 4250/4250/4250 4251/4251/4251 4248/4248/4248
f 4254/4254/4254 4253/4253/4253 4252/4252/4252
f 4255/4255/4255 4254/4254/4254 4252/4252/4252
f 4258/4258/4258 4257/4257/4257 4256/4256/4256
f 4259/4259/4259 4258/4258/4258 4256/4256/4256
f 4259/4259/4259 4256/4256/4256 4260/4260/4260
f 4256/4256/4256 4261/4261/4261 4260/4260/4260
f 4264/4264/4264 4263/4263/4263 4262/4262/4262
f 4265/4265/4265 4264/4264/4264 4262/4262/4262
f 4268/4268/4268 4267/4267/4267 4266/4266/4266
f 4269/4269/4269 4268/4268/4268 4266/4266/4266
f 4267/4267/4267 4268/4268/4268 4270/4270/4270
f 4268/4268/4268 4271/4271/4271 4270/4270/4270
f 4270/4270/4270 4271/4271/4271 4272/4272/4272
f 4271/4271/4271 4273/4273/4273 4272/4272/4272
f 4269/4269/4269 4266/4266/4266 4274/4274/4274
f 4266/4266/4266 4275/4275/4275 4274/4274/4274
f 4277/4277/4277 4273/4273/4273 4276/4276/4276
f 4278/4278/4278 4277/4277/4277 4276/4276/4276
f 4281/4281/4281 4280/4280/4280 4279/4279/4279
f 4282/4282/4282 4281/4281/4281 4279/4279/4279
f 4281/4281/4281 4283/4283/4283 4280/4280/4280
f 4283/4283/4283 4284/4284/4284 4280/4280/4280
f 4284/4284/4284 4283/4283/4283 4285/4285/4285
f 4286/4286/4286 4284/4284/4284 4285/4285/4285
f 4282/4282/4282 4279/4279/4279 4287/4287/4287
f 4279/4279/4279 4288/4288/4288 4287/4287/4287
f 4291/4291/4291 4290/4290/4290 4289/4289/4289
f 4292/4292/4292 4291/4291/4291 4289/4289/4289
f 4293/4293/4293 4291/4291/4291 4292/4292/4292
f 4294/4294/4294 4293/4293/4293 4292/4292/4292
f 4293/4293/4293 4294/4294/4294 4295/4295/4295
f 4296/4296/4296 4293/4293/4293 4295/4295/4295
f 4289/4289/4289 4290/4290/4290 4297/4297/4297
f 4290/4290/4290 4298/4298/4298 4297/4297/4297
f 4301/4301/4301 4300/4300/4300 4299/4299/4299
f 4302/4302/4302 4301/4301/4301 4299/4299/4299
f 4300/4300/4300 4301/4301/4301 4303/4303/4303
f 4301/4301/4301 4304/4304/4304 4303/4303/4303
f 4303/4303/4303 4304/4304/4304 4305/4305/4305
f 4304/4304/4304 4306/4306/4306 4305/4305/4305
f 4302/4302/4302 4299/4299/4299 4307/4307/4307
f 4299/4299/4299 4308/4308/4308 4307/4307/4307
f 4311/4311/4311 4310/4310/4310 4309/4309/4309
f 4312/4312/4312 4311/4311/4311 4309/4309/4309
f 4311/4311/4311 4313/4313/4313 4310/4310/4310
f 4313/4313/4313 4314/4314/4314 4310/4310/4310
f 4314/4314/4314 4313/4313/4313 4315/4315/4315
f 4316/4316/4316 4314/4314/4314 4315/4315/4315
f 4312/4312/4312 4309/4309/4309 4317/4317/4317
f 4309/4309/4309 4318/4318/4318 4317/4317/4317
f 4321/4321/4321 4320/4320/4320 4319/4319/4319
f 4322/4322/4322 4321/4321/4321 4319/4319/4319
f 4323/4323/4323 4321/4321/4321 4322/4322/4322
f 4319/4319/4319 4320/4320/4320 4324/4324/4324
f 4320/4320/4320 4325/4325/4325 4324/4324/4324
f 4328/4328/4328 4327/4327/4327 4326/4326/4326
f 4327/4327/4327 4328/4328/4328 4329/4329/4329
f 4330/4330/4330 4327/4327/4327 4329/4329/4329
f 4333/4333/4333 4332/4332/4332 4331/4331/4331
f 4334/4334/4334 4333/4333/4333 4331/4331/4331
f 4332/4332/4332 4333/4333/4333 4335/4335/4335
f 4333/4333/4333 4336/4336/4336 4335/4335/4335
f 4335/4335/4335 4336/4336/4336 4337/4337/4337
f 4336/4336/4336 4338/4338/4338 4337/4337/4337
f 4341/4341/4341 4340/4340/4340 4339/4339/4339
f 4342/4342/4342 4341/4341/4341 4339/4339/4339
f 4341/4341/4341 4343/4343/4343 4340/4340/4340
f 4343/4343/4343 4344/4344/4344 4340/4340/4340
f 4344/4344/4344 4343/4343/4343 4345/4345/4345
f 4346/4346/4346 4344/4344/4344 4345/4345/4345
f 4346/4346/4346 4345/4345/4345 4347/4347/4347
f 4345/4345/4345 4348/4348/4348 4347/4347/4347
f 4351/4351/4351 4350/4350/4350 4349/4349/4349
f 4352/4352/4352 4351/4351/4351 4349/4349/4349
f 4353/4353/4353 4351/4351/4351 4352/4352/4352
f 4354/4354/4354 4353/4353/4353 4352/4352/4352
f 4353/4353/4353 4354/4354/4354 4355/4355/4355
f 4356/4356/4356 4353/4353/4353 4355/4355/4355
f 4359/4359/4359 4358/4358/4358 4357/4357/4357
f 4360/4360/4360 4359/4359/4359 4357/4357/4357
f 4358/4358/4358 4359/4359/4359 4361/4361/4361
f 4359/4359/4359 4362/4362/4362 4361/4361/4361
f 4361/4361/4361 4362/4362/4362 4363/4363/4363
f 4362/4362/4362 4364/4364/4364 4363/4363/4363
f 4360/4360/4360 4357/4357/4357 4365/4365/4365
f 4357/4357/4357 4366/4366/4366 4365/4365/4365
f 4369/4369/4369 4368/4368/4368 4367/4367/4367
f 4370/4370/4370 4369/4369/4369 4367/4367/4367
f 4369/4369/4369 4371/4371/4371 4368/4368/4368
f 4371/4371/4371 4372/4372/4372 4368/4368/4368
f 4372/4372/4372 4371/4371/4371 4373/4373/4373
f 4374/4374/4374 4372/4372/4372 4373/4373/4373
f 4370/4370/4370 4367/4367/4367 4375/4375/4375
f 4367/4367/4367 4376/4376/4376 4375/4375/4375
f 4379/4379/4379 4378/4378/4378 4377/4377/4377
f 4380/4380/4380 4379/4379/4379 4377/4377/4377
f 4381/4381/4381 4379/4379/4379 4380/4380/4380
f 4382/4382/4382 4381/4381/4381 4380/4380/4380
f 4381/4381/4381 4382/4382/4382 4383/4383/4383
f 4384/4384/4384 4381/4381/4381 4383/4383/4383
f 4377/4377/4377 4378/4378/4378 4385/4385/4385
f 4378/4378/4378 4386/4386/4386 4385/4385/4385
f 4389/4389/4389 4388/4388/4388 4387/4387/4387
f 4390/4390/4390 4389/4389/4389 4387/4387/4387
f 4388/4388/4388 4389/4389/4389 4391/4391/4391
f 4389/4389/4389 4392/4392/4392 4391/4391/4391
f 4391/4391/4391 4392/4392/4392 4393/4393/4393
f 4392/4392/4392 4394/4394/4394 4393/4393/4393
f 4390/4390/4390 4387/4387/4387 4395/4395/4395
f 4387/4387/4387 4396/4396/4396 4395/4395/4395
f 4399/4399/4399 4398/4398/4398 4397/4397/4397
f 4400/4400/4400 4399/4399/4399 4397/4397/4397
f 4399/4399/4399 4401/4401/4401 4398/4398/4398
f 4401/4401/4401 4402/4402/4402 4398/4398/4398
f 4402/4402/4402 4401/4401/4401 4403/4403/4403
f 4404/4404/4404 4402/4402/4402 4403/4403/4403
f 4400/4400/4400 4397/4397/4397 4405/4405/4405
f 4397/4397/4397 4406/4406/4406 4405/4405/4405
f 4409/4409/4409 4408/4408/4408 4407/4407/4407
f 4410/4410/4410 4409/4409/4409 4407/4407/4407
f 4411/4411/4411 4409/4409/4409 4410/4410/4410
f 4412/4412/4412 4411/4411/4411 4410/4410/4410
f 4411/4411/4411 4412/4412/4412 4413/4413/4413
f 4414/4414/4414 4411/4411/4411 4413/4413/4413
f 4407/4407/4407 4408/4408/4408 4415/4415/4415
f 4408/4408/4408 4416/4416/4416 4415/4415/4415
f 4418/4418/4418 4417/4417/4417 4414/4414/4414
f 4419/4419/4419 4418/4418/4418 4414/4414/4414
f 4422/4422/4422 4421/4421/4421 4420/4420/4420
f 4423/4423/4423 4422/4422/4422 4420/4420/4420
f 4424/4424/4424 4423/4423/4423 4420/4420/4420
f 4425/4425/4425 4424/4424/4424 4420/4420/4420
f 4428/4428/4428 4427/4427/4427 4426/4426/4426
f 4429/4429/4429 4428/4428/4428 4426/4426/4426
f 4430/4430/4430 4426/4426/4426 4427/4427/4427
f 4431/4431/4431 4430/4430/4430 4427/4427/4427
f 4434/4434/4434 4433/4433/4433 4432/4432/4432
f 4435/4435/4435 4434/4434/4434 4432/4432/4432
f 4438/4438/4438 4437/4437/4437 4436/4436/4436
f 4439/4439/4439 4438/4438/4438 4436/4436/4436
f 4442/4442/4442 4441/4441/4441 4440/4440/4440
f 4443/4443/4443 4442/4442/4442 4440/4440/4440
f 4446/4446/4446 4445/4445/4445 4444/4444/4444
f 4447/4447/4447 4446/4446/4446 4444/4444/4444
f 4450/4450/4450 4449/4449/4449 4448/4448/4448
f 4451/4451/4451 4450/4450/4450 4448/4448/4448
f 4454/4454/4454 4453/4453/4453 4452/4452/4452
f 4455/4455/4455 4454/4454/4454 4452/4452/4452
f 4458/4458/4458 4457/4457/4457 4456/4456/4456
f 4459/4459/4459 4458/4458/4458 4456/4456/4456
f 4462/4462/4462 4461/4461/4461 4460/4460/4460
f 4463/4463/4463 4462/4462/4462 4460/4460/4460
f 4466/4466/4466 4465/4465/4465 4464/4464/4464
f 4467/4467/4467 4466/4466/4466 4464/4464/4464
f 4470/4470/4470 4469/4469/4469 4468/4468/4468
f 4471/4471/4471 4470/4470/4470 4468/4468/4468
f 4474/4474/4474 4473/4473/4473 4472/4472/4472
f 4475/4475/4475 4474/4474/4474 4472/4472/4472
f 4478/4478/4478 4477/4477/4477 4476/4476/4476
f 4479/4479/4479 4478/4478/4478 4476/4476/4476
f 4482/4482/4482 4481/4481/4481 4480/4480/4480
f 4483/4483/4483 4482/4482/4482 4480/4480/4480
f 4486/4486/4486 4485/4485/4485 4484/4484/4484
f 4487/4487/4487 4486/4486/4486 4484/4484/4484
f 4490/4490/4490 4489/4489/4489 4488/4488/4488
f 4491/4491/4491 4490/4490/4490 4488/4488/4488
f 4494/4494/4494 4493/4493/4493 4492/4492/4492
f 4495/4495/4495 4494/4494/4494 4492/4492/4492
f 4498/4498/4498 4497/4497/4497 4496/4496/4496
f 4499/4499/4499 4498/4498/4498 4496/4496/4496
f 4502/4502/4502 4501/4501/4501 4500/4500/4500
f 4503/4503/4503 4502/4502/4502 4500/4500/4500
f 4506/4506/4506 4505/4505/4505 4504/4504/4504
f 4507/4507/4507 4506/4506/4506 4504/4504/4504
f 4510/4510/4510 4509/4509/4509 4508/4508/4508
f 4511/4511/4511 4510/4510/4510 4508/4508/4508
f 4514/4514/4514 4513/4513/4513 4512/4512/4512
f 4515/4515/4515 4514/4514/4514 4512/4512/4512
f 4518/4518/4518 4517/4517/4517 4516/4516/4516
f 4519/4519/4519 4518/4518/4518 4516/4516/4516
f 4522/4522/4522 4521/4521/4521 4520/4520/4520
f 4523/4523/4523 4522/4522/4522 4520/4520/4520
f 4526/4526/4526 4525/4525/4525 4524/4524/4524
f 4527/4527/4527 4526/4526/4526 4524/4524/4524
f 4530/4530/4530 4529/4529/4529 4528/4528/4528
f 4531/4531/4531 4530/4530/4530 4528/4528/4528
f 4534/4534/4534 4533/4533/4533 4532/4532/4532
f 4535/4535/4535 4534/4534/4534 4532/4532/4532
f 4538/4538/4538 4537/4537/4537 4536/4536/4536
f 4539/4539/4539 4538/4538/4538 4536/4536/4536
f 4542/4542/4542 4541/4541/4541 4540/4540/4540
f 4543/4543/4543 4542/4542/4542 4540/4540/4540
f 4546/4546/4546 4545/4545/4545 4544/4544/4544
f 4547/4547/4547 4546/4546/4546 4544/4544/4544
f 4550/4550/4550 4549/4549/4549 4548/4548/4548
f 4551/4551/4551 4550/4550/4550 4548/4548/4548
f 4554/4554/4554 4553/4553/4553 4552/4552/4552
f 4555/4555/4555 4554/4554/4554 4552/4552/4552
f 4558/4558/4558 4557/4557/4557 4556/4556/4556
f 4559/4559/4559 4558/4558/4558 4556/4556/4556
f 4562/4562/4562 4561/4561/4561 4560/4560/4560
f 4563/4563/4563 4562/4562/4562 4560/4560/4560
f 4564/4564/4564 4563/4563/4563 4560/4560/4560
f 4565/4565/4565 4564/4564/4564 4560/4560/4560
f 4568/4568/4568 4567/4567/4567 4566/4566/4566
f 4569/4569/4569 4568/4568/4568 4566/4566/4566
f 4570/4570/4570 4569/4569/4569 4566/4566/4566
f 4571/4571/4571 4570/4570/4570 4566/4566/4566
f 4574/4574/4574 4573/4573/4573 4572/4572/4572
f 4575/4575/4575 4574/4574/4574 4572/4572/4572
f 4578/4578/4578 4577/4577/4577 4576/4576/4576
f 4579/4579/4579 4578/4578/4578 4576/4576/4576
f 4582/4582/4582 4581/4581/4581 4580/4580/4580
f 4583/4583/4583 4582/4582/4582 4580/4580/4580
f 4586/4586/4586 4585/4585/4585 4584/4584/4584
f 4587/4587/4587 4586/4586/4586 4584/4584/4584
f 4588/4588/4588 4584/4584/4584 4585/4585/4585
f 4589/4589/4589 4588/4588/4588 4585/4585/4585
f 4592/4592/4592 4591/4591/4591 4590/4590/4590
f 4593/4593/4593 4592/4592/4592 4590/4590/4590
f 4596/4596/4596 4595/4595/4595 4594/4594/4594
f 4597/4597/4597 4596/4596/4596 4594/4594/4594
f 4600/4600/4600 4599/4599/4599 4598/4598/4598
f 4601/4601/4601 4600/4600/4600 4598/4598/4598
f 4604/4604/4604 4603/4603/4603 4602/4602/4602
f 4605/4605/4605 4604/4604/4604 4602/4602/4602
f 4608/4608/4608 4607/4607/4607 4606/4606/4606
f 4609/4609/4609 4608/4608/4608 4606/4606/4606
f 4612/4612/4612 4611/4611/4611 4610/4610/4610
f 4613/4613/4613 4612/4612/4612 4610/4610/4610
f 4616/4616/4616 4615/4615/4615 4614/4614/4614
f 4617/4617/4617 4616/4616/4616 4614/4614/4614
f 4620/4620/4620 4619/4619/4619 4618/4618/4618
f 4621/4621/4621 4620/4620/4620 4618/4618/4618
f 4624/4624/4624 4623/4623/4623 4622/4622/4622
f 4625/4625/4625 4624/4624/4624 4622/4622/4622
f 4628/4628/4628 4627/4627/4627 4626/4626/4626
f 4629/4629/4629 4628/4628/4628 4626/4626/4626
f 4632/4632/4632 4631/4631/4631 4630/4630/4630
f 4633/4633/4633 4632/4632/4632 4630/4630/4630
f 4636/4636/4636 4635/4635/4635 4634/4634/4634
f 4637/4637/4637 4636/4636/4636 4634/4634/4634
f 4640/4640/4640 4639/4639/4639 4638/4638/4638
f 4641/4641/4641 4640/4640/4640 4638/4638/4638
f 4644/4644/4644 4643/4643/4643 4642/4642/4642
f 4645/4645/4645 4644/4644/4644 4642/4642/4642
f 4648/4648/4648 4647/4647/4647 4646/4646/4646
f 4649/4649/4649 4648/4648/4648 4646/4646/4646
f 4652/4652/4652 4651/4651/4651 4650/4650/4650
f 4653/4653/4653 4652/4652/4652 4650/4650/4650
f 4656/4656/4656 4655/4655/4655 4654/4654/4654
f 4657/4657/4657 4656/4656/4656 4654/4654/4654
f 4660/4660/4660 4659/4659/4659 4658/4658/4658
f 4661/4661/4661 4660/4660/4660 4658/4658/4658
f 4664/4664/4664 4663/4663/4663 4662/4662/4662
f 4665/4665/4665 4664/4664/4664 4662/4662/4662
f 4666/4666/4666 4665/4665/4665 4662/4662/4662
f 4667/4667/4667 4666/4666/4666 4662/4662/4662
f 4670/4670/4670 4669/4669/4669 4668/4668/4668
f 4671/4671/4671 4670/4670/4670 4668/4668/4668
f 4674/4674/4674 4673/4673/4673 4672/4672/4672
f 4675/4675/4675 4674/4674/4674 4672/4672/4672
f 4678/4678/4678 4677/4677/4677 4676/4676/4676
f 4679/4679/4679 4678/4678/4678 4676/4676/4676
f 4682/4682/4682 4681/4681/4681 4680/4680/4680
f 4683/4683/4683 4682/4682/4682 4680/4680/4680
f 4686/4686/4686 4685/4685/4685 4684/4684/4684
f 4687/4687/4687 4686/4686/4686 4684/4684/4684
f 4690/4690/4690 4689/4689/4689 4688/4688/4688
f 4691/4691/4691 4690/4690/4690 4688/4688/4688
f 4694/4694/4694 4693/4693/4693 4692/4692/4692
f 4695/4695/4695 4694/4694/4694 4692/4692/4692
f 4698/4698/4698 4697/4697/4697 4696/4696/4696
f 4699/4699/4699 4698/4698/4698 4696/4696/4696
f 4702/4702/4702 4701/4701/4701 4700/4700/4700
f 4703/4703/4703 4702/4702/4702 4700/4700/4700
f 4706/4706/4706 4705/4705/4705 4704/4704/4704
f 4707/4707/4707 4706/4706/4706 4704/4704/4704
f 4710/4710/4710 4709/4709/4709 4708/4708/4708
f 4711/4711/4711 4710/4710/4710 4708/4708/4708
f 4714/4714/4714 4713/4713/4713 4712/4712/4712
f 4715/4715/4715 4714/4714/4714 4712/4712/4712
f 4718/4718/4718 4717/4717/4717 4716/4716/4716
f 4719/4719/4719 4718/4718/4718 4716/4716/4716
f 4722/4722/4722 4721/4721/4721 4720/4720/4720
f 4723/4723/4723 4722/4722/4722 4720/4720/4720
f 4726/4726/4726 4725/4725/4725 4724/4724/4724
f 4727/4727/4727 4726/4726/4726 4724/4724/4724
f 4730/4730/4730 4729/4729/4729 4728/4728/4728
f 4733/4733/4733 4732/4732/4732 4731/4731/4731
f 4736/4736/4736 4735/4735/4735 4734/4734/4734
f 4737/4737/4737 4736/4736/4736 4734/4734/4734
f 4740/4740/4740 4739/4739/4739 4738/4738/4738
f 4741/4741/4741 4740/4740/4740 4738/4738/4738
f 4744/4744/4744 4743/4743/4743 4742/4742/4742
f 4745/4745/4745 4744/4744/4744 4742/4742/4742
f 4748/4748/4748 4747/4747/4747 4746/4746/4746
f 4749/4749/4749 4748/4748/4748 4746/4746/4746
f 4749/4749/4749 4746/4746/4746 4750/4750/4750
f 4746/4746/4746 4751/4751/4751 4750/4750/4750
f 4754/4754/4754 4753/4753/4753 4752/4752/4752
f 4755/4755/4755 4754/4754/4754 4752/4752/4752
f 4758/4758/4758 4757/4757/4757 4756/4756/4756
f 4759/4759/4759 4758/4758/4758 4756/4756/4756
f 4762/4762/4762 4761/4761/4761 4760/4760/4760
f 4763/4763/4763 4762/4762/4762 4760/4760/4760
f 4766/4766/4766 4765/4765/4765 4764/4764/4764
f 4767/4767/4767 4766/4766/4766 4764/4764/4764
f 4770/4770/4770 4769/4769/4769 4768/4768/4768
f 4771/4771/4771 4770/4770/4770 4768/4768/4768
f 4774/4774/4774 4773/4773/4773 4772/4772/4772
f 4775/4775/4775 4774/4774/4774 4772/4772/4772
f 4778/4778/4778 4777/4777/4777 4776/4776/4776
f 4779/4779/4779 4778/4778/4778 4776/4776/4776
f 4782/4782/4782 4781/4781/4781 4780/4780/4780
f 4783/4783/4783 4782/4782/4782 4780/4780/4780
f 4786/4786/4786 4785/4785/4785 4784/4784/4784
f 4787/4787/4787 4786/4786/4786 4784/4784/4784
f 4790/4790/4790 4789/4789/4789 4788/4788/4788
f 4791/4791/4791 4790/4790/4790 4788/4788/4788
f 4794/4794/4794 4793/4793/4793 4792/4792/4792
f 4795/4795/4795 4794/4794/4794 4792/4792/4792
f 4798/4798/4798 4797/4797/4797 4796/4796/4796
f 4799/4799/4799 4798/4798/4798 4796/4796/4796
f 4802/4802/4802 4801/4801/4801 4800/4800/4800
f 4803/4803/4803 4802/4802/4802 4800/4800/4800
f 4806/4806/4806 4805/4805/4805 4804/4804/4804
f 4807/4807/4807 4806/4806/4806 4804/4804/4804
f 4810/4810/4810 4809/4809/4809 4808/4808/4808
f 4811/4811/4811 4810/4810/4810 4808/4808/4808
f 4814/4814/4814 4813/4813/4813 4812/4812/4812
f 4815/4815/4815 4814/4814/4814 4812/4812/4812
f 4818/4818/4818 4817/4817/4817 4816/4816/4816
f 4819/4819/4819 4818/4818/4818 4816/4816/4816
f 4822/4822/4822 4821/4821/4821 4820/4820/4820
f 4823/4823/4823 4822/4822/4822 4820/4820/4820
f 4826/4826/4826 4825/4825/4825 4824/4824/4824
f 4827/4827/4827 4826/4826/4826 4824/4824/4824
f 4827/4827/4827 4824/4824/4824 4828/4828/4828
f 4824/4824/4824 4829/4829/4829 4828/4828/4828
f 4832/4832/4832 4831/4831/4831 4830/4830/4830
f 4833/4833/4833 4832/4832/4832 4830/4830/4830
f 4836/4836/4836 4835/4835/4835 4834/4834/4834
f 4837/4837/4837 4836/4836/4836 4834/4834/4834
f 4840/4840/4840 4839/4839/4839 4838/4838/4838
f 4841/4841/4841 4840/4840/4840 4838/4838/4838
f 4839/4839/4839 4840/4840/4840 4842/4842/4842
f 4840/4840/4840 4843/4843/4843 4842/4842/4842
f 4842/4842/4842 4843/4843/4843 4844/4844/4844
f 4843/4843/4843 4845/4845/4845 4844/4844/4844
f 4846/4846/4846 4844/4844/4844 4845/4845/4845
f 4847/4847/4847 4846/4846/4846 4845/4845/4845
f 4841/4841/4841 4838/4838/4838 667/667/667
f 4838/4838/4838 4848/4848/4848 667/667/667
f 4850/4850/4850 2141/2141/2141 4849/4849/4849
f 4851/4851/4851 4850/4850/4850 4849/4849/4849
f 4854/4854/4854 4853/4853/4853 4852/4852/4852
f 4855/4855/4855 4854/4854/4854 4852/4852/4852
f 4858/4858/4858 4857/4857/4857 4856/4856/4856
f 4859/4859/4859 4858/4858/4858 4856/4856/4856
f 4862/4862/4862 4861/4861/4861 4860/4860/4860
f 4863/4863/4863 4862/4862/4862 4860/4860/4860
f 4866/4866/4866 4865/4865/4865 4864/4864/4864
f 4867/4867/4867 4866/4866/4866 4864/4864/4864
f 4870/4870/4870 4869/4869/4869 4868/4868/4868
f 4871/4871/4871 4870/4870/4870 4868/4868/4868
f 4874/4874/4874 4873/4873/4873 4872/4872/4872
f 4875/4875/4875 4874/4874/4874 4872/4872/4872
f 4878/4878/4878 4877/4877/4877 4876/4876/4876
f 4879/4879/4879 4878/4878/4878 4876/4876/4876
f 4882/4882/4882 4881/4881/4881 4880/4880/4880
f 4883/4883/4883 4882/4882/4882 4880/4880/4880
f 4886/4886/4886 4885/4885/4885 4884/4884/4884
f 4887/4887/4887 4886/4886/4886 4884/4884/4884
f 4890/4890/4890 4889/4889/4889 4888/4888/4888
f 4893/4893/4893 4892/4892/4892 4891/4891/4891
f 4896/4896/4896 4895/4895/4895 4894/4894/4894
f 4899/4899/4899 4898/4898/4898 4897/4897/4897
f 4902/4902/4902 4901/4901/4901 4900/4900/4900
f 4903/4903/4903 4902/4902/4902 4900/4900/4900
f 4906/4906/4906 4905/4905/4905 4904/4904/4904
f 4907/4907/4907 4906/4906/4906 4904/4904/4904
f 4910/4910/4910 4909/4909/4909 4908/4908/4908
f 4911/4911/4911 4910/4910/4910 4908/4908/4908
f 4914/4914/4914 4913/4913/4913 4912/4912/4912
f 4915/4915/4915 4914/4914/4914 4912/4912/4912
f 4918/4918/4918 4917/4917/4917 4916/4916/4916
f 4919/4919/4919 4918/4918/4918 4916/4916/4916
f 4922/4922/4922 4921/4921/4921 4920/4920/4920
f 4923/4923/4923 4922/4922/4922 4920/4920/4920
f 4926/4926/4926 4925/4925/4925 4924/4924/4924
f 4927/4927/4927 4926/4926/4926 4924/4924/4924
f 4930/4930/4930 4929/4929/4929 4928/4928/4928
f 4931/4931/4931 4930/4930/4930 4928/4928/4928
f 4934/4934/4934 4933/4933/4933 4932/4932/4932
f 4935/4935/4935 4934/4934/4934 4932/4932/4932
f 4938/4938/4938 4937/4937/4937 4936/4936/4936
f 4939/4939/4939 4938/4938/4938 4936/4936/4936
f 4942/4942/4942 4941/4941/4941 4940/4940/4940
f 4943/4943/4943 4942/4942/4942 4940/4940/4940
f 4946/4946/4946 4945/4945/4945 4944/4944/4944
f 4947/4947/4947 4946/4946/4946 4944/4944/4944
f 4950/4950/4950 4949/4949/4949 4948/4948/4948
f 4953/4953/4953 4952/4952/4952 4951/4951/4951
f 4956/4956/4956 4955/4955/4955 4954/4954/4954
f 4957/4957/4957 4956/4956/4956 4954/4954/4954
f 4960/4960/4960 4959/4959/4959 4958/4958/4958
f 4961/4961/4961 4960/4960/4960 4958/4958/4958
f 4964/4964/4964 4963/4963/4963 4962/4962/4962
f 4965/4965/4965 4964/4964/4964 4962/4962/4962
f 4968/4968/4968 4967/4967/4967 4966/4966/4966
f 4969/4969/4969 4968/4968/4968 4966/4966/4966
f 4972/4972/4972 4971/4971/4971 4970/4970/4970
f 4973/4973/4973 4972/4972/4972 4970/4970/4970
f 4976/4976/4976 4975/4975/4975 4974/4974/4974
f 4977/4977/4977 4976/4976/4976 4974/4974/4974
f 4980/4980/4980 4979/4979/4979 4978/4978/4978
f 4981/4981/4981 4980/4980/4980 4978/4978/4978
f 4984/4984/4984 4983/4983/4983 4982/4982/4982
f 4985/4985/4985 4984/4984/4984 4982/4982/4982
f 4988/4988/4988 4987/4987/4987 4986/4986/4986
f 4989/4989/4989 4988/4988/4988 4986/4986/4986
f 4992/4992/4992 4991/4991/4991 4990/4990/4990
f 4993/4993/4993 4992/4992/4992 4990/4990/4990
f 4996/4996/4996 4995/4995/4995 4994/4994/4994
f 4997/4997/4997 4996/4996/4996 4994/4994/4994
f 5000/5000/5000 4999/4999/4999 4998/4998/4998
f 5001/5001/5001 5000/5000/5000 4998/4998/4998
f 5004/5004/5004 5003/5003/5003 5002/5002/5002
f 5005/5005/5005 5004/5004/5004 5002/5002/5002
f 5008/5008/5008 5007/5007/5007 5006/5006/5006
f 5009/5009/5009 5008/5008/5008 5006/5006/5006
f 5012/5012/5012 5011/5011/5011 5010/5010/5010
f 5013/5013/5013 5012/5012/5012 5010/5010/5010
f 5016/5016/5016 5015/5015/5015 5014/5014/5014
f 5017/5017/5017 5016/5016/5016 5014/5014/5014
f 5020/5020/5020 5019/5019/5019 5018/5018/5018
f 5021/5021/5021 5020/5020/5020 5018/5018/5018
f 5024/5024/5024 5023/5023/5023 5022/5022/5022
f 5025/5025/5025 5024/5024/5024 5022/5022/5022
f 5028/5028/5028 5027/5027/5027 5026/5026/5026
f 5029/5029/5029 5028/5028/5028 5026/5026/5026
f 5032/5032/5032 5031/5031/5031 5030/5030/5030
f 5033/5033/5033 5032/5032/5032 5030/5030/5030
f 5036/5036/5036 5035/5035/5035 5034/5034/5034
f 5037/5037/5037 5036/5036/5036 5034/5034/5034
f 5040/5040/5040 5039/5039/5039 5038/5038/5038
f 5041/5041/5041 5040/5040/5040 5038/5038/5038
f 5044/5044/5044 5043/5043/5043 5042/5042/5042
f 5045/5045/5045 5044/5044/5044 5042/5042/5042
f 5048/5048/5048 5047/5047/5047 5046/5046/5046
f 5049/5049/5049 5048/5048/5048 5046/5046/5046
f 5052/5052/5052 5051/5051/5051 5050/5050/5050
f 5053/5053/5053 5052/5052/5052 5050/5050/5050
f 5056/5056/5056 5055/5055/5055 5054/5054/5054
f 5057/5057/5057 5056/5056/5056 5054/5054/5054
f 5060/5060/5060 5059/5059/5059 5058/5058/5058
f 5061/5061/5061 5060/5060/5060 5058/5058/5058
f 5064/5064/5064 5063/5063/5063 5062/5062/5062
f 5065/5065/5065 5064/5064/5064 5062/5062/5062
f 5068/5068/5068 5067/5067/5067 5066/5066/5066
f 5069/5069/5069 5068/5068/5068 5066/5066/5066
f 5072/5072/5072 5071/5071/5071 5070/5070/5070
f 5073/5073/5073 5072/5072/5072 5070/5070/5070
f 5076/5076/5076 5075/5075/5075 5074/5074/5074
f 5077/5077/5077 5076/5076/5076 5074/5074/5074
f 5080/5080/5080 5079/5079/5079 5078/5078/5078
f 5081/5081/5081 5080/5080/5080 5078/5078/5078
f 5084/5084/5084 5083/5083/5083 5082/5082/5082
f 5085/5085/5085 5084/5084/5084 5082/5082/5082
f 5088/5088/5088 5087/5087/5087 5086/5086/5086
f 5089/5089/5089 5088/5088/5088 5086/5086/5086
f 5092/5092/5092 5091/5091/5091 5090/5090/5090
f 5095/5095/5095 5094/5094/5094 5093/5093/5093
f 5098/5098/5098 5097/5097/5097 5096/5096/5096
f 5099/5099/5099 5098/5098/5098 5096/5096/5096
f 5102/5102/5102 5101/5101/5101 5100/5100/5100
f 5105/5105/5105 5104/5104/5104 5103/5103/5103
f 5108/5108/5108 5107/5107/5107 5106/5106/5106
f 5109/5109/5109 5108/5108/5108 5106/5106/5106
f 5112/5112/5112 5111/5111/5111 5110/5110/5110
f 5113/5113/5113 5112/5112/5112 5110/5110/5110
f 5116/5116/5116 5115/5115/5115 5114/5114/5114
f 5117/5117/5117 5116/5116/5116 5114/5114/5114
f 5120/5120/5120 5119/5119/5119 5118/5118/5118
f 5121/5121/5121 5120/5120/5120 5118/5118/5118
f 5124/5124/5124 5123/5123/5123 5122/5122/5122
f 5125/5125/5125 5124/5124/5124 5122/5122/5122
f 5128/5128/5128 5127/5127/5127 5126/5126/5126
f 5129/5129/5129 5128/5128/5128 5126/5126/5126
f 5132/5132/5132 5131/5131/5131 5130/5130/5130
f 5133/5133/5133 5132/5132/5132 5130/5130/5130
f 5136/5136/5136 5135/5135/5135 5134/5134/5134
f 5137/5137/5137 5136/5136/5136 5134/5134/5134
f 5140/5140/5140 5139/5139/5139 5138/5138/5138
f 5141/5141/5141 5140/5140/5140 5138/5138/5138
f 5144/5144/5144 5143/5143/5143 5142/5142/5142
f 5145/5145/5145 5144/5144/5144 5142/5142/5142
f 5148/5148/5148 5147/5147/5147 5146/5146/5146
f 5151/5151/5151 5150/5150/5150 5149/5149/5149
f 5154/5154/5154 5153/5153/5153 5152/5152/5152
f 5155/5155/5155 5154/5154/5154 5152/5152/5152
f 5158/5158/5158 5157/5157/5157 5156/5156/5156
f 5159/5159/5159 5158/5158/5158 5156/5156/5156
f 5162/5162/5162 5161/5161/5161 5160/5160/5160
f 5165/5165/5165 5164/5164/5164 5163/5163/5163
f 5166/5166/5166 5165/5165/5165 5163/5163/5163
f 5169/5169/5169 5168/5168/5168 5167/5167/5167
f 5170/5170/5170 5169/5169/5169 5167/5167/5167
f 5173/5173/5173 5172/5172/5172 5171/5171/5171
f 5174/5174/5174 5173/5173/5173 5171/5171/5171
f 5177/5177/5177 5176/5176/5176 5175/5175/5175
f 5178/5178/5178 5177/5177/5177 5175/5175/5175
f 5181/5181/5181 5180/5180/5180 5179/5179/5179
f 5182/5182/5182 5181/5181/5181 5179/5179/5179
f 5185/5185/5185 5184/5184/5184 5183/5183/5183
f 5186/5186/5186 5185/5185/5185 5183/5183/5183
f 5189/5189/5189 5188/5188/5188 5187/5187/5187
f 5190/5190/5190 5189/5189/5189 5187/5187/5187
f 5193/5193/5193 5192/5192/5192 5191/5191/5191
f 5194/5194/5194 5193/5193/5193 5191/5191/5191
f 5197/5197/5197 5196/5196/5196 5195/5195/5195
f 5198/5198/5198 5197/5197/5197 5195/5195/5195
f 5201/5201/5201 5200/5200/5200 5199/5199/5199
f 5202/5202/5202 5201/5201/5201 5199/5199/5199
f 5205/5205/5205 5204/5204/5204 5203/5203/5203
f 5206/5206/5206 5205/5205/5205 5203/5203/5203
f 5209/5209/5209 5208/5208/5208 5207/5207/5207
f 5212/5212/5212 5211/5211/5211 5210/5210/5210
f 5215/5215/5215 5214/5214/5214 5213/5213/5213
f 5216/5216/5216 5215/5215/5215 5213/5213/5213
f 5219/5219/5219 5218/5218/5218 5217/5217/5217
f 5220/5220/5220 5219/5219/5219 5217/5217/5217
f 5223/5223/5223 5222/5222/5222 5221/5221/5221
f 5224/5224/5224 5223/5223/5223 5221/5221/5221
f 5227/5227/5227 5226/5226/5226 5225/5225/5225
f 5228/5228/5228 5227/5227/5227 5225/5225/5225
f 5231/5231/5231 5230/5230/5230 5229/5229/5229
f 5232/5232/5232 5231/5231/5231 5229/5229/5229
f 5235/5235/5235 5234/5234/5234 5233/5233/5233
f 5236/5236/5236 5235/5235/5235 5233/5233/5233
f 5239/5239/5239 5238/5238/5238 5237/5237/5237
f 5240/5240/5240 5239/5239/5239 5237/5237/5237
f 5243/5243/5243 5242/5242/5242 5241/5241/5241
f 5244/5244/5244 5243/5243/5243 5241/5241/5241
f 5247/5247/5247 5246/5246/5246 5245/5245/5245
f 5248/5248/5248 5247/5247/5247 5245/5245/5245
f 5251/5251/5251 5250/5250/5250 5249/5249/5249
f 5254/5254/5254 5253/5253/5253 5252/5252/5252
f 5257/5257/5257 5256/5256/5256 5255/5255/5255
f 5258/5258/5258 5257/5257/5257 5255/5255/5255
f 5261/5261/5261 5260/5260/5260 5259/5259/5259
f 5262/5262/5262 5261/5261/5261 5259/5259/5259
f 5265/5265/5265 5264/5264/5264 5263/5263/5263
f 5266/5266/5266 5265/5265/5265 5263/5263/5263
f 5269/5269/5269 5268/5268/5268 5267/5267/5267
f 5270/5270/5270 5269/5269/5269 5267/5267/5267
f 5273/5273/5273 5272/5272/5272 5271/5271/5271
f 5274/5274/5274 5273/5273/5273 5271/5271/5271
f 5277/5277/5277 5276/5276/5276 5275/5275/5275
f 5278/5278/5278 5277/5277/5277 5275/5275/5275
f 5281/5281/5281 5280/5280/5280 5279/5279/5279
f 5282/5282/5282 5281/5281/5281 5279/5279/5279
f 5285/5285/5285 5284/5284/5284 5283/5283/5283
f 5286/5286/5286 5285/5285/5285 5283/5283/5283
f 5289/5289/5289 5288/5288/5288 5287/5287/5287
f 5290/5290/5290 5289/5289/5289 5287/5287/5287
f 5293/5293/5293 5292/5292/5292 5291/5291/5291
f 5294/5294/5294 5293/5293/5293 5291/5291/5291
f 5297/5297/5297 5296/5296/5296 5295/5295/5295
f 5298/5298/5298 5297/5297/5297 5295/5295/5295
f 5301/5301/5301 5300/5300/5300 5299/5299/5299
f 5302/5302/5302 5301/5301/5301 5299/5299/5299
f 5305/5305/5305 5304/5304/5304 5303/5303/5303
f 5306/5306/5306 5305/5305/5305 5303/5303/5303
f 5309/5309/5309 5308/5308/5308 5307/5307/5307
f 5310/5310/5310 5309/5309/5309 5307/5307/5307
f 5313/5313/5313 5312/5312/5312 5311/5311/5311
f 5314/5314/5314 5313/5313/5313 5311/5311/5311
f 5317/5317/5317 5316/5316/5316 5315/5315/5315
f 5318/5318/5318 5317/5317/5317 5315/5315/5315
f 5321/5321/5321 5320/5320/5320 5319/5319/5319
f 5322/5322/5322 5321/5321/5321 5319/5319/5319
f 5325/5325/5325 5324/5324/5324 5323/5323/5323
f 5326/5326/5326 5325/5325/5325 5323/5323/5323
f 5329/5329/5329 5328/5328/5328 5327/5327/5327
f 5330/5330/5330 5329/5329/5329 5327/5327/5327
f 5333/5333/5333 5332/5332/5332 5331/5331/5331
f 5334/5334/5334 5333/5333/5333 5331/5331/5331
f 5337/5337/5337 5336/5336/5336 5335/5335/5335
f 5338/5338/5338 5337/5337/5337 5335/5335/5335
f 5341/5341/5341 5340/5340/5340 5339/5339/5339
f 5342/5342/5342 5341/5341/5341 5339/5339/5339
f 5345/5345/5345 5344/5344/5344 5343/5343/5343
f 5346/5346/5346 5345/5345/5345 5343/5343/5343
f 5349/5349/5349 5348/5348/5348 5347/5347/5347
f 5350/5350/5350 5349/5349/5349 5347/5347/5347
f 5353/5353/5353 5352/5352/5352 5351/5351/5351
f 5354/5354/5354 5353/5353/5353 5351/5351/5351
f 5357/5357/5357 5356/5356/5356 5355/5355/5355
f 5358/5358/5358 5357/5357/5357 5355/5355/5355
f 5361/5361/5361 5360/5360/5360 5359/5359/5359
f 5362/5362/5362 5361/5361/5361 5359/5359/5359
f 5365/5365/5365 5364/5364/5364 5363/5363/5363
f 5366/5366/5366 5365/5365/5365 5363/5363/5363
f 5369/5369/5369 5368/5368/5368 5367/5367/5367
f 5370/5370/5370 5369/5369/5369 5367/5367/5367
f 5373/5373/5373 5372/5372/5372 5371/5371/5371
f 5374/5374/5374 5373/5373/5373 5371/5371/5371
f 5377/5377/5377 5376/5376/5376 5375/5375/5375
f 5378/5378/5378 5377/5377/5377 5375/5375/5375
f 5381/5381/5381 5380/5380/5380 5379/5379/5379
f 5382/5382/5382 5381/5381/5381 5379/5379/5379
f 5385/5385/5385 5384/5384/5384 5383/5383/5383
f 5386/5386/5386 5385/5385/5385 5383/5383/5383
f 5389/5389/5389 5388/5388/5388 5387/5387/5387
f 5392/5392/5392 5391/5391/5391 5390/5390/5390
f 5393/5393/5393 5392/5392/5392 5390/5390/5390
f 5396/5396/5396 5395/5395/5395 5394/5394/5394
f 5397/5397/5397 5396/5396/5396 5394/5394/5394
f 5400/5400/5400 5399/5399/5399 5398/5398/5398
f 5401/5401/5401 5400/5400/5400 5398/5398/5398
f 5404/5404/5404 5403/5403/5403 5402/5402/5402
f 5405/5405/5405 5404/5404/5404 5402/5402/5402
f 5408/5408/5408 5407/5407/5407 5406/5406/5406
f 5409/5409/5409 5408/5408/5408 5406/5406/5406
f 5412/5412/5412 5411/5411/5411 5410/5410/5410
f 5413/5413/5413 5412/5412/5412 5410/5410/5410
f 5416/5416/5416 5415/5415/5415 5414/5414/5414
f 5417/5417/5417 5416/5416/5416 5414/5414/5414
f 5420/5420/5420 5419/5419/5419 5418/5418/5418
f 5421/5421/5421 5420/5420/5420 5418/5418/5418
f 5424/5424/5424 5423/5423/5423 5422/5422/5422
f 5425/5425/5425 5424/5424/5424 5422/5422/5422
f 1269/1269/1269 1230/1230/1230 1266/1266/1266
f 5428/5428/5428 5427/5427/5427 5426/5426/5426
f 5431/5431/5431 5430/5430/5430 5429/5429/5429
f 5434/5434/5434 5433/5433/5433 5432/5432/5432
f 5435/5435/5435 5434/5434/5434 5432/5432/5432
f 5438/5438/5438 5437/5437/5437 5436/5436/5436
f 5439/5439/5439 5438/5438/5438 5436/5436/5436
f 5442/5442/5442 5441/5441/5441 5440/5440/5440
f 5443/5443/5443 5442/5442/5442 5440/5440/5440
f 5446/5446/5446 5445/5445/5445 5444/5444/5444
f 5447/5447/5447 5446/5446/5446 5444/5444/5444
f 5450/5450/5450 5449/5449/5449 5448/5448/5448
f 5453/5453/5453 5452/5452/5452 5451/5451/5451
f 5456/5456/5456 5455/5455/5455 5454/5454/5454
f 5457/5457/5457 5456/5456/5456 5454/5454/5454
f 5460/5460/5460 5459/5459/5459 5458/5458/5458
f 5461/5461/5461 5460/5460/5460 5458/5458/5458
f 5464/5464/5464 5463/5463/5463 5462/5462/5462
f 5465/5465/5465 5464/5464/5464 5462/5462/5462
f 5468/5468/5468 5467/5467/5467 5466/5466/5466
f 5469/5469/5469 5468/5468/5468 5466/5466/5466
f 5472/5472/5472 5471/5471/5471 5470/5470/5470
f 5473/5473/5473 5472/5472/5472 5470/5470/5470
f 5476/5476/5476 5475/5475/5475 5474/5474/5474
f 5477/5477/5477 5476/5476/5476 5474/5474/5474
f 5480/5480/5480 5479/5479/5479 5478/5478/5478
f 5481/5481/5481 5480/5480/5480 5478/5478/5478
f 5484/5484/5484 5483/5483/5483 5482/5482/5482
f 5485/5485/5485 5484/5484/5484 5482/5482/5482
f 5488/5488/5488 5487/5487/5487 5486/5486/5486
f 5489/5489/5489 5488/5488/5488 5486/5486/5486
f 5492/5492/5492 5491/5491/5491 5490/5490/5490
f 5493/5493/5493 5492/5492/5492 5490/5490/5490
f 5496/5496/5496 5495/5495/5495 5494/5494/5494
f 5497/5497/5497 5496/5496/5496 5494/5494/5494
f 5500/5500/5500 5499/5499/5499 5498/5498/5498
f 5501/5501/5501 5500/5500/5500 5498/5498/5498
f 5504/5504/5504 5503/5503/5503 5502/5502/5502
f 5505/5505/5505 5504/5504/5504 5502/5502/5502
f 5508/5508/5508 5507/5507/5507 5506/5506/5506
f 5511/5511/5511 5510/5510/5510 5509/5509/5509
f 5514/5514/5514 5513/5513/5513 5512/5512/5512
f 5515/5515/5515 5514/5514/5514 5512/5512/5512
f 5518/5518/5518 5517/5517/5517 5516/5516/5516
f 5519/5519/5519 5518/5518/5518 5516/5516/5516
f 5522/5522/5522 5521/5521/5521 5520/5520/5520
f 5523/5523/5523 5522/5522/5522 5520/5520/5520
f 5526/5526/5526 5525/5525/5525 5524/5524/5524
f 5527/5527/5527 5526/5526/5526 5524/5524/5524
f 5530/5530/5530 5529/5529/5529 5528/5528/5528
f 5533/5533/5533 5532/5532/5532 5531/5531/5531
f 5534/5534/5534 5533/5533/5533 5531/5531/5531
f 5537/5537/5537 5536/5536/5536 5535/5535/5535
f 5538/5538/5538 5537/5537/5537 5535/5535/5535
f 5541/5541/5541 5540/5540/5540 5539/5539/5539
f 5544/5544/5544 5543/5543/5543 5542/5542/5542
f 5547/5547/5547 5546/5546/5546 5545/5545/5545
f 5548/5548/5548 5547/5547/5547 5545/5545/5545
f 5551/5551/5551 5550/5550/5550 5549/5549/5549
f 5554/5554/5554 5553/5553/5553 5552/5552/5552
f 5557/5557/5557 5556/5556/5556 5555/5555/5555
f 5558/5558/5558 5557/5557/5557 5555/5555/5555
f 5561/5561/5561 5560/5560/5560 5559/5559/5559
f 5562/5562/5562 5561/5561/5561 5559/5559/5559
f 5565/5565/5565 5564/5564/5564 5563/5563/5563
f 5566/5566/5566 5565/5565/5565 5563/5563/5563
f 5569/5569/5569 5568/5568/5568 5567/5567/5567
f 5570/5570/5570 5569/5569/5569 5567/5567/5567
f 5573/5573/5573 5572/5572/5572 5571/5571/5571
f 5574/5574/5574 5573/5573/5573 5571/5571/5571
f 5577/5577/5577 5576/5576/5576 5575/5575/5575
f 5578/5578/5578 5577/5577/5577 5575/5575/5575
f 5581/5581/5581 5580/5580/5580 5579/5579/5579
f 5582/5582/5582 5581/5581/5581 5579/5579/5579
f 5585/5585/5585 5584/5584/5584 5583/5583/5583
f 5586/5586/5586 5585/5585/5585 5583/5583/5583
f 5589/5589/5589 5588/5588/5588 5587/5587/5587
f 5590/5590/5590 5589/5589/5589 5587/5587/5587
f 5593/5593/5593 5592/5592/5592 5591/5591/5591
f 5594/5594/5594 5593/5593/5593 5591/5591/5591
f 5597/5597/5597 5596/5596/5596 5595/5595/5595
f 5600/5600/5600 5599/5599/5599 5598/5598/5598
f 5603/5603/5603 5602/5602/5602 5601/5601/5601
f 5604/5604/5604 5603/5603/5603 5601/5601/5601
f 5607/5607/5607 5606/5606/5606 5605/5605/5605
f 5610/5610/5610 5609/5609/5609 5608/5608/5608
f 5613/5613/5613 5612/5612/5612 5611/5611/5611
f 5614/5614/5614 5613/5613/5613 5611/5611/5611
f 5617/5617/5617 5616/5616/5616 5615/5615/5615
f 5620/5620/5620 5619/5619/5619 5618/5618/5618
f 5623/5623/5623 5622/5622/5622 5621/5621/5621
f 5624/5624/5624 5623/5623/5623 5621/5621/5621
f 5627/5627/5627 5626/5626/5626 5625/5625/5625
f 5628/5628/5628 5627/5627/5627 5625/5625/5625
f 5631/5631/5631 5630/5630/5630 5629/5629/5629
f 5632/5632/5632 5631/5631/5631 5629/5629/5629
f 5635/5635/5635 5634/5634/5634 5633/5633/5633
f 5636/5636/5636 5635/5635/5635 5633/5633/5633
f 5639/5639/5639 5638/5638/5638 5637/5637/5637
f 5640/5640/5640 5639/5639/5639 5637/5637/5637
f 5643/5643/5643 5642/5642/5642 5641/5641/5641
f 5644/5644/5644 5643/5643/5643 5641/5641/5641
f 5647/5647/5647 5646/5646/5646 5645/5645/5645
f 5648/5648/5648 5647/5647/5647 5645/5645/5645
f 697/697/697 5649/5649/5649 694/694/694
f 697/697/697 5650/5650/5650 5649/5649/5649
f 5650/5650/5650 5651/5651/5651 5649/5649/5649
f 5650/5650/5650 701/701/701 5651/5651/5651
f 701/701/701 732/732/732 5651/5651/5651
f 5654/5654/5654 5653/5653/5653 5652/5652/5652
f 5655/5655/5655 5654/5654/5654 5652/5652/5652
f 5658/5658/5658 5657/5657/5657 5656/5656/5656
f 5659/5659/5659 5658/5658/5658 5656/5656/5656
f 5662/5662/5662 5661/5661/5661 5660/5660/5660
f 5663/5663/5663 5662/5662/5662 5660/5660/5660
f 5666/5666/5666 5665/5665/5665 5664/5664/5664
f 5667/5667/5667 5666/5666/5666 5664/5664/5664
f 5670/5670/5670 5669/5669/5669 5668/5668/5668
f 5671/5671/5671 5670/5670/5670 5668/5668/5668
f 5674/5674/5674 5673/5673/5673 5672/5672/5672
f 5675/5675/5675 5674/5674/5674 5672/5672/5672
f 5678/5678/5678 5677/5677/5677 5676/5676/5676
f 5679/5679/5679 5678/5678/5678 5676/5676/5676
f 5682/5682/5682 5681/5681/5681 5680/5680/5680
f 5683/5683/5683 5682/5682/5682 5680/5680/5680
f 5686/5686/5686 5685/5685/5685 5684/5684/5684
f 5687/5687/5687 5686/5686/5686 5684/5684/5684
f 5690/5690/5690 5689/5689/5689 5688/5688/5688
f 5691/5691/5691 5690/5690/5690 5688/5688/5688
f 5694/5694/5694 5693/5693/5693 5692/5692/5692
f 5695/5695/5695 5694/5694/5694 5692/5692/5692
f 5698/5698/5698 5697/5697/5697 5696/5696/5696
f 5699/5699/5699 5698/5698/5698 5696/5696/5696
f 5702/5702/5702 5701/5701/5701 5700/5700/5700
f 5703/5703/5703 5702/5702/5702 5700/5700/5700
f 5706/5706/5706 5705/5705/5705 5704/5704/5704
f 5707/5707/5707 5706/5706/5706 5704/5704/5704
f 5710/5710/5710 5709/5709/5709 5708/5708/5708
f 5711/5711/5711 5710/5710/5710 5708/5708/5708
f 5714/5714/5714 5713/5713/5713 5712/5712/5712
f 5717/5717/5717 5716/5716/5716 5715/5715/5715
f 5720/5720/5720 5719/5719/5719 5718/5718/5718
f 5721/5721/5721 5720/5720/5720 5718/5718/5718
f 5724/5724/5724 5723/5723/5723 5722/5722/5722
f 5725/5725/5725 5724/5724/5724 5722/5722/5722
f 5728/5728/5728 5727/5727/5727 5726/5726/5726
f 5729/5729/5729 5728/5728/5728 5726/5726/5726
f 5732/5732/5732 5731/5731/5731 5730/5730/5730
f 5733/5733/5733 5732/5732/5732 5730/5730/5730
f 5736/5736/5736 5735/5735/5735 5734/5734/5734
f 5737/5737/5737 5736/5736/5736 5734/5734/5734
f 5740/5740/5740 5739/5739/5739 5738/5738/5738
f 5741/5741/5741 5740/5740/5740 5738/5738/5738
f 5744/5744/5744 5743/5743/5743 5742/5742/5742
f 5745/5745/5745 5744/5744/5744 5742/5742/5742
f 5748/5748/5748 5747/5747/5747 5746/5746/5746
f 5749/5749/5749 5748/5748/5748 5746/5746/5746
f 5752/5752/5752 5751/5751/5751 5750/5750/5750
f 5753/5753/5753 5752/5752/5752 5750/5750/5750
f 5756/5756/5756 5755/5755/5755 5754/5754/5754
f 5757/5757/5757 5756/5756/5756 5754/5754/5754
f 5760/5760/5760 5759/5759/5759 5758/5758/5758
f 5761/5761/5761 5760/5760/5760 5758/5758/5758
f 5764/5764/5764 5763/5763/5763 5762/5762/5762
f 5765/5765/5765 5764/5764/5764 5762/5762/5762
f 5768/5768/5768 5767/5767/5767 5766/5766/5766
f 5769/5769/5769 5768/5768/5768 5766/5766/5766
f 5772/5772/5772 5771/5771/5771 5770/5770/5770
f 5773/5773/5773 5772/5772/5772 5770/5770/5770
f 5776/5776/5776 5775/5775/5775 5774/5774/5774
f 5777/5777/5777 5776/5776/5776 5774/5774/5774
f 5780/5780/5780 5779/5779/5779 5778/5778/5778
f 5781/5781/5781 5780/5780/5780 5778/5778/5778
f 5784/5784/5784 5783/5783/5783 5782/5782/5782
f 5785/5785/5785 5784/5784/5784 5782/5782/5782
f 5788/5788/5788 5787/5787/5787 5786/5786/5786
f 5789/5789/5789 5788/5788/5788 5786/5786/5786
f 5791/5791/5791 1257/1257/1257 5790/5790/5790
f 1264/1264/1264 5791/5791/5791 5790/5790/5790
f 5791/5791/5791 1267/1267/1267 5792/5792/5792
f 1267/1267/1267 1255/1255/1255 5792/5792/5792
f 5795/5795/5795 5794/5794/5794 5793/5793/5793
f 5796/5796/5796 5795/5795/5795 5793/5793/5793
f 5795/5795/5795 5797/5797/5797 5794/5794/5794
f 5797/5797/5797 5798/5798/5798 5794/5794/5794
f 5801/5801/5801 5800/5800/5800 5799/5799/5799
f 5804/5804/5804 5803/5803/5803 5802/5802/5802
f 5807/5807/5807 5806/5806/5806 5805/5805/5805
f 5808/5808/5808 5807/5807/5807 5805/5805/5805
f 5811/5811/5811 5810/5810/5810 5809/5809/5809
f 5812/5812/5812 5811/5811/5811 5809/5809/5809
f 5815/5815/5815 5814/5814/5814 5813/5813/5813
f 5816/5816/5816 5815/5815/5815 5813/5813/5813
f 5819/5819/5819 5818/5818/5818 5817/5817/5817
f 5822/5822/5822 5821/5821/5821 5820/5820/5820
f 5825/5825/5825 5824/5824/5824 5823/5823/5823
f 5826/5826/5826 5825/5825/5825 5823/5823/5823
f 5829/5829/5829 5828/5828/5828 5827/5827/5827
f 5830/5830/5830 5829/5829/5829 5827/5827/5827
f 5833/5833/5833 5832/5832/5832 5831/5831/5831
f 5834/5834/5834 5833/5833/5833 5831/5831/5831
f 5837/5837/5837 5836/5836/5836 5835/5835/5835
f 5838/5838/5838 5837/5837/5837 5835/5835/5835
f 5841/5841/5841 5840/5840/5840 5839/5839/5839
f 5842/5842/5842 5841/5841/5841 5839/5839/5839
f 5845/5845/5845 5844/5844/5844 5843/5843/5843
f 5846/5846/5846 5845/5845/5845 5843/5843/5843
f 5849/5849/5849 5848/5848/5848 5847/5847/5847
f 5850/5850/5850 5849/5849/5849 5847/5847/5847
f 5853/5853/5853 5852/5852/5852 5851/5851/5851
f 5854/5854/5854 5853/5853/5853 5851/5851/5851
f 5857/5857/5857 5856/5856/5856 5855/5855/5855
f 5858/5858/5858 5857/5857/5857 5855/5855/5855
f 5861/5861/5861 5860/5860/5860 5859/5859/5859
f 5862/5862/5862 5861/5861/5861 5859/5859/5859
f 5865/5865/5865 5864/5864/5864 5863/5863/5863
f 5866/5866/5866 5865/5865/5865 5863/5863/5863
f 5869/5869/5869 5868/5868/5868 5867/5867/5867
f 5870/5870/5870 5869/5869/5869 5867/5867/5867
f 5873/5873/5873 5872/5872/5872 5871/5871/5871
f 5874/5874/5874 5873/5873/5873 5871/5871/5871
f 5877/5877/5877 5876/5876/5876 5875/5875/5875
f 5878/5878/5878 5877/5877/5877 5875/5875/5875
f 5881/5881/5881 5880/5880/5880 5879/5879/5879
f 5882/5882/5882 5881/5881/5881 5879/5879/5879
f 5885/5885/5885 5884/5884/5884 5883/5883/5883
f 5886/5886/5886 5885/5885/5885 5883/5883/5883
f 5889/5889/5889 5888/5888/5888 5887/5887/5887
f 5890/5890/5890 5889/5889/5889 5887/5887/5887
f 5893/5893/5893 5892/5892/5892 5891/5891/5891
f 5894/5894/5894 5893/5893/5893 5891/5891/5891
f 5897/5897/5897 5896/5896/5896 5895/5895/5895
f 5898/5898/5898 5897/5897/5897 5895/5895/5895
f 5901/5901/5901 5900/5900/5900 5899/5899/5899
f 5902/5902/5902 5901/5901/5901 5899/5899/5899
f 5905/5905/5905 5904/5904/5904 5903/5903/5903
f 5906/5906/5906 5905/5905/5905 5903/5903/5903
f 5909/5909/5909 5908/5908/5908 5907/5907/5907
f 5910/5910/5910 5909/5909/5909 5907/5907/5907
f 5913/5913/5913 5912/5912/5912 5911/5911/5911
f 5914/5914/5914 5913/5913/5913 5911/5911/5911
f 5917/5917/5917 5916/5916/5916 5915/5915/5915
f 5918/5918/5918 5917/5917/5917 5915/5915/5915
f 5921/5921/5921 5920/5920/5920 5919/5919/5919
f 5922/5922/5922 5921/5921/5921 5919/5919/5919
f 5925/5925/5925 5924/5924/5924 5923/5923/5923
f 5926/5926/5926 5925/5925/5925 5923/5923/5923
f 5929/5929/5929 5928/5928/5928 5927/5927/5927
f 5930/5930/5930 5929/5929/5929 5927/5927/5927
f 5933/5933/5933 5932/5932/5932 5931/5931/5931
f 5934/5934/5934 5933/5933/5933 5931/5931/5931
f 5937/5937/5937 5936/5936/5936 5935/5935/5935
f 5938/5938/5938 5937/5937/5937 5935/5935/5935
f 5941/5941/5941 5940/5940/5940 5939/5939/5939
f 5942/5942/5942 5941/5941/5941 5939/5939/5939
f 5945/5945/5945 5944/5944/5944 5943/5943/5943
f 5946/5946/5946 5945/5945/5945 5943/5943/5943
f 5949/5949/5949 5948/5948/5948 5947/5947/5947
f 5950/5950/5950 5949/5949/5949 5947/5947/5947
f 5953/5953/5953 5952/5952/5952 5951/5951/5951
f 5954/5954/5954 5953/5953/5953 5951/5951/5951
f 5957/5957/5957 5956/5956/5956 5955/5955/5955
f 5958/5958/5958 5957/5957/5957 5955/5955/5955
f 5961/5961/5961 5960/5960/5960 5959/5959/5959
f 5962/5962/5962 5961/5961/5961 5959/5959/5959
f 5965/5965/5965 5964/5964/5964 5963/5963/5963
f 5968/5968/5968 5967/5967/5967 5966/5966/5966
f 5971/5971/5971 5970/5970/5970 5969/5969/5969
f 5972/5972/5972 5971/5971/5971 5969/5969/5969
f 5975/5975/5975 5974/5974/5974 5973/5973/5973
f 5976/5976/5976 5975/5975/5975 5973/5973/5973
f 5979/5979/5979 5978/5978/5978 5977/5977/5977
f 5980/5980/5980 5979/5979/5979 5977/5977/5977
f 5983/5983/5983 5982/5982/5982 5981/5981/5981
f 5984/5984/5984 5983/5983/5983 5981/5981/5981
f 5987/5987/5987 5986/5986/5986 5985/5985/5985
f 5988/5988/5988 5987/5987/5987 5985/5985/5985
f 5991/5991/5991 5990/5990/5990 5989/5989/5989
f 5992/5992/5992 5991/5991/5991 5989/5989/5989
f 5995/5995/5995 5994/5994/5994 5993/5993/5993
f 5996/5996/5996 5995/5995/5995 5993/5993/5993
f 5999/5999/5999 5998/5998/5998 5997/5997/5997
f 6002/6002/6002 6001/6001/6001 6000/6000/6000
f 6005/6005/6005 6004/6004/6004 6003/6003/6003
f 6008/6008/6008 6007/6007/6007 6006/6006/6006
f 6011/6011/6011 6010/6010/6010 6009/6009/6009
f 6012/6012/6012 6011/6011/6011 6009/6009/6009
f 6015/6015/6015 6014/6014/6014 6013/6013/6013
f 6016/6016/6016 6015/6015/6015 6013/6013/6013
f 6019/6019/6019 6018/6018/6018 6017/6017/6017
f 6022/6022/6022 6021/6021/6021 6020/6020/6020
f 6025/6025/6025 6024/6024/6024 6023/6023/6023
f 6026/6026/6026 6025/6025/6025 6023/6023/6023
f 6029/6029/6029 6028/6028/6028 6027/6027/6027
f 6030/6030/6030 6029/6029/6029 6027/6027/6027
f 6033/6033/6033 6032/6032/6032 6031/6031/6031
f 6034/6034/6034 6033/6033/6033 6031/6031/6031
f 6037/6037/6037 6036/6036/6036 6035/6035/6035
f 6038/6038/6038 6037/6037/6037 6035/6035/6035
f 6041/6041/6041 6040/6040/6040 6039/6039/6039
f 6042/6042/6042 6041/6041/6041 6039/6039/6039
f 6045/6045/6045 6044/6044/6044 6043/6043/6043
f 6046/6046/6046 6045/6045/6045 6043/6043/6043
f 6049/6049/6049 6048/6048/6048 6047/6047/6047
f 6050/6050/6050 6049/6049/6049 6047/6047/6047
f 6053/6053/6053 6052/6052/6052 6051/6051/6051
f 6054/6054/6054 6053/6053/6053 6051/6051/6051
f 6057/6057/6057 6056/6056/6056 6055/6055/6055
f 6060/6060/6060 6059/6059/6059 6058/6058/6058
f 6063/6063/6063 6062/6062/6062 6061/6061/6061
f 6064/6064/6064 6063/6063/6063 6061/6061/6061
f 6067/6067/6067 6066/6066/6066 6065/6065/6065
f 6068/6068/6068 6067/6067/6067 6065/6065/6065
f 6071/6071/6071 6070/6070/6070 6069/6069/6069
f 6072/6072/6072 6071/6071/6071 6069/6069/6069
f 6075/6075/6075 6074/6074/6074 6073/6073/6073
f 6076/6076/6076 6075/6075/6075 6073/6073/6073
f 6079/6079/6079 6078/6078/6078 6077/6077/6077
f 6080/6080/6080 6079/6079/6079 6077/6077/6077
f 6083/6083/6083 6082/6082/6082 6081/6081/6081
f 6086/6086/6086 6085/6085/6085 6084/6084/6084
f 6089/6089/6089 6088/6088/6088 6087/6087/6087
f 6090/6090/6090 6089/6089/6089 6087/6087/6087
f 6093/6093/6093 6092/6092/6092 6091/6091/6091
f 6094/6094/6094 6093/6093/6093 6091/6091/6091
f 6097/6097/6097 6096/6096/6096 6095/6095/6095
f 6098/6098/6098 6097/6097/6097 6095/6095/6095
f 6101/6101/6101 6100/6100/6100 6099/6099/6099
f 6102/6102/6102 6101/6101/6101 6099/6099/6099
f 6105/6105/6105 6104/6104/6104 6103/6103/6103
f 6106/6106/6106 6105/6105/6105 6103/6103/6103
f 6109/6109/6109 6108/6108/6108 6107/6107/6107
f 6110/6110/6110 6109/6109/6109 6107/6107/6107
f 6113/6113/6113 6112/6112/6112 6111/6111/6111
f 6114/6114/6114 6113/6113/6113 6111/6111/6111
f 6117/6117/6117 6116/6116/6116 6115/6115/6115
f 6118/6118/6118 6117/6117/6117 6115/6115/6115
f 6121/6121/6121 6120/6120/6120 6119/6119/6119
f 6122/6122/6122 6121/6121/6121 6119/6119/6119
f 6125/6125/6125 6124/6124/6124 6123/6123/6123
f 6128/6128/6128 6127/6127/6127 6126/6126/6126
f 6131/6131/6131 6130/6130/6130 6129/6129/6129
f 6132/6132/6132 6131/6131/6131 6129/6129/6129
f 6135/6135/6135 6134/6134/6134 6133/6133/6133
f 6136/6136/6136 6135/6135/6135 6133/6133/6133
f 6139/6139/6139 6138/6138/6138 6137/6137/6137
f 6142/6142/6142 6141/6141/6141 6140/6140/6140
f 6145/6145/6145 6144/6144/6144 6143/6143/6143
f 6146/6146/6146 6145/6145/6145 6143/6143/6143
f 6149/6149/6149 6148/6148/6148 6147/6147/6147
f 6150/6150/6150 6149/6149/6149 6147/6147/6147
f 6153/6153/6153 6152/6152/6152 6151/6151/6151
f 6154/6154/6154 6153/6153/6153 6151/6151/6151
f 6157/6157/6157 6156/6156/6156 6155/6155/6155
f 6158/6158/6158 6157/6157/6157 6155/6155/6155
f 6161/6161/6161 6160/6160/6160 6159/6159/6159
f 6162/6162/6162 6161/6161/6161 6159/6159/6159
f 6165/6165/6165 6164/6164/6164 6163/6163/6163
f 6166/6166/6166 6165/6165/6165 6163/6163/6163
f 6169/6169/6169 6168/6168/6168 6167/6167/6167
f 6170/6170/6170 6169/6169/6169 6167/6167/6167
f 6173/6173/6173 6172/6172/6172 6171/6171/6171
f 6174/6174/6174 6173/6173/6173 6171/6171/6171
f 6177/6177/6177 6176/6176/6176 6175/6175/6175
f 6178/6178/6178 6177/6177/6177 6175/6175/6175
f 6181/6181/6181 6180/6180/6180 6179/6179/6179
f 6182/6182/6182 6181/6181/6181 6179/6179/6179
f 6185/6185/6185 6184/6184/6184 6183/6183/6183
f 6186/6186/6186 6185/6185/6185 6183/6183/6183
f 6189/6189/6189 6188/6188/6188 6187/6187/6187
f 6190/6190/6190 6189/6189/6189 6187/6187/6187
f 6193/6193/6193 6192/6192/6192 6191/6191/6191
f 6194/6194/6194 6193/6193/6193 6191/6191/6191
f 6197/6197/6197 6196/6196/6196 6195/6195/6195
f 6198/6198/6198 6197/6197/6197 6195/6195/6195
f 6201/6201/6201 6200/6200/6200 6199/6199/6199
f 6202/6202/6202 6201/6201/6201 6199/6199/6199
f 6205/6205/6205 6204/6204/6204 6203/6203/6203
f 6206/6206/6206 6205/6205/6205 6203/6203/6203
f 6209/6209/6209 6208/6208/6208 6207/6207/6207
f 6210/6210/6210 6209/6209/6209 6207/6207/6207
f 6213/6213/6213 6212/6212/6212 6211/6211/6211
f 6214/6214/6214 6213/6213/6213 6211/6211/6211
f 6217/6217/6217 6216/6216/6216 6215/6215/6215
f 6218/6218/6218 6217/6217/6217 6215/6215/6215
f 6221/6221/6221 6220/6220/6220 6219/6219/6219
f 6222/6222/6222 6221/6221/6221 6219/6219/6219
f 6225/6225/6225 6224/6224/6224 6223/6223/6223
f 6226/6226/6226 6225/6225/6225 6223/6223/6223
f 6229/6229/6229 6228/6228/6228 6227/6227/6227
f 6230/6230/6230 6229/6229/6229 6227/6227/6227
f 6233/6233/6233 6232/6232/6232 6231/6231/6231
f 6234/6234/6234 6233/6233/6233 6231/6231/6231
f 6237/6237/6237 6236/6236/6236 6235/6235/6235
f 6238/6238/6238 6237/6237/6237 6235/6235/6235
f 6241/6241/6241 6240/6240/6240 6239/6239/6239
f 6242/6242/6242 6241/6241/6241 6239/6239/6239
f 6245/6245/6245 6244/6244/6244 6243/6243/6243
f 6246/6246/6246 6245/6245/6245 6243/6243/6243
f 6249/6249/6249 6248/6248/6248 6247/6247/6247
f 6250/6250/6250 6249/6249/6249 6247/6247/6247
f 6253/6253/6253 6252/6252/6252 6251/6251/6251
f 6254/6254/6254 6253/6253/6253 6251/6251/6251
f 6257/6257/6257 6256/6256/6256 6255/6255/6255
f 6258/6258/6258 6257/6257/6257 6255/6255/6255
f 6261/6261/6261 6260/6260/6260 6259/6259/6259
f 6262/6262/6262 6261/6261/6261 6259/6259/6259
f 6265/6265/6265 6264/6264/6264 6263/6263/6263
f 6268/6268/6268 6267/6267/6267 6266/6266/6266
f 6271/6271/6271 6270/6270/6270 6269/6269/6269
f 6274/6274/6274 6273/6273/6273 6272/6272/6272
f 6277/6277/6277 6276/6276/6276 6275/6275/6275
f 6280/6280/6280 6279/6279/6279 6278/6278/6278
f 6283/6283/6283 6282/6282/6282 6281/6281/6281
f 6286/6286/6286 6285/6285/6285 6284/6284/6284
f 6289/6289/6289 6288/6288/6288 6287/6287/6287
f 6292/6292/6292 6291/6291/6291 6290/6290/6290
f 6295/6295/6295 6294/6294/6294 6293/6293/6293
f 6298/6298/6298 6297/6297/6297 6296/6296/6296
f 6301/6301/6301 6300/6300/6300 6299/6299/6299
f 6302/6302/6302 6301/6301/6301 6299/6299/6299
f 6305/6305/6305 6304/6304/6304 6303/6303/6303
f 6306/6306/6306 6305/6305/6305 6303/6303/6303
f 6309/6309/6309 6308/6308/6308 6307/6307/6307
f 6310/6310/6310 6309/6309/6309 6307/6307/6307
f 6311/6311/6311 6309/6309/6309 6310/6310/6310
f 6312/6312/6312 6311/6311/6311 6310/6310/6310
f 6313/6313/6313 6311/6311/6311 6312/6312/6312
f 6314/6314/6314 6313/6313/6313 6312/6312/6312
f 6315/6315/6315 6313/6313/6313 6314/6314/6314
f 6316/6316/6316 6315/6315/6315 6314/6314/6314
f 6317/6317/6317 6315/6315/6315 6316/6316/6316
f 6318/6318/6318 6317/6317/6317 6316/6316/6316
f 6321/6321/6321 6320/6320/6320 6319/6319/6319
f 6322/6322/6322 6321/6321/6321 6319/6319/6319
f 6319/6319/6319 6320/6320/6320 6323/6323/6323
f 6320/6320/6320 6324/6324/6324 6323/6323/6323
f 6323/6323/6323 6324/6324/6324 6325/6325/6325
f 6324/6324/6324 6326/6326/6326 6325/6325/6325
f 6325/6325/6325 6326/6326/6326 6327/6327/6327
f 6326/6326/6326 6328/6328/6328 6327/6327/6327
f 6327/6327/6327 6328/6328/6328 6329/6329/6329
f 6328/6328/6328 6330/6330/6330 6329/6329/6329
f 6333/6333/6333 6332/6332/6332 6331/6331/6331
f 6334/6334/6334 6333/6333/6333 6331/6331/6331
f 6334/6334/6334 6331/6331/6331 6335/6335/6335
f 6336/6336/6336 6334/6334/6334 6335/6335/6335
f 6335/6335/6335 6331/6331/6331 6337/6337/6337
f 6331/6331/6331 6338/6338/6338 6337/6337/6337
f 6331/6331/6331 6332/6332/6332 6338/6338/6338
f 6332/6332/6332 6339/6339/6339 6338/6338/6338
f 6338/6338/6338 6339/6339/6339 6340/6340/6340
f 6339/6339/6339 6341/6341/6341 6340/6340/6340
f 6336/6336/6336 6335/6335/6335 6342/6342/6342
f 6343/6343/6343 6336/6336/6336 6342/6342/6342
f 6343/6343/6343 6342/6342/6342 6344/6344/6344
f 6344/6344/6344 6342/6342/6342 6345/6345/6345
f 6344/6344/6344 6345/6345/6345 6346/6346/6346
f 6346/6346/6346 6345/6345/6345 6347/6347/6347
f 6345/6345/6345 6348/6348/6348 6347/6347/6347
f 6349/6349/6349 6344/6344/6344 6346/6346/6346
f 6350/6350/6350 6344/6344/6344 6349/6349/6349
f 6350/6350/6350 6343/6343/6343 6344/6344/6344
f 6351/6351/6351 6350/6350/6350 6349/6349/6349
f 6342/6342/6342 6352/6352/6352 6345/6345/6345
f 6355/6355/6355 6354/6354/6354 6353/6353/6353
f 6356/6356/6356 6355/6355/6355 6353/6353/6353
f 6353/6353/6353 6354/6354/6354 6357/6357/6357
f 6354/6354/6354 6358/6358/6358 6357/6357/6357
f 6357/6357/6357 6358/6358/6358 6359/6359/6359
f 6358/6358/6358 6360/6360/6360 6359/6359/6359
f 6363/6363/6363 6362/6362/6362 6361/6361/6361
f 6364/6364/6364 6363/6363/6363 6361/6361/6361
f 6367/6367/6367 6366/6366/6366 6365/6365/6365
f 6368/6368/6368 6367/6367/6367 6365/6365/6365
f 6371/6371/6371 6370/6370/6370 6369/6369/6369
f 6372/6372/6372 6371/6371/6371 6369/6369/6369
f 6375/6375/6375 6374/6374/6374 6373/6373/6373
f 6376/6376/6376 6375/6375/6375 6373/6373/6373
f 6379/6379/6379 6378/6378/6378 6377/6377/6377
f 6380/6380/6380 6379/6379/6379 6377/6377/6377
f 6383/6383/6383 6382/6382/6382 6381/6381/6381
f 6384/6384/6384 6383/6383/6383 6381/6381/6381
f 6387/6387/6387 6386/6386/6386 6385/6385/6385
f 6388/6388/6388 6387/6387/6387 6385/6385/6385
f 6391/6391/6391 6390/6390/6390 6389/6389/6389
f 6392/6392/6392 6391/6391/6391 6389/6389/6389
f 6395/6395/6395 6394/6394/6394 6393/6393/6393
f 6396/6396/6396 6395/6395/6395 6393/6393/6393
