g PillBox
v 0.24248603 0.034889486 -0.04644038
v 0.24248603 0.034889486 -0.043607734
v 0.2424077 0.034889486 -0.043607734
v 0.24240768 0.034889486 -0.04644038
v 0.23892698 0.034889486 -0.04644038
v 0.23892698 0.034889486 -0.043607734
v 0.17991 0.034889486 -0.043607734
v 0.17991 0.034889486 -0.04644038
v 0.1764293 0.034889486 -0.04644038
v 0.1764293 0.034889486 -0.043607734
v 0.17291886 0.034889486 -0.043607734
v 0.17291883 0.034889486 -0.04644038
v 0.16943812 0.034889486 -0.04644038
v 0.16943815 0.034889486 -0.043607734
v 0.10988969 0.034889486 -0.043607734
v 0.10988969 0.034889486 -0.04644038
v 0.10640898 0.034889486 -0.04644038
v 0.10640899 0.034889486 -0.043607734
v 0.10292794 0.034889486 -0.043607734
v 0.10292793 0.034889486 -0.04644038
v 0.09944723 0.034889486 -0.04644038
v 0.09944723 0.034889486 -0.043607734
v 0.040110726 0.034889486 -0.043607734
v 0.040110722 0.034889486 -0.04644038
v 0.03663002 0.034889486 -0.04644038
v 0.036630023 0.034889486 -0.043607734
v 0.03314896 0.034889486 -0.043607734
v 0.033148956 0.034889486 -0.04644038
v 0.029668251 0.034889486 -0.04644038
v 0.029668255 0.034889486 -0.043607734
v -0.02966824 0.034889486 -0.043607734
v -0.02966824 0.034889486 -0.04644038
v -0.03314894 0.034889486 -0.04644038
v -0.033148944 0.034889486 -0.043607734
v -0.03663001 0.034889486 -0.043607734
v -0.036630005 0.034889486 -0.04644038
v -0.040110707 0.034889486 -0.04644038
v -0.04011071 0.034889486 -0.043607734
v -0.09944722 0.034889486 -0.043607734
v -0.09944721 0.034889486 -0.04644038
v -0.10292791 0.034889486 -0.04644038
v -0.10292792 0.034889486 -0.043607734
v -0.10640898 0.034889486 -0.043607734
v -0.10640898 0.034889486 -0.04644038
v -0.109889686 0.034889486 -0.04644038
v -0.109889686 0.034889486 -0.043607734
v -0.1692262 0.034889486 -0.043607734
v -0.1692262 0.034889486 -0.04644038
v -0.1727069 0.034889486 -0.04644038
v -0.1727069 0.034889486 -0.043607734
v -0.17618795 0.034889486 -0.043607734
v -0.17618795 0.034889486 -0.04644038
v -0.17966865 0.034889486 -0.04644038
v -0.17966865 0.034889486 -0.043607734
v -0.23900531 0.034889486 -0.043607734
v -0.23900531 0.034889486 -0.04644038
v -0.24248603 0.034889486 -0.04644038
v -0.24248603 0.034889486 -0.043607734
v -0.17618795 0.034889486 -0.040127028
v -0.1727069 0.034889486 -0.040127028
v -0.17618795 0.034889486 0.040127028
v -0.1727069 0.034889486 0.040127028
v -0.17618795 0.034889486 0.043607734
v -0.1727069 0.034889486 0.043607734
v -0.17618795 0.034889486 0.047104843
v -0.17270689 0.034889486 0.047104843
v -0.17966865 0.034889486 0.043607734
v -0.17966865 0.034889486 0.047104843
v -0.23900531 0.034889486 0.047104843
v -0.23900533 0.034889486 0.043607734
v -0.16922618 0.034889486 0.047104843
v -0.1692262 0.034889486 0.043607734
v -0.109889686 0.034889486 0.043607734
v -0.10988968 0.034889486 0.047104843
v -0.10640898 0.034889486 0.047104843
v -0.10640898 0.034889486 0.043607734
v -0.10292792 0.034889486 0.043607734
v -0.10292791 0.034889486 0.047104843
v -0.09944721 0.034889486 0.047104843
v -0.09944722 0.034889486 0.043607734
v -0.04011071 0.034889486 0.043607734
v -0.040110707 0.034889486 0.047104843
v -0.036630005 0.034889486 0.047104843
v -0.03663001 0.034889486 0.043607734
v -0.033148944 0.034889486 0.043607734
v -0.033148944 0.034889486 0.047104843
v -0.02966824 0.034889486 0.047104843
v -0.02966824 0.034889486 0.043607734
v 0.029668257 0.034889486 0.043607734
v 0.029668251 0.034889486 0.047104843
v 0.033148956 0.034889486 0.047104843
v 0.03314896 0.034889486 0.043607734
v 0.036630023 0.034889486 0.043607734
v 0.03663002 0.034889486 0.047104843
v 0.040110722 0.034889486 0.047104843
v 0.040110726 0.034889486 0.043607734
v 0.09944723 0.034889486 0.043607734
v 0.09944723 0.034889486 0.047104843
v 0.10292793 0.034889486 0.047104843
v 0.10292794 0.034889486 0.043607734
v 0.10640899 0.034889486 0.043607734
v 0.10640898 0.034889486 0.047104843
v 0.10988969 0.034889486 0.047104843
v 0.10988969 0.034889486 0.043607734
v 0.16943815 0.034889486 0.043607734
v 0.16943812 0.034889486 0.047104843
v 0.17291883 0.034889486 0.047104843
v 0.17291886 0.034889486 0.043607734
v 0.1764293 0.034889486 0.043607734
v 0.1764293 0.034889486 0.047104843
v 0.17991 0.034889486 0.047104843
v 0.17991 0.034889486 0.043607734
v 0.23892698 0.034889486 0.043607734
v 0.23892698 0.034889486 0.047104843
v 0.24240768 0.034889486 0.047104843
v 0.2424077 0.034889486 0.043607734
v 0.24248603 0.034889486 0.043607734
v 0.24248601 0.034889486 0.047104843
v 0.24248603 0.034889486 0.040127028
v 0.2424077 0.034889486 0.040127028
v 0.1764293 0.034889486 0.040127028
v 0.17291886 0.034889486 0.040127028
v 0.1764293 0.034889486 -0.040127028
v 0.17291886 0.034889486 -0.040127028
v 0.2442264 -0.033149138 0.043607734
v 0.24422635 -0.033149134 0.047104843
v 0.24422635 0.033149134 0.047104843
v 0.2442264 0.033149138 0.043607734
v 0.2442264 -0.033149138 0.040127028
v 0.2442264 0.033149138 0.040127028
v 0.2442264 -0.033149138 -0.040127028
v 0.2442264 0.033149138 -0.040127028
v 0.24422638 -0.033149138 -0.043607734
v 0.24422638 0.033149138 -0.043607734
v 0.24422638 -0.033149134 -0.04644038
v 0.24422638 0.033149134 -0.04644038
v -0.24248603 -0.033149134 -0.048180733
v -0.24248601 -0.033149134 -0.048180733
v -0.24248601 0.033149134 -0.048180733
v -0.23900531 0.033149134 -0.048180733
v -0.23900531 -0.033149134 -0.048180733
v -0.17966865 0.033149134 -0.048180733
v -0.17966865 -0.033149134 -0.048180733
v -0.17618795 0.033149134 -0.048180733
v -0.17618795 -0.033149134 -0.048180733
v -0.17270689 0.033149134 -0.048180733
v -0.17270689 -0.033149134 -0.048180733
v -0.16922618 0.033149134 -0.048180733
v -0.16922618 -0.033149134 -0.048180733
v -0.10988968 0.033149134 -0.048180733
v -0.10988968 -0.033149134 -0.048180733
v -0.106408976 0.033149134 -0.048180733
v -0.106408976 -0.033149134 -0.048180733
v -0.1029279 0.033149134 -0.048180733
v -0.1029279 -0.033149134 -0.048180733
v -0.0994472 0.033149134 -0.048180733
v -0.0994472 -0.033149134 -0.048180733
v -0.040110707 0.033149134 -0.048180733
v -0.040110707 -0.033149134 -0.048180733
v -0.036630005 0.033149134 -0.048180733
v -0.036630005 -0.033149134 -0.048180733
v -0.03314894 0.033149134 -0.048180733
v -0.033148944 -0.033149134 -0.048180733
v -0.029668238 0.033149134 -0.048180733
v -0.02966824 -0.033149134 -0.048180733
v 0.029668251 0.033149134 -0.048180733
v 0.029668251 -0.033149134 -0.048180733
v 0.033148956 0.033149134 -0.048180733
v 0.033148956 -0.033149134 -0.048180733
v 0.03663002 0.033149134 -0.048180733
v 0.03663002 -0.033149134 -0.048180733
v 0.040110722 0.033149134 -0.048180733
v 0.040110722 -0.033149134 -0.048180733
v 0.09944723 0.033149134 -0.048180733
v 0.09944723 -0.033149134 -0.048180733
v 0.10292793 0.033149134 -0.048180733
v 0.10292793 -0.033149134 -0.048180733
v 0.10640898 0.033149134 -0.048180733
v 0.10640898 -0.033149134 -0.048180733
v 0.10988969 0.033149134 -0.048180733
v 0.10988969 -0.033149134 -0.048180733
v 0.16943812 0.033149134 -0.048180733
v 0.16943812 -0.033149134 -0.048180733
v 0.17291883 0.033149134 -0.048180733
v 0.17291883 -0.033149134 -0.048180733
v 0.1764293 0.033149134 -0.048180733
v 0.1764293 -0.033149134 -0.048180733
v 0.17991 0.033149134 -0.048180733
v 0.17991 -0.033149134 -0.048180733
v 0.23892696 0.033149134 -0.048180733
v 0.23892696 -0.033149134 -0.048180733
v 0.24240766 0.033149134 -0.048180733
v 0.24240766 -0.033149134 -0.048180733
v 0.24248601 0.033149134 -0.048180733
v 0.24248601 -0.033149134 -0.048180733
v -0.24248603 -0.033149134 -0.048180733
v -0.24248601 0.033149134 -0.048180733
v -0.24248603 0.033149134 -0.048180733
v -0.17618795 -0.034889486 0.043607734
v -0.17618795 -0.034889486 0.047104843
v -0.17270689 -0.034889486 0.047104843
v -0.1727069 -0.034889486 0.043607734
v -0.17966865 -0.034889486 0.047104843
v -0.17966865 -0.034889486 0.043607734
v -0.23900531 -0.034889486 0.043607734
v -0.23900531 -0.034889486 0.047104843
v -0.17618795 -0.034889486 0.040127028
v -0.17966865 -0.034889486 0.040127028
v -0.1692262 -0.034889486 0.043607734
v -0.1727069 -0.034889486 0.040127028
v -0.17618795 -0.034889486 -0.040127028
v -0.1727069 -0.034889486 -0.040127028
v -0.1692262 -0.034889486 0.040127028
v -0.16922618 -0.034889486 0.047104843
v -0.109889686 -0.034889486 0.047104843
v -0.10988969 -0.034889486 0.043607734
v -0.10640898 -0.034889486 0.043607734
v -0.10640898 -0.034889486 0.040127028
v -0.10988969 -0.034889486 0.040127028
v -0.1692262 -0.034889486 -0.040127028
v -0.10988969 -0.034889486 -0.040127028
v -0.1692262 -0.034889486 -0.043607734
v -0.1727069 -0.034889486 -0.043607734
v -0.106408976 -0.034889486 0.047104843
v -0.10292791 -0.034889486 0.047104843
v -0.10292792 -0.034889486 0.043607734
v -0.09944722 -0.034889486 0.043607734
v -0.10292793 -0.034889486 0.040127028
v -0.10640898 -0.034889486 -0.040127028
v -0.10292793 -0.034889486 -0.040127028
v -0.109889686 -0.034889486 -0.043607734
v -0.1692262 -0.034889486 -0.04644038
v -0.109889686 -0.034889486 -0.04644038
v -0.10640898 -0.034889486 -0.043607734
v -0.09944723 -0.034889486 0.040127028
v -0.09944721 -0.034889486 0.047104843
v -0.040110707 -0.034889486 0.047104843
v -0.04011071 -0.034889486 0.043607734
v -0.03663001 -0.034889486 0.043607734
v -0.03663001 -0.034889486 0.040127028
v -0.04011071 -0.034889486 0.040127028
v -0.09944723 -0.034889486 -0.040127028
v -0.04011071 -0.034889486 -0.040127028
v -0.09944722 -0.034889486 -0.043607734
v -0.10292792 -0.034889486 -0.043607734
v -0.10640898 -0.034889486 -0.04644038
v -0.10292791 -0.034889486 -0.04644038
v -0.036630005 -0.034889486 0.047104843
v -0.03314894 -0.034889486 0.047104843
v -0.033148944 -0.034889486 0.043607734
v -0.02966824 -0.034889486 0.043607734
v -0.033148944 -0.034889486 0.040127028
v -0.03663001 -0.034889486 -0.040127028
v -0.033148948 -0.034889486 -0.040127028
v -0.04011071 -0.034889486 -0.043607734
v -0.09944721 -0.034889486 -0.04644038
v -0.040110707 -0.034889486 -0.04644038
v -0.03663001 -0.034889486 -0.043607734
v -0.02966824 -0.034889486 0.040127028
v -0.029668238 -0.034889486 0.047104843
v 0.029668251 -0.034889486 0.047104843
v 0.029668257 -0.034889486 0.043607734
v 0.03314896 -0.034889486 0.043607734
v 0.03314896 -0.034889486 0.040127028
v 0.029668257 -0.034889486 0.040127028
v -0.029668245 -0.034889486 -0.040127028
v 0.029668257 -0.034889486 -0.040127028
v -0.029668242 -0.034889486 -0.043607734
v -0.033148948 -0.034889486 -0.043607734
v -0.036630005 -0.034889486 -0.04644038
v -0.033148944 -0.034889486 -0.04644038
v 0.033148956 -0.034889486 0.047104843
v 0.03663002 -0.034889486 0.047104843
v 0.036630023 -0.034889486 0.043607734
v 0.040110726 -0.034889486 0.043607734
v 0.036630023 -0.034889486 0.040127028
v 0.03314896 -0.034889486 -0.040127028
v 0.036630023 -0.034889486 -0.040127028
v 0.029668255 -0.034889486 -0.043607734
v -0.02966824 -0.034889486 -0.04644038
v 0.029668255 -0.034889486 -0.04644038
v 0.03314896 -0.034889486 -0.043607734
v 0.040110726 -0.034889486 0.040127028
v 0.040110722 -0.034889486 0.047104843
v 0.09944723 -0.034889486 0.047104843
v 0.09944723 -0.034889486 0.043607734
v 0.10292794 -0.034889486 0.043607734
v 0.10292794 -0.034889486 0.040127028
v 0.09944723 -0.034889486 0.040127028
v 0.040110726 -0.034889486 -0.040127028
v 0.09944723 -0.034889486 -0.040127028
v 0.040110726 -0.034889486 -0.043607734
v 0.036630023 -0.034889486 -0.043607734
v 0.033148956 -0.034889486 -0.04644038
v 0.03663002 -0.034889486 -0.04644038
v 0.10292793 -0.034889486 0.047104843
v 0.10640898 -0.034889486 0.047104843
v 0.10640899 -0.034889486 0.043607734
v 0.10988969 -0.034889486 0.043607734
v 0.10640899 -0.034889486 0.040127028
v 0.10292794 -0.034889486 -0.040127028
v 0.10640899 -0.034889486 -0.040127028
v 0.09944723 -0.034889486 -0.043607734
v 0.040110722 -0.034889486 -0.04644038
v 0.09944723 -0.034889486 -0.04644038
v 0.10292794 -0.034889486 -0.043607734
v 0.10988969 -0.034889486 0.040127028
v 0.10988969 -0.034889486 0.047104843
v 0.16943812 -0.034889486 0.047104843
v 0.16943815 -0.034889486 0.043607734
v 0.17291886 -0.034889486 0.043607734
v 0.17291886 -0.034889486 0.040127028
v 0.16943815 -0.034889486 0.040127028
v 0.10988969 -0.034889486 -0.040127028
v 0.16943815 -0.034889486 -0.040127028
v 0.10988969 -0.034889486 -0.043607734
v 0.10640899 -0.034889486 -0.043607734
v 0.10292793 -0.034889486 -0.04644038
v 0.10640898 -0.034889486 -0.04644038
v 0.17291883 -0.034889486 0.047104843
v 0.1764293 -0.034889486 0.047104843
v 0.1764293 -0.034889486 0.043607734
v 0.17991 -0.034889486 0.043607734
v 0.17991 -0.034889486 0.040127028
v 0.1764293 -0.034889486 0.040127028
v 0.17291886 -0.034889486 -0.040127028
v 0.1764293 -0.034889486 -0.040127028
v 0.16943815 -0.034889486 -0.043607734
v 0.10988969 -0.034889486 -0.04644038
v 0.16943812 -0.034889486 -0.04644038
v 0.17291886 -0.034889486 -0.043607734
v 0.17991 -0.034889486 0.047104843
v 0.23892698 -0.034889486 0.047104843
v 0.23892698 -0.034889486 0.043607734
v 0.2424077 -0.034889486 0.043607734
v 0.23892699 -0.034889486 0.040127028
v 0.17991 -0.034889486 -0.040127028
v 0.23892699 -0.034889486 -0.040127028
v 0.1764293 -0.034889486 -0.043607734
v 0.17291883 -0.034889486 -0.04644038
v 0.1764293 -0.034889486 -0.04644038
v 0.17991 -0.034889486 -0.043607734
v 0.2424077 -0.034889486 0.040127028
v 0.24240768 -0.034889486 0.047104843
v 0.24248603 -0.034889486 0.047104843
v 0.24248603 -0.034889486 0.043607734
v 0.17991 -0.034889486 -0.04644038
v 0.23892698 -0.034889486 -0.043607734
v 0.23892698 -0.034889486 -0.04644038
v 0.2424077 -0.034889486 -0.043607734
v 0.2424077 -0.034889486 -0.040127028
v 0.24248603 -0.034889486 0.040127028
v 0.24240768 -0.034889486 -0.04644038
v 0.24248603 -0.034889486 -0.043607734
v 0.24248603 -0.034889486 -0.04644038
v 0.24248603 -0.034889486 -0.040127028
v -0.23900531 -0.034889486 -0.04644038
v -0.23900531 -0.034889486 -0.043607734
v -0.17966865 -0.034889486 -0.043607734
v -0.17966865 -0.034889486 -0.04644038
v -0.17618795 -0.034889486 -0.04644038
v -0.17618795 -0.034889486 -0.043607734
v -0.1727069 -0.034889486 -0.04644038
v -0.17966865 -0.034889486 -0.040127028
v -0.23900533 -0.034889486 -0.040127028
v -0.23900533 -0.034889486 0.040127028
v -0.24248603 -0.034889486 -0.040127028
v -0.24248603 -0.034889486 -0.043607734
v -0.24248603 -0.034889486 -0.04644038
v -0.24248603 -0.034889486 0.040127028
v -0.24248603 -0.034889486 0.043607734
v -0.24248603 -0.034889486 0.047104843
v -0.24248601 -0.033149134 -0.048180733
v -0.24248603 -0.033149134 -0.048180733
v -0.24248603 -0.033149134 0.048845194
v -0.24248601 -0.033149134 0.048845194
v -0.03314894 -0.033149134 0.048845194
v -0.036630005 -0.033149134 0.048845194
v -0.036630005 0.033149134 0.048845194
v -0.033148944 0.033149134 0.048845194
v -0.040110707 0.033149134 0.048845194
v -0.040110707 -0.033149134 0.048845194
v -0.0994472 0.033149134 0.048845194
v -0.0994472 -0.033149134 0.048845194
v -0.1029279 0.033149134 0.048845194
v -0.1029279 -0.033149134 0.048845194
v -0.106408976 0.033149134 0.048845194
v -0.106408976 -0.033149134 0.048845194
v -0.10988968 0.033149134 0.048845194
v -0.10988968 -0.033149134 0.048845194
v -0.16922618 0.033149134 0.048845194
v -0.16922618 -0.033149134 0.048845194
v -0.17270689 0.033149134 0.048845194
v -0.17270689 -0.033149134 0.048845194
v -0.17618795 0.033149134 0.048845194
v -0.17618795 -0.033149134 0.048845194
v -0.17966865 0.033149134 0.048845194
v -0.17966865 -0.033149134 0.048845194
v -0.23900531 0.033149134 0.048845194
v -0.23900531 -0.033149134 0.048845194
v -0.24248601 0.033149134 0.048845194
v -0.24248601 -0.033149134 0.048845194
v -0.24248603 0.033149134 0.048845194
v -0.24248603 0.034889486 0.043607734
v -0.24248601 0.034889486 0.047104843
v -0.24248603 0.034889486 0.047104843
v 0.03663002 -0.033149134 0.048845194
v 0.033148956 -0.033149134 0.048845194
v 0.033148956 0.033149134 0.048845194
v 0.03663002 0.033149134 0.048845194
v 0.029668251 0.033149134 0.048845194
v 0.029668251 -0.033149134 0.048845194
v -0.02966824 0.033149134 0.048845194
v -0.029668238 -0.033149134 0.048845194
v 0.040110722 -0.033149134 0.048845194
v 0.040110722 0.033149134 0.048845194
v 0.09944723 -0.033149134 0.048845194
v 0.09944723 0.033149134 0.048845194
v 0.10292793 -0.033149134 0.048845194
v 0.10292793 0.033149134 0.048845194
v 0.10640898 -0.033149134 0.048845194
v 0.10640898 0.033149134 0.048845194
v 0.10988969 -0.033149134 0.048845194
v 0.10988969 0.033149134 0.048845194
v 0.16943812 -0.033149134 0.048845194
v 0.16943812 0.033149134 0.048845194
v 0.17291883 -0.033149134 0.048845194
v 0.17291883 0.033149134 0.048845194
v 0.1764293 -0.033149134 0.048845194
v 0.1764293 0.033149134 0.048845194
v 0.17991 -0.033149134 0.048845194
v 0.17991 0.033149134 0.048845194
v 0.23892696 -0.033149134 0.048845194
v 0.23892696 0.033149134 0.048845194
v 0.24240766 -0.033149134 0.048845194
v 0.24240766 0.033149134 0.048845194
v 0.24248601 -0.033149134 0.048845194
v 0.24248601 0.033149134 0.048845194
v -0.2442264 -0.033149138 0.040127028
v -0.2442264 -0.033149138 -0.040127028
v -0.2442264 0.033149138 -0.040127028
v -0.2442264 0.033149138 0.040127028
v -0.2442264 -0.033149138 0.043607734
v -0.2442264 0.033149138 0.043607734
v -0.2442264 0.033149138 -0.043607734
v -0.2442264 -0.033149138 -0.043607734
v -0.24422638 0.033149134 -0.04644038
v -0.24422638 -0.033149134 -0.04644038
v -0.24422638 -0.033149134 0.047104843
v -0.24422638 0.033149134 0.047104843
v 0.24066736 0.033149138 0.040127028
v 0.24066736 -0.023433788 0.040127028
v 0.24066736 -0.023433788 -0.040127028
v 0.24066736 0.033149138 -0.040127028
v -0.10118758 0.033149138 -0.040127028
v -0.10118758 -0.023433788 -0.040127028
v -0.10118758 -0.023433788 0.040127028
v -0.10118758 0.033149138 0.040127028
v 0.10988969 0.033149138 0.041867383
v 0.10988969 -0.023433788 0.041867383
v 0.16943815 -0.023433788 0.041867383
v 0.16943815 0.033149138 0.041867383
v 0.040110726 0.033149138 0.041867383
v 0.040110726 -0.023433788 0.041867383
v 0.09944723 -0.023433788 0.041867383
v 0.09944723 0.033149138 0.041867383
v -0.17792831 0.033149138 0.040127028
v -0.17792831 -0.023433788 0.040127028
v -0.17792831 -0.023433788 -0.040127028
v -0.17792831 0.033149138 -0.040127028
v -0.17096657 0.033149138 -0.040127028
v -0.17096657 -0.023433788 -0.040127028
v -0.17096657 -0.023433788 0.040127028
v -0.17096657 0.033149138 0.040127028
v -0.1692262 0.033149138 0.041867383
v -0.1692262 -0.023433788 0.041867383
v -0.10988969 -0.023433788 0.041867383
v -0.10988969 0.033149138 0.041867383
v 0.16943815 -0.025174137 -0.040127028
v 0.16943815 -0.025174137 0.040127028
v 0.10988969 -0.025174137 0.040127028
v 0.10988969 -0.025174137 -0.040127028
v 0.038370375 0.033149138 -0.040127028
v 0.038370375 -0.023433788 -0.040127028
v 0.038370375 -0.023433788 0.040127028
v 0.038370375 0.033149138 0.040127028
v -0.17966865 0.033149138 -0.041867383
v -0.17966865 -0.023433788 -0.041867383
v -0.23900533 -0.023433788 -0.041867383
v -0.23900533 0.033149138 -0.041867383
v -0.10988969 0.033149138 -0.041867383
v -0.10988969 -0.023433788 -0.041867383
v -0.1692262 -0.023433788 -0.041867383
v -0.1692262 0.033149138 -0.041867383
v -0.04011071 0.033149138 -0.041867383
v -0.04011071 -0.023433788 -0.041867383
v -0.09944723 -0.023433788 -0.041867383
v -0.09944723 0.033149138 -0.041867383
v 0.029668257 0.033149138 -0.041867383
v 0.029668257 -0.023433788 -0.041867383
v -0.02966824 -0.023433788 -0.041867383
v -0.02966824 0.033149138 -0.041867383
v 0.09944723 0.033149138 -0.041867383
v 0.09944723 -0.023433788 -0.041867383
v 0.040110726 -0.023433788 -0.041867383
v 0.040110726 0.033149138 -0.041867383
v 0.16943815 0.033149138 -0.041867383
v 0.16943815 -0.023433788 -0.041867383
v 0.10988969 -0.023433788 -0.041867383
v 0.10988969 0.033149138 -0.041867383
v 0.24248603 0.034889486 -0.040127028
v 0.24248603 0.034889486 0.040127028
v 0.2424077 0.034889486 0.040127028
v 0.24248603 0.034889486 -0.040127028
v 0.2424077 0.034889486 0.040127028
v 0.2424077 0.034889486 -0.040127028
v 0.2424077 -0.034889486 -0.040127028
v 0.24248603 -0.034889486 0.040127028
v 0.24248603 -0.034889486 -0.040127028
v -0.24248601 -0.033149134 0.048845194
v -0.24248603 -0.033149134 0.048845194
v -0.24248603 0.033149134 0.048845194
v 0.09944723 -0.025174137 -0.040127028
v 0.09944723 -0.025174137 0.040127028
v 0.040110726 -0.025174137 0.040127028
v 0.040110726 -0.025174137 -0.040127028
v 0.029668257 -0.025174137 -0.040127028
v 0.029668257 -0.025174137 0.040127028
v -0.02966824 -0.025174137 0.040127028
v -0.02966824 -0.025174137 -0.040127028
v -0.04011071 -0.025174137 -0.040127028
v -0.04011071 -0.025174137 0.040127028
v -0.09944723 -0.025174137 0.040127028
v -0.09944723 -0.025174137 -0.040127028
v 0.23892699 -0.025174137 -0.040127028
v 0.23892699 -0.025174137 0.040127028
v 0.17991 -0.025174137 0.040127028
v 0.17991 -0.025174137 -0.040127028
v -0.17966865 -0.025174137 -0.040127028
v -0.17966865 -0.025174137 0.040127028
v -0.23900533 -0.025174137 0.040127028
v -0.23900533 -0.025174137 -0.040127028
v -0.10988969 -0.025174137 -0.040127028
v -0.10988969 -0.025174137 0.040127028
v -0.1692262 -0.025174137 0.040127028
v -0.1692262 -0.025174137 -0.040127028
v 0.031408608 0.033149138 0.040127028
v 0.031408608 -0.023433788 0.040127028
v 0.031408608 -0.023433788 -0.040127028
v 0.031408608 0.033149138 -0.040127028
v 0.10814934 0.033149138 -0.040127028
v 0.10814934 -0.023433788 -0.040127028
v 0.10814934 -0.023433788 0.040127028
v 0.10814934 0.033149138 0.040127028
v 0.10640899 0.034889486 -0.040127028
v 0.10640899 0.034889486 0.040127028
v 0.10292794 0.034889486 0.040127028
v 0.10292794 0.034889486 -0.040127028
v -0.09944723 0.033149138 0.041867383
v -0.09944723 -0.023433788 0.041867383
v -0.04011071 -0.023433788 0.041867383
v -0.04011071 0.033149138 0.041867383
v -0.2407457 0.033149138 -0.040127028
v -0.2407457 -0.023433788 -0.040127028
v -0.2407457 -0.023433788 0.040127028
v -0.2407457 0.033149138 0.040127028
v -0.108149335 0.033149138 0.040127028
v -0.108149335 -0.023433788 0.040127028
v -0.108149335 -0.023433788 -0.040127028
v -0.108149335 0.033149138 -0.040127028
v -0.02966824 0.033149138 0.041867383
v -0.02966824 -0.023433788 0.041867383
v 0.029668257 -0.023433788 0.041867383
v 0.029668257 0.033149138 0.041867383
v 0.036630023 0.034889486 -0.040127028
v 0.036630023 0.034889486 0.040127028
v 0.03314896 0.034889486 0.040127028
v 0.03314896 0.034889486 -0.040127028
v -0.03837036 0.033149138 0.040127028
v -0.03837036 -0.023433788 0.040127028
v -0.03837036 -0.023433788 -0.040127028
v -0.03837036 0.033149138 -0.040127028
v 0.17816967 0.033149138 -0.040127028
v 0.17816967 -0.023433788 -0.040127028
v 0.17816967 -0.023433788 0.040127028
v 0.17816967 0.033149138 0.040127028
v -0.033148944 0.034889486 -0.040127028
v -0.033148944 0.034889486 0.040127028
v -0.03663001 0.034889486 0.040127028
v -0.03663001 0.034889486 -0.040127028
v -0.031408593 0.033149138 -0.040127028
v -0.031408593 -0.023433788 -0.040127028
v -0.031408593 -0.023433788 0.040127028
v -0.031408593 0.033149138 0.040127028
v 0.17991 0.033149138 0.041867383
v 0.17991 -0.023433788 0.041867383
v 0.23892699 -0.023433788 0.041867383
v 0.23892699 0.033149138 0.041867383
v 0.23892699 0.033149138 -0.041867383
v 0.23892699 -0.023433788 -0.041867383
v 0.17991 -0.023433788 -0.041867383
v 0.17991 0.033149138 -0.041867383
v -0.23900533 0.033149138 0.041867383
v -0.23900533 -0.023433788 0.041867383
v -0.17966865 -0.023433788 0.041867383
v -0.17966865 0.033149138 0.041867383
v -0.10292793 0.034889486 -0.040127028
v -0.10292793 0.034889486 0.040127028
v -0.10640898 0.034889486 0.040127028
v -0.10640898 0.034889486 -0.040127028
v 0.1711785 0.033149138 0.040127028
v 0.1711785 -0.023433788 0.040127028
v 0.1711785 -0.023433788 -0.040127028
v 0.1711785 0.033149138 -0.040127028
v 0.10118759 0.033149138 0.040127028
v 0.10118759 -0.023433788 0.040127028
v 0.10118759 -0.023433788 -0.040127028
v 0.10118759 0.033149138 -0.040127028
v -0.24248603 -0.034889486 0.047104843
v -0.24422638 -0.033149134 0.047104843
v -0.24248603 -0.033149134 0.048845194
v -0.24422638 0.033149134 0.047104843
v -0.24248603 0.034889486 0.047104843
v -0.24248603 0.033149134 0.048845194
v -0.24422638 -0.033149134 -0.04644038
v -0.24248603 -0.034889486 -0.04644038
v -0.24248603 -0.033149134 -0.048180733
v -0.24248603 0.034889486 -0.04644038
v -0.24422638 0.033149134 -0.04644038
v -0.24248603 0.033149134 -0.048180733
v 0.24422635 -0.033149134 0.047104843
v 0.24248603 -0.034889486 0.047104843
v 0.24248601 -0.033149134 0.048845194
v 0.24248601 0.034889486 0.047104843
v 0.24422635 0.033149134 0.047104843
v 0.24248601 0.033149134 0.048845194
v 0.24248601 -0.033149134 -0.048180733
v 0.24248603 -0.034889486 -0.04644038
v 0.24422638 -0.033149134 -0.04644038
v 0.24248603 0.034889486 -0.04644038
v 0.24248601 0.033149134 -0.048180733
v 0.24422638 0.033149134 -0.04644038
v 0.17291883 -0.034889486 -0.04644038
v 0.17291883 -0.033149134 -0.048180733
v 0.16943812 -0.033149134 -0.048180733
v 0.16943812 -0.034889486 -0.04644038
v 0.1764293 -0.034889486 -0.04644038
v 0.1764293 -0.033149134 -0.048180733
v 0.17991 -0.033149134 -0.048180733
v 0.10988969 -0.033149134 -0.048180733
v 0.10988969 -0.034889486 -0.04644038
v 0.10640898 -0.034889486 -0.04644038
v 0.10640898 -0.033149134 -0.048180733
v 0.10292793 -0.033149134 -0.048180733
v 0.10292793 -0.034889486 -0.04644038
v 0.09944723 -0.033149134 -0.048180733
v 0.09944723 -0.034889486 -0.04644038
v 0.040110722 -0.033149134 -0.048180733
v 0.040110722 -0.034889486 -0.04644038
v 0.03663002 -0.034889486 -0.04644038
v 0.03663002 -0.033149134 -0.048180733
v 0.033148956 -0.033149134 -0.048180733
v 0.033148956 -0.034889486 -0.04644038
v 0.029668251 -0.033149134 -0.048180733
v 0.029668255 -0.034889486 -0.04644038
v -0.02966824 -0.033149134 -0.048180733
v -0.033148944 -0.034889486 -0.04644038
v -0.033148944 -0.033149134 -0.048180733
v -0.036630005 -0.033149134 -0.048180733
v -0.036630005 -0.034889486 -0.04644038
v -0.040110707 -0.033149134 -0.048180733
v -0.040110707 -0.034889486 -0.04644038
v -0.0994472 -0.033149134 -0.048180733
v -0.09944721 -0.034889486 -0.04644038
v -0.10292791 -0.034889486 -0.04644038
v -0.1029279 -0.033149134 -0.048180733
v -0.106408976 -0.033149134 -0.048180733
v -0.10640898 -0.034889486 -0.04644038
v -0.10988968 -0.033149134 -0.048180733
v -0.109889686 -0.034889486 -0.04644038
v -0.16922618 -0.033149134 -0.048180733
v -0.1692262 -0.034889486 -0.04644038
v -0.1727069 -0.034889486 -0.04644038
v -0.17270689 -0.033149134 -0.048180733
v -0.17618795 -0.033149134 -0.048180733
v -0.17618795 -0.034889486 -0.04644038
v -0.17966865 -0.033149134 -0.048180733
v -0.17966865 -0.034889486 -0.04644038
v -0.23900531 -0.033149134 -0.048180733
v -0.036630005 -0.034889486 -0.04644038
v -0.040110707 -0.033149134 -0.048180733
v -0.040110707 -0.034889486 -0.04644038
v -0.033148944 -0.034889486 -0.04644038
v -0.036630005 -0.033149134 -0.048180733
v -0.02966824 -0.034889486 -0.04644038
v -0.02966824 -0.033149134 -0.048180733
v 0.029668255 -0.034889486 -0.04644038
v -0.17966865 0.034889486 -0.04644038
v -0.17966865 0.033149134 -0.048180733
v -0.17618795 0.033149134 -0.048180733
v -0.17618795 0.034889486 -0.04644038
v -0.23900531 0.034889486 -0.04644038
v -0.23900531 0.033149134 -0.048180733
v -0.24248601 0.033149134 -0.048180733
v -0.24248603 0.034889486 -0.04644038
v -0.17270689 0.033149134 -0.048180733
v -0.1727069 0.034889486 -0.04644038
v -0.1692262 0.034889486 -0.04644038
v -0.16922618 0.033149134 -0.048180733
v -0.10988968 0.033149134 -0.048180733
v -0.109889686 0.034889486 -0.04644038
v -0.106408976 0.033149134 -0.048180733
v -0.10640898 0.034889486 -0.04644038
v -0.1029279 0.033149134 -0.048180733
v -0.10292791 0.034889486 -0.04644038
v -0.09944721 0.034889486 -0.04644038
v -0.0994472 0.033149134 -0.048180733
v -0.040110707 0.033149134 -0.048180733
v -0.040110707 0.034889486 -0.04644038
v -0.036630005 0.033149134 -0.048180733
v -0.036630005 0.034889486 -0.04644038
v -0.03314894 0.033149134 -0.048180733
v -0.03314894 0.034889486 -0.04644038
v -0.02966824 0.034889486 -0.04644038
v -0.029668238 0.033149134 -0.048180733
v 0.029668251 0.033149134 -0.048180733
v 0.029668251 0.034889486 -0.04644038
v 0.033148956 0.033149134 -0.048180733
v 0.033148956 0.034889486 -0.04644038
v 0.03663002 0.033149134 -0.048180733
v 0.03663002 0.034889486 -0.04644038
v 0.040110722 0.034889486 -0.04644038
v 0.040110722 0.033149134 -0.048180733
v 0.09944723 0.033149134 -0.048180733
v 0.09944723 0.034889486 -0.04644038
v 0.10292793 0.033149134 -0.048180733
v 0.10292793 0.034889486 -0.04644038
v 0.10640898 0.033149134 -0.048180733
v 0.10640898 0.034889486 -0.04644038
v 0.10988969 0.034889486 -0.04644038
v 0.10988969 0.033149134 -0.048180733
v 0.16943812 0.033149134 -0.048180733
v 0.16943812 0.034889486 -0.04644038
v 0.17291883 0.033149134 -0.048180733
v 0.17291883 0.034889486 -0.04644038
v 0.1764293 0.033149134 -0.048180733
v 0.1764293 0.034889486 -0.04644038
v 0.17991 0.033149134 -0.048180733
v 0.17991 0.034889486 -0.04644038
v 0.23892696 0.033149134 -0.048180733
v 0.23892698 0.034889486 -0.04644038
v 0.24240768 0.034889486 -0.04644038
v 0.24240766 0.033149134 -0.048180733
v 0.24248601 0.033149134 -0.048180733
v 0.24248603 0.034889486 -0.04644038
v -0.17966865 -0.033149134 0.048845194
v -0.17618795 -0.033149134 0.048845194
v -0.17618795 -0.034889486 0.047104843
v -0.17966865 -0.034889486 0.047104843
v -0.17270689 -0.033149134 0.048845194
v -0.17270689 -0.034889486 0.047104843
v -0.16922618 -0.034889486 0.047104843
v -0.16922618 -0.033149134 0.048845194
v -0.10988968 -0.033149134 0.048845194
v -0.106408976 -0.033149134 0.048845194
v -0.106408976 -0.034889486 0.047104843
v -0.1029279 -0.033149134 0.048845194
v -0.09944721 -0.034889486 0.047104843
v -0.10292791 -0.034889486 0.047104843
v -0.0994472 -0.033149134 0.048845194
v -0.040110707 -0.033149134 0.048845194
v -0.10988968 -0.033149134 0.048845194
v -0.106408976 -0.034889486 0.047104843
v -0.109889686 -0.034889486 0.047104843
v -0.16922618 -0.034889486 0.047104843
v -0.1029279 -0.033149134 0.048845194
v -0.10292791 -0.034889486 0.047104843
v -0.040110707 -0.033149134 0.048845194
v -0.036630005 -0.033149134 0.048845194
v -0.036630005 -0.034889486 0.047104843
v -0.040110707 -0.034889486 0.047104843
v -0.09944721 -0.034889486 0.047104843
v -0.03314894 -0.033149134 0.048845194
v -0.03314894 -0.034889486 0.047104843
v -0.029668238 -0.034889486 0.047104843
v -0.029668238 -0.033149134 0.048845194
v 0.029668251 -0.033149134 0.048845194
v 0.029668251 -0.034889486 0.047104843
v 0.033148956 -0.034889486 0.047104843
v 0.033148956 -0.033149134 0.048845194
v 0.03663002 -0.033149134 0.048845194
v 0.03663002 -0.034889486 0.047104843
v 0.040110722 -0.034889486 0.047104843
v 0.040110722 -0.033149134 0.048845194
v 0.09944723 -0.033149134 0.048845194
v 0.09944723 -0.034889486 0.047104843
v 0.09944723 -0.033149134 0.048845194
v 0.10292793 -0.033149134 0.048845194
v 0.10292793 -0.034889486 0.047104843
v 0.09944723 -0.034889486 0.047104843
v 0.10640898 -0.033149134 0.048845194
v 0.10640898 -0.034889486 0.047104843
v 0.10988969 -0.034889486 0.047104843
v 0.10988969 -0.033149134 0.048845194
v 0.16943812 -0.033149134 0.048845194
v 0.17291883 -0.033149134 0.048845194
v 0.17291883 -0.034889486 0.047104843
v 0.1764293 -0.033149134 0.048845194
v 0.1764293 -0.034889486 0.047104843
v 0.17991 -0.033149134 0.048845194
v 0.17991 -0.034889486 0.047104843
v 0.16943812 -0.033149134 0.048845194
v 0.17291883 -0.034889486 0.047104843
v 0.16943812 -0.034889486 0.047104843
v 0.10988969 -0.034889486 0.047104843
v 0.17291883 0.033149134 0.048845194
v 0.16943812 0.033149134 0.048845194
v 0.16943812 0.034889486 0.047104843
v 0.17291883 0.034889486 0.047104843
v 0.1764293 0.034889486 0.047104843
v 0.1764293 0.033149134 0.048845194
v 0.17991 0.033149134 0.048845194
v 0.17991 0.034889486 0.047104843
v 0.10988969 0.033149134 0.048845194
v 0.10988969 0.034889486 0.047104843
v 0.10640898 0.034889486 0.047104843
v 0.10640898 0.033149134 0.048845194
v 0.10292793 0.033149134 0.048845194
v 0.10292793 0.034889486 0.047104843
v 0.09944723 0.034889486 0.047104843
v 0.09944723 0.033149134 0.048845194
v 0.040110722 0.033149134 0.048845194
v 0.040110722 0.034889486 0.047104843
v 0.03663002 0.034889486 0.047104843
v 0.03663002 0.033149134 0.048845194
v 0.033148956 0.033149134 0.048845194
v 0.033148956 0.034889486 0.047104843
v 0.029668251 0.034889486 0.047104843
v 0.029668251 0.033149134 0.048845194
v -0.02966824 0.033149134 0.048845194
v -0.02966824 0.034889486 0.047104843
v -0.033148944 0.034889486 0.047104843
v -0.033148944 0.033149134 0.048845194
v -0.036630005 0.033149134 0.048845194
v -0.036630005 0.034889486 0.047104843
v -0.040110707 0.034889486 0.047104843
v -0.040110707 0.033149134 0.048845194
v -0.0994472 0.033149134 0.048845194
v -0.09944721 0.034889486 0.047104843
v -0.10292791 0.034889486 0.047104843
v -0.1029279 0.033149134 0.048845194
v -0.106408976 0.033149134 0.048845194
v -0.10640898 0.034889486 0.047104843
v -0.10988968 0.034889486 0.047104843
v -0.10988968 0.033149134 0.048845194
v -0.16922618 0.033149134 0.048845194
v -0.16922618 0.034889486 0.047104843
v -0.17270689 0.034889486 0.047104843
v -0.17270689 0.033149134 0.048845194
v -0.17618795 0.033149134 0.048845194
v -0.17618795 0.034889486 0.047104843
v -0.17966865 0.034889486 0.047104843
v -0.17966865 0.033149134 0.048845194
v -0.23900531 0.033149134 0.048845194
v -0.23900531 0.034889486 0.047104843
v -0.24248601 0.033149134 0.048845194
v -0.24248601 0.034889486 0.047104843
v -0.24248603 -0.034889486 -0.04644038
v -0.23900531 -0.034889486 -0.04644038
v -0.23900531 -0.033149134 -0.048180733
v -0.24248601 -0.033149134 -0.048180733
v -0.17966865 -0.034889486 -0.04644038
v -0.23900531 -0.033149134 0.048845194
v -0.23900531 -0.034889486 0.047104843
v -0.24248603 -0.034889486 0.047104843
v -0.24248601 -0.033149134 0.048845194
v -0.17966865 -0.033149134 0.048845194
v -0.17966865 -0.034889486 0.047104843
v 0.1764293 -0.034889486 -0.04644038
v 0.17991 -0.034889486 -0.04644038
v 0.17991 -0.033149134 -0.048180733
v 0.23892698 -0.034889486 -0.04644038
v 0.24240768 -0.034889486 -0.04644038
v 0.24240766 -0.033149134 -0.048180733
v 0.24248603 -0.034889486 -0.04644038
v 0.24248601 -0.033149134 -0.048180733
v 0.24240768 -0.034889486 0.047104843
v 0.23892698 -0.034889486 0.047104843
v 0.23892696 -0.033149134 0.048845194
v 0.24240766 -0.033149134 0.048845194
v 0.24248601 -0.033149134 0.048845194
v 0.24248603 -0.034889486 0.047104843
v 0.17991 -0.034889486 0.047104843
v 0.17991 -0.033149134 0.048845194
v 0.23892698 -0.034889486 -0.04644038
v 0.24240766 -0.033149134 -0.048180733
v 0.23892696 -0.033149134 -0.048180733
v 0.23892696 0.033149134 0.048845194
v 0.23892698 0.034889486 0.047104843
v 0.24240768 0.034889486 0.047104843
v 0.24240766 0.033149134 0.048845194
v 0.24248601 0.034889486 0.047104843
v 0.24248601 0.033149134 0.048845194
v -0.2442264 -0.033149138 -0.043607734
v -0.2442264 -0.033149138 -0.040127028
v -0.24248603 -0.034889486 -0.040127028
v -0.24248603 -0.034889486 -0.043607734
v -0.24248603 -0.034889486 -0.04644038
v -0.24422638 -0.033149134 -0.04644038
v -0.2442264 -0.033149138 0.040127028
v -0.24248603 -0.034889486 0.040127028
v -0.2442264 -0.033149138 0.043607734
v -0.24248603 -0.034889486 0.043607734
v -0.24422638 -0.033149134 0.047104843
v -0.24248603 -0.034889486 0.047104843
v -0.2442264 -0.033149138 0.043607734
v -0.24248603 -0.034889486 0.040127028
v -0.2442264 -0.033149138 0.040127028
v -0.2442264 0.033149138 0.043607734
v -0.2442264 0.033149138 0.040127028
v -0.24248603 0.034889486 0.040127028
v -0.24248603 0.034889486 0.043607734
v -0.24248603 0.034889486 0.047104843
v -0.24422638 0.033149134 0.047104843
v -0.2442264 0.033149138 -0.040127028
v -0.24248603 0.034889486 -0.040127028
v -0.2442264 0.033149138 -0.043607734
v -0.24248603 0.034889486 -0.043607734
v -0.24422638 0.033149134 -0.04644038
v -0.24248603 0.034889486 -0.04644038
v 0.2442264 -0.033149138 0.043607734
v 0.2442264 -0.033149138 0.040127028
v 0.24248603 -0.034889486 0.040127028
v 0.2442264 -0.033149138 -0.040127028
v 0.24248603 -0.034889486 -0.040127028
v 0.24422638 -0.033149138 -0.043607734
v 0.24248603 -0.034889486 -0.043607734
v 0.24422638 -0.033149134 -0.04644038
v 0.24248603 -0.034889486 -0.04644038
v 0.24248603 -0.034889486 0.047104843
v 0.24422635 -0.033149134 0.047104843
v 0.24248603 -0.034889486 0.043607734
v 0.2442264 -0.033149138 0.043607734
v 0.24248603 -0.034889486 0.040127028
v 0.24248603 -0.034889486 0.043607734
v 0.24422638 0.033149138 -0.043607734
v 0.2442264 0.033149138 -0.040127028
v 0.24248603 0.034889486 -0.040127028
v 0.24248603 0.034889486 -0.043607734
v 0.24248603 0.034889486 -0.04644038
v 0.24422638 0.033149134 -0.04644038
v 0.2442264 0.033149138 0.040127028
v 0.24248603 0.034889486 0.040127028
v 0.2442264 0.033149138 0.043607734
v 0.24248603 0.034889486 0.043607734
v 0.24422635 0.033149134 0.047104843
v 0.24248601 0.034889486 0.047104843
v 0.16943815 0.033149138 -0.041867383
v 0.16943815 0.034889486 -0.043607734
v 0.17291886 0.034889486 -0.043607734
v 0.17291886 0.034889486 -0.043607734
v 0.17291886 0.034889486 -0.040127028
v 0.16943815 0.033149138 -0.041867383
v 0.1711785 0.033149138 -0.040127028
v 0.16943815 0.033149138 0.041867383
v 0.1711785 0.033149138 0.040127028
v 0.17291886 0.034889486 0.040127028
v 0.17291886 0.034889486 0.043607734
v 0.16943815 0.034889486 0.043607734
v 0.17291886 0.034889486 0.040127028
v 0.17291886 0.034889486 0.043607734
v 0.16943815 0.033149138 0.041867383
v 0.09944723 0.033149138 -0.041867383
v 0.09944723 0.034889486 -0.043607734
v 0.10292794 0.034889486 -0.043607734
v 0.10292794 0.034889486 -0.040127028
v 0.10118759 0.033149138 -0.040127028
v 0.09944723 0.033149138 0.041867383
v 0.10118759 0.033149138 0.040127028
v 0.10292794 0.034889486 0.040127028
v 0.10292794 0.034889486 0.040127028
v 0.10292794 0.034889486 0.043607734
v 0.09944723 0.033149138 0.041867383
v 0.10292794 0.034889486 0.043607734
v 0.09944723 0.034889486 0.043607734
v 0.09944723 0.033149138 0.041867383
v 0.029668257 0.033149138 -0.041867383
v 0.029668255 0.034889486 -0.043607734
v 0.03314896 0.034889486 -0.043607734
v 0.03314896 0.034889486 -0.040127028
v 0.031408608 0.033149138 -0.040127028
v 0.029668257 0.033149138 0.041867383
v 0.031408608 0.033149138 0.040127028
v 0.03314896 0.034889486 0.040127028
v 0.03314896 0.034889486 0.040127028
v 0.03314896 0.034889486 0.043607734
v 0.029668257 0.033149138 0.041867383
v 0.029668257 0.034889486 0.043607734
v -0.04011071 0.033149138 -0.041867383
v -0.04011071 0.034889486 -0.043607734
v -0.03663001 0.034889486 -0.043607734
v -0.03663001 0.034889486 -0.040127028
v -0.03837036 0.033149138 -0.040127028
v -0.04011071 0.033149138 0.041867383
v -0.03837036 0.033149138 0.040127028
v -0.03663001 0.034889486 0.040127028
v -0.03663001 0.034889486 0.040127028
v -0.03663001 0.034889486 0.043607734
v -0.04011071 0.033149138 0.041867383
v -0.04011071 0.034889486 0.043607734
v -0.10988969 0.033149138 -0.041867383
v -0.109889686 0.034889486 -0.043607734
v -0.10640898 0.034889486 -0.043607734
v -0.10640898 0.034889486 -0.043607734
v -0.10640898 0.034889486 -0.040127028
v -0.10988969 0.033149138 -0.041867383
v -0.108149335 0.033149138 -0.040127028
v -0.10988969 0.033149138 0.041867383
v -0.108149335 0.033149138 0.040127028
v -0.10640898 0.034889486 0.040127028
v -0.10640898 0.034889486 0.040127028
v -0.10640898 0.034889486 0.043607734
v -0.10988969 0.033149138 0.041867383
v -0.109889686 0.034889486 0.043607734
v -0.17966865 0.033149138 -0.041867383
v -0.17966865 0.034889486 -0.043607734
v -0.17618795 0.034889486 -0.043607734
v -0.17618795 0.034889486 -0.040127028
v -0.17618795 0.034889486 -0.040127028
v -0.17792831 0.033149138 -0.040127028
v -0.17966865 0.033149138 -0.041867383
v -0.17966865 0.033149138 0.041867383
v -0.17792831 0.033149138 0.040127028
v -0.17618795 0.034889486 0.040127028
v -0.17618795 0.034889486 0.040127028
v -0.17618795 0.034889486 0.043607734
v -0.17966865 0.033149138 0.041867383
v -0.17618795 0.034889486 0.043607734
v -0.17966865 0.034889486 0.043607734
v -0.17966865 0.033149138 0.041867383
v -0.10292793 0.034889486 -0.040127028
v -0.10292792 0.034889486 -0.043607734
v -0.09944722 0.034889486 -0.043607734
v -0.09944722 0.034889486 -0.043607734
v -0.09944723 0.033149138 -0.041867383
v -0.10292793 0.034889486 -0.040127028
v -0.10118758 0.033149138 -0.040127028
v -0.10292792 0.034889486 0.043607734
v -0.10292793 0.034889486 0.040127028
v -0.10118758 0.033149138 0.040127028
v -0.09944723 0.033149138 0.041867383
v -0.09944722 0.034889486 0.043607734
v -0.1727069 0.034889486 -0.040127028
v -0.1727069 0.034889486 -0.043607734
v -0.1692262 0.034889486 -0.043607734
v -0.1692262 0.034889486 -0.043607734
v -0.1692262 0.033149138 -0.041867383
v -0.1727069 0.034889486 -0.040127028
v -0.17096657 0.033149138 -0.040127028
v -0.1727069 0.034889486 0.043607734
v -0.1727069 0.034889486 0.040127028
v -0.17096657 0.033149138 0.040127028
v -0.1692262 0.033149138 0.041867383
v -0.1692262 0.034889486 0.043607734
v -0.24248603 0.034889486 -0.040127028
v -0.24248603 0.034889486 -0.043607734
v -0.23900531 0.034889486 -0.043607734
v -0.23900531 0.034889486 -0.043607734
v -0.23900533 0.033149138 -0.041867383
v -0.24248603 0.034889486 -0.040127028
v -0.2407457 0.033149138 -0.040127028
v -0.24248603 0.034889486 0.043607734
v -0.24248603 0.034889486 0.040127028
v -0.2407457 0.033149138 0.040127028
v -0.2407457 0.033149138 0.040127028
v -0.23900533 0.033149138 0.041867383
v -0.24248603 0.034889486 0.043607734
v -0.23900533 0.033149138 0.041867383
v -0.23900533 0.034889486 0.043607734
v -0.24248603 0.034889486 0.043607734
v -0.033148944 0.034889486 -0.040127028
v -0.033148944 0.034889486 -0.043607734
v -0.02966824 0.034889486 -0.043607734
v -0.02966824 0.034889486 -0.043607734
v -0.02966824 0.033149138 -0.041867383
v -0.033148944 0.034889486 -0.040127028
v -0.031408593 0.033149138 -0.040127028
v -0.033148944 0.034889486 0.043607734
v -0.033148944 0.034889486 0.040127028
v -0.031408593 0.033149138 0.040127028
v -0.02966824 0.033149138 0.041867383
v -0.02966824 0.034889486 0.043607734
v 0.036630023 0.034889486 -0.040127028
v 0.036630023 0.034889486 -0.043607734
v 0.040110726 0.034889486 -0.043607734
v 0.040110726 0.034889486 -0.043607734
v 0.040110726 0.033149138 -0.041867383
v 0.036630023 0.034889486 -0.040127028
v 0.038370375 0.033149138 -0.040127028
v 0.036630023 0.034889486 0.043607734
v 0.036630023 0.034889486 0.040127028
v 0.038370375 0.033149138 0.040127028
v 0.040110726 0.033149138 0.041867383
v 0.040110726 0.033149138 0.041867383
v 0.040110726 0.034889486 0.043607734
v 0.036630023 0.034889486 0.043607734
v 0.10640899 0.034889486 -0.040127028
v 0.10640899 0.034889486 -0.043607734
v 0.10988969 0.034889486 -0.043607734
v 0.10988969 0.034889486 -0.043607734
v 0.10988969 0.033149138 -0.041867383
v 0.10640899 0.034889486 -0.040127028
v 0.10814934 0.033149138 -0.040127028
v 0.10640899 0.034889486 0.043607734
v 0.10640899 0.034889486 0.040127028
v 0.10814934 0.033149138 0.040127028
v 0.10814934 0.033149138 0.040127028
v 0.10988969 0.033149138 0.041867383
v 0.10640899 0.034889486 0.043607734
v 0.10988969 0.033149138 0.041867383
v 0.10988969 0.034889486 0.043607734
v 0.10640899 0.034889486 0.043607734
v 0.1764293 0.034889486 -0.040127028
v 0.1764293 0.034889486 -0.043607734
v 0.17991 0.034889486 -0.043607734
v 0.17991 0.033149138 -0.041867383
v 0.17816967 0.033149138 -0.040127028
v 0.1764293 0.034889486 0.043607734
v 0.1764293 0.034889486 0.040127028
v 0.17816967 0.033149138 0.040127028
v 0.17991 0.033149138 0.041867383
v 0.17991 0.033149138 0.041867383
v 0.17991 0.034889486 0.043607734
v 0.1764293 0.034889486 0.043607734
v 0.23892699 0.033149138 -0.041867383
v 0.23892698 0.034889486 -0.043607734
v 0.2424077 0.034889486 -0.043607734
v 0.2424077 0.034889486 -0.040127028
v 0.24066736 0.033149138 -0.040127028
v 0.23892699 0.033149138 0.041867383
v 0.24066736 0.033149138 0.040127028
v 0.2424077 0.034889486 0.040127028
v 0.2424077 0.034889486 0.040127028
v 0.2424077 0.034889486 0.043607734
v 0.23892699 0.033149138 0.041867383
v 0.2424077 0.034889486 0.043607734
v 0.23892698 0.034889486 0.043607734
v 0.23892699 0.033149138 0.041867383
v 0.1711785 -0.023433788 -0.040127028
v 0.16943815 -0.025174137 -0.040127028
v 0.16943815 -0.023433788 -0.041867383
v 0.1711785 -0.023433788 0.040127028
v 0.16943815 -0.023433788 0.041867383
v 0.16943815 -0.025174137 0.040127028
v 0.10118759 -0.023433788 -0.040127028
v 0.09944723 -0.025174137 -0.040127028
v 0.09944723 -0.023433788 -0.041867383
v 0.10118759 -0.023433788 0.040127028
v 0.09944723 -0.023433788 0.041867383
v 0.09944723 -0.025174137 0.040127028
v 0.031408608 -0.023433788 -0.040127028
v 0.029668257 -0.025174137 -0.040127028
v 0.029668257 -0.023433788 -0.041867383
v 0.031408608 -0.023433788 0.040127028
v 0.029668257 -0.023433788 0.041867383
v 0.029668257 -0.025174137 0.040127028
v -0.03837036 -0.023433788 -0.040127028
v -0.04011071 -0.025174137 -0.040127028
v -0.04011071 -0.023433788 -0.041867383
v -0.03837036 -0.023433788 0.040127028
v -0.04011071 -0.023433788 0.041867383
v -0.04011071 -0.025174137 0.040127028
v -0.108149335 -0.023433788 -0.040127028
v -0.10988969 -0.025174137 -0.040127028
v -0.10988969 -0.023433788 -0.041867383
v -0.108149335 -0.023433788 0.040127028
v -0.10988969 -0.023433788 0.041867383
v -0.10988969 -0.025174137 0.040127028
v -0.17792831 -0.023433788 -0.040127028
v -0.17966865 -0.025174137 -0.040127028
v -0.17966865 -0.023433788 -0.041867383
v -0.17792831 -0.023433788 0.040127028
v -0.17966865 -0.023433788 0.041867383
v -0.17966865 -0.025174137 0.040127028
v -0.10118758 -0.023433788 -0.040127028
v -0.09944723 -0.023433788 -0.041867383
v -0.09944723 -0.025174137 -0.040127028
v -0.10118758 -0.023433788 0.040127028
v -0.09944723 -0.025174137 0.040127028
v -0.09944723 -0.023433788 0.041867383
v -0.17096657 -0.023433788 -0.040127028
v -0.1692262 -0.023433788 -0.041867383
v -0.1692262 -0.025174137 -0.040127028
v -0.17096657 -0.023433788 0.040127028
v -0.1692262 -0.025174137 0.040127028
v -0.1692262 -0.023433788 0.041867383
v -0.2407457 -0.023433788 -0.040127028
v -0.23900533 -0.023433788 -0.041867383
v -0.23900533 -0.025174137 -0.040127028
v -0.2407457 -0.023433788 0.040127028
v -0.23900533 -0.025174137 0.040127028
v -0.23900533 -0.023433788 0.041867383
v -0.031408593 -0.023433788 -0.040127028
v -0.02966824 -0.023433788 -0.041867383
v -0.02966824 -0.025174137 -0.040127028
v -0.031408593 -0.023433788 0.040127028
v -0.02966824 -0.025174137 0.040127028
v -0.02966824 -0.023433788 0.041867383
v 0.038370375 -0.023433788 -0.040127028
v 0.040110726 -0.023433788 -0.041867383
v 0.040110726 -0.025174137 -0.040127028
v 0.038370375 -0.023433788 0.040127028
v 0.040110726 -0.025174137 0.040127028
v 0.040110726 -0.023433788 0.041867383
v 0.10814934 -0.023433788 -0.040127028
v 0.10988969 -0.023433788 -0.041867383
v 0.10988969 -0.025174137 -0.040127028
v 0.10814934 -0.023433788 0.040127028
v 0.10988969 -0.025174137 0.040127028
v 0.10988969 -0.023433788 0.041867383
v 0.17816967 -0.023433788 -0.040127028
v 0.17991 -0.023433788 -0.041867383
v 0.17991 -0.025174137 -0.040127028
v 0.17816967 -0.023433788 0.040127028
v 0.17991 -0.025174137 0.040127028
v 0.17991 -0.023433788 0.041867383
v 0.24066736 -0.023433788 -0.040127028
v 0.23892699 -0.025174137 -0.040127028
v 0.23892699 -0.023433788 -0.041867383
v 0.24066736 -0.023433788 0.040127028
v 0.23892699 -0.023433788 0.041867383
v 0.23892699 -0.025174137 0.040127028
v -0.24248603 -0.033149134 0.048845194
v -0.24422638 -0.033149134 0.047104843
v -0.24422638 0.033149134 0.047104843
v -0.24248603 0.033149134 0.048845194
v -0.24248603 0.033149134 -0.048180733
v -0.24422638 0.033149134 -0.04644038
v -0.24422638 -0.033149134 -0.04644038
v -0.24248603 -0.033149134 -0.048180733
v 0.24422638 0.033149134 -0.04644038
v 0.24248601 0.033149134 -0.048180733
v 0.24248601 -0.033149134 -0.048180733
v 0.24422638 -0.033149134 -0.04644038
v 0.24248601 0.033149134 0.048845194
v 0.24422635 0.033149134 0.047104843
v 0.24422635 -0.033149134 0.047104843
v 0.24248601 0.033149134 0.048845194
v 0.24422635 -0.033149134 0.047104843
v 0.24248601 -0.033149134 0.048845194
v -0.24248601 0.034889486 0.047104843
v -0.24248601 0.033149134 0.048845194
v -0.24248603 0.033149134 0.048845194
v -0.24248603 0.034889486 0.047104843
v -0.24248603 0.034889486 -0.04644038
v -0.24248603 0.033149134 -0.048180733
v -0.24248601 0.033149134 -0.048180733
v 0.1711785 0.033149138 -0.040127028
v 0.17291886 0.034889486 -0.040127028
v 0.17291886 0.034889486 0.040127028
v 0.1711785 0.033149138 0.040127028
v 0.10118759 0.033149138 -0.040127028
v 0.10292794 0.034889486 -0.040127028
v 0.10292794 0.034889486 0.040127028
v 0.10118759 0.033149138 0.040127028
v 0.031408608 0.033149138 -0.040127028
v 0.03314896 0.034889486 -0.040127028
v 0.03314896 0.034889486 0.040127028
v 0.031408608 0.033149138 0.040127028
v -0.03837036 0.033149138 -0.040127028
v -0.03663001 0.034889486 -0.040127028
v -0.03663001 0.034889486 0.040127028
v -0.03837036 0.033149138 0.040127028
v -0.108149335 0.033149138 -0.040127028
v -0.10640898 0.034889486 -0.040127028
v -0.10640898 0.034889486 0.040127028
v -0.108149335 0.033149138 0.040127028
v -0.17792831 0.033149138 -0.040127028
v -0.17618795 0.034889486 -0.040127028
v -0.17618795 0.034889486 0.040127028
v -0.17792831 0.033149138 0.040127028
v -0.10292793 0.034889486 -0.040127028
v -0.10118758 0.033149138 -0.040127028
v -0.10118758 0.033149138 0.040127028
v -0.10292793 0.034889486 0.040127028
v -0.1727069 0.034889486 -0.040127028
v -0.17096657 0.033149138 -0.040127028
v -0.17096657 0.033149138 0.040127028
v -0.1727069 0.034889486 0.040127028
v -0.24248603 0.034889486 -0.040127028
v -0.2407457 0.033149138 -0.040127028
v -0.2407457 0.033149138 0.040127028
v -0.24248603 0.034889486 0.040127028
v -0.033148944 0.034889486 -0.040127028
v -0.031408593 0.033149138 -0.040127028
v -0.031408593 0.033149138 0.040127028
v -0.033148944 0.034889486 0.040127028
v 0.036630023 0.034889486 -0.040127028
v 0.038370375 0.033149138 -0.040127028
v 0.038370375 0.033149138 0.040127028
v 0.036630023 0.034889486 -0.040127028
v 0.038370375 0.033149138 0.040127028
v 0.036630023 0.034889486 0.040127028
v 0.10640899 0.034889486 -0.040127028
v 0.10814934 0.033149138 -0.040127028
v 0.10814934 0.033149138 0.040127028
v 0.10640899 0.034889486 0.040127028
v 0.1764293 0.034889486 -0.040127028
v 0.17816967 0.033149138 -0.040127028
v 0.17816967 0.033149138 0.040127028
v 0.1764293 0.034889486 0.040127028
v 0.24066736 0.033149138 -0.040127028
v 0.2424077 0.034889486 -0.040127028
v 0.2424077 0.034889486 0.040127028
v 0.24066736 0.033149138 0.040127028
v 0.2424077 0.034889486 -0.040127028
v 0.24248603 0.034889486 -0.040127028
v 0.17991 0.033149138 -0.041867383
v 0.17991 0.034889486 -0.043607734
v 0.23892698 0.034889486 -0.043607734
v 0.23892699 0.033149138 -0.041867383
v 0.17991 0.034889486 0.043607734
v 0.17991 0.033149138 0.041867383
v 0.23892699 0.033149138 0.041867383
v 0.23892698 0.034889486 0.043607734
v 0.10988969 0.033149138 -0.041867383
v 0.10988969 0.034889486 -0.043607734
v 0.16943815 0.034889486 -0.043607734
v 0.16943815 0.033149138 -0.041867383
v 0.10988969 0.034889486 0.043607734
v 0.10988969 0.033149138 0.041867383
v 0.16943815 0.033149138 0.041867383
v 0.16943815 0.034889486 0.043607734
v 0.040110726 0.033149138 -0.041867383
v 0.040110726 0.034889486 -0.043607734
v 0.09944723 0.034889486 -0.043607734
v 0.09944723 0.033149138 -0.041867383
v 0.040110726 0.034889486 0.043607734
v 0.040110726 0.033149138 0.041867383
v 0.09944723 0.033149138 0.041867383
v 0.09944723 0.034889486 0.043607734
v -0.02966824 0.033149138 -0.041867383
v -0.02966824 0.034889486 -0.043607734
v 0.029668255 0.034889486 -0.043607734
v 0.029668257 0.033149138 -0.041867383
v -0.02966824 0.034889486 0.043607734
v -0.02966824 0.033149138 0.041867383
v 0.029668257 0.033149138 0.041867383
v 0.029668257 0.034889486 0.043607734
v -0.23900533 0.033149138 -0.041867383
v -0.23900531 0.034889486 -0.043607734
v -0.17966865 0.034889486 -0.043607734
v -0.17966865 0.033149138 -0.041867383
v -0.23900533 0.034889486 0.043607734
v -0.23900533 0.033149138 0.041867383
v -0.17966865 0.033149138 0.041867383
v -0.17966865 0.034889486 0.043607734
v -0.1692262 0.033149138 -0.041867383
v -0.1692262 0.034889486 -0.043607734
v -0.109889686 0.034889486 -0.043607734
v -0.10988969 0.033149138 -0.041867383
v -0.1692262 0.034889486 0.043607734
v -0.1692262 0.033149138 0.041867383
v -0.10988969 0.033149138 0.041867383
v -0.109889686 0.034889486 0.043607734
v -0.09944723 0.033149138 -0.041867383
v -0.09944722 0.034889486 -0.043607734
v -0.04011071 0.034889486 -0.043607734
v -0.04011071 0.033149138 -0.041867383
v -0.09944722 0.034889486 0.043607734
v -0.09944723 0.033149138 0.041867383
v -0.04011071 0.033149138 0.041867383
v -0.04011071 0.034889486 0.043607734
v 0.16943815 -0.025174137 -0.040127028
v 0.1711785 -0.023433788 -0.040127028
v 0.1711785 -0.023433788 0.040127028
v 0.16943815 -0.025174137 -0.040127028
v 0.1711785 -0.023433788 0.040127028
v 0.16943815 -0.025174137 0.040127028
v 0.09944723 -0.025174137 -0.040127028
v 0.10118759 -0.023433788 -0.040127028
v 0.10118759 -0.023433788 0.040127028
v 0.09944723 -0.025174137 0.040127028
v 0.029668257 -0.025174137 -0.040127028
v 0.031408608 -0.023433788 -0.040127028
v 0.031408608 -0.023433788 0.040127028
v 0.029668257 -0.025174137 -0.040127028
v 0.031408608 -0.023433788 0.040127028
v 0.029668257 -0.025174137 0.040127028
v -0.04011071 -0.025174137 -0.040127028
v -0.03837036 -0.023433788 -0.040127028
v -0.03837036 -0.023433788 0.040127028
v -0.04011071 -0.025174137 0.040127028
v -0.10988969 -0.025174137 -0.040127028
v -0.108149335 -0.023433788 -0.040127028
v -0.108149335 -0.023433788 0.040127028
v -0.10988969 -0.025174137 0.040127028
v -0.17966865 -0.025174137 -0.040127028
v -0.17792831 -0.023433788 -0.040127028
v -0.17792831 -0.023433788 0.040127028
v -0.17966865 -0.025174137 0.040127028
v -0.10118758 -0.023433788 -0.040127028
v -0.09944723 -0.025174137 -0.040127028
v -0.09944723 -0.025174137 0.040127028
v -0.10118758 -0.023433788 0.040127028
v -0.17096657 -0.023433788 -0.040127028
v -0.1692262 -0.025174137 -0.040127028
v -0.1692262 -0.025174137 0.040127028
v -0.17096657 -0.023433788 0.040127028
v -0.2407457 -0.023433788 -0.040127028
v -0.23900533 -0.025174137 -0.040127028
v -0.23900533 -0.025174137 0.040127028
v -0.2407457 -0.023433788 0.040127028
v -0.031408593 -0.023433788 -0.040127028
v -0.02966824 -0.025174137 -0.040127028
v -0.02966824 -0.025174137 0.040127028
v -0.031408593 -0.023433788 -0.040127028
v -0.02966824 -0.025174137 0.040127028
v -0.031408593 -0.023433788 0.040127028
v 0.038370375 -0.023433788 -0.040127028
v 0.040110726 -0.025174137 -0.040127028
v 0.040110726 -0.025174137 0.040127028
v 0.038370375 -0.023433788 0.040127028
v 0.10814934 -0.023433788 -0.040127028
v 0.10988969 -0.025174137 -0.040127028
v 0.10988969 -0.025174137 0.040127028
v 0.10814934 -0.023433788 -0.040127028
v 0.10988969 -0.025174137 0.040127028
v 0.10814934 -0.023433788 0.040127028
v 0.17816967 -0.023433788 -0.040127028
v 0.17991 -0.025174137 -0.040127028
v 0.17991 -0.025174137 0.040127028
v 0.17816967 -0.023433788 0.040127028
v 0.23892699 -0.025174137 -0.040127028
v 0.24066736 -0.023433788 -0.040127028
v 0.24066736 -0.023433788 0.040127028
v 0.23892699 -0.025174137 0.040127028
v 0.17991 -0.025174137 -0.040127028
v 0.17991 -0.023433788 -0.041867383
v 0.23892699 -0.023433788 -0.041867383
v 0.17991 -0.025174137 -0.040127028
v 0.23892699 -0.023433788 -0.041867383
v 0.23892699 -0.025174137 -0.040127028
v 0.17991 -0.023433788 0.041867383
v 0.17991 -0.025174137 0.040127028
v 0.23892699 -0.025174137 0.040127028
v 0.23892699 -0.023433788 0.041867383
v 0.10988969 -0.025174137 -0.040127028
v 0.10988969 -0.023433788 -0.041867383
v 0.16943815 -0.023433788 -0.041867383
v 0.16943815 -0.025174137 -0.040127028
v 0.10988969 -0.023433788 0.041867383
v 0.10988969 -0.025174137 0.040127028
v 0.16943815 -0.025174137 0.040127028
v 0.16943815 -0.023433788 0.041867383
v 0.040110726 -0.025174137 -0.040127028
v 0.040110726 -0.023433788 -0.041867383
v 0.09944723 -0.023433788 -0.041867383
v 0.09944723 -0.025174137 -0.040127028
v 0.040110726 -0.023433788 0.041867383
v 0.040110726 -0.025174137 0.040127028
v 0.09944723 -0.025174137 0.040127028
v 0.09944723 -0.023433788 0.041867383
v -0.02966824 -0.025174137 -0.040127028
v -0.02966824 -0.023433788 -0.041867383
v 0.029668257 -0.023433788 -0.041867383
v 0.029668257 -0.025174137 -0.040127028
v -0.02966824 -0.023433788 0.041867383
v -0.02966824 -0.025174137 0.040127028
v 0.029668257 -0.025174137 0.040127028
v 0.029668257 -0.023433788 0.041867383
v -0.23900533 -0.025174137 -0.040127028
v -0.23900533 -0.023433788 -0.041867383
v -0.17966865 -0.023433788 -0.041867383
v -0.17966865 -0.025174137 -0.040127028
v -0.23900533 -0.023433788 0.041867383
v -0.23900533 -0.025174137 0.040127028
v -0.17966865 -0.025174137 0.040127028
v -0.23900533 -0.023433788 0.041867383
v -0.17966865 -0.025174137 0.040127028
v -0.17966865 -0.023433788 0.041867383
v -0.1692262 -0.025174137 -0.040127028
v -0.1692262 -0.023433788 -0.041867383
v -0.10988969 -0.023433788 -0.041867383
v -0.10988969 -0.025174137 -0.040127028
v -0.1692262 -0.023433788 0.041867383
v -0.1692262 -0.025174137 0.040127028
v -0.10988969 -0.025174137 0.040127028
v -0.10988969 -0.023433788 0.041867383
v -0.09944723 -0.025174137 -0.040127028
v -0.09944723 -0.023433788 -0.041867383
v -0.04011071 -0.023433788 -0.041867383
v -0.04011071 -0.025174137 -0.040127028
v -0.09944723 -0.023433788 0.041867383
v -0.09944723 -0.025174137 0.040127028
v -0.04011071 -0.025174137 0.040127028
v -0.04011071 -0.023433788 0.041867383
v -0.02966824 0.033149138 0.041867383
v -0.031408593 0.033149138 0.040127028
v -0.031408593 -0.023433788 0.040127028
v -0.02966824 -0.023433788 0.041867383
v -0.02966824 -0.023433788 -0.041867383
v -0.031408593 -0.023433788 -0.040127028
v -0.031408593 0.033149138 -0.040127028
v -0.02966824 0.033149138 -0.041867383
v 0.23892699 0.033149138 -0.041867383
v 0.24066736 0.033149138 -0.040127028
v 0.24066736 -0.023433788 -0.040127028
v 0.23892699 -0.023433788 -0.041867383
v 0.23892699 -0.023433788 0.041867383
v 0.24066736 -0.023433788 0.040127028
v 0.24066736 0.033149138 0.040127028
v 0.23892699 -0.023433788 0.041867383
v 0.24066736 0.033149138 0.040127028
v 0.23892699 0.033149138 0.041867383
v -0.17096657 0.033149138 -0.040127028
v -0.1692262 0.033149138 -0.041867383
v -0.1692262 -0.023433788 -0.041867383
v -0.17096657 -0.023433788 -0.040127028
v -0.108149335 -0.023433788 -0.040127028
v -0.10988969 -0.023433788 -0.041867383
v -0.10988969 0.033149138 -0.041867383
v -0.108149335 -0.023433788 -0.040127028
v -0.10988969 0.033149138 -0.041867383
v -0.108149335 0.033149138 -0.040127028
v -0.09944723 0.033149138 0.041867383
v -0.10118758 0.033149138 0.040127028
v -0.10118758 -0.023433788 0.040127028
v -0.09944723 -0.023433788 0.041867383
v -0.09944723 -0.023433788 -0.041867383
v -0.10118758 -0.023433788 -0.040127028
v -0.10118758 0.033149138 -0.040127028
v -0.09944723 0.033149138 -0.041867383
v -0.108149335 0.033149138 0.040127028
v -0.10988969 0.033149138 0.041867383
v -0.10988969 -0.023433788 0.041867383
v -0.108149335 -0.023433788 0.040127028
v -0.17096657 -0.023433788 0.040127028
v -0.1692262 -0.023433788 0.041867383
v -0.1692262 0.033149138 0.041867383
v -0.17096657 0.033149138 0.040127028
v 0.038370375 0.033149138 -0.040127028
v 0.040110726 0.033149138 -0.041867383
v 0.040110726 -0.023433788 -0.041867383
v 0.038370375 -0.023433788 -0.040127028
v 0.10118759 -0.023433788 -0.040127028
v 0.09944723 -0.023433788 -0.041867383
v 0.09944723 0.033149138 -0.041867383
v 0.10118759 -0.023433788 -0.040127028
v 0.09944723 0.033149138 -0.041867383
v 0.10118759 0.033149138 -0.040127028
v 0.16943815 0.033149138 -0.041867383
v 0.1711785 0.033149138 -0.040127028
v 0.1711785 -0.023433788 -0.040127028
v 0.16943815 0.033149138 -0.041867383
v 0.1711785 -0.023433788 -0.040127028
v 0.16943815 -0.023433788 -0.041867383
v 0.16943815 -0.023433788 0.041867383
v 0.1711785 -0.023433788 0.040127028
v 0.1711785 0.033149138 0.040127028
v 0.16943815 0.033149138 0.041867383
v 0.10118759 0.033149138 0.040127028
v 0.09944723 0.033149138 0.041867383
v 0.09944723 -0.023433788 0.041867383
v 0.10118759 -0.023433788 0.040127028
v 0.038370375 -0.023433788 0.040127028
v 0.040110726 -0.023433788 0.041867383
v 0.040110726 0.033149138 0.041867383
v 0.038370375 -0.023433788 0.040127028
v 0.040110726 0.033149138 0.041867383
v 0.038370375 0.033149138 0.040127028
v -0.03837036 -0.023433788 -0.040127028
v -0.04011071 -0.023433788 -0.041867383
v -0.04011071 0.033149138 -0.041867383
v -0.03837036 -0.023433788 -0.040127028
v -0.04011071 0.033149138 -0.041867383
v -0.03837036 0.033149138 -0.040127028
v -0.03837036 0.033149138 0.040127028
v -0.04011071 0.033149138 0.041867383
v -0.04011071 -0.023433788 0.041867383
v -0.03837036 -0.023433788 0.040127028
v 0.031408608 -0.023433788 -0.040127028
v 0.029668257 -0.023433788 -0.041867383
v 0.029668257 0.033149138 -0.041867383
v 0.031408608 -0.023433788 -0.040127028
v 0.029668257 0.033149138 -0.041867383
v 0.031408608 0.033149138 -0.040127028
v 0.029668257 -0.023433788 0.041867383
v 0.031408608 -0.023433788 0.040127028
v 0.031408608 0.033149138 0.040127028
v 0.029668257 0.033149138 0.041867383
v 0.10988969 0.033149138 0.041867383
v 0.10814934 0.033149138 0.040127028
v 0.10814934 -0.023433788 0.040127028
v 0.10988969 -0.023433788 0.041867383
v 0.10988969 -0.023433788 -0.041867383
v 0.10814934 -0.023433788 -0.040127028
v 0.10814934 0.033149138 -0.040127028
v 0.10988969 0.033149138 -0.041867383
v -0.23900533 0.033149138 0.041867383
v -0.2407457 0.033149138 0.040127028
v -0.2407457 -0.023433788 0.040127028
v -0.23900533 -0.023433788 0.041867383
v -0.23900533 -0.023433788 -0.041867383
v -0.2407457 -0.023433788 -0.040127028
v -0.2407457 0.033149138 -0.040127028
v -0.23900533 0.033149138 -0.041867383
v 0.17816967 0.033149138 -0.040127028
v 0.17991 0.033149138 -0.041867383
v 0.17991 -0.023433788 -0.041867383
v 0.17816967 -0.023433788 -0.040127028
v 0.17991 0.033149138 0.041867383
v 0.17816967 0.033149138 0.040127028
v 0.17816967 -0.023433788 0.040127028
v 0.17991 -0.023433788 0.041867383
v -0.17792831 -0.023433788 -0.040127028
v -0.17966865 -0.023433788 -0.041867383
v -0.17966865 0.033149138 -0.041867383
v -0.17792831 0.033149138 -0.040127028
v -0.17792831 0.033149138 0.040127028
v -0.17966865 0.033149138 0.041867383
v -0.17966865 -0.023433788 0.041867383
v -0.17792831 -0.023433788 0.040127028
vn -0 1 -1.3152522E-06
vn -0 1 -1.3152522E-06
vn -0 1 -1.3152522E-06
vn -0 1 -1.3152522E-06
vn -0 1 -1.3151268E-06
vn -0 1 -1.3151268E-06
vn -0 1 -1.3151268E-06
vn -0 1 -1.3151268E-06
vn -0 1 -1.3151217E-06
vn -0 1 -1.3151217E-06
vn -0 1 -1.3151217E-06
vn -0 1 -1.3151217E-06
vn -0 1 -1.315125E-06
vn -0 1 -1.315125E-06
vn -0 1 -1.315125E-06
vn -0 1 -1.315125E-06
vn -0 1 -1.3151276E-06
vn -0 1 -1.3151276E-06
vn -0 1 -1.3151276E-06
vn -0 1 -1.3151276E-06
vn -0 1 -1.3151277E-06
vn -0 1 -1.3151277E-06
vn -0 1 -1.3151277E-06
vn -0 1 -1.3151277E-06
vn -0 1 -1.3151255E-06
vn -0 1 -1.3151255E-06
vn -0 1 -1.3151255E-06
vn -0 1 -1.3151255E-06
vn -0 1 -1.3151273E-06
vn -0 1 -1.3151273E-06
vn -0 1 -1.3151273E-06
vn -0 1 -1.3151273E-06
vn -0 1 -1.3151255E-06
vn -0 1 -1.3151255E-06
vn -0 1 -1.3151255E-06
vn -0 1 -1.3151255E-06
vn -0 1 -1.3151277E-06
vn -0 1 -1.3151277E-06
vn -0 1 -1.3151277E-06
vn -0 1 -1.3151277E-06
vn -0 1 -1.3151255E-06
vn -0 1 -1.3151255E-06
vn -0 1 -1.3151255E-06
vn -0 1 -1.3151255E-06
vn -0 1 -1.3151277E-06
vn -0 1 -1.3151277E-06
vn -0 1 -1.3151277E-06
vn -0 1 -1.3151277E-06
vn -0 1 -1.3151314E-06
vn -0 1 -1.3151314E-06
vn -0 1 -1.3151314E-06
vn -0 1 -1.3151314E-06
vn -0 1 -1.3151257E-06
vn -0 1 -1.3151257E-06
vn -0 1 -1.3151257E-06
vn -0 1 -1.3151257E-06
vn -0 1 -1.3151264E-06
vn -0 1 -1.3151264E-06
vn -0 1 0
vn -0 1 0
vn -0 1 0
vn -0 1 0
vn -0 1 1.0652481E-06
vn -0 1 1.0652481E-06
vn -0 1 1.0652481E-06
vn -0 1 1.0652481E-06
vn -0 1 1.0652471E-06
vn -0 1 1.0652471E-06
vn -0 1 1.0652471E-06
vn -0 1 1.0652471E-06
vn -0 1 1.0652457E-06
vn -0 1 1.0652457E-06
vn -0 1 1.0652457E-06
vn -0 1 1.0652457E-06
vn -0 1 1.0652456E-06
vn -0 1 1.0652456E-06
vn -0 1 1.0652456E-06
vn -0 1 1.0652456E-06
vn -0 1 1.0652482E-06
vn -0 1 1.0652482E-06
vn -0 1 1.0652482E-06
vn -0 1 1.0652482E-06
vn -0 1 1.0652469E-06
vn -0 1 1.0652469E-06
vn -0 1 1.0652469E-06
vn -0 1 1.0652469E-06
vn -0 1 1.0652478E-06
vn -0 1 1.0652478E-06
vn -0 1 1.0652478E-06
vn -0 1 1.0652478E-06
vn -0 1 1.0652469E-06
vn -0 1 1.0652469E-06
vn -0 1 1.0652469E-06
vn -0 1 1.0652469E-06
vn -0 1 1.0652482E-06
vn -0 1 1.0652482E-06
vn -0 1 1.0652482E-06
vn -0 1 1.0652482E-06
vn -0 1 1.0652481E-06
vn -0 1 1.0652481E-06
vn -0 1 1.0652481E-06
vn -0 1 1.0652481E-06
vn -0 1 1.065246E-06
vn -0 1 1.065246E-06
vn -0 1 1.065246E-06
vn -0 1 1.065246E-06
vn -0 1 1.0652428E-06
vn -0 1 1.0652428E-06
vn -0 1 1.0652428E-06
vn -0 1 1.0652428E-06
vn -0 1 1.0652475E-06
vn -0 1 1.0652475E-06
vn -0 1 1.0652475E-06
vn -0 1 1.0652475E-06
vn -0 1 1.0654509E-06
vn -0 1 1.0654509E-06
vn -0 1 1.0654509E-06
vn -0 1 1.0654509E-06
vn -0 1 0
vn -0 1 0
vn -0 1 0
vn -0 1 0
vn -0 1 0
vn -0 1 0
vn 1 0 1.6067499E-05
vn 1 0 1.6067499E-05
vn 1 0 1.6067499E-05
vn 1 0 1.6067499E-05
vn 1 0 0
vn 1 0 0
vn 1 0 0
vn 1 0 0
vn 1 0 -9.918257E-06
vn 1 0 -9.918257E-06
vn 1 0 -9.918257E-06
vn 1 0 -9.918257E-06
vn -0 0 -1
vn -0 0 -1
vn -0 0 -1
vn -0 0 -1
vn -0 0 -1
vn -0 0 -1
vn -0 0 -1
vn -0 0 -1
vn -0 0 -1
vn -0 0 -1
vn -0 0 -1
vn -0 0 -1
vn -0 0 -1
vn -0 0 -1
vn -0 0 -1
vn -0 0 -1
vn -0 0 -1
vn -0 0 -1
vn -0 0 -1
vn -0 0 -1
vn -0 0 -1
vn -0 0 -1
vn -0 0 -1
vn -0 0 -1
vn -0 0 -1
vn -0 0 -1
vn -0 0 -1
vn -0 0 -1
vn -0 0 -1
vn -0 0 -1
vn -0 0 -1
vn -0 0 -1
vn -0 0 -1
vn -0 0 -1
vn -0 0 -1
vn -0 0 -1
vn -0 0 -1
vn -0 0 -1
vn -0 0 -1
vn -0 0 -1
vn -0 0 -1
vn -0 0 -1
vn -0 0 -1
vn -0 0 -1
vn -0 0 -1
vn -0 0 -1
vn -0 0 -1
vn -0 0 -1
vn -0 0 -1
vn -0 0 -1
vn -0 0 -1
vn -0 0 -1
vn -0 0 -1
vn -0 0 -1
vn -0 0 -1
vn -0 0 -1
vn -0 0 -1
vn -0 0 -1
vn -0 0 -1
vn -0 0 -1
vn -0 0 -1
vn -0 0 -1
vn -0 -1 1.0652507E-06
vn -0 -1 1.0652507E-06
vn -0 -1 1.0652507E-06
vn -0 -1 1.0652507E-06
vn -0 -1 1.0652471E-06
vn -0 -1 1.0652471E-06
vn -0 -1 1.0652471E-06
vn -0 -1 1.0652471E-06
vn -0 -1 0
vn -0 -1 0
vn -0 -1 1.0652468E-06
vn -0 -1 0
vn -0 -1 0
vn -0 -1 0
vn -0 -1 0
vn -0 -1 1.0652468E-06
vn -0 -1 1.0652468E-06
vn -0 -1 1.0652468E-06
vn -0 -1 1.0652481E-06
vn -0 -1 0
vn -0 -1 0
vn -0 -1 0
vn -0 -1 0
vn -0 -1 -1.3151277E-06
vn -0 -1 -1.3151314E-06
vn -0 -1 1.0652481E-06
vn -0 -1 1.0652481E-06
vn -0 -1 1.0652481E-06
vn -0 -1 1.0652482E-06
vn -0 -1 0
vn -0 -1 0
vn -0 -1 0
vn -0 -1 -1.3151277E-06
vn -0 -1 -1.3151277E-06
vn -0 -1 -1.3151277E-06
vn -0 -1 -1.3151255E-06
vn -0 -1 0
vn -0 -1 1.0652482E-06
vn -0 -1 1.0652482E-06
vn -0 -1 1.0652482E-06
vn -0 -1 1.0652469E-06
vn -0 -1 0
vn -0 -1 0
vn -0 -1 0
vn -0 -1 0
vn -0 -1 -1.3151277E-06
vn -0 -1 -1.3151255E-06
vn -0 -1 -1.3151255E-06
vn -0 -1 -1.3151255E-06
vn -0 -1 1.0652469E-06
vn -0 -1 1.0652469E-06
vn -0 -1 1.0652469E-06
vn -0 -1 1.0652465E-06
vn -0 -1 0
vn -0 -1 0
vn -0 -1 0
vn -0 -1 -1.3151277E-06
vn -0 -1 -1.3151277E-06
vn -0 -1 -1.3151277E-06
vn -0 -1 -1.3151276E-06
vn -0 -1 0
vn -0 -1 1.0652465E-06
vn -0 -1 1.0652465E-06
vn -0 -1 1.0652465E-06
vn -0 -1 1.0652469E-06
vn -0 -1 0
vn -0 -1 0
vn -0 -1 0
vn -0 -1 0
vn -0 -1 -1.3151276E-06
vn -0 -1 -1.3151276E-06
vn -0 -1 -1.3151276E-06
vn -0 -1 -1.3151276E-06
vn -0 -1 1.0652469E-06
vn -0 -1 1.0652469E-06
vn -0 -1 1.0652469E-06
vn -0 -1 1.0652482E-06
vn -0 -1 0
vn -0 -1 0
vn -0 -1 0
vn -0 -1 -1.3151276E-06
vn -0 -1 -1.3151276E-06
vn -0 -1 -1.3151276E-06
vn -0 -1 -1.3151255E-06
vn -0 -1 0
vn -0 -1 1.0652482E-06
vn -0 -1 1.0652482E-06
vn -0 -1 1.0652482E-06
vn -0 -1 1.0652481E-06
vn -0 -1 0
vn -0 -1 0
vn -0 -1 0
vn -0 -1 0
vn -0 -1 -1.3151277E-06
vn -0 -1 -1.3151255E-06
vn -0 -1 -1.3151255E-06
vn -0 -1 -1.3151255E-06
vn -0 -1 1.0652481E-06
vn -0 -1 1.0652481E-06
vn -0 -1 1.0652481E-06
vn -0 -1 1.065246E-06
vn -0 -1 0
vn -0 -1 0
vn -0 -1 0
vn -0 -1 -1.3151277E-06
vn -0 -1 -1.3151277E-06
vn -0 -1 -1.3151277E-06
vn -0 -1 -1.3151276E-06
vn -0 -1 0
vn -0 -1 1.065246E-06
vn -0 -1 1.065246E-06
vn -0 -1 1.065246E-06
vn -0 -1 1.0652428E-06
vn -0 -1 0
vn -0 -1 0
vn -0 -1 0
vn -0 -1 0
vn -0 -1 -1.315125E-06
vn -0 -1 -1.3151276E-06
vn -0 -1 -1.3151276E-06
vn -0 -1 -1.3151276E-06
vn -0 -1 1.0652428E-06
vn -0 -1 1.0652428E-06
vn -0 -1 1.0652428E-06
vn -0 -1 1.0652475E-06
vn -0 -1 0
vn -0 -1 0
vn -0 -1 0
vn -0 -1 0
vn -0 -1 -1.315125E-06
vn -0 -1 -1.315125E-06
vn -0 -1 -1.315125E-06
vn -0 -1 -1.3151217E-06
vn -0 -1 1.0652475E-06
vn -0 -1 1.0652475E-06
vn -0 -1 1.0652475E-06
vn -0 -1 1.0652475E-06
vn -0 -1 0
vn -0 -1 0
vn -0 -1 0
vn -0 -1 -1.3151217E-06
vn -0 -1 -1.3151217E-06
vn -0 -1 -1.3151217E-06
vn -0 -1 -1.3151268E-06
vn -0 -1 0
vn -0 -1 1.0652475E-06
vn -0 -1 1.0652475E-06
vn -0 -1 1.0652475E-06
vn -0 -1 -1.3151268E-06
vn -0 -1 -1.3151268E-06
vn -0 -1 -1.3151268E-06
vn -0 -1 -1.3152522E-06
vn -0 -1 0
vn -0 -1 0
vn -0 -1 -1.3152522E-06
vn -0 -1 -1.3152522E-06
vn -0 -1 -1.3152522E-06
vn -0 -1 0
vn -0 -1 -1.3151257E-06
vn -0 -1 -1.3151257E-06
vn -0 -1 -1.3151257E-06
vn -0 -1 -1.3151257E-06
vn -0 -1 -1.3151314E-06
vn -0 -1 -1.3151314E-06
vn -0 -1 -1.3151314E-06
vn -0 -1 0
vn -0 -1 0
vn -0 -1 0
vn -0 -1 0
vn -0 -1 0
vn -0 -1 0
vn -0 -1 0
vn -0 -1 0
vn -0 -1 0
vn -0 -1 0
vn -0 -1 0
vn -0 -1 0
vn -0 -1 0
vn -0 0 1
vn -0 0 1
vn -0 0 1
vn -0 0 1
vn -0 0 1
vn -0 0 1
vn -0 0 1
vn -0 0 1
vn -0 0 1
vn -0 0 1
vn -0 0 1
vn -0 0 1
vn -0 0 1
vn -0 0 1
vn -0 0 1
vn -0 0 1
vn -0 0 1
vn -0 0 1
vn -0 0 1
vn -0 0 1
vn -0 0 1
vn -0 0 1
vn -0 0 1
vn -0 0 1
vn -0 0 1
vn -0 0 1
vn -0 0 1
vn -0 1 0
vn -0 1 0
vn -0 1 0
vn -0 0 1
vn -0 0 1
vn -0 0 1
vn -0 0 1
vn -0 0 1
vn -0 0 1
vn -0 0 1
vn -0 0 1
vn -0 0 1
vn -0 0 1
vn -0 0 1
vn -0 0 1
vn -0 0 1
vn -0 0 1
vn -0 0 1
vn -0 0 1
vn -0 0 1
vn -0 0 1
vn -0 0 1
vn -0 0 1
vn -0 0 1
vn -0 0 1
vn -0 0 1
vn -0 0 1
vn -0 0 1
vn -0 0 1
vn -0 0 1
vn -0 0 1
vn -0 0 1
vn -0 0 1
vn -0 0 1
vn -0 0 1
vn -1 0 0
vn -1 0 0
vn -1 0 0
vn -1 0 0
vn -1 0 0
vn -1 0 0
vn -1 0 -1.9836514E-05
vn -1 0 -1.9836514E-05
vn -1 0 -1.9836514E-05
vn -1 0 -1.9836514E-05
vn -1 0 1.6067499E-05
vn -1 0 1.6067499E-05
vn -1 0 0
vn -1 0 0
vn -1 0 0
vn -1 0 0
vn 1 0 0
vn 1 0 0
vn 1 0 0
vn 1 0 0
vn -0 0 -1
vn -0 0 -1
vn -0 0 -1
vn -0 0 -1
vn -0 0 -1
vn -0 0 -1
vn -0 0 -1
vn -0 0 -1
vn -1 0 0
vn -1 0 0
vn -1 0 0
vn -1 0 0
vn 1 0 0
vn 1 0 0
vn 1 0 0
vn 1 0 0
vn -0 0 -1
vn -0 0 -1
vn -0 0 -1
vn -0 0 -1
vn -0 1 0
vn -0 1 0
vn -0 1 0
vn -0 1 0
vn 1 0 0
vn 1 0 0
vn 1 0 0
vn 1 0 0
vn -0 0 1
vn -0 0 1
vn -0 0 1
vn -0 0 1
vn -0 0 1
vn -0 0 1
vn -0 0 1
vn -0 0 1
vn -0 0 1
vn -0 0 1
vn -0 0 1
vn -0 0 1
vn -0 0 1
vn -0 0 1
vn -0 0 1
vn -0 0 1
vn -0 0 1
vn -0 0 1
vn -0 0 1
vn -0 0 1
vn -0 0 1
vn -0 0 1
vn -0 0 1
vn -0 0 1
vn -0 1 0
vn -0 1 0
vn -0 1 0
vn -0 1 0
vn -0 1 0
vn -0 1 0
vn -0 -1 0
vn -0 -1 0
vn -0 -1 0
vn -0 0 1
vn -0 0 1
vn -0 0 1
vn -0 1 0
vn -0 1 0
vn -0 1 0
vn -0 1 0
vn -0 1 0
vn -0 1 0
vn -0 1 0
vn -0 1 0
vn -0 1 0
vn -0 1 0
vn -0 1 0
vn -0 1 0
vn -0 1 0
vn -0 1 0
vn -0 1 0
vn -0 1 0
vn -0 1 0
vn -0 1 0
vn -0 1 0
vn -0 1 0
vn -0 1 0
vn -0 1 0
vn -0 1 0
vn -0 1 0
vn -1 0 0
vn -1 0 0
vn -1 0 0
vn -1 0 0
vn 1 0 0
vn 1 0 0
vn 1 0 0
vn 1 0 0
vn -0 1 0
vn -0 1 0
vn -0 1 0
vn -0 1 0
vn -0 0 -1
vn -0 0 -1
vn -0 0 -1
vn -0 0 -1
vn 1 0 0
vn 1 0 0
vn 1 0 0
vn 1 0 0
vn -1 0 0
vn -1 0 0
vn -1 0 0
vn -1 0 0
vn -0 0 -1
vn -0 0 -1
vn -0 0 -1
vn -0 0 -1
vn -0 1 0
vn -0 1 0
vn -0 1 0
vn -0 1 0
vn -1 0 0
vn -1 0 0
vn -1 0 0
vn -1 0 0
vn 1 0 0
vn 1 0 0
vn 1 0 0
vn 1 0 0
vn -0 1 0
vn -0 1 0
vn -0 1 0
vn -0 1 0
vn 1 0 0
vn 1 0 0
vn 1 0 0
vn 1 0 0
vn -0 0 -1
vn -0 0 -1
vn -0 0 -1
vn -0 0 -1
vn -0 0 1
vn -0 0 1
vn -0 0 1
vn -0 0 1
vn -0 0 -1
vn -0 0 -1
vn -0 0 -1
vn -0 0 -1
vn -0 1 0
vn -0 1 0
vn -0 1 0
vn -0 1 0
vn -1 0 0
vn -1 0 0
vn -1 0 0
vn -1 0 0
vn -1 0 0
vn -1 0 0
vn -1 0 0
vn -1 0 0
vn -0.57734936 -0.57734936 0.57735217
vn -0.57734936 -0.57734936 0.57735217
vn -0.57734936 -0.57734936 0.57735217
vn -0.57734936 0.57734936 0.57735217
vn -0.57734936 0.57734936 0.57735217
vn -0.57734936 0.57734936 0.57735217
vn -0.57734936 -0.57734936 -0.57735217
vn -0.57734936 -0.57734936 -0.57735217
vn -0.57734936 -0.57734936 -0.57735217
vn -0.57734936 0.57734936 -0.57735217
vn -0.57734936 0.57734936 -0.57735217
vn -0.57734936 0.57734936 -0.57735217
vn 0.5773505 -0.577347 0.57735324
vn 0.5773505 -0.577347 0.57735324
vn 0.5773505 -0.577347 0.57735324
vn 0.57734936 0.57734936 0.57735217
vn 0.57734936 0.57734936 0.57735217
vn 0.57734936 0.57734936 0.57735217
vn 0.57734936 -0.57734936 -0.57735217
vn 0.57734936 -0.57734936 -0.57735217
vn 0.57734936 -0.57734936 -0.57735217
vn 0.57734936 0.57734936 -0.57735217
vn 0.57734936 0.57734936 -0.57735217
vn 0.57734936 0.57734936 -0.57735217
vn -0 -0.70710677 -0.70710677
vn -0 -0.70710677 -0.70710677
vn -0 -0.70710677 -0.70710677
vn -0 -0.70710677 -0.70710677
vn -0 -0.70710677 -0.70710677
vn -0 -0.70710677 -0.70710677
vn -0 -0.70710677 -0.70710677
vn -0 -0.70710677 -0.70710677
vn -0 -0.70710677 -0.70710677
vn -0 -0.70710677 -0.70710677
vn -0 -0.70710677 -0.70710677
vn -0 -0.70710677 -0.70710677
vn -0 -0.70710677 -0.70710677
vn -0 -0.70710677 -0.70710677
vn -0 -0.70710677 -0.70710677
vn -0 -0.70710677 -0.70710677
vn -0 -0.70710677 -0.70710677
vn -0 -0.70710677 -0.70710677
vn -0 -0.70710677 -0.70710677
vn -0 -0.7071066 -0.70710695
vn -0 -0.7071066 -0.70710695
vn -0 -0.7071066 -0.70710695
vn -0 -0.7071066 -0.70710695
vn -0 -0.7071066 -0.70710695
vn -0 -0.7071066 -0.70710695
vn -0 -0.7071066 -0.70710695
vn -0 -0.70710635 -0.7071072
vn -0 -0.70710635 -0.7071072
vn -0 -0.70710635 -0.7071072
vn -0 -0.70710707 -0.7071065
vn -0 -0.7071066 -0.70710695
vn -0 -0.7071066 -0.70710695
vn -0 -0.7071066 -0.70710695
vn -0 -0.7071066 -0.70710695
vn -0 -0.70710677 -0.70710677
vn -0 -0.70710677 -0.70710677
vn -0 -0.70710677 -0.70710677
vn -0 -0.70710677 -0.70710677
vn -0 -0.70710635 -0.7071071
vn -0 -0.70710635 -0.7071071
vn -0 -0.70710635 -0.7071071
vn -0 -0.70710635 -0.7071071
vn -0 -0.70710677 -0.70710677
vn -0 -0.70710677 -0.70710677
vn -0 -0.70710677 -0.70710677
vn -0 -0.70710677 -0.70710677
vn -0 -0.7071069 -0.70710665
vn -0 -0.70710635 -0.7071072
vn -0 -0.70710635 -0.7071072
vn -0 -0.70710635 -0.7071072
vn -0 -0.7071066 -0.70710695
vn -0 -0.70710695 -0.7071066
vn -0 -0.7071066 -0.70710695
vn -0 -0.7071066 -0.70710695
vn -0 -0.70710635 -0.7071072
vn -0 0.70710677 -0.70710677
vn -0 0.70710677 -0.70710677
vn -0 0.70710677 -0.70710677
vn -0 0.70710677 -0.70710677
vn -0 0.7071071 -0.70710635
vn -0 0.7071071 -0.70710635
vn -0 0.7071071 -0.70710635
vn -0 0.7071071 -0.70710635
vn -0 0.7071071 -0.70710635
vn -0 0.7071071 -0.70710635
vn -0 0.7071071 -0.70710635
vn -0 0.7071071 -0.70710635
vn -0 0.70710677 -0.70710677
vn -0 0.70710677 -0.70710677
vn -0 0.70710677 -0.70710677
vn -0 0.70710677 -0.70710677
vn -0 0.7071069 -0.7071066
vn -0 0.7071069 -0.7071066
vn -0 0.7071069 -0.7071066
vn -0 0.7071069 -0.7071066
vn -0 0.70710635 -0.7071072
vn -0 0.70710635 -0.7071072
vn -0 0.70710635 -0.7071072
vn -0 0.70710635 -0.7071072
vn -0 0.7071066 -0.70710695
vn -0 0.7071066 -0.70710695
vn -0 0.7071066 -0.70710695
vn -0 0.7071066 -0.70710695
vn -0 0.7071066 -0.70710695
vn -0 0.7071066 -0.70710695
vn -0 0.7071066 -0.70710695
vn -0 0.7071066 -0.70710695
vn -0 0.70710677 -0.70710677
vn -0 0.70710677 -0.70710677
vn -0 0.70710677 -0.70710677
vn -0 0.70710677 -0.70710677
vn -0 0.70710677 -0.70710677
vn -0 0.70710677 -0.70710677
vn -0 0.70710677 -0.70710677
vn -0 0.70710677 -0.70710677
vn -0 0.70710677 -0.70710677
vn -0 0.70710677 -0.70710677
vn -0 0.70710677 -0.70710677
vn -0 0.70710677 -0.70710677
vn -0 0.70710677 -0.70710677
vn -0 0.70710677 -0.70710677
vn -0 0.70710677 -0.70710677
vn -0 0.70710677 -0.70710677
vn -0 0.70710677 -0.70710677
vn -0 0.70710677 -0.70710677
vn -0 0.70710677 -0.70710677
vn -0 0.70710677 -0.70710677
vn -0 0.70710635 -0.7071071
vn -0 0.70710635 -0.7071071
vn -0 0.70710635 -0.7071071
vn -0 0.70710635 -0.7071071
vn -0 0.7071209 -0.70709264
vn -0 0.7071209 -0.70709264
vn -0 -0.70710677 0.70710677
vn -0 -0.70710677 0.70710677
vn -0 -0.70710677 0.70710677
vn -0 -0.70710677 0.70710677
vn -0 -0.70710677 0.70710677
vn -0 -0.70710677 0.70710677
vn -0 -0.70710677 0.70710677
vn -0 -0.70710677 0.70710677
vn -0 -0.70710677 0.70710677
vn -0 -0.70710677 0.70710677
vn -0 -0.70710677 0.70710677
vn -0 -0.70710635 0.7071071
vn -0 -0.70710635 0.7071071
vn -0 -0.70710635 0.7071071
vn -0 -0.70710635 0.7071071
vn -0 -0.70710707 0.7071065
vn -0 -0.70710677 0.70710677
vn -0 -0.70710677 0.70710677
vn -0 -0.70710677 0.70710677
vn -0 -0.70710623 0.70710725
vn -0 -0.70710593 0.7071076
vn -0 -0.70710593 0.7071076
vn -0 -0.70710635 0.7071072
vn -0 -0.70710635 0.7071072
vn -0 -0.70710635 0.7071072
vn -0 -0.70710635 0.7071072
vn -0 -0.70710707 0.7071065
vn -0 -0.7071066 0.70710695
vn -0 -0.7071066 0.70710695
vn -0 -0.7071066 0.70710695
vn -0 -0.7071066 0.70710695
vn -0 -0.7071066 0.70710695
vn -0 -0.7071066 0.70710695
vn -0 -0.7071066 0.70710695
vn -0 -0.7071066 0.70710695
vn -0 -0.70710677 0.70710677
vn -0 -0.70710677 0.70710677
vn -0 -0.70710677 0.70710677
vn -0 -0.70710677 0.70710677
vn -0 -0.70710623 0.7071073
vn -0 -0.70710623 0.7071073
vn -0 -0.70710677 0.70710677
vn -0 -0.70710677 0.70710677
vn -0 -0.70710677 0.70710677
vn -0 -0.70710677 0.70710677
vn -0 -0.70710677 0.70710677
vn -0 -0.70710677 0.70710677
vn -0 -0.70710677 0.70710677
vn -0 -0.70710677 0.70710677
vn -0 -0.70710677 0.70710677
vn -0 -0.70710677 0.70710677
vn -0 -0.70710677 0.70710677
vn -0 -0.70710677 0.70710677
vn -0 -0.70710677 0.70710677
vn -0 -0.70710677 0.70710677
vn -0 -0.70710677 0.70710677
vn -0 -0.70710677 0.70710677
vn -0 -0.70710677 0.70710677
vn -0 -0.70710677 0.70710677
vn -0 -0.7071068 0.70710665
vn -0 0.70710677 0.70710677
vn -0 0.70710677 0.70710677
vn -0 0.70710677 0.70710677
vn -0 0.70710677 0.70710677
vn -0 0.70710677 0.70710677
vn -0 0.70710677 0.70710677
vn -0 0.70710677 0.70710677
vn -0 0.70710677 0.70710677
vn -0 0.70710677 0.70710677
vn -0 0.70710677 0.70710677
vn -0 0.70710677 0.70710677
vn -0 0.70710677 0.70710677
vn -0 0.70710677 0.70710677
vn -0 0.70710677 0.70710677
vn -0 0.70710677 0.70710677
vn -0 0.70710677 0.70710677
vn -0 0.70710677 0.70710677
vn -0 0.70710677 0.70710677
vn -0 0.70710677 0.70710677
vn -0 0.70710677 0.70710677
vn -0 0.7071066 0.70710695
vn -0 0.7071066 0.70710695
vn -0 0.7071066 0.70710695
vn -0 0.7071066 0.70710695
vn -0 0.7071066 0.70710695
vn -0 0.7071066 0.70710695
vn -0 0.7071066 0.70710695
vn -0 0.7071066 0.70710695
vn -0 0.70710635 0.7071072
vn -0 0.70710635 0.7071072
vn -0 0.70710635 0.7071072
vn -0 0.70710635 0.7071072
vn -0 0.7071071 0.70710635
vn -0 0.7071071 0.70710635
vn -0 0.7071071 0.70710635
vn -0 0.7071071 0.70710635
vn -0 0.70710677 0.70710677
vn -0 0.70710677 0.70710677
vn -0 0.70710677 0.70710677
vn -0 0.70710677 0.70710677
vn -0 0.70710677 0.70710677
vn -0 0.70710677 0.70710677
vn -0 0.70710677 0.70710677
vn -0 0.70710677 0.70710677
vn -0 0.70710677 0.70710677
vn -0 0.70710677 0.70710677
vn -0 0.70710677 0.70710677
vn -0 0.70710677 0.70710677
vn -0 0.70710677 0.70710677
vn -0 0.70710677 0.70710677
vn -0 0.70710677 0.70710677
vn -0 0.70710677 0.70710677
vn -0 -0.70710635 -0.7071071
vn -0 -0.70710635 -0.7071071
vn -0 -0.70710635 -0.7071071
vn -0 -0.70710635 -0.7071071
vn -0 -0.7071069 -0.70710665
vn -0 -0.70710593 0.7071076
vn -0 -0.70710593 0.7071076
vn -0 -0.70710593 0.7071076
vn -0 -0.70710593 0.7071076
vn -0 -0.70710695 0.7071066
vn -0 -0.70710695 0.7071066
vn -0 -0.70710677 -0.70710677
vn -0 -0.70710677 -0.70710677
vn -0 -0.70710677 -0.70710677
vn -0 -0.7071071 -0.70710635
vn -0 -0.7071071 -0.70710635
vn -0 -0.7071071 -0.70710635
vn -0 -0.7071209 -0.70709264
vn -0 -0.7071209 -0.70709264
vn -0 -0.70710665 0.7071069
vn -0 -0.70710665 0.7071069
vn -0 -0.70710665 0.7071069
vn -0 -0.70710665 0.7071069
vn -0 -0.7071221 0.7070914
vn -0 -0.7071221 0.7070914
vn -0 -0.7071066 0.70710695
vn -0 -0.7071066 0.70710695
vn -0 -0.7071071 -0.70710635
vn -0 -0.7071071 -0.70710635
vn -0 -0.7071071 -0.70710635
vn -0 0.70710677 0.70710677
vn -0 0.70710677 0.70710677
vn -0 0.70710677 0.70710677
vn -0 0.70710677 0.70710677
vn -0 0.7070885 0.707125
vn -0 0.7070885 0.707125
vn -0.70710635 -0.7071072 0
vn -0.70710635 -0.7071072 0
vn -0.70710635 -0.7071072 0
vn -0.70710635 -0.7071072 0
vn -0.70710665 -0.7071068 -9.438479E-06
vn -0.70710665 -0.7071068 -9.438479E-06
vn -0.70710665 -0.7071069 0
vn -0.70710635 -0.7071072 0
vn -0.70710635 -0.7071072 0
vn -0.70710635 -0.7071072 0
vn -0.70710635 -0.7071071 7.645134E-06
vn -0.70710635 -0.7071071 7.645134E-06
vn -0.70710635 -0.7071072 0
vn -0.70710635 -0.7071072 0
vn -0.70710635 -0.7071072 0
vn -0.70710635 0.7071072 0
vn -0.70710635 0.7071072 0
vn -0.70710635 0.7071072 0
vn -0.70710635 0.7071072 0
vn -0.70710635 0.7071071 7.645134E-06
vn -0.70710635 0.7071071 7.645134E-06
vn -0.70710635 0.7071072 0
vn -0.70710635 0.7071072 0
vn -0.70710635 0.7071072 0
vn -0.70710635 0.7071072 0
vn -0.70710665 0.7071068 -9.438479E-06
vn -0.70710665 0.7071068 -9.438479E-06
vn 0.70710635 -0.7071072 0
vn 0.70710635 -0.7071072 0
vn 0.70710635 -0.7071072 0
vn 0.70710623 -0.7071073 -6.794558E-06
vn 0.70710623 -0.7071073 -6.794558E-06
vn 0.70710623 -0.7071073 -6.794558E-06
vn 0.70710623 -0.7071073 -6.794558E-06
vn 0.70710677 -0.70710677 -1.0894504E-06
vn 0.70710677 -0.70710677 -1.0894504E-06
vn 0.70710814 -0.7071054 7.645147E-06
vn 0.70710814 -0.7071054 7.645147E-06
vn 0.70710814 -0.7071054 7.645147E-06
vn 0.70710635 -0.7071072 0
vn 0.70710635 -0.7071072 0
vn 0.70710635 -0.7071072 0
vn 0.70710635 0.7071072 -6.794559E-06
vn 0.70710635 0.7071072 -6.794559E-06
vn 0.70710635 0.7071072 -6.794559E-06
vn 0.70710635 0.7071072 -6.794559E-06
vn 0.70710677 0.70710677 -1.0894504E-06
vn 0.70710677 0.70710677 -1.0894504E-06
vn 0.707105 0.70710856 3.397273E-06
vn 0.707105 0.70710856 3.397273E-06
vn 0.707105 0.70710856 3.397273E-06
vn 0.707105 0.70710856 3.397273E-06
vn 0.7071048 0.70710874 4.26378E-06
vn 0.7071048 0.70710874 4.26378E-06
vn -0.3665079 0.8551857 0.36650965
vn -0.3665079 0.8551857 0.36650965
vn -0.3665079 0.8551857 0.36650965
vn -0.3665079 0.8551857 0.36650965
vn -0.3665079 0.8551857 0.36650965
vn -0.3665079 0.8551857 0.36650965
vn -0.3665079 0.8551857 0.36650965
vn -0.3665079 0.8551857 -0.36650965
vn -0.3665079 0.8551857 -0.36650965
vn -0.3665079 0.8551857 -0.36650965
vn -0.3665079 0.8551857 -0.36650965
vn -0.3665079 0.8551857 -0.36650965
vn -0.3665079 0.8551857 -0.36650965
vn -0.3665079 0.8551857 -0.36650965
vn -0.3665079 0.8551857 -0.36650965
vn -0.36650825 0.85518646 0.36650762
vn -0.36650825 0.85518646 0.36650762
vn -0.36650825 0.85518646 0.36650762
vn -0.36650825 0.85518646 0.36650762
vn -0.36650825 0.85518646 0.36650762
vn -0.36650825 0.85518646 -0.36650762
vn -0.36650825 0.85518646 -0.36650762
vn -0.36650825 0.85518646 -0.36650762
vn -0.36650825 0.85518646 -0.36650762
vn -0.36650825 0.85518646 -0.36650762
vn -0.36650825 0.85518646 -0.36650762
vn -0.36650825 0.85518646 -0.36650762
vn -0.36650825 0.85518646 -0.36650762
vn -0.36650825 0.85518646 -0.36650762
vn -0.3665077 0.85518646 0.366508
vn -0.3665077 0.85518646 0.366508
vn -0.3665077 0.85518646 0.366508
vn -0.3665077 0.85518646 0.366508
vn -0.3665077 0.85518646 0.366508
vn -0.36650807 0.8551861 -0.3665084
vn -0.36650807 0.8551861 -0.3665084
vn -0.36650807 0.8551861 -0.3665084
vn -0.36650807 0.8551861 -0.3665084
vn -0.36650807 0.8551861 -0.3665084
vn -0.36650807 0.8551861 -0.3665084
vn -0.36650807 0.8551861 -0.3665084
vn -0.36650807 0.8551861 0.3665087
vn -0.36650807 0.8551861 0.3665087
vn -0.36650807 0.8551861 0.3665087
vn -0.36650807 0.8551861 0.3665087
vn -0.36650807 0.8551861 0.3665087
vn -0.36650807 0.8551861 -0.3665087
vn -0.36650807 0.8551861 -0.3665087
vn -0.36650807 0.8551861 -0.3665087
vn -0.36650807 0.8551861 -0.3665087
vn -0.36650807 0.8551861 -0.3665087
vn -0.36650807 0.8551861 -0.3665087
vn -0.36650807 0.8551861 -0.3665087
vn -0.36650807 0.8551871 0.36650625
vn -0.36650807 0.8551871 0.36650625
vn -0.36650807 0.8551871 0.36650625
vn -0.36650807 0.8551871 0.36650625
vn -0.36650807 0.8551871 0.36650625
vn -0.36650807 0.8551871 0.36650625
vn -0.36650807 0.8551871 0.36650625
vn -0.36650842 0.8551868 -0.36650667
vn -0.36650842 0.8551868 -0.36650667
vn -0.36650842 0.8551868 -0.36650667
vn -0.36650842 0.8551868 -0.36650667
vn -0.36650842 0.8551868 -0.36650667
vn -0.36650842 0.8551868 -0.36650667
vn -0.36650842 0.8551868 -0.36650667
vn -0.3665079 0.8551857 0.36650965
vn -0.3665079 0.8551857 0.36650965
vn -0.3665079 0.8551857 0.36650965
vn -0.3665079 0.8551857 0.36650965
vn -0.3665079 0.8551857 0.36650965
vn -0.3665079 0.8551857 0.36650965
vn -0.3665079 0.8551857 0.36650965
vn -0.3665079 0.8551857 -0.36650965
vn -0.3665079 0.8551857 -0.36650965
vn -0.3665079 0.8551857 -0.36650965
vn -0.3665079 0.8551857 -0.36650965
vn -0.3665079 0.8551857 -0.36650965
vn -0.3665079 0.8551857 -0.36650965
vn -0.3665079 0.8551857 -0.36650965
vn -0.3665079 0.8551857 -0.36650965
vn -0.3665079 0.8551857 -0.36650965
vn 0.36650825 0.85518545 0.36651
vn 0.36650825 0.85518545 0.36651
vn 0.36650825 0.85518545 0.36651
vn 0.36650825 0.85518545 0.36651
vn 0.36650825 0.85518545 0.36651
vn 0.36650825 0.85518545 0.36651
vn 0.36650825 0.85518545 0.36651
vn 0.3665083 0.85518545 -0.36651006
vn 0.3665083 0.85518545 -0.36651006
vn 0.3665083 0.85518545 -0.36651006
vn 0.3665083 0.85518545 -0.36651006
vn 0.3665083 0.85518545 -0.36651006
vn 0.36650822 0.8551855 0.36650994
vn 0.36650822 0.8551855 0.36650994
vn 0.36650822 0.8551855 0.36650994
vn 0.36650822 0.8551855 0.36650994
vn 0.36650822 0.8551855 0.36650994
vn 0.36650822 0.8551855 0.36650994
vn 0.36650822 0.8551855 0.36650994
vn 0.36650896 0.85518587 -0.36650842
vn 0.36650896 0.85518587 -0.36650842
vn 0.36650896 0.85518587 -0.36650842
vn 0.36650896 0.85518587 -0.36650842
vn 0.36650896 0.85518587 -0.36650842
vn 0.36650822 0.8551855 0.36650994
vn 0.36650822 0.8551855 0.36650994
vn 0.36650822 0.8551855 0.36650994
vn 0.36650822 0.8551855 0.36650994
vn 0.36650822 0.8551855 0.36650994
vn 0.36650822 0.8551855 0.36650994
vn 0.36650822 0.8551855 0.36650994
vn 0.36650896 0.85518587 -0.36650842
vn 0.36650896 0.85518587 -0.36650842
vn 0.36650896 0.85518587 -0.36650842
vn 0.36650896 0.85518587 -0.36650842
vn 0.36650896 0.85518587 -0.36650842
vn 0.36650896 0.85518587 -0.36650842
vn 0.36650896 0.85518587 -0.36650842
vn 0.36650896 0.85518587 -0.36650842
vn 0.36650896 0.85518587 -0.36650842
vn 0.3665079 0.8551863 0.36650822
vn 0.3665079 0.8551863 0.36650822
vn 0.3665079 0.8551863 0.36650822
vn 0.3665079 0.8551863 0.36650822
vn 0.3665079 0.8551863 0.36650822
vn 0.3665079 0.8551863 0.36650822
vn 0.3665079 0.8551863 0.36650822
vn 0.36650807 0.8551861 -0.3665084
vn 0.36650807 0.8551861 -0.3665084
vn 0.36650807 0.8551861 -0.3665084
vn 0.36650807 0.8551861 -0.3665084
vn 0.36650807 0.8551861 -0.3665084
vn 0.36650816 0.8551863 0.36650816
vn 0.36650816 0.8551863 0.36650816
vn 0.36650816 0.8551863 0.36650816
vn 0.36650816 0.8551863 0.36650816
vn 0.36650816 0.8551863 0.36650816
vn 0.36650816 0.8551863 0.36650816
vn 0.36650816 0.8551863 0.36650816
vn 0.36650816 0.8551863 -0.36650816
vn 0.36650816 0.8551863 -0.36650816
vn 0.36650816 0.8551863 -0.36650816
vn 0.36650816 0.8551863 -0.36650816
vn 0.36650816 0.8551863 -0.36650816
vn 0.36650816 0.8551863 -0.36650816
vn 0.36650816 0.8551863 -0.36650816
vn 0.36650825 0.85518646 0.36650762
vn 0.36650825 0.85518646 0.36650762
vn 0.36650825 0.85518646 0.36650762
vn 0.36650825 0.85518646 0.36650762
vn 0.36650825 0.85518646 0.36650762
vn 0.36650825 0.85518646 0.36650762
vn 0.36650825 0.85518646 0.36650762
vn 0.36650825 0.85518646 -0.36650762
vn 0.36650825 0.85518646 -0.36650762
vn 0.36650825 0.85518646 -0.36650762
vn 0.36650825 0.85518646 -0.36650762
vn 0.36650825 0.85518646 -0.36650762
vn 0.36650825 0.85518646 -0.36650762
vn 0.36650825 0.85518646 -0.36650762
vn 0.36650825 0.85518646 -0.36650762
vn 0.36650825 0.85518646 -0.36650762
vn 0.36650825 0.85518646 0.36650762
vn 0.36650825 0.85518646 0.36650762
vn 0.36650825 0.85518646 0.36650762
vn 0.36650825 0.85518646 0.36650762
vn 0.36650825 0.85518646 0.36650762
vn 0.36650825 0.85518646 -0.36650762
vn 0.36650825 0.85518646 -0.36650762
vn 0.36650825 0.85518646 -0.36650762
vn 0.36650825 0.85518646 -0.36650762
vn 0.36650825 0.85518646 -0.36650762
vn 0.36650825 0.85518646 -0.36650762
vn 0.36650825 0.85518646 -0.36650762
vn -0.3665083 0.85518533 0.36651003
vn -0.3665083 0.85518533 0.36651003
vn -0.3665083 0.85518533 0.36651003
vn -0.3665083 0.85518533 0.36651003
vn -0.3665083 0.85518533 0.36651003
vn -0.3665083 0.85518545 -0.36651006
vn -0.3665083 0.85518545 -0.36651006
vn -0.3665083 0.85518545 -0.36651006
vn -0.3665083 0.85518545 -0.36651006
vn -0.3665083 0.85518545 -0.36651006
vn -0.3665083 0.85518545 -0.36651006
vn -0.3665083 0.85518545 -0.36651006
vn -0.3665083 0.85518545 -0.36651006
vn -0.3665083 0.85518545 -0.36651006
vn -0.5773484 0.5773512 0.5773512
vn -0.5773484 0.5773512 0.5773512
vn -0.5773484 0.5773512 0.5773512
vn -0.5773484 0.5773512 -0.5773512
vn -0.5773484 0.5773512 -0.5773512
vn -0.5773484 0.5773512 -0.5773512
vn -0.57735026 0.57735306 0.5773475
vn -0.57735026 0.57735306 0.5773475
vn -0.57735026 0.57735306 0.5773475
vn -0.57735026 0.57735306 -0.5773475
vn -0.57735026 0.57735306 -0.5773475
vn -0.57735026 0.57735306 -0.5773475
vn -0.57734936 0.57735217 0.57734936
vn -0.57734936 0.57735217 0.57734936
vn -0.57734936 0.57735217 0.57734936
vn -0.57734936 0.57735217 -0.57734936
vn -0.57734936 0.57735217 -0.57734936
vn -0.57734936 0.57735217 -0.57734936
vn -0.57734936 0.57735217 0.57734936
vn -0.57734936 0.57735217 0.57734936
vn -0.57734936 0.57735217 0.57734936
vn -0.57734936 0.57735217 -0.57734936
vn -0.57734936 0.57735217 -0.57734936
vn -0.57734936 0.57735217 -0.57734936
vn -0.57735026 0.57735306 0.5773475
vn -0.57735026 0.57735306 0.5773475
vn -0.57735026 0.57735306 0.5773475
vn -0.57735026 0.57735306 -0.5773475
vn -0.57735026 0.57735306 -0.5773475
vn -0.57735026 0.57735306 -0.5773475
vn -0.5773484 0.5773512 0.5773512
vn -0.5773484 0.5773512 0.5773512
vn -0.5773484 0.5773512 0.5773512
vn -0.5773484 0.5773512 -0.5773512
vn -0.5773484 0.5773512 -0.5773512
vn -0.5773484 0.5773512 -0.5773512
vn 0.57735026 0.57735306 0.5773475
vn 0.57735026 0.57735306 0.5773475
vn 0.57735026 0.57735306 0.5773475
vn 0.57735026 0.57735306 -0.5773475
vn 0.57735026 0.57735306 -0.5773475
vn 0.57735026 0.57735306 -0.5773475
vn 0.5773484 0.5773512 0.5773512
vn 0.5773484 0.5773512 0.5773512
vn 0.5773484 0.5773512 0.5773512
vn 0.5773484 0.5773512 -0.5773512
vn 0.5773484 0.5773512 -0.5773512
vn 0.5773484 0.5773512 -0.5773512
vn 0.5773484 0.5773512 0.5773512
vn 0.5773484 0.5773512 0.5773512
vn 0.5773484 0.5773512 0.5773512
vn 0.5773484 0.5773512 -0.5773512
vn 0.5773484 0.5773512 -0.5773512
vn 0.5773484 0.5773512 -0.5773512
vn 0.57734936 0.57735217 0.57734936
vn 0.57734936 0.57735217 0.57734936
vn 0.57734936 0.57735217 0.57734936
vn 0.57734936 0.57735217 -0.57734936
vn 0.57734936 0.57735217 -0.57734936
vn 0.57734936 0.57735217 -0.57734936
vn 0.57734936 0.57735217 0.57734936
vn 0.57734936 0.57735217 0.57734936
vn 0.57734936 0.57735217 0.57734936
vn 0.57734936 0.57735217 -0.57734936
vn 0.57734936 0.57735217 -0.57734936
vn 0.57734936 0.57735217 -0.57734936
vn 0.57735026 0.57735306 0.5773475
vn 0.57735026 0.57735306 0.5773475
vn 0.57735026 0.57735306 0.5773475
vn 0.57735026 0.57735306 -0.5773475
vn 0.57735026 0.57735306 -0.5773475
vn 0.57735026 0.57735306 -0.5773475
vn 0.5773484 0.5773512 0.5773512
vn 0.5773484 0.5773512 0.5773512
vn 0.5773484 0.5773512 0.5773512
vn 0.5773484 0.5773512 -0.5773512
vn 0.5773484 0.5773512 -0.5773512
vn 0.5773484 0.5773512 -0.5773512
vn -0.5773521 0.5773549 0.5773438
vn -0.5773521 0.5773549 0.5773438
vn -0.5773521 0.5773549 0.5773438
vn -0.5773521 0.5773549 -0.5773438
vn -0.5773521 0.5773549 -0.5773438
vn -0.5773521 0.5773549 -0.5773438
vn -0.70710903 0 0.7071045
vn -0.70710903 0 0.7071045
vn -0.70710903 0 0.7071045
vn -0.70710903 0 0.7071045
vn -0.70710903 0 -0.7071045
vn -0.70710903 0 -0.7071045
vn -0.70710903 0 -0.7071045
vn -0.70710903 0 -0.7071045
vn 0.70710325 0 -0.7071102
vn 0.70710325 0 -0.7071102
vn 0.70710325 0 -0.7071102
vn 0.70710325 0 -0.7071102
vn 0.70710325 0 0.7071102
vn 0.70710325 0 0.7071102
vn 0.70710325 0 0.7071102
vn 0.70710325 0 0.7071102
vn 0.70710325 0 0.7071102
vn 0.70710325 0 0.7071102
vn -0 1 0
vn -0 1 0
vn -0 1 0
vn -0 1 0
vn -0 1 0
vn -0 1 0
vn -0 1 0
vn -0.70710665 0.7071069 0
vn -0.70710665 0.7071069 0
vn -0.70710665 0.7071069 0
vn -0.70710665 0.7071069 0
vn -0.70710665 0.7071069 0
vn -0.70710665 0.7071069 0
vn -0.70710665 0.7071069 0
vn -0.70710665 0.7071069 0
vn -0.70710665 0.7071069 0
vn -0.70710665 0.7071069 0
vn -0.70710665 0.7071069 0
vn -0.70710665 0.7071069 0
vn -0.70710665 0.7071069 0
vn -0.70710665 0.7071069 0
vn -0.70710665 0.7071069 0
vn -0.70710665 0.7071069 0
vn -0.70710665 0.7071069 0
vn -0.70710665 0.7071069 0
vn -0.70710665 0.7071069 0
vn -0.70710665 0.7071069 0
vn -0.70710665 0.7071069 0
vn -0.70710665 0.7071069 0
vn -0.70710665 0.7071069 0
vn -0.70710665 0.7071069 0
vn 0.70710665 0.7071069 0
vn 0.70710665 0.7071069 0
vn 0.70710665 0.7071069 0
vn 0.70710665 0.7071069 0
vn 0.70710665 0.7071069 0
vn 0.70710665 0.7071069 0
vn 0.70710665 0.7071069 0
vn 0.70710665 0.7071069 0
vn 0.70710665 0.7071069 0
vn 0.70710665 0.7071069 0
vn 0.70710665 0.7071069 0
vn 0.70710665 0.7071069 0
vn 0.70710665 0.7071069 0
vn 0.70710665 0.7071069 0
vn 0.70710665 0.7071069 0
vn 0.70710665 0.7071069 0
vn 0.70710665 0.7071069 0
vn 0.70710665 0.7071069 0
vn 0.70710665 0.7071069 0
vn 0.70710665 0.7071069 0
vn 0.70710665 0.7071069 0
vn 0.70710665 0.7071069 0
vn 0.70710665 0.7071069 0
vn 0.70710665 0.7071069 0
vn 0.70710665 0.7071069 0
vn 0.70710665 0.7071069 0
vn 0.70710665 0.7071069 0
vn 0.70710665 0.7071069 0
vn 0.70710665 0.7071069 0
vn 0.70710665 0.7071069 0
vn -0.70710665 0.7071069 0
vn -0.70710665 0.7071069 0
vn -0.70710665 0.7071069 0
vn -0.70710665 0.7071069 0
vn -0 1 0
vn -0 1 0
vn -0 0.70710725 0.70710623
vn -0 0.70710725 0.70710623
vn -0 0.70710725 0.70710623
vn -0 0.70710725 0.70710623
vn -0 0.70710725 -0.70710623
vn -0 0.70710725 -0.70710623
vn -0 0.70710725 -0.70710623
vn -0 0.70710725 -0.70710623
vn -0 0.70710605 0.7071074
vn -0 0.70710605 0.7071074
vn -0 0.70710605 0.7071074
vn -0 0.70710605 0.7071074
vn -0 0.70710605 -0.7071074
vn -0 0.70710605 -0.7071074
vn -0 0.70710605 -0.7071074
vn -0 0.70710605 -0.7071074
vn -0 0.707107 0.70710653
vn -0 0.707107 0.70710653
vn -0 0.707107 0.70710653
vn -0 0.707107 0.70710653
vn -0 0.707107 -0.70710653
vn -0 0.707107 -0.70710653
vn -0 0.707107 -0.70710653
vn -0 0.707107 -0.70710653
vn -0 0.70710623 0.70710725
vn -0 0.70710623 0.70710725
vn -0 0.70710623 0.70710725
vn -0 0.70710623 0.70710725
vn -0 0.70710707 -0.7071065
vn -0 0.70710707 -0.7071065
vn -0 0.70710707 -0.7071065
vn -0 0.70710707 -0.7071065
vn -0 0.70710695 0.7071066
vn -0 0.70710695 0.7071066
vn -0 0.70710695 0.7071066
vn -0 0.70710695 0.7071066
vn -0 0.7071069 -0.70710665
vn -0 0.7071069 -0.70710665
vn -0 0.7071069 -0.70710665
vn -0 0.7071069 -0.70710665
vn -0 0.7071077 0.70710576
vn -0 0.7071077 0.70710576
vn -0 0.7071077 0.70710576
vn -0 0.7071077 0.70710576
vn -0 0.7071068 -0.70710665
vn -0 0.7071068 -0.70710665
vn -0 0.7071068 -0.70710665
vn -0 0.7071068 -0.70710665
vn -0 0.70710623 0.7071073
vn -0 0.70710623 0.7071073
vn -0 0.70710623 0.7071073
vn -0 0.70710623 0.7071073
vn -0 0.70710623 -0.7071073
vn -0 0.70710623 -0.7071073
vn -0 0.70710623 -0.7071073
vn -0 0.70710623 -0.7071073
vn -0.70710665 0.7071069 0
vn -0.70710665 0.7071069 0
vn -0.70710665 0.7071069 0
vn -0.70710665 0.7071069 0
vn -0.70710665 0.7071069 0
vn -0.70710665 0.7071069 0
vn -0.70710665 0.7071069 0
vn -0.70710665 0.7071069 0
vn -0.70710665 0.7071069 0
vn -0.70710665 0.7071069 0
vn -0.70710665 0.7071069 0
vn -0.70710665 0.7071069 0
vn -0.70710665 0.7071069 0
vn -0.70710665 0.7071069 0
vn -0.70710665 0.7071069 0
vn -0.70710665 0.7071069 0
vn -0.70710665 0.7071069 0
vn -0.70710665 0.7071069 0
vn -0.70710665 0.7071069 0
vn -0.70710665 0.7071069 0
vn -0.70710665 0.7071069 0
vn -0.70710665 0.7071069 0
vn -0.70710665 0.7071069 0
vn -0.70710665 0.7071069 0
vn -0.70710665 0.7071069 0
vn -0.70710665 0.7071069 0
vn -0.70710665 0.7071069 0
vn -0.70710665 0.7071069 0
vn 0.70710665 0.7071069 0
vn 0.70710665 0.7071069 0
vn 0.70710665 0.7071069 0
vn 0.70710665 0.7071069 0
vn 0.70710665 0.7071069 0
vn 0.70710665 0.7071069 0
vn 0.70710665 0.7071069 0
vn 0.70710665 0.7071069 0
vn 0.70710665 0.7071069 0
vn 0.70710665 0.7071069 0
vn 0.70710665 0.7071069 0
vn 0.70710665 0.7071069 0
vn 0.70710665 0.7071069 0
vn 0.70710665 0.7071069 0
vn 0.70710665 0.7071069 0
vn 0.70710665 0.7071069 0
vn 0.70710665 0.7071069 0
vn 0.70710665 0.7071069 0
vn 0.70710665 0.7071069 0
vn 0.70710665 0.7071069 0
vn 0.70710665 0.7071069 0
vn 0.70710665 0.7071069 0
vn 0.70710665 0.7071069 0
vn 0.70710665 0.7071069 0
vn 0.70710665 0.7071069 0
vn 0.70710665 0.7071069 0
vn 0.70710665 0.7071069 0
vn 0.70710665 0.7071069 0
vn 0.70710665 0.7071069 0
vn 0.70710665 0.7071069 0
vn 0.70710665 0.7071069 0
vn 0.70710665 0.7071069 0
vn -0.70710665 0.7071069 0
vn -0.70710665 0.7071069 0
vn -0.70710665 0.7071069 0
vn -0.70710665 0.7071069 0
vn -0 0.7071064 0.70710707
vn -0 0.7071064 0.70710707
vn -0 0.7071064 0.70710707
vn -0 0.7071064 0.70710707
vn -0 0.7071064 0.70710707
vn -0 0.7071064 0.70710707
vn -0 0.7071064 -0.70710707
vn -0 0.7071064 -0.70710707
vn -0 0.7071064 -0.70710707
vn -0 0.7071064 -0.70710707
vn -0 0.7071068 0.70710665
vn -0 0.7071068 0.70710665
vn -0 0.7071068 0.70710665
vn -0 0.7071068 0.70710665
vn -0 0.7071068 -0.70710665
vn -0 0.7071068 -0.70710665
vn -0 0.7071068 -0.70710665
vn -0 0.7071068 -0.70710665
vn -0 0.707107 0.70710653
vn -0 0.707107 0.70710653
vn -0 0.707107 0.70710653
vn -0 0.707107 0.70710653
vn -0 0.707107 -0.70710653
vn -0 0.707107 -0.70710653
vn -0 0.707107 -0.70710653
vn -0 0.707107 -0.70710653
vn -0 0.70710623 0.70710725
vn -0 0.70710623 0.70710725
vn -0 0.70710623 0.70710725
vn -0 0.70710623 0.70710725
vn -0 0.70710623 -0.70710725
vn -0 0.70710623 -0.70710725
vn -0 0.70710623 -0.70710725
vn -0 0.70710623 -0.70710725
vn -0 0.7071069 0.70710665
vn -0 0.7071069 0.70710665
vn -0 0.7071069 0.70710665
vn -0 0.7071069 0.70710665
vn -0 0.7071069 -0.70710665
vn -0 0.7071069 -0.70710665
vn -0 0.7071069 -0.70710665
vn -0 0.7071069 -0.70710665
vn -0 0.7071069 -0.70710665
vn -0 0.7071069 -0.70710665
vn -0 0.7071069 0.70710665
vn -0 0.7071069 0.70710665
vn -0 0.7071069 0.70710665
vn -0 0.7071069 0.70710665
vn -0 0.7071069 -0.70710665
vn -0 0.7071069 -0.70710665
vn -0 0.7071069 -0.70710665
vn -0 0.7071069 -0.70710665
vn -0 0.70710695 0.7071066
vn -0 0.70710695 0.7071066
vn -0 0.70710695 0.7071066
vn -0 0.70710695 0.7071066
vn -0 0.70710695 -0.7071066
vn -0 0.70710695 -0.7071066
vn -0 0.70710695 -0.7071066
vn -0 0.70710695 -0.7071066
vn 0.7071066 0 -0.7071069
vn 0.7071066 0 -0.7071069
vn 0.7071066 0 -0.7071069
vn 0.7071066 0 -0.7071069
vn 0.7071066 0 0.7071069
vn 0.7071066 0 0.7071069
vn 0.7071066 0 0.7071069
vn 0.7071066 0 0.7071069
vn -0.70710623 0 0.7071073
vn -0.70710623 0 0.7071073
vn -0.70710623 0 0.7071073
vn -0.70710623 0 0.7071073
vn -0.70710623 0 -0.7071073
vn -0.70710623 0 -0.7071073
vn -0.70710623 0 -0.7071073
vn -0.70710623 0 -0.7071073
vn -0.70710623 0 -0.7071073
vn -0.70710623 0 -0.7071073
vn 0.70710623 0 0.7071073
vn 0.70710623 0 0.7071073
vn 0.70710623 0 0.7071073
vn 0.70710623 0 0.7071073
vn -0.70710623 0 0.7071073
vn -0.70710623 0 0.7071073
vn -0.70710623 0 0.7071073
vn -0.70710623 0 0.7071073
vn -0.70710623 0 0.7071073
vn -0.70710623 0 0.7071073
vn 0.70710623 0 -0.7071073
vn 0.70710623 0 -0.7071073
vn 0.70710623 0 -0.7071073
vn 0.70710623 0 -0.7071073
vn 0.70710623 0 0.7071073
vn 0.70710623 0 0.7071073
vn 0.70710623 0 0.7071073
vn 0.70710623 0 0.7071073
vn -0.70710623 0 -0.7071073
vn -0.70710623 0 -0.7071073
vn -0.70710623 0 -0.7071073
vn -0.70710623 0 -0.7071073
vn 0.70710623 0 -0.7071073
vn 0.70710623 0 -0.7071073
vn 0.70710623 0 -0.7071073
vn 0.70710623 0 -0.7071073
vn 0.70710623 0 0.7071073
vn 0.70710623 0 0.7071073
vn 0.70710623 0 0.7071073
vn 0.70710623 0 0.7071073
vn -0.70710623 0 0.7071073
vn -0.70710623 0 0.7071073
vn -0.70710623 0 0.7071073
vn -0.70710623 0 0.7071073
vn -0.70710623 0 0.7071073
vn -0.70710623 0 0.7071073
vn -0.70710623 0 0.7071073
vn -0.70710623 0 0.7071073
vn -0.70710623 0 0.7071073
vn -0.70710623 0 0.7071073
vn -0.70710623 0 0.7071073
vn -0.70710623 0 0.7071073
vn -0.70710623 0 -0.7071073
vn -0.70710623 0 -0.7071073
vn -0.70710623 0 -0.7071073
vn -0.70710623 0 -0.7071073
vn -0.70710623 0 -0.7071073
vn -0.70710623 0 -0.7071073
vn -0.70710623 0 -0.7071073
vn -0.70710623 0 -0.7071073
vn 0.70710623 0 -0.7071073
vn 0.70710623 0 -0.7071073
vn 0.70710623 0 -0.7071073
vn 0.70710623 0 -0.7071073
vn 0.70710623 0 -0.7071073
vn 0.70710623 0 -0.7071073
vn -0.70710707 0 0.7071065
vn -0.70710707 0 0.7071065
vn -0.70710707 0 0.7071065
vn -0.70710707 0 0.7071065
vn -0.70710707 0 0.7071065
vn -0.70710707 0 0.7071065
vn -0.70710707 0 -0.7071065
vn -0.70710707 0 -0.7071065
vn -0.70710707 0 -0.7071065
vn -0.70710707 0 -0.7071065
vn -0.70710707 0 0.7071065
vn -0.70710707 0 0.7071065
vn -0.70710707 0 0.7071065
vn -0.70710707 0 0.7071065
vn -0.70710707 0 0.7071065
vn -0.70710707 0 0.7071065
vn -0.70710707 0 -0.7071065
vn -0.70710707 0 -0.7071065
vn -0.70710707 0 -0.7071065
vn -0.70710707 0 -0.7071065
vn 0.70710623 0 -0.7071073
vn 0.70710623 0 -0.7071073
vn 0.70710623 0 -0.7071073
vn 0.70710623 0 -0.7071073
vn 0.70710623 0 0.7071073
vn 0.70710623 0 0.7071073
vn 0.70710623 0 0.7071073
vn 0.70710623 0 0.7071073
vn 0.7071096 0 -0.7071039
vn 0.7071096 0 -0.7071039
vn 0.7071096 0 -0.7071039
vn 0.7071096 0 -0.7071039
vn 0.7071096 0 0.7071039
vn 0.7071096 0 0.7071039
vn 0.7071096 0 0.7071039
vn 0.7071096 0 0.7071039
vn 0.70710623 0 0.7071073
vn 0.70710623 0 0.7071073
vn 0.70710623 0 0.7071073
vn 0.70710623 0 0.7071073
vn 0.70710623 0 -0.7071073
vn 0.70710623 0 -0.7071073
vn 0.70710623 0 -0.7071073
vn 0.70710623 0 -0.7071073
vn -0.70710623 0 0.7071073
vn -0.70710623 0 0.7071073
vn -0.70710623 0 0.7071073
vn -0.70710623 0 0.7071073
vn -0.70710623 0 -0.7071073
vn -0.70710623 0 -0.7071073
vn -0.70710623 0 -0.7071073
vn -0.70710623 0 -0.7071073
g PillBox_0
f 3/3/3 2/2/2 1/1/1
f 4/4/4 3/3/3 1/1/1
f 3/3/3 4/4/4 5/5/5
f 6/6/6 3/3/3 5/5/5
f 7/7/7 6/6/6 5/5/5
f 8/8/8 7/7/7 5/5/5
f 7/7/7 8/8/8 9/9/9
f 10/10/10 7/7/7 9/9/9
f 11/11/11 10/10/10 9/9/9
f 12/12/12 11/11/11 9/9/9
f 11/11/11 12/12/12 13/13/13
f 14/14/14 11/11/11 13/13/13
f 15/15/15 14/14/14 13/13/13
f 16/16/16 15/15/15 13/13/13
f 15/15/15 16/16/16 17/17/17
f 18/18/18 15/15/15 17/17/17
f 19/19/19 18/18/18 17/17/17
f 20/20/20 19/19/19 17/17/17
f 19/19/19 20/20/20 21/21/21
f 22/22/22 19/19/19 21/21/21
f 23/23/23 22/22/22 21/21/21
f 24/24/24 23/23/23 21/21/21
f 23/23/23 24/24/24 25/25/25
f 26/26/26 23/23/23 25/25/25
f 27/27/27 26/26/26 25/25/25
f 28/28/28 27/27/27 25/25/25
f 27/27/27 28/28/28 29/29/29
f 30/30/30 27/27/27 29/29/29
f 31/31/31 30/30/30 29/29/29
f 32/32/32 31/31/31 29/29/29
f 31/31/31 32/32/32 33/33/33
f 34/34/34 31/31/31 33/33/33
f 35/35/35 34/34/34 33/33/33
f 36/36/36 35/35/35 33/33/33
f 35/35/35 36/36/36 37/37/37
f 38/38/38 35/35/35 37/37/37
f 39/39/39 38/38/38 37/37/37
f 40/40/40 39/39/39 37/37/37
f 39/39/39 40/40/40 41/41/41
f 42/42/42 39/39/39 41/41/41
f 43/43/43 42/42/42 41/41/41
f 44/44/44 43/43/43 41/41/41
f 43/43/43 44/44/44 45/45/45
f 46/46/46 43/43/43 45/45/45
f 47/47/47 46/46/46 45/45/45
f 48/48/48 47/47/47 45/45/45
f 47/47/47 48/48/48 49/49/49
f 50/50/50 47/47/47 49/49/49
f 51/51/51 50/50/50 49/49/49
f 52/52/52 51/51/51 49/49/49
f 51/51/51 52/52/52 53/53/53
f 54/54/54 51/51/51 53/53/53
f 55/55/55 54/54/54 53/53/53
f 56/56/56 55/55/55 53/53/53
f 55/55/55 56/56/56 57/57/57
f 58/58/58 55/55/55 57/57/57
f 50/50/50 51/51/51 59/59/59
f 60/60/60 50/50/50 59/59/59
f 59/59/59 61/61/61 60/60/60
f 61/61/61 62/62/62 60/60/60
f 62/62/62 61/61/61 63/63/63
f 64/64/64 62/62/62 63/63/63
f 63/63/63 65/65/65 64/64/64
f 65/65/65 66/66/66 64/64/64
f 65/65/65 63/63/63 67/67/67
f 68/68/68 65/65/65 67/67/67
f 69/69/69 68/68/68 67/67/67
f 70/70/70 69/69/69 67/67/67
f 66/66/66 71/71/71 64/64/64
f 71/71/71 72/72/72 64/64/64
f 72/72/72 71/71/71 73/73/73
f 71/71/71 74/74/74 73/73/73
f 74/74/74 75/75/75 73/73/73
f 75/75/75 76/76/76 73/73/73
f 76/76/76 75/75/75 77/77/77
f 75/75/75 78/78/78 77/77/77
f 78/78/78 79/79/79 77/77/77
f 79/79/79 80/80/80 77/77/77
f 80/80/80 79/79/79 81/81/81
f 79/79/79 82/82/82 81/81/81
f 82/82/82 83/83/83 81/81/81
f 83/83/83 84/84/84 81/81/81
f 84/84/84 83/83/83 85/85/85
f 83/83/83 86/86/86 85/85/85
f 86/86/86 87/87/87 85/85/85
f 87/87/87 88/88/88 85/85/85
f 88/88/88 87/87/87 89/89/89
f 87/87/87 90/90/90 89/89/89
f 90/90/90 91/91/91 89/89/89
f 91/91/91 92/92/92 89/89/89
f 92/92/92 91/91/91 93/93/93
f 91/91/91 94/94/94 93/93/93
f 94/94/94 95/95/95 93/93/93
f 95/95/95 96/96/96 93/93/93
f 96/96/96 95/95/95 97/97/97
f 95/95/95 98/98/98 97/97/97
f 98/98/98 99/99/99 97/97/97
f 99/99/99 100/100/100 97/97/97
f 100/100/100 99/99/99 101/101/101
f 99/99/99 102/102/102 101/101/101
f 102/102/102 103/103/103 101/101/101
f 103/103/103 104/104/104 101/101/101
f 104/104/104 103/103/103 105/105/105
f 103/103/103 106/106/106 105/105/105
f 106/106/106 107/107/107 105/105/105
f 107/107/107 108/108/108 105/105/105
f 108/108/108 107/107/107 109/109/109
f 107/107/107 110/110/110 109/109/109
f 110/110/110 111/111/111 109/109/109
f 111/111/111 112/112/112 109/109/109
f 112/112/112 111/111/111 113/113/113
f 111/111/111 114/114/114 113/113/113
f 114/114/114 115/115/115 113/113/113
f 115/115/115 116/116/116 113/113/113
f 116/116/116 115/115/115 117/117/117
f 115/115/115 118/118/118 117/117/117
f 117/117/117 119/119/119 116/116/116
f 119/119/119 120/120/120 116/116/116
f 109/109/109 121/121/121 108/108/108
f 121/121/121 122/122/122 108/108/108
f 122/122/122 121/121/121 123/123/123
f 124/124/124 122/122/122 123/123/123
f 123/123/123 10/10/10 124/124/124
f 10/10/10 11/11/11 124/124/124
f 127/127/127 126/126/126 125/125/125
f 128/128/128 127/127/127 125/125/125
f 125/125/125 129/129/129 128/128/128
f 129/129/129 130/130/130 128/128/128
f 130/130/130 129/129/129 131/131/131
f 132/132/132 130/130/130 131/131/131
f 131/131/131 133/133/133 132/132/132
f 133/133/133 134/134/134 132/132/132
f 134/134/134 133/133/133 135/135/135
f 136/136/136 134/134/134 135/135/135
f 139/139/139 138/138/138 137/137/137
f 138/138/138 139/139/139 140/140/140
f 141/141/141 138/138/138 140/140/140
f 140/140/140 142/142/142 141/141/141
f 142/142/142 143/143/143 141/141/141
f 143/143/143 142/142/142 144/144/144
f 145/145/145 143/143/143 144/144/144
f 144/144/144 146/146/146 145/145/145
f 146/146/146 147/147/147 145/145/145
f 147/147/147 146/146/146 148/148/148
f 149/149/149 147/147/147 148/148/148
f 148/148/148 150/150/150 149/149/149
f 150/150/150 151/151/151 149/149/149
f 151/151/151 150/150/150 152/152/152
f 153/153/153 151/151/151 152/152/152
f 152/152/152 154/154/154 153/153/153
f 154/154/154 155/155/155 153/153/153
f 155/155/155 154/154/154 156/156/156
f 157/157/157 155/155/155 156/156/156
f 156/156/156 158/158/158 157/157/157
f 158/158/158 159/159/159 157/157/157
f 159/159/159 158/158/158 160/160/160
f 161/161/161 159/159/159 160/160/160
f 160/160/160 162/162/162 161/161/161
f 162/162/162 163/163/163 161/161/161
f 163/163/163 162/162/162 164/164/164
f 165/165/165 163/163/163 164/164/164
f 164/164/164 166/166/166 165/165/165
f 166/166/166 167/167/167 165/165/165
f 167/167/167 166/166/166 168/168/168
f 169/169/169 167/167/167 168/168/168
f 168/168/168 170/170/170 169/169/169
f 170/170/170 171/171/171 169/169/169
f 171/171/171 170/170/170 172/172/172
f 173/173/173 171/171/171 172/172/172
f 172/172/172 174/174/174 173/173/173
f 174/174/174 175/175/175 173/173/173
f 175/175/175 174/174/174 176/176/176
f 177/177/177 175/175/175 176/176/176
f 176/176/176 178/178/178 177/177/177
f 178/178/178 179/179/179 177/177/177
f 179/179/179 178/178/178 180/180/180
f 181/181/181 179/179/179 180/180/180
f 180/180/180 182/182/182 181/181/181
f 182/182/182 183/183/183 181/181/181
f 183/183/183 182/182/182 184/184/184
f 185/185/185 183/183/183 184/184/184
f 184/184/184 186/186/186 185/185/185
f 186/186/186 187/187/187 185/185/185
f 187/187/187 186/186/186 188/188/188
f 189/189/189 187/187/187 188/188/188
f 188/188/188 190/190/190 189/189/189
f 190/190/190 191/191/191 189/189/189
f 191/191/191 190/190/190 192/192/192
f 193/193/193 191/191/191 192/192/192
f 192/192/192 194/194/194 193/193/193
f 194/194/194 195/195/195 193/193/193
f 198/198/198 197/197/197 196/196/196
f 201/201/201 200/200/200 199/199/199
f 202/202/202 201/201/201 199/199/199
f 200/200/200 203/203/203 199/199/199
f 203/203/203 204/204/204 199/199/199
f 204/204/204 203/203/203 205/205/205
f 203/203/203 206/206/206 205/205/205
f 207/207/207 199/199/199 204/204/204
f 199/199/199 207/207/207 202/202/202
f 208/208/208 207/207/207 204/204/204
f 201/201/201 202/202/202 209/209/209
f 202/202/202 210/210/210 209/209/209
f 207/207/207 210/210/210 202/202/202
f 210/210/210 207/207/207 211/211/211
f 207/207/207 208/208/208 211/211/211
f 212/212/212 210/210/210 211/211/211
f 210/210/210 213/213/213 209/209/209
f 214/214/214 201/201/201 209/209/209
f 215/215/215 214/214/214 209/209/209
f 216/216/216 215/215/215 209/209/209
f 209/209/209 213/213/213 216/216/216
f 215/215/215 216/216/216 217/217/217
f 218/218/218 217/217/217 216/216/216
f 219/219/219 218/218/218 216/216/216
f 213/213/213 219/219/219 216/216/216
f 219/219/219 213/213/213 220/220/220
f 210/210/210 212/212/212 220/220/220
f 213/213/213 210/210/210 220/220/220
f 221/221/221 219/219/219 220/220/220
f 220/220/220 212/212/212 222/222/222
f 220/220/220 222/222/222 221/221/221
f 212/212/212 223/223/223 222/222/222
f 224/224/224 215/215/215 217/217/217
f 225/225/225 224/224/224 217/217/217
f 226/226/226 225/225/225 217/217/217
f 217/217/217 218/218/218 226/226/226
f 225/225/225 226/226/226 227/227/227
f 226/226/226 228/228/228 227/227/227
f 218/218/218 228/228/228 226/226/226
f 228/228/228 218/218/218 229/229/229
f 219/219/219 221/221/221 229/229/229
f 218/218/218 219/219/219 229/229/229
f 230/230/230 228/228/228 229/229/229
f 229/229/229 221/221/221 231/231/231
f 222/222/222 231/231/231 221/221/221
f 231/231/231 222/222/222 232/232/232
f 222/222/222 223/223/223 232/232/232
f 233/233/233 231/231/231 232/232/232
f 234/234/234 229/229/229 231/231/231
f 229/229/229 234/234/234 230/230/230
f 228/228/228 235/235/235 227/227/227
f 236/236/236 225/225/225 227/227/227
f 237/237/237 236/236/236 227/227/227
f 238/238/238 237/237/237 227/227/227
f 227/227/227 235/235/235 238/238/238
f 237/237/237 238/238/238 239/239/239
f 240/240/240 239/239/239 238/238/238
f 241/241/241 240/240/240 238/238/238
f 235/235/235 241/241/241 238/238/238
f 241/241/241 235/235/235 242/242/242
f 228/228/228 230/230/230 242/242/242
f 235/235/235 228/228/228 242/242/242
f 243/243/243 241/241/241 242/242/242
f 242/242/242 230/230/230 244/244/244
f 242/242/242 244/244/244 243/243/243
f 230/230/230 245/245/245 244/244/244
f 234/234/234 245/245/245 230/230/230
f 245/245/245 234/234/234 246/246/246
f 231/231/231 233/233/233 246/246/246
f 234/234/234 231/231/231 246/246/246
f 247/247/247 245/245/245 246/246/246
f 248/248/248 237/237/237 239/239/239
f 249/249/249 248/248/248 239/239/239
f 250/250/250 249/249/249 239/239/239
f 239/239/239 240/240/240 250/250/250
f 249/249/249 250/250/250 251/251/251
f 250/250/250 252/252/252 251/251/251
f 240/240/240 252/252/252 250/250/250
f 252/252/252 240/240/240 253/253/253
f 241/241/241 243/243/243 253/253/253
f 240/240/240 241/241/241 253/253/253
f 254/254/254 252/252/252 253/253/253
f 253/253/253 243/243/243 255/255/255
f 244/244/244 255/255/255 243/243/243
f 255/255/255 244/244/244 256/256/256
f 245/245/245 247/247/247 256/256/256
f 244/244/244 245/245/245 256/256/256
f 257/257/257 255/255/255 256/256/256
f 258/258/258 253/253/253 255/255/255
f 253/253/253 258/258/258 254/254/254
f 252/252/252 259/259/259 251/251/251
f 260/260/260 249/249/249 251/251/251
f 261/261/261 260/260/260 251/251/251
f 262/262/262 261/261/261 251/251/251
f 251/251/251 259/259/259 262/262/262
f 261/261/261 262/262/262 263/263/263
f 264/264/264 263/263/263 262/262/262
f 265/265/265 264/264/264 262/262/262
f 259/259/259 265/265/265 262/262/262
f 265/265/265 259/259/259 266/266/266
f 252/252/252 254/254/254 266/266/266
f 259/259/259 252/252/252 266/266/266
f 267/267/267 265/265/265 266/266/266
f 266/266/266 254/254/254 268/268/268
f 266/266/266 268/268/268 267/267/267
f 254/254/254 269/269/269 268/268/268
f 258/258/258 269/269/269 254/254/254
f 269/269/269 258/258/258 270/270/270
f 255/255/255 257/257/257 270/270/270
f 258/258/258 255/255/255 270/270/270
f 271/271/271 269/269/269 270/270/270
f 272/272/272 261/261/261 263/263/263
f 273/273/273 272/272/272 263/263/263
f 274/274/274 273/273/273 263/263/263
f 263/263/263 264/264/264 274/274/274
f 273/273/273 274/274/274 275/275/275
f 274/274/274 276/276/276 275/275/275
f 264/264/264 276/276/276 274/274/274
f 276/276/276 264/264/264 277/277/277
f 265/265/265 267/267/267 277/277/277
f 264/264/264 265/265/265 277/277/277
f 278/278/278 276/276/276 277/277/277
f 277/277/277 267/267/267 279/279/279
f 268/268/268 279/279/279 267/267/267
f 279/279/279 268/268/268 280/280/280
f 269/269/269 271/271/271 280/280/280
f 268/268/268 269/269/269 280/280/280
f 281/281/281 279/279/279 280/280/280
f 282/282/282 277/277/277 279/279/279
f 277/277/277 282/282/282 278/278/278
f 276/276/276 283/283/283 275/275/275
f 284/284/284 273/273/273 275/275/275
f 285/285/285 284/284/284 275/275/275
f 286/286/286 285/285/285 275/275/275
f 275/275/275 283/283/283 286/286/286
f 285/285/285 286/286/286 287/287/287
f 288/288/288 287/287/287 286/286/286
f 289/289/289 288/288/288 286/286/286
f 283/283/283 289/289/289 286/286/286
f 289/289/289 283/283/283 290/290/290
f 276/276/276 278/278/278 290/290/290
f 283/283/283 276/276/276 290/290/290
f 291/291/291 289/289/289 290/290/290
f 290/290/290 278/278/278 292/292/292
f 290/290/290 292/292/292 291/291/291
f 278/278/278 293/293/293 292/292/292
f 282/282/282 293/293/293 278/278/278
f 293/293/293 282/282/282 294/294/294
f 279/279/279 281/281/281 294/294/294
f 282/282/282 279/279/279 294/294/294
f 295/295/295 293/293/293 294/294/294
f 296/296/296 285/285/285 287/287/287
f 297/297/297 296/296/296 287/287/287
f 298/298/298 297/297/297 287/287/287
f 287/287/287 288/288/288 298/298/298
f 297/297/297 298/298/298 299/299/299
f 298/298/298 300/300/300 299/299/299
f 288/288/288 300/300/300 298/298/298
f 300/300/300 288/288/288 301/301/301
f 289/289/289 291/291/291 301/301/301
f 288/288/288 289/289/289 301/301/301
f 302/302/302 300/300/300 301/301/301
f 301/301/301 291/291/291 303/303/303
f 292/292/292 303/303/303 291/291/291
f 303/303/303 292/292/292 304/304/304
f 293/293/293 295/295/295 304/304/304
f 292/292/292 293/293/293 304/304/304
f 305/305/305 303/303/303 304/304/304
f 306/306/306 301/301/301 303/303/303
f 301/301/301 306/306/306 302/302/302
f 300/300/300 307/307/307 299/299/299
f 308/308/308 297/297/297 299/299/299
f 309/309/309 308/308/308 299/299/299
f 310/310/310 309/309/309 299/299/299
f 299/299/299 307/307/307 310/310/310
f 309/309/309 310/310/310 311/311/311
f 312/312/312 311/311/311 310/310/310
f 313/313/313 312/312/312 310/310/310
f 307/307/307 313/313/313 310/310/310
f 313/313/313 307/307/307 314/314/314
f 300/300/300 302/302/302 314/314/314
f 307/307/307 300/300/300 314/314/314
f 315/315/315 313/313/313 314/314/314
f 314/314/314 302/302/302 316/316/316
f 314/314/314 316/316/316 315/315/315
f 302/302/302 317/317/317 316/316/316
f 306/306/306 317/317/317 302/302/302
f 317/317/317 306/306/306 318/318/318
f 303/303/303 305/305/305 318/318/318
f 306/306/306 303/303/303 318/318/318
f 319/319/319 317/317/317 318/318/318
f 320/320/320 309/309/309 311/311/311
f 321/321/321 320/320/320 311/311/311
f 322/322/322 321/321/321 311/311/311
f 311/311/311 312/312/312 322/322/322
f 321/321/321 322/322/322 323/323/323
f 324/324/324 323/323/323 322/322/322
f 325/325/325 324/324/324 322/322/322
f 312/312/312 325/325/325 322/322/322
f 325/325/325 312/312/312 326/326/326
f 313/313/313 315/315/315 326/326/326
f 312/312/312 313/313/313 326/326/326
f 327/327/327 325/325/325 326/326/326
f 326/326/326 315/315/315 328/328/328
f 316/316/316 328/328/328 315/315/315
f 328/328/328 316/316/316 329/329/329
f 317/317/317 319/319/319 329/329/329
f 316/316/316 317/317/317 329/329/329
f 330/330/330 328/328/328 329/329/329
f 331/331/331 326/326/326 328/328/328
f 326/326/326 331/331/331 327/327/327
f 332/332/332 321/321/321 323/323/323
f 333/333/333 332/332/332 323/323/323
f 334/334/334 333/333/333 323/323/323
f 323/323/323 324/324/324 334/334/334
f 333/333/333 334/334/334 335/335/335
f 334/334/334 336/336/336 335/335/335
f 324/324/324 336/336/336 334/334/334
f 336/336/336 324/324/324 337/337/337
f 325/325/325 327/327/327 337/337/337
f 324/324/324 325/325/325 337/337/337
f 338/338/338 336/336/336 337/337/337
f 337/337/337 327/327/327 339/339/339
f 331/331/331 339/339/339 327/327/327
f 339/339/339 331/331/331 340/340/340
f 328/328/328 330/330/330 340/340/340
f 331/331/331 328/328/328 340/340/340
f 341/341/341 339/339/339 340/340/340
f 342/342/342 337/337/337 339/339/339
f 337/337/337 342/342/342 338/338/338
f 336/336/336 343/343/343 335/335/335
f 344/344/344 333/333/333 335/335/335
f 345/345/345 344/344/344 335/335/335
f 346/346/346 345/345/345 335/335/335
f 335/335/335 343/343/343 346/346/346
f 339/339/339 341/341/341 347/347/347
f 342/342/342 339/339/339 347/347/347
f 348/348/348 342/342/342 347/347/347
f 342/342/342 348/348/348 338/338/338
f 349/349/349 348/348/348 347/347/347
f 338/338/338 348/348/348 350/350/350
f 351/351/351 338/338/338 350/350/350
f 336/336/336 338/338/338 351/351/351
f 343/343/343 336/336/336 351/351/351
f 352/352/352 343/343/343 351/351/351
f 343/343/343 352/352/352 346/346/346
f 348/348/348 349/349/349 353/353/353
f 350/350/350 348/348/348 353/353/353
f 354/354/354 350/350/350 353/353/353
f 355/355/355 354/354/354 353/353/353
f 350/350/350 354/354/354 356/356/356
f 351/351/351 350/350/350 356/356/356
f 359/359/359 358/358/358 357/357/357
f 360/360/360 359/359/359 357/357/357
f 359/359/359 360/360/360 361/361/361
f 362/362/362 359/359/359 361/361/361
f 223/223/223 362/362/362 361/361/361
f 363/363/363 223/223/223 361/361/361
f 362/362/362 211/211/211 359/359/359
f 211/211/211 364/364/364 359/359/359
f 358/358/358 359/359/359 364/364/364
f 208/208/208 364/364/364 211/211/211
f 364/364/364 208/208/208 365/365/365
f 365/365/365 358/358/358 364/364/364
f 208/208/208 366/366/366 365/365/365
f 365/365/365 367/367/367 358/358/358
f 367/367/367 368/368/368 358/358/358
f 358/358/358 368/368/368 357/357/357
f 223/223/223 363/363/363 232/232/232
f 368/368/368 369/369/369 357/357/357
f 370/370/370 367/367/367 365/365/365
f 366/366/366 370/370/370 365/365/365
f 370/370/370 366/366/366 205/205/205
f 371/371/371 370/370/370 205/205/205
f 372/372/372 371/371/371 205/205/205
f 206/206/206 372/372/372 205/205/205
f 366/366/366 208/208/208 204/204/204
f 205/205/205 366/366/366 204/204/204
f 374/374/374 373/373/373 369/369/369
f 376/376/376 375/375/375 372/372/372
f 379/379/379 378/378/378 377/377/377
f 380/380/380 379/379/379 377/377/377
f 378/378/378 379/379/379 381/381/381
f 382/382/382 378/378/378 381/381/381
f 381/381/381 383/383/383 382/382/382
f 383/383/383 384/384/384 382/382/382
f 384/384/384 383/383/383 385/385/385
f 386/386/386 384/384/384 385/385/385
f 385/385/385 387/387/387 386/386/386
f 387/387/387 388/388/388 386/386/386
f 388/388/388 387/387/387 389/389/389
f 390/390/390 388/388/388 389/389/389
f 389/389/389 391/391/391 390/390/390
f 391/391/391 392/392/392 390/390/390
f 392/392/392 391/391/391 393/393/393
f 394/394/394 392/392/392 393/393/393
f 393/393/393 395/395/395 394/394/394
f 395/395/395 396/396/396 394/394/394
f 396/396/396 395/395/395 397/397/397
f 398/398/398 396/396/396 397/397/397
f 397/397/397 399/399/399 398/398/398
f 399/399/399 400/400/400 398/398/398
f 400/400/400 399/399/399 401/401/401
f 402/402/402 400/400/400 401/401/401
f 401/401/401 403/403/403 402/402/402
f 406/406/406 405/405/405 404/404/404
f 405/405/405 69/69/69 404/404/404
f 69/69/69 70/70/70 404/404/404
f 409/409/409 408/408/408 407/407/407
f 410/410/410 409/409/409 407/407/407
f 408/408/408 409/409/409 411/411/411
f 412/412/412 408/408/408 411/411/411
f 411/411/411 413/413/413 412/412/412
f 413/413/413 414/414/414 412/412/412
f 414/414/414 413/413/413 380/380/380
f 377/377/377 414/414/414 380/380/380
f 407/407/407 415/415/415 410/410/410
f 415/415/415 416/416/416 410/410/410
f 416/416/416 415/415/415 417/417/417
f 418/418/418 416/416/416 417/417/417
f 417/417/417 419/419/419 418/418/418
f 419/419/419 420/420/420 418/418/418
f 420/420/420 419/419/419 421/421/421
f 422/422/422 420/420/420 421/421/421
f 421/421/421 423/423/423 422/422/422
f 423/423/423 424/424/424 422/422/422
f 424/424/424 423/423/423 425/425/425
f 426/426/426 424/424/424 425/425/425
f 425/425/425 427/427/427 426/426/426
f 427/427/427 428/428/428 426/426/426
f 428/428/428 427/427/427 429/429/429
f 430/430/430 428/428/428 429/429/429
f 429/429/429 431/431/431 430/430/430
f 431/431/431 432/432/432 430/430/430
f 432/432/432 431/431/431 433/433/433
f 434/434/434 432/432/432 433/433/433
f 433/433/433 435/435/435 434/434/434
f 435/435/435 436/436/436 434/434/434
f 436/436/436 435/435/435 437/437/437
f 438/438/438 436/436/436 437/437/437
f 441/441/441 440/440/440 439/439/439
f 442/442/442 441/441/441 439/439/439
f 439/439/439 443/443/443 442/442/442
f 443/443/443 444/444/444 442/442/442
f 440/440/440 441/441/441 445/445/445
f 446/446/446 440/440/440 445/445/445
f 445/445/445 447/447/447 446/446/446
f 447/447/447 448/448/448 446/446/446
f 444/444/444 443/443/443 449/449/449
f 450/450/450 444/444/444 449/449/449
f 453/453/453 452/452/452 451/451/451
f 454/454/454 453/453/453 451/451/451
f 457/457/457 456/456/456 455/455/455
f 458/458/458 457/457/457 455/455/455
f 461/461/461 460/460/460 459/459/459
f 462/462/462 461/461/461 459/459/459
f 465/465/465 464/464/464 463/463/463
f 466/466/466 465/465/465 463/463/463
f 469/469/469 468/468/468 467/467/467
f 470/470/470 469/469/469 467/467/467
f 473/473/473 472/472/472 471/471/471
f 474/474/474 473/473/473 471/471/471
f 477/477/477 476/476/476 475/475/475
f 478/478/478 477/477/477 475/475/475
f 481/481/481 480/480/480 479/479/479
f 482/482/482 481/481/481 479/479/479
f 485/485/485 484/484/484 483/483/483
f 486/486/486 485/485/485 483/483/483
f 489/489/489 488/488/488 487/487/487
f 490/490/490 489/489/489 487/487/487
f 493/493/493 492/492/492 491/491/491
f 494/494/494 493/493/493 491/491/491
f 497/497/497 496/496/496 495/495/495
f 498/498/498 497/497/497 495/495/495
f 501/501/501 500/500/500 499/499/499
f 502/502/502 501/501/501 499/499/499
f 505/505/505 504/504/504 503/503/503
f 506/506/506 505/505/505 503/503/503
f 509/509/509 508/508/508 507/507/507
f 510/510/510 509/509/509 507/507/507
f 513/513/513 512/512/512 511/511/511
f 516/516/516 515/515/515 514/514/514
f 519/519/519 518/518/518 517/517/517
f 522/522/522 521/521/521 520/520/520
f 525/525/525 524/524/524 523/523/523
f 526/526/526 525/525/525 523/523/523
f 529/529/529 528/528/528 527/527/527
f 530/530/530 529/529/529 527/527/527
f 533/533/533 532/532/532 531/531/531
f 534/534/534 533/533/533 531/531/531
f 537/537/537 536/536/536 535/535/535
f 538/538/538 537/537/537 535/535/535
f 541/541/541 540/540/540 539/539/539
f 542/542/542 541/541/541 539/539/539
f 545/545/545 544/544/544 543/543/543
f 546/546/546 545/545/545 543/543/543
f 549/549/549 548/548/548 547/547/547
f 550/550/550 549/549/549 547/547/547
f 553/553/553 552/552/552 551/551/551
f 554/554/554 553/553/553 551/551/551
f 557/557/557 556/556/556 555/555/555
f 558/558/558 557/557/557 555/555/555
f 555/555/555 18/18/18 558/558/558
f 18/18/18 19/19/19 558/558/558
f 556/556/556 557/557/557 100/100/100
f 101/101/101 556/556/556 100/100/100
f 561/561/561 560/560/560 559/559/559
f 562/562/562 561/561/561 559/559/559
f 565/565/565 564/564/564 563/563/563
f 566/566/566 565/565/565 563/563/563
f 569/569/569 568/568/568 567/567/567
f 570/570/570 569/569/569 567/567/567
f 573/573/573 572/572/572 571/571/571
f 574/574/574 573/573/573 571/571/571
f 577/577/577 576/576/576 575/575/575
f 578/578/578 577/577/577 575/575/575
f 575/575/575 26/26/26 578/578/578
f 26/26/26 27/27/27 578/578/578
f 576/576/576 577/577/577 92/92/92
f 93/93/93 576/576/576 92/92/92
f 581/581/581 580/580/580 579/579/579
f 582/582/582 581/581/581 579/579/579
f 585/585/585 584/584/584 583/583/583
f 586/586/586 585/585/585 583/583/583
f 589/589/589 588/588/588 587/587/587
f 590/590/590 589/589/589 587/587/587
f 587/587/587 34/34/34 590/590/590
f 34/34/34 35/35/35 590/590/590
f 588/588/588 589/589/589 84/84/84
f 85/85/85 588/588/588 84/84/84
f 593/593/593 592/592/592 591/591/591
f 594/594/594 593/593/593 591/591/591
f 597/597/597 596/596/596 595/595/595
f 598/598/598 597/597/597 595/595/595
f 601/601/601 600/600/600 599/599/599
f 602/602/602 601/601/601 599/599/599
f 605/605/605 604/604/604 603/603/603
f 606/606/606 605/605/605 603/603/603
f 609/609/609 608/608/608 607/607/607
f 610/610/610 609/609/609 607/607/607
f 607/607/607 42/42/42 610/610/610
f 42/42/42 43/43/43 610/610/610
f 608/608/608 609/609/609 76/76/76
f 77/77/77 608/608/608 76/76/76
f 613/613/613 612/612/612 611/611/611
f 614/614/614 613/613/613 611/611/611
f 617/617/617 616/616/616 615/615/615
f 618/618/618 617/617/617 615/615/615
f 621/621/621 620/620/620 619/619/619
f 624/624/624 623/623/623 622/622/622
f 627/627/627 626/626/626 625/625/625
f 630/630/630 629/629/629 628/628/628
f 633/633/633 632/632/632 631/631/631
f 636/636/636 635/635/635 634/634/634
f 639/639/639 638/638/638 637/637/637
f 642/642/642 641/641/641 640/640/640
f 645/645/645 644/644/644 643/643/643
f 646/646/646 645/645/645 643/643/643
f 643/643/643 644/644/644 647/647/647
f 644/644/644 648/648/648 647/647/647
f 648/648/648 649/649/649 647/647/647
f 650/650/650 645/645/645 646/646/646
f 651/651/651 650/650/650 646/646/646
f 650/650/650 651/651/651 652/652/652
f 653/653/653 650/650/650 652/652/652
f 654/654/654 653/653/653 652/652/652
f 655/655/655 654/654/654 652/652/652
f 656/656/656 654/654/654 655/655/655
f 657/657/657 656/656/656 655/655/655
f 658/658/658 656/656/656 657/657/657
f 659/659/659 658/658/658 657/657/657
f 658/658/658 659/659/659 660/660/660
f 661/661/661 658/658/658 660/660/660
f 662/662/662 661/661/661 660/660/660
f 663/663/663 662/662/662 660/660/660
f 664/664/664 662/662/662 663/663/663
f 665/665/665 664/664/664 663/663/663
f 666/666/666 664/664/664 665/665/665
f 668/668/668 666/666/666 667/667/667
f 669/669/669 668/668/668 667/667/667
f 671/671/671 669/669/669 670/670/670
f 673/673/673 671/671/671 672/672/672
f 674/674/674 673/673/673 672/672/672
f 673/673/673 674/674/674 675/675/675
f 676/676/676 673/673/673 675/675/675
f 677/677/677 676/676/676 675/675/675
f 678/678/678 677/677/677 675/675/675
f 679/679/679 677/677/677 678/678/678
f 680/680/680 679/679/679 678/678/678
f 681/681/681 679/679/679 680/680/680
f 682/682/682 681/681/681 680/680/680
f 681/681/681 682/682/682 683/683/683
f 684/684/684 681/681/681 683/683/683
f 685/685/685 684/684/684 683/683/683
f 686/686/686 685/685/685 683/683/683
f 687/687/687 685/685/685 686/686/686
f 688/688/688 687/687/687 686/686/686
f 689/689/689 687/687/687 688/688/688
f 692/692/692 691/691/691 690/690/690
f 690/690/690 694/694/694 693/693/693
f 696/696/696 695/695/695 693/693/693
f 695/695/695 696/696/696 697/697/697
f 700/700/700 699/699/699 698/698/698
f 701/701/701 700/700/700 698/698/698
f 698/698/698 699/699/699 702/702/702
f 699/699/699 703/703/703 702/702/702
f 703/703/703 704/704/704 702/702/702
f 704/704/704 705/705/705 702/702/702
f 706/706/706 700/700/700 701/701/701
f 707/707/707 706/706/706 701/701/701
f 706/706/706 707/707/707 708/708/708
f 709/709/709 706/706/706 708/708/708
f 710/710/710 709/709/709 708/708/708
f 711/711/711 710/710/710 708/708/708
f 712/712/712 710/710/710 711/711/711
f 713/713/713 712/712/712 711/711/711
f 714/714/714 712/712/712 713/713/713
f 715/715/715 714/714/714 713/713/713
f 714/714/714 715/715/715 716/716/716
f 717/717/717 714/714/714 716/716/716
f 718/718/718 717/717/717 716/716/716
f 719/719/719 718/718/718 716/716/716
f 720/720/720 718/718/718 719/719/719
f 721/721/721 720/720/720 719/719/719
f 722/722/722 720/720/720 721/721/721
f 723/723/723 722/722/722 721/721/721
f 722/722/722 723/723/723 724/724/724
f 725/725/725 722/722/722 724/724/724
f 726/726/726 725/725/725 724/724/724
f 727/727/727 726/726/726 724/724/724
f 728/728/728 726/726/726 727/727/727
f 729/729/729 728/728/728 727/727/727
f 730/730/730 728/728/728 729/729/729
f 731/731/731 730/730/730 729/729/729
f 730/730/730 731/731/731 732/732/732
f 733/733/733 730/730/730 732/732/732
f 734/734/734 733/733/733 732/732/732
f 735/735/735 734/734/734 732/732/732
f 736/736/736 734/734/734 735/735/735
f 737/737/737 736/736/736 735/735/735
f 738/738/738 736/736/736 737/737/737
f 739/739/739 738/738/738 737/737/737
f 738/738/738 739/739/739 740/740/740
f 741/741/741 738/738/738 740/740/740
f 742/742/742 741/741/741 740/740/740
f 743/743/743 742/742/742 740/740/740
f 744/744/744 742/742/742 743/743/743
f 745/745/745 744/744/744 743/743/743
f 746/746/746 744/744/744 745/745/745
f 747/747/747 746/746/746 745/745/745
f 748/748/748 746/746/746 747/747/747
f 749/749/749 748/748/748 747/747/747
f 750/750/750 748/748/748 749/749/749
f 751/751/751 750/750/750 749/749/749
f 750/750/750 751/751/751 752/752/752
f 753/753/753 750/750/750 752/752/752
f 754/754/754 753/753/753 752/752/752
f 755/755/755 754/754/754 752/752/752
f 758/758/758 757/757/757 756/756/756
f 759/759/759 758/758/758 756/756/756
f 760/760/760 757/757/757 758/758/758
f 761/761/761 760/760/760 758/758/758
f 760/760/760 761/761/761 762/762/762
f 763/763/763 760/760/760 762/762/762
f 764/764/764 763/763/763 762/762/762
f 766/766/766 765/765/765 764/764/764
f 767/767/767 765/765/765 766/766/766
f 767/767/767 769/769/769 768/768/768
f 770/770/770 767/767/767 768/768/768
f 771/771/771 770/770/770 768/768/768
f 774/774/774 773/773/773 772/772/772
f 774/774/774 772/772/772 775/775/775
f 777/777/777 776/776/776 773/773/773
f 780/780/780 779/779/779 778/778/778
f 781/781/781 780/780/780 778/778/778
f 781/781/781 778/778/778 782/782/782
f 783/783/783 779/779/779 780/780/780
f 784/784/784 783/783/783 780/780/780
f 783/783/783 784/784/784 785/785/785
f 786/786/786 783/783/783 785/785/785
f 787/787/787 786/786/786 785/785/785
f 788/788/788 787/787/787 785/785/785
f 788/788/788 789/789/789 787/787/787
f 789/789/789 790/790/790 787/787/787
f 791/791/791 790/790/790 789/789/789
f 792/792/792 791/791/791 789/789/789
f 791/791/791 792/792/792 793/793/793
f 794/794/794 791/791/791 793/793/793
f 795/795/795 794/794/794 793/793/793
f 796/796/796 795/795/795 793/793/793
f 799/799/799 798/798/798 797/797/797
f 800/800/800 799/799/799 797/797/797
f 801/801/801 798/798/798 799/799/799
f 802/802/802 801/801/801 799/799/799
f 801/801/801 802/802/802 803/803/803
f 804/804/804 801/801/801 803/803/803
f 805/805/805 804/804/804 803/803/803
f 807/807/807 806/806/806 805/805/805
f 808/808/808 806/806/806 807/807/807
f 809/809/809 808/808/808 807/807/807
f 810/810/810 808/808/808 809/809/809
f 811/811/811 810/810/810 809/809/809
f 814/814/814 813/813/813 812/812/812
f 814/814/814 812/812/812 815/815/815
f 818/818/818 817/817/817 816/816/816
f 819/819/819 818/818/818 816/816/816
f 819/819/819 816/816/816 820/820/820
f 816/816/816 821/821/821 820/820/820
f 821/821/821 822/822/822 820/820/820
f 822/822/822 823/823/823 820/820/820
f 824/824/824 817/817/817 818/818/818
f 825/825/825 824/824/824 818/818/818
f 824/824/824 825/825/825 826/826/826
f 827/827/827 824/824/824 826/826/826
f 828/828/828 827/827/827 826/826/826
f 829/829/829 828/828/828 826/826/826
f 829/829/829 830/830/830 828/828/828
f 830/830/830 831/831/831 828/828/828
f 832/832/832 831/831/831 830/830/830
f 833/833/833 832/832/832 830/830/830
f 832/832/832 833/833/833 834/834/834
f 835/835/835 832/832/832 834/834/834
f 836/836/836 835/835/835 834/834/834
f 837/837/837 836/836/836 834/834/834
f 837/837/837 838/838/838 836/836/836
f 838/838/838 839/839/839 836/836/836
f 840/840/840 839/839/839 838/838/838
f 841/841/841 840/840/840 838/838/838
f 840/840/840 841/841/841 842/842/842
f 843/843/843 840/840/840 842/842/842
f 844/844/844 843/843/843 842/842/842
f 845/845/845 844/844/844 842/842/842
f 845/845/845 846/846/846 844/844/844
f 846/846/846 847/847/847 844/844/844
f 848/848/848 847/847/847 846/846/846
f 849/849/849 848/848/848 846/846/846
f 848/848/848 849/849/849 850/850/850
f 851/851/851 848/848/848 850/850/850
f 852/852/852 851/851/851 850/850/850
f 853/853/853 852/852/852 850/850/850
f 853/853/853 854/854/854 852/852/852
f 854/854/854 855/855/855 852/852/852
f 856/856/856 855/855/855 854/854/854
f 857/857/857 856/856/856 854/854/854
f 856/856/856 857/857/857 858/858/858
f 859/859/859 856/856/856 858/858/858
f 860/860/860 859/859/859 858/858/858
f 861/861/861 860/860/860 858/858/858
f 861/861/861 862/862/862 860/860/860
f 862/862/862 863/863/863 860/860/860
f 864/864/864 863/863/863 862/862/862
f 865/865/865 864/864/864 862/862/862
f 864/864/864 865/865/865 866/866/866
f 865/865/865 867/867/867 866/866/866
f 870/870/870 869/869/869 868/868/868
f 871/871/871 870/870/870 868/868/868
f 869/869/869 870/870/870 872/872/872
f 875/875/875 874/874/874 873/873/873
f 876/876/876 875/875/875 873/873/873
f 877/877/877 873/873/873 874/874/874
f 878/878/878 877/877/877 874/874/874
f 881/881/881 880/880/880 879/879/879
f 880/880/880 881/881/881 882/882/882
f 884/884/884 883/883/883 882/882/882
f 883/883/883 884/884/884 885/885/885
f 884/884/884 886/886/886 885/885/885
f 889/889/889 888/888/888 887/887/887
f 890/890/890 889/889/889 887/887/887
f 891/891/891 890/890/890 887/887/887
f 892/892/892 891/891/891 887/887/887
f 888/888/888 889/889/889 893/893/893
f 889/889/889 894/894/894 893/893/893
f 897/897/897 896/896/896 895/895/895
f 649/649/649 897/897/897 895/895/895
f 900/900/900 899/899/899 898/898/898
f 901/901/901 900/900/900 898/898/898
f 822/822/822 898/898/898 899/899/899
f 823/823/823 822/822/822 899/899/899
f 900/900/900 901/901/901 902/902/902
f 901/901/901 903/903/903 902/902/902
f 906/906/906 905/905/905 904/904/904
f 907/907/907 906/906/906 904/904/904
f 907/907/907 904/904/904 908/908/908
f 904/904/904 909/909/909 908/908/908
f 910/910/910 905/905/905 906/906/906
f 911/911/911 910/910/910 906/906/906
f 911/911/911 913/913/913 912/912/912
f 914/914/914 912/912/912 913/913/913
f 915/915/915 914/914/914 913/913/913
f 918/918/918 917/917/917 916/916/916
f 921/921/921 920/920/920 919/919/919
f 922/922/922 921/921/921 919/919/919
f 922/922/922 919/919/919 923/923/923
f 919/919/919 924/924/924 923/923/923
f 925/925/925 920/920/920 921/921/921
f 926/926/926 925/925/925 921/921/921
f 925/925/925 926/926/926 927/927/927
f 926/926/926 928/928/928 927/927/927
f 929/929/929 927/927/927 928/928/928
f 930/930/930 929/929/929 928/928/928
f 933/933/933 932/932/932 931/931/931
f 934/934/934 932/932/932 933/933/933
f 935/935/935 934/934/934 933/933/933
f 934/934/934 935/935/935 936/936/936
f 935/935/935 937/937/937 936/936/936
f 938/938/938 936/936/936 937/937/937
f 939/939/939 938/938/938 937/937/937
f 931/931/931 941/941/941 940/940/940
f 942/942/942 931/931/931 940/940/940
f 945/945/945 944/944/944 943/943/943
f 948/948/948 947/947/947 946/946/946
f 949/949/949 948/948/948 946/946/946
f 949/949/949 946/946/946 950/950/950
f 946/946/946 951/951/951 950/950/950
f 952/952/952 947/947/947 948/948/948
f 953/953/953 952/952/952 948/948/948
f 952/952/952 953/953/953 954/954/954
f 953/953/953 955/955/955 954/954/954
f 956/956/956 954/954/954 955/955/955
f 957/957/957 956/956/956 955/955/955
f 960/960/960 959/959/959 958/958/958
f 963/963/963 962/962/962 961/961/961
f 963/963/963 964/964/964 962/962/962
f 967/967/967 966/966/966 965/965/965
f 965/965/965 969/969/969 968/968/968
f 972/972/972 971/971/971 970/970/970
f 975/975/975 974/974/974 973/973/973
f 973/973/973 976/976/976 975/975/975
f 973/973/973 977/977/977 976/976/976
f 980/980/980 979/979/979 978/978/978
f 983/983/983 982/982/982 981/981/981
f 986/986/986 985/985/985 984/984/984
f 989/989/989 988/988/988 987/987/987
f 987/987/987 990/990/990 989/989/989
f 987/987/987 991/991/991 990/990/990
f 994/994/994 993/993/993 992/992/992
f 997/997/997 996/996/996 995/995/995
f 997/997/997 998/998/998 996/996/996
f 1001/1001/1001 1000/1000/1000 999/999/999
f 999/999/999 1002/1002/1002 1001/1001/1001
f 999/999/999 1003/1003/1003 1002/1002/1002
f 1006/1006/1006 1005/1005/1005 1004/1004/1004
f 1009/1009/1009 1008/1008/1008 1007/1007/1007
f 1009/1009/1009 1010/1010/1010 1008/1008/1008
f 1013/1013/1013 1012/1012/1012 1011/1011/1011
f 1016/1016/1016 1015/1015/1015 1014/1014/1014
f 1016/1016/1016 1017/1017/1017 1015/1015/1015
f 1020/1020/1020 1019/1019/1019 1018/1018/1018
f 1023/1023/1023 1022/1022/1022 1021/1021/1021
f 1023/1023/1023 1024/1024/1024 1022/1022/1022
f 1027/1027/1027 1026/1026/1026 1025/1025/1025
f 1025/1025/1025 1028/1028/1028 1027/1027/1027
f 1031/1031/1031 1030/1030/1030 1029/1029/1029
f 1034/1034/1034 1033/1033/1033 1032/1032/1032
f 1037/1037/1037 1036/1036/1036 1035/1035/1035
f 1040/1040/1040 1039/1039/1039 1038/1038/1038
f 1043/1043/1043 1042/1042/1042 1041/1041/1041
f 1046/1046/1046 1045/1045/1045 1044/1044/1044
f 1046/1046/1046 1047/1047/1047 1045/1045/1045
f 1050/1050/1050 1049/1049/1049 1048/1048/1048
f 1048/1048/1048 1051/1051/1051 1050/1050/1050
f 1048/1048/1048 1052/1052/1052 1051/1051/1051
f 1055/1055/1055 1054/1054/1054 1053/1053/1053
f 1058/1058/1058 1057/1057/1057 1056/1056/1056
f 1058/1058/1058 1059/1059/1059 1057/1057/1057
f 1062/1062/1062 1061/1061/1061 1060/1060/1060
f 1060/1060/1060 1063/1063/1063 1062/1062/1062
f 1060/1060/1060 1064/1064/1064 1063/1063/1063
f 1067/1067/1067 1066/1066/1066 1065/1065/1065
f 1070/1070/1070 1069/1069/1069 1068/1068/1068
f 1070/1070/1070 1071/1071/1071 1069/1069/1069
f 1074/1074/1074 1073/1073/1073 1072/1072/1072
f 1077/1077/1077 1076/1076/1076 1075/1075/1075
f 1080/1080/1080 1079/1079/1079 1078/1078/1078
f 1083/1083/1083 1082/1082/1082 1081/1081/1081
f 1086/1086/1086 1085/1085/1085 1084/1084/1084
f 1086/1086/1086 1087/1087/1087 1085/1085/1085
f 1090/1090/1090 1089/1089/1089 1088/1088/1088
f 1088/1088/1088 1091/1091/1091 1090/1090/1090
f 1088/1088/1088 1092/1092/1092 1091/1091/1091
f 1095/1095/1095 1094/1094/1094 1093/1093/1093
f 1098/1098/1098 1097/1097/1097 1096/1096/1096
f 1098/1098/1098 1099/1099/1099 1097/1097/1097
f 1102/1102/1102 1101/1101/1101 1100/1100/1100
f 1100/1100/1100 1103/1103/1103 1102/1102/1102
f 1106/1106/1106 1105/1105/1105 1104/1104/1104
f 1109/1109/1109 1108/1108/1108 1107/1107/1107
f 1112/1112/1112 1111/1111/1111 1110/1110/1110
f 1112/1112/1112 1113/1113/1113 1111/1111/1111
f 1116/1116/1116 1115/1115/1115 1114/1114/1114
f 1119/1119/1119 1118/1118/1118 1117/1117/1117
f 1122/1122/1122 1121/1121/1121 1120/1120/1120
f 1125/1125/1125 1124/1124/1124 1123/1123/1123
f 1123/1123/1123 1126/1126/1126 1125/1125/1125
f 1123/1123/1123 1127/1127/1127 1126/1126/1126
f 1130/1130/1130 1129/1129/1129 1128/1128/1128
f 1128/1128/1128 1131/1131/1131 1130/1130/1130
f 1134/1134/1134 1133/1133/1133 1132/1132/1132
f 1137/1137/1137 1136/1136/1136 1135/1135/1135
f 1135/1135/1135 1138/1138/1138 1137/1137/1137
f 1135/1135/1135 1139/1139/1139 1138/1138/1138
f 1142/1142/1142 1141/1141/1141 1140/1140/1140
f 1145/1145/1145 1144/1144/1144 1143/1143/1143
f 1148/1148/1148 1147/1147/1147 1146/1146/1146
f 1151/1151/1151 1150/1150/1150 1149/1149/1149
f 1154/1154/1154 1153/1153/1153 1152/1152/1152
f 1157/1157/1157 1156/1156/1156 1155/1155/1155
f 1160/1160/1160 1159/1159/1159 1158/1158/1158
f 1163/1163/1163 1162/1162/1162 1161/1161/1161
f 1166/1166/1166 1165/1165/1165 1164/1164/1164
f 1169/1169/1169 1168/1168/1168 1167/1167/1167
f 1172/1172/1172 1171/1171/1171 1170/1170/1170
f 1175/1175/1175 1174/1174/1174 1173/1173/1173
f 1178/1178/1178 1177/1177/1177 1176/1176/1176
f 1181/1181/1181 1180/1180/1180 1179/1179/1179
f 1184/1184/1184 1183/1183/1183 1182/1182/1182
f 1187/1187/1187 1186/1186/1186 1185/1185/1185
f 1190/1190/1190 1189/1189/1189 1188/1188/1188
f 1193/1193/1193 1192/1192/1192 1191/1191/1191
f 1196/1196/1196 1195/1195/1195 1194/1194/1194
f 1199/1199/1199 1198/1198/1198 1197/1197/1197
f 1202/1202/1202 1201/1201/1201 1200/1200/1200
f 1205/1205/1205 1204/1204/1204 1203/1203/1203
f 1208/1208/1208 1207/1207/1207 1206/1206/1206
f 1211/1211/1211 1210/1210/1210 1209/1209/1209
f 1214/1214/1214 1213/1213/1213 1212/1212/1212
f 1217/1217/1217 1216/1216/1216 1215/1215/1215
f 1220/1220/1220 1219/1219/1219 1218/1218/1218
f 1223/1223/1223 1222/1222/1222 1221/1221/1221
f 1226/1226/1226 1225/1225/1225 1224/1224/1224
f 1229/1229/1229 1228/1228/1228 1227/1227/1227
f 1232/1232/1232 1231/1231/1231 1230/1230/1230
f 1235/1235/1235 1234/1234/1234 1233/1233/1233
f 1236/1236/1236 1235/1235/1235 1233/1233/1233
f 1239/1239/1239 1238/1238/1238 1237/1237/1237
f 1240/1240/1240 1239/1239/1239 1237/1237/1237
f 1243/1243/1243 1242/1242/1242 1241/1241/1241
f 1244/1244/1244 1243/1243/1243 1241/1241/1241
f 1247/1247/1247 1246/1246/1246 1245/1245/1245
f 1250/1250/1250 1249/1249/1249 1248/1248/1248
f 1253/1253/1253 1252/1252/1252 1251/1251/1251
f 1254/1254/1254 1253/1253/1253 1251/1251/1251
f 1257/1257/1257 1256/1256/1256 1255/1255/1255
f 1260/1260/1260 1259/1259/1259 1258/1258/1258
f 1261/1261/1261 1260/1260/1260 1258/1258/1258
f 1264/1264/1264 1263/1263/1263 1262/1262/1262
f 1265/1265/1265 1264/1264/1264 1262/1262/1262
f 1268/1268/1268 1267/1267/1267 1266/1266/1266
f 1269/1269/1269 1268/1268/1268 1266/1266/1266
f 1272/1272/1272 1271/1271/1271 1270/1270/1270
f 1273/1273/1273 1272/1272/1272 1270/1270/1270
f 1276/1276/1276 1275/1275/1275 1274/1274/1274
f 1277/1277/1277 1276/1276/1276 1274/1274/1274
f 1280/1280/1280 1279/1279/1279 1278/1278/1278
f 1281/1281/1281 1280/1280/1280 1278/1278/1278
f 1284/1284/1284 1283/1283/1283 1282/1282/1282
f 1285/1285/1285 1284/1284/1284 1282/1282/1282
f 1288/1288/1288 1287/1287/1287 1286/1286/1286
f 1289/1289/1289 1288/1288/1288 1286/1286/1286
f 1292/1292/1292 1291/1291/1291 1290/1290/1290
f 1293/1293/1293 1292/1292/1292 1290/1290/1290
f 1296/1296/1296 1295/1295/1295 1294/1294/1294
f 1297/1297/1297 1296/1296/1296 1294/1294/1294
f 1300/1300/1300 1299/1299/1299 1298/1298/1298
f 1303/1303/1303 1302/1302/1302 1301/1301/1301
f 1306/1306/1306 1305/1305/1305 1304/1304/1304
f 1307/1307/1307 1306/1306/1306 1304/1304/1304
f 1310/1310/1310 1309/1309/1309 1308/1308/1308
f 1311/1311/1311 1310/1310/1310 1308/1308/1308
f 1314/1314/1314 1313/1313/1313 1312/1312/1312
f 1315/1315/1315 1314/1314/1314 1312/1312/1312
f 2/2/2 3/3/3 1316/1316/1316
f 1317/1317/1317 2/2/2 1316/1316/1316
f 1320/1320/1320 1319/1319/1319 1318/1318/1318
f 1321/1321/1321 1320/1320/1320 1318/1318/1318
f 1324/1324/1324 1323/1323/1323 1322/1322/1322
f 1325/1325/1325 1324/1324/1324 1322/1322/1322
f 1328/1328/1328 1327/1327/1327 1326/1326/1326
f 1329/1329/1329 1328/1328/1328 1326/1326/1326
f 1332/1332/1332 1331/1331/1331 1330/1330/1330
f 1333/1333/1333 1332/1332/1332 1330/1330/1330
f 1336/1336/1336 1335/1335/1335 1334/1334/1334
f 1337/1337/1337 1336/1336/1336 1334/1334/1334
f 1340/1340/1340 1339/1339/1339 1338/1338/1338
f 1341/1341/1341 1340/1340/1340 1338/1338/1338
f 1344/1344/1344 1343/1343/1343 1342/1342/1342
f 1345/1345/1345 1344/1344/1344 1342/1342/1342
f 1348/1348/1348 1347/1347/1347 1346/1346/1346
f 1349/1349/1349 1348/1348/1348 1346/1346/1346
f 1352/1352/1352 1351/1351/1351 1350/1350/1350
f 1353/1353/1353 1352/1352/1352 1350/1350/1350
f 1356/1356/1356 1355/1355/1355 1354/1354/1354
f 1357/1357/1357 1356/1356/1356 1354/1354/1354
f 1360/1360/1360 1359/1359/1359 1358/1358/1358
f 1361/1361/1361 1360/1360/1360 1358/1358/1358
f 1364/1364/1364 1363/1363/1363 1362/1362/1362
f 1365/1365/1365 1364/1364/1364 1362/1362/1362
f 362/362/362 223/223/223 212/212/212
f 211/211/211 362/362/362 212/212/212
f 1368/1368/1368 1367/1367/1367 1366/1366/1366
f 1369/1369/1369 1368/1368/1368 1366/1366/1366
f 1372/1372/1372 1371/1371/1371 1370/1370/1370
f 1373/1373/1373 1372/1372/1372 1370/1370/1370
f 1376/1376/1376 1375/1375/1375 1374/1374/1374
f 1379/1379/1379 1378/1378/1378 1377/1377/1377
f 1382/1382/1382 1381/1381/1381 1380/1380/1380
f 1383/1383/1383 1382/1382/1382 1380/1380/1380
f 1386/1386/1386 1385/1385/1385 1384/1384/1384
f 1389/1389/1389 1388/1388/1388 1387/1387/1387
f 1392/1392/1392 1391/1391/1391 1390/1390/1390
f 1393/1393/1393 1392/1392/1392 1390/1390/1390
f 1396/1396/1396 1395/1395/1395 1394/1394/1394
f 1397/1397/1397 1396/1396/1396 1394/1394/1394
f 1400/1400/1400 1399/1399/1399 1398/1398/1398
f 1401/1401/1401 1400/1400/1400 1398/1398/1398
f 1404/1404/1404 1403/1403/1403 1402/1402/1402
f 1405/1405/1405 1404/1404/1404 1402/1402/1402
f 1408/1408/1408 1407/1407/1407 1406/1406/1406
f 1409/1409/1409 1408/1408/1408 1406/1406/1406
f 1412/1412/1412 1411/1411/1411 1410/1410/1410
f 1413/1413/1413 1412/1412/1412 1410/1410/1410
f 1416/1416/1416 1415/1415/1415 1414/1414/1414
f 1419/1419/1419 1418/1418/1418 1417/1417/1417
f 1422/1422/1422 1421/1421/1421 1420/1420/1420
f 1423/1423/1423 1422/1422/1422 1420/1420/1420
f 1426/1426/1426 1425/1425/1425 1424/1424/1424
f 1429/1429/1429 1428/1428/1428 1427/1427/1427
f 1432/1432/1432 1431/1431/1431 1430/1430/1430
f 1433/1433/1433 1432/1432/1432 1430/1430/1430
f 1436/1436/1436 1435/1435/1435 1434/1434/1434
f 1437/1437/1437 1436/1436/1436 1434/1434/1434
f 1440/1440/1440 1439/1439/1439 1438/1438/1438
f 1443/1443/1443 1442/1442/1442 1441/1441/1441
f 1446/1446/1446 1445/1445/1445 1444/1444/1444
f 1447/1447/1447 1446/1446/1446 1444/1444/1444
f 1450/1450/1450 1449/1449/1449 1448/1448/1448
f 1451/1451/1451 1450/1450/1450 1448/1448/1448
f 1454/1454/1454 1453/1453/1453 1452/1452/1452
f 1455/1455/1455 1454/1454/1454 1452/1452/1452
f 1458/1458/1458 1457/1457/1457 1456/1456/1456
f 1459/1459/1459 1458/1458/1458 1456/1456/1456
f 1462/1462/1462 1461/1461/1461 1460/1460/1460
f 1463/1463/1463 1462/1462/1462 1460/1460/1460
f 1466/1466/1466 1465/1465/1465 1464/1464/1464
f 1467/1467/1467 1466/1466/1466 1464/1464/1464
f 1470/1470/1470 1469/1469/1469 1468/1468/1468
f 1471/1471/1471 1470/1470/1470 1468/1468/1468
f 1474/1474/1474 1473/1473/1473 1472/1472/1472
f 1475/1475/1475 1474/1474/1474 1472/1472/1472
f 1478/1478/1478 1477/1477/1477 1476/1476/1476
f 1481/1481/1481 1480/1480/1480 1479/1479/1479
f 1484/1484/1484 1483/1483/1483 1482/1482/1482
f 1485/1485/1485 1484/1484/1484 1482/1482/1482
f 1488/1488/1488 1487/1487/1487 1486/1486/1486
f 1489/1489/1489 1488/1488/1488 1486/1486/1486
f 1492/1492/1492 1491/1491/1491 1490/1490/1490
f 1493/1493/1493 1492/1492/1492 1490/1490/1490
f 1496/1496/1496 1495/1495/1495 1494/1494/1494
f 1497/1497/1497 1496/1496/1496 1494/1494/1494
f 1500/1500/1500 1499/1499/1499 1498/1498/1498
f 1501/1501/1501 1500/1500/1500 1498/1498/1498
f 1504/1504/1504 1503/1503/1503 1502/1502/1502
f 1505/1505/1505 1504/1504/1504 1502/1502/1502
f 1508/1508/1508 1507/1507/1507 1506/1506/1506
f 1509/1509/1509 1508/1508/1508 1506/1506/1506
f 1512/1512/1512 1511/1511/1511 1510/1510/1510
f 1515/1515/1515 1514/1514/1514 1513/1513/1513
f 1518/1518/1518 1517/1517/1517 1516/1516/1516
f 1519/1519/1519 1518/1518/1518 1516/1516/1516
f 1522/1522/1522 1521/1521/1521 1520/1520/1520
f 1525/1525/1525 1524/1524/1524 1523/1523/1523
f 1528/1528/1528 1527/1527/1527 1526/1526/1526
f 1529/1529/1529 1528/1528/1528 1526/1526/1526
f 1532/1532/1532 1531/1531/1531 1530/1530/1530
f 1533/1533/1533 1532/1532/1532 1530/1530/1530
f 1536/1536/1536 1535/1535/1535 1534/1534/1534
f 1537/1537/1537 1536/1536/1536 1534/1534/1534
f 1540/1540/1540 1539/1539/1539 1538/1538/1538
f 1541/1541/1541 1540/1540/1540 1538/1538/1538
f 1544/1544/1544 1543/1543/1543 1542/1542/1542
f 1545/1545/1545 1544/1544/1544 1542/1542/1542
f 1548/1548/1548 1547/1547/1547 1546/1546/1546
f 1551/1551/1551 1550/1550/1550 1549/1549/1549
f 1554/1554/1554 1553/1553/1553 1552/1552/1552
f 1557/1557/1557 1556/1556/1556 1555/1555/1555
f 1560/1560/1560 1559/1559/1559 1558/1558/1558
f 1561/1561/1561 1560/1560/1560 1558/1558/1558
f 1564/1564/1564 1563/1563/1563 1562/1562/1562
f 1565/1565/1565 1564/1564/1564 1562/1562/1562
f 1568/1568/1568 1567/1567/1567 1566/1566/1566
f 1571/1571/1571 1570/1570/1570 1569/1569/1569
f 1574/1574/1574 1573/1573/1573 1572/1572/1572
f 1577/1577/1577 1576/1576/1576 1575/1575/1575
f 1580/1580/1580 1579/1579/1579 1578/1578/1578
f 1581/1581/1581 1580/1580/1580 1578/1578/1578
f 1584/1584/1584 1583/1583/1583 1582/1582/1582
f 1587/1587/1587 1586/1586/1586 1585/1585/1585
f 1590/1590/1590 1589/1589/1589 1588/1588/1588
f 1591/1591/1591 1590/1590/1590 1588/1588/1588
f 1594/1594/1594 1593/1593/1593 1592/1592/1592
f 1595/1595/1595 1594/1594/1594 1592/1592/1592
f 1598/1598/1598 1597/1597/1597 1596/1596/1596
f 1599/1599/1599 1598/1598/1598 1596/1596/1596
f 1602/1602/1602 1601/1601/1601 1600/1600/1600
f 1603/1603/1603 1602/1602/1602 1600/1600/1600
f 1606/1606/1606 1605/1605/1605 1604/1604/1604
f 1607/1607/1607 1606/1606/1606 1604/1604/1604
f 1610/1610/1610 1609/1609/1609 1608/1608/1608
f 1611/1611/1611 1610/1610/1610 1608/1608/1608
f 1614/1614/1614 1613/1613/1613 1612/1612/1612
f 1615/1615/1615 1614/1614/1614 1612/1612/1612
f 1618/1618/1618 1617/1617/1617 1616/1616/1616
f 1619/1619/1619 1618/1618/1618 1616/1616/1616
f 1622/1622/1622 1621/1621/1621 1620/1620/1620
f 1623/1623/1623 1622/1622/1622 1620/1620/1620
