g Shower
v -0.014315401 0.21738413 0.06834921
v -0.014444271 0.14899802 -0.022220023
v -0.0048772204 0.14997706 -0.023647713
v -0.0047463286 0.21890934 0.06813876
v 0.0035263123 -0.15907584 -0.12701097
v 0.010443425 -0.15928641 -0.12569927
v 0.011262377 -0.11551935 -0.122539796
v 0.0038028385 -0.11528388 -0.12395015
v 0.026713362 0.2344326 0.17045732
v 0.016624851 0.23863523 0.17152019
v 0.014564303 0.2169461 0.06844768
v 0.023563767 0.21357459 0.06897082
v 0.035749488 0.22855693 0.16865821
v 0.026713362 0.2344326 0.17045732
v 0.023563767 0.21357459 0.06897082
v 0.035749488 0.22855693 0.16865821
v 0.023563767 0.21357459 0.06897082
v 0.031657692 0.20865817 0.06967014
v 0.04338597 0.22122821 0.16619338
v 0.035749488 0.22855693 0.16865821
v 0.031657692 0.20865817 0.06967014
v 0.038535025 0.20236002 0.070509724
v 0.049329337 0.21272452 0.1631624
v 0.04338597 0.22122821 0.16619338
v 0.038535025 0.20236002 0.070509724
v 0.049329337 0.21272452 0.1631624
v 0.038535025 0.20236002 0.070509724
v 0.043931477 0.19491886 0.07145996
v 0.0533512 0.20336923 0.15968849
v 0.049329337 0.21272452 0.1631624
v 0.043931477 0.19491886 0.07145996
v 0.0533512 0.20336923 0.15968849
v 0.043931477 0.19491886 0.07145996
v 0.047639664 0.18662088 0.07249003
v 0.05529699 0.19351758 0.15591154
v 0.0533512 0.20336923 0.15968849
v 0.047639664 0.18662088 0.07249003
v 0.049517103 0.17778018 0.073565334
v 0.055091947 0.183548 0.1519818
v 0.05529699 0.19351758 0.15591154
v 0.049517103 0.17778018 0.073565334
v 0.04949161 0.16874476 0.074650384
v 0.052743938 0.17384416 0.1480591
v 0.055091947 0.183548 0.1519818
v 0.04949161 0.16874476 0.074650384
v 0.04756419 0.15986596 0.07570899
v 0.048343204 0.16478029 0.1442996
v 0.052743938 0.17384416 0.1480591
v 0.04756419 0.15986596 0.07570899
v 0.043808904 0.15148558 0.076702796
v 0.042058848 0.15670928 0.14084151
v 0.048343204 0.16478029 0.1442996
v 0.043808904 0.15148558 0.076702796
v 0.038370065 0.14393921 0.0775931
v 0.034132387 0.14994475 0.13780636
v 0.042058848 0.15670928 0.14084151
v 0.038370065 0.14393921 0.0775931
v 0.031456687 0.13751954 0.07834299
v 0.024868429 0.14475283 0.13529733
v 0.034132387 0.14994475 0.13780636
v 0.031456687 0.13751954 0.07834299
v 0.02333444 0.13248785 0.078918025
v 0.014622978 0.14133653 0.1333987
v 0.024868429 0.14475283 0.13529733
v 0.02333444 0.13248785 0.078918025
v 0.014315463 0.12903762 0.07929297
v 0.0037897606 0.13983129 0.13217364
v 0.014622978 0.14133653 0.1333987
v 0.014315463 0.12903762 0.07929297
v 0.0047463523 0.12731372 0.079447135
v -0.007214903 0.14029707 0.13166422
v 0.0037897606 0.13983129 0.13217364
v 0.0047463523 0.12731372 0.079447135
v -0.005005158 0.1273857 0.079372846
v -0.017968113 0.1427142 0.13189138
v -0.007214903 0.14029707 0.13166422
v -0.005005158 0.1273857 0.079372846
v -0.014564322 0.12924433 0.079074845
v -0.028056625 0.14698932 0.1328527
v -0.017968113 0.1427142 0.13189138
v -0.014564322 0.12924433 0.079074845
v -0.023563787 0.13282624 0.078565575
v -0.037092745 0.15295298 0.13452247
v -0.028056625 0.14698932 0.1328527
v -0.023563787 0.13282624 0.078565575
v -0.031657714 0.13797782 0.07787257
v -0.044729225 0.16037297 0.13684928
v -0.037092745 0.15295298 0.13452247
v -0.031657714 0.13797782 0.07787257
v -0.038535044 0.14450656 0.07702604
v -0.0506726 0.16895875 0.13975672
v -0.044729225 0.16037297 0.13684928
v -0.038535044 0.14450656 0.07702604
v -0.04393149 0.15214872 0.07606424
v -0.05469445 0.17837602 0.14314386
v -0.0506726 0.16895875 0.13975672
v -0.04393149 0.15214872 0.07606424
v -0.047639683 0.16060114 0.07502911
v -0.056640234 0.18826066 0.1468832
v -0.05469445 0.17837602 0.14314386
v -0.047639683 0.16060114 0.07502911
v -0.049517106 0.1695372 0.07395967
v -0.056435183 0.19822975 0.15082353
v -0.056640234 0.18826066 0.1468832
v -0.049517106 0.1695372 0.07395967
v -0.049491603 0.17860015 0.07289386
v -0.054087162 0.2079014 0.15480557
v -0.056435183 0.19822975 0.15082353
v -0.049491603 0.17860015 0.07289386
v -0.04756417 0.18744414 0.07186724
v -0.049686406 0.216905 0.15867063
v -0.054087162 0.2079014 0.15480557
v -0.04756417 0.18744414 0.07186724
v -0.049686406 0.216905 0.15867063
v -0.04756417 0.18744414 0.07186724
v -0.043808874 0.19571945 0.07091146
v -0.043402042 0.22489877 0.16226356
v -0.049686406 0.216905 0.15867063
v -0.043808874 0.19571945 0.07091146
v -0.038370024 0.20311236 0.070057146
v -0.035475574 0.23157905 0.1654399
v -0.043402042 0.22489877 0.16226356
v -0.038370024 0.20311236 0.070057146
v -0.077201456 0.21977624 0.25824702
v -0.08787569 0.20883693 0.24768928
v -0.049686406 0.216905 0.15867063
v -0.035475574 0.23157905 0.1654399
v -0.038370024 0.20311236 0.070057146
v -0.03145663 0.2093403 0.06933098
v -0.026211603 0.23669055 0.16807258
v -0.035475574 0.23157905 0.1654399
v -0.03145663 0.2093403 0.06933098
v -0.02333438 0.21415655 0.06875421
v -0.015966145 0.24003881 0.1700578
v -0.026211603 0.23669055 0.16807258
v -0.02333438 0.21415655 0.06875421
v -0.014315401 0.21738413 0.06834921
v -0.0051329737 0.24149683 0.1713186
v -0.015966145 0.24003881 0.1700578
v -0.014315401 0.21738413 0.06834921
v -0.0047463286 0.21890934 0.06813876
v 0.005871643 0.24101833 0.17181036
v -0.0051329737 0.24149683 0.1713186
v -0.0047463286 0.21890934 0.06813876
v 0.0050051394 0.21873382 0.068160236
v -0.056640234 0.18826066 0.1468832
v -0.09977287 0.16899875 0.21192737
v -0.09652143 0.15505163 0.20023076
v -0.05469445 0.17837602 0.14314386
v 0.014622978 0.14133653 0.1333987
v 0.020673152 0.0999945 0.16459318
v 0.038033374 0.104364984 0.16967742
v 0.024868429 0.14475283 0.13529733
v -0.007214903 0.14029707 0.13166422
v -0.016302807 0.099471994 0.16092962
v 0.0023260687 0.098341234 0.16164356
v 0.0037897606 0.13983129 0.13217364
v 0.014444343 0.14886755 -0.022230322
v 0.0048772567 0.1499283 -0.023653395
v 0.0048643886 0.07338422 -0.07704729
v 0.014406234 0.07267409 -0.075338155
v -0.0057750666 -0.21273988 -0.08094011
v -0.008785951 -0.20269163 -0.070228696
v -0.0029666598 -0.2028704 -0.06914401
v -0.001950006 -0.2128548 -0.08022579
v 0.019798668 -0.21043003 -0.097007215
v 0.01979867 -0.20989925 -0.10069787
v 0.010288452 -0.22490884 -0.09957022
v 0.010288452 -0.22518684 -0.09764717
v 0.019037815 -0.20938307 -0.10432302
v 0.009891972 -0.22463843 -0.10145921
v 0.010288452 -0.22490884 -0.09957022
v 0.01979867 -0.20989925 -0.10069787
v 0.019037815 -0.20938307 -0.10432302
v 0.01979867 -0.20989925 -0.10069787
v 0.030120887 -0.19827706 -0.10022207
v 0.028963355 -0.19747871 -0.105725855
v 0.08338785 0.15767017 0.27853936
v 0.07851206 0.1556121 0.27880114
v 0.07210138 0.16801059 0.2895811
v 0.076625966 0.1707431 0.28991717
v -0.023394391 0.071390085 -0.07201757
v -0.022607278 0.013457116 -0.09583297
v -0.013921462 0.014410648 -0.09914872
v -0.014406162 0.07272795 -0.07535134
v 0.023456339 0.14682376 -0.019438624
v 0.014444343 0.14886755 -0.022230322
v 0.014406234 0.07267409 -0.075338155
v 0.023394452 0.07128982 -0.07199046
v 0.0048643886 0.07338422 -0.07704729
v 0.004700725 0.014885064 -0.10083874
v 0.013921531 0.01437964 -0.09913911
v 0.014406234 0.07267409 -0.075338155
v -0.031483587 0.06941885 -0.067176715
v -0.03042431 0.012055165 -0.09102049
v -0.022607278 0.013457116 -0.09583297
v -0.023394391 0.071390085 -0.07201757
v -0.038362887 0.0668819 -0.06101885
v -0.037072152 0.010248065 -0.0848967
v -0.03042431 0.012055165 -0.09102049
v -0.031483587 0.06941885 -0.067176715
v -0.043767918 0.0638766 -0.05378897
v -0.04229533 0.008132381 -0.07772292
v -0.037072152 0.010248065 -0.0848967
v -0.038362887 0.0668819 -0.06101885
v -0.047490973 0.060516436 -0.045771845
v -0.04589312 0.0057892534 -0.069783196
v -0.04229533 0.008132381 -0.07772292
v -0.043767918 0.0638766 -0.05378897
v -0.04938897 0.056917693 -0.03727565
v -0.04772727 0.0032716875 -0.061366428
v -0.04589312 0.0057892534 -0.069783196
v -0.047490973 0.060516436 -0.045771845
v -0.049388986 0.0532119 -0.028627262
v -0.047727276 0.00066925585 -0.052795965
v -0.04772727 0.0032716875 -0.061366428
v -0.04938897 0.056917693 -0.03727565
v -0.049519625 0.12542018 0.009457207
v -0.049519632 0.11990108 0.016633838
v -0.049517106 0.1695372 0.07395967
v -0.049491603 0.17860015 0.07289386
v -0.047491003 0.04954854 -0.020162612
v -0.045893148 -0.0019141715 -0.04440358
v -0.047727276 0.00066925585 -0.052795965
v -0.049388986 0.0532119 -0.028627262
v -0.049519632 0.11990108 0.016633838
v -0.047616627 0.11445479 0.023654299
v -0.043767963 0.04607204 -0.012206209
v -0.042295378 -0.0043760827 -0.03651033
v -0.045893148 -0.0019141715 -0.04440358
v -0.047491003 0.04954854 -0.020162612
v -0.047616627 0.11445479 0.023654299
v -0.04388374 0.10929143 0.030251898
v -0.037258916 -0.054508764 -0.057579815
v -0.040428273 -0.053104322 -0.06464582
v -0.038362946 0.042917326 -0.00505854
v -0.037072208 -0.006611907 -0.029420916
v -0.042295378 -0.0043760827 -0.03651033
v -0.043767963 0.04607204 -0.012206209
v -0.03265772 -0.055786643 -0.05123549
v -0.037258916 -0.054508764 -0.057579815
v -0.03148366 0.04021296 0.0010113008
v -0.030424384 -0.008526453 -0.023405341
v -0.037072208 -0.006611907 -0.029420916
v -0.038362946 0.042917326 -0.00505854
v -0.026801502 -0.056877077 -0.045857694
v -0.03265772 -0.055786643 -0.05123549
v -0.023394475 0.038105812 0.005755577
v -0.022607362 -0.010023152 -0.018697398
v -0.030424384 -0.008526453 -0.023405341
v -0.03148366 0.04021296 0.0010113008
v -0.019915316 -0.057740625 -0.04164078
v -0.026801502 -0.056877077 -0.045857694
v -0.014406253 0.03667914 0.00900024
v -0.0139215505 -0.011041707 -0.015469253
v -0.022607362 -0.010023152 -0.018697398
v -0.023394475 0.038105812 0.005755577
v -0.012263797 -0.058343265 -0.03873769
v -0.019915316 -0.057740625 -0.04164078
v -0.0048644086 0.03594179 0.010657226
v -0.004700744 -0.0115730995 -0.0138179995
v -0.0139215505 -0.011041707 -0.015469253
v -0.014406253 0.03667914 0.00900024
v -0.0041409875 -0.05866307 -0.037251472
v -0.012263797 -0.058343265 -0.03873769
v 0.0048643746 0.035908647 0.010676771
v 0.004700711 -0.011604948 -0.013796683
v -0.004700744 -0.0115730995 -0.0138179995
v -0.0048644086 0.03594179 0.010657226
v 0.004140959 -0.058687214 -0.037233055
v -0.0041409875 -0.05866307 -0.037251472
v 0.014406222 0.036586888 0.009053621
v 0.013921521 -0.011130637 -0.015409857
v 0.004700711 -0.011604948 -0.013796683
v 0.0048643746 0.035908647 0.010676771
v 0.01226377 -0.0584138 -0.038684465
v 0.004140959 -0.058687214 -0.037233055
v 0.023394449 0.03801155 0.005807385
v 0.02260733 -0.010130752 -0.0186246
v 0.013921521 -0.011130637 -0.015409857
v 0.014406222 0.036586888 0.009053621
v 0.019915292 -0.057849687 -0.041558944
v 0.01226377 -0.0584138 -0.038684465
v 0.031483635 0.0401358 0.001049093
v 0.03042436 -0.008628073 -0.023337878
v 0.02260733 -0.010130752 -0.0186246
v 0.023394449 0.03801155 0.005807385
v 0.026801478 -0.056999225 -0.045768656
v 0.019915292 -0.057849687 -0.041558944
v 0.038362928 0.04282654 -0.005017377
v 0.037072193 -0.0067171934 -0.029355604
v 0.03042436 -0.008628073 -0.023337878
v 0.038362928 0.04282654 -0.005017377
v 0.03042436 -0.008628073 -0.023337878
v 0.031483635 0.0401358 0.001049093
v 0.037072193 -0.0067171934 -0.029355604
v 0.0326577 -0.055906348 -0.05115276
v 0.026801478 -0.056999225 -0.045768656
v 0.043767937 0.04596837 -0.012162294
v 0.042295355 -0.0044939425 -0.036440298
v 0.037072193 -0.0067171934 -0.029355604
v 0.038362928 0.04282654 -0.005017377
v 0.0372589 -0.05464118 -0.05749107
v 0.0326577 -0.055906348 -0.05115276
v 0.04749098 0.04943361 -0.020116674
v 0.045893133 -0.0020485371 -0.04432582
v 0.042295355 -0.0044939425 -0.036440298
v 0.043767937 0.04596837 -0.012162294
v 0.043883722 0.10912463 0.030290633
v 0.04761661 0.11426856 0.023690611
v 0.040428262 -0.053257063 -0.06454551
v 0.0372589 -0.05464118 -0.05749107
v 0.049388975 0.053084582 -0.028579026
v 0.04772727 0.00052150525 -0.052713554
v 0.045893133 -0.0020485371 -0.04432582
v 0.04761661 0.11426856 0.023690611
v 0.049519625 0.119695574 0.01666617
v 0.049388975 0.053084582 -0.028579026
v 0.045893133 -0.0020485371 -0.04432582
v 0.04749098 0.04943361 -0.020116674
v 0.04761661 0.11426856 0.023690611
v 0.049388975 0.056779213 -0.03722615
v 0.04772727 0.0031156149 -0.061282963
v 0.04772727 0.00052150525 -0.052713554
v 0.049388975 0.053084582 -0.028579026
v 0.049519625 0.119695574 0.01666617
v 0.04951963 0.12519592 0.009484779
v 0.049517103 0.17778018 0.073565334
v 0.04949161 0.16874476 0.074650384
v 0.04749098 0.060375743 -0.04572481
v 0.045893133 0.005634412 -0.06970367
v 0.04772727 0.0031156149 -0.061282963
v 0.049388975 0.056779213 -0.03722615
v 0.043767944 0.06374098 -0.053747296
v 0.04229536 0.008005831 -0.07766385
v 0.045893133 0.005634412 -0.06970367
v 0.04749098 0.060375743 -0.04572481
v 0.038362928 0.06675026 -0.06098121
v 0.037072193 0.010147965 -0.08485581
v 0.04229536 0.008005831 -0.07766385
v 0.043767944 0.06374098 -0.053747296
v 0.03148364 0.06929277 -0.06714146
v 0.03042436 0.0119639225 -0.09098481
v 0.037072193 0.010147965 -0.08485581
v 0.03148364 0.06929277 -0.06714146
v 0.037072193 0.010147965 -0.08485581
v 0.038362928 0.06675026 -0.06098121
v 0.023394452 0.07128982 -0.07199046
v 0.022607338 0.013391709 -0.09580971
v 0.03042436 0.0119639225 -0.09098481
v 0.03148364 0.06929277 -0.06714146
v 0.014406234 0.07267409 -0.075338155
v 0.013921531 0.01437964 -0.09913911
v 0.022607338 0.013391709 -0.09580971
v 0.023394452 0.07128982 -0.07199046
v 0.0048643886 0.07338422 -0.07704729
v -0.0048643528 0.07339837 -0.07705023
v -0.0047006896 0.0148925455 -0.10084079
v 0.0048643886 0.07338422 -0.07704729
v -0.0047006896 0.0148925455 -0.10084079
v 0.004700725 0.014885064 -0.10083874
v 0.0041409708 -0.043619726 -0.1151908
v 0.0038028385 -0.11528388 -0.12395015
v 0.011262377 -0.11551935 -0.122539796
v 0.0041409708 -0.043619726 -0.1151908
v 0.011262377 -0.11551935 -0.122539796
v 0.0122637795 -0.043913115 -0.1136655
v -0.02333438 0.21415655 0.06875421
v -0.02345628 0.14701074 -0.01943266
v -0.014444271 0.14899802 -0.022220023
v -0.014315401 0.21738413 0.06834921
v 0.014564303 0.2169461 0.06844768
v 0.0050051394 0.21873382 0.068160236
v 0.0048772567 0.1499283 -0.023653395
v 0.014564303 0.2169461 0.06844768
v 0.0048772567 0.1499283 -0.023653395
v 0.014444343 0.14886755 -0.022230322
v -0.03145663 0.2093403 0.06933098
v -0.03156687 0.14408073 -0.01539738
v -0.02345628 0.14701074 -0.01943266
v -0.03145663 0.2093403 0.06933098
v -0.02345628 0.14701074 -0.01943266
v -0.02333438 0.21415655 0.06875421
v -0.038370024 0.20311236 0.070057146
v -0.038464367 0.14030084 -0.0102731325
v -0.03156687 0.14408073 -0.01539738
v -0.03145663 0.2093403 0.06933098
v -0.043808874 0.19571945 0.07091146
v -0.043883696 0.13581634 -0.004261818
v -0.038464367 0.14030084 -0.0102731325
v -0.038370024 0.20311236 0.070057146
v -0.04756417 0.18744414 0.07186724
v -0.0476166 0.13079521 0.002401013
v -0.043883696 0.13581634 -0.004261818
v -0.043808874 0.19571945 0.07091146
v -0.049491603 0.17860015 0.07289386
v -0.049519625 0.12542018 0.009457207
v -0.0476166 0.13079521 0.002401013
v -0.04756417 0.18744414 0.07186724
v -0.047639683 0.16060114 0.07502911
v -0.047616627 0.11445479 0.023654299
v -0.049519632 0.11990108 0.016633838
v -0.049517106 0.1695372 0.07395967
v -0.04393149 0.15214872 0.07606424
v -0.04388374 0.10929143 0.030251898
v -0.047616627 0.11445479 0.023654299
v -0.047639683 0.16060114 0.07502911
v -0.038535044 0.14450656 0.07702604
v -0.038464427 0.10461049 0.036178913
v -0.04388374 0.10929143 0.030251898
v -0.04393149 0.15214872 0.07606424
v -0.031657714 0.13797782 0.07787257
v -0.031566948 0.10060819 0.0412104
v -0.038464427 0.10461049 0.036178913
v -0.038535044 0.14450656 0.07702604
v -0.023563787 0.13282624 0.078565575
v -0.023456363 0.09746022 0.045153175
v -0.031566948 0.10060819 0.0412104
v -0.031657714 0.13797782 0.07787257
v -0.014564322 0.12924433 0.079074845
v -0.014444362 0.09527885 0.04786693
v -0.023456363 0.09746022 0.045153175
v -0.023563787 0.13282624 0.078565575
v -0.005005158 0.1273857 0.079372846
v -0.004877276 0.09416065 0.04925105
v -0.014444362 0.09527885 0.04786693
v -0.014564322 0.12924433 0.079074845
v 0.0047463523 0.12731372 0.079447135
v 0.0048772427 0.09414632 0.049256667
v -0.004877276 0.09416065 0.04925105
v -0.005005158 0.1273857 0.079372846
v 0.014315463 0.12903762 0.07929297
v 0.014444332 0.09522712 0.04788667
v 0.0048772427 0.09414632 0.049256667
v 0.0047463523 0.12731372 0.079447135
v 0.02333444 0.13248785 0.078918025
v 0.023456335 0.09737959 0.045180686
v 0.014444332 0.09522712 0.04788667
v 0.014315463 0.12903762 0.07929297
v 0.031456687 0.13751954 0.07834299
v 0.03156692 0.100504674 0.04124099
v 0.023456335 0.09737959 0.045180686
v 0.02333444 0.13248785 0.078918025
v 0.038370065 0.14393921 0.0775931
v 0.03846441 0.10447163 0.03621585
v 0.03156692 0.100504674 0.04124099
v 0.031456687 0.13751954 0.07834299
v 0.043808904 0.15148558 0.076702796
v 0.043883722 0.10912463 0.030290633
v 0.03846441 0.10447163 0.03621585
v 0.043808904 0.15148558 0.076702796
v 0.03846441 0.10447163 0.03621585
v 0.038370065 0.14393921 0.0775931
v 0.04756419 0.15986596 0.07570899
v 0.04761661 0.11426856 0.023690611
v 0.043883722 0.10912463 0.030290633
v 0.043808904 0.15148558 0.076702796
v 0.04949161 0.16874476 0.074650384
v 0.049519625 0.119695574 0.01666617
v 0.04761661 0.11426856 0.023690611
v 0.04756419 0.15986596 0.07570899
v 0.047639664 0.18662088 0.07249003
v 0.04761661 0.13055755 0.0024222545
v 0.04951963 0.12519592 0.009484779
v 0.049517103 0.17778018 0.073565334
v 0.043931477 0.19491886 0.07145996
v 0.043883722 0.13557445 -0.0042479
v 0.04761661 0.13055755 0.0024222545
v 0.047639664 0.18662088 0.07249003
v 0.038535025 0.20236002 0.070509724
v 0.03846441 0.14005795 -0.010265652
v 0.043883722 0.13557445 -0.0042479
v 0.043931477 0.19491886 0.07145996
v 0.031657692 0.20865817 0.06967014
v 0.031566925 0.14385359 -0.015396486
v 0.03846441 0.14005795 -0.010265652
v 0.038535025 0.20236002 0.070509724
v 0.023563767 0.21357459 0.06897082
v 0.023456339 0.14682376 -0.019438624
v 0.031566925 0.14385359 -0.015396486
v 0.031657692 0.20865817 0.06967014
v 0.014564303 0.2169461 0.06844768
v 0.014444343 0.14886755 -0.022230322
v 0.023456339 0.14682376 -0.019438624
v 0.023563767 0.21357459 0.06897082
v 0.0050051394 0.21873382 0.068160236
v -0.0047463286 0.21890934 0.06813876
v -0.0048772204 0.14997706 -0.023647713
v 0.0048772567 0.1499283 -0.023653395
v 0.022607338 0.013391709 -0.09580971
v 0.013921531 0.01437964 -0.09913911
v 0.0122637795 -0.043913115 -0.1136655
v 0.019915296 -0.044486646 -0.11067603
v 0.031566925 0.14385359 -0.015396486
v 0.023456339 0.14682376 -0.019438624
v 0.023394452 0.07128982 -0.07199046
v 0.03148364 0.06929277 -0.06714146
v 0.03846441 0.14005795 -0.010265652
v 0.031566925 0.14385359 -0.015396486
v 0.03148364 0.06929277 -0.06714146
v 0.038362928 0.06675026 -0.06098121
v 0.043883722 0.13557445 -0.0042479
v 0.03846441 0.14005795 -0.010265652
v 0.038362928 0.06675026 -0.06098121
v 0.043767944 0.06374098 -0.053747296
v 0.04761661 0.13055755 0.0024222545
v 0.043883722 0.13557445 -0.0042479
v 0.043767944 0.06374098 -0.053747296
v 0.04749098 0.060375743 -0.04572481
v 0.04951963 0.12519592 0.009484779
v 0.04761661 0.13055755 0.0024222545
v 0.04749098 0.060375743 -0.04572481
v 0.049388975 0.056779213 -0.03722615
v 0.03846441 0.10447163 0.03621585
v 0.043883722 0.10912463 0.030290633
v 0.043767937 0.04596837 -0.012162294
v 0.038362928 0.04282654 -0.005017377
v 0.03156692 0.100504674 0.04124099
v 0.03846441 0.10447163 0.03621585
v 0.038362928 0.04282654 -0.005017377
v 0.031483635 0.0401358 0.001049093
v 0.023456335 0.09737959 0.045180686
v 0.03156692 0.100504674 0.04124099
v 0.031483635 0.0401358 0.001049093
v 0.023394449 0.03801155 0.005807385
v 0.014444332 0.09522712 0.04788667
v 0.023456335 0.09737959 0.045180686
v 0.023394449 0.03801155 0.005807385
v 0.014406222 0.036586888 0.009053621
v 0.0048772427 0.09414632 0.049256667
v 0.014444332 0.09522712 0.04788667
v 0.014406222 0.036586888 0.009053621
v 0.0048643746 0.035908647 0.010676771
v -0.004877276 0.09416065 0.04925105
v 0.0048772427 0.09414632 0.049256667
v 0.0048643746 0.035908647 0.010676771
v -0.0048644086 0.03594179 0.010657226
v -0.014444362 0.09527885 0.04786693
v -0.004877276 0.09416065 0.04925105
v -0.0048644086 0.03594179 0.010657226
v -0.014406253 0.03667914 0.00900024
v -0.023456363 0.09746022 0.045153175
v -0.014444362 0.09527885 0.04786693
v -0.014406253 0.03667914 0.00900024
v -0.023394475 0.038105812 0.005755577
v -0.031566948 0.10060819 0.0412104
v -0.023456363 0.09746022 0.045153175
v -0.023394475 0.038105812 0.005755577
v -0.03148366 0.04021296 0.0010113008
v -0.038464427 0.10461049 0.036178913
v -0.031566948 0.10060819 0.0412104
v -0.03148366 0.04021296 0.0010113008
v -0.038362946 0.042917326 -0.00505854
v -0.04388374 0.10929143 0.030251898
v -0.038464427 0.10461049 0.036178913
v -0.038362946 0.042917326 -0.00505854
v -0.043767963 0.04607204 -0.012206209
v -0.0476166 0.13079521 0.002401013
v -0.049519625 0.12542018 0.009457207
v -0.04938897 0.056917693 -0.03727565
v -0.047490973 0.060516436 -0.045771845
v -0.043883696 0.13581634 -0.004261818
v -0.0476166 0.13079521 0.002401013
v -0.047490973 0.060516436 -0.045771845
v -0.043767918 0.0638766 -0.05378897
v -0.038464367 0.14030084 -0.0102731325
v -0.043883696 0.13581634 -0.004261818
v -0.043767918 0.0638766 -0.05378897
v -0.038362887 0.0668819 -0.06101885
v -0.03156687 0.14408073 -0.01539738
v -0.038464367 0.14030084 -0.0102731325
v -0.038362887 0.0668819 -0.06101885
v -0.031483587 0.06941885 -0.067176715
v -0.02345628 0.14701074 -0.01943266
v -0.03156687 0.14408073 -0.01539738
v -0.031483587 0.06941885 -0.067176715
v -0.023394391 0.071390085 -0.07201757
v -0.014444271 0.14899802 -0.022220023
v -0.02345628 0.14701074 -0.01943266
v -0.023394391 0.071390085 -0.07201757
v -0.014406162 0.07272795 -0.07535134
v -0.0048772204 0.14997706 -0.023647713
v -0.014444271 0.14899802 -0.022220023
v -0.014406162 0.07272795 -0.07535134
v -0.0048643528 0.07339837 -0.07705023
v -0.0048772204 0.14997706 -0.023647713
v -0.0048643528 0.07339837 -0.07705023
v 0.0048643886 0.07338422 -0.07704729
v 0.0048772567 0.1499283 -0.023653395
v 0.013921531 0.01437964 -0.09913911
v 0.004700725 0.014885064 -0.10083874
v 0.0041409708 -0.043619726 -0.1151908
v 0.0122637795 -0.043913115 -0.1136655
v 0.019915296 -0.044486646 -0.11067603
v 0.0122637795 -0.043913115 -0.1136655
v 0.011262377 -0.11551935 -0.122539796
v 0.01828911 -0.11597434 -0.119776316
v 0.026801478 -0.045320395 -0.10634001
v 0.019915296 -0.044486646 -0.11067603
v 0.01828911 -0.11597434 -0.119776316
v 0.024613 -0.11663363 -0.11576784
v 0.016959203 -0.15968919 -0.1231299
v 0.0326577 -0.046379298 -0.100832015
v 0.026801478 -0.045320395 -0.10634001
v 0.024613 -0.11663363 -0.11576784
v 0.02999103 -0.117469974 -0.11067422
v 0.037258904 -0.04761649 -0.09437481
v 0.0326577 -0.046379298 -0.100832015
v 0.02999103 -0.117469974 -0.11067422
v 0.04229536 0.008005831 -0.07766385
v 0.037258904 -0.04761649 -0.09437481
v 0.02999103 -0.117469974 -0.11067422
v 0.03421652 -0.11844303 -0.10470128
v 0.02781021 -0.16100673 -0.11466698
v 0.040428262 -0.04895555 -0.08724439
v 0.037258904 -0.04761649 -0.09437481
v 0.03421652 -0.11844303 -0.10470128
v 0.045893133 0.005634412 -0.06970367
v 0.040428262 -0.04895555 -0.08724439
v 0.03421652 -0.11844303 -0.10470128
v 0.037127085 -0.1194967 -0.098097615
v 0.03172844 -0.16186254 -0.10911102
v 0.03442736 -0.16279499 -0.10296045
v 0.042043984 -0.050358016 -0.079713464
v 0.040428262 -0.04895555 -0.08724439
v 0.037127085 -0.1194967 -0.098097615
v 0.03861088 -0.12060357 -0.091115445
v 0.03442736 -0.16279499 -0.10296045
v 0.035803262 -0.16378064 -0.09645029
v 0.042043984 -0.051810343 -0.072048575
v 0.042043984 -0.050358016 -0.079713464
v 0.03861088 -0.12060357 -0.091115445
v 0.042043984 -0.051810343 -0.072048575
v 0.03861088 -0.12060357 -0.091115445
v 0.03861088 -0.1217485 -0.08400796
v 0.035803262 -0.16378064 -0.09645029
v 0.035803262 -0.16479774 -0.089822866
v 0.040428262 -0.053257063 -0.06454551
v 0.042043984 -0.051810343 -0.072048575
v 0.03861088 -0.1217485 -0.08400796
v 0.037127085 -0.1228877 -0.07704911
v 0.035803262 -0.16479774 -0.089822866
v 0.03442736 -0.16580725 -0.08333344
v 0.0372589 -0.05464118 -0.05749107
v 0.040428262 -0.053257063 -0.06454551
v 0.037127085 -0.1228877 -0.07704911
v 0.03421652 -0.12397655 -0.07050562
v 0.03442736 -0.16580725 -0.08333344
v 0.03172844 -0.16676994 -0.077231005
v 0.0326577 -0.055906348 -0.05115276
v 0.0372589 -0.05464118 -0.05749107
v 0.03421652 -0.12397655 -0.07050562
v 0.02999103 -0.124969825 -0.06462635
v 0.03172844 -0.16676994 -0.077231005
v 0.02781021 -0.16764528 -0.07174815
v 0.026801478 -0.056999225 -0.045768656
v 0.0326577 -0.055906348 -0.05115276
v 0.02999103 -0.124969825 -0.06462635
v 0.024613 -0.12582067 -0.059634995
v 0.02781021 -0.16764528 -0.07174815
v 0.02282325 -0.16838859 -0.06709557
v 0.019915292 -0.057849687 -0.041558944
v 0.026801478 -0.056999225 -0.045768656
v 0.024613 -0.12582067 -0.059634995
v 0.018289102 -0.1264784 -0.055730693
v 0.02282325 -0.16838859 -0.06709557
v 0.0169592 -0.16896124 -0.06345415
v 0.01226377 -0.0584138 -0.038684465
v 0.019915292 -0.057849687 -0.041558944
v 0.018289102 -0.1264784 -0.055730693
v 0.011262369 -0.12691692 -0.053058643
v 0.0169592 -0.16896124 -0.06345415
v 0.010443417 -0.16934519 -0.06095768
v 0.004140959 -0.058687214 -0.037233055
v 0.01226377 -0.0584138 -0.038684465
v 0.011262369 -0.12691692 -0.053058643
v 0.0038028278 -0.12713009 -0.05170606
v 0.010443417 -0.16934519 -0.06095768
v 0.0035263025 -0.16953129 -0.059692282
v -0.0041409875 -0.05866307 -0.037251472
v 0.004140959 -0.058687214 -0.037233055
v 0.0038028278 -0.12713009 -0.05170606
v -0.0038028536 -0.12710896 -0.051719427
v 0.0035263025 -0.16953129 -0.059692282
v -0.0035263267 -0.16951206 -0.059702057
v -0.012263797 -0.058343265 -0.03873769
v -0.0041409875 -0.05866307 -0.037251472
v -0.0038028536 -0.12710896 -0.051719427
v -0.011262393 -0.12685467 -0.053097285
v -0.0035263267 -0.16951206 -0.059702057
v -0.010443441 -0.1692885 -0.060985826
v -0.019915316 -0.057740625 -0.04164078
v -0.012263797 -0.058343265 -0.03873769
v -0.011262393 -0.12685467 -0.053097285
v -0.018289126 -0.12637812 -0.05579178
v -0.010443441 -0.1692885 -0.060985826
v -0.026801502 -0.056877077 -0.045857694
v -0.019915316 -0.057740625 -0.04164078
v -0.018289126 -0.12637812 -0.05579178
v -0.024613017 -0.1256995 -0.05970488
v -0.01695922 -0.16886994 -0.06349843
v -0.022823265 -0.16827352 -0.06714822
v -0.03265772 -0.055786643 -0.05123549
v -0.026801502 -0.056877077 -0.045857694
v -0.024613017 -0.1256995 -0.05970488
v -0.029991044 -0.12484545 -0.06469297
v -0.022823265 -0.16827352 -0.06714822
v -0.027810225 -0.16752253 -0.071800224
v -0.037258916 -0.054508764 -0.057579815
v -0.03265772 -0.055786643 -0.05123549
v -0.029991044 -0.12484545 -0.06469297
v -0.034216534 -0.12384521 -0.0705747
v -0.027810225 -0.16752253 -0.071800224
v -0.031728454 -0.1666443 -0.07728289
v -0.040428273 -0.053104322 -0.06464582
v -0.037258916 -0.054508764 -0.057579815
v -0.034216534 -0.12384521 -0.0705747
v -0.037127104 -0.12274472 -0.07712449
v -0.031728454 -0.1666443 -0.07728289
v -0.034427375 -0.16567674 -0.083387256
v -0.042043995 -0.05164438 -0.07215462
v -0.040428273 -0.053104322 -0.06464582
v -0.037127104 -0.12274472 -0.07712449
v -0.034427375 -0.16567674 -0.083387256
v -0.038610887 -0.121597536 -0.084086485
v -0.042043995 -0.05164438 -0.07215462
v -0.037127104 -0.12274472 -0.07712449
v -0.038610887 -0.121597536 -0.084086485
v -0.034427375 -0.16567674 -0.083387256
v -0.035803266 -0.16466308 -0.08987768
v -0.042043984 -0.05018649 -0.07981978
v -0.042043995 -0.05164438 -0.07215462
v -0.038610887 -0.121597536 -0.084086485
v -0.038610876 -0.120448485 -0.09119417
v -0.035803266 -0.16466308 -0.08987768
v -0.03580326 -0.16364284 -0.096505314
v -0.04042825 -0.048786793 -0.08734579
v -0.042043984 -0.05018649 -0.07981978
v -0.038610876 -0.120448485 -0.09119417
v -0.037127078 -0.11934168 -0.09817391
v -0.03580326 -0.16364284 -0.096505314
v -0.034427352 -0.16265523 -0.103014946
v -0.04589312 0.0057892534 -0.069783196
v -0.04772727 0.0032716875 -0.061366428
v -0.037258875 -0.04749404 -0.094443336
v -0.04042825 -0.048786793 -0.08734579
v -0.037127078 -0.11934168 -0.09817391
v -0.0342165 -0.11831662 -0.10475695
v -0.034427352 -0.16265523 -0.103014946
v -0.03172842 -0.16173644 -0.109155394
v -0.04229533 0.008132381 -0.07772292
v -0.04589312 0.0057892534 -0.069783196
v -0.032657664 -0.04630198 -0.1008701
v -0.037258875 -0.04749404 -0.094443336
v -0.0342165 -0.11831662 -0.10475695
v -0.029991 -0.11737681 -0.11070903
v -0.03172842 -0.16173644 -0.109155394
v -0.027810184 -0.16090286 -0.11469914
v -0.02680144 -0.04525737 -0.106369816
v -0.032657664 -0.04630198 -0.1008701
v -0.029991 -0.11737681 -0.11070903
v -0.024612963 -0.1165588 -0.11579467
v -0.027810184 -0.16090286 -0.11469914
v -0.02282321 -0.16018635 -0.119428344
v -0.019915244 -0.04445057 -0.1106907
v -0.02680144 -0.04525737 -0.106369816
v -0.024612963 -0.1165588 -0.11579467
v -0.018289061 -0.1159261 -0.11979105
v -0.02282321 -0.16018635 -0.119428344
v -0.016959159 -0.1596308 -0.123145446
v -0.012263717 -0.04389859 -0.113669716
v -0.019915244 -0.04445057 -0.1106907
v -0.018289061 -0.1159261 -0.11979105
v -0.011262323 -0.11549416 -0.12254585
v -0.00414094 -0.043615766 -0.1151917
v -0.012263717 -0.04389859 -0.113669716
v -0.011262323 -0.11549416 -0.12254585
v -0.0038028106 -0.11527577 -0.12395195
v 0.0041409708 -0.043619726 -0.1151908
v -0.00414094 -0.043615766 -0.1151917
v -0.0038028106 -0.11527577 -0.12395195
v 0.0038028385 -0.11528388 -0.12395015
v 0.0035263123 -0.15907584 -0.12701097
v -0.0035262858 -0.15906474 -0.12701365
v -0.0029666258 -0.19447978 -0.12602083
v 0.0029666477 -0.19449183 -0.12601778
v 0.043134816 0.22042502 0.30332613
v 0.04154567 0.23024386 0.27803728
v 0.056818135 0.22159328 0.27178213
v 0.05944944 0.21131751 0.2963675
v 0.0012389325 0.08212148 0.1748771
v -0.018661145 0.08335589 0.1741387
v -0.019437835 0.074598074 0.18600908
v 0.00014002547 0.0733829 0.18673696
v -0.038097493 0.0874657 0.17590076
v -0.038559478 0.07864453 0.18773551
v -0.019437835 0.074598074 0.18600908
v -0.018661145 0.08335589 0.1741387
v -0.038097493 0.0874657 0.17590076
v -0.018661145 0.08335589 0.1741387
v -0.016302807 0.099471994 0.16092962
v -0.034497578 0.10334194 0.16248304
v 0.016624851 0.23863523 0.17152019
v 0.02448422 0.23659441 0.28211373
v 0.0062894523 0.24040082 0.28384906
v 0.005871643 0.24101833 0.17181036
v -0.054087162 0.2079014 0.15480557
v -0.09536532 0.19641171 0.23614033
v -0.09938251 0.1829635 0.22405942
v -0.056435183 0.19822975 0.15082353
v 0.048343204 0.16478029 0.1442996
v 0.07786244 0.13153854 0.19570741
v 0.08535204 0.14408825 0.20697732
v 0.052743938 0.17384416 0.1480591
v 0.035749488 0.22855693 0.16865821
v 0.056818135 0.22159328 0.27178213
v 0.04154567 0.23024386 0.27803728
v 0.026713362 0.2344326 0.17045732
v -0.037092745 0.15295298 0.13452247
v -0.06683149 0.11857913 0.17215697
v -0.051559027 0.10979666 0.16626388
v -0.028056625 0.14698932 0.1328527
v 0.034132387 0.14994475 0.13780636
v 0.053739592 0.11127749 0.1767265
v 0.067188226 0.12045648 0.18550357
v 0.042058848 0.15670928 0.14084151
v -0.035475574 0.23157905 0.1654399
v -0.06375282 0.2288164 0.26739824
v -0.077201456 0.21977624 0.25824702
v -0.043402042 0.22489877 0.16226356
v -0.0506726 0.16895875 0.13975672
v -0.089753136 0.1416593 0.1894415
v -0.07972807 0.12934127 0.17997141
v -0.044729225 0.16037297 0.13684928
v -0.015966145 0.24003881 0.1700578
v -0.030686354 0.23989953 0.28011113
v -0.04804658 0.23561113 0.27478307
v -0.026211603 0.23669055 0.16807258
v -0.017968113 0.1427142 0.13189138
v -0.034497578 0.10334194 0.16248304
v -0.016302807 0.099471994 0.16092962
v -0.007214903 0.14029707 0.13166422
v 0.055091947 0.183548 0.1519818
v 0.0893692 0.15761639 0.21889833
v 0.08975955 0.17159979 0.2309987
v 0.05529699 0.19351758 0.15591154
v -0.049686406 0.216905 0.15867063
v -0.08787569 0.20883693 0.24768928
v -0.09536532 0.19641171 0.23614033
v -0.054087162 0.2079014 0.15480557
v 0.04338597 0.22122821 0.16619338
v 0.06971472 0.21097451 0.263596
v 0.056818135 0.22159328 0.27178213
v 0.035749488 0.22855693 0.16865821
v 0.024868429 0.14475283 0.13529733
v 0.038033374 0.104364984 0.16967742
v 0.053739592 0.11127749 0.1767265
v 0.024868429 0.14475283 0.13529733
v 0.053739592 0.11127749 0.1767265
v 0.034132387 0.14994475 0.13780636
v -0.05469445 0.17837602 0.14314386
v -0.09652143 0.15505163 0.20023076
v -0.089753136 0.1416593 0.1894415
v -0.0506726 0.16895875 0.13975672
v -0.0051329737 0.24149683 0.1713186
v -0.012339342 0.24151687 0.28317308
v -0.030686354 0.23989953 0.28011113
v -0.015966145 0.24003881 0.1700578
v -0.0051329737 0.24149683 0.1713186
v 0.005871643 0.24101833 0.17181036
v 0.0062894523 0.24040082 0.28384906
v -0.012339342 0.24151687 0.28317308
v -0.028056625 0.14698932 0.1328527
v -0.051559027 0.10979666 0.16626388
v -0.034497578 0.10334194 0.16248304
v -0.017968113 0.1427142 0.13189138
v 0.049329337 0.21272452 0.1631624
v 0.079739794 0.19879213 0.25380227
v 0.06971472 0.21097451 0.263596
v 0.04338597 0.22122821 0.16619338
v 0.0533512 0.20336923 0.15968849
v 0.08650809 0.18550147 0.24278964
v 0.079739794 0.19879213 0.25380227
v 0.049329337 0.21272452 0.1631624
v 0.014622978 0.14133653 0.1333987
v 0.0037897606 0.13983129 0.13217364
v 0.0023260687 0.098341234 0.16164356
v 0.020673152 0.0999945 0.16459318
v -0.056640234 0.18826066 0.1468832
v -0.056435183 0.19822975 0.15082353
v -0.09938251 0.1829635 0.22405942
v -0.09977287 0.16899875 0.21192737
v 0.052743938 0.17384416 0.1480591
v 0.08535204 0.14408825 0.20697732
v 0.0893692 0.15761639 0.21889833
v 0.055091947 0.183548 0.1519818
v 0.048343204 0.16478029 0.1442996
v 0.042058848 0.15670928 0.14084151
v 0.067188226 0.12045648 0.18550357
v 0.07786244 0.13153854 0.19570741
v 0.016624851 0.23863523 0.17152019
v 0.026713362 0.2344326 0.17045732
v 0.04154567 0.23024386 0.27803728
v 0.02448422 0.23659441 0.28211373
v -0.037092745 0.15295298 0.13452247
v -0.044729225 0.16037297 0.13684928
v -0.07972807 0.12934127 0.17997141
v -0.06683149 0.11857913 0.17215697
v -0.035475574 0.23157905 0.1654399
v -0.026211603 0.23669055 0.16807258
v -0.04804658 0.23561113 0.27478307
v -0.06375282 0.2288164 0.26739824
v 0.0012389325 0.08212148 0.1748771
v 0.0023260687 0.098341234 0.16164356
v -0.016302807 0.099471994 0.16092962
v -0.018661145 0.08335589 0.1741387
v 0.050650425 0.084809184 0.21056202
v 0.047474988 0.086536966 0.21433483
v 0.06021301 0.09505636 0.222888
v 0.0640863 0.09379868 0.21957105
v 0.07475039 0.10466462 0.23005359
v 0.0640863 0.09379868 0.21957105
v 0.06021301 0.09505636 0.222888
v 0.07032322 0.105355345 0.23283595
v -0.102326445 0.15561074 0.25968233
v -0.10674976 0.16109101 0.25464472
v -0.10252793 0.17497227 0.26775375
v -0.09831307 0.16881421 0.27213335
v -0.09083054 0.18099917 0.28403315
v -0.09831307 0.16881421 0.27213335
v -0.10252793 0.17497227 0.26775375
v -0.09465675 0.1877825 0.28028154
v -0.052571066 0.2262784 0.29998392
v -0.04804658 0.23561113 0.27478307
v -0.030686354 0.23989953 0.28011113
v -0.0340262 0.23073027 0.3058247
v 0.043134816 0.22042502 0.30332613
v 0.05944944 0.21131751 0.2963675
v 0.057408 0.20058341 0.30606958
v 0.04135754 0.20954357 0.31291038
v 0.07322607 0.20015241 0.287281
v 0.07096156 0.18959771 0.29713678
v 0.057408 0.20058341 0.30606958
v 0.05944944 0.21131751 0.2963675
v 0.07322607 0.20015241 0.287281
v 0.05944944 0.21131751 0.2963675
v 0.056818135 0.22159328 0.27178213
v 0.06971472 0.21097451 0.263596
v -0.056323193 0.094286546 0.18011783
v -0.05649007 0.08536042 0.19187191
v -0.038559478 0.07864453 0.18773551
v -0.038097493 0.0874657 0.17590076
v -0.052571066 0.2262784 0.29998392
v -0.0340262 0.23073027 0.3058247
v -0.034554105 0.21968196 0.31536353
v -0.05279869 0.21530214 0.3096202
v -0.014427221 0.23237936 0.30915743
v -0.0152724665 0.22130434 0.31864092
v -0.034554105 0.21968196 0.31536353
v -0.0340262 0.23073027 0.3058247
v -0.014427221 0.23237936 0.30915743
v -0.0340262 0.23073027 0.3058247
v -0.030686354 0.23989953 0.28011113
v -0.012339342 0.24151687 0.28317308
v 0.08393524 0.18735185 0.27642602
v 0.081497334 0.1769981 0.2864663
v 0.07096156 0.18959771 0.29713678
v 0.07322607 0.20015241 0.287281
v -0.056323193 0.094286546 0.18011783
v -0.038097493 0.0874657 0.17590076
v -0.034497578 0.10334194 0.16248304
v -0.051559027 0.10979666 0.16626388
v 0.0054727714 0.2311623 0.3098516
v 0.0043053105 0.22010702 0.3193243
v -0.0152724665 0.22130434 0.31864092
v -0.014427221 0.23237936 0.30915743
v 0.08393524 0.18735185 0.27642602
v 0.07322607 0.20015241 0.287281
v 0.06971472 0.21097451 0.263596
v 0.079739794 0.19879213 0.25380227
v -0.07263783 0.10354622 0.18666166
v -0.072540544 0.09447776 0.19829257
v -0.05649007 0.08536042 0.19187191
v -0.056323193 0.094286546 0.18011783
v 0.0054727714 0.2311623 0.3098516
v -0.014427221 0.23237936 0.30915743
v -0.012339342 0.24151687 0.28317308
v 0.0062894523 0.24040082 0.28384906
v 0.0911654 0.17339283 0.26423568
v 0.088610426 0.16325422 0.27448642
v 0.081497334 0.1769981 0.2864663
v 0.08393524 0.18735185 0.27642602
v -0.07263783 0.10354622 0.18666166
v -0.056323193 0.094286546 0.18011783
v -0.051559027 0.10979666 0.16626388
v -0.06683149 0.11857913 0.17215697
v -0.08641445 0.11487701 0.19532058
v -0.08609409 0.1056344 0.20678976
v -0.072540544 0.09447776 0.19829257
v -0.07263783 0.10354622 0.18666166
v 0.0911654 0.17339283 0.26423568
v 0.08393524 0.18735185 0.27642602
v 0.079739794 0.19879213 0.25380227
v 0.0911654 0.17339283 0.26423568
v 0.079739794 0.19879213 0.25380227
v 0.08650809 0.18550147 0.24278964
v 0.09463873 0.15879942 0.25119746
v 0.09202751 0.14888513 0.26167563
v 0.088610426 0.16325422 0.27448642
v 0.0911654 0.17339283 0.26423568
v -0.08641445 0.11487701 0.19532058
v -0.07263783 0.10354622 0.18666166
v -0.06683149 0.11857913 0.17215697
v -0.07972807 0.12934127 0.17997141
v -0.09712361 0.12783211 0.20580049
v -0.09662984 0.11839041 0.21707487
v -0.08609409 0.1056344 0.20678976
v -0.08641445 0.11487701 0.19532058
v 0.09463873 0.15879942 0.25119746
v 0.0911654 0.17339283 0.26423568
v 0.08650809 0.18550147 0.24278964
v 0.08975955 0.17159979 0.2309987
v 0.09422174 0.14412738 0.23783237
v 0.091617286 0.13443843 0.24854799
v 0.09202751 0.14888513 0.26167563
v 0.09463873 0.15879942 0.25119746
v -0.09712361 0.12783211 0.20580049
v -0.08641445 0.11487701 0.19532058
v -0.07972807 0.12934127 0.17997141
v -0.089753136 0.1416593 0.1894415
v -0.104353756 0.14190456 0.2177292
v -0.10374293 0.13224667 0.22878274
v -0.09662984 0.11839041 0.21707487
v -0.09712361 0.12783211 0.20580049
v 0.09422174 0.14412738 0.23783237
v 0.09463873 0.15879942 0.25119746
v 0.08975955 0.17159979 0.2309987
v 0.09422174 0.14412738 0.23783237
v 0.08975955 0.17159979 0.2309987
v 0.0893692 0.15761639 0.21889833
v 0.08993045 0.1299401 0.22468235
v 0.087395474 0.12046894 0.23563755
v 0.091617286 0.13443843 0.24854799
v 0.09422174 0.14412738 0.23783237
v -0.104353756 0.14190456 0.2177292
v -0.09712361 0.12783211 0.20580049
v -0.089753136 0.1416593 0.1894415
v -0.09652143 0.15505163 0.20023076
v -0.10782707 0.15654816 0.23065577
v -0.107159995 0.1466653 0.24147585
v -0.10374293 0.13224667 0.22878274
v -0.104353756 0.14190456 0.2177292
v 0.08993045 0.1299401 0.22468235
v 0.09422174 0.14412738 0.23783237
v 0.0893692 0.15761639 0.21889833
v 0.08535204 0.14408825 0.20697732
v 0.08192978 0.11678642 0.21226358
v 0.079524346 0.10751711 0.22344634
v 0.087395474 0.12046894 0.23563755
v 0.08993045 0.1299401 0.22468235
v -0.10782707 0.15654816 0.23065577
v -0.104353756 0.14190456 0.2177292
v -0.09652143 0.15505163 0.20023076
v -0.09977287 0.16899875 0.21192737
v -0.107410066 0.17119895 0.24405973
v -0.10674976 0.16109101 0.25464472
v -0.107159995 0.1466653 0.24147585
v -0.10782707 0.15654816 0.23065577
v 0.08192978 0.11678642 0.21226358
v 0.08993045 0.1299401 0.22468235
v 0.08535204 0.14408825 0.20697732
v 0.07786244 0.13153854 0.19570741
v 0.07052717 0.10517956 0.20103124
v 0.068306364 0.09608825 0.21241933
v 0.079524346 0.10751711 0.22344634
v 0.08192978 0.11678642 0.21226358
v -0.107410066 0.17119895 0.24405973
v -0.10782707 0.15654816 0.23065577
v -0.09977287 0.16899875 0.21192737
v -0.09938251 0.1829635 0.22405942
v -0.10311875 0.18529677 0.25739965
v -0.10252793 0.17497227 0.26775375
v -0.10674976 0.16109101 0.25464472
v -0.107410066 0.17119895 0.24405973
v 0.07052717 0.10517956 0.20103124
v 0.08192978 0.11678642 0.21226358
v 0.07786244 0.13153854 0.19570741
v 0.067188226 0.12045648 0.18550357
v 0.05616083 0.09557622 0.19138187
v 0.054172643 0.086632095 0.20294568
v 0.068306364 0.09608825 0.21241933
v 0.07052717 0.10517956 0.20103124
v -0.10311875 0.18529677 0.25739965
v -0.107410066 0.17119895 0.24405973
v -0.09938251 0.1829635 0.22405942
v -0.09536532 0.19641171 0.23614033
v -0.09511805 0.1983093 0.27014452
v -0.09465675 0.1877825 0.28028154
v -0.10252793 0.17497227 0.26775375
v -0.10311875 0.18529677 0.25739965
v 0.05616083 0.09557622 0.19138187
v 0.07052717 0.10517956 0.20103124
v 0.067188226 0.12045648 0.18550357
v 0.053739592 0.11127749 0.1767265
v 0.03938284 0.08835736 0.18364593
v 0.03766632 0.07952375 0.19534984
v 0.054172643 0.086632095 0.20294568
v 0.05616083 0.09557622 0.19138187
v -0.09511805 0.1983093 0.27014452
v -0.10311875 0.18529677 0.25739965
v -0.09536532 0.19641171 0.23614033
v -0.08787569 0.20883693 0.24768928
v -0.08371542 0.20975164 0.28178602
v -0.083438754 0.19904268 0.29172727
v -0.09465675 0.1877825 0.28028154
v -0.09511805 0.1983093 0.27014452
v 0.03938284 0.08835736 0.18364593
v 0.05616083 0.09557622 0.19138187
v 0.053739592 0.11127749 0.1767265
v 0.038033374 0.104364984 0.16967742
v 0.02083799 0.0838115 0.17808263
v 0.01942174 0.07504731 0.18988632
v 0.03766632 0.07952375 0.19534984
v 0.03938284 0.08835736 0.18364593
v -0.08371542 0.20975164 0.28178602
v -0.09511805 0.1983093 0.27014452
v -0.08787569 0.20883693 0.24768928
v -0.077201456 0.21977624 0.25824702
v 0.024909118 0.22712581 0.3078813
v 0.023426946 0.21613586 0.31738806
v 0.0043053105 0.22010702 0.3193243
v 0.0054727714 0.2311623 0.3098516
v 0.02083799 0.0838115 0.17808263
v 0.03938284 0.08835736 0.18364593
v 0.038033374 0.104364984 0.16967742
v 0.020673152 0.0999945 0.16459318
v -0.069349065 0.21919477 0.29186457
v -0.069305025 0.20833324 0.30163676
v -0.083438754 0.19904268 0.29172727
v -0.08371542 0.20975164 0.28178602
v 0.024909118 0.22712581 0.3078813
v 0.0054727714 0.2311623 0.3098516
v 0.0062894523 0.24040082 0.28384906
v 0.02448422 0.23659441 0.28211373
v 0.0012389325 0.08212148 0.1748771
v 0.00014002547 0.0733829 0.18673696
v 0.01942174 0.07504731 0.18988632
v 0.02083799 0.0838115 0.17808263
v -0.069349065 0.21919477 0.29186457
v -0.08371542 0.20975164 0.28178602
v -0.077201456 0.21977624 0.25824702
v -0.06375282 0.2288164 0.26739824
v 0.043134816 0.22042502 0.30332613
v 0.04135754 0.20954357 0.31291038
v 0.023426946 0.21613586 0.31738806
v 0.024909118 0.22712581 0.3078813
v 0.0012389325 0.08212148 0.1748771
v 0.02083799 0.0838115 0.17808263
v 0.020673152 0.0999945 0.16459318
v 0.0023260687 0.098341234 0.16164356
v -0.052571066 0.2262784 0.29998392
v -0.05279869 0.21530214 0.3096202
v -0.069305025 0.20833324 0.30163676
v -0.069349065 0.21919477 0.29186457
v 0.043134816 0.22042502 0.30332613
v 0.024909118 0.22712581 0.3078813
v 0.02448422 0.23659441 0.28211373
v 0.04154567 0.23024386 0.27803728
v -0.052571066 0.2262784 0.29998392
v -0.069349065 0.21919477 0.29186457
v -0.06375282 0.2288164 0.26739824
v -0.04804658 0.23561113 0.27478307
v -0.010443374 -0.15925284 -0.12570728
v -0.008785896 -0.1946271 -0.12491991
v -0.0029666258 -0.19447978 -0.12602083
v -0.0035262858 -0.15906474 -0.12701365
v 0.0035263123 -0.15907584 -0.12701097
v 0.0038028385 -0.11528388 -0.12395015
v -0.0038028106 -0.11527577 -0.12395195
v -0.0035262858 -0.15906474 -0.12701365
v -0.010443374 -0.15925284 -0.12570728
v -0.0035262858 -0.15906474 -0.12701365
v -0.0038028106 -0.11527577 -0.12395195
v -0.011262323 -0.11549416 -0.12254585
v -0.016959159 -0.1596308 -0.123145446
v -0.014267555 -0.19492798 -0.122759126
v -0.008785896 -0.1946271 -0.12491991
v -0.010443374 -0.15925284 -0.12570728
v -0.016959159 -0.1596308 -0.123145446
v -0.010443374 -0.15925284 -0.12570728
v -0.011262323 -0.11549416 -0.12254585
v -0.018289061 -0.1159261 -0.11979105
v -0.02282321 -0.16018635 -0.119428344
v -0.019200917 -0.19537172 -0.11962347
v -0.014267555 -0.19492798 -0.122759126
v -0.02282321 -0.16018635 -0.119428344
v -0.014267555 -0.19492798 -0.122759126
v -0.016959159 -0.1596308 -0.123145446
v -0.027810184 -0.16090286 -0.11469914
v -0.0233964 -0.1959427 -0.115634866
v -0.019200917 -0.19537172 -0.11962347
v -0.02282321 -0.16018635 -0.119428344
v -0.03172842 -0.16173644 -0.109155394
v -0.026692769 -0.1966153 -0.11095253
v -0.0233964 -0.1959427 -0.115634866
v -0.027810184 -0.16090286 -0.11469914
v -0.034427352 -0.16265523 -0.103014946
v -0.02896335 -0.19736421 -0.10575941
v -0.026692769 -0.1966153 -0.11095253
v -0.03172842 -0.16173644 -0.109155394
v -0.03580326 -0.16364284 -0.096505314
v -0.030120885 -0.19816571 -0.10025476
v -0.02896335 -0.19736421 -0.10575941
v -0.034427352 -0.16265523 -0.103014946
v -0.035803266 -0.16466308 -0.08987768
v -0.030120892 -0.19898969 -0.09465143
v -0.030120885 -0.19816571 -0.10025476
v -0.03580326 -0.16364284 -0.096505314
v -0.034427375 -0.16567674 -0.083387256
v -0.02896337 -0.1998044 -0.089165226
v -0.030120892 -0.19898969 -0.09465143
v -0.035803266 -0.16466308 -0.08987768
v -0.031728454 -0.1666443 -0.07728289
v -0.026692795 -0.20057829 -0.08400675
v -0.02896337 -0.1998044 -0.089165226
v -0.034427375 -0.16567674 -0.083387256
v -0.027810225 -0.16752253 -0.071800224
v -0.023396436 -0.20127971 -0.079372935
v -0.026692795 -0.20057829 -0.08400675
v -0.031728454 -0.1666443 -0.07728289
v -0.022823265 -0.16827352 -0.06714822
v -0.019200964 -0.2018804 -0.075439416
v -0.023396436 -0.20127971 -0.079372935
v -0.027810225 -0.16752253 -0.071800224
v -0.01695922 -0.16886994 -0.06349843
v -0.014267604 -0.20235725 -0.072353065
v -0.019200964 -0.2018804 -0.075439416
v -0.01695922 -0.16886994 -0.06349843
v -0.019200964 -0.2018804 -0.075439416
v -0.022823265 -0.16827352 -0.06714822
v -0.010443441 -0.1692885 -0.060985826
v -0.008785951 -0.20269163 -0.070228696
v -0.014267604 -0.20235725 -0.072353065
v -0.01695922 -0.16886994 -0.06349843
v -0.010443441 -0.1692885 -0.060985826
v -0.01695922 -0.16886994 -0.06349843
v -0.018289126 -0.12637812 -0.05579178
v -0.0035263267 -0.16951206 -0.059702057
v -0.0029666598 -0.2028704 -0.06914401
v -0.008785951 -0.20269163 -0.070228696
v -0.010443441 -0.1692885 -0.060985826
v 0.0035263025 -0.16953129 -0.059692282
v 0.0029666394 -0.20288628 -0.069137774
v -0.0029666598 -0.2028704 -0.06914401
v -0.0035263267 -0.16951206 -0.059702057
v 0.010443417 -0.16934519 -0.06095768
v 0.008785932 -0.20273851 -0.070210814
v 0.0029666394 -0.20288628 -0.069137774
v 0.0035263025 -0.16953129 -0.059692282
v 0.0169592 -0.16896124 -0.06345415
v 0.014267587 -0.20243272 -0.07232514
v 0.008785932 -0.20273851 -0.070210814
v 0.010443417 -0.16934519 -0.06095768
v 0.02282325 -0.16838859 -0.06709557
v 0.019200947 -0.20197923 -0.07540427
v 0.014267587 -0.20243272 -0.07232514
v 0.0169592 -0.16896124 -0.06345415
v 0.02781021 -0.16764528 -0.07174815
v 0.023396423 -0.20138857 -0.07933638
v 0.019200947 -0.20197923 -0.07540427
v 0.02282325 -0.16838859 -0.06709557
v 0.03172844 -0.16676994 -0.077231005
v 0.026692783 -0.20068683 -0.08397219
v 0.023396423 -0.20138857 -0.07933638
v 0.02781021 -0.16764528 -0.07174815
v 0.03442736 -0.16580725 -0.08333344
v 0.028963355 -0.19991262 -0.08913205
v 0.026692783 -0.20068683 -0.08397219
v 0.03172844 -0.16676994 -0.077231005
v 0.035803262 -0.16479774 -0.089822866
v 0.030120887 -0.19909887 -0.09461888
v 0.028963355 -0.19991262 -0.08913205
v 0.03442736 -0.16580725 -0.08333344
v 0.035803262 -0.16378064 -0.09645029
v 0.030120887 -0.19827706 -0.10022207
v 0.030120887 -0.19909887 -0.09461888
v 0.035803262 -0.16479774 -0.089822866
v 0.03442736 -0.16279499 -0.10296045
v 0.028963355 -0.19747871 -0.105725855
v 0.030120887 -0.19827706 -0.10022207
v 0.035803262 -0.16378064 -0.09645029
v 0.03172844 -0.16186254 -0.10911102
v 0.026692783 -0.19672807 -0.11092064
v 0.028963355 -0.19747871 -0.105725855
v 0.03442736 -0.16279499 -0.10296045
v 0.02781021 -0.16100673 -0.11466698
v 0.023396423 -0.19604333 -0.115607806
v 0.026692783 -0.19672807 -0.11092064
v 0.02781021 -0.16100673 -0.11466698
v 0.026692783 -0.19672807 -0.11092064
v 0.03172844 -0.16186254 -0.10911102
v 0.02781021 -0.16100673 -0.11466698
v 0.03172844 -0.16186254 -0.10911102
v 0.03421652 -0.11844303 -0.10470128
v 0.02282325 -0.16027024 -0.11940333
v 0.019200947 -0.19545333 -0.11960225
v 0.023396423 -0.19604333 -0.115607806
v 0.02282325 -0.16027024 -0.11940333
v 0.023396423 -0.19604333 -0.115607806
v 0.02781021 -0.16100673 -0.11466698
v 0.02282325 -0.16027024 -0.11940333
v 0.02781021 -0.16100673 -0.11466698
v 0.02999103 -0.117469974 -0.11067422
v 0.02282325 -0.16027024 -0.11940333
v 0.02999103 -0.117469974 -0.11067422
v 0.024613 -0.11663363 -0.11576784
v 0.016959203 -0.15968919 -0.1231299
v 0.014267591 -0.19498745 -0.122744575
v 0.019200947 -0.19545333 -0.11960225
v 0.02282325 -0.16027024 -0.11940333
v 0.016959203 -0.15968919 -0.1231299
v 0.02282325 -0.16027024 -0.11940333
v 0.024613 -0.11663363 -0.11576784
v 0.010443425 -0.15928641 -0.12569927
v 0.008785939 -0.19466306 -0.124911286
v 0.014267591 -0.19498745 -0.122744575
v 0.016959203 -0.15968919 -0.1231299
v 0.010443425 -0.15928641 -0.12569927
v 0.016959203 -0.15968919 -0.1231299
v 0.01828911 -0.11597434 -0.119776316
v 0.011262377 -0.11551935 -0.122539796
v 0.0035263123 -0.15907584 -0.12701097
v 0.0029666477 -0.19449183 -0.12601778
v 0.008785939 -0.19466306 -0.124911286
v 0.010443425 -0.15928641 -0.12569927
v 0.03042436 0.0119639225 -0.09098481
v 0.022607338 0.013391709 -0.09580971
v 0.019915296 -0.044486646 -0.11067603
v 0.026801478 -0.045320395 -0.10634001
v 0.037072193 0.010147965 -0.08485581
v 0.03042436 0.0119639225 -0.09098481
v 0.026801478 -0.045320395 -0.10634001
v 0.0326577 -0.046379298 -0.100832015
v 0.04229536 0.008005831 -0.07766385
v 0.037072193 0.010147965 -0.08485581
v 0.0326577 -0.046379298 -0.100832015
v 0.045893133 0.005634412 -0.06970367
v 0.04229536 0.008005831 -0.07766385
v 0.037258904 -0.04761649 -0.09437481
v 0.04772727 0.0031156149 -0.061282963
v 0.045893133 0.005634412 -0.06970367
v 0.040428262 -0.04895555 -0.08724439
v 0.042043984 -0.050358016 -0.079713464
v 0.04772727 0.00052150525 -0.052713554
v 0.04772727 0.0031156149 -0.061282963
v 0.042043984 -0.050358016 -0.079713464
v 0.042043984 -0.051810343 -0.072048575
v 0.045893133 -0.0020485371 -0.04432582
v 0.04772727 0.00052150525 -0.052713554
v 0.042043984 -0.051810343 -0.072048575
v 0.045893133 -0.0020485371 -0.04432582
v 0.042043984 -0.051810343 -0.072048575
v 0.040428262 -0.053257063 -0.06454551
v -0.047727276 0.00066925585 -0.052795965
v -0.045893148 -0.0019141715 -0.04440358
v -0.040428273 -0.053104322 -0.06464582
v -0.042043995 -0.05164438 -0.07215462
v -0.04772727 0.0032716875 -0.061366428
v -0.047727276 0.00066925585 -0.052795965
v -0.042043995 -0.05164438 -0.07215462
v -0.042043984 -0.05018649 -0.07981978
v -0.037072152 0.010248065 -0.0848967
v -0.04229533 0.008132381 -0.07772292
v -0.037258875 -0.04749404 -0.094443336
v -0.032657664 -0.04630198 -0.1008701
v -0.03042431 0.012055165 -0.09102049
v -0.037072152 0.010248065 -0.0848967
v -0.032657664 -0.04630198 -0.1008701
v -0.03042431 0.012055165 -0.09102049
v -0.032657664 -0.04630198 -0.1008701
v -0.02680144 -0.04525737 -0.106369816
v -0.022607278 0.013457116 -0.09583297
v -0.03042431 0.012055165 -0.09102049
v -0.02680144 -0.04525737 -0.106369816
v -0.019915244 -0.04445057 -0.1106907
v -0.013921462 0.014410648 -0.09914872
v -0.022607278 0.013457116 -0.09583297
v -0.019915244 -0.04445057 -0.1106907
v -0.012263717 -0.04389859 -0.113669716
v -0.0047006896 0.0148925455 -0.10084079
v -0.013921462 0.014410648 -0.09914872
v -0.012263717 -0.04389859 -0.113669716
v -0.00414094 -0.043615766 -0.1151917
v -0.0047006896 0.0148925455 -0.10084079
v -0.00414094 -0.043615766 -0.1151917
v 0.0041409708 -0.043619726 -0.1151908
v 0.004700725 0.014885064 -0.10083874
v -0.08269065 0.10287419 0.21421987
v -0.078940436 0.10365889 0.21782006
v -0.0667253 0.093605995 0.21014892
v -0.06980631 0.09226749 0.2061404
v 0.06661039 0.18272701 0.3000524
v 0.076625966 0.1707431 0.28991717
v 0.07210138 0.16801059 0.2895811
v 0.062606014 0.17937677 0.2991837
v -0.05454833 0.083600335 0.2000326
v -0.05649007 0.08536042 0.19187191
v -0.072540544 0.09447776 0.19829257
v -0.06980631 0.09226749 0.2061404
v -0.07757974 0.105051056 0.2177994
v -0.078940436 0.10365889 0.21782006
v -0.08843579 0.11515546 0.22709556
v -0.086901695 0.11633587 0.22691108
v -0.037503056 0.07721655 0.19609609
v -0.036099855 0.07934297 0.20060363
v -0.01886647 0.07569839 0.19903803
v -0.019325543 0.07337034 0.19445176
v -0.00071433635 0.07221524 0.19514301
v -0.019325543 0.07337034 0.19445176
v -0.01886647 0.07569839 0.19903803
v -0.0012219184 0.0746037 0.19969194
v 0.038468067 0.20169102 0.3150354
v 0.04135754 0.20954357 0.31291038
v 0.057408 0.20058341 0.30606958
v 0.053726047 0.19317302 0.3085378
v 0.06661039 0.18272701 0.3000524
v 0.053726047 0.19317302 0.3085378
v 0.057408 0.20058341 0.30606958
v 0.07096156 0.18959771 0.29713678
v -0.102326445 0.15561074 0.25968233
v -0.09831307 0.16881421 0.27213335
v -0.09375144 0.16617988 0.27272424
v -0.09755637 0.1536581 0.26092634
v -0.102716446 0.14189057 0.24717408
v -0.102326445 0.15561074 0.25968233
v -0.09755637 0.1536581 0.26092634
v -0.0979261 0.14064771 0.24907234
v 0.07475039 0.10466462 0.23005359
v 0.079524346 0.10751711 0.22344634
v 0.068306364 0.09608825 0.21241933
v 0.0640863 0.09379868 0.21957105
v 0.050650425 0.084809184 0.21056202
v 0.0640863 0.09379868 0.21957105
v 0.068306364 0.09608825 0.21241933
v 0.054172643 0.086632095 0.20294568
v -0.03369545 0.2113288 0.31736195
v -0.032490015 0.20649569 0.31558084
v -0.04893295 0.20254838 0.3104103
v -0.051039208 0.20716524 0.3119054
v -0.06673055 0.20054041 0.30432093
v -0.051039208 0.20716524 0.3119054
v -0.04893295 0.20254838 0.3104103
v -0.06380929 0.19626766 0.3032235
v -0.00071433635 0.07221524 0.19514301
v 0.00014002547 0.0733829 0.18673696
v -0.019437835 0.074598074 0.18600908
v -0.019325543 0.07337034 0.19445176
v -0.037503056 0.07721655 0.19609609
v -0.019325543 0.07337034 0.19445176
v -0.019437835 0.074598074 0.18600908
v -0.038559478 0.07864453 0.18773551
v 0.08223289 0.1169798 0.24163829
v 0.07475039 0.10466462 0.23005359
v 0.07032322 0.105355345 0.23283595
v 0.07741709 0.11702957 0.2438247
v -0.102716446 0.14189057 0.24717408
v -0.107159995 0.1466653 0.24147585
v -0.10674976 0.16109101 0.25464472
v -0.102326445 0.15561074 0.25968233
v 0.038468067 0.20169102 0.3150354
v 0.053726047 0.19317302 0.3085378
v 0.050390866 0.18928269 0.30722362
v 0.035925373 0.19735843 0.3133795
v 0.021422798 0.2079578 0.31928796
v 0.038468067 0.20169102 0.3150354
v 0.035925373 0.19735843 0.3133795
v 0.019765427 0.20329975 0.31740797
v -0.06673055 0.20054041 0.30432093
v -0.069305025 0.20833324 0.30163676
v -0.05279869 0.21530214 0.3096202
v -0.051039208 0.20716524 0.3119054
v -0.03369545 0.2113288 0.31736195
v -0.051039208 0.20716524 0.3119054
v -0.05279869 0.21530214 0.3096202
v -0.03369545 0.2113288 0.31736195
v -0.05279869 0.21530214 0.3096202
v -0.034554105 0.21968196 0.31536353
v -0.09946809 0.12817848 0.23511773
v -0.102716446 0.14189057 0.24717408
v -0.0979261 0.14064771 0.24907234
v -0.094846465 0.12764658 0.23764381
v 0.08223289 0.1169798 0.24163829
v 0.087395474 0.12046894 0.23563755
v 0.079524346 0.10751711 0.22344634
v 0.07475039 0.10466462 0.23005359
v 0.017615346 0.0737972 0.19813888
v -0.00071433635 0.07221524 0.19514301
v -0.0012219184 0.0746037 0.19969194
v 0.016155733 0.07610243 0.20253634
v 0.021422798 0.2079578 0.31928796
v 0.023426946 0.21613586 0.31738806
v 0.04135754 0.20954357 0.31291038
v 0.038468067 0.20169102 0.3150354
v 0.08624624 0.13026403 0.2539022
v 0.08223289 0.1169798 0.24163829
v 0.07741709 0.11702957 0.2438247
v 0.08122197 0.12962407 0.2554522
v -0.09946809 0.12817848 0.23511773
v -0.10374293 0.13224667 0.22878274
v -0.107159995 0.1466653 0.24147585
v -0.102716446 0.14189057 0.24717408
v -0.08016644 0.19170764 0.29490662
v -0.06673055 0.20054041 0.30432093
v -0.06380929 0.19626766 0.3032235
v -0.07654733 0.1878927 0.29430264
v 0.017615346 0.0737972 0.19813888
v 0.01942174 0.07504731 0.18988632
v 0.00014002547 0.0733829 0.18673696
v -0.00071433635 0.07221524 0.19514301
v -0.09270621 0.115002595 0.22399503
v -0.09946809 0.12817848 0.23511773
v -0.094846465 0.12764658 0.23764381
v -0.08843579 0.11515546 0.22709556
v 0.08624624 0.13026403 0.2539022
v 0.091617286 0.13443843 0.24854799
v 0.087395474 0.12046894 0.23563755
v 0.08223289 0.1169798 0.24163829
v 0.003245288 0.21173286 0.32112628
v 0.021422798 0.2079578 0.31928796
v 0.019765427 0.20329975 0.31740797
v 0.002532046 0.20687875 0.31914887
v -0.08016644 0.19170764 0.29490662
v -0.083438754 0.19904268 0.29172727
v -0.069305025 0.20833324 0.30163676
v -0.06673055 0.20054041 0.30432093
v 0.086636215 0.14400336 0.26637137
v 0.08624624 0.13026403 0.2539022
v 0.08122197 0.12962407 0.2554522
v 0.08159171 0.14265172 0.26727048
v -0.09270621 0.115002595 0.22399503
v -0.09662984 0.11839041 0.21707487
v -0.10374293 0.13224667 0.22878274
v -0.09946809 0.12817848 0.23511773
v -0.015365839 0.21287107 0.32047617
v -0.0152724665 0.22130434 0.31864092
v 0.0043053105 0.22010702 0.3193243
v 0.003245288 0.21173286 0.32112628
v 0.003245288 0.21173286 0.32112628
v 0.0043053105 0.22010702 0.3193243
v 0.023426946 0.21613586 0.31738806
v 0.021422798 0.2079578 0.31928796
v 0.08338785 0.15767017 0.27853936
v 0.088610426 0.16325422 0.27448642
v 0.09202751 0.14888513 0.26167563
v 0.086636215 0.14400336 0.26637137
v 0.086636215 0.14400336 0.26637137
v 0.09202751 0.14888513 0.26167563
v 0.091617286 0.13443843 0.24854799
v 0.08624624 0.13026403 0.2539022
v -0.09083054 0.18099917 0.28403315
v -0.08016644 0.19170764 0.29490662
v -0.07654733 0.1878927 0.29430264
v -0.08665754 0.17773697 0.28399932
v 0.034959104 0.07805215 0.20333661
v 0.03766632 0.07952375 0.19534984
v 0.01942174 0.07504731 0.18988632
v 0.017615346 0.0737972 0.19813888
v -0.05454833 0.083600335 0.2000326
v -0.06980631 0.09226749 0.2061404
v -0.0667253 0.093605995 0.21014892
v -0.05225981 0.08539225 0.20434621
v -0.037503056 0.07721655 0.19609609
v -0.05454833 0.083600335 0.2000326
v -0.05225981 0.08539225 0.20434621
v -0.036099855 0.07934297 0.20060363
v 0.06661039 0.18272701 0.3000524
v 0.07096156 0.18959771 0.29713678
v 0.081497334 0.1769981 0.2864663
v 0.076625966 0.1707431 0.28991717
v 0.08338785 0.15767017 0.27853936
v 0.076625966 0.1707431 0.28991717
v 0.081497334 0.1769981 0.2864663
v 0.088610426 0.16325422 0.27448642
v -0.08269065 0.10287419 0.21421987
v -0.06980631 0.09226749 0.2061404
v -0.072540544 0.09447776 0.19829257
v -0.08609409 0.1056344 0.20678976
v -0.08269065 0.10287419 0.21421987
v -0.08609409 0.1056344 0.20678976
v -0.09662984 0.11839041 0.21707487
v -0.09270621 0.115002595 0.22399503
v 0.050650425 0.084809184 0.21056202
v 0.034959104 0.07805215 0.20333661
v 0.032598663 0.08013403 0.20747301
v 0.047474988 0.086536966 0.21433483
v -0.09083054 0.18099917 0.28403315
v -0.09465675 0.1877825 0.28028154
v -0.083438754 0.19904268 0.29172727
v -0.08016644 0.19170764 0.29490662
v -0.03369545 0.2113288 0.31736195
v -0.015365839 0.21287107 0.32047617
v -0.015112432 0.20795785 0.31853217
v -0.032490015 0.20649569 0.31558084
v -0.037503056 0.07721655 0.19609609
v -0.038559478 0.07864453 0.18773551
v -0.05649007 0.08536042 0.19187191
v -0.05454833 0.083600335 0.2000326
v 0.08338785 0.15767017 0.27853936
v 0.086636215 0.14400336 0.26637137
v 0.08159171 0.14265172 0.26727048
v 0.07851206 0.1556121 0.27880114
v -0.08269065 0.10287419 0.21421987
v -0.09270621 0.115002595 0.22399503
v -0.08843579 0.11515546 0.22709556
v -0.078940436 0.10365889 0.21782006
v -0.015365839 0.21287107 0.32047617
v 0.003245288 0.21173286 0.32112628
v 0.002532046 0.20687875 0.31914887
v -0.015112432 0.20795785 0.31853217
v 0.034959104 0.07805215 0.20333661
v 0.017615346 0.0737972 0.19813888
v 0.016155733 0.07610243 0.20253634
v 0.032598663 0.08013403 0.20747301
v 0.06661039 0.18272701 0.3000524
v 0.062606014 0.17937677 0.2991837
v 0.050390866 0.18928269 0.30722362
v 0.053726047 0.19317302 0.3085378
v -0.03369545 0.2113288 0.31736195
v -0.034554105 0.21968196 0.31536353
v -0.0152724665 0.22130434 0.31864092
v -0.015365839 0.21287107 0.32047617
v -0.09083054 0.18099917 0.28403315
v -0.08665754 0.17773697 0.28399932
v -0.09375144 0.16617988 0.27272424
v -0.09831307 0.16881421 0.27213335
v 0.050650425 0.084809184 0.21056202
v 0.054172643 0.086632095 0.20294568
v 0.03766632 0.07952375 0.19534984
v 0.034959104 0.07805215 0.20333661
v 0.07699742 0.15605152 0.2776785
v 0.07851206 0.1556121 0.27880114
v 0.08159171 0.14265172 0.26727048
v 0.08002084 0.14332771 0.2663587
v -0.07757974 0.105051056 0.2177994
v -0.086901695 0.11633587 0.22691108
v -0.06707655 0.12406266 0.2332834
v -0.06008508 0.115599915 0.22644758
v -0.0931953 0.12859753 0.23727071
v -0.07179675 0.13325801 0.24105525
v -0.06558767 0.0951838 0.21026193
v -0.051091027 0.10820023 0.22079265
v -0.051386345 0.08712207 0.20455882
v -0.040440034 0.1021546 0.21651378
v -0.035521496 0.08118493 0.20087938
v -0.028541397 0.09770223 0.21375304
v -0.018602818 0.07760794 0.19933914
v -0.01585239 0.095019765 0.21259719
v -0.0012804862 0.076533474 0.19998041
v -0.0028606409 0.09421397 0.21307798
v 0.015779821 0.078004226 0.20277488
v 0.009934589 0.0953169 0.21517426
v 0.03192248 0.08196089 0.20762573
v 0.02204158 0.09828402 0.2188133
v 0.046527136 0.08824509 0.21436816
v 0.032995075 0.10299662 0.22387147
v 0.05903254 0.09660683 0.2227716
v 0.042374127 0.109267205 0.2301758
v 0.068958126 0.10671576 0.23254399
v 0.049818315 0.11684808 0.23750703
v 0.075922444 0.11817514 0.24333695
v 0.05504155 0.12544173 0.24560386
v 0.079657845 0.13053852 0.25475514
v 0.05784311 0.13471335 0.25416964
v 0.058115352 0.14430438 0.262874
v 0.08002084 0.14332771 0.2663587
v 0.07699742 0.15605152 0.2776785
v 0.055847786 0.15384637 0.27136502
v 0.0707038 0.16822414 0.2882605
v 0.051127575 0.16297506 0.27930254
v 0.06138184 0.1793835 0.29768652
v 0.044136103 0.1713439 0.2863728
v 0.04938977 0.18910886 0.30557853
v 0.03514205 0.1786375 0.29229224
v 0.035188437 0.19703704 0.31162092
v 0.02449105 0.18458356 0.29682434
v 0.019323599 0.20286985 0.315575
v 0.012592423 0.18895814 0.29979008
v 0.002404925 0.2063835 0.31728357
v -9.6582524E-05 0.19159338 0.30107164
v -0.0130882785 0.19238794 0.30061752
v -0.014917336 0.20744292 0.31667805
v -0.031977575 0.20600744 0.31378093
v -0.025883459 0.19131131 0.29844457
v -0.04812024 0.20213223 0.30870548
v -0.037990455 0.18840492 0.29463786
v -0.06272491 0.19596618 0.30165088
v -0.04894395 0.18378042 0.28934664
v -0.07523033 0.18774417 0.2928941
v -0.058323026 0.17761411 0.28277874
v -0.08515593 0.17777337 0.28278005
v -0.06576722 0.17013654 0.27519262
v -0.09212027 0.16642658 0.27171203
v -0.07099048 0.16162719 0.2668907
v -0.0958557 0.15413308 0.26013035
v -0.07379206 0.15240788 0.2582034
v -0.0962187 0.14136046 0.24849255
v -0.07406429 0.1428293 0.24947362
v -0.0931953 0.12859753 0.23727071
v -0.086901695 0.11633587 0.22691108
v -0.08843579 0.11515546 0.22709556
v -0.094846465 0.12764658 0.23764381
v -0.007932983 0.14385466 0.2560543
v -9.6582524E-05 0.19159338 0.30107164
v 0.012592423 0.18895814 0.29979008
v -0.0130882785 0.19238794 0.30061752
v -0.025883459 0.19131131 0.29844457
v -0.037990455 0.18840492 0.29463786
v -0.04894395 0.18378042 0.28934664
v -0.058323026 0.17761411 0.28277874
v -0.06576722 0.17013654 0.27519262
v -0.07099048 0.16162719 0.2668907
v -0.07379206 0.15240788 0.2582034
v -0.07406429 0.1428293 0.24947362
v -0.07179675 0.13325801 0.24105525
v -0.06707655 0.12406266 0.2332834
v -0.06008508 0.115599915 0.22644758
v -0.051091027 0.10820023 0.22079265
v -0.040440034 0.1021546 0.21651378
v -0.028541397 0.09770223 0.21375304
v -0.01585239 0.095019765 0.21259719
v -0.0028606409 0.09421397 0.21307798
v 0.009934589 0.0953169 0.21517426
v 0.02204158 0.09828402 0.2188133
v 0.032995075 0.10299662 0.22387147
v 0.042374127 0.109267205 0.2301758
v 0.049818315 0.11684808 0.23750703
v 0.05504155 0.12544173 0.24560386
v 0.05784311 0.13471335 0.25416964
v 0.058115352 0.14430438 0.262874
v 0.055847786 0.15384637 0.27136502
v 0.051127575 0.16297506 0.27930254
v 0.044136103 0.1713439 0.2863728
v 0.03514205 0.1786375 0.29229224
v 0.02449105 0.18458356 0.29682434
v -0.06558767 0.0951838 0.21026193
v -0.0667253 0.093605995 0.21014892
v -0.078940436 0.10365889 0.21782006
v -0.07757974 0.105051056 0.2177994
v 0.079657845 0.13053852 0.25475514
v 0.08002084 0.14332771 0.2663587
v 0.08159171 0.14265172 0.26727048
v 0.08122197 0.12962407 0.2554522
v 0.0707038 0.16822414 0.2882605
v 0.07210138 0.16801059 0.2895811
v 0.07851206 0.1556121 0.27880114
v 0.07699742 0.15605152 0.2776785
v -0.051386345 0.08712207 0.20455882
v -0.05225981 0.08539225 0.20434621
v -0.0667253 0.093605995 0.21014892
v -0.06558767 0.0951838 0.21026193
v 0.06138184 0.1793835 0.29768652
v 0.062606014 0.17937677 0.2991837
v 0.07210138 0.16801059 0.2895811
v 0.0707038 0.16822414 0.2882605
v -0.035521496 0.08118493 0.20087938
v -0.036099855 0.07934297 0.20060363
v -0.05225981 0.08539225 0.20434621
v -0.051386345 0.08712207 0.20455882
v -0.031977575 0.20600744 0.31378093
v -0.032490015 0.20649569 0.31558084
v -0.015112432 0.20795785 0.31853217
v -0.014917336 0.20744292 0.31667805
v 0.04938977 0.18910886 0.30557853
v 0.050390866 0.18928269 0.30722362
v 0.062606014 0.17937677 0.2991837
v 0.06138184 0.1793835 0.29768652
v 0.002404925 0.2063835 0.31728357
v -0.014917336 0.20744292 0.31667805
v -0.015112432 0.20795785 0.31853217
v 0.002532046 0.20687875 0.31914887
v -0.018602818 0.07760794 0.19933914
v -0.01886647 0.07569839 0.19903803
v -0.036099855 0.07934297 0.20060363
v -0.035521496 0.08118493 0.20087938
v -0.04812024 0.20213223 0.30870548
v -0.04893295 0.20254838 0.3104103
v -0.032490015 0.20649569 0.31558084
v -0.031977575 0.20600744 0.31378093
v 0.035188437 0.19703704 0.31162092
v 0.035925373 0.19735843 0.3133795
v 0.050390866 0.18928269 0.30722362
v 0.04938977 0.18910886 0.30557853
v -0.0012804862 0.076533474 0.19998041
v -0.0012219184 0.0746037 0.19969194
v -0.01886647 0.07569839 0.19903803
v -0.018602818 0.07760794 0.19933914
v -0.06272491 0.19596618 0.30165088
v -0.06380929 0.19626766 0.3032235
v -0.04893295 0.20254838 0.3104103
v -0.04812024 0.20213223 0.30870548
v 0.019323599 0.20286985 0.315575
v 0.019765427 0.20329975 0.31740797
v 0.035925373 0.19735843 0.3133795
v 0.035188437 0.19703704 0.31162092
v 0.015779821 0.078004226 0.20277488
v 0.016155733 0.07610243 0.20253634
v -0.0012219184 0.0746037 0.19969194
v -0.0012804862 0.076533474 0.19998041
v -0.07523033 0.18774417 0.2928941
v -0.07654733 0.1878927 0.29430264
v -0.06380929 0.19626766 0.3032235
v -0.06272491 0.19596618 0.30165088
v 0.002404925 0.2063835 0.31728357
v 0.002532046 0.20687875 0.31914887
v 0.019765427 0.20329975 0.31740797
v 0.019323599 0.20286985 0.315575
v 0.03192248 0.08196089 0.20762573
v 0.032598663 0.08013403 0.20747301
v 0.016155733 0.07610243 0.20253634
v 0.015779821 0.078004226 0.20277488
v -0.08515593 0.17777337 0.28278005
v -0.08665754 0.17773697 0.28399932
v -0.07654733 0.1878927 0.29430264
v -0.07523033 0.18774417 0.2928941
v 0.046527136 0.08824509 0.21436816
v 0.047474988 0.086536966 0.21433483
v 0.032598663 0.08013403 0.20747301
v 0.03192248 0.08196089 0.20762573
v -0.09212027 0.16642658 0.27171203
v -0.09375144 0.16617988 0.27272424
v -0.08665754 0.17773697 0.28399932
v -0.08515593 0.17777337 0.28278005
v 0.05903254 0.09660683 0.2227716
v 0.06021301 0.09505636 0.222888
v 0.047474988 0.086536966 0.21433483
v 0.046527136 0.08824509 0.21436816
v -0.0958557 0.15413308 0.26013035
v -0.09755637 0.1536581 0.26092634
v -0.09375144 0.16617988 0.27272424
v -0.09212027 0.16642658 0.27171203
v 0.068958126 0.10671576 0.23254399
v 0.07032322 0.105355345 0.23283595
v 0.06021301 0.09505636 0.222888
v 0.05903254 0.09660683 0.2227716
v -0.0962187 0.14136046 0.24849255
v -0.0979261 0.14064771 0.24907234
v -0.09755637 0.1536581 0.26092634
v -0.0958557 0.15413308 0.26013035
v 0.075922444 0.11817514 0.24333695
v 0.07741709 0.11702957 0.2438247
v 0.07032322 0.105355345 0.23283595
v 0.068958126 0.10671576 0.23254399
v -0.0931953 0.12859753 0.23727071
v -0.094846465 0.12764658 0.23764381
v -0.0979261 0.14064771 0.24907234
v -0.0962187 0.14136046 0.24849255
v 0.079657845 0.13053852 0.25475514
v 0.08122197 0.12962407 0.2554522
v 0.07741709 0.11702957 0.2438247
v 0.075922444 0.11817514 0.24333695
v 0.019798668 -0.21043003 -0.097007215
v 0.030120887 -0.19909887 -0.09461888
v 0.030120887 -0.19827706 -0.10022207
v 0.01979867 -0.20989925 -0.10069787
v -0.007270965 -0.26954147 -0.098538205
v -0.010345669 -0.22487138 -0.09957981
v -0.010345672 -0.22515006 -0.09765677
v -0.007270965 -0.26954147 -0.098538205
v -0.010345672 -0.22515006 -0.09765677
v -0.0072709667 -0.26973954 -0.097204685
v 0.0062275897 -0.2701457 -0.09466455
v 0.006767063 -0.26996025 -0.09589233
v 0.006648554 -0.3303972 -0.09476441
v 0.006109081 -0.3305895 -0.09353711
v 0.0065219104 -0.3927193 -0.09336708
v 0.005982437 -0.392922 -0.09214032
v 0.005855999 -0.45297283 -0.09112682
v 0.006395471 -0.4527572 -0.092352934
v 0.006277577 -0.5063415 -0.0923745
v 0.005738105 -0.50657165 -0.09114921
v 0.0056297267 -0.55381644 -0.091993615
v 0.006169199 -0.5535713 -0.09321793
v 0.0060713077 -0.59454554 -0.09466932
v 0.0055318344 -0.5948054 -0.093446285
v 0.005439186 -0.63160807 -0.09767731
v 0.005978659 -0.6313319 -0.09889957
v 0.007042085 -0.26976496 -0.09719808
v 0.006923576 -0.33019423 -0.096074015
v 0.006648554 -0.3303972 -0.09476441
v 0.006767063 -0.26996025 -0.09589233
v 0.006796932 -0.3925046 -0.09468905
v 0.0065219104 -0.3927193 -0.09336708
v 0.006395471 -0.4527572 -0.092352934
v 0.0066704927 -0.45252764 -0.093690984
v 0.0065525994 -0.5060947 -0.09372764
v 0.006277577 -0.5063415 -0.0923745
v 0.006169199 -0.5535713 -0.09321793
v 0.006444221 -0.5533061 -0.094584756
v 0.006346329 -0.594262 -0.09604815
v 0.0060713077 -0.59454554 -0.09466932
v 0.005978659 -0.6313319 -0.09889957
v 0.00625368 -0.631028 -0.10029061
v 0.0058860104 -0.66599804 -0.108079515
v 0.006161032 -0.66566914 -0.10948486
v 0.006091546 -0.69477934 -0.12127338
v 0.005816524 -0.69513214 -0.11985617
v 0.006068384 -0.7149523 -0.13329843
v 0.0057933615 -0.7153221 -0.13187657
v 0.007042085 -0.26976496 -0.09719808
v 0.006767063 -0.26996025 -0.09589233
v 0.009891972 -0.22546177 -0.09576414
v 0.010288452 -0.22518684 -0.09764717
v -0.01754534 -0.208823 -0.10776296
v -0.026692769 -0.1966153 -0.11095253
v -0.02896335 -0.19736421 -0.10575941
v -0.01903781 -0.20930862 -0.10434185
v -0.0057750666 -0.21273988 -0.08094011
v -0.001950006 -0.2128548 -0.08022579
v -0.0010447558 -0.22645648 -0.08890417
v -0.0030379896 -0.22639632 -0.089276455
v 0.0019499926 -0.21286517 -0.08022224
v 0.0009875284 -0.22646189 -0.08890232
v -0.0010447558 -0.22645648 -0.08890417
v -0.001950006 -0.2128548 -0.08022579
v 0.0019499926 -0.21286517 -0.08022224
v -0.001950006 -0.2128548 -0.08022579
v -0.0029666598 -0.2028704 -0.06914401
v 0.0029666394 -0.20288628 -0.069137774
v 0.01537863 -0.20845877 -0.110828064
v 0.023396423 -0.19604333 -0.115607806
v 0.019200947 -0.19545333 -0.11960225
v 0.012620915 -0.20807908 -0.113456555
v -0.01754534 -0.208823 -0.10776296
v -0.01903781 -0.20930862 -0.10434185
v -0.009949188 -0.2245996 -0.101469226
v -0.009171465 -0.22434515 -0.103252016
v -0.019798666 -0.20982732 -0.100715786
v -0.010345669 -0.22487138 -0.09957981
v -0.009949188 -0.2245996 -0.101469226
v -0.01903781 -0.20930862 -0.10434185
v -0.019798666 -0.20982732 -0.100715786
v -0.01903781 -0.20930862 -0.10434185
v -0.02896335 -0.19736421 -0.10575941
v -0.030120885 -0.19816571 -0.10025476
v 0.009378185 -0.21257432 -0.08232358
v 0.014267587 -0.20243272 -0.07232514
v 0.019200947 -0.20197923 -0.07540427
v 0.012620914 -0.21228412 -0.08435172
v 0.01537863 -0.20845877 -0.110828064
v 0.012620915 -0.20807908 -0.113456555
v 0.0065481323 -0.22395515 -0.10621924
v 0.007985175 -0.22415413 -0.10484929
v 0.009378186 -0.20777914 -0.11552419
v 0.00485835 -0.2237979 -0.10729689
v 0.0065481323 -0.22395515 -0.10621924
v 0.012620915 -0.20807908 -0.113456555
v 0.009378186 -0.20777914 -0.11552419
v 0.012620915 -0.20807908 -0.113456555
v 0.019200947 -0.19545333 -0.11960225
v 0.014267591 -0.19498745 -0.122744575
v -0.019037822 -0.21088433 -0.093411885
v -0.02896337 -0.1998044 -0.089165226
v -0.026692795 -0.20057829 -0.08400675
v -0.017545361 -0.21138181 -0.09001495
v 0.009378185 -0.21257432 -0.08232358
v 0.012620914 -0.21228412 -0.08435172
v 0.0065481323 -0.2261576 -0.09105382
v 0.0048583494 -0.22630954 -0.089997254
v 0.015378629 -0.21190554 -0.086941086
v 0.007985174 -0.22595945 -0.09240271
v 0.0065481323 -0.2261576 -0.09105382
v 0.012620914 -0.21228412 -0.08435172
v 0.015378629 -0.21190554 -0.086941086
v 0.012620914 -0.21228412 -0.08435172
v 0.019200947 -0.20197923 -0.07540427
v 0.023396423 -0.20138857 -0.07933638
v -0.0019499836 -0.20745021 -0.117680326
v -0.0029666258 -0.19447978 -0.12602083
v -0.008785896 -0.1946271 -0.12491991
v -0.0057750302 -0.20754407 -0.11695611
v -0.019037822 -0.21088433 -0.093411885
v -0.017545361 -0.21138181 -0.09001495
v -0.009171475 -0.22568548 -0.09400446
v -0.009949195 -0.22542499 -0.095774226
v -0.015378639 -0.21183242 -0.08696336
v -0.0080424 -0.22592136 -0.09241463
v -0.009171475 -0.22568548 -0.09400446
v -0.017545361 -0.21138181 -0.09001495
v -0.015378639 -0.21183242 -0.08696336
v -0.017545361 -0.21138181 -0.09001495
v -0.026692795 -0.20057829 -0.08400675
v -0.023396436 -0.20127971 -0.079372935
v 0.019037817 -0.21095501 -0.09339317
v 0.028963355 -0.19991262 -0.08913205
v 0.030120887 -0.19909887 -0.09461888
v 0.019798668 -0.21043003 -0.097007215
v -0.0019499836 -0.20745021 -0.117680326
v -0.0057750302 -0.20754407 -0.11695611
v -0.003037971 -0.22367474 -0.10804314
v -0.0010447442 -0.22362548 -0.10842062
v -0.009378162 -0.20773715 -0.11553421
v -0.0049155587 -0.22377601 -0.1073021
v -0.003037971 -0.22367474 -0.10804314
v -0.0057750302 -0.20754407 -0.11695611
v -0.009378162 -0.20773715 -0.11553421
v -0.0057750302 -0.20754407 -0.11695611
v -0.008785896 -0.1946271 -0.12491991
v -0.014267555 -0.19492798 -0.122759126
v 0.019037817 -0.21095501 -0.09339317
v 0.019798668 -0.21043003 -0.097007215
v 0.010288452 -0.22518684 -0.09764717
v 0.009891972 -0.22546177 -0.09576414
v -0.009378195 -0.21252505 -0.08233946
v -0.014267604 -0.20235725 -0.072353065
v -0.008785951 -0.20269163 -0.070228696
v -0.0057750666 -0.21273988 -0.08094011
v -0.009378195 -0.21252505 -0.08233946
v -0.0057750666 -0.21273988 -0.08094011
v -0.0030379896 -0.22639632 -0.089276455
v -0.004915576 -0.2262839 -0.09000565
v -0.015378616 -0.2083888 -0.11084595
v -0.0233964 -0.1959427 -0.115634866
v -0.026692769 -0.1966153 -0.11095253
v -0.01754534 -0.208823 -0.10776296
v -0.015378616 -0.2083888 -0.11084595
v -0.01754534 -0.208823 -0.10776296
v -0.009171465 -0.22434515 -0.103252016
v -0.008042387 -0.22411758 -0.10485871
v 0.017545352 -0.20889905 -0.10774334
v 0.026692783 -0.19672807 -0.11092064
v 0.023396423 -0.19604333 -0.115607806
v 0.01537863 -0.20845877 -0.110828064
v 0.017545352 -0.20889905 -0.10774334
v 0.01537863 -0.20845877 -0.110828064
v 0.007985175 -0.22415413 -0.10484929
v 0.009114251 -0.22438484 -0.103241615
v 0.0057750545 -0.21277048 -0.080929935
v 0.008785932 -0.20273851 -0.070210814
v 0.014267587 -0.20243272 -0.07232514
v 0.009378185 -0.21257432 -0.08232358
v 0.0057750545 -0.21277048 -0.080929935
v 0.009378185 -0.21257432 -0.08232358
v 0.0048583494 -0.22630954 -0.089997254
v 0.0029807629 -0.22641225 -0.08927111
v 0.005775058 -0.20756988 -0.11694993
v 0.008785939 -0.19466306 -0.124911286
v 0.0029666477 -0.19449183 -0.12601778
v 0.001949998 -0.20745893 -0.11767811
v -0.01979867 -0.2103594 -0.097025074
v -0.030120892 -0.19898969 -0.09465143
v -0.02896337 -0.1998044 -0.089165226
v -0.01979867 -0.2103594 -0.097025074
v -0.02896337 -0.1998044 -0.089165226
v -0.019037822 -0.21088433 -0.093411885
v 0.005775058 -0.20756988 -0.11694993
v 0.001949998 -0.20745893 -0.11767811
v 0.0009875314 -0.22363003 -0.1084195
v 0.0029807654 -0.22368819 -0.10803997
v -0.0019499836 -0.20745021 -0.117680326
v -0.0010447442 -0.22362548 -0.10842062
v 0.0009875314 -0.22363003 -0.1084195
v 0.001949998 -0.20745893 -0.11767811
v -0.0019499836 -0.20745021 -0.117680326
v 0.001949998 -0.20745893 -0.11767811
v 0.0029666477 -0.19449183 -0.12601778
v -0.0029666258 -0.19447978 -0.12602083
v -0.01979867 -0.2103594 -0.097025074
v -0.019037822 -0.21088433 -0.093411885
v -0.009949195 -0.22542499 -0.095774226
v -0.010345672 -0.22515006 -0.09765677
v 0.017545352 -0.21145394 -0.08999448
v 0.026692783 -0.20068683 -0.08397219
v 0.028963355 -0.19991262 -0.08913205
v 0.019037817 -0.21095501 -0.09339317
v 0.017545352 -0.21145394 -0.08999448
v 0.019037817 -0.21095501 -0.09339317
v 0.009891972 -0.22546177 -0.09576414
v 0.009114251 -0.22572303 -0.09399343
v -0.012620926 -0.21221857 -0.08437247
v -0.019200964 -0.2018804 -0.075439416
v -0.014267604 -0.20235725 -0.072353065
v -0.009378195 -0.21252505 -0.08233946
v -0.012620926 -0.21221857 -0.08437247
v -0.009378195 -0.21252505 -0.08233946
v -0.004915576 -0.2262839 -0.09000565
v -0.006605358 -0.2261235 -0.09106486
v -0.012620896 -0.2080223 -0.11347061
v -0.019200917 -0.19537172 -0.11962347
v -0.0233964 -0.1959427 -0.115634866
v -0.015378616 -0.2083888 -0.11084595
v -0.012620896 -0.2080223 -0.11347061
v -0.015378616 -0.2083888 -0.11084595
v -0.008042387 -0.22411758 -0.10485871
v -0.006605343 -0.22392549 -0.1062266
v 0.019037815 -0.20938307 -0.10432302
v 0.028963355 -0.19747871 -0.105725855
v 0.026692783 -0.19672807 -0.11092064
v 0.019037815 -0.20938307 -0.10432302
v 0.026692783 -0.19672807 -0.11092064
v 0.017545352 -0.20889905 -0.10774334
v 0.019037815 -0.20938307 -0.10432302
v 0.017545352 -0.20889905 -0.10774334
v 0.009114251 -0.22438484 -0.103241615
v 0.009891972 -0.22463843 -0.10145921
v 0.0019499926 -0.21286517 -0.08022224
v 0.0029666394 -0.20288628 -0.069137774
v 0.008785932 -0.20273851 -0.070210814
v 0.0057750545 -0.21277048 -0.080929935
v 0.0019499926 -0.21286517 -0.08022224
v 0.0057750545 -0.21277048 -0.080929935
v 0.0029807629 -0.22641225 -0.08927111
v 0.0009875284 -0.22646189 -0.08890232
v -0.019798666 -0.20982732 -0.100715786
v -0.030120885 -0.19816571 -0.10025476
v -0.030120892 -0.19898969 -0.09465143
v -0.01979867 -0.2103594 -0.097025074
v -0.019798666 -0.20982732 -0.100715786
v -0.01979867 -0.2103594 -0.097025074
v -0.010345672 -0.22515006 -0.09765677
v -0.010345669 -0.22487138 -0.09957981
v 0.009378186 -0.20777914 -0.11552419
v 0.014267591 -0.19498745 -0.122744575
v 0.008785939 -0.19466306 -0.124911286
v 0.005775058 -0.20756988 -0.11694993
v 0.009378186 -0.20777914 -0.11552419
v 0.005775058 -0.20756988 -0.11694993
v 0.0029807654 -0.22368819 -0.10803997
v 0.00485835 -0.2237979 -0.10729689
v 0.015378629 -0.21190554 -0.086941086
v 0.023396423 -0.20138857 -0.07933638
v 0.026692783 -0.20068683 -0.08397219
v 0.017545352 -0.21145394 -0.08999448
v 0.015378629 -0.21190554 -0.086941086
v 0.017545352 -0.21145394 -0.08999448
v 0.009114251 -0.22572303 -0.09399343
v 0.007985174 -0.22595945 -0.09240271
v -0.015378639 -0.21183242 -0.08696336
v -0.023396436 -0.20127971 -0.079372935
v -0.019200964 -0.2018804 -0.075439416
v -0.012620926 -0.21221857 -0.08437247
v -0.015378639 -0.21183242 -0.08696336
v -0.012620926 -0.21221857 -0.08437247
v -0.006605358 -0.2261235 -0.09106486
v -0.0080424 -0.22592136 -0.09241463
v -0.009378162 -0.20773715 -0.11553421
v -0.014267555 -0.19492798 -0.122759126
v -0.019200917 -0.19537172 -0.11962347
v -0.012620896 -0.2080223 -0.11347061
v -0.009378162 -0.20773715 -0.11553421
v -0.012620896 -0.2080223 -0.11347061
v -0.006605343 -0.22392549 -0.1062266
v -0.0049155587 -0.22377601 -0.1073021
v 0.0062275897 -0.2701457 -0.09466455
v 0.009114251 -0.22572303 -0.09399343
v 0.009891972 -0.22546177 -0.09576414
v 0.006767063 -0.26996025 -0.09589233
v -0.007876995 -0.66502637 -0.11202465
v -0.007946481 -0.69410104 -0.12380618
v -0.0074070063 -0.6937859 -0.12504286
v -0.00733752 -0.6647299 -0.11325905
v 0.0023943915 -0.6669388 -0.10420431
v 0.0035665252 -0.6667664 -0.10493461
v 0.0034970387 -0.69594586 -0.11671882
v 0.0023249048 -0.69613045 -0.1159878
v 0.0042024255 -0.39325815 -0.09012183
v 0.0051992433 -0.39310518 -0.09103844
v 0.005072804 -0.4531675 -0.09002567
v 0.004075987 -0.45332912 -0.08912684
v 0.0039580925 -0.50694996 -0.08916719
v 0.0049549104 -0.50677913 -0.09004903
v 0.0048465314 -0.5540373 -0.090894535
v 0.0038497143 -0.5542171 -0.09002864
v 0.0037518223 -0.595227 -0.09149705
v 0.00474864 -0.59503925 -0.09234825
v 0.004563343 -0.6665593 -0.10575874
v 0.0035665252 -0.6667664 -0.10493461
v 0.0036591738 -0.63205254 -0.09574238
v 0.0046559917 -0.63185614 -0.09657976
v 0.005444395 -0.27031347 -0.09356168
v 0.007985174 -0.22595945 -0.09240271
v 0.009114251 -0.22572303 -0.09399343
v 0.0062275897 -0.2701457 -0.09466455
v -0.007270965 -0.26954147 -0.098538205
v -0.0072709667 -0.26973954 -0.097204685
v -0.0073894756 -0.33016902 -0.09608024
v -0.0073894737 -0.32996333 -0.097413376
v -0.0075161187 -0.39247978 -0.094694935
v -0.007516117 -0.39226267 -0.09602764
v -0.007642557 -0.4522718 -0.09502901
v -0.007642558 -0.4525032 -0.0936967
v -0.007760451 -0.5060705 -0.093733355
v -0.0077604502 -0.5058231 -0.095065504
v -0.007868829 -0.55301785 -0.09592223
v -0.00786883 -0.55328214 -0.09459064
v -0.007966722 -0.59423834 -0.09605416
v -0.0079667205 -0.5939574 -0.097384155
v -0.008059369 -0.6307055 -0.10162573
v -0.00805937 -0.6310045 -0.10029668
v -0.008152018 -0.6653256 -0.11082125
v -0.008152019 -0.66564596 -0.10949103
v -0.008221506 -0.69475645 -0.12127949
v -0.008221504 -0.69441587 -0.12261134
v -0.008244668 -0.71492934 -0.1333042
v -0.008244666 -0.7145741 -0.13463658
v -0.008244666 -0.73718 -0.15469988
v -0.008244668 -0.73755753 -0.15336527
v -0.008244666 -0.7736134 -0.1906043
v -0.008297567 -0.81200445 -0.23605521
v -0.008297565 -0.81158036 -0.23739953
v -0.008456263 -0.8387871 -0.29013547
v -0.006995946 -0.2699348 -0.09589928
v -0.007114455 -0.33037192 -0.09477099
v -0.0073894756 -0.33016902 -0.09608024
v -0.0072709667 -0.26973954 -0.097204685
v -0.0072410987 -0.3926944 -0.09337328
v -0.0075161187 -0.39247978 -0.094694935
v -0.007642558 -0.4525032 -0.0936967
v -0.0073675374 -0.45273277 -0.09235887
v -0.007485431 -0.50631726 -0.09238038
v -0.007760451 -0.5060705 -0.093733355
v -0.00786883 -0.55328214 -0.09459064
v -0.0076917014 -0.5945218 -0.09467548
v -0.007966722 -0.59423834 -0.09605416
v -0.00805937 -0.6310045 -0.10029668
v -0.0077843503 -0.6313086 -0.09890574
v -0.008152019 -0.66564596 -0.10949103
v -0.007876999 -0.66597515 -0.10808534
v -0.007946486 -0.69510955 -0.1198615
v -0.008221506 -0.69475645 -0.12127949
v -0.007969648 -0.7152996 -0.13188148
v -0.008244668 -0.71492934 -0.1333042
v -0.008244668 -0.73755753 -0.15336527
v -0.006995946 -0.2699348 -0.09589928
v -0.0072709667 -0.26973954 -0.097204685
v -0.010345672 -0.22515006 -0.09765677
v -0.009949195 -0.22542499 -0.095774226
v 0.005444395 -0.27031347 -0.09356168
v 0.0062275897 -0.2701457 -0.09466455
v 0.006109081 -0.3305895 -0.09353711
v 0.0053258864 -0.33076343 -0.09243466
v 0.005982437 -0.392922 -0.09214032
v 0.0051992433 -0.39310518 -0.09103844
v 0.005072804 -0.4531675 -0.09002567
v 0.005855999 -0.45297283 -0.09112682
v 0.005738105 -0.50657165 -0.09114921
v -0.006995942 -0.2693483 -0.09984851
v -0.009949188 -0.2245996 -0.101469226
v -0.010345669 -0.22487138 -0.09957981
v -0.007270965 -0.26954147 -0.098538205
v -0.006995942 -0.2693483 -0.09984851
v -0.007270965 -0.26954147 -0.098538205
v -0.0073894737 -0.32996333 -0.097413376
v -0.007114451 -0.32976288 -0.098719016
v -0.007516117 -0.39226267 -0.09602764
v -0.007241094 -0.3920515 -0.09732001
v -0.007367533 -0.45204753 -0.09630447
v -0.007642557 -0.4522718 -0.09502901
v -0.0077604502 -0.5058231 -0.095065504
v -0.0074854265 -0.5055846 -0.09632544
v -0.007593805 -0.5527646 -0.097167164
v -0.007868829 -0.55301785 -0.09592223
v -0.0079667205 -0.5939574 -0.097384155
v -0.007691697 -0.5936899 -0.09861399
v -0.0077843457 -0.630423 -0.10284138
v -0.008059369 -0.6307055 -0.10162573
v -0.007876995 -0.66502637 -0.11202465
v -0.008152018 -0.6653256 -0.11082125
v -0.008221504 -0.69441587 -0.12261134
v -0.007946481 -0.69410104 -0.12380618
v -0.008244666 -0.7145741 -0.13463658
v -0.007969643 -0.7142477 -0.1358282
v -0.007969643 -0.73683476 -0.15589295
v -0.008244666 -0.73718 -0.15469988
v -0.007969643 -0.7732302 -0.19180274
v -0.008244666 -0.7736134 -0.1906043
v -0.008297565 -0.81158036 -0.23739953
v -0.008022542 -0.8111932 -0.23860067
v 0.004447577 -0.27045417 -0.09262651
v 0.0065481323 -0.2261576 -0.09105382
v 0.007985174 -0.22595945 -0.09240271
v 0.005444395 -0.27031347 -0.09356168
v 0.004447577 -0.27045417 -0.09262651
v 0.005444395 -0.27031347 -0.09356168
v 0.0053258864 -0.33076343 -0.09243466
v 0.004329069 -0.33090916 -0.091504335
v 0.0042024255 -0.39325815 -0.09012183
v 0.0051992433 -0.39310518 -0.09103844
v -0.0064564673 -0.26916733 -0.10108498
v -0.009171465 -0.22434515 -0.103252016
v -0.009949188 -0.2245996 -0.101469226
v -0.006995942 -0.2693483 -0.09984851
v -0.0064564673 -0.26916733 -0.10108498
v -0.006995942 -0.2693483 -0.09984851
v -0.007114451 -0.32976288 -0.098719016
v -0.0065749763 -0.32957473 -0.09995515
v -0.0067016194 -0.39185256 -0.09855578
v -0.007241094 -0.3920515 -0.09732001
v -0.007367533 -0.45204753 -0.09630447
v -0.0068280594 -0.45183516 -0.09754007
v -0.006945953 -0.50535715 -0.09756124
v -0.0074854265 -0.5055846 -0.09632544
v -0.007593805 -0.5527646 -0.097167164
v -0.00705433 -0.5525213 -0.098402716
v -0.007152222 -0.5934306 -0.09984784
v -0.007691697 -0.5936899 -0.09861399
v -0.0077843457 -0.630423 -0.10284138
v -0.007244871 -0.6301464 -0.10407419
v 0.0032754436 -0.27056208 -0.091893956
v 0.0048583494 -0.22630954 -0.089997254
v 0.0065481323 -0.2261576 -0.09105382
v 0.004447577 -0.27045417 -0.09262651
v 0.0032754436 -0.27056208 -0.091893956
v 0.004447577 -0.27045417 -0.09262651
v 0.004329069 -0.33090916 -0.091504335
v 0.0031569356 -0.33102122 -0.09077206
v 0.0042024255 -0.39325815 -0.09012183
v 0.0030302918 -0.39337647 -0.08938995
v 0.002903853 -0.45345506 -0.08839557
v -0.005673271 -0.26900542 -0.10219938
v -0.008042387 -0.22411758 -0.10485871
v -0.009171465 -0.22434515 -0.103252016
v -0.0064564673 -0.26916733 -0.10108498
v -0.005673271 -0.26900542 -0.10219938
v -0.0064564673 -0.26916733 -0.10108498
v -0.0065749763 -0.32957473 -0.09995515
v -0.0057917796 -0.3294061 -0.10107366
v -0.0067016194 -0.39185256 -0.09855578
v -0.0059184227 -0.39167354 -0.099687204
v -0.0060448623 -0.4516429 -0.0986885
v -0.0068280594 -0.45183516 -0.09754007
v -0.006945953 -0.50535715 -0.09756124
v -0.006162756 -0.5051495 -0.09872605
v -0.0062711346 -0.552297 -0.09958221
v -0.00705433 -0.5525213 -0.098402716
v -0.007152222 -0.5934306 -0.09984784
v -0.0063690254 -0.5931894 -0.10103939
v -0.0064616743 -0.6298865 -0.1052781
v -0.007244871 -0.6301464 -0.10407419
v 0.0019730385 -0.2706351 -0.091390416
v 0.0029807629 -0.22641225 -0.08927111
v 0.0048583494 -0.22630954 -0.089997254
v 0.0019730385 -0.2706351 -0.091390416
v 0.0048583494 -0.22630954 -0.089997254
v 0.0032754436 -0.27056208 -0.091893956
v 0.0019730385 -0.2706351 -0.091390416
v 0.0032754436 -0.27056208 -0.091893956
v 0.0031569356 -0.33102122 -0.09077206
v 0.0019730385 -0.2706351 -0.091390416
v 0.0031569356 -0.33102122 -0.09077206
v 0.0018545301 -0.33109733 -0.0902643
v 0.0030302918 -0.39337647 -0.08938995
v 0.0017278865 -0.39345747 -0.08886921
v 0.0016014477 -0.4535425 -0.08785828
v 0.0019730404 -0.26869935 -0.10440621
v 0.0029807654 -0.22368819 -0.10803997
v 0.0009875314 -0.22363003 -0.1084195
v 0.00059041515 -0.26865804 -0.10466942
v -0.0046764524 -0.26886865 -0.10314824
v -0.006605343 -0.22392549 -0.1062266
v -0.008042387 -0.22411758 -0.10485871
v -0.005673271 -0.26900542 -0.10219938
v 0.0019730404 -0.26869935 -0.10440621
v 0.00059041515 -0.26865804 -0.10466942
v 0.00047190674 -0.32904422 -0.103543416
v 0.0018545317 -0.32908705 -0.10328028
v 0.00034526308 -0.39128986 -0.10215692
v 0.0017278882 -0.39133498 -0.10189384
v 0.0016014492 -0.4512799 -0.10089549
v 0.00021882425 -0.451232 -0.1011587
v 0.00010093036 -0.50470763 -0.101197354
v 0.0014835554 -0.5047587 -0.10093388
v 0.0013751772 -0.551877 -0.10178965
v -7.4478885E-06 -0.5518224 -0.10205327
v -0.00010533979 -0.592682 -0.10350678
v 0.0012772852 -0.5927402 -0.103243366
v -0.0008192915 -0.2686549 -0.10467015
v -0.0009377999 -0.3290409 -0.10354861
v 0.00047190674 -0.32904422 -0.103543416
v 0.00059041515 -0.26865804 -0.10466942
v 0.00034526308 -0.39128986 -0.10215692
v -0.0010644436 -0.39128596 -0.10217563
v -0.0011908825 -0.45122695 -0.1011949
v 0.00021882425 -0.451232 -0.1011587
v 0.00010093036 -0.50470763 -0.101197354
v -0.0013087762 -0.50470096 -0.10125012
v -0.0014171547 -0.55181354 -0.1021215
v -7.4478885E-06 -0.5518224 -0.10205327
v -0.00010533979 -0.592682 -0.10350678
v -0.0015150465 -0.59267056 -0.10358921
v -0.0008192915 -0.2686549 -0.10467015
v 0.00059041515 -0.26865804 -0.10466942
v 0.0009875314 -0.22363003 -0.1084195
v -0.0010447442 -0.22362548 -0.10842062
v -0.0046764524 -0.26886865 -0.10314824
v -0.005673271 -0.26900542 -0.10219938
v -0.0057917796 -0.3294061 -0.10107366
v -0.0047949604 -0.32926387 -0.10202228
v -0.0059184227 -0.39167354 -0.099687204
v -0.0049216035 -0.391523 -0.100635506
v -0.0050480436 -0.45148197 -0.09963669
v -0.0060448623 -0.4516429 -0.0986885
v -0.006162756 -0.5051495 -0.09872605
v -0.005165937 -0.5049767 -0.09967458
v -0.005274315 -0.5521118 -0.100530624
v -0.0062711346 -0.552297 -0.09958221
v -0.0063690254 -0.5931894 -0.10103939
v -0.005372207 -0.5929917 -0.10198617
v 0.00059041305 -0.27067038 -0.09113463
v 0.0009875284 -0.22646189 -0.08890232
v 0.0029807629 -0.22641225 -0.08927111
v 0.0019730385 -0.2706351 -0.091390416
v 0.00059041305 -0.27067038 -0.09113463
v 0.0019730385 -0.2706351 -0.091390416
v 0.0018545301 -0.33109733 -0.0902643
v 0.0004719046 -0.3311341 -0.09000864
v 0.0017278865 -0.39345747 -0.08886921
v 0.0003452609 -0.39349645 -0.088613726
v 0.00021882208 -0.4535842 -0.08760314
v 0.0016014477 -0.4535425 -0.08785828
v 0.0014835538 -0.5071792 -0.08788464
v 0.000100928206 -0.50722384 -0.087630115
v -7.4500304E-06 -0.55451006 -0.088478595
v 0.0013751754 -0.55446255 -0.088732764
v 0.0012772835 -0.5954877 -0.09018715
v -0.00010534191 -0.59553736 -0.089932494
v 0.0032754445 -0.2687774 -0.10389081
v 0.00485835 -0.2237979 -0.10729689
v 0.0029807654 -0.22368819 -0.10803997
v 0.0032754445 -0.2687774 -0.10389081
v 0.0029807654 -0.22368819 -0.10803997
v 0.0019730404 -0.26869935 -0.10440621
v 0.0032754445 -0.2687774 -0.10389081
v 0.0019730404 -0.26869935 -0.10440621
v 0.0018545317 -0.32908705 -0.10328028
v 0.003156936 -0.32916808 -0.10276506
v 0.0017278882 -0.39133498 -0.10189384
v 0.0030302922 -0.3914204 -0.10137876
v 0.0029038535 -0.45137087 -0.1003804
v 0.0016014492 -0.4512799 -0.10089549
v 0.0014835554 -0.5047587 -0.10093388
v 0.0027859597 -0.504856 -0.10041841
v 0.0026775815 -0.5519809 -0.10127416
v 0.0013751772 -0.551877 -0.10178965
v 0.0012772852 -0.5927402 -0.103243366
v 0.0025796895 -0.59285086 -0.10272903
v -0.0035043177 -0.26876226 -0.10389428
v -0.0049155587 -0.22377601 -0.1073021
v -0.006605343 -0.22392549 -0.1062266
v -0.0046764524 -0.26886865 -0.10314824
v -0.0035043177 -0.26876226 -0.10389428
v -0.0046764524 -0.26886865 -0.10314824
v -0.0047949604 -0.32926387 -0.10202228
v -0.003622826 -0.32915327 -0.10276376
v -0.0049216035 -0.391523 -0.100635506
v -0.003749469 -0.39140654 -0.10136356
v -0.0050480436 -0.45148197 -0.09963669
v -0.003875908 -0.45135847 -0.10034756
v -0.005165937 -0.5049767 -0.09967458
v -0.003993802 -0.50484556 -0.1003696
v -0.0041021802 -0.55197287 -0.101210535
v -0.005274315 -0.5521118 -0.100530624
v -0.005372207 -0.5929917 -0.10198617
v -0.0042000725 -0.5928454 -0.1026512
v -0.0008192995 -0.27066666 -0.09113589
v -0.0010447558 -0.22645648 -0.08890417
v 0.0009875284 -0.22646189 -0.08890232
v 0.00059041305 -0.27067038 -0.09113463
v -0.0008192995 -0.27066666 -0.09113589
v 0.00059041305 -0.27067038 -0.09113463
v 0.0004719046 -0.3311341 -0.09000864
v -0.000937808 -0.3311302 -0.0900144
v 0.0003452609 -0.39349645 -0.088613726
v -0.0010644518 -0.393492 -0.08863307
v -0.0011908904 -0.4535786 -0.08764006
v 0.00021882208 -0.4535842 -0.08760314
v 0.000100928206 -0.50722384 -0.087630115
v -0.0013087844 -0.50721663 -0.08768355
v -0.0014171627 -0.5545008 -0.088547334
v -7.4500304E-06 -0.55451006 -0.088478595
v -0.00010534191 -0.59553736 -0.089932494
v -0.0015150545 -0.5955258 -0.09001525
v 0.004447577 -0.26888922 -0.1031433
v 0.0065481323 -0.22395515 -0.10621924
v 0.00485835 -0.2237979 -0.10729689
v 0.0032754445 -0.2687774 -0.10389081
v 0.004447577 -0.26888922 -0.1031433
v 0.0032754445 -0.2687774 -0.10389081
v 0.003156936 -0.32916808 -0.10276506
v 0.004329069 -0.3292842 -0.10201769
v 0.0030302922 -0.3914204 -0.10137876
v 0.0042024255 -0.39154303 -0.10063137
v 0.004075987 -0.4515016 -0.099632755
v 0.0029038535 -0.45137087 -0.1003804
v 0.0027859597 -0.504856 -0.10041841
v 0.0039580925 -0.50499576 -0.09967029
v 0.0038497143 -0.5521304 -0.10052596
v 0.0026775815 -0.5519809 -0.10127416
v 0.0025796895 -0.59285086 -0.10272903
v 0.0037518223 -0.59301 -0.101981744
v -0.0022019118 -0.2686901 -0.104408294
v -0.003037971 -0.22367474 -0.10804314
v -0.0049155587 -0.22377601 -0.1073021
v -0.0035043177 -0.26876226 -0.10389428
v -0.0022019118 -0.2686901 -0.104408294
v -0.0035043177 -0.26876226 -0.10389428
v -0.003622826 -0.32915327 -0.10276376
v -0.0023204205 -0.3290779 -0.10328222
v -0.003749469 -0.39140654 -0.10136356
v -0.0024470638 -0.3913259 -0.101895556
v -0.0025735027 -0.45127097 -0.10089716
v -0.003875908 -0.45135847 -0.10034756
v -0.003993802 -0.50484556 -0.1003696
v -0.002691396 -0.50475 -0.10093587
v -0.0027997748 -0.5518683 -0.10179197
v -0.0041021802 -0.55197287 -0.101210535
v -0.0042000725 -0.5928454 -0.1026512
v -0.0028976663 -0.59273136 -0.10324595
v -0.0022019248 -0.2706241 -0.09139408
v -0.0030379896 -0.22639632 -0.089276455
v -0.0010447558 -0.22645648 -0.08890417
v -0.0008192995 -0.27066666 -0.09113589
v -0.0022019248 -0.2706241 -0.09139408
v -0.0008192995 -0.27066666 -0.09113589
v -0.000937808 -0.3311302 -0.0900144
v -0.0023204333 -0.33108622 -0.090272404
v -0.0010644518 -0.393492 -0.08863307
v -0.002447077 -0.39344588 -0.08889087
v -0.002573516 -0.4535299 -0.087897554
v -0.0011908904 -0.4535786 -0.08764006
v -0.0013087844 -0.50721663 -0.08768355
v -0.0026914098 -0.507165 -0.0879405
v -0.002799788 -0.55444646 -0.08880384
v -0.0014171627 -0.5545008 -0.088547334
v -0.0015150545 -0.5955258 -0.09001525
v -0.0028976798 -0.5954695 -0.090271726
v 0.005444395 -0.26903072 -0.10219305
v 0.007985175 -0.22415413 -0.10484929
v 0.0065481323 -0.22395515 -0.10621924
v 0.005444395 -0.26903072 -0.10219305
v 0.0065481323 -0.22395515 -0.10621924
v 0.004447577 -0.26888922 -0.1031433
v 0.005444395 -0.26903072 -0.10219305
v 0.004447577 -0.26888922 -0.1031433
v 0.004329069 -0.3292842 -0.10201769
v 0.005444395 -0.26903072 -0.10219305
v 0.004329069 -0.3292842 -0.10201769
v 0.0053258864 -0.32943118 -0.1010677
v 0.0042024255 -0.39154303 -0.10063137
v 0.0051992433 -0.3916982 -0.09968165
v 0.005072804 -0.4516671 -0.09868324
v 0.004075987 -0.4515016 -0.099632755
v 0.0039580925 -0.50499576 -0.09967029
v 0.0049549104 -0.505173 -0.09872076
v -0.0008192915 -0.2686549 -0.10467015
v -0.0010447442 -0.22362548 -0.10842062
v -0.003037971 -0.22367474 -0.10804314
v -0.0022019118 -0.2686901 -0.104408294
v -0.0008192915 -0.2686549 -0.10467015
v -0.0022019118 -0.2686901 -0.104408294
v -0.0023204205 -0.3290779 -0.10328222
v -0.0009377999 -0.3290409 -0.10354861
v -0.0024470638 -0.3913259 -0.101895556
v -0.0010644436 -0.39128596 -0.10217563
v -0.0011908825 -0.45122695 -0.1011949
v -0.0025735027 -0.45127097 -0.10089716
v -0.002691396 -0.50475 -0.10093587
v -0.0013087762 -0.50470096 -0.10125012
v -0.0014171547 -0.55181354 -0.1021215
v -0.0027997748 -0.5518683 -0.10179197
v -0.0028976663 -0.59273136 -0.10324595
v -0.0015150465 -0.59267056 -0.10358921
v -0.0035043298 -0.27054438 -0.09189971
v -0.004915576 -0.2262839 -0.09000565
v -0.0030379896 -0.22639632 -0.089276455
v -0.0022019248 -0.2706241 -0.09139408
v -0.0035043298 -0.27054438 -0.09189971
v -0.0022019248 -0.2706241 -0.09139408
v -0.0023204333 -0.33108622 -0.090272404
v -0.0036228378 -0.33100393 -0.09077319
v -0.002447077 -0.39344588 -0.08889087
v -0.0037494816 -0.39336005 -0.089377694
v -0.0038759203 -0.45344004 -0.08836618
v -0.002573516 -0.4535299 -0.087897554
v -0.0026914098 -0.507165 -0.0879405
v -0.0039938143 -0.5070712 -0.08839166
v -0.004102193 -0.5543493 -0.08923885
v -0.002799788 -0.55444646 -0.08880384
v -0.0028976798 -0.5954695 -0.090271726
v -0.0042000846 -0.59537 -0.0906925
v 0.0062275897 -0.2691948 -0.101077914
v 0.009114251 -0.22438484 -0.103241615
v 0.007985175 -0.22415413 -0.10484929
v 0.005444395 -0.26903072 -0.10219305
v 0.0062275897 -0.2691948 -0.101077914
v 0.005444395 -0.26903072 -0.10219305
v 0.0053258864 -0.32943118 -0.1010677
v 0.006109081 -0.32960194 -0.09994845
v 0.0051992433 -0.3916982 -0.09968165
v 0.005982437 -0.3918793 -0.09854941
v 0.005855999 -0.45186144 -0.09753397
v 0.005072804 -0.4516671 -0.09868324
v 0.0049549104 -0.505173 -0.09872076
v 0.005738105 -0.5053828 -0.097555205
v 0.0056297267 -0.5525464 -0.09839675
v -0.0046764635 -0.27043062 -0.09263408
v -0.006605358 -0.2261235 -0.09106486
v -0.004915576 -0.2262839 -0.09000565
v -0.0035043298 -0.27054438 -0.09189971
v -0.0046764635 -0.27043062 -0.09263408
v -0.0035043298 -0.27054438 -0.09189971
v -0.0036228378 -0.33100393 -0.09077319
v -0.0037494816 -0.39336005 -0.089377694
v -0.0047949716 -0.33088607 -0.091507144
v -0.004921615 -0.39323607 -0.090111114
v -0.0050480543 -0.45330846 -0.08909881
v -0.0038759203 -0.45344004 -0.08836618
v -0.0039938143 -0.5070712 -0.08839166
v -0.005165948 -0.5069313 -0.089123055
v -0.0052743265 -0.554201 -0.08996929
v -0.004102193 -0.5543493 -0.08923885
v -0.0042000846 -0.59537 -0.0906925
v -0.0053722183 -0.595214 -0.09142293
v -0.0046764635 -0.27043062 -0.09263408
v -0.0036228378 -0.33100393 -0.09077319
v -0.0047949716 -0.33088607 -0.091507144
v 0.006767063 -0.2693752 -0.099841714
v 0.009891972 -0.22463843 -0.10145921
v 0.009114251 -0.22438484 -0.103241615
v 0.0062275897 -0.2691948 -0.101077914
v 0.006767063 -0.2693752 -0.099841714
v 0.0062275897 -0.2691948 -0.101077914
v 0.006109081 -0.32960194 -0.09994845
v 0.006648554 -0.3297895 -0.09871256
v 0.005982437 -0.3918793 -0.09854941
v 0.0065219104 -0.39207762 -0.09731383
v 0.006395471 -0.45207328 -0.09629847
v -0.0056732805 -0.27028722 -0.093569905
v -0.0080424 -0.22592136 -0.09241463
v -0.006605358 -0.2261235 -0.09106486
v -0.0046764635 -0.27043062 -0.09263408
v -0.0056732805 -0.27028722 -0.093569905
v -0.0046764635 -0.27043062 -0.09263408
v -0.0047949716 -0.33088607 -0.091507144
v -0.0057917885 -0.33073744 -0.09244256
v -0.004921615 -0.39323607 -0.090111114
v -0.0059184316 -0.39307964 -0.09104594
v -0.0060448716 -0.45314234 -0.09003283
v -0.005165948 -0.5069313 -0.089123055
v -0.006162765 -0.50675434 -0.09005599
v -0.0062711434 -0.5540129 -0.09090127
v -0.0053722183 -0.595214 -0.09142293
v -0.006369035 -0.59501535 -0.09235462
v 0.007042085 -0.26956743 -0.09853169
v 0.010288452 -0.22490884 -0.09957022
v 0.009891972 -0.22463843 -0.10145921
v 0.006767063 -0.2693752 -0.099841714
v 0.007042085 -0.26956743 -0.09853169
v 0.006767063 -0.2693752 -0.099841714
v 0.006648554 -0.3297895 -0.09871256
v 0.006923576 -0.32998908 -0.09740722
v 0.0065219104 -0.39207762 -0.09731383
v 0.006796932 -0.39228797 -0.09602177
v 0.0066704927 -0.45229667 -0.0950233
v 0.006395471 -0.45207328 -0.09629847
v 0.006277577 -0.5056098 -0.096319444
v 0.0065525994 -0.50584763 -0.09505968
v 0.006444221 -0.5530422 -0.09591624
v 0.006169199 -0.5527895 -0.09716119
v 0.0060713077 -0.5937145 -0.09860813
v 0.006346329 -0.59398144 -0.09737817
v 0.00625368 -0.6307292 -0.10161972
v 0.005978659 -0.63044727 -0.10283552
v -0.006456474 -0.2701198 -0.09467218
v -0.009171475 -0.22568548 -0.09400446
v -0.0080424 -0.22592136 -0.09241463
v -0.0056732805 -0.27028722 -0.093569905
v -0.006456474 -0.2701198 -0.09467218
v -0.0056732805 -0.27028722 -0.093569905
v -0.0057917885 -0.33073744 -0.09244256
v -0.006574983 -0.33056384 -0.093544364
v -0.0059184316 -0.39307964 -0.09104594
v -0.0060448716 -0.45314234 -0.09003283
v -0.0068280655 -0.45294794 -0.09113336
v -0.006701627 -0.39289677 -0.09214719
v -0.006162765 -0.50675434 -0.09005599
v -0.0069459584 -0.50654703 -0.09115558
v -0.0070543373 -0.5537921 -0.09199998
v -0.0062711434 -0.5540129 -0.09090127
v -0.006369035 -0.59501535 -0.09235462
v -0.0071522286 -0.5947815 -0.09345266
v -0.0072448775 -0.63158476 -0.097683445
v -0.006461683 -0.63183296 -0.09658548
v 0.007042085 -0.26976496 -0.09719808
v 0.010288452 -0.22518684 -0.09764717
v 0.010288452 -0.22490884 -0.09957022
v 0.007042085 -0.26956743 -0.09853169
v 0.007042085 -0.26976496 -0.09719808
v 0.007042085 -0.26956743 -0.09853169
v 0.006923576 -0.32998908 -0.09740722
v 0.006923576 -0.33019423 -0.096074015
v 0.006796932 -0.39228797 -0.09602177
v 0.006796932 -0.3925046 -0.09468905
v 0.0066704927 -0.45252764 -0.093690984
v 0.0066704927 -0.45229667 -0.0950233
v 0.0065525994 -0.50584763 -0.09505968
v 0.0065525994 -0.5060947 -0.09372764
v 0.006444221 -0.5533061 -0.094584756
v 0.006444221 -0.5530422 -0.09591624
v 0.006346329 -0.59398144 -0.09737817
v 0.006346329 -0.594262 -0.09604815
v 0.00625368 -0.631028 -0.10029061
v 0.00625368 -0.6307292 -0.10161972
v 0.006161032 -0.66566914 -0.10948486
v 0.006161032 -0.6653491 -0.11081502
v 0.006091546 -0.6944392 -0.122605026
v 0.006091546 -0.69477934 -0.12127338
v 0.006068384 -0.7145973 -0.13463052
v 0.006068384 -0.7149523 -0.13329843
v 0.006068384 -0.7375817 -0.15335938
v 0.006068384 -0.73720425 -0.15469375
v 0.006068384 -0.77406144 -0.1892556
v 0.006068384 -0.77364117 -0.19059692
v 0.0060154847 -0.8116105 -0.2373912
v 0.0060154847 -0.8120344 -0.23604688
v 0.0058567873 -0.8391438 -0.28879318
v 0.0058567873 -0.8388158 -0.29012787
v -0.006995946 -0.2699348 -0.09589928
v -0.009949195 -0.22542499 -0.095774226
v -0.009171475 -0.22568548 -0.09400446
v -0.006456474 -0.2701198 -0.09467218
v -0.006995946 -0.2699348 -0.09589928
v -0.006456474 -0.2701198 -0.09467218
v -0.006574983 -0.33056384 -0.093544364
v -0.006995946 -0.2699348 -0.09589928
v -0.006574983 -0.33056384 -0.093544364
v -0.007114455 -0.33037192 -0.09477099
v -0.006701627 -0.39289677 -0.09214719
v -0.0072410987 -0.3926944 -0.09337328
v -0.0073675374 -0.45273277 -0.09235887
v 0.0023943915 -0.6669388 -0.10420431
v 0.0024870401 -0.63221234 -0.09501287
v 0.0036591738 -0.63205254 -0.09574238
v 0.0035665252 -0.6667664 -0.10493461
v -0.000383288 -0.7165798 -0.1271284
v -0.0017930006 -0.71655357 -0.12725319
v -0.0017698384 -0.69631475 -0.11523268
v -0.00036012585 -0.69633836 -0.11511154
v -0.0044780187 -0.7719573 -0.19587234
v -0.005650153 -0.7721616 -0.19524495
v -0.005703052 -0.81011647 -0.24204677
v -0.0045309174 -0.80990994 -0.24267462
v -0.003175613 -0.77176744 -0.1965154
v -0.0032285117 -0.80971897 -0.24331722
v -0.005650153 -0.7133493 -0.13925302
v -0.006646972 -0.713601 -0.13830337
v -0.006646972 -0.7361456 -0.1583717
v -0.005650153 -0.7358777 -0.15932144
v -0.006646972 -0.7724601 -0.19429153
v -0.005650153 -0.7721616 -0.19524495
v -0.0017003439 -0.6638454 -0.11706316
v -0.0017698304 -0.6928387 -0.12887888
v -0.00036012375 -0.692861 -0.12875794
v -0.00029063722 -0.66386414 -0.11695295
v -0.0065543232 -0.6644479 -0.11447893
v -0.00733752 -0.6647299 -0.11325905
v -0.0074070063 -0.6937859 -0.12504286
v -0.0066238097 -0.69348294 -0.12627602
v -0.007876995 -0.66502637 -0.11202465
v -0.00733752 -0.6647299 -0.11325905
v -0.007244871 -0.6301464 -0.10407419
v -0.0077843457 -0.630423 -0.10284138
v 0.0010919862 -0.66707134 -0.10359476
v 0.0023943915 -0.6669388 -0.10420431
v 0.0023249048 -0.69613045 -0.1159878
v 0.0010224996 -0.69627607 -0.11536728
v 0.0010919877 -0.6639303 -0.11668795
v 0.0011846365 -0.6294055 -0.10748088
v -0.0001979885 -0.62934357 -0.1077445
v -0.00029063722 -0.66386414 -0.11695295
v 0.0010919877 -0.6639303 -0.11668795
v -0.00029063722 -0.66386414 -0.11695295
v -0.00036012375 -0.692861 -0.12875794
v 0.0010919877 -0.6639303 -0.11668795
v -0.00036012375 -0.692861 -0.12875794
v 0.0010225013 -0.6929312 -0.12849182
v -0.0017003439 -0.6638454 -0.11706316
v -0.00029063722 -0.66386414 -0.11695295
v -0.0001979885 -0.62934357 -0.1077445
v -0.0016076951 -0.6293289 -0.10784065
v -0.005557504 -0.6642214 -0.1154268
v -0.0065543232 -0.6644479 -0.11447893
v -0.0066238097 -0.69348294 -0.12627602
v -0.0056269905 -0.69324195 -0.12722601
v -0.00029063932 -0.6671288 -0.10333921
v -0.00019799061 -0.6323841 -0.09416248
v 0.0011846349 -0.63233167 -0.094417825
v 0.0010919862 -0.66707134 -0.10359476
v -0.00029063932 -0.6671288 -0.10333921
v 0.0010919862 -0.66707134 -0.10359476
v 0.0010224996 -0.69627607 -0.11536728
v -0.00036012585 -0.69633836 -0.11511154
v 0.002394392 -0.664057 -0.116171986
v 0.0024870406 -0.62952363 -0.10696695
v 0.0011846365 -0.6294055 -0.10748088
v 0.0010919877 -0.6639303 -0.11668795
v 0.002394392 -0.664057 -0.116171986
v 0.0010919877 -0.6639303 -0.11668795
v 0.0010225013 -0.6929312 -0.12849182
v 0.0023249057 -0.69306576 -0.12797372
v -0.0043853703 -0.66405934 -0.116065785
v -0.004292721 -0.6295215 -0.10687512
v -0.005464855 -0.6296753 -0.106224
v -0.0043853703 -0.66405934 -0.116065785
v -0.005464855 -0.6296753 -0.106224
v -0.005557504 -0.6642214 -0.1154268
v -0.0043853703 -0.66405934 -0.116065785
v -0.005557504 -0.6642214 -0.1154268
v -0.0056269905 -0.69324195 -0.12722601
v -0.0044548563 -0.6930727 -0.1278563
v -0.001700352 -0.6671095 -0.1034496
v -0.0016077033 -0.6323694 -0.09425884
v -0.00019799061 -0.6323841 -0.09416248
v -0.00029063932 -0.6671288 -0.10333921
v -0.001700352 -0.6671095 -0.1034496
v -0.00029063932 -0.6671288 -0.10333921
v -0.00036012585 -0.69633836 -0.11511154
v -0.0017698384 -0.69631475 -0.11523268
v 0.0035665252 -0.6642389 -0.11542274
v 0.0036591738 -0.6296933 -0.10621992
v 0.0024870406 -0.62952363 -0.10696695
v 0.002394392 -0.664057 -0.116171986
v 0.0035665252 -0.6642389 -0.11542274
v 0.002394392 -0.664057 -0.116171986
v 0.0023249057 -0.69306576 -0.12797372
v 0.0034970387 -0.69325924 -0.12722217
v -0.0030829643 -0.663922 -0.11669024
v -0.0029903154 -0.6293968 -0.10748346
v -0.004292721 -0.6295215 -0.10687512
v -0.0043853703 -0.66405934 -0.116065785
v -0.0030829643 -0.663922 -0.11669024
v -0.0043853703 -0.66405934 -0.116065785
v -0.0044548563 -0.6930727 -0.1278563
v -0.0031524508 -0.69292337 -0.12849365
v -0.0030829771 -0.667046 -0.10370615
v -0.0029903282 -0.6323105 -0.09451543
v -0.0016077033 -0.6323694 -0.09425884
v -0.001700352 -0.6671095 -0.1034496
v -0.0030829771 -0.667046 -0.10370615
v -0.001700352 -0.6671095 -0.1034496
v -0.0017698384 -0.69631475 -0.11523268
v -0.0031524634 -0.69624645 -0.11548908
v 0.004563343 -0.6644693 -0.114473835
v 0.0046559917 -0.62990826 -0.105272956
v 0.0036591738 -0.6296933 -0.10621992
v 0.004563343 -0.6644693 -0.114473835
v 0.0036591738 -0.6296933 -0.10621992
v 0.0035665252 -0.6642389 -0.11542274
v 0.004563343 -0.6644693 -0.114473835
v 0.0035665252 -0.6642389 -0.11542274
v 0.0034970387 -0.69325924 -0.12722217
v 0.004563343 -0.6644693 -0.114473835
v 0.0034970387 -0.69325924 -0.12722217
v 0.0044938563 -0.69350415 -0.12627114
v -0.0017003439 -0.6638454 -0.11706316
v -0.0016076951 -0.6293289 -0.10784065
v -0.0029903154 -0.6293968 -0.10748346
v -0.0030829643 -0.663922 -0.11669024
v -0.0017003439 -0.6638454 -0.11706316
v -0.0030829643 -0.663922 -0.11669024
v -0.0031524508 -0.69292337 -0.12849365
v -0.0017698304 -0.6928387 -0.12887888
v -0.004385382 -0.66693985 -0.104099356
v -0.0042927335 -0.63220847 -0.094922654
v -0.0029903282 -0.6323105 -0.09451543
v -0.0030829771 -0.667046 -0.10370615
v -0.004385382 -0.66693985 -0.104099356
v -0.0030829771 -0.667046 -0.10370615
v -0.0031524634 -0.69624645 -0.11548908
v -0.0044548684 -0.69613606 -0.115871616
v 0.0053465376 -0.66475374 -0.11325327
v 0.005439186 -0.6301706 -0.104068436
v 0.0046559917 -0.62990826 -0.105272956
v 0.004563343 -0.6644693 -0.114473835
v 0.0053465376 -0.66475374 -0.11325327
v 0.004563343 -0.6644693 -0.114473835
v 0.0044938563 -0.69350415 -0.12627114
v 0.0052770507 -0.6938094 -0.12503718
v -0.0055575157 -0.6667626 -0.10483074
v -0.0054648668 -0.6320435 -0.095653586
v -0.0042927335 -0.63220847 -0.094922654
v -0.004385382 -0.66693985 -0.104099356
v -0.0055575157 -0.6667626 -0.10483074
v -0.004385382 -0.66693985 -0.104099356
v -0.0044548684 -0.69613606 -0.115871616
v -0.005627002 -0.6959468 -0.1166034
v 0.0058860104 -0.66505027 -0.112018585
v 0.005978659 -0.63044727 -0.10283552
v 0.005439186 -0.6301706 -0.104068436
v 0.0053465376 -0.66475374 -0.11325327
v 0.0058860104 -0.66505027 -0.112018585
v 0.0053465376 -0.66475374 -0.11325327
v 0.0052770507 -0.6938094 -0.12503718
v 0.005816524 -0.6941246 -0.12379996
v -0.006554332 -0.66653687 -0.105763145
v -0.006461683 -0.63183296 -0.09658548
v -0.0054648668 -0.6320435 -0.095653586
v -0.0055575157 -0.6667626 -0.10483074
v -0.006554332 -0.66653687 -0.105763145
v -0.0055575157 -0.6667626 -0.10483074
v -0.005627002 -0.6959468 -0.1166034
v -0.0066238185 -0.69570637 -0.117536545
v 0.006161032 -0.6653491 -0.11081502
v 0.00625368 -0.6307292 -0.10161972
v 0.005978659 -0.63044727 -0.10283552
v 0.0058860104 -0.66505027 -0.112018585
v 0.005816524 -0.6941246 -0.12379996
v 0.006091546 -0.6944392 -0.122605026
v 0.0057933615 -0.7142711 -0.13582228
v 0.006068384 -0.7145973 -0.13463052
v 0.006068384 -0.73720425 -0.15469375
v 0.0057933615 -0.7368592 -0.15588702
v 0.006068384 -0.77364117 -0.19059692
v 0.0057933615 -0.7732577 -0.19179575
v 0.005740463 -0.81122303 -0.23859276
v 0.0060154847 -0.8116105 -0.2373912
v -0.0073375264 -0.666271 -0.106861934
v -0.0072448775 -0.63158476 -0.097683445
v -0.006461683 -0.63183296 -0.09658548
v -0.006554332 -0.66653687 -0.105763145
v -0.0073375264 -0.666271 -0.106861934
v -0.006554332 -0.66653687 -0.105763145
v -0.0066238185 -0.69570637 -0.117536545
v -0.0074070124 -0.6954238 -0.118636444
v -0.007876999 -0.66597515 -0.10808534
v -0.0077843503 -0.6313086 -0.09890574
v -0.0072448775 -0.63158476 -0.097683445
v -0.0073375264 -0.666271 -0.106861934
v -0.007876999 -0.66597515 -0.10808534
v -0.0073375264 -0.666271 -0.106861934
v -0.0074070124 -0.6954238 -0.118636444
v -0.007946486 -0.69510955 -0.1198615
v -0.008152019 -0.66564596 -0.10949103
v -0.007876999 -0.66597515 -0.10808534
v -0.007946486 -0.69510955 -0.1198615
v 0.0053465376 -0.6662937 -0.10685677
v 0.005439186 -0.63160807 -0.09767731
v 0.005978659 -0.6313319 -0.09889957
v 0.0058860104 -0.66599804 -0.108079515
v 0.0053465376 -0.6662937 -0.10685677
v 0.0058860104 -0.66599804 -0.108079515
v 0.005816524 -0.69513214 -0.11985617
v 0.0052770507 -0.6954461 -0.11863229
v 0.004563343 -0.6665593 -0.10575874
v 0.0046559917 -0.63185614 -0.09657976
v 0.005439186 -0.63160807 -0.09767731
v 0.0053465376 -0.6662937 -0.10685677
v 0.004563343 -0.6665593 -0.10575874
v 0.0053465376 -0.6662937 -0.10685677
v 0.0052770507 -0.6954461 -0.11863229
v 0.0044938563 -0.6957283 -0.11753322
v -0.0044780187 -0.7719573 -0.19587234
v -0.0044780187 -0.73569334 -0.15994771
v -0.005650153 -0.7358777 -0.15932144
v -0.005650153 -0.7721616 -0.19524495
v -0.003175613 -0.77176744 -0.1965154
v -0.003175613 -0.73552465 -0.16058919
v -0.005650153 -0.7133493 -0.13925302
v -0.0044780187 -0.73569334 -0.15994771
v -0.0044780187 -0.7131745 -0.13987964
v -0.003175613 -0.73552465 -0.16058919
v -0.003175613 -0.7130171 -0.14052097
v -0.00586176 -0.84026295 -0.28410783
v -0.0057030628 -0.81348747 -0.23132505
v -0.00453093 -0.81372106 -0.230586
v -0.0046896273 -0.8404453 -0.28337365
v -0.0005948822 -0.8372946 -0.2962748
v -0.002004589 -0.83727336 -0.29639804
v -0.0019870733 -0.8543965 -0.3364033
v -0.00092979346 -0.85440403 -0.33631262
v -0.003387209 -0.8373531 -0.29601234
v -0.0030240386 -0.8544333 -0.3361175
v -0.0019870733 -0.8543965 -0.3364033
v -0.002004589 -0.83727336 -0.29639804
v -0.003387209 -0.8373531 -0.29601234
v -0.002004589 -0.83727336 -0.29639804
v -0.0018458917 -0.8096086 -0.24370752
v -0.003387209 -0.8373531 -0.29601234
v -0.0018458917 -0.8096086 -0.24370752
v -0.0032285117 -0.80971897 -0.24331722
v 0.0023017433 -0.71316487 -0.14000186
v 0.0034738763 -0.7133666 -0.13925026
v 0.0034970387 -0.69325924 -0.12722217
v 0.0023249057 -0.69306576 -0.12797372
v -0.0017930006 -0.7759474 -0.18316658
v -0.000383288 -0.77598274 -0.1830399
v -0.0004361871 -0.81397015 -0.22981884
v -0.0018458996 -0.81393415 -0.22994567
v -0.000383288 -0.7165798 -0.1271284
v 0.0009993374 -0.7165148 -0.12738441
v 0.0009993374 -0.73924047 -0.14743248
v -0.00038328805 -0.73930943 -0.14717585
v 0.0009993374 -0.7759062 -0.18329787
v -0.000383288 -0.77598274 -0.1830399
v -0.00038328805 -0.73930943 -0.14717585
v 0.0009993374 -0.73924047 -0.14743248
v -0.0044780187 -0.7131745 -0.13987964
v -0.003175613 -0.7130171 -0.14052097
v -0.0031524508 -0.69292337 -0.12849365
v -0.0044548563 -0.6930727 -0.1278563
v -0.005650153 -0.7133493 -0.13925302
v -0.0056269905 -0.69324195 -0.12722601
v 0.0034738763 -0.7721811 -0.19524187
v 0.0023017433 -0.7719419 -0.19599581
v 0.0022488444 -0.80989575 -0.24279699
v 0.0034209772 -0.81013733 -0.24204244
v 0.0023017433 -0.71316487 -0.14000186
v 0.0009993392 -0.7130245 -0.14051957
v 0.0009993392 -0.73553205 -0.16058815
v 0.0023017433 -0.7356813 -0.16007099
v 0.0009993392 -0.77177554 -0.19651432
v 0.0023017433 -0.7719419 -0.19599581
v 0.0023017433 -0.7356813 -0.16007099
v 0.0009993392 -0.73553205 -0.16058815
v -0.003175626 -0.775864 -0.1834245
v -0.003175626 -0.7392043 -0.14755757
v -0.0017930006 -0.73927987 -0.1473012
v -0.0017930006 -0.7759474 -0.18316658
v -0.003175626 -0.775864 -0.1834245
v -0.0017930006 -0.7759474 -0.18316658
v -0.0018458996 -0.81393415 -0.22994567
v -0.0032285252 -0.81385016 -0.23020454
v 0.0044706943 -0.77248394 -0.19428676
v 0.0044706943 -0.7361672 -0.15836784
v 0.0034738763 -0.7358957 -0.15931936
v 0.0034738763 -0.7133666 -0.13925026
v 0.0044706943 -0.71362203 -0.1382992
v 0.0044706943 -0.77248394 -0.19428676
v 0.0034738763 -0.7358957 -0.15931936
v 0.0034738763 -0.7721811 -0.19524187
v 0.0044706943 -0.77248394 -0.19428676
v 0.0034738763 -0.7721811 -0.19524187
v 0.0034209772 -0.81013733 -0.24204244
v 0.004417795 -0.8104429 -0.24108605
v -0.0017929926 -0.771657 -0.19690575
v -0.0017929926 -0.73542714 -0.16097806
v -0.003175613 -0.73552465 -0.16058919
v -0.003175613 -0.77176744 -0.1965154
v -0.0017929926 -0.771657 -0.19690575
v -0.003175613 -0.77176744 -0.1965154
v -0.0032285117 -0.80971897 -0.24331722
v -0.0017929926 -0.771657 -0.19690575
v -0.0032285117 -0.80971897 -0.24331722
v -0.0018458917 -0.8096086 -0.24370752
v -0.004478031 -0.7757356 -0.18380494
v -0.004478031 -0.7390859 -0.14793691
v -0.003175626 -0.7392043 -0.14755757
v -0.003175626 -0.775864 -0.1834245
v -0.004478031 -0.7757356 -0.18380494
v -0.003175626 -0.775864 -0.1834245
v -0.0032285252 -0.81385016 -0.23020454
v -0.00453093 -0.81372106 -0.230586
v 0.005253888 -0.7728673 -0.19304155
v 0.005253888 -0.7365096 -0.15712766
v 0.0044706943 -0.7361672 -0.15836784
v 0.0044706943 -0.77248394 -0.19428676
v 0.0044706943 -0.71362203 -0.1382992
v 0.005253888 -0.7139425 -0.13706073
v 0.005253888 -0.7728673 -0.19304155
v 0.0044706943 -0.77248394 -0.19428676
v 0.004417795 -0.8104429 -0.24108605
v 0.005200989 -0.810829 -0.23983991
v -0.00038328595 -0.7716894 -0.1967801
v -0.00038328595 -0.73545486 -0.1608532
v -0.0017929926 -0.73542714 -0.16097806
v -0.00038328595 -0.7716894 -0.1967801
v -0.0017929926 -0.73542714 -0.16097806
v -0.0017929926 -0.771657 -0.19690575
v -0.00038328595 -0.7716894 -0.1967801
v -0.0017929926 -0.771657 -0.19690575
v -0.0018458917 -0.8096086 -0.24370752
v -0.000436185 -0.80964094 -0.243582
v -0.0056501636 -0.77550375 -0.18454242
v -0.0056501636 -0.73887676 -0.14867067
v -0.004478031 -0.7390859 -0.14793691
v -0.004478031 -0.7757356 -0.18380494
v -0.004478031 -0.7163686 -0.12788828
v -0.0056501636 -0.77550375 -0.18454242
v -0.004478031 -0.7757356 -0.18380494
v -0.00453093 -0.81372106 -0.230586
v -0.0057030628 -0.81348747 -0.23132505
v 0.0057933615 -0.7732577 -0.19179575
v 0.0057933615 -0.7368592 -0.15588702
v 0.005253888 -0.7365096 -0.15712766
v 0.005253888 -0.7728673 -0.19304155
v 0.005253888 -0.7139425 -0.13706073
v 0.0057933615 -0.7142711 -0.13582228
v 0.0057933615 -0.7732577 -0.19179575
v 0.005253888 -0.7728673 -0.19304155
v 0.005200989 -0.810829 -0.23983991
v 0.005740463 -0.81122303 -0.23859276
v -0.006646981 -0.77520895 -0.18548383
v -0.006646981 -0.7386116 -0.1496067
v -0.0056501636 -0.73887676 -0.14867067
v -0.0056501636 -0.7161713 -0.12862052
v -0.006646981 -0.7159211 -0.1295543
v -0.006646981 -0.77520895 -0.18548383
v -0.0056501636 -0.73887676 -0.14867067
v -0.0056501636 -0.77550375 -0.18454242
v -0.006646981 -0.77520895 -0.18548383
v -0.0056501636 -0.77550375 -0.18454242
v -0.0057030628 -0.81348747 -0.23132505
v -0.006646981 -0.77520895 -0.18548383
v -0.0057030628 -0.81348747 -0.23132505
v -0.0066998797 -0.81318974 -0.23226885
v -0.007430175 -0.7748619 -0.18659398
v -0.007430175 -0.7382999 -0.15071058
v -0.006646981 -0.7386116 -0.1496067
v -0.006646981 -0.77520895 -0.18548383
v -0.006646981 -0.7159211 -0.1295543
v -0.007430175 -0.715627 -0.1306554
v -0.007430175 -0.7748619 -0.18659398
v -0.006646981 -0.77520895 -0.18548383
v -0.0066998797 -0.81318974 -0.23226885
v -0.007483074 -0.8128391 -0.23338136
v -0.007969648 -0.7744752 -0.18782932
v -0.007969648 -0.7379525 -0.15193942
v -0.007430175 -0.7382999 -0.15071058
v -0.007430175 -0.7748619 -0.18659398
v -0.007430175 -0.715627 -0.1306554
v -0.007969648 -0.7152996 -0.13188148
v -0.007969648 -0.7744752 -0.18782932
v -0.007430175 -0.7748619 -0.18659398
v -0.007483074 -0.8128391 -0.23338136
v -0.008022547 -0.81244904 -0.23461929
v 0.0057933615 -0.7745021 -0.1878227
v 0.0057933615 -0.73797613 -0.15193425
v 0.006068384 -0.7375817 -0.15335938
v 0.006068384 -0.77406144 -0.1892556
v 0.0060154847 -0.8120344 -0.23604688
v 0.005740463 -0.8124783 -0.23461139
v 0.006068384 -0.7149523 -0.13329843
v 0.0057933615 -0.7153221 -0.13187657
v -0.008244668 -0.77403384 -0.1892628
v -0.008244668 -0.73755753 -0.15336527
v -0.007969648 -0.7379525 -0.15193942
v -0.007969648 -0.7744752 -0.18782932
v -0.008022547 -0.81244904 -0.23461929
v -0.008297567 -0.81200445 -0.23605521
v -0.007969648 -0.7152996 -0.13188148
v 0.005253888 -0.7748877 -0.18658882
v 0.005253888 -0.73832303 -0.15070656
v 0.0057933615 -0.73797613 -0.15193425
v 0.0057933615 -0.7745021 -0.1878227
v 0.0057933615 -0.7153221 -0.13187657
v 0.005253888 -0.71564925 -0.13065164
v 0.005253888 -0.7748877 -0.18658882
v 0.0057933615 -0.7745021 -0.1878227
v 0.005740463 -0.8124783 -0.23461139
v 0.005253888 -0.7748877 -0.18658882
v 0.005740463 -0.8124783 -0.23461139
v 0.005200989 -0.81286716 -0.23337507
v -0.008244666 -0.7736134 -0.1906043
v -0.008244668 -0.73755753 -0.15336527
v -0.008244668 -0.77403384 -0.1892628
v -0.008297567 -0.81200445 -0.23605521
v -0.008456263 -0.8387871 -0.29013547
v -0.008456265 -0.83911526 -0.28880087
v 0.0044706943 -0.7752331 -0.18548094
v 0.0044706943 -0.73863393 -0.14960374
v 0.005253888 -0.73832303 -0.15070656
v 0.005253888 -0.7748877 -0.18658882
v 0.005253888 -0.71564925 -0.13065164
v 0.0044706943 -0.7159427 -0.1295513
v 0.0044706943 -0.7752331 -0.18548094
v 0.005253888 -0.7748877 -0.18658882
v 0.005200989 -0.81286716 -0.23337507
v 0.004417795 -0.81321555 -0.23226547
v 0.0034738763 -0.7754932 -0.18466504
v 0.0034738763 -0.7388705 -0.14879115
v 0.0044706943 -0.73863393 -0.14960374
v 0.0044706943 -0.7752331 -0.18548094
v 0.0044706943 -0.7159427 -0.1295513
v 0.0034738763 -0.7161677 -0.12874001
v 0.0034738763 -0.7754932 -0.18466504
v 0.0044706943 -0.7752331 -0.18548094
v 0.004417795 -0.81321555 -0.23226547
v 0.0034209772 -0.81347775 -0.23144794
v -0.007430169 -0.77284074 -0.19304761
v -0.007430169 -0.73648566 -0.15713279
v -0.007969643 -0.73683476 -0.15589295
v -0.007969643 -0.7732302 -0.19180274
v -0.007969643 -0.7142477 -0.1358282
v -0.007430169 -0.71391934 -0.13706599
v -0.007430169 -0.77284074 -0.19304761
v -0.007969643 -0.7732302 -0.19180274
v -0.008022542 -0.8111932 -0.23860067
v -0.007483068 -0.81080014 -0.23984684
v 0.0023017428 -0.7757204 -0.1839285
v 0.0023017428 -0.73907536 -0.14805889
v 0.0034738763 -0.7388705 -0.14879115
v 0.0034738763 -0.7754932 -0.18466504
v 0.0034738763 -0.7161677 -0.12874001
v 0.0023017428 -0.7163607 -0.12800898
v 0.0023017428 -0.7757204 -0.1839285
v 0.0034738763 -0.7754932 -0.18466504
v 0.0034209772 -0.81347775 -0.23144794
v 0.0022488437 -0.81370616 -0.23070924
v -0.006646972 -0.7724601 -0.19429153
v -0.006646972 -0.7361456 -0.1583717
v -0.007430169 -0.73648566 -0.15713279
v -0.007430169 -0.77284074 -0.19304761
v -0.007430169 -0.71391934 -0.13706599
v -0.006646972 -0.713601 -0.13830337
v -0.006646972 -0.7724601 -0.19429153
v -0.007430169 -0.77284074 -0.19304761
v -0.007483068 -0.81080014 -0.23984684
v -0.006699871 -0.81041723 -0.2410918
v 0.0009993374 -0.7759062 -0.18329787
v 0.0009993374 -0.73924047 -0.14743248
v 0.0023017428 -0.73907536 -0.14805889
v 0.0023017428 -0.7757204 -0.1839285
v 0.0023017428 -0.7163607 -0.12800898
v 0.0009993374 -0.7165148 -0.12738441
v 0.0009993374 -0.7759062 -0.18329787
v 0.0023017428 -0.7757204 -0.1839285
v 0.0022488437 -0.81370616 -0.23070924
v 0.0009464383 -0.81389326 -0.23007719
v 0.0009993392 -0.77177554 -0.19651432
v 0.0009993392 -0.73553205 -0.16058815
v -0.00038328595 -0.73545486 -0.1608532
v -0.00038328595 -0.7716894 -0.1967801
v 0.0009993392 -0.77177554 -0.19651432
v -0.00038328595 -0.7716894 -0.1967801
v -0.000436185 -0.80964094 -0.243582
v 0.0009464399 -0.8097281 -0.24331586
v -0.0005948822 -0.8372946 -0.2962748
v -0.000436185 -0.80964094 -0.243582
v -0.0018458917 -0.8096086 -0.24370752
v -0.002004589 -0.83727336 -0.29639804
v -0.0015113341 -0.86072254 -0.34514937
v -0.00092979346 -0.85440403 -0.33631262
v -0.0019870733 -0.8543965 -0.3364033
v -0.0015113341 -0.86072254 -0.34514937
v 0.00010717544 -0.85444003 -0.3361159
v -0.00092979346 -0.85440403 -0.33631262
v -0.0015113341 -0.86072254 -0.34514937
v 0.0010839787 -0.85450834 -0.3357321
v 0.00010717544 -0.85444003 -0.3361159
v -0.0015113341 -0.86072254 -0.34514937
v 0.0019630785 -0.85460675 -0.33517405
v 0.0010839787 -0.85450834 -0.3357321
v -0.0015113341 -0.86072254 -0.34514937
v 0.002710692 -0.854731 -0.33446673
v 0.0019630785 -0.85460675 -0.33517405
v -0.0015113341 -0.86072254 -0.34514937
v 0.0032980873 -0.85488087 -0.3335482
v 0.002710692 -0.854731 -0.33446673
v -0.0015113341 -0.86072254 -0.34514937
v 0.0037026927 -0.85504 -0.3326272
v 0.0032980873 -0.85488087 -0.3335482
v -0.0015113341 -0.86072254 -0.34514937
v 0.003908959 -0.8552042 -0.33173716
v 0.0037026927 -0.85504 -0.3326272
v -0.0015113341 -0.86072254 -0.34514937
v 0.003908959 -0.85537726 -0.33074412
v 0.003908959 -0.8552042 -0.33173716
v -0.0015113341 -0.86072254 -0.34514937
v 0.0037026927 -0.85555273 -0.3296861
v 0.003908959 -0.85537726 -0.33074412
v -0.0015113341 -0.86072254 -0.34514937
v 0.0032980873 -0.8557136 -0.3287723
v 0.0037026927 -0.85555273 -0.3296861
v -0.0015113341 -0.86072254 -0.34514937
v 0.002710692 -0.8558587 -0.32795182
v 0.0032980873 -0.8557136 -0.3287723
v -0.0015113341 -0.86072254 -0.34514937
v 0.0019630785 -0.85597515 -0.32734442
v 0.002710692 -0.8558587 -0.32795182
v -0.0015113341 -0.86072254 -0.34514937
v 0.0010839781 -0.85606885 -0.32679883
v 0.0019630785 -0.85597515 -0.32734442
v -0.0015113341 -0.86072254 -0.34514937
v 0.00010717418 -0.85613793 -0.32633525
v 0.0010839781 -0.85606885 -0.32679883
v -0.0015113341 -0.86072254 -0.34514937
v -0.00092979503 -0.85616904 -0.3261446
v 0.00010717418 -0.85613793 -0.32633525
v -0.0015113341 -0.86072254 -0.34514937
v -0.0019870796 -0.8561607 -0.32623556
v -0.00092979503 -0.85616904 -0.3261446
v -0.0015113341 -0.86072254 -0.34514937
v -0.0030240484 -0.85612446 -0.32642737
v -0.0019870796 -0.8561607 -0.32623556
v -0.0015113341 -0.86072254 -0.34514937
v -0.0040008524 -0.8560615 -0.32671303
v -0.0030240484 -0.85612446 -0.32642737
v -0.0015113341 -0.86072254 -0.34514937
v -0.004879952 -0.85596365 -0.32725963
v -0.0040008524 -0.8560615 -0.32671303
v -0.0015113341 -0.86072254 -0.34514937
v -0.0056275646 -0.85583943 -0.32795653
v -0.004879952 -0.85596365 -0.32725963
v -0.0015113341 -0.86072254 -0.34514937
v -0.00621496 -0.85569406 -0.32877752
v -0.0056275646 -0.85583943 -0.32795653
v -0.0015113341 -0.86072254 -0.34514937
v -0.006619565 -0.85553306 -0.32969138
v -0.00621496 -0.85569406 -0.32877752
v -0.0015113341 -0.86072254 -0.34514937
v -0.0068258303 -0.85535747 -0.33074915
v -0.006619565 -0.85553306 -0.32969138
v -0.0015113341 -0.86072254 -0.34514937
v -0.0068258285 -0.85518426 -0.33174208
v -0.0068258303 -0.85535747 -0.33074915
v -0.0015113341 -0.86072254 -0.34514937
v -0.006619561 -0.85501975 -0.33263198
v -0.0068258285 -0.85518426 -0.33174208
v -0.0015113341 -0.86072254 -0.34514937
v -0.0062149554 -0.85486054 -0.33355278
v -0.006619561 -0.85501975 -0.33263198
v -0.0015113341 -0.86072254 -0.34514937
v -0.0056275576 -0.85471267 -0.33447066
v -0.0062149554 -0.85486054 -0.33355278
v -0.0015113341 -0.86072254 -0.34514937
v -0.004879943 -0.8545917 -0.33517706
v -0.0056275576 -0.85471267 -0.33447066
v -0.0015113341 -0.86072254 -0.34514937
v -0.0040008426 -0.8545024 -0.33564436
v -0.004879943 -0.8545917 -0.33517706
v -0.0015113341 -0.86072254 -0.34514937
v -0.0030240386 -0.8544333 -0.3361175
v -0.0040008426 -0.8545024 -0.33564436
v -0.0015113341 -0.86072254 -0.34514937
v -0.0019870733 -0.8543965 -0.3364033
v -0.0030240386 -0.8544333 -0.3361175
v 0.0055817654 -0.838512 -0.29132247
v 0.005740463 -0.81122303 -0.23859276
v 0.005200989 -0.810829 -0.23983991
v 0.0050422917 -0.8382082 -0.29256028
v -0.00586176 -0.84026295 -0.28410783
v -0.0046896273 -0.8404453 -0.28337365
v -0.0040008524 -0.8560615 -0.32671303
v -0.004879952 -0.85596365 -0.32725963
v -0.0033872225 -0.84055203 -0.2829923
v -0.0030240484 -0.85612446 -0.32642737
v -0.0040008524 -0.8560615 -0.32671303
v -0.0046896273 -0.8404453 -0.28337365
v -0.0033872225 -0.84055203 -0.2829923
v -0.0046896273 -0.8404453 -0.28337365
v -0.00453093 -0.81372106 -0.230586
v -0.0033872225 -0.84055203 -0.2829923
v -0.00453093 -0.81372106 -0.230586
v -0.0032285252 -0.81385016 -0.23020454
v -0.006858577 -0.8400309 -0.28504473
v -0.0066998797 -0.81318974 -0.23226885
v -0.0057030628 -0.81348747 -0.23132505
v -0.00586176 -0.84026295 -0.28410783
v 0.0055817654 -0.838512 -0.29132247
v 0.0050422917 -0.8382082 -0.29256028
v 0.0032980873 -0.85488087 -0.3335482
v 0.0037026927 -0.85504 -0.3326272
v 0.004259098 -0.837915 -0.29379585
v 0.002710692 -0.854731 -0.33446673
v 0.0032980873 -0.85488087 -0.3335482
v 0.0050422917 -0.8382082 -0.29256028
v 0.004259098 -0.837915 -0.29379585
v 0.0050422917 -0.8382082 -0.29256028
v 0.005200989 -0.810829 -0.23983991
v 0.004417795 -0.8104429 -0.24108605
v -0.006858577 -0.8400309 -0.28504473
v -0.00586176 -0.84026295 -0.28410783
v -0.004879952 -0.85596365 -0.32725963
v -0.0056275646 -0.85583943 -0.32795653
v 0.0058567873 -0.8388158 -0.29012787
v 0.0060154847 -0.8116105 -0.2373912
v 0.005740463 -0.81122303 -0.23859276
v 0.0055817654 -0.838512 -0.29132247
v 0.0037026927 -0.85504 -0.3326272
v 0.003908959 -0.8552042 -0.33173716
v -0.0076417713 -0.83975804 -0.2861488
v -0.007483074 -0.8128391 -0.23338136
v -0.0066998797 -0.81318974 -0.23226885
v -0.006858577 -0.8400309 -0.28504473
v -0.0076417713 -0.83975804 -0.2861488
v -0.006858577 -0.8400309 -0.28504473
v -0.0056275646 -0.85583943 -0.32795653
v -0.00621496 -0.85569406 -0.32877752
v 0.0058567873 -0.8391438 -0.28879318
v 0.0058567873 -0.8388158 -0.29012787
v 0.003908959 -0.8552042 -0.33173716
v 0.003908959 -0.85537726 -0.33074412
v -0.008181244 -0.839455 -0.2873773
v -0.008022547 -0.81244904 -0.23461929
v -0.007483074 -0.8128391 -0.23338136
v -0.0076417713 -0.83975804 -0.2861488
v -0.008181244 -0.839455 -0.2873773
v -0.0076417713 -0.83975804 -0.2861488
v -0.00621496 -0.85569406 -0.32877752
v -0.006619565 -0.85553306 -0.32969138
v 0.0055817654 -0.83948314 -0.28736964
v 0.005740463 -0.8124783 -0.23461139
v 0.0060154847 -0.8120344 -0.23604688
v 0.0058567873 -0.8391438 -0.28879318
v 0.0055817654 -0.83948314 -0.28736964
v 0.0058567873 -0.8391438 -0.28879318
v 0.003908959 -0.85537726 -0.33074412
v 0.0037026927 -0.85555273 -0.3296861
v -0.008456265 -0.83911526 -0.28880087
v -0.008297567 -0.81200445 -0.23605521
v -0.008022547 -0.81244904 -0.23461929
v -0.008181244 -0.839455 -0.2873773
v -0.008456265 -0.83911526 -0.28880087
v -0.008181244 -0.839455 -0.2873773
v -0.006619565 -0.85553306 -0.32969138
v -0.0068258303 -0.85535747 -0.33074915
v 0.0050422917 -0.83978546 -0.28614187
v 0.005200989 -0.81286716 -0.23337507
v 0.005740463 -0.8124783 -0.23461139
v 0.0055817654 -0.83948314 -0.28736964
v 0.0050422917 -0.83978546 -0.28614187
v 0.0055817654 -0.83948314 -0.28736964
v 0.0037026927 -0.85555273 -0.3296861
v 0.0032980873 -0.8557136 -0.3287723
v -0.008456263 -0.8387871 -0.29013547
v -0.008456265 -0.83911526 -0.28880087
v -0.0068258303 -0.85535747 -0.33074915
v -0.008456263 -0.8387871 -0.29013547
v -0.0068258303 -0.85535747 -0.33074915
v -0.0068258285 -0.85518426 -0.33174208
v 0.004259098 -0.8400569 -0.2850398
v 0.004417795 -0.81321555 -0.23226547
v 0.005200989 -0.81286716 -0.23337507
v 0.0050422917 -0.83978546 -0.28614187
v 0.004259098 -0.8400569 -0.2850398
v 0.0050422917 -0.83978546 -0.28614187
v 0.0032980873 -0.8557136 -0.3287723
v 0.002710692 -0.8558587 -0.32795182
v -0.0081812395 -0.83848315 -0.29132977
v -0.008022542 -0.8111932 -0.23860067
v -0.008297565 -0.81158036 -0.23739953
v -0.008456263 -0.8387871 -0.29013547
v -0.0068258285 -0.85518426 -0.33174208
v -0.006619561 -0.85501975 -0.33263198
v 0.0032622803 -0.8402659 -0.28422582
v 0.0034209772 -0.81347775 -0.23144794
v 0.004417795 -0.81321555 -0.23226547
v 0.004259098 -0.8400569 -0.2850398
v 0.0032622803 -0.8402659 -0.28422582
v 0.004259098 -0.8400569 -0.2850398
v 0.002710692 -0.8558587 -0.32795182
v 0.0019630785 -0.85597515 -0.32734442
v -0.0076417653 -0.8381799 -0.29256693
v -0.007483068 -0.81080014 -0.23984684
v -0.008022542 -0.8111932 -0.23860067
v -0.0081812395 -0.83848315 -0.29132977
v -0.0076417653 -0.8381799 -0.29256693
v -0.0081812395 -0.83848315 -0.29132977
v -0.006619561 -0.85501975 -0.33263198
v -0.0062149554 -0.85486054 -0.33355278
v 0.0020901465 -0.8404429 -0.2834924
v 0.0022488437 -0.81370616 -0.23070924
v 0.0034209772 -0.81347775 -0.23144794
v 0.0032622803 -0.8402659 -0.28422582
v 0.0020901465 -0.8404429 -0.2834924
v 0.0032622803 -0.8402659 -0.28422582
v 0.0019630785 -0.85597515 -0.32734442
v 0.0010839781 -0.85606885 -0.32679883
v -0.006858568 -0.83788943 -0.29380152
v -0.006699871 -0.81041723 -0.2410918
v -0.007483068 -0.81080014 -0.23984684
v -0.0076417653 -0.8381799 -0.29256693
v -0.006858568 -0.83788943 -0.29380152
v -0.0076417653 -0.8381799 -0.29256693
v -0.0062149554 -0.85486054 -0.33355278
v -0.0056275576 -0.85471267 -0.33447066
v 0.00078774116 -0.8405826 -0.28286707
v 0.0009464383 -0.81389326 -0.23007719
v 0.0022488437 -0.81370616 -0.23070924
v 0.0020901465 -0.8404429 -0.2834924
v 0.00078774116 -0.8405826 -0.28286707
v 0.0020901465 -0.8404429 -0.2834924
v 0.0010839781 -0.85606885 -0.32679883
v 0.00010717418 -0.85613793 -0.32633525
v 0.0007877428 -0.83736235 -0.29601055
v 0.0009464399 -0.8097281 -0.24331586
v -0.000436185 -0.80964094 -0.243582
v -0.0005948822 -0.8372946 -0.2962748
v 0.0007877428 -0.83736235 -0.29601055
v -0.0005948822 -0.8372946 -0.2962748
v -0.00092979346 -0.85440403 -0.33631262
v 0.00010717544 -0.85444003 -0.3361159
v -0.0058617494 -0.83765805 -0.2947502
v -0.005703052 -0.81011647 -0.24204677
v -0.006699871 -0.81041723 -0.2410918
v -0.006858568 -0.83788943 -0.29380152
v -0.0058617494 -0.83765805 -0.2947502
v -0.006858568 -0.83788943 -0.29380152
v -0.0056275576 -0.85471267 -0.33447066
v -0.004879943 -0.8545917 -0.33517706
v -0.00059488433 -0.8406419 -0.2826107
v -0.0004361871 -0.81397015 -0.22981884
v 0.0009464383 -0.81389326 -0.23007719
v 0.00078774116 -0.8405826 -0.28286707
v -0.00059488433 -0.8406419 -0.2826107
v 0.00078774116 -0.8405826 -0.28286707
v 0.00010717418 -0.85613793 -0.32633525
v -0.00092979503 -0.85616904 -0.3261446
v 0.0020901472 -0.83749205 -0.2954952
v 0.0022488444 -0.80989575 -0.24279699
v 0.0009464399 -0.8097281 -0.24331586
v 0.0007877428 -0.83736235 -0.29601055
v 0.0020901472 -0.83749205 -0.2954952
v 0.0007877428 -0.83736235 -0.29601055
v 0.00010717544 -0.85444003 -0.3361159
v 0.0010839787 -0.85450834 -0.3357321
v -0.0046896148 -0.83749497 -0.2953757
v -0.0045309174 -0.80990994 -0.24267462
v -0.005703052 -0.81011647 -0.24204677
v -0.0058617494 -0.83765805 -0.2947502
v -0.003387209 -0.8373531 -0.29601234
v -0.0032285117 -0.80971897 -0.24331722
v -0.0046896148 -0.83749497 -0.2953757
v -0.0058617494 -0.83765805 -0.2947502
v -0.004879943 -0.8545917 -0.33517706
v -0.0040008426 -0.8545024 -0.33564436
v -0.002004597 -0.84061825 -0.28273487
v -0.0018458996 -0.81393415 -0.22994567
v -0.0004361871 -0.81397015 -0.22981884
v -0.00059488433 -0.8406419 -0.2826107
v -0.002004597 -0.84061825 -0.28273487
v -0.00059488433 -0.8406419 -0.2826107
v -0.00092979503 -0.85616904 -0.3261446
v -0.0019870796 -0.8561607 -0.32623556
v 0.0032622803 -0.83767873 -0.29474574
v 0.0034209772 -0.81013733 -0.24204244
v 0.0022488444 -0.80989575 -0.24279699
v 0.0020901472 -0.83749205 -0.2954952
v 0.0032622803 -0.83767873 -0.29474574
v 0.0020901472 -0.83749205 -0.2954952
v 0.0010839787 -0.85450834 -0.3357321
v 0.0019630785 -0.85460675 -0.33517405
v -0.003387209 -0.8373531 -0.29601234
v -0.0046896148 -0.83749497 -0.2953757
v -0.0040008426 -0.8545024 -0.33564436
v -0.0030240386 -0.8544333 -0.3361175
v -0.0033872225 -0.84055203 -0.2829923
v -0.0032285252 -0.81385016 -0.23020454
v -0.0018458996 -0.81393415 -0.22994567
v -0.002004597 -0.84061825 -0.28273487
v -0.0033872225 -0.84055203 -0.2829923
v -0.002004597 -0.84061825 -0.28273487
v -0.0019870796 -0.8561607 -0.32623556
v -0.0030240484 -0.85612446 -0.32642737
v 0.004259098 -0.837915 -0.29379585
v 0.004417795 -0.8104429 -0.24108605
v 0.0034209772 -0.81013733 -0.24204244
v 0.0032622803 -0.83767873 -0.29474574
v 0.004259098 -0.837915 -0.29379585
v 0.0032622803 -0.83767873 -0.29474574
v 0.0019630785 -0.85460675 -0.33517405
v 0.004259098 -0.837915 -0.29379585
v 0.0019630785 -0.85460675 -0.33517405
v 0.002710692 -0.854731 -0.33446673
v 0.0010919862 -0.66707134 -0.10359476
v 0.0011846349 -0.63233167 -0.094417825
v 0.0024870401 -0.63221234 -0.09501287
v 0.0023943915 -0.6669388 -0.10420431
v 0.0039580925 -0.50694996 -0.08916719
v 0.0027859588 -0.5070843 -0.088436946
v 0.002903853 -0.45345506 -0.08839557
v 0.004075987 -0.45332912 -0.08912684
v 0.0042024255 -0.39325815 -0.09012183
v 0.0026775806 -0.5543601 -0.089299336
v 0.0038497143 -0.5542171 -0.09002864
v 0.0037518223 -0.595227 -0.09149705
v 0.0025796886 -0.59537774 -0.09076791
v -0.0065543232 -0.6644479 -0.11447893
v -0.0064616743 -0.6298865 -0.1052781
v -0.007244871 -0.6301464 -0.10407419
v -0.00733752 -0.6647299 -0.11325905
v -0.006701627 -0.39289677 -0.09214719
v -0.0068280655 -0.45294794 -0.09113336
v -0.0073675374 -0.45273277 -0.09235887
v -0.0069459584 -0.50654703 -0.09115558
v -0.007485431 -0.50631726 -0.09238038
v -0.0075938096 -0.5535472 -0.09322389
v -0.0070543373 -0.5537921 -0.09199998
v -0.0071522286 -0.5947815 -0.09345266
v -0.0076917014 -0.5945218 -0.09467548
v -0.0077843503 -0.6313086 -0.09890574
v -0.0072448775 -0.63158476 -0.097683445
v -0.0059184316 -0.39307964 -0.09104594
v -0.006701627 -0.39289677 -0.09214719
v -0.006574983 -0.33056384 -0.093544364
v -0.004921615 -0.39323607 -0.090111114
v -0.0050480543 -0.45330846 -0.08909881
v -0.0060448716 -0.45314234 -0.09003283
v -0.005165948 -0.5069313 -0.089123055
v -0.0057917885 -0.33073744 -0.09244256
v -0.0047949716 -0.33088607 -0.091507144
v -0.0052743265 -0.554201 -0.08996929
v -0.0062711434 -0.5540129 -0.09090127
v -0.0053722183 -0.595214 -0.09142293
v 0.005982437 -0.3918793 -0.09854941
v 0.005855999 -0.45186144 -0.09753397
v 0.006395471 -0.45207328 -0.09629847
v 0.005738105 -0.5053828 -0.097555205
v 0.006277577 -0.5056098 -0.096319444
v 0.006169199 -0.5527895 -0.09716119
v 0.0056297267 -0.5525464 -0.09839675
v 0.005531835 -0.5934552 -0.09984207
v 0.0060713077 -0.5937145 -0.09860813
v 0.005978659 -0.63044727 -0.10283552
v 0.005439186 -0.6301706 -0.104068436
v -0.005557504 -0.6642214 -0.1154268
v -0.005464855 -0.6296753 -0.106224
v -0.0064616743 -0.6298865 -0.1052781
v -0.0065543232 -0.6644479 -0.11447893
v -0.0049216035 -0.391523 -0.100635506
v -0.003875908 -0.45135847 -0.10034756
v -0.003749469 -0.39140654 -0.10136356
v 0.0030302918 -0.39337647 -0.08938995
v 0.002903853 -0.45345506 -0.08839557
v 0.0016014477 -0.4535425 -0.08785828
v 0.0027859588 -0.5070843 -0.088436946
v 0.0014835538 -0.5071792 -0.08788464
v 0.0013751754 -0.55446255 -0.088732764
v 0.0037518223 -0.595227 -0.09149705
v 0.00474864 -0.59503925 -0.09234825
v 0.0046559917 -0.63185614 -0.09657976
v 0.0036591738 -0.63205254 -0.09574238
v 0.005738105 -0.50657165 -0.09114921
v 0.0056297267 -0.55381644 -0.091993615
v 0.0048465314 -0.5540373 -0.090894535
v 0.0049549104 -0.50677913 -0.09004903
v 0.0055318344 -0.5948054 -0.093446285
v 0.00474864 -0.59503925 -0.09234825
v 0.0046559917 -0.63185614 -0.09657976
v 0.005439186 -0.63160807 -0.09767731
v 0.005738105 -0.50657165 -0.09114921
v 0.0049549104 -0.50677913 -0.09004903
v 0.005072804 -0.4531675 -0.09002567
v -0.007485431 -0.50631726 -0.09238038
v -0.0075938096 -0.5535472 -0.09322389
v -0.00786883 -0.55328214 -0.09459064
v -0.0076917014 -0.5945218 -0.09467548
v 0.0049549104 -0.505173 -0.09872076
v 0.0048465314 -0.5523198 -0.09957683
v 0.0056297267 -0.5525464 -0.09839675
v 0.00474864 -0.59321165 -0.10103408
v 0.005531835 -0.5934552 -0.09984207
v 0.005439186 -0.6301706 -0.104068436
v 0.0046559917 -0.62990826 -0.105272956
v 0.0039580925 -0.50499576 -0.09967029
v 0.0038497143 -0.5521304 -0.10052596
v 0.0048465314 -0.5523198 -0.09957683
v 0.0049549104 -0.505173 -0.09872076
v 0.0037518223 -0.59301 -0.101981744
v 0.00474864 -0.59321165 -0.10103408
v 0.0014835538 -0.5071792 -0.08788464
v 0.00021882208 -0.4535842 -0.08760314
v 0.0016014477 -0.4535425 -0.08785828
v 0.0027859588 -0.5070843 -0.088436946
v 0.0026775806 -0.5543601 -0.089299336
v 0.0013751754 -0.55446255 -0.088732764
v 0.0025796886 -0.59537774 -0.09076791
v 0.0012772835 -0.5954877 -0.09018715
v -0.00038328595 -0.7129517 -0.14078528
v -0.00038328595 -0.73545486 -0.1608532
v 0.0009993392 -0.73553205 -0.16058815
v 0.0009993392 -0.7130245 -0.14051957
v 0.0023017433 -0.71316487 -0.14000186
v 0.0023249057 -0.69306576 -0.12797372
v 0.0010225013 -0.6929312 -0.12849182
v 0.0009993392 -0.7130245 -0.14051957
v 0.0034738763 -0.7721811 -0.19524187
v 0.0034738763 -0.7358957 -0.15931936
v 0.0023017433 -0.7356813 -0.16007099
v 0.0023017433 -0.7719419 -0.19599581
v 0.0023017433 -0.71316487 -0.14000186
v 0.0034738763 -0.7133666 -0.13925026
v -0.000383288 -0.7165798 -0.1271284
v -0.00036012585 -0.69633836 -0.11511154
v 0.0010224996 -0.69627607 -0.11536728
v 0.0009993374 -0.7165148 -0.12738441
v -0.00038328595 -0.7129517 -0.14078528
v 0.0009993392 -0.7130245 -0.14051957
v 0.0010225013 -0.6929312 -0.12849182
v -0.00038328595 -0.7129517 -0.14078528
v 0.0010225013 -0.6929312 -0.12849182
v -0.00036012375 -0.692861 -0.12875794
v -0.0017930006 -0.7759474 -0.18316658
v -0.0017930006 -0.73927987 -0.1473012
v -0.00038328805 -0.73930943 -0.14717585
v -0.000383288 -0.77598274 -0.1830399
v -0.005650153 -0.7133493 -0.13925302
v -0.0056269905 -0.69324195 -0.12722601
v -0.0066238097 -0.69348294 -0.12627602
v -0.006646972 -0.713601 -0.13830337
v 0.0023017428 -0.7163607 -0.12800898
v 0.0009993374 -0.7165148 -0.12738441
v 0.0010224996 -0.69627607 -0.11536728
v 0.0023249048 -0.69613045 -0.1159878
v -0.0017929926 -0.71292686 -0.14090982
v -0.0017929926 -0.73542714 -0.16097806
v -0.00038328595 -0.73545486 -0.1608532
v -0.00038328595 -0.7129517 -0.14078528
v -0.004478031 -0.7163686 -0.12788828
v -0.0056501636 -0.7161713 -0.12862052
v -0.005627002 -0.6959468 -0.1166034
v -0.004478031 -0.7163686 -0.12788828
v -0.005627002 -0.6959468 -0.1166034
v -0.0044548684 -0.69613606 -0.115871616
v -0.007430169 -0.71391934 -0.13706599
v -0.006646972 -0.713601 -0.13830337
v -0.0066238097 -0.69348294 -0.12627602
v -0.0074070063 -0.6937859 -0.12504286
v 0.0034738763 -0.7161677 -0.12874001
v 0.0023017428 -0.7163607 -0.12800898
v 0.0023249048 -0.69613045 -0.1159878
v 0.0034970387 -0.69594586 -0.11671882
v -0.007969643 -0.7142477 -0.1358282
v -0.007430169 -0.71391934 -0.13706599
v -0.0074070063 -0.6937859 -0.12504286
v -0.007946481 -0.69410104 -0.12380618
v 0.0044706943 -0.7159427 -0.1295513
v 0.0034738763 -0.7161677 -0.12874001
v 0.0034970387 -0.69594586 -0.11671882
v 0.0044706943 -0.7159427 -0.1295513
v 0.0034970387 -0.69594586 -0.11671882
v 0.0044938563 -0.6957283 -0.11753322
v 0.005253888 -0.71564925 -0.13065164
v 0.0044706943 -0.7159427 -0.1295513
v 0.0044938563 -0.6957283 -0.11753322
v 0.0052770507 -0.6954461 -0.11863229
v 0.0057933615 -0.7153221 -0.13187657
v 0.005253888 -0.71564925 -0.13065164
v 0.0052770507 -0.6954461 -0.11863229
v 0.005816524 -0.69513214 -0.11985617
v -0.007430175 -0.715627 -0.1306554
v -0.007969648 -0.7152996 -0.13188148
v -0.007946486 -0.69510955 -0.1198615
v -0.0074070124 -0.6954238 -0.118636444
v -0.006646981 -0.7159211 -0.1295543
v -0.007430175 -0.715627 -0.1306554
v -0.0074070124 -0.6954238 -0.118636444
v -0.0066238185 -0.69570637 -0.117536545
v -0.0056501636 -0.7161713 -0.12862052
v -0.006646981 -0.7159211 -0.1295543
v -0.0066238185 -0.69570637 -0.117536545
v -0.005627002 -0.6959468 -0.1166034
v -0.004478031 -0.7163686 -0.12788828
v -0.0056501636 -0.73887676 -0.14867067
v -0.0056501636 -0.7161713 -0.12862052
v 0.005253888 -0.7139425 -0.13706073
v 0.0057933615 -0.7142711 -0.13582228
v 0.005816524 -0.6941246 -0.12379996
v 0.0052770507 -0.6938094 -0.12503718
v -0.0017929926 -0.71292686 -0.14090982
v -0.00038328595 -0.7129517 -0.14078528
v -0.00036012375 -0.692861 -0.12875794
v -0.0017698304 -0.6928387 -0.12887888
v -0.003175626 -0.7164822 -0.12750936
v -0.003175626 -0.7392043 -0.14755757
v -0.004478031 -0.7390859 -0.14793691
v -0.004478031 -0.7163686 -0.12788828
v 0.0044706943 -0.71362203 -0.1382992
v 0.005253888 -0.7139425 -0.13706073
v 0.0052770507 -0.6938094 -0.12503718
v 0.0044938563 -0.69350415 -0.12627114
v -0.003175613 -0.7130171 -0.14052097
v -0.003175613 -0.73552465 -0.16058919
v -0.0017929926 -0.73542714 -0.16097806
v -0.003175613 -0.7130171 -0.14052097
v -0.0017929926 -0.73542714 -0.16097806
v -0.0017929926 -0.71292686 -0.14090982
v -0.003175626 -0.7164822 -0.12750936
v -0.004478031 -0.7163686 -0.12788828
v -0.0044548684 -0.69613606 -0.115871616
v -0.0031524634 -0.69624645 -0.11548908
v -0.003175613 -0.7130171 -0.14052097
v -0.0017929926 -0.71292686 -0.14090982
v -0.0017698304 -0.6928387 -0.12887888
v -0.0031524508 -0.69292337 -0.12849365
v -0.0017930006 -0.71655357 -0.12725319
v -0.0017930006 -0.73927987 -0.1473012
v -0.003175626 -0.7392043 -0.14755757
v -0.003175626 -0.7164822 -0.12750936
v 0.0034738763 -0.7133666 -0.13925026
v 0.0044706943 -0.71362203 -0.1382992
v 0.0044938563 -0.69350415 -0.12627114
v 0.0034970387 -0.69325924 -0.12722217
v -0.0017930006 -0.71655357 -0.12725319
v -0.003175626 -0.7164822 -0.12750936
v -0.0031524634 -0.69624645 -0.11548908
v -0.0017698384 -0.69631475 -0.11523268
v 0.0009993392 -0.77177554 -0.19651432
v 0.0009464399 -0.8097281 -0.24331586
v 0.0022488444 -0.80989575 -0.24279699
v 0.0023017433 -0.7719419 -0.19599581
v -0.000383288 -0.7165798 -0.1271284
v -0.00038328805 -0.73930943 -0.14717585
v -0.0017930006 -0.73927987 -0.1473012
v -0.0017930006 -0.71655357 -0.12725319
v 0.0009993374 -0.7759062 -0.18329787
v 0.0009464383 -0.81389326 -0.23007719
v -0.0004361871 -0.81397015 -0.22981884
v -0.000383288 -0.77598274 -0.1830399
v -0.006646972 -0.7724601 -0.19429153
v -0.006699871 -0.81041723 -0.2410918
v -0.005703052 -0.81011647 -0.24204677
v -0.005650153 -0.7721616 -0.19524495
v -0.00010533979 -0.592682 -0.10350678
v -0.0015150465 -0.59267056 -0.10358921
v -0.0016076951 -0.6293289 -0.10784065
v -0.0001979885 -0.62934357 -0.1077445
v 0.004563343 -0.6665593 -0.10575874
v 0.0044938563 -0.6957283 -0.11753322
v 0.0034970387 -0.69594586 -0.11671882
v 0.004563343 -0.6665593 -0.10575874
v 0.0034970387 -0.69594586 -0.11671882
v 0.0035665252 -0.6667664 -0.10493461
v -0.0053722183 -0.595214 -0.09142293
v -0.0054648668 -0.6320435 -0.095653586
v -0.006461683 -0.63183296 -0.09658548
v -0.006369035 -0.59501535 -0.09235462
v -0.0042000846 -0.59537 -0.0906925
v -0.0042927335 -0.63220847 -0.094922654
v -0.0054648668 -0.6320435 -0.095653586
v -0.0053722183 -0.595214 -0.09142293
v -0.0028976798 -0.5954695 -0.090271726
v -0.0029903282 -0.6323105 -0.09451543
v -0.0042927335 -0.63220847 -0.094922654
v -0.0042000846 -0.59537 -0.0906925
v -0.0028976663 -0.59273136 -0.10324595
v -0.0029903154 -0.6293968 -0.10748346
v -0.0016076951 -0.6293289 -0.10784065
v -0.0015150465 -0.59267056 -0.10358921
v 0.0037518223 -0.59301 -0.101981744
v 0.0036591738 -0.6296933 -0.10621992
v 0.0046559917 -0.62990826 -0.105272956
v 0.00474864 -0.59321165 -0.10103408
v -0.0015150545 -0.5955258 -0.09001525
v -0.0016077033 -0.6323694 -0.09425884
v -0.0029903282 -0.6323105 -0.09451543
v -0.0028976798 -0.5954695 -0.090271726
v -0.0042000725 -0.5928454 -0.1026512
v -0.004292721 -0.6295215 -0.10687512
v -0.0029903154 -0.6293968 -0.10748346
v -0.0028976663 -0.59273136 -0.10324595
v 0.0025796895 -0.59285086 -0.10272903
v 0.0024870406 -0.62952363 -0.10696695
v 0.0036591738 -0.6296933 -0.10621992
v 0.0037518223 -0.59301 -0.101981744
v -0.0042000725 -0.5928454 -0.1026512
v -0.0027997748 -0.5518683 -0.10179197
v -0.0041021802 -0.55197287 -0.101210535
v -0.00010534191 -0.59553736 -0.089932494
v -0.00019799061 -0.6323841 -0.09416248
v -0.0016077033 -0.6323694 -0.09425884
v -0.0015150545 -0.5955258 -0.09001525
v -0.005372207 -0.5929917 -0.10198617
v -0.005464855 -0.6296753 -0.106224
v -0.004292721 -0.6295215 -0.10687512
v -0.0042000725 -0.5928454 -0.1026512
v 0.0012772852 -0.5927402 -0.103243366
v 0.0011846365 -0.6294055 -0.10748088
v 0.0024870406 -0.62952363 -0.10696695
v 0.0025796895 -0.59285086 -0.10272903
v 0.0012772835 -0.5954877 -0.09018715
v 0.0011846349 -0.63233167 -0.094417825
v -0.00019799061 -0.6323841 -0.09416248
v -0.00010534191 -0.59553736 -0.089932494
v -0.0063690254 -0.5931894 -0.10103939
v -0.0064616743 -0.6298865 -0.1052781
v -0.005464855 -0.6296753 -0.106224
v -0.005372207 -0.5929917 -0.10198617
v -0.00010533979 -0.592682 -0.10350678
v -0.0001979885 -0.62934357 -0.1077445
v 0.0011846365 -0.6294055 -0.10748088
v 0.0012772852 -0.5927402 -0.103243366
v 0.0025796886 -0.59537774 -0.09076791
v 0.0024870401 -0.63221234 -0.09501287
v 0.0011846349 -0.63233167 -0.094417825
v 0.0012772835 -0.5954877 -0.09018715
v 0.0037518223 -0.595227 -0.09149705
v 0.0036591738 -0.63205254 -0.09574238
v 0.0024870401 -0.63221234 -0.09501287
v 0.0025796886 -0.59537774 -0.09076791
v -0.23530173 -0.7823857 -0.16568956
v -0.23530173 -0.69124687 -0.124534816
v -0.23530173 -0.69947773 -0.10630703
v -0.23530173 -0.7906166 -0.1474618
v -0.23530173 -0.69124687 -0.124534816
v -0.21530174 -0.69124687 -0.124534816
v -0.21530174 -0.69947773 -0.10630703
v -0.23530173 -0.69947773 -0.10630703
v -0.21530174 -0.69124687 -0.124534816
v -0.21530174 -0.7823857 -0.16568956
v -0.21530174 -0.7906166 -0.14746177
v -0.21530174 -0.69947773 -0.10630703
v -0.21530174 -0.7823857 -0.16568956
v -0.23530173 -0.7823857 -0.16568956
v -0.23530173 -0.7906166 -0.1474618
v -0.21530174 -0.7906166 -0.14746177
v -0.23530173 -0.69124687 -0.124534816
v -0.23530173 -0.7823857 -0.16568956
v -0.21530174 -0.7823857 -0.16568956
v -0.21530174 -0.69124687 -0.124534816
v -0.21530174 -0.69947773 -0.10630703
v -0.21530174 -0.7906166 -0.14746177
v -0.23530173 -0.7906166 -0.1474618
v -0.23530173 -0.69947773 -0.10630703
v 0.19669828 -0.78238565 -0.16568953
v 0.19669828 -0.69124687 -0.12453476
v 0.19669828 -0.69947773 -0.10630698
v 0.19669828 -0.7906166 -0.14746174
v 0.19669828 -0.69124687 -0.12453476
v 0.21669832 -0.69124687 -0.12453476
v 0.21669832 -0.69947773 -0.10630698
v 0.19669828 -0.69947773 -0.10630698
v 0.21669832 -0.69124687 -0.12453476
v 0.21669832 -0.78238565 -0.16568953
v 0.21669832 -0.7906166 -0.14746174
v 0.21669832 -0.69947773 -0.10630698
v 0.21669832 -0.78238565 -0.16568953
v 0.19669828 -0.78238565 -0.16568953
v 0.19669828 -0.7906166 -0.14746174
v 0.21669832 -0.7906166 -0.14746174
v 0.19669828 -0.69124687 -0.12453476
v 0.19669828 -0.78238565 -0.16568953
v 0.21669832 -0.78238565 -0.16568953
v 0.21669832 -0.69124687 -0.12453476
v 0.21669832 -0.69947773 -0.10630698
v 0.21669832 -0.7906166 -0.14746174
v 0.19669828 -0.7906166 -0.14746174
v 0.19669828 -0.69947773 -0.10630698
v 0.05366714 -0.058413018 -0.057953004
v -0.0519952 -0.05841303 -0.057953008
v -0.060754955 0.031962037 -0.01974183
v 0.061620392 0.031962045 -0.019741826
v 0.050475705 -0.0582255 -0.18208435
v 0.058205247 -0.0582347 -0.06564789
v 0.065855056 0.031779695 -0.027545752
v 0.050736163 0.031774525 -0.18213211
v 0.045689143 0.036774527 -0.18205029
v 0.061261985 0.036774527 -0.02520708
v -0.060484216 0.036774516 -0.025207086
v -0.045659285 0.03677452 -0.18205029
v -0.056640312 -0.05823963 -0.065661326
v -0.05037846 -0.058225498 -0.18207175
v -0.05070227 0.03177451 -0.18212454
v -0.06502802 0.03178245 -0.02755407
v -0.04500038 -0.058225498 -0.18955028
v 0.044999618 -0.058225498 -0.18955028
v 0.044999618 0.031774517 -0.18955028
v -0.04500038 0.031774513 -0.18955028
v -0.051156938 -0.0632255 -0.067487754
v -0.056640312 -0.05823963 -0.065661326
v -0.0519952 -0.05841303 -0.057953008
v -0.060754955 0.031962037 -0.01974183
v -0.06502802 0.03178245 -0.02755407
v -0.060484216 0.036774516 -0.025207086
v -0.04536519 -0.06322551 -0.18205026
v -0.04500038 -0.058225498 -0.18955028
v -0.05037846 -0.058225498 -0.18207175
v -0.045659285 0.03677452 -0.18205029
v -0.05070227 0.03177451 -0.18212454
v -0.04500038 0.031774513 -0.18955028
v 0.052760456 -0.0632255 -0.06748775
v 0.05366714 -0.058413018 -0.057953004
v 0.058205247 -0.0582347 -0.06564789
v 0.061261985 0.036774527 -0.02520708
v 0.065855056 0.031779695 -0.027545752
v 0.061620392 0.031962045 -0.019741826
v 0.045455053 -0.06322549 -0.18205026
v 0.050475705 -0.0582255 -0.18208435
v 0.044999618 -0.058225498 -0.18955028
v 0.045689143 0.036774527 -0.18205029
v 0.044999618 0.031774517 -0.18955028
v 0.050736163 0.031774525 -0.18213211
v -0.04536519 -0.06322551 -0.18205026
v -0.05037846 -0.058225498 -0.18207175
v -0.056640312 -0.05823963 -0.065661326
v -0.051156938 -0.0632255 -0.067487754
v -0.0519952 -0.05841303 -0.057953008
v -0.056640312 -0.05823963 -0.065661326
v -0.06502802 0.03178245 -0.02755407
v -0.060754955 0.031962037 -0.01974183
v -0.060484216 0.036774516 -0.025207086
v -0.06502802 0.03178245 -0.02755407
v -0.05070227 0.03177451 -0.18212454
v -0.045659285 0.03677452 -0.18205029
v -0.04500038 0.031774513 -0.18955028
v -0.05070227 0.03177451 -0.18212454
v -0.05037846 -0.058225498 -0.18207175
v -0.04500038 -0.058225498 -0.18955028
v 0.045455053 -0.06322549 -0.18205026
v 0.044999618 -0.058225498 -0.18955028
v -0.04500038 -0.058225498 -0.18955028
v -0.04536519 -0.06322551 -0.18205026
v -0.045659285 0.03677452 -0.18205029
v -0.04500038 0.031774513 -0.18955028
v 0.044999618 0.031774517 -0.18955028
v 0.045689143 0.036774527 -0.18205029
v 0.050736163 0.031774525 -0.18213211
v 0.044999618 0.031774517 -0.18955028
v 0.044999618 -0.058225498 -0.18955028
v 0.050475705 -0.0582255 -0.18208435
v 0.052760456 -0.0632255 -0.06748775
v 0.058205247 -0.0582347 -0.06564789
v 0.050475705 -0.0582255 -0.18208435
v 0.045455053 -0.06322549 -0.18205026
v 0.045689143 0.036774527 -0.18205029
v 0.050736163 0.031774525 -0.18213211
v 0.065855056 0.031779695 -0.027545752
v 0.061261985 0.036774527 -0.02520708
v 0.061620392 0.031962045 -0.019741826
v 0.065855056 0.031779695 -0.027545752
v 0.058205247 -0.0582347 -0.06564789
v 0.05366714 -0.058413018 -0.057953004
v -0.051156938 -0.0632255 -0.067487754
v -0.0519952 -0.05841303 -0.057953008
v 0.05366714 -0.058413018 -0.057953004
v -0.051156938 -0.0632255 -0.067487754
v 0.05366714 -0.058413018 -0.057953004
v 0.052760456 -0.0632255 -0.06748775
v 0.061261985 0.036774527 -0.02520708
v 0.061620392 0.031962045 -0.019741826
v -0.060754955 0.031962037 -0.01974183
v -0.060484216 0.036774516 -0.025207086
v -0.04536519 -0.06322551 -0.18205026
v -0.051156938 -0.0632255 -0.067487754
v 0.052760456 -0.0632255 -0.06748775
v 0.045455053 -0.06322549 -0.18205026
v -0.25346786 -0.8073982 -0.25002775
v 0.2365321 -0.80739814 -0.25002766
v 0.2365321 -0.7814443 -0.23485358
v -0.25346786 -0.7814443 -0.23485364
v -0.25346786 -0.7814443 -0.23485364
v 0.2365321 -0.7814443 -0.23485358
v 0.2365321 -0.7641025 -0.21214396
v -0.25346786 -0.7641025 -0.21214399
v -0.25346786 -0.7641025 -0.21214399
v 0.2365321 -0.7641025 -0.21214396
v 0.2365321 -0.75801283 -0.18535614
v -0.25346786 -0.7580129 -0.18535617
v -0.25346786 -0.7580129 -0.18535617
v 0.2365321 -0.75801283 -0.18535614
v 0.2365321 -0.7641025 -0.15856831
v -0.25346786 -0.7641025 -0.15856835
v -0.25346786 -0.8686276 -0.1206846
v 0.2365321 -0.86862755 -0.12068457
v 0.2365321 -0.89458144 -0.13585867
v -0.25346786 -0.8945815 -0.13585873
v -0.25346786 -0.7814444 -0.1358587
v 0.2365321 -0.7814443 -0.13585864
v 0.2365321 -0.8073982 -0.12068457
v -0.25346786 -0.8073982 -0.12068457
v -0.25346786 -0.8073982 -0.12068457
v 0.2365321 -0.8073982 -0.12068457
v 0.2365321 -0.8380128 -0.11535612
v -0.25346786 -0.83801293 -0.11535615
v -0.25346786 -0.83801293 -0.11535615
v 0.2365321 -0.8380128 -0.11535612
v 0.2365321 -0.86862755 -0.12068457
v -0.25346786 -0.8686276 -0.1206846
v -0.25346786 -0.8945815 -0.13585873
v 0.2365321 -0.89458144 -0.13585867
v 0.2365321 -0.91192317 -0.15856835
v -0.25346786 -0.9119233 -0.15856838
v -0.25346786 -0.9119233 -0.15856838
v 0.2365321 -0.91192317 -0.15856835
v 0.2365321 -0.91801274 -0.1853562
v -0.25346786 -0.9180128 -0.18535621
v -0.25346786 -0.9180128 -0.18535621
v 0.2365321 -0.91801274 -0.1853562
v 0.2365321 -0.9119231 -0.21214403
v -0.25346786 -0.9119233 -0.21214406
v -0.25346786 -0.9119233 -0.21214406
v 0.2365321 -0.9119231 -0.21214403
v 0.2365321 -0.89458126 -0.23485367
v -0.25346786 -0.8945814 -0.2348537
v -0.25346786 -0.8945814 -0.2348537
v 0.2365321 -0.89458126 -0.23485367
v 0.2365321 -0.86862737 -0.25002775
v -0.25346786 -0.8686274 -0.25002778
v -0.25346786 -0.8686274 -0.25002778
v 0.2365321 -0.86862737 -0.25002775
v 0.2365321 -0.8380128 -0.25535613
v -0.25346786 -0.83801293 -0.25535616
v -0.25346786 -0.9119233 -0.15856838
v -0.25346786 -0.9180128 -0.18535621
v -0.25346786 -0.9119233 -0.21214406
v -0.25346786 -0.8945815 -0.13585873
v -0.25346786 -0.8945814 -0.2348537
v -0.25346786 -0.8686276 -0.1206846
v -0.25346786 -0.8686274 -0.25002778
v -0.25346786 -0.83801293 -0.11535615
v -0.25346786 -0.83801293 -0.25535616
v -0.25346786 -0.8073982 -0.12068457
v -0.25346786 -0.8073982 -0.25002775
v -0.25346786 -0.7814444 -0.1358587
v -0.25346786 -0.7814443 -0.23485364
v -0.25346786 -0.7641025 -0.15856835
v -0.25346786 -0.7641025 -0.21214399
v -0.25346786 -0.7580129 -0.18535617
v 0.2365321 -0.9119231 -0.21214403
v 0.2365321 -0.91801274 -0.1853562
v 0.2365321 -0.91192317 -0.15856835
v 0.2365321 -0.89458144 -0.13585867
v 0.2365321 -0.89458126 -0.23485367
v 0.2365321 -0.86862755 -0.12068457
v 0.2365321 -0.86862737 -0.25002775
v 0.2365321 -0.8380128 -0.11535612
v 0.2365321 -0.8380128 -0.25535613
v 0.2365321 -0.80739814 -0.25002766
v 0.2365321 -0.8073982 -0.12068457
v 0.2365321 -0.7814443 -0.13585864
v 0.2365321 -0.7814443 -0.23485358
v 0.2365321 -0.7641025 -0.21214396
v 0.2365321 -0.7641025 -0.15856831
v 0.2365321 -0.75801283 -0.18535614
v -0.25346786 -0.7641025 -0.15856835
v 0.2365321 -0.7641025 -0.15856831
v 0.2365321 -0.7814443 -0.13585864
v -0.25346786 -0.7814444 -0.1358587
v -0.25346786 -0.83801293 -0.25535616
v 0.2365321 -0.8380128 -0.25535613
v 0.2365321 -0.80739814 -0.25002766
v -0.25346786 -0.8073982 -0.25002775
v 0.05529699 0.19351758 0.15591154
v 0.08975955 0.17159979 0.2309987
v 0.08650809 0.18550147 0.24278964
v 0.0533512 0.20336923 0.15968849
v 0.005871643 0.24101833 0.17181036
v 0.0050051394 0.21873382 0.068160236
v 0.014564303 0.2169461 0.06844768
v 0.016624851 0.23863523 0.17152019
v -0.014406162 0.07272795 -0.07535134
v -0.013921462 0.014410648 -0.09914872
v -0.0047006896 0.0148925455 -0.10084079
v -0.0048643528 0.07339837 -0.07705023
vn -0.15417074 0.7893935 -0.5942133
vn -0.15417074 0.7893935 -0.5942133
vn -0.15417074 0.7893935 -0.5942133
vn -0.15417074 0.7893935 -0.5942133
vn 0.18762682 0.067268305 -0.9799343
vn 0.18762682 0.067268305 -0.9799343
vn 0.18762682 0.067268305 -0.9799343
vn 0.18762682 0.067268305 -0.9799343
vn 0.35658664 0.91283417 -0.19894673
vn 0.35658664 0.91283417 -0.19894673
vn 0.35658664 0.91283417 -0.19894673
vn 0.35658664 0.91283417 -0.19894673
vn 0.51478016 0.836316 -0.18861859
vn 0.51478016 0.836316 -0.18861859
vn 0.51478016 0.836316 -0.18861859
vn 0.51478016 0.836316 -0.18861859
vn 0.51478016 0.836316 -0.18861859
vn 0.51478016 0.836316 -0.18861859
vn 0.66336954 0.72745913 -0.17533983
vn 0.66336954 0.72745913 -0.17533983
vn 0.66336954 0.72745913 -0.17533983
vn 0.66336954 0.72745913 -0.17533983
vn 0.7948069 0.58589613 -0.15813825
vn 0.7948069 0.58589613 -0.15813825
vn 0.7948069 0.58589613 -0.15813825
vn 0.7948069 0.58589613 -0.15813825
vn 0.7948069 0.58589613 -0.15813825
vn 0.7948069 0.58589613 -0.15813825
vn 0.90051365 0.41310754 -0.1357104
vn 0.90051365 0.41310754 -0.1357104
vn 0.90051365 0.41310754 -0.1357104
vn 0.90051365 0.41310754 -0.1357104
vn 0.90051365 0.41310754 -0.1357104
vn 0.90051365 0.41310754 -0.1357104
vn 0.97096765 0.21403517 -0.10682071
vn 0.97096765 0.21403517 -0.10682071
vn 0.97096765 0.21403517 -0.10682071
vn 0.97096765 0.21403517 -0.10682071
vn 0.9974891 -0.0015019844 -0.07080395
vn 0.9974891 -0.0015019844 -0.07080395
vn 0.9974891 -0.0015019844 -0.07080395
vn 0.9974891 -0.0015019844 -0.07080395
vn 0.97509074 -0.22004269 -0.027915323
vn 0.97509074 -0.22004269 -0.027915323
vn 0.97509074 -0.22004269 -0.027915323
vn 0.97509074 -0.22004269 -0.027915323
vn 0.90445507 -0.4260878 0.020255709
vn 0.90445507 -0.4260878 0.020255709
vn 0.90445507 -0.4260878 0.020255709
vn 0.90445507 -0.4260878 0.020255709
vn 0.7920934 -0.6062579 0.070988625
vn 0.7920934 -0.6062579 0.070988625
vn 0.7920934 -0.6062579 0.070988625
vn 0.7920934 -0.6062579 0.070988625
vn 0.64888304 -0.7512704 0.12059696
vn 0.64888304 -0.7512704 0.12059696
vn 0.64888304 -0.7512704 0.12059696
vn 0.64888304 -0.7512704 0.12059696
vn 0.4862009 -0.85808563 0.16522014
vn 0.4862009 -0.85808563 0.16522014
vn 0.4862009 -0.85808563 0.16522014
vn 0.4862009 -0.85808563 0.16522014
vn 0.3147501 -0.92764914 0.20099607
vn 0.3147501 -0.92764914 0.20099607
vn 0.3147501 -0.92764914 0.20099607
vn 0.3147501 -0.92764914 0.20099607
vn 0.14080168 -0.9641721 0.22482683
vn 0.14080168 -0.9641721 0.22482683
vn 0.14080168 -0.9641721 0.22482683
vn 0.14080168 -0.9641721 0.22482683
vn -0.03176374 -0.9716418 0.23431477
vn -0.03176374 -0.9716418 0.23431477
vn -0.03176374 -0.9716418 0.23431477
vn -0.03176374 -0.9716418 0.23431477
vn -0.2013066 -0.9525446 0.2283298
vn -0.2013066 -0.9525446 0.2283298
vn -0.2013066 -0.9525446 0.2283298
vn -0.2013066 -0.9525446 0.2283298
vn -0.368225 -0.906464 0.20672064
vn -0.368225 -0.906464 0.20672064
vn -0.368225 -0.906464 0.20672064
vn -0.368225 -0.906464 0.20672064
vn -0.52944475 -0.83095723 0.17087501
vn -0.52944475 -0.83095723 0.17087501
vn -0.52944475 -0.83095723 0.17087501
vn -0.52944475 -0.83095723 0.17087501
vn -0.681104 -0.7217619 0.12311474
vn -0.681104 -0.7217619 0.12311474
vn -0.681104 -0.7217619 0.12311474
vn -0.681104 -0.7217619 0.12311474
vn -0.8140267 -0.5769067 0.06737274
vn -0.8140267 -0.5769067 0.06737274
vn -0.8140267 -0.5769067 0.06737274
vn -0.8140267 -0.5769067 0.06737274
vn -0.91737235 -0.3979415 0.008397143
vn -0.91737235 -0.3979415 0.008397143
vn -0.91737235 -0.3979415 0.008397143
vn -0.91737235 -0.3979415 0.008397143
vn -0.98014534 -0.19218268 -0.04879554
vn -0.98014534 -0.19218268 -0.04879554
vn -0.98014534 -0.19218268 -0.04879554
vn -0.98014534 -0.19218268 -0.04879554
vn -0.99465466 0.027097855 -0.09963841
vn -0.99465466 0.027097855 -0.09963841
vn -0.99465466 0.027097855 -0.09963841
vn -0.99465466 0.027097855 -0.09963841
vn -0.95943207 0.24407113 -0.14113623
vn -0.95943207 0.24407113 -0.14113623
vn -0.95943207 0.24407113 -0.14113623
vn -0.95943207 0.24407113 -0.14113623
vn -0.87930024 0.44404536 -0.17220575
vn -0.87930024 0.44404536 -0.17220575
vn -0.87930024 0.44404536 -0.17220575
vn -0.87930024 0.44404536 -0.17220575
vn -0.87930024 0.44404536 -0.17220575
vn -0.87930024 0.44404536 -0.17220575
vn -0.763514 0.6161493 -0.19340779
vn -0.763514 0.6161493 -0.19340779
vn -0.763514 0.6161493 -0.19340779
vn -0.763514 0.6161493 -0.19340779
vn -0.62254024 0.7548792 -0.20640004
vn -0.62254024 0.7548792 -0.20640004
vn -0.62254024 0.7548792 -0.20640004
vn -0.6503401 0.732616 -0.20082724
vn -0.6503401 0.732616 -0.20082724
vn -0.6503401 0.732616 -0.20082724
vn -0.62254024 0.7548792 -0.20640004
vn -0.62254024 0.7548792 -0.20640004
vn -0.62254024 0.7548792 -0.20640004
vn -0.46532488 0.8590714 -0.21323496
vn -0.46532488 0.8590714 -0.21323496
vn -0.46532488 0.8590714 -0.21323496
vn -0.46532488 0.8590714 -0.21323496
vn -0.2995534 0.92938536 -0.2156629
vn -0.2995534 0.92938536 -0.2156629
vn -0.2995534 0.92938536 -0.2156629
vn -0.2995534 0.92938536 -0.2156629
vn -0.13045204 0.9678591 -0.21501373
vn -0.13045204 0.9678591 -0.21501373
vn -0.13045204 0.9678591 -0.21501373
vn -0.13045204 0.9678591 -0.21501373
vn 0.03601446 0.9766143 -0.21196124
vn 0.03601446 0.9766143 -0.21196124
vn 0.03601446 0.9766143 -0.21196124
vn 0.03601446 0.9766143 -0.21196124
vn -0.83558357 0.15847564 -0.5260092
vn -0.83558357 0.15847564 -0.5260092
vn -0.83558357 0.15847564 -0.5260092
vn -0.83558357 0.15847564 -0.5260092
vn 0.34600952 -0.5363145 -0.7698339
vn 0.34600952 -0.5363145 -0.7698339
vn 0.34600952 -0.5363145 -0.7698339
vn 0.34600952 -0.5363145 -0.7698339
vn 0.0022960156 -0.5810307 -0.8138783
vn 0.0022960156 -0.5810307 -0.8138783
vn 0.0022960156 -0.5810307 -0.8138783
vn 0.0022960156 -0.5810307 -0.8138783
vn 0.1842515 0.56213313 -0.80626154
vn 0.1842515 0.56213313 -0.80626154
vn 0.1842515 0.56213313 -0.80626154
vn 0.1842515 0.56213313 -0.80626154
vn -0.14476354 -0.74164814 0.6549821
vn -0.14476354 -0.74164814 0.6549821
vn -0.14476354 -0.74164814 0.6549821
vn -0.14476354 -0.74164814 0.6549821
vn 0.8395487 -0.5377323 -0.07747176
vn 0.8395487 -0.5377323 -0.07747176
vn 0.8395487 -0.5377323 -0.07747176
vn 0.8395487 -0.5377323 -0.07747176
vn 0.810292 -0.5319196 -0.24594405
vn 0.810292 -0.5319196 -0.24594405
vn 0.810292 -0.5319196 -0.24594405
vn 0.810292 -0.5319196 -0.24594405
vn 0.72999823 -0.6379255 -0.24526228
vn 0.72999823 -0.6379255 -0.24526228
vn 0.72999823 -0.6379255 -0.24526228
vn 0.72999823 -0.6379255 -0.24526228
vn 0.27266517 -0.5473155 0.7912645
vn 0.27266517 -0.5473155 0.7912645
vn 0.27266517 -0.5473155 0.7912645
vn 0.27266517 -0.5473155 0.7912645
vn -0.36929566 0.3487593 -0.86138713
vn -0.36929566 0.3487593 -0.86138713
vn -0.36929566 0.3487593 -0.86138713
vn -0.36929566 0.3487593 -0.86138713
vn 0.36232162 0.5324758 -0.76497877
vn 0.36232162 0.5324758 -0.76497877
vn 0.36232162 0.5324758 -0.76497877
vn 0.36232162 0.5324758 -0.76497877
vn 0.18922094 0.36964542 -0.90970194
vn 0.18922094 0.36964542 -0.90970194
vn 0.18922094 0.36964542 -0.90970194
vn 0.18922094 0.36964542 -0.90970194
vn -0.54035854 0.31403247 -0.7806383
vn -0.54035854 0.31403247 -0.7806383
vn -0.54035854 0.31403247 -0.7806383
vn -0.54035854 0.31403247 -0.7806383
vn -0.6934103 0.26602808 -0.6696351
vn -0.6934103 0.26602808 -0.6696351
vn -0.6934103 0.26602808 -0.6696351
vn -0.6934103 0.26602808 -0.6696351
vn -0.82095474 0.20633006 -0.53241074
vn -0.82095474 0.20633006 -0.53241074
vn -0.82095474 0.20633006 -0.53241074
vn -0.82095474 0.20633006 -0.53241074
vn -0.91798985 0.13615318 -0.37250072
vn -0.91798985 0.13615318 -0.37250072
vn -0.91798985 0.13615318 -0.37250072
vn -0.91798985 0.13615318 -0.37250072
vn -0.97906256 0.057256244 -0.19534154
vn -0.97906256 0.057256244 -0.19534154
vn -0.97906256 0.057256244 -0.19534154
vn -0.97906256 0.057256244 -0.19534154
vn -0.999592 -0.026818648 -0.00982636
vn -0.999592 -0.026818648 -0.00982636
vn -0.999592 -0.026818648 -0.00982636
vn -0.999592 -0.026818648 -0.00982636
vn -0.9999988 0.0012776015 -0.00083450024
vn -0.9999988 0.0012776015 -0.00083450024
vn -0.9999988 0.0012776015 -0.00083450024
vn -0.9999988 0.0012776015 -0.00083450024
vn -0.97816133 -0.11211719 0.17501499
vn -0.97816133 -0.11211719 0.17501499
vn -0.97816133 -0.11211719 0.17501499
vn -0.97816133 -0.11211719 0.17501499
vn -0.97823846 -0.11760985 0.17093095
vn -0.97823846 -0.11760985 0.17093095
vn -0.916215 -0.19448113 0.3503242
vn -0.916215 -0.19448113 0.3503242
vn -0.916215 -0.19448113 0.3503242
vn -0.916215 -0.19448113 0.3503242
vn -0.91486746 -0.22669716 0.33410466
vn -0.91486746 -0.22669716 0.33410466
vn -0.9067869 -0.23632726 0.34912306
vn -0.9067869 -0.23632726 0.34912306
vn -0.81778455 -0.27000913 0.50825536
vn -0.81778455 -0.27000913 0.50825536
vn -0.81778455 -0.27000913 0.50825536
vn -0.81778455 -0.27000913 0.50825536
vn -0.80602 -0.2976368 0.51160944
vn -0.80602 -0.2976368 0.51160944
vn -0.6887556 -0.33549535 0.6426964
vn -0.6887556 -0.33549535 0.6426964
vn -0.6887556 -0.33549535 0.6426964
vn -0.6887556 -0.33549535 0.6426964
vn -0.6754533 -0.35021695 0.64893055
vn -0.6754533 -0.35021695 0.64893055
vn -0.534166 -0.38887095 0.7506305
vn -0.534166 -0.38887095 0.7506305
vn -0.534166 -0.38887095 0.7506305
vn -0.534166 -0.38887095 0.7506305
vn -0.52251464 -0.3921128 0.7571169
vn -0.52251464 -0.3921128 0.7571169
vn -0.36244938 -0.42751276 0.8281686
vn -0.36244938 -0.42751276 0.8281686
vn -0.36244938 -0.42751276 0.8281686
vn -0.36244938 -0.42751276 0.8281686
vn -0.3549536 -0.421973 0.83423424
vn -0.3549536 -0.421973 0.83423424
vn -0.18448618 -0.4502466 0.8736377
vn -0.18448618 -0.4502466 0.8736377
vn -0.18448618 -0.4502466 0.8736377
vn -0.18448618 -0.4502466 0.8736377
vn -0.18073665 -0.43956268 0.87984025
vn -0.18073665 -0.43956268 0.87984025
vn -0.0034545583 -0.45791405 0.8889898
vn -0.0034545583 -0.45791405 0.8889898
vn -0.0034545583 -0.45791405 0.8889898
vn -0.0034545583 -0.45791405 0.8889898
vn -0.00342221 -0.44556528 0.8952428
vn -0.00342221 -0.44556528 0.8952428
vn 0.17855017 -0.4506762 0.874649
vn 0.17855017 -0.4506762 0.874649
vn 0.17855017 -0.4506762 0.874649
vn 0.17855017 -0.4506762 0.874649
vn 0.1746107 -0.4401033 0.88080657
vn 0.1746107 -0.4401033 0.88080657
vn 0.36154318 -0.4274432 0.8286006
vn 0.36154318 -0.4274432 0.8286006
vn 0.36154318 -0.4274432 0.8286006
vn 0.36154318 -0.4274432 0.8286006
vn 0.35178813 -0.4224198 0.8353482
vn 0.35178813 -0.4224198 0.8353482
vn 0.5352439 -0.38814884 0.7502362
vn 0.5352439 -0.38814884 0.7502362
vn 0.5352439 -0.38814884 0.7502362
vn 0.5352439 -0.38814884 0.7502362
vn 0.5223382 -0.39188358 0.75735736
vn 0.5223382 -0.39188358 0.75735736
vn 0.6885254 -0.33520293 0.6430954
vn 0.6885254 -0.33520293 0.6430954
vn 0.6885254 -0.33520293 0.6430954
vn 0.6885254 -0.33520293 0.6430954
vn 0.6885254 -0.33520293 0.6430954
vn 0.6885254 -0.33520293 0.6430954
vn 0.6757111 -0.349827 0.64887255
vn 0.6757111 -0.349827 0.64887255
vn 0.6757111 -0.349827 0.64887255
vn 0.8174713 -0.26993224 0.5087998
vn 0.8174713 -0.26993224 0.5087998
vn 0.8174713 -0.26993224 0.5087998
vn 0.8174713 -0.26993224 0.5087998
vn 0.8056026 -0.29761317 0.51228005
vn 0.8056026 -0.29761317 0.51228005
vn 0.91603583 -0.19444454 0.350813
vn 0.91603583 -0.19444454 0.350813
vn 0.91603583 -0.19444454 0.350813
vn 0.91603583 -0.19444454 0.350813
vn 0.9147144 -0.22702767 0.3342993
vn 0.9147144 -0.22702767 0.3342993
vn 0.906435 -0.23641841 0.34997433
vn 0.906435 -0.23641841 0.34997433
vn 0.978121 -0.112078175 0.17526507
vn 0.978121 -0.112078175 0.17526507
vn 0.978121 -0.112078175 0.17526507
vn 0.97819805 -0.117785096 0.1710417
vn 0.97819805 -0.117785096 0.1710417
vn 0.978121 -0.112078175 0.17526507
vn 0.978121 -0.112078175 0.17526507
vn 0.978121 -0.112078175 0.17526507
vn 0.97819805 -0.117785096 0.1710417
vn 0.999592 -0.026827632 -0.009799784
vn 0.999592 -0.026827632 -0.009799784
vn 0.999592 -0.026827632 -0.009799784
vn 0.999592 -0.026827632 -0.009799784
vn 0.9999988 -0.001093802 0.001161013
vn 0.9999988 -0.001093802 0.001161013
vn 0.9999988 -0.001093802 0.001161013
vn 0.9999988 -0.001093802 0.001161013
vn 0.9790743 0.05711187 -0.19532458
vn 0.9790743 0.05711187 -0.19532458
vn 0.9790743 0.05711187 -0.19532458
vn 0.9790743 0.05711187 -0.19532458
vn 0.91829425 0.13571414 -0.37191024
vn 0.91829425 0.13571414 -0.37191024
vn 0.91829425 0.13571414 -0.37191024
vn 0.91829425 0.13571414 -0.37191024
vn 0.82151026 0.20598498 -0.53168696
vn 0.82151026 0.20598498 -0.53168696
vn 0.82151026 0.20598498 -0.53168696
vn 0.82151026 0.20598498 -0.53168696
vn 0.69375116 0.26600966 -0.6692893
vn 0.69375116 0.26600966 -0.6692893
vn 0.69375116 0.26600966 -0.6692893
vn 0.69375116 0.26600966 -0.6692893
vn 0.69375116 0.26600966 -0.6692893
vn 0.69375116 0.26600966 -0.6692893
vn 0.54178953 0.31384346 -0.779722
vn 0.54178953 0.31384346 -0.779722
vn 0.54178953 0.31384346 -0.779722
vn 0.54178953 0.31384346 -0.779722
vn 0.3718271 0.3485483 -0.86038285
vn 0.3718271 0.3485483 -0.86038285
vn 0.3718271 0.3485483 -0.86038285
vn 0.3718271 0.3485483 -0.86038285
vn 0.00066794764 0.37670824 -0.9263317
vn 0.00066794764 0.37670824 -0.9263317
vn 0.00066794764 0.37670824 -0.9263317
vn 0.00066794764 0.37670824 -0.9263317
vn 0.00066794764 0.37670824 -0.9263317
vn 0.00066794764 0.37670824 -0.9263317
vn 0.18771482 0.11825681 -0.9750787
vn 0.18771482 0.11825681 -0.9750787
vn 0.18771482 0.11825681 -0.9750787
vn 0.18771482 0.11825681 -0.9750787
vn 0.18771482 0.11825681 -0.9750787
vn 0.18771482 0.11825681 -0.9750787
vn -0.31973016 0.75524265 -0.5721722
vn -0.31973016 0.75524265 -0.5721722
vn -0.31973016 0.75524265 -0.5721722
vn -0.31973016 0.75524265 -0.5721722
vn 0.1702736 0.7881746 -0.5914285
vn 0.1702736 0.7881746 -0.5914285
vn 0.1702736 0.7881746 -0.5914285
vn 0.1702736 0.7881746 -0.5914285
vn 0.1702736 0.7881746 -0.5914285
vn 0.1702736 0.7881746 -0.5914285
vn -0.48302844 0.6955147 -0.5319239
vn -0.48302844 0.6955147 -0.5319239
vn -0.48302844 0.6955147 -0.5319239
vn -0.48302844 0.6955147 -0.5319239
vn -0.48302844 0.6955147 -0.5319239
vn -0.48302844 0.6955147 -0.5319239
vn -0.63970506 0.6076443 -0.4706865
vn -0.63970506 0.6076443 -0.4706865
vn -0.63970506 0.6076443 -0.4706865
vn -0.63970506 0.6076443 -0.4706865
vn -0.78101313 0.49066237 -0.3863533
vn -0.78101313 0.49066237 -0.3863533
vn -0.78101313 0.49066237 -0.3863533
vn -0.78101313 0.49066237 -0.3863533
vn -0.8963204 0.34564683 -0.27773726
vn -0.8963204 0.34564683 -0.27773726
vn -0.8963204 0.34564683 -0.27773726
vn -0.8963204 0.34564683 -0.27773726
vn -0.9728943 0.17854805 -0.14696023
vn -0.9728943 0.17854805 -0.14696023
vn -0.9728943 0.17854805 -0.14696023
vn -0.9728943 0.17854805 -0.14696023
vn -0.97365224 -0.171184 0.15065609
vn -0.97365224 -0.171184 0.15065609
vn -0.97365224 -0.171184 0.15065609
vn -0.97365224 -0.171184 0.15065609
vn -0.8981536 -0.32457972 0.2965943
vn -0.8981536 -0.32457972 0.2965943
vn -0.8981536 -0.32457972 0.2965943
vn -0.8981536 -0.32457972 0.2965943
vn -0.7843155 -0.44919178 0.4278738
vn -0.7843155 -0.44919178 0.4278738
vn -0.7843155 -0.44919178 0.4278738
vn -0.7843155 -0.44919178 0.4278738
vn -0.64453757 -0.5421554 0.5391094
vn -0.64453757 -0.5421554 0.5391094
vn -0.64453757 -0.5421554 0.5391094
vn -0.64453757 -0.5421554 0.5391094
vn -0.48963952 -0.60564214 0.62725645
vn -0.48963952 -0.60564214 0.62725645
vn -0.48963952 -0.60564214 0.62725645
vn -0.48963952 -0.60564214 0.62725645
vn -0.3296448 -0.64428395 0.690096
vn -0.3296448 -0.64428395 0.690096
vn -0.3296448 -0.64428395 0.690096
vn -0.3296448 -0.64428395 0.690096
vn -0.16750981 -0.66497165 0.7278414
vn -0.16750981 -0.66497165 0.7278414
vn -0.16750981 -0.66497165 0.7278414
vn -0.16750981 -0.66497165 0.7278414
vn -0.0060075456 -0.6724018 0.74016196
vn -0.0060075456 -0.6724018 0.74016196
vn -0.0060075456 -0.6724018 0.74016196
vn -0.0060075456 -0.6724018 0.74016196
vn 0.1558851 -0.6683174 0.7273594
vn 0.1558851 -0.6683174 0.7273594
vn 0.1558851 -0.6683174 0.7273594
vn 0.1558851 -0.6683174 0.7273594
vn 0.31979838 -0.65023464 0.6891473
vn 0.31979838 -0.65023464 0.6891473
vn 0.31979838 -0.65023464 0.6891473
vn 0.31979838 -0.65023464 0.6891473
vn 0.482134 -0.6131164 0.6258076
vn 0.482134 -0.6131164 0.6258076
vn 0.482134 -0.6131164 0.6258076
vn 0.482134 -0.6131164 0.6258076
vn 0.63871044 -0.5502137 0.53787905
vn 0.63871044 -0.5502137 0.53787905
vn 0.63871044 -0.5502137 0.53787905
vn 0.63871044 -0.5502137 0.53787905
vn 0.78069794 -0.45637283 0.42688936
vn 0.78069794 -0.45637283 0.42688936
vn 0.78069794 -0.45637283 0.42688936
vn 0.78069794 -0.45637283 0.42688936
vn 0.78069794 -0.45637283 0.42688936
vn 0.78069794 -0.45637283 0.42688936
vn 0.8963324 -0.33003604 0.29608175
vn 0.8963324 -0.33003604 0.29608175
vn 0.8963324 -0.33003604 0.29608175
vn 0.8963324 -0.33003604 0.29608175
vn 0.97287375 -0.175009 0.15128945
vn 0.97287375 -0.175009 0.15128945
vn 0.97287375 -0.175009 0.15128945
vn 0.97287375 -0.175009 0.15128945
vn 0.9737014 0.17697212 -0.14347966
vn 0.9737014 0.17697212 -0.14347966
vn 0.9737014 0.17697212 -0.14347966
vn 0.9737014 0.17697212 -0.14347966
vn 0.8983491 0.34420267 -0.27293488
vn 0.8983491 0.34420267 -0.27293488
vn 0.8983491 0.34420267 -0.27293488
vn 0.8983491 0.34420267 -0.27293488
vn 0.7846573 0.4891502 -0.38084775
vn 0.7846573 0.4891502 -0.38084775
vn 0.7846573 0.4891502 -0.38084775
vn 0.7846573 0.4891502 -0.38084775
vn 0.6455156 0.6058797 -0.46499404
vn 0.6455156 0.6058797 -0.46499404
vn 0.6455156 0.6058797 -0.46499404
vn 0.6455156 0.6058797 -0.46499404
vn 0.4916264 0.693584 -0.5265403
vn 0.4916264 0.693584 -0.5265403
vn 0.4916264 0.693584 -0.5265403
vn 0.4916264 0.693584 -0.5265403
vn 0.3310891 0.75363815 -0.5678112
vn 0.3310891 0.75363815 -0.5678112
vn 0.3310891 0.75363815 -0.5678112
vn 0.3310891 0.75363815 -0.5678112
vn 0.0096832765 0.7998771 -0.6000857
vn 0.0096832765 0.7998771 -0.6000857
vn 0.0096832765 0.7998771 -0.6000857
vn 0.0096832765 0.7998771 -0.6000857
vn 0.37010354 0.21481784 -0.9038123
vn 0.37010354 0.21481784 -0.9038123
vn 0.37010354 0.21481784 -0.9038123
vn 0.37010354 0.21481784 -0.9038123
vn 0.5304334 0.48339492 -0.6963977
vn 0.5304334 0.48339492 -0.6963977
vn 0.5304334 0.48339492 -0.6963977
vn 0.5304334 0.48339492 -0.6963977
vn 0.6832672 0.41528925 -0.6005669
vn 0.6832672 0.41528925 -0.6005669
vn 0.6832672 0.41528925 -0.6005669
vn 0.6832672 0.41528925 -0.6005669
vn 0.81392086 0.32927597 -0.4786544
vn 0.81392086 0.32927597 -0.4786544
vn 0.81392086 0.32927597 -0.4786544
vn 0.81392086 0.32927597 -0.4786544
vn 0.9145667 0.22808464 -0.3339836
vn 0.9145667 0.22808464 -0.3339836
vn 0.9145667 0.22808464 -0.3339836
vn 0.9145667 0.22808464 -0.3339836
vn 0.9782145 0.11601485 -0.17215393
vn 0.9782145 0.11601485 -0.17215393
vn 0.9782145 0.11601485 -0.17215393
vn 0.9782145 0.11601485 -0.17215393
vn 0.8144745 -0.32411006 0.48123175
vn 0.8144745 -0.32411006 0.48123175
vn 0.8144745 -0.32411006 0.48123175
vn 0.8144745 -0.32411006 0.48123175
vn 0.6840836 -0.4056007 0.60623246
vn 0.6840836 -0.4056007 0.60623246
vn 0.6840836 -0.4056007 0.60623246
vn 0.6840836 -0.4056007 0.60623246
vn 0.53092045 -0.46945232 0.70550543
vn 0.53092045 -0.46945232 0.70550543
vn 0.53092045 -0.46945232 0.70550543
vn 0.53092045 -0.46945232 0.70550543
vn 0.35962877 -0.5156724 0.7776562
vn 0.35962877 -0.5156724 0.7776562
vn 0.35962877 -0.5156724 0.7776562
vn 0.35962877 -0.5156724 0.7776562
vn 0.17850685 -0.5433856 0.82028496
vn 0.17850685 -0.5433856 0.82028496
vn 0.17850685 -0.5433856 0.82028496
vn 0.17850685 -0.5433856 0.82028496
vn -0.0024227817 -0.55239725 0.8335775
vn -0.0024227817 -0.55239725 0.8335775
vn -0.0024227817 -0.55239725 0.8335775
vn -0.0024227817 -0.55239725 0.8335775
vn -0.18314686 -0.5433394 0.81929207
vn -0.18314686 -0.5433394 0.81929207
vn -0.18314686 -0.5433394 0.81929207
vn -0.18314686 -0.5433394 0.81929207
vn -0.36062586 -0.51588976 0.77704996
vn -0.36062586 -0.51588976 0.77704996
vn -0.36062586 -0.51588976 0.77704996
vn -0.36062586 -0.51588976 0.77704996
vn -0.53069633 -0.4696237 0.7055599
vn -0.53069633 -0.4696237 0.7055599
vn -0.53069633 -0.4696237 0.7055599
vn -0.53069633 -0.4696237 0.7055599
vn -0.6850798 -0.40495074 0.6055415
vn -0.6850798 -0.40495074 0.6055415
vn -0.6850798 -0.40495074 0.6055415
vn -0.6850798 -0.40495074 0.6055415
vn -0.81495863 -0.3235584 0.48078308
vn -0.81495863 -0.3235584 0.48078308
vn -0.81495863 -0.3235584 0.48078308
vn -0.81495863 -0.3235584 0.48078308
vn -0.9782186 0.11593936 -0.17218119
vn -0.9782186 0.11593936 -0.17218119
vn -0.9782186 0.11593936 -0.17218119
vn -0.9782186 0.11593936 -0.17218119
vn -0.9144736 0.22806792 -0.3342501
vn -0.9144736 0.22806792 -0.3342501
vn -0.9144736 0.22806792 -0.3342501
vn -0.9144736 0.22806792 -0.3342501
vn -0.81374395 0.32921228 -0.4789991
vn -0.81374395 0.32921228 -0.4789991
vn -0.81374395 0.32921228 -0.4789991
vn -0.81374395 0.32921228 -0.4789991
vn -0.6827282 0.41535076 -0.6011372
vn -0.6827282 0.41535076 -0.6011372
vn -0.6827282 0.41535076 -0.6011372
vn -0.6827282 0.41535076 -0.6011372
vn -0.52856183 0.4838657 -0.697493
vn -0.52856183 0.4838657 -0.697493
vn -0.52856183 0.4838657 -0.697493
vn -0.52856183 0.4838657 -0.697493
vn -0.3590041 0.5330163 -0.76616555
vn -0.3590041 0.5330163 -0.76616555
vn -0.3590041 0.5330163 -0.76616555
vn -0.3590041 0.5330163 -0.76616555
vn -0.18057209 0.562363 -0.8069334
vn -0.18057209 0.562363 -0.8069334
vn -0.18057209 0.562363 -0.8069334
vn -0.18057209 0.562363 -0.8069334
vn 0.0017314948 0.5720602 -0.8202098
vn 0.0017314948 0.5720602 -0.8202098
vn 0.0017314948 0.5720602 -0.8202098
vn 0.0017314948 0.5720602 -0.8202098
vn 0.18814039 0.23237056 -0.9542574
vn 0.18814039 0.23237056 -0.9542574
vn 0.18814039 0.23237056 -0.9542574
vn 0.18814039 0.23237056 -0.9542574
vn 0.36935025 0.10914145 -0.92285883
vn 0.36935025 0.10914145 -0.92285883
vn 0.36935025 0.10914145 -0.92285883
vn 0.36935025 0.10914145 -0.92285883
vn 0.5392653 0.09417454 -0.8368537
vn 0.5392653 0.09417454 -0.8368537
vn 0.5392653 0.09417454 -0.8368537
vn 0.5392653 0.09417454 -0.8368537
vn 0.5387069 0.048059747 -0.8411213
vn 0.6910158 0.073744245 -0.71906817
vn 0.6910158 0.073744245 -0.71906817
vn 0.6910158 0.073744245 -0.71906817
vn 0.6910158 0.073744245 -0.71906817
vn 0.818432 0.04844555 -0.5725575
vn 0.818432 0.04844555 -0.5725575
vn 0.818432 0.04844555 -0.5725575
vn 0.8189844 0.09587708 -0.5657493
vn 0.818432 0.04844555 -0.5725575
vn 0.818432 0.04844555 -0.5725575
vn 0.818432 0.04844555 -0.5725575
vn 0.81759816 0.011727561 -0.5756698
vn 0.9154688 0.019137911 -0.4019337
vn 0.9154688 0.019137911 -0.4019337
vn 0.9154688 0.019137911 -0.4019337
vn 0.9152229 0.037480053 -0.40120125
vn 0.9154688 0.019137911 -0.4019337
vn 0.9154688 0.019137911 -0.4019337
vn 0.9154688 0.019137911 -0.4019337
vn 0.91465527 -0.011511761 -0.40407076
vn 0.91465527 -0.011511761 -0.40407076
vn 0.9773831 -0.013388828 -0.2110522
vn 0.9773831 -0.013388828 -0.2110522
vn 0.9773831 -0.013388828 -0.2110522
vn 0.9773831 -0.013388828 -0.2110522
vn 0.97641194 -0.0371012 -0.21270443
vn 0.97641194 -0.0371012 -0.21270443
vn 0.9988348 -0.047530416 -0.008357
vn 0.9988348 -0.047530416 -0.008357
vn 0.9988348 -0.047530416 -0.008357
vn 0.9988348 -0.047530416 -0.008357
vn 0.9988348 -0.047530416 -0.008357
vn 0.9988348 -0.047530416 -0.008357
vn 0.9979194 -0.06369018 -0.0100259045
vn 0.9979194 -0.06369018 -0.0100259045
vn 0.9774365 -0.08133087 0.19494452
vn 0.9774365 -0.08133087 0.19494452
vn 0.9774365 -0.08133087 0.19494452
vn 0.9774365 -0.08133087 0.19494452
vn 0.9770001 -0.08980838 0.19340406
vn 0.9770001 -0.08980838 0.19340406
vn 0.91454864 -0.11306032 0.38835302
vn 0.91454864 -0.11306032 0.38835302
vn 0.91454864 -0.11306032 0.38835302
vn 0.91454864 -0.11306032 0.38835302
vn 0.914861 -0.114156894 0.38729522
vn 0.914861 -0.114156894 0.38729522
vn 0.8146723 -0.14125414 0.5624557
vn 0.8146723 -0.14125414 0.5624557
vn 0.8146723 -0.14125414 0.5624557
vn 0.8146723 -0.14125414 0.5624557
vn 0.81570274 -0.13566622 0.5623376
vn 0.81570274 -0.13566622 0.5623376
vn 0.6844282 -0.16491583 0.7101837
vn 0.6844282 -0.16491583 0.7101837
vn 0.6844282 -0.16491583 0.7101837
vn 0.6844282 -0.16491583 0.7101837
vn 0.68565685 -0.15365592 0.7115227
vn 0.68565685 -0.15365592 0.7115227
vn 0.5296198 -0.18362473 0.82812124
vn 0.5296198 -0.18362473 0.82812124
vn 0.5296198 -0.18362473 0.82812124
vn 0.5296198 -0.18362473 0.82812124
vn 0.5311229 -0.16775393 0.8305221
vn 0.5311229 -0.16775393 0.8305221
vn 0.35830083 -0.19684008 0.91261965
vn 0.35830083 -0.19684008 0.91261965
vn 0.35830083 -0.19684008 0.91261965
vn 0.35830083 -0.19684008 0.91261965
vn 0.3602928 -0.17760834 0.9157753
vn 0.3602928 -0.17760834 0.9157753
vn 0.17954156 -0.20445485 0.96226966
vn 0.17954156 -0.20445485 0.96226966
vn 0.17954156 -0.20445485 0.96226966
vn 0.17954156 -0.20445485 0.96226966
vn 0.18104342 -0.18327847 0.9662465
vn 0.18104342 -0.18327847 0.9662465
vn -0.0025466708 -0.20684664 0.97837013
vn -0.0025466708 -0.20684664 0.97837013
vn -0.0025466708 -0.20684664 0.97837013
vn -0.0025466708 -0.20684664 0.97837013
vn -0.0020607917 -0.18504976 0.98272705
vn -0.0020607917 -0.18504976 0.98272705
vn -0.18423757 -0.20417188 0.9614419
vn -0.18423757 -0.20417188 0.9614419
vn -0.18423757 -0.20417188 0.9614419
vn -0.18423757 -0.20417188 0.9614419
vn -0.18484552 -0.18302514 0.9655744
vn -0.18484552 -0.18302514 0.9655744
vn -0.3619561 -0.19637145 0.9112772
vn -0.3619561 -0.19637145 0.9112772
vn -0.3619561 -0.19637145 0.9112772
vn -0.3619561 -0.19637145 0.9112772
vn -0.36338827 -0.17715304 0.9146397
vn -0.5306832 -0.1832778 0.8275172
vn -0.5306832 -0.1832778 0.8275172
vn -0.5306832 -0.1832778 0.8275172
vn -0.5306832 -0.1832778 0.8275172
vn -0.5324064 -0.16730835 0.82978994
vn -0.5324064 -0.16730835 0.82978994
vn -0.6841161 -0.16479258 0.7105128
vn -0.6841161 -0.16479258 0.7105128
vn -0.6841161 -0.16479258 0.7105128
vn -0.6841161 -0.16479258 0.7105128
vn -0.6856093 -0.15339196 0.7116256
vn -0.6856093 -0.15339196 0.7116256
vn -0.81496274 -0.14105353 0.562085
vn -0.81496274 -0.14105353 0.562085
vn -0.81496274 -0.14105353 0.562085
vn -0.81496274 -0.14105353 0.562085
vn -0.81581753 -0.13543403 0.56222713
vn -0.81581753 -0.13543403 0.56222713
vn -0.9148339 -0.112829 0.3877481
vn -0.9148339 -0.112829 0.3877481
vn -0.9148339 -0.112829 0.3877481
vn -0.9148339 -0.112829 0.3877481
vn -0.9150146 -0.11392233 0.38700137
vn -0.9150146 -0.11392233 0.38700137
vn -0.9774878 -0.08120946 0.19473691
vn -0.9774878 -0.08120946 0.19473691
vn -0.9774878 -0.08120946 0.19473691
vn -0.97703564 -0.0896632 0.1932925
vn -0.97703564 -0.0896632 0.1932925
vn -0.9774878 -0.08120946 0.19473691
vn -0.9774878 -0.08120946 0.19473691
vn -0.9774878 -0.08120946 0.19473691
vn -0.97703564 -0.0896632 0.1932925
vn -0.97703564 -0.0896632 0.1932925
vn -0.99883515 -0.0475181 -0.008386881
vn -0.99883515 -0.0475181 -0.008386881
vn -0.99883515 -0.0475181 -0.008386881
vn -0.99883515 -0.0475181 -0.008386881
vn -0.9979206 -0.06366708 -0.010056576
vn -0.9979206 -0.06366708 -0.010056576
vn -0.9773587 -0.013446471 -0.21116173
vn -0.9773587 -0.013446471 -0.21116173
vn -0.9773587 -0.013446471 -0.21116173
vn -0.9773587 -0.013446471 -0.21116173
vn -0.9763949 -0.037190665 -0.21276681
vn -0.9763949 -0.037190665 -0.21276681
vn -0.97555137 -0.027998732 -0.21798064
vn -0.97555137 -0.027998732 -0.21798064
vn -0.91485655 0.019263497 -0.40331924
vn -0.91485655 0.019263497 -0.40331924
vn -0.91485655 0.019263497 -0.40331924
vn -0.91485655 0.019263497 -0.40331924
vn -0.91430455 -0.011558598 -0.4048623
vn -0.91430455 -0.011558598 -0.4048623
vn -0.9146624 0.038031958 -0.40242532
vn -0.9146624 0.038031958 -0.40242532
vn -0.8171888 0.04868645 -0.57431006
vn -0.8171888 0.04868645 -0.57431006
vn -0.8171888 0.04868645 -0.57431006
vn -0.8171888 0.04868645 -0.57431006
vn -0.81679547 0.011789413 -0.5768068
vn -0.81679547 0.011789413 -0.5768068
vn -0.6903602 0.07383343 -0.7196885
vn -0.6903602 0.07383343 -0.7196885
vn -0.6903602 0.07383343 -0.7196885
vn -0.6903602 0.07383343 -0.7196885
vn -0.68970704 0.031856433 -0.7233874
vn -0.68970704 0.031856433 -0.7233874
vn -0.5377693 0.09433578 -0.8377977
vn -0.5377693 0.09433578 -0.8377977
vn -0.5377693 0.09433578 -0.8377977
vn -0.5377693 0.09433578 -0.8377977
vn -0.5375053 0.04816444 -0.8418838
vn -0.5375053 0.04816444 -0.8418838
vn -0.3680244 0.10926044 -0.9233743
vn -0.3680244 0.10926044 -0.9233743
vn -0.3680244 0.10926044 -0.9233743
vn -0.3680244 0.10926044 -0.9233743
vn -0.18705547 0.11830906 -0.9751991
vn -0.18705547 0.11830906 -0.9751991
vn -0.18705547 0.11830906 -0.9751991
vn -0.18705547 0.11830906 -0.9751991
vn 0.00026023216 0.121334456 -0.9926117
vn 0.00026023216 0.121334456 -0.9926117
vn 0.00026023216 0.121334456 -0.9926117
vn 0.00026023216 0.121334456 -0.9926117
vn 0.00039150318 -0.028027808 -0.99960715
vn 0.00039150318 -0.028027808 -0.99960715
vn 0.00039150318 -0.028027808 -0.99960715
vn 0.00039150318 -0.028027808 -0.99960715
vn 0.555205 0.78667736 0.26997447
vn 0.555205 0.78667736 0.26997447
vn 0.555205 0.78667736 0.26997447
vn 0.555205 0.78667736 0.26997447
vn -0.027772075 -0.8035186 -0.59463155
vn -0.027772075 -0.8035186 -0.59463155
vn -0.027772075 -0.8035186 -0.59463155
vn -0.027772075 -0.8035186 -0.59463155
vn -0.21792617 -0.7784506 -0.58866197
vn -0.21792617 -0.7784506 -0.58866197
vn -0.21792617 -0.7784506 -0.58866197
vn -0.21792617 -0.7784506 -0.58866197
vn -0.19633368 -0.6053996 -0.7713263
vn -0.19633368 -0.6053996 -0.7713263
vn -0.19633368 -0.6053996 -0.7713263
vn -0.19633368 -0.6053996 -0.7713263
vn 0.20934838 0.97783333 0.0038925062
vn 0.20934838 0.97783333 0.0038925062
vn 0.20934838 0.97783333 0.0038925062
vn 0.20934838 0.97783333 0.0038925062
vn -0.8064215 0.47070464 -0.35794064
vn -0.8064215 0.47070464 -0.35794064
vn -0.8064215 0.47070464 -0.35794064
vn -0.8064215 0.47070464 -0.35794064
vn 0.84299713 -0.09567157 -0.52934176
vn 0.84299713 -0.09567157 -0.52934176
vn 0.84299713 -0.09567157 -0.52934176
vn 0.84299713 -0.09567157 -0.52934176
vn 0.5027674 0.8634976 -0.039960124
vn 0.5027674 0.8634976 -0.039960124
vn 0.5027674 0.8634976 -0.039960124
vn 0.5027674 0.8634976 -0.039960124
vn -0.48680925 -0.40576115 -0.77354676
vn -0.48680925 -0.40576115 -0.77354676
vn -0.48680925 -0.40576115 -0.77354676
vn -0.48680925 -0.40576115 -0.77354676
vn 0.64397055 -0.3653575 -0.67217237
vn 0.64397055 -0.3653575 -0.67217237
vn 0.64397055 -0.3653575 -0.67217237
vn 0.64397055 -0.3653575 -0.67217237
vn -0.5354793 0.83373415 -0.13471949
vn -0.5354793 0.83373415 -0.13471949
vn -0.5354793 0.83373415 -0.13471949
vn -0.5354793 0.83373415 -0.13471949
vn -0.72300977 -0.15347163 -0.6735751
vn -0.72300977 -0.15347163 -0.6735751
vn -0.72300977 -0.15347163 -0.6735751
vn -0.72300977 -0.15347163 -0.6735751
vn -0.25708356 0.9656447 -0.037925616
vn -0.25708356 0.9656447 -0.037925616
vn -0.25708356 0.9656447 -0.037925616
vn -0.25708356 0.9656447 -0.037925616
vn -0.17041762 -0.5538497 -0.81498975
vn -0.17041762 -0.5538497 -0.81498975
vn -0.17041762 -0.5538497 -0.81498975
vn -0.17041762 -0.5538497 -0.81498975
vn 0.90497345 0.22087 -0.36364737
vn 0.90497345 0.22087 -0.36364737
vn 0.90497345 0.22087 -0.36364737
vn 0.90497345 0.22087 -0.36364737
vn -0.7422822 0.61052984 -0.27617097
vn -0.7422822 0.61052984 -0.27617097
vn -0.7422822 0.61052984 -0.27617097
vn -0.7422822 0.61052984 -0.27617097
vn 0.6311037 0.7712504 -0.08295072
vn 0.6311037 0.7712504 -0.08295072
vn 0.6311037 0.7712504 -0.08295072
vn 0.6311037 0.7712504 -0.08295072
vn 0.5041098 -0.4655105 -0.7274429
vn 0.5041098 -0.4655105 -0.7274429
vn 0.5041098 -0.4655105 -0.7274429
vn 0.5041098 -0.4655105 -0.7274429
vn 0.5041098 -0.4655105 -0.7274429
vn 0.5041098 -0.4655105 -0.7274429
vn -0.79672605 -0.0012901837 -0.60433936
vn -0.79672605 -0.0012901837 -0.60433936
vn -0.79672605 -0.0012901837 -0.60433936
vn -0.79672605 -0.0012901837 -0.60433936
vn -0.10338699 0.99459404 -0.009681316
vn -0.10338699 0.99459404 -0.009681316
vn -0.10338699 0.99459404 -0.009681316
vn -0.10338699 0.99459404 -0.009681316
vn 0.053562142 0.99855524 0.0042887605
vn 0.053562142 0.99855524 0.0042887605
vn 0.053562142 0.99855524 0.0042887605
vn 0.053562142 0.99855524 0.0042887605
vn -0.33553597 -0.49470723 -0.8016734
vn -0.33553597 -0.49470723 -0.8016734
vn -0.33553597 -0.49470723 -0.8016734
vn -0.33553597 -0.49470723 -0.8016734
vn 0.74043006 0.6576397 -0.1388288
vn 0.74043006 0.6576397 -0.1388288
vn 0.74043006 0.6576397 -0.1388288
vn 0.74043006 0.6576397 -0.1388288
vn 0.8256891 0.5251782 -0.20597416
vn 0.8256891 0.5251782 -0.20597416
vn 0.8256891 0.5251782 -0.20597416
vn 0.8256891 0.5251782 -0.20597416
vn 0.17653148 -0.5752018 -0.7987362
vn 0.17653148 -0.5752018 -0.7987362
vn 0.17653148 -0.5752018 -0.7987362
vn 0.17653148 -0.5752018 -0.7987362
vn -0.8384617 0.31803462 -0.44253355
vn -0.8384617 0.31803462 -0.44253355
vn -0.8384617 0.31803462 -0.44253355
vn -0.8384617 0.31803462 -0.44253355
vn 0.89226365 0.060665775 -0.44742057
vn 0.89226365 0.060665775 -0.44742057
vn 0.89226365 0.060665775 -0.44742057
vn 0.89226365 0.060665775 -0.44742057
vn 0.75886726 -0.24011062 -0.6053655
vn 0.75886726 -0.24011062 -0.6053655
vn 0.75886726 -0.24011062 -0.6053655
vn 0.75886726 -0.24011062 -0.6053655
vn 0.3604827 0.9327026 -0.01086143
vn 0.3604827 0.9327026 -0.01086143
vn 0.3604827 0.9327026 -0.01086143
vn 0.3604827 0.9327026 -0.01086143
vn -0.6179848 -0.29039437 -0.73059285
vn -0.6179848 -0.29039437 -0.73059285
vn -0.6179848 -0.29039437 -0.73059285
vn -0.6179848 -0.29039437 -0.73059285
vn -0.40271196 0.9118308 -0.07992337
vn -0.40271196 0.9118308 -0.07992337
vn -0.40271196 0.9118308 -0.07992337
vn -0.40271196 0.9118308 -0.07992337
vn -0.00962211 -0.63239306 -0.77458787
vn -0.00962211 -0.63239306 -0.77458787
vn -0.00962211 -0.63239306 -0.77458787
vn -0.00962211 -0.63239306 -0.77458787
vn 0.19063717 -0.8224905 0.5358795
vn 0.19063717 -0.8224905 0.5358795
vn 0.19063717 -0.8224905 0.5358795
vn 0.19063717 -0.8224905 0.5358795
vn 0.236535 -0.78494036 0.57264286
vn 0.236535 -0.78494036 0.57264286
vn 0.236535 -0.78494036 0.57264286
vn 0.236535 -0.78494036 0.57264286
vn -0.8381529 -0.21728177 0.50028837
vn -0.8381529 -0.21728177 0.50028837
vn -0.8381529 -0.21728177 0.50028837
vn -0.8381529 -0.21728177 0.50028837
vn -0.787812 -0.10857602 0.6062701
vn -0.787812 -0.10857602 0.6062701
vn -0.787812 -0.10857602 0.6062701
vn -0.787812 -0.10857602 0.6062701
vn -0.30890873 0.9082214 0.28232828
vn -0.30890873 0.9082214 0.28232828
vn -0.30890873 0.9082214 0.28232828
vn -0.30890873 0.9082214 0.28232828
vn 0.5596154 0.49451676 0.6650441
vn 0.5596154 0.49451676 0.6650441
vn 0.5596154 0.49451676 0.6650441
vn 0.5596154 0.49451676 0.6650441
vn 0.7070599 0.39552322 0.5861976
vn 0.7070599 0.39552322 0.5861976
vn 0.7070599 0.39552322 0.5861976
vn 0.7070599 0.39552322 0.5861976
vn 0.69664645 0.68567204 0.21103945
vn 0.69664645 0.68567204 0.21103945
vn 0.69664645 0.68567204 0.21103945
vn 0.69664645 0.68567204 0.21103945
vn -0.4009587 -0.72687954 -0.55756456
vn -0.4009587 -0.72687954 -0.55756456
vn -0.4009587 -0.72687954 -0.55756456
vn -0.4009587 -0.72687954 -0.55756456
vn -0.36724165 0.6178862 0.6952339
vn -0.36724165 0.6178862 0.6952339
vn -0.36724165 0.6178862 0.6952339
vn -0.36724165 0.6178862 0.6952339
vn -0.18034837 0.64768773 0.74025345
vn -0.18034837 0.64768773 0.74025345
vn -0.18034837 0.64768773 0.74025345
vn -0.18034837 0.64768773 0.74025345
vn -0.1344057 0.9384466 0.31820276
vn -0.1344057 0.9384466 0.31820276
vn -0.1344057 0.9384466 0.31820276
vn -0.1344057 0.9384466 0.31820276
vn 0.82725614 0.27834484 0.4880282
vn 0.82725614 0.27834484 0.4880282
vn 0.82725614 0.27834484 0.4880282
vn 0.82725614 0.27834484 0.4880282
vn -0.37571496 -0.5487649 -0.74679005
vn -0.37571496 -0.5487649 -0.74679005
vn -0.37571496 -0.5487649 -0.74679005
vn -0.37571496 -0.5487649 -0.74679005
vn 0.013220423 0.6497916 0.75999755
vn 0.013220423 0.6497916 0.75999755
vn 0.013220423 0.6497916 0.75999755
vn 0.013220423 0.6497916 0.75999755
vn 0.8145745 0.5639939 0.13557021
vn 0.8145745 0.5639939 0.13557021
vn 0.8145745 0.5639939 0.13557021
vn 0.8145745 0.5639939 0.13557021
vn -0.57027906 -0.65019816 -0.50202006
vn -0.57027906 -0.65019816 -0.50202006
vn -0.57027906 -0.65019816 -0.50202006
vn -0.57027906 -0.65019816 -0.50202006
vn 0.04506769 0.9410807 0.33516562
vn 0.04506769 0.9410807 0.33516562
vn 0.04506769 0.9410807 0.33516562
vn 0.04506769 0.9410807 0.33516562
vn 0.91552603 0.14749922 0.3742405
vn 0.91552603 0.14749922 0.3742405
vn 0.91552603 0.14749922 0.3742405
vn 0.91552603 0.14749922 0.3742405
vn -0.5411471 -0.46393102 -0.7013756
vn -0.5411471 -0.46393102 -0.7013756
vn -0.5411471 -0.46393102 -0.7013756
vn -0.5411471 -0.46393102 -0.7013756
vn -0.71913344 -0.5508123 -0.42361888
vn -0.71913344 -0.5508123 -0.42361888
vn -0.71913344 -0.5508123 -0.42361888
vn -0.71913344 -0.5508123 -0.42361888
vn 0.9038592 0.42537832 0.045735672
vn 0.9038592 0.42537832 0.045735672
vn 0.9038592 0.42537832 0.045735672
vn 0.9038592 0.42537832 0.045735672
vn 0.9038592 0.42537832 0.045735672
vn 0.9038592 0.42537832 0.045735672
vn 0.96843433 0.008041228 0.24913941
vn 0.96843433 0.008041228 0.24913941
vn 0.96843433 0.008041228 0.24913941
vn 0.96843433 0.008041228 0.24913941
vn -0.6857395 -0.3535039 -0.63623613
vn -0.6857395 -0.3535039 -0.63623613
vn -0.6857395 -0.3535039 -0.63623613
vn -0.6857395 -0.3535039 -0.63623613
vn -0.8410414 -0.4323835 -0.325106
vn -0.8410414 -0.4323835 -0.325106
vn -0.8410414 -0.4323835 -0.325106
vn -0.8410414 -0.4323835 -0.325106
vn 0.9598938 0.27483013 -0.055427536
vn 0.9598938 0.27483013 -0.055427536
vn 0.9598938 0.27483013 -0.055427536
vn 0.9598938 0.27483013 -0.055427536
vn 0.98388785 -0.13480237 0.11744348
vn 0.98388785 -0.13480237 0.11744348
vn 0.98388785 -0.13480237 0.11744348
vn 0.98388785 -0.13480237 0.11744348
vn -0.8027617 -0.22159494 -0.5535968
vn -0.8027617 -0.22159494 -0.5535968
vn -0.8027617 -0.22159494 -0.5535968
vn -0.8027617 -0.22159494 -0.5535968
vn -0.93050855 -0.29979768 -0.21041699
vn -0.93050855 -0.29979768 -0.21041699
vn -0.93050855 -0.29979768 -0.21041699
vn -0.93050855 -0.29979768 -0.21041699
vn 0.97932976 0.118246526 -0.16410637
vn 0.97932976 0.118246526 -0.16410637
vn 0.97932976 0.118246526 -0.16410637
vn 0.97932976 0.118246526 -0.16410637
vn 0.97932976 0.118246526 -0.16410637
vn 0.97932976 0.118246526 -0.16410637
vn 0.9610759 -0.2758242 -0.015939832
vn 0.9610759 -0.2758242 -0.015939832
vn 0.9610759 -0.2758242 -0.015939832
vn 0.9610759 -0.2758242 -0.015939832
vn -0.8864465 -0.07388053 -0.45689628
vn -0.8864465 -0.07388053 -0.45689628
vn -0.8864465 -0.07388053 -0.45689628
vn -0.8864465 -0.07388053 -0.45689628
vn -0.98369366 -0.15881474 -0.08440771
vn -0.98369366 -0.15881474 -0.08440771
vn -0.98369366 -0.15881474 -0.08440771
vn -0.98369366 -0.15881474 -0.08440771
vn 0.96038955 -0.03821088 -0.2760288
vn 0.96038955 -0.03821088 -0.2760288
vn 0.96038955 -0.03821088 -0.2760288
vn 0.96038955 -0.03821088 -0.2760288
vn 0.9004098 -0.4098183 -0.14598316
vn 0.9004098 -0.4098183 -0.14598316
vn 0.9004098 -0.4098183 -0.14598316
vn 0.9004098 -0.4098183 -0.14598316
vn -0.9328375 0.082620725 -0.35069668
vn -0.9328375 0.082620725 -0.35069668
vn -0.9328375 0.082620725 -0.35069668
vn -0.9328375 0.082620725 -0.35069668
vn -0.99874437 -0.01520762 0.047731806
vn -0.99874437 -0.01520762 0.047731806
vn -0.99874437 -0.01520762 0.047731806
vn -0.99874437 -0.01520762 0.047731806
vn 0.90294564 -0.18800841 -0.38644797
vn 0.90294564 -0.18800841 -0.38644797
vn 0.90294564 -0.18800841 -0.38644797
vn 0.90294564 -0.18800841 -0.38644797
vn 0.8039801 -0.5311862 -0.26731458
vn 0.8039801 -0.5311862 -0.26731458
vn 0.8039801 -0.5311862 -0.26731458
vn 0.8039801 -0.5311862 -0.26731458
vn -0.9404536 0.2407131 -0.240009
vn -0.9404536 0.2407131 -0.240009
vn -0.9404536 0.2407131 -0.240009
vn -0.9404536 0.2407131 -0.240009
vn -0.9754209 0.12572297 0.1809633
vn -0.9754209 0.12572297 0.1809633
vn -0.9754209 0.12572297 0.1809633
vn -0.9754209 0.12572297 0.1809633
vn 0.8091018 -0.32416335 -0.49017596
vn 0.8091018 -0.32416335 -0.49017596
vn 0.8091018 -0.32416335 -0.49017596
vn 0.8091018 -0.32416335 -0.49017596
vn 0.67586666 -0.63463867 -0.37475052
vn 0.67586666 -0.63463867 -0.37475052
vn 0.67586666 -0.63463867 -0.37475052
vn 0.67586666 -0.63463867 -0.37475052
vn -0.90993243 0.39400655 -0.12954436
vn -0.90993243 0.39400655 -0.12954436
vn -0.90993243 0.39400655 -0.12954436
vn -0.90993243 0.39400655 -0.12954436
vn -0.9147984 0.25868475 0.31020308
vn -0.9147984 0.25868475 0.31020308
vn -0.9147984 0.25868475 0.31020308
vn -0.9147984 0.25868475 0.31020308
vn 0.6832355 -0.44042736 -0.5824199
vn 0.6832355 -0.44042736 -0.5824199
vn 0.6832355 -0.44042736 -0.5824199
vn 0.6832355 -0.44042736 -0.5824199
vn 0.5218357 -0.7158881 -0.46388766
vn 0.5218357 -0.7158881 -0.46388766
vn 0.5218357 -0.7158881 -0.46388766
vn 0.5218357 -0.7158881 -0.46388766
vn -0.8436016 0.53644186 -0.023801452
vn -0.8436016 0.53644186 -0.023801452
vn -0.8436016 0.53644186 -0.023801452
vn -0.8436016 0.53644186 -0.023801452
vn -0.8193487 0.37857953 0.43051758
vn -0.8193487 0.37857953 0.43051758
vn -0.8193487 0.37857953 0.43051758
vn -0.8193487 0.37857953 0.43051758
vn 0.5314534 -0.531918 -0.6592575
vn 0.5314534 -0.531918 -0.6592575
vn 0.5314534 -0.531918 -0.6592575
vn 0.5314534 -0.531918 -0.6592575
vn 0.34862497 -0.77201176 -0.5314682
vn 0.34862497 -0.77201176 -0.5314682
vn 0.34862497 -0.77201176 -0.5314682
vn 0.34862497 -0.77201176 -0.5314682
vn -0.7453585 0.66263646 0.0731674
vn -0.7453585 0.66263646 0.0731674
vn -0.7453585 0.66263646 0.0731674
vn -0.7453585 0.66263646 0.0731674
vn 0.2059772 0.6241201 0.7536892
vn 0.2059772 0.6241201 0.7536892
vn 0.2059772 0.6241201 0.7536892
vn 0.2059772 0.6241201 0.7536892
vn 0.36074415 -0.59538454 -0.7179003
vn 0.36074415 -0.59538454 -0.7179003
vn 0.36074415 -0.59538454 -0.7179003
vn 0.36074415 -0.59538454 -0.7179003
vn -0.69289166 0.4807873 0.53734964
vn -0.69289166 0.4807873 0.53734964
vn -0.69289166 0.4807873 0.53734964
vn -0.69289166 0.4807873 0.53734964
vn 0.22369584 0.91610724 0.3327278
vn 0.22369584 0.91610724 0.3327278
vn 0.22369584 0.91610724 0.3327278
vn 0.22369584 0.91610724 0.3327278
vn 0.16319157 -0.8014113 -0.5754202
vn 0.16319157 -0.8014113 -0.5754202
vn 0.16319157 -0.8014113 -0.5754202
vn 0.16319157 -0.8014113 -0.5754202
vn -0.61999166 0.7685125 0.15811035
vn -0.61999166 0.7685125 0.15811035
vn -0.61999166 0.7685125 0.15811035
vn -0.61999166 0.7685125 0.15811035
vn 0.3904601 0.5716842 0.7216081
vn 0.3904601 0.5716842 0.7216081
vn 0.3904601 0.5716842 0.7216081
vn 0.3904601 0.5716842 0.7216081
vn 0.17815897 -0.6290864 -0.75664365
vn 0.17815897 -0.6290864 -0.75664365
vn 0.17815897 -0.6290864 -0.75664365
vn 0.17815897 -0.6290864 -0.75664365
vn -0.5402817 0.5615378 0.6267144
vn -0.5402817 0.5615378 0.6267144
vn -0.5402817 0.5615378 0.6267144
vn -0.5402817 0.5615378 0.6267144
vn 0.39566502 0.8641871 0.3108536
vn 0.39566502 0.8641871 0.3108536
vn 0.39566502 0.8641871 0.3108536
vn 0.39566502 0.8641871 0.3108536
vn -0.47267163 0.8511022 0.22848761
vn -0.47267163 0.8511022 0.22848761
vn -0.47267163 0.8511022 0.22848761
vn -0.47267163 0.8511022 0.22848761
vn -0.18485866 -0.030492278 -0.98229206
vn -0.18485866 -0.030492278 -0.98229206
vn -0.18485866 -0.030492278 -0.98229206
vn -0.18485866 -0.030492278 -0.98229206
vn 0.00039619018 0.069736846 -0.9975654
vn 0.00039619018 0.069736846 -0.9975654
vn 0.00039619018 0.069736846 -0.9975654
vn 0.00039619018 0.069736846 -0.9975654
vn -0.18681861 0.06732963 -0.9800844
vn -0.18681861 0.06732963 -0.9800844
vn -0.18681861 0.06732963 -0.9800844
vn -0.18681861 0.06732963 -0.9800844
vn -0.36416167 -0.03786479 -0.9305656
vn -0.36416167 -0.03786479 -0.9305656
vn -0.36416167 -0.03786479 -0.9305656
vn -0.36416167 -0.03786479 -0.9305656
vn -0.36788648 0.060089886 -0.92792714
vn -0.36788648 0.060089886 -0.92792714
vn -0.36788648 0.060089886 -0.92792714
vn -0.36788648 0.060089886 -0.92792714
vn -0.5318884 -0.04994024 -0.8453406
vn -0.5318884 -0.04994024 -0.8453406
vn -0.5318884 -0.04994024 -0.8453406
vn -0.5318884 -0.04994024 -0.8453406
vn -0.5318884 -0.04994024 -0.8453406
vn -0.5318884 -0.04994024 -0.8453406
vn -0.68209696 -0.066327356 -0.7282476
vn -0.68209696 -0.066327356 -0.7282476
vn -0.68209696 -0.066327356 -0.7282476
vn -0.68209696 -0.066327356 -0.7282476
vn -0.80801326 -0.086423 -0.58279115
vn -0.80801326 -0.086423 -0.58279115
vn -0.80801326 -0.086423 -0.58279115
vn -0.80801326 -0.086423 -0.58279115
vn -0.9042934 -0.109513246 -0.41262606
vn -0.9042934 -0.109513246 -0.41262606
vn -0.9042934 -0.109513246 -0.41262606
vn -0.9042934 -0.109513246 -0.41262606
vn -0.9653656 -0.13445212 -0.22358888
vn -0.9653656 -0.13445212 -0.22358888
vn -0.9653656 -0.13445212 -0.22358888
vn -0.9653656 -0.13445212 -0.22358888
vn -0.98683727 -0.15990902 -0.024112212
vn -0.98683727 -0.15990902 -0.024112212
vn -0.98683727 -0.15990902 -0.024112212
vn -0.98683727 -0.15990902 -0.024112212
vn -0.9668624 -0.1846147 0.17633648
vn -0.9668624 -0.1846147 0.17633648
vn -0.9668624 -0.1846147 0.17633648
vn -0.9668624 -0.1846147 0.17633648
vn -0.90644634 -0.20740844 0.3678815
vn -0.90644634 -0.20740844 0.3678815
vn -0.90644634 -0.20740844 0.3678815
vn -0.90644634 -0.20740844 0.3678815
vn -0.80927944 -0.22736795 0.5416368
vn -0.80927944 -0.22736795 0.5416368
vn -0.80927944 -0.22736795 0.5416368
vn -0.80927944 -0.22736795 0.5416368
vn -0.6812627 -0.24381897 0.6902417
vn -0.6812627 -0.24381897 0.6902417
vn -0.6812627 -0.24381897 0.6902417
vn -0.6812627 -0.24381897 0.6902417
vn -0.5298281 -0.25644645 0.80840427
vn -0.5298281 -0.25644645 0.80840427
vn -0.5298281 -0.25644645 0.80840427
vn -0.5298281 -0.25644645 0.80840427
vn -0.5298281 -0.25644645 0.80840427
vn -0.5298281 -0.25644645 0.80840427
vn -0.36202917 -0.26530987 0.89361376
vn -0.36202917 -0.26530987 0.89361376
vn -0.36202917 -0.26530987 0.89361376
vn -0.36202917 -0.26530987 0.89361376
vn -0.36338827 -0.17715304 0.9146397
vn -0.36338827 -0.17715304 0.9146397
vn -0.36338827 -0.17715304 0.9146397
vn -0.18426044 -0.27057287 0.9449013
vn -0.18426044 -0.27057287 0.9449013
vn -0.18426044 -0.27057287 0.9449013
vn -0.18426044 -0.27057287 0.9449013
vn -0.0019232793 -0.27240622 0.9621805
vn -0.0019232793 -0.27240622 0.9621805
vn -0.0019232793 -0.27240622 0.9621805
vn -0.0019232793 -0.27240622 0.9621805
vn 0.18069816 -0.27087185 0.94550335
vn 0.18069816 -0.27087185 0.94550335
vn 0.18069816 -0.27087185 0.94550335
vn 0.18069816 -0.27087185 0.94550335
vn 0.359104 -0.26585272 0.89463216
vn 0.359104 -0.26585272 0.89463216
vn 0.359104 -0.26585272 0.89463216
vn 0.359104 -0.26585272 0.89463216
vn 0.52815944 -0.2570504 0.8093039
vn 0.52815944 -0.2570504 0.8093039
vn 0.52815944 -0.2570504 0.8093039
vn 0.52815944 -0.2570504 0.8093039
vn 0.6809418 -0.24426539 0.69040036
vn 0.6809418 -0.24426539 0.69040036
vn 0.6809418 -0.24426539 0.69040036
vn 0.6809418 -0.24426539 0.69040036
vn 0.8092661 -0.22770685 0.54151446
vn 0.8092661 -0.22770685 0.54151446
vn 0.8092661 -0.22770685 0.54151446
vn 0.8092661 -0.22770685 0.54151446
vn 0.9063665 -0.20772515 0.3678993
vn 0.9063665 -0.20772515 0.3678993
vn 0.9063665 -0.20772515 0.3678993
vn 0.9063665 -0.20772515 0.3678993
vn 0.9668101 -0.1848515 0.17637537
vn 0.9668101 -0.1848515 0.17637537
vn 0.9668101 -0.1848515 0.17637537
vn 0.9668101 -0.1848515 0.17637537
vn 0.9868209 -0.16001791 -0.024058675
vn 0.9868209 -0.16001791 -0.024058675
vn 0.9868209 -0.16001791 -0.024058675
vn 0.9868209 -0.16001791 -0.024058675
vn 0.9653823 -0.13442063 -0.22353564
vn 0.9653823 -0.13442063 -0.22353564
vn 0.9653823 -0.13442063 -0.22353564
vn 0.9653823 -0.13442063 -0.22353564
vn 0.9044163 -0.109409854 -0.41238394
vn 0.9044163 -0.109409854 -0.41238394
vn 0.9044163 -0.109409854 -0.41238394
vn 0.9044163 -0.109409854 -0.41238394
vn 0.8083484 -0.08636062 -0.58233565
vn 0.8083484 -0.08636062 -0.58233565
vn 0.8083484 -0.08636062 -0.58233565
vn 0.8083484 -0.08636062 -0.58233565
vn 0.8083484 -0.08636062 -0.58233565
vn 0.8083484 -0.08636062 -0.58233565
vn 0.81759816 0.011727561 -0.5756698
vn 0.81759816 0.011727561 -0.5756698
vn 0.81759816 0.011727561 -0.5756698
vn 0.6824976 -0.06629234 -0.7278751
vn 0.6824976 -0.06629234 -0.7278751
vn 0.6824976 -0.06629234 -0.7278751
vn 0.6824976 -0.06629234 -0.7278751
vn 0.6824976 -0.06629234 -0.7278751
vn 0.6824976 -0.06629234 -0.7278751
vn 0.6903208 0.031807456 -0.72280395
vn 0.6903208 0.031807456 -0.72280395
vn 0.6903208 0.031807456 -0.72280395
vn 0.6903208 0.031807456 -0.72280395
vn 0.6903208 0.031807456 -0.72280395
vn 0.6903208 0.031807456 -0.72280395
vn 0.53263223 -0.049949475 -0.8448716
vn 0.53263223 -0.049949475 -0.8448716
vn 0.53263223 -0.049949475 -0.8448716
vn 0.53263223 -0.049949475 -0.8448716
vn 0.5387069 0.048059747 -0.8411213
vn 0.5387069 0.048059747 -0.8411213
vn 0.5387069 0.048059747 -0.8411213
vn 0.36493108 -0.03790034 -0.93026274
vn 0.36493108 -0.03790034 -0.93026274
vn 0.36493108 -0.03790034 -0.93026274
vn 0.36493108 -0.03790034 -0.93026274
vn 0.36902776 0.05998675 -0.92748046
vn 0.36902776 0.05998675 -0.92748046
vn 0.36902776 0.05998675 -0.92748046
vn 0.36902776 0.05998675 -0.92748046
vn 0.18556266 -0.030523395 -0.9821583
vn 0.18556266 -0.030523395 -0.9821583
vn 0.18556266 -0.030523395 -0.9821583
vn 0.18556266 -0.030523395 -0.9821583
vn 0.54003227 0.18580605 -0.8208783
vn 0.54003227 0.18580605 -0.8208783
vn 0.54003227 0.18580605 -0.8208783
vn 0.54003227 0.18580605 -0.8208783
vn 0.69174784 0.14585085 -0.70725703
vn 0.69174784 0.14585085 -0.70725703
vn 0.69174784 0.14585085 -0.70725703
vn 0.69174784 0.14585085 -0.70725703
vn 0.8189844 0.09587708 -0.5657493
vn 0.8189844 0.09587708 -0.5657493
vn 0.8189844 0.09587708 -0.5657493
vn 0.9152229 0.037480053 -0.40120125
vn 0.9152229 0.037480053 -0.40120125
vn 0.9152229 0.037480053 -0.40120125
vn 0.975567 -0.028111 -0.21789606
vn 0.975567 -0.028111 -0.21789606
vn 0.975567 -0.028111 -0.21789606
vn 0.975567 -0.028111 -0.21789606
vn 0.99487126 -0.09814612 -0.024462784
vn 0.99487126 -0.09814612 -0.024462784
vn 0.99487126 -0.09814612 -0.024462784
vn 0.99487126 -0.09814612 -0.024462784
vn 0.97119504 -0.16881394 0.16817257
vn 0.97119504 -0.16881394 0.16817257
vn 0.97119504 -0.16881394 0.16817257
vn 0.97119504 -0.16881394 0.16817257
vn 0.97119504 -0.16881394 0.16817257
vn 0.97119504 -0.16881394 0.16817257
vn -0.97126096 -0.16881095 0.16779462
vn -0.97126096 -0.16881095 0.16779462
vn -0.97126096 -0.16881095 0.16779462
vn -0.97126096 -0.16881095 0.16779462
vn -0.9948702 -0.09813767 -0.02454392
vn -0.9948702 -0.09813767 -0.02454392
vn -0.9948702 -0.09813767 -0.02454392
vn -0.9948702 -0.09813767 -0.02454392
vn -0.8178366 0.09643967 -0.5673119
vn -0.8178366 0.09643967 -0.5673119
vn -0.8178366 0.09643967 -0.5673119
vn -0.8178366 0.09643967 -0.5673119
vn -0.691207 0.1459119 -0.70777303
vn -0.691207 0.1459119 -0.70777303
vn -0.691207 0.1459119 -0.70777303
vn -0.691207 0.1459119 -0.70777303
vn -0.691207 0.1459119 -0.70777303
vn -0.691207 0.1459119 -0.70777303
vn -0.5384667 0.18595654 -0.82187206
vn -0.5384667 0.18595654 -0.82187206
vn -0.5384667 0.18595654 -0.82187206
vn -0.5384667 0.18595654 -0.82187206
vn -0.36831528 0.21487243 -0.9045296
vn -0.36831528 0.21487243 -0.9045296
vn -0.36831528 0.21487243 -0.9045296
vn -0.36831528 0.21487243 -0.9045296
vn -0.18712302 0.23234707 -0.9544632
vn -0.18712302 0.23234707 -0.9544632
vn -0.18712302 0.23234707 -0.9544632
vn -0.18712302 0.23234707 -0.9544632
vn 0.00031620782 0.23823442 -0.9712077
vn 0.00031620782 0.23823442 -0.9712077
vn 0.00031620782 0.23823442 -0.9712077
vn 0.00031620782 0.23823442 -0.9712077
vn -0.32810253 -0.79160476 0.5154713
vn -0.32810253 -0.79160476 0.5154713
vn -0.32810253 -0.79160476 0.5154713
vn -0.32810253 -0.79160476 0.5154713
vn 0.24036178 -0.50162256 0.83102405
vn 0.24036178 -0.50162256 0.83102405
vn 0.24036178 -0.50162256 0.83102405
vn 0.24036178 -0.50162256 0.83102405
vn -0.5118702 -0.85675156 -0.06297309
vn -0.5118702 -0.85675156 -0.06297309
vn -0.5118702 -0.85675156 -0.06297309
vn -0.5118702 -0.85675156 -0.06297309
vn 0.38510174 -0.36577025 0.8472949
vn 0.38510174 -0.36577025 0.8472949
vn 0.38510174 -0.36577025 0.8472949
vn 0.38510174 -0.36577025 0.8472949
vn -0.14386658 -0.87674934 0.45892584
vn -0.14386658 -0.87674934 0.45892584
vn -0.14386658 -0.87674934 0.45892584
vn -0.14386658 -0.87674934 0.45892584
vn -0.07197035 -0.88640946 0.45727277
vn -0.07197035 -0.88640946 0.45727277
vn -0.07197035 -0.88640946 0.45727277
vn -0.07197035 -0.88640946 0.45727277
vn 0.4303714 0.08513488 0.8986281
vn 0.4303714 0.08513488 0.8986281
vn 0.4303714 0.08513488 0.8986281
vn 0.4303714 0.08513488 0.8986281
vn 0.55222887 0.0036630374 0.83368444
vn 0.55222887 0.0036630374 0.83368444
vn 0.55222887 0.0036630374 0.83368444
vn 0.55222887 0.0036630374 0.83368444
vn -0.414421 -0.55437976 0.72174674
vn -0.414421 -0.55437976 0.72174674
vn -0.414421 -0.55437976 0.72174674
vn -0.414421 -0.55437976 0.72174674
vn -0.42372355 -0.6035389 0.6754251
vn -0.42372355 -0.6035389 0.6754251
vn -0.42372355 -0.6035389 0.6754251
vn -0.42372355 -0.6035389 0.6754251
vn 0.63907486 -0.75724864 0.13475096
vn 0.63907486 -0.75724864 0.13475096
vn 0.63907486 -0.75724864 0.13475096
vn 0.63907486 -0.75724864 0.13475096
vn 0.5344264 -0.84400856 0.045144323
vn 0.5344264 -0.84400856 0.045144323
vn 0.5344264 -0.84400856 0.045144323
vn 0.5344264 -0.84400856 0.045144323
vn -0.19291599 -0.38108078 0.90419066
vn -0.19291599 -0.38108078 0.90419066
vn -0.19291599 -0.38108078 0.90419066
vn -0.19291599 -0.38108078 0.90419066
vn -0.25569597 -0.40113488 0.8796081
vn -0.25569597 -0.40113488 0.8796081
vn -0.25569597 -0.40113488 0.8796081
vn -0.25569597 -0.40113488 0.8796081
vn -0.05601842 -0.988143 -0.14295228
vn -0.05601842 -0.988143 -0.14295228
vn -0.05601842 -0.988143 -0.14295228
vn -0.05601842 -0.988143 -0.14295228
vn -0.2169408 -0.9664307 -0.13765319
vn -0.2169408 -0.9664307 -0.13765319
vn -0.2169408 -0.9664307 -0.13765319
vn -0.2169408 -0.9664307 -0.13765319
vn 0.27046415 -0.7417911 0.6136734
vn 0.27046415 -0.7417911 0.6136734
vn 0.27046415 -0.7417911 0.6136734
vn 0.27046415 -0.7417911 0.6136734
vn -0.8581597 -0.33247232 0.39118308
vn -0.8581597 -0.33247232 0.39118308
vn -0.8581597 -0.33247232 0.39118308
vn -0.8581597 -0.33247232 0.39118308
vn 0.14313146 -0.4251346 0.89374155
vn 0.14313146 -0.4251346 0.89374155
vn 0.14313146 -0.4251346 0.89374155
vn 0.14313146 -0.4251346 0.89374155
vn 0.08173558 -0.39760363 0.9139095
vn 0.08173558 -0.39760363 0.9139095
vn 0.08173558 -0.39760363 0.9139095
vn 0.08173558 -0.39760363 0.9139095
vn -0.4783722 0.14027509 0.8668812
vn -0.4783722 0.14027509 0.8668812
vn -0.4783722 0.14027509 0.8668812
vn -0.4783722 0.14027509 0.8668812
vn -0.335402 0.18661787 0.9234063
vn -0.335402 0.18661787 0.9234063
vn -0.335402 0.18661787 0.9234063
vn -0.335402 0.18661787 0.9234063
vn -0.335402 0.18661787 0.9234063
vn -0.335402 0.18661787 0.9234063
vn -0.41944677 -0.65339285 0.6301922
vn -0.41944677 -0.65339285 0.6301922
vn -0.41944677 -0.65339285 0.6301922
vn -0.41944677 -0.65339285 0.6301922
vn 0.7168609 -0.6565061 0.2347557
vn 0.7168609 -0.6565061 0.2347557
vn 0.7168609 -0.6565061 0.2347557
vn 0.7168609 -0.6565061 0.2347557
vn 0.00039777133 -0.88549167 0.4646551
vn 0.00039777133 -0.88549167 0.4646551
vn 0.00039777133 -0.88549167 0.4646551
vn 0.00039777133 -0.88549167 0.4646551
vn 0.29058033 0.1486213 0.945238
vn 0.29058033 0.1486213 0.945238
vn 0.29058033 0.1486213 0.945238
vn 0.29058033 0.1486213 0.945238
vn 0.29131106 -0.6949384 0.6574179
vn 0.29131106 -0.6949384 0.6574179
vn 0.29131106 -0.6949384 0.6574179
vn 0.29131106 -0.6949384 0.6574179
vn -0.8470479 -0.44981816 0.2831492
vn -0.8470479 -0.44981816 0.2831492
vn -0.8470479 -0.44981816 0.2831492
vn -0.8470479 -0.44981816 0.2831492
vn -0.31111225 -0.42989504 0.8475845
vn -0.31111225 -0.42989504 0.8475845
vn -0.31111225 -0.42989504 0.8475845
vn -0.31111225 -0.42989504 0.8475845
vn 0.10576386 -0.98634285 -0.12626147
vn 0.10576386 -0.98634285 -0.12626147
vn 0.10576386 -0.98634285 -0.12626147
vn 0.10576386 -0.98634285 -0.12626147
vn -0.40176848 -0.70233464 0.5876292
vn -0.40176848 -0.70233464 0.5876292
vn -0.40176848 -0.70233464 0.5876292
vn -0.40176848 -0.70233464 0.5876292
vn 0.7650569 -0.54622275 0.34106976
vn 0.7650569 -0.54622275 0.34106976
vn 0.7650569 -0.54622275 0.34106976
vn 0.7650569 -0.54622275 0.34106976
vn 0.014831641 -0.37892538 0.9253084
vn 0.014831641 -0.37892538 0.9253084
vn 0.014831641 -0.37892538 0.9253084
vn 0.014831641 -0.37892538 0.9253084
vn -0.60447884 0.07381354 0.79319406
vn -0.60447884 0.07381354 0.79319406
vn -0.60447884 0.07381354 0.79319406
vn -0.60447884 0.07381354 0.79319406
vn 0.2986495 -0.64594215 0.70254344
vn 0.2986495 -0.64594215 0.70254344
vn 0.2986495 -0.64594215 0.70254344
vn 0.2986495 -0.64594215 0.70254344
vn -0.8050548 -0.56523377 0.17999329
vn -0.8050548 -0.56523377 0.17999329
vn -0.8050548 -0.56523377 0.17999329
vn -0.8050548 -0.56523377 0.17999329
vn -0.021092629 0.21284272 0.9768588
vn -0.021092629 0.21284272 0.9768588
vn -0.021092629 0.21284272 0.9768588
vn -0.021092629 0.21284272 0.9768588
vn 0.13815102 0.19173598 0.9716746
vn 0.13815102 0.19173598 0.9716746
vn 0.13815102 0.19173598 0.9716746
vn 0.13815102 0.19173598 0.9716746
vn 0.7687475 -0.3137616 0.55729795
vn 0.7687475 -0.3137616 0.55729795
vn 0.7687475 -0.3137616 0.55729795
vn 0.7687475 -0.3137616 0.55729795
vn 0.7824303 -0.4306851 0.44979233
vn 0.7824303 -0.4306851 0.44979233
vn 0.7824303 -0.4306851 0.44979233
vn 0.7824303 -0.4306851 0.44979233
vn -0.35706544 -0.46608725 0.8094856
vn -0.35706544 -0.46608725 0.8094856
vn -0.35706544 -0.46608725 0.8094856
vn -0.35706544 -0.46608725 0.8094856
vn 0.26218855 -0.9609789 -0.08818608
vn 0.26218855 -0.9609789 -0.08818608
vn 0.26218855 -0.9609789 -0.08818608
vn 0.26218855 -0.9609789 -0.08818608
vn -0.27453288 -0.8281631 0.48864862
vn -0.27453288 -0.8281631 0.48864862
vn -0.27453288 -0.8281631 0.48864862
vn -0.27453288 -0.8281631 0.48864862
vn -0.21230584 -0.857009 0.4695336
vn -0.21230584 -0.857009 0.4695336
vn -0.21230584 -0.857009 0.4695336
vn -0.21230584 -0.857009 0.4695336
vn 0.6515323 -0.092575826 0.752951
vn 0.6515323 -0.092575826 0.752951
vn 0.6515323 -0.092575826 0.752951
vn 0.6515323 -0.092575826 0.752951
vn 0.72456867 -0.19966811 0.6596461
vn 0.72456867 -0.19966811 0.6596461
vn 0.72456867 -0.19966811 0.6596461
vn 0.72456867 -0.19966811 0.6596461
vn -0.6343073 -0.7730739 0.0033133859
vn -0.6343073 -0.7730739 0.0033133859
vn -0.6343073 -0.7730739 0.0033133859
vn -0.6343073 -0.7730739 0.0033133859
vn -0.73331213 -0.6745016 0.08544585
vn -0.73331213 -0.6745016 0.08544585
vn -0.73331213 -0.6745016 0.08544585
vn -0.73331213 -0.6745016 0.08544585
vn 0.13445003 -0.8526873 0.50482434
vn 0.13445003 -0.8526873 0.50482434
vn 0.13445003 -0.8526873 0.50482434
vn 0.13445003 -0.8526873 0.50482434
vn -0.70895505 -0.010271865 0.7051788
vn -0.70895505 -0.010271865 0.7051788
vn -0.70895505 -0.010271865 0.7051788
vn -0.70895505 -0.010271865 0.7051788
vn -0.12516613 -0.3705016 0.9203597
vn -0.12516613 -0.3705016 0.9203597
vn -0.12516613 -0.3705016 0.9203597
vn -0.12516613 -0.3705016 0.9203597
vn -0.37088016 -0.9220684 -0.11062394
vn -0.37088016 -0.9220684 -0.11062394
vn -0.37088016 -0.9220684 -0.11062394
vn -0.37088016 -0.9220684 -0.11062394
vn 0.2923859 -0.5960728 0.74780196
vn 0.2923859 -0.5960728 0.74780196
vn 0.2923859 -0.5960728 0.74780196
vn 0.2923859 -0.5960728 0.74780196
vn -0.37101707 -0.7490313 0.5489066
vn -0.37101707 -0.7490313 0.5489066
vn -0.37101707 -0.7490313 0.5489066
vn -0.37101707 -0.7490313 0.5489066
vn -0.05502246 -0.36978522 0.9274866
vn -0.05502246 -0.36978522 0.9274866
vn -0.05502246 -0.36978522 0.9274866
vn -0.05502246 -0.36978522 0.9274866
vn 0.070169985 -0.87404895 0.48074383
vn 0.070169985 -0.87404895 0.48074383
vn 0.070169985 -0.87404895 0.48074383
vn 0.070169985 -0.87404895 0.48074383
vn 0.19667774 -0.4603546 0.865674
vn 0.19667774 -0.4603546 0.865674
vn 0.19667774 -0.4603546 0.865674
vn 0.19667774 -0.4603546 0.865674
vn -0.18100043 0.21111958 0.96055573
vn -0.18100043 0.21111958 0.96055573
vn -0.18100043 0.21111958 0.96055573
vn -0.18100043 0.21111958 0.96055573
vn -0.39189878 -0.5080697 0.7669945
vn -0.39189878 -0.5080697 0.7669945
vn -0.39189878 -0.5080697 0.7669945
vn -0.39189878 -0.5080697 0.7669945
vn 0.40704885 -0.9129056 -0.030243706
vn 0.40704885 -0.9129056 -0.030243706
vn 0.40704885 -0.9129056 -0.030243706
vn 0.40704885 -0.9129056 -0.030243706
vn -0.5767649 -0.61521006 0.5374559
vn -0.5767649 -0.61521006 0.5374559
vn -0.5767649 -0.61521006 0.5374559
vn -0.5767649 -0.61521006 0.5374559
vn -0.0038756344 -0.6302098 0.7764152
vn -0.0038756344 -0.6302098 0.7764152
vn -0.0038756344 -0.6302098 0.7764152
vn -0.0038756344 -0.6302098 0.7764152
vn 0.0049930643 -0.6439305 0.76506764
vn 0.0049930643 -0.6439305 0.76506764
vn -0.015214766 -0.61864954 0.7855198
vn -0.015214766 -0.61864954 0.7855198
vn -0.027926872 -0.60969585 0.79214334
vn -0.027926872 -0.60969585 0.79214334
vn -0.04106475 -0.60339385 0.7963853
vn -0.04106475 -0.60339385 0.7963853
vn -0.05403202 -0.5995215 0.79853266
vn -0.05403202 -0.5995215 0.79853266
vn -0.06664791 -0.5977729 0.79889023
vn -0.06664791 -0.5977729 0.79889023
vn -0.07911438 -0.5979532 0.7976171
vn -0.07911438 -0.5979532 0.7976171
vn -0.091727056 -0.60011894 0.7946341
vn -0.091727056 -0.60011894 0.7946341
vn -0.104497835 -0.60454214 0.78968924
vn -0.104497835 -0.60454214 0.78968924
vn -0.11702014 -0.61153305 0.78251743
vn -0.11702014 -0.61153305 0.78251743
vn -0.12848781 -0.6212385 0.7730159
vn -0.12848781 -0.6212385 0.7730159
vn -0.13784273 -0.6334559 0.7614021
vn -0.13784273 -0.6334559 0.7614021
vn -0.14644936 -0.66246074 0.7346417
vn -0.14644936 -0.66246074 0.7346417
vn -0.14496417 -0.6767035 0.72184336
vn -0.14496417 -0.6767035 0.72184336
vn -0.14496417 -0.6767035 0.72184336
vn -0.14496417 -0.6767035 0.72184336
vn -0.14004901 -0.6898943 0.7102338
vn -0.14004901 -0.6898943 0.7102338
vn -0.13214476 -0.7017565 0.70005405
vn -0.13214476 -0.7017565 0.70005405
vn -0.12197082 -0.7117702 0.6917415
vn -0.12197082 -0.7117702 0.6917415
vn -0.110175714 -0.71976 0.68542457
vn -0.110175714 -0.71976 0.68542457
vn -0.097090326 -0.72577673 0.6810445
vn -0.097090326 -0.72577673 0.6810445
vn -0.06845842 -0.731743 0.67813396
vn -0.06845842 -0.731743 0.67813396
vn -0.053858887 -0.73157173 0.6796338
vn -0.053858887 -0.73157173 0.6796338
vn -0.053858887 -0.73157173 0.6796338
vn -0.053858887 -0.73157173 0.6796338
vn -0.03969453 -0.72928244 0.68306035
vn -0.03969453 -0.72928244 0.68306035
vn -0.026441252 -0.72491544 0.6883301
vn -0.026441252 -0.72491544 0.6883301
vn -0.014507925 -0.71852994 0.69534475
vn -0.014507925 -0.71852994 0.69534475
vn -0.004180895 -0.7100943 0.70409423
vn -0.004180895 -0.7100943 0.70409423
vn 0.004112102 -0.6995752 0.7145471
vn 0.004112102 -0.6995752 0.7145471
vn 0.009661322 -0.6872739 0.72633415
vn 0.009661322 -0.6872739 0.72633415
vn 0.011901294 -0.67368287 0.73892474
vn 0.011901294 -0.67368287 0.73892474
vn 0.43300644 -0.4415353 0.7858448
vn 0.43300644 -0.4415353 0.7858448
vn 0.43300644 -0.4415353 0.7858448
vn 0.43300644 -0.4415353 0.7858448
vn -0.067077205 -0.67866915 0.7313746
vn -0.067077205 -0.67866915 0.7313746
vn -0.067077205 -0.67866915 0.7313746
vn -0.06707286 -0.67867124 0.731373
vn -0.06709961 -0.6786708 0.731371
vn -0.0670452 -0.6786622 0.73138404
vn -0.06684245 -0.678596 0.7314639
vn -0.0664097 -0.67836446 0.7317182
vn -0.06561237 -0.6777097 0.7323964
vn -0.06451295 -0.67630124 0.7337947
vn -0.06353515 -0.6741199 0.7358843
vn -0.063081324 -0.67127424 0.73851997
vn -0.06347229 -0.667541 0.7418627
vn -0.064996526 -0.6634035 0.74543357
vn -0.06723939 -0.65997213 0.74827516
vn -0.06949821 -0.65768945 0.75007635
vn -0.071045406 -0.65660805 0.7508785
vn -0.07139139 -0.65644455 0.75098854
vn -0.07043723 -0.656727 0.75083166
vn -0.06853358 -0.6569883 0.7507792
vn -0.066408545 -0.6569591 0.75099576
vn -0.064895354 -0.6567023 0.75135255
vn -0.064542465 -0.6565814 0.7514885
vn -0.06546294 -0.6570898 0.7509644
vn -0.06732001 -0.6586467 0.74943477
vn -0.069458336 -0.6614117 0.74679995
vn -0.071149066 -0.6651906 0.743276
vn -0.07181057 -0.6691948 0.73960906
vn -0.07148103 -0.67249393 0.7366426
vn -0.070543066 -0.675047 0.7343945
vn -0.069284715 -0.67694426 0.73276603
vn -0.06817968 -0.67803943 0.7318566
vn -0.06751407 -0.6784893 0.7315013
vn 0.32032472 -0.29741138 0.89941007
vn 0.32032472 -0.29741138 0.89941007
vn 0.32032472 -0.29741138 0.89941007
vn 0.32032472 -0.29741138 0.89941007
vn -0.58451647 -0.53601956 0.6091171
vn -0.58451647 -0.53601956 0.6091171
vn -0.58451647 -0.53601956 0.6091171
vn -0.58451647 -0.53601956 0.6091171
vn -0.54883176 -0.6917706 0.46929437
vn -0.54883176 -0.6917706 0.46929437
vn -0.54883176 -0.6917706 0.46929437
vn -0.54883176 -0.6917706 0.46929437
vn 0.24151057 -0.23942491 0.9403979
vn 0.24151057 -0.23942491 0.9403979
vn 0.24151057 -0.23942491 0.9403979
vn 0.24151057 -0.23942491 0.9403979
vn -0.5017666 -0.76316154 0.40720364
vn -0.5017666 -0.76316154 0.40720364
vn -0.5017666 -0.76316154 0.40720364
vn -0.5017666 -0.76316154 0.40720364
vn 0.1518979 -0.194254 0.9691195
vn 0.1518979 -0.194254 0.9691195
vn 0.1518979 -0.194254 0.9691195
vn 0.1518979 -0.194254 0.9691195
vn 0.034939986 -0.96198344 0.2708636
vn 0.034939986 -0.96198344 0.2708636
vn 0.034939986 -0.96198344 0.2708636
vn 0.034939986 -0.96198344 0.2708636
vn -0.4375377 -0.8266665 0.35381272
vn -0.4375377 -0.8266665 0.35381272
vn -0.4375377 -0.8266665 0.35381272
vn -0.4375377 -0.8266665 0.35381272
vn -0.06800415 -0.96311903 0.2603403
vn -0.06800415 -0.96311903 0.2603403
vn -0.06800415 -0.96311903 0.2603403
vn -0.06800415 -0.96311903 0.2603403
vn 0.054939877 -0.16379517 0.98496336
vn 0.054939877 -0.16379517 0.98496336
vn 0.054939877 -0.16379517 0.98496336
vn 0.054939877 -0.16379517 0.98496336
vn 0.13436504 -0.9460231 0.2949345
vn 0.13436504 -0.9460231 0.2949345
vn 0.13436504 -0.9460231 0.2949345
vn 0.13436504 -0.9460231 0.2949345
vn -0.35882664 -0.8799747 0.31126845
vn -0.35882664 -0.8799747 0.31126845
vn -0.35882664 -0.8799747 0.31126845
vn -0.35882664 -0.8799747 0.31126845
vn -0.045843612 -0.14922652 0.98773974
vn -0.045843612 -0.14922652 0.98773974
vn -0.045843612 -0.14922652 0.98773974
vn -0.045843612 -0.14922652 0.98773974
vn 0.22646613 -0.9158263 0.33162516
vn 0.22646613 -0.9158263 0.33162516
vn 0.22646613 -0.9158263 0.33162516
vn 0.22646613 -0.9158263 0.33162516
vn -0.2687148 -0.92134523 0.28091872
vn -0.2687148 -0.92134523 0.28091872
vn -0.2687148 -0.92134523 0.28091872
vn -0.2687148 -0.92134523 0.28091872
vn -0.14702791 -0.15112959 0.97751856
vn -0.14702791 -0.15112959 0.97751856
vn -0.14702791 -0.15112959 0.97751856
vn -0.14702791 -0.15112959 0.97751856
vn 0.30777654 -0.8724465 0.37961924
vn 0.30777654 -0.8724465 0.37961924
vn 0.30777654 -0.8724465 0.37961924
vn 0.30777654 -0.8724465 0.37961924
vn -0.17052925 -0.94940215 0.26373348
vn -0.17052925 -0.94940215 0.26373348
vn -0.17052925 -0.94940215 0.26373348
vn -0.17052925 -0.94940215 0.26373348
vn -0.24520063 -0.16935652 0.9545654
vn -0.24520063 -0.16935652 0.9545654
vn -0.24520063 -0.16935652 0.9545654
vn -0.24520063 -0.16935652 0.9545654
vn 0.37525663 -0.8172467 0.43736768
vn 0.37525663 -0.8172467 0.43736768
vn 0.37525663 -0.8172467 0.43736768
vn 0.37525663 -0.8172467 0.43736768
vn -0.33683944 -0.20314877 0.91938555
vn -0.33683944 -0.20314877 0.91938555
vn -0.33683944 -0.20314877 0.91938555
vn -0.33683944 -0.20314877 0.91938555
vn 0.42611578 -0.7520621 0.50282
vn 0.42611578 -0.7520621 0.50282
vn 0.42611578 -0.7520621 0.50282
vn 0.42611578 -0.7520621 0.50282
vn -0.4184342 -0.25105566 0.87285954
vn -0.4184342 -0.25105566 0.87285954
vn -0.4184342 -0.25105566 0.87285954
vn -0.4184342 -0.25105566 0.87285954
vn 0.45822424 -0.6792962 0.5732252
vn 0.45822424 -0.6792962 0.5732252
vn 0.45822424 -0.6792962 0.5732252
vn 0.45822424 -0.6792962 0.5732252
vn -0.48665097 -0.31106305 0.8163398
vn -0.48665097 -0.31106305 0.8163398
vn -0.48665097 -0.31106305 0.8163398
vn -0.48665097 -0.31106305 0.8163398
vn 0.47030446 -0.60163057 0.6456427
vn 0.47030446 -0.60163057 0.6456427
vn 0.47030446 -0.60163057 0.6456427
vn 0.47030446 -0.60163057 0.6456427
vn -0.53849375 -0.38060394 0.7517746
vn -0.53849375 -0.38060394 0.7517746
vn -0.53849375 -0.38060394 0.7517746
vn -0.53849375 -0.38060394 0.7517746
vn 0.46185136 -0.5214018 0.71751887
vn 0.46185136 -0.5214018 0.71751887
vn 0.46185136 -0.5214018 0.71751887
vn 0.46185136 -0.5214018 0.71751887
vn -0.5716289 -0.4567213 0.6816495
vn -0.5716289 -0.4567213 0.6816495
vn -0.5716289 -0.4567213 0.6816495
vn -0.5716289 -0.4567213 0.6816495
vn 0.74600637 -0.6589964 -0.09590776
vn 0.74600637 -0.6589964 -0.09590776
vn 0.74600637 -0.6589964 -0.09590776
vn 0.74600637 -0.6589964 -0.09590776
vn -0.99757296 -0.06889491 -0.010087299
vn -0.99757296 -0.06889491 -0.010087299
vn -0.99757296 -0.06889491 -0.010087299
vn -0.99757296 -0.06889491 -0.010087299
vn -0.99757296 -0.06889491 -0.010087299
vn -0.99757296 -0.06889491 -0.010087299
vn 0.915152 0.005725972 0.4030682
vn 0.915152 0.005725972 0.4030682
vn 0.915152 0.005725972 0.4030682
vn 0.915152 0.005725972 0.4030682
vn 0.9150409 0.004883281 0.40333173
vn 0.9150409 0.004883281 0.40333173
vn 0.9150409 0.004883281 0.40333173
vn 0.9150409 0.004883281 0.40333173
vn 0.9157846 -0.009275251 0.40156254
vn 0.9157846 -0.009275251 0.40156254
vn 0.9157846 -0.009275251 0.40156254
vn 0.9157846 -0.009275251 0.40156254
vn 0.917675 -0.047666132 0.39446223
vn 0.917675 -0.047666132 0.39446223
vn 0.917675 -0.047666132 0.39446223
vn 0.917675 -0.047666132 0.39446223
vn 0.97853094 0.0019210265 0.20609087
vn 0.97853094 0.0019210265 0.20609087
vn 0.97853094 0.0019210265 0.20609087
vn 0.97853094 0.0019210265 0.20609087
vn 0.9792378 0.0013349237 0.20271097
vn 0.9792378 0.0013349237 0.20271097
vn 0.9792378 0.0013349237 0.20271097
vn 0.9792378 0.0013349237 0.20271097
vn 0.98035425 -0.005800191 0.19715936
vn 0.98035425 -0.005800191 0.19715936
vn 0.98035425 -0.005800191 0.19715936
vn 0.98035425 -0.005800191 0.19715936
vn 0.98153013 -0.02433111 0.18975435
vn 0.98153013 -0.02433111 0.18975435
vn 0.9820467 -0.0507889 0.18167183
vn 0.9820467 -0.0507889 0.18167183
vn 0.9820467 -0.0507889 0.18167183
vn 0.9820467 -0.0507889 0.18167183
vn 0.9820904 -0.07267347 0.17382991
vn 0.9820904 -0.07267347 0.17382991
vn 0.98130554 -0.099328496 0.16484317
vn 0.98130554 -0.099328496 0.16484317
vn 0.978199 -0.069260985 0.19577965
vn 0.978199 -0.069260985 0.19577965
vn 0.978199 -0.069260985 0.19577965
vn 0.978199 -0.069260985 0.19577965
vn -0.6859326 -0.61566913 -0.3878762
vn -0.6859326 -0.61566913 -0.3878762
vn -0.6859326 -0.61566913 -0.3878762
vn -0.6859326 -0.61566913 -0.3878762
vn -0.17036052 -0.5380559 0.8255139
vn -0.17036052 -0.5380559 0.8255139
vn -0.17036052 -0.5380559 0.8255139
vn -0.17036052 -0.5380559 0.8255139
vn -0.0021964614 -0.5379818 0.8429536
vn -0.0021964614 -0.5379818 0.8429536
vn -0.0021964614 -0.5379818 0.8429536
vn -0.0021964614 -0.5379818 0.8429536
vn -0.0026478963 -0.74306387 0.6692152
vn -0.0026478963 -0.74306387 0.6692152
vn -0.0026478963 -0.74306387 0.6692152
vn -0.0026478963 -0.74306387 0.6692152
vn 0.5193682 -0.57755995 -0.62982625
vn 0.5193682 -0.57755995 -0.62982625
vn 0.5193682 -0.57755995 -0.62982625
vn 0.5193682 -0.57755995 -0.62982625
vn -0.75180554 -0.52245855 -0.40227526
vn -0.75180554 -0.52245855 -0.40227526
vn -0.75180554 -0.52245855 -0.40227526
vn -0.75180554 -0.52245855 -0.40227526
vn -0.8121505 -0.52894586 -0.24622744
vn -0.8121505 -0.52894586 -0.24622744
vn -0.8121505 -0.52894586 -0.24622744
vn -0.8121505 -0.52894586 -0.24622744
vn -0.7308384 -0.6368209 -0.24563052
vn -0.7308384 -0.6368209 -0.24563052
vn -0.7308384 -0.6368209 -0.24563052
vn -0.7308384 -0.6368209 -0.24563052
vn 0.40701476 -0.73315084 0.54482
vn 0.40701476 -0.73315084 0.54482
vn 0.40701476 -0.73315084 0.54482
vn 0.40701476 -0.73315084 0.54482
vn 0.55492204 -0.5113716 -0.65617114
vn 0.55492204 -0.5113716 -0.65617114
vn 0.55492204 -0.5113716 -0.65617114
vn 0.55492204 -0.5113716 -0.65617114
vn 0.43010196 -0.5055097 -0.74797875
vn 0.43010196 -0.5055097 -0.74797875
vn 0.43010196 -0.5055097 -0.74797875
vn 0.43010196 -0.5055097 -0.74797875
vn 0.40634692 -0.5621531 -0.72032356
vn 0.40634692 -0.5621531 -0.72032356
vn 0.40634692 -0.5621531 -0.72032356
vn 0.40634692 -0.5621531 -0.72032356
vn -0.69018483 -0.69537747 0.20023753
vn -0.69018483 -0.69537747 0.20023753
vn -0.69018483 -0.69537747 0.20023753
vn -0.69018483 -0.69537747 0.20023753
vn 0.47972193 -0.5429478 0.6892564
vn 0.47972193 -0.5429478 0.6892564
vn 0.47972193 -0.5429478 0.6892564
vn 0.47972193 -0.5429478 0.6892564
vn 0.61256456 -0.5447993 0.57267654
vn 0.61256456 -0.5447993 0.57267654
vn 0.61256456 -0.5447993 0.57267654
vn 0.61256456 -0.5447993 0.57267654
vn 0.52281773 -0.7241091 0.44980845
vn 0.52281773 -0.7241091 0.44980845
vn 0.52281773 -0.7241091 0.44980845
vn 0.52281773 -0.7241091 0.44980845
vn -0.14297391 -0.5432824 -0.8272864
vn -0.14297391 -0.5432824 -0.8272864
vn -0.14297391 -0.5432824 -0.8272864
vn -0.14297391 -0.5432824 -0.8272864
vn -0.7960636 -0.54147613 0.2703447
vn -0.7960636 -0.54147613 0.2703447
vn -0.7960636 -0.54147613 0.2703447
vn -0.7960636 -0.54147613 0.2703447
vn -0.7208053 -0.542352 0.43161786
vn -0.7208053 -0.542352 0.43161786
vn -0.7208053 -0.542352 0.43161786
vn -0.7208053 -0.542352 0.43161786
vn -0.61947864 -0.7104872 0.33384755
vn -0.61947864 -0.7104872 0.33384755
vn -0.61947864 -0.7104872 0.33384755
vn -0.61947864 -0.7104872 0.33384755
vn 0.7322412 -0.67886204 0.054489307
vn 0.7322412 -0.67886204 0.054489307
vn 0.7322412 -0.67886204 0.054489307
vn 0.7322412 -0.67886204 0.054489307
vn -0.1495592 -0.49751365 -0.854466
vn -0.1495592 -0.49751365 -0.854466
vn -0.1495592 -0.49751365 -0.854466
vn -0.1495592 -0.49751365 -0.854466
vn -0.29455158 -0.49997097 -0.81441295
vn -0.29455158 -0.49997097 -0.81441295
vn -0.29455158 -0.49997097 -0.81441295
vn -0.29455158 -0.49997097 -0.81441295
vn -0.28022867 -0.55039066 -0.78647447
vn -0.28022867 -0.55039066 -0.78647447
vn -0.28022867 -0.55039066 -0.78647447
vn -0.28022867 -0.55039066 -0.78647447
vn 0.8347087 -0.54210806 0.09685148
vn 0.8347087 -0.54210806 0.09685148
vn 0.8347087 -0.54210806 0.09685148
vn 0.8347087 -0.54210806 0.09685148
vn -0.28236198 -0.73792666 0.61297303
vn -0.28236198 -0.73792666 0.61297303
vn -0.28236198 -0.73792666 0.61297303
vn -0.28236198 -0.73792666 0.61297303
vn -0.33270013 -0.53903943 0.7737875
vn -0.33270013 -0.53903943 0.7737875
vn -0.33270013 -0.53903943 0.7737875
vn -0.33270013 -0.53903943 0.7737875
vn -0.61470807 -0.5954072 -0.51732427
vn -0.61470807 -0.5954072 -0.51732427
vn -0.61470807 -0.5954072 -0.51732427
vn -0.61470807 -0.5954072 -0.51732427
vn -0.66501474 -0.5157603 -0.54013586
vn -0.66501474 -0.5157603 -0.54013586
vn -0.66501474 -0.5157603 -0.54013586
vn -0.66501474 -0.5157603 -0.54013586
vn 0.6137589 -0.59604985 -0.51771086
vn 0.6137589 -0.59604985 -0.51771086
vn 0.6137589 -0.59604985 -0.51771086
vn 0.6137589 -0.59604985 -0.51771086
vn 0.6633039 -0.5181246 -0.53997684
vn 0.6633039 -0.5181246 -0.53997684
vn 0.6633039 -0.5181246 -0.53997684
vn 0.6633039 -0.5181246 -0.53997684
vn 0.27780786 -0.7390464 0.61370444
vn 0.27780786 -0.7390464 0.61370444
vn 0.27780786 -0.7390464 0.61370444
vn 0.27780786 -0.7390464 0.61370444
vn 0.32892525 -0.5407636 0.77419823
vn 0.32892525 -0.5407636 0.77419823
vn 0.32892525 -0.5407636 0.77419823
vn 0.32892525 -0.5407636 0.77419823
vn 0.14151807 -0.543359 -0.82748634
vn 0.14151807 -0.543359 -0.82748634
vn 0.14151807 -0.543359 -0.82748634
vn 0.14151807 -0.543359 -0.82748634
vn -0.73336875 -0.67761475 0.054849796
vn -0.73336875 -0.67761475 0.054849796
vn -0.73336875 -0.67761475 0.054849796
vn -0.73336875 -0.67761475 0.054849796
vn -0.73336875 -0.67761475 0.054849796
vn -0.73336875 -0.67761475 0.054849796
vn 0.14819378 -0.49800494 -0.8544178
vn 0.14819378 -0.49800494 -0.8544178
vn 0.14819378 -0.49800494 -0.8544178
vn 0.14819378 -0.49800494 -0.8544178
vn -0.0006216432 -0.49683967 -0.86784214
vn -0.0006216432 -0.49683967 -0.86784214
vn -0.0006216432 -0.49683967 -0.86784214
vn -0.0006216432 -0.49683967 -0.86784214
vn -0.0006910336 -0.5408956 -0.8410894
vn -0.0006910336 -0.5408956 -0.8410894
vn -0.0006910336 -0.5408956 -0.8410894
vn -0.0006910336 -0.5408956 -0.8410894
vn -0.83668715 -0.53888464 0.09776452
vn -0.83668715 -0.53888464 0.09776452
vn -0.83668715 -0.53888464 0.09776452
vn -0.83668715 -0.53888464 0.09776452
vn 0.68913376 -0.696669 0.19936644
vn 0.68913376 -0.696669 0.19936644
vn 0.68913376 -0.696669 0.19936644
vn 0.68913376 -0.696669 0.19936644
vn 0.79438597 -0.5447211 0.26875585
vn 0.79438597 -0.5447211 0.26875585
vn 0.79438597 -0.5447211 0.26875585
vn 0.79438597 -0.5447211 0.26875585
vn -0.4107348 -0.7316655 0.54402435
vn -0.4107348 -0.7316655 0.54402435
vn -0.4107348 -0.7316655 0.54402435
vn -0.4107348 -0.7316655 0.54402435
vn -0.4830208 -0.5405048 0.6888726
vn -0.4830208 -0.5405048 0.6888726
vn -0.4830208 -0.5405048 0.6888726
vn -0.4830208 -0.5405048 0.6888726
vn -0.52061266 -0.57713616 -0.62918705
vn -0.52061266 -0.57713616 -0.62918705
vn -0.52061266 -0.57713616 -0.62918705
vn -0.52061266 -0.57713616 -0.62918705
vn -0.55669636 -0.50944436 -0.65616745
vn -0.55669636 -0.50944436 -0.65616745
vn -0.55669636 -0.50944436 -0.65616745
vn -0.55669636 -0.50944436 -0.65616745
vn 0.6852196 -0.61659515 -0.3876656
vn 0.6852196 -0.61659515 -0.3876656
vn 0.6852196 -0.61659515 -0.3876656
vn 0.6852196 -0.61659515 -0.3876656
vn 0.6852196 -0.61659515 -0.3876656
vn 0.6852196 -0.61659515 -0.3876656
vn 0.7501612 -0.5251903 -0.40178785
vn 0.7501612 -0.5251903 -0.40178785
vn 0.7501612 -0.5251903 -0.40178785
vn 0.7501612 -0.5251903 -0.40178785
vn 0.13967584 -0.7422431 0.6554128
vn 0.13967584 -0.7422431 0.6554128
vn 0.13967584 -0.7422431 0.6554128
vn 0.13967584 -0.7422431 0.6554128
vn 0.16615246 -0.53894794 0.8257896
vn 0.16615246 -0.53894794 0.8257896
vn 0.16615246 -0.53894794 0.8257896
vn 0.16615246 -0.53894794 0.8257896
vn -0.7470434 -0.65781045 -0.09597756
vn -0.7470434 -0.65781045 -0.09597756
vn -0.7470434 -0.65781045 -0.09597756
vn -0.7470434 -0.65781045 -0.09597756
vn -0.8415704 -0.5346006 -0.077210814
vn -0.8415704 -0.5346006 -0.077210814
vn -0.8415704 -0.5346006 -0.077210814
vn -0.8415704 -0.5346006 -0.077210814
vn 0.27881232 -0.550561 -0.7868585
vn 0.27881232 -0.550561 -0.7868585
vn 0.27881232 -0.550561 -0.7868585
vn 0.27881232 -0.550561 -0.7868585
vn 0.293089 -0.5009538 -0.81433654
vn 0.293089 -0.5009538 -0.81433654
vn 0.293089 -0.5009538 -0.81433654
vn 0.293089 -0.5009538 -0.81433654
vn 0.61854035 -0.7118456 0.33269185
vn 0.61854035 -0.7118456 0.33269185
vn 0.61854035 -0.7118456 0.33269185
vn 0.61854035 -0.7118456 0.33269185
vn 0.7194903 -0.54554826 0.42978007
vn 0.7194903 -0.54554826 0.42978007
vn 0.7194903 -0.54554826 0.42978007
vn 0.7194903 -0.54554826 0.42978007
vn -0.5247756 -0.72259235 0.4499676
vn -0.5247756 -0.72259235 0.4499676
vn -0.5247756 -0.72259235 0.4499676
vn -0.5247756 -0.72259235 0.4499676
vn -0.6145841 -0.5418361 0.57332367
vn -0.6145841 -0.5418361 0.57332367
vn -0.6145841 -0.5418361 0.57332367
vn -0.6145841 -0.5418361 0.57332367
vn -0.40764543 -0.5618666 -0.7198133
vn -0.40764543 -0.5618666 -0.7198133
vn -0.40764543 -0.5618666 -0.7198133
vn -0.40764543 -0.5618666 -0.7198133
vn -0.4316638 -0.5040454 -0.7480672
vn -0.4316638 -0.5040454 -0.7480672
vn -0.4316638 -0.5040454 -0.7480672
vn -0.4316638 -0.5040454 -0.7480672
vn 0.9171461 -0.0655376 0.39312583
vn 0.9171461 -0.0655376 0.39312583
vn 0.9171461 -0.0655376 0.39312583
vn 0.9171461 -0.0655376 0.39312583
vn -0.91916424 0.14985982 -0.36425155
vn -0.91916424 0.14985982 -0.36425155
vn -0.91916424 0.14985982 -0.36425155
vn -0.91916424 0.14985982 -0.36425155
vn 0.5360039 -0.31716383 0.78237253
vn 0.5360039 -0.31716383 0.78237253
vn 0.5360039 -0.31716383 0.78237253
vn 0.5360039 -0.31716383 0.78237253
vn 0.6723063 0.010955587 0.740192
vn 0.6723063 0.010955587 0.740192
vn 0.6723063 0.010955587 0.740192
vn 0.6723063 0.010955587 0.740192
vn 0.66063106 -0.01506866 0.75055957
vn 0.66063106 -0.01506866 0.75055957
vn 0.66063106 -0.01506866 0.75055957
vn 0.66063106 -0.01506866 0.75055957
vn 0.6553422 -0.028458111 0.75479585
vn 0.6553422 -0.028458111 0.75479585
vn 0.65091485 -0.19584587 0.7334537
vn 0.65091485 -0.19584587 0.7334537
vn 0.65091485 -0.19584587 0.7334537
vn 0.65091485 -0.19584587 0.7334537
vn 0.818204 -0.06180486 0.5715962
vn 0.818204 -0.06180486 0.5715962
vn 0.818204 -0.06180486 0.5715962
vn 0.818204 -0.06180486 0.5715962
vn -0.9999981 0.0019667612 0.00029705075
vn -0.9999981 0.0019667612 0.00029705075
vn -0.9999981 0.0019667612 0.00029705075
vn -0.9999981 0.0019667612 0.00029705075
vn -0.99999774 0.002112652 0.00035396058
vn -0.99999774 0.002112652 0.00035396058
vn -0.99999774 0.002112652 0.00035396058
vn -0.99999774 0.002112652 0.00035396058
vn -0.99999726 0.0022880244 0.0004389594
vn -0.99999726 0.0022880244 0.0004389594
vn -0.99999726 0.0022880244 0.0004389594
vn -0.99999726 0.0022880244 0.0004389594
vn -0.9999969 0.0024587845 0.0005353399
vn -0.9999969 0.0024587845 0.0005353399
vn -0.99999666 0.0025197302 0.0005854067
vn -0.99999666 0.0025197302 0.0005854067
vn -0.99999666 0.0025197302 0.0005854067
vn -0.99999666 0.0025197302 0.0005854067
vn -0.9999975 0.002169989 0.0005376382
vn -0.9999975 0.002169989 0.0005376382
vn -1 9.962079E-07 -1.0971353E-06
vn -1 9.962079E-07 -1.0971353E-06
vn -1 1.0597E-06 -9.620506E-07
vn -1 1.0597E-06 -9.620506E-07
vn -1 1.0597E-06 -9.620506E-07
vn -0.9999995 0.0010053586 0.00031470487
vn -0.9999995 0.0010053586 0.00031470487
vn -0.99999225 0.0037832828 0.0010610425
vn -0.97838736 0.005771123 0.20669992
vn -0.97838736 0.005771123 0.20669992
vn -0.97838736 0.005771123 0.20669992
vn -0.97838736 0.005771123 0.20669992
vn -0.97907835 0.005472015 0.20341006
vn -0.97907835 0.005472015 0.20341006
vn -0.97907835 0.005472015 0.20341006
vn -0.97907835 0.005472015 0.20341006
vn -0.9802033 -0.001315908 0.19798936
vn -0.9802033 -0.001315908 0.19798936
vn -0.9802033 -0.001315908 0.19798936
vn -0.9814404 -0.019503307 0.19077297
vn -0.9814404 -0.019503307 0.19077297
vn -0.98208606 -0.04582914 0.18277507
vn -0.98208606 -0.04582914 0.18277507
vn -0.98208606 -0.04582914 0.18277507
vn -0.98208606 -0.04582914 0.18277507
vn -0.9822253 -0.068379566 0.17480782
vn -0.9822253 -0.068379566 0.17480782
vn -0.9789702 -0.1352854 0.15269253
vn -0.9789702 -0.1352854 0.15269253
vn -0.9789702 -0.1352854 0.15269253
vn -0.9783327 -0.06546749 0.19641571
vn -0.9783327 -0.06546749 0.19641571
vn -0.9783327 -0.06546749 0.19641571
vn -0.9783327 -0.06546749 0.19641571
vn 0.81456786 0.009219086 0.57999504
vn 0.81456786 0.009219086 0.57999504
vn 0.81456786 0.009219086 0.57999504
vn 0.81456786 0.009219086 0.57999504
vn 0.81431025 0.008076454 0.5803737
vn 0.81431025 0.008076454 0.5803737
vn 0.81431025 0.008076454 0.5803737
vn 0.81431025 0.008076454 0.5803737
vn 0.814956 -0.0020397496 0.5795192
vn -0.97398007 -0.0720562 -0.21487384
vn -0.97398007 -0.0720562 -0.21487384
vn -0.97398007 -0.0720562 -0.21487384
vn -0.97398007 -0.0720562 -0.21487384
vn -0.9785407 -0.0019245812 -0.20604457
vn -0.9785407 -0.0019245812 -0.20604457
vn -0.9785407 -0.0019245812 -0.20604457
vn -0.9785407 -0.0019245812 -0.20604457
vn -0.97776663 -0.001459088 -0.20969099
vn -0.97776663 -0.001459088 -0.20969099
vn -0.97776663 -0.001459088 -0.20969099
vn -0.97776663 -0.001459088 -0.20969099
vn -0.97695947 0.0060832123 -0.21333827
vn -0.97695947 0.0060832123 -0.21333827
vn -0.97695947 0.0060832123 -0.21333827
vn -0.97695947 0.0060832123 -0.21333827
vn -0.97655416 0.027076403 -0.21356247
vn -0.97655416 0.027076403 -0.21356247
vn -0.9763946 0.057864003 -0.20809968
vn -0.9763946 0.057864003 -0.20809968
vn -0.9763946 0.057864003 -0.20809968
vn -0.9763946 0.057864003 -0.20809968
vn -0.97571 0.084276594 -0.20220663
vn -0.97571 0.084276594 -0.20220663
vn -0.9708783 0.15906765 -0.17914477
vn -0.9708783 0.15906765 -0.17914477
vn -0.9705046 0.16927123 -0.17166284
vn -0.9705046 0.16927123 -0.17166284
vn -0.9705046 0.16927123 -0.17166284
vn -0.9705046 0.16927123 -0.17166284
vn -0.96753 0.19681899 -0.15858082
vn -0.96753 0.19681899 -0.15858082
vn 0.68745095 -0.058297515 0.723887
vn 0.68745095 -0.058297515 0.723887
vn 0.68745095 -0.058297515 0.723887
vn 0.68745095 -0.058297515 0.723887
vn 0.68225884 0.0122614745 0.7310079
vn 0.68225884 0.0122614745 0.7310079
vn 0.68225884 0.0122614745 0.7310079
vn 0.68225884 0.0122614745 0.7310079
vn 0.67831594 0.014992913 0.7346174
vn 0.67831594 0.014992913 0.7346174
vn -0.9100025 -0.074831985 -0.40779367
vn -0.9100025 -0.074831985 -0.40779367
vn -0.9100025 -0.074831985 -0.40779367
vn -0.9100025 -0.074831985 -0.40779367
vn -0.9162134 -0.0056946618 -0.40065026
vn -0.9162134 -0.0056946618 -0.40065026
vn -0.9162134 -0.0056946618 -0.40065026
vn -0.9162134 -0.0056946618 -0.40065026
vn -0.91615945 -0.0048542386 -0.40078464
vn -0.91615945 -0.0048542386 -0.40078464
vn -0.91615945 -0.0048542386 -0.40078464
vn -0.91615945 -0.0048542386 -0.40078464
vn -0.9170705 0.009218759 -0.39861843
vn -0.9170705 0.009218759 -0.39861843
vn -0.9170705 0.009218759 -0.39861843
vn -0.9170705 0.009218759 -0.39861843
vn -0.9174377 0.016243808 -0.3975476
vn -0.9174377 0.016243808 -0.3975476
vn -0.9188978 0.047394607 -0.39163837
vn -0.9188978 0.047394607 -0.39163837
vn 0.5328808 -0.055250183 0.8443847
vn 0.5328808 -0.055250183 0.8443847
vn 0.5328808 -0.055250183 0.8443847
vn 0.5328808 -0.055250183 0.8443847
vn 0.52885646 0.014712513 0.8485837
vn 0.52885646 0.014712513 0.8485837
vn 0.52885646 0.014712513 0.8485837
vn 0.52885646 0.014712513 0.8485837
vn 0.5283944 0.017744387 0.84881365
vn 0.5283944 0.017744387 0.84881365
vn 0.5284551 0.0129427 0.8488626
vn -0.81050056 -0.077171065 -0.5806318
vn -0.81050056 -0.077171065 -0.5806318
vn -0.81050056 -0.077171065 -0.5806318
vn -0.81050056 -0.077171065 -0.5806318
vn -0.81798494 -0.009133749 -0.57516724
vn -0.81798494 -0.009133749 -0.57516724
vn -0.81798494 -0.009133749 -0.57516724
vn -0.81798494 -0.009133749 -0.57516724
vn -0.8235935 -0.0077878437 -0.56712705
vn -0.8235935 -0.0077878437 -0.56712705
vn -0.8235935 -0.0077878437 -0.56712705
vn -0.8235935 -0.0077878437 -0.56712705
vn -0.83242273 0.011885575 -0.5540136
vn -0.83242273 0.011885575 -0.5540136
vn -0.83242273 0.011885575 -0.5540136
vn -0.83242273 0.011885575 -0.5540136
vn -0.84131485 0.06401397 -0.5367416
vn -0.84131485 0.06401397 -0.5367416
vn -0.84131485 0.06401397 -0.5367416
vn -0.84131485 0.06401397 -0.5367416
vn 0.3627036 -0.052852646 0.9304046
vn 0.3627036 -0.052852646 0.9304046
vn 0.3627036 -0.052852646 0.9304046
vn 0.3627036 -0.052852646 0.9304046
vn 0.3627036 -0.052852646 0.9304046
vn 0.3627036 -0.052852646 0.9304046
vn 0.36105 0.016626095 0.93239826
vn 0.36105 0.016626095 0.93239826
vn 0.36105 0.016626095 0.93239826
vn 0.36105 0.016626095 0.93239826
vn 0.36105 0.016626095 0.93239826
vn 0.36105 0.016626095 0.93239826
vn 0.37546977 0.014674952 0.9267184
vn 0.37546977 0.014674952 0.9267184
vn 0.37546977 0.014674952 0.9267184
vn 0.18402061 -0.08318848 -0.97939575
vn 0.18402061 -0.08318848 -0.97939575
vn 0.18402061 -0.08318848 -0.97939575
vn 0.18402061 -0.08318848 -0.97939575
vn -0.681683 -0.079073265 -0.72736216
vn -0.681683 -0.079073265 -0.72736216
vn -0.681683 -0.079073265 -0.72736216
vn -0.681683 -0.079073265 -0.72736216
vn 0.18640171 -0.01868134 -0.98229593
vn 0.18640171 -0.01868134 -0.98229593
vn 0.18640171 -0.01868134 -0.98229593
vn 0.18640171 -0.01868134 -0.98229593
vn 0.18639772 -0.016752722 -0.9823315
vn 0.18639772 -0.016752722 -0.9823315
vn 0.18639772 -0.016752722 -0.9823315
vn 0.18639772 -0.016752722 -0.9823315
vn 0.18785267 0.017406397 -0.98204297
vn 0.18785267 0.017406397 -0.98204297
vn 0.18785267 0.017406397 -0.98204297
vn 0.18785267 0.017406397 -0.98204297
vn 0.18846829 0.034463447 -0.98147446
vn 0.18846829 0.034463447 -0.98147446
vn 0.0020581258 -0.01861043 -0.9998247
vn 0.0020581258 -0.01861043 -0.9998247
vn 0.0020581258 -0.01861043 -0.9998247
vn 0.0020581258 -0.01861043 -0.9998247
vn 0.019419746 -0.016542979 -0.99967456
vn 0.019419746 -0.016542979 -0.99967456
vn 0.019419746 -0.016542979 -0.99967456
vn 0.019419746 -0.016542979 -0.99967456
vn 0.04297214 0.018212184 -0.9989102
vn 0.04297214 0.018212184 -0.9989102
vn 0.04297214 0.018212184 -0.9989102
vn 0.04297214 0.018212184 -0.9989102
vn 0.053578854 0.035545908 -0.99793077
vn 0.053578854 0.035545908 -0.99793077
vn 0.00034881482 -0.08299959 -0.9965495
vn 0.00034881482 -0.08299959 -0.9965495
vn 0.00034881482 -0.08299959 -0.9965495
vn 0.00034881482 -0.08299959 -0.9965495
vn -0.6884764 -0.012166341 -0.7251566
vn -0.6884764 -0.012166341 -0.7251566
vn -0.6884764 -0.012166341 -0.7251566
vn -0.6884764 -0.012166341 -0.7251566
vn -0.6883238 -0.010629639 -0.72532564
vn -0.6883238 -0.010629639 -0.72532564
vn -0.6883238 -0.010629639 -0.72532564
vn -0.6883238 -0.010629639 -0.72532564
vn -0.6906317 0.014718679 -0.7230568
vn -0.6906317 0.014718679 -0.7230568
vn -0.6906317 0.014718679 -0.7230568
vn -0.6906317 0.014718679 -0.7230568
vn -0.69148326 0.027368825 -0.72187394
vn -0.69148326 0.027368825 -0.72187394
vn 0.18293144 -0.051219184 0.98179054
vn 0.18293144 -0.051219184 0.98179054
vn 0.18293144 -0.051219184 0.98179054
vn 0.18293144 -0.051219184 0.98179054
vn 0.18138812 0.017956292 0.9832477
vn 0.18138812 0.017956292 0.9832477
vn 0.18138812 0.017956292 0.9832477
vn 0.18138812 0.017956292 0.9832477
vn 0.1811107 0.016159957 0.98332995
vn 0.1811107 0.016159957 0.98332995
vn 0.1811107 0.016159957 0.98332995
vn 0.1811107 0.016159957 0.98332995
vn 0.1814768 -0.018055296 0.98322946
vn 0.1814768 -0.018055296 0.98322946
vn 0.1814768 -0.018055296 0.98322946
vn 0.1814768 -0.018055296 0.98322946
vn 0.18205148 -0.035263844 0.9826565
vn 0.18205148 -0.035263844 0.9826565
vn 0.3624676 -0.083053485 -0.9282884
vn 0.3624676 -0.083053485 -0.9282884
vn 0.3624676 -0.083053485 -0.9282884
vn 0.3624676 -0.083053485 -0.9282884
vn 0.3624676 -0.083053485 -0.9282884
vn 0.3624676 -0.083053485 -0.9282884
vn 0.36689952 -0.018059263 -0.93008524
vn 0.36689952 -0.018059263 -0.93008524
vn 0.36689952 -0.018059263 -0.93008524
vn 0.36689952 -0.018059263 -0.93008524
vn 0.3667645 -0.01626447 -0.93017167
vn 0.3667645 -0.01626447 -0.93017167
vn 0.3667645 -0.01626447 -0.93017167
vn 0.3667645 -0.01626447 -0.93017167
vn 0.36903897 0.016027309 -0.9292757
vn 0.36903897 0.016027309 -0.9292757
vn 0.36903897 0.016027309 -0.9292757
vn 0.36903897 0.016027309 -0.9292757
vn 0.3697618 0.03215861 -0.9285699
vn 0.3697618 0.03215861 -0.9285699
vn -0.5300594 -0.08057031 -0.8441241
vn -0.5300594 -0.08057031 -0.8441241
vn -0.5300594 -0.08057031 -0.8441241
vn -0.5300594 -0.08057031 -0.8441241
vn -0.53474367 -0.014734624 -0.8448858
vn -0.53474367 -0.014734624 -0.8448858
vn -0.53474367 -0.014734624 -0.8448858
vn -0.53474367 -0.014734624 -0.8448858
vn -0.5220912 -0.013228029 -0.8527871
vn -0.52979946 -0.017901516 -0.84793395
vn -0.5220912 -0.013228029 -0.8527871
vn -0.5220912 -0.013228029 -0.8527871
vn -0.50727063 0.01667804 -0.86162543
vn -0.50727063 0.01667804 -0.86162543
vn -0.50727063 0.01667804 -0.86162543
vn -0.50727063 0.01667804 -0.86162543
vn -0.5002942 0.031851724 -0.86526954
vn -0.5002942 0.031851724 -0.86526954
vn -0.0010347681 -0.05042105 0.9987275
vn -0.0010347681 -0.05042105 0.9987275
vn -0.0010347681 -0.05042105 0.9987275
vn -0.0010347681 -0.05042105 0.9987275
vn -0.0024361361 0.018587017 0.99982435
vn -0.0024361361 0.018587017 0.99982435
vn -0.0024361361 0.018587017 0.99982435
vn -0.0024361361 0.018587017 0.99982435
vn -0.019890334 0.016708585 0.9996625
vn -0.019890334 0.016708585 0.9996625
vn -0.019890334 0.016708585 0.9996625
vn -0.019890334 0.016708585 0.9996625
vn -0.04338775 -0.017986147 0.99889636
vn -0.04338775 -0.017986147 0.99889636
vn -0.04338775 -0.017986147 0.99889636
vn -0.04338775 -0.017986147 0.99889636
vn -0.05387932 -0.035406496 0.9979195
vn -0.05387932 -0.035406496 0.9979195
vn 0.5303345 -0.08255422 -0.8437595
vn 0.5303345 -0.08255422 -0.8437595
vn 0.5303345 -0.08255422 -0.8437595
vn 0.5303345 -0.08255422 -0.8437595
vn 0.53642356 -0.016779939 -0.8437822
vn 0.53642356 -0.016779939 -0.8437822
vn 0.53642356 -0.016779939 -0.8437822
vn 0.53642356 -0.016779939 -0.8437822
vn 0.5364766 -0.015183707 -0.8437786
vn 0.5364766 -0.015183707 -0.8437786
vn 0.5364766 -0.015183707 -0.8437786
vn 0.5364766 -0.015183707 -0.8437786
vn 0.5392095 0.014048573 -0.84205455
vn 0.5392095 0.014048573 -0.84205455
vn 0.5392095 0.014048573 -0.84205455
vn 0.5392095 0.014048573 -0.84205455
vn 0.54027766 0.028649554 -0.84099895
vn 0.54027766 0.028649554 -0.84099895
vn -0.36202708 -0.08170142 -0.9285802
vn -0.36202708 -0.08170142 -0.9285802
vn -0.36202708 -0.08170142 -0.9285802
vn -0.36202708 -0.08170142 -0.9285802
vn -0.36761448 -0.016651258 -0.9298291
vn -0.36761448 -0.016651258 -0.9298291
vn -0.36761448 -0.016651258 -0.9298291
vn -0.36761448 -0.016651258 -0.9298291
vn -0.38263658 -0.014713493 -0.92378175
vn -0.38263658 -0.014713493 -0.92378175
vn -0.38263658 -0.014713493 -0.92378175
vn -0.38263658 -0.014713493 -0.92378175
vn -0.40426555 0.017396359 -0.91447616
vn -0.40426555 0.017396359 -0.91447616
vn -0.40426555 0.017396359 -0.91447616
vn -0.40426555 0.017396359 -0.91447616
vn -0.4136236 0.033212584 -0.909842
vn -0.4136236 0.033212584 -0.909842
vn -0.18483585 -0.050486807 0.9814718
vn -0.18483585 -0.050486807 0.9814718
vn -0.18483585 -0.050486807 0.9814718
vn -0.18483585 -0.050486807 0.9814718
vn -0.18291193 0.018592132 0.9829534
vn -0.18291193 0.018592132 0.9829534
vn -0.18291193 0.018592132 0.9829534
vn -0.18291193 0.018592132 0.9829534
vn -0.18261965 0.016633155 0.9830429
vn -0.18261965 0.016633155 0.9830429
vn -0.18261965 0.016633155 0.9830429
vn -0.18261965 0.016633155 0.9830429
vn -0.18318582 -0.017531788 0.98292196
vn -0.18318582 -0.017531788 0.98292196
vn -0.18318582 -0.017531788 0.98292196
vn -0.18318582 -0.017531788 0.98292196
vn -0.18363212 -0.034712985 0.982382
vn -0.18363212 -0.034712985 0.982382
vn 0.68169576 -0.08163473 -0.7270672
vn 0.68169576 -0.08163473 -0.7270672
vn 0.68169576 -0.08163473 -0.7270672
vn 0.68169576 -0.08163473 -0.7270672
vn 0.68169576 -0.08163473 -0.7270672
vn 0.68169576 -0.08163473 -0.7270672
vn 0.68874645 -0.014858537 -0.72485
vn 0.68874645 -0.014858537 -0.72485
vn 0.68874645 -0.014858537 -0.72485
vn 0.68874645 -0.014858537 -0.72485
vn 0.68874645 -0.014858537 -0.72485
vn 0.68874645 -0.014858537 -0.72485
vn 0.68855083 -0.013525577 -0.7250619
vn 0.68855083 -0.013525577 -0.7250619
vn 0.68855083 -0.013525577 -0.7250619
vn 0.68855083 -0.013525577 -0.7250619
vn 0.6896284 -0.0010117963 -0.72416264
vn 0.6896284 -0.0010117963 -0.72416264
vn -0.18344986 -0.0825044 -0.9795607
vn -0.18344986 -0.0825044 -0.9795607
vn -0.18344986 -0.0825044 -0.9795607
vn -0.18344986 -0.0825044 -0.9795607
vn -0.18715905 -0.017911032 -0.98216635
vn -0.18715905 -0.017911032 -0.98216635
vn -0.18715905 -0.017911032 -0.98216635
vn -0.18715905 -0.017911032 -0.98216635
vn -0.20405327 -0.015728373 -0.9788334
vn -0.20405327 -0.015728373 -0.9788334
vn -0.20405327 -0.015728373 -0.9788334
vn -0.20405327 -0.015728373 -0.9788334
vn -0.22736457 0.018372139 -0.97363645
vn -0.22736457 0.018372139 -0.97363645
vn -0.22736457 0.018372139 -0.97363645
vn -0.22736457 0.018372139 -0.97363645
vn -0.23764448 0.03527467 -0.97071147
vn -0.23764448 0.03527467 -0.97071147
vn -0.36419654 -0.051407572 0.92990226
vn -0.36419654 -0.051407572 0.92990226
vn -0.36419654 -0.051407572 0.92990226
vn -0.36419654 -0.051407572 0.92990226
vn -0.3593651 0.018051313 0.93302244
vn -0.3593651 0.018051313 0.93302244
vn -0.3593651 0.018051313 0.93302244
vn -0.3593651 0.018051313 0.93302244
vn -0.3433455 0.01639012 0.93906623
vn -0.3433455 0.01639012 0.93906623
vn -0.3433455 0.01639012 0.93906623
vn -0.3433455 0.01639012 0.93906623
vn -0.32310766 -0.016375894 0.9462205
vn -0.32310766 -0.016375894 0.9462205
vn -0.32310766 -0.016375894 0.9462205
vn -0.32310766 -0.016375894 0.9462205
vn -0.31420758 -0.03303584 0.94877934
vn -0.31420758 -0.03303584 0.94877934
vn 0.810193 -0.08023438 -0.58064586
vn 0.810193 -0.08023438 -0.58064586
vn 0.810193 -0.08023438 -0.58064586
vn 0.810193 -0.08023438 -0.58064586
vn 0.8178994 -0.012340962 -0.5752289
vn 0.8178994 -0.012340962 -0.5752289
vn 0.8178994 -0.012340962 -0.5752289
vn 0.8178994 -0.012340962 -0.5752289
vn 0.82348645 -0.011259104 -0.56722414
vn 0.82348645 -0.011259104 -0.56722414
vn 0.82348645 -0.011259104 -0.56722414
vn 0.82348645 -0.011259104 -0.56722414
vn 0.8322836 0.008064503 -0.55429137
vn 0.8322836 0.008064503 -0.55429137
vn 0.8322836 0.008064503 -0.55429137
vn -0.5339383 -0.05313394 0.8438523
vn -0.5339383 -0.05313394 0.8438523
vn -0.5339383 -0.05313394 0.8438523
vn -0.5339383 -0.05313394 0.8438523
vn -0.5295501 0.016843997 0.8481114
vn -0.5295501 0.016843997 0.8481114
vn -0.5295501 0.016843997 0.8481114
vn -0.52895385 0.015405327 0.84851074
vn -0.5289765 0.020065729 0.84839916
vn -0.52895385 0.015405327 0.84851074
vn -0.52895385 0.015405327 0.84851074
vn -0.52895385 0.015405327 0.84851074
vn -0.53031665 -0.01396687 0.8476846
vn -0.53031665 -0.01396687 0.8476846
vn -0.53031665 -0.01396687 0.8476846
vn -0.53031665 -0.01396687 0.8476846
vn -0.53134334 -0.02873802 0.846669
vn -0.53134334 -0.02873802 0.846669
vn -0.5295501 0.016843997 0.8481114
vn -0.5295501 0.016843997 0.8481114
vn -0.5295501 0.016843997 0.8481114
vn 0.9095517 -0.0782956 -0.40814883
vn 0.9095517 -0.0782956 -0.40814883
vn 0.9095517 -0.0782956 -0.40814883
vn 0.9095517 -0.0782956 -0.40814883
vn 0.9159619 -0.009296065 -0.4011576
vn 0.9159619 -0.009296065 -0.4011576
vn 0.9159619 -0.009296065 -0.4011576
vn 0.9159619 -0.009296065 -0.4011576
vn 0.9158832 -0.008723799 -0.40135023
vn 0.9158832 -0.008723799 -0.40135023
vn 0.9158832 -0.008723799 -0.40135023
vn -0.687679 -0.05557328 0.7238848
vn -0.687679 -0.05557328 0.7238848
vn -0.687679 -0.05557328 0.7238848
vn -0.687679 -0.05557328 0.7238848
vn -0.6831268 0.014952735 0.7301467
vn -0.6831268 0.014952735 0.7301467
vn -0.6831268 0.014952735 0.7301467
vn -0.6831268 0.014952735 0.7301467
vn -0.6826558 0.013754605 0.7306106
vn -0.6826558 0.013754605 0.7306106
vn -0.6826558 0.013754605 0.7306106
vn -0.6842126 -0.01147948 0.7291922
vn -0.6842126 -0.01147948 0.7291922
vn -0.6842126 -0.01147948 0.7291922
vn -0.68519366 -0.024166392 0.72796005
vn -0.68519366 -0.024166392 0.72796005
vn 0.9735969 -0.075786784 -0.21532644
vn 0.9735969 -0.075786784 -0.21532644
vn 0.9735969 -0.075786784 -0.21532644
vn 0.9735969 -0.075786784 -0.21532644
vn 0.97840124 -0.00577289 -0.20663378
vn 0.97840124 -0.00577289 -0.20663378
vn 0.97840124 -0.00577289 -0.20663378
vn 0.97840124 -0.00577289 -0.20663378
vn 0.97759944 -0.0055908426 -0.21039994
vn 0.97759944 -0.0055908426 -0.21039994
vn 0.97759944 -0.0055908426 -0.21039994
vn 0.97759944 -0.0055908426 -0.21039994
vn 0.9767903 0.0016109925 -0.2141917
vn 0.9767903 0.0016109925 -0.2141917
vn 0.9767903 0.0016109925 -0.2141917
vn 0.9767903 0.0016109925 -0.2141917
vn 0.97644776 0.022271384 -0.21460165
vn 0.97644776 0.022271384 -0.21460165
vn 0.97644776 0.022271384 -0.21460165
vn 0.97644776 0.022271384 -0.21460165
vn -0.81798047 -0.05858029 0.57225543
vn -0.81798047 -0.05858029 0.57225543
vn -0.81798047 -0.05858029 0.57225543
vn -0.81798047 -0.05858029 0.57225543
vn -0.8141519 0.0124252625 0.580519
vn -0.8141519 0.0124252625 0.580519
vn -0.8141519 0.0124252625 0.580519
vn -0.8141519 0.0124252625 0.580519
vn -0.813849 0.011517141 0.5809624
vn -0.813849 0.011517141 0.5809624
vn -0.813849 0.011517141 0.5809624
vn -0.813849 0.011517141 0.5809624
vn -0.8151543 -0.008485662 0.5791818
vn -0.8151543 -0.008485662 0.5791818
vn -0.8151543 -0.008485662 0.5791818
vn -0.8151543 -0.008485662 0.5791818
vn -0.8190095 -0.06348143 0.57025737
vn -0.8190095 -0.06348143 0.57025737
vn -0.8190095 -0.06348143 0.57025737
vn -0.8190095 -0.06348143 0.57025737
vn 0.9972945 -0.072738744 -0.010620941
vn 0.9972945 -0.072738744 -0.010620941
vn 0.9972945 -0.072738744 -0.010620941
vn 0.9972945 -0.072738744 -0.010620941
vn 0.9999981 -0.0019667724 -0.0002970302
vn 0.9999981 -0.0019667724 -0.0002970302
vn 0.9999981 -0.0019667724 -0.0002970302
vn 0.9999981 -0.0019667724 -0.0002970302
vn 0.99999774 -0.0021126627 -0.00035507797
vn 0.99999774 -0.0021126627 -0.00035507797
vn 0.99999774 -0.0021126627 -0.00035507797
vn 0.99999774 -0.0021126627 -0.00035507797
vn 0.99999726 -0.0022880423 -0.00043889758
vn 0.99999726 -0.0022880423 -0.00043889758
vn 0.99999726 -0.0022880423 -0.00043889758
vn 0.99999726 -0.0022880423 -0.00043889758
vn 0.9999969 -0.0024587563 -0.00053578854
vn 0.9999969 -0.0024587563 -0.00053578854
vn 0.99999666 -0.0025196746 -0.0005864632
vn 0.99999666 -0.0025196746 -0.0005864632
vn 0.99999666 -0.0025196746 -0.0005864632
vn 0.99999666 -0.0025196746 -0.0005864632
vn 0.9999975 -0.0021697755 -0.00053808535
vn 0.9999975 -0.0021697755 -0.00053808535
vn 1 0 0
vn 1 0 0
vn 1 0 0
vn 1 0 0
vn 1 0 0
vn 1 0 0
vn 0.9999995 -0.0010042059 -0.00031537173
vn 0.9999995 -0.0010042059 -0.00031537173
vn 0.9999924 -0.0037821503 -0.0010612217
vn 0.9999924 -0.0037821503 -0.0010612217
vn -0.9170764 -0.06195407 0.39386863
vn -0.9170764 -0.06195407 0.39386863
vn -0.9170764 -0.06195407 0.39386863
vn -0.9170764 -0.06195407 0.39386863
vn -0.9148414 0.009328412 0.40370554
vn -0.9148414 0.009328412 0.40370554
vn -0.9148414 0.009328412 0.40370554
vn -0.9148414 0.009328412 0.40370554
vn -0.9148414 0.009328412 0.40370554
vn -0.9148414 0.009328412 0.40370554
vn -0.91469705 0.008750161 0.40404558
vn -0.91469705 0.008750161 0.40404558
vn -0.91469705 0.008750161 0.40404558
vn 0.53797346 -0.21707524 0.81453234
vn 0.53797346 -0.21707524 0.81453234
vn 0.53797346 -0.21707524 0.81453234
vn 0.53797346 -0.21707524 0.81453234
vn -0.08373498 -0.5087088 0.85685694
vn -0.08373498 -0.5087088 0.85685694
vn -0.08373498 -0.5087088 0.85685694
vn -0.08373498 -0.5087088 0.85685694
vn -0.42772835 0.7023066 -0.5690464
vn -0.42772835 0.7023066 -0.5690464
vn -0.42772835 0.7023066 -0.5690464
vn -0.42772835 0.7023066 -0.5690464
vn -0.39060628 0.7152308 -0.5795443
vn -0.39060628 0.7152308 -0.5795443
vn -0.662676 0.49804386 -0.55929667
vn -0.662676 0.49804386 -0.55929667
vn -0.662676 0.49804386 -0.55929667
vn -0.662676 0.49804386 -0.55929667
vn -0.6599394 0.52847826 -0.53403246
vn -0.6599394 0.52847826 -0.53403246
vn 0.0811384 0.37581939 -0.92313397
vn 0.0811384 0.37581939 -0.92313397
vn 0.0811384 0.37581939 -0.92313397
vn 0.0811384 0.37581939 -0.92313397
vn -0.8466035 0.20191896 -0.4924341
vn -0.8466035 0.20191896 -0.4924341
vn -0.8466035 0.20191896 -0.4924341
vn -0.8466035 0.20191896 -0.4924341
vn -0.9199097 0.102918826 -0.37838316
vn -0.9199097 0.102918826 -0.37838316
vn -0.9199097 0.102918826 -0.37838316
vn -0.9199097 0.102918826 -0.37838316
vn 0.43112242 -0.338423 0.836423
vn 0.43112242 -0.338423 0.836423
vn 0.43112242 -0.338423 0.836423
vn 0.43112242 -0.338423 0.836423
vn 0.19295269 0.2523812 -0.94819456
vn 0.19295269 0.2523812 -0.94819456
vn 0.19295269 0.2523812 -0.94819456
vn 0.19295269 0.2523812 -0.94819456
vn 0.19279134 0.36955515 -0.9089887
vn 0.19279134 0.36955515 -0.9089887
vn 0.19279134 0.36955515 -0.9089887
vn 0.19279134 0.36955515 -0.9089887
vn 0.19279134 0.36955515 -0.9089887
vn 0.19279134 0.36955515 -0.9089887
vn 0.07357269 0.2570542 -0.96359235
vn 0.07357269 0.2570542 -0.96359235
vn 0.07357269 0.2570542 -0.96359235
vn 0.07357269 0.2570542 -0.96359235
vn -0.6962185 0.2717142 -0.66441804
vn -0.6962185 0.2717142 -0.66441804
vn -0.6962185 0.2717142 -0.66441804
vn -0.6962185 0.2717142 -0.66441804
vn 0.18550599 -0.25141203 0.9499366
vn 0.18550599 -0.25141203 0.9499366
vn 0.18550599 -0.25141203 0.9499366
vn 0.18550599 -0.25141203 0.9499366
vn 0.18444663 -0.36780465 0.91142696
vn 0.18444663 -0.36780465 0.91142696
vn 0.18444663 -0.36780465 0.91142696
vn 0.18444663 -0.36780465 0.91142696
vn 0.37638566 0.2377309 -0.89544284
vn 0.37638566 0.2377309 -0.89544284
vn 0.37638566 0.2377309 -0.89544284
vn 0.37638566 0.2377309 -0.89544284
vn 0.37585008 0.3485065 -0.8586501
vn 0.37585008 0.3485065 -0.8586501
vn 0.37585008 0.3485065 -0.8586501
vn 0.37585008 0.3485065 -0.8586501
vn -0.49285322 0.22510138 -0.840491
vn -0.49285322 0.22510138 -0.840491
vn -0.49285322 0.22510138 -0.840491
vn -0.49285322 0.22510138 -0.840491
vn -0.49285322 0.22510138 -0.840491
vn -0.49285322 0.22510138 -0.840491
vn -0.48509318 0.33028555 -0.8096889
vn -0.48509318 0.33028555 -0.8096889
vn -0.48509318 0.33028555 -0.8096889
vn -0.48509318 0.33028555 -0.8096889
vn -0.07377215 -0.25467992 0.96420735
vn -0.07377215 -0.25467992 0.96420735
vn -0.07377215 -0.25467992 0.96420735
vn -0.07377215 -0.25467992 0.96420735
vn -0.081585616 -0.37256956 0.92441094
vn -0.081585616 -0.37256956 0.92441094
vn -0.081585616 -0.37256956 0.92441094
vn -0.081585616 -0.37256956 0.92441094
vn 0.54816794 0.2139832 -0.8085314
vn 0.54816794 0.2139832 -0.8085314
vn 0.54816794 0.2139832 -0.8085314
vn 0.54816794 0.2139832 -0.8085314
vn 0.5470516 0.3142483 -0.7758754
vn 0.5470516 0.3142483 -0.7758754
vn 0.5470516 0.3142483 -0.7758754
vn 0.5470516 0.3142483 -0.7758754
vn -0.43507126 0.2328604 -0.8697638
vn -0.43507126 0.2328604 -0.8697638
vn -0.43507126 0.2328604 -0.8697638
vn -0.43507126 0.2328604 -0.8697638
vn -0.4400861 0.33918747 -0.83143014
vn -0.4400861 0.33918747 -0.83143014
vn -0.4400861 0.33918747 -0.83143014
vn -0.4400861 0.33918747 -0.83143014
vn -0.18733162 -0.25077856 0.9497457
vn -0.18733162 -0.25077856 0.9497457
vn -0.18733162 -0.25077856 0.9497457
vn -0.18733162 -0.25077856 0.9497457
vn -0.18651825 -0.3672301 0.91123706
vn -0.18651825 -0.3672301 0.91123706
vn -0.18651825 -0.3672301 0.91123706
vn -0.18651825 -0.3672301 0.91123706
vn 0.69863987 0.18236972 -0.69184077
vn 0.69863987 0.18236972 -0.69184077
vn 0.69863987 0.18236972 -0.69184077
vn 0.69863987 0.18236972 -0.69184077
vn 0.69863987 0.18236972 -0.69184077
vn 0.69863987 0.18236972 -0.69184077
vn 0.6973334 0.2684496 -0.66457576
vn 0.6973334 0.2684496 -0.66457576
vn 0.6973334 0.2684496 -0.66457576
vn 0.6973334 0.2684496 -0.66457576
vn 0.6973334 0.2684496 -0.66457576
vn 0.6973334 0.2684496 -0.66457576
vn -0.25936496 0.24972403 -0.932935
vn -0.25936496 0.24972403 -0.932935
vn -0.25936496 0.24972403 -0.932935
vn -0.25936496 0.24972403 -0.932935
vn -0.26592872 0.3641481 -0.89256823
vn -0.26592872 0.3641481 -0.89256823
vn -0.26592872 0.3641481 -0.89256823
vn -0.26592872 0.3641481 -0.89256823
vn -0.3026456 -0.24287832 0.9216375
vn -0.3026456 -0.24287832 0.9216375
vn -0.3026456 -0.24287832 0.9216375
vn -0.3026456 -0.24287832 0.9216375
vn -0.2937618 -0.35697347 0.88672096
vn -0.2937618 -0.35697347 0.88672096
vn -0.2937618 -0.35697347 0.88672096
vn -0.2937618 -0.35697347 0.88672096
vn 0.84591293 0.13493142 -0.5159698
vn 0.84591293 0.13493142 -0.5159698
vn 0.84591293 0.13493142 -0.5159698
vn 0.84591293 0.13493142 -0.5159698
vn 0.847153 0.19811463 -0.49303398
vn 0.847153 0.19811463 -0.49303398
vn 0.847153 0.19811463 -0.49303398
vn 0.847153 0.19811463 -0.49303398
vn -0.53928816 -0.2138177 0.8145246
vn -0.53928816 -0.2138177 0.8145246
vn -0.53928816 -0.2138177 0.8145246
vn -0.53928816 -0.2138177 0.8145246
vn -0.53752035 -0.3142995 0.78248817
vn -0.53752035 -0.3142995 0.78248817
vn -0.53752035 -0.3142995 0.78248817
vn -0.53752035 -0.3142995 0.78248817
vn 0.9199882 0.09826823 -0.37942722
vn 0.9199882 0.09826823 -0.37942722
vn 0.9199882 0.09826823 -0.37942722
vn 0.9199882 0.09826823 -0.37942722
vn 0.9194225 0.14585915 -0.3652223
vn 0.9194225 0.14585915 -0.3652223
vn 0.9194225 0.14585915 -0.3652223
vn 0.9194225 0.14585915 -0.3652223
vn -0.69255656 -0.18265796 0.697855
vn -0.69255656 -0.18265796 0.697855
vn -0.69255656 -0.18265796 0.697855
vn -0.69255656 -0.18265796 0.697855
vn -0.69085705 -0.26912174 0.6710365
vn -0.69085705 -0.26912174 0.6710365
vn -0.69085705 -0.26912174 0.6710365
vn -0.69085705 -0.26912174 0.6710365
vn 0.9764216 0.05294871 -0.2092779
vn 0.9764216 0.05294871 -0.2092779
vn 0.9764216 0.05294871 -0.2092779
vn 0.9764216 0.05294871 -0.2092779
vn 0.9758354 0.08006107 -0.20331134
vn 0.9758354 0.08006107 -0.20331134
vn 0.97087985 0.15905905 -0.17914373
vn 0.97087985 0.15905905 -0.17914373
vn 0.9705211 0.16921419 -0.17162575
vn 0.9705211 0.16921419 -0.17162575
vn 0.9705211 0.16921419 -0.17162575
vn 0.9705211 0.16921419 -0.17162575
vn 0.9678255 0.19486156 -0.15919438
vn 0.9678255 0.19486156 -0.15919438
vn -0.8213478 -0.14382976 0.5519972
vn -0.8213478 -0.14382976 0.5519972
vn -0.8213478 -0.14382976 0.5519972
vn -0.8213478 -0.14382976 0.5519972
vn -0.8201201 -0.21254113 0.5312527
vn -0.8201201 -0.21254113 0.5312527
vn -0.8201201 -0.21254113 0.5312527
vn -0.8201201 -0.21254113 0.5312527
vn -0.91877323 -0.09872671 0.38224167
vn -0.91877323 -0.09872671 0.38224167
vn -0.91877323 -0.09872671 0.38224167
vn -0.91877323 -0.09872671 0.38224167
vn -0.91816914 -0.14653711 0.3680929
vn -0.91816914 -0.14653711 0.3680929
vn -0.91816914 -0.14653711 0.3680929
vn -0.91816914 -0.14653711 0.3680929
vn -0.9822253 -0.068379566 0.17480782
vn -0.9822253 -0.068379566 0.17480782
vn -0.9822253 -0.068379566 0.17480782
vn 0.91868234 -0.103376836 0.38122946
vn 0.91868234 -0.103376836 0.38122946
vn 0.91868234 -0.103376836 0.38122946
vn 0.91868234 -0.103376836 0.38122946
vn 0.91785175 -0.15058544 0.36724946
vn 0.91785175 -0.15058544 0.36724946
vn 0.91785175 -0.15058544 0.36724946
vn 0.91785175 -0.15058544 0.36724946
vn 0.8211424 -0.14802413 0.5511934
vn 0.8211424 -0.14802413 0.5511934
vn 0.8211424 -0.14802413 0.5511934
vn 0.8211424 -0.14802413 0.5511934
vn 0.8196762 -0.21615835 0.5304777
vn 0.8196762 -0.21615835 0.5304777
vn 0.8196762 -0.21615835 0.5304777
vn 0.8196762 -0.21615835 0.5304777
vn -0.44480422 0.6302282 -0.6363659
vn -0.44480422 0.6302282 -0.6363659
vn -0.44480422 0.6302282 -0.6363659
vn -0.44480422 0.6302282 -0.6363659
vn -0.40823454 0.6425619 -0.6484278
vn -0.40823454 0.6425619 -0.6484278
vn -0.44790748 0.5947764 -0.66754776
vn -0.41107062 0.6065884 -0.6804934
vn -0.41107062 0.6065884 -0.6804934
vn -0.41107062 0.6065884 -0.6804934
vn -0.41107062 0.6065884 -0.6804934
vn -0.4049914 -0.8150817 0.41427508
vn -0.4049914 -0.8150817 0.41427508
vn -0.4049914 -0.8150817 0.41427508
vn -0.4049914 -0.8150817 0.41427508
vn 0.0447888 0.91845584 -0.39297938
vn 0.0447888 0.91845584 -0.39297938
vn 0.0447888 0.91845584 -0.39297938
vn 0.0447888 0.91845584 -0.39297938
vn -0.15164454 0.90878725 -0.3887283
vn -0.15164454 0.90878725 -0.3887283
vn -0.15164454 0.90878725 -0.3887283
vn -0.15164454 0.90878725 -0.3887283
vn -0.18779 0.86997527 -0.45593625
vn -0.18779 0.86997527 -0.45593625
vn -0.18779 0.86997527 -0.45593625
vn -0.18779 0.86997527 -0.45593625
vn -0.18779 0.86997527 -0.45593625
vn -0.18779 0.86997527 -0.45593625
vn 0.5372158 0.4325969 -0.7240574
vn 0.5372158 0.4325969 -0.7240574
vn 0.5372158 0.4325969 -0.7240574
vn 0.5372158 0.4325969 -0.7240574
vn -0.07604303 -0.7739931 0.6286113
vn -0.07604303 -0.7739931 0.6286113
vn -0.07604303 -0.7739931 0.6286113
vn -0.07604303 -0.7739931 0.6286113
vn 0.16862571 -0.65203726 0.7391975
vn 0.16862571 -0.65203726 0.7391975
vn 0.16862571 -0.65203726 0.7391975
vn 0.16862571 -0.65203726 0.7391975
vn 0.16742961 -0.68934804 0.70481664
vn 0.16742961 -0.68934804 0.70481664
vn 0.16742961 -0.68934804 0.70481664
vn 0.16742961 -0.68934804 0.70481664
vn -0.43390143 0.46296516 -0.77291185
vn -0.43390143 0.46296516 -0.77291185
vn -0.43390143 0.46296516 -0.77291185
vn -0.43390143 0.46296516 -0.77291185
vn -0.47198352 0.4529435 -0.7563556
vn -0.47198352 0.4529435 -0.7563556
vn 0.49175453 0.67601615 -0.5487983
vn 0.49175453 0.67601615 -0.5487983
vn 0.49175453 0.67601615 -0.5487983
vn 0.49175453 0.67601615 -0.5487983
vn 0.34744158 0.62398523 -0.6999478
vn 0.34744158 0.62398523 -0.6999478
vn 0.34744158 0.62398523 -0.6999478
vn 0.34744158 0.62398523 -0.6999478
vn 0.3450625 0.66066647 -0.666672
vn 0.3450625 0.66066647 -0.666672
vn 0.3450625 0.66066647 -0.666672
vn 0.3450625 0.66066647 -0.666672
vn -0.17062669 -0.6890356 0.7043554
vn -0.17062669 -0.6890356 0.7043554
vn -0.17062669 -0.6890356 0.7043554
vn -0.17062669 -0.6890356 0.7043554
vn -0.16267268 -0.7658619 0.6220878
vn -0.16267268 -0.7658619 0.6220878
vn -0.16267268 -0.7658619 0.6220878
vn -0.16267268 -0.7658619 0.6220878
vn 0.6616636 0.5273896 -0.53297424
vn 0.6616636 0.5273896 -0.53297424
vn 0.6616636 0.5273896 -0.53297424
vn 0.6641918 0.49714965 -0.5582934
vn 0.6641918 0.49714965 -0.5582934
vn 0.6616636 0.5273896 -0.53297424
vn 0.6616636 0.5273896 -0.53297424
vn 0.6616636 0.5273896 -0.53297424
vn 0.643846 0.5939096 -0.4824249
vn 0.643846 0.5939096 -0.4824249
vn 0.643846 0.5939096 -0.4824249
vn 0.643846 0.5939096 -0.4824249
vn -0.24527764 0.68256176 -0.68843913
vn -0.24527764 0.68256176 -0.68843913
vn -0.24527764 0.68256176 -0.68843913
vn -0.24527764 0.68256176 -0.68843913
vn -0.23316608 0.75544184 -0.6123245
vn -0.23316608 0.75544184 -0.6123245
vn -0.23316608 0.75544184 -0.6123245
vn -0.23316608 0.75544184 -0.6123245
vn -0.23316608 0.75544184 -0.6123245
vn -0.23316608 0.75544184 -0.6123245
vn -0.26494282 -0.67439693 0.68919826
vn -0.26494282 -0.67439693 0.68919826
vn -0.26494282 -0.67439693 0.68919826
vn -0.26494282 -0.67439693 0.68919826
vn -0.2526302 -0.75098294 0.61008406
vn -0.2526302 -0.75098294 0.61008406
vn -0.2526302 -0.75098294 0.61008406
vn -0.2526302 -0.75098294 0.61008406
vn 0.8239858 0.39831397 -0.40298072
vn 0.8239858 0.39831397 -0.40298072
vn 0.8239858 0.39831397 -0.40298072
vn 0.8239858 0.39831397 -0.40298072
vn 0.82565904 0.3750006 -0.42149934
vn 0.82565904 0.3750006 -0.42149934
vn 0.8106485 0.4542943 -0.3694126
vn 0.8106485 0.4542943 -0.3694126
vn 0.8106485 0.4542943 -0.3694126
vn 0.8106485 0.4542943 -0.3694126
vn 0.077835016 0.7019764 -0.7079342
vn 0.077835016 0.7019764 -0.7079342
vn 0.077835016 0.7019764 -0.7079342
vn 0.077835016 0.7019764 -0.7079342
vn 0.077835016 0.7019764 -0.7079342
vn 0.077835016 0.7019764 -0.7079342
vn 0.0737008 0.7745695 -0.6281801
vn 0.0737008 0.7745695 -0.6281801
vn 0.0737008 0.7745695 -0.6281801
vn 0.0737008 0.7745695 -0.6281801
vn -0.5017264 -0.6051497 0.6181135
vn -0.5017264 -0.6051497 0.6181135
vn -0.5017264 -0.6051497 0.6181135
vn -0.5017264 -0.6051497 0.6181135
vn -0.5040272 -0.5715936 0.6474854
vn -0.48280525 -0.67958003 0.5523316
vn -0.48280525 -0.67958003 0.5523316
vn -0.48280525 -0.67958003 0.5523316
vn -0.48280525 -0.67958003 0.5523316
vn 0.9045647 0.29951257 -0.3034057
vn 0.9045647 0.29951257 -0.3034057
vn 0.9045647 0.29951257 -0.3034057
vn 0.9045647 0.29951257 -0.3034057
vn 0.9055921 0.28176555 -0.31703505
vn 0.9055921 0.28176555 -0.31703505
vn 0.8964268 0.3436853 -0.27982014
vn 0.8964268 0.3436853 -0.27982014
vn 0.8964268 0.3436853 -0.27982014
vn 0.8964268 0.3436853 -0.27982014
vn -0.6560346 -0.52821696 0.5390783
vn -0.6560346 -0.52821696 0.5390783
vn -0.6560346 -0.52821696 0.5390783
vn -0.65808797 -0.49849197 0.56429243
vn -0.65808797 -0.49849197 0.56429243
vn -0.6560346 -0.52821696 0.5390783
vn -0.6560346 -0.52821696 0.5390783
vn -0.6560346 -0.52821696 0.5390783
vn -0.6373645 -0.59787637 0.48611754
vn -0.6373645 -0.59787637 0.48611754
vn -0.6373645 -0.59787637 0.48611754
vn -0.6373645 -0.59787637 0.48611754
vn -0.6373645 -0.59787637 0.48611754
vn -0.6373645 -0.59787637 0.48611754
vn -0.79342514 -0.4262193 0.4345269
vn -0.79342514 -0.4262193 0.4345269
vn -0.79342514 -0.4262193 0.4345269
vn -0.79342514 -0.4262193 0.4345269
vn -0.7950404 -0.40176713 0.45441604
vn -0.7950404 -0.40176713 0.45441604
vn -0.7786415 -0.48673356 0.39598978
vn -0.7786415 -0.48673356 0.39598978
vn -0.7786415 -0.48673356 0.39598978
vn -0.7786415 -0.48673356 0.39598978
vn -0.90335315 -0.30051848 0.30600923
vn -0.90335315 -0.30051848 0.30600923
vn -0.90335315 -0.30051848 0.30600923
vn -0.90335315 -0.30051848 0.30600923
vn -0.90430784 -0.28290823 0.31967214
vn -0.90430784 -0.28290823 0.31967214
vn -0.8949612 -0.3459088 0.28176513
vn -0.8949612 -0.3459088 0.28176513
vn -0.8949612 -0.3459088 0.28176513
vn -0.8949612 -0.3459088 0.28176513
vn 0.97871864 -0.1438745 0.1463217
vn 0.97871864 -0.1438745 0.1463217
vn 0.97871864 -0.1438745 0.1463217
vn 0.97871864 -0.1438745 0.1463217
vn 0.97641855 -0.16816494 0.13537827
vn 0.97641855 -0.16816494 0.13537827
vn 0.97894317 -0.1353674 0.15279394
vn 0.97894317 -0.1353674 0.15279394
vn -0.978746 -0.14379236 0.14621918
vn -0.978746 -0.14379236 0.14621918
vn -0.978746 -0.14379236 0.14621918
vn -0.978746 -0.14379236 0.14621918
vn -0.9766896 -0.16613585 0.13592769
vn -0.9766896 -0.16613585 0.13592769
vn -0.9789702 -0.1352854 0.15269253
vn 0.903143 -0.30081055 0.3063426
vn 0.903143 -0.30081055 0.3063426
vn 0.903143 -0.30081055 0.3063426
vn 0.903143 -0.30081055 0.3063426
vn 0.90414643 -0.28312552 0.3199362
vn 0.90414643 -0.28312552 0.3199362
vn 0.89423686 -0.34801248 0.28147423
vn 0.89423686 -0.34801248 0.28147423
vn 0.89423686 -0.34801248 0.28147423
vn 0.89423686 -0.34801248 0.28147423
vn 0.89423686 -0.34801248 0.28147423
vn 0.89423686 -0.34801248 0.28147423
vn -1 1.0597E-06 -9.620506E-07
vn -1 1.0597E-06 -9.620506E-07
vn -1 1.0597E-06 -9.620506E-07
vn -0.9999995 0.0010053586 0.00031470487
vn -0.99999225 0.0037832828 0.0010610425
vn -0.99999225 0.0037832828 0.0010610425
vn 0.7928411 -0.42673516 0.4350863
vn 0.7928411 -0.42673516 0.4350863
vn 0.7928411 -0.42673516 0.4350863
vn 0.7928411 -0.42673516 0.4350863
vn 0.7947017 -0.40205175 0.4547566
vn 0.7947017 -0.40205175 0.4547566
vn 0.77721685 -0.48895016 0.39605764
vn 0.77721685 -0.48895016 0.39605764
vn 0.77721685 -0.48895016 0.39605764
vn 0.77721685 -0.48895016 0.39605764
vn 0.603995 -0.5578096 0.56924367
vn 0.603995 -0.5578096 0.56924367
vn 0.603995 -0.5578096 0.56924367
vn 0.603995 -0.5578096 0.56924367
vn 0.60698175 -0.52616954 0.59558266
vn 0.60698175 -0.52616954 0.59558266
vn 0.5840492 -0.6304955 0.51123583
vn 0.5840492 -0.6304955 0.51123583
vn 0.5840492 -0.6304955 0.51123583
vn 0.5840492 -0.6304955 0.51123583
vn -0.9044077 0.29976255 -0.3036269
vn -0.9044077 0.29976255 -0.3036269
vn -0.9044077 0.29976255 -0.3036269
vn -0.9044077 0.29976255 -0.3036269
vn -0.90547985 0.28193006 -0.31720918
vn -0.90547985 0.28193006 -0.31720918
vn -0.8957844 0.34569463 -0.27940196
vn -0.8957844 0.34569463 -0.27940196
vn -0.8957844 0.34569463 -0.27940196
vn -0.8957844 0.34569463 -0.27940196
vn 0.4995359 -0.6060896 0.6189663
vn 0.4995359 -0.6060896 0.6189663
vn 0.4995359 -0.6060896 0.6189663
vn 0.4995359 -0.6060896 0.6189663
vn 0.5018784 -0.57247597 0.6483744
vn 0.5018784 -0.57247597 0.6483744
vn 0.48018724 -0.6812251 0.5525871
vn 0.48018724 -0.6812251 0.5525871
vn 0.48018724 -0.6812251 0.5525871
vn 0.48018724 -0.6812251 0.5525871
vn -0.823344 0.39898804 -0.403625
vn -0.823344 0.39898804 -0.403625
vn -0.823344 0.39898804 -0.403625
vn -0.823344 0.39898804 -0.403625
vn -0.8251131 0.37553504 -0.42209217
vn -0.8251131 0.37553504 -0.42209217
vn -0.80941737 0.4565246 -0.36936274
vn -0.80941737 0.4565246 -0.36936274
vn -0.80941737 0.4565246 -0.36936274
vn -0.80941737 0.4565246 -0.36936274
vn 0.40207842 -0.64035904 0.6544258
vn 0.40207842 -0.64035904 0.6544258
vn 0.40207842 -0.64035904 0.6544258
vn 0.40207842 -0.64035904 0.6544258
vn 0.40363625 -0.6053605 0.68601483
vn 0.40363625 -0.6053605 0.68601483
vn 0.3845237 -0.716823 0.58164114
vn 0.3845237 -0.716823 0.58164114
vn 0.3845237 -0.716823 0.58164114
vn 0.3845237 -0.716823 0.58164114
vn 0.17521901 0.6931465 -0.69917536
vn 0.17521901 0.6931465 -0.69917536
vn 0.17521901 0.6931465 -0.69917536
vn 0.17521901 0.6931465 -0.69917536
vn 0.16749029 0.765653 -0.6210655
vn 0.16749029 0.765653 -0.6210655
vn 0.16749029 0.765653 -0.6210655
vn 0.16749029 0.765653 -0.6210655
vn 0.057691973 0.8838783 -0.46414518
vn 0.057691973 0.8838783 -0.46414518
vn 0.057691973 0.8838783 -0.46414518
vn 0.057691973 0.8838783 -0.46414518
vn 0.05580253 0.8104379 -0.58316076
vn 0.05580253 0.8104379 -0.58316076
vn 0.05580253 0.8104379 -0.58316076
vn 0.13833685 0.80129606 -0.5820546
vn 0.13833685 0.80129606 -0.5820546
vn 0.13833685 0.80129606 -0.5820546
vn 0.28176102 0.76331514 -0.581344
vn 0.28176102 0.76331514 -0.581344
vn 0.28176102 0.76331514 -0.581344
vn 0.44238105 0.68765676 -0.57569706
vn 0.44238105 0.68765676 -0.57569706
vn 0.44238105 0.68765676 -0.57569706
vn 0.61835706 0.5554944 -0.555932
vn 0.61835706 0.5554944 -0.555932
vn 0.61835706 0.5554944 -0.555932
vn 0.82886714 0.27969563 -0.48450965
vn 0.82886714 0.27969563 -0.48450965
vn 0.82886714 0.27969563 -0.48450965
vn 0.9171395 0.033597663 -0.39714774
vn 0.9171395 0.033597663 -0.39714774
vn 0.9171395 0.033597663 -0.39714774
vn 0.9265427 -0.2679325 -0.26406592
vn 0.9265427 -0.2679325 -0.26406592
vn 0.9265427 -0.2679325 -0.26406592
vn 0.8190477 -0.5652087 -0.09848893
vn 0.8190477 -0.5652087 -0.09848893
vn 0.8190477 -0.5652087 -0.09848893
vn 0.68483484 -0.7285881 0.012673027
vn 0.68483484 -0.7285881 0.012673027
vn 0.68483484 -0.7285881 0.012673027
vn 0.54509586 -0.8330108 0.094675355
vn 0.54509586 -0.8330108 0.094675355
vn 0.54509586 -0.8330108 0.094675355
vn 0.426623 -0.892296 0.14765036
vn 0.426623 -0.892296 0.14765036
vn 0.426623 -0.892296 0.14765036
vn 0.30036145 -0.934593 0.19057474
vn 0.30036145 -0.934593 0.19057474
vn 0.30036145 -0.934593 0.19057474
vn 0.23070213 -0.9504447 0.20840186
vn 0.23070213 -0.9504447 0.20840186
vn 0.23070213 -0.9504447 0.20840186
vn 0.17189045 -0.9604091 0.21924411
vn 0.17189045 -0.9604091 0.21924411
vn 0.17189045 -0.9604091 0.21924411
vn 0.071506575 -0.9704788 0.23034297
vn 0.071506575 -0.9704788 0.23034297
vn 0.071506575 -0.9704788 0.23034297
vn -0.027597593 -0.97191226 0.23371993
vn -0.027597593 -0.97191226 0.23371993
vn -0.027597593 -0.97191226 0.23371993
vn -0.076844 -0.96968776 0.2319498
vn -0.076844 -0.96968776 0.2319498
vn -0.076844 -0.96968776 0.2319498
vn -0.1285822 -0.9654337 0.22672556
vn -0.1285822 -0.9654337 0.22672556
vn -0.1285822 -0.9654337 0.22672556
vn -0.23522386 -0.9493693 0.20824885
vn -0.23522386 -0.9493693 0.20824885
vn -0.23522386 -0.9493693 0.20824885
vn -0.3265377 -0.9268843 0.18509069
vn -0.3265377 -0.9268843 0.18509069
vn -0.3265377 -0.9268843 0.18509069
vn -0.4299921 -0.8902975 0.14992376
vn -0.4299921 -0.8902975 0.14992376
vn -0.4299921 -0.8902975 0.14992376
vn -0.5493852 -0.82991356 0.09705275
vn -0.5493852 -0.82991356 0.09705275
vn -0.5493852 -0.82991356 0.09705275
vn -0.6904071 -0.7232733 0.01462556
vn -0.6904071 -0.7232733 0.01462556
vn -0.6904071 -0.7232733 0.01462556
vn -0.825128 -0.5565347 -0.097122744
vn -0.825128 -0.5565347 -0.097122744
vn -0.825128 -0.5565347 -0.097122744
vn -0.9302313 -0.2560094 -0.262924
vn -0.9302313 -0.2560094 -0.262924
vn -0.9302313 -0.2560094 -0.262924
vn -0.9174249 0.04571494 -0.3952742
vn -0.9174249 0.04571494 -0.3952742
vn -0.9174249 0.04571494 -0.3952742
vn -0.82650846 0.29058793 -0.48212272
vn -0.82650846 0.29058793 -0.48212272
vn -0.82650846 0.29058793 -0.48212272
vn -0.61399657 0.5627872 -0.5534247
vn -0.61399657 0.5627872 -0.5534247
vn -0.61399657 0.5627872 -0.5534247
vn -0.37903813 0.7257213 -0.5741591
vn -0.37903813 0.7257213 -0.5741591
vn -0.37903813 0.7257213 -0.5741591
vn -0.33176544 0.7471925 -0.5758776
vn -0.33176544 0.7471925 -0.5758776
vn -0.33176544 0.7471925 -0.5758776
vn -0.18849707 0.79084164 -0.5822701
vn -0.18849707 0.79084164 -0.5822701
vn -0.18849707 0.79084164 -0.5822701
vn 0.85405576 0.46075594 -0.24143901
vn 0.85405576 0.46075594 -0.24143901
vn 0.85405576 0.46075594 -0.24143901
vn 0.85405576 0.46075594 -0.24143901
vn -0.3200041 -0.89278084 0.3170799
vn -0.3200041 -0.89278084 0.3170799
vn -0.3200041 -0.89278084 0.3170799
vn -0.3200041 -0.89278084 0.3170799
vn -0.16616292 -0.92861766 0.3317517
vn -0.16616292 -0.92861766 0.3317517
vn -0.16616292 -0.92861766 0.3317517
vn -0.16616292 -0.92861766 0.3317517
vn -0.20846143 -0.8724035 0.44210398
vn -0.20846143 -0.8724035 0.44210398
vn -0.20846143 -0.8724035 0.44210398
vn -0.20846143 -0.8724035 0.44210398
vn -0.20846143 -0.8724035 0.44210398
vn -0.20846143 -0.8724035 0.44210398
vn -0.5539834 -0.74159175 0.37834385
vn -0.5539834 -0.74159175 0.37834385
vn -0.5539834 -0.74159175 0.37834385
vn -0.5539834 -0.74159175 0.37834385
vn 0.81770545 0.5204381 -0.2459717
vn 0.81770545 0.5204381 -0.2459717
vn 0.81770545 0.5204381 -0.2459717
vn 0.81770545 0.5204381 -0.2459717
vn 0.6855429 0.66346854 -0.299734
vn 0.6855429 0.66346854 -0.299734
vn 0.6855429 0.66346854 -0.299734
vn 0.6855429 0.66346854 -0.299734
vn 0.74584275 0.5900097 -0.30920404
vn 0.74584275 0.5900097 -0.30920404
vn 0.74584275 0.5900097 -0.30920404
vn 0.74584275 0.5900097 -0.30920404
vn -0.4499654 -0.842282 0.29680318
vn -0.4499654 -0.842282 0.29680318
vn -0.4499654 -0.842282 0.29680318
vn -0.4499654 -0.842282 0.29680318
vn 0.952947 0.26813212 -0.1414114
vn 0.952947 0.26813212 -0.1414114
vn 0.952947 0.26813212 -0.1414114
vn 0.952947 0.26813212 -0.1414114
vn 0.9468946 0.28147057 -0.15545097
vn 0.9468946 0.28147057 -0.15545097
vn -0.70706934 -0.62924874 0.3226435
vn -0.70706934 -0.62924874 0.3226435
vn -0.70706934 -0.62924874 0.3226435
vn -0.70706934 -0.62924874 0.3226435
vn -0.5990158 -0.756604 0.2621648
vn -0.5990158 -0.756604 0.2621648
vn -0.5990158 -0.756604 0.2621648
vn -0.5990158 -0.756604 0.2621648
vn 0.996914 -0.076742984 -0.016517201
vn 0.996914 -0.076742984 -0.016517201
vn 0.996914 -0.076742984 -0.016517201
vn 0.996914 -0.076742984 -0.016517201
vn -0.8508945 -0.4667548 0.2410778
vn -0.8508945 -0.4667548 0.2410778
vn -0.8508945 -0.4667548 0.2410778
vn -0.8508945 -0.4667548 0.2410778
vn -0.7637949 -0.6123959 0.20393312
vn -0.7637949 -0.6123959 0.20393312
vn -0.7637949 -0.6123959 0.20393312
vn -0.7637949 -0.6123959 0.20393312
vn 0.9635354 -0.23925538 0.11981756
vn 0.9635354 -0.23925538 0.11981756
vn 0.9635354 -0.23925538 0.11981756
vn 0.9635354 -0.23925538 0.11981756
vn 0.92207015 -0.3735259 0.10131598
vn 0.92207015 -0.3735259 0.10131598
vn 0.92207015 -0.3735259 0.10131598
vn 0.92207015 -0.3735259 0.10131598
vn -0.9650141 -0.23210694 0.12195947
vn -0.9650141 -0.23210694 0.12195947
vn -0.9650141 -0.23210694 0.12195947
vn -0.9650141 -0.23210694 0.12195947
vn -0.9259321 -0.36303842 0.10417734
vn -0.9259321 -0.36303842 0.10417734
vn -0.9259321 -0.36303842 0.10417734
vn -0.9259321 -0.36303842 0.10417734
vn 0.8483023 -0.47254705 0.2389191
vn 0.8483023 -0.47254705 0.2389191
vn 0.8483023 -0.47254705 0.2389191
vn 0.8483023 -0.47254705 0.2389191
vn 0.7592286 -0.6190708 0.20080668
vn 0.7592286 -0.6190708 0.20080668
vn 0.7592286 -0.6190708 0.20080668
vn 0.7592286 -0.6190708 0.20080668
vn -0.99783725 -0.06425927 -0.013845599
vn -0.99783725 -0.06425927 -0.013845599
vn -0.99783725 -0.06425927 -0.013845599
vn -0.99783725 -0.06425927 -0.013845599
vn -0.99783725 -0.06425927 -0.013845599
vn -0.99783725 -0.06425927 -0.013845599
vn 0.7037431 -0.6339129 0.3207804
vn 0.7037431 -0.6339129 0.3207804
vn 0.7037431 -0.6339129 0.3207804
vn 0.7037431 -0.6339129 0.3207804
vn 0.59487885 -0.76083815 0.2593156
vn 0.59487885 -0.76083815 0.2593156
vn 0.59487885 -0.76083815 0.2593156
vn 0.59487885 -0.76083815 0.2593156
vn -0.95136666 0.27484077 -0.13915494
vn -0.95136666 0.27484077 -0.13915494
vn -0.95136666 0.27484077 -0.13915494
vn -0.95136666 0.27484077 -0.13915494
vn -0.9441762 0.29208532 -0.15237336
vn -0.9441762 0.29208532 -0.15237336
vn 0.5020678 -0.77162486 0.39054182
vn 0.5020678 -0.77162486 0.39054182
vn 0.5020678 -0.77162486 0.39054182
vn 0.5020678 -0.77162486 0.39054182
vn 0.40709352 -0.86193436 0.30223176
vn 0.40709352 -0.86193436 0.30223176
vn 0.40709352 -0.86193436 0.30223176
vn 0.40709352 -0.86193436 0.30223176
vn -0.85161924 0.46638292 -0.23923135
vn -0.85161924 0.46638292 -0.23923135
vn -0.85161924 0.46638292 -0.23923135
vn -0.85161924 0.46638292 -0.23923135
vn -0.81365734 0.52822405 -0.2427779
vn -0.81365734 0.52822405 -0.2427779
vn -0.81365734 0.52822405 -0.2427779
vn -0.81365734 0.52822405 -0.2427779
vn 0.40092224 -0.81756383 0.41334096
vn 0.40092224 -0.81756383 0.41334096
vn 0.40092224 -0.81756383 0.41334096
vn 0.40092224 -0.81756383 0.41334096
vn 0.3151856 -0.89485997 0.31604373
vn 0.3151856 -0.89485997 0.31604373
vn 0.3151856 -0.89485997 0.31604373
vn 0.3151856 -0.89485997 0.31604373
vn -0.74246305 0.595182 -0.30742013
vn -0.74246305 0.595182 -0.30742013
vn -0.74246305 0.595182 -0.30742013
vn -0.74246305 0.595182 -0.30742013
vn -0.6806079 0.66976565 -0.2969627
vn -0.6806079 0.66976565 -0.2969627
vn -0.6806079 0.66976565 -0.2969627
vn -0.6806079 0.66976565 -0.2969627
vn 0.31301078 -0.8477973 0.42809355
vn 0.31301078 -0.8477973 0.42809355
vn 0.31301078 -0.8477973 0.42809355
vn 0.31301078 -0.8477973 0.42809355
vn 0.2388093 -0.91532516 0.32426834
vn 0.2388093 -0.91532516 0.32426834
vn 0.2388093 -0.91532516 0.32426834
vn 0.2388093 -0.91532516 0.32426834
vn 0.13746811 0.87696064 -0.46048084
vn 0.13746811 0.87696064 -0.46048084
vn 0.13746811 0.87696064 -0.46048084
vn 0.13746811 0.87696064 -0.46048084
vn 0.11369122 0.91332334 -0.39104313
vn 0.11369122 0.91332334 -0.39104313
vn 0.11369122 0.91332334 -0.39104313
vn 0.11369122 0.91332334 -0.39104313
vn -0.5607137 0.73474735 -0.38176766
vn -0.5607137 0.73474735 -0.38176766
vn -0.5607137 0.73474735 -0.38176766
vn -0.5607137 0.73474735 -0.38176766
vn -0.49015594 0.7998773 -0.34632865
vn -0.49015594 0.7998773 -0.34632865
vn -0.49015594 0.7998773 -0.34632865
vn -0.49015594 0.7998773 -0.34632865
vn 0.12683532 -0.88543624 0.44711903
vn 0.12683532 -0.88543624 0.44711903
vn 0.12683532 -0.88543624 0.44711903
vn 0.12683532 -0.88543624 0.44711903
vn 0.096695445 -0.93765116 0.33385652
vn 0.096695445 -0.93765116 0.33385652
vn 0.096695445 -0.93765116 0.33385652
vn 0.096695445 -0.93765116 0.33385652
vn 0.27464005 0.8513463 -0.44697013
vn 0.27464005 0.8513463 -0.44697013
vn 0.27464005 0.8513463 -0.44697013
vn 0.27464005 0.8513463 -0.44697013
vn 0.22924106 0.8942879 -0.38431466
vn 0.22924106 0.8942879 -0.38431466
vn 0.22924106 0.8942879 -0.38431466
vn 0.22924106 0.8942879 -0.38431466
vn -0.36095104 0.82683337 -0.4313478
vn -0.36095104 0.82683337 -0.4313478
vn -0.36095104 0.82683337 -0.4313478
vn -0.36095104 0.82683337 -0.4313478
vn -0.3224887 0.8388654 -0.43852696
vn -0.3224887 0.8388654 -0.43852696
vn -0.30717975 0.87492687 -0.37435773
vn -0.30717975 0.87492687 -0.37435773
vn -0.30717975 0.87492687 -0.37435773
vn -0.30717975 0.87492687 -0.37435773
vn -0.058951657 -0.89088416 0.45038897
vn -0.058951657 -0.89088416 0.45038897
vn -0.058951657 -0.89088416 0.45038897
vn -0.058951657 -0.89088416 0.45038897
vn -0.041413922 -0.9409347 0.33604562
vn -0.041413922 -0.9409347 0.33604562
vn -0.041413922 -0.9409347 0.33604562
vn -0.041413922 -0.9409347 0.33604562
vn 0.41784894 0.8045029 -0.42211053
vn 0.41784894 0.8045029 -0.42211053
vn 0.41784894 0.8045029 -0.42211053
vn 0.41784894 0.8045029 -0.42211053
vn 0.35578242 0.8577292 -0.37110567
vn 0.35578242 0.8577292 -0.37110567
vn 0.35578242 0.8577292 -0.37110567
vn 0.35578242 0.8577292 -0.37110567
vn -0.26663947 0.88603497 -0.37926966
vn -0.26663947 0.88603497 -0.37926966
vn -0.26663947 0.88603497 -0.37926966
vn -0.26663947 0.88603497 -0.37926966
vn -0.13162422 -0.8844743 0.4476386
vn -0.13162422 -0.8844743 0.4476386
vn -0.13162422 -0.8844743 0.4476386
vn -0.13162422 -0.8844743 0.4476386
vn -0.10184628 -0.9367595 0.3348268
vn -0.10184628 -0.9367595 0.3348268
vn -0.10184628 -0.9367595 0.3348268
vn -0.10184628 -0.9367595 0.3348268
vn 0.5649435 0.7308048 -0.38309678
vn 0.5649435 0.7308048 -0.38309678
vn 0.5649435 0.7308048 -0.38309678
vn 0.5649435 0.7308048 -0.38309678
vn 0.4954815 0.7956599 -0.34845865
vn 0.4954815 0.7956599 -0.34845865
vn 0.4954815 0.7956599 -0.34845865
vn 0.4954815 0.7956599 -0.34845865
vn 0.4954815 0.7956599 -0.34845865
vn 0.4954815 0.7956599 -0.34845865
vn 0.42666677 -0.23226346 0.8740762
vn 0.42666677 -0.23226346 0.8740762
vn 0.42666677 -0.23226346 0.8740762
vn 0.42666677 -0.23226346 0.8740762
vn 0.529189 -0.0018099167 0.848502
vn 0.529189 -0.0018099167 0.848502
vn 0.529189 -0.0018099167 0.848502
vn 0.529189 -0.0018099167 0.848502
vn 0.5284551 0.0129427 0.8488626
vn 0.5298852 -0.016675087 0.8479054
vn 0.5298852 -0.016675087 0.8479054
vn 0.5308307 -0.03158977 0.84688896
vn 0.5308307 -0.03158977 0.84688896
vn -0.8455979 0.13929169 -0.51532704
vn -0.8455979 0.13929169 -0.51532704
vn -0.8455979 0.13929169 -0.51532704
vn -0.8455979 0.13929169 -0.51532704
vn -0.91469705 0.008750161 0.40404558
vn -0.91469705 0.008750161 0.40404558
vn -0.91469705 0.008750161 0.40404558
vn -0.9154585 -0.0050887167 0.40238014
vn -0.9154585 -0.0050887167 0.40238014
vn -0.9154585 -0.0050887167 0.40238014
vn -0.9154585 -0.0050887167 0.40238014
vn -0.9174936 -0.04315143 0.39540297
vn -0.9174936 -0.04315143 0.39540297
vn -0.9174936 -0.04315143 0.39540297
vn -0.9174936 -0.04315143 0.39540297
vn -0.8137834 0.014672297 0.58098286
vn -0.8137834 0.014672297 0.58098286
vn -0.8137834 0.014672297 0.58098286
vn -0.6826558 0.013754605 0.7306106
vn -0.6826558 0.013754605 0.7306106
vn -0.6826558 0.013754605 0.7306106
vn -0.6842126 -0.01147948 0.7291922
vn -0.682622 0.017748432 0.7305561
vn -0.682622 0.017748432 0.7305561
vn -0.6842126 -0.01147948 0.7291922
vn -0.6842126 -0.01147948 0.7291922
vn -0.68519366 -0.024166392 0.72796005
vn 0.9158832 -0.008723799 -0.40135023
vn 0.9158832 -0.008723799 -0.40135023
vn 0.9158832 -0.008723799 -0.40135023
vn 0.9168032 0.005018057 -0.3993077
vn 0.9168032 0.005018057 -0.3993077
vn 0.9168032 0.005018057 -0.3993077
vn 0.9168032 0.005018057 -0.3993077
vn 0.9187415 0.042861182 -0.3925262
vn 0.9187415 0.042861182 -0.3925262
vn 0.9187415 0.042861182 -0.3925262
vn 0.9187415 0.042861182 -0.3925262
vn -0.69785696 0.18606007 -0.6916482
vn -0.69785696 0.18606007 -0.6916482
vn -0.69785696 0.18606007 -0.6916482
vn -0.69785696 0.18606007 -0.6916482
vn -0.5220912 -0.013228029 -0.8527871
vn -0.5220912 -0.013228029 -0.8527871
vn -0.5220912 -0.013228029 -0.8527871
vn 0.37546977 0.014674952 0.9267184
vn 0.37546977 0.014674952 0.9267184
vn 0.37546977 0.014674952 0.9267184
vn 0.3957291 -0.017516784 0.9182002
vn 0.3957291 -0.017516784 0.9182002
vn 0.3957291 -0.017516784 0.9182002
vn 0.653634 -0.088166654 0.7516576
vn 0.653634 -0.088166654 0.7516576
vn 0.653634 -0.088166654 0.7516576
vn 0.653634 -0.088166654 0.7516576
vn 0.8155857 -0.012215511 0.5785073
vn 0.8155857 -0.012215511 0.5785073
vn 0.8155857 -0.012215511 0.5785073
vn 0.8155857 -0.012215511 0.5785073
vn 0.81915355 -0.06753528 0.5695844
vn 0.81915355 -0.06753528 0.5695844
vn 0.81915355 -0.06753528 0.5695844
vn 0.81915355 -0.06753528 0.5695844
vn 0.814956 -0.0020397496 0.5795192
vn 0.814956 -0.0020397496 0.5795192
vn 0.814956 -0.0020397496 0.5795192
vn -0.9802033 -0.001315908 0.19798936
vn -0.9802033 -0.001315908 0.19798936
vn -0.9802033 -0.001315908 0.19798936
vn -0.9806818 -0.004614369 0.19555548
vn 0.8322836 0.008064503 -0.55429137
vn 0.8322836 0.008064503 -0.55429137
vn 0.8322836 0.008064503 -0.55429137
vn 0.8413013 0.059827063 -0.5372455
vn 0.8413013 0.059827063 -0.5372455
vn 0.8413013 0.059827063 -0.5372455
vn 0.8413013 0.059827063 -0.5372455
vn 0.6907139 0.011539121 -0.72303605
vn 0.6907139 0.011539121 -0.72303605
vn 0.6907139 0.011539121 -0.72303605
vn 0.6907139 0.011539121 -0.72303605
vn 0.6915618 0.02406191 -0.7219163
vn 0.6915618 0.02406191 -0.7219163
vn 0.18128686 -0.0008871463 0.9834299
vn 0.18128686 -0.0008871463 0.9834299
vn 0.18128686 -0.0008871463 0.9834299
vn 0.3957291 -0.017516784 0.9182002
vn 0.3957291 -0.017516784 0.9182002
vn 0.3957291 -0.017516784 0.9182002
vn 0.4051624 -0.03351711 0.9136302
vn 0.4051624 -0.03351711 0.9136302
vn 0.1765693 0.6550823 -0.7346363
vn 0.1765693 0.6550823 -0.7346363
vn 0.1765693 0.6550823 -0.7346363
vn 0.1765693 0.6550823 -0.7346363
vn 0.36775535 0.47725904 -0.7981102
vn 0.36775535 0.47725904 -0.7981102
vn 0.36775535 0.47725904 -0.7981102
vn 0.36775535 0.47725904 -0.7981102
vn 0.5097303 0.6053974 -0.61128473
vn 0.5097303 0.6053974 -0.61128473
vn 0.5097303 0.6053974 -0.61128473
vn 0.5097303 0.6053974 -0.61128473
vn 0.5124984 0.57125914 -0.64109945
vn 0.5124984 0.57125914 -0.64109945
vn 0.17963785 -0.5023679 0.84578764
vn 0.17963785 -0.5023679 0.84578764
vn 0.17963785 -0.5023679 0.84578764
vn 0.17963785 -0.5023679 0.84578764
vn 0.18816407 0.504292 -0.8427834
vn 0.18816407 0.504292 -0.8427834
vn 0.18816407 0.504292 -0.8427834
vn 0.18816407 0.504292 -0.8427834
vn 0.18816407 0.504292 -0.8427834
vn 0.18816407 0.504292 -0.8427834
vn -0.079739824 -0.6969829 0.7126404
vn -0.079739824 -0.6969829 0.7126404
vn -0.079739824 -0.6969829 0.7126404
vn -0.079739824 -0.6969829 0.7126404
vn -0.68660784 0.37371314 -0.623625
vn -0.68660784 0.37371314 -0.623625
vn -0.68660784 0.37371314 -0.623625
vn -0.68660784 0.37371314 -0.623625
vn 0.4251124 -0.462609 0.77799255
vn 0.4251124 -0.462609 0.77799255
vn 0.4251124 -0.462609 0.77799255
vn 0.4251124 -0.462609 0.77799255
vn 0.07818547 0.66355854 -0.7440276
vn 0.07818547 0.66355854 -0.7440276
vn 0.07818547 0.66355854 -0.7440276
vn 0.07818547 0.66355854 -0.7440276
vn -0.5276952 -0.43338758 0.73055667
vn -0.5276952 -0.43338758 0.73055667
vn -0.5276952 -0.43338758 0.73055667
vn -0.5276952 -0.43338758 0.73055667
vn -0.5276952 -0.43338758 0.73055667
vn -0.5276952 -0.43338758 0.73055667
vn -0.841353 0.27794 -0.46354568
vn -0.841353 0.27794 -0.46354568
vn -0.841353 0.27794 -0.46354568
vn -0.841353 0.27794 -0.46354568
vn 0.52590144 -0.43500137 0.7308908
vn 0.52590144 -0.43500137 0.7308908
vn 0.52590144 -0.43500137 0.7308908
vn 0.52590144 -0.43500137 0.7308908
vn -0.9153565 0.20715821 -0.34526515
vn -0.9153565 0.20715821 -0.34526515
vn -0.9153565 0.20715821 -0.34526515
vn -0.9153565 0.20715821 -0.34526515
vn 0.6313818 -0.3968115 0.6662565
vn 0.6313818 -0.3968115 0.6662565
vn 0.6313818 -0.3968115 0.6662565
vn 0.6313818 -0.3968115 0.6662565
vn 0.6313818 -0.3968115 0.6662565
vn 0.6313818 -0.3968115 0.6662565
vn 0.8125664 -0.29862675 0.50055754
vn 0.8125664 -0.29862675 0.50055754
vn 0.8125664 -0.29862675 0.50055754
vn 0.8125664 -0.29862675 0.50055754
vn 0.914001 -0.20826443 0.34817806
vn 0.914001 -0.20826443 0.34817806
vn 0.914001 -0.20826443 0.34817806
vn 0.914001 -0.20826443 0.34817806
vn -0.91433656 -0.20632347 0.3484529
vn -0.91433656 -0.20632347 0.3484529
vn -0.91433656 -0.20632347 0.3484529
vn -0.91433656 -0.20632347 0.3484529
vn -0.81302536 -0.29691446 0.50083077
vn -0.81302536 -0.29691446 0.50083077
vn -0.81302536 -0.29691446 0.50083077
vn -0.81302536 -0.29691446 0.50083077
vn -0.6814026 -0.37336808 0.629513
vn -0.6814026 -0.37336808 0.629513
vn -0.6814026 -0.37336808 0.629513
vn -0.6814026 -0.37336808 0.629513
vn -0.5040272 -0.5715936 0.6474854
vn -0.5040272 -0.5715936 0.6474854
vn -0.5040272 -0.5715936 0.6474854
vn 0.91562295 0.20530108 -0.34566748
vn 0.91562295 0.20530108 -0.34566748
vn 0.91562295 0.20530108 -0.34566748
vn 0.91562295 0.20530108 -0.34566748
vn 0.0830035 0.5118826 -0.855036
vn 0.0830035 0.5118826 -0.855036
vn 0.0830035 0.5118826 -0.855036
vn 0.0830035 0.5118826 -0.855036
vn -0.2671203 -0.63760966 0.7225653
vn -0.2671203 -0.63760966 0.7225653
vn -0.2671203 -0.63760966 0.7225653
vn -0.2671203 -0.63760966 0.7225653
vn 0.84197897 0.2760239 -0.46355382
vn 0.84197897 0.2760239 -0.46355382
vn 0.84197897 0.2760239 -0.46355382
vn 0.84197897 0.2760239 -0.46355382
vn -0.24717388 0.6449106 -0.7231842
vn -0.24717388 0.6449106 -0.7231842
vn -0.24717388 0.6449106 -0.7231842
vn -0.24717388 0.6449106 -0.7231842
vn -0.24717388 0.6449106 -0.7231842
vn -0.24717388 0.6449106 -0.7231842
vn -0.28323558 -0.48952654 0.82470685
vn -0.28323558 -0.48952654 0.82470685
vn -0.28323558 -0.48952654 0.82470685
vn -0.28323558 -0.48952654 0.82470685
vn -0.2630415 0.49582985 -0.8276242
vn -0.2630415 0.49582985 -0.8276242
vn -0.2630415 0.49582985 -0.8276242
vn -0.2630415 0.49582985 -0.8276242
vn -0.17154291 -0.65176547 0.73876566
vn -0.17154291 -0.65176547 0.73876566
vn -0.17154291 -0.65176547 0.73876566
vn -0.17154291 -0.65176547 0.73876566
vn 0.6879235 0.37192938 -0.62324136
vn 0.6879235 0.37192938 -0.62324136
vn 0.6879235 0.37192938 -0.62324136
vn 0.6879235 0.37192938 -0.62324136
vn -0.18204032 -0.5019934 0.84549636
vn -0.18204032 -0.5019934 0.84549636
vn -0.18204032 -0.5019934 0.84549636
vn -0.18204032 -0.5019934 0.84549636
vn 0.3307948 0.7327966 -0.5946292
vn 0.3307948 0.7327966 -0.5946292
vn 0.3307948 0.7327966 -0.5946292
vn 0.3307948 0.7327966 -0.5946292
vn -0.07938372 -0.65941644 0.74757487
vn -0.07938372 -0.65941644 0.74757487
vn -0.07938372 -0.65941644 0.74757487
vn -0.07938372 -0.65941644 0.74757487
vn 0.1587645 -0.7665245 0.6222814
vn 0.1587645 -0.7665245 0.6222814
vn 0.1587645 -0.7665245 0.6222814
vn 0.1587645 -0.7665245 0.6222814
vn -0.641424 0.59621364 -0.48280892
vn -0.641424 0.59621364 -0.48280892
vn -0.641424 0.59621364 -0.48280892
vn -0.641424 0.59621364 -0.48280892
vn 0.06385775 0.1146202 -0.99135476
vn 0.06385775 0.1146202 -0.99135476
vn 0.06385775 0.1146202 -0.99135476
vn 0.06385775 0.1146202 -0.99135476
vn 0.6439417 -0.28775707 0.708897
vn 0.6439417 -0.28775707 0.708897
vn 0.6439417 -0.28775707 0.708897
vn 0.6439417 -0.28775707 0.708897
vn 0.6439417 -0.28775707 0.708897
vn 0.6439417 -0.28775707 0.708897
vn -0.68945324 -0.08096406 0.7197909
vn -0.68945324 -0.08096406 0.7197909
vn -0.68945324 -0.08096406 0.7197909
vn -0.68945324 -0.08096406 0.7197909
vn -0.5359488 -0.09499886 0.8388886
vn -0.5359488 -0.09499886 0.8388886
vn -0.5359488 -0.09499886 0.8388886
vn -0.5359488 -0.09499886 0.8388886
vn -0.30874577 -0.10790818 0.9450036
vn -0.30874577 -0.10790818 0.9450036
vn -0.30874577 -0.10790818 0.9450036
vn -0.30874577 -0.10790818 0.9450036
vn -0.24890111 0.11200651 -0.96203053
vn -0.24890111 0.11200651 -0.96203053
vn -0.24890111 0.11200651 -0.96203053
vn -0.24890111 0.11200651 -0.96203053
vn 0.69543946 0.08073122 -0.7140353
vn 0.69543946 0.08073122 -0.7140353
vn 0.69543946 0.08073122 -0.7140353
vn 0.69543946 0.08073122 -0.7140353
vn -0.1857875 -0.111974016 0.9761889
vn -0.1857875 -0.111974016 0.9761889
vn -0.1857875 -0.111974016 0.9761889
vn -0.1857875 -0.111974016 0.9761889
vn -0.424895 0.10480883 -0.8991549
vn -0.424895 0.10480883 -0.8991549
vn -0.424895 0.10480883 -0.8991549
vn -0.424895 0.10480883 -0.8991549
vn 0.5445283 0.09491641 -0.8333545
vn 0.5445283 0.09491641 -0.8333545
vn 0.5445283 0.09491641 -0.8333545
vn 0.5445283 0.09491641 -0.8333545
vn -0.4136236 0.033212584 -0.909842
vn -0.4136236 0.033212584 -0.909842
vn -0.4136236 0.033212584 -0.909842
vn -0.0640444 -0.11384261 0.9914324
vn -0.0640444 -0.11384261 0.9914324
vn -0.0640444 -0.11384261 0.9914324
vn -0.0640444 -0.11384261 0.9914324
vn -0.4968412 0.10068096 -0.8619816
vn -0.4968412 0.10068096 -0.8619816
vn -0.4968412 0.10068096 -0.8619816
vn -0.4968412 0.10068096 -0.8619816
vn 0.37313417 0.10558089 -0.9217503
vn 0.37313417 0.10558089 -0.9217503
vn 0.37313417 0.10558089 -0.9217503
vn 0.37313417 0.10558089 -0.9217503
vn 0.18423052 -0.11256854 0.9764156
vn 0.18423052 -0.11256854 0.9764156
vn 0.18423052 -0.11256854 0.9764156
vn 0.18423052 -0.11256854 0.9764156
vn -0.695089 0.084229365 -0.7139725
vn -0.695089 0.084229365 -0.7139725
vn -0.695089 0.084229365 -0.7139725
vn -0.695089 0.084229365 -0.7139725
vn 0.19073783 0.11223354 -0.975204
vn 0.19073783 0.11223354 -0.975204
vn 0.19073783 0.11223354 -0.975204
vn 0.19073783 0.11223354 -0.975204
vn 0.4168157 -0.1049154 0.90291613
vn 0.4168157 -0.1049154 0.90291613
vn 0.4168157 -0.1049154 0.90291613
vn 0.4168157 -0.1049154 0.90291613
vn 0.5350868 -0.09806165 0.83908635
vn 0.5350868 -0.09806165 0.83908635
vn 0.5350868 -0.09806165 0.83908635
vn 0.5350868 -0.09806165 0.83908635
vn -1 0 -1.7462304E-07
vn -1 0 -1.7462304E-07
vn -1 0 -1.7462304E-07
vn -1 0 -1.7462304E-07
vn -0 0.9113889 0.41154623
vn -0 0.9113889 0.41154623
vn -0 0.9113889 0.41154623
vn -0 0.9113889 0.41154623
vn 1 0 -3.4924574E-07
vn 1 0 -3.4924574E-07
vn 1 0 -3.4924574E-07
vn 1 0 -3.4924574E-07
vn -0 -0.9113889 -0.41154623
vn -0 -0.9113889 -0.41154623
vn -0 -0.9113889 -0.41154623
vn -0 -0.9113889 -0.41154623
vn -0 0.41154748 -0.91138834
vn -0 0.41154748 -0.91138834
vn -0 0.41154748 -0.91138834
vn -0 0.41154748 -0.91138834
vn -6.0523547E-07 -0.41154748 0.91138834
vn -6.0523547E-07 -0.41154748 0.91138834
vn -6.0523547E-07 -0.41154748 0.91138834
vn -6.0523547E-07 -0.41154748 0.91138834
vn -1 0 4.0745374E-07
vn -1 0 4.0745374E-07
vn -1 0 4.0745374E-07
vn -1 0 4.0745374E-07
vn -0 0.91139007 0.41154367
vn -0 0.91139007 0.41154367
vn -0 0.91139007 0.41154367
vn -0 0.91139007 0.41154367
vn 1 0 -2.9103813E-07
vn 1 0 -2.9103813E-07
vn 1 0 -2.9103813E-07
vn 1 0 -2.9103813E-07
vn -0 -0.91138786 -0.4115485
vn -0 -0.91138786 -0.4115485
vn -0 -0.91138786 -0.4115485
vn -0 -0.91138786 -0.4115485
vn -0 0.4115475 -0.9113883
vn -0 0.4115475 -0.9113883
vn -0 0.4115475 -0.9113883
vn -0 0.4115475 -0.9113883
vn -0 -0.41154715 0.91138846
vn -0 -0.41154715 0.91138846
vn -0 -0.41154715 0.91138846
vn -0 -0.41154715 0.91138846
vn -0 -0.38942888 0.9210565
vn -0 -0.38942888 0.9210565
vn -0 -0.38942888 0.9210565
vn -0 -0.38942888 0.9210565
vn 0.9961278 -0.026019545 -0.083978415
vn 0.9961278 -0.026019545 -0.083978415
vn 0.9961278 -0.026019545 -0.083978415
vn 0.9961278 -0.026019545 -0.083978415
vn -1.2702917E-07 1 0
vn -1.2702917E-07 1 0
vn -1.2702917E-07 1 0
vn -1.2702917E-07 1 0
vn -0.9966086 -0.032221504 -0.07571751
vn -0.9966086 -0.032221504 -0.07571751
vn -0.9966086 -0.032221504 -0.07571751
vn -0.9966086 -0.032221504 -0.07571751
vn -0 0 -1
vn -0 0 -1
vn -0 0 -1
vn -0 0 -1
vn -0.5731701 -0.75070417 0.32851055
vn -0.5731701 -0.75070417 0.32851055
vn -0.5731701 -0.75070417 0.32851055
vn -0.7627928 0.50358385 0.40564814
vn -0.7627928 0.50358385 0.40564814
vn -0.7627928 0.50358385 0.40564814
vn -0.6288605 -0.6324688 -0.4522363
vn -0.6288605 -0.6324688 -0.4522363
vn -0.6288605 -0.6324688 -0.4522363
vn -0.61662686 0.62895805 -0.47347975
vn -0.61662686 0.62895805 -0.47347975
vn -0.61662686 0.62895805 -0.47347975
vn 0.5777129 -0.74946505 0.32334188
vn 0.5777129 -0.74946505 0.32334188
vn 0.5777129 -0.74946505 0.32334188
vn 0.760205 0.51150817 0.40055934
vn 0.760205 0.51150817 0.40055934
vn 0.760205 0.51150817 0.40055934
vn 0.62544715 -0.6311602 -0.4587512
vn 0.62544715 -0.6311602 -0.4587512
vn 0.62544715 -0.6311602 -0.4587512
vn 0.6151537 0.628722 -0.47570446
vn 0.6151537 0.628722 -0.47570446
vn 0.6151537 0.628722 -0.47570446
vn -0.6920661 -0.7209279 -0.036160342
vn -0.6920661 -0.7209279 -0.036160342
vn -0.6920661 -0.7209279 -0.036160342
vn -0.6920661 -0.7209279 -0.036160342
vn -0.8319752 -0.2813756 0.4781685
vn -0.8319752 -0.2813756 0.4781685
vn -0.8319752 -0.2813756 0.4781685
vn -0.8319752 -0.2813756 0.4781685
vn -0.7118673 0.699144 -0.06665398
vn -0.7118673 0.699144 -0.06665398
vn -0.7118673 0.699144 -0.06665398
vn -0.7118673 0.699144 -0.06665398
vn -0.8025312 -0.0016188353 -0.5966079
vn -0.8025312 -0.0016188353 -0.5966079
vn -0.8025312 -0.0016188353 -0.5966079
vn -0.8025312 -0.0016188353 -0.5966079
vn 1.0713762E-07 -0.83205074 -0.55469966
vn 1.0713762E-07 -0.83205074 -0.55469966
vn 1.0713762E-07 -0.83205074 -0.55469966
vn 1.0713762E-07 -0.83205074 -0.55469966
vn -0 0.83205014 -0.55470043
vn -0 0.83205014 -0.55470043
vn -0 0.83205014 -0.55470043
vn -0 0.83205014 -0.55470043
vn 0.7987209 -0.001315374 -0.6017002
vn 0.7987209 -0.001315374 -0.6017002
vn 0.7987209 -0.001315374 -0.6017002
vn 0.7987209 -0.001315374 -0.6017002
vn 0.6938767 -0.71867436 -0.04519076
vn 0.6938767 -0.71867436 -0.04519076
vn 0.6938767 -0.71867436 -0.04519076
vn 0.6938767 -0.71867436 -0.04519076
vn 0.70948637 0.7012408 -0.06993232
vn 0.70948637 0.7012408 -0.06993232
vn 0.70948637 0.7012408 -0.06993232
vn 0.70948637 0.7012408 -0.06993232
vn 0.837193 -0.272916 0.4739459
vn 0.837193 -0.272916 0.4739459
vn 0.837193 -0.272916 0.4739459
vn 0.837193 -0.272916 0.4739459
vn -0 -0.89273155 0.4505889
vn -0 -0.89273155 0.4505889
vn -0 -0.89273155 0.4505889
vn -0 -0.89273155 0.4505889
vn -0 -0.89273155 0.4505889
vn -0 -0.89273155 0.4505889
vn -0 0.75050545 0.66086423
vn -0 0.75050545 0.66086423
vn -0 0.75050545 0.66086423
vn -0 0.75050545 0.66086423
vn 1.2572053E-07 -1 0
vn 1.2572053E-07 -1 0
vn 1.2572053E-07 -1 0
vn 1.2572053E-07 -1 0
vn -0 0.5047227 -0.8632815
vn -0 0.5047227 -0.8632815
vn -0 0.5047227 -0.8632815
vn -0 0.5047227 -0.8632815
vn -0 0.7947701 -0.6069106
vn -0 0.7947701 -0.6069106
vn -0 0.7947701 -0.6069106
vn -0 0.7947701 -0.6069106
vn -1.3837415E-07 0.97512096 -0.22167352
vn -1.3837415E-07 0.97512096 -0.22167352
vn -1.3837415E-07 0.97512096 -0.22167352
vn -1.3837415E-07 0.97512096 -0.22167352
vn -1.3837419E-07 0.9751212 0.22167248
vn -1.3837419E-07 0.9751212 0.22167248
vn -1.3837419E-07 0.9751212 0.22167248
vn -1.3837419E-07 0.9751212 0.22167248
vn -0 -0.5047225 0.86328167
vn -0 -0.5047225 0.86328167
vn -0 -0.5047225 0.86328167
vn -0 -0.5047225 0.86328167
vn -0 0.5047229 0.86328137
vn -0 0.5047229 0.86328137
vn -0 0.5047229 0.86328137
vn -0 0.5047229 0.86328137
vn -0 0.17147085 0.9851892
vn -0 0.17147085 0.9851892
vn -0 0.17147085 0.9851892
vn -0 0.17147085 0.9851892
vn -0 -0.1714713 0.9851891
vn -0 -0.1714713 0.9851891
vn -0 -0.1714713 0.9851891
vn -0 -0.1714713 0.9851891
vn -0 -0.79477066 0.6069099
vn -0 -0.79477066 0.6069099
vn -0 -0.79477066 0.6069099
vn -0 -0.79477066 0.6069099
vn 1.3837425E-07 -0.9751217 0.22167037
vn 1.3837425E-07 -0.9751217 0.22167037
vn 1.3837425E-07 -0.9751217 0.22167037
vn 1.3837425E-07 -0.9751217 0.22167037
vn -0 -0.97512144 -0.2216713
vn -0 -0.97512144 -0.2216713
vn -0 -0.97512144 -0.2216713
vn -0 -0.97512144 -0.2216713
vn 3.9910364E-07 -0.7947681 -0.60691327
vn 3.9910364E-07 -0.7947681 -0.60691327
vn 3.9910364E-07 -0.7947681 -0.60691327
vn 3.9910364E-07 -0.7947681 -0.60691327
vn 1.2643987E-07 -0.5047227 -0.8632815
vn 1.2643987E-07 -0.5047227 -0.8632815
vn 1.2643987E-07 -0.5047227 -0.8632815
vn 1.2643987E-07 -0.5047227 -0.8632815
vn 1.2232802E-07 -0.17146863 -0.9851895
vn 1.2232802E-07 -0.17146863 -0.9851895
vn 1.2232802E-07 -0.17146863 -0.9851895
vn 1.2232802E-07 -0.17146863 -0.9851895
vn -1 0 -1.3580708E-07
vn -1 0 -1.3580708E-07
vn -1 0 -1.3580708E-07
vn -1 0 -1.3580708E-07
vn -1 0 -1.3580708E-07
vn -1 0 -1.3580708E-07
vn -1 0 -1.3580708E-07
vn -1 0 -1.3580708E-07
vn -1 0 -1.3580708E-07
vn -1 0 -1.3580708E-07
vn -1 0 -1.3580708E-07
vn -1 0 -1.3580708E-07
vn -1 0 -1.3580708E-07
vn -1 0 -1.3580708E-07
vn -1 0 -1.3580708E-07
vn -1 0 -1.3580708E-07
vn 1 0 0
vn 1 0 0
vn 1 0 0
vn 1 0 0
vn 1 0 0
vn 1 0 0
vn 1 0 0
vn 1 0 0
vn 1 0 0
vn 1 0 0
vn 1 0 0
vn 1 0 0
vn 1 0 0
vn 1 0 0
vn 1 0 0
vn 1 0 0
vn -1.3303466E-07 0.7947692 0.60691166
vn -1.3303466E-07 0.7947692 0.60691166
vn -1.3303466E-07 0.7947692 0.60691166
vn -1.3303466E-07 0.7947692 0.60691166
vn -0 0.17146975 -0.9851894
vn -0 0.17146975 -0.9851894
vn -0 0.17146975 -0.9851894
vn -0 0.17146975 -0.9851894
vn 0.8819189 0.37776965 -0.28197366
vn 0.8819189 0.37776965 -0.28197366
vn 0.8819189 0.37776965 -0.28197366
vn 0.8819189 0.37776965 -0.28197366
vn 0.19676915 0.9584225 -0.20665988
vn 0.19676915 0.9584225 -0.20665988
vn 0.19676915 0.9584225 -0.20665988
vn 0.19676915 0.9584225 -0.20665988
vn -0.18718828 0.36969218 -0.91010344
vn -0.18718828 0.36969218 -0.91010344
vn -0.18718828 0.36969218 -0.91010344
vn -0.18718828 0.36969218 -0.91010344
g Shower_0
f 3/3/3 2/2/2 1/1/1
f 4/4/4 3/3/3 1/1/1
f 7/7/7 6/6/6 5/5/5
f 8/8/8 7/7/7 5/5/5
f 11/11/11 10/10/10 9/9/9
f 12/12/12 11/11/11 9/9/9
f 15/15/15 14/14/14 13/13/13
f 18/18/18 17/17/17 16/16/16
f 21/21/21 20/20/20 19/19/19
f 22/22/22 21/21/21 19/19/19
f 25/25/25 24/24/24 23/23/23
f 28/28/28 27/27/27 26/26/26
f 31/31/31 30/30/30 29/29/29
f 34/34/34 33/33/33 32/32/32
f 37/37/37 36/36/36 35/35/35
f 38/38/38 37/37/37 35/35/35
f 41/41/41 40/40/40 39/39/39
f 42/42/42 41/41/41 39/39/39
f 45/45/45 44/44/44 43/43/43
f 46/46/46 45/45/45 43/43/43
f 49/49/49 48/48/48 47/47/47
f 50/50/50 49/49/49 47/47/47
f 53/53/53 52/52/52 51/51/51
f 54/54/54 53/53/53 51/51/51
f 57/57/57 56/56/56 55/55/55
f 58/58/58 57/57/57 55/55/55
f 61/61/61 60/60/60 59/59/59
f 62/62/62 61/61/61 59/59/59
f 65/65/65 64/64/64 63/63/63
f 66/66/66 65/65/65 63/63/63
f 69/69/69 68/68/68 67/67/67
f 70/70/70 69/69/69 67/67/67
f 73/73/73 72/72/72 71/71/71
f 74/74/74 73/73/73 71/71/71
f 77/77/77 76/76/76 75/75/75
f 78/78/78 77/77/77 75/75/75
f 81/81/81 80/80/80 79/79/79
f 82/82/82 81/81/81 79/79/79
f 85/85/85 84/84/84 83/83/83
f 86/86/86 85/85/85 83/83/83
f 89/89/89 88/88/88 87/87/87
f 90/90/90 89/89/89 87/87/87
f 93/93/93 92/92/92 91/91/91
f 94/94/94 93/93/93 91/91/91
f 97/97/97 96/96/96 95/95/95
f 98/98/98 97/97/97 95/95/95
f 101/101/101 100/100/100 99/99/99
f 102/102/102 101/101/101 99/99/99
f 105/105/105 104/104/104 103/103/103
f 106/106/106 105/105/105 103/103/103
f 109/109/109 108/108/108 107/107/107
f 110/110/110 109/109/109 107/107/107
f 113/113/113 112/112/112 111/111/111
f 116/116/116 115/115/115 114/114/114
f 119/119/119 118/118/118 117/117/117
f 120/120/120 119/119/119 117/117/117
f 123/123/123 122/122/122 121/121/121
f 125/125/125 124/124/124 122/122/122
f 126/126/126 125/125/125 122/122/122
f 129/129/129 128/128/128 127/127/127
f 132/132/132 131/131/131 130/130/130
f 133/133/133 132/132/132 130/130/130
f 136/136/136 135/135/135 134/134/134
f 137/137/137 136/136/136 134/134/134
f 140/140/140 139/139/139 138/138/138
f 141/141/141 140/140/140 138/138/138
f 144/144/144 143/143/143 142/142/142
f 145/145/145 144/144/144 142/142/142
f 148/148/148 147/147/147 146/146/146
f 149/149/149 148/148/148 146/146/146
f 152/152/152 151/151/151 150/150/150
f 153/153/153 152/152/152 150/150/150
f 156/156/156 155/155/155 154/154/154
f 157/157/157 156/156/156 154/154/154
f 160/160/160 159/159/159 158/158/158
f 161/161/161 160/160/160 158/158/158
f 164/164/164 163/163/163 162/162/162
f 165/165/165 164/164/164 162/162/162
f 168/168/168 167/167/167 166/166/166
f 169/169/169 168/168/168 166/166/166
f 172/172/172 171/171/171 170/170/170
f 173/173/173 172/172/172 170/170/170
f 176/176/176 175/175/175 174/174/174
f 177/177/177 176/176/176 174/174/174
f 180/180/180 179/179/179 178/178/178
f 181/181/181 180/180/180 178/178/178
f 184/184/184 183/183/183 182/182/182
f 185/185/185 184/184/184 182/182/182
f 188/188/188 187/187/187 186/186/186
f 189/189/189 188/188/188 186/186/186
f 192/192/192 191/191/191 190/190/190
f 193/193/193 192/192/192 190/190/190
f 196/196/196 195/195/195 194/194/194
f 197/197/197 196/196/196 194/194/194
f 200/200/200 199/199/199 198/198/198
f 201/201/201 200/200/200 198/198/198
f 204/204/204 203/203/203 202/202/202
f 205/205/205 204/204/204 202/202/202
f 208/208/208 207/207/207 206/206/206
f 209/209/209 208/208/208 206/206/206
f 212/212/212 211/211/211 210/210/210
f 213/213/213 212/212/212 210/210/210
f 216/216/216 215/215/215 214/214/214
f 217/217/217 216/216/216 214/214/214
f 217/217/217 214/214/214 218/218/218
f 214/214/214 219/219/219 218/218/218
f 218/218/218 219/219/219 220/220/220
f 221/221/221 218/218/218 220/220/220
f 224/224/224 223/223/223 222/222/222
f 225/225/225 224/224/224 222/222/222
f 225/225/225 222/222/222 226/226/226
f 222/222/222 227/227/227 226/226/226
f 230/230/230 229/229/229 228/228/228
f 231/231/231 230/230/230 228/228/228
f 231/231/231 228/228/228 232/232/232
f 228/228/228 233/233/233 232/232/232
f 234/234/234 229/229/229 230/230/230
f 235/235/235 234/234/234 230/230/230
f 238/238/238 237/237/237 236/236/236
f 239/239/239 238/238/238 236/236/236
f 240/240/240 237/237/237 238/238/238
f 241/241/241 240/240/240 238/238/238
f 244/244/244 243/243/243 242/242/242
f 245/245/245 244/244/244 242/242/242
f 246/246/246 243/243/243 244/244/244
f 247/247/247 246/246/246 244/244/244
f 250/250/250 249/249/249 248/248/248
f 251/251/251 250/250/250 248/248/248
f 252/252/252 249/249/249 250/250/250
f 253/253/253 252/252/252 250/250/250
f 256/256/256 255/255/255 254/254/254
f 257/257/257 256/256/256 254/254/254
f 258/258/258 255/255/255 256/256/256
f 259/259/259 258/258/258 256/256/256
f 262/262/262 261/261/261 260/260/260
f 263/263/263 262/262/262 260/260/260
f 264/264/264 261/261/261 262/262/262
f 265/265/265 264/264/264 262/262/262
f 268/268/268 267/267/267 266/266/266
f 269/269/269 268/268/268 266/266/266
f 270/270/270 267/267/267 268/268/268
f 271/271/271 270/270/270 268/268/268
f 274/274/274 273/273/273 272/272/272
f 275/275/275 274/274/274 272/272/272
f 276/276/276 273/273/273 274/274/274
f 277/277/277 276/276/276 274/274/274
f 280/280/280 279/279/279 278/278/278
f 281/281/281 280/280/280 278/278/278
f 282/282/282 279/279/279 280/280/280
f 283/283/283 282/282/282 280/280/280
f 286/286/286 285/285/285 284/284/284
f 287/287/287 286/286/286 284/284/284
f 288/288/288 285/285/285 286/286/286
f 289/289/289 288/288/288 286/286/286
f 292/292/292 291/291/291 290/290/290
f 295/295/295 294/294/294 293/293/293
f 297/297/297 296/296/296 294/294/294
f 298/298/298 297/297/297 294/294/294
f 301/301/301 300/300/300 299/299/299
f 302/302/302 301/301/301 299/299/299
f 303/303/303 300/300/300 301/301/301
f 304/304/304 303/303/303 301/301/301
f 307/307/307 306/306/306 305/305/305
f 308/308/308 307/307/307 305/305/305
f 308/308/308 305/305/305 309/309/309
f 305/305/305 310/310/310 309/309/309
f 311/311/311 306/306/306 307/307/307
f 312/312/312 311/311/311 307/307/307
f 315/315/315 314/314/314 313/313/313
f 313/313/313 317/317/317 316/316/316
f 320/320/320 319/319/319 318/318/318
f 320/320/320 318/318/318 321/321/321
f 324/324/324 323/323/323 322/322/322
f 325/325/325 324/324/324 322/322/322
f 325/325/325 322/322/322 326/326/326
f 322/322/322 327/327/327 326/326/326
f 326/326/326 327/327/327 328/328/328
f 329/329/329 326/326/326 328/328/328
f 332/332/332 331/331/331 330/330/330
f 333/333/333 332/332/332 330/330/330
f 336/336/336 335/335/335 334/334/334
f 337/337/337 336/336/336 334/334/334
f 340/340/340 339/339/339 338/338/338
f 341/341/341 340/340/340 338/338/338
f 344/344/344 343/343/343 342/342/342
f 347/347/347 346/346/346 345/345/345
f 350/350/350 349/349/349 348/348/348
f 351/351/351 350/350/350 348/348/348
f 354/354/354 353/353/353 352/352/352
f 355/355/355 354/354/354 352/352/352
f 358/358/358 357/357/357 356/356/356
f 361/361/361 360/360/360 359/359/359
f 364/364/364 363/363/363 362/362/362
f 367/367/367 366/366/366 365/365/365
f 370/370/370 369/369/369 368/368/368
f 371/371/371 370/370/370 368/368/368
f 374/374/374 373/373/373 372/372/372
f 377/377/377 376/376/376 375/375/375
f 380/380/380 379/379/379 378/378/378
f 383/383/383 382/382/382 381/381/381
f 386/386/386 385/385/385 384/384/384
f 387/387/387 386/386/386 384/384/384
f 390/390/390 389/389/389 388/388/388
f 391/391/391 390/390/390 388/388/388
f 394/394/394 393/393/393 392/392/392
f 395/395/395 394/394/394 392/392/392
f 398/398/398 397/397/397 396/396/396
f 399/399/399 398/398/398 396/396/396
f 402/402/402 401/401/401 400/400/400
f 403/403/403 402/402/402 400/400/400
f 406/406/406 405/405/405 404/404/404
f 407/407/407 406/406/406 404/404/404
f 410/410/410 409/409/409 408/408/408
f 411/411/411 410/410/410 408/408/408
f 414/414/414 413/413/413 412/412/412
f 415/415/415 414/414/414 412/412/412
f 418/418/418 417/417/417 416/416/416
f 419/419/419 418/418/418 416/416/416
f 422/422/422 421/421/421 420/420/420
f 423/423/423 422/422/422 420/420/420
f 426/426/426 425/425/425 424/424/424
f 427/427/427 426/426/426 424/424/424
f 430/430/430 429/429/429 428/428/428
f 431/431/431 430/430/430 428/428/428
f 434/434/434 433/433/433 432/432/432
f 435/435/435 434/434/434 432/432/432
f 438/438/438 437/437/437 436/436/436
f 439/439/439 438/438/438 436/436/436
f 442/442/442 441/441/441 440/440/440
f 443/443/443 442/442/442 440/440/440
f 446/446/446 445/445/445 444/444/444
f 447/447/447 446/446/446 444/444/444
f 450/450/450 449/449/449 448/448/448
f 453/453/453 452/452/452 451/451/451
f 456/456/456 455/455/455 454/454/454
f 457/457/457 456/456/456 454/454/454
f 460/460/460 459/459/459 458/458/458
f 461/461/461 460/460/460 458/458/458
f 464/464/464 463/463/463 462/462/462
f 465/465/465 464/464/464 462/462/462
f 468/468/468 467/467/467 466/466/466
f 469/469/469 468/468/468 466/466/466
f 472/472/472 471/471/471 470/470/470
f 473/473/473 472/472/472 470/470/470
f 476/476/476 475/475/475 474/474/474
f 477/477/477 476/476/476 474/474/474
f 480/480/480 479/479/479 478/478/478
f 481/481/481 480/480/480 478/478/478
f 484/484/484 483/483/483 482/482/482
f 485/485/485 484/484/484 482/482/482
f 488/488/488 487/487/487 486/486/486
f 489/489/489 488/488/488 486/486/486
f 492/492/492 491/491/491 490/490/490
f 493/493/493 492/492/492 490/490/490
f 496/496/496 495/495/495 494/494/494
f 497/497/497 496/496/496 494/494/494
f 500/500/500 499/499/499 498/498/498
f 501/501/501 500/500/500 498/498/498
f 504/504/504 503/503/503 502/502/502
f 505/505/505 504/504/504 502/502/502
f 508/508/508 507/507/507 506/506/506
f 509/509/509 508/508/508 506/506/506
f 512/512/512 511/511/511 510/510/510
f 513/513/513 512/512/512 510/510/510
f 516/516/516 515/515/515 514/514/514
f 517/517/517 516/516/516 514/514/514
f 520/520/520 519/519/519 518/518/518
f 521/521/521 520/520/520 518/518/518
f 524/524/524 523/523/523 522/522/522
f 525/525/525 524/524/524 522/522/522
f 528/528/528 527/527/527 526/526/526
f 529/529/529 528/528/528 526/526/526
f 532/532/532 531/531/531 530/530/530
f 533/533/533 532/532/532 530/530/530
f 536/536/536 535/535/535 534/534/534
f 537/537/537 536/536/536 534/534/534
f 540/540/540 539/539/539 538/538/538
f 541/541/541 540/540/540 538/538/538
f 544/544/544 543/543/543 542/542/542
f 545/545/545 544/544/544 542/542/542
f 548/548/548 547/547/547 546/546/546
f 549/549/549 548/548/548 546/546/546
f 552/552/552 551/551/551 550/550/550
f 553/553/553 552/552/552 550/550/550
f 556/556/556 555/555/555 554/554/554
f 557/557/557 556/556/556 554/554/554
f 560/560/560 559/559/559 558/558/558
f 561/561/561 560/560/560 558/558/558
f 564/564/564 563/563/563 562/562/562
f 565/565/565 564/564/564 562/562/562
f 568/568/568 567/567/567 566/566/566
f 569/569/569 568/568/568 566/566/566
f 572/572/572 571/571/571 570/570/570
f 573/573/573 572/572/572 570/570/570
f 576/576/576 575/575/575 574/574/574
f 577/577/577 576/576/576 574/574/574
f 580/580/580 579/579/579 578/578/578
f 581/581/581 580/580/580 578/578/578
f 584/584/584 583/583/583 582/582/582
f 585/585/585 584/584/584 582/582/582
f 588/588/588 587/587/587 586/586/586
f 589/589/589 588/588/588 586/586/586
f 592/592/592 591/591/591 590/590/590
f 593/593/593 592/592/592 590/590/590
f 596/596/596 595/595/595 594/594/594
f 597/597/597 596/596/596 594/594/594
f 600/600/600 599/599/599 598/598/598
f 601/601/601 600/600/600 598/598/598
f 600/600/600 601/601/601 602/602/602
f 605/605/605 604/604/604 603/603/603
f 606/606/606 605/605/605 603/603/603
f 609/609/609 608/608/608 607/607/607
f 607/607/607 608/608/608 610/610/610
f 613/613/613 612/612/612 611/611/611
f 612/612/612 613/613/613 614/614/614
f 617/617/617 616/616/616 615/615/615
f 615/615/615 616/616/616 618/618/618
f 621/621/621 620/620/620 619/619/619
f 620/620/620 621/621/621 622/622/622
f 621/621/621 623/623/623 622/622/622
f 626/626/626 625/625/625 624/624/624
f 627/627/627 626/626/626 624/624/624
f 626/626/626 627/627/627 628/628/628
f 627/627/627 629/629/629 628/628/628
f 632/632/632 631/631/631 630/630/630
f 635/635/635 634/634/634 633/633/633
f 634/634/634 635/635/635 636/636/636
f 635/635/635 637/637/637 636/636/636
f 640/640/640 639/639/639 638/638/638
f 641/641/641 640/640/640 638/638/638
f 640/640/640 641/641/641 642/642/642
f 641/641/641 643/643/643 642/642/642
f 646/646/646 645/645/645 644/644/644
f 647/647/647 646/646/646 644/644/644
f 646/646/646 647/647/647 648/648/648
f 647/647/647 649/649/649 648/648/648
f 652/652/652 651/651/651 650/650/650
f 653/653/653 652/652/652 650/650/650
f 652/652/652 653/653/653 654/654/654
f 653/653/653 655/655/655 654/654/654
f 658/658/658 657/657/657 656/656/656
f 659/659/659 658/658/658 656/656/656
f 658/658/658 659/659/659 660/660/660
f 659/659/659 661/661/661 660/660/660
f 664/664/664 663/663/663 662/662/662
f 665/665/665 664/664/664 662/662/662
f 664/664/664 665/665/665 666/666/666
f 665/665/665 667/667/667 666/666/666
f 670/670/670 669/669/669 668/668/668
f 671/671/671 670/670/670 668/668/668
f 670/670/670 671/671/671 672/672/672
f 671/671/671 673/673/673 672/672/672
f 676/676/676 675/675/675 674/674/674
f 677/677/677 676/676/676 674/674/674
f 676/676/676 677/677/677 678/678/678
f 677/677/677 679/679/679 678/678/678
f 682/682/682 681/681/681 680/680/680
f 683/683/683 682/682/682 680/680/680
f 682/682/682 683/683/683 684/684/684
f 683/683/683 685/685/685 684/684/684
f 688/688/688 687/687/687 686/686/686
f 689/689/689 688/688/688 686/686/686
f 688/688/688 689/689/689 690/690/690
f 689/689/689 691/691/691 690/690/690
f 694/694/694 693/693/693 692/692/692
f 695/695/695 694/694/694 692/692/692
f 694/694/694 695/695/695 696/696/696
f 699/699/699 698/698/698 697/697/697
f 700/700/700 699/699/699 697/697/697
f 699/699/699 700/700/700 701/701/701
f 700/700/700 702/702/702 701/701/701
f 705/705/705 704/704/704 703/703/703
f 706/706/706 705/705/705 703/703/703
f 705/705/705 706/706/706 707/707/707
f 706/706/706 708/708/708 707/707/707
f 711/711/711 710/710/710 709/709/709
f 712/712/712 711/711/711 709/709/709
f 711/711/711 712/712/712 713/713/713
f 712/712/712 714/714/714 713/713/713
f 717/717/717 716/716/716 715/715/715
f 718/718/718 717/717/717 715/715/715
f 717/717/717 718/718/718 719/719/719
f 718/718/718 720/720/720 719/719/719
f 723/723/723 722/722/722 721/721/721
f 723/723/723 725/725/725 724/724/724
f 728/728/728 727/727/727 726/726/726
f 728/728/728 730/730/730 729/729/729
f 733/733/733 732/732/732 731/731/731
f 734/734/734 733/733/733 731/731/731
f 733/733/733 734/734/734 735/735/735
f 734/734/734 736/736/736 735/735/735
f 739/739/739 738/738/738 737/737/737
f 740/740/740 739/739/739 737/737/737
f 739/739/739 740/740/740 741/741/741
f 740/740/740 742/742/742 741/741/741
f 737/737/737 738/738/738 743/743/743
f 738/738/738 744/744/744 743/743/743
f 747/747/747 746/746/746 745/745/745
f 748/748/748 747/747/747 745/745/745
f 747/747/747 748/748/748 749/749/749
f 748/748/748 750/750/750 749/749/749
f 745/745/745 746/746/746 751/751/751
f 746/746/746 752/752/752 751/751/751
f 755/755/755 754/754/754 753/753/753
f 756/756/756 755/755/755 753/753/753
f 755/755/755 756/756/756 757/757/757
f 756/756/756 758/758/758 757/757/757
f 761/761/761 760/760/760 759/759/759
f 762/762/762 761/761/761 759/759/759
f 761/761/761 762/762/762 763/763/763
f 762/762/762 764/764/764 763/763/763
f 767/767/767 766/766/766 765/765/765
f 768/768/768 767/767/767 765/765/765
f 767/767/767 768/768/768 769/769/769
f 768/768/768 770/770/770 769/769/769
f 773/773/773 772/772/772 771/771/771
f 774/774/774 773/773/773 771/771/771
f 777/777/777 776/776/776 775/775/775
f 778/778/778 777/777/777 775/775/775
f 781/781/781 780/780/780 779/779/779
f 782/782/782 781/781/781 779/779/779
f 785/785/785 784/784/784 783/783/783
f 786/786/786 785/785/785 783/783/783
f 789/789/789 788/788/788 787/787/787
f 790/790/790 789/789/789 787/787/787
f 793/793/793 792/792/792 791/791/791
f 794/794/794 793/793/793 791/791/791
f 797/797/797 796/796/796 795/795/795
f 798/798/798 797/797/797 795/795/795
f 801/801/801 800/800/800 799/799/799
f 802/802/802 801/801/801 799/799/799
f 805/805/805 804/804/804 803/803/803
f 806/806/806 805/805/805 803/803/803
f 809/809/809 808/808/808 807/807/807
f 810/810/810 809/809/809 807/807/807
f 813/813/813 812/812/812 811/811/811
f 814/814/814 813/813/813 811/811/811
f 817/817/817 816/816/816 815/815/815
f 818/818/818 817/817/817 815/815/815
f 821/821/821 820/820/820 819/819/819
f 822/822/822 821/821/821 819/819/819
f 825/825/825 824/824/824 823/823/823
f 826/826/826 825/825/825 823/823/823
f 829/829/829 828/828/828 827/827/827
f 830/830/830 829/829/829 827/827/827
f 833/833/833 832/832/832 831/831/831
f 834/834/834 833/833/833 831/831/831
f 837/837/837 836/836/836 835/835/835
f 838/838/838 837/837/837 835/835/835
f 841/841/841 840/840/840 839/839/839
f 842/842/842 841/841/841 839/839/839
f 845/845/845 844/844/844 843/843/843
f 846/846/846 845/845/845 843/843/843
f 849/849/849 848/848/848 847/847/847
f 850/850/850 849/849/849 847/847/847
f 853/853/853 852/852/852 851/851/851
f 854/854/854 853/853/853 851/851/851
f 857/857/857 856/856/856 855/855/855
f 860/860/860 859/859/859 858/858/858
f 863/863/863 862/862/862 861/861/861
f 864/864/864 863/863/863 861/861/861
f 867/867/867 866/866/866 865/865/865
f 868/868/868 867/867/867 865/865/865
f 871/871/871 870/870/870 869/869/869
f 872/872/872 871/871/871 869/869/869
f 875/875/875 874/874/874 873/873/873
f 876/876/876 875/875/875 873/873/873
f 879/879/879 878/878/878 877/877/877
f 880/880/880 879/879/879 877/877/877
f 883/883/883 882/882/882 881/881/881
f 884/884/884 883/883/883 881/881/881
f 887/887/887 886/886/886 885/885/885
f 888/888/888 887/887/887 885/885/885
f 891/891/891 890/890/890 889/889/889
f 892/892/892 891/891/891 889/889/889
f 895/895/895 894/894/894 893/893/893
f 896/896/896 895/895/895 893/893/893
f 899/899/899 898/898/898 897/897/897
f 900/900/900 899/899/899 897/897/897
f 903/903/903 902/902/902 901/901/901
f 904/904/904 903/903/903 901/901/901
f 907/907/907 906/906/906 905/905/905
f 908/908/908 907/907/907 905/905/905
f 911/911/911 910/910/910 909/909/909
f 912/912/912 911/911/911 909/909/909
f 915/915/915 914/914/914 913/913/913
f 916/916/916 915/915/915 913/913/913
f 919/919/919 918/918/918 917/917/917
f 920/920/920 919/919/919 917/917/917
f 923/923/923 922/922/922 921/921/921
f 924/924/924 923/923/923 921/921/921
f 927/927/927 926/926/926 925/925/925
f 928/928/928 927/927/927 925/925/925
f 931/931/931 930/930/930 929/929/929
f 932/932/932 931/931/931 929/929/929
f 935/935/935 934/934/934 933/933/933
f 936/936/936 935/935/935 933/933/933
f 939/939/939 938/938/938 937/937/937
f 940/940/940 939/939/939 937/937/937
f 943/943/943 942/942/942 941/941/941
f 944/944/944 943/943/943 941/941/941
f 947/947/947 946/946/946 945/945/945
f 948/948/948 947/947/947 945/945/945
f 951/951/951 950/950/950 949/949/949
f 952/952/952 951/951/951 949/949/949
f 955/955/955 954/954/954 953/953/953
f 956/956/956 955/955/955 953/953/953
f 959/959/959 958/958/958 957/957/957
f 960/960/960 959/959/959 957/957/957
f 963/963/963 962/962/962 961/961/961
f 964/964/964 963/963/963 961/961/961
f 967/967/967 966/966/966 965/965/965
f 968/968/968 967/967/967 965/965/965
f 971/971/971 970/970/970 969/969/969
f 972/972/972 971/971/971 969/969/969
f 975/975/975 974/974/974 973/973/973
f 976/976/976 975/975/975 973/973/973
f 979/979/979 978/978/978 977/977/977
f 980/980/980 979/979/979 977/977/977
f 983/983/983 982/982/982 981/981/981
f 984/984/984 983/983/983 981/981/981
f 987/987/987 986/986/986 985/985/985
f 988/988/988 987/987/987 985/985/985
f 991/991/991 990/990/990 989/989/989
f 992/992/992 991/991/991 989/989/989
f 995/995/995 994/994/994 993/993/993
f 996/996/996 995/995/995 993/993/993
f 999/999/999 998/998/998 997/997/997
f 1000/1000/1000 999/999/999 997/997/997
f 1003/1003/1003 1002/1002/1002 1001/1001/1001
f 1006/1006/1006 1005/1005/1005 1004/1004/1004
f 1009/1009/1009 1008/1008/1008 1007/1007/1007
f 1010/1010/1010 1009/1009/1009 1007/1007/1007
f 1013/1013/1013 1012/1012/1012 1011/1011/1011
f 1014/1014/1014 1013/1013/1013 1011/1011/1011
f 1017/1017/1017 1016/1016/1016 1015/1015/1015
f 1018/1018/1018 1017/1017/1017 1015/1015/1015
f 1021/1021/1021 1020/1020/1020 1019/1019/1019
f 1022/1022/1022 1021/1021/1021 1019/1019/1019
f 1025/1025/1025 1024/1024/1024 1023/1023/1023
f 1026/1026/1026 1025/1025/1025 1023/1023/1023
f 1029/1029/1029 1028/1028/1028 1027/1027/1027
f 1030/1030/1030 1029/1029/1029 1027/1027/1027
f 1033/1033/1033 1032/1032/1032 1031/1031/1031
f 1034/1034/1034 1033/1033/1033 1031/1031/1031
f 1037/1037/1037 1036/1036/1036 1035/1035/1035
f 1040/1040/1040 1039/1039/1039 1038/1038/1038
f 1043/1043/1043 1042/1042/1042 1041/1041/1041
f 1044/1044/1044 1043/1043/1043 1041/1041/1041
f 1047/1047/1047 1046/1046/1046 1045/1045/1045
f 1048/1048/1048 1047/1047/1047 1045/1045/1045
f 1051/1051/1051 1050/1050/1050 1049/1049/1049
f 1052/1052/1052 1051/1051/1051 1049/1049/1049
f 1055/1055/1055 1054/1054/1054 1053/1053/1053
f 1056/1056/1056 1055/1055/1055 1053/1053/1053
f 1059/1059/1059 1058/1058/1058 1057/1057/1057
f 1060/1060/1060 1059/1059/1059 1057/1057/1057
f 1063/1063/1063 1062/1062/1062 1061/1061/1061
f 1064/1064/1064 1063/1063/1063 1061/1061/1061
f 1067/1067/1067 1066/1066/1066 1065/1065/1065
f 1068/1068/1068 1067/1067/1067 1065/1065/1065
f 1071/1071/1071 1070/1070/1070 1069/1069/1069
f 1072/1072/1072 1071/1071/1071 1069/1069/1069
f 1075/1075/1075 1074/1074/1074 1073/1073/1073
f 1076/1076/1076 1075/1075/1075 1073/1073/1073
f 1079/1079/1079 1078/1078/1078 1077/1077/1077
f 1080/1080/1080 1079/1079/1079 1077/1077/1077
f 1083/1083/1083 1082/1082/1082 1081/1081/1081
f 1084/1084/1084 1083/1083/1083 1081/1081/1081
f 1087/1087/1087 1086/1086/1086 1085/1085/1085
f 1088/1088/1088 1087/1087/1087 1085/1085/1085
f 1091/1091/1091 1090/1090/1090 1089/1089/1089
f 1092/1092/1092 1091/1091/1091 1089/1089/1089
f 1095/1095/1095 1094/1094/1094 1093/1093/1093
f 1096/1096/1096 1095/1095/1095 1093/1093/1093
f 1099/1099/1099 1098/1098/1098 1097/1097/1097
f 1100/1100/1100 1099/1099/1099 1097/1097/1097
f 1103/1103/1103 1102/1102/1102 1101/1101/1101
f 1104/1104/1104 1103/1103/1103 1101/1101/1101
f 1107/1107/1107 1106/1106/1106 1105/1105/1105
f 1108/1108/1108 1107/1107/1107 1105/1105/1105
f 1111/1111/1111 1110/1110/1110 1109/1109/1109
f 1112/1112/1112 1111/1111/1111 1109/1109/1109
f 1115/1115/1115 1114/1114/1114 1113/1113/1113
f 1116/1116/1116 1115/1115/1115 1113/1113/1113
f 1119/1119/1119 1118/1118/1118 1117/1117/1117
f 1120/1120/1120 1119/1119/1119 1117/1117/1117
f 1123/1123/1123 1122/1122/1122 1121/1121/1121
f 1124/1124/1124 1123/1123/1123 1121/1121/1121
f 1127/1127/1127 1126/1126/1126 1125/1125/1125
f 1128/1128/1128 1127/1127/1127 1125/1125/1125
f 1131/1131/1131 1130/1130/1130 1129/1129/1129
f 1132/1132/1132 1131/1131/1131 1129/1129/1129
f 1135/1135/1135 1134/1134/1134 1133/1133/1133
f 1136/1136/1136 1135/1135/1135 1133/1133/1133
f 1139/1139/1139 1138/1138/1138 1137/1137/1137
f 1140/1140/1140 1139/1139/1139 1137/1137/1137
f 1143/1143/1143 1142/1142/1142 1141/1141/1141
f 1144/1144/1144 1143/1143/1143 1141/1141/1141
f 1147/1147/1147 1146/1146/1146 1145/1145/1145
f 1148/1148/1148 1147/1147/1147 1145/1145/1145
f 1151/1151/1151 1150/1150/1150 1149/1149/1149
f 1152/1152/1152 1151/1151/1151 1149/1149/1149
f 1155/1155/1155 1154/1154/1154 1153/1153/1153
f 1156/1156/1156 1155/1155/1155 1153/1153/1153
f 1159/1159/1159 1158/1158/1158 1157/1157/1157
f 1160/1160/1160 1159/1159/1159 1157/1157/1157
f 1163/1163/1163 1162/1162/1162 1161/1161/1161
f 1164/1164/1164 1163/1163/1163 1161/1161/1161
f 1167/1167/1167 1166/1166/1166 1165/1165/1165
f 1168/1168/1168 1167/1167/1167 1165/1165/1165
f 1171/1171/1171 1170/1170/1170 1169/1169/1169
f 1172/1172/1172 1171/1171/1171 1169/1169/1169
f 1175/1175/1175 1174/1174/1174 1173/1173/1173
f 1176/1176/1176 1175/1175/1175 1173/1173/1173
f 1179/1179/1179 1178/1178/1178 1177/1177/1177
f 1180/1180/1180 1179/1179/1179 1177/1177/1177
f 1183/1183/1183 1182/1182/1182 1181/1181/1181
f 1184/1184/1184 1183/1183/1183 1181/1181/1181
f 1187/1187/1187 1186/1186/1186 1185/1185/1185
f 1188/1188/1188 1187/1187/1187 1185/1185/1185
f 1191/1191/1191 1190/1190/1190 1189/1189/1189
f 1192/1192/1192 1191/1191/1191 1189/1189/1189
f 1195/1195/1195 1194/1194/1194 1193/1193/1193
f 1198/1198/1198 1197/1197/1197 1196/1196/1196
f 1201/1201/1201 1200/1200/1200 1199/1199/1199
f 1202/1202/1202 1201/1201/1201 1199/1199/1199
f 1205/1205/1205 1204/1204/1204 1203/1203/1203
f 1206/1206/1206 1205/1205/1205 1203/1203/1203
f 1209/1209/1209 1208/1208/1208 1207/1207/1207
f 1210/1210/1210 1209/1209/1209 1207/1207/1207
f 1213/1213/1213 1212/1212/1212 1211/1211/1211
f 1214/1214/1214 1213/1213/1213 1211/1211/1211
f 1217/1217/1217 1216/1216/1216 1215/1215/1215
f 1218/1218/1218 1217/1217/1217 1215/1215/1215
f 1221/1221/1221 1220/1220/1220 1219/1219/1219
f 1222/1222/1222 1221/1221/1221 1219/1219/1219
f 1225/1225/1225 1224/1224/1224 1223/1223/1223
f 1226/1226/1226 1225/1225/1225 1223/1223/1223
f 1229/1229/1229 1228/1228/1228 1227/1227/1227
f 1230/1230/1230 1229/1229/1229 1227/1227/1227
f 1233/1233/1233 1232/1232/1232 1231/1231/1231
f 1234/1234/1234 1233/1233/1233 1231/1231/1231
f 1237/1237/1237 1236/1236/1236 1235/1235/1235
f 1240/1240/1240 1239/1239/1239 1238/1238/1238
f 1243/1243/1243 1242/1242/1242 1241/1241/1241
f 1244/1244/1244 1243/1243/1243 1241/1241/1241
f 1247/1247/1247 1246/1246/1246 1245/1245/1245
f 1250/1250/1250 1249/1249/1249 1248/1248/1248
f 1251/1251/1251 1250/1250/1250 1248/1248/1248
f 1254/1254/1254 1253/1253/1253 1252/1252/1252
f 1255/1255/1255 1254/1254/1254 1252/1252/1252
f 1258/1258/1258 1257/1257/1257 1256/1256/1256
f 1259/1259/1259 1258/1258/1258 1256/1256/1256
f 1262/1262/1262 1261/1261/1261 1260/1260/1260
f 1263/1263/1263 1262/1262/1262 1260/1260/1260
f 1266/1266/1266 1265/1265/1265 1264/1264/1264
f 1267/1267/1267 1266/1266/1266 1264/1264/1264
f 1270/1270/1270 1269/1269/1269 1268/1268/1268
f 1271/1271/1271 1270/1270/1270 1268/1268/1268
f 1274/1274/1274 1273/1273/1273 1272/1272/1272
f 1275/1275/1275 1274/1274/1274 1272/1272/1272
f 1278/1278/1278 1277/1277/1277 1276/1276/1276
f 1279/1279/1279 1278/1278/1278 1276/1276/1276
f 1282/1282/1282 1281/1281/1281 1280/1280/1280
f 1283/1283/1283 1282/1282/1282 1280/1280/1280
f 1286/1286/1286 1285/1285/1285 1284/1284/1284
f 1287/1287/1287 1286/1286/1286 1284/1284/1284
f 1290/1290/1290 1289/1289/1289 1288/1288/1288
f 1291/1291/1291 1290/1290/1290 1288/1288/1288
f 1294/1294/1294 1293/1293/1293 1292/1292/1292
f 1295/1295/1295 1294/1294/1294 1292/1292/1292
f 1298/1298/1298 1297/1297/1297 1296/1296/1296
f 1301/1301/1301 1300/1300/1300 1299/1299/1299
f 1304/1304/1304 1303/1303/1303 1302/1302/1302
f 1307/1307/1307 1306/1306/1306 1305/1305/1305
f 1310/1310/1310 1309/1309/1309 1308/1308/1308
f 1313/1313/1313 1312/1312/1312 1311/1311/1311
f 1316/1316/1316 1315/1315/1315 1314/1314/1314
f 1319/1319/1319 1318/1318/1318 1317/1317/1317
f 1320/1320/1320 1319/1319/1319 1317/1317/1317
f 1323/1323/1323 1322/1322/1322 1321/1321/1321
f 1326/1326/1326 1325/1325/1325 1324/1324/1324
f 1327/1327/1327 1326/1326/1326 1324/1324/1324
f 1330/1330/1330 1329/1329/1329 1328/1328/1328
f 1331/1331/1331 1330/1330/1330 1328/1328/1328
f 1334/1334/1334 1333/1333/1333 1332/1332/1332
f 1335/1335/1335 1334/1334/1334 1332/1332/1332
f 1338/1338/1338 1337/1337/1337 1336/1336/1336
f 1339/1339/1339 1338/1338/1338 1336/1336/1336
f 1342/1342/1342 1341/1341/1341 1340/1340/1340
f 1343/1343/1343 1342/1342/1342 1340/1340/1340
f 1346/1346/1346 1345/1345/1345 1344/1344/1344
f 1349/1349/1349 1348/1348/1348 1347/1347/1347
f 1352/1352/1352 1351/1351/1351 1350/1350/1350
f 1353/1353/1353 1352/1352/1352 1350/1350/1350
f 1356/1356/1356 1355/1355/1355 1354/1354/1354
f 1357/1357/1357 1356/1356/1356 1354/1354/1354
f 1360/1360/1360 1359/1359/1359 1358/1358/1358
f 1363/1363/1363 1362/1362/1362 1361/1361/1361
f 1366/1366/1366 1365/1365/1365 1364/1364/1364
f 1367/1367/1367 1366/1366/1366 1364/1364/1364
f 1370/1370/1370 1369/1369/1369 1368/1368/1368
f 1371/1371/1371 1370/1370/1370 1368/1368/1368
f 1374/1374/1374 1373/1373/1373 1372/1372/1372
f 1375/1375/1375 1374/1374/1374 1372/1372/1372
f 1378/1378/1378 1377/1377/1377 1376/1376/1376
f 1381/1381/1381 1380/1380/1380 1379/1379/1379
f 1384/1384/1384 1383/1383/1383 1382/1382/1382
f 1385/1385/1385 1384/1384/1384 1382/1382/1382
f 1388/1388/1388 1387/1387/1387 1386/1386/1386
f 1389/1389/1389 1388/1388/1388 1386/1386/1386
f 1392/1392/1392 1391/1391/1391 1390/1390/1390
f 1393/1393/1393 1392/1392/1392 1390/1390/1390
f 1396/1396/1396 1395/1395/1395 1394/1394/1394
f 1397/1397/1397 1396/1396/1396 1394/1394/1394
f 1400/1400/1400 1399/1399/1399 1398/1398/1398
f 1401/1401/1401 1400/1400/1400 1398/1398/1398
f 1404/1404/1404 1403/1403/1403 1402/1402/1402
f 1405/1405/1405 1404/1404/1404 1402/1402/1402
f 1408/1408/1408 1407/1407/1407 1406/1406/1406
f 1409/1409/1409 1408/1408/1408 1406/1406/1406
f 1412/1412/1412 1411/1411/1411 1410/1410/1410
f 1413/1413/1413 1412/1412/1412 1410/1410/1410
f 1416/1416/1416 1415/1415/1415 1414/1414/1414
f 1417/1417/1417 1416/1416/1416 1414/1414/1414
f 1420/1420/1420 1419/1419/1419 1418/1418/1418
f 1421/1421/1421 1420/1420/1420 1418/1418/1418
f 1424/1424/1424 1423/1423/1423 1422/1422/1422
f 1425/1425/1425 1424/1424/1424 1422/1422/1422
f 1428/1428/1428 1427/1427/1427 1426/1426/1426
f 1429/1429/1429 1428/1428/1428 1426/1426/1426
f 1432/1432/1432 1431/1431/1431 1430/1430/1430
f 1433/1433/1433 1432/1432/1432 1430/1430/1430
f 1436/1436/1436 1435/1435/1435 1434/1434/1434
f 1437/1437/1437 1436/1436/1436 1434/1434/1434
f 1440/1440/1440 1439/1439/1439 1438/1438/1438
f 1441/1441/1441 1440/1440/1440 1438/1438/1438
f 1444/1444/1444 1443/1443/1443 1442/1442/1442
f 1445/1445/1445 1444/1444/1444 1442/1442/1442
f 1448/1448/1448 1447/1447/1447 1446/1446/1446
f 1449/1449/1449 1448/1448/1448 1446/1446/1446
f 1452/1452/1452 1451/1451/1451 1450/1450/1450
f 1453/1453/1453 1452/1452/1452 1450/1450/1450
f 1456/1456/1456 1455/1455/1455 1454/1454/1454
f 1457/1457/1457 1456/1456/1456 1454/1454/1454
f 1460/1460/1460 1459/1459/1459 1458/1458/1458
f 1461/1461/1461 1460/1460/1460 1458/1458/1458
f 1464/1464/1464 1463/1463/1463 1462/1462/1462
f 1465/1465/1465 1464/1464/1464 1462/1462/1462
f 1468/1468/1468 1467/1467/1467 1466/1466/1466
f 1469/1469/1469 1468/1468/1468 1466/1466/1466
f 1472/1472/1472 1471/1471/1471 1470/1470/1470
f 1473/1473/1473 1472/1472/1472 1470/1470/1470
f 1476/1476/1476 1475/1475/1475 1474/1474/1474
f 1477/1477/1477 1476/1476/1476 1474/1474/1474
f 1480/1480/1480 1479/1479/1479 1478/1478/1478
f 1481/1481/1481 1480/1480/1480 1478/1478/1478
f 1484/1484/1484 1483/1483/1483 1482/1482/1482
f 1487/1487/1487 1486/1486/1486 1485/1485/1485
f 1490/1490/1490 1489/1489/1489 1488/1488/1488
f 1491/1491/1491 1490/1490/1490 1488/1488/1488
f 1494/1494/1494 1493/1493/1493 1492/1492/1492
f 1495/1495/1495 1494/1494/1494 1492/1492/1492
f 1498/1498/1498 1497/1497/1497 1496/1496/1496
f 1499/1499/1499 1498/1498/1498 1496/1496/1496
f 1502/1502/1502 1501/1501/1501 1500/1500/1500
f 1503/1503/1503 1502/1502/1502 1500/1500/1500
f 1506/1506/1506 1505/1505/1505 1504/1504/1504
f 1507/1507/1507 1506/1506/1506 1504/1504/1504
f 1510/1510/1510 1509/1509/1509 1508/1508/1508
f 1511/1511/1511 1510/1510/1510 1508/1508/1508
f 1514/1514/1514 1513/1513/1513 1512/1512/1512
f 1515/1515/1515 1514/1514/1514 1512/1512/1512
f 1518/1518/1518 1517/1517/1517 1516/1516/1516
f 1519/1519/1519 1518/1518/1518 1516/1516/1516
f 1522/1522/1522 1521/1521/1521 1520/1520/1520
f 1523/1523/1523 1522/1522/1522 1520/1520/1520
f 1526/1526/1526 1525/1525/1525 1524/1524/1524
f 1527/1527/1527 1526/1526/1526 1524/1524/1524
f 1530/1530/1530 1529/1529/1529 1528/1528/1528
f 1531/1531/1531 1530/1530/1530 1528/1528/1528
f 1534/1534/1534 1533/1533/1533 1532/1532/1532
f 1535/1535/1535 1534/1534/1534 1532/1532/1532
f 1538/1538/1538 1537/1537/1537 1536/1536/1536
f 1539/1539/1539 1538/1538/1538 1536/1536/1536
f 1542/1542/1542 1541/1541/1541 1540/1540/1540
f 1543/1543/1543 1542/1542/1542 1540/1540/1540
f 1546/1546/1546 1545/1545/1545 1544/1544/1544
f 1547/1547/1547 1546/1546/1546 1544/1544/1544
f 1550/1550/1550 1549/1549/1549 1548/1548/1548
f 1551/1551/1551 1550/1550/1550 1548/1548/1548
f 1554/1554/1554 1553/1553/1553 1552/1552/1552
f 1555/1555/1555 1554/1554/1554 1552/1552/1552
f 1558/1558/1558 1557/1557/1557 1556/1556/1556
f 1559/1559/1559 1558/1558/1558 1556/1556/1556
f 1562/1562/1562 1561/1561/1561 1560/1560/1560
f 1563/1563/1563 1562/1562/1562 1560/1560/1560
f 1566/1566/1566 1565/1565/1565 1564/1564/1564
f 1567/1567/1567 1566/1566/1566 1564/1564/1564
f 1570/1570/1570 1569/1569/1569 1568/1568/1568
f 1571/1571/1571 1570/1570/1570 1568/1568/1568
f 1574/1574/1574 1573/1573/1573 1572/1572/1572
f 1575/1575/1575 1574/1574/1574 1572/1572/1572
f 1578/1578/1578 1577/1577/1577 1576/1576/1576
f 1579/1579/1579 1578/1578/1578 1576/1576/1576
f 1582/1582/1582 1581/1581/1581 1580/1580/1580
f 1583/1583/1583 1582/1582/1582 1580/1580/1580
f 1586/1586/1586 1585/1585/1585 1584/1584/1584
f 1587/1587/1587 1586/1586/1586 1584/1584/1584
f 1590/1590/1590 1589/1589/1589 1588/1588/1588
f 1591/1591/1591 1590/1590/1590 1588/1588/1588
f 1594/1594/1594 1593/1593/1593 1592/1592/1592
f 1595/1595/1595 1594/1594/1594 1592/1592/1592
f 1598/1598/1598 1597/1597/1597 1596/1596/1596
f 1599/1599/1599 1598/1598/1598 1596/1596/1596
f 1602/1602/1602 1601/1601/1601 1600/1600/1600
f 1603/1603/1603 1602/1602/1602 1600/1600/1600
f 1606/1606/1606 1605/1605/1605 1604/1604/1604
f 1607/1607/1607 1606/1606/1606 1604/1604/1604
f 1610/1610/1610 1609/1609/1609 1608/1608/1608
f 1611/1611/1611 1610/1610/1610 1608/1608/1608
f 1614/1614/1614 1613/1613/1613 1612/1612/1612
f 1615/1615/1615 1614/1614/1614 1612/1612/1612
f 1618/1618/1618 1617/1617/1617 1616/1616/1616
f 1619/1619/1619 1618/1618/1618 1616/1616/1616
f 1622/1622/1622 1621/1621/1621 1620/1620/1620
f 1623/1623/1623 1622/1622/1622 1620/1620/1620
f 1626/1626/1626 1625/1625/1625 1624/1624/1624
f 1627/1627/1627 1626/1626/1626 1624/1624/1624
f 1630/1630/1630 1629/1629/1629 1628/1628/1628
f 1631/1631/1631 1630/1630/1630 1628/1628/1628
f 1634/1634/1634 1633/1633/1633 1632/1632/1632
f 1635/1635/1635 1634/1634/1634 1632/1632/1632
f 1638/1638/1638 1637/1637/1637 1636/1636/1636
f 1639/1639/1639 1638/1638/1638 1636/1636/1636
f 1642/1642/1642 1641/1641/1641 1640/1640/1640
f 1643/1643/1643 1642/1642/1642 1640/1640/1640
f 1646/1646/1646 1645/1645/1645 1644/1644/1644
f 1647/1647/1647 1646/1646/1646 1644/1644/1644
f 1645/1645/1645 1646/1646/1646 1648/1648/1648
f 1646/1646/1646 1649/1649/1649 1648/1648/1648
f 1647/1647/1647 1644/1644/1644 1650/1650/1650
f 1651/1651/1651 1647/1647/1647 1650/1650/1650
f 1651/1651/1651 1650/1650/1650 1652/1652/1652
f 1653/1653/1653 1651/1651/1651 1652/1652/1652
f 1653/1653/1653 1652/1652/1652 1654/1654/1654
f 1655/1655/1655 1653/1653/1653 1654/1654/1654
f 1655/1655/1655 1654/1654/1654 1656/1656/1656
f 1657/1657/1657 1655/1655/1655 1656/1656/1656
f 1657/1657/1657 1656/1656/1656 1658/1658/1658
f 1659/1659/1659 1657/1657/1657 1658/1658/1658
f 1659/1659/1659 1658/1658/1658 1660/1660/1660
f 1661/1661/1661 1659/1659/1659 1660/1660/1660
f 1661/1661/1661 1660/1660/1660 1662/1662/1662
f 1663/1663/1663 1661/1661/1661 1662/1662/1662
f 1663/1663/1663 1662/1662/1662 1664/1664/1664
f 1665/1665/1665 1663/1663/1663 1664/1664/1664
f 1665/1665/1665 1664/1664/1664 1666/1666/1666
f 1667/1667/1667 1665/1665/1665 1666/1666/1666
f 1667/1667/1667 1666/1666/1666 1668/1668/1668
f 1669/1669/1669 1667/1667/1667 1668/1668/1668
f 1669/1669/1669 1668/1668/1668 1670/1670/1670
f 1671/1671/1671 1669/1669/1669 1670/1670/1670
f 1671/1671/1671 1670/1670/1670 1672/1672/1672
f 1673/1673/1673 1671/1671/1671 1672/1672/1672
f 1674/1674/1674 1673/1673/1673 1672/1672/1672
f 1675/1675/1675 1674/1674/1674 1672/1672/1672
f 1674/1674/1674 1675/1675/1675 1676/1676/1676
f 1677/1677/1677 1674/1674/1674 1676/1676/1676
f 1677/1677/1677 1676/1676/1676 1678/1678/1678
f 1679/1679/1679 1677/1677/1677 1678/1678/1678
f 1679/1679/1679 1678/1678/1678 1680/1680/1680
f 1681/1681/1681 1679/1679/1679 1680/1680/1680
f 1681/1681/1681 1680/1680/1680 1682/1682/1682
f 1683/1683/1683 1681/1681/1681 1682/1682/1682
f 1683/1683/1683 1682/1682/1682 1684/1684/1684
f 1685/1685/1685 1683/1683/1683 1684/1684/1684
f 1685/1685/1685 1684/1684/1684 1686/1686/1686
f 1687/1687/1687 1685/1685/1685 1686/1686/1686
f 1687/1687/1687 1686/1686/1686 1688/1688/1688
f 1689/1689/1689 1687/1687/1687 1688/1688/1688
f 1690/1690/1690 1689/1689/1689 1688/1688/1688
f 1691/1691/1691 1690/1690/1690 1688/1688/1688
f 1690/1690/1690 1691/1691/1691 1692/1692/1692
f 1693/1693/1693 1690/1690/1690 1692/1692/1692
f 1693/1693/1693 1692/1692/1692 1694/1694/1694
f 1695/1695/1695 1693/1693/1693 1694/1694/1694
f 1695/1695/1695 1694/1694/1694 1696/1696/1696
f 1697/1697/1697 1695/1695/1695 1696/1696/1696
f 1697/1697/1697 1696/1696/1696 1698/1698/1698
f 1699/1699/1699 1697/1697/1697 1698/1698/1698
f 1699/1699/1699 1698/1698/1698 1700/1700/1700
f 1701/1701/1701 1699/1699/1699 1700/1700/1700
f 1701/1701/1701 1700/1700/1700 1702/1702/1702
f 1703/1703/1703 1701/1701/1701 1702/1702/1702
f 1703/1703/1703 1702/1702/1702 1704/1704/1704
f 1705/1705/1705 1703/1703/1703 1704/1704/1704
f 1705/1705/1705 1704/1704/1704 1706/1706/1706
f 1707/1707/1707 1705/1705/1705 1706/1706/1706
f 1707/1707/1707 1706/1706/1706 1648/1648/1648
f 1649/1649/1649 1707/1707/1707 1648/1648/1648
f 1710/1710/1710 1709/1709/1709 1708/1708/1708
f 1711/1711/1711 1710/1710/1710 1708/1708/1708
f 1714/1714/1714 1713/1713/1713 1712/1712/1712
f 1713/1713/1713 1715/1715/1715 1712/1712/1712
f 1715/1715/1715 1716/1716/1716 1712/1712/1712
f 1716/1716/1716 1717/1717/1717 1712/1712/1712
f 1717/1717/1717 1718/1718/1718 1712/1712/1712
f 1718/1718/1718 1719/1719/1719 1712/1712/1712
f 1719/1719/1719 1720/1720/1720 1712/1712/1712
f 1720/1720/1720 1721/1721/1721 1712/1712/1712
f 1721/1721/1721 1722/1722/1722 1712/1712/1712
f 1722/1722/1722 1723/1723/1723 1712/1712/1712
f 1723/1723/1723 1724/1724/1724 1712/1712/1712
f 1724/1724/1724 1725/1725/1725 1712/1712/1712
f 1725/1725/1725 1726/1726/1726 1712/1712/1712
f 1726/1726/1726 1727/1727/1727 1712/1712/1712
f 1727/1727/1727 1728/1728/1728 1712/1712/1712
f 1728/1728/1728 1729/1729/1729 1712/1712/1712
f 1729/1729/1729 1730/1730/1730 1712/1712/1712
f 1730/1730/1730 1731/1731/1731 1712/1712/1712
f 1731/1731/1731 1732/1732/1732 1712/1712/1712
f 1732/1732/1732 1733/1733/1733 1712/1712/1712
f 1733/1733/1733 1734/1734/1734 1712/1712/1712
f 1734/1734/1734 1735/1735/1735 1712/1712/1712
f 1735/1735/1735 1736/1736/1736 1712/1712/1712
f 1736/1736/1736 1737/1737/1737 1712/1712/1712
f 1737/1737/1737 1738/1738/1738 1712/1712/1712
f 1738/1738/1738 1739/1739/1739 1712/1712/1712
f 1739/1739/1739 1740/1740/1740 1712/1712/1712
f 1740/1740/1740 1741/1741/1741 1712/1712/1712
f 1741/1741/1741 1742/1742/1742 1712/1712/1712
f 1742/1742/1742 1743/1743/1743 1712/1712/1712
f 1743/1743/1743 1744/1744/1744 1712/1712/1712
f 1744/1744/1744 1714/1714/1714 1712/1712/1712
f 1747/1747/1747 1746/1746/1746 1745/1745/1745
f 1748/1748/1748 1747/1747/1747 1745/1745/1745
f 1751/1751/1751 1750/1750/1750 1749/1749/1749
f 1752/1752/1752 1751/1751/1751 1749/1749/1749
f 1755/1755/1755 1754/1754/1754 1753/1753/1753
f 1756/1756/1756 1755/1755/1755 1753/1753/1753
f 1759/1759/1759 1758/1758/1758 1757/1757/1757
f 1760/1760/1760 1759/1759/1759 1757/1757/1757
f 1763/1763/1763 1762/1762/1762 1761/1761/1761
f 1764/1764/1764 1763/1763/1763 1761/1761/1761
f 1767/1767/1767 1766/1766/1766 1765/1765/1765
f 1768/1768/1768 1767/1767/1767 1765/1765/1765
f 1771/1771/1771 1770/1770/1770 1769/1769/1769
f 1772/1772/1772 1771/1771/1771 1769/1769/1769
f 1775/1775/1775 1774/1774/1774 1773/1773/1773
f 1776/1776/1776 1775/1775/1775 1773/1773/1773
f 1779/1779/1779 1778/1778/1778 1777/1777/1777
f 1780/1780/1780 1779/1779/1779 1777/1777/1777
f 1783/1783/1783 1782/1782/1782 1781/1781/1781
f 1784/1784/1784 1783/1783/1783 1781/1781/1781
f 1787/1787/1787 1786/1786/1786 1785/1785/1785
f 1788/1788/1788 1787/1787/1787 1785/1785/1785
f 1791/1791/1791 1790/1790/1790 1789/1789/1789
f 1792/1792/1792 1791/1791/1791 1789/1789/1789
f 1795/1795/1795 1794/1794/1794 1793/1793/1793
f 1796/1796/1796 1795/1795/1795 1793/1793/1793
f 1799/1799/1799 1798/1798/1798 1797/1797/1797
f 1800/1800/1800 1799/1799/1799 1797/1797/1797
f 1803/1803/1803 1802/1802/1802 1801/1801/1801
f 1804/1804/1804 1803/1803/1803 1801/1801/1801
f 1807/1807/1807 1806/1806/1806 1805/1805/1805
f 1808/1808/1808 1807/1807/1807 1805/1805/1805
f 1811/1811/1811 1810/1810/1810 1809/1809/1809
f 1812/1812/1812 1811/1811/1811 1809/1809/1809
f 1815/1815/1815 1814/1814/1814 1813/1813/1813
f 1816/1816/1816 1815/1815/1815 1813/1813/1813
f 1819/1819/1819 1818/1818/1818 1817/1817/1817
f 1820/1820/1820 1819/1819/1819 1817/1817/1817
f 1823/1823/1823 1822/1822/1822 1821/1821/1821
f 1824/1824/1824 1823/1823/1823 1821/1821/1821
f 1827/1827/1827 1826/1826/1826 1825/1825/1825
f 1828/1828/1828 1827/1827/1827 1825/1825/1825
f 1831/1831/1831 1830/1830/1830 1829/1829/1829
f 1832/1832/1832 1831/1831/1831 1829/1829/1829
f 1835/1835/1835 1834/1834/1834 1833/1833/1833
f 1836/1836/1836 1835/1835/1835 1833/1833/1833
f 1839/1839/1839 1838/1838/1838 1837/1837/1837
f 1840/1840/1840 1839/1839/1839 1837/1837/1837
f 1843/1843/1843 1842/1842/1842 1841/1841/1841
f 1844/1844/1844 1843/1843/1843 1841/1841/1841
f 1847/1847/1847 1846/1846/1846 1845/1845/1845
f 1848/1848/1848 1847/1847/1847 1845/1845/1845
f 1851/1851/1851 1850/1850/1850 1849/1849/1849
f 1852/1852/1852 1851/1851/1851 1849/1849/1849
f 1855/1855/1855 1854/1854/1854 1853/1853/1853
f 1856/1856/1856 1855/1855/1855 1853/1853/1853
f 1859/1859/1859 1858/1858/1858 1857/1857/1857
f 1860/1860/1860 1859/1859/1859 1857/1857/1857
f 1863/1863/1863 1862/1862/1862 1861/1861/1861
f 1864/1864/1864 1863/1863/1863 1861/1861/1861
f 1867/1867/1867 1866/1866/1866 1865/1865/1865
f 1870/1870/1870 1869/1869/1869 1868/1868/1868
f 1873/1873/1873 1872/1872/1872 1871/1871/1871
f 1874/1874/1874 1873/1873/1873 1871/1871/1871
f 1873/1873/1873 1874/1874/1874 1875/1875/1875
f 1874/1874/1874 1876/1876/1876 1875/1875/1875
f 1876/1876/1876 1877/1877/1877 1875/1875/1875
f 1877/1877/1877 1878/1878/1878 1875/1875/1875
f 1878/1878/1878 1877/1877/1877 1879/1879/1879
f 1877/1877/1877 1880/1880/1880 1879/1879/1879
f 1880/1880/1880 1881/1881/1881 1879/1879/1879
f 1881/1881/1881 1882/1882/1882 1879/1879/1879
f 1882/1882/1882 1881/1881/1881 1883/1883/1883
f 1881/1881/1881 1884/1884/1884 1883/1883/1883
f 1884/1884/1884 1885/1885/1885 1883/1883/1883
f 1885/1885/1885 1886/1886/1886 1883/1883/1883
f 1889/1889/1889 1888/1888/1888 1887/1887/1887
f 1890/1890/1890 1889/1889/1889 1887/1887/1887
f 1888/1888/1888 1889/1889/1889 1891/1891/1891
f 1889/1889/1889 1892/1892/1892 1891/1891/1891
f 1892/1892/1892 1893/1893/1893 1891/1891/1891
f 1893/1893/1893 1894/1894/1894 1891/1891/1891
f 1894/1894/1894 1893/1893/1893 1895/1895/1895
f 1893/1893/1893 1896/1896/1896 1895/1895/1895
f 1896/1896/1896 1897/1897/1897 1895/1895/1895
f 1897/1897/1897 1898/1898/1898 1895/1895/1895
f 1898/1898/1898 1897/1897/1897 1899/1899/1899
f 1897/1897/1897 1900/1900/1900 1899/1899/1899
f 1900/1900/1900 1901/1901/1901 1899/1899/1899
f 1901/1901/1901 1902/1902/1902 1899/1899/1899
f 1902/1902/1902 1901/1901/1901 1903/1903/1903
f 1904/1904/1904 1902/1902/1902 1903/1903/1903
f 1905/1905/1905 1904/1904/1904 1903/1903/1903
f 1906/1906/1906 1905/1905/1905 1903/1903/1903
f 1905/1905/1905 1906/1906/1906 1907/1907/1907
f 1906/1906/1906 1908/1908/1908 1907/1907/1907
f 1911/1911/1911 1910/1910/1910 1909/1909/1909
f 1912/1912/1912 1911/1911/1911 1909/1909/1909
f 1915/1915/1915 1914/1914/1914 1913/1913/1913
f 1916/1916/1916 1915/1915/1915 1913/1913/1913
f 1919/1919/1919 1918/1918/1918 1917/1917/1917
f 1920/1920/1920 1919/1919/1919 1917/1917/1917
f 1923/1923/1923 1922/1922/1922 1921/1921/1921
f 1924/1924/1924 1923/1923/1923 1921/1921/1921
f 1927/1927/1927 1926/1926/1926 1925/1925/1925
f 1928/1928/1928 1927/1927/1927 1925/1925/1925
f 1931/1931/1931 1930/1930/1930 1929/1929/1929
f 1932/1932/1932 1931/1931/1931 1929/1929/1929
f 1935/1935/1935 1934/1934/1934 1933/1933/1933
f 1936/1936/1936 1935/1935/1935 1933/1933/1933
f 1939/1939/1939 1938/1938/1938 1937/1937/1937
f 1940/1940/1940 1939/1939/1939 1937/1937/1937
f 1943/1943/1943 1942/1942/1942 1941/1941/1941
f 1944/1944/1944 1943/1943/1943 1941/1941/1941
f 1947/1947/1947 1946/1946/1946 1945/1945/1945
f 1948/1948/1948 1947/1947/1947 1945/1945/1945
f 1951/1951/1951 1950/1950/1950 1949/1949/1949
f 1952/1952/1952 1951/1951/1951 1949/1949/1949
f 1955/1955/1955 1954/1954/1954 1953/1953/1953
f 1956/1956/1956 1955/1955/1955 1953/1953/1953
f 1959/1959/1959 1958/1958/1958 1957/1957/1957
f 1960/1960/1960 1959/1959/1959 1957/1957/1957
f 1963/1963/1963 1962/1962/1962 1961/1961/1961
f 1964/1964/1964 1963/1963/1963 1961/1961/1961
f 1967/1967/1967 1966/1966/1966 1965/1965/1965
f 1968/1968/1968 1967/1967/1967 1965/1965/1965
f 1971/1971/1971 1970/1970/1970 1969/1969/1969
f 1972/1972/1972 1971/1971/1971 1969/1969/1969
f 1975/1975/1975 1974/1974/1974 1973/1973/1973
f 1976/1976/1976 1975/1975/1975 1973/1973/1973
f 1979/1979/1979 1978/1978/1978 1977/1977/1977
f 1980/1980/1980 1979/1979/1979 1977/1977/1977
f 1983/1983/1983 1982/1982/1982 1981/1981/1981
f 1984/1984/1984 1983/1983/1983 1981/1981/1981
f 1987/1987/1987 1986/1986/1986 1985/1985/1985
f 1988/1988/1988 1987/1987/1987 1985/1985/1985
f 1991/1991/1991 1990/1990/1990 1989/1989/1989
f 1992/1992/1992 1991/1991/1991 1989/1989/1989
f 1995/1995/1995 1994/1994/1994 1993/1993/1993
f 1996/1996/1996 1995/1995/1995 1993/1993/1993
f 1999/1999/1999 1998/1998/1998 1997/1997/1997
f 2000/2000/2000 1999/1999/1999 1997/1997/1997
f 2003/2003/2003 2002/2002/2002 2001/2001/2001
f 2004/2004/2004 2003/2003/2003 2001/2001/2001
f 2007/2007/2007 2006/2006/2006 2005/2005/2005
f 2008/2008/2008 2007/2007/2007 2005/2005/2005
f 2011/2011/2011 2010/2010/2010 2009/2009/2009
f 2012/2012/2012 2011/2011/2011 2009/2009/2009
f 2015/2015/2015 2014/2014/2014 2013/2013/2013
f 2016/2016/2016 2015/2015/2015 2013/2013/2013
f 2019/2019/2019 2018/2018/2018 2017/2017/2017
f 2020/2020/2020 2019/2019/2019 2017/2017/2017
f 2023/2023/2023 2022/2022/2022 2021/2021/2021
f 2024/2024/2024 2023/2023/2023 2021/2021/2021
f 2027/2027/2027 2026/2026/2026 2025/2025/2025
f 2028/2028/2028 2027/2027/2027 2025/2025/2025
f 2031/2031/2031 2030/2030/2030 2029/2029/2029
f 2032/2032/2032 2031/2031/2031 2029/2029/2029
f 2035/2035/2035 2034/2034/2034 2033/2033/2033
f 2036/2036/2036 2035/2035/2035 2033/2033/2033
f 2039/2039/2039 2038/2038/2038 2037/2037/2037
f 2040/2040/2040 2039/2039/2039 2037/2037/2037
f 2043/2043/2043 2042/2042/2042 2041/2041/2041
f 2044/2044/2044 2043/2043/2043 2041/2041/2041
f 2047/2047/2047 2046/2046/2046 2045/2045/2045
f 2048/2048/2048 2047/2047/2047 2045/2045/2045
f 2051/2051/2051 2050/2050/2050 2049/2049/2049
f 2054/2054/2054 2053/2053/2053 2052/2052/2052
f 2057/2057/2057 2056/2056/2056 2055/2055/2055
f 2058/2058/2058 2057/2057/2057 2055/2055/2055
f 2061/2061/2061 2060/2060/2060 2059/2059/2059
f 2062/2062/2062 2061/2061/2061 2059/2059/2059
f 2065/2065/2065 2064/2064/2064 2063/2063/2063
f 2066/2066/2066 2065/2065/2065 2063/2063/2063
f 2069/2069/2069 2068/2068/2068 2067/2067/2067
f 2070/2070/2070 2069/2069/2069 2067/2067/2067
f 2073/2073/2073 2072/2072/2072 2071/2071/2071
f 2074/2074/2074 2073/2073/2073 2071/2071/2071
f 2077/2077/2077 2076/2076/2076 2075/2075/2075
f 2078/2078/2078 2077/2077/2077 2075/2075/2075
f 2081/2081/2081 2080/2080/2080 2079/2079/2079
f 2082/2082/2082 2081/2081/2081 2079/2079/2079
f 2085/2085/2085 2084/2084/2084 2083/2083/2083
f 2086/2086/2086 2085/2085/2085 2083/2083/2083
f 2089/2089/2089 2088/2088/2088 2087/2087/2087
f 2090/2090/2090 2089/2089/2089 2087/2087/2087
f 2093/2093/2093 2092/2092/2092 2091/2091/2091
f 2094/2094/2094 2093/2093/2093 2091/2091/2091
f 2097/2097/2097 2096/2096/2096 2095/2095/2095
f 2100/2100/2100 2099/2099/2099 2098/2098/2098
f 2103/2103/2103 2102/2102/2102 2101/2101/2101
f 2104/2104/2104 2103/2103/2103 2101/2101/2101
f 2107/2107/2107 2106/2106/2106 2105/2105/2105
f 2108/2108/2108 2107/2107/2107 2105/2105/2105
f 2111/2111/2111 2110/2110/2110 2109/2109/2109
f 2112/2112/2112 2111/2111/2111 2109/2109/2109
f 2115/2115/2115 2114/2114/2114 2113/2113/2113
f 2116/2116/2116 2115/2115/2115 2113/2113/2113
f 2119/2119/2119 2118/2118/2118 2117/2117/2117
f 2120/2120/2120 2119/2119/2119 2117/2117/2117
f 2123/2123/2123 2122/2122/2122 2121/2121/2121
f 2124/2124/2124 2123/2123/2123 2121/2121/2121
f 2127/2127/2127 2126/2126/2126 2125/2125/2125
f 2128/2128/2128 2127/2127/2127 2125/2125/2125
f 2131/2131/2131 2130/2130/2130 2129/2129/2129
f 2132/2132/2132 2131/2131/2131 2129/2129/2129
f 2135/2135/2135 2134/2134/2134 2133/2133/2133
f 2136/2136/2136 2135/2135/2135 2133/2133/2133
f 2139/2139/2139 2138/2138/2138 2137/2137/2137
f 2140/2140/2140 2139/2139/2139 2137/2137/2137
f 2143/2143/2143 2142/2142/2142 2141/2141/2141
f 2144/2144/2144 2143/2143/2143 2141/2141/2141
f 2147/2147/2147 2146/2146/2146 2145/2145/2145
f 2148/2148/2148 2147/2147/2147 2145/2145/2145
f 2151/2151/2151 2150/2150/2150 2149/2149/2149
f 2152/2152/2152 2151/2151/2151 2149/2149/2149
f 2155/2155/2155 2154/2154/2154 2153/2153/2153
f 2156/2156/2156 2155/2155/2155 2153/2153/2153
f 2159/2159/2159 2158/2158/2158 2157/2157/2157
f 2160/2160/2160 2159/2159/2159 2157/2157/2157
f 2163/2163/2163 2162/2162/2162 2161/2161/2161
f 2164/2164/2164 2163/2163/2163 2161/2161/2161
f 2167/2167/2167 2166/2166/2166 2165/2165/2165
f 2168/2168/2168 2167/2167/2167 2165/2165/2165
f 2167/2167/2167 2168/2168/2168 2169/2169/2169
f 2170/2170/2170 2167/2167/2167 2169/2169/2169
f 2171/2171/2171 2170/2170/2170 2169/2169/2169
f 2172/2172/2172 2171/2171/2171 2169/2169/2169
f 2171/2171/2171 2172/2172/2172 2173/2173/2173
f 2174/2174/2174 2171/2171/2171 2173/2173/2173
f 2177/2177/2177 2176/2176/2176 2175/2175/2175
f 2178/2178/2178 2177/2177/2177 2175/2175/2175
f 2181/2181/2181 2180/2180/2180 2179/2179/2179
f 2182/2182/2182 2181/2181/2181 2179/2179/2179
f 2185/2185/2185 2184/2184/2184 2183/2183/2183
f 2186/2186/2186 2185/2185/2185 2183/2183/2183
f 2185/2185/2185 2186/2186/2186 2187/2187/2187
f 2186/2186/2186 2188/2188/2188 2187/2187/2187
f 2188/2188/2188 2189/2189/2189 2187/2187/2187
f 2189/2189/2189 2190/2190/2190 2187/2187/2187
f 2190/2190/2190 2189/2189/2189 2191/2191/2191
f 2189/2189/2189 2192/2192/2192 2191/2191/2191
f 2192/2192/2192 2193/2193/2193 2191/2191/2191
f 2193/2193/2193 2194/2194/2194 2191/2191/2191
f 2194/2194/2194 2193/2193/2193 2195/2195/2195
f 2193/2193/2193 2196/2196/2196 2195/2195/2195
f 2196/2196/2196 2197/2197/2197 2195/2195/2195
f 2197/2197/2197 2198/2198/2198 2195/2195/2195
f 2198/2198/2198 2197/2197/2197 2199/2199/2199
f 2200/2200/2200 2198/2198/2198 2199/2199/2199
f 2201/2201/2201 2200/2200/2200 2199/2199/2199
f 2202/2202/2202 2201/2201/2201 2199/2199/2199
f 2201/2201/2201 2202/2202/2202 2203/2203/2203
f 2202/2202/2202 2204/2204/2204 2203/2203/2203
f 2204/2204/2204 2205/2205/2205 2203/2203/2203
f 2205/2205/2205 2206/2206/2206 2203/2203/2203
f 2206/2206/2206 2205/2205/2205 2207/2207/2207
f 2209/2209/2209 2208/2208/2208 2207/2207/2207
f 2208/2208/2208 2209/2209/2209 2210/2210/2210
f 2213/2213/2213 2212/2212/2212 2211/2211/2211
f 2214/2214/2214 2213/2213/2213 2211/2211/2211
f 2212/2212/2212 2213/2213/2213 2215/2215/2215
f 2213/2213/2213 2216/2216/2216 2215/2215/2215
f 2216/2216/2216 2217/2217/2217 2215/2215/2215
f 2217/2217/2217 2218/2218/2218 2215/2215/2215
f 2218/2218/2218 2217/2217/2217 2219/2219/2219
f 2217/2217/2217 2220/2220/2220 2219/2219/2219
f 2220/2220/2220 2221/2221/2221 2219/2219/2219
f 2221/2221/2221 2223/2223/2223 2222/2222/2222
f 2223/2223/2223 2224/2224/2224 2222/2222/2222
f 2224/2224/2224 2225/2225/2225 2222/2222/2222
f 2225/2225/2225 2224/2224/2224 2226/2226/2226
f 2227/2227/2227 2225/2225/2225 2226/2226/2226
f 2229/2229/2229 2228/2228/2228 2226/2226/2226
f 2228/2228/2228 2229/2229/2229 2230/2230/2230
f 2229/2229/2229 2231/2231/2231 2230/2230/2230
f 2231/2231/2231 2232/2232/2232 2230/2230/2230
f 2235/2235/2235 2234/2234/2234 2233/2233/2233
f 2236/2236/2236 2235/2235/2235 2233/2233/2233
f 2239/2239/2239 2238/2238/2238 2237/2237/2237
f 2240/2240/2240 2239/2239/2239 2237/2237/2237
f 2239/2239/2239 2240/2240/2240 2241/2241/2241
f 2240/2240/2240 2242/2242/2242 2241/2241/2241
f 2242/2242/2242 2243/2243/2243 2241/2241/2241
f 2243/2243/2243 2244/2244/2244 2241/2241/2241
f 2244/2244/2244 2243/2243/2243 2245/2245/2245
f 2248/2248/2248 2247/2247/2247 2246/2246/2246
f 2249/2249/2249 2248/2248/2248 2246/2246/2246
f 2252/2252/2252 2251/2251/2251 2250/2250/2250
f 2253/2253/2253 2252/2252/2252 2250/2250/2250
f 2252/2252/2252 2253/2253/2253 2254/2254/2254
f 2253/2253/2253 2255/2255/2255 2254/2254/2254
f 2255/2255/2255 2256/2256/2256 2254/2254/2254
f 2256/2256/2256 2257/2257/2257 2254/2254/2254
f 2257/2257/2257 2256/2256/2256 2258/2258/2258
f 2256/2256/2256 2259/2259/2259 2258/2258/2258
f 2259/2259/2259 2260/2260/2260 2258/2258/2258
f 2260/2260/2260 2261/2261/2261 2258/2258/2258
f 2261/2261/2261 2260/2260/2260 2262/2262/2262
f 2260/2260/2260 2263/2263/2263 2262/2262/2262
f 2263/2263/2263 2264/2264/2264 2262/2262/2262
f 2264/2264/2264 2265/2265/2265 2262/2262/2262
f 2265/2265/2265 2264/2264/2264 2266/2266/2266
f 2267/2267/2267 2265/2265/2265 2266/2266/2266
f 2268/2268/2268 2267/2267/2267 2266/2266/2266
f 2269/2269/2269 2268/2268/2268 2266/2266/2266
f 2268/2268/2268 2269/2269/2269 2270/2270/2270
f 2269/2269/2269 2271/2271/2271 2270/2270/2270
f 2271/2271/2271 2272/2272/2272 2270/2270/2270
f 2272/2272/2272 2273/2273/2273 2270/2270/2270
f 2273/2273/2273 2272/2272/2272 2274/2274/2274
f 2275/2275/2275 2273/2273/2273 2274/2274/2274
f 2276/2276/2276 2275/2275/2275 2274/2274/2274
f 2277/2277/2277 2276/2276/2276 2274/2274/2274
f 2280/2280/2280 2279/2279/2279 2278/2278/2278
f 2281/2281/2281 2280/2280/2280 2278/2278/2278
f 2284/2284/2284 2283/2283/2283 2282/2282/2282
f 2285/2285/2285 2284/2284/2284 2282/2282/2282
f 2284/2284/2284 2285/2285/2285 2286/2286/2286
f 2287/2287/2287 2284/2284/2284 2286/2286/2286
f 2290/2290/2290 2289/2289/2289 2288/2288/2288
f 2291/2291/2291 2290/2290/2290 2288/2288/2288
f 2294/2294/2294 2293/2293/2293 2292/2292/2292
f 2295/2295/2295 2294/2294/2294 2292/2292/2292
f 2294/2294/2294 2295/2295/2295 2296/2296/2296
f 2297/2297/2297 2294/2294/2294 2296/2296/2296
f 2298/2298/2298 2297/2297/2297 2296/2296/2296
f 2299/2299/2299 2298/2298/2298 2296/2296/2296
f 2298/2298/2298 2299/2299/2299 2300/2300/2300
f 2301/2301/2301 2298/2298/2298 2300/2300/2300
f 2302/2302/2302 2301/2301/2301 2300/2300/2300
f 2303/2303/2303 2302/2302/2302 2300/2300/2300
f 2302/2302/2302 2303/2303/2303 2304/2304/2304
f 2305/2305/2305 2302/2302/2302 2304/2304/2304
f 2306/2306/2306 2305/2305/2305 2304/2304/2304
f 2307/2307/2307 2306/2306/2306 2304/2304/2304
f 2310/2310/2310 2309/2309/2309 2308/2308/2308
f 2311/2311/2311 2310/2310/2310 2308/2308/2308
f 2314/2314/2314 2313/2313/2313 2312/2312/2312
f 2315/2315/2315 2314/2314/2314 2312/2312/2312
f 2314/2314/2314 2315/2315/2315 2316/2316/2316
f 2315/2315/2315 2317/2317/2317 2316/2316/2316
f 2317/2317/2317 2318/2318/2318 2316/2316/2316
f 2321/2321/2321 2320/2320/2320 2319/2319/2319
f 2322/2322/2322 2321/2321/2321 2319/2319/2319
f 2325/2325/2325 2324/2324/2324 2323/2323/2323
f 2326/2326/2326 2325/2325/2325 2323/2323/2323
f 2325/2325/2325 2326/2326/2326 2327/2327/2327
f 2326/2326/2326 2328/2328/2328 2327/2327/2327
f 2328/2328/2328 2329/2329/2329 2327/2327/2327
f 2329/2329/2329 2330/2330/2330 2327/2327/2327
f 2330/2330/2330 2329/2329/2329 2331/2331/2331
f 2329/2329/2329 2332/2332/2332 2331/2331/2331
f 2332/2332/2332 2333/2333/2333 2331/2331/2331
f 2333/2333/2333 2334/2334/2334 2331/2331/2331
f 2334/2334/2334 2333/2333/2333 2335/2335/2335
f 2333/2333/2333 2336/2336/2336 2335/2335/2335
f 2336/2336/2336 2337/2337/2337 2335/2335/2335
f 2337/2337/2337 2338/2338/2338 2335/2335/2335
f 2341/2341/2341 2340/2340/2340 2339/2339/2339
f 2344/2344/2344 2343/2343/2343 2342/2342/2342
f 2347/2347/2347 2346/2346/2346 2345/2345/2345
f 2350/2350/2350 2349/2349/2349 2348/2348/2348
f 2349/2349/2349 2350/2350/2350 2351/2351/2351
f 2350/2350/2350 2352/2352/2352 2351/2351/2351
f 2352/2352/2352 2353/2353/2353 2351/2351/2351
f 2356/2356/2356 2355/2355/2355 2354/2354/2354
f 2357/2357/2357 2356/2356/2356 2354/2354/2354
f 2360/2360/2360 2359/2359/2359 2358/2358/2358
f 2361/2361/2361 2360/2360/2360 2358/2358/2358
f 2364/2364/2364 2363/2363/2363 2362/2362/2362
f 2365/2365/2365 2364/2364/2364 2362/2362/2362
f 2364/2364/2364 2365/2365/2365 2366/2366/2366
f 2365/2365/2365 2367/2367/2367 2366/2366/2366
f 2367/2367/2367 2368/2368/2368 2366/2366/2366
f 2368/2368/2368 2369/2369/2369 2366/2366/2366
f 2369/2369/2369 2368/2368/2368 2370/2370/2370
f 2368/2368/2368 2371/2371/2371 2370/2370/2370
f 2371/2371/2371 2372/2372/2372 2370/2370/2370
f 2372/2372/2372 2373/2373/2373 2370/2370/2370
f 2373/2373/2373 2372/2372/2372 2374/2374/2374
f 2372/2372/2372 2375/2375/2375 2374/2374/2374
f 2378/2378/2378 2377/2377/2377 2376/2376/2376
f 2379/2379/2379 2378/2378/2378 2376/2376/2376
f 2377/2377/2377 2378/2378/2378 2380/2380/2380
f 2381/2381/2381 2377/2377/2377 2380/2380/2380
f 2382/2382/2382 2381/2381/2381 2380/2380/2380
f 2383/2383/2383 2382/2382/2382 2380/2380/2380
f 2382/2382/2382 2383/2383/2383 2384/2384/2384
f 2385/2385/2385 2382/2382/2382 2384/2384/2384
f 2386/2386/2386 2385/2385/2385 2384/2384/2384
f 2387/2387/2387 2386/2386/2386 2384/2384/2384
f 2386/2386/2386 2387/2387/2387 2388/2388/2388
f 2389/2389/2389 2386/2386/2386 2388/2388/2388
f 2392/2392/2392 2391/2391/2391 2390/2390/2390
f 2393/2393/2393 2392/2392/2392 2390/2390/2390
f 2396/2396/2396 2395/2395/2395 2394/2394/2394
f 2397/2397/2397 2396/2396/2396 2394/2394/2394
f 2396/2396/2396 2397/2397/2397 2398/2398/2398
f 2397/2397/2397 2399/2399/2399 2398/2398/2398
f 2399/2399/2399 2400/2400/2400 2398/2398/2398
f 2400/2400/2400 2401/2401/2401 2398/2398/2398
f 2401/2401/2401 2400/2400/2400 2402/2402/2402
f 2400/2400/2400 2403/2403/2403 2402/2402/2402
f 2403/2403/2403 2404/2404/2404 2402/2402/2402
f 2404/2404/2404 2405/2405/2405 2402/2402/2402
f 2405/2405/2405 2404/2404/2404 2406/2406/2406
f 2404/2404/2404 2407/2407/2407 2406/2406/2406
f 2410/2410/2410 2409/2409/2409 2408/2408/2408
f 2411/2411/2411 2410/2410/2410 2408/2408/2408
f 2414/2414/2414 2413/2413/2413 2412/2412/2412
f 2415/2415/2415 2414/2414/2414 2412/2412/2412
f 2414/2414/2414 2415/2415/2415 2416/2416/2416
f 2415/2415/2415 2417/2417/2417 2416/2416/2416
f 2417/2417/2417 2418/2418/2418 2416/2416/2416
f 2418/2418/2418 2419/2419/2419 2416/2416/2416
f 2418/2418/2418 2421/2421/2421 2420/2420/2420
f 2421/2421/2421 2422/2422/2422 2420/2420/2420
f 2422/2422/2422 2423/2423/2423 2420/2420/2420
f 2423/2423/2423 2422/2422/2422 2424/2424/2424
f 2422/2422/2422 2425/2425/2425 2424/2424/2424
f 2428/2428/2428 2427/2427/2427 2426/2426/2426
f 2431/2431/2431 2430/2430/2430 2429/2429/2429
f 2434/2434/2434 2433/2433/2433 2432/2432/2432
f 2435/2435/2435 2434/2434/2434 2432/2432/2432
f 2434/2434/2434 2435/2435/2435 2436/2436/2436
f 2435/2435/2435 2437/2437/2437 2436/2436/2436
f 2437/2437/2437 2438/2438/2438 2436/2436/2436
f 2438/2438/2438 2439/2439/2439 2436/2436/2436
f 2439/2439/2439 2438/2438/2438 2440/2440/2440
f 2438/2438/2438 2441/2441/2441 2440/2440/2440
f 2441/2441/2441 2442/2442/2442 2440/2440/2440
f 2442/2442/2442 2443/2443/2443 2440/2440/2440
f 2443/2443/2443 2442/2442/2442 2444/2444/2444
f 2442/2442/2442 2445/2445/2445 2444/2444/2444
f 2448/2448/2448 2447/2447/2447 2446/2446/2446
f 2449/2449/2449 2448/2448/2448 2446/2446/2446
f 2452/2452/2452 2451/2451/2451 2450/2450/2450
f 2453/2453/2453 2452/2452/2452 2450/2450/2450
f 2452/2452/2452 2453/2453/2453 2454/2454/2454
f 2453/2453/2453 2455/2455/2455 2454/2454/2454
f 2457/2457/2457 2456/2456/2456 2454/2454/2454
f 2456/2456/2456 2457/2457/2457 2458/2458/2458
f 2457/2457/2457 2459/2459/2459 2458/2458/2458
f 2459/2459/2459 2460/2460/2460 2458/2458/2458
f 2460/2460/2460 2461/2461/2461 2458/2458/2458
f 2461/2461/2461 2460/2460/2460 2462/2462/2462
f 2460/2460/2460 2463/2463/2463 2462/2462/2462
f 2466/2466/2466 2465/2465/2465 2464/2464/2464
f 2467/2467/2467 2466/2466/2466 2464/2464/2464
f 2470/2470/2470 2469/2469/2469 2468/2468/2468
f 2471/2471/2471 2470/2470/2470 2468/2468/2468
f 2470/2470/2470 2471/2471/2471 2472/2472/2472
f 2471/2471/2471 2473/2473/2473 2472/2472/2472
f 2473/2473/2473 2474/2474/2474 2472/2472/2472
f 2474/2474/2474 2475/2475/2475 2472/2472/2472
f 2475/2475/2475 2474/2474/2474 2476/2476/2476
f 2474/2474/2474 2477/2477/2477 2476/2476/2476
f 2477/2477/2477 2478/2478/2478 2476/2476/2476
f 2478/2478/2478 2479/2479/2479 2476/2476/2476
f 2479/2479/2479 2478/2478/2478 2480/2480/2480
f 2478/2478/2478 2481/2481/2481 2480/2480/2480
f 2484/2484/2484 2483/2483/2483 2482/2482/2482
f 2485/2485/2485 2484/2484/2484 2482/2482/2482
f 2488/2488/2488 2487/2487/2487 2486/2486/2486
f 2489/2489/2489 2488/2488/2488 2486/2486/2486
f 2488/2488/2488 2489/2489/2489 2490/2490/2490
f 2489/2489/2489 2491/2491/2491 2490/2490/2490
f 2491/2491/2491 2492/2492/2492 2490/2490/2490
f 2492/2492/2492 2493/2493/2493 2490/2490/2490
f 2493/2493/2493 2492/2492/2492 2494/2494/2494
f 2492/2492/2492 2495/2495/2495 2494/2494/2494
f 2495/2495/2495 2496/2496/2496 2494/2494/2494
f 2496/2496/2496 2497/2497/2497 2494/2494/2494
f 2497/2497/2497 2496/2496/2496 2498/2498/2498
f 2496/2496/2496 2499/2499/2499 2498/2498/2498
f 2502/2502/2502 2501/2501/2501 2500/2500/2500
f 2503/2503/2503 2502/2502/2502 2500/2500/2500
f 2506/2506/2506 2505/2505/2505 2504/2504/2504
f 2507/2507/2507 2506/2506/2506 2504/2504/2504
f 2506/2506/2506 2507/2507/2507 2508/2508/2508
f 2507/2507/2507 2509/2509/2509 2508/2508/2508
f 2509/2509/2509 2510/2510/2510 2508/2508/2508
f 2510/2510/2510 2511/2511/2511 2508/2508/2508
f 2511/2511/2511 2510/2510/2510 2512/2512/2512
f 2510/2510/2510 2513/2513/2513 2512/2512/2512
f 2513/2513/2513 2514/2514/2514 2512/2512/2512
f 2514/2514/2514 2515/2515/2515 2512/2512/2512
f 2514/2514/2514 2517/2517/2517 2516/2516/2516
f 2520/2520/2520 2519/2519/2519 2518/2518/2518
f 2521/2521/2521 2520/2520/2520 2518/2518/2518
f 2524/2524/2524 2523/2523/2523 2522/2522/2522
f 2525/2525/2525 2524/2524/2524 2522/2522/2522
f 2524/2524/2524 2525/2525/2525 2526/2526/2526
f 2525/2525/2525 2527/2527/2527 2526/2526/2526
f 2527/2527/2527 2528/2528/2528 2526/2526/2526
f 2528/2528/2528 2529/2529/2529 2526/2526/2526
f 2529/2529/2529 2528/2528/2528 2530/2530/2530
f 2528/2528/2528 2531/2531/2531 2530/2530/2530
f 2531/2531/2531 2532/2532/2532 2530/2530/2530
f 2532/2532/2532 2533/2533/2533 2530/2530/2530
f 2533/2533/2533 2532/2532/2532 2534/2534/2534
f 2532/2532/2532 2535/2535/2535 2534/2534/2534
f 2538/2538/2538 2537/2537/2537 2536/2536/2536
f 2541/2541/2541 2540/2540/2540 2539/2539/2539
f 2544/2544/2544 2543/2543/2543 2542/2542/2542
f 2547/2547/2547 2546/2546/2546 2545/2545/2545
f 2546/2546/2546 2547/2547/2547 2548/2548/2548
f 2547/2547/2547 2549/2549/2549 2548/2548/2548
f 2549/2549/2549 2550/2550/2550 2548/2548/2548
f 2550/2550/2550 2551/2551/2551 2548/2548/2548
f 2551/2551/2551 2550/2550/2550 2552/2552/2552
f 2550/2550/2550 2553/2553/2553 2552/2552/2552
f 2556/2556/2556 2555/2555/2555 2554/2554/2554
f 2557/2557/2557 2556/2556/2556 2554/2554/2554
f 2560/2560/2560 2559/2559/2559 2558/2558/2558
f 2561/2561/2561 2560/2560/2560 2558/2558/2558
f 2560/2560/2560 2561/2561/2561 2562/2562/2562
f 2561/2561/2561 2563/2563/2563 2562/2562/2562
f 2563/2563/2563 2564/2564/2564 2562/2562/2562
f 2564/2564/2564 2565/2565/2565 2562/2562/2562
f 2565/2565/2565 2564/2564/2564 2566/2566/2566
f 2564/2564/2564 2567/2567/2567 2566/2566/2566
f 2567/2567/2567 2568/2568/2568 2566/2566/2566
f 2568/2568/2568 2569/2569/2569 2566/2566/2566
f 2569/2569/2569 2568/2568/2568 2570/2570/2570
f 2568/2568/2568 2571/2571/2571 2570/2570/2570
f 2574/2574/2574 2573/2573/2573 2572/2572/2572
f 2575/2575/2575 2574/2574/2574 2572/2572/2572
f 2578/2578/2578 2577/2577/2577 2576/2576/2576
f 2579/2579/2579 2578/2578/2578 2576/2576/2576
f 2578/2578/2578 2579/2579/2579 2580/2580/2580
f 2579/2579/2579 2581/2581/2581 2580/2580/2580
f 2581/2581/2581 2582/2582/2582 2580/2580/2580
f 2582/2582/2582 2583/2583/2583 2580/2580/2580
f 2583/2583/2583 2582/2582/2582 2584/2584/2584
f 2582/2582/2582 2585/2585/2585 2584/2584/2584
f 2585/2585/2585 2586/2586/2586 2584/2584/2584
f 2586/2586/2586 2587/2587/2587 2584/2584/2584
f 2587/2587/2587 2586/2586/2586 2588/2588/2588
f 2586/2586/2586 2589/2589/2589 2588/2588/2588
f 2592/2592/2592 2591/2591/2591 2590/2590/2590
f 2593/2593/2593 2592/2592/2592 2590/2590/2590
f 2596/2596/2596 2595/2595/2595 2594/2594/2594
f 2597/2597/2597 2596/2596/2596 2594/2594/2594
f 2596/2596/2596 2597/2597/2597 2598/2598/2598
f 2597/2597/2597 2599/2599/2599 2598/2598/2598
f 2599/2599/2599 2600/2600/2600 2598/2598/2598
f 2600/2600/2600 2601/2601/2601 2598/2598/2598
f 2601/2601/2601 2600/2600/2600 2602/2602/2602
f 2600/2600/2600 2603/2603/2603 2602/2602/2602
f 2603/2603/2603 2604/2604/2604 2602/2602/2602
f 2607/2607/2607 2606/2606/2606 2605/2605/2605
f 2608/2608/2608 2607/2607/2607 2605/2605/2605
f 2611/2611/2611 2610/2610/2610 2609/2609/2609
f 2611/2611/2611 2613/2613/2613 2612/2612/2612
f 2613/2613/2613 2614/2614/2614 2612/2612/2612
f 2614/2614/2614 2615/2615/2615 2612/2612/2612
f 2615/2615/2615 2616/2616/2616 2612/2612/2612
f 2616/2616/2616 2615/2615/2615 2617/2617/2617
f 2615/2615/2615 2618/2618/2618 2617/2617/2617
f 2618/2618/2618 2619/2619/2619 2617/2617/2617
f 2619/2619/2619 2620/2620/2620 2617/2617/2617
f 2620/2620/2620 2619/2619/2619 2621/2621/2621
f 2619/2619/2619 2622/2622/2622 2621/2621/2621
f 2625/2625/2625 2624/2624/2624 2623/2623/2623
f 2628/2628/2628 2627/2627/2627 2626/2626/2626
f 2629/2629/2629 2628/2628/2628 2626/2626/2626
f 2632/2632/2632 2631/2631/2631 2630/2630/2630
f 2633/2633/2633 2632/2632/2632 2630/2630/2630
f 2632/2632/2632 2633/2633/2633 2634/2634/2634
f 2633/2633/2633 2635/2635/2635 2634/2634/2634
f 2635/2635/2635 2636/2636/2636 2634/2634/2634
f 2639/2639/2639 2638/2638/2638 2637/2637/2637
f 2640/2640/2640 2639/2639/2639 2637/2637/2637
f 2643/2643/2643 2642/2642/2642 2641/2641/2641
f 2644/2644/2644 2643/2643/2643 2641/2641/2641
f 2644/2644/2644 2646/2646/2646 2645/2645/2645
f 2646/2646/2646 2647/2647/2647 2645/2645/2645
f 2647/2647/2647 2649/2649/2649 2648/2648/2648
f 2649/2649/2649 2650/2650/2650 2648/2648/2648
f 2650/2650/2650 2652/2652/2652 2651/2651/2651
f 2655/2655/2655 2654/2654/2654 2653/2653/2653
f 2656/2656/2656 2655/2655/2655 2653/2653/2653
f 2659/2659/2659 2658/2658/2658 2657/2657/2657
f 2660/2660/2660 2659/2659/2659 2657/2657/2657
f 2659/2659/2659 2660/2660/2660 2661/2661/2661
f 2660/2660/2660 2662/2662/2662 2661/2661/2661
f 2662/2662/2662 2663/2663/2663 2661/2661/2661
f 2663/2663/2663 2664/2664/2664 2661/2661/2661
f 2664/2664/2664 2663/2663/2663 2665/2665/2665
f 2663/2663/2663 2666/2666/2666 2665/2665/2665
f 2666/2666/2666 2667/2667/2667 2665/2665/2665
f 2667/2667/2667 2668/2668/2668 2665/2665/2665
f 2668/2668/2668 2667/2667/2667 2669/2669/2669
f 2667/2667/2667 2670/2670/2670 2669/2669/2669
f 2670/2670/2670 2671/2671/2671 2669/2669/2669
f 2671/2671/2671 2672/2672/2672 2669/2669/2669
f 2675/2675/2675 2674/2674/2674 2673/2673/2673
f 2676/2676/2676 2675/2675/2675 2673/2673/2673
f 2679/2679/2679 2678/2678/2678 2677/2677/2677
f 2680/2680/2680 2679/2679/2679 2677/2677/2677
f 2679/2679/2679 2680/2680/2680 2681/2681/2681
f 2683/2683/2683 2682/2682/2682 2681/2681/2681
f 2684/2684/2684 2683/2683/2683 2681/2681/2681
f 2682/2682/2682 2683/2683/2683 2685/2685/2685
f 2683/2683/2683 2686/2686/2686 2685/2685/2685
f 2686/2686/2686 2687/2687/2687 2685/2685/2685
f 2687/2687/2687 2688/2688/2688 2685/2685/2685
f 2688/2688/2688 2687/2687/2687 2689/2689/2689
f 2687/2687/2687 2690/2690/2690 2689/2689/2689
f 2690/2690/2690 2691/2691/2691 2689/2689/2689
f 2691/2691/2691 2692/2692/2692 2689/2689/2689
f 2695/2695/2695 2694/2694/2694 2693/2693/2693
f 2696/2696/2696 2695/2695/2695 2693/2693/2693
f 2699/2699/2699 2698/2698/2698 2697/2697/2697
f 2700/2700/2700 2699/2699/2699 2697/2697/2697
f 2699/2699/2699 2700/2700/2700 2701/2701/2701
f 2700/2700/2700 2702/2702/2702 2701/2701/2701
f 2702/2702/2702 2703/2703/2703 2701/2701/2701
f 2703/2703/2703 2704/2704/2704 2701/2701/2701
f 2704/2704/2704 2703/2703/2703 2705/2705/2705
f 2703/2703/2703 2706/2706/2706 2705/2705/2705
f 2706/2706/2706 2707/2707/2707 2705/2705/2705
f 2707/2707/2707 2708/2708/2708 2705/2705/2705
f 2708/2708/2708 2707/2707/2707 2709/2709/2709
f 2707/2707/2707 2710/2710/2710 2709/2709/2709
f 2710/2710/2710 2711/2711/2711 2709/2709/2709
f 2711/2711/2711 2712/2712/2712 2709/2709/2709
f 2712/2712/2712 2711/2711/2711 2713/2713/2713
f 2714/2714/2714 2712/2712/2712 2713/2713/2713
f 2715/2715/2715 2714/2714/2714 2713/2713/2713
f 2716/2716/2716 2715/2715/2715 2713/2713/2713
f 2715/2715/2715 2716/2716/2716 2717/2717/2717
f 2716/2716/2716 2718/2718/2718 2717/2717/2717
f 2718/2718/2718 2719/2719/2719 2717/2717/2717
f 2719/2719/2719 2720/2720/2720 2717/2717/2717
f 2720/2720/2720 2719/2719/2719 2721/2721/2721
f 2722/2722/2722 2720/2720/2720 2721/2721/2721
f 2723/2723/2723 2722/2722/2722 2721/2721/2721
f 2724/2724/2724 2723/2723/2723 2721/2721/2721
f 2723/2723/2723 2724/2724/2724 2725/2725/2725
f 2726/2726/2726 2723/2723/2723 2725/2725/2725
f 2729/2729/2729 2728/2728/2728 2727/2727/2727
f 2730/2730/2730 2729/2729/2729 2727/2727/2727
f 2733/2733/2733 2732/2732/2732 2731/2731/2731
f 2736/2736/2736 2735/2735/2735 2734/2734/2734
f 2735/2735/2735 2736/2736/2736 2737/2737/2737
f 2736/2736/2736 2738/2738/2738 2737/2737/2737
f 2738/2738/2738 2739/2739/2739 2737/2737/2737
f 2742/2742/2742 2741/2741/2741 2740/2740/2740
f 2743/2743/2743 2742/2742/2742 2740/2740/2740
f 2746/2746/2746 2745/2745/2745 2744/2744/2744
f 2747/2747/2747 2746/2746/2746 2744/2744/2744
f 2750/2750/2750 2749/2749/2749 2748/2748/2748
f 2751/2751/2751 2750/2750/2750 2748/2748/2748
f 2751/2751/2751 2748/2748/2748 2752/2752/2752
f 2753/2753/2753 2751/2751/2751 2752/2752/2752
f 2756/2756/2756 2755/2755/2755 2754/2754/2754
f 2757/2757/2757 2756/2756/2756 2754/2754/2754
f 2756/2756/2756 2757/2757/2757 2758/2758/2758
f 2757/2757/2757 2759/2759/2759 2758/2758/2758
f 2762/2762/2762 2761/2761/2761 2760/2760/2760
f 2763/2763/2763 2762/2762/2762 2760/2760/2760
f 2766/2766/2766 2765/2765/2765 2764/2764/2764
f 2767/2767/2767 2766/2766/2766 2764/2764/2764
f 2770/2770/2770 2769/2769/2769 2768/2768/2768
f 2771/2771/2771 2770/2770/2770 2768/2768/2768
f 2774/2774/2774 2773/2773/2773 2772/2772/2772
f 2775/2775/2775 2774/2774/2774 2772/2772/2772
f 2778/2778/2778 2777/2777/2777 2776/2776/2776
f 2779/2779/2779 2778/2778/2778 2776/2776/2776
f 2782/2782/2782 2781/2781/2781 2780/2780/2780
f 2785/2785/2785 2784/2784/2784 2783/2783/2783
f 2788/2788/2788 2787/2787/2787 2786/2786/2786
f 2789/2789/2789 2788/2788/2788 2786/2786/2786
f 2792/2792/2792 2791/2791/2791 2790/2790/2790
f 2793/2793/2793 2792/2792/2792 2790/2790/2790
f 2796/2796/2796 2795/2795/2795 2794/2794/2794
f 2797/2797/2797 2796/2796/2796 2794/2794/2794
f 2800/2800/2800 2799/2799/2799 2798/2798/2798
f 2801/2801/2801 2800/2800/2800 2798/2798/2798
f 2804/2804/2804 2803/2803/2803 2802/2802/2802
f 2805/2805/2805 2804/2804/2804 2802/2802/2802
f 2808/2808/2808 2807/2807/2807 2806/2806/2806
f 2809/2809/2809 2808/2808/2808 2806/2806/2806
f 2812/2812/2812 2811/2811/2811 2810/2810/2810
f 2815/2815/2815 2814/2814/2814 2813/2813/2813
f 2818/2818/2818 2817/2817/2817 2816/2816/2816
f 2819/2819/2819 2818/2818/2818 2816/2816/2816
f 2822/2822/2822 2821/2821/2821 2820/2820/2820
f 2823/2823/2823 2822/2822/2822 2820/2820/2820
f 2826/2826/2826 2825/2825/2825 2824/2824/2824
f 2827/2827/2827 2826/2826/2826 2824/2824/2824
f 2830/2830/2830 2829/2829/2829 2828/2828/2828
f 2831/2831/2831 2830/2830/2830 2828/2828/2828
f 2834/2834/2834 2833/2833/2833 2832/2832/2832
f 2835/2835/2835 2834/2834/2834 2832/2832/2832
f 2838/2838/2838 2837/2837/2837 2836/2836/2836
f 2839/2839/2839 2838/2838/2838 2836/2836/2836
f 2842/2842/2842 2841/2841/2841 2840/2840/2840
f 2843/2843/2843 2842/2842/2842 2840/2840/2840
f 2846/2846/2846 2845/2845/2845 2844/2844/2844
f 2847/2847/2847 2846/2846/2846 2844/2844/2844
f 2850/2850/2850 2849/2849/2849 2848/2848/2848
f 2851/2851/2851 2850/2850/2850 2848/2848/2848
f 2854/2854/2854 2853/2853/2853 2852/2852/2852
f 2857/2857/2857 2856/2856/2856 2855/2855/2855
f 2860/2860/2860 2859/2859/2859 2858/2858/2858
f 2863/2863/2863 2862/2862/2862 2861/2861/2861
f 2866/2866/2866 2865/2865/2865 2864/2864/2864
f 2867/2867/2867 2866/2866/2866 2864/2864/2864
f 2870/2870/2870 2869/2869/2869 2868/2868/2868
f 2871/2871/2871 2870/2870/2870 2868/2868/2868
f 2874/2874/2874 2873/2873/2873 2872/2872/2872
f 2875/2875/2875 2874/2874/2874 2872/2872/2872
f 2878/2878/2878 2877/2877/2877 2876/2876/2876
f 2879/2879/2879 2878/2878/2878 2876/2876/2876
f 2882/2882/2882 2881/2881/2881 2880/2880/2880
f 2883/2883/2883 2882/2882/2882 2880/2880/2880
f 2886/2886/2886 2885/2885/2885 2884/2884/2884
f 2887/2887/2887 2886/2886/2886 2884/2884/2884
f 2890/2890/2890 2889/2889/2889 2888/2888/2888
f 2891/2891/2891 2890/2890/2890 2888/2888/2888
f 2894/2894/2894 2893/2893/2893 2892/2892/2892
f 2895/2895/2895 2894/2894/2894 2892/2892/2892
f 2898/2898/2898 2897/2897/2897 2896/2896/2896
f 2899/2899/2899 2898/2898/2898 2896/2896/2896
f 2902/2902/2902 2901/2901/2901 2900/2900/2900
f 2903/2903/2903 2902/2902/2902 2900/2900/2900
f 2906/2906/2906 2905/2905/2905 2904/2904/2904
f 2907/2907/2907 2906/2906/2906 2904/2904/2904
f 2910/2910/2910 2909/2909/2909 2908/2908/2908
f 2911/2911/2911 2910/2910/2910 2908/2908/2908
f 2914/2914/2914 2913/2913/2913 2912/2912/2912
f 2915/2915/2915 2914/2914/2914 2912/2912/2912
f 2916/2916/2916 2915/2915/2915 2912/2912/2912
f 2917/2917/2917 2916/2916/2916 2912/2912/2912
f 2916/2916/2916 2917/2917/2917 2918/2918/2918
f 2917/2917/2917 2919/2919/2919 2918/2918/2918
f 2919/2919/2919 2920/2920/2920 2918/2918/2918
f 2920/2920/2920 2921/2921/2921 2918/2918/2918
f 2921/2921/2921 2920/2920/2920 2922/2922/2922
f 2923/2923/2923 2921/2921/2921 2922/2922/2922
f 2924/2924/2924 2923/2923/2923 2922/2922/2922
f 2925/2925/2925 2924/2924/2924 2922/2922/2922
f 2928/2928/2928 2927/2927/2927 2926/2926/2926
f 2929/2929/2929 2928/2928/2928 2926/2926/2926
f 2932/2932/2932 2931/2931/2931 2930/2930/2930
f 2933/2933/2933 2932/2932/2932 2930/2930/2930
f 2936/2936/2936 2935/2935/2935 2934/2934/2934
f 2937/2937/2937 2936/2936/2936 2934/2934/2934
f 2940/2940/2940 2939/2939/2939 2938/2938/2938
f 2941/2941/2941 2940/2940/2940 2938/2938/2938
f 2944/2944/2944 2943/2943/2943 2942/2942/2942
f 2947/2947/2947 2946/2946/2946 2945/2945/2945
f 2948/2948/2948 2947/2947/2947 2945/2945/2945
f 2951/2951/2951 2950/2950/2950 2949/2949/2949
f 2952/2952/2952 2951/2951/2951 2949/2949/2949
f 2955/2955/2955 2954/2954/2954 2953/2953/2953
f 2956/2956/2956 2955/2955/2955 2953/2953/2953
f 2959/2959/2959 2958/2958/2958 2957/2957/2957
f 2960/2960/2960 2959/2959/2959 2957/2957/2957
f 2963/2963/2963 2962/2962/2962 2961/2961/2961
f 2964/2964/2964 2963/2963/2963 2961/2961/2961
f 2961/2961/2961 2962/2962/2962 2965/2965/2965
f 2962/2962/2962 2966/2966/2966 2965/2965/2965
f 2968/2968/2968 2963/2963/2963 2967/2967/2967
f 2969/2969/2969 2968/2968/2968 2967/2967/2967
f 2970/2970/2970 2968/2968/2968 2969/2969/2969
f 2971/2971/2971 2970/2970/2970 2969/2969/2969
f 2974/2974/2974 2973/2973/2973 2972/2972/2972
f 2975/2975/2975 2974/2974/2974 2972/2972/2972
f 2978/2978/2978 2977/2977/2977 2976/2976/2976
f 2979/2979/2979 2978/2978/2978 2976/2976/2976
f 2982/2982/2982 2981/2981/2981 2980/2980/2980
f 2983/2983/2983 2982/2982/2982 2980/2980/2980
f 2986/2986/2986 2985/2985/2985 2984/2984/2984
f 2989/2989/2989 2988/2988/2988 2987/2987/2987
f 2992/2992/2992 2991/2991/2991 2990/2990/2990
f 2993/2993/2993 2992/2992/2992 2990/2990/2990
f 2996/2996/2996 2995/2995/2995 2994/2994/2994
f 2997/2997/2997 2996/2996/2996 2994/2994/2994
f 3000/3000/3000 2999/2999/2999 2998/2998/2998
f 3001/3001/3001 3000/3000/3000 2998/2998/2998
f 3004/3004/3004 3003/3003/3003 3002/3002/3002
f 3005/3005/3005 3004/3004/3004 3002/3002/3002
f 3008/3008/3008 3007/3007/3007 3006/3006/3006
f 3009/3009/3009 3008/3008/3008 3006/3006/3006
f 3009/3009/3009 3006/3006/3006 3010/3010/3010
f 3011/3011/3011 3009/3009/3009 3010/3010/3010
f 3014/3014/3014 3013/3013/3013 3012/3012/3012
f 3015/3015/3015 3014/3014/3014 3012/3012/3012
f 3018/3018/3018 3017/3017/3017 3016/3016/3016
f 3019/3019/3019 3018/3018/3018 3016/3016/3016
f 3022/3022/3022 3021/3021/3021 3020/3020/3020
f 3023/3023/3023 3022/3022/3022 3020/3020/3020
f 3026/3026/3026 3025/3025/3025 3024/3024/3024
f 3027/3027/3027 3026/3026/3026 3024/3024/3024
f 3030/3030/3030 3029/3029/3029 3028/3028/3028
f 3031/3031/3031 3030/3030/3030 3028/3028/3028
f 3034/3034/3034 3033/3033/3033 3032/3032/3032
f 3033/3033/3033 3034/3034/3034 3035/3035/3035
f 3036/3036/3036 3033/3033/3033 3035/3035/3035
f 3039/3039/3039 3038/3038/3038 3037/3037/3037
f 3042/3042/3042 3041/3041/3041 3040/3040/3040
f 3043/3043/3043 3042/3042/3042 3040/3040/3040
f 3046/3046/3046 3045/3045/3045 3044/3044/3044
f 3047/3047/3047 3046/3046/3046 3044/3044/3044
f 3050/3050/3050 3049/3049/3049 3048/3048/3048
f 3053/3053/3053 3052/3052/3052 3051/3051/3051
f 3056/3056/3056 3055/3055/3055 3054/3054/3054
f 3057/3057/3057 3056/3056/3056 3054/3054/3054
f 3060/3060/3060 3059/3059/3059 3058/3058/3058
f 3061/3061/3061 3060/3060/3060 3058/3058/3058
f 3064/3064/3064 3063/3063/3063 3062/3062/3062
f 3065/3065/3065 3064/3064/3064 3062/3062/3062
f 3063/3063/3063 3064/3064/3064 3066/3066/3066
f 3067/3067/3067 3063/3063/3063 3066/3066/3066
f 3070/3070/3070 3069/3069/3069 3068/3068/3068
f 3071/3071/3071 3070/3070/3070 3068/3068/3068
f 3074/3074/3074 3073/3073/3073 3072/3072/3072
f 3077/3077/3077 3076/3076/3076 3075/3075/3075
f 3080/3080/3080 3079/3079/3079 3078/3078/3078
f 3081/3081/3081 3080/3080/3080 3078/3078/3078
f 3084/3084/3084 3083/3083/3083 3082/3082/3082
f 3085/3085/3085 3084/3084/3084 3082/3082/3082
f 3083/3083/3083 3084/3084/3084 3086/3086/3086
f 3089/3089/3089 3088/3088/3088 3087/3087/3087
f 3090/3090/3090 3089/3089/3089 3087/3087/3087
f 3093/3093/3093 3092/3092/3092 3091/3091/3091
f 3094/3094/3094 3093/3093/3093 3091/3091/3091
f 3092/3092/3092 3093/3093/3093 3095/3095/3095
f 3096/3096/3096 3092/3092/3092 3095/3095/3095
f 3099/3099/3099 3098/3098/3098 3097/3097/3097
f 3100/3100/3100 3099/3099/3099 3097/3097/3097
f 3103/3103/3103 3102/3102/3102 3101/3101/3101
f 3102/3102/3102 3103/3103/3103 3104/3104/3104
f 3105/3105/3105 3102/3102/3102 3104/3104/3104
f 3108/3108/3108 3107/3107/3107 3106/3106/3106
f 3111/3111/3111 3110/3110/3110 3109/3109/3109
f 3114/3114/3114 3113/3113/3113 3112/3112/3112
f 3117/3117/3117 3116/3116/3116 3115/3115/3115
f 3118/3118/3118 3117/3117/3117 3115/3115/3115
f 3116/3116/3116 3117/3117/3117 3119/3119/3119
f 3120/3120/3120 3116/3116/3116 3119/3119/3119
f 3123/3123/3123 3122/3122/3122 3121/3121/3121
f 3124/3124/3124 3123/3123/3123 3121/3121/3121
f 3127/3127/3127 3126/3126/3126 3125/3125/3125
f 3128/3128/3128 3127/3127/3127 3125/3125/3125
f 3126/3126/3126 3127/3127/3127 3129/3129/3129
f 3130/3130/3130 3126/3126/3126 3129/3129/3129
f 3133/3133/3133 3132/3132/3132 3131/3131/3131
f 3134/3134/3134 3133/3133/3133 3131/3131/3131
f 3137/3137/3137 3136/3136/3136 3135/3135/3135
f 3138/3138/3138 3137/3137/3137 3135/3135/3135
f 3139/3139/3139 3138/3138/3138 3135/3135/3135
f 3140/3140/3140 3139/3139/3139 3135/3135/3135
f 3136/3136/3136 3137/3137/3137 3141/3141/3141
f 3142/3142/3142 3136/3136/3136 3141/3141/3141
f 3145/3145/3145 3144/3144/3144 3143/3143/3143
f 3146/3146/3146 3145/3145/3145 3143/3143/3143
f 3147/3147/3147 3146/3146/3146 3143/3143/3143
f 3148/3148/3148 3147/3147/3147 3143/3143/3143
f 3144/3144/3144 3145/3145/3145 3149/3149/3149
f 3152/3152/3152 3151/3151/3151 3150/3150/3150
f 3153/3153/3153 3152/3152/3152 3150/3150/3150
f 3151/3151/3151 3152/3152/3152 3154/3154/3154
f 3155/3155/3155 3151/3151/3151 3154/3154/3154
f 3158/3158/3158 3157/3157/3157 3156/3156/3156
f 3161/3161/3161 3160/3160/3160 3159/3159/3159
f 3164/3164/3164 3163/3163/3163 3162/3162/3162
f 3165/3165/3165 3164/3164/3164 3162/3162/3162
f 3167/3167/3167 3165/3165/3165 3166/3166/3166
f 3170/3170/3170 3169/3169/3169 3168/3168/3168
f 3171/3171/3171 3170/3170/3170 3168/3168/3168
f 3169/3169/3169 3170/3170/3170 3172/3172/3172
f 3173/3173/3173 3169/3169/3169 3172/3172/3172
f 3176/3176/3176 3175/3175/3175 3174/3174/3174
f 3177/3177/3177 3176/3176/3176 3174/3174/3174
f 3180/3180/3180 3179/3179/3179 3178/3178/3178
f 3181/3181/3181 3180/3180/3180 3178/3178/3178
f 3179/3179/3179 3180/3180/3180 3182/3182/3182
f 3183/3183/3183 3179/3179/3179 3182/3182/3182
f 3186/3186/3186 3185/3185/3185 3184/3184/3184
f 3187/3187/3187 3186/3186/3186 3184/3184/3184
f 3190/3190/3190 3189/3189/3189 3188/3188/3188
f 3191/3191/3191 3190/3190/3190 3188/3188/3188
f 3189/3189/3189 3190/3190/3190 3192/3192/3192
f 3193/3193/3193 3189/3189/3189 3192/3192/3192
f 3196/3196/3196 3195/3195/3195 3194/3194/3194
f 3197/3197/3197 3196/3196/3196 3194/3194/3194
f 3200/3200/3200 3199/3199/3199 3198/3198/3198
f 3201/3201/3201 3200/3200/3200 3198/3198/3198
f 3199/3199/3199 3200/3200/3200 3202/3202/3202
f 3203/3203/3203 3199/3199/3199 3202/3202/3202
f 3206/3206/3206 3205/3205/3205 3204/3204/3204
f 3207/3207/3207 3206/3206/3206 3204/3204/3204
f 3210/3210/3210 3209/3209/3209 3208/3208/3208
f 3211/3211/3211 3210/3210/3210 3208/3208/3208
f 3209/3209/3209 3210/3210/3210 3212/3212/3212
f 3213/3213/3213 3209/3209/3209 3212/3212/3212
f 3216/3216/3216 3215/3215/3215 3214/3214/3214
f 3217/3217/3217 3216/3216/3216 3214/3214/3214
f 3220/3220/3220 3219/3219/3219 3218/3218/3218
f 3221/3221/3221 3220/3220/3220 3218/3218/3218
f 3219/3219/3219 3220/3220/3220 3222/3222/3222
f 3223/3223/3223 3219/3219/3219 3222/3222/3222
f 3226/3226/3226 3225/3225/3225 3224/3224/3224
f 3227/3227/3227 3226/3226/3226 3224/3224/3224
f 3230/3230/3230 3229/3229/3229 3228/3228/3228
f 3231/3231/3231 3230/3230/3230 3228/3228/3228
f 3234/3234/3234 3233/3233/3233 3232/3232/3232
f 3235/3235/3235 3234/3234/3234 3232/3232/3232
f 3238/3238/3238 3237/3237/3237 3236/3236/3236
f 3239/3239/3239 3238/3238/3238 3236/3236/3236
f 3242/3242/3242 3241/3241/3241 3240/3240/3240
f 3245/3245/3245 3244/3244/3244 3243/3243/3243
f 3248/3248/3248 3247/3247/3247 3246/3246/3246
f 3251/3251/3251 3250/3250/3250 3249/3249/3249
f 3254/3254/3254 3253/3253/3253 3252/3252/3252
f 3257/3257/3257 3256/3256/3256 3255/3255/3255
f 3260/3260/3260 3259/3259/3259 3258/3258/3258
f 3263/3263/3263 3262/3262/3262 3261/3261/3261
f 3266/3266/3266 3265/3265/3265 3264/3264/3264
f 3269/3269/3269 3268/3268/3268 3267/3267/3267
f 3272/3272/3272 3271/3271/3271 3270/3270/3270
f 3275/3275/3275 3274/3274/3274 3273/3273/3273
f 3278/3278/3278 3277/3277/3277 3276/3276/3276
f 3281/3281/3281 3280/3280/3280 3279/3279/3279
f 3284/3284/3284 3283/3283/3283 3282/3282/3282
f 3287/3287/3287 3286/3286/3286 3285/3285/3285
f 3290/3290/3290 3289/3289/3289 3288/3288/3288
f 3293/3293/3293 3292/3292/3292 3291/3291/3291
f 3296/3296/3296 3295/3295/3295 3294/3294/3294
f 3299/3299/3299 3298/3298/3298 3297/3297/3297
f 3302/3302/3302 3301/3301/3301 3300/3300/3300
f 3305/3305/3305 3304/3304/3304 3303/3303/3303
f 3308/3308/3308 3307/3307/3307 3306/3306/3306
f 3311/3311/3311 3310/3310/3310 3309/3309/3309
f 3314/3314/3314 3313/3313/3313 3312/3312/3312
f 3317/3317/3317 3316/3316/3316 3315/3315/3315
f 3320/3320/3320 3319/3319/3319 3318/3318/3318
f 3323/3323/3323 3322/3322/3322 3321/3321/3321
f 3326/3326/3326 3325/3325/3325 3324/3324/3324
f 3329/3329/3329 3328/3328/3328 3327/3327/3327
f 3332/3332/3332 3331/3331/3331 3330/3330/3330
f 3335/3335/3335 3334/3334/3334 3333/3333/3333
f 3338/3338/3338 3337/3337/3337 3336/3336/3336
f 3339/3339/3339 3338/3338/3338 3336/3336/3336
f 3342/3342/3342 3341/3341/3341 3340/3340/3340
f 3343/3343/3343 3342/3342/3342 3340/3340/3340
f 3346/3346/3346 3345/3345/3345 3344/3344/3344
f 3347/3347/3347 3346/3346/3346 3344/3344/3344
f 3350/3350/3350 3349/3349/3349 3348/3348/3348
f 3353/3353/3353 3352/3352/3352 3351/3351/3351
f 3356/3356/3356 3355/3355/3355 3354/3354/3354
f 3357/3357/3357 3356/3356/3356 3354/3354/3354
f 3360/3360/3360 3359/3359/3359 3358/3358/3358
f 3361/3361/3361 3360/3360/3360 3358/3358/3358
f 3364/3364/3364 3363/3363/3363 3362/3362/3362
f 3365/3365/3365 3364/3364/3364 3362/3362/3362
f 3368/3368/3368 3367/3367/3367 3366/3366/3366
f 3369/3369/3369 3368/3368/3368 3366/3366/3366
f 3372/3372/3372 3371/3371/3371 3370/3370/3370
f 3373/3373/3373 3372/3372/3372 3370/3370/3370
f 3376/3376/3376 3375/3375/3375 3374/3374/3374
f 3377/3377/3377 3376/3376/3376 3374/3374/3374
f 3378/3378/3378 3377/3377/3377 3374/3374/3374
f 3379/3379/3379 3378/3378/3378 3374/3374/3374
f 3382/3382/3382 3381/3381/3381 3380/3380/3380
f 3383/3383/3383 3382/3382/3382 3380/3380/3380
f 3386/3386/3386 3385/3385/3385 3384/3384/3384
f 3387/3387/3387 3386/3386/3386 3384/3384/3384
f 3390/3390/3390 3389/3389/3389 3388/3388/3388
f 3391/3391/3391 3390/3390/3390 3388/3388/3388
f 3394/3394/3394 3393/3393/3393 3392/3392/3392
f 3395/3395/3395 3394/3394/3394 3392/3392/3392
f 3398/3398/3398 3397/3397/3397 3396/3396/3396
f 3399/3399/3399 3398/3398/3398 3396/3396/3396
f 3402/3402/3402 3401/3401/3401 3400/3400/3400
f 3403/3403/3403 3402/3402/3402 3400/3400/3400
f 3406/3406/3406 3405/3405/3405 3404/3404/3404
f 3407/3407/3407 3406/3406/3406 3404/3404/3404
f 3410/3410/3410 3409/3409/3409 3408/3408/3408
f 3411/3411/3411 3410/3410/3410 3408/3408/3408
f 3414/3414/3414 3413/3413/3413 3412/3412/3412
f 3415/3415/3415 3414/3414/3414 3412/3412/3412
f 3418/3418/3418 3417/3417/3417 3416/3416/3416
f 3419/3419/3419 3418/3418/3418 3416/3416/3416
f 3422/3422/3422 3421/3421/3421 3420/3420/3420
f 3423/3423/3423 3422/3422/3422 3420/3420/3420
f 3426/3426/3426 3425/3425/3425 3424/3424/3424
f 3429/3429/3429 3428/3428/3428 3427/3427/3427
f 3432/3432/3432 3431/3431/3431 3430/3430/3430
f 3433/3433/3433 3432/3432/3432 3430/3430/3430
f 3436/3436/3436 3435/3435/3435 3434/3434/3434
f 3437/3437/3437 3436/3436/3436 3434/3434/3434
f 3440/3440/3440 3439/3439/3439 3438/3438/3438
f 3441/3441/3441 3440/3440/3440 3438/3438/3438
f 3442/3442/3442 3441/3441/3441 3438/3438/3438
f 3443/3443/3443 3442/3442/3442 3438/3438/3438
f 3446/3446/3446 3445/3445/3445 3444/3444/3444
f 3447/3447/3447 3446/3446/3446 3444/3444/3444
f 3450/3450/3450 3449/3449/3449 3448/3448/3448
f 3451/3451/3451 3450/3450/3450 3448/3448/3448
f 3454/3454/3454 3453/3453/3453 3452/3452/3452
f 3455/3455/3455 3454/3454/3454 3452/3452/3452
f 3458/3458/3458 3457/3457/3457 3456/3456/3456
f 3459/3459/3459 3458/3458/3458 3456/3456/3456
f 3462/3462/3462 3461/3461/3461 3460/3460/3460
f 3463/3463/3463 3462/3462/3462 3460/3460/3460
f 3466/3466/3466 3465/3465/3465 3464/3464/3464
f 3467/3467/3467 3466/3466/3466 3464/3464/3464
f 3470/3470/3470 3469/3469/3469 3468/3468/3468
f 3471/3471/3471 3470/3470/3470 3468/3468/3468
f 3474/3474/3474 3473/3473/3473 3472/3472/3472
f 3475/3475/3475 3474/3474/3474 3472/3472/3472
f 3478/3478/3478 3477/3477/3477 3476/3476/3476
f 3479/3479/3479 3478/3478/3478 3476/3476/3476
f 3482/3482/3482 3481/3481/3481 3480/3480/3480
f 3483/3483/3483 3482/3482/3482 3480/3480/3480
f 3486/3486/3486 3485/3485/3485 3484/3484/3484
f 3487/3487/3487 3486/3486/3486 3484/3484/3484
f 3490/3490/3490 3489/3489/3489 3488/3488/3488
f 3491/3491/3491 3490/3490/3490 3488/3488/3488
f 3494/3494/3494 3493/3493/3493 3492/3492/3492
f 3495/3495/3495 3494/3494/3494 3492/3492/3492
f 3498/3498/3498 3497/3497/3497 3496/3496/3496
f 3499/3499/3499 3498/3498/3498 3496/3496/3496
f 3502/3502/3502 3501/3501/3501 3500/3500/3500
f 3503/3503/3503 3502/3502/3502 3500/3500/3500
f 3506/3506/3506 3505/3505/3505 3504/3504/3504
f 3507/3507/3507 3506/3506/3506 3504/3504/3504
f 3510/3510/3510 3509/3509/3509 3508/3508/3508
f 3511/3511/3511 3510/3510/3510 3508/3508/3508
f 3514/3514/3514 3513/3513/3513 3512/3512/3512
f 3515/3515/3515 3514/3514/3514 3512/3512/3512
f 3518/3518/3518 3517/3517/3517 3516/3516/3516
f 3519/3519/3519 3518/3518/3518 3516/3516/3516
f 3516/3516/3516 3517/3517/3517 3520/3520/3520
f 3517/3517/3517 3521/3521/3521 3520/3520/3520
f 3524/3524/3524 3523/3523/3523 3522/3522/3522
f 3525/3525/3525 3524/3524/3524 3522/3522/3522
f 3528/3528/3528 3527/3527/3527 3526/3526/3526
f 3529/3529/3529 3528/3528/3528 3526/3526/3526
f 3532/3532/3532 3531/3531/3531 3530/3530/3530
f 3533/3533/3533 3532/3532/3532 3530/3530/3530
f 3536/3536/3536 3535/3535/3535 3534/3534/3534
f 3537/3537/3537 3536/3536/3536 3534/3534/3534
f 3540/3540/3540 3539/3539/3539 3538/3538/3538
f 3541/3541/3541 3540/3540/3540 3538/3538/3538
f 3544/3544/3544 3543/3543/3543 3542/3542/3542
f 3545/3545/3545 3544/3544/3544 3542/3542/3542
f 3548/3548/3548 3547/3547/3547 3546/3546/3546
f 3549/3549/3549 3548/3548/3548 3546/3546/3546
f 3552/3552/3552 3551/3551/3551 3550/3550/3550
f 3553/3553/3553 3552/3552/3552 3550/3550/3550
f 3556/3556/3556 3555/3555/3555 3554/3554/3554
f 3557/3557/3557 3556/3556/3556 3554/3554/3554
f 3560/3560/3560 3559/3559/3559 3558/3558/3558
f 3563/3563/3563 3562/3562/3562 3561/3561/3561
f 3566/3566/3566 3565/3565/3565 3564/3564/3564
f 3567/3567/3567 3566/3566/3566 3564/3564/3564
f 3570/3570/3570 3569/3569/3569 3568/3568/3568
f 3571/3571/3571 3570/3570/3570 3568/3568/3568
f 3570/3570/3570 3571/3571/3571 3572/3572/3572
f 3569/3569/3569 3573/3573/3573 3568/3568/3568
f 3573/3573/3573 3574/3574/3574 3568/3568/3568
f 3574/3574/3574 3573/3573/3573 3575/3575/3575
f 3573/3573/3573 3576/3576/3576 3575/3575/3575
f 3579/3579/3579 3578/3578/3578 3577/3577/3577
f 3580/3580/3580 3579/3579/3579 3577/3577/3577
f 3583/3583/3583 3582/3582/3582 3581/3581/3581
f 3582/3582/3582 3583/3583/3583 3584/3584/3584
f 3583/3583/3583 3585/3585/3585 3584/3584/3584
f 3585/3585/3585 3586/3586/3586 3584/3584/3584
f 3586/3586/3586 3587/3587/3587 3584/3584/3584
f 3587/3587/3587 3586/3586/3586 3588/3588/3588
f 3586/3586/3586 3589/3589/3589 3588/3588/3588
f 3589/3589/3589 3590/3590/3590 3588/3588/3588
f 3590/3590/3590 3591/3591/3591 3588/3588/3588
f 3594/3594/3594 3593/3593/3593 3592/3592/3592
f 3597/3597/3597 3596/3596/3596 3595/3595/3595
f 3596/3596/3596 3597/3597/3597 3598/3598/3598
f 3600/3600/3600 3599/3599/3599 3595/3595/3595
f 3602/3602/3602 3601/3601/3601 3598/3598/3598
f 3601/3601/3601 3602/3602/3602 3603/3603/3603
f 3606/3606/3606 3605/3605/3605 3604/3604/3604
f 3605/3605/3605 3606/3606/3606 3607/3607/3607
f 3606/3606/3606 3608/3608/3608 3607/3607/3607
f 3608/3608/3608 3609/3609/3609 3607/3607/3607
f 3609/3609/3609 3610/3610/3610 3607/3607/3607
f 3610/3610/3610 3609/3609/3609 3611/3611/3611
f 3609/3609/3609 3612/3612/3612 3611/3611/3611
f 3612/3612/3612 3613/3613/3613 3611/3611/3611
f 3613/3613/3613 3614/3614/3614 3611/3611/3611
f 3617/3617/3617 3616/3616/3616 3615/3615/3615
f 3618/3618/3618 3617/3617/3617 3615/3615/3615
f 3621/3621/3621 3620/3620/3620 3619/3619/3619
f 3624/3624/3624 3623/3623/3623 3622/3622/3622
f 3623/3623/3623 3624/3624/3624 3625/3625/3625
f 3624/3624/3624 3626/3626/3626 3625/3625/3625
f 3626/3626/3626 3627/3627/3627 3625/3625/3625
f 3630/3630/3630 3629/3629/3629 3628/3628/3628
f 3631/3631/3631 3630/3630/3630 3628/3628/3628
f 3634/3634/3634 3633/3633/3633 3632/3632/3632
f 3635/3635/3635 3634/3634/3634 3632/3632/3632
f 3633/3633/3633 3634/3634/3634 3636/3636/3636
f 3634/3634/3634 3637/3637/3637 3636/3636/3636
f 3637/3637/3637 3638/3638/3638 3636/3636/3636
f 3638/3638/3638 3639/3639/3639 3636/3636/3636
f 3642/3642/3642 3641/3641/3641 3640/3640/3640
f 3645/3645/3645 3644/3644/3644 3643/3643/3643
f 3644/3644/3644 3645/3645/3645 3646/3646/3646
f 3649/3649/3649 3648/3648/3648 3647/3647/3647
f 3648/3648/3648 3649/3649/3649 3650/3650/3650
f 3649/3649/3649 3651/3651/3651 3650/3650/3650
f 3651/3651/3651 3652/3652/3652 3650/3650/3650
f 3652/3652/3652 3653/3653/3653 3650/3650/3650
f 3656/3656/3656 3655/3655/3655 3654/3654/3654
f 3657/3657/3657 3656/3656/3656 3654/3654/3654
f 3655/3655/3655 3656/3656/3656 3658/3658/3658
f 3656/3656/3656 3659/3659/3659 3658/3658/3658
f 3662/3662/3662 3661/3661/3661 3660/3660/3660
f 3665/3665/3665 3664/3664/3664 3663/3663/3663
f 3664/3664/3664 3665/3665/3665 3666/3666/3666
f 3665/3665/3665 3667/3667/3667 3666/3666/3666
f 3670/3670/3670 3669/3669/3669 3668/3668/3668
f 3671/3671/3671 3670/3670/3670 3668/3668/3668
f 3674/3674/3674 3673/3673/3673 3672/3672/3672
f 3675/3675/3675 3674/3674/3674 3672/3672/3672
f 3678/3678/3678 3677/3677/3677 3676/3676/3676
f 3679/3679/3679 3678/3678/3678 3676/3676/3676
f 3677/3677/3677 3678/3678/3678 3680/3680/3680
f 3681/3681/3681 3677/3677/3677 3680/3680/3680
f 3684/3684/3684 3683/3683/3683 3682/3682/3682
f 3685/3685/3685 3684/3684/3684 3682/3682/3682
f 3688/3688/3688 3687/3687/3687 3686/3686/3686
f 3691/3691/3691 3690/3690/3690 3689/3689/3689
f 3694/3694/3694 3693/3693/3693 3692/3692/3692
f 3695/3695/3695 3694/3694/3694 3692/3692/3692
f 3698/3698/3698 3697/3697/3697 3696/3696/3696
f 3699/3699/3699 3698/3698/3698 3696/3696/3696
f 3702/3702/3702 3701/3701/3701 3700/3700/3700
f 3703/3703/3703 3702/3702/3702 3700/3700/3700
f 3706/3706/3706 3705/3705/3705 3704/3704/3704
f 3707/3707/3707 3706/3706/3706 3704/3704/3704
f 3710/3710/3710 3709/3709/3709 3708/3708/3708
f 3713/3713/3713 3712/3712/3712 3711/3711/3711
f 3716/3716/3716 3715/3715/3715 3714/3714/3714
f 3717/3717/3717 3716/3716/3716 3714/3714/3714
f 3720/3720/3720 3719/3719/3719 3718/3718/3718
f 3721/3721/3721 3720/3720/3720 3718/3718/3718
f 3724/3724/3724 3723/3723/3723 3722/3722/3722
f 3725/3725/3725 3724/3724/3724 3722/3722/3722
f 3728/3728/3728 3727/3727/3727 3726/3726/3726
f 3731/3731/3731 3730/3730/3730 3729/3729/3729
f 3734/3734/3734 3733/3733/3733 3732/3732/3732
f 3735/3735/3735 3734/3734/3734 3732/3732/3732
f 3738/3738/3738 3737/3737/3737 3736/3736/3736
f 3739/3739/3739 3738/3738/3738 3736/3736/3736
f 3742/3742/3742 3741/3741/3741 3740/3740/3740
f 3743/3743/3743 3742/3742/3742 3740/3740/3740
f 3746/3746/3746 3745/3745/3745 3744/3744/3744
f 3747/3747/3747 3746/3746/3746 3744/3744/3744
f 3750/3750/3750 3749/3749/3749 3748/3748/3748
f 3751/3751/3751 3750/3750/3750 3748/3748/3748
f 3754/3754/3754 3753/3753/3753 3752/3752/3752
f 3757/3757/3757 3756/3756/3756 3755/3755/3755
f 3758/3758/3758 3757/3757/3757 3755/3755/3755
f 3761/3761/3761 3760/3760/3760 3759/3759/3759
f 3762/3762/3762 3761/3761/3761 3759/3759/3759
f 3765/3765/3765 3764/3764/3764 3763/3763/3763
f 3766/3766/3766 3765/3765/3765 3763/3763/3763
f 3769/3769/3769 3768/3768/3768 3767/3767/3767
f 3770/3770/3770 3769/3769/3769 3767/3767/3767
f 3773/3773/3773 3772/3772/3772 3771/3771/3771
f 3776/3776/3776 3775/3775/3775 3774/3774/3774
f 3779/3779/3779 3778/3778/3778 3777/3777/3777
f 3780/3780/3780 3779/3779/3779 3777/3777/3777
f 3783/3783/3783 3782/3782/3782 3781/3781/3781
f 3784/3784/3784 3783/3783/3783 3781/3781/3781
f 3787/3787/3787 3786/3786/3786 3785/3785/3785
f 3788/3788/3788 3787/3787/3787 3785/3785/3785
f 3791/3791/3791 3790/3790/3790 3789/3789/3789
f 3792/3792/3792 3791/3791/3791 3789/3789/3789
f 3795/3795/3795 3794/3794/3794 3793/3793/3793
f 3796/3796/3796 3795/3795/3795 3793/3793/3793
f 3799/3799/3799 3798/3798/3798 3797/3797/3797
f 3800/3800/3800 3799/3799/3799 3797/3797/3797
f 3803/3803/3803 3802/3802/3802 3801/3801/3801
f 3804/3804/3804 3803/3803/3803 3801/3801/3801
f 3807/3807/3807 3806/3806/3806 3805/3805/3805
f 3808/3808/3808 3807/3807/3807 3805/3805/3805
f 3811/3811/3811 3810/3810/3810 3809/3809/3809
f 3812/3812/3812 3811/3811/3811 3809/3809/3809
f 3815/3815/3815 3814/3814/3814 3813/3813/3813
f 3816/3816/3816 3815/3815/3815 3813/3813/3813
f 3819/3819/3819 3818/3818/3818 3817/3817/3817
f 3822/3822/3822 3821/3821/3821 3820/3820/3820
f 3825/3825/3825 3824/3824/3824 3823/3823/3823
f 3826/3826/3826 3825/3825/3825 3823/3823/3823
f 3829/3829/3829 3828/3828/3828 3827/3827/3827
f 3830/3830/3830 3829/3829/3829 3827/3827/3827
f 3833/3833/3833 3832/3832/3832 3831/3831/3831
f 3834/3834/3834 3833/3833/3833 3831/3831/3831
f 3837/3837/3837 3836/3836/3836 3835/3835/3835
f 3838/3838/3838 3837/3837/3837 3835/3835/3835
f 3841/3841/3841 3840/3840/3840 3839/3839/3839
f 3842/3842/3842 3841/3841/3841 3839/3839/3839
f 3845/3845/3845 3844/3844/3844 3843/3843/3843
f 3846/3846/3846 3845/3845/3845 3843/3843/3843
f 3849/3849/3849 3848/3848/3848 3847/3847/3847
f 3850/3850/3850 3849/3849/3849 3847/3847/3847
f 3853/3853/3853 3852/3852/3852 3851/3851/3851
f 3854/3854/3854 3853/3853/3853 3851/3851/3851
f 3857/3857/3857 3856/3856/3856 3855/3855/3855
f 3860/3860/3860 3859/3859/3859 3858/3858/3858
f 3861/3861/3861 3860/3860/3860 3858/3858/3858
f 3864/3864/3864 3863/3863/3863 3862/3862/3862
f 3865/3865/3865 3864/3864/3864 3862/3862/3862
f 3868/3868/3868 3867/3867/3867 3866/3866/3866
f 3869/3869/3869 3868/3868/3868 3866/3866/3866
f 3872/3872/3872 3871/3871/3871 3870/3870/3870
f 3873/3873/3873 3872/3872/3872 3870/3870/3870
f 3876/3876/3876 3875/3875/3875 3874/3874/3874
f 3877/3877/3877 3876/3876/3876 3874/3874/3874
f 3880/3880/3880 3879/3879/3879 3878/3878/3878
f 3881/3881/3881 3880/3880/3880 3878/3878/3878
f 3884/3884/3884 3883/3883/3883 3882/3882/3882
f 3885/3885/3885 3884/3884/3884 3882/3882/3882
f 3888/3888/3888 3887/3887/3887 3886/3886/3886
f 3889/3889/3889 3888/3888/3888 3886/3886/3886
f 3892/3892/3892 3891/3891/3891 3890/3890/3890
f 3893/3893/3893 3892/3892/3892 3890/3890/3890
f 3896/3896/3896 3895/3895/3895 3894/3894/3894
f 3897/3897/3897 3896/3896/3896 3894/3894/3894
f 3900/3900/3900 3899/3899/3899 3898/3898/3898
f 3901/3901/3901 3900/3900/3900 3898/3898/3898
f 3904/3904/3904 3903/3903/3903 3902/3902/3902
f 3905/3905/3905 3904/3904/3904 3902/3902/3902
f 3908/3908/3908 3907/3907/3907 3906/3906/3906
f 3909/3909/3909 3908/3908/3908 3906/3906/3906
f 3912/3912/3912 3911/3911/3911 3910/3910/3910
f 3913/3913/3913 3912/3912/3912 3910/3910/3910
f 3916/3916/3916 3915/3915/3915 3914/3914/3914
f 3917/3917/3917 3916/3916/3916 3914/3914/3914
f 3920/3920/3920 3919/3919/3919 3918/3918/3918
f 3921/3921/3921 3920/3920/3920 3918/3918/3918
f 3924/3924/3924 3923/3923/3923 3922/3922/3922
f 3925/3925/3925 3924/3924/3924 3922/3922/3922
f 3928/3928/3928 3927/3927/3927 3926/3926/3926
f 3929/3929/3929 3928/3928/3928 3926/3926/3926
f 3932/3932/3932 3931/3931/3931 3930/3930/3930
f 3933/3933/3933 3932/3932/3932 3930/3930/3930
f 3936/3936/3936 3935/3935/3935 3934/3934/3934
f 3937/3937/3937 3936/3936/3936 3934/3934/3934
f 3940/3940/3940 3939/3939/3939 3938/3938/3938
f 3941/3941/3941 3940/3940/3940 3938/3938/3938
f 3944/3944/3944 3943/3943/3943 3942/3942/3942
f 3945/3945/3945 3944/3944/3944 3942/3942/3942
f 3948/3948/3948 3947/3947/3947 3946/3946/3946
f 3949/3949/3949 3948/3948/3948 3946/3946/3946
f 3952/3952/3952 3951/3951/3951 3950/3950/3950
f 3953/3953/3953 3952/3952/3952 3950/3950/3950
f 3956/3956/3956 3955/3955/3955 3954/3954/3954
f 3957/3957/3957 3956/3956/3956 3954/3954/3954
f 3960/3960/3960 3959/3959/3959 3958/3958/3958
f 3963/3963/3963 3962/3962/3962 3961/3961/3961
f 3966/3966/3966 3965/3965/3965 3964/3964/3964
f 3969/3969/3969 3968/3968/3968 3967/3967/3967
f 3972/3972/3972 3971/3971/3971 3970/3970/3970
f 3975/3975/3975 3974/3974/3974 3973/3973/3973
f 3978/3978/3978 3977/3977/3977 3976/3976/3976
f 3981/3981/3981 3980/3980/3980 3979/3979/3979
f 3984/3984/3984 3983/3983/3983 3982/3982/3982
f 3985/3985/3985 3984/3984/3984 3982/3982/3982
f 3988/3988/3988 3987/3987/3987 3986/3986/3986
f 3989/3989/3989 3988/3988/3988 3986/3986/3986
f 3992/3992/3992 3991/3991/3991 3990/3990/3990
f 3993/3993/3993 3992/3992/3992 3990/3990/3990
f 3996/3996/3996 3995/3995/3995 3994/3994/3994
f 3997/3997/3997 3996/3996/3996 3994/3994/3994
f 4000/4000/4000 3999/3999/3999 3998/3998/3998
f 4001/4001/4001 4000/4000/4000 3998/3998/3998
f 4004/4004/4004 4003/4003/4003 4002/4002/4002
f 4005/4005/4005 4004/4004/4004 4002/4002/4002
f 4008/4008/4008 4007/4007/4007 4006/4006/4006
f 4009/4009/4009 4008/4008/4008 4006/4006/4006
f 4012/4012/4012 4011/4011/4011 4010/4010/4010
f 4013/4013/4013 4012/4012/4012 4010/4010/4010
f 4016/4016/4016 4015/4015/4015 4014/4014/4014
f 4017/4017/4017 4016/4016/4016 4014/4014/4014
f 4020/4020/4020 4019/4019/4019 4018/4018/4018
f 4021/4021/4021 4020/4020/4020 4018/4018/4018
f 4024/4024/4024 4023/4023/4023 4022/4022/4022
f 4027/4027/4027 4026/4026/4026 4025/4025/4025
f 4030/4030/4030 4029/4029/4029 4028/4028/4028
f 4031/4031/4031 4030/4030/4030 4028/4028/4028
f 4034/4034/4034 4033/4033/4033 4032/4032/4032
f 4035/4035/4035 4034/4034/4034 4032/4032/4032
f 4038/4038/4038 4037/4037/4037 4036/4036/4036
f 4039/4039/4039 4038/4038/4038 4036/4036/4036
f 4042/4042/4042 4041/4041/4041 4040/4040/4040
f 4043/4043/4043 4042/4042/4042 4040/4040/4040
f 4046/4046/4046 4045/4045/4045 4044/4044/4044
f 4047/4047/4047 4046/4046/4046 4044/4044/4044
f 4050/4050/4050 4049/4049/4049 4048/4048/4048
f 4051/4051/4051 4050/4050/4050 4048/4048/4048
f 4054/4054/4054 4053/4053/4053 4052/4052/4052
f 4055/4055/4055 4054/4054/4054 4052/4052/4052
f 4058/4058/4058 4057/4057/4057 4056/4056/4056
f 4059/4059/4059 4058/4058/4058 4056/4056/4056
f 4062/4062/4062 4061/4061/4061 4060/4060/4060
f 4063/4063/4063 4062/4062/4062 4060/4060/4060
f 4066/4066/4066 4065/4065/4065 4064/4064/4064
f 4067/4067/4067 4066/4066/4066 4064/4064/4064
f 4070/4070/4070 4069/4069/4069 4068/4068/4068
f 4071/4071/4071 4070/4070/4070 4068/4068/4068
f 4074/4074/4074 4073/4073/4073 4072/4072/4072
f 4075/4075/4075 4074/4074/4074 4072/4072/4072
f 4078/4078/4078 4077/4077/4077 4076/4076/4076
f 4079/4079/4079 4078/4078/4078 4076/4076/4076
f 4082/4082/4082 4081/4081/4081 4080/4080/4080
f 4083/4083/4083 4082/4082/4082 4080/4080/4080
f 4086/4086/4086 4085/4085/4085 4084/4084/4084
f 4087/4087/4087 4086/4086/4086 4084/4084/4084
f 4090/4090/4090 4089/4089/4089 4088/4088/4088
f 4091/4091/4091 4090/4090/4090 4088/4088/4088
f 4094/4094/4094 4093/4093/4093 4092/4092/4092
f 4092/4092/4092 4095/4095/4095 4094/4094/4094
f 4095/4095/4095 4096/4096/4096 4094/4094/4094
f 4095/4095/4095 4097/4097/4097 4096/4096/4096
f 4097/4097/4097 4098/4098/4098 4096/4096/4096
f 4097/4097/4097 4099/4099/4099 4098/4098/4098
f 4099/4099/4099 4100/4100/4100 4098/4098/4098
f 4099/4099/4099 4101/4101/4101 4100/4100/4100
f 4101/4101/4101 4102/4102/4102 4100/4100/4100
f 4101/4101/4101 4103/4103/4103 4102/4102/4102
f 4103/4103/4103 4104/4104/4104 4102/4102/4102
f 4103/4103/4103 4105/4105/4105 4104/4104/4104
f 4105/4105/4105 4106/4106/4106 4104/4104/4104
f 4105/4105/4105 4107/4107/4107 4106/4106/4106
f 4110/4110/4110 4109/4109/4109 4108/4108/4108
f 4108/4108/4108 4111/4111/4111 4110/4110/4110
f 4108/4108/4108 4112/4112/4112 4111/4111/4111
f 4112/4112/4112 4113/4113/4113 4111/4111/4111
f 4112/4112/4112 4114/4114/4114 4113/4113/4113
f 4114/4114/4114 4115/4115/4115 4113/4113/4113
f 4114/4114/4114 4116/4116/4116 4115/4115/4115
f 4116/4116/4116 4117/4117/4117 4115/4115/4115
f 4117/4117/4117 4118/4118/4118 4115/4115/4115
f 4117/4117/4117 4119/4119/4119 4118/4118/4118
f 4117/4117/4117 4120/4120/4120 4119/4119/4119
f 4120/4120/4120 4121/4121/4121 4119/4119/4119
f 4121/4121/4121 4122/4122/4122 4119/4119/4119
f 4121/4121/4121 4123/4123/4123 4122/4122/4122
f 4126/4126/4126 4125/4125/4125 4124/4124/4124
f 4127/4127/4127 4126/4126/4126 4124/4124/4124
f 4130/4130/4130 4129/4129/4129 4128/4128/4128
f 4131/4131/4131 4130/4130/4130 4128/4128/4128
f 4134/4134/4134 4133/4133/4133 4132/4132/4132
f 4135/4135/4135 4134/4134/4134 4132/4132/4132
f 4138/4138/4138 4137/4137/4137 4136/4136/4136
f 4139/4139/4139 4138/4138/4138 4136/4136/4136
f 4142/4142/4142 4141/4141/4141 4140/4140/4140
f 4143/4143/4143 4142/4142/4142 4140/4140/4140
