g Cube.004
v -0.08464578 -0.082666375 -2.3283064E-10
v -0.07642809 -0.08279749 0.049306113
v -0.0765389 -0.08577478 0.049353607
v -0.084764495 -0.085644774 0
v -0.0765389 -0.090641685 0.049353607
v -0.084764495 -0.09051372 0
v -0.084764495 -0.09781405 0
v -0.0765389 -0.09793902 0.049353607
v -0.084764495 -0.106357574 0
v -0.0765389 -0.106479034 0.049353607
v -0.0765389 -0.115073994 0.049353607
v -0.084764495 -0.11495606 0
v -0.0765389 -0.12253618 0.049353607
v -0.084764495 -0.12242131 0
v -0.084764495 -0.1275651 0
v -0.0765389 -0.12767789 0.049353607
v -0.07642809 -0.08279749 0.049306113
v -0.05177503 -0.08319084 0.09039454
v -0.051862095 -0.086164765 0.0904816
v -0.0765389 -0.08577478 0.049353607
v -0.051862095 -0.09102563 0.0904816
v -0.0765389 -0.090641685 0.049353607
v -0.0765389 -0.09793902 0.049353607
v -0.051862095 -0.09831393 0.0904816
v -0.0765389 -0.106479034 0.049353607
v -0.051862095 -0.106843404 0.0904816
v -0.051862095 -0.11542778 0.0904816
v -0.0765389 -0.115073994 0.049353607
v -0.051862095 -0.12288082 0.0904816
v -0.0765389 -0.12253618 0.049353607
v -0.0765389 -0.12767789 0.049353607
v -0.051862095 -0.12801626 0.0904816
v -0.08464578 -0.082666375 -2.3283064E-10
v -0.0842896 -0.081037626 0
v -0.07609567 -0.08116906 0.04916365
v -0.07642809 -0.08279749 0.049306113
v -0.0842896 -0.081037626 0
v -0.08357727 -0.080217674 0
v -0.075430825 -0.080348715 0.04887872
v -0.07609567 -0.08116906 0.04916365
v -0.07642809 -0.08279749 0.049306113
v -0.07609567 -0.08116906 0.04916365
v -0.051513843 -0.08156337 0.09013336
v -0.05177503 -0.08319084 0.09039454
v -0.07609567 -0.08116906 0.04916365
v -0.075430825 -0.080348715 0.04887872
v -0.050991468 -0.08074187 0.08961097
v -0.051513843 -0.08156337 0.09013336
v -0.08464578 -0.082666375 -2.3283064E-10
v -0.07642809 -0.08279749 -0.04930612
v -0.07609567 -0.08116906 -0.04916365
v -0.0842896 -0.081037626 0
v -0.07642809 -0.08279749 -0.04930612
v -0.05177503 -0.08319083 -0.09039454
v -0.051513843 -0.08156337 -0.09013336
v -0.07609567 -0.08116906 -0.04916365
v -0.0842896 -0.081037626 0
v -0.07609567 -0.08116906 -0.04916365
v -0.075430825 -0.08034873 -0.04887872
v -0.08357727 -0.080217674 0
v -0.07609567 -0.08116906 -0.04916365
v -0.051513843 -0.08156337 -0.09013336
v -0.050991468 -0.08074187 -0.08961097
v -0.075430825 -0.08034873 -0.04887872
v -0.08464578 -0.082666375 -2.3283064E-10
v -0.084764495 -0.085644774 0
v -0.0765389 -0.08577478 -0.049353607
v -0.07642809 -0.08279749 -0.04930612
v -0.0765389 -0.090641685 -0.049353607
v -0.084764495 -0.09051372 0
v -0.084764495 -0.09781405 0
v -0.0765389 -0.09793903 -0.049353607
v -0.084764495 -0.106357574 0
v -0.0765389 -0.106479034 -0.049353607
v -0.0765389 -0.115073994 -0.049353607
v -0.084764495 -0.11495606 0
v -0.07642809 -0.08279749 -0.04930612
v -0.0765389 -0.08577478 -0.049353607
v -0.051862095 -0.08616476 -0.0904816
v -0.05177503 -0.08319083 -0.09039454
v -0.051862095 -0.09102563 -0.0904816
v -0.0765389 -0.090641685 -0.049353607
v -0.0765389 -0.09793903 -0.049353607
v -0.051862095 -0.09831394 -0.0904816
v -0.0765389 -0.106479034 -0.049353607
v -0.051862095 -0.106843404 -0.0904816
v -0.051862095 -0.11542778 -0.0904816
v -0.0765389 -0.115073994 -0.049353607
v -0.051862095 -0.12288082 -0.0904816
v -0.0765389 -0.12253618 -0.049353607
v -0.0765389 -0.12767789 -0.049353607
v -0.051862095 -0.12801626 -0.0904816
v 0.03861951 -0.08463311 -0.12326529
v -0.010686603 -0.08384641 -0.115047604
v -0.0107340915 -0.08681474 -0.11515841
v 0.03861951 -0.08759472 -0.123384014
v -0.0107340915 -0.09166552 -0.11515841
v 0.03861951 -0.0924334 -0.123384014
v 0.03861951 -0.09968861 -0.123384014
v -0.0107340915 -0.098938785 -0.1151584
v 0.03861951 -0.10817945 -0.123384014
v -0.0107340915 -0.107450694 -0.11515841
v -0.0107340915 -0.11601743 -0.11515841
v 0.03861951 -0.11672502 -0.123384014
v -0.0107340915 -0.123455204 -0.11515841
v 0.03861951 -0.12414447 -0.123384014
v 0.03861951 -0.12925693 -0.123384014
v -0.0107340915 -0.1285802 -0.1151584
v -0.010686603 -0.08384641 -0.115047604
v -0.05177503 -0.08319083 -0.09039454
v -0.051862095 -0.08616476 -0.0904816
v -0.0107340915 -0.08681474 -0.11515841
v -0.051862095 -0.09102563 -0.0904816
v -0.0107340915 -0.09166552 -0.11515841
v -0.0107340915 -0.098938785 -0.1151584
v -0.051862095 -0.09831394 -0.0904816
v -0.0107340915 -0.107450694 -0.11515841
v -0.051862095 -0.106843404 -0.0904816
v -0.051862095 -0.11542778 -0.0904816
v -0.0107340915 -0.11601743 -0.11515841
v -0.051862095 -0.12288082 -0.0904816
v -0.0107340915 -0.123455204 -0.11515841
v -0.0107340915 -0.1285802 -0.1151584
v -0.051862095 -0.12801626 -0.0904816
v 0.03861951 -0.08463311 -0.12326529
v 0.03861951 -0.08300915 -0.12290912
v -0.010544136 -0.08222053 -0.11471518
v 0.03861951 -0.08463311 -0.12326529
v -0.010544136 -0.08222053 -0.11471518
v -0.010686603 -0.08384641 -0.115047604
v 0.03861951 -0.08300915 -0.12290912
v 0.03861951 -0.08218341 -0.122196786
v -0.010259204 -0.08139711 -0.114050336
v -0.010544136 -0.08222053 -0.11471518
v -0.010686603 -0.08384641 -0.115047604
v -0.010544136 -0.08222053 -0.11471518
v -0.051513843 -0.08156337 -0.09013336
v -0.05177503 -0.08319083 -0.09039454
v -0.010544136 -0.08222053 -0.11471518
v -0.010259204 -0.08139711 -0.114050336
v -0.050991468 -0.08074187 -0.08961097
v -0.051513843 -0.08156337 -0.09013336
v 0.03861951 -0.08463311 -0.12326529
v 0.08792562 -0.085419804 -0.115047604
v 0.087783165 -0.08379777 -0.11471518
v 0.03861951 -0.08300915 -0.12290912
v 0.08792562 -0.085419804 -0.115047604
v 0.12901406 -0.08607538 -0.09039454
v 0.12875287 -0.08445494 -0.09013335
v 0.087783165 -0.08379777 -0.11471518
v 0.03861951 -0.08300915 -0.12290912
v 0.087783165 -0.08379777 -0.11471518
v 0.08749823 -0.08296972 -0.114050336
v 0.03861951 -0.08218341 -0.122196786
v 0.087783165 -0.08379777 -0.11471518
v 0.12875287 -0.08445494 -0.09013335
v 0.1282305 -0.083624974 -0.08961097
v 0.08749823 -0.08296972 -0.114050336
v 0.03861951 -0.08463311 -0.12326529
v 0.03861951 -0.08759472 -0.123384014
v 0.08797312 -0.08837469 -0.1151584
v 0.08792562 -0.085419804 -0.115047604
v 0.08797312 -0.09320127 -0.11515841
v 0.03861951 -0.0924334 -0.123384014
v 0.03861951 -0.09968861 -0.123384014
v 0.08797312 -0.10043843 -0.11515841
v 0.03861951 -0.10817945 -0.123384014
v 0.08797312 -0.10890819 -0.11515841
v 0.08797312 -0.11743262 -0.1151584
v 0.03861951 -0.11672502 -0.123384014
v 0.08797312 -0.124833755 -0.11515841
v 0.03861951 -0.12414447 -0.123384014
v 0.03861951 -0.12925693 -0.123384014
v 0.08797312 -0.12993366 -0.11515841
v 0.08792562 -0.085419804 -0.115047604
v 0.08797312 -0.08837469 -0.1151584
v 0.12910113 -0.089024656 -0.0904816
v 0.12901406 -0.08607538 -0.09039454
v 0.12910113 -0.09384116 -0.0904816
v 0.08797312 -0.09320127 -0.11515841
v 0.08797312 -0.10043843 -0.11515841
v 0.12910113 -0.10106328 -0.0904816
v 0.08797312 -0.10890819 -0.11515841
v 0.12910113 -0.10951547 -0.09048162
v 0.12910113 -0.11802228 -0.0904816
v 0.08797312 -0.11743262 -0.1151584
v 0.12910113 -0.12540816 -0.09048162
v 0.08797312 -0.124833755 -0.11515841
v 0.08797312 -0.12993366 -0.11515841
v 0.12910113 -0.1304976 -0.0904816
v 0.1618848 -0.086599834 2.3283064E-10
v 0.15366712 -0.08646873 -0.049306113
v 0.15377793 -0.08941465 -0.049353607
v 0.16200352 -0.08954465 0
v 0.15377793 -0.09422511 -0.049353607
v 0.16200352 -0.09435308 0
v 0.16200352 -0.10156316 0
v 0.15377793 -0.101438195 -0.049353607
v 0.16200352 -0.1100013 0
v 0.15377793 -0.10987985 -0.049353607
v 0.15377793 -0.11837607 -0.049353607
v 0.16200352 -0.118494004 0
v 0.15377793 -0.12575279 -0.049353607
v 0.16200352 -0.12586766 0
v 0.16200352 -0.13094877 0
v 0.15377793 -0.13083598 -0.049353607
v 0.15366712 -0.08646873 -0.049306113
v 0.12901406 -0.08607538 -0.09039454
v 0.12910113 -0.089024656 -0.0904816
v 0.15377793 -0.08941465 -0.049353607
v 0.12910113 -0.09384116 -0.0904816
v 0.15377793 -0.09422511 -0.049353607
v 0.15377793 -0.101438195 -0.049353607
v 0.12910113 -0.10106328 -0.0904816
v 0.15377793 -0.10987985 -0.049353607
v 0.12910113 -0.10951547 -0.09048162
v 0.12910113 -0.11802228 -0.0904816
v 0.15377793 -0.11837607 -0.049353607
v 0.12910113 -0.12540816 -0.09048162
v 0.15377793 -0.12575279 -0.049353607
v 0.15377793 -0.13083598 -0.049353607
v 0.12910113 -0.1304976 -0.0904816
v 0.1618848 -0.086599834 2.3283064E-10
v 0.16152862 -0.084980674 0
v 0.15333469 -0.08484924 -0.04916365
v 0.15366712 -0.08646873 -0.049306113
v 0.16152862 -0.084980674 0
v 0.16081628 -0.08414917 0
v 0.15266985 -0.08401811 -0.04887872
v 0.15333469 -0.08484924 -0.04916365
v 0.15366712 -0.08646873 -0.049306113
v 0.15333469 -0.08484924 -0.04916365
v 0.12875287 -0.08445494 -0.09013335
v 0.12901406 -0.08607538 -0.09039454
v 0.15333469 -0.08484924 -0.04916365
v 0.15266985 -0.08401811 -0.04887872
v 0.1282305 -0.083624974 -0.08961097
v 0.12875287 -0.08445494 -0.09013335
v 0.1618848 -0.086599834 2.3283064E-10
v 0.15366712 -0.08646873 0.04930612
v 0.15333469 -0.08484925 0.04916365
v 0.16152862 -0.084980674 0
v 0.15366712 -0.08646873 0.04930612
v 0.12901406 -0.08607537 0.09039454
v 0.12875287 -0.08445494 0.09013336
v 0.15333469 -0.08484925 0.04916365
v 0.16152862 -0.084980674 0
v 0.15333469 -0.08484925 0.04916365
v 0.15266985 -0.084018126 0.04887872
v 0.16081628 -0.08414917 0
v 0.15333469 -0.08484925 0.04916365
v 0.12875287 -0.08445494 0.09013336
v 0.1282305 -0.083624974 0.08961097
v 0.15266985 -0.084018126 0.04887872
v 0.1618848 -0.086599834 2.3283064E-10
v 0.16200352 -0.08954465 0
v 0.15377793 -0.08941464 0.049353607
v 0.15366712 -0.08646873 0.04930612
v 0.15377793 -0.09422511 0.049353607
v 0.16200352 -0.09435308 0
v 0.16200352 -0.10156316 0
v 0.15377793 -0.101438195 0.049353607
v 0.16200352 -0.1100013 0
v 0.15377793 -0.10987985 0.049353607
v 0.15377793 -0.11837607 0.049353607
v 0.16200352 -0.118494004 0
v 0.15377793 -0.12575279 0.049353607
v 0.16200352 -0.12586766 0
v 0.16200352 -0.13094877 0
v 0.15377793 -0.13083598 0.049353607
v 0.15366712 -0.08646873 0.04930612
v 0.15377793 -0.08941464 0.049353607
v 0.12910113 -0.089024656 0.0904816
v 0.12901406 -0.08607537 0.09039454
v 0.12910113 -0.09384116 0.0904816
v 0.15377793 -0.09422511 0.049353607
v 0.15377793 -0.101438195 0.049353607
v 0.12910113 -0.10106327 0.0904816
v 0.15377793 -0.10987985 0.049353607
v 0.12910113 -0.10951548 0.0904816
v 0.12910113 -0.11802228 0.0904816
v 0.15377793 -0.11837607 0.049353607
v 0.12910113 -0.12540816 0.0904816
v 0.15377793 -0.12575279 0.049353607
v 0.15377793 -0.13083598 0.049353607
v 0.12910113 -0.1304976 0.0904816
v 0.03861951 -0.08463311 0.12326529
v 0.08792562 -0.085419804 0.115047604
v 0.08797312 -0.08837469 0.11515841
v 0.03861951 -0.08759472 0.123384014
v 0.08797312 -0.09320127 0.11515841
v 0.03861951 -0.0924334 0.123384014
v 0.03861951 -0.099688604 0.123384014
v 0.08797312 -0.10043843 0.1151584
v 0.03861951 -0.10817944 0.123384014
v 0.08797312 -0.10890819 0.11515841
v 0.08797312 -0.11743261 0.11515841
v 0.03861951 -0.11672502 0.123384014
v 0.08797312 -0.124833755 0.11515841
v 0.03861951 -0.12414447 0.123384014
v 0.03861951 -0.12925693 0.123384014
v 0.08797312 -0.12993367 0.1151584
v 0.08792562 -0.085419804 0.115047604
v 0.12901406 -0.08607537 0.09039454
v 0.12910113 -0.089024656 0.0904816
v 0.08797312 -0.08837469 0.11515841
v 0.12910113 -0.09384116 0.0904816
v 0.08797312 -0.09320127 0.11515841
v 0.08797312 -0.10043843 0.1151584
v 0.12910113 -0.10106327 0.0904816
v 0.08797312 -0.10890819 0.11515841
v 0.12910113 -0.10951548 0.0904816
v 0.12910113 -0.11802228 0.0904816
v 0.08797312 -0.11743261 0.11515841
v 0.12910113 -0.12540816 0.0904816
v 0.08797312 -0.124833755 0.11515841
v 0.08797312 -0.12993367 0.1151584
v 0.12910113 -0.1304976 0.0904816
v 0.03861951 -0.08463311 0.12326529
v 0.03861951 -0.08300915 0.12290912
v 0.08778315 -0.08379777 0.11471518
v 0.08792562 -0.085419804 0.115047604
v 0.03861951 -0.08300915 0.12290912
v 0.03861951 -0.08218343 0.122196786
v 0.08749823 -0.08296972 0.114050336
v 0.08778315 -0.08379777 0.11471518
v 0.08792562 -0.085419804 0.115047604
v 0.08778315 -0.08379777 0.11471518
v 0.12875287 -0.08445494 0.09013336
v 0.12901406 -0.08607537 0.09039454
v 0.08778315 -0.08379777 0.11471518
v 0.08749823 -0.08296972 0.114050336
v 0.1282305 -0.083624974 0.08961097
v 0.12875287 -0.08445494 0.09013336
v 0.03861951 -0.08463311 0.12326529
v -0.010686603 -0.08384641 0.115047604
v -0.010544138 -0.08222053 0.11471518
v 0.03861951 -0.08300915 0.12290912
v -0.010686603 -0.08384641 0.115047604
v -0.05177503 -0.08319084 0.09039454
v -0.051513843 -0.08156337 0.09013336
v -0.010544138 -0.08222053 0.11471518
v 0.03861951 -0.08300915 0.12290912
v -0.010544138 -0.08222053 0.11471518
v -0.010259204 -0.08139712 0.114050336
v 0.03861951 -0.08218343 0.122196786
v -0.010544138 -0.08222053 0.11471518
v -0.051513843 -0.08156337 0.09013336
v -0.050991468 -0.08074187 0.08961097
v -0.010259204 -0.08139712 0.114050336
v 0.03861951 -0.08463311 0.12326529
v 0.03861951 -0.08759472 0.123384014
v -0.0107340915 -0.086814746 0.1151584
v -0.010686603 -0.08384641 0.115047604
v -0.0107340915 -0.09166552 0.11515841
v 0.03861951 -0.0924334 0.123384014
v 0.03861951 -0.099688604 0.123384014
v -0.0107340915 -0.098938785 0.11515841
v 0.03861951 -0.10817944 0.123384014
v -0.0107340915 -0.107450694 0.11515841
v -0.0107340915 -0.11601743 0.1151584
v 0.03861951 -0.11672502 0.123384014
v -0.0107340915 -0.12345522 0.11515841
v 0.03861951 -0.12414447 0.123384014
v 0.03861951 -0.12925693 0.123384014
v -0.0107340915 -0.1285802 0.11515841
v -0.010686603 -0.08384641 0.115047604
v -0.0107340915 -0.086814746 0.1151584
v -0.051862095 -0.086164765 0.0904816
v -0.05177503 -0.08319084 0.09039454
v -0.051862095 -0.09102563 0.0904816
v -0.0107340915 -0.098938785 0.11515841
v -0.051862095 -0.09831393 0.0904816
v -0.0107340915 -0.107450694 0.11515841
v -0.051862095 -0.106843404 0.0904816
v -0.051862095 -0.11542778 0.0904816
v -0.0107340915 -0.11601743 0.1151584
v -0.051862095 -0.12288082 0.0904816
v -0.0107340915 -0.12345522 0.11515841
v -0.0107340915 -0.1285802 0.11515841
v -0.051862095 -0.12801626 0.0904816
v -0.0107340915 -0.086814746 0.1151584
v -0.0107340915 -0.09166552 0.11515841
v -0.051862095 -0.09102563 0.0904816
v -0.0107340915 -0.098938785 0.11515841
v 0.03861951 -0.1361182 0
v 0.03861951 -0.13592318 -0.04615476
v -0.0043364037 -0.13516277 -0.042955916
v -0.0075352476 -0.1353038 0
v -0.0011375592 -0.13465974 -0.07882868
v 0.03861951 -0.135341 -0.08465514
v -0.040209163 -0.13413487 -0.039757077
v -0.04603563 -0.13420346 0
v -0.028403904 -0.13399611 -0.06702343
v 0.08157543 -0.13631651 -0.042955916
v 0.08477427 -0.13654257 0
v 0.11744818 -0.13625461 -0.039757077
v 0.12327465 -0.13647853 0
v 0.078376584 -0.13572973 -0.07882868
v 0.10564293 -0.13580066 -0.06702343
v 0.08157542 -0.13631651 0.042955916
v 0.03861951 -0.13592318 0.04615476
v 0.078376584 -0.13572973 0.07882868
v 0.03861951 -0.135341 0.08465514
v 0.11744818 -0.13625461 0.039757077
v 0.10564293 -0.13580066 0.06702343
v -0.0011375592 -0.13465974 0.07882868
v -0.0043364037 -0.13516277 0.042955916
v -0.040209163 -0.13413487 0.039757077
v -0.028403904 -0.13399611 0.06702343
v 0.03861951 -0.13437451 0.107846774
v 0.08157543 -0.13487366 0.100535125
v 0.11744818 -0.13527702 0.07882868
v -0.0043364037 -0.13371477 0.100535125
v -0.040209163 -0.13315082 0.07882868
v 0.13915464 -0.13564934 0.042955916
v 0.14646628 -0.13582774 0
v 0.13915464 -0.13564934 -0.042955916
v 0.11744818 -0.13527702 -0.07882868
v 0.08157542 -0.13487367 -0.100535125
v 0.03861951 -0.13437451 -0.107846774
v -0.0043364037 -0.13371477 -0.100535125
v -0.040209163 -0.13315082 -0.07882868
v -0.06191561 -0.13293909 -0.042955916
v -0.069227256 -0.13292128 0
v -0.06191561 -0.13293909 0.042955916
v 0.10966934 -0.07036986 0
v 0.12729305 -0.079612255 0
v 0.121381484 -0.07951668 0.035469413
v 0.104892455 -0.07029229 0.028661298
v 0.12729305 -0.079612255 0
v 0.14179896 -0.0812576 0
v 0.13492033 -0.08114639 0.041271776
v 0.121381484 -0.07951668 0.035469413
v 0.114284426 -0.080812745 0.07566492
v 0.10364677 -0.079229966 0.06502725
v 0.13492033 -0.08114639 -0.041271776
v 0.121381484 -0.07951668 -0.035469413
v 0.114284426 -0.080812745 -0.07566492
v 0.10364677 -0.079229966 -0.06502725
v 0.07408893 -0.078752115 0.08276195
v 0.079891294 -0.08025671 0.09630081
v 0.03861952 -0.07817869 0.08867351
v 0.03861952 -0.07958944 0.10317943
v -0.002652256 -0.078922175 0.09630081
v 0.0031501069 -0.07760526 0.08276195
v -0.0370454 -0.07836612 0.07566492
v -0.026407735 -0.07712741 0.06502725
v -0.04414244 -0.07684069 0.035469413
v -0.057681292 -0.07803249 0.041271776
v -0.05005401 -0.07674512 0
v -0.064559914 -0.07792128 0
v -0.05768129 -0.07803249 -0.041271776
v -0.04414244 -0.07684069 -0.035469413
v -0.0370454 -0.07836613 -0.07566492
v -0.026407735 -0.07712741 -0.06502725
v 0.0031501069 -0.07760526 -0.08276195
v -0.0026522567 -0.07892218 -0.09630081
v 0.03861952 -0.07817869 -0.08867351
v 0.03861952 -0.07958944 -0.10317943
v 0.079891294 -0.08025671 -0.09630081
v 0.07408893 -0.078752115 -0.08276195
v 0.03861952 -0.08050739 -0.11264281
v -0.0064376043 -0.07977925 -0.10513328
v 0.03861952 -0.08112044 -0.11820555
v -0.008662701 -0.080357045 -0.11032517
v -0.043985203 -0.07917246 -0.08260473
v -0.048064545 -0.079720885 -0.08668407
v 0.08367663 -0.08123553 -0.10513327
v 0.08590174 -0.08188383 -0.11032517
v 0.12122424 -0.081842326 -0.08260472
v 0.12530358 -0.082519986 -0.08668407
v 0.1437528 -0.0822064 -0.045057125
v 0.15126233 -0.08232775 0
v 0.15682504 -0.08302891 0
v 0.14894468 -0.08290169 -0.04728222
v 0.12122424 -0.081842326 -0.08260472
v 0.12530358 -0.082519986 -0.08668407
v 0.1437528 -0.0822064 0.045057125
v 0.14894469 -0.082901694 0.04728222
v 0.12122424 -0.081842326 0.08260473
v 0.12530358 -0.082519986 0.08668407
v 0.08367663 -0.08123554 0.10513328
v 0.03861952 -0.08050739 0.11264281
v 0.03861952 -0.08112044 0.11820555
v 0.08590172 -0.08188383 0.11032517
v 0.12122424 -0.081842326 0.08260473
v 0.12530358 -0.082519986 0.08668407
v -0.006437603 -0.079779245 0.10513327
v -0.008662701 -0.080357045 0.11032517
v -0.043985203 -0.07917246 0.08260472
v -0.04806455 -0.079720885 0.08668407
v -0.06651377 -0.07880838 0.045057125
v -0.074023284 -0.07868703 0
v -0.07958603 -0.07921195 0
v -0.071705654 -0.079339184 0.04728222
v -0.043985203 -0.07917246 0.08260472
v -0.04806455 -0.079720885 0.08668407
v -0.06651376 -0.07880839 -0.045057125
v -0.071705654 -0.07933919 -0.04728222
v -0.043985203 -0.07917246 -0.08260473
v -0.048064545 -0.079720885 -0.08668407
v 0.104892455 -0.07029229 0.028661298
v 0.121381484 -0.07951668 0.035469413
v 0.10364677 -0.079229966 0.06502725
v 0.09056181 -0.070059545 0.052545708
v 0.10966934 -0.07036986 0
v 0.104892455 -0.07029229 -0.028661298
v 0.121381484 -0.07951668 -0.035469413
v 0.12729305 -0.079612255 0
v 0.104892455 -0.07029229 -0.028661298
v 0.09056181 -0.070059545 -0.052545708
v 0.10364677 -0.079229966 -0.06502725
v 0.121381484 -0.07951668 -0.035469413
v 0.10966934 -0.07036986 0
v 0.09085255 -0.046508577 0
v 0.08720944 -0.046448205 -0.021858703
v 0.104892455 -0.07029229 -0.028661298
v 0.09085255 -0.046508577 0
v 0.07276745 -0.0010065641 0
v 0.07008864 -0.0009594597 -0.016072894
v 0.08720944 -0.046448205 -0.021858703
v 0.104892455 -0.07029229 -0.028661298
v 0.08720944 -0.046448205 -0.021858703
v 0.076280095 -0.046267074 -0.04007429
v 0.09056181 -0.070059545 -0.052545708
v 0.08720944 -0.046448205 -0.021858703
v 0.07008864 -0.0009594597 -0.016072894
v 0.06205219 -0.0008181459 -0.029466972
v 0.076280095 -0.046267074 -0.04007429
v 0.10966934 -0.07036986 0
v 0.104892455 -0.07029229 0.028661298
v 0.08720944 -0.046448205 0.021858703
v 0.09085255 -0.046508577 0
v 0.104892455 -0.07029229 0.028661298
v 0.09056181 -0.070059545 0.052545708
v 0.07628009 -0.046267074 0.04007429
v 0.08720944 -0.046448205 0.021858703
v 0.09085255 -0.046508577 0
v 0.08720944 -0.046448205 0.021858703
v 0.07008863 -0.0009594597 0.016072894
v 0.07276745 -0.0010065641 0
v 0.08720944 -0.046448205 0.021858703
v 0.07628009 -0.046267074 0.04007429
v 0.06205219 -0.0008181468 0.029466972
v 0.07008863 -0.0009594597 0.016072894
v 0.045844067 0.1648224 0
v 0.057338756 0.07315804 0
v 0.055286236 0.073198944 0.0123151345
v 0.04417117 0.16488153 0.010123147
v 0.057338756 0.07315804 0
v 0.07276745 -0.0010065641 0
v 0.07008863 -0.0009594597 0.016072894
v 0.055286236 0.073198944 0.0123151345
v 0.04417117 0.16488153 0.010123147
v 0.055286236 0.073198944 0.0123151345
v 0.04912867 0.07332165 0.022577748
v 0.03915247 0.16505891 0.018559102
v 0.055286236 0.073198944 0.0123151345
v 0.07008863 -0.0009594597 0.016072894
v 0.06205219 -0.0008181468 0.029466972
v 0.055286236 0.073198944 0.0123151345
v 0.06205219 -0.0008181468 0.029466972
v 0.04912867 0.07332165 0.022577748
v 0.045844067 0.1648224 0
v 0.04417117 0.16488153 -0.010123147
v 0.055286236 0.073198944 -0.0123151345
v 0.057338756 0.07315804 0
v 0.04417117 0.16488153 -0.010123147
v 0.03915247 0.16505891 -0.018559102
v 0.04912867 0.073321655 -0.022577748
v 0.055286236 0.073198944 -0.0123151345
v 0.057338756 0.07315804 0
v 0.055286236 0.073198944 -0.0123151345
v 0.07008864 -0.0009594597 -0.016072894
v 0.07276745 -0.0010065641 0
v 0.055286236 0.073198944 -0.0123151345
v 0.04912867 0.073321655 -0.022577748
v 0.06205219 -0.0008181459 -0.029466972
v 0.07008864 -0.0009594597 -0.016072894
v 0.045844067 0.1648224 0
v 0.039560996 0.26282376 0
v 0.038112383 0.26294288 -0.009034643
v 0.04417117 0.16488153 -0.010123147
v 0.039560996 0.26282376 0
v 0.03976713 0.3559992 0
v 0.038478814 0.35623747 -0.008587343
v 0.038112383 0.26294288 -0.009034643
v 0.04417117 0.16488153 -0.010123147
v 0.038112383 0.26294288 -0.009034643
v 0.033766553 0.2633003 -0.016563512
v 0.03915247 0.16505891 -0.018559102
v 0.038112383 0.26294288 -0.009034643
v 0.038478814 0.35623747 -0.008587343
v 0.034613863 0.35695228 -0.015743462
v 0.033766553 0.2633003 -0.016563512
v 0.045844067 0.1648224 0
v 0.04417117 0.16488153 0.010123147
v 0.038112383 0.26294288 0.009034643
v 0.039560996 0.26282376 0
v 0.04417117 0.16488153 0.010123147
v 0.03915247 0.16505891 0.018559102
v 0.033766553 0.2633003 0.016563512
v 0.038112383 0.26294288 0.009034643
v 0.039560996 0.26282376 0
v 0.038112383 0.26294288 0.009034643
v 0.038478814 0.35623747 0.008587343
v 0.03976713 0.3559992 0
v 0.038112383 0.26294288 0.009034643
v 0.033766553 0.2633003 0.016563512
v 0.034613863 0.35695228 0.015743462
v 0.038478814 0.35623747 0.008587343
v -0.03363716 -0.06804249 0
v -0.05005401 -0.07674512 0
v -0.04414244 -0.07684069 -0.035469413
v -0.028860275 -0.068120055 -0.028661298
v -0.028860275 -0.068120055 -0.028661298
v -0.04414244 -0.07684069 -0.035469413
v -0.026407735 -0.07712741 -0.06502725
v -0.014529626 -0.068352796 -0.052545708
v -0.03363716 -0.06804249 0
v -0.028860275 -0.068120055 0.028661298
v -0.04414244 -0.07684069 0.035469413
v -0.05005401 -0.07674512 0
v -0.028860275 -0.068120055 0.028661298
v -0.014529626 -0.068352796 0.052545708
v -0.026407735 -0.07712741 0.06502725
v -0.04414244 -0.07684069 0.035469413
v -0.03363716 -0.06804249 0
v -0.018440962 -0.044697285 0
v -0.014797843 -0.044757657 0.021858703
v -0.028860275 -0.068120055 0.028661298
v -0.018440962 -0.044697285 0
v -0.007597017 0.000406567 0
v -0.0049182014 0.00035946257 0.016072894
v -0.014797843 -0.044757657 0.021858703
v -0.028860275 -0.068120055 0.028661298
v -0.014797843 -0.044757657 0.021858703
v -0.0038684926 -0.044938788 0.04007429
v -0.014529626 -0.068352796 0.052545708
v -0.014797843 -0.044757657 0.021858703
v -0.0049182014 0.00035946257 0.016072894
v 0.0031182456 0.0002181502 0.029466972
v -0.0038684926 -0.044938788 0.04007429
v -0.03363716 -0.06804249 0
v -0.028860275 -0.068120055 -0.028661298
v -0.014797843 -0.044757657 -0.021858703
v -0.018440962 -0.044697285 0
v -0.028860275 -0.068120055 -0.028661298
v -0.014529626 -0.068352796 -0.052545708
v -0.003868492 -0.044938788 -0.04007429
v -0.014797843 -0.044757657 -0.021858703
v -0.018440962 -0.044697285 0
v -0.014797843 -0.044757657 -0.021858703
v -0.0049182014 0.00035946257 -0.016072894
v -0.007597017 0.000406567 0
v -0.014797843 -0.044757657 -0.021858703
v -0.003868492 -0.044938788 -0.04007429
v 0.0031182459 0.0002181502 -0.029466972
v -0.0049182014 0.00035946257 -0.016072894
v 0.03801609 -0.06920617 0.07165325
v 0.03861952 -0.07817869 0.08867351
v 0.0031501069 -0.07760526 0.08276195
v 0.00935479 -0.068740696 0.06687637
v 0.00935479 -0.068740696 0.06687637
v 0.0031501069 -0.07760526 0.08276195
v -0.026407735 -0.07712741 0.06502725
v -0.014529626 -0.068352796 0.052545708
v 0.03801609 -0.06920617 0.07165325
v 0.066677384 -0.069671646 0.06687637
v 0.07408893 -0.078752115 0.08276195
v 0.03861952 -0.07817869 0.08867351
v 0.066677384 -0.069671646 0.06687637
v 0.09056181 -0.070059545 0.052545708
v 0.10364677 -0.079229966 0.06502725
v 0.07408893 -0.078752115 0.08276195
v 0.03801609 -0.06920617 0.07165325
v 0.036205795 -0.045602925 0.054646757
v 0.0580645 -0.045965184 0.051003642
v 0.066677384 -0.069671646 0.06687637
v 0.036205795 -0.045602925 0.054646757
v 0.03258522 -0.00029999716 0.040182233
v 0.048658114 -0.0005826242 0.037503414
v 0.0580645 -0.045965184 0.051003642
v 0.066677384 -0.069671646 0.06687637
v 0.0580645 -0.045965184 0.051003642
v 0.07628009 -0.046267074 0.04007429
v 0.09056181 -0.070059545 0.052545708
v 0.0580645 -0.045965184 0.051003642
v 0.048658114 -0.0005826242 0.037503414
v 0.06205219 -0.0008181468 0.029466972
v 0.0580645 -0.045965184 0.051003642
v 0.06205219 -0.0008181468 0.029466972
v 0.07628009 -0.046267074 0.04007429
v 0.03801609 -0.06920617 0.07165325
v 0.00935479 -0.068740696 0.06687637
v 0.014347094 -0.045240663 0.051003642
v 0.036205795 -0.045602925 0.054646757
v 0.00935479 -0.068740696 0.06687637
v -0.014529626 -0.068352796 0.052545708
v -0.0038684926 -0.044938788 0.04007429
v 0.014347094 -0.045240663 0.051003642
v 0.036205795 -0.045602925 0.054646757
v 0.014347094 -0.045240663 0.051003642
v 0.016512325 -1.7371029E-05 0.037503414
v 0.03258522 -0.00029999716 0.040182233
v 0.014347094 -0.045240663 0.051003642
v -0.0038684926 -0.044938788 0.04007429
v 0.0031182456 0.0002181502 0.029466972
v 0.016512325 -1.7371029E-05 0.037503414
v 0.03801609 -0.06920617 -0.07165325
v 0.03861952 -0.07817869 -0.08867351
v 0.07408893 -0.078752115 -0.08276195
v 0.066677384 -0.069671646 -0.06687637
v 0.066677384 -0.069671646 -0.06687637
v 0.07408893 -0.078752115 -0.08276195
v 0.10364677 -0.079229966 -0.06502725
v 0.09056181 -0.070059545 -0.052545708
v 0.03801609 -0.06920617 -0.07165325
v 0.009354789 -0.068740696 -0.06687637
v 0.0031501069 -0.07760526 -0.08276195
v 0.03861952 -0.07817869 -0.08867351
v 0.009354789 -0.068740696 -0.06687637
v -0.014529626 -0.068352796 -0.052545708
v -0.026407735 -0.07712741 -0.06502725
v 0.0031501069 -0.07760526 -0.08276195
v 0.03801609 -0.06920617 -0.07165325
v 0.036205795 -0.045602925 -0.054646757
v 0.014347095 -0.045240663 -0.051003642
v 0.009354789 -0.068740696 -0.06687637
v 0.036205795 -0.045602925 -0.054646757
v 0.03258522 -0.0002999967 -0.040182233
v 0.016512325 -1.7369166E-05 -0.037503414
v 0.014347095 -0.045240663 -0.051003642
v 0.009354789 -0.068740696 -0.06687637
v 0.014347095 -0.045240663 -0.051003642
v -0.003868492 -0.044938788 -0.04007429
v -0.014529626 -0.068352796 -0.052545708
v 0.014347095 -0.045240663 -0.051003642
v 0.016512325 -1.7369166E-05 -0.037503414
v 0.0031182459 0.0002181502 -0.029466972
v -0.003868492 -0.044938788 -0.04007429
v 0.03801609 -0.06920617 -0.07165325
v 0.066677384 -0.069671646 -0.06687637
v 0.0580645 -0.045965184 -0.051003642
v 0.036205795 -0.045602925 -0.054646757
v 0.066677384 -0.069671646 -0.06687637
v 0.09056181 -0.070059545 -0.052545708
v 0.076280095 -0.046267074 -0.04007429
v 0.0580645 -0.045965184 -0.051003642
v 0.036205795 -0.045602925 -0.054646757
v 0.0580645 -0.045965184 -0.051003642
v 0.048658114 -0.00058262236 -0.037503414
v 0.03258522 -0.0002999967 -0.040182233
v 0.0580645 -0.045965184 -0.051003642
v 0.076280095 -0.046267074 -0.04007429
v 0.06205219 -0.0008181459 -0.029466972
v 0.048658114 -0.00058262236 -0.037503414
v 0.049794253 0.5059875 0.02046193
v 0.031229882 0.4396944 0.020797405
v 0.024625799 0.44229773 0.019410912
v 0.044411078 0.5099978 0.019097801
v 0.012712479 0.36100283 0.020037133
v 0.020442378 0.35957325 0.021468354
v 0.07159925 0.5648903 0.01899343
v 0.075735435 0.5594658 0.020350102
v 0.105721265 0.6077632 0.01899343
v 0.10865335 0.60114276 0.020350102
v 0.017831832 0.2646107 0.022586605
v 0.0091401655 0.2653255 0.021080835
v 0.020750567 0.16570932 0.025307864
v 0.010713166 0.16606408 0.023620676
v 0.014235783 0.074017 0.028735315
v 0.026550917 0.07377158 0.030787837
v 0.044411078 0.5099978 0.019097801
v 0.024625799 0.44229773 0.019410912
v 0.019122403 0.4444672 0.015251431
v 0.044411078 0.5099978 0.019097801
v 0.019122403 0.4444672 0.015251431
v 0.03992509 0.51333964 0.015005415
v 0.024625799 0.44229773 0.019410912
v 0.012712479 0.36100283 0.020037133
v 0.006270895 0.36219418 0.015743462
v 0.019122403 0.4444672 0.015251431
v 0.049794253 0.5059875 0.02046193
v 0.05517744 0.50197726 0.019097801
v 0.037833955 0.43709105 0.019410912
v 0.031229882 0.4396944 0.020797405
v 0.02817228 0.3581436 0.020037133
v 0.020442378 0.35957325 0.021468354
v 0.07987163 0.5540413 0.018993432
v 0.075735435 0.5594658 0.020350102
v 0.11158543 0.59452236 0.01899343
v 0.10865335 0.60114276 0.020350102
v 0.017831832 0.2646107 0.022586605
v 0.026523497 0.26389593 0.021080833
v 0.020750567 0.16570932 0.025307864
v 0.03078797 0.16535455 0.023620674
v 0.038866054 0.07352617 0.028735317
v 0.026550917 0.07377158 0.030787837
v 0.05517744 0.50197726 0.019097801
v 0.059663426 0.49863538 0.015005415
v 0.04333736 0.4349216 0.015251431
v 0.037833955 0.43709105 0.019410912
v 0.037833955 0.43709105 0.019410912
v 0.04333736 0.4349216 0.015251431
v 0.034613863 0.35695228 0.015743462
v 0.02817228 0.3581436 0.020037133
v 0.05517744 0.50197726 0.019097801
v 0.07987163 0.5540413 0.018993432
v 0.08331845 0.5495209 0.0149234105
v 0.059663426 0.49863538 0.015005415
v 0.07987163 0.5540413 0.018993432
v 0.11158543 0.59452236 0.01899343
v 0.11402884 0.58900535 0.014923409
v 0.08331845 0.5495209 0.0149234105
v 0.044411078 0.5099978 0.019097801
v 0.03992509 0.51333964 0.015005415
v 0.06815243 0.56941086 0.0149234105
v 0.044411078 0.5099978 0.019097801
v 0.06815243 0.56941086 0.0149234105
v 0.07159925 0.5648903 0.01899343
v 0.07159925 0.5648903 0.01899343
v 0.06815243 0.56941086 0.0149234105
v 0.10327786 0.6132802 0.014923409
v 0.105721265 0.6077632 0.01899343
v -0.0043429392 0.16659623 0
v -0.0042369217 0.07438514 0
v -0.002184399 0.07434423 -0.0123151345
v -0.0026700385 0.1665371 -0.010123147
v -0.0049182014 0.00035946257 -0.016072894
v -0.007597017 0.000406567 0
v -0.002448724 0.26627854 -0.009034643
v -0.003897335 0.26639766 0
v 0.0024059443 0.36290896 -0.008587343
v 0.0011176271 0.36314726 0
v -0.0026700385 0.1665371 -0.010123147
v -0.002184399 0.07434423 -0.0123151345
v 0.0039731693 0.07422152 -0.022577748
v 0.0023486626 0.16635972 -0.018559102
v 0.0018971097 0.26592112 -0.016563512
v -0.002448724 0.26627854 -0.009034643
v 0.006270895 0.36219418 -0.015743462
v 0.0024059443 0.36290896 -0.008587343
v -0.002184399 0.07434423 -0.0123151345
v -0.0049182014 0.00035946257 -0.016072894
v 0.0031182459 0.0002181502 -0.029466972
v 0.0039731693 0.07422152 -0.022577748
v -0.0043429392 0.16659623 0
v -0.002670039 0.16653709 0.010123147
v -0.002184399 0.07434423 0.0123151345
v -0.0042369217 0.07438514 0
v -0.0049182014 0.00035946257 0.016072894
v -0.007597017 0.000406567 0
v -0.002448724 0.26627854 0.009034643
v -0.003897335 0.26639766 0
v 0.0024059438 0.36290896 0.008587343
v 0.0011176271 0.36314726 0
v -0.002670039 0.16653709 0.010123147
v 0.0023486626 0.16635972 0.018559102
v 0.0039731693 0.07422152 0.022577748
v -0.002184399 0.07434423 0.0123151345
v 0.0018971097 0.26592112 0.016563512
v -0.002448724 0.26627854 0.009034643
v 0.006270895 0.36219418 0.015743462
v 0.0024059438 0.36290896 0.008587343
v -0.002184399 0.07434423 0.0123151345
v 0.0039731693 0.07422152 0.022577748
v 0.0031182456 0.0002181502 0.029466972
v -0.0049182014 0.00035946257 0.016072894
v 0.026550917 0.07377158 0.030787837
v 0.03258522 -0.00029999716 0.040182233
v 0.016512325 -1.7371029E-05 0.037503414
v 0.014235783 0.074017 0.028735315
v 0.010713166 0.16606408 0.023620676
v 0.014235783 0.074017 0.028735315
v 0.0039731693 0.07422152 0.022577748
v 0.0023486626 0.16635972 0.018559102
v 0.0018971097 0.26592112 0.016563512
v 0.0091401655 0.2653255 0.021080835
v 0.006270895 0.36219418 0.015743462
v 0.012712479 0.36100283 0.020037133
v 0.014235783 0.074017 0.028735315
v 0.016512325 -1.7371029E-05 0.037503414
v 0.0031182456 0.0002181502 0.029466972
v 0.0039731693 0.07422152 0.022577748
v 0.03078797 0.16535455 0.023620674
v 0.03915247 0.16505891 0.018559102
v 0.04912867 0.07332165 0.022577748
v 0.038866054 0.07352617 0.028735317
v 0.026550917 0.07377158 0.030787837
v 0.038866054 0.07352617 0.028735317
v 0.048658114 -0.0005826242 0.037503414
v 0.03258522 -0.00029999716 0.040182233
v 0.038866054 0.07352617 0.028735317
v 0.04912867 0.07332165 0.022577748
v 0.06205219 -0.0008181468 0.029466972
v 0.048658114 -0.0005826242 0.037503414
v 0.03078797 0.16535455 0.023620674
v 0.026523497 0.26389593 0.021080833
v 0.033766553 0.2633003 0.016563512
v 0.03915247 0.16505891 0.018559102
v 0.026523497 0.26389593 0.021080833
v 0.02817228 0.3581436 0.020037133
v 0.034613863 0.35695228 0.015743462
v 0.033766553 0.2633003 0.016563512
v 0.020750567 0.16570932 -0.025307864
v 0.026550917 0.07377158 -0.030787837
v 0.038866054 0.07352617 -0.028735315
v 0.03078797 0.16535455 -0.023620676
v 0.026523497 0.26389593 -0.021080833
v 0.017831832 0.2646107 -0.022586605
v 0.02817228 0.3581436 -0.020037133
v 0.02044238 0.35957325 -0.021468354
v 0.031229882 0.4396944 -0.020797405
v 0.037833955 0.43709105 -0.019410912
v 0.049794253 0.5059875 -0.020461928
v 0.05517744 0.50197726 -0.019097801
v 0.07987163 0.5540413 -0.01899343
v 0.075735435 0.5594658 -0.020350102
v 0.11158543 0.59452236 -0.01899343
v 0.10865335 0.60114276 -0.020350102
v 0.026550917 0.07377158 -0.030787837
v 0.03258522 -0.0002999967 -0.040182233
v 0.048658114 -0.00058262236 -0.037503414
v 0.038866054 0.07352617 -0.028735315
v 0.03078797 0.16535455 -0.023620676
v 0.038866054 0.07352617 -0.028735315
v 0.04912867 0.073321655 -0.022577748
v 0.03915247 0.16505891 -0.018559102
v 0.038866054 0.07352617 -0.028735315
v 0.048658114 -0.00058262236 -0.037503414
v 0.06205219 -0.0008181459 -0.029466972
v 0.04912867 0.073321655 -0.022577748
v 0.020750567 0.16570932 -0.025307864
v 0.010713166 0.16606408 -0.023620674
v 0.014235783 0.07401701 -0.028735317
v 0.026550917 0.07377158 -0.030787837
v 0.0091401655 0.2653255 -0.021080833
v 0.017831832 0.2646107 -0.022586605
v 0.01271248 0.3610028 -0.020037133
v 0.02044238 0.35957325 -0.021468354
v 0.031229882 0.4396944 -0.020797405
v 0.024625802 0.44229773 -0.019410912
v 0.049794253 0.5059875 -0.020461928
v 0.044411078 0.5099978 -0.019097801
v 0.07159925 0.5648903 -0.018993432
v 0.075735435 0.5594658 -0.020350102
v 0.105721265 0.6077632 -0.01899343
v 0.10865335 0.60114276 -0.020350102
v 0.010713166 0.16606408 -0.023620674
v 0.0023486626 0.16635972 -0.018559102
v 0.0039731693 0.07422152 -0.022577748
v 0.014235783 0.07401701 -0.028735317
v 0.0018971097 0.26592112 -0.016563512
v 0.0091401655 0.2653255 -0.021080833
v 0.006270895 0.36219418 -0.015743462
v 0.01271248 0.3610028 -0.020037133
v 0.026550917 0.07377158 -0.030787837
v 0.014235783 0.07401701 -0.028735317
v 0.016512325 -1.7369166E-05 -0.037503414
v 0.03258522 -0.0002999967 -0.040182233
v 0.014235783 0.07401701 -0.028735317
v 0.0039731693 0.07422152 -0.022577748
v 0.0031182459 0.0002181502 -0.029466972
v 0.016512325 -1.7369166E-05 -0.037503414
v 0.03078797 0.16535455 -0.023620676
v 0.03915247 0.16505891 -0.018559102
v 0.033766553 0.2633003 -0.016563512
v 0.026523497 0.26389593 -0.021080833
v 0.026523497 0.26389593 -0.021080833
v 0.033766553 0.2633003 -0.016563512
v 0.034613863 0.35695228 -0.015743462
v 0.02817228 0.3581436 -0.020037133
v 0.19264108 0.63422835 -1.7458864E-05
v 0.15274754 0.61360127 0
v 0.1524409 0.6148299 0.0081400415
v 0.1925026 0.6355207 0.008122582
v 0.15274754 0.61360127 0
v 0.11598356 0.5845918 0
v 0.11549488 0.5856952 0.0081400415
v 0.1524409 0.6148299 0.0081400415
v 0.1925026 0.6355207 0.008122582
v 0.1524409 0.6148299 0.0081400415
v 0.15152098 0.61851597 0.014923409
v 0.1920872 0.63939774 0.014905949
v 0.1524409 0.6148299 0.0081400415
v 0.11549488 0.5856952 0.0081400415
v 0.11402884 0.58900535 0.014923409
v 0.15152098 0.61851597 0.014923409
v 0.19264108 0.63422835 -1.7458864E-05
v 0.19250259 0.6355207 -0.0081575
v 0.1524409 0.6148299 -0.0081400415
v 0.15274754 0.61360127 0
v 0.19250259 0.6355207 -0.0081575
v 0.1920872 0.63939774 -0.014940868
v 0.15152097 0.61851597 -0.0149234105
v 0.1524409 0.6148299 -0.0081400415
v 0.15274754 0.61360127 0
v 0.1524409 0.6148299 -0.0081400415
v 0.11549488 0.58569515 -0.0081400415
v 0.11598356 0.5845918 0
v 0.1524409 0.6148299 -0.0081400415
v 0.15152097 0.61851597 -0.0149234105
v 0.11402884 0.58900535 -0.014923409
v 0.11549488 0.58569515 -0.0081400415
v 0.19264108 0.63422835 -1.7458864E-05
v 0.23193736 0.64776814 -6.983569E-05
v 0.231958 0.6490749 -0.008209877
v 0.19250259 0.6355207 -0.0081575
v 0.23193736 0.64776814 -6.983569E-05
v 0.2669097 0.6555159 -0.00017458895
v 0.2670851 0.6568005 -0.00831463
v 0.231958 0.6490749 -0.008209877
v 0.19250259 0.6355207 -0.0081575
v 0.231958 0.6490749 -0.008209877
v 0.2320199 0.6529956 -0.014993244
v 0.1920872 0.63939774 -0.014940868
v 0.231958 0.6490749 -0.008209877
v 0.2670851 0.6568005 -0.00831463
v 0.26761138 0.6606543 -0.015097998
v 0.2320199 0.6529956 -0.014993244
v 0.19264108 0.63422835 -1.7458864E-05
v 0.1925026 0.6355207 0.008122582
v 0.231958 0.6490749 0.008070205
v 0.23193736 0.64776814 -6.983569E-05
v 0.1925026 0.6355207 0.008122582
v 0.1920872 0.63939774 0.014905949
v 0.2320199 0.6529956 0.0148535725
v 0.231958 0.6490749 0.008070205
v 0.23193736 0.64776814 -6.983569E-05
v 0.231958 0.6490749 0.008070205
v 0.2670851 0.6568005 0.007965452
v 0.2669097 0.6555159 -0.00017458895
v 0.231958 0.6490749 0.008070205
v 0.2320199 0.6529956 0.0148535725
v 0.26761138 0.6606543 0.01474882
v 0.2670851 0.6568005 0.007965452
v 0.05517744 0.50197726 -0.019097801
v 0.037833955 0.43709105 -0.019410912
v 0.04333736 0.4349216 -0.015251431
v 0.059663426 0.49863538 -0.015005415
v 0.037833955 0.43709105 -0.019410912
v 0.02817228 0.3581436 -0.020037133
v 0.034613863 0.35695228 -0.015743462
v 0.04333736 0.4349216 -0.015251431
v 0.044411078 0.5099978 -0.019097801
v 0.03992509 0.51333964 -0.015005415
v 0.019122403 0.4444672 -0.015251431
v 0.024625802 0.44229773 -0.019410912
v 0.024625802 0.44229773 -0.019410912
v 0.019122403 0.4444672 -0.015251431
v 0.006270895 0.36219418 -0.015743462
v 0.01271248 0.3610028 -0.020037133
v 0.044411078 0.5099978 -0.019097801
v 0.07159925 0.5648903 -0.018993432
v 0.06815243 0.56941086 -0.0149234105
v 0.03992509 0.51333964 -0.015005415
v 0.07159925 0.5648903 -0.018993432
v 0.105721265 0.6077632 -0.01899343
v 0.10327786 0.6132802 -0.014923409
v 0.06815243 0.56941086 -0.0149234105
v 0.05517744 0.50197726 -0.019097801
v 0.059663426 0.49863538 -0.015005415
v 0.08331845 0.5495209 -0.0149234105
v 0.07987163 0.5540413 -0.01899343
v 0.07987163 0.5540413 -0.01899343
v 0.08331845 0.5495209 -0.0149234105
v 0.11402884 0.58900535 -0.014923409
v 0.11158543 0.59452236 -0.01899343
v 0.06325221 0.49596187 0
v 0.047740076 0.43318602 0
v 0.046639398 0.43361992 0.0083189625
v 0.062355015 0.4966303 0.008184772
v 0.047740076 0.43318602 0
v 0.03976713 0.3559992 0
v 0.038478814 0.35623747 0.008587343
v 0.046639398 0.43361992 0.0083189625
v 0.062355015 0.4966303 0.008184772
v 0.046639398 0.43361992 0.0083189625
v 0.04333736 0.4349216 0.015251431
v 0.059663426 0.49863538 0.015005415
v 0.046639398 0.43361992 0.0083189625
v 0.038478814 0.35623747 0.008587343
v 0.034613863 0.35695228 0.015743462
v 0.04333736 0.4349216 0.015251431
v 0.06325221 0.49596187 0
v 0.062355015 0.49663025 -0.008184772
v 0.046639398 0.43361992 -0.0083189625
v 0.047740076 0.43318602 0
v 0.062355015 0.49663025 -0.008184772
v 0.059663426 0.49863538 -0.015005415
v 0.04333736 0.4349216 -0.015251431
v 0.046639398 0.43361992 -0.0083189625
v 0.047740076 0.43318602 0
v 0.046639398 0.43361992 -0.0083189625
v 0.038478814 0.35623747 -0.008587343
v 0.03976713 0.3559992 0
v 0.046639398 0.43361992 -0.0083189625
v 0.04333736 0.4349216 -0.015251431
v 0.034613863 0.35695228 -0.015743462
v 0.038478814 0.35623747 -0.008587343
v 0.06325221 0.49596187 0
v 0.0860759 0.5459045 0
v 0.08538655 0.5468086 -0.008140042
v 0.062355015 0.49663025 -0.008184772
v 0.0860759 0.5459045 0
v 0.11598356 0.5845918 0
v 0.11549488 0.58569515 -0.0081400415
v 0.08538655 0.5468086 -0.008140042
v 0.062355015 0.49663025 -0.008184772
v 0.08538655 0.5468086 -0.008140042
v 0.08331845 0.5495209 -0.0149234105
v 0.059663426 0.49863538 -0.015005415
v 0.08538655 0.5468086 -0.008140042
v 0.11549488 0.58569515 -0.0081400415
v 0.11402884 0.58900535 -0.014923409
v 0.08331845 0.5495209 -0.0149234105
v 0.06325221 0.49596187 0
v 0.062355015 0.4966303 0.008184772
v 0.08538655 0.54680866 0.008140042
v 0.0860759 0.5459045 0
v 0.062355015 0.4966303 0.008184772
v 0.059663426 0.49863538 0.015005415
v 0.08331845 0.5495209 0.0149234105
v 0.08538655 0.54680866 0.008140042
v 0.0860759 0.5459045 0
v 0.08538655 0.54680866 0.008140042
v 0.11549488 0.5856952 0.0081400415
v 0.11598356 0.5845918 0
v 0.08538655 0.54680866 0.008140042
v 0.08331845 0.5495209 0.0149234105
v 0.11402884 0.58900535 0.014923409
v 0.11549488 0.5856952 0.0081400415
v 0.036336306 0.51601315 0
v 0.014719684 0.44620275 0
v 0.015820364 0.4457689 -0.0083189625
v 0.037233498 0.51534474 -0.008184772
v 0.014719684 0.44620275 0
v 0.0011176271 0.36314726 0
v 0.0024059443 0.36290896 -0.008587343
v 0.015820364 0.4457689 -0.0083189625
v 0.037233498 0.51534474 -0.008184772
v 0.015820364 0.4457689 -0.0083189625
v 0.019122403 0.4444672 -0.015251431
v 0.03992509 0.51333964 -0.015005415
v 0.015820364 0.4457689 -0.0083189625
v 0.0024059443 0.36290896 -0.008587343
v 0.006270895 0.36219418 -0.015743462
v 0.019122403 0.4444672 -0.015251431
v 0.036336306 0.51601315 0
v 0.037233498 0.51534474 0.008184772
v 0.015820362 0.4457689 0.0083189625
v 0.014719684 0.44620275 0
v 0.037233498 0.51534474 0.008184772
v 0.03992509 0.51333964 0.015005415
v 0.019122403 0.4444672 0.015251431
v 0.015820362 0.4457689 0.0083189625
v 0.014719684 0.44620275 0
v 0.015820362 0.4457689 0.0083189625
v 0.0024059438 0.36290896 0.008587343
v 0.0011176271 0.36314726 0
v 0.015820362 0.4457689 0.0083189625
v 0.019122403 0.4444672 0.015251431
v 0.006270895 0.36219418 0.015743462
v 0.0024059438 0.36290896 0.008587343
v 0.036336306 0.51601315 0
v 0.06539497 0.5730272 0
v 0.06608433 0.5721231 0.008140042
v 0.037233498 0.51534474 0.008184772
v 0.06539497 0.5730272 0
v 0.10132314 0.6176938 0
v 0.101811826 0.6165904 0.0081400415
v 0.06608433 0.5721231 0.008140042
v 0.037233498 0.51534474 0.008184772
v 0.06608433 0.5721231 0.008140042
v 0.06815243 0.56941086 0.0149234105
v 0.03992509 0.51333964 0.015005415
v 0.06608433 0.5721231 0.008140042
v 0.101811826 0.6165904 0.0081400415
v 0.10327786 0.6132802 0.014923409
v 0.06815243 0.56941086 0.0149234105
v 0.036336306 0.51601315 0
v 0.037233498 0.51534474 -0.008184772
v 0.06608433 0.5721231 -0.008140042
v 0.06539497 0.5730272 0
v 0.037233498 0.51534474 -0.008184772
v 0.03992509 0.51333964 -0.015005415
v 0.06815243 0.56941086 -0.0149234105
v 0.06608433 0.5721231 -0.008140042
v 0.06539497 0.5730272 0
v 0.06608433 0.5721231 -0.008140042
v 0.101811826 0.6165904 -0.0081400415
v 0.10132314 0.6176938 0
v 0.06608433 0.5721231 -0.008140042
v 0.06815243 0.56941086 -0.0149234105
v 0.10327786 0.6132802 -0.014923409
v 0.101811826 0.6165904 -0.0081400415
v 0.4340459 0.6529117 -0.0021997993
v 0.42836398 0.65529233 -0.0020612627
v 0.42703566 0.6545604 -0.010201301
v 0.43261924 0.65218335 -0.010661024
v 0.42030144 0.6576253 -0.010092639
v 0.42156756 0.6583898 -0.0019526014
v 0.43907443 0.6495459 -0.011876282
v 0.440701 0.650312 -0.0024514985
v 0.44842356 0.6456992 -0.01425155
v 0.4504172 0.6465577 -0.0028996484
v 0.41156885 0.6631396 -0.0017905284
v 0.41039413 0.6623269 -0.009930567
v 0.3988732 0.66905105 -0.0015860749
v 0.39781314 0.6681775 -0.009726114
v 0.38305777 0.6746898 -0.009490311
v 0.38398606 0.67563355 -0.0013502715
v 0.36662745 0.68137664 -0.009234188
v 0.3674127 0.68239653 -0.0010941492
v 0.3496585 0.68884915 -0.0008287388
v 0.3490215 0.6877503 -0.008968779
v 0.43261924 0.65218335 -0.010661024
v 0.42703566 0.6545604 -0.010201301
v 0.4230508 0.65236425 -0.016984668
v 0.4283392 0.6499985 -0.017712045
v 0.42703566 0.6545604 -0.010201301
v 0.42030144 0.6576253 -0.010092639
v 0.416503 0.65533197 -0.016876005
v 0.4230508 0.65236425 -0.016984668
v 0.41039413 0.6623269 -0.009930567
v 0.4068699 0.6598887 -0.01671393
v 0.39781314 0.6681775 -0.009726114
v 0.39463276 0.6655568 -0.01650948
v 0.38027292 0.67185867 -0.016273677
v 0.38305777 0.6746898 -0.009490311
v 0.3642717 0.6783168 -0.016017556
v 0.36662745 0.68137664 -0.009234188
v 0.4340459 0.6529117 -0.0021997993
v 0.43261924 0.65218335 0.0062614256
v 0.42703566 0.6545604 0.006078776
v 0.42836398 0.65529233 -0.0020612627
v 0.42030144 0.6576253 0.006187437
v 0.42156756 0.6583898 -0.0019526014
v 0.4390744 0.6495459 0.0069732843
v 0.440701 0.650312 -0.0024514985
v 0.44842353 0.6456992 0.008452253
v 0.4504172 0.6465577 -0.0028996484
v 0.41156885 0.6631396 -0.0017905284
v 0.41039413 0.6623269 0.0063495105
v 0.3988732 0.66905105 -0.0015860749
v 0.39781314 0.6681775 0.0065539638
v 0.38305777 0.6746898 0.006789768
v 0.38398606 0.67563355 -0.0013502715
v 0.36662745 0.68137664 0.0070458907
v 0.3674127 0.68239653 -0.0010941492
v 0.3496585 0.68884915 -0.0008287388
v 0.3490215 0.6877503 0.007311301
v 0.43261924 0.65218335 0.0062614256
v 0.4283392 0.6499985 0.013312446
v 0.4230508 0.65236425 0.012862139
v 0.42703566 0.6545604 0.006078776
v 0.42703566 0.6545604 0.006078776
v 0.4230508 0.65236425 0.012862139
v 0.416503 0.65533197 0.012970802
v 0.42030144 0.6576253 0.006187437
v 0.43261924 0.65218335 0.0062614256
v 0.4390744 0.6495459 0.0069732843
v 0.43419448 0.64724743 0.014827271
v 0.4283392 0.6499985 0.013312446
v 0.4424425 0.64312375 0.017912172
v 0.44842353 0.6456992 0.008452253
v 0.43261924 0.65218335 -0.010661024
v 0.4283392 0.6499985 -0.017712045
v 0.43419448 0.6472474 -0.01973027
v 0.43261924 0.65218335 -0.010661024
v 0.43419448 0.6472474 -0.01973027
v 0.43907443 0.6495459 -0.011876282
v 0.4424425 0.64312375 -0.023711469
v 0.44842356 0.6456992 -0.01425155
v 0.18848711 0.67299926 -1.7458864E-05
v 0.14354831 0.65046185 0
v 0.14385495 0.64923316 -0.0081400415
v 0.18862556 0.6717069 -0.0081575
v 0.14354831 0.65046185 0
v 0.10132314 0.6176938 0
v 0.101811826 0.6165904 -0.0081400415
v 0.14385495 0.64923316 -0.0081400415
v 0.18862556 0.6717069 -0.0081575
v 0.14385495 0.64923316 -0.0081400415
v 0.14477487 0.64554715 -0.014923409
v 0.18904097 0.6678299 -0.014940868
v 0.14385495 0.64923316 -0.0081400415
v 0.101811826 0.6165904 -0.0081400415
v 0.10327786 0.6132802 -0.014923409
v 0.14477487 0.64554715 -0.014923409
v 0.18848711 0.67299926 -1.7458864E-05
v 0.18862556 0.67170686 0.008122583
v 0.14385495 0.64923316 0.0081400415
v 0.14354831 0.65046185 0
v 0.18862556 0.67170686 0.008122583
v 0.18904097 0.6678299 0.014905949
v 0.14477485 0.64554715 0.0149234105
v 0.14385495 0.64923316 0.0081400415
v 0.14354831 0.65046185 0
v 0.14385495 0.64923316 0.0081400415
v 0.101811826 0.6165904 0.0081400415
v 0.10132314 0.6176938 0
v 0.14385495 0.64923316 0.0081400415
v 0.14477485 0.64554715 0.0149234105
v 0.10327786 0.6132802 0.014923409
v 0.101811826 0.6165904 0.0081400415
v 0.18848711 0.67299926 -1.7458864E-05
v 0.23255627 0.6869739 -6.983569E-05
v 0.23253565 0.68566716 0.008070206
v 0.18862556 0.67170686 0.008122583
v 0.23255627 0.6869739 -6.983569E-05
v 0.27217242 0.6940539 -0.00017458902
v 0.271997 0.6927693 0.007965452
v 0.23253565 0.68566716 0.008070206
v 0.18862556 0.67170686 0.008122583
v 0.23253565 0.68566716 0.008070206
v 0.23247375 0.6817465 0.014853573
v 0.18904097 0.6678299 0.014905949
v 0.23253565 0.68566716 0.008070206
v 0.271997 0.6927693 0.007965452
v 0.27147073 0.6889155 0.01474882
v 0.23247375 0.6817465 0.014853573
v 0.18848711 0.67299926 -1.7458864E-05
v 0.18862556 0.6717069 -0.0081575
v 0.23253563 0.68566716 -0.008209878
v 0.23255627 0.6869739 -6.983569E-05
v 0.18862556 0.6717069 -0.0081575
v 0.18904097 0.6678299 -0.014940868
v 0.23247375 0.6817466 -0.014993244
v 0.23253563 0.68566716 -0.008209878
v 0.23255627 0.6869739 -6.983569E-05
v 0.23253563 0.68566716 -0.008209878
v 0.27199697 0.6927693 -0.00831463
v 0.27217242 0.6940539 -0.00017458902
v 0.23253563 0.68566716 -0.008209878
v 0.23247375 0.6817466 -0.014993244
v 0.27147073 0.6889155 -0.015097998
v 0.27199697 0.6927693 -0.00831463
v 0.1905641 0.6536138 0.020332646
v 0.14814791 0.63203156 0.020350102
v 0.14630805 0.6394037 0.018993432
v 0.1897333 0.661368 0.01897597
v 0.105721265 0.6077632 0.01899343
v 0.10865335 0.60114276 0.020350102
v 0.23237059 0.67521214 0.018923594
v 0.23224682 0.66737103 0.020280268
v 0.27059358 0.6824925 0.01881884
v 0.26954105 0.6747849 0.020175513
v 0.29879174 0.67733693 0.020000925
v 0.30077595 0.684765 0.01864425
v 0.321734 0.6761548 0.019776281
v 0.32464427 0.6831978 0.018419607
v 0.34392524 0.6789592 0.018164689
v 0.34010303 0.6723658 0.019521361
v 0.36034542 0.6732172 0.017899277
v 0.3556339 0.6670975 0.01925595
v 0.37006178 0.66147757 0.018999826
v 0.3756315 0.66714 0.017643154
v 0.38297144 0.6559474 0.018764023
v 0.38933215 0.6611888 0.01740735
v 0.4009962 0.655825 0.017202895
v 0.39394778 0.65094876 0.018559568
v 0.41017234 0.65150976 0.017040823
v 0.40257552 0.64692307 0.018397495
v 0.40843943 0.644312 0.018288832
v 0.41640928 0.6487041 0.01693216
v 0.1897333 0.661368 0.01897597
v 0.14630805 0.6394037 0.018993432
v 0.14477485 0.64554715 0.0149234105
v 0.18904097 0.6678299 0.014905949
v 0.14630805 0.6394037 0.018993432
v 0.105721265 0.6077632 0.01899343
v 0.10327786 0.6132802 0.014923409
v 0.14477485 0.64554715 0.0149234105
v 0.1905641 0.6536138 0.020332646
v 0.19139488 0.6458596 0.01897597
v 0.14998777 0.6246594 0.01899343
v 0.14814791 0.63203156 0.020350102
v 0.11158543 0.59452236 0.01899343
v 0.10865335 0.60114276 0.020350102
v 0.23212305 0.65952986 0.018923594
v 0.23224682 0.66737103 0.020280268
v 0.2684885 0.6670773 0.01881884
v 0.26954105 0.6747849 0.020175513
v 0.29879174 0.67733693 0.020000925
v 0.2968075 0.6699089 0.01864425
v 0.321734 0.6761548 0.019776281
v 0.31882375 0.66911167 0.018419607
v 0.33628085 0.6657724 0.018164689
v 0.34010303 0.6723658 0.019521361
v 0.35092238 0.6609779 0.017899277
v 0.3556339 0.6670975 0.01925595
v 0.37006178 0.66147757 0.018999826
v 0.3644921 0.6558152 0.017643154
v 0.38297144 0.6559474 0.018764023
v 0.37661082 0.650706 0.01740735
v 0.38689938 0.64607245 0.017202895
v 0.19139488 0.6458596 0.01897597
v 0.1920872 0.63939774 0.014905949
v 0.15152098 0.61851597 0.014923409
v 0.14998777 0.6246594 0.01899343
v 0.14998777 0.6246594 0.01899343
v 0.15152098 0.61851597 0.014923409
v 0.11402884 0.58900535 0.014923409
v 0.11158543 0.59452236 0.01899343
v 0.19139488 0.6458596 0.01897597
v 0.23212305 0.65952986 0.018923594
v 0.2320199 0.6529956 0.0148535725
v 0.1920872 0.63939774 0.014905949
v 0.23212305 0.65952986 0.018923594
v 0.2684885 0.6670773 0.01881884
v 0.26761138 0.6606543 0.01474882
v 0.2320199 0.6529956 0.0148535725
v 0.1897333 0.661368 0.01897597
v 0.18904097 0.6678299 0.014905949
v 0.23247375 0.6817465 0.014853573
v 0.23237059 0.67521214 0.018923594
v 0.23237059 0.67521214 0.018923594
v 0.23247375 0.6817465 0.014853573
v 0.27147073 0.6889155 0.01474882
v 0.27059358 0.6824925 0.01881884
v 0.1905641 0.6536138 -0.020367563
v 0.14814791 0.63203156 -0.020350102
v 0.14998776 0.6246594 -0.018993432
v 0.19139487 0.6458596 -0.019010888
v 0.11158543 0.59452236 -0.01899343
v 0.10865335 0.60114276 -0.020350102
v 0.23212305 0.65952986 -0.019063264
v 0.23224682 0.66737103 -0.020419938
v 0.2684885 0.6670773 -0.019168016
v 0.26954105 0.6747849 -0.020524692
v 0.29879174 0.67733693 -0.020699281
v 0.2968075 0.66990894 -0.019342607
v 0.321734 0.6761548 -0.020923924
v 0.31882375 0.66911167 -0.019567247
v 0.33628085 0.6657724 -0.019822165
v 0.34010303 0.6723658 -0.021178838
v 0.35092238 0.6609779 -0.020087576
v 0.3556339 0.6670975 -0.021444248
v 0.37006178 0.66147757 -0.02170037
v 0.3644921 0.6558152 -0.020343699
v 0.38297144 0.6559474 -0.021936173
v 0.3766108 0.650706 -0.0205795
v 0.38689932 0.64607245 -0.020783953
v 0.39394778 0.65094876 -0.022140626
v 0.3949787 0.6423364 -0.020946026
v 0.40257552 0.6469231 -0.022302698
v 0.4084395 0.644312 -0.022411358
v 0.4004697 0.6399199 -0.021054687
v 0.19139487 0.6458596 -0.019010888
v 0.14998776 0.6246594 -0.018993432
v 0.15152097 0.61851597 -0.0149234105
v 0.1920872 0.63939774 -0.014940868
v 0.14998776 0.6246594 -0.018993432
v 0.11158543 0.59452236 -0.01899343
v 0.11402884 0.58900535 -0.014923409
v 0.15152097 0.61851597 -0.0149234105
v 0.1905641 0.6536138 -0.020367563
v 0.1897333 0.661368 -0.019010888
v 0.14630808 0.6394037 -0.01899343
v 0.14814791 0.63203156 -0.020350102
v 0.105721265 0.6077632 -0.01899343
v 0.10865335 0.60114276 -0.020350102
v 0.2323706 0.67521226 -0.019063266
v 0.23224682 0.66737103 -0.020419938
v 0.27059358 0.6824925 -0.01916802
v 0.26954105 0.6747849 -0.020524692
v 0.29879174 0.67733693 -0.020699281
v 0.30077595 0.684765 -0.019342607
v 0.321734 0.6761548 -0.020923924
v 0.32464427 0.68319786 -0.019567251
v 0.34392524 0.67895913 -0.019822167
v 0.34010303 0.6723658 -0.021178838
v 0.36034542 0.6732172 -0.020087576
v 0.3556339 0.6670975 -0.021444248
v 0.37006178 0.66147757 -0.02170037
v 0.3756315 0.66714 -0.020343699
v 0.38297144 0.6559474 -0.021936173
v 0.38933215 0.6611889 -0.0205795
v 0.4009962 0.655825 -0.020783952
v 0.39394778 0.65094876 -0.022140626
v 0.41017234 0.65150976 -0.020946022
v 0.40257552 0.6469231 -0.022302698
v 0.4084395 0.644312 -0.022411358
v 0.41640928 0.6487041 -0.021054685
v 0.1897333 0.661368 -0.019010888
v 0.18904097 0.6678299 -0.014940868
v 0.14477487 0.64554715 -0.014923409
v 0.14630808 0.6394037 -0.01899343
v 0.14630808 0.6394037 -0.01899343
v 0.14477487 0.64554715 -0.014923409
v 0.10327786 0.6132802 -0.014923409
v 0.105721265 0.6077632 -0.01899343
v 0.1897333 0.661368 -0.019010888
v 0.2323706 0.67521226 -0.019063266
v 0.23247375 0.6817466 -0.014993244
v 0.18904097 0.6678299 -0.014940868
v 0.2323706 0.67521226 -0.019063266
v 0.27059358 0.6824925 -0.01916802
v 0.27147073 0.6889155 -0.015097998
v 0.23247375 0.6817466 -0.014993244
v 0.19139487 0.6458596 -0.019010888
v 0.1920872 0.63939774 -0.014940868
v 0.2320199 0.6529956 -0.014993244
v 0.23212305 0.65952986 -0.019063264
v 0.23212305 0.65952986 -0.019063264
v 0.2320199 0.6529956 -0.014993244
v 0.26761138 0.6606543 -0.015097998
v 0.2684885 0.6670773 -0.019168016
v 0.41264597 0.64198697 0.01895326
v 0.40843943 0.644312 0.018288832
v 0.41640928 0.6487041 0.01693216
v 0.42120597 0.64635694 0.017543057
v 0.42120597 0.64635694 0.017543057
v 0.41640928 0.6487041 0.01693216
v 0.4230508 0.65236425 0.012862139
v 0.4283392 0.6499985 0.013312446
v 0.41640928 0.6487041 0.01693216
v 0.41017234 0.65150976 0.017040823
v 0.416503 0.65533197 0.012970802
v 0.4230508 0.65236425 0.012862139
v 0.4009962 0.655825 0.017202895
v 0.40686995 0.6598887 0.013132876
v 0.38933215 0.6611888 0.01740735
v 0.3946328 0.6655568 0.013337331
v 0.38027292 0.67185867 0.013573133
v 0.3756315 0.66714 0.017643154
v 0.3642717 0.6783168 0.013829257
v 0.36034542 0.6732172 0.017899277
v 0.34392524 0.6789592 0.018164689
v 0.3471104 0.68445367 0.0140946675
v 0.41264597 0.64198697 0.01895326
v 0.40408602 0.6376172 0.017543057
v 0.40046966 0.63991994 0.01693216
v 0.41264597 0.64198697 0.01895326
v 0.40046966 0.63991994 0.01693216
v 0.40843943 0.644312 0.018288832
v 0.40408602 0.6376172 0.017543057
v 0.39695275 0.6339756 0.013312446
v 0.39382815 0.6362598 0.012862141
v 0.40046966 0.63991994 0.01693216
v 0.40843943 0.644312 0.018288832
v 0.40046966 0.63991994 0.01693216
v 0.3949787 0.6423364 0.017040823
v 0.40257552 0.64692307 0.018397495
v 0.39394778 0.65094876 0.018559568
v 0.40046966 0.63991994 0.01693216
v 0.39382815 0.6362598 0.012862141
v 0.38864803 0.63851416 0.012970802
v 0.3949787 0.6423364 0.017040823
v 0.38689938 0.64607245 0.017202895
v 0.3810257 0.6420088 0.013132875
v 0.37661082 0.650706 0.01740735
v 0.37131023 0.64633816 0.013337329
v 0.35985067 0.65109646 0.013573133
v 0.3644921 0.6558152 0.017643154
v 0.34699616 0.65587837 0.013829257
v 0.41264597 0.64198697 0.01895326
v 0.4163014 0.63881934 0.02111046
v 0.40654156 0.63422227 0.019539664
v 0.40408602 0.6376172 0.017543057
v 0.4163014 0.63881934 0.02111046
v 0.420512 0.6336805 0.025480108
v 0.40854993 0.6285296 0.023588125
v 0.40654156 0.63422227 0.019539664
v 0.40408602 0.6376172 0.017543057
v 0.40654156 0.63422227 0.019539664
v 0.39840835 0.63039136 0.01482727
v 0.39695275 0.6339756 0.013312446
v 0.40654156 0.63422227 0.019539664
v 0.40854993 0.6285296 0.023588125
v 0.39858156 0.6242372 0.017912174
v 0.39840835 0.63039136 0.01482727
v 0.41264597 0.64198697 0.01895326
v 0.42120597 0.64635694 0.017543057
v 0.42606127 0.6434165 0.019539664
v 0.4163014 0.63881934 0.02111046
v 0.42120597 0.64635694 0.017543057
v 0.4283392 0.6499985 0.013312446
v 0.43419448 0.64724743 0.014827271
v 0.42120597 0.64635694 0.017543057
v 0.43419448 0.64724743 0.014827271
v 0.42606127 0.6434165 0.019539664
v 0.4163014 0.63881934 0.02111046
v 0.42606127 0.6434165 0.019539664
v 0.43247408 0.6388314 0.023588125
v 0.420512 0.6336805 0.025480108
v 0.42606127 0.6434165 0.019539664
v 0.43419448 0.64724743 0.014827271
v 0.4424425 0.64312375 0.017912172
v 0.42606127 0.6434165 0.019539664
v 0.4424425 0.64312375 0.017912172
v 0.43247408 0.6388314 0.023588125
v 0.41264597 0.64198697 -0.023352861
v 0.4084395 0.644312 -0.022411358
v 0.4004697 0.6399199 -0.021054687
v 0.40408602 0.6376171 -0.021942655
v 0.40408602 0.6376171 -0.021942655
v 0.4004697 0.6399199 -0.021054687
v 0.39382815 0.6362598 -0.016984666
v 0.39695275 0.6339756 -0.017712045
v 0.4004697 0.6399199 -0.021054687
v 0.3949787 0.6423364 -0.020946026
v 0.38864803 0.63851416 -0.016876005
v 0.39382815 0.6362598 -0.016984666
v 0.38689932 0.64607245 -0.020783953
v 0.3810257 0.6420088 -0.016713934
v 0.3766108 0.650706 -0.0205795
v 0.37131023 0.64633816 -0.01650948
v 0.35985067 0.65109646 -0.016273677
v 0.3644921 0.6558152 -0.020343699
v 0.34699616 0.65587837 -0.016017556
v 0.35092238 0.6609779 -0.020087576
v 0.33628085 0.6657724 -0.019822165
v 0.3330957 0.6602779 -0.015752146
v 0.41264597 0.64198697 -0.023352861
v 0.42120594 0.64635694 -0.021942655
v 0.41640928 0.6487041 -0.021054685
v 0.4084395 0.644312 -0.022411358
v 0.42120594 0.64635694 -0.021942655
v 0.4283392 0.6499985 -0.017712045
v 0.4230508 0.65236425 -0.016984668
v 0.41640928 0.6487041 -0.021054685
v 0.41640928 0.6487041 -0.021054685
v 0.4230508 0.65236425 -0.016984668
v 0.416503 0.65533197 -0.016876005
v 0.41017234 0.65150976 -0.020946022
v 0.4009962 0.655825 -0.020783952
v 0.4068699 0.6598887 -0.01671393
v 0.38933215 0.6611889 -0.0205795
v 0.39463276 0.6655568 -0.01650948
v 0.38027292 0.67185867 -0.016273677
v 0.3756315 0.66714 -0.020343699
v 0.3642717 0.6783168 -0.016017556
v 0.36034542 0.6732172 -0.020087576
v 0.34392524 0.67895913 -0.019822167
v 0.3471104 0.68445367 -0.015752146
v 0.41264597 0.64198697 -0.023352861
v 0.4163014 0.63881934 -0.026013454
v 0.42606127 0.6434164 -0.02444266
v 0.42120594 0.64635694 -0.021942655
v 0.4163014 0.63881934 -0.026013454
v 0.42051205 0.63368046 -0.031279404
v 0.43247408 0.6388314 -0.029387418
v 0.42606127 0.6434164 -0.02444266
v 0.42120594 0.64635694 -0.021942655
v 0.42606127 0.6434164 -0.02444266
v 0.43419448 0.6472474 -0.01973027
v 0.4283392 0.6499985 -0.017712045
v 0.42606127 0.6434164 -0.02444266
v 0.43247408 0.6388314 -0.029387418
v 0.4424425 0.64312375 -0.023711469
v 0.43419448 0.6472474 -0.01973027
v 0.41264597 0.64198697 -0.023352861
v 0.40408602 0.6376171 -0.021942655
v 0.4065416 0.63422227 -0.02444266
v 0.4163014 0.63881934 -0.026013454
v 0.40408602 0.6376171 -0.021942655
v 0.39695275 0.6339756 -0.017712045
v 0.39840835 0.63039136 -0.01973027
v 0.4065416 0.63422227 -0.02444266
v 0.4163014 0.63881934 -0.026013454
v 0.4065416 0.63422227 -0.02444266
v 0.40854993 0.6285296 -0.029387418
v 0.42051205 0.63368046 -0.031279404
v 0.4065416 0.63422227 -0.02444266
v 0.39840835 0.63039136 -0.01973027
v 0.39858156 0.6242372 -0.023711469
v 0.40854993 0.6285296 -0.029387418
v 0.3912461 0.63106227 -0.0021997993
v 0.388515 0.6333317 -0.0020612623
v 0.38984329 0.6340637 0.0060787755
v 0.39267275 0.6317906 0.0062614256
v 0.388515 0.6333317 -0.0020612623
v 0.3835835 0.63545644 -0.0019526015
v 0.3848496 0.6362208 0.0061874366
v 0.38984329 0.6340637 0.0060787755
v 0.37632674 0.638758 -0.0017905289
v 0.3775015 0.63957065 0.006349509
v 0.36706978 0.6428439 -0.001586075
v 0.3681299 0.64371747 0.0065539638
v 0.35706583 0.64826536 0.0067897676
v 0.35613757 0.6473216 -0.0013502716
v 0.34464043 0.6528185 0.0070458907
v 0.34385517 0.6517986 -0.0010941492
v 0.39267275 0.6317906 0.0062614256
v 0.38984329 0.6340637 0.0060787755
v 0.39382815 0.6362598 0.012862141
v 0.39695275 0.6339756 0.013312446
v 0.38984329 0.6340637 0.0060787755
v 0.3848496 0.6362208 0.0061874366
v 0.38864803 0.63851416 0.012970802
v 0.39382815 0.6362598 0.012862141
v 0.3775015 0.63957065 0.006349509
v 0.3810257 0.6420088 0.013132875
v 0.3681299 0.64371747 0.0065539638
v 0.37131023 0.64633816 0.013337329
v 0.35985067 0.65109646 0.013573133
v 0.35706583 0.64826536 0.0067897676
v 0.34699616 0.65587837 0.013829257
v 0.34464043 0.6528185 0.0070458907
v 0.33118457 0.65698135 0.007311301
v 0.3330957 0.6602779 0.0140946675
v 0.3912461 0.63106227 -0.0021997993
v 0.39267275 0.6317906 -0.010661024
v 0.38984329 0.6340637 -0.0102013005
v 0.388515 0.6333317 -0.0020612623
v 0.39267275 0.6317906 -0.010661024
v 0.39695275 0.6339756 -0.017712045
v 0.39382815 0.6362598 -0.016984666
v 0.38984329 0.6340637 -0.0102013005
v 0.388515 0.6333317 -0.0020612623
v 0.38984329 0.6340637 -0.0102013005
v 0.3848496 0.6362208 -0.010092639
v 0.3835835 0.63545644 -0.0019526015
v 0.37632674 0.638758 -0.0017905289
v 0.3775015 0.63957065 -0.009930568
v 0.36706978 0.6428439 -0.001586075
v 0.3681299 0.64371747 -0.009726114
v 0.35706583 0.64826536 -0.009490311
v 0.35613757 0.6473216 -0.0013502716
v 0.34464043 0.6528185 -0.009234188
v 0.34385517 0.6517986 -0.0010941492
v 0.38984329 0.6340637 -0.0102013005
v 0.39382815 0.6362598 -0.016984666
v 0.38864803 0.63851416 -0.016876005
v 0.3848496 0.6362208 -0.010092639
v 0.3775015 0.63957065 -0.009930568
v 0.3810257 0.6420088 -0.016713934
v 0.3681299 0.64371747 -0.009726114
v 0.37131023 0.64633816 -0.01650948
v 0.35985067 0.65109646 -0.016273677
v 0.35706583 0.64826536 -0.009490311
v 0.34699616 0.65587837 -0.016017556
v 0.34464043 0.6528185 -0.009234188
v 0.33118457 0.65698135 -0.008968779
v 0.3330957 0.6602779 -0.015752146
v 0.3912461 0.63106227 -0.0021997993
v 0.39190176 0.6273267 -0.0024514983
v 0.3935284 0.6280929 -0.011876282
v 0.39267275 0.6317906 -0.010661024
v 0.39190176 0.6273267 -0.0024514983
v 0.39060682 0.6208033 -0.0028996472
v 0.39260054 0.6216617 -0.014251549
v 0.3935284 0.6280929 -0.011876282
v 0.39267275 0.6317906 -0.010661024
v 0.3935284 0.6280929 -0.011876282
v 0.39840835 0.63039136 -0.01973027
v 0.39695275 0.6339756 -0.017712045
v 0.3935284 0.6280929 -0.011876282
v 0.39260054 0.6216617 -0.014251549
v 0.39858156 0.6242372 -0.023711469
v 0.39840835 0.63039136 -0.01973027
v 0.3912461 0.63106227 -0.0021997993
v 0.39267275 0.6317906 0.0062614256
v 0.3935284 0.6280929 0.0069732857
v 0.39190176 0.6273267 -0.0024514983
v 0.39267275 0.6317906 0.0062614256
v 0.39695275 0.6339756 0.013312446
v 0.39840835 0.63039136 0.01482727
v 0.3935284 0.6280929 0.0069732857
v 0.39190176 0.6273267 -0.0024514983
v 0.3935284 0.6280929 0.0069732857
v 0.39260054 0.6216617 0.008452255
v 0.39060682 0.6208033 -0.0028996472
v 0.3935284 0.6280929 0.0069732857
v 0.39840835 0.63039136 0.01482727
v 0.39858156 0.6242372 0.017912174
v 0.39260054 0.6216617 0.008452255
v 0.03861951 -0.1325158 0.1194997
v 0.08637369 -0.1331433 0.111502595
v 0.08157543 -0.13487366 0.100535125
v 0.03861951 -0.13437451 0.107846774
v 0.08637369 -0.1331433 0.111502595
v 0.12618789 -0.13366309 0.08756838
v 0.11744818 -0.13527702 0.07882868
v 0.08157543 -0.13487366 0.100535125
v 0.03861951 -0.1325158 0.1194997
v 0.03861951 -0.12925693 0.123384014
v 0.08797312 -0.12993367 0.1151584
v 0.08637369 -0.1331433 0.111502595
v 0.08637369 -0.1331433 0.111502595
v 0.08797312 -0.12993367 0.1151584
v 0.12910113 -0.1304976 0.0904816
v 0.12618789 -0.13366309 0.08756838
v 0.03861951 -0.1325158 0.1194997
v -0.009134671 -0.13184814 0.111502595
v -0.0107340915 -0.1285802 0.11515841
v 0.03861951 -0.12925693 0.123384014
v -0.009134671 -0.13184814 0.111502595
v -0.048948858 -0.13128822 0.08756838
v -0.051862095 -0.12801626 0.0904816
v -0.0107340915 -0.1285802 0.11515841
v 0.03861951 -0.1325158 0.1194997
v 0.03861951 -0.13437451 0.107846774
v -0.0043364037 -0.13371477 0.100535125
v -0.009134671 -0.13184814 0.111502595
v -0.009134671 -0.13184814 0.111502595
v -0.0043364037 -0.13371477 0.100535125
v -0.040209163 -0.13315082 0.07882868
v -0.048948858 -0.13128822 0.08756838
v 0.15811922 -0.13413592 0
v 0.1501221 -0.13400753 -0.047754187
v 0.13915464 -0.13564934 -0.042955916
v 0.14646628 -0.13582774 0
v 0.1501221 -0.13400753 -0.047754187
v 0.12618789 -0.13366309 -0.08756838
v 0.11744818 -0.13527702 -0.07882868
v 0.13915464 -0.13564934 -0.042955916
v 0.15811922 -0.13413592 0
v 0.16200352 -0.13094877 0
v 0.15377793 -0.13083598 -0.049353607
v 0.1501221 -0.13400753 -0.047754187
v 0.1501221 -0.13400753 -0.047754187
v 0.15377793 -0.13083598 -0.049353607
v 0.12910113 -0.1304976 -0.0904816
v 0.12618789 -0.13366309 -0.08756838
v 0.15811922 -0.13413592 0
v 0.1501221 -0.13400751 0.047754183
v 0.15377793 -0.13083598 0.049353607
v 0.16200352 -0.13094877 0
v 0.1501221 -0.13400751 0.047754183
v 0.12618789 -0.13366309 0.08756838
v 0.12910113 -0.1304976 0.0904816
v 0.15377793 -0.13083598 0.049353607
v 0.15811922 -0.13413592 0
v 0.14646628 -0.13582774 0
v 0.13915464 -0.13564934 0.042955916
v 0.1501221 -0.13400751 0.047754183
v 0.1501221 -0.13400751 0.047754183
v 0.13915464 -0.13564934 0.042955916
v 0.11744818 -0.13527702 0.07882868
v 0.12618789 -0.13366309 0.08756838
v 0.03861951 -0.13251579 -0.1194997
v -0.009134671 -0.13184813 -0.111502595
v -0.0043364037 -0.13371477 -0.100535125
v 0.03861951 -0.13437451 -0.107846774
v -0.009134671 -0.13184813 -0.111502595
v -0.048948858 -0.13128822 -0.08756838
v -0.040209163 -0.13315082 -0.07882868
v -0.0043364037 -0.13371477 -0.100535125
v 0.03861951 -0.13251579 -0.1194997
v 0.03861951 -0.12925693 -0.123384014
v -0.0107340915 -0.1285802 -0.1151584
v -0.009134671 -0.13184813 -0.111502595
v -0.009134671 -0.13184813 -0.111502595
v -0.0107340915 -0.1285802 -0.1151584
v -0.051862095 -0.12801626 -0.0904816
v -0.048948858 -0.13128822 -0.08756838
v 0.03861951 -0.13251579 -0.1194997
v 0.08637369 -0.1331433 -0.111502595
v 0.08797312 -0.12993366 -0.11515841
v 0.03861951 -0.12925693 -0.123384014
v 0.08637369 -0.1331433 -0.111502595
v 0.12618789 -0.13366309 -0.08756838
v 0.12910113 -0.1304976 -0.0904816
v 0.08797312 -0.12993366 -0.11515841
v 0.03861951 -0.13251579 -0.1194997
v 0.03861951 -0.13437451 -0.107846774
v 0.08157542 -0.13487367 -0.100535125
v 0.08637369 -0.1331433 -0.111502595
v 0.08637369 -0.1331433 -0.111502595
v 0.08157542 -0.13487367 -0.100535125
v 0.11744818 -0.13527702 -0.07882868
v 0.12618789 -0.13366309 -0.08756838
v -0.08088018 -0.13089567 0
v -0.07288308 -0.13098392 0.047754187
v -0.06191561 -0.13293909 0.042955916
v -0.069227256 -0.13292128 0
v -0.07288308 -0.13098392 0.047754187
v -0.048948858 -0.13128822 0.08756838
v -0.040209163 -0.13315082 0.07882868
v -0.06191561 -0.13293909 0.042955916
v -0.08088018 -0.13089567 0
v -0.084764495 -0.1275651 0
v -0.0765389 -0.12767789 0.049353607
v -0.07288308 -0.13098392 0.047754187
v -0.07288308 -0.13098392 0.047754187
v -0.0765389 -0.12767789 0.049353607
v -0.051862095 -0.12801626 0.0904816
v -0.048948858 -0.13128822 0.08756838
v -0.08088018 -0.13089567 0
v -0.07288308 -0.13098392 -0.047754183
v -0.0765389 -0.12767789 -0.049353607
v -0.084764495 -0.1275651 0
v -0.07288308 -0.13098392 -0.047754183
v -0.048948858 -0.13128822 -0.08756838
v -0.051862095 -0.12801626 -0.0904816
v -0.0765389 -0.12767789 -0.049353607
v -0.084764495 -0.1275651 0
v -0.0765389 -0.12767789 -0.049353607
v -0.0765389 -0.12253618 -0.049353607
v -0.084764495 -0.12242131 0
v -0.084764495 -0.11495606 0
v -0.0765389 -0.115073994 -0.049353607
v -0.08088018 -0.13089567 0
v -0.069227256 -0.13292128 0
v -0.06191561 -0.13293909 -0.042955916
v -0.07288308 -0.13098392 -0.047754183
v -0.07288308 -0.13098392 -0.047754183
v -0.06191561 -0.13293909 -0.042955916
v -0.040209163 -0.13315082 -0.07882868
v -0.048948858 -0.13128822 -0.08756838
v 0.03861952 -0.08112044 -0.11820555
v 0.03861952 -0.08161648 -0.121009566
v 0.08702334 -0.08239682 -0.11294226
v 0.08590174 -0.08188383 -0.11032517
v 0.03861952 -0.08161648 -0.121009566
v 0.03861951 -0.08218341 -0.122196786
v 0.08749823 -0.08296972 -0.114050336
v 0.08702334 -0.08239682 -0.11294226
v 0.08590174 -0.08188383 -0.11032517
v 0.08702334 -0.08239682 -0.11294226
v 0.12735987 -0.0830471 -0.088740356
v 0.12530358 -0.082519986 -0.08668407
v 0.08702334 -0.08239682 -0.11294226
v 0.08749823 -0.08296972 -0.114050336
v 0.1282305 -0.083624974 -0.08961097
v 0.12735987 -0.0830471 -0.088740356
v 0.03861952 -0.08112044 -0.11820555
v -0.008662701 -0.080357045 -0.11032517
v -0.009784313 -0.08083614 -0.11294226
v 0.03861952 -0.08161648 -0.121009566
v -0.008662701 -0.080357045 -0.11032517
v -0.048064545 -0.079720885 -0.08668407
v -0.050120834 -0.08018587 -0.088740356
v -0.009784313 -0.08083614 -0.11294226
v 0.03861952 -0.08161648 -0.121009566
v -0.009784313 -0.08083614 -0.11294226
v -0.010259204 -0.08139711 -0.114050336
v 0.03861951 -0.08218341 -0.122196786
v -0.009784313 -0.08083614 -0.11294226
v -0.050120834 -0.08018587 -0.088740356
v -0.050991468 -0.08074187 -0.08961097
v -0.010259204 -0.08139711 -0.114050336
v 0.03861952 -0.08112044 0.11820555
v 0.03861952 -0.08161648 0.121009566
v -0.009784313 -0.08083614 0.11294226
v -0.008662701 -0.080357045 0.11032517
v 0.03861952 -0.08161648 0.121009566
v 0.03861951 -0.08218343 0.122196786
v -0.010259204 -0.08139712 0.114050336
v -0.009784313 -0.08083614 0.11294226
v -0.008662701 -0.080357045 0.11032517
v -0.009784313 -0.08083614 0.11294226
v -0.050120834 -0.08018587 0.088740356
v -0.04806455 -0.079720885 0.08668407
v -0.009784313 -0.08083614 0.11294226
v -0.010259204 -0.08139712 0.114050336
v -0.050991468 -0.08074187 0.08961097
v -0.050120834 -0.08018587 0.088740356
v 0.03861952 -0.08112044 0.11820555
v 0.08590172 -0.08188383 0.11032517
v 0.08702334 -0.08239682 0.11294226
v 0.03861952 -0.08161648 0.121009566
v 0.08590172 -0.08188383 0.11032517
v 0.12530358 -0.082519986 0.08668407
v 0.12735987 -0.0830471 0.088740356
v 0.08702334 -0.08239682 0.11294226
v 0.03861952 -0.08161648 0.121009566
v 0.08702334 -0.08239682 0.11294226
v 0.08749823 -0.08296972 0.114050336
v 0.03861951 -0.08218343 0.122196786
v 0.08702334 -0.08239682 0.11294226
v 0.12735987 -0.0830471 0.088740356
v 0.1282305 -0.083624974 0.08961097
v 0.08749823 -0.08296972 0.114050336
v -0.07958603 -0.07921195 0
v -0.08239005 -0.079665646 0
v -0.074322745 -0.0797957 -0.04840383
v -0.071705654 -0.07933919 -0.04728222
v -0.08239005 -0.079665646 0
v -0.08357727 -0.080217674 0
v -0.075430825 -0.08034873 -0.04887872
v -0.074322745 -0.0797957 -0.04840383
v -0.071705654 -0.07933919 -0.04728222
v -0.074322745 -0.0797957 -0.04840383
v -0.050120834 -0.08018587 -0.088740356
v -0.048064545 -0.079720885 -0.08668407
v -0.074322745 -0.0797957 -0.04840383
v -0.075430825 -0.08034873 -0.04887872
v -0.050991468 -0.08074187 -0.08961097
v -0.050120834 -0.08018587 -0.088740356
v -0.07958603 -0.07921195 0
v -0.071705654 -0.079339184 0.04728222
v -0.074322745 -0.079795696 0.04840383
v -0.08239005 -0.079665646 0
v -0.071705654 -0.079339184 0.04728222
v -0.04806455 -0.079720885 0.08668407
v -0.050120834 -0.08018587 0.088740356
v -0.074322745 -0.079795696 0.04840383
v -0.08239005 -0.079665646 0
v -0.074322745 -0.079795696 0.04840383
v -0.075430825 -0.080348715 0.04887872
v -0.08357727 -0.080217674 0
v -0.074322745 -0.079795696 0.04840383
v -0.050120834 -0.08018587 0.088740356
v -0.050991468 -0.08074187 0.08961097
v -0.075430825 -0.080348715 0.04887872
v 0.15682504 -0.08302891 0
v 0.15962908 -0.08356732 0
v 0.15156178 -0.08343727 0.04840383
v 0.14894469 -0.082901694 0.04728222
v 0.15962908 -0.08356732 0
v 0.16081628 -0.08414917 0
v 0.15266985 -0.084018126 0.04887872
v 0.15156178 -0.08343727 0.04840383
v 0.14894469 -0.082901694 0.04728222
v 0.15156178 -0.08343727 0.04840383
v 0.12735987 -0.0830471 0.088740356
v 0.12530358 -0.082519986 0.08668407
v 0.15156178 -0.08343727 0.04840383
v 0.15266985 -0.084018126 0.04887872
v 0.1282305 -0.083624974 0.08961097
v 0.12735987 -0.0830471 0.088740356
v 0.15682504 -0.08302891 0
v 0.14894468 -0.08290169 -0.04728222
v 0.15156177 -0.08343726 -0.04840383
v 0.15962908 -0.08356732 0
v 0.14894468 -0.08290169 -0.04728222
v 0.12530358 -0.082519986 -0.08668407
v 0.12735987 -0.0830471 -0.088740356
v 0.15156177 -0.08343726 -0.04840383
v 0.15962908 -0.08356732 0
v 0.15156177 -0.08343726 -0.04840383
v 0.15266985 -0.08401811 -0.04887872
v 0.16081628 -0.08414917 0
v 0.15156177 -0.08343726 -0.04840383
v 0.12735987 -0.0830471 -0.088740356
v 0.1282305 -0.083624974 -0.08961097
v 0.15266985 -0.08401811 -0.04887872
v 0.3644921 0.6558152 0.017643154
v 0.34699616 0.65587837 0.013829257
v 0.35092238 0.6609779 0.017899277
v 0.33628085 0.6657724 0.018164689
v 0.3330957 0.6602779 0.0140946675
v 0.38297144 0.6559474 0.018764023
v 0.39394778 0.65094876 0.018559568
v 0.38689938 0.64607245 0.017202895
v 0.3949787 0.6423364 0.017040823
v 0.39781314 0.6681775 0.0065539638
v 0.3946328 0.6655568 0.013337331
v 0.38027292 0.67185867 0.013573133
v 0.38305777 0.6746898 0.006789768
v 0.3642717 0.6783168 0.013829257
v 0.40686995 0.6598887 0.013132876
v 0.41039413 0.6623269 0.0063495105
v 0.416503 0.65533197 0.012970802
v 0.42030144 0.6576253 0.006187437
v 0.3490215 0.6877503 0.007311301
v 0.3471104 0.68445367 0.0140946675
v 0.38305777 0.6746898 0.006789768
v 0.3642717 0.6783168 0.013829257
v 0.36662745 0.68137664 0.0070458907
v 0.3490215 0.6877503 0.007311301
v 0.32900965 0.69376236 -0.0005738216
v 0.30375224 0.69590694 -0.00034917798
v 0.30342156 0.694669 -0.0084892195
v 0.32852462 0.69258857 -0.008713863
v 0.30375224 0.69590694 -0.00034917798
v 0.27217242 0.6940539 -0.00017458902
v 0.27199697 0.6927693 -0.00831463
v 0.30342156 0.694669 -0.0084892195
v 0.32852462 0.69258857 -0.008713863
v 0.30342156 0.694669 -0.0084892195
v 0.30242947 0.69095504 -0.015272588
v 0.32706946 0.689067 -0.01549723
v 0.30342156 0.694669 -0.0084892195
v 0.27199697 0.6927693 -0.00831463
v 0.27147073 0.6889155 -0.015097998
v 0.30242947 0.69095504 -0.015272588
v 0.32900965 0.69376236 -0.0005738216
v 0.3285246 0.69258857 0.0075662187
v 0.30342156 0.694669 0.0077908626
v 0.30375224 0.69590694 -0.00034917798
v 0.3285246 0.69258857 0.0075662187
v 0.32706946 0.689067 0.014349585
v 0.30242947 0.69095504 0.01457423
v 0.30342156 0.694669 0.0077908626
v 0.30375224 0.69590694 -0.00034917798
v 0.30342156 0.694669 0.0077908626
v 0.271997 0.6927693 0.007965452
v 0.27217242 0.6940539 -0.00017458902
v 0.30342156 0.694669 0.0077908626
v 0.30242947 0.69095504 0.01457423
v 0.27147073 0.6889155 0.01474882
v 0.271997 0.6927693 0.007965452
v 0.32900965 0.69376236 -0.0005738216
v 0.3496585 0.68884915 -0.0008287388
v 0.3490215 0.6877503 0.007311301
v 0.3285246 0.69258857 0.0075662187
v 0.3285246 0.69258857 0.0075662187
v 0.3490215 0.6877503 0.007311301
v 0.3471104 0.68445367 0.0140946675
v 0.32706946 0.689067 0.014349585
v 0.32900965 0.69376236 -0.0005738216
v 0.32852462 0.69258857 -0.008713863
v 0.3490215 0.6877503 -0.008968779
v 0.3496585 0.68884915 -0.0008287388
v 0.32852462 0.69258857 -0.008713863
v 0.32706946 0.689067 -0.01549723
v 0.3471104 0.68445367 -0.015752146
v 0.3490215 0.6877503 -0.008968779
v 0.3490215 0.6877503 -0.008968779
v 0.3471104 0.68445367 -0.015752146
v 0.3642717 0.6783168 -0.016017556
v 0.36662745 0.68137664 -0.009234188
v 0.32464427 0.6831978 0.018419607
v 0.30077595 0.684765 0.01864425
v 0.30242947 0.69095504 0.01457423
v 0.32706946 0.689067 0.014349585
v 0.30077595 0.684765 0.01864425
v 0.27059358 0.6824925 0.01881884
v 0.27147073 0.6889155 0.01474882
v 0.30242947 0.69095504 0.01457423
v 0.31882375 0.66911167 0.018419607
v 0.31639856 0.66324246 0.014349585
v 0.29515404 0.66371894 0.014574231
v 0.2968075 0.6699089 0.01864425
v 0.2968075 0.6699089 0.01864425
v 0.29515404 0.66371894 0.014574231
v 0.26761138 0.6606543 0.01474882
v 0.2684885 0.6670773 0.01881884
v 0.31882375 0.66911167 0.018419607
v 0.33628085 0.6657724 0.018164689
v 0.3330957 0.6602779 0.0140946675
v 0.31639856 0.66324246 0.014349585
v 0.32464427 0.6831978 0.018419607
v 0.32706946 0.689067 0.014349585
v 0.3471104 0.68445367 0.0140946675
v 0.34392524 0.6789592 0.018164689
v 0.31882375 0.66911167 -0.019567247
v 0.2968075 0.66990894 -0.019342607
v 0.29515404 0.66371894 -0.015272586
v 0.31639856 0.66324246 -0.015497229
v 0.2968075 0.66990894 -0.019342607
v 0.2684885 0.6670773 -0.019168016
v 0.26761138 0.6606543 -0.015097998
v 0.29515404 0.66371894 -0.015272586
v 0.32464427 0.68319786 -0.019567251
v 0.32706946 0.689067 -0.01549723
v 0.30242947 0.69095504 -0.015272588
v 0.30077595 0.684765 -0.019342607
v 0.30077595 0.684765 -0.019342607
v 0.30242947 0.69095504 -0.015272588
v 0.27147073 0.6889155 -0.015097998
v 0.27059358 0.6824925 -0.01916802
v 0.32464427 0.68319786 -0.019567251
v 0.34392524 0.67895913 -0.019822167
v 0.3471104 0.68445367 -0.015752146
v 0.32706946 0.689067 -0.01549723
v 0.31882375 0.66911167 -0.019567247
v 0.31639856 0.66324246 -0.015497229
v 0.3330957 0.6602779 -0.015752146
v 0.33628085 0.6657724 -0.019822165
v 0.31445837 0.6585472 -0.00057382125
v 0.29383123 0.658767 -0.00034917786
v 0.29416192 0.660005 0.0077908626
v 0.31494343 0.65972096 0.0075662187
v 0.29383123 0.658767 -0.00034917786
v 0.2669097 0.6555159 -0.00017458895
v 0.2670851 0.6568005 0.007965452
v 0.29416192 0.660005 0.0077908626
v 0.31494343 0.65972096 0.0075662187
v 0.29416192 0.660005 0.0077908626
v 0.29515404 0.66371894 0.014574231
v 0.31494343 0.65972096 0.0075662187
v 0.29515404 0.66371894 0.014574231
v 0.31639856 0.66324246 0.014349585
v 0.29416192 0.660005 0.0077908626
v 0.2670851 0.6568005 0.007965452
v 0.26761138 0.6606543 0.01474882
v 0.29515404 0.66371894 0.014574231
v 0.31445837 0.6585472 -0.00057382125
v 0.31494343 0.65972096 -0.008713861
v 0.29416192 0.660005 -0.008489219
v 0.29383123 0.658767 -0.00034917786
v 0.31494343 0.65972096 -0.008713861
v 0.31639856 0.66324246 -0.015497229
v 0.29515404 0.66371894 -0.015272586
v 0.29416192 0.660005 -0.008489219
v 0.29383123 0.658767 -0.00034917786
v 0.29416192 0.660005 -0.008489219
v 0.2670851 0.6568005 -0.00831463
v 0.2669097 0.6555159 -0.00017458895
v 0.29416192 0.660005 -0.008489219
v 0.29515404 0.66371894 -0.015272586
v 0.26761138 0.6606543 -0.015097998
v 0.2670851 0.6568005 -0.00831463
v 0.31445837 0.6585472 -0.00057382125
v 0.33054754 0.6558825 -0.0008287388
v 0.33118457 0.65698135 -0.008968779
v 0.31494343 0.65972096 -0.008713861
v 0.33054754 0.6558825 -0.0008287388
v 0.34385517 0.6517986 -0.0010941492
v 0.34464043 0.6528185 -0.009234188
v 0.33118457 0.65698135 -0.008968779
v 0.31494343 0.65972096 -0.008713861
v 0.33118457 0.65698135 -0.008968779
v 0.3330957 0.6602779 -0.015752146
v 0.31639856 0.66324246 -0.015497229
v 0.31445837 0.6585472 -0.00057382125
v 0.31494343 0.65972096 0.0075662187
v 0.33118457 0.65698135 0.007311301
v 0.33054754 0.6558825 -0.0008287388
v 0.31494343 0.65972096 0.0075662187
v 0.31639856 0.66324246 0.014349585
v 0.3330957 0.6602779 0.0140946675
v 0.33118457 0.65698135 0.007311301
v 0.33054754 0.6558825 -0.0008287388
v 0.33118457 0.65698135 0.007311301
v 0.34464043 0.6528185 0.0070458907
v 0.34385517 0.6517986 -0.0010941492
v 0.3655784 0.5423073 -0.0062449942
v 0.3690921 0.55485463 -0.006207424
v 0.37470293 0.55663764 0.02566005
v 0.3717806 0.5442222 0.029482402
v 0.37827694 0.5693979 0.021787126
v 0.37334293 0.5677704 -0.0059251026
v 0.37823707 0.5822387 -0.005296713
v 0.38238567 0.5836686 0.01786678
v 0.38315722 0.59684384 -0.004478706
v 0.38649717 0.59806156 0.014162111
v 0.3900794 0.6111886 0.010936232
v 0.38748625 0.61017054 -0.0036275338
v 0.39260054 0.6216617 0.008452255
v 0.39060682 0.6208033 -0.0028996472
v 0.3717806 0.5442222 0.029482402
v 0.37470293 0.55663764 0.02566005
v 0.39153543 0.56198674 0.052216277
v 0.39038733 0.54996645 0.05925523
v 0.39307898 0.5742802 0.04488065
v 0.37827694 0.5693979 0.021787126
v 0.38238567 0.5836686 0.01786678
v 0.39483154 0.5879582 0.037169687
v 0.38649717 0.59806156 0.014162111
v 0.39651695 0.6017145 0.029696124
v 0.39785904 0.61424285 0.023072705
v 0.3900794 0.6111886 0.010936232
v 0.39858156 0.6242372 0.017912174
v 0.39260054 0.6216617 0.008452255
v 0.3655784 0.5423073 -0.0062449942
v 0.3717806 0.5442222 -0.04197239
v 0.37470293 0.5566377 -0.0380749
v 0.3690921 0.55485463 -0.006207424
v 0.37827694 0.5693979 -0.033637334
v 0.37334293 0.5677704 -0.0059251026
v 0.37823707 0.5822387 -0.005296713
v 0.38238567 0.58366853 -0.028460206
v 0.38315722 0.59684384 -0.004478706
v 0.38649717 0.59806144 -0.023119522
v 0.3900794 0.6111886 -0.0181913
v 0.38748625 0.61017054 -0.0036275338
v 0.39260054 0.6216617 -0.014251549
v 0.39060682 0.6208033 -0.0028996472
v 0.3717806 0.5442222 -0.04197239
v 0.39038733 0.5499664 -0.071745224
v 0.39153543 0.56198674 -0.064631134
v 0.37470293 0.5566377 -0.0380749
v 0.39307898 0.5742802 -0.05673086
v 0.37827694 0.5693979 -0.033637334
v 0.38238567 0.58366853 -0.028460206
v 0.39483157 0.5879582 -0.047763117
v 0.38649717 0.59806144 -0.023119522
v 0.39651698 0.6017145 -0.038653538
v 0.39785904 0.61424285 -0.030327775
v 0.3900794 0.6111886 -0.0181913
v 0.39858156 0.6242372 -0.023711469
v 0.39260054 0.6216617 -0.014251549
v 0.3655784 0.5423073 -0.0062449942
v 0.36289555 0.52894485 -0.0061391275
v 0.3696269 0.5309856 -0.045529306
v 0.3717806 0.5442222 -0.04197239
v 0.36289555 0.52894485 -0.0061391275
v 0.3611373 0.51358324 -0.005991141
v 0.36835867 0.51576245 -0.048945136
v 0.3696269 0.5309856 -0.045529306
v 0.3717806 0.5442222 -0.04197239
v 0.3696269 0.5309856 -0.045529306
v 0.38982108 0.5371079 -0.07835446
v 0.39038733 0.5499664 -0.071745224
v 0.3696269 0.5309856 -0.045529306
v 0.36835867 0.51576245 -0.048945136
v 0.390023 0.52229995 -0.08474013
v 0.38982108 0.5371079 -0.07835446
v 0.3655784 0.5423073 -0.0062449942
v 0.3717806 0.5442222 0.029482402
v 0.3696269 0.53098565 0.033251055
v 0.36289555 0.52894485 -0.0061391275
v 0.3717806 0.5442222 0.029482402
v 0.39038733 0.54996645 0.05925523
v 0.38982108 0.5371079 0.066076204
v 0.3696269 0.53098565 0.033251055
v 0.36289555 0.52894485 -0.0061391275
v 0.3696269 0.53098565 0.033251055
v 0.36835867 0.51576245 0.036962852
v 0.3611373 0.51358324 -0.005991141
v 0.3696269 0.53098565 0.033251055
v 0.38982108 0.5371079 0.066076204
v 0.39002302 0.52229995 0.07275785
v 0.36835867 0.51576245 0.036962852
v 0.48289278 0.5119808 0.11878411
v 0.4758307 0.5302603 0.11039019
v 0.52200407 0.54434896 0.10263734
v 0.53167033 0.52713996 0.11047464
v 0.4758307 0.5302603 0.11039019
v 0.46945885 0.5462707 0.10139385
v 0.51278746 0.55934566 0.09423485
v 0.52200407 0.54434896 0.10263734
v 0.53167033 0.52713996 0.11047464
v 0.52200407 0.54434896 0.10263734
v 0.5604819 0.55608946 0.07937884
v 0.5723183 0.53977257 0.085546225
v 0.52200407 0.54434896 0.10263734
v 0.51278746 0.55934566 0.09423485
v 0.54889464 0.5702415 0.07275785
v 0.5604819 0.55608946 0.07937884
v 0.48289278 0.5119808 0.11878411
v 0.4341152 0.49682158 0.11047464
v 0.42965734 0.5161717 0.10263734
v 0.4758307 0.5302603 0.11039019
v 0.4341152 0.49682158 0.11047464
v 0.39346728 0.4841889 0.08554623
v 0.39117956 0.5044312 0.07937884
v 0.42965734 0.5161717 0.10263734
v 0.4758307 0.5302603 0.11039019
v 0.42965734 0.5161717 0.10263734
v 0.4261302 0.53319573 0.09423485
v 0.46945885 0.5462707 0.10139385
v 0.42965734 0.5161717 0.10263734
v 0.39117956 0.5044312 0.07937884
v 0.39002302 0.52229995 0.07275785
v 0.4261302 0.53319573 0.09423485
v 0.48289278 0.5119808 0.11878411
v 0.49055582 0.4918877 0.1260344
v 0.43955958 0.47572744 0.11724255
v 0.4341152 0.49682158 0.11047464
v 0.49055582 0.4918877 0.1260344
v 0.49873072 0.4704369 0.13159975
v 0.44604617 0.45347133 0.122436896
v 0.43955958 0.47572744 0.11724255
v 0.4341152 0.49682158 0.11047464
v 0.43955958 0.47572744 0.11724255
v 0.39706272 0.46226057 0.09086704
v 0.39346728 0.4841889 0.08554623
v 0.43955958 0.47572744 0.11724255
v 0.44604617 0.45347133 0.122436896
v 0.40214232 0.43933338 0.09494831
v 0.39706272 0.46226057 0.09086704
v 0.48289278 0.5119808 0.11878411
v 0.53167033 0.52713996 0.11047464
v 0.541552 0.508048 0.11724255
v 0.49055582 0.4918877 0.1260344
v 0.53167033 0.52713996 0.11047464
v 0.5723183 0.53977257 0.085546225
v 0.584049 0.5215149 0.09086704
v 0.541552 0.508048 0.11724255
v 0.49055582 0.4918877 0.1260344
v 0.541552 0.508048 0.11724255
v 0.5514153 0.4874025 0.122436896
v 0.49873072 0.4704369 0.13159975
v 0.541552 0.508048 0.11724255
v 0.584049 0.5215149 0.09086704
v 0.5953191 0.5015405 0.09494831
v 0.5514153 0.4874025 0.122436896
v 0.5516454 0.5997501 -0.006245002
v 0.53741705 0.6083456 -0.0062074307
v 0.53180623 0.6065626 -0.038074903
v 0.5454432 0.5978353 -0.0419724
v 0.53741705 0.6083456 -0.0062074307
v 0.52136344 0.6165941 -0.0059251087
v 0.5164294 0.61496663 -0.033637337
v 0.53180623 0.6065626 -0.038074903
v 0.502696 0.6251353 -0.0052967174
v 0.49854732 0.6237053 -0.028460208
v 0.48335537 0.6333735 -0.00447871
v 0.4800154 0.63215584 -0.023119522
v 0.46268904 0.6396948 -0.018191302
v 0.46528223 0.64071286 -0.003627536
v 0.5454432 0.5978353 -0.0419724
v 0.53180623 0.6065626 -0.038074903
v 0.51497376 0.6012135 -0.064631134
v 0.5268365 0.592091 -0.07174523
v 0.53180623 0.6065626 -0.038074903
v 0.5164294 0.61496663 -0.033637337
v 0.5016273 0.61008424 -0.056730866
v 0.51497376 0.6012135 -0.064631134
v 0.5516454 0.5997501 -0.006245002
v 0.5454432 0.59783536 0.029482398
v 0.53180623 0.6065626 0.025660042
v 0.53741705 0.6083456 -0.0062074307
v 0.5454432 0.59783536 0.029482398
v 0.5268365 0.592091 0.05925523
v 0.51497376 0.6012135 0.052216265
v 0.5454432 0.59783536 0.029482398
v 0.51497376 0.6012135 0.052216265
v 0.53180623 0.6065626 0.025660042
v 0.53741705 0.6083456 -0.0062074307
v 0.53180623 0.6065626 0.025660042
v 0.5164294 0.61496663 0.021787124
v 0.52136344 0.6165941 -0.0059251087
v 0.502696 0.6251353 -0.0052967174
v 0.49854735 0.6237053 0.017866775
v 0.48335537 0.6333735 -0.00447871
v 0.4800154 0.63215584 0.014162107
v 0.462689 0.6396948 0.01093623
v 0.46528223 0.64071286 -0.003627536
v 0.53180623 0.6065626 0.025660042
v 0.51497376 0.6012135 0.052216265
v 0.5016273 0.61008424 0.044880647
v 0.5164294 0.61496663 0.021787124
v 0.49854735 0.6237053 0.017866775
v 0.5516454 0.5997501 -0.006245002
v 0.5648369 0.5901676 -0.006139136
v 0.5581056 0.58812684 0.033251047
v 0.5454432 0.59783536 0.029482398
v 0.5648369 0.5901676 -0.006139136
v 0.57778037 0.57895815 -0.005991148
v 0.5705589 0.57677895 0.03696285
v 0.5581056 0.58812684 0.033251047
v 0.5454432 0.59783536 0.029482398
v 0.5581056 0.58812684 0.033251047
v 0.5379115 0.58200455 0.0660762
v 0.5268365 0.592091 0.05925523
v 0.5581056 0.58812684 0.033251047
v 0.5705589 0.57677895 0.03696285
v 0.54889464 0.5702415 0.07275785
v 0.5379115 0.58200455 0.0660762
v 0.5516454 0.5997501 -0.006245002
v 0.5454432 0.5978353 -0.0419724
v 0.5581056 0.5881268 -0.045529317
v 0.5648369 0.5901676 -0.006139136
v 0.5454432 0.5978353 -0.0419724
v 0.5268365 0.592091 -0.07174523
v 0.5379115 0.58200455 -0.07835446
v 0.5581056 0.5881268 -0.045529317
v 0.5648369 0.5901676 -0.006139136
v 0.5581056 0.5881268 -0.045529317
v 0.5705589 0.57677895 -0.048945144
v 0.57778037 0.57895815 -0.005991148
v 0.5581056 0.5881268 -0.045529317
v 0.5379115 0.58200455 -0.07835446
v 0.54889464 0.5702415 -0.08474014
v 0.5705589 0.57677895 -0.048945144
v 0.4586119 0.5710287 0.0830735
v 0.45325458 0.5816001 0.07346126
v 0.48691958 0.5922983 0.068150006
v 0.49582526 0.58251727 0.077118926
v 0.47695723 0.60194695 0.05873676
v 0.44735312 0.5921822 0.063355476
v 0.44046646 0.6036869 0.052612014
v 0.46535826 0.6122663 0.04875143
v 0.43325627 0.6151086 0.042123333
v 0.4532959 0.6224146 0.03901653
v 0.44194338 0.6315502 0.03035459
v 0.42638418 0.6254417 0.032781884
v 0.49582526 0.58251727 0.077118926
v 0.48691958 0.5922983 0.068150006
v 0.51497376 0.6012135 0.052216265
v 0.5268365 0.592091 0.05925523
v 0.47695723 0.60194695 0.05873676
v 0.5016273 0.61008424 0.044880647
v 0.46535826 0.6122663 0.04875143
v 0.48610145 0.6194157 0.037169684
v 0.4532959 0.6224146 0.03901653
v 0.4699956 0.62850285 0.02969612
v 0.45490938 0.6366406 0.023072705
v 0.44194338 0.6315502 0.03035459
v 0.48691958 0.5922983 0.068150006
v 0.5016273 0.61008424 0.044880647
v 0.51497376 0.6012135 0.052216265
v 0.4586119 0.5710287 0.0830735
v 0.4213985 0.5595402 0.077118926
v 0.41958958 0.57090193 0.06815001
v 0.4586119 0.5710287 0.0830735
v 0.41958958 0.57090193 0.06815001
v 0.45325458 0.5816001 0.07346126
v 0.41774902 0.5824175 0.058736768
v 0.44735312 0.5921822 0.063355476
v 0.44046646 0.6036869 0.052612014
v 0.41557467 0.5951076 0.04875143
v 0.43325627 0.6151086 0.042123333
v 0.41321665 0.60780275 0.039016534
v 0.41082498 0.61933327 0.03035459
v 0.42638418 0.6254417 0.032781884
v 0.40854993 0.6285296 0.023588125
v 0.420512 0.6336805 0.025480108
v 0.4213985 0.5595402 0.077118926
v 0.39038733 0.54996645 0.05925523
v 0.39153543 0.56198674 0.052216277
v 0.41958958 0.57090193 0.06815001
v 0.39307898 0.5742802 0.04488065
v 0.41557467 0.5951076 0.04875143
v 0.39483154 0.5879582 0.037169687
v 0.41958958 0.57090193 0.06815001
v 0.39307898 0.5742802 0.04488065
v 0.41774902 0.5824175 0.058736768
v 0.41557467 0.5951076 0.04875143
v 0.41321665 0.60780275 0.039016534
v 0.39483154 0.5879582 0.037169687
v 0.39651695 0.6017145 0.029696124
v 0.39785904 0.61424285 0.023072705
v 0.41082498 0.61933327 0.03035459
v 0.39858156 0.6242372 0.017912174
v 0.4586119 0.5710287 0.0830735
v 0.46386626 0.55955625 0.09233632
v 0.42347798 0.54731166 0.08577129
v 0.4586119 0.5710287 0.0830735
v 0.42347798 0.54731166 0.08577129
v 0.4213985 0.5595402 0.077118926
v 0.46386626 0.55955625 0.09233632
v 0.46945885 0.5462707 0.10139385
v 0.4261302 0.53319573 0.09423485
v 0.42347798 0.54731166 0.08577129
v 0.4213985 0.5595402 0.077118926
v 0.42347798 0.54731166 0.08577129
v 0.38982108 0.5371079 0.066076204
v 0.39038733 0.54996645 0.05925523
v 0.42347798 0.54731166 0.08577129
v 0.4261302 0.53319573 0.09423485
v 0.39002302 0.52229995 0.07275785
v 0.42347798 0.54731166 0.08577129
v 0.39002302 0.52229995 0.07275785
v 0.38982108 0.5371079 0.066076204
v 0.4586119 0.5710287 0.0830735
v 0.49582526 0.58251727 0.077118926
v 0.5042546 0.57180077 0.08577129
v 0.46386626 0.55955625 0.09233632
v 0.49582526 0.58251727 0.077118926
v 0.5268365 0.592091 0.05925523
v 0.5379115 0.58200455 0.0660762
v 0.5042546 0.57180077 0.08577129
v 0.46386626 0.55955625 0.09233632
v 0.5042546 0.57180077 0.08577129
v 0.51278746 0.55934566 0.09423485
v 0.46945885 0.5462707 0.10139385
v 0.5042546 0.57180077 0.08577129
v 0.5379115 0.58200455 0.0660762
v 0.54889464 0.5702415 0.07275785
v 0.51278746 0.55934566 0.09423485
v 0.4586119 0.57102877 -0.09556349
v 0.45325458 0.5816001 -0.08587612
v 0.4195896 0.57090193 -0.08056487
v 0.4213985 0.55954015 -0.08960892
v 0.41774905 0.5824175 -0.07058697
v 0.44735315 0.5921822 -0.07520568
v 0.44046646 0.6036869 -0.06320544
v 0.4155747 0.5951077 -0.05934486
v 0.43325627 0.61510867 -0.051080745
v 0.41321665 0.60780275 -0.047973946
v 0.41082504 0.61933315 -0.03760966
v 0.42638418 0.6254417 -0.040036954
v 0.40854993 0.6285296 -0.029387418
v 0.42051205 0.63368046 -0.031279404
v 0.4213985 0.55954015 -0.08960892
v 0.4195896 0.57090193 -0.08056487
v 0.39153543 0.56198674 -0.064631134
v 0.39038733 0.5499664 -0.071745224
v 0.39307898 0.5742802 -0.05673086
v 0.41774905 0.5824175 -0.07058697
v 0.4155747 0.5951077 -0.05934486
v 0.39483157 0.5879582 -0.047763117
v 0.41321665 0.60780275 -0.047973946
v 0.39651698 0.6017145 -0.038653538
v 0.39785904 0.61424285 -0.030327775
v 0.41082504 0.61933315 -0.03760966
v 0.39858156 0.6242372 -0.023711469
v 0.40854993 0.6285296 -0.029387418
v 0.4586119 0.57102877 -0.09556349
v 0.49582526 0.58251727 -0.08960892
v 0.4869195 0.5922983 -0.08056487
v 0.45325458 0.5816001 -0.08587612
v 0.47695723 0.60194695 -0.07058697
v 0.44735315 0.5921822 -0.07520568
v 0.44046646 0.6036869 -0.06320544
v 0.46535826 0.6122663 -0.05934486
v 0.43325627 0.61510867 -0.051080745
v 0.4532959 0.6224146 -0.047973946
v 0.44194338 0.6315502 -0.03760966
v 0.42638418 0.6254417 -0.040036954
v 0.49582526 0.58251727 -0.08960892
v 0.5268365 0.592091 -0.07174523
v 0.51497376 0.6012135 -0.064631134
v 0.4869195 0.5922983 -0.08056487
v 0.4869195 0.5922983 -0.08056487
v 0.51497376 0.6012135 -0.064631134
v 0.5016273 0.61008424 -0.056730866
v 0.47695723 0.60194695 -0.07058697
v 0.46535826 0.6122663 -0.05934486
v 0.48610142 0.6194157 -0.047763117
v 0.4532959 0.6224146 -0.047973946
v 0.46999556 0.62850285 -0.038653538
v 0.45490938 0.6366406 -0.030327775
v 0.44194338 0.6315502 -0.03760966
v 0.4586119 0.57102877 -0.09556349
v 0.46386626 0.55955625 -0.10461458
v 0.5042546 0.57180077 -0.09804955
v 0.49582526 0.58251727 -0.08960892
v 0.46386626 0.55955625 -0.10461458
v 0.4694588 0.5462707 -0.11337612
v 0.51278746 0.55934566 -0.10621712
v 0.46386626 0.55955625 -0.10461458
v 0.51278746 0.55934566 -0.10621712
v 0.5042546 0.57180077 -0.09804955
v 0.49582526 0.58251727 -0.08960892
v 0.5042546 0.57180077 -0.09804955
v 0.5379115 0.58200455 -0.07835446
v 0.5268365 0.592091 -0.07174523
v 0.5042546 0.57180077 -0.09804955
v 0.51278746 0.55934566 -0.10621712
v 0.54889464 0.5702415 -0.08474014
v 0.5379115 0.58200455 -0.07835446
v 0.4586119 0.57102877 -0.09556349
v 0.4213985 0.55954015 -0.08960892
v 0.42347798 0.54731166 -0.09804955
v 0.46386626 0.55955625 -0.10461458
v 0.4213985 0.55954015 -0.08960892
v 0.39038733 0.5499664 -0.071745224
v 0.38982108 0.5371079 -0.07835446
v 0.42347798 0.54731166 -0.09804955
v 0.46386626 0.55955625 -0.10461458
v 0.42347798 0.54731166 -0.09804955
v 0.4261302 0.53319573 -0.10621712
v 0.4694588 0.5462707 -0.11337612
v 0.42347798 0.54731166 -0.09804955
v 0.38982108 0.5371079 -0.07835446
v 0.390023 0.52229995 -0.08474013
v 0.4261302 0.53319573 -0.10621712
v 0.51566595 0.42653614 0.13656402
v 0.50732833 0.448084 0.13493897
v 0.56102586 0.46553275 0.1255535
v 0.56985307 0.44422096 0.1270702
v 0.50732833 0.448084 0.13493897
v 0.49873072 0.4704369 0.13159975
v 0.5514153 0.4874025 0.122436896
v 0.56102586 0.46553275 0.1255535
v 0.56985307 0.44422096 0.1270702
v 0.56102586 0.46553275 0.1255535
v 0.6057738 0.48007342 0.09739707
v 0.615009 0.4589583 0.09858876
v 0.6226203 0.44003984 0.098898806
v 0.57736605 0.42524925 0.12746482
v 0.6282036 0.42516267 0.098702654
v 0.58303416 0.41039976 0.12721518
v 0.5863265 0.4014546 0.12679908
v 0.6313547 0.41617137 0.09837574
v 0.56102586 0.46553275 0.1255535
v 0.5514153 0.4874025 0.122436896
v 0.5953191 0.5015405 0.09494831
v 0.6057738 0.48007342 0.09739707
v 0.51566595 0.42653614 0.13656402
v 0.46147883 0.4088513 0.1270702
v 0.45363075 0.4306352 0.1255535
v 0.50732833 0.448084 0.13493897
v 0.46147883 0.4088513 0.1270702
v 0.41632286 0.39411396 0.09858876
v 0.40888274 0.41609457 0.09739707
v 0.45363075 0.4306352 0.1255535
v 0.50732833 0.448084 0.13493897
v 0.45363075 0.4306352 0.1255535
v 0.44604617 0.45347133 0.122436896
v 0.49873072 0.4704369 0.13159975
v 0.45363075 0.4306352 0.1255535
v 0.40888274 0.41609457 0.09739707
v 0.40214232 0.43933338 0.09494831
v 0.44604617 0.45347133 0.122436896
v 0.51566595 0.42653614 0.13656402
v 0.5230609 0.40750054 0.13698682
v 0.46875578 0.38975176 0.12746482
v 0.46147883 0.4088513 0.1270702
v 0.4746273 0.37496874 0.12721518
v 0.52883065 0.39268428 0.13671933
v 0.53229254 0.38379446 0.13627353
v 0.47825858 0.36613438 0.12679908
v 0.46147883 0.4088513 0.1270702
v 0.46875578 0.38975176 0.12746482
v 0.42350155 0.37496117 0.098898806
v 0.41632286 0.39411396 0.09858876
v 0.42945772 0.36020583 0.098702654
v 0.4746273 0.37496874 0.12721518
v 0.47825858 0.36613438 0.12679908
v 0.43323034 0.3514176 0.09837574
v 0.51566595 0.42653614 0.13656402
v 0.56985307 0.44422096 0.1270702
v 0.57736605 0.42524925 0.12746482
v 0.5230609 0.40750054 0.13698682
v 0.58303416 0.41039976 0.12721518
v 0.52883065 0.39268428 0.13671933
v 0.53229254 0.38379446 0.13627353
v 0.5863265 0.4014546 0.12679908
v 0.48289275 0.5119808 -0.13050003
v 0.47583067 0.5302603 -0.12219488
v 0.4296573 0.5161717 -0.11444205
v 0.4341152 0.4968216 -0.12219056
v 0.47583067 0.5302603 -0.12219488
v 0.4694588 0.5462707 -0.11337612
v 0.4261302 0.53319573 -0.10621712
v 0.4296573 0.5161717 -0.11444205
v 0.4341152 0.4968216 -0.12219056
v 0.4296573 0.5161717 -0.11444205
v 0.39117956 0.5044312 -0.09118354
v 0.39346728 0.4841889 -0.09726213
v 0.4296573 0.5161717 -0.11444205
v 0.4261302 0.53319573 -0.10621712
v 0.390023 0.52229995 -0.08474013
v 0.39117956 0.5044312 -0.09118354
v 0.48289275 0.5119808 -0.13050003
v 0.5316703 0.52713996 -0.12219056
v 0.52200407 0.54434896 -0.11444206
v 0.47583067 0.5302603 -0.12219488
v 0.5316703 0.52713996 -0.12219056
v 0.57231826 0.53977257 -0.097262144
v 0.56048185 0.55608946 -0.09118354
v 0.52200407 0.54434896 -0.11444206
v 0.47583067 0.5302603 -0.12219488
v 0.52200407 0.54434896 -0.11444206
v 0.51278746 0.55934566 -0.10621712
v 0.4694588 0.5462707 -0.11337612
v 0.52200407 0.54434896 -0.11444206
v 0.56048185 0.55608946 -0.09118354
v 0.54889464 0.5702415 -0.08474014
v 0.51278746 0.55934566 -0.10621712
v 0.48289275 0.5119808 -0.13050003
v 0.49055582 0.49188772 -0.13772069
v 0.541552 0.508048 -0.12892887
v 0.5316703 0.52713996 -0.12219056
v 0.49055582 0.49188772 -0.13772069
v 0.4987307 0.47043693 -0.14328608
v 0.55141526 0.4874025 -0.1341232
v 0.541552 0.508048 -0.12892887
v 0.5316703 0.52713996 -0.12219056
v 0.541552 0.508048 -0.12892887
v 0.5840489 0.5215149 -0.10255337
v 0.5316703 0.52713996 -0.12219056
v 0.5840489 0.5215149 -0.10255337
v 0.57231826 0.53977257 -0.097262144
v 0.541552 0.508048 -0.12892887
v 0.55141526 0.4874025 -0.1341232
v 0.5953191 0.5015405 -0.106634624
v 0.5840489 0.5215149 -0.10255337
v 0.48289275 0.5119808 -0.13050003
v 0.4341152 0.4968216 -0.12219056
v 0.43955958 0.4757275 -0.12892887
v 0.49055582 0.49188772 -0.13772069
v 0.4341152 0.4968216 -0.12219056
v 0.39346728 0.4841889 -0.09726213
v 0.39706272 0.46226057 -0.102553345
v 0.43955958 0.4757275 -0.12892887
v 0.49055582 0.49188772 -0.13772069
v 0.43955958 0.4757275 -0.12892887
v 0.44604608 0.45347136 -0.1341232
v 0.4987307 0.47043693 -0.14328608
v 0.43955958 0.4757275 -0.12892887
v 0.39706272 0.46226057 -0.102553345
v 0.4021423 0.43933338 -0.106634624
v 0.44604608 0.45347136 -0.1341232
v 0.3609489 0.47408286 -0.005857953
v 0.36039734 0.49503875 -0.00590235
v 0.36809292 0.49738684 0.04061466
v 0.36907852 0.47660938 0.043998875
v 0.36039734 0.49503875 -0.00590235
v 0.3611373 0.51358324 -0.005991141
v 0.36835867 0.51576245 0.036962852
v 0.36809292 0.49738684 0.04061466
v 0.36907852 0.47660938 0.043998875
v 0.36809292 0.49738684 0.04061466
v 0.39117956 0.5044312 0.07937884
v 0.39346728 0.4841889 0.08554623
v 0.36809292 0.49738684 0.04061466
v 0.36835867 0.51576245 0.036962852
v 0.39002302 0.52229995 0.07275785
v 0.36809292 0.49738684 0.04061466
v 0.39002302 0.52229995 0.07275785
v 0.39117956 0.5044312 0.07937884
v 0.3609489 0.47408286 -0.005857953
v 0.36907852 0.47660932 -0.055714782
v 0.36809286 0.49738684 -0.052419364
v 0.36039734 0.49503875 -0.00590235
v 0.36907852 0.47660932 -0.055714782
v 0.39346728 0.4841889 -0.09726213
v 0.39117956 0.5044312 -0.09118354
v 0.36809286 0.49738684 -0.052419364
v 0.36039734 0.49503875 -0.00590235
v 0.36809286 0.49738684 -0.052419364
v 0.36835867 0.51576245 -0.048945136
v 0.3611373 0.51358324 -0.005991141
v 0.36809286 0.49738684 -0.052419364
v 0.39117956 0.5044312 -0.09118354
v 0.390023 0.52229995 -0.08474013
v 0.36835867 0.51576245 -0.048945136
v 0.3609489 0.47408286 -0.005857953
v 0.36306518 0.45148703 -0.005843154
v 0.37156454 0.45418045 -0.058594167
v 0.36907852 0.47660932 -0.055714782
v 0.36306518 0.45148703 -0.005843154
v 0.36701924 0.42802295 -0.005843155
v 0.37580004 0.43085057 -0.060820315
v 0.37156454 0.45418045 -0.058594167
v 0.36907852 0.47660932 -0.055714782
v 0.37156454 0.45418045 -0.058594167
v 0.39706272 0.46226057 -0.102553345
v 0.39346728 0.4841889 -0.09726213
v 0.37156454 0.45418045 -0.058594167
v 0.37580004 0.43085057 -0.060820315
v 0.4021423 0.43933338 -0.106634624
v 0.39706272 0.46226057 -0.102553345
v 0.3609489 0.47408286 -0.005857953
v 0.36907852 0.47660938 0.043998875
v 0.37156454 0.45418045 0.04690786
v 0.3609489 0.47408286 -0.005857953
v 0.37156454 0.45418045 0.04690786
v 0.36306518 0.45148703 -0.005843154
v 0.36907852 0.47660938 0.043998875
v 0.39346728 0.4841889 0.08554623
v 0.39706272 0.46226057 0.09086704
v 0.37156454 0.45418045 0.04690786
v 0.36306518 0.45148703 -0.005843154
v 0.37156454 0.45418045 0.04690786
v 0.37580004 0.43085057 0.049134005
v 0.36701924 0.42802295 -0.005843155
v 0.37156454 0.45418045 0.04690786
v 0.39706272 0.46226057 0.09086704
v 0.40214232 0.43933338 0.09494831
v 0.37156454 0.45418045 0.04690786
v 0.40214232 0.43933338 0.09494831
v 0.37580004 0.43085057 0.049134005
v 0.60483664 0.54987866 -0.0058579585
v 0.5912641 0.56548184 -0.005902355
v 0.5835686 0.5631338 -0.052419372
v 0.59670705 0.5473522 -0.055714786
v 0.5912641 0.56548184 -0.005902355
v 0.57778037 0.57895815 -0.005991148
v 0.5705589 0.57677895 -0.048945144
v 0.5835686 0.5631338 -0.052419372
v 0.59670705 0.5473522 -0.055714786
v 0.5835686 0.5631338 -0.052419372
v 0.56048185 0.55608946 -0.09118354
v 0.57231826 0.53977257 -0.097262144
v 0.5835686 0.5631338 -0.052419372
v 0.5705589 0.57677895 -0.048945144
v 0.54889464 0.5702415 -0.08474014
v 0.56048185 0.55608946 -0.09118354
v 0.60483664 0.54987866 -0.0058579585
v 0.59670705 0.54735214 0.04399887
v 0.5835685 0.5631338 0.04061466
v 0.5912641 0.56548184 -0.005902355
v 0.59670705 0.54735214 0.04399887
v 0.5723183 0.53977257 0.085546225
v 0.5604819 0.55608946 0.07937884
v 0.5835685 0.5631338 0.04061466
v 0.5912641 0.56548184 -0.005902355
v 0.5835685 0.5631338 0.04061466
v 0.5705589 0.57677895 0.03696285
v 0.5912641 0.56548184 -0.005902355
v 0.5705589 0.57677895 0.03696285
v 0.57778037 0.57895815 -0.005991148
v 0.5835685 0.5631338 0.04061466
v 0.5604819 0.55608946 0.07937884
v 0.54889464 0.5702415 0.07275785
v 0.5705589 0.57677895 0.03696285
v 0.60483664 0.54987866 -0.0058579585
v 0.6180465 0.5322884 -0.0058431607
v 0.6095471 0.529595 0.046907857
v 0.59670705 0.54735214 0.04399887
v 0.6180465 0.5322884 -0.0058431607
v 0.6304422 0.5128508 -0.0058431574
v 0.6216614 0.51002324 0.049134005
v 0.6095471 0.529595 0.046907857
v 0.59670705 0.54735214 0.04399887
v 0.6095471 0.529595 0.046907857
v 0.584049 0.5215149 0.09086704
v 0.5723183 0.53977257 0.085546225
v 0.6095471 0.529595 0.046907857
v 0.6216614 0.51002324 0.049134005
v 0.5953191 0.5015405 0.09494831
v 0.584049 0.5215149 0.09086704
v 0.60483664 0.54987866 -0.0058579585
v 0.59670705 0.5473522 -0.055714786
v 0.6095471 0.529595 -0.058594182
v 0.6180465 0.5322884 -0.0058431607
v 0.59670705 0.5473522 -0.055714786
v 0.57231826 0.53977257 -0.097262144
v 0.5840489 0.5215149 -0.10255337
v 0.6095471 0.529595 -0.058594182
v 0.6180465 0.5322884 -0.0058431607
v 0.6095471 0.529595 -0.058594182
v 0.6216614 0.51002324 -0.060820322
v 0.6304422 0.5128508 -0.0058431574
v 0.6095471 0.529595 -0.058594182
v 0.5840489 0.5215149 -0.10255337
v 0.5953191 0.5015405 -0.106634624
v 0.6216614 0.51002324 -0.060820322
v 0.5156659 0.42653614 -0.14825031
v 0.569853 0.44422096 -0.13875651
v 0.56102586 0.46553275 -0.13723981
v 0.5073283 0.448084 -0.1466253
v 0.569853 0.44422096 -0.13875651
v 0.61500895 0.4589583 -0.110275075
v 0.6057738 0.48007342 -0.10908339
v 0.56102586 0.46553275 -0.13723981
v 0.6226202 0.44003984 -0.11058512
v 0.577366 0.42524928 -0.13915113
v 0.6282036 0.42516267 -0.11038897
v 0.5830341 0.41039976 -0.13890147
v 0.5073283 0.448084 -0.1466253
v 0.56102586 0.46553275 -0.13723981
v 0.55141526 0.4874025 -0.1341232
v 0.4987307 0.47043693 -0.14328608
v 0.56102586 0.46553275 -0.13723981
v 0.6057738 0.48007342 -0.10908339
v 0.5953191 0.5015405 -0.106634624
v 0.55141526 0.4874025 -0.1341232
v 0.5156659 0.42653614 -0.14825031
v 0.5230609 0.40750057 -0.14867312
v 0.577366 0.42524928 -0.13915113
v 0.569853 0.44422096 -0.13875651
v 0.5830341 0.41039976 -0.13890147
v 0.52883065 0.39268428 -0.14840564
v 0.53229254 0.38379452 -0.14795984
v 0.5863265 0.4014546 -0.1384854
v 0.5156659 0.42653614 -0.14825031
v 0.46147877 0.4088513 -0.13875651
v 0.46875578 0.38975176 -0.13915113
v 0.5230609 0.40750057 -0.14867312
v 0.47462726 0.37496874 -0.13890147
v 0.52883065 0.39268428 -0.14840564
v 0.53229254 0.38379452 -0.14795984
v 0.47825858 0.3661344 -0.1384854
v 0.46147877 0.4088513 -0.13875651
v 0.41632283 0.39411396 -0.110275075
v 0.42350155 0.3749612 -0.11058512
v 0.46875578 0.38975176 -0.13915113
v 0.42945772 0.36020583 -0.11038897
v 0.47462726 0.37496874 -0.13890147
v 0.47825858 0.3661344 -0.1384854
v 0.4332303 0.35141766 -0.11006206
v 0.5156659 0.42653614 -0.14825031
v 0.5073283 0.448084 -0.1466253
v 0.45363066 0.4306352 -0.13723981
v 0.46147877 0.4088513 -0.13875651
v 0.5073283 0.448084 -0.1466253
v 0.4987307 0.47043693 -0.14328608
v 0.44604608 0.45347136 -0.1341232
v 0.45363066 0.4306352 -0.13723981
v 0.46147877 0.4088513 -0.13875651
v 0.45363066 0.4306352 -0.13723981
v 0.4088827 0.41609457 -0.10908339
v 0.41632283 0.39411396 -0.110275075
v 0.45363066 0.4306352 -0.13723981
v 0.44604608 0.45347136 -0.1341232
v 0.4021423 0.43933338 -0.106634624
v 0.45363066 0.4306352 -0.13723981
v 0.4021423 0.43933338 -0.106634624
v 0.4088827 0.41609457 -0.10908339
v 0.38019812 0.3823241 -0.0058431565
v 0.38922927 0.38527155 -0.062806025
v 0.38203394 0.4073702 -0.062156014
v 0.37308434 0.40446204 -0.005843157
v 0.396349 0.36608684 -0.06297514
v 0.38729817 0.3631287 -0.005843155
v 0.40235606 0.3513481 -0.06286815
v 0.39332214 0.34839553 -0.005843155
v 0.3972077 0.33964422 -0.005843155
v 0.40621337 0.3425876 -0.062689826
v 0.38922927 0.38527155 -0.062806025
v 0.41632283 0.39411396 -0.110275075
v 0.4088827 0.41609457 -0.10908339
v 0.38203394 0.4073702 -0.062156014
v 0.42350155 0.3749612 -0.11058512
v 0.396349 0.36608684 -0.06297514
v 0.42945772 0.36020583 -0.11038897
v 0.40235606 0.3513481 -0.06286815
v 0.40621337 0.3425876 -0.062689826
v 0.4332303 0.35141766 -0.11006206
v 0.37308434 0.40446204 -0.005843157
v 0.38203394 0.4073702 -0.062156014
v 0.37580004 0.43085057 -0.060820315
v 0.36701924 0.42802295 -0.005843155
v 0.38203394 0.4073702 -0.062156014
v 0.4088827 0.41609457 -0.10908339
v 0.4021423 0.43933338 -0.106634624
v 0.37580004 0.43085057 -0.060820315
v 0.38019812 0.3823241 -0.0058431565
v 0.38922927 0.38527155 0.051119708
v 0.396349 0.3660868 0.05128883
v 0.38729817 0.3631287 -0.005843155
v 0.40235606 0.3513481 0.051181834
v 0.39332214 0.34839553 -0.005843155
v 0.38203394 0.4073702 0.050469693
v 0.37308434 0.40446204 -0.005843157
v 0.3972077 0.33964422 -0.005843155
v 0.40621337 0.3425876 0.051003512
v 0.38922927 0.38527155 0.051119708
v 0.41632286 0.39411396 0.09858876
v 0.42350155 0.37496117 0.098898806
v 0.396349 0.3660868 0.05128883
v 0.42945772 0.36020583 0.098702654
v 0.40235606 0.3513481 0.051181834
v 0.40621337 0.3425876 0.051003512
v 0.43323034 0.3514176 0.09837574
v 0.37308434 0.40446204 -0.005843157
v 0.36701924 0.42802295 -0.005843155
v 0.37580004 0.43085057 0.049134005
v 0.38203394 0.4073702 0.050469693
v 0.38922927 0.38527155 0.051119708
v 0.38203394 0.4073702 0.050469693
v 0.40888274 0.41609457 0.09739707
v 0.41632286 0.39411396 0.09858876
v 0.38203394 0.4073702 0.050469693
v 0.37580004 0.43085057 0.049134005
v 0.40214232 0.43933338 0.09494831
v 0.40888274 0.41609457 0.09739707
v 0.42638418 0.6254417 0.032781884
v 0.41082498 0.61933327 0.03035459
v 0.40854993 0.6285296 0.023588125
v 0.41082498 0.61933327 0.03035459
v 0.39858156 0.6242372 0.017912174
v 0.40854993 0.6285296 0.023588125
v 0.4800154 0.63215584 -0.023119522
v 0.46268904 0.6396948 -0.018191302
v 0.45490938 0.6366406 -0.030327775
v 0.46999556 0.62850285 -0.038653538
v 0.48610142 0.6194157 -0.047763117
v 0.49854732 0.6237053 -0.028460208
v 0.5016273 0.61008424 -0.056730866
v 0.5164294 0.61496663 -0.033637337
v 0.4800154 0.63215584 0.014162107
v 0.4699956 0.62850285 0.02969612
v 0.45490938 0.6366406 0.023072705
v 0.462689 0.6396948 0.01093623
v 0.48335537 0.6333735 -0.00447871
v 0.49854735 0.6237053 0.017866775
v 0.4800154 0.63215584 0.014162107
v 0.4800154 0.63215584 0.014162107
v 0.49854735 0.6237053 0.017866775
v 0.48610145 0.6194157 0.037169684
v 0.4699956 0.62850285 0.02969612
v 0.5016273 0.61008424 0.044880647
v 0.4234889 0.34293967 -0.005843157
v 0.42158297 0.34093004 -0.005843155
v 0.4291174 0.34339255 0.04171711
v 0.430869 0.34535176 0.04074273
v 0.42158297 0.34093004 -0.005843155
v 0.4191394 0.3401314 -0.0058431528
v 0.42683676 0.3426472 0.042745426
v 0.4291174 0.34339255 0.04171711
v 0.449929 0.35019445 0.083235905
v 0.45172095 0.35078013 0.08135066
v 0.42683676 0.3426472 -0.05443173
v 0.42911747 0.34339255 -0.05340342
v 0.449929 0.35019445 -0.094922215
v 0.45172095 0.35078013 -0.093036965
v 0.4893934 0.3630928 -0.1168171
v 0.48841593 0.36277336 -0.119216494
v 0.5346004 0.37786797 -0.12474382
v 0.5346004 0.377868 -0.1273146
v 0.5807848 0.39296263 -0.119216494
v 0.5346004 0.377868 -0.13100545
v 0.48701265 0.36231467 -0.1226613
v 0.5346004 0.377868 -0.13524528
v 0.58218807 0.3934213 -0.1226613
v 0.58380014 0.39394814 -0.12661847
v 0.5854037 0.39447224 -0.13055494
v 0.48540068 0.36178786 -0.12661847
v 0.48379707 0.36126372 -0.13055494
v 0.44146097 0.3474269 -0.103830986
v 0.4444009 0.34838775 -0.10073805
v 0.43893465 0.3466012 -0.106488824
v 0.44735625 0.34935367 -0.09762885
v 0.41980106 0.34034762 -0.057604007
v 0.41605935 0.33912474 -0.059291057
v 0.41160113 0.33766764 -0.0058431546
v 0.40759215 0.33635733 -0.005843155
v 0.41605935 0.33912474 0.047604747
v 0.41980106 0.34034762 0.04591769
v 0.412844 0.33807385 -0.060740788
v 0.41066164 0.3373606 -0.061724756
v 0.40180892 0.33446723 -0.005843154
v 0.43721995 0.3460408 -0.108292766
v 0.4814838 0.36050773 -0.13623357
v 0.4235624 0.341577 -0.055908073
v 0.41563115 0.3389848 -0.0058431528
v 0.4235624 0.341577 0.044221766
v 0.44735625 0.34935358 0.08594254
v 0.4444009 0.34838775 0.08905174
v 0.48540068 0.36178786 0.11493215
v 0.44146097 0.3474269 0.09214467
v 0.48701265 0.36231467 0.110975
v 0.5346004 0.377868 0.12355897
v 0.5346004 0.377868 0.11931915
v 0.58218807 0.3934213 0.110975
v 0.58380014 0.39394814 0.11493215
v 0.5854037 0.39447224 0.11886861
v 0.5346004 0.377868 0.12777661
v 0.58678174 0.39492264 0.12225134
v 0.5346004 0.377868 0.13140096
v 0.6277398 0.4083091 0.09214467
v 0.62479997 0.40734825 0.08905174
v 0.6302662 0.40913478 0.09480251
v 0.6218446 0.40638235 0.08594254
v 0.5807848 0.39296263 0.10753019
v 0.64939976 0.4153883 0.04591769
v 0.65314144 0.41661116 0.047604747
v 0.6575997 0.4180683 -0.005843159
v 0.6616087 0.41937858 -0.0058431574
v 0.6531414 0.41661116 -0.059291065
v 0.6563568 0.41766208 -0.0607408
v 0.6650537 0.4205045 -0.005843157
v 0.6302662 0.40913478 -0.106488824
v 0.6456384 0.414159 0.044221763
v 0.6535697 0.4167512 -0.005843161
v 0.6423641 0.4130888 0.04274541
v 0.6500615 0.4156046 -0.0058431625
v 0.6456384 0.41415897 -0.055908084
v 0.430869 0.34535176 0.04074273
v 0.4291174 0.34339255 0.04171711
v 0.45172095 0.35078013 0.08135066
v 0.4530094 0.352588 0.0795643
v 0.4234889 0.34293967 -0.005843157
v 0.430869 0.34535176 -0.052429046
v 0.42911747 0.34339255 -0.05340342
v 0.42158297 0.34093004 -0.005843155
v 0.430869 0.34535176 -0.052429046
v 0.4530094 0.352588 -0.09125063
v 0.45172095 0.35078013 -0.093036965
v 0.42911747 0.34339255 -0.05340342
v 0.4234889 0.34293967 -0.005843157
v 0.42538413 0.34771925 -0.0058431607
v 0.43255603 0.35006323 -0.05111451
v 0.430869 0.34535176 -0.052429046
v 0.42538413 0.34771925 -0.0058431607
v 0.42779574 0.35682777 -0.0058431625
v 0.4346431 0.35906568 -0.049065724
v 0.43255603 0.35006323 -0.05111451
v 0.43125075 0.37182412 -0.0058431644
v 0.43759474 0.37389755 -0.045888584
v 0.4357389 0.39108542 -0.0058431644
v 0.4414333 0.39294657 -0.04178865
v 0.4461812 0.41460067 -0.036971472
v 0.4412499 0.41298896 -0.0058431635
v 0.45186076 0.43724748 -0.0316426
v 0.4477736 0.43591172 -0.0058431625
v 0.4552998 0.45823082 -0.005843161
v 0.45849425 0.4592749 -0.0260076
v 0.46310255 0.47856364 -0.00584316
v 0.4653441 0.47907192 -0.020749222
v 0.4716729 0.49502772 -0.016550232
v 0.47045615 0.49552748 -0.005843159
v 0.430869 0.34535176 -0.052429046
v 0.43255603 0.35006323 -0.05111451
v 0.45407167 0.35709533 -0.08884063
v 0.4530094 0.352588 -0.09125063
v 0.43255603 0.35006323 -0.05111451
v 0.4346431 0.35906568 -0.049065724
v 0.45518503 0.36577952 -0.08508452
v 0.45407167 0.35709533 -0.08884063
v 0.43759474 0.37389755 -0.045888584
v 0.45662674 0.38011786 -0.07925977
v 0.4414333 0.39294657 -0.04178865
v 0.45851675 0.39853007 -0.07174322
v 0.4609753 0.41943583 -0.06291173
v 0.4461812 0.41460067 -0.036971472
v 0.46412218 0.44125494 -0.053142138
v 0.45186076 0.43724748 -0.0316426
v 0.4234889 0.34293967 -0.005843157
v 0.430869 0.34535176 0.04074273
v 0.43255603 0.35006323 0.03942819
v 0.42538413 0.34771925 -0.0058431607
v 0.430869 0.34535176 0.04074273
v 0.4530094 0.352588 0.0795643
v 0.45407167 0.35709533 0.077154316
v 0.43255603 0.35006323 0.03942819
v 0.42538413 0.34771925 -0.0058431607
v 0.43255603 0.35006323 0.03942819
v 0.4346431 0.35906568 0.0373794
v 0.42779574 0.35682777 -0.0058431625
v 0.43125075 0.37182412 -0.0058431644
v 0.43759474 0.37389755 0.034202255
v 0.4357389 0.39108542 -0.0058431644
v 0.44143337 0.39294657 0.030102318
v 0.4461812 0.41460067 0.025285143
v 0.4412499 0.41298896 -0.0058431635
v 0.45186076 0.43724748 0.01995628
v 0.4477736 0.43591172 -0.0058431625
v 0.43255603 0.35006323 0.03942819
v 0.45407167 0.35709533 0.077154316
v 0.45518503 0.36577952 0.0733982
v 0.4346431 0.35906568 0.0373794
v 0.43759474 0.37389755 0.034202255
v 0.45662674 0.38011786 0.067573436
v 0.44143337 0.39294657 0.030102318
v 0.45851675 0.39853007 0.06005689
v 0.52115613 0.4190027 0.08402055
v 0.5264107 0.4029256 0.09427038
v 0.5644747 0.4153662 0.08759615
v 0.555323 0.43016958 0.07802963
v 0.57158947 0.40382445 0.095009476
v 0.53050554 0.39039683 0.102213226
v 0.54480815 0.4468353 0.06678955
v 0.5152201 0.4371649 0.0719776
v 0.5336037 0.46396384 0.05435553
v 0.50908077 0.45594892 0.058655437
v 0.53296244 0.38287953 0.1073352
v 0.5759938 0.39694363 0.09978999
v 0.50321656 0.47389162 0.04456793
v 0.5223833 0.48015594 0.041207194
v 0.49796548 0.48995802 0.030834565
v 0.51220024 0.49438605 0.02854603
v 0.50410825 0.5056287 0.01757354
v 0.4936659 0.5031132 0.018574815
v 0.555323 0.43016958 0.07802963
v 0.5644747 0.4153662 0.08759615
v 0.5961947 0.42573336 0.067573436
v 0.5837955 0.4394754 0.060056884
v 0.6058261 0.41501412 0.07339819
v 0.57158947 0.40382445 0.095009476
v 0.5694649 0.45489398 0.051225398
v 0.54480815 0.4468353 0.06678955
v 0.5540394 0.47064295 0.041455813
v 0.5336037 0.46396384 0.05435553
v 0.5759938 0.39694363 0.09978999
v 0.61185324 0.40866366 0.07715431
v 0.52115613 0.4190027 0.08402055
v 0.4869892 0.40783584 0.07802963
v 0.4883467 0.39048502 0.08759615
v 0.5264107 0.4029256 0.09427038
v 0.48942164 0.37696922 0.095009476
v 0.53050554 0.39039683 0.102213226
v 0.485632 0.4274945 0.06678955
v 0.5152201 0.4371649 0.0719776
v 0.4845579 0.44793403 0.05435553
v 0.50908077 0.45594892 0.058655437
v 0.53296244 0.38287953 0.1073352
v 0.4899311 0.36881542 0.09978999
v 0.50321656 0.47389162 0.04456793
v 0.48404986 0.46762732 0.041207194
v 0.49796548 0.48995802 0.030834565
v 0.4838632 0.4851246 0.02854603
v 0.48375365 0.49897608 0.01757354
v 0.4936659 0.5031132 0.018574815
v 0.4869892 0.40783584 0.07802963
v 0.45851675 0.39853007 0.06005689
v 0.45662674 0.38011786 0.067573436
v 0.4883467 0.39048502 0.08759615
v 0.45518503 0.36577952 0.0733982
v 0.48942164 0.37696922 0.095009476
v 0.4609753 0.41943583 0.051225398
v 0.485632 0.4274945 0.06678955
v 0.46412218 0.44125494 0.041455813
v 0.4845579 0.44793403 0.05435553
v 0.4899311 0.36881542 0.09978999
v 0.45407167 0.35709533 0.077154316
v 0.64489293 0.41530207 -0.0058431653
v 0.6476179 0.4148059 -0.0058431644
v 0.6400834 0.41234338 -0.05340343
v 0.64489293 0.41530207 -0.0058431653
v 0.6400834 0.41234338 -0.05340343
v 0.63751286 0.41288996 -0.052429054
v 0.6476179 0.4148059 -0.0058431644
v 0.6500615 0.4156046 -0.0058431625
v 0.6423641 0.4130888 -0.054431744
v 0.6400834 0.41234338 -0.05340343
v 0.6192719 0.40554148 -0.094922215
v 0.6174799 0.40495577 -0.09303699
v 0.6423641 0.4130888 0.04274541
v 0.64008343 0.41234338 0.0417171
v 0.6192719 0.40554148 0.08323589
v 0.6174799 0.4049558 0.08135065
v 0.5798074 0.39264315 0.105130784
v 0.5807848 0.39296263 0.10753019
v 0.5346004 0.377868 0.113057494
v 0.5346004 0.377868 0.11562829
v 0.48841593 0.36277336 0.10753019
v 0.4893934 0.36309275 0.105130784
v 0.449929 0.35019445 0.083235905
v 0.45172095 0.35078013 0.08135066
v 0.5346004 0.377868 0.11931915
v 0.48701265 0.36231467 0.110975
v 0.58218807 0.3934213 0.110975
v 0.6218446 0.40638235 0.08594254
v 0.6456384 0.414159 0.044221763
v 0.63751286 0.41288996 -0.052429054
v 0.6400834 0.41234338 -0.05340343
v 0.6174799 0.40495577 -0.09303699
v 0.6153724 0.40565374 -0.09125063
v 0.64489293 0.41530207 -0.0058431653
v 0.6375129 0.41288996 0.04074272
v 0.64008343 0.41234338 0.0417171
v 0.6476179 0.4148059 -0.0058431644
v 0.6375129 0.41288996 0.04074272
v 0.6153724 0.40565374 0.079564296
v 0.6174799 0.4049558 0.08135065
v 0.64008343 0.41234338 0.0417171
v 0.64489293 0.41530207 -0.0058431653
v 0.64054084 0.41803977 -0.005843166
v 0.6333689 0.41569576 0.039428182
v 0.6375129 0.41288996 0.04074272
v 0.64054084 0.41803977 -0.005843166
v 0.63321537 0.4239658 -0.005843167
v 0.626368 0.42172793 0.03737939
v 0.6333689 0.41569576 0.039428182
v 0.6215707 0.43402714 -0.0058431667
v 0.6152266 0.43195373 0.034202255
v 0.60657346 0.44692 -0.005843166
v 0.60087895 0.44505888 0.030102318
v 0.584259 0.45972914 0.025285143
v 0.58919036 0.4613409 -0.0058431644
v 0.5663009 0.47465044 0.019956278
v 0.5703881 0.47598624 -0.0058431625
v 0.5511333 0.4895525 -0.005843161
v 0.5479389 0.4885084 0.014321277
v 0.53282845 0.5013524 -0.00584316
v 0.5307194 0.50043875 0.009062901
v 0.516189 0.5095771 0.004863915
v 0.5168757 0.510699 -0.005843159
v 0.6375129 0.41288996 0.04074272
v 0.6333689 0.41569576 0.039428182
v 0.61185324 0.40866366 0.07715431
v 0.6153724 0.40565374 0.079564296
v 0.6333689 0.41569576 0.039428182
v 0.626368 0.42172793 0.03737939
v 0.6058261 0.41501412 0.07339819
v 0.61185324 0.40866366 0.07715431
v 0.6152266 0.43195373 0.034202255
v 0.5961947 0.42573336 0.067573436
v 0.60087895 0.44505888 0.030102318
v 0.5837955 0.4394754 0.060056884
v 0.64489293 0.41530207 -0.0058431653
v 0.63751286 0.41288996 -0.052429054
v 0.63336897 0.4156958 -0.051114514
v 0.64054084 0.41803977 -0.005843166
v 0.63751286 0.41288996 -0.052429054
v 0.6153724 0.40565374 -0.09125063
v 0.61185324 0.40866366 -0.08884063
v 0.63336897 0.4156958 -0.051114514
v 0.64054084 0.41803977 -0.005843166
v 0.63336897 0.4156958 -0.051114514
v 0.626368 0.42172793 -0.049065728
v 0.63321537 0.4239658 -0.005843167
v 0.6215707 0.43402714 -0.0058431667
v 0.6152266 0.4319537 -0.045888584
v 0.60657346 0.44692 -0.005843166
v 0.60087895 0.44505885 -0.041788653
v 0.584259 0.4597292 -0.036971472
v 0.58919036 0.4613409 -0.0058431644
v 0.5663009 0.47465044 -0.031642605
v 0.5703881 0.47598624 -0.0058431625
v 0.5511333 0.4895525 -0.005843161
v 0.5479388 0.4885084 -0.0260076
v 0.53282845 0.5013524 -0.00584316
v 0.5307194 0.50043875 -0.020749222
v 0.516189 0.5095771 -0.016550232
v 0.5168757 0.510699 -0.005843159
v 0.63336897 0.4156958 -0.051114514
v 0.61185324 0.40866366 -0.08884063
v 0.6058261 0.41501412 -0.08508452
v 0.626368 0.42172793 -0.049065728
v 0.6152266 0.4319537 -0.045888584
v 0.5961947 0.42573336 -0.07925977
v 0.60087895 0.44505885 -0.041788653
v 0.5837955 0.4394754 -0.07174322
v 0.5694649 0.45489398 -0.06291173
v 0.584259 0.4597292 -0.036971472
v 0.5540394 0.47064295 -0.053142138
v 0.5663009 0.47465044 -0.031642605
v 0.5341909 0.3791209 0.11062156
v 0.5346004 0.377868 0.113057494
v 0.5798074 0.39264315 0.105130784
v 0.5784718 0.39359337 0.10285725
v 0.5784718 0.39359337 0.10285725
v 0.5798074 0.39264315 0.105130784
v 0.6174799 0.4049558 0.08135065
v 0.6153724 0.40565374 0.079564296
v 0.5341909 0.3791209 0.11062156
v 0.48991004 0.36464834 0.10285725
v 0.4893934 0.36309275 0.105130784
v 0.5341909 0.3791209 0.11062156
v 0.4893934 0.36309275 0.105130784
v 0.5346004 0.377868 0.113057494
v 0.48991004 0.36464834 0.10285725
v 0.4530094 0.352588 0.0795643
v 0.45172095 0.35078013 0.08135066
v 0.4893934 0.36309275 0.105130784
v 0.5341909 0.3791209 0.11062156
v 0.53296244 0.38287953 0.1073352
v 0.4899311 0.36881542 0.09978999
v 0.48991004 0.36464834 0.10285725
v 0.48991004 0.36464834 0.10285725
v 0.4899311 0.36881542 0.09978999
v 0.45407167 0.35709533 0.077154316
v 0.4530094 0.352588 0.0795643
v 0.5341909 0.3791209 0.11062156
v 0.5784718 0.39359337 0.10285725
v 0.5759938 0.39694363 0.09978999
v 0.53296244 0.38287953 0.1073352
v 0.5784718 0.39359337 0.10285725
v 0.6153724 0.40565374 0.079564296
v 0.61185324 0.40866366 0.07715431
v 0.5759938 0.39694363 0.09978999
v 0.5341909 0.3791209 -0.12230788
v 0.5346004 0.37786797 -0.12474382
v 0.4893934 0.3630928 -0.1168171
v 0.48991004 0.3646484 -0.11454355
v 0.48991004 0.3646484 -0.11454355
v 0.4893934 0.3630928 -0.1168171
v 0.45172095 0.35078013 -0.093036965
v 0.4530094 0.352588 -0.09125063
v 0.5341909 0.3791209 -0.12230788
v 0.5784718 0.39359337 -0.11454357
v 0.5798074 0.39264315 -0.11681711
v 0.5341909 0.3791209 -0.12230788
v 0.5798074 0.39264315 -0.11681711
v 0.5346004 0.37786797 -0.12474382
v 0.5784718 0.39359337 -0.11454357
v 0.6153724 0.40565374 -0.09125063
v 0.6174799 0.40495577 -0.09303699
v 0.5784718 0.39359337 -0.11454357
v 0.6174799 0.40495577 -0.09303699
v 0.5798074 0.39264315 -0.11681711
v 0.5346004 0.37786797 -0.12474382
v 0.5798074 0.39264315 -0.11681711
v 0.5807848 0.39296263 -0.119216494
v 0.6192719 0.40554148 -0.094922215
v 0.6174799 0.40495577 -0.09303699
v 0.58218807 0.3934213 -0.1226613
v 0.5346004 0.377868 -0.13100545
v 0.6218446 0.40638235 -0.09762885
v 0.58380014 0.39394814 -0.12661847
v 0.62479997 0.40734825 -0.10073805
v 0.6277398 0.4083091 -0.103830986
v 0.5341909 0.3791209 -0.12230788
v 0.53296244 0.38287947 -0.11902153
v 0.5759938 0.39694363 -0.11147632
v 0.5784718 0.39359337 -0.11454357
v 0.53296244 0.38287947 -0.11902153
v 0.53050554 0.39039683 -0.11389957
v 0.57158947 0.40382445 -0.1066958
v 0.5759938 0.39694363 -0.11147632
v 0.5264107 0.4029256 -0.10595671
v 0.5644747 0.41536623 -0.09928248
v 0.52115613 0.4190027 -0.09570688
v 0.555323 0.43016964 -0.089715965
v 0.5448082 0.4468353 -0.07847588
v 0.5152201 0.4371649 -0.08366392
v 0.5336037 0.46396384 -0.06604186
v 0.5090808 0.45594892 -0.070341766
v 0.5032165 0.47389162 -0.056254257
v 0.52238315 0.48015597 -0.052893512
v 0.49796546 0.48995802 -0.04252088
v 0.51220024 0.49438605 -0.040232353
v 0.50410825 0.5056287 -0.029259855
v 0.4936659 0.5031132 -0.030261133
v 0.5784718 0.39359337 -0.11454357
v 0.5759938 0.39694363 -0.11147632
v 0.61185324 0.40866366 -0.08884063
v 0.6153724 0.40565374 -0.09125063
v 0.5759938 0.39694363 -0.11147632
v 0.57158947 0.40382445 -0.1066958
v 0.6058261 0.41501412 -0.08508452
v 0.61185324 0.40866366 -0.08884063
v 0.5341909 0.3791209 -0.12230788
v 0.48991004 0.3646484 -0.11454355
v 0.48993114 0.36881542 -0.11147632
v 0.53296244 0.38287947 -0.11902153
v 0.48991004 0.3646484 -0.11454355
v 0.4530094 0.352588 -0.09125063
v 0.45407167 0.35709533 -0.08884063
v 0.48993114 0.36881542 -0.11147632
v 0.53296244 0.38287947 -0.11902153
v 0.48993114 0.36881542 -0.11147632
v 0.48942164 0.37696922 -0.10669581
v 0.53050554 0.39039683 -0.11389957
v 0.5264107 0.4029256 -0.10595671
v 0.4883467 0.39048502 -0.09928248
v 0.52115613 0.4190027 -0.09570688
v 0.4869892 0.40783584 -0.08971597
v 0.485632 0.4274945 -0.07847588
v 0.5152201 0.4371649 -0.08366392
v 0.4845579 0.44793403 -0.06604186
v 0.5090808 0.45594892 -0.070341766
v 0.5032165 0.47389162 -0.056254257
v 0.48404986 0.46762732 -0.052893512
v 0.49796546 0.48995802 -0.04252088
v 0.4838632 0.4851246 -0.040232353
v 0.48375365 0.49897608 -0.029259855
v 0.4936659 0.5031132 -0.030261133
v 0.48993114 0.36881542 -0.11147632
v 0.45407167 0.35709533 -0.08884063
v 0.45518503 0.36577952 -0.08508452
v 0.48942164 0.37696922 -0.10669581
v 0.4883467 0.39048502 -0.09928248
v 0.45662674 0.38011786 -0.07925977
v 0.4869892 0.40783584 -0.08971597
v 0.45851675 0.39853007 -0.07174322
v 0.46310255 0.47856364 -0.00584316
v 0.4552998 0.45823082 -0.005843161
v 0.45849425 0.4592749 0.014321277
v 0.4653441 0.47907192 0.009062902
v 0.45186076 0.43724748 0.01995628
v 0.4477736 0.43591172 -0.0058431625
v 0.4716729 0.49502772 0.004863915
v 0.47045615 0.49552748 -0.005843159
v 0.4653441 0.47907192 0.009062902
v 0.45849425 0.4592749 0.014321277
v 0.46807757 0.46240702 0.031124972
v 0.47221544 0.48109332 0.021386713
v 0.46412218 0.44125494 0.041455813
v 0.45186076 0.43724748 0.01995628
v 0.47590983 0.49551502 0.013394858
v 0.4716729 0.49502772 0.004863915
v 0.4653441 0.47907192 -0.020749222
v 0.47221544 0.48109332 -0.033073034
v 0.46807757 0.46240702 -0.042811297
v 0.45849425 0.4592749 -0.0260076
v 0.46412218 0.44125494 -0.053142138
v 0.45186076 0.43724748 -0.0316426
v 0.47590983 0.49551502 -0.025081176
v 0.4716729 0.49502772 -0.016550232
v 0.47045615 0.49552748 -0.005843159
v 0.47701317 0.5084724 -0.0058431574
v 0.47750002 0.50699687 -0.013699883
v 0.4716729 0.49502772 -0.016550232
v 0.4716729 0.49502772 -0.016550232
v 0.47750002 0.50699687 -0.013699883
v 0.47881466 0.5041144 -0.0196486
v 0.47590983 0.49551502 -0.025081176
v 0.47045615 0.49552748 -0.005843159
v 0.4716729 0.49502772 0.004863915
v 0.47750002 0.50699687 0.0020135678
v 0.47701317 0.5084724 -0.0058431574
v 0.4716729 0.49502772 0.004863915
v 0.47590983 0.49551502 0.013394858
v 0.47881466 0.5041144 0.007962283
v 0.47750002 0.50699687 0.0020135678
v 0.555323 0.43016964 -0.089715965
v 0.5837955 0.4394754 -0.07174322
v 0.5961947 0.42573336 -0.07925977
v 0.5644747 0.41536623 -0.09928248
v 0.6058261 0.41501412 -0.08508452
v 0.57158947 0.40382445 -0.1066958
v 0.5694649 0.45489398 -0.06291173
v 0.5448082 0.4468353 -0.07847588
v 0.5540394 0.47064295 -0.053142138
v 0.5336037 0.46396384 -0.06604186
v 0.4869892 0.40783584 -0.08971597
v 0.45851675 0.39853007 -0.07174322
v 0.4609753 0.41943583 -0.06291173
v 0.485632 0.4274945 -0.07847588
v 0.46412218 0.44125494 -0.053142138
v 0.4845579 0.44793403 -0.06604186
v 0.44143337 0.39294657 0.030102318
v 0.45851675 0.39853007 0.06005689
v 0.4609753 0.41943583 0.051225398
v 0.44143337 0.39294657 0.030102318
v 0.4609753 0.41943583 0.051225398
v 0.4461812 0.41460067 0.025285143
v 0.46412218 0.44125494 0.041455813
v 0.45186076 0.43724748 0.01995628
v 0.60087895 0.44505888 0.030102318
v 0.584259 0.45972914 0.025285143
v 0.5694649 0.45489398 0.051225398
v 0.5837955 0.4394754 0.060056884
v 0.5540394 0.47064295 0.041455813
v 0.5663009 0.47465044 0.019956278
v 0.48791125 0.5207206 -0.005843157
v 0.48855487 0.5187514 -0.012290671
v 0.4828451 0.5148338 -0.012487426
v 0.48791125 0.5207206 -0.005843157
v 0.4828451 0.5148338 -0.012487426
v 0.48242632 0.5167483 -0.005843157
v 0.48855487 0.5187514 -0.012290671
v 0.49047625 0.5128726 -0.020007042
v 0.483491 0.5089549 -0.020002667
v 0.4828451 0.5148338 -0.012487426
v 0.48242632 0.5167483 -0.005843157
v 0.4828451 0.5148338 -0.012487426
v 0.47750002 0.50699687 -0.013699883
v 0.47701317 0.5084724 -0.0058431574
v 0.4828451 0.5148338 -0.012487426
v 0.483491 0.5089549 -0.020002667
v 0.47881466 0.5041144 -0.0196486
v 0.4828451 0.5148338 -0.012487426
v 0.47881466 0.5041144 -0.0196486
v 0.47750002 0.50699687 -0.013699883
v 0.48791125 0.5207206 -0.005843157
v 0.49468333 0.5207544 -0.005843157
v 0.49547613 0.5189621 -0.0124874255
v 0.48855487 0.5187514 -0.012290671
v 0.49468333 0.5207544 -0.005843157
v 0.50393933 0.5172728 -0.0058431574
v 0.50441784 0.5157945 -0.013699883
v 0.49547613 0.5189621 -0.0124874255
v 0.48855487 0.5187514 -0.012290671
v 0.49547613 0.5189621 -0.0124874255
v 0.49842697 0.5138365 -0.020002667
v 0.49047625 0.5128726 -0.020007042
v 0.49547613 0.5189621 -0.0124874255
v 0.50441784 0.5157945 -0.013699883
v 0.50505936 0.5126921 -0.0196486
v 0.49842697 0.5138365 -0.020002667
v 0.48791125 0.5207206 -0.005843157
v 0.48855487 0.5187513 0.0006043569
v 0.4954762 0.5189621 0.00080111204
v 0.49468333 0.5207544 -0.005843157
v 0.48855487 0.5187513 0.0006043569
v 0.49047625 0.5128726 0.008320728
v 0.49842697 0.5138365 0.008316353
v 0.4954762 0.5189621 0.00080111204
v 0.49468333 0.5207544 -0.005843157
v 0.4954762 0.5189621 0.00080111204
v 0.50441784 0.5157945 0.0020135678
v 0.50393933 0.5172728 -0.0058431574
v 0.4954762 0.5189621 0.00080111204
v 0.49842697 0.5138365 0.008316353
v 0.5050594 0.5126921 0.007962283
v 0.50441784 0.5157945 0.0020135678
v 0.48791125 0.5207206 -0.005843157
v 0.48242632 0.5167483 -0.005843157
v 0.4828451 0.5148338 0.00080111204
v 0.48855487 0.5187513 0.0006043569
v 0.48242632 0.5167483 -0.005843157
v 0.47701317 0.5084724 -0.0058431574
v 0.47750002 0.50699687 0.0020135678
v 0.4828451 0.5148338 0.00080111204
v 0.48855487 0.5187513 0.0006043569
v 0.4828451 0.5148338 0.00080111204
v 0.48349097 0.5089549 0.008316353
v 0.49047625 0.5128726 0.008320728
v 0.4828451 0.5148338 0.00080111204
v 0.47750002 0.50699687 0.0020135678
v 0.47881466 0.5041144 0.007962283
v 0.48349097 0.5089549 0.008316353
v 0.5307194 0.50043875 -0.020749222
v 0.5479388 0.4885084 -0.0260076
v 0.53835547 0.48537624 -0.042811297
v 0.5540394 0.47064295 -0.053142138
v 0.5663009 0.47465044 -0.031642605
v 0.5307194 0.50043875 -0.020749222
v 0.53835547 0.48537624 -0.042811297
v 0.52398056 0.4980119 -0.033073034
v 0.5124821 0.5074681 -0.025081176
v 0.516189 0.5095771 -0.016550232
v 0.5307194 0.50043875 0.009062901
v 0.52398056 0.4980119 0.021386713
v 0.53835547 0.48537624 0.031124972
v 0.5479389 0.4885084 0.014321277
v 0.5540394 0.47064295 0.041455813
v 0.5663009 0.47465044 0.019956278
v 0.5124821 0.5074681 0.013394858
v 0.516189 0.5095771 0.004863915
v 0.5168757 0.510699 -0.005843159
v 0.50393933 0.5172728 -0.0058431574
v 0.50441784 0.5157945 0.0020135678
v 0.516189 0.5095771 0.004863915
v 0.516189 0.5095771 0.004863915
v 0.50441784 0.5157945 0.0020135678
v 0.5050594 0.5126921 0.007962283
v 0.5124821 0.5074681 0.013394858
v 0.5168757 0.510699 -0.005843159
v 0.516189 0.5095771 -0.016550232
v 0.50441784 0.5157945 -0.013699883
v 0.50393933 0.5172728 -0.0058431574
v 0.516189 0.5095771 -0.016550232
v 0.5124821 0.5074681 -0.025081176
v 0.50505936 0.5126921 -0.0196486
v 0.50441784 0.5157945 -0.013699883
v 0.51220024 0.49438605 0.02854603
v 0.5223833 0.48015594 0.041207194
v 0.53835547 0.48537624 0.031124972
v 0.5540394 0.47064295 0.041455813
v 0.5336037 0.46396384 0.05435553
v 0.51220024 0.49438605 0.02854603
v 0.53835547 0.48537624 0.031124972
v 0.52398056 0.4980119 0.021386713
v 0.5124821 0.5074681 0.013394858
v 0.50410825 0.5056287 0.01757354
v 0.4838632 0.4851246 0.02854603
v 0.47221544 0.48109332 0.021386713
v 0.46807757 0.46240702 0.031124972
v 0.48404986 0.46762732 0.041207194
v 0.46412218 0.44125494 0.041455813
v 0.4845579 0.44793403 0.05435553
v 0.47590983 0.49551502 0.013394858
v 0.48375365 0.49897608 0.01757354
v 0.4936659 0.5031132 0.018574815
v 0.49047625 0.5128726 0.008320728
v 0.48349097 0.5089549 0.008316353
v 0.48375365 0.49897608 0.01757354
v 0.48375365 0.49897608 0.01757354
v 0.48349097 0.5089549 0.008316353
v 0.47881466 0.5041144 0.007962283
v 0.47590983 0.49551502 0.013394858
v 0.4936659 0.5031132 0.018574815
v 0.50410825 0.5056287 0.01757354
v 0.49842697 0.5138365 0.008316353
v 0.49047625 0.5128726 0.008320728
v 0.50410825 0.5056287 0.01757354
v 0.5124821 0.5074681 0.013394858
v 0.5050594 0.5126921 0.007962283
v 0.50410825 0.5056287 0.01757354
v 0.5050594 0.5126921 0.007962283
v 0.49842697 0.5138365 0.008316353
v 0.4838632 0.4851246 -0.040232353
v 0.48404986 0.46762732 -0.052893512
v 0.46807757 0.46240702 -0.042811297
v 0.47221544 0.48109332 -0.033073034
v 0.46412218 0.44125494 -0.053142138
v 0.4845579 0.44793403 -0.06604186
v 0.47590983 0.49551502 -0.025081176
v 0.48375365 0.49897608 -0.029259855
v 0.51220024 0.49438605 -0.040232353
v 0.52398056 0.4980119 -0.033073034
v 0.53835547 0.48537624 -0.042811297
v 0.52238315 0.48015597 -0.052893512
v 0.5540394 0.47064295 -0.053142138
v 0.5336037 0.46396384 -0.06604186
v 0.5124821 0.5074681 -0.025081176
v 0.50410825 0.5056287 -0.029259855
v 0.4936659 0.5031132 -0.030261133
v 0.49047625 0.5128726 -0.020007042
v 0.49842697 0.5138365 -0.020002667
v 0.50410825 0.5056287 -0.029259855
v 0.50410825 0.5056287 -0.029259855
v 0.49842697 0.5138365 -0.020002667
v 0.50505936 0.5126921 -0.0196486
v 0.5124821 0.5074681 -0.025081176
v 0.4936659 0.5031132 -0.030261133
v 0.48375365 0.49897608 -0.029259855
v 0.483491 0.5089549 -0.020002667
v 0.49047625 0.5128726 -0.020007042
v 0.48375365 0.49897608 -0.029259855
v 0.47590983 0.49551502 -0.025081176
v 0.47881466 0.5041144 -0.0196486
v 0.483491 0.5089549 -0.020002667
v 0.53402346 0.37934962 -0.1470892
v 0.53229254 0.38379452 -0.14795984
v 0.47825858 0.3661344 -0.1384854
v 0.48032057 0.36179772 -0.13767278
v 0.48032057 0.36179772 -0.13767278
v 0.47825858 0.3661344 -0.1384854
v 0.4332303 0.35141766 -0.11006206
v 0.43556818 0.34717113 -0.10942358
v 0.53402346 0.37934962 -0.1470892
v 0.58772635 0.39690155 -0.13767278
v 0.5863265 0.4014546 -0.1384854
v 0.53229254 0.38379452 -0.14795984
v 0.58772635 0.39690155 -0.13767278
v 0.6324788 0.41152817 -0.109423585
v 0.6313547 0.41617137 -0.11006206
v 0.5863265 0.4014546 -0.1384854
v 0.5863265 0.4014546 -0.1384854
v 0.6313547 0.41617137 -0.11006206
v 0.6282036 0.42516267 -0.11038897
v 0.5830341 0.41039976 -0.13890147
v 0.53402346 0.37934962 -0.1470892
v 0.5346004 0.377868 -0.14554718
v 0.58771694 0.3952283 -0.13623358
v 0.58772635 0.39690155 -0.13767278
v 0.5346004 0.377868 -0.14554718
v 0.5346004 0.377868 -0.14308727
v 0.58678174 0.39492258 -0.13393766
v 0.58771694 0.3952283 -0.13623358
v 0.6302662 0.40913478 -0.106488824
v 0.6319809 0.4096952 -0.108292766
v 0.48241907 0.36081335 -0.13393766
v 0.4814838 0.36050773 -0.13623357
v 0.43893465 0.3466012 -0.106488824
v 0.6585392 0.41837534 -0.061724767
v 0.6563568 0.41766208 -0.0607408
v 0.6673918 0.42126876 -0.005843157
v 0.6650537 0.4205045 -0.005843157
v 0.6563568 0.41766208 0.049054477
v 0.6585391 0.41837534 0.050038446
v 0.6302662 0.40913478 0.09480251
v 0.6319808 0.40969524 0.09660646
v 0.58771706 0.3952283 0.12454726
v 0.58678174 0.39492264 0.12225134
v 0.5346004 0.377868 0.13386086
v 0.5346004 0.377868 0.13140096
v 0.48241907 0.36081335 0.12225134
v 0.4814838 0.36050764 0.12454726
v 0.43893465 0.3466012 0.09480253
v 0.43721995 0.34604076 0.09660646
v 0.41066164 0.3373606 0.05003845
v 0.412844 0.33807385 0.04905449
v 0.40180892 0.33446723 -0.005843154
v 0.5346004 0.377868 0.12777661
v 0.65314144 0.41661116 0.047604747
v 0.6616087 0.41937858 -0.0058431574
v 0.41605935 0.33912474 0.047604747
v 0.40759215 0.33635733 -0.005843155
v 0.40414715 0.33523142 -0.0058431537
v 0.44146097 0.3474269 0.09214467
v 0.41980106 0.34034762 0.04591769
v 0.412844 0.33807385 -0.060740788
v 0.58772635 0.39690155 -0.13767278
v 0.58771694 0.3952283 -0.13623358
v 0.6319809 0.4096952 -0.108292766
v 0.6324788 0.41152817 -0.109423585
v 0.53402346 0.37934962 -0.1470892
v 0.48032057 0.36179772 -0.13767278
v 0.4814838 0.36050773 -0.13623357
v 0.5346004 0.377868 -0.14554718
v 0.48032057 0.36179772 -0.13767278
v 0.43556818 0.34717113 -0.10942358
v 0.43721995 0.3460408 -0.108292766
v 0.4814838 0.36050773 -0.13623357
v 0.53402346 0.37934962 0.13540287
v 0.53229254 0.38379446 0.13627353
v 0.5863265 0.4014546 0.12679908
v 0.58772635 0.39690155 0.12598647
v 0.58772635 0.39690155 0.12598647
v 0.5863265 0.4014546 0.12679908
v 0.6313547 0.41617137 0.09837574
v 0.6324788 0.41152817 0.09773726
v 0.53402346 0.37934962 0.13540287
v 0.48032057 0.36179766 0.12598649
v 0.47825858 0.36613438 0.12679908
v 0.53229254 0.38379446 0.13627353
v 0.48032057 0.36179766 0.12598649
v 0.43556818 0.3471711 0.09773726
v 0.43323034 0.3514176 0.09837574
v 0.47825858 0.36613438 0.12679908
v 0.53402346 0.37934962 0.13540287
v 0.5346004 0.377868 0.13386086
v 0.4814838 0.36050764 0.12454726
v 0.48032057 0.36179766 0.12598649
v 0.48032057 0.36179766 0.12598649
v 0.4814838 0.36050764 0.12454726
v 0.43721995 0.34604076 0.09660646
v 0.43556818 0.3471711 0.09773726
v 0.53402346 0.37934962 0.13540287
v 0.58772635 0.39690155 0.12598647
v 0.58771706 0.3952283 0.12454726
v 0.5346004 0.377868 0.13386086
v 0.58772635 0.39690155 0.12598647
v 0.6324788 0.41152817 0.09773726
v 0.6319808 0.40969524 0.09660646
v 0.58771706 0.3952283 0.12454726
v 0.6682807 0.42322943 -0.005843156
v 0.6673773 0.42794478 -0.005843155
v 0.6583716 0.42500144 -0.062689826
v 0.6593302 0.4203041 -0.06234157
v 0.6673773 0.42794478 -0.005843155
v 0.6643392 0.43697304 -0.005843155
v 0.6553053 0.43402046 -0.06286815
v 0.6583716 0.42500144 -0.062689826
v 0.65882367 0.45187232 -0.005843155
v 0.64977276 0.4489142 -0.06297514
v 0.6511338 0.47074816 -0.005843155
v 0.6421025 0.46780074 -0.062806025
v 0.6326226 0.48879778 -0.062156007
v 0.64157224 0.4917059 -0.005843156
v 0.6593302 0.4203041 -0.06234157
v 0.6583716 0.42500144 -0.062689826
v 0.6313547 0.41617137 -0.11006206
v 0.6324788 0.41152817 -0.109423585
v 0.6583716 0.42500144 -0.062689826
v 0.6553053 0.43402046 -0.06286815
v 0.6282036 0.42516267 -0.11038897
v 0.6313547 0.41617137 -0.11006206
v 0.64977276 0.4489142 -0.06297514
v 0.6226202 0.44003984 -0.11058512
v 0.6421025 0.46780074 -0.062806025
v 0.61500895 0.4589583 -0.110275075
v 0.6057738 0.48007342 -0.10908339
v 0.6326226 0.48879778 -0.062156007
v 0.6682807 0.42322943 -0.005843156
v 0.6593302 0.4203041 0.050655253
v 0.6583716 0.42500144 0.051003512
v 0.6673773 0.42794478 -0.005843155
v 0.6593302 0.4203041 0.050655253
v 0.6324788 0.41152817 0.09773726
v 0.6313547 0.41617137 0.09837574
v 0.6583716 0.42500144 0.051003512
v 0.6673773 0.42794478 -0.005843155
v 0.6583716 0.42500144 0.051003512
v 0.6553053 0.43402046 0.051181834
v 0.6643392 0.43697304 -0.005843155
v 0.6583716 0.42500144 0.051003512
v 0.6313547 0.41617137 0.09837574
v 0.6282036 0.42516267 0.098702654
v 0.6553053 0.43402046 0.051181834
v 0.6497729 0.4489142 0.05128883
v 0.6226203 0.44003984 0.098898806
v 0.6421026 0.4678007 0.051119708
v 0.615009 0.4589583 0.09858876
v 0.6057738 0.48007342 0.09739707
v 0.6326226 0.48879778 0.050469693
v 0.6682807 0.42322943 -0.005843156
v 0.6673918 0.42126876 -0.005843157
v 0.6585391 0.41837534 0.050038446
v 0.6593302 0.4203041 0.050655253
v 0.6593302 0.4203041 0.050655253
v 0.6585391 0.41837534 0.050038446
v 0.6319808 0.40969524 0.09660646
v 0.6324788 0.41152817 0.09773726
v 0.6682807 0.42322943 -0.005843156
v 0.6593302 0.4203041 -0.06234157
v 0.6585392 0.41837534 -0.061724767
v 0.6673918 0.42126876 -0.005843157
v 0.6593302 0.4203041 -0.06234157
v 0.6324788 0.41152817 -0.109423585
v 0.6319809 0.4096952 -0.108292766
v 0.6585392 0.41837534 -0.061724767
v 0.39976618 0.3354698 -0.005843155
v 0.3972077 0.33964422 -0.005843155
v 0.40621337 0.3425876 0.051003512
v 0.40871668 0.33839512 0.05065526
v 0.40871668 0.33839512 0.05065526
v 0.40621337 0.3425876 0.051003512
v 0.43323034 0.3514176 0.09837574
v 0.43556818 0.3471711 0.09773726
v 0.39976618 0.3354698 -0.005843155
v 0.40871668 0.33839515 -0.062341563
v 0.40621337 0.3425876 -0.062689826
v 0.3972077 0.33964422 -0.005843155
v 0.40871668 0.33839515 -0.062341563
v 0.43556818 0.34717113 -0.10942358
v 0.4332303 0.35141766 -0.11006206
v 0.40621337 0.3425876 -0.062689826
v 0.39976618 0.3354698 -0.005843155
v 0.40180892 0.33446723 -0.005843154
v 0.41066164 0.3373606 -0.061724756
v 0.40871668 0.33839515 -0.062341563
v 0.40180892 0.33446723 -0.005843154
v 0.40414715 0.33523142 -0.0058431537
v 0.412844 0.33807385 -0.060740788
v 0.412844 0.33807385 0.04905449
v 0.40871668 0.33839515 -0.062341563
v 0.41066164 0.3373606 -0.061724756
v 0.43721995 0.3460408 -0.108292766
v 0.43556818 0.34717113 -0.10942358
v 0.39976618 0.3354698 -0.005843155
v 0.40871668 0.33839512 0.05065526
v 0.41066164 0.3373606 0.05003845
v 0.40180892 0.33446723 -0.005843154
v 0.40871668 0.33839512 0.05065526
v 0.43556818 0.3471711 0.09773726
v 0.43721995 0.34604076 0.09660646
v 0.40871668 0.33839512 0.05065526
v 0.43721995 0.34604076 0.09660646
v 0.41066164 0.3373606 0.05003845
v 0.5346004 0.377868 -0.13524528
v 0.5346004 0.377868 -0.13946292
v 0.48379707 0.36126372 -0.13055494
v 0.5854037 0.39447224 -0.13055494
v 0.6277398 0.4083091 -0.103830986
v 0.6531414 0.41661116 -0.059291065
v 0.64939976 0.4153883 -0.057604007
v 0.6575997 0.4180683 -0.005843159
v 0.62479997 0.40734825 -0.10073805
v 0.6456384 0.41415897 -0.055908084
v 0.6218446 0.40638235 -0.09762885
v 0.6535697 0.4167512 -0.005843161
v 0.58380014 0.39394814 -0.12661847
v 0.6277398 0.4083091 -0.103830986
v 0.5854037 0.39447224 -0.13055494
v 0.5346004 0.377868 0.12355897
v 0.48540068 0.36178786 0.11493215
v 0.48379707 0.36126372 0.11886861
v 0.5346004 0.377868 0.12777661
v 0.44146097 0.3474269 0.09214467
v 0.48241907 0.36081335 0.12225134
v 0.43893465 0.3466012 0.09480253
v 0.5346004 0.377868 0.11931915
v 0.48841593 0.36277336 0.10753019
v 0.48701265 0.36231467 0.110975
v 0.6511338 0.47074816 -0.005843155
v 0.6421026 0.4678007 0.051119708
v 0.6326226 0.48879778 0.050469693
v 0.64157224 0.4917059 -0.005843156
v 0.6497729 0.4489142 0.05128883
v 0.65882367 0.45187232 -0.005843155
v 0.6553053 0.43402046 0.051181834
v 0.6643392 0.43697304 -0.005843155
v 0.64157224 0.4917059 -0.005843156
v 0.6326226 0.48879778 0.050469693
v 0.6216614 0.51002324 0.049134005
v 0.6304422 0.5128508 -0.0058431574
v 0.6326226 0.48879778 0.050469693
v 0.6057738 0.48007342 0.09739707
v 0.5953191 0.5015405 0.09494831
v 0.6216614 0.51002324 0.049134005
v 0.64157224 0.4917059 -0.005843156
v 0.6304422 0.5128508 -0.0058431574
v 0.6216614 0.51002324 -0.060820322
v 0.6326226 0.48879778 -0.062156007
v 0.6326226 0.48879778 -0.062156007
v 0.6216614 0.51002324 -0.060820322
v 0.5953191 0.5015405 -0.106634624
v 0.6057738 0.48007342 -0.10908339
vn -0.98561513 0.03929474 0.16437346
vn -0.98561513 0.03929474 0.16437346
vn -0.98561513 0.03929474 0.16437346
vn -0.98561513 0.03929474 0.16437346
vn -0.986394 0 0.16439871
vn -0.986394 0 0.16439871
vn -0.986394 0 0.16439885
vn -0.986394 0 0.16439885
vn -0.986394 0 0.16439898
vn -0.986394 0 0.16439898
vn -0.986394 0 0.16439898
vn -0.986394 0 0.16439898
vn -0.986394 0 0.16439858
vn -0.986394 0 0.16439858
vn -0.986394 0 0.16439858
vn -0.986394 0 0.16439858
vn -0.85663486 0.040109295 0.5143617
vn -0.85663486 0.040109295 0.5143617
vn -0.85663486 0.040109295 0.5143617
vn -0.85663486 0.040109295 0.5143617
vn -0.8574929 4.4683034E-07 0.51449585
vn -0.8574929 4.4683034E-07 0.51449585
vn -0.8574927 0 0.51449615
vn -0.8574927 0 0.51449615
vn -0.85749316 0 0.51449525
vn -0.85749316 0 0.51449525
vn -0.85749316 0 0.51449525
vn -0.85749316 0 0.51449525
vn -0.85749316 0 0.5144954
vn -0.85749316 0 0.5144954
vn -0.85749316 0 0.5144954
vn -0.85749316 0 0.5144954
vn -0.96412224 0.21087322 0.16124777
vn -0.96412224 0.21087322 0.16124777
vn -0.96412224 0.21087322 0.16124777
vn -0.96412224 0.21087322 0.16124777
vn -0.7487666 0.6506436 0.12653677
vn -0.7487666 0.6506436 0.12653677
vn -0.7487666 0.6506436 0.12653677
vn -0.7487666 0.6506436 0.12653677
vn -0.83652866 0.21499594 0.50398076
vn -0.83652866 0.21499594 0.50398076
vn -0.83652866 0.21499594 0.50398076
vn -0.83652866 0.21499594 0.50398076
vn -0.6430331 0.65781367 0.39216042
vn -0.6430331 0.65781367 0.39216042
vn -0.6430331 0.65781367 0.39216042
vn -0.6430331 0.65781367 0.39216042
vn -0.9641218 0.21087447 -0.16124865
vn -0.9641218 0.21087447 -0.16124865
vn -0.9641218 0.21087447 -0.16124865
vn -0.9641218 0.21087447 -0.16124865
vn -0.83652925 0.21499573 -0.5039798
vn -0.83652925 0.21499573 -0.5039798
vn -0.83652925 0.21499573 -0.5039798
vn -0.83652925 0.21499573 -0.5039798
vn -0.7487612 0.6506496 -0.1265374
vn -0.7487612 0.6506496 -0.1265374
vn -0.7487612 0.6506496 -0.1265374
vn -0.7487612 0.6506496 -0.1265374
vn -0.6430295 0.6578172 -0.39215994
vn -0.6430295 0.6578172 -0.39215994
vn -0.6430295 0.6578172 -0.39215994
vn -0.6430295 0.6578172 -0.39215994
vn -0.98561525 0.0392945 -0.16437303
vn -0.98561525 0.0392945 -0.16437303
vn -0.98561525 0.0392945 -0.16437303
vn -0.98561525 0.0392945 -0.16437303
vn -0.986394 0 -0.16439871
vn -0.986394 0 -0.16439871
vn -0.986394 0 -0.1643988
vn -0.986394 0 -0.1643988
vn -0.986394 0 -0.1643988
vn -0.986394 0 -0.1643988
vn -0.986394 0 -0.16439898
vn -0.986394 0 -0.16439898
vn -0.8566343 0.040109273 -0.5143626
vn -0.8566343 0.040109273 -0.5143626
vn -0.8566343 0.040109273 -0.5143626
vn -0.8566343 0.040109273 -0.5143626
vn -0.8574927 4.990221E-07 -0.51449615
vn -0.8574927 4.990221E-07 -0.51449615
vn -0.8574929 0 -0.51449585
vn -0.8574929 0 -0.51449585
vn -0.8574929 0 -0.51449585
vn -0.8574929 0 -0.51449585
vn -0.85749316 0 -0.5144952
vn -0.85749316 0 -0.5144952
vn -0.8574929 0 -0.5144957
vn -0.8574929 0 -0.5144957
vn -0.8574929 0 -0.5144957
vn -0.8574929 0 -0.5144957
vn -0.16366045 0.039467398 -0.9857269
vn -0.16366045 0.039467398 -0.9857269
vn -0.16366045 0.039467398 -0.9857269
vn -0.16366045 0.039467398 -0.9857269
vn -0.16439895 0 -0.986394
vn -0.16439895 0 -0.986394
vn -0.16439895 1.0947441E-06 -0.986394
vn -0.16439895 1.0947441E-06 -0.986394
vn -0.1643989 0 -0.986394
vn -0.1643989 0 -0.986394
vn -0.1643989 0 -0.986394
vn -0.1643989 0 -0.986394
vn -0.16439883 -1.8181942E-06 -0.986394
vn -0.16439883 -1.8181942E-06 -0.986394
vn -0.16439883 -1.8181942E-06 -0.986394
vn -0.16439883 -1.8181942E-06 -0.986394
vn -0.5136121 0.040165134 -0.85708195
vn -0.5136121 0.040165134 -0.85708195
vn -0.5136121 0.040165134 -0.85708195
vn -0.5136121 0.040165134 -0.85708195
vn -0.51449585 5.521288E-07 -0.8574929
vn -0.51449585 5.521288E-07 -0.8574929
vn -0.51449627 0 -0.8574927
vn -0.51449627 0 -0.8574927
vn -0.51449585 0 -0.8574928
vn -0.51449585 0 -0.8574928
vn -0.51449585 0 -0.8574928
vn -0.51449585 0 -0.8574928
vn -0.51449543 0 -0.8574931
vn -0.51449543 0 -0.8574931
vn -0.51449543 0 -0.8574931
vn -0.51449543 0 -0.8574931
vn -0.15739773 0.21129821 -0.9646652
vn -0.15739773 0.21129821 -0.9646652
vn -0.15739773 0.21129821 -0.9646652
vn -0.15739773 0.21129821 -0.9646652
vn -0.15739773 0.21129821 -0.9646652
vn -0.15739773 0.21129821 -0.9646652
vn -0.11501837 0.6483498 -0.75260437
vn -0.11501837 0.6483498 -0.75260437
vn -0.11501837 0.6483498 -0.75260437
vn -0.11501837 0.6483498 -0.75260437
vn -0.4999185 0.21509536 -0.83893716
vn -0.4999185 0.21509536 -0.83893716
vn -0.4999185 0.21509536 -0.83893716
vn -0.4999185 0.21509536 -0.83893716
vn -0.3802281 0.6566904 -0.6512943
vn -0.3802281 0.6566904 -0.6512943
vn -0.3802281 0.6566904 -0.6512943
vn -0.3802281 0.6566904 -0.6512943
vn 0.16396943 0.21158853 -0.96350634
vn 0.16396943 0.21158853 -0.96350634
vn 0.16396943 0.21158853 -0.96350634
vn 0.16396943 0.21158853 -0.96350634
vn 0.5049017 0.21586046 -0.8357503
vn 0.5049017 0.21586046 -0.8357503
vn 0.5049017 0.21586046 -0.8357503
vn 0.5049017 0.21586046 -0.8357503
vn 0.13536645 0.6476954 -0.7497777
vn 0.13536645 0.6476954 -0.7497777
vn 0.13536645 0.6476954 -0.7497777
vn 0.13536645 0.6476954 -0.7497777
vn 0.3968151 0.65422505 -0.64383787
vn 0.3968151 0.65422505 -0.64383787
vn 0.3968151 0.65422505 -0.64383787
vn 0.3968151 0.65422505 -0.64383787
vn 0.16488142 0.039553903 -0.98551995
vn 0.16488142 0.039553903 -0.98551995
vn 0.16488142 0.039553903 -0.98551995
vn 0.16488142 0.039553903 -0.98551995
vn 0.16439915 1.9258266E-06 -0.986394
vn 0.16439915 1.9258266E-06 -0.986394
vn 0.16439895 0 -0.986394
vn 0.16439895 0 -0.986394
vn 0.16439895 0 -0.986394
vn 0.16439895 0 -0.986394
vn 0.16439915 -1.0904303E-06 -0.986394
vn 0.16439915 -1.0904303E-06 -0.986394
vn 0.16439897 0 -0.986394
vn 0.16439897 0 -0.986394
vn 0.16439897 0 -0.986394
vn 0.16439897 0 -0.986394
vn 0.51454765 0.04042972 -0.85650814
vn 0.51454765 0.04042972 -0.85650814
vn 0.51454765 0.04042972 -0.85650814
vn 0.51454765 0.04042972 -0.85650814
vn 0.51449597 0 -0.85749274
vn 0.51449597 0 -0.85749274
vn 0.51449543 1.1474727E-06 -0.85749316
vn 0.51449543 1.1474727E-06 -0.85749316
vn 0.51449543 1.1474727E-06 -0.85749316
vn 0.51449543 1.1474727E-06 -0.85749316
vn 0.5144959 -1.1401104E-06 -0.8574928
vn 0.5144959 -1.1401104E-06 -0.8574928
vn 0.5144961 -1.905665E-06 -0.85749274
vn 0.5144961 -1.905665E-06 -0.85749274
vn 0.5144961 -1.905665E-06 -0.85749274
vn 0.5144961 -1.905665E-06 -0.85749274
vn 0.9856324 0.03972687 -0.16416653
vn 0.9856324 0.03972687 -0.16416653
vn 0.9856324 0.03972687 -0.16416653
vn 0.9856324 0.03972687 -0.16416653
vn 0.986394 0 -0.16439869
vn 0.986394 0 -0.16439869
vn 0.986394 0 -0.16439852
vn 0.986394 0 -0.16439852
vn 0.986394 0 -0.16439898
vn 0.986394 0 -0.16439898
vn 0.986394 0 -0.16439898
vn 0.986394 0 -0.16439898
vn 0.98639387 0 -0.1643992
vn 0.98639387 0 -0.1643992
vn 0.98639387 0 -0.1643992
vn 0.98639387 0 -0.1643992
vn 0.85695964 0.04048906 -0.51379055
vn 0.85695964 0.04048906 -0.51379055
vn 0.85695964 0.04048906 -0.51379055
vn 0.85695964 0.04048906 -0.51379055
vn 0.8574929 0 -0.51449585
vn 0.8574929 0 -0.51449585
vn 0.85749274 5.7469083E-07 -0.514496
vn 0.85749274 5.7469083E-07 -0.514496
vn 0.857493 -5.710013E-07 -0.51449555
vn 0.857493 -5.710013E-07 -0.51449555
vn 0.857493 -5.710013E-07 -0.51449555
vn 0.857493 -5.710013E-07 -0.51449555
vn 0.85749274 -9.543985E-07 -0.51449615
vn 0.85749274 -9.543985E-07 -0.51449615
vn 0.85749274 -9.543985E-07 -0.51449615
vn 0.85749274 -9.543985E-07 -0.51449615
vn 0.96405923 0.21202296 -0.16011228
vn 0.96405923 0.21202296 -0.16011228
vn 0.96405923 0.21202296 -0.16011228
vn 0.96405923 0.21202296 -0.16011228
vn 0.75365543 0.6454897 -0.12388136
vn 0.75365543 0.6454897 -0.12388136
vn 0.75365543 0.6454897 -0.12388136
vn 0.75365543 0.6454897 -0.12388136
vn 0.8381692 0.21596768 -0.5008296
vn 0.8381692 0.21596768 -0.5008296
vn 0.8381692 0.21596768 -0.5008296
vn 0.8381692 0.21596768 -0.5008296
vn 0.6520799 0.65314883 -0.38495257
vn 0.6520799 0.65314883 -0.38495257
vn 0.6520799 0.65314883 -0.38495257
vn 0.6520799 0.65314883 -0.38495257
vn 0.9640594 0.21202266 0.16011135
vn 0.9640594 0.21202266 0.16011135
vn 0.9640594 0.21202266 0.16011135
vn 0.9640594 0.21202266 0.16011135
vn 0.8381688 0.2159686 0.50082994
vn 0.8381688 0.2159686 0.50082994
vn 0.8381688 0.2159686 0.50082994
vn 0.8381688 0.2159686 0.50082994
vn 0.7536555 0.6454895 0.123881444
vn 0.7536555 0.6454895 0.123881444
vn 0.7536555 0.6454895 0.123881444
vn 0.7536555 0.6454895 0.123881444
vn 0.6520819 0.65314704 0.384952
vn 0.6520819 0.65314704 0.384952
vn 0.6520819 0.65314704 0.384952
vn 0.6520819 0.65314704 0.384952
vn 0.9856324 0.039726768 0.16416639
vn 0.9856324 0.039726768 0.16416639
vn 0.9856324 0.039726768 0.16416639
vn 0.9856324 0.039726768 0.16416639
vn 0.986394 0 0.16439886
vn 0.986394 0 0.16439886
vn 0.9863941 0 0.16439848
vn 0.9863941 0 0.16439848
vn 0.9863941 0 0.16439848
vn 0.9863941 0 0.16439848
vn 0.986394 0 0.16439898
vn 0.986394 0 0.16439898
vn 0.98639387 0 0.1643992
vn 0.98639387 0 0.1643992
vn 0.98639387 0 0.1643992
vn 0.98639387 0 0.1643992
vn 0.8569603 0.04048896 0.51378953
vn 0.8569603 0.04048896 0.51378953
vn 0.8569603 0.04048896 0.51378953
vn 0.8569603 0.04048896 0.51378953
vn 0.85749274 0 0.514496
vn 0.85749274 0 0.514496
vn 0.85749257 0 0.51449645
vn 0.85749257 0 0.51449645
vn 0.85749257 0 0.51449645
vn 0.85749257 0 0.51449645
vn 0.8574933 0 0.5144952
vn 0.8574933 0 0.5144952
vn 0.8574927 0 0.5144962
vn 0.8574927 0 0.5144962
vn 0.8574927 0 0.5144962
vn 0.8574927 0 0.5144962
vn 0.16488141 0.039558087 0.98551977
vn 0.16488141 0.039558087 0.98551977
vn 0.16488141 0.039558087 0.98551977
vn 0.16488141 0.039558087 0.98551977
vn 0.16439891 0 0.986394
vn 0.16439891 0 0.986394
vn 0.16439886 1.0974641E-06 0.986394
vn 0.16439886 1.0974641E-06 0.986394
vn 0.16439906 0 0.986394
vn 0.16439906 0 0.986394
vn 0.16439906 0 0.986394
vn 0.16439906 0 0.986394
vn 0.16439961 -1.8226577E-06 0.98639387
vn 0.16439961 -1.8226577E-06 0.98639387
vn 0.16439961 -1.8226577E-06 0.98639387
vn 0.16439961 -1.8226577E-06 0.98639387
vn 0.514548 0.04043048 0.85650784
vn 0.514548 0.04043048 0.85650784
vn 0.514548 0.04043048 0.85650784
vn 0.514548 0.04043048 0.85650784
vn 0.51449597 0 0.85749274
vn 0.51449597 0 0.85749274
vn 0.51449656 0 0.8574925
vn 0.51449656 0 0.8574925
vn 0.5144952 0 0.8574933
vn 0.5144952 0 0.8574933
vn 0.5144952 0 0.8574933
vn 0.5144952 0 0.8574933
vn 0.5144971 0 0.85749215
vn 0.5144971 0 0.85749215
vn 0.5144971 0 0.85749215
vn 0.5144971 0 0.85749215
vn 0.16396955 0.21159045 0.9635058
vn 0.16396955 0.21159045 0.9635058
vn 0.16396955 0.21159045 0.9635058
vn 0.16396955 0.21159045 0.9635058
vn 0.1353671 0.64769435 0.7497785
vn 0.1353671 0.64769435 0.7497785
vn 0.1353671 0.64769435 0.7497785
vn 0.1353671 0.64769435 0.7497785
vn 0.5049022 0.21585357 0.8357517
vn 0.5049022 0.21585357 0.8357517
vn 0.5049022 0.21585357 0.8357517
vn 0.5049022 0.21585357 0.8357517
vn 0.396808 0.6542353 0.643832
vn 0.396808 0.6542353 0.643832
vn 0.396808 0.6542353 0.643832
vn 0.396808 0.6542353 0.643832
vn -0.1573974 0.21130161 0.9646645
vn -0.1573974 0.21130161 0.9646645
vn -0.1573974 0.21130161 0.9646645
vn -0.1573974 0.21130161 0.9646645
vn -0.49991944 0.21509047 0.8389378
vn -0.49991944 0.21509047 0.8389378
vn -0.49991944 0.21509047 0.8389378
vn -0.49991944 0.21509047 0.8389378
vn -0.11501841 0.64835364 0.752601
vn -0.11501841 0.64835364 0.752601
vn -0.11501841 0.64835364 0.752601
vn -0.11501841 0.64835364 0.752601
vn -0.38022977 0.65669197 0.6512918
vn -0.38022977 0.65669197 0.6512918
vn -0.38022977 0.65669197 0.6512918
vn -0.38022977 0.65669197 0.6512918
vn -0.16366138 0.039462492 0.9857269
vn -0.16366138 0.039462492 0.9857269
vn -0.16366138 0.039462492 0.9857269
vn -0.16366138 0.039462492 0.9857269
vn -0.1643986 1.9210186E-06 0.986394
vn -0.1643986 1.9210186E-06 0.986394
vn -0.16439909 0 0.986394
vn -0.16439909 0 0.986394
vn -0.16439909 0 0.986394
vn -0.16439909 0 0.986394
vn -0.16439897 -1.0877336E-06 0.986394
vn -0.16439897 -1.0877336E-06 0.986394
vn -0.1643992 0 0.986394
vn -0.1643992 0 0.986394
vn -0.1643992 0 0.986394
vn -0.1643992 0 0.986394
vn -0.51361233 0.04016848 0.85708165
vn -0.51361233 0.04016848 0.85708165
vn -0.51361233 0.04016848 0.85708165
vn -0.51361233 0.04016848 0.85708165
vn -0.5144957 0 0.857493
vn -0.514496 0 0.85749274
vn -0.514496 0 0.85749274
vn -0.514496 0 0.85749274
vn -0.514496 0 0.85749274
vn -0.51449585 0 0.8574928
vn -0.51449585 0 0.8574928
vn -0.51449543 0 0.8574931
vn -0.51449543 0 0.8574931
vn -0.51449543 0 0.8574931
vn -0.51449543 0 0.8574931
vn -0.5144957 0 0.857493
vn -0.5144957 0 0.857493
vn -0.5144957 0 0.857493
vn -0.5144955 0 0.857493
vn -0.017827842 -0.9998313 -0.004410504
vn -0.017827842 -0.9998313 -0.004410504
vn -0.017827842 -0.9998313 -0.004410504
vn -0.017827842 -0.9998313 -0.004410504
vn -0.019106328 -0.99969876 -0.015408746
vn -0.019106328 -0.99969876 -0.015408746
vn -0.02884757 -0.9995677 -0.0056808703
vn -0.02884757 -0.9995677 -0.0056808703
vn -0.030933704 -0.99936813 -0.017509107
vn -0.009017914 -0.9999497 -0.0044015404
vn -0.009017914 -0.9999497 -0.0044015404
vn 0.001936306 -0.99998224 -0.0056516817
vn 0.001936306 -0.99998224 -0.0056516817
vn -0.0077752373 -0.99985147 -0.015380625
vn 0.0039993124 -0.99984 -0.017430795
vn -0.009018001 -0.9999497 0.004401538
vn -0.009018001 -0.9999497 0.004401538
vn -0.007775238 -0.99985147 0.015380628
vn -0.007775238 -0.99985147 0.015380628
vn 0.0019363818 -0.99998224 0.005651682
vn 0.0039994353 -0.99984 0.017430788
vn -0.019106364 -0.99969876 0.015408746
vn -0.017827742 -0.9998313 0.004410503
vn -0.028847665 -0.9995677 0.005680871
vn -0.030933704 -0.99936813 0.017509107
vn -0.0042350944 -0.9991559 0.040860772
vn -0.0042350944 -0.9991559 0.040860772
vn 0.011578349 -0.99928623 0.035957713
vn -0.02269361 -0.99890506 0.04090993
vn -0.03856559 -0.9986045 0.03608133
vn 0.027309267 -0.99958473 0.009199945
vn 0.027309328 -0.99958473 -0.009199944
vn 0.027309328 -0.99958473 -0.009199944
vn 0.022472356 -0.99943465 -0.025006332
vn -0.00423559 -0.9991559 -0.040860448
vn -0.022693545 -0.99890506 -0.040909927
vn -0.022693545 -0.99890506 -0.040909927
vn -0.03856559 -0.9986045 -0.036081333
vn -0.05444643 -0.9984737 -0.009261383
vn -0.05444667 -0.9984737 0.009261386
vn -0.05444667 -0.9984737 0.009261386
vn 0.4631438 0.8831205 0.07480632
vn 0.4631438 0.8831205 0.07480632
vn 0.4631438 0.8831205 0.07480632
vn 0.4631438 0.8831205 0.07480632
vn 0.11268875 0.9934999 0.016104382
vn 0.11268875 0.9934999 0.016104382
vn 0.11268875 0.9934999 0.016104382
vn 0.11268875 0.9934999 0.016104382
vn 0.09845474 0.993913 0.049431413
vn 0.09845474 0.993913 0.049431413
vn 0.11268875 0.9934999 -0.016104378
vn 0.11268875 0.9934999 -0.016104378
vn 0.098454855 0.993913 -0.049431395
vn 0.098454855 0.993913 -0.049431395
vn 0.032207683 0.9947877 0.09674779
vn 0.032207683 0.9947877 0.09674779
vn -4.1113974E-05 0.9953042 0.09679584
vn -4.1113974E-05 0.9953042 0.09679584
vn -4.1113974E-05 0.9953042 0.09679584
vn -4.1113974E-05 0.9953042 0.09679584
vn -0.06648611 0.9965559 0.04955833
vn -0.06648611 0.9965559 0.04955833
vn -0.08080524 0.996599 0.016153075
vn -0.08080524 0.996599 0.016153075
vn -0.08080541 0.996599 -0.016153071
vn -0.08080541 0.996599 -0.016153071
vn -0.08080541 0.996599 -0.016153071
vn -0.08080541 0.996599 -0.016153071
vn -0.06648591 0.9965559 -0.04955856
vn -0.06648591 0.9965559 -0.04955856
vn -4.1426236E-05 0.9953042 -0.09679608
vn -4.1426236E-05 0.9953042 -0.09679608
vn 0.032207683 0.9947877 -0.09674779
vn 0.032207683 0.9947877 -0.09674779
vn 0.032207683 0.9947877 -0.09674779
vn 0.032207683 0.9947877 -0.09674779
vn -0.0022117307 0.9939731 -0.10960259
vn -0.0022117307 0.9939731 -0.10960259
vn -0.0022117307 0.9939731 -0.10960259
vn -0.0022117307 0.9939731 -0.10960259
vn -0.040083177 0.99480397 -0.093586564
vn -0.040083177 0.99480397 -0.093586564
vn 0.034282643 0.99340457 -0.109417036
vn 0.034282643 0.99340457 -0.109417036
vn 0.07191487 0.993054 -0.09312372
vn 0.07191487 0.993054 -0.09312372
vn 0.12504564 0.99198455 -0.018170608
vn 0.12504564 0.99198455 -0.018170608
vn 0.12504564 0.99198455 -0.018170608
vn 0.12504564 0.99198455 -0.018170608
vn 0.10902936 0.9924712 -0.055799082
vn 0.10902936 0.9924712 -0.055799082
vn 0.12504764 0.9919843 0.018170785
vn 0.12504764 0.9919843 0.018170785
vn 0.1090309 0.992471 0.055799216
vn 0.1090309 0.992471 0.055799216
vn 0.03428248 0.99340457 0.10941686
vn 0.03428248 0.99340457 0.10941686
vn 0.03428248 0.99340457 0.10941686
vn 0.03428248 0.99340457 0.10941686
vn 0.07191458 0.9930541 0.09312316
vn 0.07191458 0.9930541 0.09312316
vn -0.00221173 0.99397284 0.10960393
vn -0.00221173 0.99397284 0.10960393
vn -0.040083587 0.99480385 0.09358672
vn -0.040083587 0.99480385 0.09358672
vn -0.09391957 0.995411 0.018333282
vn -0.09391957 0.995411 0.018333282
vn -0.09391957 0.995411 0.018333282
vn -0.09391957 0.995411 0.018333282
vn -0.07763443 0.995395 0.056227967
vn -0.07763443 0.995395 0.056227967
vn -0.09392151 0.99541086 -0.01833341
vn -0.09392151 0.99541086 -0.01833341
vn -0.07763424 0.995395 -0.05622777
vn -0.07763424 0.995395 -0.05622777
vn 0.40038434 0.8865933 0.23161313
vn 0.40038434 0.8865933 0.23161313
vn 0.40038434 0.8865933 0.23161313
vn 0.40038434 0.8865933 0.23161313
vn 0.4631438 0.8831205 -0.0748063
vn 0.4631438 0.8831205 -0.0748063
vn 0.4631438 0.8831205 -0.0748063
vn 0.4631438 0.8831205 -0.0748063
vn 0.40038452 0.8865933 -0.23161316
vn 0.40038452 0.8865933 -0.23161316
vn 0.40038452 0.8865933 -0.23161316
vn 0.40038452 0.8865933 -0.23161316
vn 0.77875763 0.6141033 -0.12811643
vn 0.77875763 0.6141033 -0.12811643
vn 0.77875763 0.6141033 -0.12811643
vn 0.77875763 0.6141033 -0.12811643
vn 0.91848904 0.36504757 -0.15204692
vn 0.91848904 0.36504757 -0.15204692
vn 0.91848904 0.36504757 -0.15204692
vn 0.91848904 0.36504757 -0.15204692
vn 0.6776389 0.616757 -0.4005201
vn 0.6776389 0.616757 -0.4005201
vn 0.6776389 0.616757 -0.4005201
vn 0.6776389 0.616757 -0.4005201
vn 0.80093783 0.36206934 -0.4768694
vn 0.80093783 0.36206934 -0.4768694
vn 0.80093783 0.36206934 -0.4768694
vn 0.80093783 0.36206934 -0.4768694
vn 0.7787575 0.61410326 0.12811628
vn 0.7787575 0.61410326 0.12811628
vn 0.7787575 0.61410326 0.12811628
vn 0.7787575 0.61410326 0.12811628
vn 0.6776389 0.6167571 0.40051997
vn 0.6776389 0.6167571 0.40051997
vn 0.6776389 0.6167571 0.40051997
vn 0.6776389 0.6167571 0.40051997
vn 0.9184889 0.3650476 0.15204723
vn 0.9184889 0.3650476 0.15204723
vn 0.9184889 0.3650476 0.15204723
vn 0.9184889 0.3650476 0.15204723
vn 0.8009379 0.3620693 0.4768693
vn 0.8009379 0.3620693 0.4768693
vn 0.8009379 0.3620693 0.4768693
vn 0.8009379 0.3620693 0.4768693
vn 0.9791322 0.122680396 0.16201808
vn 0.9791322 0.122680396 0.16201808
vn 0.9791322 0.122680396 0.16201808
vn 0.9791322 0.122680396 0.16201808
vn 0.96635824 0.20102708 0.16043653
vn 0.96635824 0.20102708 0.16043653
vn 0.96635824 0.20102708 0.16043653
vn 0.96635824 0.20102708 0.16043653
vn 0.8534447 0.11534647 0.5082591
vn 0.8534447 0.11534647 0.5082591
vn 0.8534447 0.11534647 0.5082591
vn 0.8534447 0.11534647 0.5082591
vn 0.8422234 0.19358762 0.50317353
vn 0.8422234 0.19358762 0.50317353
vn 0.8422234 0.19358762 0.50317353
vn 0.8422234 0.19358762 0.50317353
vn 0.8422234 0.19358762 0.50317353
vn 0.8422234 0.19358762 0.50317353
vn 0.97913206 0.12268041 -0.16201827
vn 0.97913206 0.12268041 -0.16201827
vn 0.97913206 0.12268041 -0.16201827
vn 0.97913206 0.12268041 -0.16201827
vn 0.85344505 0.11534656 -0.5082585
vn 0.85344505 0.11534656 -0.5082585
vn 0.85344505 0.11534656 -0.5082585
vn 0.85344505 0.11534656 -0.5082585
vn 0.96635824 0.20102714 -0.16043624
vn 0.96635824 0.20102714 -0.16043624
vn 0.96635824 0.20102714 -0.16043624
vn 0.96635824 0.20102714 -0.16043624
vn 0.8422232 0.19358759 -0.503174
vn 0.8422232 0.19358759 -0.503174
vn 0.8422232 0.19358759 -0.503174
vn 0.8422232 0.19358759 -0.503174
vn 0.9851226 0.062899925 -0.15992785
vn 0.9851226 0.062899925 -0.15992785
vn 0.9851226 0.062899925 -0.15992785
vn 0.9851226 0.062899925 -0.15992785
vn 0.98814106 -0.0026658638 -0.15352586
vn 0.98814106 -0.0026658638 -0.15352586
vn 0.98814106 -0.0026658638 -0.15352586
vn 0.98814106 -0.0026658638 -0.15352586
vn 0.86194885 0.058165487 -0.5036476
vn 0.86194885 0.058165487 -0.5036476
vn 0.86194885 0.058165487 -0.5036476
vn 0.86194885 0.058165487 -0.5036476
vn 0.87275475 -0.002357022 -0.48815316
vn 0.87275475 -0.002357022 -0.48815316
vn 0.87275475 -0.002357022 -0.48815316
vn 0.87275475 -0.002357022 -0.48815316
vn 0.9851226 0.062899955 0.159928
vn 0.9851226 0.062899955 0.159928
vn 0.9851226 0.062899955 0.159928
vn 0.9851226 0.062899955 0.159928
vn 0.86194915 0.05816554 0.50364715
vn 0.86194915 0.05816554 0.50364715
vn 0.86194915 0.05816554 0.50364715
vn 0.86194915 0.05816554 0.50364715
vn 0.98814106 -0.0026658638 0.15352589
vn 0.98814106 -0.0026658638 0.15352589
vn 0.98814106 -0.0026658638 0.15352589
vn 0.98814106 -0.0026658638 0.15352589
vn 0.8727549 -0.0023570245 0.4881532
vn 0.8727549 -0.0023570245 0.4881532
vn 0.8727549 -0.0023570245 0.4881532
vn 0.8727549 -0.0023570245 0.4881532
vn -0.46684918 0.88069403 -0.080186
vn -0.46684918 0.88069403 -0.080186
vn -0.46684918 0.88069403 -0.080186
vn -0.46684918 0.88069403 -0.080186
vn -0.3954379 0.88497424 -0.24586461
vn -0.3954379 0.88497424 -0.24586461
vn -0.3954379 0.88497424 -0.24586461
vn -0.3954379 0.88497424 -0.24586461
vn -0.46684933 0.88069403 0.08018601
vn -0.46684933 0.88069403 0.08018601
vn -0.46684933 0.88069403 0.08018601
vn -0.46684933 0.88069403 0.08018601
vn -0.39543802 0.88497424 0.24586464
vn -0.39543802 0.88497424 0.24586464
vn -0.39543802 0.88497424 0.24586464
vn -0.39543802 0.88497424 0.24586464
vn -0.82985 0.5401939 0.13978337
vn -0.82985 0.5401939 0.13978337
vn -0.82985 0.5401939 0.13978337
vn -0.82985 0.5401939 0.13978337
vn -0.9596717 0.23073392 0.16059908
vn -0.9596717 0.23073392 0.16059908
vn -0.9596717 0.23073392 0.16059908
vn -0.9596717 0.23073392 0.16059908
vn -0.7113917 0.55412436 0.43228227
vn -0.7113917 0.55412436 0.43228227
vn -0.7113917 0.55412436 0.43228227
vn -0.7113917 0.55412436 0.43228227
vn -0.8300387 0.24597366 0.5005323
vn -0.8300387 0.24597366 0.5005323
vn -0.8300387 0.24597366 0.5005323
vn -0.8300387 0.24597366 0.5005323
vn -0.82985 0.5401939 -0.13978341
vn -0.82985 0.5401939 -0.13978341
vn -0.82985 0.5401939 -0.13978341
vn -0.82985 0.5401939 -0.13978341
vn -0.7113916 0.5541244 -0.43228236
vn -0.7113916 0.5541244 -0.43228236
vn -0.7113916 0.5541244 -0.43228236
vn -0.7113916 0.5541244 -0.43228236
vn -0.9596717 0.23073392 -0.16059908
vn -0.9596717 0.23073392 -0.16059908
vn -0.9596717 0.23073392 -0.16059908
vn -0.9596717 0.23073392 -0.16059908
vn -0.8300387 0.24597365 -0.5005323
vn -0.8300387 0.24597365 -0.5005323
vn -0.8300387 0.24597365 -0.5005323
vn -0.8300387 0.24597365 -0.5005323
vn -0.06358118 0.8818613 0.46720237
vn -0.06358118 0.8818613 0.46720237
vn -0.06358118 0.8818613 0.46720237
vn -0.06358118 0.8818613 0.46720237
vn -0.22856006 0.8853627 0.40483722
vn -0.22856006 0.8853627 0.40483722
vn -0.22856006 0.8853627 0.40483722
vn -0.22856006 0.8853627 0.40483722
vn 0.09126065 0.8822724 0.46180832
vn 0.09126065 0.8822724 0.46180832
vn 0.09126065 0.8822724 0.46180832
vn 0.09126065 0.8822724 0.46180832
vn 0.24869701 0.88634616 0.39056408
vn 0.24869701 0.88634616 0.39056408
vn 0.24869701 0.88634616 0.39056408
vn 0.24869701 0.88634616 0.39056408
vn 0.14256236 0.5858499 0.7977819
vn 0.14256236 0.5858499 0.7977819
vn 0.14256236 0.5858499 0.7977819
vn 0.14256236 0.5858499 0.7977819
vn 0.16135457 0.31190935 0.9363104
vn 0.16135457 0.31190935 0.9363104
vn 0.16135457 0.31190935 0.9363104
vn 0.16135457 0.31190935 0.9363104
vn 0.41674036 0.60547405 0.6780329
vn 0.41674036 0.60547405 0.6780329
vn 0.41674036 0.60547405 0.6780329
vn 0.41674036 0.60547405 0.6780329
vn 0.48803514 0.34030896 0.8037484
vn 0.48803514 0.34030896 0.8037484
vn 0.48803514 0.34030896 0.8037484
vn 0.48803514 0.34030896 0.8037484
vn 0.48803514 0.34030896 0.8037484
vn 0.48803514 0.34030896 0.8037484
vn -0.12552099 0.57353497 0.80950725
vn -0.12552099 0.57353497 0.80950725
vn -0.12552099 0.57353497 0.80950725
vn -0.12552099 0.57353497 0.80950725
vn -0.41661993 0.5678964 0.7098743
vn -0.41661993 0.5678964 0.7098743
vn -0.41661993 0.5678964 0.7098743
vn -0.41661993 0.5678964 0.7098743
vn -0.15257116 0.28945577 0.94495356
vn -0.15257116 0.28945577 0.94495356
vn -0.15257116 0.28945577 0.94495356
vn -0.15257116 0.28945577 0.94495356
vn -0.4919226 0.2705452 0.82753694
vn -0.4919226 0.2705452 0.82753694
vn -0.4919226 0.2705452 0.82753694
vn -0.4919226 0.2705452 0.82753694
vn 0.091260746 0.8822724 -0.46180832
vn 0.091260746 0.8822724 -0.46180832
vn 0.091260746 0.8822724 -0.46180832
vn 0.091260746 0.8822724 -0.46180832
vn 0.24869698 0.88634616 -0.39056408
vn 0.24869698 0.88634616 -0.39056408
vn 0.24869698 0.88634616 -0.39056408
vn 0.24869698 0.88634616 -0.39056408
vn -0.06358118 0.8818613 -0.46720237
vn -0.06358118 0.8818613 -0.46720237
vn -0.06358118 0.8818613 -0.46720237
vn -0.06358118 0.8818613 -0.46720237
vn -0.22855996 0.8853627 -0.40483722
vn -0.22855996 0.8853627 -0.40483722
vn -0.22855996 0.8853627 -0.40483722
vn -0.22855996 0.8853627 -0.40483722
vn -0.12552096 0.57353485 -0.8095074
vn -0.12552096 0.57353485 -0.8095074
vn -0.12552096 0.57353485 -0.8095074
vn -0.12552096 0.57353485 -0.8095074
vn -0.15257116 0.2894558 -0.94495356
vn -0.15257116 0.2894558 -0.94495356
vn -0.15257116 0.2894558 -0.94495356
vn -0.15257116 0.2894558 -0.94495356
vn -0.4166199 0.5678964 -0.70987415
vn -0.4166199 0.5678964 -0.70987415
vn -0.4166199 0.5678964 -0.70987415
vn -0.4166199 0.5678964 -0.70987415
vn -0.49192262 0.27054518 -0.82753694
vn -0.49192262 0.27054518 -0.82753694
vn -0.49192262 0.27054518 -0.82753694
vn -0.49192262 0.27054518 -0.82753694
vn 0.14256236 0.58584994 -0.7977818
vn 0.14256236 0.58584994 -0.7977818
vn 0.14256236 0.58584994 -0.7977818
vn 0.14256236 0.58584994 -0.7977818
vn 0.41674033 0.60547405 -0.67803293
vn 0.41674033 0.60547405 -0.67803293
vn 0.41674033 0.60547405 -0.67803293
vn 0.41674033 0.60547405 -0.67803293
vn 0.16135459 0.31190932 -0.93631047
vn 0.16135459 0.31190932 -0.93631047
vn 0.16135459 0.31190932 -0.93631047
vn 0.16135459 0.31190932 -0.93631047
vn 0.48803502 0.34030887 -0.80374855
vn 0.48803502 0.34030887 -0.80374855
vn 0.48803502 0.34030887 -0.80374855
vn 0.48803502 0.34030887 -0.80374855
vn -0.19186923 0.059655868 0.97960573
vn -0.19186923 0.059655868 0.97960573
vn -0.19186923 0.059655868 0.97960573
vn -0.19186923 0.059655868 0.97960573
vn -0.1836322 0.033720072 0.9824165
vn -0.1836322 0.033720072 0.9824165
vn -0.18680774 0.09353432 0.97793365
vn -0.18680774 0.09353432 0.97793365
vn -0.15983737 0.126736 0.978974
vn -0.15983737 0.126736 0.978974
vn -0.16677213 0.022390617 0.98574114
vn -0.16677213 0.022390617 0.98574114
vn -0.16355291 0.048452575 0.985344
vn -0.16355291 0.048452575 0.985344
vn -0.16355291 0.048452575 0.985344
vn -0.16355291 0.048452575 0.985344
vn -0.56905353 0.17240873 0.8040232
vn -0.56905353 0.17240873 0.8040232
vn -0.56905353 0.17240873 0.8040232
vn -0.56905353 0.17240873 0.8040232
vn -0.56905353 0.17240873 0.8040232
vn -0.56905353 0.17240873 0.8040232
vn -0.5582787 0.09016404 0.82473963
vn -0.5582787 0.09016404 0.82473963
vn -0.5582787 0.09016404 0.82473963
vn -0.5582787 0.09016404 0.82473963
vn 0.19750203 -0.049221702 0.979066
vn 0.19750203 -0.049221702 0.979066
vn 0.19750203 -0.049221702 0.979066
vn 0.19750203 -0.049221702 0.979066
vn 0.1884633 -0.01622047 0.9819463
vn 0.1884633 -0.01622047 0.9819463
vn 0.19070739 -0.0894918 0.97755915
vn 0.19070739 -0.0894918 0.97755915
vn 0.16055216 -0.1263028 0.978913
vn 0.16055216 -0.1263028 0.978913
vn 0.1697676 0.032421563 0.98495066
vn 0.1697676 0.032421563 0.98495066
vn 0.16642518 0.069277026 0.98361754
vn 0.16642518 0.069277026 0.98361754
vn 0.16642518 0.069277026 0.98361754
vn 0.16642518 0.069277026 0.98361754
vn 0.5798943 -0.14834264 0.8010725
vn 0.5798943 -0.14834264 0.8010725
vn 0.5798943 -0.14834264 0.8010725
vn 0.5798943 -0.14834264 0.8010725
vn 0.565234 -0.060362693 0.82271916
vn 0.565234 -0.060362693 0.82271916
vn 0.565234 -0.060362693 0.82271916
vn 0.565234 -0.060362693 0.82271916
vn 0.5555919 -0.25949812 0.789923
vn 0.5555919 -0.25949812 0.789923
vn 0.5555919 -0.25949812 0.789923
vn 0.5555919 -0.25949812 0.789923
vn 0.4739009 -0.36994523 0.79909855
vn 0.4739009 -0.36994523 0.79909855
vn 0.4739009 -0.36994523 0.79909855
vn 0.4739009 -0.36994523 0.79909855
vn -0.5447629 0.27338696 0.7927754
vn -0.5447629 0.27338696 0.7927754
vn -0.5447629 0.27338696 0.7927754
vn -0.5447629 0.27338696 0.7927754
vn -0.5447629 0.27338696 0.7927754
vn -0.5447629 0.27338696 0.7927754
vn -0.4685699 0.3740657 0.8003232
vn -0.4685699 0.3740657 0.8003232
vn -0.4685699 0.3740657 0.8003232
vn -0.4685699 0.3740657 0.8003232
vn -0.9864957 -0.0012182954 -0.16378222
vn -0.9864957 -0.0012182954 -0.16378222
vn -0.9864957 -0.0012182954 -0.16378222
vn -0.9864957 -0.0012182954 -0.16378222
vn -0.9853829 0.044757597 -0.16436929
vn -0.9853829 0.044757597 -0.16436929
vn -0.9869696 0.004176133 -0.1608526
vn -0.9869696 0.004176133 -0.1608526
vn -0.9867247 0.050716817 -0.15428016
vn -0.9867247 0.050716817 -0.15428016
vn -0.85828334 0.007463251 -0.51312196
vn -0.85828334 0.007463251 -0.51312196
vn -0.85828334 0.007463251 -0.51312196
vn -0.85828334 0.007463251 -0.51312196
vn -0.86244 0.006835494 -0.50611305
vn -0.86244 0.006835494 -0.50611305
vn -0.8705525 0.044866413 -0.49002585
vn -0.8705525 0.044866413 -0.49002585
vn -0.8557778 0.057740342 -0.51411116
vn -0.8557778 0.057740342 -0.51411116
vn -0.8557778 0.057740342 -0.51411116
vn -0.8557778 0.057740342 -0.51411116
vn -0.9864957 -0.0012182975 0.1637822
vn -0.9864957 -0.0012182975 0.1637822
vn -0.9864957 -0.0012182975 0.1637822
vn -0.9864957 -0.0012182975 0.1637822
vn -0.9853829 0.044757597 0.16436929
vn -0.9853829 0.044757597 0.16436929
vn -0.9869696 0.0041761342 0.1608526
vn -0.9869696 0.0041761342 0.1608526
vn -0.9867247 0.050716814 0.15428011
vn -0.9867247 0.050716814 0.15428011
vn -0.85828334 0.0074632475 0.51312196
vn -0.85828334 0.0074632475 0.51312196
vn -0.85828334 0.0074632475 0.51312196
vn -0.85828334 0.0074632475 0.51312196
vn -0.86244 0.006835499 0.5061131
vn -0.86244 0.006835499 0.5061131
vn -0.8705525 0.0448664 0.4900259
vn -0.8705525 0.0448664 0.4900259
vn -0.8557778 0.057740323 0.51411116
vn -0.8557778 0.057740323 0.51411116
vn -0.8557778 0.057740323 0.51411116
vn -0.8557778 0.057740323 0.51411116
vn -0.16136658 0.111198984 0.98060983
vn -0.16136658 0.111198984 0.98060983
vn -0.16136658 0.111198984 0.98060983
vn -0.16136658 0.111198984 0.98060983
vn -0.51518774 0.02808037 0.8566172
vn -0.51518774 0.02808037 0.8566172
vn -0.51518774 0.02808037 0.8566172
vn -0.51518774 0.02808037 0.8566172
vn -0.5224386 0.014128288 0.8525599
vn -0.5224386 0.014128288 0.8525599
vn -0.53828806 0.030460779 0.8422103
vn -0.53828806 0.030460779 0.8422103
vn -0.5114404 0.08552389 0.85505235
vn -0.5114404 0.08552389 0.85505235
vn -0.5114404 0.08552389 0.85505235
vn -0.5114404 0.08552389 0.85505235
vn 0.5155373 0.09308578 0.8517959
vn 0.5155373 0.09308578 0.8517959
vn 0.5155373 0.09308578 0.8517959
vn 0.5155373 0.09308578 0.8517959
vn 0.16532609 0.13736287 0.9766261
vn 0.16532609 0.13736287 0.9766261
vn 0.16532609 0.13736287 0.9766261
vn 0.16532609 0.13736287 0.9766261
vn 0.509537 0.16721842 0.8440438
vn 0.509537 0.16721842 0.8440438
vn 0.509537 0.16721842 0.8440438
vn 0.509537 0.16721842 0.8440438
vn 0.52441806 0.045314476 0.8502543
vn 0.52441806 0.045314476 0.8502543
vn 0.52441806 0.045314476 0.8502543
vn 0.52441806 0.045314476 0.8502543
vn 0.54145944 0.001146207 0.840726
vn 0.54145944 0.001146207 0.840726
vn 0.54145944 0.001146207 0.840726
vn 0.54145944 0.001146207 0.840726
vn 0.16642529 0.06927704 -0.98361754
vn 0.16642529 0.06927704 -0.98361754
vn 0.16642529 0.06927704 -0.98361754
vn 0.16642529 0.06927704 -0.98361754
vn 0.16976748 0.03242158 -0.98495066
vn 0.16976748 0.03242158 -0.98495066
vn 0.1769706 0.007261718 -0.98418933
vn 0.1769706 0.007261718 -0.98418933
vn 0.19750197 -0.049221553 -0.979066
vn 0.19750197 -0.049221553 -0.979066
vn 0.19750197 -0.049221553 -0.979066
vn 0.19750197 -0.049221553 -0.979066
vn 0.1907073 -0.08949188 -0.97755915
vn 0.1907073 -0.08949188 -0.97755915
vn 0.16055222 -0.12630278 -0.978913
vn 0.16055222 -0.12630278 -0.978913
vn 0.16532609 0.13736287 -0.9766261
vn 0.16532609 0.13736287 -0.9766261
vn 0.16532609 0.13736287 -0.9766261
vn 0.16532609 0.13736287 -0.9766261
vn 0.51553714 0.09308575 -0.85179603
vn 0.51553714 0.09308575 -0.85179603
vn 0.51553714 0.09308575 -0.85179603
vn 0.51553714 0.09308575 -0.85179603
vn 0.5095368 0.16721842 -0.84404397
vn 0.5095368 0.16721842 -0.84404397
vn 0.5095368 0.16721842 -0.84404397
vn 0.5095368 0.16721842 -0.84404397
vn -0.16355291 0.048452567 -0.985344
vn -0.16355291 0.048452567 -0.985344
vn -0.16355291 0.048452567 -0.985344
vn -0.16355291 0.048452567 -0.985344
vn -0.16677229 0.022390641 -0.98574114
vn -0.16677229 0.022390641 -0.98574114
vn -0.17390457 0.016806163 -0.9846191
vn -0.17390457 0.016806163 -0.9846191
vn -0.1918691 0.059655804 -0.97960573
vn -0.1918691 0.059655804 -0.97960573
vn -0.1918691 0.059655804 -0.97960573
vn -0.1918691 0.059655804 -0.97960573
vn -0.18680747 0.09353413 -0.9779337
vn -0.18680747 0.09353413 -0.9779337
vn -0.1598372 0.12673594 -0.978974
vn -0.1598372 0.12673594 -0.978974
vn -0.5151878 0.028080378 -0.8566172
vn -0.5151878 0.028080378 -0.8566172
vn -0.5151878 0.028080378 -0.8566172
vn -0.5151878 0.028080378 -0.8566172
vn -0.52243847 0.014128292 -0.8525599
vn -0.52243847 0.014128292 -0.8525599
vn -0.5382878 0.030460788 -0.8422104
vn -0.5382878 0.030460788 -0.8422104
vn -0.16136645 0.11119896 -0.98060983
vn -0.16136645 0.11119896 -0.98060983
vn -0.16136645 0.11119896 -0.98060983
vn -0.16136645 0.11119896 -0.98060983
vn -0.51144046 0.08552389 -0.85505223
vn -0.51144046 0.08552389 -0.85505223
vn -0.51144046 0.08552389 -0.85505223
vn -0.51144046 0.08552389 -0.85505223
vn 0.52441806 0.045314472 -0.8502542
vn 0.52441806 0.045314472 -0.8502542
vn 0.52441806 0.045314472 -0.8502542
vn 0.52441806 0.045314472 -0.8502542
vn 0.5414594 0.0011462095 -0.84072614
vn 0.5414594 0.0011462095 -0.84072614
vn 0.5414594 0.0011462095 -0.84072614
vn 0.5414594 0.0011462095 -0.84072614
vn 0.4540502 -0.8785209 0.14845645
vn 0.4540502 -0.8785209 0.14845645
vn 0.4540502 -0.8785209 0.14845645
vn 0.4540502 -0.8785209 0.14845645
vn 0.61311674 -0.7772542 0.14129278
vn 0.61311674 -0.7772542 0.14129278
vn 0.61311674 -0.7772542 0.14129278
vn 0.61311674 -0.7772542 0.14129278
vn 0.40330935 -0.781802 0.4755283
vn 0.40330935 -0.781802 0.4755283
vn 0.40330935 -0.781802 0.4755283
vn 0.40330935 -0.781802 0.4755283
vn 0.5504227 -0.698647 0.45708564
vn 0.5504227 -0.698647 0.45708564
vn 0.5504227 -0.698647 0.45708564
vn 0.5504227 -0.698647 0.45708564
vn 0.4539481 -0.8785729 -0.14846161
vn 0.4539481 -0.8785729 -0.14846161
vn 0.4539481 -0.8785729 -0.14846161
vn 0.4539481 -0.8785729 -0.14846161
vn 0.40297198 -0.7819466 -0.47557658
vn 0.40297198 -0.7819466 -0.47557658
vn 0.40297198 -0.7819466 -0.47557658
vn 0.40297198 -0.7819466 -0.47557658
vn 0.61311775 -0.777254 -0.14129001
vn 0.61311775 -0.777254 -0.14129001
vn 0.61311775 -0.777254 -0.14129001
vn 0.61311775 -0.777254 -0.14129001
vn 0.5504221 -0.6986448 -0.45708963
vn 0.5504221 -0.6986448 -0.45708963
vn 0.5504221 -0.6986448 -0.45708963
vn 0.5504221 -0.6986448 -0.45708963
vn 0.32138863 -0.93473965 -0.15156177
vn 0.32138863 -0.93473965 -0.15156177
vn 0.32138863 -0.93473965 -0.15156177
vn 0.32138863 -0.93473965 -0.15156177
vn 0.21264268 -0.9653756 -0.15110642
vn 0.21264268 -0.9653756 -0.15110642
vn 0.21264268 -0.9653756 -0.15110642
vn 0.21264268 -0.9653756 -0.15110642
vn 0.28269875 -0.82842875 -0.4835156
vn 0.28269875 -0.82842875 -0.4835156
vn 0.28269875 -0.82842875 -0.4835156
vn 0.28269875 -0.82842875 -0.4835156
vn 0.18481173 -0.856126 -0.48258972
vn 0.18481173 -0.856126 -0.48258972
vn 0.18481173 -0.856126 -0.48258972
vn 0.18481173 -0.856126 -0.48258972
vn 0.32175136 -0.9346178 0.15154427
vn 0.32175136 -0.9346178 0.15154427
vn 0.32175136 -0.9346178 0.15154427
vn 0.32175136 -0.9346178 0.15154427
vn 0.2838691 -0.8281155 0.48336634
vn 0.2838691 -0.8281155 0.48336634
vn 0.2838691 -0.8281155 0.48336634
vn 0.2838691 -0.8281155 0.48336634
vn 0.21350256 -0.96519184 0.15106718
vn 0.21350256 -0.96519184 0.15106718
vn 0.21350256 -0.96519184 0.15106718
vn 0.21350256 -0.96519184 0.15106718
vn 0.18758294 -0.85572153 0.48223788
vn 0.18758294 -0.85572153 0.48223788
vn 0.18758294 -0.85572153 0.48223788
vn 0.18758294 -0.85572153 0.48223788
vn 0.57989436 -0.14834262 -0.80107236
vn 0.57989436 -0.14834262 -0.80107236
vn 0.57989436 -0.14834262 -0.80107236
vn 0.57989436 -0.14834262 -0.80107236
vn 0.5652341 -0.060362693 -0.82271916
vn 0.5652341 -0.060362693 -0.82271916
vn 0.5652341 -0.060362693 -0.82271916
vn 0.5652341 -0.060362693 -0.82271916
vn -0.56905365 0.17240877 -0.80402315
vn -0.56905365 0.17240877 -0.80402315
vn -0.56905365 0.17240877 -0.80402315
vn -0.56905365 0.17240877 -0.80402315
vn -0.5582783 0.090163946 -0.8247399
vn -0.5582783 0.090163946 -0.8247399
vn -0.5582783 0.090163946 -0.8247399
vn -0.5582783 0.090163946 -0.8247399
vn -0.54476315 0.27338722 -0.7927752
vn -0.54476315 0.27338722 -0.7927752
vn -0.54476315 0.27338722 -0.7927752
vn -0.54476315 0.27338722 -0.7927752
vn -0.46857062 0.37406552 -0.8003228
vn -0.46857062 0.37406552 -0.8003228
vn -0.46857062 0.37406552 -0.8003228
vn -0.46857062 0.37406552 -0.8003228
vn 0.55559206 -0.25949794 -0.78992295
vn 0.55559206 -0.25949794 -0.78992295
vn 0.55559206 -0.25949794 -0.78992295
vn 0.55559206 -0.25949794 -0.78992295
vn 0.4739003 -0.36994547 -0.79909885
vn 0.4739003 -0.36994547 -0.79909885
vn 0.4739003 -0.36994547 -0.79909885
vn 0.4739003 -0.36994547 -0.79909885
vn 0.962027 -0.23869212 0.1324011
vn 0.962027 -0.23869212 0.1324011
vn 0.962027 -0.23869212 0.1324011
vn 0.962027 -0.23869212 0.1324011
vn 0.98437566 -0.102497905 0.14317435
vn 0.98437566 -0.102497905 0.14317435
vn 0.98437566 -0.102497905 0.14317435
vn 0.98437566 -0.102497905 0.14317435
vn 0.87389326 -0.21965925 0.43365917
vn 0.87389326 -0.21965925 0.43365917
vn 0.87389326 -0.21965925 0.43365917
vn 0.87389326 -0.21965925 0.43365917
vn 0.88191175 -0.09358714 0.46203148
vn 0.88191175 -0.09358714 0.46203148
vn 0.88191175 -0.09358714 0.46203148
vn 0.88191175 -0.09358714 0.46203148
vn 0.962027 -0.23869228 -0.132401
vn 0.962027 -0.23869228 -0.132401
vn 0.962027 -0.23869228 -0.132401
vn 0.962027 -0.23869228 -0.132401
vn 0.87389314 -0.2196593 -0.43365946
vn 0.87389314 -0.2196593 -0.43365946
vn 0.87389314 -0.2196593 -0.43365946
vn 0.87389314 -0.2196593 -0.43365946
vn 0.98437566 -0.102497905 -0.1431743
vn 0.98437566 -0.102497905 -0.1431743
vn 0.98437566 -0.102497905 -0.1431743
vn 0.98437566 -0.102497905 -0.1431743
vn 0.88191175 -0.09358714 -0.46203148
vn 0.88191175 -0.09358714 -0.46203148
vn 0.88191175 -0.09358714 -0.46203148
vn 0.88191175 -0.09358714 -0.46203148
vn 0.90179104 -0.41296175 -0.12741902
vn 0.90179104 -0.41296175 -0.12741902
vn 0.90179104 -0.41296175 -0.12741902
vn 0.90179104 -0.41296175 -0.12741902
vn 0.784055 -0.60659486 -0.13153149
vn 0.784055 -0.60659486 -0.13153149
vn 0.784055 -0.60659486 -0.13153149
vn 0.784055 -0.60659486 -0.13153149
vn 0.824016 -0.38012844 -0.42011896
vn 0.824016 -0.38012844 -0.42011896
vn 0.824016 -0.38012844 -0.42011896
vn 0.824016 -0.38012844 -0.42011896
vn 0.7127863 -0.55314785 -0.43123445
vn 0.7127863 -0.55314785 -0.43123445
vn 0.7127863 -0.55314785 -0.43123445
vn 0.7127863 -0.55314785 -0.43123445
vn 0.90179056 -0.41296178 0.12742208
vn 0.90179056 -0.41296178 0.12742208
vn 0.90179056 -0.41296178 0.12742208
vn 0.90179056 -0.41296178 0.12742208
vn 0.8240173 -0.3801292 0.42011586
vn 0.8240173 -0.3801292 0.42011586
vn 0.8240173 -0.3801292 0.42011586
vn 0.8240173 -0.3801292 0.42011586
vn 0.784055 -0.60659385 0.13153598
vn 0.784055 -0.60659385 0.13153598
vn 0.784055 -0.60659385 0.13153598
vn 0.784055 -0.60659385 0.13153598
vn 0.71278816 -0.5531487 0.43123037
vn 0.71278816 -0.5531487 0.43123037
vn 0.71278816 -0.5531487 0.43123037
vn 0.71278816 -0.5531487 0.43123037
vn -0.94683224 0.2924247 -0.13415045
vn -0.94683224 0.2924247 -0.13415045
vn -0.94683224 0.2924247 -0.13415045
vn -0.94683224 0.2924247 -0.13415045
vn -0.9766283 0.15926063 -0.14433725
vn -0.9766283 0.15926063 -0.14433725
vn -0.9766283 0.15926063 -0.14433725
vn -0.9766283 0.15926063 -0.14433725
vn -0.8595891 0.2633097 -0.43792075
vn -0.8595891 0.2633097 -0.43792075
vn -0.8595891 0.2633097 -0.43792075
vn -0.8595891 0.2633097 -0.43792075
vn -0.87406343 0.14116843 -0.46484894
vn -0.87406343 0.14116843 -0.46484894
vn -0.87406343 0.14116843 -0.46484894
vn -0.87406343 0.14116843 -0.46484894
vn -0.94683224 0.29242474 0.13415045
vn -0.94683224 0.29242474 0.13415045
vn -0.94683224 0.29242474 0.13415045
vn -0.94683224 0.29242474 0.13415045
vn -0.85958904 0.26330972 0.43792093
vn -0.85958904 0.26330972 0.43792093
vn -0.85958904 0.26330972 0.43792093
vn -0.85958904 0.26330972 0.43792093
vn -0.9766283 0.15926063 0.14433712
vn -0.9766283 0.15926063 0.14433712
vn -0.9766283 0.15926063 0.14433712
vn -0.9766283 0.15926063 0.14433712
vn -0.87406343 0.14116842 0.464849
vn -0.87406343 0.14116842 0.464849
vn -0.87406343 0.14116842 0.464849
vn -0.87406343 0.14116842 0.464849
vn -0.88373846 0.44978905 0.12921365
vn -0.88373846 0.44978905 0.12921365
vn -0.88373846 0.44978905 0.12921365
vn -0.88373846 0.44978905 0.12921365
vn -0.77251005 0.62102914 0.13248006
vn -0.77251005 0.62102914 0.13248006
vn -0.77251005 0.62102914 0.13248006
vn -0.77251005 0.62102914 0.13248006
vn -0.8077831 0.4090449 0.42446297
vn -0.8077831 0.4090449 0.42446297
vn -0.8077831 0.4090449 0.42446297
vn -0.8077831 0.4090449 0.42446297
vn -0.702994 0.56385696 0.43343374
vn -0.702994 0.56385696 0.43343374
vn -0.702994 0.56385696 0.43343374
vn -0.702994 0.56385696 0.43343374
vn -0.88373834 0.449789 -0.12921384
vn -0.88373834 0.449789 -0.12921384
vn -0.88373834 0.449789 -0.12921384
vn -0.88373834 0.449789 -0.12921384
vn -0.8077828 0.40904474 -0.4244636
vn -0.8077828 0.40904474 -0.4244636
vn -0.8077828 0.40904474 -0.4244636
vn -0.8077828 0.40904474 -0.4244636
vn -0.7725101 0.62102896 -0.1324802
vn -0.7725101 0.62102896 -0.1324802
vn -0.7725101 0.62102896 -0.1324802
vn -0.7725101 0.62102896 -0.1324802
vn -0.7029941 0.5638569 -0.43343356
vn -0.7029941 0.5638569 -0.43343356
vn -0.7029941 0.5638569 -0.43343356
vn -0.7029941 0.5638569 -0.43343356
vn 0.37857366 0.9144168 -0.14326172
vn 0.37857366 0.9144168 -0.14326172
vn 0.37857366 0.9144168 -0.14326172
vn 0.37857366 0.9144168 -0.14326172
vn 0.40794528 0.9009585 -0.14783269
vn 0.40794528 0.9009585 -0.14783269
vn 0.35410678 0.9250063 -0.13773854
vn 0.35410678 0.9250063 -0.13773854
vn 0.349906 0.9272276 -0.13347158
vn 0.349906 0.9272276 -0.13347158
vn 0.4151315 0.89732206 -0.14992976
vn 0.4151315 0.89732206 -0.14992976
vn 0.39754644 0.90530366 -0.14960651
vn 0.39754644 0.90530366 -0.14960651
vn 0.39754644 0.90530366 -0.14960651
vn 0.39754644 0.90530366 -0.14960651
vn 0.3711445 0.91644573 -0.14959644
vn 0.3711445 0.91644573 -0.14959644
vn 0.33513033 0.9301026 -0.1503231
vn 0.33513033 0.9301026 -0.1503231
vn 0.31465533 0.8345329 -0.45226854
vn 0.31465533 0.8345329 -0.45226854
vn 0.31465533 0.8345329 -0.45226854
vn 0.31465533 0.8345329 -0.45226854
vn 0.35815576 0.80554444 -0.47204074
vn 0.35815576 0.80554444 -0.47204074
vn 0.35815576 0.80554444 -0.47204074
vn 0.35815576 0.80554444 -0.47204074
vn 0.36333606 0.7998076 -0.47780192
vn 0.36333606 0.7998076 -0.47780192
vn 0.34752795 0.8071722 -0.47717634
vn 0.34752795 0.8071722 -0.47717634
vn 0.34752795 0.8071722 -0.47717634
vn 0.34752795 0.8071722 -0.47717634
vn 0.32358477 0.8169605 -0.4773556
vn 0.32358477 0.8169605 -0.4773556
vn 0.38451976 0.911813 0.14401916
vn 0.38451976 0.911813 0.14401916
vn 0.38451976 0.911813 0.14401916
vn 0.38451976 0.911813 0.14401916
vn 0.4118614 0.89910066 0.1482845
vn 0.4118614 0.89910066 0.1482845
vn 0.3631588 0.92130405 0.13897711
vn 0.3631588 0.92130405 0.13897711
vn 0.3606396 0.9228829 0.13500448
vn 0.3606396 0.9228829 0.13500448
vn 0.4191014 0.8954167 0.15027659
vn 0.4191014 0.8954167 0.15027659
vn 0.40151548 0.9035032 0.1498908
vn 0.40151548 0.9035032 0.1498908
vn 0.40151548 0.9035032 0.1498908
vn 0.40151548 0.9035032 0.1498908
vn 0.37511975 0.91479003 0.1498143
vn 0.37511975 0.91479003 0.1498143
vn 0.33911487 0.9286317 0.15047972
vn 0.33911487 0.9286317 0.15047972
vn 0.33251393 0.82359886 0.45947737
vn 0.33251393 0.82359886 0.45947737
vn 0.33251393 0.82359886 0.45947737
vn 0.33251393 0.82359886 0.45947737
vn 0.37007782 0.79763186 0.47626242
vn 0.37007782 0.79763186 0.47626242
vn 0.37007782 0.79763186 0.47626242
vn 0.37007782 0.79763186 0.47626242
vn 0.29345608 0.8506478 0.43621293
vn 0.29345608 0.8506478 0.43621293
vn 0.29345608 0.8506478 0.43621293
vn 0.29345608 0.8506478 0.43621293
vn 0.2819072 0.8627659 0.41971815
vn 0.2819072 0.8627659 0.41971815
vn 0.26721472 0.86512655 -0.4244436
vn 0.26721472 0.86512655 -0.4244436
vn 0.26721472 0.86512655 -0.4244436
vn 0.26721472 0.86512655 -0.4244436
vn 0.26721472 0.86512655 -0.4244436
vn 0.26721472 0.86512655 -0.4244436
vn 0.25166014 0.8788713 -0.40528068
vn 0.25166014 0.8788713 -0.40528068
vn -0.4435018 0.8838039 -0.14898595
vn -0.4435018 0.8838039 -0.14898595
vn -0.4435018 0.8838039 -0.14898595
vn -0.4435018 0.8838039 -0.14898595
vn -0.6069891 0.7819801 -0.14167345
vn -0.6069891 0.7819801 -0.14167345
vn -0.6069891 0.7819801 -0.14167345
vn -0.6069891 0.7819801 -0.14167345
vn -0.39496207 0.78535086 -0.4766855
vn -0.39496207 0.78535086 -0.4766855
vn -0.39496207 0.78535086 -0.4766855
vn -0.39496207 0.78535086 -0.4766855
vn -0.545439 0.70199186 -0.45793438
vn -0.545439 0.70199186 -0.45793438
vn -0.545439 0.70199186 -0.45793438
vn -0.545439 0.70199186 -0.45793438
vn -0.44340667 0.8838502 0.14899452
vn -0.44340667 0.8838502 0.14899452
vn -0.44340667 0.8838502 0.14899452
vn -0.44340667 0.8838502 0.14899452
vn -0.3946539 0.7854825 0.47672376
vn -0.3946539 0.7854825 0.47672376
vn -0.3946539 0.7854825 0.47672376
vn -0.3946539 0.7854825 0.47672376
vn -0.60698915 0.7819801 0.14167325
vn -0.60698915 0.7819801 0.14167325
vn -0.60698915 0.7819801 0.14167325
vn -0.60698915 0.7819801 0.14167325
vn -0.54543954 0.7019913 0.4579343
vn -0.54543954 0.7019913 0.4579343
vn -0.54543954 0.7019913 0.4579343
vn -0.54543954 0.7019913 0.4579343
vn -0.2989226 0.9420038 0.15255837
vn -0.2989226 0.9420038 0.15255837
vn -0.2989226 0.9420038 0.15255837
vn -0.2989226 0.9420038 0.15255837
vn -0.17406502 0.9728152 0.15274808
vn -0.17406502 0.9728152 0.15274808
vn -0.17406502 0.9728152 0.15274808
vn -0.17406502 0.9728152 0.15274808
vn -0.26526463 0.83293474 0.48564857
vn -0.26526463 0.83293474 0.48564857
vn -0.26526463 0.83293474 0.48564857
vn -0.26526463 0.83293474 0.48564857
vn -0.1551334 0.86001706 0.48611146
vn -0.1551334 0.86001706 0.48611146
vn -0.1551334 0.86001706 0.48611146
vn -0.1551334 0.86001706 0.48611146
vn -0.2992523 0.94190204 -0.15254067
vn -0.2992523 0.94190204 -0.15254067
vn -0.2992523 0.94190204 -0.15254067
vn -0.2992523 0.94190204 -0.15254067
vn -0.26634204 0.83266455 -0.48552215
vn -0.26634204 0.83266455 -0.48552215
vn -0.26634204 0.83266455 -0.48552215
vn -0.26634204 0.83266455 -0.48552215
vn -0.17484678 0.97268 -0.15271632
vn -0.17484678 0.97268 -0.15271632
vn -0.17484678 0.97268 -0.15271632
vn -0.17484678 0.97268 -0.15271632
vn -0.15767375 0.85971624 -0.48582616
vn -0.15767375 0.85971624 -0.48582616
vn -0.15767375 0.85971624 -0.48582616
vn -0.15767375 0.85971624 -0.48582616
vn -0.08176366 0.16196582 0.98340315
vn -0.08176366 0.16196582 0.98340315
vn -0.08176366 0.16196582 0.98340315
vn -0.08176366 0.16196582 0.98340315
vn -0.117377095 0.15032485 0.9816441
vn -0.117377095 0.15032485 0.9816441
vn -0.05402623 0.16878083 0.9841718
vn -0.05402623 0.16878083 0.9841718
vn -0.031147901 0.17411049 0.9842333
vn -0.031147901 0.17411049 0.9842333
vn 0.019883374 0.17775266 0.9838743
vn 0.019883374 0.17775266 0.9838743
vn 0.019883374 0.17775266 0.9838743
vn 0.019883374 0.17775266 0.9838743
vn 0.04982503 0.1711905 0.98397726
vn 0.04982503 0.1711905 0.98397726
vn 0.07905049 0.15770331 0.9843174
vn 0.07905049 0.15770331 0.9843174
vn 0.0836661 0.15346989 0.98460495
vn 0.0836661 0.15346989 0.98460495
vn 0.0836661 0.15346989 0.98460495
vn 0.0836661 0.15346989 0.98460495
vn 0.086323895 0.14973634 0.9849504
vn 0.086323895 0.14973634 0.9849504
vn 0.08497867 0.15032507 0.9849777
vn 0.08497867 0.15032507 0.9849777
vn 0.08497867 0.15032507 0.9849777
vn 0.08497867 0.15032507 0.9849777
vn -0.2489342 0.49400827 0.8330592
vn -0.2489342 0.49400827 0.8330592
vn -0.2489342 0.49400827 0.8330592
vn -0.2489342 0.49400827 0.8330592
vn -0.35198855 0.45209932 0.8195793
vn -0.35198855 0.45209932 0.8195793
vn -0.35198855 0.45209932 0.8195793
vn -0.35198855 0.45209932 0.8195793
vn 0.08296144 -0.16174291 0.98333955
vn 0.08296144 -0.16174291 0.98333955
vn 0.08296144 -0.16174291 0.98333955
vn 0.08296144 -0.16174291 0.98333955
vn 0.1176825 -0.1502167 0.98162407
vn 0.1176825 -0.1502167 0.98162407
vn 0.057364233 -0.16860215 0.9840135
vn 0.057364233 -0.16860215 0.9840135
vn 0.038260113 -0.17459011 0.9838975
vn 0.038260113 -0.17459011 0.9838975
vn 0.0016833445 -0.18484005 0.9827672
vn 0.0016833445 -0.18484005 0.9827672
vn 0.0016833445 -0.18484005 0.9827672
vn 0.0016833445 -0.18484005 0.9827672
vn -0.022689577 -0.18431473 0.98260534
vn -0.022689577 -0.18431473 0.98260534
vn -0.0517484 -0.18102174 0.98211676
vn -0.0517484 -0.18102174 0.98211676
vn -0.058260508 -0.1805768 0.9818339
vn -0.058260508 -0.1805768 0.9818339
vn -0.058260508 -0.1805768 0.9818339
vn -0.058260508 -0.1805768 0.9818339
vn -0.06271832 -0.1801337 0.98164064
vn 0.25335056 -0.49282205 0.8324302
vn 0.25335056 -0.49282205 0.8324302
vn 0.25335056 -0.49282205 0.8324302
vn 0.25335056 -0.49282205 0.8324302
vn 0.35442933 -0.45096913 0.81915003
vn 0.35442933 -0.45096913 0.81915003
vn 0.35442933 -0.45096913 0.81915003
vn 0.35442933 -0.45096913 0.81915003
vn 0.17580189 -0.5168135 0.83785295
vn 0.17580189 -0.5168135 0.83785295
vn 0.17580189 -0.5168135 0.83785295
vn 0.17580189 -0.5168135 0.83785295
vn 0.115420215 -0.5346501 0.8371543
vn 0.115420215 -0.5346501 0.8371543
vn 0.115420215 -0.5346501 0.8371543
vn 0.115420215 -0.5346501 0.8371543
vn -0.16606271 0.51802784 0.83908904
vn -0.16606271 0.51802784 0.83908904
vn -0.16606271 0.51802784 0.83908904
vn -0.16606271 0.51802784 0.83908904
vn -0.09777497 0.5347027 0.83936465
vn -0.09777497 0.5347027 0.83936465
vn -0.09777497 0.5347027 0.83936465
vn -0.09777497 0.5347027 0.83936465
vn 0.082213186 -0.16188255 -0.9833794
vn 0.082213186 -0.16188255 -0.9833794
vn 0.082213186 -0.16188255 -0.9833794
vn 0.082213186 -0.16188255 -0.9833794
vn 0.11768254 -0.1502167 -0.98162407
vn 0.11768254 -0.1502167 -0.98162407
vn 0.054906443 -0.16873452 -0.98413104
vn 0.054906443 -0.16873452 -0.98413104
vn 0.032584928 -0.1742082 -0.9841696
vn 0.032584928 -0.1742082 -0.9841696
vn -0.017688975 -0.1784787 -0.9837847
vn -0.017688975 -0.1784787 -0.9837847
vn -0.017688975 -0.1784787 -0.9837847
vn -0.017688975 -0.1784787 -0.9837847
vn -0.048219588 -0.1719724 -0.98392093
vn -0.048219588 -0.1719724 -0.98392093
vn -0.07882113 -0.15790075 -0.98430413
vn -0.07882113 -0.15790075 -0.98430413
vn -0.08375176 -0.15337749 -0.98461205
vn -0.08375176 -0.15337749 -0.98461205
vn -0.08375176 -0.15337749 -0.98461205
vn -0.08375176 -0.15337749 -0.98461205
vn -0.08660279 -0.14937499 -0.9849807
vn -0.08660279 -0.14937499 -0.9849807
vn -0.08522679 -0.14990853 -0.9850197
vn -0.08522679 -0.14990853 -0.9850197
vn -0.08522679 -0.14990853 -0.9850197
vn -0.08522679 -0.14990853 -0.9850197
vn 0.25272697 -0.49298987 -0.8325203
vn 0.25272697 -0.49298987 -0.8325203
vn 0.25272697 -0.49298987 -0.8325203
vn 0.25272697 -0.49298987 -0.8325203
vn 0.35442993 -0.45096973 -0.8191494
vn 0.35442993 -0.45096973 -0.8191494
vn 0.35442993 -0.45096973 -0.8191494
vn 0.35442993 -0.45096973 -0.8191494
vn -0.08249482 0.16183026 -0.98336446
vn -0.08249482 0.16183026 -0.98336446
vn -0.08249482 0.16183026 -0.98336446
vn -0.08249482 0.16183026 -0.98336446
vn -0.117377244 0.15032496 -0.9816441
vn -0.117377244 0.15032496 -0.9816441
vn -0.056429483 0.1686519 -0.9840591
vn -0.056429483 0.1686519 -0.9840591
vn -0.03668036 0.17448291 -0.98397684
vn -0.03668036 0.17448291 -0.98397684
vn 0.0013636794 0.1838433 -0.98295456
vn 0.0013636794 0.1838433 -0.98295456
vn 0.0013636794 0.1838433 -0.98295456
vn 0.0013636794 0.1838433 -0.98295456
vn 0.025683347 0.18287554 -0.9828006
vn 0.025683347 0.18287554 -0.9828006
vn 0.05368003 0.17938006 -0.9823142
vn 0.05368003 0.17938006 -0.9823142
vn 0.05980223 0.17894216 -0.9820404
vn 0.05980223 0.17894216 -0.9820404
vn 0.05980223 0.17894216 -0.9820404
vn 0.05980223 0.17894216 -0.9820404
vn 0.06397542 0.1785221 -0.9818539
vn 0.06397542 0.1785221 -0.9818539
vn 0.06478139 0.18407233 -0.9807756
vn 0.06478139 0.18407233 -0.9807756
vn 0.06478139 0.18407233 -0.9807756
vn 0.06478139 0.18407233 -0.9807756
vn -0.24951749 0.493852 -0.8329774
vn -0.24951749 0.493852 -0.8329774
vn -0.24951749 0.493852 -0.8329774
vn -0.24951749 0.493852 -0.8329774
vn -0.35198802 0.4520989 -0.8195798
vn -0.35198802 0.4520989 -0.8195798
vn -0.35198802 0.4520989 -0.8195798
vn -0.35198802 0.4520989 -0.8195798
vn -0.16802737 0.5177869 -0.83884656
vn -0.16802737 0.5177869 -0.83884656
vn -0.16802737 0.5177869 -0.83884656
vn -0.16802737 0.5177869 -0.83884656
vn -0.10232857 0.53470635 -0.83881944
vn -0.10232857 0.53470635 -0.83881944
vn -0.10232857 0.53470635 -0.83881944
vn -0.10232857 0.53470635 -0.83881944
vn 0.17371519 -0.51707834 -0.8381247
vn 0.17371519 -0.51707834 -0.8381247
vn 0.17371519 -0.51707834 -0.8381247
vn 0.17371519 -0.51707834 -0.8381247
vn 0.110551134 -0.5346815 -0.83779126
vn 0.110551134 -0.5346815 -0.83779126
vn 0.110551134 -0.5346815 -0.83779126
vn 0.110551134 -0.5346815 -0.83779126
vn 0.010770338 0.2825733 0.95918524
vn 0.010770338 0.2825733 0.95918524
vn 0.010770338 0.2825733 0.95918524
vn 0.010770338 0.2825733 0.95918524
vn 0.18157442 0.56912255 0.8019541
vn 0.18157442 0.56912255 0.8019541
vn 0.18157442 0.56912255 0.8019541
vn 0.18157442 0.56912255 0.8019541
vn 0.23808694 0.49580014 0.83516276
vn 0.23808694 0.49580014 0.83516276
vn 0.23808694 0.49580014 0.83516276
vn 0.23808694 0.49580014 0.83516276
vn 0.24053924 0.4900791 0.8378325
vn 0.24053924 0.4900791 0.8378325
vn 0.23096779 0.4967391 0.8366028
vn 0.23096779 0.4967391 0.8366028
vn 0.23096779 0.4967391 0.8366028
vn 0.23096779 0.4967391 0.8366028
vn 0.2158729 0.5046441 0.83590263
vn 0.2158729 0.5046441 0.83590263
vn 0.19442302 0.5122507 0.8365398
vn 0.19442302 0.5122507 0.8365398
vn -0.1631081 -0.0038382756 0.9866007
vn -0.1631081 -0.0038382756 0.9866007
vn -0.1631081 -0.0038382756 0.9866007
vn -0.1631081 -0.0038382756 0.9866007
vn -0.1631081 -0.0038382756 0.9866007
vn -0.1631081 -0.0038382756 0.9866007
vn -0.357348 -0.3223588 0.876577
vn -0.357348 -0.3223588 0.876577
vn -0.357348 -0.3223588 0.876577
vn -0.357348 -0.3223588 0.876577
vn -0.063603014 -0.1860318 0.98048294
vn -0.063603014 -0.1860318 0.98048294
vn -0.063603014 -0.1860318 0.98048294
vn -0.063603014 -0.1860318 0.98048294
vn -0.06497261 -0.18083625 0.9813648
vn -0.21338342 -0.5258175 0.82339746
vn -0.21338342 -0.5258175 0.82339746
vn -0.21338342 -0.5258175 0.82339746
vn -0.21338342 -0.5258175 0.82339746
vn -0.21439597 -0.5163276 0.82912016
vn -0.21439597 -0.5163276 0.82912016
vn -0.20178145 -0.5217659 0.82888156
vn -0.20178145 -0.5217659 0.82888156
vn -0.20178145 -0.5217659 0.82888156
vn -0.20178145 -0.5217659 0.82888156
vn -0.18268082 -0.5281237 0.8292847
vn -0.29450515 0.30005404 0.9073225
vn -0.29450515 0.30005404 0.9073225
vn -0.29450515 0.30005404 0.9073225
vn -0.29450515 0.30005404 0.9073225
vn -0.33435634 0.4511215 0.82746315
vn -0.33435634 0.4511215 0.82746315
vn -0.33435634 0.4511215 0.82746315
vn -0.33435634 0.4511215 0.82746315
vn -0.5431626 0.114141345 0.831833
vn -0.5431626 0.114141345 0.831833
vn -0.5431626 0.114141345 0.831833
vn -0.5431626 0.114141345 0.831833
vn -0.5782197 0.3400758 0.74162686
vn -0.5782197 0.3400758 0.74162686
vn -0.5782197 0.3400758 0.74162686
vn -0.5782197 0.3400758 0.74162686
vn -0.08869367 0.47266477 0.8767676
vn -0.08869367 0.47266477 0.8767676
vn -0.08869367 0.47266477 0.8767676
vn -0.08869367 0.47266477 0.8767676
vn 0.10942945 0.66289103 0.7406758
vn 0.10942945 0.66289103 0.7406758
vn 0.10942945 0.66289103 0.7406758
vn 0.10942945 0.66289103 0.7406758
vn 0.10942945 0.66289103 0.7406758
vn 0.10942945 0.66289103 0.7406758
vn -0.12507606 0.5677403 0.8136503
vn -0.12507606 0.5677403 0.8136503
vn -0.12507606 0.5677403 0.8136503
vn -0.12507606 0.5677403 0.8136503
vn 0.08211861 0.7106137 0.6987736
vn 0.08211861 0.7106137 0.6987736
vn 0.08211861 0.7106137 0.6987736
vn 0.08211861 0.7106137 0.6987736
vn 0.08211861 0.7106137 0.6987736
vn 0.08211861 0.7106137 0.6987736
vn -0.19465743 0.058029268 -0.9791533
vn -0.19465743 0.058029268 -0.9791533
vn -0.19465743 0.058029268 -0.9791533
vn -0.19465743 0.058029268 -0.9791533
vn -0.3911105 -0.26432657 -0.88156915
vn -0.3911105 -0.26432657 -0.88156915
vn -0.3911105 -0.26432657 -0.88156915
vn -0.3911105 -0.26432657 -0.88156915
vn -0.2354436 -0.49908003 -0.83395773
vn -0.2354436 -0.49908003 -0.83395773
vn -0.2354436 -0.49908003 -0.83395773
vn -0.2354436 -0.49908003 -0.83395773
vn -0.23790237 -0.49278155 -0.8369999
vn -0.23790237 -0.49278155 -0.8369999
vn -0.22630467 -0.5008163 -0.8354456
vn -0.22630467 -0.5008163 -0.8354456
vn -0.22630467 -0.5008163 -0.8354456
vn -0.22630467 -0.5008163 -0.8354456
vn -0.20818377 -0.5101849 -0.8344884
vn -0.20818377 -0.5101849 -0.8344884
vn -0.18270034 -0.51896846 -0.8350402
vn -0.18270034 -0.51896846 -0.8350402
vn -0.018735923 0.3330361 -0.9427279
vn -0.018735923 0.3330361 -0.9427279
vn -0.018735923 0.3330361 -0.9427279
vn -0.018735923 0.3330361 -0.9427279
vn 0.15476866 0.6001581 -0.7847656
vn 0.15476866 0.6001581 -0.7847656
vn 0.15476866 0.6001581 -0.7847656
vn 0.15476866 0.6001581 -0.7847656
vn 0.21988745 0.51804703 -0.8266056
vn 0.21988745 0.51804703 -0.8266056
vn 0.21988745 0.51804703 -0.8266056
vn 0.21988745 0.51804703 -0.8266056
vn 0.2210551 0.50974095 -0.83144385
vn 0.2210551 0.50974095 -0.83144385
vn 0.21060504 0.5143095 -0.83134305
vn 0.21060504 0.5143095 -0.83134305
vn 0.21060504 0.5143095 -0.83134305
vn 0.21060504 0.5143095 -0.83134305
vn 0.19463831 0.5197927 -0.8318241
vn 0.19463831 0.5197927 -0.8318241
vn 0.17244309 0.52474934 -0.83360755
vn 0.17244309 0.52474934 -0.83360755
vn -0.12478608 0.53311396 -0.83679026
vn -0.12478608 0.53311396 -0.83679026
vn -0.12478608 0.53311396 -0.83679026
vn -0.12478608 0.53311396 -0.83679026
vn -0.15960014 0.62662196 -0.76280594
vn -0.15960014 0.62662196 -0.76280594
vn -0.15960014 0.62662196 -0.76280594
vn -0.15960014 0.62662196 -0.76280594
vn 0.072880246 0.70061374 -0.7098091
vn 0.072880246 0.70061374 -0.7098091
vn 0.072880246 0.70061374 -0.7098091
vn 0.072880246 0.70061374 -0.7098091
vn 0.04287538 0.74940073 -0.6607271
vn 0.04287538 0.74940073 -0.6607271
vn 0.04287538 0.74940073 -0.6607271
vn 0.04287538 0.74940073 -0.6607271
vn -0.32597956 0.37789693 -0.8665629
vn -0.32597956 0.37789693 -0.8665629
vn -0.32597956 0.37789693 -0.8665629
vn -0.32597956 0.37789693 -0.8665629
vn -0.56633246 0.20020957 -0.7994896
vn -0.56633246 0.20020957 -0.7994896
vn -0.56633246 0.20020957 -0.7994896
vn -0.56633246 0.20020957 -0.7994896
vn -0.3581048 0.52331275 -0.77324295
vn -0.3581048 0.52331275 -0.77324295
vn -0.3581048 0.52331275 -0.77324295
vn -0.3581048 0.52331275 -0.77324295
vn -0.58584255 0.4161013 -0.69544816
vn -0.58584255 0.4161013 -0.69544816
vn -0.58584255 0.4161013 -0.69544816
vn -0.58584255 0.4161013 -0.69544816
vn -0.6241808 -0.76241475 0.17065193
vn -0.6241808 -0.76241475 0.17065193
vn -0.6241808 -0.76241475 0.17065193
vn -0.6241808 -0.76241475 0.17065193
vn -0.38919073 -0.9095724 0.14563176
vn -0.38919073 -0.9095724 0.14563176
vn -0.38919073 -0.9095724 0.14563176
vn -0.38919073 -0.9095724 0.14563176
vn -0.39702553 -0.90574414 0.14831865
vn -0.39702553 -0.90574414 0.14831865
vn -0.37273926 -0.91609263 0.1477829
vn -0.37273926 -0.91609263 0.1477829
vn -0.37273926 -0.91609263 0.1477829
vn -0.37273926 -0.91609263 0.1477829
vn -0.33680338 -0.9299316 0.14761655
vn -0.33680338 -0.9299316 0.14761655
vn -0.5495155 -0.6440194 0.53223276
vn -0.5495155 -0.6440194 0.53223276
vn -0.5495155 -0.6440194 0.53223276
vn -0.5495155 -0.6440194 0.53223276
vn -0.3434299 -0.81500304 0.46671832
vn -0.3434299 -0.81500304 0.46671832
vn -0.3434299 -0.81500304 0.46671832
vn -0.3434299 -0.81500304 0.46671832
vn -0.3488931 -0.8085127 0.47389954
vn -0.3488931 -0.8085127 0.47389954
vn -0.3279989 -0.81781286 0.4728624
vn -0.3279989 -0.81781286 0.4728624
vn -0.3279989 -0.81781286 0.4728624
vn -0.3279989 -0.81781286 0.4728624
vn -0.29680783 -0.8297118 0.47274026
vn -0.29680783 -0.8297118 0.47274026
vn -0.25448734 -0.8425086 0.4747793
vn -0.25448734 -0.8425086 0.4747793
vn -0.63429743 -0.75381124 -0.17156729
vn -0.63429743 -0.75381124 -0.17156729
vn -0.63429743 -0.75381124 -0.17156729
vn -0.63429743 -0.75381124 -0.17156729
vn -0.57707673 -0.61353 -0.53903943
vn -0.57707673 -0.61353 -0.53903943
vn -0.57707673 -0.61353 -0.53903943
vn -0.57707673 -0.61353 -0.53903943
vn -0.39454868 -0.9071597 -0.14626263
vn -0.39454868 -0.9071597 -0.14626263
vn -0.39454868 -0.9071597 -0.14626263
vn -0.39454868 -0.9071597 -0.14626263
vn -0.40245774 -0.9032633 -0.14880612
vn -0.40245774 -0.9032633 -0.14880612
vn -0.37813723 -0.91381204 -0.1481885
vn -0.37813723 -0.91381204 -0.1481885
vn -0.37813723 -0.91381204 -0.1481885
vn -0.37813723 -0.91381204 -0.1481885
vn -0.342195 -0.9279097 -0.14793926
vn -0.342195 -0.9279097 -0.14793926
vn -0.35911086 -0.8049192 -0.47238165
vn -0.35911086 -0.8049192 -0.47238165
vn -0.35911086 -0.8049192 -0.47238165
vn -0.35911086 -0.8049192 -0.47238165
vn -0.3649808 -0.79880345 -0.47822794
vn -0.3649808 -0.79880345 -0.47822794
vn -0.34423772 -0.8090025 -0.4764612
vn -0.34423772 -0.8090025 -0.4764612
vn -0.34423772 -0.8090025 -0.4764612
vn -0.34423772 -0.8090025 -0.4764612
vn -0.3131812 -0.82202005 -0.47560537
vn -0.3131812 -0.82202005 -0.47560537
vn -0.2709538 -0.8361161 -0.47696313
vn -0.2709538 -0.8361161 -0.47696313
vn -0.97039515 -0.16193919 -0.17918964
vn -0.97039515 -0.16193919 -0.17918964
vn -0.97039515 -0.16193919 -0.17918964
vn -0.97039515 -0.16193919 -0.17918964
vn -0.96788514 0.19943017 -0.15305571
vn -0.96788514 0.19943017 -0.15305571
vn -0.96788514 0.19943017 -0.15305571
vn -0.96788514 0.19943017 -0.15305571
vn -0.8470066 -0.033254094 -0.53054124
vn -0.8470066 -0.033254094 -0.53054124
vn -0.8470066 -0.033254094 -0.53054124
vn -0.8470066 -0.033254094 -0.53054124
vn -0.8468358 0.27936083 -0.4525778
vn -0.8468358 0.27936083 -0.4525778
vn -0.8468358 0.27936083 -0.4525778
vn -0.8468358 0.27936083 -0.4525778
vn -0.96599716 -0.18523653 0.18037973
vn -0.96599716 -0.18523653 0.18037973
vn -0.96599716 -0.18523653 0.18037973
vn -0.96599716 -0.18523653 0.18037973
vn -0.834248 -0.09891289 0.542445
vn -0.834248 -0.09891289 0.542445
vn -0.834248 -0.09891289 0.542445
vn -0.834248 -0.09891289 0.542445
vn -0.97150856 0.17905067 0.1552802
vn -0.97150856 0.17905067 0.1552802
vn -0.97150856 0.17905067 0.1552802
vn -0.97150856 0.17905067 0.1552802
vn -0.8528601 0.22244315 0.47238615
vn -0.8528601 0.22244315 0.47238615
vn -0.8528601 0.22244315 0.47238615
vn -0.8528601 0.22244315 0.47238615
vn 0.013694667 -0.98799837 0.15385574
vn 0.013694667 -0.98799837 0.15385574
vn 0.013694667 -0.98799837 0.15385574
vn 0.013694667 -0.98799837 0.15385574
vn 0.0631078 -0.9901878 0.12468113
vn 0.0631078 -0.9901878 0.12468113
vn 0.0631078 -0.9901878 0.12468113
vn 0.0631078 -0.9901878 0.12468113
vn 0.09601724 -0.76544863 0.63629323
vn 0.09601724 -0.76544863 0.63629323
vn 0.09601724 -0.76544863 0.63629323
vn 0.09601724 -0.76544863 0.63629323
vn 0.31445375 -0.78003263 0.540988
vn 0.31445375 -0.78003263 0.540988
vn 0.31445375 -0.78003263 0.540988
vn 0.31445375 -0.78003263 0.540988
vn -0.11676659 -0.7630361 0.6357213
vn -0.11676659 -0.7630361 0.6357213
vn -0.11676659 -0.7630361 0.6357213
vn -0.11676659 -0.7630361 0.6357213
vn -0.33466035 -0.7727059 0.5393774
vn -0.33466035 -0.7727059 0.5393774
vn -0.33466035 -0.7727059 0.5393774
vn -0.33466035 -0.7727059 0.5393774
vn -0.040438637 -0.9872414 0.15400995
vn -0.040438637 -0.9872414 0.15400995
vn -0.040438637 -0.9872414 0.15400995
vn -0.040438637 -0.9872414 0.15400995
vn -0.09009548 -0.9880477 0.12507808
vn -0.09009548 -0.9880477 0.12507808
vn -0.09009548 -0.9880477 0.12507808
vn -0.09009548 -0.9880477 0.12507808
vn 0.14013737 -0.989764 -0.026997864
vn 0.14013737 -0.989764 -0.026997864
vn 0.14013737 -0.989764 -0.026997864
vn 0.14013737 -0.989764 -0.026997864
vn 0.1111889 -0.9908557 -0.076432705
vn 0.1111889 -0.9908557 -0.076432705
vn 0.1111889 -0.9908557 -0.076432705
vn 0.1111889 -0.9908557 -0.076432705
vn 0.6276593 -0.77113146 -0.1067709
vn 0.6276593 -0.77113146 -0.1067709
vn 0.6276593 -0.77113146 -0.1067709
vn 0.6276593 -0.77113146 -0.1067709
vn 0.5310531 -0.78231174 -0.3255318
vn 0.5310531 -0.78231174 -0.3255318
vn 0.5310531 -0.78231174 -0.3255318
vn 0.5310531 -0.78231174 -0.3255318
vn 0.6276579 -0.7711327 0.106770694
vn 0.6276579 -0.7711327 0.106770694
vn 0.6276579 -0.7711327 0.106770694
vn 0.6276579 -0.7711327 0.106770694
vn 0.5310525 -0.7823123 0.32553136
vn 0.5310525 -0.7823123 0.32553136
vn 0.5310525 -0.7823123 0.32553136
vn 0.5310525 -0.7823123 0.32553136
vn 0.14013812 -0.98976386 0.026998125
vn 0.14013812 -0.98976386 0.026998125
vn 0.14013812 -0.98976386 0.026998125
vn 0.14013812 -0.98976386 0.026998125
vn 0.11118959 -0.9908557 0.07643289
vn 0.11118959 -0.9908557 0.07643289
vn 0.11118959 -0.9908557 0.07643289
vn 0.11118959 -0.9908557 0.07643289
vn -0.040438432 -0.98724127 -0.15401125
vn -0.040438432 -0.98724127 -0.15401125
vn -0.040438432 -0.98724127 -0.15401125
vn -0.040438432 -0.98724127 -0.15401125
vn -0.09009633 -0.9880476 -0.12507868
vn -0.09009633 -0.9880476 -0.12507868
vn -0.09009633 -0.9880476 -0.12507868
vn -0.09009633 -0.9880476 -0.12507868
vn -0.116767116 -0.7630359 -0.63572145
vn -0.116767116 -0.7630359 -0.63572145
vn -0.116767116 -0.7630359 -0.63572145
vn -0.116767116 -0.7630359 -0.63572145
vn -0.33465937 -0.772706 -0.5393779
vn -0.33465937 -0.772706 -0.5393779
vn -0.33465937 -0.772706 -0.5393779
vn -0.33465937 -0.772706 -0.5393779
vn 0.09601772 -0.7654491 -0.6362927
vn 0.09601772 -0.7654491 -0.6362927
vn 0.09601772 -0.7654491 -0.6362927
vn 0.09601772 -0.7654491 -0.6362927
vn 0.31445548 -0.7800314 -0.5409887
vn 0.31445548 -0.7800314 -0.5409887
vn 0.31445548 -0.7800314 -0.5409887
vn 0.31445548 -0.7800314 -0.5409887
vn 0.01369402 -0.98799825 -0.15385707
vn 0.01369402 -0.98799825 -0.15385707
vn 0.01369402 -0.98799825 -0.15385707
vn 0.01369402 -0.98799825 -0.15385707
vn 0.06310845 -0.9901877 -0.12468157
vn 0.06310845 -0.9901877 -0.12468157
vn 0.06310845 -0.9901877 -0.12468157
vn 0.06310845 -0.9901877 -0.12468157
vn -0.16766693 -0.98546994 0.027144225
vn -0.16766693 -0.98546994 0.027144225
vn -0.16766693 -0.98546994 0.027144225
vn -0.16766693 -0.98546994 0.027144225
vn -0.138523 -0.987377 0.0767993
vn -0.138523 -0.987377 0.0767993
vn -0.138523 -0.987377 0.0767993
vn -0.138523 -0.987377 0.0767993
vn -0.64420193 -0.7574674 0.10605197
vn -0.64420193 -0.7574674 0.10605197
vn -0.64420193 -0.7574674 0.10605197
vn -0.64420193 -0.7574674 0.10605197
vn -0.5491652 -0.77048093 0.32369235
vn -0.5491652 -0.77048093 0.32369235
vn -0.5491652 -0.77048093 0.32369235
vn -0.5491652 -0.77048093 0.32369235
vn -0.6442025 -0.757467 -0.1060519
vn -0.6442025 -0.757467 -0.1060519
vn -0.6442025 -0.757467 -0.1060519
vn -0.6442025 -0.757467 -0.1060519
vn -0.549165 -0.770481 -0.32369235
vn -0.549165 -0.770481 -0.32369235
vn -0.549165 -0.770481 -0.32369235
vn -0.549165 -0.770481 -0.32369235
vn -0.986394 0 -0.16439857
vn -0.986394 0 -0.16439857
vn -0.986394 0 -0.16439857
vn -0.986394 0 -0.16439857
vn -0.986394 0 -0.16439886
vn -0.986394 0 -0.16439886
vn -0.16766724 -0.9854698 -0.027144236
vn -0.16766724 -0.9854698 -0.027144236
vn -0.16766724 -0.9854698 -0.027144236
vn -0.16766724 -0.9854698 -0.027144236
vn -0.1385232 -0.9873769 -0.07679929
vn -0.1385232 -0.9873769 -0.07679929
vn -0.1385232 -0.9873769 -0.07679929
vn -0.1385232 -0.9873769 -0.07679929
vn 0.04484215 0.9837546 -0.17382818
vn 0.04484215 0.9837546 -0.17382818
vn 0.04484215 0.9837546 -0.17382818
vn 0.04484215 0.9837546 -0.17382818
vn 0.085950434 0.89929926 -0.42880446
vn 0.085950434 0.89929926 -0.42880446
vn 0.085950434 0.89929926 -0.42880446
vn 0.085950434 0.89929926 -0.42880446
vn 0.10454143 0.9834778 -0.14779241
vn 0.10454143 0.9834778 -0.14779241
vn 0.10454143 0.9834778 -0.14779241
vn 0.10454143 0.9834778 -0.14779241
vn 0.23363581 0.90113056 -0.36520943
vn 0.23363581 0.90113056 -0.36520943
vn 0.23363581 0.90113056 -0.36520943
vn 0.23363581 0.90113056 -0.36520943
vn -0.013179252 0.98459005 -0.17438102
vn -0.013179252 0.98459005 -0.17438102
vn -0.013179252 0.98459005 -0.17438102
vn -0.013179252 0.98459005 -0.17438102
vn -0.07358717 0.98607105 -0.14916022
vn -0.07358717 0.98607105 -0.14916022
vn -0.07358717 0.98607105 -0.14916022
vn -0.07358717 0.98607105 -0.14916022
vn -0.057283312 0.90066206 -0.4307279
vn -0.057283312 0.90066206 -0.4307279
vn -0.057283312 0.90066206 -0.4307279
vn -0.057283312 0.90066206 -0.4307279
vn -0.20747216 0.90553266 -0.37008902
vn -0.20747216 0.90553266 -0.37008902
vn -0.20747216 0.90553266 -0.37008902
vn -0.20747216 0.90553266 -0.37008902
vn -0.013178402 0.98459005 0.1743811
vn -0.013178402 0.98459005 0.1743811
vn -0.013178402 0.98459005 0.1743811
vn -0.013178402 0.98459005 0.1743811
vn -0.05728445 0.90066063 0.43073076
vn -0.05728445 0.90066063 0.43073076
vn -0.05728445 0.90066063 0.43073076
vn -0.05728445 0.90066063 0.43073076
vn -0.073587164 0.98607105 0.14916044
vn -0.073587164 0.98607105 0.14916044
vn -0.073587164 0.98607105 0.14916044
vn -0.073587164 0.98607105 0.14916044
vn -0.20747085 0.90553236 0.37009063
vn -0.20747085 0.90553236 0.37009063
vn -0.20747085 0.90553236 0.37009063
vn -0.20747085 0.90553236 0.37009063
vn 0.044842437 0.98375434 0.17382883
vn 0.044842437 0.98375434 0.17382883
vn 0.044842437 0.98375434 0.17382883
vn 0.044842437 0.98375434 0.17382883
vn 0.104541965 0.98347765 0.14779264
vn 0.104541965 0.98347765 0.14779264
vn 0.104541965 0.98347765 0.14779264
vn 0.104541965 0.98347765 0.14779264
vn 0.08595012 0.8992987 0.42880577
vn 0.08595012 0.8992987 0.42880577
vn 0.08595012 0.8992987 0.42880577
vn 0.08595012 0.8992987 0.42880577
vn 0.23363553 0.90113115 0.36520833
vn 0.23363553 0.90113115 0.36520833
vn 0.23363553 0.90113115 0.36520833
vn 0.23363553 0.90113115 0.36520833
vn -0.15962034 0.9867448 -0.029256985
vn -0.15962034 0.9867448 -0.029256985
vn -0.15962034 0.9867448 -0.029256985
vn -0.15962034 0.9867448 -0.029256985
vn -0.42043194 0.90442294 -0.072498895
vn -0.42043194 0.90442294 -0.072498895
vn -0.42043194 0.90442294 -0.072498895
vn -0.42043194 0.90442294 -0.072498895
vn -0.1336047 0.98696554 -0.08971571
vn -0.1336047 0.98696554 -0.08971571
vn -0.1336047 0.98696554 -0.08971571
vn -0.1336047 0.98696554 -0.08971571
vn -0.35688588 0.90716606 -0.22289526
vn -0.35688588 0.90716606 -0.22289526
vn -0.35688588 0.90716606 -0.22289526
vn -0.35688588 0.90716606 -0.22289526
vn -0.1596243 0.98674417 0.029256804
vn -0.1596243 0.98674417 0.029256804
vn -0.1596243 0.98674417 0.029256804
vn -0.1596243 0.98674417 0.029256804
vn -0.13360462 0.98696554 0.08971584
vn -0.13360462 0.98696554 0.08971584
vn -0.13360462 0.98696554 0.08971584
vn -0.13360462 0.98696554 0.08971584
vn -0.4204264 0.9044255 0.07249891
vn -0.4204264 0.9044255 0.07249891
vn -0.4204264 0.9044255 0.07249891
vn -0.4204264 0.9044255 0.07249891
vn -0.35688514 0.90716636 0.22289547
vn -0.35688514 0.90716636 0.22289547
vn -0.35688514 0.90716636 0.22289547
vn -0.35688514 0.90716636 0.22289547
vn 0.1885187 0.98164773 0.028780527
vn 0.1885187 0.98164773 0.028780527
vn 0.1885187 0.98164773 0.028780527
vn 0.1885187 0.98164773 0.028780527
vn 0.43906885 0.8956616 0.07077319
vn 0.43906885 0.8956616 0.07077319
vn 0.43906885 0.8956616 0.07077319
vn 0.43906885 0.8956616 0.07077319
vn 0.16328555 0.982605 0.088459484
vn 0.16328555 0.982605 0.088459484
vn 0.16328555 0.982605 0.088459484
vn 0.16328555 0.982605 0.088459484
vn 0.3783292 0.89956033 0.21830747
vn 0.3783292 0.89956033 0.21830747
vn 0.3783292 0.89956033 0.21830747
vn 0.3783292 0.89956033 0.21830747
vn 0.18852095 0.98164743 -0.028780412
vn 0.18852095 0.98164743 -0.028780412
vn 0.18852095 0.98164743 -0.028780412
vn 0.18852095 0.98164743 -0.028780412
vn 0.16328517 0.9826051 -0.088459514
vn 0.16328517 0.9826051 -0.088459514
vn 0.16328517 0.9826051 -0.088459514
vn 0.16328517 0.9826051 -0.088459514
vn 0.43906763 0.89566225 -0.07077286
vn 0.43906763 0.89566225 -0.07077286
vn 0.43906763 0.89566225 -0.07077286
vn 0.43906763 0.89566225 -0.07077286
vn 0.37833312 0.8995591 -0.21830566
vn 0.37833312 0.8995591 -0.21830566
vn 0.37833312 0.8995591 -0.21830566
vn 0.37833312 0.8995591 -0.21830566
vn -0.18268082 -0.5281237 0.8292847
vn -0.18268082 -0.5281237 0.8292847
vn -0.18268082 -0.5281237 0.8292847
vn -0.15643089 -0.5336072 0.83113945
vn -0.15643089 -0.5336072 0.83113945
vn -0.06271832 -0.1801337 0.98164064
vn -0.06271832 -0.1801337 0.98164064
vn -0.06271832 -0.1801337 0.98164064
vn -0.06497261 -0.18083625 0.9813648
vn 0.3599366 0.8001438 0.47980794
vn 0.3599366 0.8001438 0.47980794
vn 0.3599366 0.8001438 0.47980794
vn 0.3599366 0.8001438 0.47980794
vn 0.33614838 0.8106739 0.4793871
vn 0.37559235 0.7921839 0.4810147
vn 0.37559235 0.7921839 0.4810147
vn 0.3818359 0.78903395 0.48127633
vn 0.3818359 0.78903395 0.48127633
vn 0.30336136 0.822651 0.48085037
vn 0.30336136 0.822651 0.48085037
vn 0.33614838 0.8106739 0.4793871
vn 0.33614838 0.8106739 0.4793871
vn 0.33614838 0.8106739 0.4793871
vn 0.30336136 0.822651 0.48085037
vn 0.081327856 0.9853286 -0.1500441
vn 0.081327856 0.9853286 -0.1500441
vn 0.081327856 0.9853286 -0.1500441
vn 0.081327856 0.9853286 -0.1500441
vn -0.059613388 0.9867291 -0.1510363
vn -0.059613388 0.9867291 -0.1510363
vn -0.059613388 0.9867291 -0.1510363
vn -0.059613388 0.9867291 -0.1510363
vn 0.065521866 0.8755026 -0.47875062
vn 0.065521866 0.8755026 -0.47875062
vn 0.065521866 0.8755026 -0.47875062
vn 0.065521866 0.8755026 -0.47875062
vn -0.057922274 0.8745932 -0.4813853
vn -0.057922274 0.8745932 -0.4813853
vn -0.057922274 0.8745932 -0.4813853
vn -0.057922274 0.8745932 -0.4813853
vn 0.08398559 0.98509073 0.15014242
vn 0.08398559 0.98509073 0.15014242
vn 0.08398559 0.98509073 0.15014242
vn 0.08398559 0.98509073 0.15014242
vn 0.07408724 0.87431914 0.47966343
vn 0.07408724 0.87431914 0.47966343
vn 0.07408724 0.87431914 0.47966343
vn 0.07408724 0.87431914 0.47966343
vn -0.057938553 0.9868187 0.15110248
vn -0.057938553 0.9868187 0.15110248
vn -0.057938553 0.9868187 0.15110248
vn -0.057938553 0.9868187 0.15110248
vn -0.052530024 0.87459964 0.48199183
vn -0.052530024 0.87459964 0.48199183
vn -0.052530024 0.87459964 0.48199183
vn -0.052530024 0.87459964 0.48199183
vn 0.22975157 0.96160895 0.15007465
vn 0.22975157 0.96160895 0.15007465
vn 0.22975157 0.96160895 0.15007465
vn 0.22975157 0.96160895 0.15007465
vn 0.20495345 0.8531924 0.47964245
vn 0.20495345 0.8531924 0.47964245
vn 0.20495345 0.8531924 0.47964245
vn 0.20495345 0.8531924 0.47964245
vn 0.22623931 0.96246076 -0.14994986
vn 0.22623931 0.96246076 -0.14994986
vn 0.22623931 0.96246076 -0.14994986
vn 0.22623931 0.96246076 -0.14994986
vn 0.19367109 0.8564686 -0.4784904
vn 0.19367109 0.8564686 -0.4784904
vn 0.19367109 0.8564686 -0.4784904
vn 0.19367109 0.8564686 -0.4784904
vn 0.2906514 0.8280721 -0.47939375
vn 0.2906514 0.8280721 -0.47939375
vn 0.2906514 0.8280721 -0.47939375
vn 0.2906514 0.8280721 -0.47939375
vn 0.046764087 0.54794866 0.83520377
vn 0.046764087 0.54794866 0.83520377
vn 0.046764087 0.54794866 0.83520377
vn 0.046764087 0.54794866 0.83520377
vn -0.033779014 0.5467151 0.836637
vn -0.033779014 0.5467151 0.836637
vn -0.033779014 0.5467151 0.836637
vn -0.033779014 0.5467151 0.836637
vn -0.00779771 -0.5576465 0.83004194
vn -0.00779771 -0.5576465 0.83004194
vn -0.00779771 -0.5576465 0.83004194
vn -0.00779771 -0.5576465 0.83004194
vn 0.06326957 -0.5500944 0.8327022
vn 0.06326957 -0.5500944 0.8327022
vn 0.06326957 -0.5500944 0.8327022
vn 0.06326957 -0.5500944 0.8327022
vn -0.089220546 -0.5505246 0.8300375
vn -0.089220546 -0.5505246 0.8300375
vn -0.089220546 -0.5505246 0.8300375
vn -0.089220546 -0.5505246 0.8300375
vn 0.13099068 0.53376216 0.8354276
vn 0.13099068 0.53376216 0.8354276
vn 0.13099068 0.53376216 0.8354276
vn 0.13099068 0.53376216 0.8354276
vn -0.024941685 -0.55349135 -0.8324813
vn -0.024941685 -0.55349135 -0.8324813
vn -0.024941685 -0.55349135 -0.8324813
vn -0.024941685 -0.55349135 -0.8324813
vn 0.052726846 -0.54894125 -0.8341962
vn 0.052726846 -0.54894125 -0.8341962
vn 0.052726846 -0.54894125 -0.8341962
vn 0.052726846 -0.54894125 -0.8341962
vn 0.031588744 0.55183774 -0.833353
vn 0.031588744 0.55183774 -0.833353
vn 0.031588744 0.55183774 -0.833353
vn 0.031588744 0.55183774 -0.833353
vn -0.043410253 0.5478753 -0.83543295
vn -0.043410253 0.5478753 -0.83543295
vn -0.043410253 0.5478753 -0.83543295
vn -0.043410253 0.5478753 -0.83543295
vn 0.11117998 0.54186124 -0.8330818
vn 0.11117998 0.54186124 -0.8330818
vn 0.11117998 0.54186124 -0.8330818
vn 0.11117998 0.54186124 -0.8330818
vn -0.112363316 -0.5413874 -0.83323115
vn -0.112363316 -0.5413874 -0.83323115
vn -0.112363316 -0.5413874 -0.83323115
vn -0.112363316 -0.5413874 -0.83323115
vn -0.010433707 -0.9890744 0.14704767
vn -0.010433707 -0.9890744 0.14704767
vn -0.010433707 -0.9890744 0.14704767
vn -0.010433707 -0.9890744 0.14704767
vn 0.11833593 -0.9818138 0.14845313
vn 0.11833593 -0.9818138 0.14845313
vn 0.11833593 -0.9818138 0.14845313
vn 0.11833593 -0.9818138 0.14845313
vn -0.010901789 -0.88148594 0.47208437
vn -0.010901789 -0.88148594 0.47208437
vn -0.010901789 -0.88148594 0.47208437
vn -0.010901789 -0.88148594 0.47208437
vn -0.010901789 -0.88148594 0.47208437
vn -0.010901789 -0.88148594 0.47208437
vn 0.103301264 -0.87351924 0.47570255
vn 0.103301264 -0.87351924 0.47570255
vn 0.103301264 -0.87351924 0.47570255
vn 0.103301264 -0.87351924 0.47570255
vn -0.013625498 -0.9890132 -0.14719847
vn -0.013625498 -0.9890132 -0.14719847
vn -0.013625498 -0.9890132 -0.14719847
vn -0.013625498 -0.9890132 -0.14719847
vn -0.020997053 -0.88058436 -0.47342396
vn -0.020997053 -0.88058436 -0.47342396
vn -0.020997053 -0.88058436 -0.47342396
vn -0.020997053 -0.88058436 -0.47342396
vn 0.11643973 -0.9820265 -0.14854498
vn 0.11643973 -0.9820265 -0.14854498
vn 0.11643973 -0.9820265 -0.14854498
vn 0.11643973 -0.9820265 -0.14854498
vn 0.097243264 -0.8737689 -0.4765202
vn 0.097243264 -0.8737689 -0.4765202
vn 0.097243264 -0.8737689 -0.4765202
vn 0.097243264 -0.8737689 -0.4765202
vn -0.1653323 -0.97514206 -0.14752384
vn -0.1653323 -0.97514206 -0.14752384
vn -0.1653323 -0.97514206 -0.14752384
vn -0.1653323 -0.97514206 -0.14752384
vn -0.293891 -0.94422287 -0.14856443
vn -0.293891 -0.94422287 -0.14856443
vn -0.293891 -0.94422287 -0.14856443
vn -0.293891 -0.94422287 -0.14856443
vn -0.15734227 -0.86616534 -0.47434273
vn -0.15734227 -0.86616534 -0.47434273
vn -0.15734227 -0.86616534 -0.47434273
vn -0.15734227 -0.86616534 -0.47434273
vn -0.16081615 -0.97592735 0.14732224
vn -0.16081615 -0.97592735 0.14732224
vn -0.16081615 -0.97592735 0.14732224
vn -0.16081615 -0.97592735 0.14732224
vn -0.143277 -0.86957157 0.47256425
vn -0.143277 -0.86957157 0.47256425
vn -0.143277 -0.86957157 0.47256425
vn -0.143277 -0.86957157 0.47256425
vn -0.28852642 -0.9459148 0.14831623
vn -0.28852642 -0.9459148 0.14831623
vn -0.28852642 -0.9459148 0.14831623
vn -0.28852642 -0.9459148 0.14831623
vn -0.9513453 0.26826248 0.15158315
vn -0.9513453 0.26826248 0.15158315
vn -0.9513453 0.26826248 0.15158315
vn -0.9513453 0.26826248 0.15158315
vn -0.9399291 0.30724797 0.14876829
vn -0.9399291 0.30724797 0.14876829
vn -0.9398187 0.3075335 0.14887606
vn -0.9398187 0.3075335 0.14887606
vn -0.9436755 0.29556596 0.14871907
vn -0.9436755 0.29556596 0.14871907
vn -0.9436755 0.29556596 0.14871907
vn -0.9436755 0.29556596 0.14871907
vn -0.95210224 0.26691478 0.1491907
vn -0.95210224 0.26691478 0.1491907
vn -0.8250587 0.33852586 0.4524138
vn -0.8250587 0.33852586 0.4524138
vn -0.8250587 0.33852586 0.4524138
vn -0.8250587 0.33852586 0.4524138
vn -0.8171633 0.36609507 0.4452175
vn -0.8171633 0.36609507 0.4452175
vn -0.82196456 0.34823713 0.4506719
vn -0.82196456 0.34823713 0.4506719
vn -0.82781345 0.33239046 0.45193073
vn -0.82781345 0.33239046 0.45193073
vn -0.82781345 0.33239046 0.45193073
vn -0.82781345 0.33239046 0.45193073
vn -0.8375999 0.3026111 0.45481092
vn -0.8375999 0.3026111 0.45481092
vn -0.9511214 0.26910308 -0.15149818
vn -0.9511214 0.26910308 -0.15149818
vn -0.9511214 0.26910308 -0.15149818
vn -0.9511214 0.26910308 -0.15149818
vn -0.93809646 0.31311235 -0.14810723
vn -0.93809646 0.31311235 -0.14810723
vn -0.9350809 0.32247546 -0.14708258
vn -0.9350809 0.32247546 -0.14708258
vn -0.9384675 0.3126942 -0.14663273
vn -0.9384675 0.3126942 -0.14663273
vn -0.9384675 0.3126942 -0.14663273
vn -0.9384675 0.3126942 -0.14663273
vn -0.94700885 0.28563184 -0.14693132
vn -0.94700885 0.28563184 -0.14693132
vn -0.8245308 0.34086192 -0.45162174
vn -0.8245308 0.34086192 -0.45162174
vn -0.8245308 0.34086192 -0.45162174
vn -0.8245308 0.34086192 -0.45162174
vn -0.812969 0.382343 -0.43919823
vn -0.812969 0.382343 -0.43919823
vn -0.8117423 0.3902218 -0.43451288
vn -0.8117423 0.3902218 -0.43451288
vn -0.81695503 0.38062865 -0.43325078
vn -0.81695503 0.38062865 -0.43325078
vn -0.81695503 0.38062865 -0.43325078
vn -0.81695503 0.38062865 -0.43325078
vn -0.8275385 0.35532036 -0.4346579
vn -0.8275385 0.35532036 -0.4346579
vn -0.9680016 0.19629727 -0.15633395
vn -0.9680016 0.19629727 -0.15633395
vn -0.9680016 0.19629727 -0.15633395
vn -0.9680016 0.19629727 -0.15633395
vn -0.98044926 0.11414491 -0.16028136
vn -0.98044926 0.11414491 -0.16028136
vn -0.98044926 0.11414491 -0.16028136
vn -0.98044926 0.11414491 -0.16028136
vn -0.84039056 0.2705526 -0.4696223
vn -0.84039056 0.2705526 -0.4696223
vn -0.84039056 0.2705526 -0.4696223
vn -0.84039056 0.2705526 -0.4696223
vn -0.8534471 0.1888457 -0.4857627
vn -0.8534471 0.1888457 -0.4857627
vn -0.8534471 0.1888457 -0.4857627
vn -0.8534471 0.1888457 -0.4857627
vn -0.9675492 0.19867511 0.15613082
vn -0.9675492 0.19867511 0.15613082
vn -0.9675492 0.19867511 0.15613082
vn -0.9675492 0.19867511 0.15613082
vn -0.83929163 0.277266 0.46766773
vn -0.83929163 0.277266 0.46766773
vn -0.83929163 0.277266 0.46766773
vn -0.83929163 0.277266 0.46766773
vn -0.9801247 0.11718809 0.1600704
vn -0.9801247 0.11718809 0.1600704
vn -0.9801247 0.11718809 0.1600704
vn -0.9801247 0.11718809 0.1600704
vn -0.85264975 0.1976596 0.4836517
vn -0.85264975 0.1976596 0.4836517
vn -0.85264975 0.1976596 0.4836517
vn -0.85264975 0.1976596 0.4836517
vn 0.022353895 0.42451775 0.9051437
vn 0.022353895 0.42451775 0.9051437
vn 0.022353895 0.42451775 0.9051437
vn 0.022353895 0.42451775 0.9051437
vn -0.0027950206 0.48827893 0.8726832
vn -0.0027950206 0.48827893 0.8726832
vn -0.0027950206 0.48827893 0.8726832
vn -0.0027950206 0.48827893 0.8726832
vn 0.31546283 0.5308892 0.78653663
vn 0.31546283 0.5308892 0.78653663
vn 0.31546283 0.5308892 0.78653663
vn 0.31546283 0.5308892 0.78653663
vn 0.27673462 0.5888883 0.7593606
vn 0.27673462 0.5888883 0.7593606
vn 0.27673462 0.5888883 0.7593606
vn 0.27673462 0.5888883 0.7593606
vn -0.25232536 0.3170913 0.91421276
vn -0.25232536 0.3170913 0.91421276
vn -0.25232536 0.3170913 0.91421276
vn -0.25232536 0.3170913 0.91421276
vn -0.55298096 0.19252795 0.81064475
vn -0.55298096 0.19252795 0.81064475
vn -0.55298096 0.19252795 0.81064475
vn -0.55298096 0.19252795 0.81064475
vn -0.26444063 0.38619173 0.88370085
vn -0.26444063 0.38619173 0.88370085
vn -0.26444063 0.38619173 0.88370085
vn -0.26444063 0.38619173 0.88370085
vn -0.5538848 0.26542976 0.78915054
vn -0.5538848 0.26542976 0.78915054
vn -0.5538848 0.26542976 0.78915054
vn -0.5538848 0.26542976 0.78915054
vn -0.23781332 0.24428147 0.94009113
vn -0.23781332 0.24428147 0.94009113
vn -0.23781332 0.24428147 0.94009113
vn -0.23781332 0.24428147 0.94009113
vn -0.21880318 0.16342309 0.9619865
vn -0.21880318 0.16342309 0.9619865
vn -0.21880318 0.16342309 0.9619865
vn -0.21880318 0.16342309 0.9619865
vn -0.5479486 0.11758087 0.82820714
vn -0.5479486 0.11758087 0.82820714
vn -0.5479486 0.11758087 0.82820714
vn -0.5479486 0.11758087 0.82820714
vn -0.5368687 0.035611253 0.8429139
vn -0.5368687 0.035611253 0.8429139
vn -0.5368687 0.035611253 0.8429139
vn -0.5368687 0.035611253 0.8429139
vn 0.04836802 0.35557306 0.9333961
vn 0.04836802 0.35557306 0.9333961
vn 0.04836802 0.35557306 0.9333961
vn 0.04836802 0.35557306 0.9333961
vn 0.35356256 0.46693116 0.81053615
vn 0.35356256 0.46693116 0.81053615
vn 0.35356256 0.46693116 0.81053615
vn 0.35356256 0.46693116 0.81053615
vn 0.07707349 0.2777732 0.95754987
vn 0.07707349 0.2777732 0.95754987
vn 0.07707349 0.2777732 0.95754987
vn 0.07707349 0.2777732 0.95754987
vn 0.39233336 0.39392543 0.83120227
vn 0.39233336 0.39392543 0.83120227
vn 0.39233336 0.39392543 0.83120227
vn 0.39233336 0.39392543 0.83120227
vn 0.5092208 0.84990436 -0.13548718
vn 0.5092208 0.84990436 -0.13548718
vn 0.5092208 0.84990436 -0.13548718
vn 0.5092208 0.84990436 -0.13548718
vn 0.44887528 0.88408005 -0.13005121
vn 0.44887528 0.88408005 -0.13005121
vn 0.44887528 0.88408005 -0.13005121
vn 0.44887528 0.88408005 -0.13005121
vn 0.38270134 0.91516876 -0.12651409
vn 0.38270134 0.91516876 -0.12651409
vn 0.36652845 0.9216228 -0.12754716
vn 0.36652845 0.9216228 -0.12754716
vn 0.36652845 0.9216228 -0.12754716
vn 0.36652845 0.9216228 -0.12754716
vn 0.39682272 0.82060415 -0.411267
vn 0.39682272 0.82060415 -0.411267
vn 0.39682272 0.82060415 -0.411267
vn 0.39682272 0.82060415 -0.411267
vn 0.34326708 0.85242856 -0.39437693
vn 0.34326708 0.85242856 -0.39437693
vn 0.34326708 0.85242856 -0.39437693
vn 0.34326708 0.85242856 -0.39437693
vn 0.5097371 0.8495833 0.13555965
vn 0.5097371 0.8495833 0.13555965
vn 0.5097371 0.8495833 0.13555965
vn 0.5097371 0.8495833 0.13555965
vn 0.39823315 0.8195763 0.41195258
vn 0.39823315 0.8195763 0.41195258
vn 0.39823315 0.8195763 0.41195258
vn 0.39823315 0.8195763 0.41195258
vn 0.39823315 0.8195763 0.41195258
vn 0.39823315 0.8195763 0.41195258
vn 0.45247722 0.8821641 0.13057867
vn 0.45247722 0.8821641 0.13057867
vn 0.45247722 0.8821641 0.13057867
vn 0.45247722 0.8821641 0.13057867
vn 0.39174742 0.9111426 0.12787952
vn 0.39174742 0.9111426 0.12787952
vn 0.37684888 0.91723454 0.12909523
vn 0.37684888 0.91723454 0.12909523
vn 0.37684888 0.91723454 0.12909523
vn 0.37684888 0.91723454 0.12909523
vn 0.35305223 0.846113 0.39930817
vn 0.35305223 0.846113 0.39930817
vn 0.35305223 0.846113 0.39930817
vn 0.35305223 0.846113 0.39930817
vn 0.3265765 0.8584011 0.39559498
vn 0.57823306 0.803443 0.1418658
vn 0.57823306 0.803443 0.1418658
vn 0.57823306 0.803443 0.1418658
vn 0.57823306 0.803443 0.1418658
vn 0.64416486 0.750508 0.14761259
vn 0.64416486 0.750508 0.14761259
vn 0.64416486 0.750508 0.14761259
vn 0.64416486 0.750508 0.14761259
vn 0.456876 0.7782906 0.4307297
vn 0.456876 0.7782906 0.4307297
vn 0.456876 0.7782906 0.4307297
vn 0.456876 0.7782906 0.4307297
vn 0.51781356 0.72752297 0.45008847
vn 0.51781356 0.72752297 0.45008847
vn 0.51781356 0.72752297 0.45008847
vn 0.51781356 0.72752297 0.45008847
vn 0.5797065 0.8023456 -0.14206353
vn 0.5797065 0.8023456 -0.14206353
vn 0.5797065 0.8023456 -0.14206353
vn 0.5797065 0.8023456 -0.14206353
vn 0.46091673 0.77487224 -0.43258384
vn 0.46091673 0.77487224 -0.43258384
vn 0.46091673 0.77487224 -0.43258384
vn 0.46091673 0.77487224 -0.43258384
vn 0.646072 0.74881995 -0.14785065
vn 0.646072 0.74881995 -0.14785065
vn 0.646072 0.74881995 -0.14785065
vn 0.646072 0.74881995 -0.14785065
vn 0.5231001 0.7223181 -0.4523526
vn 0.5231001 0.7223181 -0.4523526
vn 0.5231001 0.7223181 -0.4523526
vn 0.5231001 0.7223181 -0.4523526
vn -0.079392776 0.64119387 0.76326096
vn -0.079392776 0.64119387 0.76326096
vn -0.079392776 0.64119387 0.76326096
vn -0.079392776 0.64119387 0.76326096
vn -0.09303891 0.6525791 0.75198686
vn -0.09303891 0.6525791 0.75198686
vn -0.103223674 0.62967867 0.76996726
vn -0.103223674 0.62967867 0.76996726
vn -0.11119876 0.61661917 0.77936876
vn -0.11119876 0.61661917 0.77936876
vn -0.11119876 0.61661917 0.77936876
vn -0.11119876 0.61661917 0.77936876
vn 0.15209807 0.7306989 0.6655414
vn 0.15209807 0.7306989 0.6655414
vn 0.15209807 0.7306989 0.6655414
vn 0.15209807 0.7306989 0.6655414
vn 0.12618062 0.74805534 0.65153027
vn 0.12618062 0.74805534 0.65153027
vn 0.105163574 0.7441593 0.65967226
vn 0.105163574 0.7441593 0.65967226
vn 0.095842004 0.7378867 0.66808486
vn 0.095842004 0.7378867 0.66808486
vn 0.095842004 0.7378867 0.66808486
vn 0.095842004 0.7378867 0.66808486
vn 0.12618062 0.74805534 0.65153027
vn 0.12618062 0.74805534 0.65153027
vn 0.12618062 0.74805534 0.65153027
vn -0.2978812 0.55851966 0.7741594
vn -0.2978812 0.55851966 0.7741594
vn -0.2978812 0.55851966 0.7741594
vn -0.2978812 0.55851966 0.7741594
vn -0.2978812 0.55851966 0.7741594
vn -0.2978812 0.55851966 0.7741594
vn -0.3038945 0.56869006 0.76435584
vn -0.3038945 0.56869006 0.76435584
vn -0.3110055 0.53520775 0.7853842
vn -0.3110055 0.53520775 0.7853842
vn -0.31870043 0.51839423 0.7935348
vn -0.31870043 0.51839423 0.7935348
vn -0.31870043 0.51839423 0.7935348
vn -0.31870043 0.51839423 0.7935348
vn -0.32880536 0.49521065 0.80414766
vn -0.32880536 0.49521065 0.80414766
vn -0.544929 0.46313226 0.6989712
vn -0.544929 0.46313226 0.6989712
vn -0.544929 0.46313226 0.6989712
vn -0.544929 0.46313226 0.6989712
vn -0.54416 0.47816736 0.68938076
vn -0.5467206 0.46055603 0.69927436
vn -0.5467206 0.46055603 0.69927436
vn -0.54416 0.47816736 0.68938076
vn -0.54416 0.47816736 0.68938076
vn -0.54416 0.47816736 0.68938076
vn -0.55129373 0.4450737 0.7056803
vn -0.5587831 0.4272214 0.7108047
vn -0.55129373 0.4450737 0.7056803
vn -0.5587831 0.4272214 0.7108047
vn -0.5587831 0.4272214 0.7108047
vn -0.5587831 0.4272214 0.7108047
vn -0.5694233 0.4002008 0.7180504
vn -0.28852364 0.5189406 0.8046457
vn -0.28852364 0.5189406 0.8046457
vn -0.28852364 0.5189406 0.8046457
vn -0.28852364 0.5189406 0.8046457
vn -0.28852364 0.5189406 0.8046457
vn -0.28852364 0.5189406 0.8046457
vn -0.27682117 0.45715347 0.84521055
vn -0.27682117 0.45715347 0.84521055
vn -0.27682117 0.45715347 0.84521055
vn -0.27682117 0.45715347 0.84521055
vn -0.5485138 0.41472557 0.7260408
vn -0.5485138 0.41472557 0.7260408
vn -0.5485138 0.41472557 0.7260408
vn -0.5485138 0.41472557 0.7260408
vn -0.5522023 0.34332383 0.75973773
vn -0.5522023 0.34332383 0.75973773
vn -0.5522023 0.34332383 0.75973773
vn -0.5522023 0.34332383 0.75973773
vn -0.5522023 0.34332383 0.75973773
vn -0.5522023 0.34332383 0.75973773
vn -0.057157975 0.6055939 0.79371846
vn -0.057157975 0.6055939 0.79371846
vn -0.057157975 0.6055939 0.79371846
vn -0.057157975 0.6055939 0.79371846
vn 0.19048676 0.69458944 0.6937293
vn 0.19048676 0.69458944 0.6937293
vn 0.19048676 0.69458944 0.6937293
vn 0.19048676 0.69458944 0.6937293
vn -0.029988836 0.5511423 0.83387226
vn -0.029988836 0.5511423 0.83387226
vn -0.029988836 0.5511423 0.83387226
vn -0.029988836 0.5511423 0.83387226
vn 0.23469092 0.64430755 0.72786534
vn 0.23469092 0.64430755 0.72786534
vn 0.23469092 0.64430755 0.72786534
vn 0.23469092 0.64430755 0.72786534
vn -0.29844856 0.5615666 -0.7717328
vn -0.29844856 0.5615666 -0.7717328
vn -0.29844856 0.5615666 -0.7717328
vn -0.29844856 0.5615666 -0.7717328
vn -0.3079141 0.58974254 -0.7465874
vn -0.3079141 0.58974254 -0.7465874
vn -0.3235906 0.59128445 -0.738696
vn -0.3235906 0.59128445 -0.738696
vn -0.33477554 0.58301723 -0.74028116
vn -0.33477554 0.58301723 -0.74028116
vn -0.33477554 0.58301723 -0.74028116
vn -0.33477554 0.58301723 -0.74028116
vn -0.34858876 0.5652395 -0.7476565
vn -0.34858876 0.5652395 -0.7476565
vn -0.54477996 0.46626464 -0.6970023
vn -0.54477996 0.46626464 -0.6970023
vn -0.54477996 0.46626464 -0.6970023
vn -0.54477996 0.46626464 -0.6970023
vn -0.5429359 0.49990806 -0.67476857
vn -0.5429359 0.49990806 -0.67476857
vn -0.5500324 0.5024937 -0.6670565
vn -0.5500324 0.5024937 -0.6670565
vn -0.5589072 0.49337623 -0.66648525
vn -0.5589072 0.49337623 -0.66648525
vn -0.5589072 0.49337623 -0.66648525
vn -0.5589072 0.49337623 -0.66648525
vn -0.57208574 0.47223616 -0.6706049
vn -0.57208574 0.47223616 -0.6706049
vn -0.08059184 0.64383 -0.7609125
vn -0.08059184 0.64383 -0.7609125
vn -0.08059184 0.64383 -0.7609125
vn -0.08059184 0.64383 -0.7609125
vn -0.1015121 0.67050195 -0.7349302
vn -0.1015121 0.67050195 -0.7349302
vn -0.12678683 0.67671275 -0.7252483
vn -0.12678683 0.67671275 -0.7252483
vn -0.13944471 0.670622 -0.7285749
vn -0.13944471 0.670622 -0.7285749
vn -0.13944471 0.670622 -0.7285749
vn -0.13944471 0.670622 -0.7285749
vn 0.15046073 0.7326617 -0.6637533
vn 0.15046073 0.7326617 -0.6637533
vn 0.15046073 0.7326617 -0.6637533
vn 0.15046073 0.7326617 -0.6637533
vn 0.11472978 0.7609161 -0.6386264
vn 0.11472978 0.7609161 -0.6386264
vn 0.11472978 0.7609161 -0.6386264
vn 0.11472978 0.7609161 -0.6386264
vn 0.07498023 0.7762596 -0.6259386
vn 0.07498023 0.7762596 -0.6259386
vn 0.060684346 0.77436286 -0.62982494
vn 0.060684346 0.77436286 -0.62982494
vn 0.060684346 0.77436286 -0.62982494
vn 0.060684346 0.77436286 -0.62982494
vn -0.053683992 0.59755915 -0.80002564
vn -0.053683992 0.59755915 -0.80002564
vn -0.053683992 0.59755915 -0.80002564
vn -0.053683992 0.59755915 -0.80002564
vn -0.025243666 0.53960896 -0.84153724
vn -0.025243666 0.53960896 -0.84153724
vn -0.025243666 0.53960896 -0.84153724
vn -0.025243666 0.53960896 -0.84153724
vn -0.025243666 0.53960896 -0.84153724
vn -0.025243666 0.53960896 -0.84153724
vn 0.19519866 0.68839324 -0.69857866
vn 0.19519866 0.68839324 -0.69857866
vn 0.19519866 0.68839324 -0.69857866
vn 0.19519866 0.68839324 -0.69857866
vn 0.24097548 0.6351619 -0.7338257
vn 0.24097548 0.6351619 -0.7338257
vn 0.24097548 0.6351619 -0.7338257
vn 0.24097548 0.6351619 -0.7338257
vn -0.2867758 0.5098395 -0.81106305
vn -0.2867758 0.5098395 -0.81106305
vn -0.2867758 0.5098395 -0.81106305
vn -0.2867758 0.5098395 -0.81106305
vn -0.54865295 0.40551165 -0.7311225
vn -0.54865295 0.40551165 -0.7311225
vn -0.54865295 0.40551165 -0.7311225
vn -0.54865295 0.40551165 -0.7311225
vn -0.27421108 0.44439027 -0.85283387
vn -0.27421108 0.44439027 -0.85283387
vn -0.27421108 0.44439027 -0.85283387
vn -0.27421108 0.44439027 -0.85283387
vn -0.5518345 0.33074445 -0.76556295
vn -0.5518345 0.33074445 -0.76556295
vn -0.5518345 0.33074445 -0.76556295
vn -0.5518345 0.33074445 -0.76556295
vn 0.13147329 0.12474252 0.9834399
vn 0.13147329 0.12474252 0.9834399
vn 0.13147329 0.12474252 0.9834399
vn 0.13147329 0.12474252 0.9834399
vn 0.10950856 0.18758841 0.97612417
vn 0.10950856 0.18758841 0.97612417
vn 0.10950856 0.18758841 0.97612417
vn 0.10950856 0.18758841 0.97612417
vn 0.45688382 0.24902175 0.8539586
vn 0.45688382 0.24902175 0.8539586
vn 0.45688382 0.24902175 0.8539586
vn 0.45688382 0.24902175 0.8539586
vn 0.4735539 0.20495468 0.8565864
vn 0.4735539 0.20495468 0.8565864
vn 0.485399 0.17086326 0.8574343
vn 0.485399 0.17086326 0.8574343
vn 0.49470958 0.14220157 0.85734534
vn 0.49470958 0.14220157 0.85734534
vn 0.4319698 0.30882645 0.84736556
vn 0.4319698 0.30882645 0.84736556
vn 0.4319698 0.30882645 0.84736556
vn 0.4319698 0.30882645 0.84736556
vn -0.17435217 0.006266873 0.9846635
vn -0.17435217 0.006266873 0.9846635
vn -0.17435217 0.006266873 0.9846635
vn -0.17435217 0.006266873 0.9846635
vn -0.5003757 -0.121747024 0.85720587
vn -0.5003757 -0.121747024 0.85720587
vn -0.5003757 -0.121747024 0.85720587
vn -0.5003757 -0.121747024 0.85720587
vn -0.19343658 0.07053149 0.9785743
vn -0.19343658 0.07053149 0.9785743
vn -0.19343658 0.07053149 0.9785743
vn -0.19343658 0.07053149 0.9785743
vn -0.5172905 -0.05769166 0.8538632
vn -0.5172905 -0.05769166 0.8538632
vn -0.5172905 -0.05769166 0.8538632
vn -0.5172905 -0.05769166 0.8538632
vn -0.15971524 -0.040306628 0.9863399
vn -0.15971524 -0.040306628 0.9863399
vn -0.15971524 -0.040306628 0.9863399
vn -0.15971524 -0.040306628 0.9863399
vn -0.148217 -0.07552062 0.9860671
vn -0.148217 -0.07552062 0.9860671
vn -0.13887553 -0.10347082 0.98488945
vn -0.13887553 -0.10347082 0.98488945
vn -0.4862384 -0.16795346 0.8575336
vn -0.4862384 -0.16795346 0.8575336
vn -0.4862384 -0.16795346 0.8575336
vn -0.4862384 -0.16795346 0.8575336
vn -0.4744061 -0.20288871 0.8566067
vn -0.4744061 -0.20288871 0.8566067
vn -0.46420914 -0.23108552 0.8550494
vn -0.46420914 -0.23108552 0.8550494
vn 0.14705189 0.07888501 0.9859781
vn 0.14705189 0.07888501 0.9859781
vn 0.14705189 0.07888501 0.9859781
vn 0.14705189 0.07888501 0.9859781
vn 0.15858701 0.043950226 0.9863664
vn 0.15858701 0.043950226 0.9863664
vn 0.16765597 0.015856523 0.985718
vn 0.16765597 0.015856523 0.985718
vn -0.2515013 0.31363446 -0.91563123
vn -0.2515013 0.31363446 -0.91563123
vn -0.2515013 0.31363446 -0.91563123
vn -0.2515013 0.31363446 -0.91563123
vn -0.26285705 0.37901112 -0.88727486
vn -0.26285705 0.37901112 -0.88727486
vn -0.26285705 0.37901112 -0.88727486
vn -0.26285705 0.37901112 -0.88727486
vn -0.55260706 0.1893092 -0.8116573
vn -0.55260706 0.1893092 -0.8116573
vn -0.55260706 0.1893092 -0.8116573
vn -0.55260706 0.1893092 -0.8116573
vn -0.5533783 0.25857005 -0.7917791
vn -0.5533783 0.25857005 -0.7917791
vn -0.5533783 0.25857005 -0.7917791
vn -0.5533783 0.25857005 -0.7917791
vn 0.023611223 0.4212561 -0.90663433
vn 0.023611223 0.4212561 -0.90663433
vn 0.023611223 0.4212561 -0.90663433
vn 0.023611223 0.4212561 -0.90663433
vn 0.31701237 0.5282043 -0.7877203
vn 0.31701237 0.5282043 -0.7877203
vn 0.31701237 0.5282043 -0.7877203
vn 0.31701237 0.5282043 -0.7877203
vn -0.00016381695 0.4816336 -0.8763727
vn -0.00016381695 0.4816336 -0.8763727
vn -0.00016381695 0.4816336 -0.8763727
vn -0.00016381695 0.4816336 -0.8763727
vn 0.28011066 0.5835092 -0.7622696
vn 0.28011066 0.5835092 -0.7622696
vn 0.28011066 0.5835092 -0.7622696
vn 0.28011066 0.5835092 -0.7622696
vn 0.04877705 0.3544852 -0.93378854
vn 0.04877705 0.3544852 -0.93378854
vn 0.04877705 0.3544852 -0.93378854
vn 0.04877705 0.3544852 -0.93378854
vn 0.077073544 0.27777308 -0.95754987
vn 0.077073544 0.27777308 -0.95754987
vn 0.077073544 0.27777308 -0.95754987
vn 0.077073544 0.27777308 -0.95754987
vn 0.3540406 0.46602422 -0.81084937
vn 0.3540406 0.46602422 -0.81084937
vn 0.3540406 0.46602422 -0.81084937
vn 0.3540406 0.46602422 -0.81084937
vn 0.3540406 0.46602422 -0.81084937
vn 0.3540406 0.46602422 -0.81084937
vn 0.39233115 0.39392516 -0.8312035
vn 0.39233115 0.39392516 -0.8312035
vn 0.39233115 0.39392516 -0.8312035
vn 0.39233115 0.39392516 -0.8312035
vn -0.23752017 0.24314775 -0.9404592
vn -0.23752017 0.24314775 -0.9404592
vn -0.23752017 0.24314775 -0.9404592
vn -0.23752017 0.24314775 -0.9404592
vn -0.5477829 0.11654825 -0.82846266
vn -0.5477829 0.11654825 -0.82846266
vn -0.5477829 0.11654825 -0.82846266
vn -0.5477829 0.11654825 -0.82846266
vn -0.21880358 0.1634237 -0.9619863
vn -0.21880358 0.1634237 -0.9619863
vn -0.21880358 0.1634237 -0.9619863
vn -0.21880358 0.1634237 -0.9619863
vn -0.53686893 0.035611413 -0.8429137
vn -0.53686893 0.035611413 -0.8429137
vn -0.53686893 0.035611413 -0.8429137
vn -0.53686893 0.035611413 -0.8429137
vn -0.98633933 -0.02292871 0.16312277
vn -0.98633933 -0.02292871 0.16312277
vn -0.98633933 -0.02292871 0.16312277
vn -0.98633933 -0.02292871 0.16312277
vn -0.9858133 0.043284573 0.16216859
vn -0.9858133 0.043284573 0.16216859
vn -0.9858133 0.043284573 0.16216859
vn -0.9858133 0.043284573 0.16216859
vn -0.8636489 0.04793085 0.50180995
vn -0.8636489 0.04793085 0.50180995
vn -0.8636489 0.04793085 0.50180995
vn -0.8636489 0.04793085 0.50180995
vn -0.8607337 0.11912239 0.4949215
vn -0.8607337 0.11912239 0.4949215
vn -0.8607337 0.11912239 0.4949215
vn -0.8607337 0.11912239 0.4949215
vn -0.8607337 0.11912239 0.4949215
vn -0.8607337 0.11912239 0.4949215
vn -0.98631775 -0.023620324 -0.1631544
vn -0.98631775 -0.023620324 -0.1631544
vn -0.98631775 -0.023620324 -0.1631544
vn -0.98631775 -0.023620324 -0.1631544
vn -0.86356837 0.045840017 -0.50214386
vn -0.86356837 0.045840017 -0.50214386
vn -0.86356837 0.045840017 -0.50214386
vn -0.86356837 0.045840017 -0.50214386
vn -0.9858657 0.04173483 -0.16225603
vn -0.9858657 0.04173483 -0.16225603
vn -0.9858657 0.04173483 -0.16225603
vn -0.9858657 0.04173483 -0.16225603
vn -0.86084 0.11451702 -0.4958229
vn -0.86084 0.11451702 -0.4958229
vn -0.86084 0.11451702 -0.4958229
vn -0.86084 0.11451702 -0.4958229
vn -0.9823821 -0.08999609 -0.16378666
vn -0.9823821 -0.08999609 -0.16378666
vn -0.9823821 -0.08999609 -0.16378666
vn -0.9823821 -0.08999609 -0.16378666
vn -0.97292614 -0.16245349 -0.16438872
vn -0.97292614 -0.16245349 -0.16438872
vn -0.97292614 -0.16245349 -0.16438872
vn -0.97292614 -0.16245349 -0.16438872
vn -0.8615048 -0.02469767 -0.50714856
vn -0.8615048 -0.02469767 -0.50714856
vn -0.8615048 -0.02469767 -0.50714856
vn -0.8615048 -0.02469767 -0.50714856
vn -0.8531932 -0.10206409 -0.5115116
vn -0.8531932 -0.10206409 -0.5115116
vn -0.8531932 -0.10206409 -0.5115116
vn -0.8531932 -0.10206409 -0.5115116
vn -0.9824027 -0.08978349 0.16377972
vn -0.9824027 -0.08978349 0.16377972
vn -0.9824027 -0.08978349 0.16377972
vn -0.9824027 -0.08978349 0.16377972
vn -0.9824027 -0.08978349 0.16377972
vn -0.9824027 -0.08978349 0.16377972
vn -0.86157084 -0.02404415 0.5070675
vn -0.86157084 -0.02404415 0.5070675
vn -0.86157084 -0.02404415 0.5070675
vn -0.86157084 -0.02404415 0.5070675
vn -0.97292614 -0.16245344 0.1643885
vn -0.97292614 -0.16245344 0.1643885
vn -0.97292614 -0.16245344 0.1643885
vn -0.97292614 -0.16245344 0.1643885
vn -0.85319203 -0.10206516 0.5115136
vn -0.85319203 -0.10206516 0.5115136
vn -0.85319203 -0.10206516 0.5115136
vn -0.85319203 -0.10206516 0.5115136
vn -0.85319203 -0.10206516 0.5115136
vn -0.85319203 -0.10206516 0.5115136
vn 0.7443334 0.6495529 -0.15507692
vn 0.7443334 0.6495529 -0.15507692
vn 0.7443334 0.6495529 -0.15507692
vn 0.7443334 0.6495529 -0.15507692
vn 0.6975271 0.7003096 -0.15173098
vn 0.6975271 0.7003096 -0.15173098
vn 0.6975271 0.7003096 -0.15173098
vn 0.6975271 0.7003096 -0.15173098
vn 0.6193079 0.6218499 -0.47933328
vn 0.6193079 0.6218499 -0.47933328
vn 0.6193079 0.6218499 -0.47933328
vn 0.6193079 0.6218499 -0.47933328
vn 0.5730977 0.6736204 -0.46668482
vn 0.5730977 0.6736204 -0.46668482
vn 0.5730977 0.6736204 -0.46668482
vn 0.5730977 0.6736204 -0.46668482
vn 0.7439018 0.6500575 0.1550334
vn 0.7439018 0.6500575 0.1550334
vn 0.7439018 0.6500575 0.1550334
vn 0.7439018 0.6500575 0.1550334
vn 0.618079 0.62341267 0.47888932
vn 0.618079 0.62341267 0.47888932
vn 0.618079 0.62341267 0.47888932
vn 0.618079 0.62341267 0.47888932
vn 0.6965393 0.70131665 0.15161757
vn 0.6965393 0.70131665 0.15161757
vn 0.6965393 0.70131665 0.15161757
vn 0.6965393 0.70131665 0.15161757
vn 0.6965393 0.70131665 0.15161757
vn 0.6965393 0.70131665 0.15161757
vn 0.5703267 0.6767262 0.46558478
vn 0.5703267 0.6767262 0.46558478
vn 0.5703267 0.6767262 0.46558478
vn 0.5703267 0.6767262 0.46558478
vn 0.7886016 0.59424955 0.15803507
vn 0.7886016 0.59424955 0.15803507
vn 0.7886016 0.59424955 0.15803507
vn 0.7886016 0.59424955 0.15803507
vn 0.8315849 0.53166014 0.16063681
vn 0.8315849 0.53166014 0.16063681
vn 0.8315849 0.53166014 0.16063681
vn 0.8315849 0.53166014 0.16063681
vn 0.6635639 0.564813 0.49058035
vn 0.6635639 0.564813 0.49058035
vn 0.6635639 0.564813 0.49058035
vn 0.6635639 0.564813 0.49058035
vn 0.70778096 0.49837825 0.5006648
vn 0.70778096 0.49837825 0.5006648
vn 0.70778096 0.49837825 0.5006648
vn 0.70778096 0.49837825 0.5006648
vn 0.78872985 0.5940762 -0.15804666
vn 0.78872985 0.5940762 -0.15804666
vn 0.78872985 0.5940762 -0.15804666
vn 0.78872985 0.5940762 -0.15804666
vn 0.6639297 0.5642813 -0.49069753
vn 0.6639297 0.5642813 -0.49069753
vn 0.6639297 0.5642813 -0.49069753
vn 0.6639297 0.5642813 -0.49069753
vn 0.8315842 0.5316611 -0.16063647
vn 0.8315842 0.5316611 -0.16063647
vn 0.8315842 0.5316611 -0.16063647
vn 0.8315842 0.5316611 -0.16063647
vn 0.70778054 0.49837962 -0.50066406
vn 0.70778054 0.49837962 -0.50066406
vn 0.70778054 0.49837962 -0.50066406
vn 0.70778054 0.49837962 -0.50066406
vn 0.13147373 0.124743216 -0.98343974
vn 0.13147373 0.124743216 -0.98343974
vn 0.13147373 0.124743216 -0.98343974
vn 0.13147373 0.124743216 -0.98343974
vn 0.4568845 0.24902102 -0.85395855
vn 0.4568845 0.24902102 -0.85395855
vn 0.4568845 0.24902102 -0.85395855
vn 0.4568845 0.24902102 -0.85395855
vn 0.47355437 0.20495455 -0.85658616
vn 0.47355437 0.20495455 -0.85658616
vn 0.4853988 0.17086275 -0.85743445
vn 0.4853988 0.17086275 -0.85743445
vn 0.10950877 0.18758775 -0.9761243
vn 0.10950877 0.18758775 -0.9761243
vn 0.10950877 0.18758775 -0.9761243
vn 0.10950877 0.18758775 -0.9761243
vn 0.43196964 0.3088264 -0.8473656
vn 0.43196964 0.3088264 -0.8473656
vn 0.43196964 0.3088264 -0.8473656
vn 0.43196964 0.3088264 -0.8473656
vn 0.14705174 0.07888476 -0.9859782
vn 0.14705174 0.07888476 -0.9859782
vn 0.14705174 0.07888476 -0.9859782
vn 0.14705174 0.07888476 -0.9859782
vn 0.15858714 0.043950006 -0.9863663
vn 0.15858714 0.043950006 -0.9863663
vn 0.1676559 0.015858931 -0.985718
vn 0.1676559 0.015858931 -0.985718
vn -0.15971515 -0.040307414 -0.9863399
vn -0.15971515 -0.040307414 -0.9863399
vn -0.15971515 -0.040307414 -0.9863399
vn -0.15971515 -0.040307414 -0.9863399
vn -0.14821672 -0.075519904 -0.98606724
vn -0.14821672 -0.075519904 -0.98606724
vn -0.13887577 -0.10347016 -0.98488957
vn -0.13887577 -0.10347016 -0.98488957
vn -0.48623767 -0.16795449 -0.85753375
vn -0.48623767 -0.16795449 -0.85753375
vn -0.48623767 -0.16795449 -0.85753375
vn -0.48623767 -0.16795449 -0.85753375
vn -0.47440666 -0.20288901 -0.85660625
vn -0.47440666 -0.20288901 -0.85660625
vn -0.46421176 -0.23108217 -0.8550488
vn -0.46421176 -0.23108217 -0.8550488
vn -0.17435184 0.0062670396 -0.9846635
vn -0.17435184 0.0062670396 -0.9846635
vn -0.17435184 0.0062670396 -0.9846635
vn -0.17435184 0.0062670396 -0.9846635
vn -0.19343665 0.070531785 -0.9785743
vn -0.19343665 0.070531785 -0.9785743
vn -0.19343665 0.070531785 -0.9785743
vn -0.19343665 0.070531785 -0.9785743
vn -0.5003758 -0.121747 -0.85720575
vn -0.5003758 -0.121747 -0.85720575
vn -0.5003758 -0.121747 -0.85720575
vn -0.5003758 -0.121747 -0.85720575
vn -0.5172905 -0.057691116 -0.8538632
vn -0.5172905 -0.057691116 -0.8538632
vn -0.5172905 -0.057691116 -0.8538632
vn -0.5172905 -0.057691116 -0.8538632
vn -0.5172905 -0.057691116 -0.8538632
vn -0.5172905 -0.057691116 -0.8538632
vn -0.9391808 -0.30137464 -0.16465959
vn -0.9391808 -0.30137464 -0.16465959
vn -0.9391808 -0.30137464 -0.16465959
vn -0.9391808 -0.30137464 -0.16465959
vn -0.9251971 -0.34205985 -0.16433258
vn -0.9251971 -0.34205985 -0.16433258
vn -0.9130878 -0.37333703 -0.16398208
vn -0.9130878 -0.37333703 -0.16398208
vn -0.90165347 -0.40033296 -0.1635678
vn -0.90165347 -0.40033296 -0.1635678
vn -0.81969464 -0.25064033 -0.51505345
vn -0.81969464 -0.25064033 -0.51505345
vn -0.81969464 -0.25064033 -0.51505345
vn -0.81969464 -0.25064033 -0.51505345
vn -0.805573 -0.29402 -0.514397
vn -0.805573 -0.29402 -0.514397
vn -0.79335785 -0.3270738 -0.5134259
vn -0.79335785 -0.3270738 -0.5134259
vn -0.7821469 -0.35481325 -0.51220495
vn -0.7821469 -0.35481325 -0.51220495
vn -0.95538 -0.24510546 -0.16484053
vn -0.95538 -0.24510546 -0.16484053
vn -0.95538 -0.24510546 -0.16484053
vn -0.95538 -0.24510546 -0.16484053
vn -0.8359127 -0.19044213 -0.5147637
vn -0.8359127 -0.19044213 -0.5147637
vn -0.8359127 -0.19044213 -0.5147637
vn -0.8359127 -0.19044213 -0.5147637
vn -0.92519724 -0.3420595 0.16433306
vn -0.92519724 -0.3420595 0.16433306
vn -0.92519724 -0.3420595 0.16433306
vn -0.92519724 -0.3420595 0.16433306
vn -0.9130879 -0.37333688 0.16398214
vn -0.9130879 -0.37333688 0.16398214
vn -0.9391808 -0.3013746 0.1646594
vn -0.9391808 -0.3013746 0.1646594
vn -0.90165377 -0.4003326 0.16356744
vn -0.90165377 -0.4003326 0.16356744
vn -0.8055748 -0.29401788 0.5143955
vn -0.8055748 -0.29401788 0.5143955
vn -0.8055748 -0.29401788 0.5143955
vn -0.8055748 -0.29401788 0.5143955
vn -0.7933571 -0.32707512 0.51342607
vn -0.7933571 -0.32707512 0.51342607
vn -0.7821459 -0.35481435 0.5122056
vn -0.7821459 -0.35481435 0.5122056
vn -0.9553798 -0.2451058 0.16484085
vn -0.9553798 -0.2451058 0.16484085
vn -0.9553798 -0.2451058 0.16484085
vn -0.9553798 -0.2451058 0.16484085
vn -0.8196942 -0.2506396 0.5150546
vn -0.8196942 -0.2506396 0.5150546
vn -0.8196942 -0.2506396 0.5150546
vn -0.8196942 -0.2506396 0.5150546
vn -0.8359125 -0.19044307 0.5147637
vn -0.8359125 -0.19044307 0.5147637
vn -0.8359125 -0.19044307 0.5147637
vn -0.8359125 -0.19044307 0.5147637
vn -0.32880536 0.49521065 0.80414766
vn -0.32880536 0.49521065 0.80414766
vn -0.32880536 0.49521065 0.80414766
vn -0.5694233 0.4002008 0.7180504
vn -0.5694233 0.4002008 0.7180504
vn -0.5694233 0.4002008 0.7180504
vn 0.2686076 0.8822475 -0.3866383
vn 0.2686076 0.8822475 -0.3866383
vn 0.2686076 0.8822475 -0.3866383
vn 0.2686076 0.8822475 -0.3866383
vn 0.28463522 0.87843823 -0.38383463
vn 0.28463522 0.87843823 -0.38383463
vn 0.30726272 0.8699638 -0.3856844
vn 0.30726272 0.8699638 -0.3856844
vn 0.29716292 0.86645764 0.40118006
vn 0.29716292 0.86645764 0.40118006
vn 0.29716292 0.86645764 0.40118006
vn 0.29716292 0.86645764 0.40118006
vn 0.39174742 0.9111426 0.12787952
vn 0.39174742 0.9111426 0.12787952
vn 0.39174742 0.9111426 0.12787952
vn 0.30954865 0.86420137 0.39665553
vn 0.30954865 0.86420137 0.39665553
vn 0.30954865 0.86420137 0.39665553
vn 0.30954865 0.86420137 0.39665553
vn 0.3265765 0.8584011 0.39559498
vn 0.72331065 -0.6859812 -0.0790667
vn 0.72331065 -0.6859812 -0.0790667
vn 0.72331065 -0.6859812 -0.0790667
vn 0.72331065 -0.6859812 -0.0790667
vn 0.31067935 -0.95051473 -9.419549E-07
vn 0.31067935 -0.95051473 -9.419549E-07
vn 0.31067935 -0.95051473 -9.419549E-07
vn 0.31067935 -0.95051473 -9.419549E-07
vn 0.3106667 -0.9505189 0
vn 0.3106667 -0.9505189 0
vn 0.31065053 -0.9505242 0
vn 0.31065053 -0.9505242 0
vn 0.31066978 -0.95051795 -1.2042005E-06
vn 0.31066978 -0.95051795 -1.2042005E-06
vn 0.310661 -0.95052075 0
vn 0.310661 -0.95052075 0
vn 0.310661 -0.95052075 0
vn 0.310661 -0.95052075 0
vn 0.31066477 -0.95051956 -1.34228985E-05
vn 0.31066152 -0.9505205 4.3144287E-06
vn 0.31066245 -0.95052034 -5.1234E-06
vn 0.31066284 -0.9505202 0
vn 0.31066152 -0.9505205 4.3144287E-06
vn 0.31066385 -0.9505199 -3.6729682E-06
vn 0.31066385 -0.9505199 -3.6729682E-06
vn 0.31066284 -0.9505202 0
vn 0.31066284 -0.9505202 0
vn 0.3106585 -0.9505216 0
vn 0.3106585 -0.9505216 0
vn 0.31066215 -0.95052046 -6.335211E-06
vn 0.31066355 -0.95052 -1.5168013E-06
vn 0.31066445 -0.9505197 5.2470585E-07
vn 0.31066445 -0.9505197 5.2470585E-07
vn 0.3106675 -0.9505186 -5.2470523E-07
vn 0.3106675 -0.9505186 -5.2470523E-07
vn 0.3106675 -0.9505186 -5.2470523E-07
vn 0.3106675 -0.9505186 -5.2470523E-07
vn 0.3106452 -0.95052594 -2.5631916E-06
vn 0.3106452 -0.95052594 -2.5631916E-06
vn 0.3106452 -0.95052594 -2.5631916E-06
vn 0.31066215 -0.95052046 -6.335211E-06
vn 0.31066215 -0.95052046 -6.335211E-06
vn 0.3106657 -0.95051926 5.3930523E-07
vn 0.3106657 -0.95051926 5.3930523E-07
vn 0.3106538 -0.95052314 -5.393075E-07
vn 0.31065458 -0.9505229 8.825039E-06
vn 0.31066456 -0.95051956 6.70794E-07
vn 0.31066456 -0.95051956 6.70794E-07
vn 0.31066456 -0.95051956 6.70794E-07
vn 0.31066254 -0.95052034 4.3144573E-06
vn 0.31066284 -0.9505202 4.197678E-06
vn 0.31066254 -0.95052034 4.3144573E-06
vn 0.310661 -0.95052075 -2.4268788E-06
vn 0.31066284 -0.9505202 4.197678E-06
vn 0.31066284 -0.9505202 4.197678E-06
vn 0.31066284 -0.9505202 4.197678E-06
vn 0.31066263 -0.9505202 0
vn 0.31066263 -0.9505202 0
vn 0.31066683 -0.9505188 0
vn 0.31066683 -0.9505188 0
vn 0.31066802 -0.9505185 -4.8511556E-06
vn 0.31065208 -0.9505237 -2.2062536E-06
vn 0.31066242 -0.95052034 2.3978955E-06
vn 0.31065986 -0.9505212 0
vn 0.31065986 -0.9505212 0
vn 0.31066406 -0.9505198 0
vn 0.31066406 -0.9505198 0
vn 0.31066406 -0.9505198 0
vn 0.31066218 -0.95052046 0
vn 0.31066218 -0.95052046 0
vn 0.3106677 -0.9505186 4.8511506E-06
vn 0.31065583 -0.9505225 -2.1572123E-06
vn 0.31065583 -0.9505225 -2.1572123E-06
vn 0.3106585 -0.9505215 6.394467E-07
vn 0.3106585 -0.9505215 6.394467E-07
vn 0.3106573 -0.95052207 1.617921E-06
vn 0.65966475 -0.7109543 -0.24369355
vn 0.65966475 -0.7109543 -0.24369355
vn 0.65966475 -0.7109543 -0.24369355
vn 0.65966475 -0.7109543 -0.24369355
vn 0.723308 -0.68598366 0.079068996
vn 0.723308 -0.68598366 0.079068996
vn 0.723308 -0.68598366 0.079068996
vn 0.723308 -0.68598366 0.079068996
vn 0.6596702 -0.7109489 0.24369435
vn 0.6596702 -0.7109489 0.24369435
vn 0.6596702 -0.7109489 0.24369435
vn 0.6596702 -0.7109489 0.24369435
vn 0.9220403 -0.36561933 0.1271391
vn 0.9220403 -0.36561933 0.1271391
vn 0.9220403 -0.36561933 0.1271391
vn 0.9220403 -0.36561933 0.1271391
vn 0.95736855 -0.253479 0.13854176
vn 0.95736855 -0.253479 0.13854176
vn 0.95736855 -0.253479 0.13854176
vn 0.95736855 -0.253479 0.13854176
vn 0.96416557 -0.22466187 0.1411091
vn 0.96416557 -0.22466187 0.1411091
vn 0.96416557 -0.22466187 0.1411091
vn 0.96416557 -0.22466187 0.1411091
vn 0.9602771 -0.24160932 0.13961704
vn 0.9602771 -0.24160932 0.13961704
vn 0.9392347 -0.3167163 0.13239735
vn 0.9392347 -0.3167163 0.13239735
vn 0.9261194 -0.3549078 0.1278407
vn 0.9261194 -0.3549078 0.1278407
vn 0.9261194 -0.3549078 0.1278407
vn 0.9261194 -0.3549078 0.1278407
vn 0.9107733 -0.3942106 0.12284178
vn 0.9107733 -0.3942106 0.12284178
vn 0.8245545 -0.40536934 0.39469674
vn 0.8245545 -0.40536934 0.39469674
vn 0.8245545 -0.40536934 0.39469674
vn 0.8245545 -0.40536934 0.39469674
vn 0.8524854 -0.2957339 0.43105707
vn 0.8524854 -0.2957339 0.43105707
vn 0.8524854 -0.2957339 0.43105707
vn 0.8524854 -0.2957339 0.43105707
vn 0.8576388 -0.26737 0.43928242
vn 0.8576388 -0.26737 0.43928242
vn 0.8576388 -0.26737 0.43928242
vn 0.8576388 -0.26737 0.43928242
vn 0.8547041 -0.2840629 0.43449882
vn 0.8547041 -0.2840629 0.43449882
vn 0.84892625 -0.31308976 0.4257922
vn 0.84892625 -0.31308976 0.4257922
vn 0.9220396 -0.36562052 -0.12713994
vn 0.9220396 -0.36562052 -0.12713994
vn 0.9220396 -0.36562052 -0.12713994
vn 0.9220396 -0.36562052 -0.12713994
vn 0.8245558 -0.40536827 -0.3946952
vn 0.8245558 -0.40536827 -0.3946952
vn 0.8245558 -0.40536827 -0.3946952
vn 0.8245558 -0.40536827 -0.3946952
vn 0.9573689 -0.25347823 -0.13854119
vn 0.9573689 -0.25347823 -0.13854119
vn 0.9573689 -0.25347823 -0.13854119
vn 0.9573689 -0.25347823 -0.13854119
vn 0.9641654 -0.22466266 -0.14110924
vn 0.9641654 -0.22466266 -0.14110924
vn 0.9641654 -0.22466266 -0.14110924
vn 0.9641654 -0.22466266 -0.14110924
vn 0.9602772 -0.24160863 -0.13961752
vn 0.9602772 -0.24160863 -0.13961752
vn 0.95275265 -0.2711501 -0.1368942
vn 0.95275265 -0.2711501 -0.1368942
vn 0.8524853 -0.29573414 -0.43105716
vn 0.8524853 -0.29573414 -0.43105716
vn 0.8524853 -0.29573414 -0.43105716
vn 0.8524853 -0.29573414 -0.43105716
vn 0.85763836 -0.26737043 -0.43928304
vn 0.85763836 -0.26737043 -0.43928304
vn 0.85763836 -0.26737043 -0.43928304
vn 0.85763836 -0.26737043 -0.43928304
vn 0.025264498 -0.53152716 -0.8466643
vn 0.025264498 -0.53152716 -0.8466643
vn 0.025264498 -0.53152716 -0.8466643
vn 0.025264498 -0.53152716 -0.8466643
vn 0.024406949 -0.52957237 -0.84791356
vn 0.024406949 -0.52957237 -0.84791356
vn 0.03131354 -0.5452279 -0.8377029
vn 0.03131354 -0.5452279 -0.8377029
vn 0.041897 -0.56884825 -0.82137454
vn 0.041897 -0.56884825 -0.82137454
vn 0.03556089 -0.5547592 -0.8312507
vn 0.03556089 -0.5547592 -0.8312507
vn 0.072664544 -0.6338447 -0.77003944
vn 0.072664544 -0.6338447 -0.77003944
vn 0.072664544 -0.6338447 -0.77003944
vn 0.072664544 -0.6338447 -0.77003944
vn 0.08754115 -0.66326976 -0.74324274
vn 0.08754115 -0.66326976 -0.74324274
vn -0.2558237 -0.6312886 -0.7321399
vn -0.2558237 -0.6312886 -0.7321399
vn -0.2558237 -0.6312886 -0.7321399
vn -0.2558237 -0.6312886 -0.7321399
vn -0.25712147 -0.6294684 -0.73325175
vn -0.25712147 -0.6294684 -0.73325175
vn -0.24663037 -0.6440163 -0.7241661
vn -0.24663037 -0.6440163 -0.7241661
vn -0.23034193 -0.66583073 -0.7096563
vn -0.23034193 -0.66583073 -0.7096563
vn -0.24012738 -0.6528385 -0.7184293
vn -0.24012738 -0.6528385 -0.7184293
vn 0.29352212 -0.4438505 -0.8466649
vn 0.29352212 -0.4438505 -0.8466649
vn 0.29352212 -0.4438505 -0.8466649
vn 0.29352212 -0.4438505 -0.8466649
vn 0.29305938 -0.4417684 -0.84791327
vn 0.29305938 -0.4417684 -0.84791327
vn 0.29673186 -0.45848027 -0.8377029
vn 0.29673186 -0.45848027 -0.8377029
vn 0.3021413 -0.4837915 -0.8213747
vn 0.3021413 -0.4837915 -0.8213747
vn 0.29893374 -0.4686779 -0.83125186
vn 0.29893374 -0.4686779 -0.83125186
vn 0.31569836 -0.55441374 -0.77003896
vn 0.31569836 -0.55441374 -0.77003896
vn 0.31569836 -0.55441374 -0.77003896
vn 0.31569836 -0.55441374 -0.77003896
vn 0.32107243 -0.5869472 -0.7432399
vn 0.32107243 -0.5869472 -0.7432399
vn 0.5792718 -0.3583501 -0.7321403
vn 0.5792718 -0.3583501 -0.7321403
vn 0.5792718 -0.3583501 -0.7321403
vn 0.5792718 -0.3583501 -0.7321403
vn 0.5792444 -0.35611597 -0.7332512
vn 0.5792444 -0.35611597 -0.7332512
vn 0.5793699 -0.37405175 -0.7241656
vn 0.5793699 -0.37405175 -0.7241656
vn 0.5791091 -0.40127456 -0.7096558
vn 0.5791091 -0.40127456 -0.7096558
vn 0.57933 -0.38501158 -0.7184308
vn 0.57933 -0.38501158 -0.7184308
vn -0.1785646 -0.98074603 0.079069085
vn -0.1785646 -0.98074603 0.079069085
vn -0.1785646 -0.98074603 0.079069085
vn -0.1785646 -0.98074603 0.079069085
vn -0.1785646 -0.98074603 0.079069085
vn -0.1785646 -0.98074603 0.079069085
vn 0.3106606 -0.9505209 9.419438E-07
vn 0.3106606 -0.9505209 9.419438E-07
vn 0.3106606 -0.9505209 9.419438E-07
vn 0.3106606 -0.9505209 9.419438E-07
vn 0.31066445 -0.9505197 0
vn 0.31066445 -0.9505197 0
vn 0.31066406 -0.9505198 9.419543E-07
vn 0.31066406 -0.9505198 9.419543E-07
vn 0.31066447 -0.9505197 -2.6492617E-06
vn 0.31066447 -0.9505197 -2.6492617E-06
vn 0.31066275 -0.9505202 0
vn 0.31066275 -0.9505202 0
vn 0.31066275 -0.9505202 0
vn 0.31066275 -0.9505202 0
vn 0.3106599 -0.9505212 4.3565396E-06
vn 0.3106599 -0.9505212 4.3565396E-06
vn 0.31065148 -0.95052385 8.429444E-06
vn 0.31065148 -0.95052385 8.429444E-06
vn 0.31066304 -0.9505201 -5.115521E-06
vn 0.31066778 -0.9505186 -5.2317705E-06
vn 0.31066933 -0.9505181 3.2698451E-06
vn 0.31066933 -0.9505181 3.2698451E-06
vn 0.31067345 -0.95051664 5.2317782E-06
vn -0.11247031 -0.96330863 0.2436942
vn -0.11247031 -0.96330863 0.2436942
vn -0.11247031 -0.96330863 0.2436942
vn -0.11247031 -0.96330863 0.2436942
vn -0.17856997 -0.98074496 -0.0790699
vn -0.17856997 -0.98074496 -0.0790699
vn -0.17856997 -0.98074496 -0.0790699
vn -0.17856997 -0.98074496 -0.0790699
vn -0.11246488 -0.9633096 -0.24369295
vn -0.11246488 -0.9633096 -0.24369295
vn -0.11246488 -0.9633096 -0.24369295
vn -0.11246488 -0.9633096 -0.24369295
vn -0.52814186 -0.83958477 -0.1271365
vn -0.52814186 -0.83958477 -0.1271365
vn -0.52814186 -0.83958477 -0.1271365
vn -0.52814186 -0.83958477 -0.1271365
vn -0.6228724 -0.7699587 -0.13854131
vn -0.6228724 -0.7699587 -0.13854131
vn -0.6228724 -0.7699587 -0.13854131
vn -0.6228724 -0.7699587 -0.13854131
vn -0.64537764 -0.75071675 -0.14110987
vn -0.64537764 -0.75071675 -0.14110987
vn -0.64537764 -0.75071675 -0.14110987
vn -0.64537764 -0.75071675 -0.14110987
vn -0.6322301 -0.7620973 -0.1396165
vn -0.6322301 -0.7620973 -0.1396165
vn -0.6087132 -0.7814907 -0.13689597
vn -0.6087132 -0.7814907 -0.13689597
vn -0.5377575 -0.83335066 -0.12784165
vn -0.5377575 -0.83335066 -0.12784165
vn -0.5377575 -0.83335066 -0.12784165
vn -0.5377575 -0.83335066 -0.12784165
vn -0.5021581 -0.8560067 -0.12283983
vn -0.5021581 -0.8560067 -0.12283983
vn -0.42598882 -0.8140937 -0.39469597
vn -0.42598882 -0.8140937 -0.39469597
vn -0.42598882 -0.8140937 -0.39469597
vn -0.42598882 -0.8140937 -0.39469597
vn -0.5132792 -0.74211276 -0.43106043
vn -0.5132792 -0.74211276 -0.43106043
vn -0.5132792 -0.74211276 -0.43106043
vn -0.5132792 -0.74211276 -0.43106043
vn -0.53418815 -0.7222686 -0.43928474
vn -0.53418815 -0.7222686 -0.43928474
vn -0.53418815 -0.7222686 -0.43928474
vn -0.53418815 -0.7222686 -0.43928474
vn -0.5281482 -0.8395806 0.12713759
vn -0.5281482 -0.8395806 0.12713759
vn -0.5281482 -0.8395806 0.12713759
vn -0.5281482 -0.8395806 0.12713759
vn -0.42599666 -0.81408864 0.39469802
vn -0.42599666 -0.81408864 0.39469802
vn -0.42599666 -0.81408864 0.39469802
vn -0.42599666 -0.81408864 0.39469802
vn -0.6228692 -0.7699611 0.13854147
vn -0.6228692 -0.7699611 0.13854147
vn -0.6228692 -0.7699611 0.13854147
vn -0.6228692 -0.7699611 0.13854147
vn -0.6453776 -0.75071675 0.14111078
vn -0.6453776 -0.75071675 0.14111078
vn -0.6453776 -0.75071675 0.14111078
vn -0.6453776 -0.75071675 0.14111078
vn -0.63223183 -0.76209575 0.13961737
vn -0.63223183 -0.76209575 0.13961737
vn -0.60871315 -0.78149116 0.13689435
vn -0.60871315 -0.78149116 0.13689435
vn -0.53775805 -0.8333503 0.1278424
vn -0.53775805 -0.8333503 0.1278424
vn -0.53775805 -0.8333503 0.1278424
vn -0.53775805 -0.8333503 0.1278424
vn -0.50215816 -0.8560068 0.12283961
vn -0.50215816 -0.8560068 0.12283961
vn -0.5132797 -0.74211365 0.43105823
vn -0.5132797 -0.74211365 0.43105823
vn -0.5132797 -0.74211365 0.43105823
vn -0.5132797 -0.74211365 0.43105823
vn -0.5341881 -0.7222689 0.43928432
vn -0.5341881 -0.7222689 0.43928432
vn -0.5341881 -0.7222689 0.43928432
vn -0.5341881 -0.7222689 0.43928432
vn -0.521964 -0.7340047 0.43450043
vn -0.521964 -0.7340047 0.43450043
vn -0.50015974 -0.7540156 0.42579412
vn -0.50015974 -0.7540156 0.42579412
vn 0.19721267 -0.8579268 -0.47441417
vn 0.19721267 -0.8579268 -0.47441417
vn 0.19721267 -0.8579268 -0.47441417
vn 0.19721267 -0.8579268 -0.47441417
vn 0.04196255 -0.9128391 -0.40615737
vn 0.04196255 -0.9128391 -0.40615737
vn 0.04196255 -0.9128391 -0.40615737
vn 0.04196255 -0.9128391 -0.40615737
vn 0.34753144 -0.80879956 -0.4744103
vn 0.34753144 -0.80879956 -0.4744103
vn 0.34753144 -0.80879956 -0.4744103
vn 0.34753144 -0.80879956 -0.4744103
vn 0.34753144 -0.80879956 -0.4744103
vn 0.34753144 -0.80879956 -0.4744103
vn 0.5052474 -0.7614189 -0.40616062
vn 0.5052474 -0.7614189 -0.40616062
vn 0.5052474 -0.7614189 -0.40616062
vn 0.5052474 -0.7614189 -0.40616062
vn 0.31779733 -0.5631056 -0.76283485
vn 0.31779733 -0.5631056 -0.76283485
vn 0.31779733 -0.5631056 -0.76283485
vn 0.31779733 -0.5631056 -0.76283485
vn 0.57444555 -0.4871113 -0.65782595
vn 0.57444555 -0.4871113 -0.65782595
vn 0.57444555 -0.4871113 -0.65782595
vn 0.57444555 -0.4871113 -0.65782595
vn 0.07610374 -0.64210194 -0.7628324
vn 0.07610374 -0.64210194 -0.7628324
vn 0.07610374 -0.64210194 -0.7628324
vn 0.07610374 -0.64210194 -0.7628324
vn -0.17588404 -0.7323482 -0.6578228
vn -0.17588404 -0.7323482 -0.6578228
vn -0.17588404 -0.7323482 -0.6578228
vn -0.17588404 -0.7323482 -0.6578228
vn 0.34753022 -0.808799 0.47441214
vn 0.34753022 -0.808799 0.47441214
vn 0.34753022 -0.808799 0.47441214
vn 0.34753022 -0.808799 0.47441214
vn 0.5052385 -0.7614223 0.4061653
vn 0.5052385 -0.7614223 0.4061653
vn 0.5052385 -0.7614223 0.4061653
vn 0.5052385 -0.7614223 0.4061653
vn 0.19721411 -0.8579228 0.4744207
vn 0.19721411 -0.8579228 0.4744207
vn 0.19721411 -0.8579228 0.4744207
vn 0.19721411 -0.8579228 0.4744207
vn 0.19721411 -0.8579228 0.4744207
vn 0.19721411 -0.8579228 0.4744207
vn 0.041956913 -0.91283536 0.4061665
vn 0.041956913 -0.91283536 0.4061665
vn 0.041956913 -0.91283536 0.4061665
vn 0.041956913 -0.91283536 0.4061665
vn 0.041956913 -0.91283536 0.4061665
vn 0.041956913 -0.91283536 0.4061665
vn 0.31066477 -0.95051956 -1.34228985E-05
vn 0.31066477 -0.95051956 -1.34228985E-05
vn 0.31066477 -0.95051956 -1.34228985E-05
vn 0.31066763 -0.9505186 -8.670331E-06
vn 0.31066763 -0.9505186 -8.670331E-06
vn 0.31066188 -0.95052046 0
vn 0.31066188 -0.95052046 0
vn 0.31066194 -0.95052046 0
vn 0.3106643 -0.9505197 -5.3663746E-07
vn 0.3106643 -0.9505197 -5.3663746E-07
vn 0.3106643 -0.9505197 -5.3663746E-07
vn 0.07610494 -0.64210546 0.7628293
vn 0.07610494 -0.64210546 0.7628293
vn 0.07610494 -0.64210546 0.7628293
vn 0.07610494 -0.64210546 0.7628293
vn 0.03555979 -0.5547557 0.831253
vn 0.03555979 -0.5547557 0.831253
vn 0.03555979 -0.5547557 0.831253
vn 0.03555979 -0.5547557 0.831253
vn 0.025264483 -0.53152704 0.8466645
vn 0.025264483 -0.53152704 0.8466645
vn 0.025264483 -0.53152704 0.8466645
vn 0.025264483 -0.53152704 0.8466645
vn 0.031314086 -0.54522735 0.8377031
vn 0.031314086 -0.54522735 0.8377031
vn 0.04189667 -0.56884813 0.8213748
vn 0.04189667 -0.56884813 0.8213748
vn 0.072665185 -0.6338463 0.770038
vn 0.072665185 -0.6338463 0.770038
vn 0.072665185 -0.6338463 0.770038
vn 0.072665185 -0.6338463 0.770038
vn 0.08754186 -0.66327053 0.7432419
vn 0.08754186 -0.66327053 0.7432419
vn -0.17588109 -0.7323491 0.65782255
vn -0.17588109 -0.7323491 0.65782255
vn -0.17588109 -0.7323491 0.65782255
vn -0.17588109 -0.7323491 0.65782255
vn -0.24012993 -0.65283775 0.7184292
vn -0.24012993 -0.65283775 0.7184292
vn -0.24012993 -0.65283775 0.7184292
vn -0.24012993 -0.65283775 0.7184292
vn 0.3177987 -0.56310797 0.76283246
vn 0.3177987 -0.56310797 0.76283246
vn 0.3177987 -0.56310797 0.76283246
vn 0.3177987 -0.56310797 0.76283246
vn 0.5744473 -0.48711288 0.6578232
vn 0.5744473 -0.48711288 0.6578232
vn 0.5744473 -0.48711288 0.6578232
vn 0.5744473 -0.48711288 0.6578232
vn 0.29893357 -0.46867618 0.83125293
vn 0.29893357 -0.46867618 0.83125293
vn 0.29893357 -0.46867618 0.83125293
vn 0.29893357 -0.46867618 0.83125293
vn 0.29352224 -0.4438509 0.84666467
vn 0.29352224 -0.4438509 0.84666467
vn 0.29352224 -0.4438509 0.84666467
vn 0.29352224 -0.4438509 0.84666467
vn 0.2967312 -0.4584809 0.83770275
vn 0.2967312 -0.4584809 0.83770275
vn 0.30214113 -0.4837914 0.8213749
vn 0.30214113 -0.4837914 0.8213749
vn 0.3156993 -0.554414 0.77003837
vn 0.3156993 -0.554414 0.77003837
vn 0.3156993 -0.554414 0.77003837
vn 0.3156993 -0.554414 0.77003837
vn 0.32107162 -0.5869464 0.7432407
vn 0.32107162 -0.5869464 0.7432407
vn 0.5793305 -0.38501012 0.7184312
vn 0.5793305 -0.38501012 0.7184312
vn 0.5793305 -0.38501012 0.7184312
vn 0.5793305 -0.38501012 0.7184312
vn 0.57927245 -0.35834986 0.7321399
vn 0.57927245 -0.35834986 0.7321399
vn 0.57927245 -0.35834986 0.7321399
vn 0.57927245 -0.35834986 0.7321399
vn 0.9261197 -0.3549071 -0.12784086
vn 0.9261197 -0.3549071 -0.12784086
vn 0.9261197 -0.3549071 -0.12784086
vn 0.9261197 -0.3549071 -0.12784086
vn 0.93923485 -0.3167161 -0.13239661
vn 0.93923485 -0.3167161 -0.13239661
vn 0.91077286 -0.39421132 -0.12284175
vn 0.91077286 -0.39421132 -0.12284175
vn 0.8289277 -0.3921228 -0.39889675
vn 0.8289277 -0.3921228 -0.39889675
vn 0.8289277 -0.3921228 -0.39889675
vn 0.8289277 -0.3921228 -0.39889675
vn 0.8383168 -0.35770652 -0.41142538
vn 0.8383168 -0.35770652 -0.41142538
vn 0.8191878 -0.42488894 -0.38522807
vn 0.8191878 -0.42488894 -0.38522807
vn 0.82892776 -0.3921223 0.39889708
vn 0.82892776 -0.3921223 0.39889708
vn 0.82892776 -0.3921223 0.39889708
vn 0.82892776 -0.3921223 0.39889708
vn 0.8383168 -0.3577069 0.41142514
vn 0.8383168 -0.3577069 0.41142514
vn 0.8191871 -0.4248892 0.38522923
vn 0.8191871 -0.4248892 0.38522923
vn 0.8820029 -0.4531974 0.1291623
vn 0.8820029 -0.4531974 0.1291623
vn 0.8820029 -0.4531974 0.1291623
vn 0.8820029 -0.4531974 0.1291623
vn 0.7854547 -0.48717546 0.38173434
vn 0.7854547 -0.48717546 0.38173434
vn 0.7854547 -0.48717546 0.38173434
vn 0.7854547 -0.48717546 0.38173434
vn 0.8820031 -0.45319742 -0.12916099
vn 0.8820031 -0.45319742 -0.12916099
vn 0.8820031 -0.45319742 -0.12916099
vn 0.8820031 -0.45319742 -0.12916099
vn 0.7854571 -0.48717356 -0.3817316
vn 0.7854571 -0.48717356 -0.3817316
vn 0.7854571 -0.48717356 -0.3817316
vn 0.7854571 -0.48717356 -0.3817316
vn -0.25582358 -0.63128954 0.7321392
vn -0.25582358 -0.63128954 0.7321392
vn -0.25582358 -0.63128954 0.7321392
vn -0.25582358 -0.63128954 0.7321392
vn -0.25712082 -0.62946844 0.7332519
vn -0.25712082 -0.62946844 0.7332519
vn -0.24663164 -0.6440166 0.7241654
vn -0.24663164 -0.6440166 0.7241654
vn -0.2303413 -0.66583145 0.7096559
vn -0.2303413 -0.66583145 0.7096559
vn 0.5793703 -0.37405163 0.7241653
vn 0.5793703 -0.37405163 0.7241653
vn 0.5793703 -0.37405163 0.7241653
vn 0.5793703 -0.37405163 0.7241653
vn 0.5791088 -0.40127498 0.7096559
vn 0.5791088 -0.40127498 0.7096559
vn 0.85470426 -0.28406227 -0.43449876
vn 0.85470426 -0.28406227 -0.43449876
vn 0.85470426 -0.28406227 -0.43449876
vn 0.85470426 -0.28406227 -0.43449876
vn 0.85470426 -0.28406227 -0.43449876
vn 0.85470426 -0.28406227 -0.43449876
vn 0.84892595 -0.31308976 -0.42579293
vn 0.84892595 -0.31308976 -0.42579293
vn -0.5219643 -0.734005 -0.4344997
vn -0.5219643 -0.734005 -0.4344997
vn -0.5219643 -0.734005 -0.4344997
vn -0.5219643 -0.734005 -0.4344997
vn -0.5001596 -0.75401556 -0.42579445
vn -0.5001596 -0.75401556 -0.42579445
vn 0.5500667 -0.7874112 0.27822676
vn 0.5500667 -0.7874112 0.27822676
vn 0.5500667 -0.7874112 0.27822676
vn 0.5500667 -0.7874112 0.27822676
vn 0.5500667 -0.7874112 0.27822676
vn 0.5500667 -0.7874112 0.27822676
vn 0.4140015 -0.68548596 0.5989254
vn 0.4140015 -0.68548596 0.5989254
vn 0.4140015 -0.68548596 0.5989254
vn 0.4140015 -0.68548596 0.5989254
vn 0.81166065 -0.5555228 0.18055838
vn 0.81166065 -0.5555228 0.18055838
vn 0.81166065 -0.5555228 0.18055838
vn 0.81166065 -0.5555228 0.18055838
vn 0.677646 -0.56735617 0.4678705
vn 0.677646 -0.56735617 0.4678705
vn 0.677646 -0.56735617 0.4678705
vn 0.677646 -0.56735617 0.4678705
vn 0.677646 -0.56735617 0.4678705
vn 0.677646 -0.56735617 0.4678705
vn 0.021145655 -0.96028244 0.27822748
vn 0.021145655 -0.96028244 0.27822748
vn 0.021145655 -0.96028244 0.27822748
vn 0.021145655 -0.96028244 0.27822748
vn -0.32692316 -0.92764175 0.1805604
vn -0.32692316 -0.92764175 0.1805604
vn -0.32692316 -0.92764175 0.1805604
vn -0.32692316 -0.92764175 0.1805604
vn 0.070746586 -0.79767245 0.5989271
vn 0.070746586 -0.79767245 0.5989271
vn 0.070746586 -0.79767245 0.5989271
vn 0.070746586 -0.79767245 0.5989271
vn -0.21177731 -0.8580528 0.467863
vn -0.21177731 -0.8580528 0.467863
vn -0.21177731 -0.8580528 0.467863
vn -0.21177731 -0.8580528 0.467863
vn 0.02115308 -0.9602814 -0.27823082
vn 0.02115308 -0.9602814 -0.27823082
vn 0.02115308 -0.9602814 -0.27823082
vn 0.02115308 -0.9602814 -0.27823082
vn 0.0707532 -0.7976741 -0.59892404
vn 0.0707532 -0.7976741 -0.59892404
vn 0.0707532 -0.7976741 -0.59892404
vn 0.0707532 -0.7976741 -0.59892404
vn -0.3269238 -0.927642 -0.18055826
vn -0.3269238 -0.927642 -0.18055826
vn -0.3269238 -0.927642 -0.18055826
vn -0.3269238 -0.927642 -0.18055826
vn -0.21177563 -0.85805225 -0.4678648
vn -0.21177563 -0.85805225 -0.4678648
vn -0.21177563 -0.85805225 -0.4678648
vn -0.21177563 -0.85805225 -0.4678648
vn 0.5500592 -0.78741497 -0.2782311
vn 0.5500592 -0.78741497 -0.2782311
vn 0.5500592 -0.78741497 -0.2782311
vn 0.5500592 -0.78741497 -0.2782311
vn 0.81166214 -0.5555204 -0.18055898
vn 0.81166214 -0.5555204 -0.18055898
vn 0.81166214 -0.5555204 -0.18055898
vn 0.81166214 -0.5555204 -0.18055898
vn 0.4139977 -0.68548936 -0.5989243
vn 0.4139977 -0.68548936 -0.5989243
vn 0.4139977 -0.68548936 -0.5989243
vn 0.4139977 -0.68548936 -0.5989243
vn 0.67764974 -0.5673549 -0.4678665
vn 0.67764974 -0.5673549 -0.4678665
vn 0.67764974 -0.5673549 -0.4678665
vn 0.67764974 -0.5673549 -0.4678665
vn -0.4373465 -0.8059821 0.39889956
vn -0.4373465 -0.8059821 0.39889956
vn -0.4373465 -0.8059821 0.39889956
vn -0.46524432 -0.7837587 0.4114244
vn -0.46524432 -0.7837587 0.4114244
vn -0.4373465 -0.8059821 0.39889956
vn -0.4373465 -0.8059821 0.39889956
vn -0.4373465 -0.8059821 0.39889956
vn -0.41013628 -0.82667285 0.38522765
vn -0.41013628 -0.82667285 0.38522765
vn -0.43734553 -0.80598205 -0.39890063
vn -0.43734553 -0.80598205 -0.39890063
vn -0.43734553 -0.80598205 -0.39890063
vn -0.43734553 -0.80598205 -0.39890063
vn -0.46524414 -0.7837577 -0.41142648
vn -0.46524414 -0.7837577 -0.41142648
vn -0.41013816 -0.826672 -0.3852273
vn -0.41013816 -0.826672 -0.3852273
vn -0.44410056 -0.88661814 -0.12916298
vn -0.44410056 -0.88661814 -0.12916298
vn -0.44410056 -0.88661814 -0.12916298
vn -0.44410056 -0.88661814 -0.12916298
vn -0.34613606 -0.85701364 -0.38172966
vn -0.34613606 -0.85701364 -0.38172966
vn -0.34613606 -0.85701364 -0.38172966
vn -0.34613606 -0.85701364 -0.38172966
vn -0.44410193 -0.8866173 0.12916377
vn -0.44410193 -0.8866173 0.12916377
vn -0.44410193 -0.8866173 0.12916377
vn -0.44410193 -0.8866173 0.12916377
vn -0.34613448 -0.8570138 0.38173053
vn -0.34613448 -0.8570138 0.38173053
vn -0.34613448 -0.8570138 0.38173053
vn -0.34613448 -0.8570138 0.38173053
vn -0.18336877 -0.7229767 -0.6660935
vn -0.18336877 -0.7229767 -0.6660935
vn -0.18336877 -0.7229767 -0.6660935
vn -0.20453414 -0.6985464 -0.68571025
vn -0.20453414 -0.6985464 -0.68571025
vn -0.18336877 -0.7229767 -0.6660935
vn -0.18336877 -0.7229767 -0.6660935
vn -0.18336877 -0.7229767 -0.6660935
vn -0.16164103 -0.74545836 -0.64665604
vn -0.16164103 -0.74545836 -0.64665604
vn 0.5749505 -0.47513092 -0.666095
vn 0.5749505 -0.47513092 -0.666095
vn 0.5749505 -0.47513092 -0.666095
vn 0.5749505 -0.47513092 -0.666095
vn 0.57760334 -0.44291723 -0.68571043
vn 0.57760334 -0.44291723 -0.68571043
vn 0.5706937 -0.506107 -0.6466564
vn 0.5706937 -0.506107 -0.6466564
vn 0.3417244 -0.62978166 -0.69756687
vn 0.3417244 -0.62978166 -0.69756687
vn 0.3417244 -0.62978166 -0.69756687
vn 0.3417244 -0.62978166 -0.69756687
vn 0.5825093 -0.553504 -0.59524465
vn 0.5825093 -0.553504 -0.59524465
vn 0.5825093 -0.553504 -0.59524465
vn 0.5825093 -0.553504 -0.59524465
vn 0.09617942 -0.7100343 -0.6975678
vn 0.09617942 -0.7100343 -0.6975678
vn 0.09617942 -0.7100343 -0.6975678
vn 0.09617942 -0.7100343 -0.6975678
vn -0.14318112 -0.7906832 -0.5952472
vn -0.14318112 -0.7906832 -0.5952472
vn -0.14318112 -0.7906832 -0.5952472
vn -0.14318112 -0.7906832 -0.5952472
vn -0.14318112 -0.7906832 -0.5952472
vn -0.14318112 -0.7906832 -0.5952472
vn 0.57495 -0.4751306 0.6660956
vn 0.57495 -0.4751306 0.6660956
vn 0.57495 -0.4751306 0.6660956
vn 0.57495 -0.4751306 0.6660956
vn 0.57760346 -0.44291738 0.6857102
vn 0.57760346 -0.44291738 0.6857102
vn 0.5706935 -0.5061066 0.6466569
vn 0.5706935 -0.5061066 0.6466569
vn -0.18336843 -0.7229755 0.66609484
vn -0.18336843 -0.7229755 0.66609484
vn -0.18336843 -0.7229755 0.66609484
vn -0.18336843 -0.7229755 0.66609484
vn -0.2045337 -0.6985462 0.68571067
vn -0.2045337 -0.6985462 0.68571067
vn -0.16164094 -0.7454579 0.6466566
vn -0.16164094 -0.7454579 0.6466566
vn 0.09617754 -0.71003467 0.69756764
vn 0.09617754 -0.71003467 0.69756764
vn 0.09617754 -0.71003467 0.69756764
vn 0.09617754 -0.71003467 0.69756764
vn -0.14318193 -0.7906835 0.5952466
vn -0.14318193 -0.7906835 0.5952466
vn -0.14318193 -0.7906835 0.5952466
vn -0.14318193 -0.7906835 0.5952466
vn 0.3417262 -0.629781 0.69756645
vn 0.3417262 -0.629781 0.69756645
vn 0.3417262 -0.629781 0.69756645
vn 0.3417262 -0.629781 0.69756645
vn 0.5825083 -0.5535049 0.59524477
vn 0.5825083 -0.5535049 0.59524477
vn 0.5825083 -0.5535049 0.59524477
vn 0.5825083 -0.5535049 0.59524477
vn -0.09570964 -0.2271085 -0.96915495
vn -0.09570964 -0.2271085 -0.96915495
vn -0.09570964 -0.2271085 -0.96915495
vn -0.09570964 -0.2271085 -0.96915495
vn -0.4137825 -0.35391262 -0.83876693
vn -0.4137825 -0.35391262 -0.83876693
vn -0.4137825 -0.35391262 -0.83876693
vn -0.4137825 -0.35391262 -0.83876693
vn 0.2064431 -0.11004921 -0.9722501
vn 0.2064431 -0.11004921 -0.9722501
vn 0.2064431 -0.11004921 -0.9722501
vn 0.2064431 -0.11004921 -0.9722501
vn 0.5309361 0.012014679 -0.8473267
vn 0.5309361 0.012014679 -0.8473267
vn 0.5309361 0.012014679 -0.8473267
vn 0.5309361 0.012014679 -0.8473267
vn 0.49470738 0.14220561 -0.85734594
vn 0.49470738 0.14220561 -0.85734594
vn 0.49470738 0.14220561 -0.85734594
vn 0.49470738 0.14220561 -0.85734594
vn 0.32719907 -0.61725664 -0.7154963
vn 0.32719907 -0.61725664 -0.7154963
vn 0.32719907 -0.61725664 -0.7154963
vn 0.32719907 -0.61725664 -0.7154963
vn 0.31066075 -0.9505209 0
vn 0.31066075 -0.9505209 0
vn 0.31066075 -0.9505209 0
vn 0.31066075 -0.9505209 0
vn 0.31066594 -0.95051914 -6.990525E-06
vn 0.31066594 -0.95051914 -6.990525E-06
vn 0.31066048 -0.950521 -1.1000468E-05
vn 0.31066048 -0.950521 -1.1000468E-05
vn 0.31066215 -0.95052046 -6.335211E-06
vn 0.3106845 -0.9505131 -1.4952036E-06
vn 0.3106845 -0.9505131 -1.4952036E-06
vn 0.3106788 -0.9505149 1.7088291E-06
vn 0.3106788 -0.9505149 1.7088291E-06
vn 0.3106788 -0.9505149 1.7088291E-06
vn 0.3106788 -0.9505149 1.7088291E-06
vn 0.31065348 -0.95052326 6.3351854E-06
vn 0.31065348 -0.95052326 6.3351854E-06
vn 0.31066084 -0.9505209 -4.4856024E-06
vn 0.31066084 -0.9505209 -4.4856024E-06
vn 0.31066275 -0.9505202 -6.8352256E-06
vn 0.31066275 -0.9505202 -6.8352256E-06
vn 0.31066275 -0.9505202 -6.8352256E-06
vn 0.31066275 -0.9505202 -6.8352256E-06
vn 0.3106596 -0.9505212 -1.0485811E-05
vn 0.3106596 -0.9505212 -1.0485811E-05
vn 0.31065986 -0.9505212 2.9903756E-06
vn 0.31065986 -0.9505212 2.9903756E-06
vn 0.31065986 -0.9505212 2.9903756E-06
vn 0.31066224 -0.95052046 -3.1869638E-06
vn 0.31065792 -0.9505217 0
vn 0.31065792 -0.9505217 0
vn 0.31065604 -0.95052236 0
vn 0.31065604 -0.95052236 0
vn 0.31065604 -0.95052236 0
vn 0.3106592 -0.9505214 1.0732666E-06
vn 0.3106592 -0.9505214 1.0732666E-06
vn 0.3106612 -0.95052063 0
vn 0.5685969 -0.538237 -0.62209207
vn 0.5685969 -0.538237 -0.62209207
vn 0.5685969 -0.538237 -0.62209207
vn 0.5685969 -0.538237 -0.62209207
vn 0.103662275 -0.6975426 -0.70900536
vn 0.103662275 -0.6975426 -0.70900536
vn 0.103662275 -0.6975426 -0.70900536
vn 0.103662275 -0.6975426 -0.70900536
vn -0.12449921 -0.7867609 -0.6045718
vn -0.12449921 -0.7867609 -0.6045718
vn -0.12449921 -0.7867609 -0.6045718
vn -0.12449921 -0.7867609 -0.6045718
vn 0.20644356 -0.11004899 0.9722501
vn 0.20644356 -0.11004899 0.9722501
vn 0.20644356 -0.11004899 0.9722501
vn 0.20644356 -0.11004899 0.9722501
vn 0.53093606 0.01201801 0.8473267
vn 0.53093606 0.01201801 0.8473267
vn 0.53093606 0.01201801 0.8473267
vn 0.53093606 0.01201801 0.8473267
vn -0.095709056 -0.22710522 0.96915585
vn -0.095709056 -0.22710522 0.96915585
vn -0.095709056 -0.22710522 0.96915585
vn -0.095709056 -0.22710522 0.96915585
vn -0.41378844 -0.3539074 0.83876616
vn -0.41378844 -0.3539074 0.83876616
vn -0.41378844 -0.3539074 0.83876616
vn -0.41378844 -0.3539074 0.83876616
vn 0.10366466 -0.69753885 0.70900863
vn 0.10366466 -0.69753885 0.70900863
vn 0.10366466 -0.69753885 0.70900863
vn 0.10366466 -0.69753885 0.70900863
vn -0.12448455 -0.786756 0.60458136
vn -0.12448455 -0.786756 0.60458136
vn -0.12448455 -0.786756 0.60458136
vn -0.12448455 -0.786756 0.60458136
vn 0.3271989 -0.6172542 0.7154986
vn 0.3271989 -0.6172542 0.7154986
vn 0.3271989 -0.6172542 0.7154986
vn 0.3271989 -0.6172542 0.7154986
vn 0.5685942 -0.53824586 0.6220869
vn 0.5685942 -0.53824586 0.6220869
vn 0.5685942 -0.53824586 0.6220869
vn 0.5685942 -0.53824586 0.6220869
vn 0.9689826 0.18564713 -0.16311961
vn 0.9689826 0.18564713 -0.16311961
vn 0.9689826 0.18564713 -0.16311961
vn 0.9689826 0.18564713 -0.16311961
vn 0.9348824 0.3145958 -0.1643911
vn 0.9348824 0.3145958 -0.1643911
vn 0.9348824 0.3145958 -0.1643911
vn 0.9348824 0.3145958 -0.1643911
vn 0.91349626 0.3723086 -0.16404524
vn 0.91349626 0.3723086 -0.16404524
vn 0.91349626 0.3723086 -0.16404524
vn 0.91349626 0.3723086 -0.16404524
vn 0.8973734 0.4098128 -0.16362873
vn 0.8973734 0.4098128 -0.16362873
vn 0.84955686 0.13556924 -0.50977844
vn 0.84955686 0.13556924 -0.50977844
vn 0.84955686 0.13556924 -0.50977844
vn 0.84955686 0.13556924 -0.50977844
vn 0.8149031 0.266885 -0.5144954
vn 0.8149031 0.266885 -0.5144954
vn 0.8149031 0.266885 -0.5144954
vn 0.8149031 0.266885 -0.5144954
vn 0.79324937 0.32715693 -0.5135405
vn 0.79324937 0.32715693 -0.5135405
vn 0.79324937 0.32715693 -0.5135405
vn 0.79324937 0.32715693 -0.5135405
vn 0.77640206 0.3674321 -0.51204836
vn 0.77640206 0.3674321 -0.51204836
vn 0.96898335 0.18564157 0.1631206
vn 0.96898335 0.18564157 0.1631206
vn 0.96898335 0.18564157 0.1631206
vn 0.96898335 0.18564157 0.1631206
vn 0.8495558 0.13556701 0.5097809
vn 0.8495558 0.13556701 0.5097809
vn 0.8495558 0.13556701 0.5097809
vn 0.8495558 0.13556701 0.5097809
vn 0.9348824 0.31459567 0.16439143
vn 0.9348824 0.31459567 0.16439143
vn 0.9348824 0.31459567 0.16439143
vn 0.9348824 0.31459567 0.16439143
vn 0.81490225 0.26688495 0.5144966
vn 0.81490225 0.26688495 0.5144966
vn 0.81490225 0.26688495 0.5144966
vn 0.81490225 0.26688495 0.5144966
vn 0.7932496 0.32715687 0.51354027
vn 0.7932496 0.32715687 0.51354027
vn 0.77640164 0.36743402 0.5120476
vn 0.77640164 0.36743402 0.5120476
vn 0.77640164 0.36743402 0.5120476
vn 0.77640164 0.36743402 0.5120476
vn 0.90398216 -0.40979856 0.12198918
vn 0.90398216 -0.40979856 0.12198918
vn 0.90398216 -0.40979856 0.12198918
vn 0.90398216 -0.40979856 0.12198918
vn 0.8084695 -0.45209587 0.37681082
vn 0.8084695 -0.45209587 0.37681082
vn 0.8084695 -0.45209587 0.37681082
vn 0.8084695 -0.45209587 0.37681082
vn 0.9039799 -0.40980303 -0.12199063
vn 0.9039799 -0.40980303 -0.12199063
vn 0.9039799 -0.40980303 -0.12199063
vn 0.9039799 -0.40980303 -0.12199063
vn 0.808471 -0.4520878 -0.3768171
vn 0.808471 -0.4520878 -0.3768171
vn 0.808471 -0.4520878 -0.3768171
vn 0.808471 -0.4520878 -0.3768171
vn -0.8416123 -0.51582634 0.16003749
vn -0.8416123 -0.51582634 0.16003749
vn -0.8416123 -0.51582634 0.16003749
vn -0.8416123 -0.51582634 0.16003749
vn -0.723983 -0.47392982 0.5012375
vn -0.723983 -0.47392982 0.5012375
vn -0.723983 -0.47392982 0.5012375
vn -0.723983 -0.47392982 0.5012375
vn -0.8416128 -0.5158256 -0.16003674
vn -0.8416128 -0.5158256 -0.16003674
vn -0.8416128 -0.5158256 -0.16003674
vn -0.8416128 -0.5158256 -0.16003674
vn -0.7239807 -0.47393438 -0.50123674
vn -0.7239807 -0.47393438 -0.50123674
vn -0.7239807 -0.47393438 -0.50123674
vn -0.7239807 -0.47393438 -0.50123674
vn -0.43764776 -0.89169675 -0.115504056
vn -0.43764776 -0.89169675 -0.115504056
vn -0.43764776 -0.89169675 -0.115504056
vn -0.43764776 -0.89169675 -0.115504056
vn 0.3106452 -0.95052594 -2.5631916E-06
vn 0.3106452 -0.95052594 -2.5631916E-06
vn 0.3106452 -0.95052594 -2.5631916E-06
vn 0.31065986 -0.9505212 2.9903756E-06
vn -0.34688714 -0.86635137 -0.35931137
vn -0.34688714 -0.86635137 -0.35931137
vn -0.34688714 -0.86635137 -0.35931137
vn -0.34688714 -0.86635137 -0.35931137
vn -0.4376605 -0.89169097 0.11550097
vn -0.4376605 -0.89169097 0.11550097
vn -0.4376605 -0.89169097 0.11550097
vn -0.4376605 -0.89169097 0.11550097
vn -0.34687415 -0.8663575 0.359309
vn -0.34687415 -0.8663575 0.359309
vn -0.34687415 -0.8663575 0.359309
vn -0.34687415 -0.8663575 0.359309
vn -0.34687415 -0.8663575 0.359309
vn -0.34687415 -0.8663575 0.359309
vn 0.31066284 -0.9505202 0
vn 0.31066284 -0.9505202 0
vn 0.31066284 -0.9505202 0
vn 0.31066385 -0.9505199 -3.6729682E-06
vn 0.31065592 -0.9505225 1.0308787E-05
vn 0.31066406 -0.9505198 0
vn 0.31066406 -0.9505198 0
vn 0.31066406 -0.9505198 0
vn 0.31066826 -0.95051837 -2.1465667E-06
vn 0.3106573 -0.95052207 1.617921E-06
vn 0.3106516 -0.95052385 2.206258E-06
vn 0.31066605 -0.95051914 0
vn 0.3106643 -0.9505197 -5.3663746E-07
vn 0.3106643 -0.9505197 -5.3663746E-07
vn 0.3106643 -0.9505197 -5.3663746E-07
vn 0.3106624 -0.95052034 0
vn 0.3106624 -0.95052034 0
vn 0.3106624 -0.95052034 0
vn 0.3106624 -0.95052034 0
vn 0.31066456 -0.95051956 6.70794E-07
vn 0.31066224 -0.95052046 -3.1869638E-06
vn 0.31066558 -0.9505194 -6.064004E-07
vn 0.31066304 -0.9505201 -5.115521E-06
vn 0.31066304 -0.9505201 -5.115521E-06
vn 0.31066304 -0.9505201 -5.115521E-06
vn 0.8973729 0.40981376 0.16362941
vn 0.8973729 0.40981376 0.16362941
vn 0.8973729 0.40981376 0.16362941
vn 0.8973729 0.40981376 0.16362941
vn 0.9134965 0.37230882 0.16404366
vn 0.9134965 0.37230882 0.16404366
vn 0.9250641 0.3424452 0.16427946
vn 0.9250641 0.3424452 0.16427946
vn 0.8727764 0.46018368 0.16276522
vn 0.8727764 0.46018368 0.16276522
vn 0.8727764 0.46018368 0.16276522
vn 0.8727764 0.46018368 0.16276522
vn 0.7506115 0.42162865 0.5087354
vn 0.7506115 0.42162865 0.5087354
vn 0.7506115 0.42162865 0.5087354
vn 0.7506115 0.42162865 0.5087354
vn 0.87277627 0.46018377 -0.16276497
vn 0.87277627 0.46018377 -0.16276497
vn 0.87277627 0.46018377 -0.16276497
vn 0.87277627 0.46018377 -0.16276497
vn 0.7506114 0.4216287 -0.50873554
vn 0.7506114 0.4216287 -0.50873554
vn 0.7506114 0.4216287 -0.50873554
vn 0.7506114 0.4216287 -0.50873554
g Cube.004_0
f 3/3/3 2/2/2 1/1/1
f 4/4/4 3/3/3 1/1/1
f 5/5/5 3/3/3 4/4/4
f 6/6/6 5/5/5 4/4/4
f 5/5/5 6/6/6 7/7/7
f 8/8/8 5/5/5 7/7/7
f 8/8/8 7/7/7 9/9/9
f 10/10/10 8/8/8 9/9/9
f 11/11/11 10/10/10 9/9/9
f 12/12/12 11/11/11 9/9/9
f 13/13/13 11/11/11 12/12/12
f 14/14/14 13/13/13 12/12/12
f 13/13/13 14/14/14 15/15/15
f 16/16/16 13/13/13 15/15/15
f 19/19/19 18/18/18 17/17/17
f 20/20/20 19/19/19 17/17/17
f 21/21/21 19/19/19 20/20/20
f 22/22/22 21/21/21 20/20/20
f 21/21/21 22/22/22 23/23/23
f 24/24/24 21/21/21 23/23/23
f 24/24/24 23/23/23 25/25/25
f 26/26/26 24/24/24 25/25/25
f 27/27/27 26/26/26 25/25/25
f 28/28/28 27/27/27 25/25/25
f 29/29/29 27/27/27 28/28/28
f 30/30/30 29/29/29 28/28/28
f 29/29/29 30/30/30 31/31/31
f 32/32/32 29/29/29 31/31/31
f 35/35/35 34/34/34 33/33/33
f 36/36/36 35/35/35 33/33/33
f 39/39/39 38/38/38 37/37/37
f 40/40/40 39/39/39 37/37/37
f 43/43/43 42/42/42 41/41/41
f 44/44/44 43/43/43 41/41/41
f 47/47/47 46/46/46 45/45/45
f 48/48/48 47/47/47 45/45/45
f 51/51/51 50/50/50 49/49/49
f 52/52/52 51/51/51 49/49/49
f 55/55/55 54/54/54 53/53/53
f 56/56/56 55/55/55 53/53/53
f 59/59/59 58/58/58 57/57/57
f 60/60/60 59/59/59 57/57/57
f 63/63/63 62/62/62 61/61/61
f 64/64/64 63/63/63 61/61/61
f 67/67/67 66/66/66 65/65/65
f 68/68/68 67/67/67 65/65/65
f 67/67/67 69/69/69 66/66/66
f 69/69/69 70/70/70 66/66/66
f 70/70/70 69/69/69 71/71/71
f 69/69/69 72/72/72 71/71/71
f 71/71/71 72/72/72 73/73/73
f 72/72/72 74/74/74 73/73/73
f 74/74/74 75/75/75 73/73/73
f 75/75/75 76/76/76 73/73/73
f 79/79/79 78/78/78 77/77/77
f 80/80/80 79/79/79 77/77/77
f 79/79/79 81/81/81 78/78/78
f 81/81/81 82/82/82 78/78/78
f 82/82/82 81/81/81 83/83/83
f 81/81/81 84/84/84 83/83/83
f 83/83/83 84/84/84 85/85/85
f 84/84/84 86/86/86 85/85/85
f 86/86/86 87/87/87 85/85/85
f 87/87/87 88/88/88 85/85/85
f 87/87/87 89/89/89 88/88/88
f 89/89/89 90/90/90 88/88/88
f 90/90/90 89/89/89 91/91/91
f 89/89/89 92/92/92 91/91/91
f 95/95/95 94/94/94 93/93/93
f 96/96/96 95/95/95 93/93/93
f 97/97/97 95/95/95 96/96/96
f 98/98/98 97/97/97 96/96/96
f 97/97/97 98/98/98 99/99/99
f 100/100/100 97/97/97 99/99/99
f 100/100/100 99/99/99 101/101/101
f 102/102/102 100/100/100 101/101/101
f 103/103/103 102/102/102 101/101/101
f 104/104/104 103/103/103 101/101/101
f 105/105/105 103/103/103 104/104/104
f 106/106/106 105/105/105 104/104/104
f 105/105/105 106/106/106 107/107/107
f 108/108/108 105/105/105 107/107/107
f 111/111/111 110/110/110 109/109/109
f 112/112/112 111/111/111 109/109/109
f 113/113/113 111/111/111 112/112/112
f 114/114/114 113/113/113 112/112/112
f 113/113/113 114/114/114 115/115/115
f 116/116/116 113/113/113 115/115/115
f 116/116/116 115/115/115 117/117/117
f 118/118/118 116/116/116 117/117/117
f 119/119/119 118/118/118 117/117/117
f 120/120/120 119/119/119 117/117/117
f 121/121/121 119/119/119 120/120/120
f 122/122/122 121/121/121 120/120/120
f 121/121/121 122/122/122 123/123/123
f 124/124/124 121/121/121 123/123/123
f 127/127/127 126/126/126 125/125/125
f 130/130/130 129/129/129 128/128/128
f 133/133/133 132/132/132 131/131/131
f 134/134/134 133/133/133 131/131/131
f 137/137/137 136/136/136 135/135/135
f 138/138/138 137/137/137 135/135/135
f 141/141/141 140/140/140 139/139/139
f 142/142/142 141/141/141 139/139/139
f 145/145/145 144/144/144 143/143/143
f 146/146/146 145/145/145 143/143/143
f 149/149/149 148/148/148 147/147/147
f 150/150/150 149/149/149 147/147/147
f 153/153/153 152/152/152 151/151/151
f 154/154/154 153/153/153 151/151/151
f 157/157/157 156/156/156 155/155/155
f 158/158/158 157/157/157 155/155/155
f 161/161/161 160/160/160 159/159/159
f 162/162/162 161/161/161 159/159/159
f 161/161/161 163/163/163 160/160/160
f 163/163/163 164/164/164 160/160/160
f 164/164/164 163/163/163 165/165/165
f 163/163/163 166/166/166 165/165/165
f 165/165/165 166/166/166 167/167/167
f 166/166/166 168/168/168 167/167/167
f 168/168/168 169/169/169 167/167/167
f 169/169/169 170/170/170 167/167/167
f 169/169/169 171/171/171 170/170/170
f 171/171/171 172/172/172 170/170/170
f 172/172/172 171/171/171 173/173/173
f 171/171/171 174/174/174 173/173/173
f 177/177/177 176/176/176 175/175/175
f 178/178/178 177/177/177 175/175/175
f 177/177/177 179/179/179 176/176/176
f 179/179/179 180/180/180 176/176/176
f 180/180/180 179/179/179 181/181/181
f 179/179/179 182/182/182 181/181/181
f 181/181/181 182/182/182 183/183/183
f 182/182/182 184/184/184 183/183/183
f 184/184/184 185/185/185 183/183/183
f 185/185/185 186/186/186 183/183/183
f 185/185/185 187/187/187 186/186/186
f 187/187/187 188/188/188 186/186/186
f 188/188/188 187/187/187 189/189/189
f 187/187/187 190/190/190 189/189/189
f 193/193/193 192/192/192 191/191/191
f 194/194/194 193/193/193 191/191/191
f 195/195/195 193/193/193 194/194/194
f 196/196/196 195/195/195 194/194/194
f 195/195/195 196/196/196 197/197/197
f 198/198/198 195/195/195 197/197/197
f 198/198/198 197/197/197 199/199/199
f 200/200/200 198/198/198 199/199/199
f 201/201/201 200/200/200 199/199/199
f 202/202/202 201/201/201 199/199/199
f 203/203/203 201/201/201 202/202/202
f 204/204/204 203/203/203 202/202/202
f 203/203/203 204/204/204 205/205/205
f 206/206/206 203/203/203 205/205/205
f 209/209/209 208/208/208 207/207/207
f 210/210/210 209/209/209 207/207/207
f 211/211/211 209/209/209 210/210/210
f 212/212/212 211/211/211 210/210/210
f 211/211/211 212/212/212 213/213/213
f 214/214/214 211/211/211 213/213/213
f 214/214/214 213/213/213 215/215/215
f 216/216/216 214/214/214 215/215/215
f 217/217/217 216/216/216 215/215/215
f 218/218/218 217/217/217 215/215/215
f 219/219/219 217/217/217 218/218/218
f 220/220/220 219/219/219 218/218/218
f 219/219/219 220/220/220 221/221/221
f 222/222/222 219/219/219 221/221/221
f 225/225/225 224/224/224 223/223/223
f 226/226/226 225/225/225 223/223/223
f 229/229/229 228/228/228 227/227/227
f 230/230/230 229/229/229 227/227/227
f 233/233/233 232/232/232 231/231/231
f 234/234/234 233/233/233 231/231/231
f 237/237/237 236/236/236 235/235/235
f 238/238/238 237/237/237 235/235/235
f 241/241/241 240/240/240 239/239/239
f 242/242/242 241/241/241 239/239/239
f 245/245/245 244/244/244 243/243/243
f 246/246/246 245/245/245 243/243/243
f 249/249/249 248/248/248 247/247/247
f 250/250/250 249/249/249 247/247/247
f 253/253/253 252/252/252 251/251/251
f 254/254/254 253/253/253 251/251/251
f 257/257/257 256/256/256 255/255/255
f 258/258/258 257/257/257 255/255/255
f 257/257/257 259/259/259 256/256/256
f 259/259/259 260/260/260 256/256/256
f 260/260/260 259/259/259 261/261/261
f 259/259/259 262/262/262 261/261/261
f 261/261/261 262/262/262 263/263/263
f 262/262/262 264/264/264 263/263/263
f 264/264/264 265/265/265 263/263/263
f 265/265/265 266/266/266 263/263/263
f 265/265/265 267/267/267 266/266/266
f 267/267/267 268/268/268 266/266/266
f 268/268/268 267/267/267 269/269/269
f 267/267/267 270/270/270 269/269/269
f 273/273/273 272/272/272 271/271/271
f 274/274/274 273/273/273 271/271/271
f 273/273/273 275/275/275 272/272/272
f 275/275/275 276/276/276 272/272/272
f 276/276/276 275/275/275 277/277/277
f 275/275/275 278/278/278 277/277/277
f 277/277/277 278/278/278 279/279/279
f 278/278/278 280/280/280 279/279/279
f 280/280/280 281/281/281 279/279/279
f 281/281/281 282/282/282 279/279/279
f 281/281/281 283/283/283 282/282/282
f 283/283/283 284/284/284 282/282/282
f 284/284/284 283/283/283 285/285/285
f 283/283/283 286/286/286 285/285/285
f 289/289/289 288/288/288 287/287/287
f 290/290/290 289/289/289 287/287/287
f 291/291/291 289/289/289 290/290/290
f 292/292/292 291/291/291 290/290/290
f 291/291/291 292/292/292 293/293/293
f 294/294/294 291/291/291 293/293/293
f 294/294/294 293/293/293 295/295/295
f 296/296/296 294/294/294 295/295/295
f 297/297/297 296/296/296 295/295/295
f 298/298/298 297/297/297 295/295/295
f 299/299/299 297/297/297 298/298/298
f 300/300/300 299/299/299 298/298/298
f 299/299/299 300/300/300 301/301/301
f 302/302/302 299/299/299 301/301/301
f 305/305/305 304/304/304 303/303/303
f 306/306/306 305/305/305 303/303/303
f 307/307/307 305/305/305 306/306/306
f 308/308/308 307/307/307 306/306/306
f 307/307/307 308/308/308 309/309/309
f 310/310/310 307/307/307 309/309/309
f 310/310/310 309/309/309 311/311/311
f 312/312/312 310/310/310 311/311/311
f 313/313/313 312/312/312 311/311/311
f 314/314/314 313/313/313 311/311/311
f 315/315/315 313/313/313 314/314/314
f 316/316/316 315/315/315 314/314/314
f 315/315/315 316/316/316 317/317/317
f 318/318/318 315/315/315 317/317/317
f 321/321/321 320/320/320 319/319/319
f 322/322/322 321/321/321 319/319/319
f 325/325/325 324/324/324 323/323/323
f 326/326/326 325/325/325 323/323/323
f 329/329/329 328/328/328 327/327/327
f 330/330/330 329/329/329 327/327/327
f 333/333/333 332/332/332 331/331/331
f 334/334/334 333/333/333 331/331/331
f 337/337/337 336/336/336 335/335/335
f 338/338/338 337/337/337 335/335/335
f 341/341/341 340/340/340 339/339/339
f 342/342/342 341/341/341 339/339/339
f 345/345/345 344/344/344 343/343/343
f 346/346/346 345/345/345 343/343/343
f 349/349/349 348/348/348 347/347/347
f 350/350/350 349/349/349 347/347/347
f 353/353/353 352/352/352 351/351/351
f 354/354/354 353/353/353 351/351/351
f 353/353/353 355/355/355 352/352/352
f 355/355/355 356/356/356 352/352/352
f 356/356/356 355/355/355 357/357/357
f 355/355/355 358/358/358 357/357/357
f 357/357/357 358/358/358 359/359/359
f 358/358/358 360/360/360 359/359/359
f 360/360/360 361/361/361 359/359/359
f 361/361/361 362/362/362 359/359/359
f 361/361/361 363/363/363 362/362/362
f 363/363/363 364/364/364 362/362/362
f 364/364/364 363/363/363 365/365/365
f 363/363/363 366/366/366 365/365/365
f 369/369/369 368/368/368 367/367/367
f 370/370/370 369/369/369 367/367/367
f 369/369/369 371/371/371 368/368/368
f 371/371/371 373/373/373 372/372/372
f 372/372/372 373/373/373 374/374/374
f 373/373/373 375/375/375 374/374/374
f 375/375/375 376/376/376 374/374/374
f 376/376/376 377/377/377 374/374/374
f 376/376/376 378/378/378 377/377/377
f 378/378/378 379/379/379 377/377/377
f 379/379/379 378/378/378 380/380/380
f 378/378/378 381/381/381 380/380/380
f 384/384/384 383/383/383 382/382/382
f 383/383/383 384/384/384 385/385/385
f 388/388/388 387/387/387 386/386/386
f 389/389/389 388/388/388 386/386/386
f 388/388/388 390/390/390 387/387/387
f 390/390/390 391/391/391 387/387/387
f 392/392/392 388/388/388 389/389/389
f 393/393/393 392/392/392 389/389/389
f 394/394/394 390/390/390 388/388/388
f 392/392/392 394/394/394 388/388/388
f 387/387/387 395/395/395 386/386/386
f 395/395/395 396/396/396 386/386/386
f 395/395/395 397/397/397 396/396/396
f 397/397/397 398/398/398 396/396/396
f 399/399/399 395/395/395 387/387/387
f 391/391/391 399/399/399 387/387/387
f 400/400/400 397/397/397 395/395/395
f 399/399/399 400/400/400 395/395/395
f 396/396/396 401/401/401 386/386/386
f 401/401/401 402/402/402 386/386/386
f 401/401/401 403/403/403 402/402/402
f 403/403/403 404/404/404 402/402/402
f 405/405/405 401/401/401 396/396/396
f 398/398/398 405/405/405 396/396/396
f 406/406/406 403/403/403 401/401/401
f 405/405/405 406/406/406 401/401/401
f 404/404/404 407/407/407 402/402/402
f 407/407/407 408/408/408 402/402/402
f 402/402/402 408/408/408 386/386/386
f 408/408/408 389/389/389 386/386/386
f 408/408/408 409/409/409 389/389/389
f 409/409/409 393/393/393 389/389/389
f 410/410/410 409/409/409 408/408/408
f 407/407/407 410/410/410 408/408/408
f 404/404/404 403/403/403 411/411/411
f 407/407/407 404/404/404 411/411/411
f 403/403/403 412/412/412 411/411/411
f 403/403/403 406/406/406 412/412/412
f 406/406/406 413/413/413 412/412/412
f 414/414/414 407/407/407 411/411/411
f 410/410/410 407/407/407 414/414/414
f 415/415/415 410/410/410 414/414/414
f 406/406/406 405/405/405 416/416/416
f 413/413/413 406/406/406 416/416/416
f 416/416/416 405/405/405 417/417/417
f 405/405/405 398/398/398 417/417/417
f 398/398/398 397/397/397 417/417/417
f 397/397/397 418/418/418 417/417/417
f 397/397/397 400/400/400 418/418/418
f 400/400/400 419/419/419 418/418/418
f 419/419/419 400/400/400 420/420/420
f 400/400/400 399/399/399 420/420/420
f 420/420/420 399/399/399 421/421/421
f 399/399/399 391/391/391 421/421/421
f 391/391/391 390/390/390 421/421/421
f 390/390/390 422/422/422 421/421/421
f 390/390/390 394/394/394 422/422/422
f 394/394/394 423/423/423 422/422/422
f 423/423/423 394/394/394 424/424/424
f 394/394/394 392/392/392 424/424/424
f 424/424/424 392/392/392 425/425/425
f 392/392/392 393/393/393 425/425/425
f 393/393/393 409/409/409 425/425/425
f 409/409/409 426/426/426 425/425/425
f 409/409/409 410/410/410 426/426/426
f 410/410/410 415/415/415 426/426/426
f 429/429/429 428/428/428 427/427/427
f 430/430/430 429/429/429 427/427/427
f 433/433/433 432/432/432 431/431/431
f 434/434/434 433/433/433 431/431/431
f 435/435/435 433/433/433 434/434/434
f 436/436/436 435/435/435 434/434/434
f 432/432/432 437/437/437 431/431/431
f 437/437/437 438/438/438 431/431/431
f 437/437/437 439/439/439 438/438/438
f 439/439/439 440/440/440 438/438/438
f 435/435/435 436/436/436 441/441/441
f 442/442/442 435/435/435 441/441/441
f 442/442/442 441/441/441 443/443/443
f 444/444/444 442/442/442 443/443/443
f 445/445/445 444/444/444 443/443/443
f 446/446/446 445/445/445 443/443/443
f 447/447/447 445/445/445 446/446/446
f 448/448/448 447/447/447 446/446/446
f 447/447/447 448/448/448 449/449/449
f 450/450/450 447/447/447 449/449/449
f 450/450/450 449/449/449 451/451/451
f 452/452/452 450/450/450 451/451/451
f 453/453/453 452/452/452 451/451/451
f 454/454/454 453/453/453 451/451/451
f 455/455/455 453/453/453 454/454/454
f 456/456/456 455/455/455 454/454/454
f 455/455/455 456/456/456 457/457/457
f 458/458/458 455/455/455 457/457/457
f 458/458/458 457/457/457 459/459/459
f 460/460/460 458/458/458 459/459/459
f 461/461/461 460/460/460 459/459/459
f 462/462/462 461/461/461 459/459/459
f 439/439/439 461/461/461 462/462/462
f 440/440/440 439/439/439 462/462/462
f 458/458/458 460/460/460 463/463/463
f 460/460/460 461/461/461 463/463/463
f 464/464/464 458/458/458 463/463/463
f 455/455/455 458/458/458 464/464/464
f 464/464/464 463/463/463 465/465/465
f 466/466/466 464/464/464 465/465/465
f 467/467/467 464/464/464 466/466/466
f 467/467/467 455/455/455 464/464/464
f 468/468/468 467/467/467 466/466/466
f 463/463/463 469/469/469 465/465/465
f 461/461/461 469/469/469 463/463/463
f 461/461/461 439/439/439 469/469/469
f 469/469/469 470/470/470 465/465/465
f 469/469/469 471/471/471 470/470/470
f 439/439/439 471/471/471 469/469/469
f 471/471/471 472/472/472 470/470/470
f 439/439/439 437/437/437 473/473/473
f 473/473/473 437/437/437 474/474/474
f 473/473/473 474/474/474 475/475/475
f 476/476/476 473/473/473 475/475/475
f 437/437/437 432/432/432 474/474/474
f 477/477/477 473/473/473 476/476/476
f 478/478/478 477/477/477 476/476/476
f 477/477/477 439/439/439 473/473/473
f 474/474/474 479/479/479 475/475/475
f 479/479/479 480/480/480 475/475/475
f 479/479/479 481/481/481 480/480/480
f 481/481/481 482/482/482 480/480/480
f 433/433/433 479/479/479 474/474/474
f 432/432/432 433/433/433 474/474/474
f 435/435/435 481/481/481 479/479/479
f 433/433/433 435/435/435 479/479/479
f 435/435/435 442/442/442 483/483/483
f 483/483/483 442/442/442 484/484/484
f 483/483/483 484/484/484 485/485/485
f 486/486/486 483/483/483 485/485/485
f 442/442/442 444/444/444 484/484/484
f 487/487/487 483/483/483 486/486/486
f 487/487/487 435/435/435 483/483/483
f 488/488/488 487/487/487 486/486/486
f 484/484/484 489/489/489 485/485/485
f 489/489/489 490/490/490 485/485/485
f 489/489/489 491/491/491 490/490/490
f 491/491/491 492/492/492 490/490/490
f 445/445/445 489/489/489 484/484/484
f 444/444/444 445/445/445 484/484/484
f 447/447/447 491/491/491 489/489/489
f 445/445/445 447/447/447 489/489/489
f 447/447/447 450/450/450 493/493/493
f 493/493/493 450/450/450 494/494/494
f 493/493/493 494/494/494 495/495/495
f 496/496/496 493/493/493 495/495/495
f 450/450/450 452/452/452 494/494/494
f 497/497/497 493/493/493 496/496/496
f 497/497/497 447/447/447 493/493/493
f 498/498/498 497/497/497 496/496/496
f 494/494/494 499/499/499 495/495/495
f 499/499/499 500/500/500 495/495/495
f 499/499/499 501/501/501 500/500/500
f 501/501/501 502/502/502 500/500/500
f 453/453/453 499/499/499 494/494/494
f 452/452/452 453/453/453 494/494/494
f 455/455/455 501/501/501 499/499/499
f 453/453/453 455/455/455 499/499/499
f 505/505/505 504/504/504 503/503/503
f 506/506/506 505/505/505 503/503/503
f 509/509/509 508/508/508 507/507/507
f 510/510/510 509/509/509 507/507/507
f 513/513/513 512/512/512 511/511/511
f 514/514/514 513/513/513 511/511/511
f 517/517/517 516/516/516 515/515/515
f 518/518/518 517/517/517 515/515/515
f 521/521/521 520/520/520 519/519/519
f 522/522/522 521/521/521 519/519/519
f 525/525/525 524/524/524 523/523/523
f 526/526/526 525/525/525 523/523/523
f 529/529/529 528/528/528 527/527/527
f 530/530/530 529/529/529 527/527/527
f 533/533/533 532/532/532 531/531/531
f 534/534/534 533/533/533 531/531/531
f 537/537/537 536/536/536 535/535/535
f 538/538/538 537/537/537 535/535/535
f 541/541/541 540/540/540 539/539/539
f 542/542/542 541/541/541 539/539/539
f 545/545/545 544/544/544 543/543/543
f 546/546/546 545/545/545 543/543/543
f 549/549/549 548/548/548 547/547/547
f 550/550/550 549/549/549 547/547/547
f 553/553/553 552/552/552 551/551/551
f 554/554/554 553/553/553 551/551/551
f 557/557/557 556/556/556 555/555/555
f 558/558/558 557/557/557 555/555/555
f 561/561/561 560/560/560 559/559/559
f 564/564/564 563/563/563 562/562/562
f 567/567/567 566/566/566 565/565/565
f 568/568/568 567/567/567 565/565/565
f 571/571/571 570/570/570 569/569/569
f 572/572/572 571/571/571 569/569/569
f 575/575/575 574/574/574 573/573/573
f 576/576/576 575/575/575 573/573/573
f 579/579/579 578/578/578 577/577/577
f 580/580/580 579/579/579 577/577/577
f 583/583/583 582/582/582 581/581/581
f 584/584/584 583/583/583 581/581/581
f 587/587/587 586/586/586 585/585/585
f 588/588/588 587/587/587 585/585/585
f 591/591/591 590/590/590 589/589/589
f 592/592/592 591/591/591 589/589/589
f 595/595/595 594/594/594 593/593/593
f 596/596/596 595/595/595 593/593/593
f 599/599/599 598/598/598 597/597/597
f 600/600/600 599/599/599 597/597/597
f 603/603/603 602/602/602 601/601/601
f 604/604/604 603/603/603 601/601/601
f 607/607/607 606/606/606 605/605/605
f 608/608/608 607/607/607 605/605/605
f 611/611/611 610/610/610 609/609/609
f 612/612/612 611/611/611 609/609/609
f 615/615/615 614/614/614 613/613/613
f 616/616/616 615/615/615 613/613/613
f 619/619/619 618/618/618 617/617/617
f 620/620/620 619/619/619 617/617/617
f 623/623/623 622/622/622 621/621/621
f 624/624/624 623/623/623 621/621/621
f 627/627/627 626/626/626 625/625/625
f 628/628/628 627/627/627 625/625/625
f 631/631/631 630/630/630 629/629/629
f 632/632/632 631/631/631 629/629/629
f 635/635/635 634/634/634 633/633/633
f 636/636/636 635/635/635 633/633/633
f 639/639/639 638/638/638 637/637/637
f 640/640/640 639/639/639 637/637/637
f 643/643/643 642/642/642 641/641/641
f 644/644/644 643/643/643 641/641/641
f 647/647/647 646/646/646 645/645/645
f 648/648/648 647/647/647 645/645/645
f 651/651/651 650/650/650 649/649/649
f 652/652/652 651/651/651 649/649/649
f 655/655/655 654/654/654 653/653/653
f 656/656/656 655/655/655 653/653/653
f 659/659/659 658/658/658 657/657/657
f 660/660/660 659/659/659 657/657/657
f 663/663/663 662/662/662 661/661/661
f 664/664/664 663/663/663 661/661/661
f 667/667/667 666/666/666 665/665/665
f 668/668/668 667/667/667 665/665/665
f 671/671/671 670/670/670 669/669/669
f 672/672/672 671/671/671 669/669/669
f 675/675/675 674/674/674 673/673/673
f 676/676/676 675/675/675 673/673/673
f 679/679/679 678/678/678 677/677/677
f 680/680/680 679/679/679 677/677/677
f 683/683/683 682/682/682 681/681/681
f 684/684/684 683/683/683 681/681/681
f 687/687/687 686/686/686 685/685/685
f 688/688/688 687/687/687 685/685/685
f 691/691/691 690/690/690 689/689/689
f 694/694/694 693/693/693 692/692/692
f 697/697/697 696/696/696 695/695/695
f 698/698/698 697/697/697 695/695/695
f 701/701/701 700/700/700 699/699/699
f 702/702/702 701/701/701 699/699/699
f 705/705/705 704/704/704 703/703/703
f 706/706/706 705/705/705 703/703/703
f 709/709/709 708/708/708 707/707/707
f 710/710/710 709/709/709 707/707/707
f 713/713/713 712/712/712 711/711/711
f 714/714/714 713/713/713 711/711/711
f 717/717/717 716/716/716 715/715/715
f 718/718/718 717/717/717 715/715/715
f 721/721/721 720/720/720 719/719/719
f 722/722/722 721/721/721 719/719/719
f 725/725/725 724/724/724 723/723/723
f 726/726/726 725/725/725 723/723/723
f 729/729/729 728/728/728 727/727/727
f 730/730/730 729/729/729 727/727/727
f 733/733/733 732/732/732 731/731/731
f 734/734/734 733/733/733 731/731/731
f 737/737/737 736/736/736 735/735/735
f 738/738/738 737/737/737 735/735/735
f 741/741/741 740/740/740 739/739/739
f 742/742/742 741/741/741 739/739/739
f 745/745/745 744/744/744 743/743/743
f 746/746/746 745/745/745 743/743/743
f 749/749/749 748/748/748 747/747/747
f 750/750/750 749/749/749 747/747/747
f 753/753/753 752/752/752 751/751/751
f 754/754/754 753/753/753 751/751/751
f 757/757/757 756/756/756 755/755/755
f 758/758/758 757/757/757 755/755/755
f 761/761/761 760/760/760 759/759/759
f 762/762/762 761/761/761 759/759/759
f 761/761/761 763/763/763 760/760/760
f 763/763/763 764/764/764 760/760/760
f 765/765/765 762/762/762 759/759/759
f 766/766/766 765/765/765 759/759/759
f 767/767/767 765/765/765 766/766/766
f 768/768/768 767/767/767 766/766/766
f 764/764/764 763/763/763 769/769/769
f 763/763/763 770/770/770 769/769/769
f 769/769/769 770/770/770 771/771/771
f 770/770/770 772/772/772 771/771/771
f 772/772/772 773/773/773 771/771/771
f 773/773/773 774/774/774 771/771/771
f 777/777/777 776/776/776 775/775/775
f 780/780/780 779/779/779 778/778/778
f 783/783/783 782/782/782 781/781/781
f 784/784/784 783/783/783 781/781/781
f 787/787/787 786/786/786 785/785/785
f 788/788/788 787/787/787 785/785/785
f 789/789/789 787/787/787 788/788/788
f 790/790/790 789/789/789 788/788/788
f 786/786/786 791/791/791 785/785/785
f 791/791/791 792/792/792 785/785/785
f 791/791/791 793/793/793 792/792/792
f 793/793/793 794/794/794 792/792/792
f 789/789/789 790/790/790 795/795/795
f 796/796/796 789/789/789 795/795/795
f 796/796/796 795/795/795 797/797/797
f 798/798/798 796/796/796 797/797/797
f 799/799/799 798/798/798 797/797/797
f 800/800/800 799/799/799 797/797/797
f 803/803/803 802/802/802 801/801/801
f 804/804/804 803/803/803 801/801/801
f 807/807/807 806/806/806 805/805/805
f 808/808/808 807/807/807 805/805/805
f 811/811/811 810/810/810 809/809/809
f 812/812/812 811/811/811 809/809/809
f 815/815/815 814/814/814 813/813/813
f 816/816/816 815/815/815 813/813/813
f 819/819/819 818/818/818 817/817/817
f 822/822/822 821/821/821 820/820/820
f 825/825/825 824/824/824 823/823/823
f 826/826/826 825/825/825 823/823/823
f 829/829/829 828/828/828 827/827/827
f 830/830/830 829/829/829 827/827/827
f 829/829/829 831/831/831 828/828/828
f 831/831/831 832/832/832 828/828/828
f 833/833/833 830/830/830 827/827/827
f 834/834/834 833/833/833 827/827/827
f 835/835/835 833/833/833 834/834/834
f 836/836/836 835/835/835 834/834/834
f 839/839/839 838/838/838 837/837/837
f 840/840/840 839/839/839 837/837/837
f 841/841/841 840/840/840 837/837/837
f 842/842/842 841/841/841 837/837/837
f 843/843/843 841/841/841 842/842/842
f 844/844/844 843/843/843 842/842/842
f 847/847/847 846/846/846 845/845/845
f 848/848/848 847/847/847 845/845/845
f 851/851/851 850/850/850 849/849/849
f 852/852/852 851/851/851 849/849/849
f 853/853/853 851/851/851 852/852/852
f 854/854/854 853/853/853 852/852/852
f 850/850/850 855/855/855 849/849/849
f 855/855/855 856/856/856 849/849/849
f 855/855/855 857/857/857 856/856/856
f 857/857/857 858/858/858 856/856/856
f 861/861/861 860/860/860 859/859/859
f 862/862/862 861/861/861 859/859/859
f 860/860/860 863/863/863 859/859/859
f 863/863/863 864/864/864 859/859/859
f 863/863/863 865/865/865 864/864/864
f 865/865/865 866/866/866 864/864/864
f 869/869/869 868/868/868 867/867/867
f 870/870/870 869/869/869 867/867/867
f 873/873/873 872/872/872 871/871/871
f 874/874/874 873/873/873 871/871/871
f 877/877/877 876/876/876 875/875/875
f 878/878/878 877/877/877 875/875/875
f 879/879/879 878/878/878 875/875/875
f 880/880/880 879/879/879 875/875/875
f 881/881/881 879/879/879 880/880/880
f 882/882/882 881/881/881 880/880/880
f 885/885/885 884/884/884 883/883/883
f 886/886/886 885/885/885 883/883/883
f 889/889/889 888/888/888 887/887/887
f 890/890/890 889/889/889 887/887/887
f 893/893/893 892/892/892 891/891/891
f 894/894/894 893/893/893 891/891/891
f 897/897/897 896/896/896 895/895/895
f 898/898/898 897/897/897 895/895/895
f 901/901/901 900/900/900 899/899/899
f 902/902/902 901/901/901 899/899/899
f 905/905/905 904/904/904 903/903/903
f 906/906/906 905/905/905 903/903/903
f 909/909/909 908/908/908 907/907/907
f 910/910/910 909/909/909 907/907/907
f 911/911/911 910/910/910 907/907/907
f 912/912/912 911/911/911 907/907/907
f 913/913/913 911/911/911 912/912/912
f 914/914/914 913/913/913 912/912/912
f 913/913/913 914/914/914 915/915/915
f 916/916/916 913/913/913 915/915/915
f 916/916/916 915/915/915 917/917/917
f 918/918/918 916/916/916 917/917/917
f 919/919/919 918/918/918 917/917/917
f 920/920/920 919/919/919 917/917/917
f 921/921/921 919/919/919 920/920/920
f 922/922/922 921/921/921 920/920/920
f 925/925/925 924/924/924 923/923/923
f 926/926/926 925/925/925 923/923/923
f 929/929/929 928/928/928 927/927/927
f 930/930/930 929/929/929 927/927/927
f 933/933/933 932/932/932 931/931/931
f 934/934/934 933/933/933 931/931/931
f 937/937/937 936/936/936 935/935/935
f 938/938/938 937/937/937 935/935/935
f 936/936/936 939/939/939 935/935/935
f 939/939/939 940/940/940 935/935/935
f 939/939/939 941/941/941 940/940/940
f 941/941/941 942/942/942 940/940/940
f 942/942/942 941/941/941 943/943/943
f 941/941/941 944/944/944 943/943/943
f 943/943/943 944/944/944 945/945/945
f 944/944/944 946/946/946 945/945/945
f 946/946/946 947/947/947 945/945/945
f 947/947/947 948/948/948 945/945/945
f 947/947/947 949/949/949 948/948/948
f 949/949/949 950/950/950 948/948/948
f 953/953/953 952/952/952 951/951/951
f 954/954/954 953/953/953 951/951/951
f 952/952/952 955/955/955 951/951/951
f 955/955/955 956/956/956 951/951/951
f 955/955/955 957/957/957 956/956/956
f 957/957/957 958/958/958 956/956/956
f 961/961/961 960/960/960 959/959/959
f 962/962/962 961/961/961 959/959/959
f 965/965/965 964/964/964 963/963/963
f 966/966/966 965/965/965 963/963/963
f 969/969/969 968/968/968 967/967/967
f 970/970/970 969/969/969 967/967/967
f 973/973/973 972/972/972 971/971/971
f 974/974/974 973/973/973 971/971/971
f 977/977/977 976/976/976 975/975/975
f 978/978/978 977/977/977 975/975/975
f 981/981/981 980/980/980 979/979/979
f 982/982/982 981/981/981 979/979/979
f 985/985/985 984/984/984 983/983/983
f 986/986/986 985/985/985 983/983/983
f 989/989/989 988/988/988 987/987/987
f 990/990/990 989/989/989 987/987/987
f 993/993/993 992/992/992 991/991/991
f 994/994/994 993/993/993 991/991/991
f 997/997/997 996/996/996 995/995/995
f 998/998/998 997/997/997 995/995/995
f 1001/1001/1001 1000/1000/1000 999/999/999
f 1002/1002/1002 1001/1001/1001 999/999/999
f 1005/1005/1005 1004/1004/1004 1003/1003/1003
f 1006/1006/1006 1005/1005/1005 1003/1003/1003
f 1009/1009/1009 1008/1008/1008 1007/1007/1007
f 1010/1010/1010 1009/1009/1009 1007/1007/1007
f 1013/1013/1013 1012/1012/1012 1011/1011/1011
f 1014/1014/1014 1013/1013/1013 1011/1011/1011
f 1017/1017/1017 1016/1016/1016 1015/1015/1015
f 1018/1018/1018 1017/1017/1017 1015/1015/1015
f 1021/1021/1021 1020/1020/1020 1019/1019/1019
f 1022/1022/1022 1021/1021/1021 1019/1019/1019
f 1025/1025/1025 1024/1024/1024 1023/1023/1023
f 1026/1026/1026 1025/1025/1025 1023/1023/1023
f 1029/1029/1029 1028/1028/1028 1027/1027/1027
f 1030/1030/1030 1029/1029/1029 1027/1027/1027
f 1033/1033/1033 1032/1032/1032 1031/1031/1031
f 1034/1034/1034 1033/1033/1033 1031/1031/1031
f 1037/1037/1037 1036/1036/1036 1035/1035/1035
f 1038/1038/1038 1037/1037/1037 1035/1035/1035
f 1041/1041/1041 1040/1040/1040 1039/1039/1039
f 1042/1042/1042 1041/1041/1041 1039/1039/1039
f 1045/1045/1045 1044/1044/1044 1043/1043/1043
f 1046/1046/1046 1045/1045/1045 1043/1043/1043
f 1049/1049/1049 1048/1048/1048 1047/1047/1047
f 1050/1050/1050 1049/1049/1049 1047/1047/1047
f 1053/1053/1053 1052/1052/1052 1051/1051/1051
f 1054/1054/1054 1053/1053/1053 1051/1051/1051
f 1057/1057/1057 1056/1056/1056 1055/1055/1055
f 1058/1058/1058 1057/1057/1057 1055/1055/1055
f 1061/1061/1061 1060/1060/1060 1059/1059/1059
f 1062/1062/1062 1061/1061/1061 1059/1059/1059
f 1065/1065/1065 1064/1064/1064 1063/1063/1063
f 1066/1066/1066 1065/1065/1065 1063/1063/1063
f 1069/1069/1069 1068/1068/1068 1067/1067/1067
f 1070/1070/1070 1069/1069/1069 1067/1067/1067
f 1073/1073/1073 1072/1072/1072 1071/1071/1071
f 1074/1074/1074 1073/1073/1073 1071/1071/1071
f 1077/1077/1077 1076/1076/1076 1075/1075/1075
f 1078/1078/1078 1077/1077/1077 1075/1075/1075
f 1081/1081/1081 1080/1080/1080 1079/1079/1079
f 1082/1082/1082 1081/1081/1081 1079/1079/1079
f 1085/1085/1085 1084/1084/1084 1083/1083/1083
f 1086/1086/1086 1085/1085/1085 1083/1083/1083
f 1089/1089/1089 1088/1088/1088 1087/1087/1087
f 1090/1090/1090 1089/1089/1089 1087/1087/1087
f 1093/1093/1093 1092/1092/1092 1091/1091/1091
f 1094/1094/1094 1093/1093/1093 1091/1091/1091
f 1097/1097/1097 1096/1096/1096 1095/1095/1095
f 1098/1098/1098 1097/1097/1097 1095/1095/1095
f 1101/1101/1101 1100/1100/1100 1099/1099/1099
f 1102/1102/1102 1101/1101/1101 1099/1099/1099
f 1105/1105/1105 1104/1104/1104 1103/1103/1103
f 1106/1106/1106 1105/1105/1105 1103/1103/1103
f 1109/1109/1109 1108/1108/1108 1107/1107/1107
f 1110/1110/1110 1109/1109/1109 1107/1107/1107
f 1113/1113/1113 1112/1112/1112 1111/1111/1111
f 1114/1114/1114 1113/1113/1113 1111/1111/1111
f 1117/1117/1117 1116/1116/1116 1115/1115/1115
f 1118/1118/1118 1117/1117/1117 1115/1115/1115
f 1121/1121/1121 1120/1120/1120 1119/1119/1119
f 1122/1122/1122 1121/1121/1121 1119/1119/1119
f 1125/1125/1125 1124/1124/1124 1123/1123/1123
f 1126/1126/1126 1125/1125/1125 1123/1123/1123
f 1129/1129/1129 1128/1128/1128 1127/1127/1127
f 1130/1130/1130 1129/1129/1129 1127/1127/1127
f 1133/1133/1133 1132/1132/1132 1131/1131/1131
f 1134/1134/1134 1133/1133/1133 1131/1131/1131
f 1137/1137/1137 1136/1136/1136 1135/1135/1135
f 1138/1138/1138 1137/1137/1137 1135/1135/1135
f 1141/1141/1141 1140/1140/1140 1139/1139/1139
f 1142/1142/1142 1141/1141/1141 1139/1139/1139
f 1145/1145/1145 1144/1144/1144 1143/1143/1143
f 1146/1146/1146 1145/1145/1145 1143/1143/1143
f 1149/1149/1149 1148/1148/1148 1147/1147/1147
f 1150/1150/1150 1149/1149/1149 1147/1147/1147
f 1153/1153/1153 1152/1152/1152 1151/1151/1151
f 1154/1154/1154 1153/1153/1153 1151/1151/1151
f 1157/1157/1157 1156/1156/1156 1155/1155/1155
f 1158/1158/1158 1157/1157/1157 1155/1155/1155
f 1161/1161/1161 1160/1160/1160 1159/1159/1159
f 1162/1162/1162 1161/1161/1161 1159/1159/1159
f 1165/1165/1165 1164/1164/1164 1163/1163/1163
f 1166/1166/1166 1165/1165/1165 1163/1163/1163
f 1169/1169/1169 1168/1168/1168 1167/1167/1167
f 1170/1170/1170 1169/1169/1169 1167/1167/1167
f 1173/1173/1173 1172/1172/1172 1171/1171/1171
f 1174/1174/1174 1173/1173/1173 1171/1171/1171
f 1177/1177/1177 1176/1176/1176 1175/1175/1175
f 1178/1178/1178 1177/1177/1177 1175/1175/1175
f 1181/1181/1181 1180/1180/1180 1179/1179/1179
f 1182/1182/1182 1181/1181/1181 1179/1179/1179
f 1185/1185/1185 1184/1184/1184 1183/1183/1183
f 1186/1186/1186 1185/1185/1185 1183/1183/1183
f 1189/1189/1189 1188/1188/1188 1187/1187/1187
f 1190/1190/1190 1189/1189/1189 1187/1187/1187
f 1193/1193/1193 1192/1192/1192 1191/1191/1191
f 1194/1194/1194 1193/1193/1193 1191/1191/1191
f 1197/1197/1197 1196/1196/1196 1195/1195/1195
f 1198/1198/1198 1197/1197/1197 1195/1195/1195
f 1201/1201/1201 1200/1200/1200 1199/1199/1199
f 1202/1202/1202 1201/1201/1201 1199/1199/1199
f 1201/1201/1201 1203/1203/1203 1200/1200/1200
f 1203/1203/1203 1204/1204/1204 1200/1200/1200
f 1205/1205/1205 1202/1202/1202 1199/1199/1199
f 1206/1206/1206 1205/1205/1205 1199/1199/1199
f 1207/1207/1207 1205/1205/1205 1206/1206/1206
f 1208/1208/1208 1207/1207/1207 1206/1206/1206
f 1204/1204/1204 1203/1203/1203 1209/1209/1209
f 1203/1203/1203 1210/1210/1210 1209/1209/1209
f 1209/1209/1209 1210/1210/1210 1211/1211/1211
f 1210/1210/1210 1212/1212/1212 1211/1211/1211
f 1212/1212/1212 1213/1213/1213 1211/1211/1211
f 1213/1213/1213 1214/1214/1214 1211/1211/1211
f 1213/1213/1213 1215/1215/1215 1214/1214/1214
f 1215/1215/1215 1216/1216/1216 1214/1214/1214
f 1216/1216/1216 1215/1215/1215 1217/1217/1217
f 1215/1215/1215 1218/1218/1218 1217/1217/1217
f 1221/1221/1221 1220/1220/1220 1219/1219/1219
f 1222/1222/1222 1221/1221/1221 1219/1219/1219
f 1225/1225/1225 1224/1224/1224 1223/1223/1223
f 1226/1226/1226 1225/1225/1225 1223/1223/1223
f 1224/1224/1224 1225/1225/1225 1227/1227/1227
f 1225/1225/1225 1228/1228/1228 1227/1227/1227
f 1227/1227/1227 1228/1228/1228 1229/1229/1229
f 1228/1228/1228 1230/1230/1230 1229/1229/1229
f 1230/1230/1230 1231/1231/1231 1229/1229/1229
f 1231/1231/1231 1232/1232/1232 1229/1229/1229
f 1231/1231/1231 1233/1233/1233 1232/1232/1232
f 1233/1233/1233 1234/1234/1234 1232/1232/1232
f 1237/1237/1237 1236/1236/1236 1235/1235/1235
f 1238/1238/1238 1237/1237/1237 1235/1235/1235
f 1239/1239/1239 1237/1237/1237 1238/1238/1238
f 1240/1240/1240 1239/1239/1239 1238/1238/1238
f 1236/1236/1236 1241/1241/1241 1235/1235/1235
f 1241/1241/1241 1242/1242/1242 1235/1235/1235
f 1241/1241/1241 1243/1243/1243 1242/1242/1242
f 1243/1243/1243 1244/1244/1244 1242/1242/1242
f 1239/1239/1239 1240/1240/1240 1245/1245/1245
f 1246/1246/1246 1239/1239/1239 1245/1245/1245
f 1246/1246/1246 1245/1245/1245 1247/1247/1247
f 1248/1248/1248 1246/1246/1246 1247/1247/1247
f 1249/1249/1249 1248/1248/1248 1247/1247/1247
f 1250/1250/1250 1249/1249/1249 1247/1247/1247
f 1251/1251/1251 1249/1249/1249 1250/1250/1250
f 1252/1252/1252 1251/1251/1251 1250/1250/1250
f 1251/1251/1251 1252/1252/1252 1253/1253/1253
f 1254/1254/1254 1251/1251/1251 1253/1253/1253
f 1257/1257/1257 1256/1256/1256 1255/1255/1255
f 1258/1258/1258 1257/1257/1257 1255/1255/1255
f 1261/1261/1261 1260/1260/1260 1259/1259/1259
f 1262/1262/1262 1261/1261/1261 1259/1259/1259
f 1265/1265/1265 1264/1264/1264 1263/1263/1263
f 1266/1266/1266 1265/1265/1265 1263/1263/1263
f 1265/1265/1265 1267/1267/1267 1264/1264/1264
f 1267/1267/1267 1268/1268/1268 1264/1264/1264
f 1271/1271/1271 1270/1270/1270 1269/1269/1269
f 1274/1274/1274 1273/1273/1273 1272/1272/1272
f 1275/1275/1275 1273/1273/1273 1274/1274/1274
f 1276/1276/1276 1275/1275/1275 1274/1274/1274
f 1279/1279/1279 1278/1278/1278 1277/1277/1277
f 1280/1280/1280 1279/1279/1279 1277/1277/1277
f 1283/1283/1283 1282/1282/1282 1281/1281/1281
f 1284/1284/1284 1283/1283/1283 1281/1281/1281
f 1287/1287/1287 1286/1286/1286 1285/1285/1285
f 1288/1288/1288 1287/1287/1287 1285/1285/1285
f 1291/1291/1291 1290/1290/1290 1289/1289/1289
f 1292/1292/1292 1291/1291/1291 1289/1289/1289
f 1295/1295/1295 1294/1294/1294 1293/1293/1293
f 1296/1296/1296 1295/1295/1295 1293/1293/1293
f 1299/1299/1299 1298/1298/1298 1297/1297/1297
f 1300/1300/1300 1299/1299/1299 1297/1297/1297
f 1303/1303/1303 1302/1302/1302 1301/1301/1301
f 1304/1304/1304 1303/1303/1303 1301/1301/1301
f 1307/1307/1307 1306/1306/1306 1305/1305/1305
f 1308/1308/1308 1307/1307/1307 1305/1305/1305
f 1311/1311/1311 1310/1310/1310 1309/1309/1309
f 1312/1312/1312 1311/1311/1311 1309/1309/1309
f 1315/1315/1315 1314/1314/1314 1313/1313/1313
f 1316/1316/1316 1315/1315/1315 1313/1313/1313
f 1319/1319/1319 1318/1318/1318 1317/1317/1317
f 1320/1320/1320 1319/1319/1319 1317/1317/1317
f 1323/1323/1323 1322/1322/1322 1321/1321/1321
f 1324/1324/1324 1323/1323/1323 1321/1321/1321
f 1327/1327/1327 1326/1326/1326 1325/1325/1325
f 1328/1328/1328 1327/1327/1327 1325/1325/1325
f 1331/1331/1331 1330/1330/1330 1329/1329/1329
f 1332/1332/1332 1331/1331/1331 1329/1329/1329
f 1335/1335/1335 1334/1334/1334 1333/1333/1333
f 1336/1336/1336 1335/1335/1335 1333/1333/1333
f 1339/1339/1339 1338/1338/1338 1337/1337/1337
f 1340/1340/1340 1339/1339/1339 1337/1337/1337
f 1343/1343/1343 1342/1342/1342 1341/1341/1341
f 1344/1344/1344 1343/1343/1343 1341/1341/1341
f 1343/1343/1343 1345/1345/1345 1342/1342/1342
f 1345/1345/1345 1346/1346/1346 1342/1342/1342
f 1347/1347/1347 1344/1344/1344 1341/1341/1341
f 1348/1348/1348 1347/1347/1347 1341/1341/1341
f 1349/1349/1349 1347/1347/1347 1348/1348/1348
f 1350/1350/1350 1349/1349/1349 1348/1348/1348
f 1349/1349/1349 1350/1350/1350 1351/1351/1351
f 1352/1352/1352 1349/1349/1349 1351/1351/1351
f 1352/1352/1352 1351/1351/1351 1353/1353/1353
f 1354/1354/1354 1352/1352/1352 1353/1353/1353
f 1355/1355/1355 1354/1354/1354 1353/1353/1353
f 1356/1356/1356 1355/1355/1355 1353/1353/1353
f 1357/1357/1357 1355/1355/1355 1356/1356/1356
f 1358/1358/1358 1357/1357/1357 1356/1356/1356
f 1357/1357/1357 1358/1358/1358 1359/1359/1359
f 1360/1360/1360 1357/1357/1357 1359/1359/1359
f 1360/1360/1360 1359/1359/1359 1361/1361/1361
f 1362/1362/1362 1360/1360/1360 1361/1361/1361
f 1363/1363/1363 1362/1362/1362 1361/1361/1361
f 1364/1364/1364 1363/1363/1363 1361/1361/1361
f 1365/1365/1365 1363/1363/1363 1364/1364/1364
f 1366/1366/1366 1365/1365/1365 1364/1364/1364
f 1365/1365/1365 1366/1366/1366 1367/1367/1367
f 1368/1368/1368 1365/1365/1365 1367/1367/1367
f 1371/1371/1371 1370/1370/1370 1369/1369/1369
f 1372/1372/1372 1371/1371/1371 1369/1369/1369
f 1375/1375/1375 1374/1374/1374 1373/1373/1373
f 1376/1376/1376 1375/1375/1375 1373/1373/1373
f 1379/1379/1379 1378/1378/1378 1377/1377/1377
f 1380/1380/1380 1379/1379/1379 1377/1377/1377
f 1381/1381/1381 1379/1379/1379 1380/1380/1380
f 1382/1382/1382 1381/1381/1381 1380/1380/1380
f 1378/1378/1378 1383/1383/1383 1377/1377/1377
f 1383/1383/1383 1384/1384/1384 1377/1377/1377
f 1383/1383/1383 1385/1385/1385 1384/1384/1384
f 1385/1385/1385 1386/1386/1386 1384/1384/1384
f 1386/1386/1386 1385/1385/1385 1387/1387/1387
f 1385/1385/1385 1388/1388/1388 1387/1387/1387
f 1387/1387/1387 1388/1388/1388 1389/1389/1389
f 1388/1388/1388 1390/1390/1390 1389/1389/1389
f 1390/1390/1390 1391/1391/1391 1389/1389/1389
f 1391/1391/1391 1392/1392/1392 1389/1389/1389
f 1391/1391/1391 1393/1393/1393 1392/1392/1392
f 1393/1393/1393 1394/1394/1394 1392/1392/1392
f 1394/1394/1394 1393/1393/1393 1395/1395/1395
f 1393/1393/1393 1396/1396/1396 1395/1395/1395
f 1395/1395/1395 1396/1396/1396 1397/1397/1397
f 1396/1396/1396 1398/1398/1398 1397/1397/1397
f 1398/1398/1398 1399/1399/1399 1397/1397/1397
f 1402/1402/1402 1401/1401/1401 1400/1400/1400
f 1403/1403/1403 1402/1402/1402 1400/1400/1400
f 1406/1406/1406 1405/1405/1405 1404/1404/1404
f 1407/1407/1407 1406/1406/1406 1404/1404/1404
f 1410/1410/1410 1409/1409/1409 1408/1408/1408
f 1411/1411/1411 1410/1410/1410 1408/1408/1408
f 1414/1414/1414 1413/1413/1413 1412/1412/1412
f 1415/1415/1415 1414/1414/1414 1412/1412/1412
f 1418/1418/1418 1417/1417/1417 1416/1416/1416
f 1419/1419/1419 1418/1418/1418 1416/1416/1416
f 1422/1422/1422 1421/1421/1421 1420/1420/1420
f 1423/1423/1423 1422/1422/1422 1420/1420/1420
f 1426/1426/1426 1425/1425/1425 1424/1424/1424
f 1427/1427/1427 1426/1426/1426 1424/1424/1424
f 1426/1426/1426 1428/1428/1428 1425/1425/1425
f 1428/1428/1428 1429/1429/1429 1425/1425/1425
f 1430/1430/1430 1427/1427/1427 1424/1424/1424
f 1431/1431/1431 1430/1430/1430 1424/1424/1424
f 1432/1432/1432 1430/1430/1430 1431/1431/1431
f 1433/1433/1433 1432/1432/1432 1431/1431/1431
f 1432/1432/1432 1433/1433/1433 1434/1434/1434
f 1435/1435/1435 1432/1432/1432 1434/1434/1434
f 1435/1435/1435 1434/1434/1434 1436/1436/1436
f 1437/1437/1437 1435/1435/1435 1436/1436/1436
f 1438/1438/1438 1437/1437/1437 1436/1436/1436
f 1439/1439/1439 1438/1438/1438 1436/1436/1436
f 1440/1440/1440 1438/1438/1438 1439/1439/1439
f 1441/1441/1441 1440/1440/1440 1439/1439/1439
f 1440/1440/1440 1441/1441/1441 1442/1442/1442
f 1443/1443/1443 1440/1440/1440 1442/1442/1442
f 1443/1443/1443 1442/1442/1442 1444/1444/1444
f 1445/1445/1445 1443/1443/1443 1444/1444/1444
f 1446/1446/1446 1445/1445/1445 1444/1444/1444
f 1447/1447/1447 1446/1446/1446 1444/1444/1444
f 1448/1448/1448 1446/1446/1446 1447/1447/1447
f 1449/1449/1449 1448/1448/1448 1447/1447/1447
f 1448/1448/1448 1449/1449/1449 1450/1450/1450
f 1451/1451/1451 1448/1448/1448 1450/1450/1450
f 1454/1454/1454 1453/1453/1453 1452/1452/1452
f 1455/1455/1455 1454/1454/1454 1452/1452/1452
f 1458/1458/1458 1457/1457/1457 1456/1456/1456
f 1459/1459/1459 1458/1458/1458 1456/1456/1456
f 1462/1462/1462 1461/1461/1461 1460/1460/1460
f 1463/1463/1463 1462/1462/1462 1460/1460/1460
f 1464/1464/1464 1462/1462/1462 1463/1463/1463
f 1465/1465/1465 1464/1464/1464 1463/1463/1463
f 1461/1461/1461 1466/1466/1466 1460/1460/1460
f 1466/1466/1466 1467/1467/1467 1460/1460/1460
f 1466/1466/1466 1468/1468/1468 1467/1467/1467
f 1468/1468/1468 1469/1469/1469 1467/1467/1467
f 1469/1469/1469 1468/1468/1468 1470/1470/1470
f 1468/1468/1468 1471/1471/1471 1470/1470/1470
f 1470/1470/1470 1471/1471/1471 1472/1472/1472
f 1471/1471/1471 1473/1473/1473 1472/1472/1472
f 1473/1473/1473 1474/1474/1474 1472/1472/1472
f 1474/1474/1474 1475/1475/1475 1472/1472/1472
f 1474/1474/1474 1476/1476/1476 1475/1475/1475
f 1476/1476/1476 1477/1477/1477 1475/1475/1475
f 1477/1477/1477 1476/1476/1476 1478/1478/1478
f 1476/1476/1476 1479/1479/1479 1478/1478/1478
f 1478/1478/1478 1479/1479/1479 1480/1480/1480
f 1479/1479/1479 1481/1481/1481 1480/1480/1480
f 1481/1481/1481 1482/1482/1482 1480/1480/1480
f 1482/1482/1482 1483/1483/1483 1480/1480/1480
f 1482/1482/1482 1484/1484/1484 1483/1483/1483
f 1484/1484/1484 1485/1485/1485 1483/1483/1483
f 1485/1485/1485 1484/1484/1484 1486/1486/1486
f 1484/1484/1484 1487/1487/1487 1486/1486/1486
f 1490/1490/1490 1489/1489/1489 1488/1488/1488
f 1491/1491/1491 1490/1490/1490 1488/1488/1488
f 1494/1494/1494 1493/1493/1493 1492/1492/1492
f 1495/1495/1495 1494/1494/1494 1492/1492/1492
f 1498/1498/1498 1497/1497/1497 1496/1496/1496
f 1499/1499/1499 1498/1498/1498 1496/1496/1496
f 1502/1502/1502 1501/1501/1501 1500/1500/1500
f 1503/1503/1503 1502/1502/1502 1500/1500/1500
f 1506/1506/1506 1505/1505/1505 1504/1504/1504
f 1507/1507/1507 1506/1506/1506 1504/1504/1504
f 1510/1510/1510 1509/1509/1509 1508/1508/1508
f 1511/1511/1511 1510/1510/1510 1508/1508/1508
f 1514/1514/1514 1513/1513/1513 1512/1512/1512
f 1515/1515/1515 1514/1514/1514 1512/1512/1512
f 1518/1518/1518 1517/1517/1517 1516/1516/1516
f 1519/1519/1519 1518/1518/1518 1516/1516/1516
f 1522/1522/1522 1521/1521/1521 1520/1520/1520
f 1523/1523/1523 1522/1522/1522 1520/1520/1520
f 1521/1521/1521 1522/1522/1522 1524/1524/1524
f 1522/1522/1522 1525/1525/1525 1524/1524/1524
f 1524/1524/1524 1525/1525/1525 1526/1526/1526
f 1525/1525/1525 1527/1527/1527 1526/1526/1526
f 1527/1527/1527 1528/1528/1528 1526/1526/1526
f 1528/1528/1528 1529/1529/1529 1526/1526/1526
f 1528/1528/1528 1530/1530/1530 1529/1529/1529
f 1530/1530/1530 1531/1531/1531 1529/1529/1529
f 1531/1531/1531 1530/1530/1530 1532/1532/1532
f 1530/1530/1530 1533/1533/1533 1532/1532/1532
f 1536/1536/1536 1535/1535/1535 1534/1534/1534
f 1539/1539/1539 1538/1538/1538 1537/1537/1537
f 1542/1542/1542 1541/1541/1541 1540/1540/1540
f 1543/1543/1543 1542/1542/1542 1540/1540/1540
f 1546/1546/1546 1545/1545/1545 1544/1544/1544
f 1547/1547/1547 1546/1546/1546 1544/1544/1544
f 1546/1546/1546 1547/1547/1547 1548/1548/1548
f 1551/1551/1551 1550/1550/1550 1549/1549/1549
f 1552/1552/1552 1551/1551/1551 1549/1549/1549
f 1551/1551/1551 1552/1552/1552 1553/1553/1553
f 1554/1554/1554 1551/1551/1551 1553/1553/1553
f 1554/1554/1554 1553/1553/1553 1555/1555/1555
f 1556/1556/1556 1554/1554/1554 1555/1555/1555
f 1557/1557/1557 1556/1556/1556 1555/1555/1555
f 1558/1558/1558 1557/1557/1557 1555/1555/1555
f 1559/1559/1559 1557/1557/1557 1558/1558/1558
f 1562/1562/1562 1561/1561/1561 1560/1560/1560
f 1563/1563/1563 1562/1562/1562 1560/1560/1560
f 1566/1566/1566 1565/1565/1565 1564/1564/1564
f 1567/1567/1567 1566/1566/1566 1564/1564/1564
f 1570/1570/1570 1569/1569/1569 1568/1568/1568
f 1571/1571/1571 1570/1570/1570 1568/1568/1568
f 1574/1574/1574 1573/1573/1573 1572/1572/1572
f 1575/1575/1575 1574/1574/1574 1572/1572/1572
f 1578/1578/1578 1577/1577/1577 1576/1576/1576
f 1579/1579/1579 1578/1578/1578 1576/1576/1576
f 1582/1582/1582 1581/1581/1581 1580/1580/1580
f 1585/1585/1585 1584/1584/1584 1583/1583/1583
f 1588/1588/1588 1587/1587/1587 1586/1586/1586
f 1589/1589/1589 1588/1588/1588 1586/1586/1586
f 1592/1592/1592 1591/1591/1591 1590/1590/1590
f 1595/1595/1595 1594/1594/1594 1593/1593/1593
f 1598/1598/1598 1597/1597/1597 1596/1596/1596
f 1599/1599/1599 1598/1598/1598 1596/1596/1596
f 1602/1602/1602 1601/1601/1601 1600/1600/1600
f 1603/1603/1603 1602/1602/1602 1600/1600/1600
f 1606/1606/1606 1605/1605/1605 1604/1604/1604
f 1607/1607/1607 1606/1606/1606 1604/1604/1604
f 1605/1605/1605 1606/1606/1606 1608/1608/1608
f 1606/1606/1606 1609/1609/1609 1608/1608/1608
f 1608/1608/1608 1609/1609/1609 1610/1610/1610
f 1609/1609/1609 1611/1611/1611 1610/1610/1610
f 1611/1611/1611 1612/1612/1612 1610/1610/1610
f 1612/1612/1612 1613/1613/1613 1610/1610/1610
f 1612/1612/1612 1614/1614/1614 1613/1613/1613
f 1614/1614/1614 1615/1615/1615 1613/1613/1613
f 1615/1615/1615 1614/1614/1614 1616/1616/1616
f 1614/1614/1614 1617/1617/1617 1616/1616/1616
f 1620/1620/1620 1619/1619/1619 1618/1618/1618
f 1621/1621/1621 1620/1620/1620 1618/1618/1618
f 1624/1624/1624 1623/1623/1623 1622/1622/1622
f 1625/1625/1625 1624/1624/1624 1622/1622/1622
f 1628/1628/1628 1627/1627/1627 1626/1626/1626
f 1629/1629/1629 1628/1628/1628 1626/1626/1626
f 1628/1628/1628 1629/1629/1629 1630/1630/1630
f 1631/1631/1631 1628/1628/1628 1630/1630/1630
f 1631/1631/1631 1630/1630/1630 1632/1632/1632
f 1633/1633/1633 1631/1631/1631 1632/1632/1632
f 1634/1634/1634 1633/1633/1633 1632/1632/1632
f 1635/1635/1635 1634/1634/1634 1632/1632/1632
f 1636/1636/1636 1634/1634/1634 1635/1635/1635
f 1637/1637/1637 1636/1636/1636 1635/1635/1635
f 1636/1636/1636 1637/1637/1637 1638/1638/1638
f 1639/1639/1639 1636/1636/1636 1638/1638/1638
f 1642/1642/1642 1641/1641/1641 1640/1640/1640
f 1643/1643/1643 1642/1642/1642 1640/1640/1640
f 1646/1646/1646 1645/1645/1645 1644/1644/1644
f 1647/1647/1647 1646/1646/1646 1644/1644/1644
f 1650/1650/1650 1649/1649/1649 1648/1648/1648
f 1651/1651/1651 1650/1650/1650 1648/1648/1648
f 1654/1654/1654 1653/1653/1653 1652/1652/1652
f 1655/1655/1655 1654/1654/1654 1652/1652/1652
f 1658/1658/1658 1657/1657/1657 1656/1656/1656
f 1659/1659/1659 1658/1658/1658 1656/1656/1656
f 1662/1662/1662 1661/1661/1661 1660/1660/1660
f 1663/1663/1663 1662/1662/1662 1660/1660/1660
f 1666/1666/1666 1665/1665/1665 1664/1664/1664
f 1667/1667/1667 1666/1666/1666 1664/1664/1664
f 1670/1670/1670 1669/1669/1669 1668/1668/1668
f 1671/1671/1671 1670/1670/1670 1668/1668/1668
f 1674/1674/1674 1673/1673/1673 1672/1672/1672
f 1675/1675/1675 1674/1674/1674 1672/1672/1672
f 1678/1678/1678 1677/1677/1677 1676/1676/1676
f 1679/1679/1679 1678/1678/1678 1676/1676/1676
f 1677/1677/1677 1678/1678/1678 1680/1680/1680
f 1678/1678/1678 1681/1681/1681 1680/1680/1680
f 1680/1680/1680 1681/1681/1681 1682/1682/1682
f 1681/1681/1681 1683/1683/1683 1682/1682/1682
f 1683/1683/1683 1684/1684/1684 1682/1682/1682
f 1684/1684/1684 1685/1685/1685 1682/1682/1682
f 1684/1684/1684 1686/1686/1686 1685/1685/1685
f 1686/1686/1686 1687/1687/1687 1685/1685/1685
f 1690/1690/1690 1689/1689/1689 1688/1688/1688
f 1691/1691/1691 1690/1690/1690 1688/1688/1688
f 1694/1694/1694 1693/1693/1693 1692/1692/1692
f 1695/1695/1695 1694/1694/1694 1692/1692/1692
f 1693/1693/1693 1694/1694/1694 1696/1696/1696
f 1694/1694/1694 1697/1697/1697 1696/1696/1696
f 1696/1696/1696 1697/1697/1697 1698/1698/1698
f 1697/1697/1697 1699/1699/1699 1698/1698/1698
f 1699/1699/1699 1700/1700/1700 1698/1698/1698
f 1700/1700/1700 1701/1701/1701 1698/1698/1698
f 1700/1700/1700 1702/1702/1702 1701/1701/1701
f 1702/1702/1702 1703/1703/1703 1701/1701/1701
f 1703/1703/1703 1702/1702/1702 1704/1704/1704
f 1702/1702/1702 1705/1705/1705 1704/1704/1704
f 1708/1708/1708 1707/1707/1707 1706/1706/1706
f 1709/1709/1709 1708/1708/1708 1706/1706/1706
f 1712/1712/1712 1711/1711/1711 1710/1710/1710
f 1713/1713/1713 1712/1712/1712 1710/1710/1710
f 1716/1716/1716 1715/1715/1715 1714/1714/1714
f 1717/1717/1717 1716/1716/1716 1714/1714/1714
f 1716/1716/1716 1717/1717/1717 1718/1718/1718
f 1719/1719/1719 1716/1716/1716 1718/1718/1718
f 1719/1719/1719 1718/1718/1718 1720/1720/1720
f 1721/1721/1721 1719/1719/1719 1720/1720/1720
f 1722/1722/1722 1721/1721/1721 1720/1720/1720
f 1723/1723/1723 1722/1722/1722 1720/1720/1720
f 1724/1724/1724 1722/1722/1722 1723/1723/1723
f 1725/1725/1725 1724/1724/1724 1723/1723/1723
f 1728/1728/1728 1727/1727/1727 1726/1726/1726
f 1729/1729/1729 1728/1728/1728 1726/1726/1726
f 1728/1728/1728 1729/1729/1729 1730/1730/1730
f 1731/1731/1731 1728/1728/1728 1730/1730/1730
f 1731/1731/1731 1730/1730/1730 1732/1732/1732
f 1733/1733/1733 1731/1731/1731 1732/1732/1732
f 1734/1734/1734 1733/1733/1733 1732/1732/1732
f 1735/1735/1735 1734/1734/1734 1732/1732/1732
f 1736/1736/1736 1734/1734/1734 1735/1735/1735
f 1737/1737/1737 1736/1736/1736 1735/1735/1735
f 1736/1736/1736 1737/1737/1737 1738/1738/1738
f 1739/1739/1739 1736/1736/1736 1738/1738/1738
f 1742/1742/1742 1741/1741/1741 1740/1740/1740
f 1743/1743/1743 1742/1742/1742 1740/1740/1740
f 1746/1746/1746 1745/1745/1745 1744/1744/1744
f 1747/1747/1747 1746/1746/1746 1744/1744/1744
f 1750/1750/1750 1749/1749/1749 1748/1748/1748
f 1751/1751/1751 1750/1750/1750 1748/1748/1748
f 1754/1754/1754 1753/1753/1753 1752/1752/1752
f 1755/1755/1755 1754/1754/1754 1752/1752/1752
f 1758/1758/1758 1757/1757/1757 1756/1756/1756
f 1759/1759/1759 1758/1758/1758 1756/1756/1756
f 1762/1762/1762 1761/1761/1761 1760/1760/1760
f 1763/1763/1763 1762/1762/1762 1760/1760/1760
f 1766/1766/1766 1765/1765/1765 1764/1764/1764
f 1767/1767/1767 1766/1766/1766 1764/1764/1764
f 1770/1770/1770 1769/1769/1769 1768/1768/1768
f 1771/1771/1771 1770/1770/1770 1768/1768/1768
f 1774/1774/1774 1773/1773/1773 1772/1772/1772
f 1775/1775/1775 1774/1774/1774 1772/1772/1772
f 1778/1778/1778 1777/1777/1777 1776/1776/1776
f 1779/1779/1779 1778/1778/1778 1776/1776/1776
f 1782/1782/1782 1781/1781/1781 1780/1780/1780
f 1783/1783/1783 1782/1782/1782 1780/1780/1780
f 1786/1786/1786 1785/1785/1785 1784/1784/1784
f 1787/1787/1787 1786/1786/1786 1784/1784/1784
f 1790/1790/1790 1789/1789/1789 1788/1788/1788
f 1791/1791/1791 1790/1790/1790 1788/1788/1788
f 1794/1794/1794 1793/1793/1793 1792/1792/1792
f 1795/1795/1795 1794/1794/1794 1792/1792/1792
f 1798/1798/1798 1797/1797/1797 1796/1796/1796
f 1799/1799/1799 1798/1798/1798 1796/1796/1796
f 1802/1802/1802 1801/1801/1801 1800/1800/1800
f 1803/1803/1803 1802/1802/1802 1800/1800/1800
f 1806/1806/1806 1805/1805/1805 1804/1804/1804
f 1807/1807/1807 1806/1806/1806 1804/1804/1804
f 1810/1810/1810 1809/1809/1809 1808/1808/1808
f 1811/1811/1811 1810/1810/1810 1808/1808/1808
f 1814/1814/1814 1813/1813/1813 1812/1812/1812
f 1815/1815/1815 1814/1814/1814 1812/1812/1812
f 1818/1818/1818 1817/1817/1817 1816/1816/1816
f 1819/1819/1819 1818/1818/1818 1816/1816/1816
f 1822/1822/1822 1821/1821/1821 1820/1820/1820
f 1823/1823/1823 1822/1822/1822 1820/1820/1820
f 1826/1826/1826 1825/1825/1825 1824/1824/1824
f 1827/1827/1827 1826/1826/1826 1824/1824/1824
f 1830/1830/1830 1829/1829/1829 1828/1828/1828
f 1831/1831/1831 1830/1830/1830 1828/1828/1828
f 1834/1834/1834 1833/1833/1833 1832/1832/1832
f 1835/1835/1835 1834/1834/1834 1832/1832/1832
f 1838/1838/1838 1837/1837/1837 1836/1836/1836
f 1839/1839/1839 1838/1838/1838 1836/1836/1836
f 1842/1842/1842 1841/1841/1841 1840/1840/1840
f 1843/1843/1843 1842/1842/1842 1840/1840/1840
f 1846/1846/1846 1845/1845/1845 1844/1844/1844
f 1847/1847/1847 1846/1846/1846 1844/1844/1844
f 1850/1850/1850 1849/1849/1849 1848/1848/1848
f 1851/1851/1851 1850/1850/1850 1848/1848/1848
f 1854/1854/1854 1853/1853/1853 1852/1852/1852
f 1855/1855/1855 1854/1854/1854 1852/1852/1852
f 1858/1858/1858 1857/1857/1857 1856/1856/1856
f 1859/1859/1859 1858/1858/1858 1856/1856/1856
f 1862/1862/1862 1861/1861/1861 1860/1860/1860
f 1863/1863/1863 1862/1862/1862 1860/1860/1860
f 1866/1866/1866 1865/1865/1865 1864/1864/1864
f 1867/1867/1867 1866/1866/1866 1864/1864/1864
f 1870/1870/1870 1869/1869/1869 1868/1868/1868
f 1871/1871/1871 1870/1870/1870 1868/1868/1868
f 1874/1874/1874 1873/1873/1873 1872/1872/1872
f 1875/1875/1875 1874/1874/1874 1872/1872/1872
f 1878/1878/1878 1877/1877/1877 1876/1876/1876
f 1879/1879/1879 1878/1878/1878 1876/1876/1876
f 1882/1882/1882 1881/1881/1881 1880/1880/1880
f 1883/1883/1883 1882/1882/1882 1880/1880/1880
f 1886/1886/1886 1885/1885/1885 1884/1884/1884
f 1887/1887/1887 1886/1886/1886 1884/1884/1884
f 1890/1890/1890 1889/1889/1889 1888/1888/1888
f 1891/1891/1891 1890/1890/1890 1888/1888/1888
f 1894/1894/1894 1893/1893/1893 1892/1892/1892
f 1895/1895/1895 1894/1894/1894 1892/1892/1892
f 1894/1894/1894 1895/1895/1895 1896/1896/1896
f 1897/1897/1897 1894/1894/1894 1896/1896/1896
f 1900/1900/1900 1899/1899/1899 1898/1898/1898
f 1901/1901/1901 1900/1900/1900 1898/1898/1898
f 1904/1904/1904 1903/1903/1903 1902/1902/1902
f 1905/1905/1905 1904/1904/1904 1902/1902/1902
f 1908/1908/1908 1907/1907/1907 1906/1906/1906
f 1909/1909/1909 1908/1908/1908 1906/1906/1906
f 1912/1912/1912 1911/1911/1911 1910/1910/1910
f 1913/1913/1913 1912/1912/1912 1910/1910/1910
f 1916/1916/1916 1915/1915/1915 1914/1914/1914
f 1917/1917/1917 1916/1916/1916 1914/1914/1914
f 1920/1920/1920 1919/1919/1919 1918/1918/1918
f 1921/1921/1921 1920/1920/1920 1918/1918/1918
f 1924/1924/1924 1923/1923/1923 1922/1922/1922
f 1925/1925/1925 1924/1924/1924 1922/1922/1922
f 1928/1928/1928 1927/1927/1927 1926/1926/1926
f 1929/1929/1929 1928/1928/1928 1926/1926/1926
f 1932/1932/1932 1931/1931/1931 1930/1930/1930
f 1933/1933/1933 1932/1932/1932 1930/1930/1930
f 1936/1936/1936 1935/1935/1935 1934/1934/1934
f 1937/1937/1937 1936/1936/1936 1934/1934/1934
f 1940/1940/1940 1939/1939/1939 1938/1938/1938
f 1941/1941/1941 1940/1940/1940 1938/1938/1938
f 1944/1944/1944 1943/1943/1943 1942/1942/1942
f 1945/1945/1945 1944/1944/1944 1942/1942/1942
f 1948/1948/1948 1947/1947/1947 1946/1946/1946
f 1949/1949/1949 1948/1948/1948 1946/1946/1946
f 1952/1952/1952 1951/1951/1951 1950/1950/1950
f 1953/1953/1953 1952/1952/1952 1950/1950/1950
f 1956/1956/1956 1955/1955/1955 1954/1954/1954
f 1957/1957/1957 1956/1956/1956 1954/1954/1954
f 1960/1960/1960 1959/1959/1959 1958/1958/1958
f 1961/1961/1961 1960/1960/1960 1958/1958/1958
f 1964/1964/1964 1963/1963/1963 1962/1962/1962
f 1965/1965/1965 1964/1964/1964 1962/1962/1962
f 1968/1968/1968 1967/1967/1967 1966/1966/1966
f 1969/1969/1969 1968/1968/1968 1966/1966/1966
f 1972/1972/1972 1971/1971/1971 1970/1970/1970
f 1973/1973/1973 1972/1972/1972 1970/1970/1970
f 1976/1976/1976 1975/1975/1975 1974/1974/1974
f 1977/1977/1977 1976/1976/1976 1974/1974/1974
f 1980/1980/1980 1979/1979/1979 1978/1978/1978
f 1981/1981/1981 1980/1980/1980 1978/1978/1978
f 1984/1984/1984 1983/1983/1983 1982/1982/1982
f 1985/1985/1985 1984/1984/1984 1982/1982/1982
f 1988/1988/1988 1987/1987/1987 1986/1986/1986
f 1989/1989/1989 1988/1988/1988 1986/1986/1986
f 1992/1992/1992 1991/1991/1991 1990/1990/1990
f 1993/1993/1993 1992/1992/1992 1990/1990/1990
f 1996/1996/1996 1995/1995/1995 1994/1994/1994
f 1997/1997/1997 1996/1996/1996 1994/1994/1994
f 2000/2000/2000 1999/1999/1999 1998/1998/1998
f 2001/2001/2001 2000/2000/2000 1998/1998/1998
f 2004/2004/2004 2003/2003/2003 2002/2002/2002
f 2005/2005/2005 2004/2004/2004 2002/2002/2002
f 2008/2008/2008 2007/2007/2007 2006/2006/2006
f 2009/2009/2009 2008/2008/2008 2006/2006/2006
f 2012/2012/2012 2011/2011/2011 2010/2010/2010
f 2013/2013/2013 2012/2012/2012 2010/2010/2010
f 2016/2016/2016 2015/2015/2015 2014/2014/2014
f 2017/2017/2017 2016/2016/2016 2014/2014/2014
f 2020/2020/2020 2019/2019/2019 2018/2018/2018
f 2021/2021/2021 2020/2020/2020 2018/2018/2018
f 2024/2024/2024 2023/2023/2023 2022/2022/2022
f 2025/2025/2025 2024/2024/2024 2022/2022/2022
f 2028/2028/2028 2027/2027/2027 2026/2026/2026
f 2029/2029/2029 2028/2028/2028 2026/2026/2026
f 2032/2032/2032 2031/2031/2031 2030/2030/2030
f 2033/2033/2033 2032/2032/2032 2030/2030/2030
f 2036/2036/2036 2035/2035/2035 2034/2034/2034
f 2035/2035/2035 2036/2036/2036 2037/2037/2037
f 2038/2038/2038 2035/2035/2035 2037/2037/2037
f 2041/2041/2041 2040/2040/2040 2039/2039/2039
f 2041/2041/2041 2042/2042/2042 2040/2040/2040
f 2045/2045/2045 2044/2044/2044 2043/2043/2043
f 2046/2046/2046 2045/2045/2045 2043/2043/2043
f 2047/2047/2047 2045/2045/2045 2046/2046/2046
f 2044/2044/2044 2048/2048/2048 2043/2043/2043
f 2048/2048/2048 2049/2049/2049 2043/2043/2043
f 2048/2048/2048 2050/2050/2050 2049/2049/2049
f 2050/2050/2050 2051/2051/2051 2049/2049/2049
f 2053/2053/2053 2047/2047/2047 2052/2052/2052
f 2056/2056/2056 2055/2055/2055 2054/2054/2054
f 2055/2055/2055 2056/2056/2056 2057/2057/2057
f 2060/2060/2060 2059/2059/2059 2058/2058/2058
f 2061/2061/2061 2060/2060/2060 2058/2058/2058
f 2064/2064/2064 2063/2063/2063 2062/2062/2062
f 2065/2065/2065 2064/2064/2064 2062/2062/2062
f 2068/2068/2068 2067/2067/2067 2066/2066/2066
f 2069/2069/2069 2068/2068/2068 2066/2066/2066
f 2072/2072/2072 2071/2071/2071 2070/2070/2070
f 2073/2073/2073 2072/2072/2072 2070/2070/2070
f 2076/2076/2076 2075/2075/2075 2074/2074/2074
f 2077/2077/2077 2076/2076/2076 2074/2074/2074
f 2080/2080/2080 2079/2079/2079 2078/2078/2078
f 2081/2081/2081 2080/2080/2080 2078/2078/2078
f 2084/2084/2084 2083/2083/2083 2082/2082/2082
f 2085/2085/2085 2084/2084/2084 2082/2082/2082
f 2088/2088/2088 2087/2087/2087 2086/2086/2086
f 2089/2089/2089 2088/2088/2088 2086/2086/2086
f 2092/2092/2092 2091/2091/2091 2090/2090/2090
f 2093/2093/2093 2092/2092/2092 2090/2090/2090
f 2096/2096/2096 2095/2095/2095 2094/2094/2094
f 2097/2097/2097 2096/2096/2096 2094/2094/2094
f 2100/2100/2100 2099/2099/2099 2098/2098/2098
f 2101/2101/2101 2100/2100/2100 2098/2098/2098
f 2104/2104/2104 2103/2103/2103 2102/2102/2102
f 2105/2105/2105 2104/2104/2104 2102/2102/2102
f 2108/2108/2108 2107/2107/2107 2106/2106/2106
f 2109/2109/2109 2108/2108/2108 2106/2106/2106
f 2112/2112/2112 2111/2111/2111 2110/2110/2110
f 2113/2113/2113 2112/2112/2112 2110/2110/2110
f 2116/2116/2116 2115/2115/2115 2114/2114/2114
f 2117/2117/2117 2116/2116/2116 2114/2114/2114
f 2120/2120/2120 2119/2119/2119 2118/2118/2118
f 2121/2121/2121 2120/2120/2120 2118/2118/2118
f 2124/2124/2124 2123/2123/2123 2122/2122/2122
f 2125/2125/2125 2124/2124/2124 2122/2122/2122
f 2128/2128/2128 2127/2127/2127 2126/2126/2126
f 2129/2129/2129 2128/2128/2128 2126/2126/2126
f 2132/2132/2132 2131/2131/2131 2130/2130/2130
f 2133/2133/2133 2132/2132/2132 2130/2130/2130
f 2136/2136/2136 2135/2135/2135 2134/2134/2134
f 2137/2137/2137 2136/2136/2136 2134/2134/2134
f 2140/2140/2140 2139/2139/2139 2138/2138/2138
f 2141/2141/2141 2140/2140/2140 2138/2138/2138
f 2144/2144/2144 2143/2143/2143 2142/2142/2142
f 2145/2145/2145 2144/2144/2144 2142/2142/2142
f 2148/2148/2148 2147/2147/2147 2146/2146/2146
f 2149/2149/2149 2148/2148/2148 2146/2146/2146
f 2152/2152/2152 2151/2151/2151 2150/2150/2150
f 2153/2153/2153 2152/2152/2152 2150/2150/2150
f 2156/2156/2156 2155/2155/2155 2154/2154/2154
f 2157/2157/2157 2156/2156/2156 2154/2154/2154
f 2160/2160/2160 2159/2159/2159 2158/2158/2158
f 2161/2161/2161 2160/2160/2160 2158/2158/2158
f 2164/2164/2164 2163/2163/2163 2162/2162/2162
f 2165/2165/2165 2164/2164/2164 2162/2162/2162
f 2168/2168/2168 2167/2167/2167 2166/2166/2166
f 2171/2171/2171 2170/2170/2170 2169/2169/2169
f 2174/2174/2174 2173/2173/2173 2172/2172/2172
f 2175/2175/2175 2174/2174/2174 2172/2172/2172
f 2178/2178/2178 2177/2177/2177 2176/2176/2176
f 2179/2179/2179 2178/2178/2178 2176/2176/2176
f 2182/2182/2182 2181/2181/2181 2180/2180/2180
f 2183/2183/2183 2182/2182/2182 2180/2180/2180
f 2186/2186/2186 2185/2185/2185 2184/2184/2184
f 2187/2187/2187 2186/2186/2186 2184/2184/2184
f 2190/2190/2190 2189/2189/2189 2188/2188/2188
f 2191/2191/2191 2190/2190/2190 2188/2188/2188
f 2194/2194/2194 2193/2193/2193 2192/2192/2192
f 2195/2195/2195 2194/2194/2194 2192/2192/2192
f 2198/2198/2198 2197/2197/2197 2196/2196/2196
f 2199/2199/2199 2198/2198/2198 2196/2196/2196
f 2202/2202/2202 2201/2201/2201 2200/2200/2200
f 2203/2203/2203 2202/2202/2202 2200/2200/2200
f 2206/2206/2206 2205/2205/2205 2204/2204/2204
f 2207/2207/2207 2206/2206/2206 2204/2204/2204
f 2210/2210/2210 2209/2209/2209 2208/2208/2208
f 2211/2211/2211 2210/2210/2210 2208/2208/2208
f 2214/2214/2214 2213/2213/2213 2212/2212/2212
f 2215/2215/2215 2214/2214/2214 2212/2212/2212
g Cube.004_1
f 2218/2218/2218 2217/2217/2217 2216/2216/2216
f 2219/2219/2219 2218/2218/2218 2216/2216/2216
f 2218/2218/2218 2220/2220/2220 2217/2217/2217
f 2220/2220/2220 2221/2221/2221 2217/2217/2217
f 2221/2221/2221 2220/2220/2220 2222/2222/2222
f 2220/2220/2220 2223/2223/2223 2222/2222/2222
f 2222/2222/2222 2223/2223/2223 2224/2224/2224
f 2223/2223/2223 2225/2225/2225 2224/2224/2224
f 2225/2225/2225 2226/2226/2226 2224/2224/2224
f 2226/2226/2226 2227/2227/2227 2224/2224/2224
f 2226/2226/2226 2228/2228/2228 2227/2227/2227
f 2228/2228/2228 2229/2229/2229 2227/2227/2227
f 2232/2232/2232 2231/2231/2231 2230/2230/2230
f 2233/2233/2233 2232/2232/2232 2230/2230/2230
f 2232/2232/2232 2234/2234/2234 2231/2231/2231
f 2234/2234/2234 2235/2235/2235 2231/2231/2231
f 2235/2235/2235 2234/2234/2234 2236/2236/2236
f 2234/2234/2234 2237/2237/2237 2236/2236/2236
f 2236/2236/2236 2237/2237/2237 2238/2238/2238
f 2237/2237/2237 2239/2239/2239 2238/2238/2238
f 2239/2239/2239 2240/2240/2240 2238/2238/2238
f 2240/2240/2240 2241/2241/2241 2238/2238/2238
f 2240/2240/2240 2242/2242/2242 2241/2241/2241
f 2242/2242/2242 2243/2243/2243 2241/2241/2241
f 2246/2246/2246 2245/2245/2245 2244/2244/2244
f 2247/2247/2247 2246/2246/2246 2244/2244/2244
f 2248/2248/2248 2246/2246/2246 2247/2247/2247
f 2249/2249/2249 2248/2248/2248 2247/2247/2247
f 2248/2248/2248 2249/2249/2249 2250/2250/2250
f 2251/2251/2251 2248/2248/2248 2250/2250/2250
f 2251/2251/2251 2250/2250/2250 2252/2252/2252
f 2253/2253/2253 2251/2251/2251 2252/2252/2252
f 2254/2254/2254 2253/2253/2253 2252/2252/2252
f 2255/2255/2255 2254/2254/2254 2252/2252/2252
f 2256/2256/2256 2254/2254/2254 2255/2255/2255
f 2257/2257/2257 2256/2256/2256 2255/2255/2255
f 2260/2260/2260 2259/2259/2259 2258/2258/2258
f 2261/2261/2261 2260/2260/2260 2258/2258/2258
f 2262/2262/2262 2260/2260/2260 2261/2261/2261
f 2263/2263/2263 2262/2262/2262 2261/2261/2261
f 2262/2262/2262 2263/2263/2263 2264/2264/2264
f 2265/2265/2265 2262/2262/2262 2264/2264/2264
f 2265/2265/2265 2264/2264/2264 2266/2266/2266
f 2267/2267/2267 2265/2265/2265 2266/2266/2266
f 2268/2268/2268 2267/2267/2267 2266/2266/2266
f 2269/2269/2269 2268/2268/2268 2266/2266/2266
f 2270/2270/2270 2268/2268/2268 2269/2269/2269
f 2271/2271/2271 2270/2270/2270 2269/2269/2269
f 2274/2274/2274 2273/2273/2273 2272/2272/2272
f 2275/2275/2275 2274/2274/2274 2272/2272/2272
f 2278/2278/2278 2277/2277/2277 2276/2276/2276
f 2279/2279/2279 2278/2278/2278 2276/2276/2276
f 2282/2282/2282 2281/2281/2281 2280/2280/2280
f 2283/2283/2283 2282/2282/2282 2280/2280/2280
f 2286/2286/2286 2285/2285/2285 2284/2284/2284
f 2287/2287/2287 2286/2286/2286 2284/2284/2284
f 2290/2290/2290 2289/2289/2289 2288/2288/2288
f 2291/2291/2291 2290/2290/2290 2288/2288/2288
f 2294/2294/2294 2293/2293/2293 2292/2292/2292
f 2295/2295/2295 2294/2294/2294 2292/2292/2292
f 2298/2298/2298 2297/2297/2297 2296/2296/2296
f 2299/2299/2299 2298/2298/2298 2296/2296/2296
f 2302/2302/2302 2301/2301/2301 2300/2300/2300
f 2303/2303/2303 2302/2302/2302 2300/2300/2300
f 2306/2306/2306 2305/2305/2305 2304/2304/2304
f 2307/2307/2307 2306/2306/2306 2304/2304/2304
f 2310/2310/2310 2309/2309/2309 2308/2308/2308
f 2311/2311/2311 2310/2310/2310 2308/2308/2308
f 2314/2314/2314 2313/2313/2313 2312/2312/2312
f 2315/2315/2315 2314/2314/2314 2312/2312/2312
f 2318/2318/2318 2317/2317/2317 2316/2316/2316
f 2319/2319/2319 2318/2318/2318 2316/2316/2316
f 2322/2322/2322 2321/2321/2321 2320/2320/2320
f 2323/2323/2323 2322/2322/2322 2320/2320/2320
f 2326/2326/2326 2325/2325/2325 2324/2324/2324
f 2327/2327/2327 2326/2326/2326 2324/2324/2324
f 2330/2330/2330 2329/2329/2329 2328/2328/2328
f 2331/2331/2331 2330/2330/2330 2328/2328/2328
f 2334/2334/2334 2333/2333/2333 2332/2332/2332
f 2335/2335/2335 2334/2334/2334 2332/2332/2332
f 2338/2338/2338 2337/2337/2337 2336/2336/2336
f 2339/2339/2339 2338/2338/2338 2336/2336/2336
f 2342/2342/2342 2341/2341/2341 2340/2340/2340
f 2343/2343/2343 2342/2342/2342 2340/2340/2340
f 2346/2346/2346 2345/2345/2345 2344/2344/2344
f 2347/2347/2347 2346/2346/2346 2344/2344/2344
f 2350/2350/2350 2349/2349/2349 2348/2348/2348
f 2351/2351/2351 2350/2350/2350 2348/2348/2348
f 2354/2354/2354 2353/2353/2353 2352/2352/2352
f 2355/2355/2355 2354/2354/2354 2352/2352/2352
f 2358/2358/2358 2357/2357/2357 2356/2356/2356
f 2359/2359/2359 2358/2358/2358 2356/2356/2356
f 2362/2362/2362 2361/2361/2361 2360/2360/2360
f 2363/2363/2363 2362/2362/2362 2360/2360/2360
f 2366/2366/2366 2365/2365/2365 2364/2364/2364
f 2367/2367/2367 2366/2366/2366 2364/2364/2364
f 2370/2370/2370 2369/2369/2369 2368/2368/2368
f 2371/2371/2371 2370/2370/2370 2368/2368/2368
f 2374/2374/2374 2373/2373/2373 2372/2372/2372
f 2375/2375/2375 2374/2374/2374 2372/2372/2372
f 2373/2373/2373 2374/2374/2374 2376/2376/2376
f 2374/2374/2374 2377/2377/2377 2376/2376/2376
f 2376/2376/2376 2377/2377/2377 2378/2378/2378
f 2377/2377/2377 2379/2379/2379 2378/2378/2378
f 2379/2379/2379 2380/2380/2380 2378/2378/2378
f 2380/2380/2380 2381/2381/2381 2378/2378/2378
f 2380/2380/2380 1207/1207/1207 2381/2381/2381
f 1207/1207/1207 1208/1208/1208 2381/2381/2381
f 2384/2384/2384 2383/2383/2383 2382/2382/2382
f 2385/2385/2385 2384/2384/2384 2382/2382/2382
f 2388/2388/2388 2387/2387/2387 2386/2386/2386
f 2389/2389/2389 2388/2388/2388 2386/2386/2386
f 2392/2392/2392 2391/2391/2391 2390/2390/2390
f 2393/2393/2393 2392/2392/2392 2390/2390/2390
f 2396/2396/2396 2395/2395/2395 2394/2394/2394
f 2399/2399/2399 2398/2398/2398 2397/2397/2397
f 2402/2402/2402 2401/2401/2401 2400/2400/2400
f 2403/2403/2403 2402/2402/2402 2400/2400/2400
f 2402/2402/2402 2403/2403/2403 2404/2404/2404
f 2405/2405/2405 2402/2402/2402 2404/2404/2404
f 2405/2405/2405 2404/2404/2404 2406/2406/2406
f 2408/2408/2408 2407/2407/2407 2406/2406/2406
f 2409/2409/2409 2408/2408/2408 2406/2406/2406
f 1243/1243/1243 2408/2408/2408 2409/2409/2409
f 1244/1244/1244 1243/1243/1243 2409/2409/2409
f 2412/2412/2412 2411/2411/2411 2410/2410/2410
f 2413/2413/2413 2412/2412/2412 2410/2410/2410
f 2412/2412/2412 2413/2413/2413 2414/2414/2414
f 2417/2417/2417 2416/2416/2416 2415/2415/2415
f 2418/2418/2418 2417/2417/2417 2415/2415/2415
f 2421/2421/2421 2420/2420/2420 2419/2419/2419
f 2422/2422/2422 2421/2421/2421 2419/2419/2419
f 2425/2425/2425 2424/2424/2424 2423/2423/2423
f 2426/2426/2426 2425/2425/2425 2423/2423/2423
f 2429/2429/2429 2428/2428/2428 2427/2427/2427
f 2430/2430/2430 2429/2429/2429 2427/2427/2427
f 2433/2433/2433 2432/2432/2432 2431/2431/2431
f 2434/2434/2434 2433/2433/2433 2431/2431/2431
f 2437/2437/2437 2436/2436/2436 2435/2435/2435
f 2438/2438/2438 2437/2437/2437 2435/2435/2435
f 2441/2441/2441 2440/2440/2440 2439/2439/2439
f 2442/2442/2442 2441/2441/2441 2439/2439/2439
f 2445/2445/2445 2444/2444/2444 2443/2443/2443
f 2446/2446/2446 2445/2445/2445 2443/2443/2443
f 2449/2449/2449 2448/2448/2448 2447/2447/2447
f 2450/2450/2450 2449/2449/2449 2447/2447/2447
f 2449/2449/2449 2451/2451/2451 2448/2448/2448
f 2451/2451/2451 2452/2452/2452 2448/2448/2448
f 2452/2452/2452 2451/2451/2451 2453/2453/2453
f 2451/2451/2451 2454/2454/2454 2453/2453/2453
f 2453/2453/2453 2454/2454/2454 2455/2455/2455
f 2454/2454/2454 2456/2456/2456 2455/2455/2455
f 2456/2456/2456 2457/2457/2457 2455/2455/2455
f 2457/2457/2457 2458/2458/2458 2455/2455/2455
f 2457/2457/2457 1588/1588/1588 2458/2458/2458
f 1588/1588/1588 1589/1589/1589 2458/2458/2458
f 2461/2461/2461 2460/2460/2460 2459/2459/2459
f 2462/2462/2462 2461/2461/2461 2459/2459/2459
f 2464/2464/2464 2463/2463/2463 2460/2460/2460
f 2463/2463/2463 2464/2464/2464 2465/2465/2465
f 2464/2464/2464 2466/2466/2466 2465/2465/2465
f 2465/2465/2465 2466/2466/2466 2467/2467/2467
f 2466/2466/2466 2468/2468/2468 2467/2467/2467
f 2468/2468/2468 2469/2469/2469 2467/2467/2467
f 2469/2469/2469 2470/2470/2470 2467/2467/2467
f 2469/2469/2469 1594/1594/1594 2470/2470/2470
f 1594/1594/1594 1595/1595/1595 2470/2470/2470
f 2473/2473/2473 2472/2472/2472 2471/2471/2471
f 2476/2476/2476 2475/2475/2475 2474/2474/2474
f 2479/2479/2479 2478/2478/2478 2477/2477/2477
f 2480/2480/2480 2478/2478/2478 2479/2479/2479
f 2481/2481/2481 2480/2480/2480 2479/2479/2479
f 2480/2480/2480 2481/2481/2481 2482/2482/2482
f 2483/2483/2483 2480/2480/2480 2482/2482/2482
f 2483/2483/2483 2482/2482/2482 2484/2484/2484
f 2485/2485/2485 2483/2483/2483 2484/2484/2484
f 2486/2486/2486 2485/2485/2485 2484/2484/2484
f 2487/2487/2487 2486/2486/2486 2484/2484/2484
f 2489/2489/2489 2488/2488/2488 2487/2487/2487
f 2492/2492/2492 2491/2491/2491 2490/2490/2490
f 2493/2493/2493 2492/2492/2492 2490/2490/2490
f 2494/2494/2494 2492/2492/2492 2493/2493/2493
f 2496/2496/2496 2494/2494/2494 2495/2495/2495
f 2499/2499/2499 2498/2498/2498 2497/2497/2497
f 2498/2498/2498 2499/2499/2499 2500/2500/2500
f 2502/2502/2502 2500/2500/2500 2501/2501/2501
f 2503/2503/2503 2502/2502/2502 2501/2501/2501
f 2504/2504/2504 2503/2503/2503 2501/2501/2501
f 2505/2505/2505 2504/2504/2504 2501/2501/2501
f 2506/2506/2506 2504/2504/2504 2505/2505/2505
f 2509/2509/2509 2508/2508/2508 2507/2507/2507
f 2512/2512/2512 2511/2511/2511 2510/2510/2510
f 2515/2515/2515 2514/2514/2514 2513/2513/2513
f 2516/2516/2516 2515/2515/2515 2513/2513/2513
f 2519/2519/2519 2518/2518/2518 2517/2517/2517
f 2520/2520/2520 2519/2519/2519 2517/2517/2517
f 2523/2523/2523 2522/2522/2522 2521/2521/2521
f 2526/2526/2526 2525/2525/2525 2524/2524/2524
f 2529/2529/2529 2528/2528/2528 2527/2527/2527
f 2530/2530/2530 2529/2529/2529 2527/2527/2527
f 2533/2533/2533 2532/2532/2532 2531/2531/2531
f 2534/2534/2534 2533/2533/2533 2531/2531/2531
f 2537/2537/2537 2536/2536/2536 2535/2535/2535
f 2538/2538/2538 2537/2537/2537 2535/2535/2535
f 2541/2541/2541 2540/2540/2540 2539/2539/2539
f 2542/2542/2542 2541/2541/2541 2539/2539/2539
f 2545/2545/2545 2544/2544/2544 2543/2543/2543
f 2546/2546/2546 2545/2545/2545 2543/2543/2543
f 2545/2545/2545 2547/2547/2547 2544/2544/2544
f 2547/2547/2547 2548/2548/2548 2544/2544/2544
f 2548/2548/2548 2547/2547/2547 2549/2549/2549
f 2547/2547/2547 2550/2550/2550 2549/2549/2549
f 2549/2549/2549 2550/2550/2550 2551/2551/2551
f 2550/2550/2550 2552/2552/2552 2551/2551/2551
f 2552/2552/2552 2553/2553/2553 2551/2551/2551
f 2553/2553/2553 2554/2554/2554 2551/2551/2551
f 2553/2553/2553 2555/2555/2555 2554/2554/2554
f 2555/2555/2555 2556/2556/2556 2554/2554/2554
f 2559/2559/2559 2558/2558/2558 2557/2557/2557
f 2560/2560/2560 2559/2559/2559 2557/2557/2557
f 2559/2559/2559 2561/2561/2561 2558/2558/2558
f 2561/2561/2561 2562/2562/2562 2558/2558/2558
f 2562/2562/2562 2561/2561/2561 2563/2563/2563
f 2561/2561/2561 2564/2564/2564 2563/2563/2563
f 2563/2563/2563 2564/2564/2564 2565/2565/2565
f 2564/2564/2564 2566/2566/2566 2565/2565/2565
f 2566/2566/2566 2567/2567/2567 2565/2565/2565
f 2567/2567/2567 2568/2568/2568 2565/2565/2565
f 2567/2567/2567 2569/2569/2569 2568/2568/2568
f 2569/2569/2569 2570/2570/2570 2568/2568/2568
f 2573/2573/2573 2572/2572/2572 2571/2571/2571
f 2574/2574/2574 2573/2573/2573 2571/2571/2571
f 2575/2575/2575 2573/2573/2573 2574/2574/2574
f 2576/2576/2576 2575/2575/2575 2574/2574/2574
f 2575/2575/2575 2576/2576/2576 2577/2577/2577
f 2578/2578/2578 2575/2575/2575 2577/2577/2577
f 2578/2578/2578 2577/2577/2577 2579/2579/2579
f 2580/2580/2580 2578/2578/2578 2579/2579/2579
f 2581/2581/2581 2580/2580/2580 2579/2579/2579
f 2582/2582/2582 2581/2581/2581 2579/2579/2579
f 1646/1646/1646 2581/2581/2581 2582/2582/2582
f 1645/1645/1645 1646/1646/1646 2582/2582/2582
f 2585/2585/2585 2584/2584/2584 2583/2583/2583
f 2586/2586/2586 2585/2585/2585 2583/2583/2583
f 2589/2589/2589 2588/2588/2588 2587/2587/2587
f 2590/2590/2590 2589/2589/2589 2587/2587/2587
f 2589/2589/2589 2590/2590/2590 2591/2591/2591
f 2592/2592/2592 2589/2589/2589 2591/2591/2591
f 2592/2592/2592 2591/2591/2591 2593/2593/2593
f 2594/2594/2594 2592/2592/2592 2593/2593/2593
f 2595/2595/2595 2594/2594/2594 2593/2593/2593
f 2596/2596/2596 2595/2595/2595 2593/2593/2593
f 1654/1654/1654 2595/2595/2595 2596/2596/2596
f 1653/1653/1653 1654/1654/1654 2596/2596/2596
f 2599/2599/2599 2598/2598/2598 2597/2597/2597
f 2600/2600/2600 2599/2599/2599 2597/2597/2597
f 2603/2603/2603 2602/2602/2602 2601/2601/2601
f 2606/2606/2606 2605/2605/2605 2604/2604/2604
f 2609/2609/2609 2608/2608/2608 2607/2607/2607
f 2610/2610/2610 2609/2609/2609 2607/2607/2607
f 2613/2613/2613 2612/2612/2612 2611/2611/2611
f 2614/2614/2614 2613/2613/2613 2611/2611/2611
f 2617/2617/2617 2616/2616/2616 2615/2615/2615
f 2618/2618/2618 2617/2617/2617 2615/2615/2615
f 2621/2621/2621 2620/2620/2620 2619/2619/2619
f 2622/2622/2622 2621/2621/2621 2619/2619/2619
f 2625/2625/2625 2624/2624/2624 2623/2623/2623
f 2626/2626/2626 2625/2625/2625 2623/2623/2623
f 2629/2629/2629 2628/2628/2628 2627/2627/2627
f 2630/2630/2630 2629/2629/2629 2627/2627/2627
f 2633/2633/2633 2632/2632/2632 2631/2631/2631
f 2634/2634/2634 2633/2633/2633 2631/2631/2631
f 2637/2637/2637 2636/2636/2636 2635/2635/2635
f 2638/2638/2638 2637/2637/2637 2635/2635/2635
f 2641/2641/2641 2640/2640/2640 2639/2639/2639
f 2642/2642/2642 2641/2641/2641 2639/2639/2639
f 2643/2643/2643 2642/2642/2642 2639/2639/2639
f 2644/2644/2644 2643/2643/2643 2639/2639/2639
f 2645/2645/2645 2643/2643/2643 2644/2644/2644
f 2646/2646/2646 2645/2645/2645 2644/2644/2644
f 2645/2645/2645 2646/2646/2646 2647/2647/2647
f 2648/2648/2648 2645/2645/2645 2647/2647/2647
f 2651/2651/2651 2650/2650/2650 2649/2649/2649
f 2652/2652/2652 2651/2651/2651 2649/2649/2649
f 2655/2655/2655 2654/2654/2654 2653/2653/2653
f 2656/2656/2656 2655/2655/2655 2653/2653/2653
f 2659/2659/2659 2658/2658/2658 2657/2657/2657
f 2660/2660/2660 2659/2659/2659 2657/2657/2657
f 2663/2663/2663 2662/2662/2662 2661/2661/2661
f 2664/2664/2664 2663/2663/2663 2661/2661/2661
f 2667/2667/2667 2666/2666/2666 2665/2665/2665
f 2668/2668/2668 2667/2667/2667 2665/2665/2665
f 2671/2671/2671 2670/2670/2670 2669/2669/2669
f 2672/2672/2672 2671/2671/2671 2669/2669/2669
f 2671/2671/2671 2673/2673/2673 2670/2670/2670
f 2673/2673/2673 2674/2674/2674 2670/2670/2670
f 2674/2674/2674 2673/2673/2673 2675/2675/2675
f 2673/2673/2673 2676/2676/2676 2675/2675/2675
f 2679/2679/2679 2678/2678/2678 2677/2677/2677
f 2680/2680/2680 2679/2679/2679 2677/2677/2677
f 2679/2679/2679 2681/2681/2681 2678/2678/2678
f 2681/2681/2681 2682/2682/2682 2678/2678/2678
f 2682/2682/2682 2681/2681/2681 2683/2683/2683
f 2681/2681/2681 2684/2684/2684 2683/2683/2683
f 2687/2687/2687 2686/2686/2686 2685/2685/2685
f 2688/2688/2688 2687/2687/2687 2685/2685/2685
f 2689/2689/2689 2687/2687/2687 2688/2688/2688
f 2690/2690/2690 2689/2689/2689 2688/2688/2688
f 2689/2689/2689 2690/2690/2690 2691/2691/2691
f 2692/2692/2692 2689/2689/2689 2691/2691/2691
f 2695/2695/2695 2694/2694/2694 2693/2693/2693
f 2696/2696/2696 2695/2695/2695 2693/2693/2693
f 2699/2699/2699 2698/2698/2698 2697/2697/2697
f 2700/2700/2700 2699/2699/2699 2697/2697/2697
f 2703/2703/2703 2702/2702/2702 2701/2701/2701
f 2704/2704/2704 2703/2703/2703 2701/2701/2701
f 2707/2707/2707 2706/2706/2706 2705/2705/2705
f 2708/2708/2708 2707/2707/2707 2705/2705/2705
f 2711/2711/2711 2710/2710/2710 2709/2709/2709
f 2712/2712/2712 2711/2711/2711 2709/2709/2709
f 2715/2715/2715 2714/2714/2714 2713/2713/2713
f 2716/2716/2716 2715/2715/2715 2713/2713/2713
f 2719/2719/2719 2718/2718/2718 2717/2717/2717
f 2720/2720/2720 2719/2719/2719 2717/2717/2717
f 2723/2723/2723 2722/2722/2722 2721/2721/2721
f 2724/2724/2724 2723/2723/2723 2721/2721/2721
f 2727/2727/2727 2726/2726/2726 2725/2725/2725
f 2728/2728/2728 2727/2727/2727 2725/2725/2725
f 2731/2731/2731 2730/2730/2730 2729/2729/2729
f 2732/2732/2732 2731/2731/2731 2729/2729/2729
f 2735/2735/2735 2734/2734/2734 2733/2733/2733
f 2738/2738/2738 2737/2737/2737 2736/2736/2736
f 2741/2741/2741 2740/2740/2740 2739/2739/2739
f 2742/2742/2742 2741/2741/2741 2739/2739/2739
f 2745/2745/2745 2744/2744/2744 2743/2743/2743
f 2746/2746/2746 2745/2745/2745 2743/2743/2743
f 2749/2749/2749 2748/2748/2748 2747/2747/2747
f 2750/2750/2750 2749/2749/2749 2747/2747/2747
f 2753/2753/2753 2752/2752/2752 2751/2751/2751
f 2754/2754/2754 2753/2753/2753 2751/2751/2751
f 2757/2757/2757 2756/2756/2756 2755/2755/2755
f 2758/2758/2758 2757/2757/2757 2755/2755/2755
f 2761/2761/2761 2760/2760/2760 2759/2759/2759
f 2762/2762/2762 2761/2761/2761 2759/2759/2759
f 2765/2765/2765 2764/2764/2764 2763/2763/2763
f 2766/2766/2766 2765/2765/2765 2763/2763/2763
f 2769/2769/2769 2768/2768/2768 2767/2767/2767
f 2770/2770/2770 2769/2769/2769 2767/2767/2767
f 2773/2773/2773 2772/2772/2772 2771/2771/2771
f 2776/2776/2776 2775/2775/2775 2774/2774/2774
f 2779/2779/2779 2778/2778/2778 2777/2777/2777
f 2780/2780/2780 2779/2779/2779 2777/2777/2777
f 2783/2783/2783 2782/2782/2782 2781/2781/2781
f 2784/2784/2784 2783/2783/2783 2781/2781/2781
f 2787/2787/2787 2786/2786/2786 2785/2785/2785
f 2788/2788/2788 2787/2787/2787 2785/2785/2785
f 2791/2791/2791 2790/2790/2790 2789/2789/2789
f 2792/2792/2792 2791/2791/2791 2789/2789/2789
f 2795/2795/2795 2794/2794/2794 2793/2793/2793
f 2796/2796/2796 2795/2795/2795 2793/2793/2793
f 2799/2799/2799 2798/2798/2798 2797/2797/2797
f 2800/2800/2800 2799/2799/2799 2797/2797/2797
f 2803/2803/2803 2802/2802/2802 2801/2801/2801
f 2804/2804/2804 2803/2803/2803 2801/2801/2801
f 2807/2807/2807 2806/2806/2806 2805/2805/2805
f 2808/2808/2808 2807/2807/2807 2805/2805/2805
f 2811/2811/2811 2810/2810/2810 2809/2809/2809
f 2814/2814/2814 2813/2813/2813 2812/2812/2812
f 2817/2817/2817 2816/2816/2816 2815/2815/2815
f 2818/2818/2818 2817/2817/2817 2815/2815/2815
f 2821/2821/2821 2820/2820/2820 2819/2819/2819
f 2822/2822/2822 2821/2821/2821 2819/2819/2819
f 2825/2825/2825 2824/2824/2824 2823/2823/2823
f 2828/2828/2828 2827/2827/2827 2826/2826/2826
f 2831/2831/2831 2830/2830/2830 2829/2829/2829
f 2832/2832/2832 2831/2831/2831 2829/2829/2829
f 2835/2835/2835 2834/2834/2834 2833/2833/2833
f 2836/2836/2836 2835/2835/2835 2833/2833/2833
f 2839/2839/2839 2838/2838/2838 2837/2837/2837
f 2840/2840/2840 2839/2839/2839 2837/2837/2837
f 2843/2843/2843 2842/2842/2842 2841/2841/2841
f 2844/2844/2844 2843/2843/2843 2841/2841/2841
f 2847/2847/2847 2846/2846/2846 2845/2845/2845
f 2848/2848/2848 2847/2847/2847 2845/2845/2845
f 2851/2851/2851 2850/2850/2850 2849/2849/2849
f 2852/2852/2852 2851/2851/2851 2849/2849/2849
f 2855/2855/2855 2854/2854/2854 2853/2853/2853
f 2858/2858/2858 2857/2857/2857 2856/2856/2856
f 2861/2861/2861 2860/2860/2860 2859/2859/2859
f 2862/2862/2862 2861/2861/2861 2859/2859/2859
f 2865/2865/2865 2864/2864/2864 2863/2863/2863
f 2866/2866/2866 2865/2865/2865 2863/2863/2863
f 2869/2869/2869 2868/2868/2868 2867/2867/2867
f 2870/2870/2870 2869/2869/2869 2867/2867/2867
f 2873/2873/2873 2872/2872/2872 2871/2871/2871
f 2874/2874/2874 2873/2873/2873 2871/2871/2871
f 2877/2877/2877 2876/2876/2876 2875/2875/2875
f 2878/2878/2878 2877/2877/2877 2875/2875/2875
f 2881/2881/2881 2880/2880/2880 2879/2879/2879
f 2882/2882/2882 2881/2881/2881 2879/2879/2879
f 2885/2885/2885 2884/2884/2884 2883/2883/2883
f 2886/2886/2886 2885/2885/2885 2883/2883/2883
f 2889/2889/2889 2888/2888/2888 2887/2887/2887
f 2890/2890/2890 2889/2889/2889 2887/2887/2887
f 2893/2893/2893 2892/2892/2892 2891/2891/2891
f 2894/2894/2894 2893/2893/2893 2891/2891/2891
f 2897/2897/2897 2896/2896/2896 2895/2895/2895
f 2898/2898/2898 2897/2897/2897 2895/2895/2895
f 2901/2901/2901 2900/2900/2900 2899/2899/2899
f 2902/2902/2902 2901/2901/2901 2899/2899/2899
f 2900/2900/2900 2903/2903/2903 2899/2899/2899
f 2903/2903/2903 2904/2904/2904 2899/2899/2899
f 2903/2903/2903 2905/2905/2905 2904/2904/2904
f 2905/2905/2905 2906/2906/2906 2904/2904/2904
f 2909/2909/2909 2908/2908/2908 2907/2907/2907
f 2910/2910/2910 2909/2909/2909 2907/2907/2907
f 2913/2913/2913 2912/2912/2912 2911/2911/2911
f 2914/2914/2914 2913/2913/2913 2911/2911/2911
f 2917/2917/2917 2916/2916/2916 2915/2915/2915
f 2918/2918/2918 2917/2917/2917 2915/2915/2915
f 2917/2917/2917 2919/2919/2919 2916/2916/2916
f 2919/2919/2919 2920/2920/2920 2916/2916/2916
f 2920/2920/2920 2919/2919/2919 2921/2921/2921
f 2919/2919/2919 2922/2922/2922 2921/2921/2921
f 2925/2925/2925 2924/2924/2924 2923/2923/2923
f 2926/2926/2926 2925/2925/2925 2923/2923/2923
f 2927/2927/2927 2925/2925/2925 2926/2926/2926
f 2928/2928/2928 2927/2927/2927 2926/2926/2926
f 2927/2927/2927 2928/2928/2928 2929/2929/2929
f 2930/2930/2930 2927/2927/2927 2929/2929/2929
f 2933/2933/2933 2932/2932/2932 2931/2931/2931
f 2934/2934/2934 2933/2933/2933 2931/2931/2931
f 2935/2935/2935 2933/2933/2933 2934/2934/2934
f 2936/2936/2936 2935/2935/2935 2934/2934/2934
f 2935/2935/2935 2936/2936/2936 2937/2937/2937
f 2938/2938/2938 2935/2935/2935 2937/2937/2937
f 2941/2941/2941 2940/2940/2940 2939/2939/2939
f 2942/2942/2942 2941/2941/2941 2939/2939/2939
f 2945/2945/2945 2944/2944/2944 2943/2943/2943
f 2946/2946/2946 2945/2945/2945 2943/2943/2943
f 2949/2949/2949 2948/2948/2948 2947/2947/2947
f 2950/2950/2950 2949/2949/2949 2947/2947/2947
f 2953/2953/2953 2952/2952/2952 2951/2951/2951
f 2956/2956/2956 2955/2955/2955 2954/2954/2954
f 2959/2959/2959 2958/2958/2958 2957/2957/2957
f 2960/2960/2960 2959/2959/2959 2957/2957/2957
f 2958/2958/2958 2961/2961/2961 2957/2957/2957
f 2961/2961/2961 2962/2962/2962 2957/2957/2957
f 2961/2961/2961 2963/2963/2963 2962/2962/2962
f 2963/2963/2963 2964/2964/2964 2962/2962/2962
f 2964/2964/2964 2963/2963/2963 2965/2965/2965
f 2963/2963/2963 2966/2966/2966 2965/2965/2965
f 2969/2969/2969 2968/2968/2968 2967/2967/2967
f 2970/2970/2970 2969/2969/2969 2967/2967/2967
f 2968/2968/2968 2971/2971/2971 2967/2967/2967
f 2971/2971/2971 2972/2972/2972 2967/2967/2967
f 2971/2971/2971 2973/2973/2973 2972/2972/2972
f 2973/2973/2973 2974/2974/2974 2972/2972/2972
f 2974/2974/2974 2973/2973/2973 2975/2975/2975
f 2973/2973/2973 2976/2976/2976 2975/2975/2975
f 2979/2979/2979 2978/2978/2978 2977/2977/2977
f 2980/2980/2980 2979/2979/2979 2977/2977/2977
f 2983/2983/2983 2982/2982/2982 2981/2981/2981
f 2984/2984/2984 2983/2983/2983 2981/2981/2981
f 2987/2987/2987 2986/2986/2986 2985/2985/2985
f 2988/2988/2988 2987/2987/2987 2985/2985/2985
f 2989/2989/2989 2987/2987/2987 2988/2988/2988
f 2990/2990/2990 2989/2989/2989 2988/2988/2988
f 2986/2986/2986 2991/2991/2991 2985/2985/2985
f 2991/2991/2991 2992/2992/2992 2985/2985/2985
f 2989/2989/2989 2990/2990/2990 2993/2993/2993
f 2994/2994/2994 2989/2989/2989 2993/2993/2993
f 2997/2997/2997 2996/2996/2996 2995/2995/2995
f 2998/2998/2998 2997/2997/2997 2995/2995/2995
f 2999/2999/2999 2997/2997/2997 2998/2998/2998
f 3000/3000/3000 2999/2999/2999 2998/2998/2998
f 2999/2999/2999 3000/3000/3000 3001/3001/3001
f 3002/3002/3002 2999/2999/2999 3001/3001/3001
f 3005/3005/3005 3004/3004/3004 3003/3003/3003
f 3006/3006/3006 3005/3005/3005 3003/3003/3003
f 3009/3009/3009 3008/3008/3008 3007/3007/3007
f 3010/3010/3010 3009/3009/3009 3007/3007/3007
f 3013/3013/3013 3012/3012/3012 3011/3011/3011
f 3014/3014/3014 3013/3013/3013 3011/3011/3011
f 3017/3017/3017 3016/3016/3016 3015/3015/3015
f 3020/3020/3020 3019/3019/3019 3018/3018/3018
f 3023/3023/3023 3022/3022/3022 3021/3021/3021
f 3024/3024/3024 3023/3023/3023 3021/3021/3021
f 3023/3023/3023 1275/1275/1275 3022/3022/3022
f 1275/1275/1275 1276/1276/1276 3022/3022/3022
f 3025/3025/3025 3024/3024/3024 3021/3021/3021
f 3026/3026/3026 3025/3025/3025 3021/3021/3021
f 3027/3027/3027 3025/3025/3025 3026/3026/3026
f 3028/3028/3028 3027/3027/3027 3026/3026/3026
f 3031/3031/3031 3030/3030/3030 3029/3029/3029
f 3032/3032/3032 3031/3031/3031 3029/3029/3029
f 1267/1267/1267 3031/3031/3031 3032/3032/3032
f 1268/1268/1268 1267/1267/1267 3032/3032/3032
f 3035/3035/3035 3034/3034/3034 3033/3033/3033
f 3038/3038/3038 3037/3037/3037 3036/3036/3036
f 3039/3039/3039 3038/3038/3038 3036/3036/3036
f 3038/3038/3038 3040/3040/3040 3037/3037/3037
f 3043/3043/3043 3042/3042/3042 3041/3041/3041
f 3044/3044/3044 3043/3043/3043 3041/3041/3041
f 3047/3047/3047 3046/3046/3046 3045/3045/3045
f 3048/3048/3048 3047/3047/3047 3045/3045/3045
f 3049/3049/3049 3047/3047/3047 3048/3048/3048
f 3050/3050/3050 3049/3049/3049 3048/3048/3048
f 3046/3046/3046 3051/3051/3051 3045/3045/3045
f 3051/3051/3051 3052/3052/3052 3045/3045/3045
f 3051/3051/3051 3053/3053/3053 3052/3052/3052
f 3053/3053/3053 3054/3054/3054 3052/3052/3052
f 3054/3054/3054 3053/3053/3053 3055/3055/3055
f 3053/3053/3053 3056/3056/3056 3055/3055/3055
f 3055/3055/3055 3056/3056/3056 3057/3057/3057
f 3056/3056/3056 3058/3058/3058 3057/3057/3057
f 3058/3058/3058 3059/3059/3059 3057/3057/3057
f 3059/3059/3059 3058/3058/3058 3060/3060/3060
f 3058/3058/3058 3056/3056/3056 3060/3060/3060
f 3056/3056/3056 3061/3061/3061 3060/3060/3060
f 3056/3056/3056 3053/3053/3053 3061/3061/3061
f 3060/3060/3060 3061/3061/3061 3062/3062/3062
f 3063/3063/3063 3060/3060/3060 3062/3062/3062
f 3064/3064/3064 3063/3063/3063 3062/3062/3062
f 3065/3065/3065 3064/3064/3064 3062/3062/3062
f 3061/3061/3061 3066/3066/3066 3062/3062/3062
f 3066/3066/3066 3067/3067/3067 3062/3062/3062
f 3068/3068/3068 3067/3067/3067 3066/3066/3066
f 3069/3069/3069 3068/3068/3068 3066/3066/3066
f 3068/3068/3068 3070/3070/3070 3067/3067/3067
f 3071/3071/3071 3069/3069/3069 3066/3066/3066
f 3061/3061/3061 3071/3071/3071 3066/3066/3066
f 3053/3053/3053 3071/3071/3071 3061/3061/3061
f 3068/3068/3068 3069/3069/3069 3072/3072/3072
f 3069/3069/3069 3071/3071/3071 3072/3072/3072
f 3073/3073/3073 3068/3068/3068 3072/3072/3072
f 3070/3070/3070 3068/3068/3068 3073/3073/3073
f 3073/3073/3073 3072/3072/3072 3074/3074/3074
f 3075/3075/3075 3073/3073/3073 3074/3074/3074
f 3076/3076/3076 3075/3075/3075 3074/3074/3074
f 3077/3077/3077 3076/3076/3076 3074/3074/3074
f 3078/3078/3078 3073/3073/3073 3075/3075/3075
f 3078/3078/3078 3070/3070/3070 3073/3073/3073
f 3070/3070/3070 3078/3078/3078 3079/3079/3079
f 3079/3079/3079 3078/3078/3078 3080/3080/3080
f 3081/3081/3081 3070/3070/3070 3079/3079/3079
f 3070/3070/3070 3081/3081/3081 3082/3082/3082
f 3072/3072/3072 3083/3083/3083 3074/3074/3074
f 3071/3071/3071 3083/3083/3083 3072/3072/3072
f 3071/3071/3071 3053/3053/3053 3083/3083/3083
f 3083/3083/3083 3084/3084/3084 3074/3074/3074
f 3083/3083/3083 3051/3051/3051 3084/3084/3084
f 3053/3053/3053 3051/3051/3051 3083/3083/3083
f 3051/3051/3051 3046/3046/3046 3084/3084/3084
f 3085/3085/3085 3077/3077/3077 3074/3074/3074
f 3084/3084/3084 3085/3085/3085 3074/3074/3074
f 3085/3085/3085 3086/3086/3086 3077/3077/3077
f 3086/3086/3086 3087/3087/3087 3077/3077/3077
f 3087/3087/3087 3086/3086/3086 3088/3088/3088
f 3089/3089/3089 3087/3087/3087 3088/3088/3088
f 3087/3087/3087 3089/3089/3089 3077/3077/3077
f 3086/3086/3086 3090/3090/3090 3088/3088/3088
f 3088/3088/3088 3090/3090/3090 3091/3091/3091
f 3090/3090/3090 3092/3092/3092 3091/3091/3091
f 3086/3086/3086 3049/3049/3049 3090/3090/3090
f 3049/3049/3049 3086/3086/3086 3085/3085/3085
f 3092/3092/3092 3093/3093/3093 3091/3091/3091
f 3093/3093/3093 3094/3094/3094 3091/3091/3091
f 3094/3094/3094 3095/3095/3095 3091/3091/3091
f 3095/3095/3095 3096/3096/3096 3091/3091/3091
f 3095/3095/3095 3097/3097/3097 3096/3096/3096
f 3097/3097/3097 3098/3098/3098 3096/3096/3096
f 3099/3099/3099 3095/3095/3095 3094/3094/3094
f 3100/3100/3100 3099/3099/3099 3094/3094/3094
f 3101/3101/3101 3097/3097/3097 3095/3095/3095
f 3099/3099/3099 3101/3101/3101 3095/3095/3095
f 3102/3102/3102 3100/3100/3100 3094/3094/3094
f 3093/3093/3093 3102/3102/3102 3094/3094/3094
f 3103/3103/3103 3093/3093/3093 3092/3092/3092
f 3099/3099/3099 3100/3100/3100 3104/3104/3104
f 3100/3100/3100 3102/3102/3102 3104/3104/3104
f 3105/3105/3105 3099/3099/3099 3104/3104/3104
f 3101/3101/3101 3099/3099/3099 3105/3105/3105
f 3105/3105/3105 3104/3104/3104 3106/3106/3106
f 3107/3107/3107 3105/3105/3105 3106/3106/3106
f 3108/3108/3108 3107/3107/3107 3106/3106/3106
f 3108/3108/3108 3109/3109/3109 3107/3107/3107
f 3109/3109/3109 3110/3110/3110 3107/3107/3107
f 3111/3111/3111 3109/3109/3109 3108/3108/3108
f 3104/3104/3104 3112/3112/3112 3106/3106/3106
f 3102/3102/3102 3112/3112/3112 3104/3104/3104
f 3112/3112/3112 3113/3113/3113 3106/3106/3106
f 3112/3112/3112 3114/3114/3114 3113/3113/3113
f 3114/3114/3114 3115/3115/3115 3113/3113/3113
f 3113/3113/3113 3116/3116/3116 3106/3106/3106
f 3119/3119/3119 3118/3118/3118 3117/3117/3117
f 3120/3120/3120 3119/3119/3119 3117/3117/3117
f 3123/3123/3123 3122/3122/3122 3121/3121/3121
f 3124/3124/3124 3123/3123/3123 3121/3121/3121
f 3127/3127/3127 3126/3126/3126 3125/3125/3125
f 3128/3128/3128 3127/3127/3127 3125/3125/3125
f 3131/3131/3131 3130/3130/3130 3129/3129/3129
f 3132/3132/3132 3131/3131/3131 3129/3129/3129
f 3135/3135/3135 3134/3134/3134 3133/3133/3133
f 3136/3136/3136 3135/3135/3135 3133/3133/3133
f 3134/3134/3134 3135/3135/3135 3137/3137/3137
f 3135/3135/3135 3138/3138/3138 3137/3137/3137
f 3137/3137/3137 3138/3138/3138 3139/3139/3139
f 3138/3138/3138 3140/3140/3140 3139/3139/3139
f 3140/3140/3140 3141/3141/3141 3139/3139/3139
f 3141/3141/3141 3142/3142/3142 3139/3139/3139
f 3141/3141/3141 3143/3143/3143 3142/3142/3142
f 3143/3143/3143 3144/3144/3144 3142/3142/3142
f 3144/3144/3144 3143/3143/3143 3145/3145/3145
f 3143/3143/3143 3146/3146/3146 3145/3145/3145
f 3145/3145/3145 3146/3146/3146 3147/3147/3147
f 3146/3146/3146 3148/3148/3148 3147/3147/3147
f 3148/3148/3148 3149/3149/3149 3147/3147/3147
f 3149/3149/3149 3150/3150/3150 3147/3147/3147
f 3153/3153/3153 3152/3152/3152 3151/3151/3151
f 3154/3154/3154 3153/3153/3153 3151/3151/3151
f 3157/3157/3157 3156/3156/3156 3155/3155/3155
f 3158/3158/3158 3157/3157/3157 3155/3155/3155
f 3156/3156/3156 3157/3157/3157 3159/3159/3159
f 3157/3157/3157 3160/3160/3160 3159/3159/3159
f 3159/3159/3159 3160/3160/3160 3161/3161/3161
f 3160/3160/3160 3162/3162/3162 3161/3161/3161
f 3162/3162/3162 3163/3163/3163 3161/3161/3161
f 3163/3163/3163 3164/3164/3164 3161/3161/3161
f 3163/3163/3163 3165/3165/3165 3164/3164/3164
f 3165/3165/3165 3166/3166/3166 3164/3164/3164
f 3169/3169/3169 3168/3168/3168 3167/3167/3167
f 3170/3170/3170 3169/3169/3169 3167/3167/3167
f 3173/3173/3173 3172/3172/3172 3171/3171/3171
f 3174/3174/3174 3173/3173/3173 3171/3171/3171
f 3177/3177/3177 3176/3176/3176 3175/3175/3175
f 3178/3178/3178 3177/3177/3177 3175/3175/3175
f 3177/3177/3177 3178/3178/3178 3179/3179/3179
f 3180/3180/3180 3177/3177/3177 3179/3179/3179
f 3180/3180/3180 3179/3179/3179 3181/3181/3181
f 3182/3182/3182 3180/3180/3180 3181/3181/3181
f 3183/3183/3183 3182/3182/3182 3181/3181/3181
f 3184/3184/3184 3183/3183/3183 3181/3181/3181
f 3185/3185/3185 3183/3183/3183 3184/3184/3184
f 3186/3186/3186 3185/3185/3185 3184/3184/3184
f 3189/3189/3189 3188/3188/3188 3187/3187/3187
f 3190/3190/3190 3189/3189/3189 3187/3187/3187
f 3189/3189/3189 3190/3190/3190 3191/3191/3191
f 3192/3192/3192 3189/3189/3189 3191/3191/3191
f 3192/3192/3192 3191/3191/3191 3193/3193/3193
f 3194/3194/3194 3192/3192/3192 3193/3193/3193
f 3197/3197/3197 3196/3196/3196 3195/3195/3195
f 3198/3198/3198 3197/3197/3197 3195/3195/3195
f 3197/3197/3197 3199/3199/3199 3196/3196/3196
f 3199/3199/3199 3200/3200/3200 3196/3196/3196
f 3201/3201/3201 3198/3198/3198 3195/3195/3195
f 3202/3202/3202 3201/3201/3201 3195/3195/3195
f 3203/3203/3203 3201/3201/3201 3202/3202/3202
f 3204/3204/3204 3203/3203/3203 3202/3202/3202
f 3200/3200/3200 3199/3199/3199 3205/3205/3205
f 3199/3199/3199 3206/3206/3206 3205/3205/3205
f 3203/3203/3203 3204/3204/3204 3207/3207/3207
f 3208/3208/3208 3203/3203/3203 3207/3207/3207
f 3208/3208/3208 3207/3207/3207 3209/3209/3209
f 3210/3210/3210 3208/3208/3208 3209/3209/3209
f 3211/3211/3211 3210/3210/3210 3209/3209/3209
f 3212/3212/3212 3211/3211/3211 3209/3209/3209
f 3215/3215/3215 3214/3214/3214 3213/3213/3213
f 3216/3216/3216 3215/3215/3215 3213/3213/3213
f 3215/3215/3215 3217/3217/3217 3214/3214/3214
f 3217/3217/3217 3218/3218/3218 3214/3214/3214
f 3219/3219/3219 3216/3216/3216 3213/3213/3213
f 3220/3220/3220 3219/3219/3219 3213/3213/3213
f 3221/3221/3221 3219/3219/3219 3220/3220/3220
f 3222/3222/3222 3221/3221/3221 3220/3220/3220
f 3218/3218/3218 3217/3217/3217 3223/3223/3223
f 3217/3217/3217 3224/3224/3224 3223/3223/3223
f 3227/3227/3227 3226/3226/3226 3225/3225/3225
f 3228/3228/3228 3227/3227/3227 3225/3225/3225
f 3229/3229/3229 3227/3227/3227 3228/3228/3228
f 3230/3230/3230 3229/3229/3229 3228/3228/3228
f 3226/3226/3226 3231/3231/3231 3225/3225/3225
f 3231/3231/3231 3232/3232/3232 3225/3225/3225
f 3231/3231/3231 3233/3233/3233 3232/3232/3232
f 3233/3233/3233 3234/3234/3234 3232/3232/3232
f 3229/3229/3229 3230/3230/3230 3235/3235/3235
f 3236/3236/3236 3229/3229/3229 3235/3235/3235
f 3234/3234/3234 3233/3233/3233 3237/3237/3237
f 3233/3233/3233 3238/3238/3238 3237/3237/3237
f 3237/3237/3237 3238/3238/3238 3239/3239/3239
f 3238/3238/3238 3240/3240/3240 3239/3239/3239
f 3240/3240/3240 3241/3241/3241 3239/3239/3239
f 3241/3241/3241 3242/3242/3242 3239/3239/3239
f 3245/3245/3245 3244/3244/3244 3243/3243/3243
f 3246/3246/3246 3245/3245/3245 3243/3243/3243
f 3247/3247/3247 3245/3245/3245 3246/3246/3246
f 3248/3248/3248 3247/3247/3247 3246/3246/3246
f 3244/3244/3244 3249/3249/3249 3243/3243/3243
f 3249/3249/3249 3250/3250/3250 3243/3243/3243
f 3249/3249/3249 3251/3251/3251 3250/3250/3250
f 3251/3251/3251 3252/3252/3252 3250/3250/3250
f 3247/3247/3247 3248/3248/3248 3253/3253/3253
f 3254/3254/3254 3247/3247/3247 3253/3253/3253
f 3257/3257/3257 3256/3256/3256 3255/3255/3255
f 3260/3260/3260 3259/3259/3259 3258/3258/3258
f 3263/3263/3263 3262/3262/3262 3261/3261/3261
f 3264/3264/3264 3263/3263/3263 3261/3261/3261
f 3265/3265/3265 3263/3263/3263 3264/3264/3264
f 3266/3266/3266 3265/3265/3265 3264/3264/3264
f 3262/3262/3262 3267/3267/3267 3261/3261/3261
f 3267/3267/3267 3268/3268/3268 3261/3261/3261
f 3267/3267/3267 3269/3269/3269 3268/3268/3268
f 3269/3269/3269 3270/3270/3270 3268/3268/3268
f 3270/3270/3270 3269/3269/3269 3271/3271/3271
f 3269/3269/3269 3272/3272/3272 3271/3271/3271
f 3271/3271/3271 3272/3272/3272 3273/3273/3273
f 3272/3272/3272 3274/3274/3274 3273/3273/3273
f 3274/3274/3274 3275/3275/3275 3273/3273/3273
f 3275/3275/3275 3276/3276/3276 3273/3273/3273
f 3275/3275/3275 3277/3277/3277 3276/3276/3276
f 3277/3277/3277 3278/3278/3278 3276/3276/3276
f 3275/3275/3275 3274/3274/3274 3279/3279/3279
f 3274/3274/3274 3272/3272/3272 3279/3279/3279
f 3277/3277/3277 3275/3275/3275 3280/3280/3280
f 3272/3272/3272 3269/3269/3269 3281/3281/3281
f 3269/3269/3269 3282/3282/3282 3281/3281/3281
f 3269/3269/3269 3267/3267/3267 3283/3283/3283
f 3282/3282/3282 3269/3269/3269 3283/3283/3283
f 3286/3286/3286 3285/3285/3285 3284/3284/3284
f 3287/3287/3287 3286/3286/3286 3284/3284/3284
f 3290/3290/3290 3289/3289/3289 3288/3288/3288
f 3291/3291/3291 3290/3290/3290 3288/3288/3288
f 3294/3294/3294 3293/3293/3293 3292/3292/3292
f 3295/3295/3295 3294/3294/3294 3292/3292/3292
f 3298/3298/3298 3297/3297/3297 3296/3296/3296
f 3299/3299/3299 3298/3298/3298 3296/3296/3296
f 3302/3302/3302 3301/3301/3301 3300/3300/3300
f 3303/3303/3303 3302/3302/3302 3300/3300/3300
f 3301/3301/3301 3302/3302/3302 3304/3304/3304
f 3302/3302/3302 3305/3305/3305 3304/3304/3304
f 3304/3304/3304 3305/3305/3305 3306/3306/3306
f 3305/3305/3305 3307/3307/3307 3306/3306/3306
f 3307/3307/3307 3308/3308/3308 3306/3306/3306
f 3308/3308/3308 3309/3309/3309 3306/3306/3306
f 3308/3308/3308 3310/3310/3310 3309/3309/3309
f 3310/3310/3310 3311/3311/3311 3309/3309/3309
f 3311/3311/3311 3310/3310/3310 3312/3312/3312
f 3310/3310/3310 3313/3313/3313 3312/3312/3312
f 3312/3312/3312 3313/3313/3313 3314/3314/3314
f 3313/3313/3313 3315/3315/3315 3314/3314/3314
f 3315/3315/3315 3316/3316/3316 3314/3314/3314
f 3316/3316/3316 3317/3317/3317 3314/3314/3314
f 3320/3320/3320 3319/3319/3319 3318/3318/3318
f 3321/3321/3321 3320/3320/3320 3318/3318/3318
f 3324/3324/3324 3323/3323/3323 3322/3322/3322
f 3325/3325/3325 3324/3324/3324 3322/3322/3322
f 3323/3323/3323 3324/3324/3324 3326/3326/3326
f 3324/3324/3324 3327/3327/3327 3326/3326/3326
f 3326/3326/3326 3327/3327/3327 3328/3328/3328
f 3327/3327/3327 3329/3329/3329 3328/3328/3328
f 3332/3332/3332 3331/3331/3331 3330/3330/3330
f 3333/3333/3333 3332/3332/3332 3330/3330/3330
f 3336/3336/3336 3335/3335/3335 3334/3334/3334
f 3337/3337/3337 3336/3336/3336 3334/3334/3334
f 3340/3340/3340 3339/3339/3339 3338/3338/3338
f 3341/3341/3341 3340/3340/3340 3338/3338/3338
f 3340/3340/3340 3341/3341/3341 3342/3342/3342
f 3343/3343/3343 3340/3340/3340 3342/3342/3342
f 3343/3343/3343 3342/3342/3342 3344/3344/3344
f 3345/3345/3345 3343/3343/3343 3344/3344/3344
f 3346/3346/3346 3345/3345/3345 3344/3344/3344
f 3347/3347/3347 3346/3346/3346 3344/3344/3344
f 3348/3348/3348 3346/3346/3346 3347/3347/3347
f 3349/3349/3349 3348/3348/3348 3347/3347/3347
f 3348/3348/3348 3349/3349/3349 3350/3350/3350
f 3351/3351/3351 3348/3348/3348 3350/3350/3350
f 3351/3351/3351 3350/3350/3350 3352/3352/3352
f 3353/3353/3353 3351/3351/3351 3352/3352/3352
f 3354/3354/3354 3353/3353/3353 3352/3352/3352
f 3355/3355/3355 3354/3354/3354 3352/3352/3352
f 3358/3358/3358 3357/3357/3357 3356/3356/3356
f 3359/3359/3359 3358/3358/3358 3356/3356/3356
f 3358/3358/3358 3359/3359/3359 3360/3360/3360
f 3361/3361/3361 3358/3358/3358 3360/3360/3360
f 3361/3361/3361 3360/3360/3360 3362/3362/3362
f 3363/3363/3363 3361/3361/3361 3362/3362/3362
f 3364/3364/3364 3363/3363/3363 3362/3362/3362
f 3365/3365/3365 3364/3364/3364 3362/3362/3362
f 3366/3366/3366 3364/3364/3364 3365/3365/3365
f 3367/3367/3367 3366/3366/3366 3365/3365/3365
f 3370/3370/3370 3369/3369/3369 3368/3368/3368
f 3371/3371/3371 3370/3370/3370 3368/3368/3368
f 3374/3374/3374 3373/3373/3373 3372/3372/3372
f 3375/3375/3375 3374/3374/3374 3372/3372/3372
f 3378/3378/3378 3377/3377/3377 3376/3376/3376
f 3381/3381/3381 3380/3380/3380 3379/3379/3379
f 3384/3384/3384 3383/3383/3383 3382/3382/3382
f 3385/3385/3385 3384/3384/3384 3382/3382/3382
f 3388/3388/3388 3387/3387/3387 3386/3386/3386
f 3389/3389/3389 3388/3388/3388 3386/3386/3386
f 3392/3392/3392 3391/3391/3391 3390/3390/3390
f 3393/3393/3393 3392/3392/3392 3390/3390/3390
f 3396/3396/3396 3395/3395/3395 3394/3394/3394
f 3397/3397/3397 3396/3396/3396 3394/3394/3394
f 3400/3400/3400 3399/3399/3399 3398/3398/3398
f 3401/3401/3401 3400/3400/3400 3398/3398/3398
f 3404/3404/3404 3403/3403/3403 3402/3402/3402
f 3405/3405/3405 3404/3404/3404 3402/3402/3402
f 3408/3408/3408 3407/3407/3407 3406/3406/3406
f 3409/3409/3409 3408/3408/3408 3406/3406/3406
f 3412/3412/3412 3411/3411/3411 3410/3410/3410
f 3415/3415/3415 3414/3414/3414 3413/3413/3413
f 3418/3418/3418 3417/3417/3417 3416/3416/3416
f 3421/3421/3421 3420/3420/3420 3419/3419/3419
f 3424/3424/3424 3423/3423/3423 3422/3422/3422
f 3424/3424/3424 3425/3425/3425 3423/3423/3423
f 3425/3425/3425 3426/3426/3426 3423/3423/3423
f 3425/3425/3425 3424/3424/3424 3427/3427/3427
f 3427/3427/3427 3424/3424/3424 3428/3428/3428
f 3429/3429/3429 3425/3425/3425 3427/3427/3427
f 3429/3429/3429 3427/3427/3427 3430/3430/3430
f 3431/3431/3431 3429/3429/3429 3430/3430/3430
f 3432/3432/3432 3431/3431/3431 3430/3430/3430
f 3435/3435/3435 3434/3434/3434 3433/3433/3433
f 3436/3436/3436 3435/3435/3435 3433/3433/3433
f 3439/3439/3439 3438/3438/3438 3437/3437/3437
f 3440/3440/3440 3439/3439/3439 3437/3437/3437
f 3438/3438/3438 3439/3439/3439 3441/3441/3441
f 3439/3439/3439 3442/3442/3442 3441/3441/3441
f 3441/3441/3441 3442/3442/3442 3443/3443/3443
f 3442/3442/3442 3444/3444/3444 3443/3443/3443
f 3444/3444/3444 3445/3445/3445 3443/3443/3443
f 3445/3445/3445 3446/3446/3446 3443/3443/3443
f 3445/3445/3445 3447/3447/3447 3446/3446/3446
f 3447/3447/3447 3448/3448/3448 3446/3446/3446
f 3448/3448/3448 3447/3447/3447 3449/3449/3449
f 3447/3447/3447 3450/3450/3450 3449/3449/3449
f 3449/3449/3449 3450/3450/3450 3451/3451/3451
f 3450/3450/3450 3452/3452/3452 3451/3451/3451
f 3452/3452/3452 3453/3453/3453 3451/3451/3451
f 3453/3453/3453 3454/3454/3454 3451/3451/3451
f 3457/3457/3457 3456/3456/3456 3455/3455/3455
f 3458/3458/3458 3457/3457/3457 3455/3455/3455
f 3461/3461/3461 3460/3460/3460 3459/3459/3459
f 3462/3462/3462 3461/3461/3461 3459/3459/3459
f 3465/3465/3465 3464/3464/3464 3463/3463/3463
f 3466/3466/3466 3465/3465/3465 3463/3463/3463
f 3469/3469/3469 3468/3468/3468 3467/3467/3467
f 3470/3470/3470 3469/3469/3469 3467/3467/3467
f 3473/3473/3473 3472/3472/3472 3471/3471/3471
f 3474/3474/3474 3473/3473/3473 3471/3471/3471
f 3473/3473/3473 3474/3474/3474 3475/3475/3475
f 3476/3476/3476 3473/3473/3473 3475/3475/3475
f 3476/3476/3476 3475/3475/3475 3477/3477/3477
f 3478/3478/3478 3476/3476/3476 3477/3477/3477
f 3479/3479/3479 3478/3478/3478 3477/3477/3477
f 3480/3480/3480 3479/3479/3479 3477/3477/3477
f 3481/3481/3481 3479/3479/3479 3480/3480/3480
f 3482/3482/3482 3481/3481/3481 3480/3480/3480
f 3481/3481/3481 3482/3482/3482 3483/3483/3483
f 3484/3484/3484 3481/3481/3481 3483/3483/3483
f 3484/3484/3484 3483/3483/3483 3485/3485/3485
f 3486/3486/3486 3484/3484/3484 3485/3485/3485
f 3487/3487/3487 3486/3486/3486 3485/3485/3485
f 3488/3488/3488 3487/3487/3487 3485/3485/3485
f 3491/3491/3491 3490/3490/3490 3489/3489/3489
f 3492/3492/3492 3491/3491/3491 3489/3489/3489
f 3491/3491/3491 3492/3492/3492 3493/3493/3493
f 3494/3494/3494 3491/3491/3491 3493/3493/3493
f 3494/3494/3494 3493/3493/3493 3495/3495/3495
f 3496/3496/3496 3494/3494/3494 3495/3495/3495
f 3499/3499/3499 3498/3498/3498 3497/3497/3497
f 3500/3500/3500 3499/3499/3499 3497/3497/3497
f 3499/3499/3499 3501/3501/3501 3498/3498/3498
f 3501/3501/3501 3502/3502/3502 3498/3498/3498
f 3503/3503/3503 3500/3500/3500 3497/3497/3497
f 3504/3504/3504 3503/3503/3503 3497/3497/3497
f 3507/3507/3507 3506/3506/3506 3505/3505/3505
f 3508/3508/3508 3507/3507/3507 3505/3505/3505
f 3507/3507/3507 3509/3509/3509 3506/3506/3506
f 3509/3509/3509 3510/3510/3510 3506/3506/3506
f 3511/3511/3511 3508/3508/3508 3505/3505/3505
f 3512/3512/3512 3511/3511/3511 3505/3505/3505
f 3515/3515/3515 3514/3514/3514 3513/3513/3513
f 3516/3516/3516 3515/3515/3515 3513/3513/3513
f 3517/3517/3517 3515/3515/3515 3516/3516/3516
f 3518/3518/3518 3517/3517/3517 3516/3516/3516
f 3514/3514/3514 3519/3519/3519 3513/3513/3513
f 3519/3519/3519 3520/3520/3520 3513/3513/3513
f 3523/3523/3523 3522/3522/3522 3521/3521/3521
f 3524/3524/3524 3523/3523/3523 3521/3521/3521
f 3527/3527/3527 3526/3526/3526 3525/3525/3525
f 3528/3528/3528 3527/3527/3527 3525/3525/3525
f 3531/3531/3531 3530/3530/3530 3529/3529/3529
f 3532/3532/3532 3531/3531/3531 3529/3529/3529
f 3535/3535/3535 3534/3534/3534 3533/3533/3533
f 3536/3536/3536 3535/3535/3535 3533/3533/3533
f 3539/3539/3539 3538/3538/3538 3537/3537/3537
f 3540/3540/3540 3539/3539/3539 3537/3537/3537
f 3541/3541/3541 3539/3539/3539 3540/3540/3540
f 3542/3542/3542 3541/3541/3541 3540/3540/3540
f 3538/3538/3538 3543/3543/3543 3537/3537/3537
f 3543/3543/3543 3544/3544/3544 3537/3537/3537
f 3543/3543/3543 3545/3545/3545 3544/3544/3544
f 3545/3545/3545 3546/3546/3546 3544/3544/3544
f 3549/3549/3549 3548/3548/3548 3547/3547/3547
f 3550/3550/3550 3549/3549/3549 3547/3547/3547
f 3551/3551/3551 3549/3549/3549 3550/3550/3550
f 3552/3552/3552 3551/3551/3551 3550/3550/3550
f 3555/3555/3555 3554/3554/3554 3553/3553/3553
f 3558/3558/3558 3557/3557/3557 3556/3556/3556
f 3559/3559/3559 3557/3557/3557 3558/3558/3558
f 3560/3560/3560 3559/3559/3559 3558/3558/3558
f 3563/3563/3563 3562/3562/3562 3561/3561/3561
f 3564/3564/3564 3563/3563/3563 3561/3561/3561
f 3563/3563/3563 3565/3565/3565 3562/3562/3562
f 3565/3565/3565 3566/3566/3566 3562/3562/3562
f 3569/3569/3569 3568/3568/3568 3567/3567/3567
f 3572/3572/3572 3571/3571/3571 3570/3570/3570
f 3575/3575/3575 3574/3574/3574 3573/3573/3573
f 3576/3576/3576 3575/3575/3575 3573/3573/3573
f 3579/3579/3579 3578/3578/3578 3577/3577/3577
f 3580/3580/3580 3579/3579/3579 3577/3577/3577
f 3583/3583/3583 3582/3582/3582 3581/3581/3581
f 3586/3586/3586 3585/3585/3585 3584/3584/3584
f 3589/3589/3589 3588/3588/3588 3587/3587/3587
f 3590/3590/3590 3589/3589/3589 3587/3587/3587
f 3593/3593/3593 3592/3592/3592 3591/3591/3591
f 3594/3594/3594 3593/3593/3593 3591/3591/3591
f 3597/3597/3597 3596/3596/3596 3595/3595/3595
f 3598/3598/3598 3597/3597/3597 3595/3595/3595
f 3601/3601/3601 3600/3600/3600 3599/3599/3599
f 3602/3602/3602 3601/3601/3601 3599/3599/3599
f 3605/3605/3605 3604/3604/3604 3603/3603/3603
f 3606/3606/3606 3605/3605/3605 3603/3603/3603
f 3609/3609/3609 3608/3608/3608 3607/3607/3607
f 3610/3610/3610 3609/3609/3609 3607/3607/3607
f 3613/3613/3613 3612/3612/3612 3611/3611/3611
f 3614/3614/3614 3613/3613/3613 3611/3611/3611
f 3617/3617/3617 3616/3616/3616 3615/3615/3615
f 3618/3618/3618 3617/3617/3617 3615/3615/3615
f 3621/3621/3621 3620/3620/3620 3619/3619/3619
f 3622/3622/3622 3621/3621/3621 3619/3619/3619
f 3625/3625/3625 3624/3624/3624 3623/3623/3623
f 3626/3626/3626 3625/3625/3625 3623/3623/3623
f 3629/3629/3629 3628/3628/3628 3627/3627/3627
f 3630/3630/3630 3629/3629/3629 3627/3627/3627
f 3633/3633/3633 3632/3632/3632 3631/3631/3631
f 3634/3634/3634 3633/3633/3633 3631/3631/3631
f 3637/3637/3637 3636/3636/3636 3635/3635/3635
f 3637/3637/3637 3638/3638/3638 3636/3636/3636
f 3638/3638/3638 3639/3639/3639 3636/3636/3636
f 3642/3642/3642 3641/3641/3641 3640/3640/3640
f 3643/3643/3643 3642/3642/3642 3640/3640/3640
f 3644/3644/3644 3643/3643/3643 3640/3640/3640
f 3647/3647/3647 3646/3646/3646 3645/3645/3645
f 3648/3648/3648 3647/3647/3647 3645/3645/3645
f 3649/3649/3649 3647/3647/3647 3648/3648/3648
f 3650/3650/3650 3649/3649/3649 3648/3648/3648
f 3646/3646/3646 3651/3651/3651 3645/3645/3645
f 3651/3651/3651 3652/3652/3652 3645/3645/3645
f 3655/3655/3655 3654/3654/3654 3653/3653/3653
f 3656/3656/3656 3655/3655/3655 3653/3653/3653
f 3659/3659/3659 3658/3658/3658 3657/3657/3657
f 3660/3660/3660 3659/3659/3659 3657/3657/3657
f 3663/3663/3663 3662/3662/3662 3661/3661/3661
f 3664/3664/3664 3663/3663/3663 3661/3661/3661
f 3667/3667/3667 3666/3666/3666 3665/3665/3665
f 3668/3668/3668 3667/3667/3667 3665/3665/3665
f 3671/3671/3671 3670/3670/3670 3669/3669/3669
f 3671/3671/3671 3672/3672/3672 3670/3670/3670
f 3672/3672/3672 3673/3673/3673 3670/3670/3670
f 3676/3676/3676 3675/3675/3675 3674/3674/3674
f 3677/3677/3677 3676/3676/3676 3674/3674/3674
f 3678/3678/3678 3677/3677/3677 3674/3674/3674
f 3681/3681/3681 3680/3680/3680 3679/3679/3679
f 3682/3682/3682 3681/3681/3681 3679/3679/3679
f 3683/3683/3683 3681/3681/3681 3682/3682/3682
f 3684/3684/3684 3683/3683/3683 3682/3682/3682
f 3680/3680/3680 3685/3685/3685 3679/3679/3679
f 3685/3685/3685 3686/3686/3686 3679/3679/3679
f 3689/3689/3689 3688/3688/3688 3687/3687/3687
f 3690/3690/3690 3689/3689/3689 3687/3687/3687
f 3693/3693/3693 3692/3692/3692 3691/3691/3691
f 3694/3694/3694 3693/3693/3693 3691/3691/3691
f 3697/3697/3697 3696/3696/3696 3695/3695/3695
f 3698/3698/3698 3697/3697/3697 3695/3695/3695
f 3701/3701/3701 3700/3700/3700 3699/3699/3699
f 3704/3704/3704 3703/3703/3703 3702/3702/3702
f 3707/3707/3707 3706/3706/3706 3705/3705/3705
f 3708/3708/3708 3707/3707/3707 3705/3705/3705
f 3707/3707/3707 3709/3709/3709 3706/3706/3706
f 3709/3709/3709 3710/3710/3710 3706/3706/3706
f 3711/3711/3711 3708/3708/3708 3705/3705/3705
f 3712/3712/3712 3711/3711/3711 3705/3705/3705
f 3715/3715/3715 3714/3714/3714 3713/3713/3713
f 3716/3716/3716 3715/3715/3715 3713/3713/3713
f 3717/3717/3717 3715/3715/3715 3716/3716/3716
f 3718/3718/3718 3717/3717/3717 3716/3716/3716
f 3714/3714/3714 3719/3719/3719 3713/3713/3713
f 3719/3719/3719 3720/3720/3720 3713/3713/3713
f 3723/3723/3723 3722/3722/3722 3721/3721/3721
f 3724/3724/3724 3723/3723/3723 3721/3721/3721
f 3727/3727/3727 3726/3726/3726 3725/3725/3725
f 3728/3728/3728 3727/3727/3727 3725/3725/3725
f 3731/3731/3731 3730/3730/3730 3729/3729/3729
f 3732/3732/3732 3731/3731/3731 3729/3729/3729
f 3735/3735/3735 3734/3734/3734 3733/3733/3733
f 3736/3736/3736 3735/3735/3735 3733/3733/3733
f 3739/3739/3739 3738/3738/3738 3737/3737/3737
f 3740/3740/3740 3739/3739/3739 3737/3737/3737
f 3743/3743/3743 3742/3742/3742 3741/3741/3741
f 3744/3744/3744 3743/3743/3743 3741/3741/3741
f 3747/3747/3747 3746/3746/3746 3745/3745/3745
f 3748/3748/3748 3747/3747/3747 3745/3745/3745
f 3751/3751/3751 3750/3750/3750 3749/3749/3749
f 3752/3752/3752 3751/3751/3751 3749/3749/3749
f 3755/3755/3755 3754/3754/3754 3753/3753/3753
f 3756/3756/3756 3755/3755/3755 3753/3753/3753
f 3759/3759/3759 3758/3758/3758 3757/3757/3757
f 3760/3760/3760 3759/3759/3759 3757/3757/3757
f 3763/3763/3763 3762/3762/3762 3761/3761/3761
f 3764/3764/3764 3763/3763/3763 3761/3761/3761
f 3765/3765/3765 3763/3763/3763 3764/3764/3764
f 3766/3766/3766 3765/3765/3765 3764/3764/3764
f 3762/3762/3762 3767/3767/3767 3761/3761/3761
f 3767/3767/3767 3768/3768/3768 3761/3761/3761
f 3767/3767/3767 3769/3769/3769 3768/3768/3768
f 3765/3765/3765 3766/3766/3766 3770/3770/3770
f 3771/3771/3771 3765/3765/3765 3770/3770/3770
f 3771/3771/3771 3770/3770/3770 3772/3772/3772
f 3773/3773/3773 3771/3771/3771 3772/3772/3772
f 3774/3774/3774 3773/3773/3773 3772/3772/3772
f 3775/3775/3775 3774/3774/3774 3772/3772/3772
f 3776/3776/3776 3774/3774/3774 3775/3775/3775
f 3777/3777/3777 3776/3776/3776 3775/3775/3775
f 3776/3776/3776 3777/3777/3777 3778/3778/3778
f 3779/3779/3779 3776/3776/3776 3778/3778/3778
f 3779/3779/3779 3778/3778/3778 3780/3780/3780
f 3781/3781/3781 3779/3779/3779 3780/3780/3780
f 3782/3782/3782 3781/3781/3781 3780/3780/3780
f 3783/3783/3783 3782/3782/3782 3780/3780/3780
f 3784/3784/3784 3782/3782/3782 3783/3783/3783
f 3785/3785/3785 3784/3784/3784 3783/3783/3783
f 3784/3784/3784 3785/3785/3785 3786/3786/3786
f 3787/3787/3787 3784/3784/3784 3786/3786/3786
f 3787/3787/3787 3786/3786/3786 3788/3788/3788
f 3781/3781/3781 3782/3782/3782 3789/3789/3789
f 3774/3774/3774 3776/3776/3776 3790/3790/3790
f 3774/3774/3774 3790/3790/3790 3791/3791/3791
f 3773/3773/3773 3774/3774/3774 3791/3791/3791
f 3784/3784/3784 3787/3787/3787 3792/3792/3792
f 3792/3792/3792 3787/3787/3787 3793/3793/3793
f 3787/3787/3787 3794/3794/3794 3793/3793/3793
f 3795/3795/3795 3784/3784/3784 3792/3792/3792
f 3795/3795/3795 3792/3792/3792 3796/3796/3796
f 3794/3794/3794 3797/3797/3797 3793/3793/3793
f 3800/3800/3800 3799/3799/3799 3798/3798/3798
f 3801/3801/3801 3800/3800/3800 3798/3798/3798
f 3804/3804/3804 3803/3803/3803 3802/3802/3802
f 3805/3805/3805 3804/3804/3804 3802/3802/3802
f 3808/3808/3808 3807/3807/3807 3806/3806/3806
f 3809/3809/3809 3808/3808/3808 3806/3806/3806
f 3812/3812/3812 3811/3811/3811 3810/3810/3810
f 3813/3813/3813 3812/3812/3812 3810/3810/3810
f 3816/3816/3816 3815/3815/3815 3814/3814/3814
f 3817/3817/3817 3816/3816/3816 3814/3814/3814
f 3820/3820/3820 3819/3819/3819 3818/3818/3818
f 3821/3821/3821 3820/3820/3820 3818/3818/3818
f 3824/3824/3824 3823/3823/3823 3822/3822/3822
f 3825/3825/3825 3824/3824/3824 3822/3822/3822
f 3828/3828/3828 3827/3827/3827 3826/3826/3826
f 3829/3829/3829 3828/3828/3828 3826/3826/3826
f 3832/3832/3832 3831/3831/3831 3830/3830/3830
f 3833/3833/3833 3832/3832/3832 3830/3830/3830
f 3836/3836/3836 3835/3835/3835 3834/3834/3834
f 3837/3837/3837 3836/3836/3836 3834/3834/3834
f 3840/3840/3840 3839/3839/3839 3838/3838/3838
f 3841/3841/3841 3840/3840/3840 3838/3838/3838
f 3844/3844/3844 3843/3843/3843 3842/3842/3842
f 3845/3845/3845 3844/3844/3844 3842/3842/3842
f 3848/3848/3848 3847/3847/3847 3846/3846/3846
f 3849/3849/3849 3848/3848/3848 3846/3846/3846
f 3847/3847/3847 3848/3848/3848 3850/3850/3850
f 3848/3848/3848 3851/3851/3851 3850/3850/3850
f 3850/3850/3850 3851/3851/3851 3852/3852/3852
f 3851/3851/3851 3853/3853/3853 3852/3852/3852
f 3853/3853/3853 3854/3854/3854 3852/3852/3852
f 3854/3854/3854 3855/3855/3855 3852/3852/3852
f 3858/3858/3858 3857/3857/3857 3856/3856/3856
f 3859/3859/3859 3858/3858/3858 3856/3856/3856
f 3862/3862/3862 3861/3861/3861 3860/3860/3860
f 3863/3863/3863 3862/3862/3862 3860/3860/3860
f 3861/3861/3861 3862/3862/3862 3864/3864/3864
f 3862/3862/3862 3865/3865/3865 3864/3864/3864
f 3864/3864/3864 3865/3865/3865 3866/3866/3866
f 3865/3865/3865 3867/3867/3867 3866/3866/3866
f 3867/3867/3867 3868/3868/3868 3866/3866/3866
f 3868/3868/3868 3869/3869/3869 3866/3866/3866
f 3872/3872/3872 3871/3871/3871 3870/3870/3870
f 3873/3873/3873 3872/3872/3872 3870/3870/3870
f 3876/3876/3876 3875/3875/3875 3874/3874/3874
f 3877/3877/3877 3876/3876/3876 3874/3874/3874
f 3880/3880/3880 3879/3879/3879 3878/3878/3878
f 3881/3881/3881 3880/3880/3880 3878/3878/3878
f 3884/3884/3884 3883/3883/3883 3882/3882/3882
f 3885/3885/3885 3884/3884/3884 3882/3882/3882
f 3884/3884/3884 3885/3885/3885 3886/3886/3886
f 3887/3887/3887 3884/3884/3884 3886/3886/3886
f 3887/3887/3887 3886/3886/3886 3888/3888/3888
f 3889/3889/3889 3887/3887/3887 3888/3888/3888
f 3890/3890/3890 3889/3889/3889 3888/3888/3888
f 3891/3891/3891 3890/3890/3890 3888/3888/3888
f 3894/3894/3894 3893/3893/3893 3892/3892/3892
f 3895/3895/3895 3894/3894/3894 3892/3892/3892
f 3898/3898/3898 3897/3897/3897 3896/3896/3896
f 3899/3899/3899 3898/3898/3898 3896/3896/3896
f 3902/3902/3902 3901/3901/3901 3900/3900/3900
f 3903/3903/3903 3902/3902/3902 3900/3900/3900
f 3906/3906/3906 3905/3905/3905 3904/3904/3904
f 3907/3907/3907 3906/3906/3906 3904/3904/3904
f 3910/3910/3910 3909/3909/3909 3908/3908/3908
f 3911/3911/3911 3910/3910/3910 3908/3908/3908
f 3914/3914/3914 3913/3913/3913 3912/3912/3912
f 3915/3915/3915 3914/3914/3914 3912/3912/3912
f 3918/3918/3918 3917/3917/3917 3916/3916/3916
f 3919/3919/3919 3918/3918/3918 3916/3916/3916
f 3922/3922/3922 3921/3921/3921 3920/3920/3920
f 3923/3923/3923 3922/3922/3922 3920/3920/3920
f 3926/3926/3926 3925/3925/3925 3924/3924/3924
f 3927/3927/3927 3926/3926/3926 3924/3924/3924
f 3930/3930/3930 3929/3929/3929 3928/3928/3928
f 3929/3929/3929 3931/3931/3931 3928/3928/3928
f 3934/3934/3934 3933/3933/3933 3932/3932/3932
f 3935/3935/3935 3934/3934/3934 3932/3932/3932
f 3938/3938/3938 3937/3937/3937 3936/3936/3936
f 3939/3939/3939 3938/3938/3938 3936/3936/3936
f 3942/3942/3942 3941/3941/3941 3940/3940/3940
f 3945/3945/3945 3944/3944/3944 3943/3943/3943
f 3948/3948/3948 3947/3947/3947 3946/3946/3946
f 3948/3948/3948 3767/3767/3767 3947/3947/3947
f 3767/3767/3767 3762/3762/3762 3947/3947/3947
f 3769/3769/3769 3767/3767/3767 3948/3948/3948
f 3947/3947/3947 3949/3949/3949 3946/3946/3946
f 3763/3763/3763 3949/3949/3949 3947/3947/3947
f 3762/3762/3762 3763/3763/3763 3947/3947/3947
f 3763/3763/3763 3765/3765/3765 3949/3949/3949
f 3765/3765/3765 3950/3950/3950 3949/3949/3949
f 3950/3950/3950 3765/3765/3765 3951/3951/3951
f 3950/3950/3950 3951/3951/3951 3952/3952/3952
f 3952/3952/3952 3951/3951/3951 3953/3953/3953
f 3954/3954/3954 3950/3950/3950 3952/3952/3952
f 3955/3955/3955 3952/3952/3952 3953/3953/3953
f 3956/3956/3956 3954/3954/3954 3952/3952/3952
f 3955/3955/3955 3956/3956/3956 3952/3952/3952
f 3265/3265/3265 3956/3956/3956 3955/3955/3955
f 3263/3263/3263 3265/3265/3265 3955/3955/3955
f 3263/3263/3263 3955/3955/3955 3957/3957/3957
f 3262/3262/3262 3263/3263/3263 3957/3957/3957
f 3960/3960/3960 3959/3959/3959 3958/3958/3958
f 3963/3963/3963 3962/3962/3962 3961/3961/3961
f 3964/3964/3964 3963/3963/3963 3961/3961/3961
f 3963/3963/3963 3965/3965/3965 3962/3962/3962
f 3966/3966/3966 3963/3963/3963 3964/3964/3964
f 3967/3967/3967 3965/3965/3965 3963/3963/3963
f 3966/3966/3966 3967/3967/3967 3963/3963/3963
f 3970/3970/3970 3969/3969/3969 3968/3968/3968
f 3047/3047/3047 3085/3085/3085 3084/3084/3084
f 3046/3046/3046 3047/3047/3047 3084/3084/3084
f 3047/3047/3047 3049/3049/3049 3085/3085/3085
f 3973/3973/3973 3972/3972/3972 3971/3971/3971
f 3974/3974/3974 3973/3973/3973 3971/3971/3971
f 3972/3972/3972 3975/3975/3975 3971/3971/3971
f 3975/3975/3975 3976/3976/3976 3971/3971/3971
f 3975/3975/3975 3977/3977/3977 3976/3976/3976
f 3977/3977/3977 3978/3978/3978 3976/3976/3976
f 3981/3981/3981 3980/3980/3980 3979/3979/3979
f 3982/3982/3982 3981/3981/3981 3979/3979/3979
f 3985/3985/3985 3984/3984/3984 3983/3983/3983
f 3986/3986/3986 3985/3985/3985 3983/3983/3983
f 3989/3989/3989 3988/3988/3988 3987/3987/3987
f 3990/3990/3990 3989/3989/3989 3987/3987/3987
f 3993/3993/3993 3992/3992/3992 3991/3991/3991
f 3994/3994/3994 3993/3993/3993 3991/3991/3991
