g Coffeemaker
v -0.2245869 0.24936728 -0.11358981
v -0.20500132 0.15916273 -0.086462885
v -0.1973976 0.15912426 -0.12559795
v -0.21261944 0.24932882 -0.1571224
v -0.24974309 -0.2721212 -0.15893695
v -0.25743467 -0.29029098 -0.15842181
v -0.23679817 -0.29029098 -0.20419484
v -0.23367548 -0.2735218 -0.20169497
v -0.20500132 0.15916273 -0.086462885
v -0.19557463 0.14717963 -0.08469505
v -0.19058983 0.15024649 -0.11933317
v -0.1973976 0.15912426 -0.12559795
v 0.17283936 0.24936728 -0.2392003
v 0.2381425 0.24936731 -0.22892143
v 0.2381425 0.36277366 -0.22892144
v 0.17283936 0.36277366 -0.2392003
v 0.17283936 0.15916276 -0.2392003
v 0.2381425 0.15916276 -0.22892144
v 0.23814249 0.095523514 -0.22892144
v 0.17283936 0.09552351 -0.2392003
v 0.17283936 -0.06354192 -0.2392003
v 0.2381425 -0.06354192 -0.22892144
v 0.23814249 -0.22042656 -0.22892143
v 0.17283936 -0.22042656 -0.2392003
v 0.17283936 -0.29029098 -0.2392003
v 0.2381425 -0.29029098 -0.22892144
v 0.17283936 -0.33599055 -0.2392003
v 0.2381425 -0.33599055 -0.22892143
v 0.23814249 -0.37626952 -0.22892144
v 0.17283936 -0.37626952 -0.2392003
v 0.17283936 -0.39457816 -0.2392003
v 0.2381425 -0.39457813 -0.22892144
v 0.17283936 0.36277366 -0.2392003
v 0.17283936 0.3921196 -0.22892144
v 0.105062805 0.3921196 -0.22892143
v 0.105062805 0.36277366 -0.2392003
v 0.06634934 0.3921196 -0.22740018
v 0.066392414 0.36277366 -0.23738103
v 0.17283936 0.36277366 -0.2392003
v 0.2381425 0.36277366 -0.22892144
v 0.22121207 0.38451144 -0.22092673
v 0.17283936 0.3921196 -0.22892144
v -0.19244502 -0.40007073 0.22660919
v -0.14086302 -0.40007073 0.23030193
v -0.14086305 -0.40190157 0.14919244
v -0.19532718 -0.40190157 0.14919244
v -0.095081955 -0.40190157 0.14919244
v -0.09508192 -0.40007073 0.23030193
v -0.22985671 -0.39864677 0.20368633
v -0.25165153 -0.40007067 0.14919244
v -0.19532718 -0.40190157 0.094097815
v -0.25165153 -0.40007067 0.0940978
v -0.19532718 -0.40190157 0.005326836
v -0.25165153 -0.40007073 0.0053268354
v -0.04930081 -0.40007073 0.23030193
v -0.04930083 -0.40190157 0.14919244
v -0.14086305 -0.40190157 0.094097815
v -0.04930084 -0.40190157 0.094097815
v 0.04174486 -0.40190157 0.14919244
v 0.04174486 -0.40190157 0.094097815
v 0.10506279 -0.40190157 0.094097815
v 0.105062775 -0.40190157 0.14919244
v 0.17283933 -0.40190157 0.0940978
v 0.17283933 -0.40190157 0.14919244
v 0.105062805 -0.40007073 0.23030193
v 0.17283936 -0.40007073 0.23030193
v 0.22121207 -0.39864677 0.22338097
v 0.23814249 -0.40007067 0.14919244
v 0.23814246 -0.40007073 0.0940978
v 0.041744888 -0.40007073 0.23030193
v 0.04174486 -0.40190157 0.005326836
v -0.04930084 -0.40190157 0.005326836
v 0.105062775 -0.40190157 0.0053268354
v 0.17283933 -0.40190157 0.0053268317
v 0.23814246 -0.40007073 0.00532683
v 0.041744865 -0.40190157 -0.05048247
v 0.105062775 -0.40190157 -0.05048247
v 0.04174486 -0.40190157 -0.11515941
v 0.105062775 -0.40190157 -0.115159415
v 0.041744865 -0.40190157 -0.16254291
v 0.105062775 -0.40190157 -0.1625429
v -0.04930085 -0.40190157 -0.16254291
v -0.049300842 -0.40190157 -0.11515941
v 0.04174488 -0.40007073 -0.22892144
v 0.105062805 -0.40007073 -0.22892144
v 0.17283936 -0.40007073 -0.22892143
v 0.17283933 -0.40190157 -0.16254291
v 0.23814249 -0.40007073 -0.16254291
v 0.22121207 -0.39864677 -0.22092673
v 0.23814246 -0.40007073 -0.115159415
v 0.17283933 -0.40190157 -0.115159415
v -0.04930083 -0.40007073 -0.22892143
v -0.095081955 -0.40190157 -0.1625429
v -0.095081955 -0.40190157 -0.11515941
v -0.095081955 -0.40007073 -0.22892144
v -0.14086305 -0.40007073 -0.22892143
v -0.14086308 -0.40190157 -0.1625429
v -0.19316107 -0.40007073 -0.22531547
v -0.19501776 -0.40190157 -0.16202776
v -0.14086305 -0.40190157 -0.11515941
v -0.19532718 -0.40190157 -0.11515941
v -0.24948539 -0.40007073 -0.15893695
v -0.25165153 -0.40007073 -0.11515941
v -0.14086305 -0.40190157 -0.05048247
v -0.19532718 -0.40190157 -0.05048247
v -0.14086305 -0.40190157 0.005326836
v -0.095081955 -0.40190157 0.005326836
v -0.095081955 -0.40190157 -0.05048247
v -0.095081955 -0.40190157 0.094097815
v -0.04930084 -0.40190157 -0.05048247
v -0.25165153 -0.40007073 -0.05048247
v 0.17283936 0.24936728 -0.2392003
v 0.17283936 0.36277366 -0.2392003
v 0.105062805 0.36277366 -0.2392003
v 0.105062805 0.24936731 -0.2392003
v 0.17283936 0.15916276 -0.2392003
v 0.105062805 0.15916276 -0.2392003
v 0.105062805 0.095523514 -0.2392003
v 0.17283936 0.09552351 -0.2392003
v 0.17283936 -0.06354192 -0.2392003
v 0.105062805 -0.06354192 -0.2392003
v 0.105062805 -0.22042656 -0.2392003
v 0.17283936 -0.22042656 -0.2392003
v 0.17283936 -0.29029098 -0.2392003
v 0.105062805 -0.29029098 -0.2392003
v 0.17283936 -0.33599055 -0.2392003
v 0.105062805 -0.33599055 -0.2392003
v 0.105062805 -0.37626952 -0.2392003
v 0.041744888 -0.33599055 -0.2392003
v 0.041744884 -0.37626952 -0.2392003
v 0.041744884 -0.39457816 -0.2392003
v 0.105062805 -0.39457816 -0.2392003
v 0.17283936 -0.37626952 -0.2392003
v 0.17283936 -0.39457816 -0.2392003
v -0.049300816 -0.37626952 -0.2392003
v -0.049300823 -0.39457816 -0.2392003
v -0.049300812 -0.33599055 -0.2392003
v -0.049300805 -0.29029098 -0.2392003
v 0.041744888 -0.29029098 -0.2392003
v -0.09508192 -0.33599055 -0.2392003
v -0.09508191 -0.29029098 -0.2392003
v -0.09508192 -0.37626952 -0.2392003
v -0.09508194 -0.39457816 -0.2392003
v -0.14086302 -0.29029098 -0.2392003
v -0.14086303 -0.33599055 -0.2392003
v -0.14086303 -0.37626952 -0.2392003
v -0.14086305 -0.39457816 -0.2392003
v -0.19226661 0.24921338 0.18770452
v -0.212879 0.24932882 0.17918098
v -0.23229343 0.36273518 0.20669992
v -0.19226661 0.24921338 0.18770452
v -0.23229343 0.36273518 0.20669992
v -0.2115607 0.36261973 0.21899833
v -0.2115607 0.36261973 0.21899833
v -0.21760294 0.39196572 0.21937339
v -0.18459663 0.3917876 0.22530456
v -0.1794102 0.3624416 0.22508891
v -0.2115607 0.36261973 0.21899833
v -0.23229343 0.36273518 0.20669992
v -0.23233922 0.384443 0.20818877
v -0.21760294 0.39196572 0.21937339
v -0.22661382 0.4017477 0.14919244
v -0.18807462 0.40156955 0.14919244
v -0.18459663 0.3917876 0.22530456
v -0.21760294 0.39196572 0.21937339
v -0.13904996 0.40134293 0.14919244
v -0.13766128 0.39156097 0.22730604
v -0.0837614 0.39131013 0.22734262
v -0.08478253 0.4010921 0.14919244
v -0.0305151 0.40084124 0.14919244
v -0.029861506 0.39105925 0.2273792
v 0.013700865 0.391035 0.22577813
v 0.013344329 0.40081704 0.14919244
v 0.036387753 0.40124598 0.14919244
v 0.036588214 0.391464 0.22090171
v 0.05441075 0.3919557 0.21800545
v 0.05428883 0.40173766 0.14919244
v 0.2599102 0.15916276 0.14919244
v 0.2599102 0.09552351 0.14919244
v 0.23814249 0.095523514 0.23030193
v 0.2381425 0.15916276 0.23030193
v 0.2599102 -0.06354192 0.14919244
v 0.2381425 -0.06354192 0.23030193
v 0.23814249 -0.22042656 0.23030193
v 0.2599102 -0.22042656 0.14919244
v 0.2381425 0.24936731 0.23030193
v 0.2599102 0.24936728 0.14919244
v 0.2599102 -0.29029098 0.14919244
v 0.2381425 -0.29029098 0.23030193
v 0.2599102 -0.33599055 0.14919244
v 0.2381425 -0.33599055 0.23030193
v 0.23814249 -0.3762695 0.23030193
v 0.2599102 -0.3762695 0.14919244
v 0.2599102 -0.39457813 0.14919244
v 0.2381425 -0.39457816 0.23030193
v 0.2381425 0.36277366 0.23030193
v 0.2599102 0.36277366 0.14919244
v -0.19244504 -0.2721212 0.22711362
v -0.19203332 -0.29029098 0.23498003
v -0.2318883 -0.29029098 0.20498025
v -0.22985671 -0.2735218 0.20368633
v -0.25991023 -0.29029098 0.14919244
v -0.2526823 -0.2721212 0.14919244
v -0.22985671 -0.2735218 0.20368633
v -0.2318883 -0.29029098 0.20498025
v -0.17421034 0.14308268 0.11358365
v -0.19560854 0.14717963 0.11124158
v -0.1906071 0.15024649 0.15195629
v -0.17488772 0.14706422 0.15549177
v 0.0019513248 -0.27032045 0.17606838
v 0.04174488 -0.2721212 0.23030193
v -0.04930083 -0.2721212 0.23383304
v -0.049300827 -0.27032045 0.18706249
v 0.0019513228 -0.27032045 0.15455133
v 0.023863455 -0.27032045 0.14919244
v -0.09508194 -0.27032045 0.19407395
v -0.095081955 -0.2721212 0.23433748
v -0.14189382 -0.27032045 0.18623829
v -0.14086305 -0.2721212 0.23383304
v 0.041744865 -0.27032045 0.17220643
v 0.041744865 -0.27032045 0.14919244
v 0.0032396587 -0.27179372 0.13110946
v 0.027413577 -0.27032045 0.09409782
v 0.043787755 -0.27032045 0.0940978
v 0.04730343 -0.27032045 0.03167309
v -0.20151182 -0.27032045 0.15441395
v -0.19244504 -0.2721212 0.22711362
v -0.2526823 -0.2721212 0.14919244
v -0.22985671 -0.2735218 0.20368633
v 0.066349335 0.3921196 0.22831264
v 0.06639241 0.36277366 0.23684613
v 0.054776434 0.36260974 0.22363223
v 0.05441075 0.3919557 0.21800545
v -0.2318883 -0.33599055 0.20498025
v -0.25991023 -0.33599055 0.14919244
v -0.25991023 -0.29029098 0.14919244
v -0.2318883 -0.29029098 0.20498025
v -0.2318883 -0.37626952 0.20498025
v -0.25991023 -0.3762695 0.14919244
v -0.25991023 -0.39457813 0.14919244
v -0.2318883 -0.39457813 0.20498025
v -0.2318883 -0.29029098 0.20498025
v -0.19203332 -0.29029098 0.23498003
v -0.19203332 -0.33599055 0.23498003
v -0.2318883 -0.33599055 0.20498025
v -0.2318883 -0.37626952 0.20498025
v -0.1920333 -0.37626952 0.23498003
v -0.2318883 -0.39457813 0.20498025
v -0.1920333 -0.39457816 0.23498003
v 0.065981336 -0.06354192 0.14919244
v 0.064241216 0.091541976 0.14899668
v 0.066446915 0.112700224 0.23181514
v 0.06845474 -0.06354192 0.23030193
v 0.06580984 -0.23838836 0.23350534
v 0.06323994 -0.21862581 0.14919244
v 0.065981336 -0.06354192 0.0940978
v 0.064241216 0.091541976 0.09409756
v 0.06347101 -0.21862581 0.0940978
v 0.065981336 -0.06354192 0.03167309
v 0.064241216 0.091541976 0.031825166
v 0.063868664 -0.21862581 0.031673085
v 0.064241216 0.091541976 0.0055431924
v 0.065981336 -0.06354192 0.0053268317
v 0.065981336 -0.06354192 -0.05048248
v 0.06395072 -0.21862581 0.00532683
v 0.063678496 -0.21862581 -0.05048248
v 0.064241216 0.091541976 -0.050129946
v 0.065981336 -0.06354192 -0.115159415
v 0.06329646 -0.21862581 -0.115159415
v 0.065981336 -0.06354192 -0.16254291
v 0.06323994 -0.21862581 -0.16254291
v 0.06845475 -0.06354192 -0.22892144
v 0.06580984 -0.23838836 -0.23262183
v 0.064241216 0.091541976 -0.1618036
v 0.06644692 0.112700224 -0.23121619
v 0.064241216 0.091541976 -0.11466435
v 0.065981336 -0.06354192 -0.16254291
v -0.19501776 -0.40190157 -0.16202776
v -0.23367548 -0.39864677 -0.20169497
v 0.17283933 0.40190157 0.14919244
v 0.23814249 0.3921196 0.14919244
v 0.22121207 0.38451144 0.22338097
v 0.17283936 0.3921196 0.23030193
v 0.06580984 -0.23838836 -0.23262183
v 0.105062805 -0.29029098 -0.2392003
v 0.105062805 -0.22042656 -0.2392003
v 0.06845475 -0.06354192 -0.22892144
v 0.06580984 -0.23838836 -0.23262183
v 0.105062805 -0.22042656 -0.2392003
v 0.105062805 -0.06354192 -0.2392003
v 0.06644692 0.112700224 -0.23121619
v 0.105062805 0.095523514 -0.2392003
v -0.23679817 -0.29029098 -0.20419484
v -0.25743467 -0.29029098 -0.15842181
v -0.25743467 -0.33599055 -0.15842181
v -0.23679817 -0.33599055 -0.20419484
v -0.23679817 -0.3762695 -0.20419484
v -0.25743467 -0.3762695 -0.15842181
v -0.23679817 -0.39457816 -0.20419484
v -0.25743467 -0.3945781 -0.15842181
v 0.17283933 -0.06354192 0.2392003
v 0.2381425 -0.06354192 0.23030193
v 0.23814249 -0.22042656 0.23030193
v 0.17283936 -0.22042656 0.2392003
v 0.23814249 0.095523514 0.23030193
v 0.17283936 0.09552351 0.2392003
v 0.17283933 -0.29029098 0.2392003
v 0.2381425 -0.29029098 0.23030193
v 0.17283933 -0.33599055 0.2392003
v 0.2381425 -0.33599055 0.23030193
v 0.23814249 -0.3762695 0.23030193
v 0.17283936 -0.37626952 0.2392003
v 0.17283933 -0.39457816 0.2392003
v 0.2381425 -0.39457816 0.23030193
v 0.17283933 0.15916276 0.2392003
v 0.2381425 0.15916276 0.23030193
v 0.2381425 0.24936731 0.23030193
v 0.17283933 0.24936728 0.2392003
v 0.2381425 0.36277366 0.23030193
v 0.17283933 0.36277366 0.2392003
v 0.17283933 -0.06354192 0.2392003
v 0.105062805 -0.06354192 0.2392003
v 0.105062805 0.095523514 0.2392003
v 0.17283936 0.09552351 0.2392003
v 0.105062805 -0.22042656 0.2392003
v 0.17283936 -0.22042656 0.2392003
v 0.17283933 -0.29029098 0.2392003
v 0.105062805 -0.29029098 0.2392003
v 0.17283933 -0.33599055 0.2392003
v 0.105062805 -0.33599055 0.2392003
v 0.041744888 -0.33599055 0.2392003
v 0.041744888 -0.37626952 0.2392003
v 0.105062805 -0.37626952 0.2392003
v 0.041744888 -0.29029098 0.2392003
v 0.17283936 -0.37626952 0.2392003
v 0.041744888 -0.39457816 0.2392003
v 0.105062805 -0.39457816 0.2392003
v 0.17283933 -0.39457816 0.2392003
v 0.17283933 0.15916276 0.2392003
v 0.105062805 0.15916276 0.2392003
v 0.105062805 0.24936731 0.2392003
v 0.17283933 0.24936728 0.2392003
v 0.105062805 0.36277366 0.2392003
v 0.17283933 0.36277366 0.2392003
v -0.049300816 -0.33599055 0.2392003
v -0.04930083 -0.29029098 0.2392003
v -0.09508194 -0.33599055 0.2392003
v -0.095081955 -0.29029098 0.2392003
v -0.14086305 -0.33599055 0.2392003
v -0.14086305 -0.29029098 0.2392003
v -0.14086305 -0.37626952 0.2392003
v -0.09508194 -0.37626952 0.2392003
v -0.14086303 -0.39457816 0.2392003
v -0.09508192 -0.39457816 0.2392003
v -0.049300812 -0.37626952 0.2392003
v -0.04930081 -0.39457816 0.2392003
v 0.041744888 -0.2721212 -0.22892143
v 0.041744888 -0.29029098 -0.2392003
v 0.06580984 -0.23838836 -0.23262183
v 0.17283933 0.36277366 0.2392003
v 0.17283936 0.3921196 0.23030193
v 0.22121207 0.38451144 0.22338097
v 0.2381425 0.36277366 0.23030193
v 0.17283933 0.36277366 0.2392003
v 0.105062805 0.36277366 0.2392003
v 0.105062805 0.3921196 0.23030193
v 0.17283936 0.3921196 0.23030193
v -0.19226661 0.24921338 0.18770452
v -0.2115607 0.36261973 0.21899833
v -0.1794102 0.3624416 0.22508891
v -0.16038142 0.24903525 0.19100386
v 0.06669126 0.15916276 -0.23679313
v 0.105062805 0.15916276 -0.2392003
v 0.105062805 0.24936731 -0.2392003
v 0.06655886 0.24936731 -0.23705357
v 0.105062805 0.36277366 -0.2392003
v 0.066392414 0.36277366 -0.23738103
v 0.105062805 0.095523514 0.2392003
v 0.105062805 -0.06354192 0.2392003
v 0.06845474 -0.06354192 0.23030193
v 0.066446915 0.112700224 0.23181514
v 0.06580984 -0.23838836 0.23350534
v 0.105062805 -0.22042656 0.2392003
v 0.057313688 0.15899886 -0.2152924
v 0.06669126 0.15916276 -0.23679313
v 0.06655886 0.24936731 -0.23705357
v 0.056189626 0.24920338 -0.22037241
v 0.054288834 0.40173766 -0.16126318
v 0.054410752 0.3919557 -0.21941255
v 0.06634934 0.3921196 -0.22740018
v 0.06633496 0.40190157 -0.16232961
v 0.105062805 -0.29029098 -0.2392003
v 0.06580984 -0.23838836 -0.23262183
v 0.041744888 -0.29029098 -0.2392003
v 0.17283933 0.40190157 0.14919244
v 0.17283936 0.3921196 0.23030193
v 0.105062805 0.3921196 0.23030193
v 0.105062775 0.40190157 0.14919244
v 0.066334955 0.40190157 0.14919244
v 0.066349335 0.3921196 0.22831264
v 0.105062805 0.3921196 0.23030193
v 0.105062805 0.36277366 0.2392003
v 0.06639241 0.36277366 0.23684613
v 0.066349335 0.3921196 0.22831264
v 0.105062805 -0.22042656 0.2392003
v 0.105062805 -0.29029098 0.2392003
v 0.06580984 -0.23838836 0.23350534
v -0.23367548 -0.2735218 -0.20169497
v -0.23679817 -0.29029098 -0.20419484
v -0.19285162 -0.29029098 -0.23507921
v -0.19316104 -0.2721212 -0.22574829
v 0.06633496 0.40190157 -0.16232961
v 0.06634934 0.3921196 -0.22740018
v 0.105062805 0.3921196 -0.22892143
v 0.105062775 0.40190157 -0.1625429
v 0.17283933 0.40190157 -0.1625429
v 0.17283936 0.3921196 -0.22892144
v 0.06580984 -0.23838836 0.23350534
v 0.041744865 -0.27032045 0.17220643
v 0.06323994 -0.21862581 0.14919244
v -0.14086305 -0.2721212 0.23383304
v -0.14086305 -0.29029098 0.2392003
v -0.19203332 -0.29029098 0.23498003
v -0.19244504 -0.2721212 0.22711362
v -0.19656388 -0.27032045 -0.16527107
v -0.19316104 -0.2721212 -0.22574829
v -0.14086302 -0.2721212 -0.23195113
v -0.14112073 -0.27032045 -0.18533307
v -0.24974309 -0.2721212 -0.15893695
v -0.23367548 -0.2735218 -0.20169497
v -0.09508191 -0.2721212 -0.23238395
v -0.095081925 -0.27032045 -0.18901137
v -0.04930081 -0.2721212 -0.23195113
v -0.049300827 -0.27032045 -0.18533307
v 0.041744888 -0.2721212 -0.22892143
v 0.04174487 -0.27032045 -0.16254291
v 0.22121207 0.38451144 0.22338097
v 0.23814249 0.3921196 0.14919244
v 0.2599102 0.36277366 0.14919244
v 0.2381425 0.36277366 0.23030193
v 0.17283936 0.3921196 -0.22892144
v 0.22121207 0.38451144 -0.22092673
v 0.23814249 0.3921196 -0.1625429
v 0.17283933 0.40190157 -0.1625429
v 0.23814249 0.095523514 -0.22892144
v 0.2381425 -0.06354192 -0.22892144
v 0.2599102 -0.06354192 -0.1625429
v 0.25991023 0.095523514 -0.1625429
v 0.25991023 -0.22042656 -0.1625429
v 0.23814249 -0.22042656 -0.22892143
v 0.2599102 -0.29029098 -0.1625429
v 0.2381425 -0.29029098 -0.22892144
v 0.2381425 -0.33599055 -0.22892143
v 0.2599102 -0.33599055 -0.1625429
v 0.2599102 -0.3762695 -0.1625429
v 0.23814249 -0.37626952 -0.22892144
v 0.2599102 -0.3945781 -0.1625429
v 0.2381425 -0.39457813 -0.22892144
v 0.2381425 0.15916276 -0.22892144
v 0.2599102 0.15916276 -0.1625429
v 0.2599102 0.24936731 -0.1625429
v 0.2381425 0.24936731 -0.22892143
v 0.2599102 0.36277366 -0.1625429
v 0.2381425 0.36277366 -0.22892144
v -0.14257349 0.14290455 -0.0974162
v -0.14323992 0.14688608 -0.13025828
v -0.1748812 0.14706421 -0.12501504
v -0.17421034 0.14308268 -0.08897036
v -0.10289429 0.14665948 -0.13679448
v -0.10232907 0.14267795 -0.10815993
v -0.05778088 0.1424271 -0.1200526
v -0.058196492 0.14640865 -0.14397715
v -0.013498683 0.14615782 -0.15115982
v -0.013232679 0.14217626 -0.13194528
v 0.022771575 0.14215204 -0.14246362
v 0.022626486 0.14613359 -0.16317289
v -0.19285162 -0.29029098 -0.23507921
v -0.23679817 -0.29029098 -0.20419484
v -0.23679817 -0.33599055 -0.20419484
v -0.19285162 -0.33599055 -0.23507921
v -0.19557463 0.14717963 -0.08469505
v -0.17421034 0.14308268 -0.08897036
v -0.1748812 0.14706421 -0.12501504
v -0.19058983 0.15024649 -0.11933317
v -0.24753329 0.39208114 -0.15690449
v -0.2318897 0.384443 -0.2004668
v -0.21724987 0.39196572 -0.21440993
v -0.22551158 0.4017477 -0.16100192
v -0.21724987 0.39196572 -0.21440993
v -0.18450835 0.3917876 -0.22232583
v -0.18779907 0.40156955 -0.16215764
v -0.22551158 0.4017477 -0.16100192
v -0.13904996 0.40134293 -0.1625429
v -0.13766126 0.39156097 -0.22512913
v -0.084782526 0.4010921 -0.16254291
v -0.08376138 0.39131013 -0.22537613
v -0.030515095 0.40084124 -0.16254291
v -0.029861502 0.39105925 -0.22562313
v 0.013344333 0.40081704 -0.16232961
v 0.013700871 0.39103508 -0.22466853
v 0.036387756 0.40124598 -0.16168976
v 0.036588218 0.39146402 -0.22131078
v 0.054288834 0.40173766 -0.16126318
v 0.054410752 0.3919557 -0.21941255
v 0.22121207 0.38451144 -0.22092673
v 0.2381425 0.36277366 -0.22892144
v 0.2599102 0.36277366 -0.1625429
v 0.23814249 0.3921196 -0.1625429
v -0.2245869 0.24936728 -0.11358981
v -0.21261944 0.24932882 -0.1571224
v -0.23175651 0.36273518 -0.19675536
v -0.24921012 0.36277366 -0.14769414
v -0.2536396 -0.2721212 -0.11515942
v -0.25991023 -0.29029098 -0.11515942
v -0.25743467 -0.29029098 -0.15842181
v -0.24974309 -0.2721212 -0.15893695
v -0.24937885 0.39208114 -0.11228115
v -0.25108114 0.36277366 -0.10364635
v -0.24921012 0.36277366 -0.14769414
v -0.24753329 0.39208114 -0.15690449
v -0.24937885 0.39208114 -0.048432883
v -0.25108114 0.36277366 -0.042284068
v -0.24937885 0.39208114 0.0065847356
v -0.25108114 0.36277366 0.010358455
v -0.25108114 0.36277366 0.09409231
v -0.24937885 0.39208114 0.09409644
v -0.24937885 0.39208114 0.14805421
v -0.25108114 0.36277366 0.14463948
v 0.2599102 -0.29029098 -0.1625429
v 0.2599102 -0.33599055 -0.1625429
v 0.2599102 -0.33599055 -0.11515941
v 0.2599102 -0.29029098 -0.11515941
v 0.2599102 -0.3762695 -0.11515941
v 0.2599102 -0.3762695 -0.1625429
v 0.2599102 -0.3945781 -0.115159415
v 0.2599102 -0.3945781 -0.1625429
v 0.25991023 -0.22042656 -0.1625429
v 0.2599102 -0.22042656 -0.11515941
v 0.2599102 -0.06354192 -0.1625429
v 0.2599102 -0.06354192 -0.11515941
v 0.25991023 0.095523514 -0.1625429
v 0.2599102 0.095523514 -0.11515941
v 0.2599102 0.15916276 -0.1625429
v 0.2599102 0.15916276 -0.11515941
v 0.2599102 0.24936731 -0.11515941
v 0.2599102 0.24936731 -0.1625429
v 0.2599102 0.36277366 -0.1625429
v 0.2599102 0.36277366 -0.11515941
v 0.2599102 0.095523514 -0.05048247
v 0.2599102 0.15916276 -0.05048247
v 0.2599102 0.095523514 0.005326836
v 0.2599102 -0.06354192 0.005326836
v 0.2599102 0.09552351 0.094097815
v 0.2599102 0.15916276 0.09409782
v 0.2599102 0.15916276 0.005326836
v 0.2599102 -0.06354192 0.09409782
v 0.2599102 0.09552351 0.14919244
v 0.2599102 -0.06354192 0.14919244
v 0.2599102 -0.22042656 0.14919244
v 0.2599102 -0.22042656 0.094097815
v 0.2599102 -0.29029098 0.09409782
v 0.2599102 -0.29029098 0.14919244
v 0.2599102 -0.33599055 0.09409782
v 0.2599102 -0.33599055 0.14919244
v 0.2599102 -0.3762695 0.14919244
v 0.2599102 -0.3762695 0.094097815
v 0.2599102 -0.39457813 0.0940978
v 0.2599102 -0.39457813 0.14919244
v 0.2599102 -0.3945781 0.0053268317
v 0.2599102 -0.3762695 0.0053268354
v 0.2599102 -0.29029098 0.005326836
v 0.2599102 -0.33599055 0.005326836
v 0.2599102 -0.22042656 0.005326836
v 0.2599102 -0.33599055 -0.05048247
v 0.2599102 -0.29029098 -0.05048247
v 0.2599102 -0.22042656 -0.05048247
v 0.2599102 -0.06354192 -0.05048247
v 0.2599102 -0.3762695 -0.05048247
v 0.2599102 -0.3945781 -0.05048248
v -0.2254914 0.24936728 -0.070689484
v -0.20513707 0.15916273 -0.04470498
v -0.20500132 0.15916273 -0.086462885
v -0.2245869 0.24936728 -0.11358981
v -0.24921012 0.36277366 -0.14769414
v -0.25108114 0.36277366 -0.10364635
v -0.2254914 0.24936728 -0.021718523
v -0.20513707 0.15916273 -0.0071429377
v -0.25108114 0.36277366 -0.042284068
v -0.2254914 0.24936728 0.019298578
v -0.20513707 0.15916273 0.023400303
v -0.2254914 0.24936728 0.08611975
v -0.20513707 0.15916273 0.077207215
v -0.20513707 0.15916273 0.11186014
v -0.2254914 0.24936728 0.12702276
v -0.25108114 0.36277366 0.09409231
v -0.25108114 0.36277366 0.14463948
v -0.25108114 0.36277366 0.010358455
v 0.05751212 0.14307271 -0.15576896
v 0.064241216 0.091541976 -0.1618036
v 0.06644692 0.112700224 -0.23121619
v 0.05746253 0.14705424 -0.20692126
v -0.20513707 0.15916273 -0.04470498
v -0.19560854 0.14717963 -0.04320715
v -0.19557463 0.14717963 -0.08469505
v -0.20500132 0.15916273 -0.086462885
v -0.20513707 0.15916273 -0.0071429377
v -0.19560856 0.14717963 -0.006588815
v -0.20513707 0.15916273 0.023400303
v -0.19560854 0.14717963 0.023172442
v -0.20513707 0.15916273 0.077207215
v -0.19560854 0.14717963 0.076912746
v -0.19560854 0.14717963 0.11124158
v -0.20513707 0.15916273 0.11186014
v -0.2526823 -0.2721212 0.14919244
v -0.2072246 -0.27179372 0.1309776
v -0.20151182 -0.27032045 0.15441395
v 0.066334955 0.40190157 0.005326836
v 0.066334955 0.40190157 -0.05048247
v 0.105062775 0.40190157 -0.05048247
v 0.105062775 0.40190157 0.005326836
v 0.05428883 0.4017377 0.005326836
v 0.05428883 0.40173766 -0.05048247
v 0.10506279 0.40190157 0.094097815
v 0.17283933 0.40190157 0.005326836
v 0.17283933 0.40190157 0.09409782
v 0.105062775 0.40190157 0.14919244
v 0.17283933 0.40190157 0.14919244
v 0.066334955 0.40190157 0.094097815
v 0.066334955 0.40190157 0.14919244
v 0.05428883 0.4017377 0.094097815
v 0.05428883 0.40173766 0.14919244
v 0.036387753 0.40124598 0.09409782
v 0.036387753 0.40124598 0.14919244
v 0.013344329 0.40081704 0.14919244
v 0.013344329 0.40081704 0.094097815
v 0.036387753 0.40124598 0.005326836
v 0.013344328 0.40081704 0.005326836
v 0.013344328 0.40081704 -0.05048247
v 0.036387753 0.40124598 -0.05048247
v -0.0305151 0.40084124 -0.05048247
v -0.0305151 0.40084124 0.005326836
v -0.08478253 0.4010921 -0.05048247
v -0.08478253 0.4010921 0.005326836
v -0.13904996 0.40134293 -0.05048247
v -0.13904996 0.40134293 0.005326836
v -0.13904996 0.40134293 0.09409782
v -0.08478253 0.4010921 0.094097815
v -0.08478253 0.4010921 0.14919244
v -0.13904996 0.40134293 0.14919244
v -0.0305151 0.40084124 0.14919244
v -0.0305151 0.40084124 0.09409782
v -0.18807465 0.40156955 0.0940978
v -0.18807465 0.40156955 0.0053268354
v -0.22661382 0.4017477 0.0940978
v -0.18807462 0.40156955 0.14919244
v -0.22661382 0.4017477 0.14919244
v -0.22661382 0.4017477 0.0053268317
v -0.22661382 0.4017477 -0.05048248
v -0.18807465 0.40156955 -0.05048247
v -0.22661382 0.4017477 -0.115159415
v -0.18807465 0.40156955 -0.115159415
v -0.22551158 0.4017477 -0.16100192
v -0.18779907 0.40156955 -0.16215764
v -0.13904996 0.40134293 -0.11515941
v -0.13904996 0.40134293 -0.1625429
v -0.08478253 0.4010921 -0.11515941
v -0.084782526 0.4010921 -0.16254291
v -0.0305151 0.40084124 -0.11515941
v -0.030515095 0.40084124 -0.16254291
v 0.013344328 0.40081704 -0.11515941
v 0.013344333 0.40081704 -0.16232961
v 0.036387753 0.40124598 -0.11515941
v 0.036387756 0.40124598 -0.16168976
v 0.05428883 0.40173766 -0.11515941
v 0.054288834 0.40173766 -0.16126318
v 0.06633496 0.40190157 -0.16232961
v 0.066334955 0.40190157 -0.11515941
v 0.105062775 0.40190157 -0.1625429
v 0.105062775 0.40190157 -0.11515941
v 0.17283933 0.40190157 -0.11515941
v 0.17283933 0.40190157 -0.1625429
v 0.17283933 0.40190157 -0.05048247
v 0.06655885 0.24936731 0.23651868
v 0.056189615 0.24920338 0.21748497
v 0.054776434 0.36260974 0.22363223
v 0.06639241 0.36277366 0.23684613
v -0.013232682 0.14217626 0.13832074
v 0.02277157 0.14215204 0.14384116
v 0.02277157 0.14215204 0.09318633
v -0.013232682 0.14217626 0.09046456
v 0.041687936 0.14258103 0.09409453
v 0.041687936 0.14258103 0.14645928
v -0.013232682 0.14217626 0.035483856
v 0.02277157 0.14215204 0.03467135
v 0.041687936 0.14258103 0.033796184
v 0.057512112 0.14307271 0.09409581
v 0.057512112 0.14307271 0.032964237
v 0.057512112 0.14307271 0.14753029
v -0.057798203 0.141341 0.058688384
v -0.057780873 0.1424271 0.086835995
v -0.057780873 0.1424271 0.13134918
v -0.10232907 0.14267795 0.08320742
v -0.10232907 0.14267795 0.12437761
v -0.14257349 0.14290455 0.11819333
v -0.14257349 0.14290455 0.08007136
v -0.17421034 0.14308268 0.0779203
v -0.17421034 0.14308268 0.11358365
v 0.022771573 0.14215204 0.010000503
v -0.013232682 0.14217626 0.012380579
v -0.013232682 0.14217626 -0.036032714
v 0.022771573 0.14215204 -0.04212818
v 0.041687936 0.14258103 -0.045560904
v 0.041687936 0.14258103 0.008347366
v 0.057512112 0.14307271 0.0071637565
v 0.057512112 0.14307271 -0.047489442
v -0.046670888 0.14066735 0.014438235
v -0.057798203 0.141341 -0.027912626
v -0.013232682 0.14217626 -0.09282926
v 0.022771573 0.14215204 -0.10291787
v -0.013232679 0.14217626 -0.13194528
v 0.022771575 0.14215204 -0.14246362
v 0.04168794 0.14258103 -0.15023322
v 0.041687936 0.14258103 -0.108248025
v 0.057512112 0.14307271 -0.110956274
v 0.05751212 0.14307271 -0.15576896
v -0.05778088 0.1424271 -0.08036141
v -0.05778088 0.1424271 -0.1200526
v -0.10232907 0.14267795 -0.10815993
v -0.10232907 0.14267795 -0.06789357
v -0.14257349 0.14290455 -0.056635015
v -0.14257349 0.14290455 -0.0974162
v -0.17421034 0.14308268 -0.08897036
v -0.17421034 0.14308268 -0.047795016
v -0.14414017 0.14182718 -0.013858436
v -0.102356136 0.1409809 -0.025854217
v -0.17421034 0.14308268 -0.009343341
v -0.1537376 0.14127022 0.020983998
v -0.17421034 0.14308268 0.022102375
v -0.17421034 0.14308268 0.03828519
v -0.1537376 0.14127022 0.037941836
v -0.14414017 0.14182718 0.056591894
v -0.14257349 0.14290455 0.08007136
v -0.14414017 0.14182718 0.056591894
v -0.10232907 0.14267795 0.08320742
v -0.102356136 0.1409809 0.06308987
v -0.057798203 0.141341 0.058688384
v -0.057780873 0.1424271 0.086835995
v -0.046670888 0.14066735 0.036069736
v -0.013232682 0.14217626 0.035483856
v 0.17283933 0.40190157 0.09409782
v 0.23814246 0.3921196 0.094097815
v 0.23814249 0.3921196 0.14919244
v 0.17283933 0.40190157 0.14919244
v 0.23814246 0.3921196 0.005326836
v 0.17283933 0.40190157 0.005326836
v 0.17283933 0.40190157 -0.05048247
v 0.23814246 0.3921196 -0.05048247
v 0.17283933 0.40190157 -0.11515941
v 0.23814246 0.3921196 -0.11515941
v 0.17283933 0.40190157 -0.1625429
v 0.23814249 0.3921196 -0.1625429
v -0.25743467 -0.29029098 -0.15842181
v -0.25991023 -0.29029098 -0.11515942
v -0.25991023 -0.33599055 -0.11515942
v -0.25743467 -0.33599055 -0.15842181
v -0.25743467 -0.3762695 -0.15842181
v -0.25991023 -0.3762695 -0.115159415
v -0.25743467 -0.3945781 -0.15842181
v -0.25991023 -0.3945781 -0.115159415
v -0.17421034 0.14308268 0.0779203
v -0.19560854 0.14717963 0.076912746
v -0.19560854 0.14717963 0.11124158
v -0.17421034 0.14308268 0.11358365
v -0.17421034 0.14308268 0.03828519
v -0.19560854 0.14717963 0.023172442
v -0.17421034 0.14308268 0.022102375
v -0.17421034 0.14308268 -0.009343341
v -0.19560856 0.14717963 -0.006588815
v -0.17421034 0.14308268 -0.047795016
v -0.19560854 0.14717963 -0.04320715
v -0.17421034 0.14308268 -0.08897036
v -0.19557463 0.14717963 -0.08469505
v -0.22661382 0.4017477 0.0940978
v -0.22661382 0.4017477 0.14919244
v -0.24937885 0.39208114 0.14805421
v -0.24937885 0.39208114 0.09409644
v -0.22661382 0.4017477 0.0053268317
v -0.24937885 0.39208114 0.0065847356
v -0.22661382 0.4017477 -0.05048248
v -0.24937885 0.39208114 -0.048432883
v -0.22661382 0.4017477 -0.115159415
v -0.24937885 0.39208114 -0.11228115
v -0.22551158 0.4017477 -0.16100192
v -0.24753329 0.39208114 -0.15690449
v 0.2599102 0.36277366 0.09409782
v 0.2599102 0.24936728 0.09409782
v 0.2599102 0.24936728 0.14919244
v 0.2599102 0.36277366 0.14919244
v 0.2599102 0.15916276 0.14919244
v 0.2599102 0.24936731 0.005326836
v 0.2599102 0.36277366 0.005326836
v 0.2599102 0.36277366 -0.05048247
v 0.2599102 0.24936731 -0.05048247
v -0.25108114 0.36277366 0.14463948
v -0.23229343 0.36273518 0.20669992
v -0.212879 0.24932882 0.17918098
v -0.2254914 0.24936728 0.12702276
v 0.2599102 0.36277366 0.09409782
v 0.2599102 0.36277366 0.14919244
v 0.23814249 0.3921196 0.14919244
v 0.23814246 0.3921196 0.094097815
v 0.2599102 0.36277366 0.005326836
v 0.23814246 0.3921196 0.005326836
v 0.23814246 0.3921196 -0.05048247
v 0.2599102 0.36277366 -0.05048247
v 0.23814246 0.3921196 -0.11515941
v 0.2599102 0.36277366 -0.11515941
v 0.23814249 0.3921196 -0.1625429
v 0.2599102 0.36277366 -0.1625429
v 0.066349335 0.3921196 0.22831264
v 0.05441075 0.3919557 0.21800545
v 0.05428883 0.40173766 0.14919244
v 0.066334955 0.40190157 0.14919244
v 0.039513294 0.24871172 -0.20682317
v 0.056189626 0.24920338 -0.22037241
v 0.054776445 0.36260974 -0.22675905
v 0.037189543 0.36211807 -0.22582057
v 0.037189543 0.36211807 -0.22582057
v 0.036588218 0.39146402 -0.22131078
v 0.013700871 0.39103508 -0.22466853
v 0.014770412 0.36168906 -0.2264544
v 0.037189543 0.36211807 -0.22582057
v 0.054776445 0.36260974 -0.22675905
v 0.054410752 0.3919557 -0.21941255
v 0.036588218 0.39146402 -0.22131078
v 0.041687936 0.14258103 0.14645928
v 0.02277157 0.14215204 0.14384116
v 0.022626478 0.14613357 0.1691479
v 0.041606374 0.14656256 0.18655942
v 0.05746252 0.14705424 0.20616171
v 0.057512112 0.14307271 0.14753029
v -0.013232682 0.14217626 0.13832074
v -0.013498687 0.1461578 0.16214356
v -0.058196492 0.14640865 0.16034283
v -0.057780873 0.1424271 0.13134918
v -0.10232907 0.14267795 0.12437761
v -0.10289429 0.14665948 0.15854211
v -0.14324155 0.14688608 0.15687916
v -0.14257349 0.14290455 0.11819333
v -0.17421034 0.14308268 0.11358365
v -0.17488772 0.14706422 0.15549177
v 0.056189626 0.24920338 -0.22037241
v 0.06655886 0.24936731 -0.23705357
v 0.066392414 0.36277366 -0.23738103
v 0.056189626 0.24920338 -0.22037241
v 0.066392414 0.36277366 -0.23738103
v 0.054776445 0.36260974 -0.22675905
v 0.064241216 0.091541976 0.14899668
v 0.057512112 0.14307271 0.14753029
v 0.05746252 0.14705424 0.20616171
v 0.066446915 0.112700224 0.23181514
v 0.039513294 0.24871172 -0.20682317
v 0.037189543 0.36211807 -0.22582057
v 0.014770412 0.36168906 -0.2264544
v 0.018903587 0.24828273 -0.1944578
v -0.020323664 0.24830697 -0.1877684
v 0.018903587 0.24828273 -0.1944578
v 0.014770412 0.36168906 -0.2264544
v -0.027900781 0.36171332 -0.22600704
v -0.014296747 0.15810244 -0.15735298
v -0.06885969 0.2485578 -0.18391699
v -0.059443366 0.15835327 -0.15122396
v -0.11739571 0.24880865 -0.18006557
v -0.104589984 0.1586041 -0.14509492
v -0.14523928 0.1588307 -0.13936825
v -0.16033816 0.24903525 -0.17532168
v -0.13349523 0.36221495 -0.22403112
v -0.17932071 0.3624416 -0.22052284
v -0.11739571 0.24880865 -0.18006557
v -0.06885969 0.2485578 -0.18391699
v -0.080698 0.36196414 -0.22501907
v -0.020323664 0.24830697 -0.1877684
v -0.027900781 0.36171332 -0.22600704
v -0.027900781 0.36171332 -0.22600704
v -0.029861502 0.39105925 -0.22562313
v -0.08376138 0.39131013 -0.22537613
v -0.080698 0.36196414 -0.22501907
v 0.013700871 0.39103508 -0.22466853
v 0.014770412 0.36168906 -0.2264544
v -0.13349523 0.36221495 -0.22403112
v -0.13766126 0.39156097 -0.22512913
v 0.05751212 0.14307271 -0.15576896
v 0.05746253 0.14705424 -0.20692126
v 0.041606378 0.14656256 -0.18484677
v 0.04168794 0.14258103 -0.15023322
v 0.022771575 0.14215204 -0.14246362
v 0.04168794 0.14258103 -0.15023322
v 0.041606378 0.14656256 -0.18484677
v 0.022626486 0.14613359 -0.16317289
v 0.039513282 0.24871172 0.20597148
v 0.018903578 0.24828273 0.19699697
v 0.014770403 0.36168906 0.22670808
v 0.037189532 0.36211807 0.22401136
v 0.037189532 0.36211807 0.22401136
v 0.036588214 0.391464 0.22090171
v 0.05441075 0.3919557 0.21800545
v 0.054776434 0.36260974 0.22363223
v 0.037189532 0.36211807 0.22401136
v 0.014770403 0.36168906 0.22670808
v 0.013700865 0.391035 0.22577813
v 0.036588214 0.391464 0.22090171
v -0.19209357 0.24921338 -0.16879293
v -0.16033816 0.24903525 -0.17532168
v -0.17932071 0.3624416 -0.22052284
v -0.21120277 0.36261973 -0.21197397
v -0.21120277 0.36261973 -0.21197397
v -0.21724987 0.39196572 -0.21440993
v -0.2318897 0.384443 -0.2004668
v -0.23175651 0.36273518 -0.19675536
v -0.21120277 0.36261973 -0.21197397
v -0.17932071 0.3624416 -0.22052284
v -0.18450835 0.3917876 -0.22232583
v -0.21724987 0.39196572 -0.21440993
v 0.039513282 0.24871172 0.20597148
v 0.037189532 0.36211807 0.22401136
v 0.054776434 0.36260974 0.22363223
v 0.056189615 0.24920338 0.21748497
v -0.22661382 0.4017477 0.14919244
v -0.21760294 0.39196572 0.21937339
v -0.23233922 0.384443 0.20818877
v -0.24937885 0.39208114 0.14805421
v -0.117395714 0.24880865 0.19248399
v -0.16038142 0.24903525 0.19100386
v -0.1794102 0.3624416 0.22508891
v -0.13349524 0.36221498 0.22721668
v -0.104589984 0.1586041 0.16485727
v -0.14524578 0.1588307 0.16389224
v -0.06885969 0.2485578 0.19305456
v -0.059443373 0.15835327 0.16576523
v -0.17691989 0.15900885 0.16281314
v -0.19226661 0.24921338 0.18770452
v -0.02032367 0.24830699 0.1936251
v -0.014296751 0.15810242 0.1666732
v -0.027900785 0.3617133 0.2275094
v 0.018903578 0.24828273 0.19699697
v 0.014770403 0.36168906 0.22670808
v -0.08069801 0.36196414 0.22736305
v -0.13349524 0.36221498 0.22721668
v -0.13766128 0.39156097 0.22730604
v -0.0837614 0.39131013 0.22734262
v -0.08069801 0.36196414 0.22736305
v -0.18459663 0.3917876 0.22530456
v -0.1794102 0.3624416 0.22508891
v -0.027900785 0.3617133 0.2275094
v -0.029861506 0.39105925 0.2273792
v 0.013700865 0.391035 0.22577813
v 0.014770403 0.36168906 0.22670808
v -0.19209357 0.24921338 -0.16879293
v -0.21120277 0.36261973 -0.21197397
v -0.23175651 0.36273518 -0.19675536
v -0.19209357 0.24921338 -0.16879293
v -0.23175651 0.36273518 -0.19675536
v -0.21261944 0.24932882 -0.1571224
v -0.25108114 0.36277366 0.14463948
v -0.24937885 0.39208114 0.14805421
v -0.23233922 0.384443 0.20818877
v -0.23229343 0.36273518 0.20669992
v -0.23679817 -0.33599055 -0.20419484
v -0.23679817 -0.3762695 -0.20419484
v -0.19285162 -0.37626952 -0.23507921
v -0.19285162 -0.33599055 -0.23507921
v -0.19285163 -0.39457816 -0.23507921
v -0.23679817 -0.39457816 -0.20419484
v 0.041744884 -0.39457816 -0.2392003
v 0.04174488 -0.40007073 -0.22892144
v 0.105062805 -0.40007073 -0.22892144
v 0.105062805 -0.39457816 -0.2392003
v 0.17283936 -0.39457816 -0.2392003
v 0.17283936 -0.40007073 -0.22892143
v -0.049300823 -0.39457816 -0.2392003
v -0.04930083 -0.40007073 -0.22892143
v -0.09508194 -0.39457816 -0.2392003
v -0.095081955 -0.40007073 -0.22892144
v -0.14086305 -0.39457816 -0.2392003
v -0.14086305 -0.40007073 -0.22892143
v -0.19285163 -0.39457816 -0.23507921
v -0.19316107 -0.40007073 -0.22531547
v 0.2599102 -0.39457813 0.14919244
v 0.23814249 -0.40007067 0.14919244
v 0.22121207 -0.39864677 0.22338097
v 0.2381425 -0.39457816 0.23030193
v -0.1920333 -0.39457816 0.23498003
v -0.19244502 -0.40007073 0.22660919
v -0.22985671 -0.39864677 0.20368633
v -0.1920333 -0.39457816 0.23498003
v -0.22985671 -0.39864677 0.20368633
v -0.2318883 -0.39457813 0.20498025
v 0.17283936 -0.39457816 -0.2392003
v 0.17283936 -0.40007073 -0.22892143
v 0.22121207 -0.39864677 -0.22092673
v 0.2381425 -0.39457813 -0.22892144
v -0.25743467 -0.3945781 -0.15842181
v -0.24948539 -0.40007073 -0.15893695
v -0.23367548 -0.39864677 -0.20169497
v -0.23679817 -0.39457816 -0.20419484
v 0.105062805 -0.39457816 0.2392003
v 0.105062805 -0.40007073 0.23030193
v 0.041744888 -0.40007073 0.23030193
v 0.041744888 -0.39457816 0.2392003
v 0.17283933 -0.39457816 0.2392003
v 0.17283936 -0.40007073 0.23030193
v -0.04930081 -0.40007073 0.23030193
v -0.04930081 -0.39457816 0.2392003
v -0.09508192 -0.40007073 0.23030193
v -0.09508192 -0.39457816 0.2392003
v -0.14086302 -0.40007073 0.23030193
v -0.14086303 -0.39457816 0.2392003
v -0.19244502 -0.40007073 0.22660919
v -0.1920333 -0.39457816 0.23498003
v 0.17283933 -0.39457816 0.2392003
v 0.2381425 -0.39457816 0.23030193
v 0.22121207 -0.39864677 0.22338097
v 0.17283936 -0.40007073 0.23030193
v 0.105062805 0.24936731 0.2392003
v 0.06655885 0.24936731 0.23651868
v 0.06639241 0.36277366 0.23684613
v 0.105062805 0.36277366 0.2392003
v 0.105062805 0.15916276 0.2392003
v 0.06669125 0.15916276 0.23625821
v -0.25991023 -0.39457813 0.14919244
v -0.2318883 -0.39457813 0.20498025
v -0.22985671 -0.39864677 0.20368633
v -0.25991023 -0.39457813 0.14919244
v -0.22985671 -0.39864677 0.20368633
v -0.25165153 -0.40007067 0.14919244
v -0.23679817 -0.39457816 -0.20419484
v -0.23367548 -0.39864677 -0.20169497
v -0.19316107 -0.40007073 -0.22531547
v -0.19285163 -0.39457816 -0.23507921
v -0.14086305 -0.33599055 0.2392003
v -0.14086305 -0.37626952 0.2392003
v -0.1920333 -0.37626952 0.23498003
v -0.19203332 -0.33599055 0.23498003
v -0.1920333 -0.39457816 0.23498003
v -0.14086303 -0.39457816 0.2392003
v -0.19203332 -0.29029098 0.23498003
v -0.14086305 -0.29029098 0.2392003
v 0.2381425 -0.39457813 -0.22892144
v 0.22121207 -0.39864677 -0.22092673
v 0.23814249 -0.40007073 -0.16254291
v 0.2599102 -0.3945781 -0.1625429
v -0.2254914 0.24936728 0.12702276
v -0.212879 0.24932882 0.17918098
v -0.19743657 0.15912426 0.1572921
v -0.20513707 0.15916273 0.11186014
v -0.25991023 -0.3945781 -0.115159415
v -0.25165153 -0.40007073 -0.11515941
v -0.24948539 -0.40007073 -0.15893695
v -0.25743467 -0.3945781 -0.15842181
v -0.25991023 -0.3945781 -0.05048248
v -0.25165153 -0.40007073 -0.05048247
v -0.25991023 -0.3945781 0.0053268317
v -0.25165153 -0.40007073 0.0053268354
v -0.25165153 -0.40007067 0.0940978
v -0.25991023 -0.39457813 0.0940978
v -0.25165153 -0.40007067 0.14919244
v -0.25991023 -0.39457813 0.14919244
v -0.17689392 0.15900883 -0.13444631
v -0.14523928 0.1588307 -0.13936825
v -0.16033816 0.24903525 -0.17532168
v -0.19209357 0.24921338 -0.16879293
v 0.041361623 0.15850718 0.19162236
v 0.022191152 0.1580782 0.17336446
v 0.018903578 0.24828273 0.19699697
v 0.039513282 0.24871172 0.20597148
v -0.17689392 0.15900883 -0.13444631
v -0.19209357 0.24921338 -0.16879293
v -0.21261944 0.24932882 -0.1571224
v -0.1973976 0.15912426 -0.12559795
v -0.014296747 0.15810244 -0.15735298
v 0.022191158 0.1580782 -0.16900733
v 0.018903587 0.24828273 -0.1944578
v -0.020323664 0.24830697 -0.1877684
v 0.041361623 0.15850718 0.19162236
v 0.039513282 0.24871172 0.20597148
v 0.056189615 0.24920338 0.21748497
v 0.05731368 0.15899886 0.21259539
v 0.06669125 0.15916276 0.23625821
v 0.066446915 0.112700224 0.23181514
v 0.05746252 0.14705424 0.20616171
v 0.05731368 0.15899886 0.21259539
v 0.04136163 0.15850717 -0.19171241
v 0.057313688 0.15899886 -0.2152924
v 0.056189626 0.24920338 -0.22037241
v 0.04136163 0.15850717 -0.19171241
v 0.056189626 0.24920338 -0.22037241
v 0.039513294 0.24871172 -0.20682317
v -0.25991023 -0.39457813 0.0940978
v -0.25991023 -0.3762695 0.0940978
v -0.25991023 -0.3762695 0.14919244
v -0.25991023 -0.39457813 0.14919244
v -0.25991023 -0.33599055 0.0940978
v -0.25991023 -0.33599055 0.005326829
v -0.25991023 -0.3762695 0.005326829
v -0.25991023 -0.33599055 0.14919244
v -0.25991023 -0.29029098 0.0940978
v -0.25991023 -0.29029098 0.14919244
v -0.25991023 -0.29029098 0.005326829
v -0.25991023 -0.3945781 0.0053268317
v -0.25991023 -0.29029098 -0.050482485
v -0.25991023 -0.33599055 -0.050482485
v -0.25991023 -0.33599055 -0.11515942
v -0.25991023 -0.29029098 -0.11515942
v -0.25991023 -0.3762695 -0.115159415
v -0.25991023 -0.3762695 -0.050482485
v -0.25991023 -0.3945781 -0.115159415
v -0.25991023 -0.3945781 -0.05048248
v 0.2599102 -0.39457813 0.0940978
v 0.23814246 -0.40007073 0.0940978
v 0.23814249 -0.40007067 0.14919244
v 0.2599102 -0.39457813 0.14919244
v 0.23814246 -0.40007073 0.00532683
v 0.2599102 -0.3945781 0.0053268317
v 0.2599102 -0.3945781 -0.05048248
v 0.23814246 -0.40007073 -0.05048248
v 0.2599102 -0.3945781 -0.115159415
v 0.23814246 -0.40007073 -0.115159415
v 0.2599102 -0.3945781 -0.1625429
v 0.23814249 -0.40007073 -0.16254291
v 0.04136163 0.15850717 -0.19171241
v 0.039513294 0.24871172 -0.20682317
v 0.018903587 0.24828273 -0.1944578
v 0.022191158 0.1580782 -0.16900733
v 0.105062805 0.15916276 0.2392003
v 0.105062805 0.095523514 0.2392003
v 0.066446915 0.112700224 0.23181514
v 0.06669125 0.15916276 0.23625821
v 0.057313688 0.15899886 -0.2152924
v 0.05746253 0.14705424 -0.20692126
v 0.06644692 0.112700224 -0.23121619
v 0.06669126 0.15916276 -0.23679313
v 0.06669126 0.15916276 -0.23679313
v 0.06644692 0.112700224 -0.23121619
v 0.105062805 0.095523514 -0.2392003
v 0.105062805 0.15916276 -0.2392003
v -0.17691989 0.15900885 0.16281314
v -0.19743657 0.15912426 0.1572921
v -0.212879 0.24932882 0.17918098
v -0.19226661 0.24921338 0.18770452
v -0.17691989 0.15900885 0.16281314
v -0.14524578 0.1588307 0.16389224
v -0.14324155 0.14688608 0.15687916
v -0.17488772 0.14706422 0.15549177
v -0.104589984 0.1586041 0.16485727
v -0.10289429 0.14665948 0.15854211
v -0.17691989 0.15900885 0.16281314
v -0.17488772 0.14706422 0.15549177
v -0.1906071 0.15024649 0.15195629
v -0.19743657 0.15912426 0.1572921
v 0.06669125 0.15916276 0.23625821
v 0.05731368 0.15899886 0.21259539
v 0.056189615 0.24920338 0.21748497
v 0.06655885 0.24936731 0.23651868
v 0.04136163 0.15850717 -0.19171241
v 0.022191158 0.1580782 -0.16900733
v 0.022626486 0.14613359 -0.16317289
v 0.041606378 0.14656256 -0.18484677
v 0.04136163 0.15850717 -0.19171241
v 0.041606378 0.14656256 -0.18484677
v 0.05746253 0.14705424 -0.20692126
v 0.057313688 0.15899886 -0.2152924
v 0.057512112 0.14307271 -0.110956274
v 0.064241216 0.091541976 -0.11466435
v 0.064241216 0.091541976 -0.1618036
v 0.05751212 0.14307271 -0.15576896
v 0.057512112 0.14307271 -0.047489442
v 0.064241216 0.091541976 -0.050129946
v 0.057512112 0.14307271 0.0071637565
v 0.064241216 0.091541976 0.0055431924
v 0.064241216 0.091541976 0.031825166
v 0.057512112 0.14307271 0.032964237
v 0.057512112 0.14307271 0.09409581
v 0.064241216 0.091541976 0.09409756
v 0.057512112 0.14307271 0.14753029
v 0.064241216 0.091541976 0.14899668
v -0.014296747 0.15810244 -0.15735298
v -0.059443366 0.15835327 -0.15122396
v -0.058196492 0.14640865 -0.14397715
v -0.013498683 0.14615782 -0.15115982
v -0.014296747 0.15810244 -0.15735298
v -0.013498683 0.14615782 -0.15115982
v 0.022626486 0.14613359 -0.16317289
v 0.022191158 0.1580782 -0.16900733
v 0.041361623 0.15850718 0.19162236
v 0.05731368 0.15899886 0.21259539
v 0.05746252 0.14705424 0.20616171
v 0.041606374 0.14656256 0.18655942
v 0.041361623 0.15850718 0.19162236
v 0.041606374 0.14656256 0.18655942
v 0.022626478 0.14613357 0.1691479
v 0.022191152 0.1580782 0.17336446
v -0.17689392 0.15900883 -0.13444631
v -0.1973976 0.15912426 -0.12559795
v -0.19058983 0.15024649 -0.11933317
v -0.1748812 0.14706421 -0.12501504
v -0.17689392 0.15900883 -0.13444631
v -0.1748812 0.14706421 -0.12501504
v -0.14323992 0.14688608 -0.13025828
v -0.14523928 0.1588307 -0.13936825
v -0.104589984 0.1586041 -0.14509492
v -0.10289429 0.14665948 -0.13679448
v -0.104589984 0.1586041 0.16485727
v -0.059443373 0.15835327 0.16576523
v -0.058196492 0.14640865 0.16034283
v -0.10289429 0.14665948 0.15854211
v 0.04174488 -0.2721212 0.23030193
v 0.041744888 -0.29029098 0.2392003
v -0.04930083 -0.29029098 0.2392003
v -0.04930083 -0.2721212 0.23383304
v -0.049300827 -0.27032045 -0.18533307
v 0.0032252863 -0.27179372 -0.11941908
v -0.04930083 -0.27262244 -0.15473372
v 0.0019513228 -0.27032045 0.15455133
v 0.0032396587 -0.27179372 0.13110946
v 0.023863455 -0.27032045 0.14919244
v 0.0032252863 -0.27179372 -0.11941908
v 0.016637422 -0.27262247 -0.05048247
v 0.008660392 -0.27952844 -0.05048247
v -0.0024530308 -0.27952844 -0.11303982
v 0.0032396587 -0.27179372 0.13110946
v 0.0019513228 -0.27032045 0.15455133
v -0.049300827 -0.27032045 0.18706249
v -0.04930083 -0.27262244 0.17422637
v 0.0032252863 -0.27179372 -0.11941908
v 0.04174487 -0.27032045 -0.16254291
v 0.04224458 -0.27032045 -0.115159415
v -0.049300827 -0.27032045 -0.18533307
v 0.016637422 -0.27262247 -0.05048247
v 0.045622114 -0.27032045 -0.05048248
v 0.021549841 -0.27262244 0.0053268354
v 0.048028827 -0.27032045 0.0053268317
v 0.04730343 -0.27032045 0.03167309
v 0.020069227 -0.27262244 0.031673092
v 0.027413577 -0.27032045 0.09409782
v -0.008077084 -0.284644 -0.10470204
v -0.0024530308 -0.27952844 -0.11303982
v 0.008660392 -0.27952844 -0.05048247
v -0.0018494434 -0.28643438 -0.05048247
v 0.027413577 -0.27032045 0.09409782
v 0.0032396587 -0.27179372 0.13110946
v 0.012893265 -0.27262247 0.094097815
v 0.020069227 -0.27262244 0.031673092
v -0.25991023 -0.29029098 0.0940978
v -0.25446618 -0.2721212 0.0940978
v -0.2526823 -0.2721212 0.14919244
v -0.25991023 -0.29029098 0.14919244
v -0.25514242 -0.2721212 -0.050482485
v -0.25991023 -0.29029098 -0.050482485
v -0.25991023 -0.29029098 -0.11515942
v -0.2536396 -0.2721212 -0.11515942
v -0.2536396 -0.2721212 -0.11515942
v -0.24974309 -0.2721212 -0.15893695
v -0.19656388 -0.27032045 -0.16527107
v -0.207209 -0.27179372 -0.11941908
v -0.25514242 -0.2721212 -0.050482485
v -0.22304477 -0.27262247 -0.05048247
v -0.25602967 -0.2721212 0.005326829
v -0.22836828 -0.27262244 0.0053268354
v -0.2189873 -0.27262247 0.094097815
v -0.25446618 -0.2721212 0.0940978
v -0.2072246 -0.27179372 0.1309776
v -0.2526823 -0.2721212 0.14919244
v -0.1424092 -0.27262247 -0.15473372
v -0.1418938 -0.27952844 -0.13777493
v -0.19502077 -0.27952844 -0.11303982
v -0.207209 -0.27179372 -0.11941908
v -0.095081925 -0.27032045 -0.18901137
v -0.049300827 -0.27032045 -0.18533307
v -0.04930083 -0.27262244 -0.15473372
v -0.09508194 -0.27262244 -0.16165484
v -0.14112073 -0.27032045 -0.18533307
v -0.1424092 -0.27262247 -0.15473372
v -0.19656388 -0.27032045 -0.16527107
v -0.207209 -0.27179372 -0.11941908
v -0.14112073 -0.28643438 -0.11506607
v -0.18533564 -0.284644 -0.10470204
v -0.19502077 -0.27952844 -0.11303982
v -0.1418938 -0.27952844 -0.13777493
v -0.04930083 -0.27262244 0.17422637
v -0.09508194 -0.27262247 0.18222131
v -0.09508194 -0.27952844 0.15911093
v -0.04930083 -0.27952844 0.15411727
v -0.04930083 -0.28643438 0.1272396
v -0.04930083 -0.27952844 0.15411727
v -0.09508194 -0.27952844 0.15911093
v -0.09508194 -0.28643438 0.128488
v -0.14189382 -0.27952844 0.15329307
v -0.14112073 -0.28643438 0.12703355
v -0.1424092 -0.27262244 0.17299007
v -0.14189382 -0.27032045 0.18623829
v -0.20151182 -0.27032045 0.15441395
v -0.2072246 -0.27179372 0.1309776
v -0.04930083 -0.27262244 0.17422637
v -0.049300827 -0.27032045 0.18706249
v -0.09508194 -0.27032045 0.19407395
v -0.09508194 -0.27262247 0.18222131
v -0.19316104 -0.2721212 -0.22574829
v -0.19285162 -0.29029098 -0.23507921
v -0.14086302 -0.29029098 -0.2392003
v -0.14086302 -0.2721212 -0.23195113
v -0.09508191 -0.2721212 -0.23238395
v -0.09508191 -0.29029098 -0.2392003
v -0.049300805 -0.29029098 -0.2392003
v -0.04930081 -0.2721212 -0.23195113
v -0.14086302 -0.2721212 -0.23195113
v -0.14086302 -0.29029098 -0.2392003
v -0.19285162 -0.33599055 -0.23507921
v -0.19285162 -0.37626952 -0.23507921
v -0.14086303 -0.37626952 -0.2392003
v -0.14086303 -0.33599055 -0.2392003
v -0.14086305 -0.39457816 -0.2392003
v -0.19285163 -0.39457816 -0.23507921
v -0.14086302 -0.29029098 -0.2392003
v -0.19285162 -0.29029098 -0.23507921
v -0.14112073 -0.28643438 -0.11506607
v -0.14086305 -0.2887364 -0.050482467
v -0.19055936 -0.28643438 -0.05048247
v -0.18533564 -0.284644 -0.10470204
v -0.09508194 -0.28643438 -0.11614746
v -0.09508194 -0.2887364 -0.050482467
v -0.04930083 -0.28643438 -0.11506607
v -0.04930083 -0.2887364 -0.050482467
v -0.09508194 -0.2887364 0.005326844
v -0.14086305 -0.2887364 0.0053268424
v -0.14086305 -0.2887364 -0.050482467
v -0.04930083 -0.2887364 0.0053268424
v -0.049300827 -0.2887364 0.09409782
v -0.09508194 -0.2887364 0.09409782
v -0.19144662 -0.28643438 0.0053268373
v -0.14086305 -0.2887364 0.09409782
v -0.18988313 -0.28643438 0.094097815
v -0.095081955 -0.2721212 0.23433748
v -0.095081955 -0.29029098 0.2392003
v -0.14086305 -0.29029098 0.2392003
v -0.14086305 -0.2721212 0.23383304
v -0.04930083 -0.2721212 0.23383304
v -0.04930083 -0.29029098 0.2392003
v -0.008077084 -0.284644 -0.10470204
v -0.0018494434 -0.28643438 -0.05048247
v -0.04930083 -0.2887364 -0.050482467
v -0.04930083 -0.28643438 -0.11506607
v -0.04930083 -0.2887364 0.0053268424
v -0.0010760777 -0.28643438 0.0053268373
v -0.002438889 -0.28643438 0.094097815
v -0.049300827 -0.2887364 0.09409782
v 0.0032252863 -0.27179372 -0.11941908
v -0.0024530308 -0.27952844 -0.11303982
v -0.04930083 -0.27952844 -0.13777493
v -0.04930083 -0.27262244 -0.15473372
v -0.008077084 -0.284644 -0.10470204
v -0.04930083 -0.28643438 -0.11506607
v -0.04930083 -0.27952844 -0.13777493
v -0.0024530308 -0.27952844 -0.11303982
v 0.0032396587 -0.27179372 0.13110946
v -0.04930083 -0.27262244 0.17422637
v -0.04930083 -0.27952844 0.15411727
v -0.0024388887 -0.27952844 0.12464428
v -0.008070799 -0.28464398 0.11573487
v -0.0024388887 -0.27952844 0.12464428
v -0.04930083 -0.27952844 0.15411727
v -0.04930083 -0.28643438 0.1272396
v -0.1424092 -0.27262244 0.17299007
v -0.2072246 -0.27179372 0.1309776
v -0.19503699 -0.27952844 0.12450691
v -0.14189382 -0.27952844 0.15329307
v -0.14112073 -0.28643438 0.12703355
v -0.14189382 -0.27952844 0.15329307
v -0.19503699 -0.27952844 0.12450691
v -0.18534282 -0.28464398 0.115673825
v -0.09508194 -0.27262244 -0.16165484
v -0.09508194 -0.27952844 -0.14210047
v -0.1418938 -0.27952844 -0.13777493
v -0.1424092 -0.27262247 -0.15473372
v -0.20509927 -0.27952844 0.094097815
v -0.19503699 -0.27952844 0.12450691
v -0.2072246 -0.27179372 0.1309776
v -0.2189873 -0.27262247 0.094097815
v -0.20509927 -0.27952844 0.094097815
v -0.18988313 -0.28643438 0.094097815
v -0.18534282 -0.28464398 0.115673825
v -0.19503699 -0.27952844 0.12450691
v -0.09508194 -0.28643438 -0.11614746
v -0.14112073 -0.28643438 -0.11506607
v -0.1418938 -0.27952844 -0.13777493
v -0.09508194 -0.27952844 -0.14210047
v -0.04930083 -0.28643438 -0.11506607
v -0.04930083 -0.27952844 -0.13777493
v -0.04930083 -0.27262244 -0.15473372
v -0.04930083 -0.27952844 -0.13777493
v -0.09508194 -0.27952844 -0.14210047
v -0.09508194 -0.27262244 -0.16165484
v -0.09508194 -0.27262247 0.18222131
v -0.09508194 -0.27032045 0.19407395
v -0.14189382 -0.27032045 0.18623829
v -0.1424092 -0.27262244 0.17299007
v -0.09508194 -0.27262247 0.18222131
v -0.1424092 -0.27262244 0.17299007
v -0.14189382 -0.27952844 0.15329307
v -0.09508194 -0.27952844 0.15911093
v -0.19144662 -0.28643438 0.0053268373
v -0.18988313 -0.28643438 0.094097815
v -0.20509927 -0.27952844 0.094097815
v -0.21135324 -0.27952844 0.005326836
v -0.19055936 -0.28643438 -0.05048247
v -0.20780423 -0.27952844 -0.05048247
v -0.22304477 -0.27262247 -0.05048247
v -0.20780423 -0.27952844 -0.05048247
v -0.21135324 -0.27952844 0.005326836
v -0.22836828 -0.27262244 0.0053268354
v -0.18533564 -0.284644 -0.10470204
v -0.19055936 -0.28643438 -0.05048247
v -0.19502077 -0.27952844 -0.11303982
v -0.20509927 -0.27952844 0.094097815
v -0.2189873 -0.27262247 0.094097815
v -0.22836828 -0.27262244 0.0053268354
v -0.21135324 -0.27952844 0.005326836
v -0.09508194 -0.28643438 0.128488
v -0.14112073 -0.28643438 0.12703355
v -0.14086305 -0.2887364 0.09409782
v -0.09508194 -0.2887364 0.09409782
v -0.04930083 -0.28643438 0.1272396
v -0.049300827 -0.2887364 0.09409782
v -0.25991023 -0.29029098 0.0940978
v -0.25991023 -0.29029098 0.005326829
v -0.25602967 -0.2721212 0.005326829
v -0.25446618 -0.2721212 0.0940978
v -0.25991023 -0.29029098 -0.050482485
v -0.25514242 -0.2721212 -0.050482485
v -0.14112073 -0.28643438 0.12703355
v -0.18534282 -0.28464398 0.115673825
v -0.18988313 -0.28643438 0.094097815
v -0.14086305 -0.2887364 0.09409782
v 0.048028827 -0.27032045 0.0053268317
v 0.045622114 -0.27032045 -0.05048248
v 0.063678496 -0.21862581 -0.05048248
v 0.06395072 -0.21862581 0.00532683
v 0.06329646 -0.21862581 -0.115159415
v 0.04224458 -0.27032045 -0.115159415
v 0.06323994 -0.21862581 -0.16254291
v 0.04174487 -0.27032045 -0.16254291
v 0.063868664 -0.21862581 0.031673085
v 0.04730343 -0.27032045 0.03167309
v 0.06347101 -0.21862581 0.0940978
v 0.043787755 -0.27032045 0.0940978
v 0.06323994 -0.21862581 0.14919244
v 0.041744865 -0.27032045 0.14919244
v 0.041744865 -0.27032045 0.17220643
v 0.06580984 -0.23838836 0.23350534
v 0.041744888 -0.29029098 0.2392003
v 0.04174488 -0.2721212 0.23030193
v 0.23814246 -0.40007073 -0.05048248
v 0.17283933 -0.40190157 -0.05048248
v -0.10243731 0.13588975 -0.019693088
v -0.102356136 0.1409809 -0.025854217
v -0.14414017 0.14182718 -0.013858436
v -0.13584846 0.13607788 -0.010162158
v -0.12724647 0.13225788 -0.008126651
v -0.1025185 0.13079861 -0.0150179025
v -0.10243731 0.13588975 -0.019693088
v -0.06902617 0.13570161 -0.019873645
v -0.057798203 0.141341 -0.027912626
v -0.102356136 0.1409809 -0.025854217
v -0.10243731 0.13588975 -0.019693088
v -0.1025185 0.13079861 -0.0150179025
v -0.07774846 0.13197918 -0.014636641
v -0.06902617 0.13570161 -0.019873645
v 0.011753854 -0.27952844 0.0053268364
v 0.020069227 -0.27262244 0.031673092
v 0.006302611 -0.27952844 0.094097815
v 0.021549841 -0.27262244 0.0053268354
v -0.002438889 -0.28643438 0.094097815
v -0.0010760777 -0.28643438 0.0053268373
v 0.006302611 -0.27952844 0.094097815
v 0.020069227 -0.27262244 0.031673092
v 0.012893265 -0.27262247 0.094097815
v -0.008070799 -0.28464398 0.11573487
v -0.04930083 -0.28643438 0.1272396
v -0.049300827 -0.2887364 0.09409782
v -0.002438889 -0.28643438 0.094097815
v 0.04174488 -0.2721212 0.23030193
v 0.041744865 -0.27032045 0.17220643
v 0.06580984 -0.23838836 0.23350534
v 0.04174487 -0.27032045 -0.16254291
v 0.041744888 -0.2721212 -0.22892143
v 0.06580984 -0.23838836 -0.23262183
v 0.06323994 -0.21862581 -0.16254291
v -0.014296751 0.15810242 0.1666732
v 0.022191152 0.1580782 0.17336446
v 0.022626478 0.14613357 0.1691479
v -0.013498687 0.1461578 0.16214356
v -0.014296751 0.15810242 0.1666732
v -0.013498687 0.1461578 0.16214356
v -0.058196492 0.14640865 0.16034283
v -0.059443373 0.15835327 0.16576523
v -0.02032367 0.24830699 0.1936251
v 0.018903578 0.24828273 0.19699697
v 0.022191152 0.1580782 0.17336446
v -0.014296751 0.15810242 0.1666732
v -0.104589984 0.1586041 -0.14509492
v -0.10289429 0.14665948 -0.13679448
v -0.058196492 0.14640865 -0.14397715
v -0.059443366 0.15835327 -0.15122396
v -0.13349523 0.36221495 -0.22403112
v -0.13766126 0.39156097 -0.22512913
v -0.18450835 0.3917876 -0.22232583
v -0.17932071 0.3624416 -0.22052284
v -0.207209 -0.27179372 -0.11941908
v -0.19502077 -0.27952844 -0.11303982
v -0.20780423 -0.27952844 -0.05048247
v -0.22304477 -0.27262247 -0.05048247
v 0.016637422 -0.27262247 -0.05048247
v 0.021549841 -0.27262244 0.0053268354
v 0.011753854 -0.27952844 0.0053268364
v 0.008660392 -0.27952844 -0.05048247
v -0.0018494434 -0.28643438 -0.05048247
v 0.008660392 -0.27952844 -0.05048247
v 0.011753854 -0.27952844 0.0053268364
v -0.0010760777 -0.28643438 0.0053268373
v -0.069107346 0.13061047 0.015810005
v -0.07774846 0.13197918 -0.014636641
v -0.1025185 0.13079861 -0.0150179025
v -0.10254555 0.12910154 0.017867666
v -0.046670888 0.14066735 0.036069736
v 0.006302611 -0.27952844 0.094097815
v 0.012893265 -0.27262247 0.094097815
v 0.0032396587 -0.27179372 0.13110946
v -0.0024388887 -0.27952844 0.12464428
v 0.006302611 -0.27952844 0.094097815
v -0.0024388887 -0.27952844 0.12464428
v -0.008070799 -0.28464398 0.11573487
v -0.002438889 -0.28643438 0.094097815
v -0.17421034 0.14308268 0.03828519
v -0.14414017 0.14182718 0.056591894
v -0.1537376 0.14127022 0.037941836
v -0.1469855 0.13614058 0.037827384
v -0.1537376 0.14127022 0.037941836
v -0.14414017 0.14182718 0.056591894
v -0.13584846 0.13607788 0.05121178
v -0.1469855 0.13614058 0.037827384
v -0.1469855 0.13614058 0.020611208
v -0.1537376 0.14127022 0.020983998
v -0.1537376 0.14127022 0.037941836
v -0.1469855 0.13614058 0.037827384
v -0.13592964 0.13098672 0.03763209
v -0.13592964 0.13098672 0.01992532
v -0.1469855 0.13614058 0.020611208
v -0.1469855 0.13614058 0.037827384
v -0.13584846 0.13607788 0.05121178
v -0.12724647 0.13225788 0.047812905
v -0.13592964 0.13098672 0.03763209
v -0.13592964 0.13098672 0.01992532
v -0.10254555 0.12910154 0.017867666
v -0.1025185 0.13079861 -0.0150179025
v -0.12724647 0.13225788 -0.008126651
v -0.046670888 0.14066735 0.014438235
v -0.057798203 0.141341 -0.027912626
v -0.06902617 0.13570161 -0.019873645
v -0.057889123 0.13563891 0.015124122
v -0.069107346 0.13061047 0.015810005
v -0.07774846 0.13197918 -0.014636641
v -0.10254555 0.12910154 0.037046205
v -0.069107346 0.13061047 0.036460325
v -0.069107346 0.13061047 0.015810005
v -0.10254555 0.12910154 0.017867666
v -0.10254555 0.12910154 0.037046205
v -0.1025185 0.1307986 0.05154956
v -0.07774846 0.13197918 0.047765963
v -0.069107346 0.13061047 0.036460325
v -0.10254555 0.12910154 0.037046205
v -0.13592964 0.13098672 0.03763209
v -0.12724647 0.13225788 0.047812905
v -0.1025185 0.1307986 0.05154956
v -0.10254555 0.12910154 0.037046205
v -0.10254555 0.12910154 0.017867666
v -0.13592964 0.13098672 0.01992532
v -0.13592964 0.13098672 0.03763209
v -0.057889123 0.13563891 0.03626503
v -0.046670888 0.14066735 0.036069736
v -0.046670888 0.14066735 0.014438235
v -0.057889123 0.13563891 0.015124122
v -0.069107346 0.13061047 0.015810005
v -0.069107346 0.13061047 0.036460325
v -0.057889123 0.13563891 0.03626503
v -0.06902617 0.13570163 0.051887345
v -0.057798203 0.141341 0.058688384
v -0.046670888 0.14066735 0.036069736
v -0.057889123 0.13563891 0.03626503
v -0.069107346 0.13061047 0.036460325
v -0.07774846 0.13197918 0.047765963
v -0.06902617 0.13570163 0.051887345
v -0.102437325 0.13588975 0.056384012
v -0.102356136 0.1409809 0.06308987
v -0.057798203 0.141341 0.058688384
v -0.06902617 0.13570163 0.051887345
v -0.102437325 0.13588975 0.056384012
v -0.13584846 0.13607788 0.05121178
v -0.14414017 0.14182718 0.056591894
v -0.102356136 0.1409809 0.06308987
v -0.102437325 0.13588975 0.056384012
v -0.1025185 0.1307986 0.05154956
v -0.12724647 0.13225788 0.047812905
v -0.13584846 0.13607788 0.05121178
v -0.102437325 0.13588975 0.056384012
v -0.06902617 0.13570163 0.051887345
v -0.07774846 0.13197918 0.047765963
v -0.1025185 0.1307986 0.05154956
v -0.1537376 0.14127022 0.020983998
v -0.1469855 0.13614058 0.020611208
v -0.13584846 0.13607788 -0.010162158
v -0.14414017 0.14182718 -0.013858436
v -0.13592964 0.13098672 0.01992532
v -0.12724647 0.13225788 -0.008126651
v -0.13584846 0.13607788 -0.010162158
v -0.1469855 0.13614058 0.020611208
v -0.24753329 0.39208114 -0.15690449
v -0.24921012 0.36277366 -0.14769414
v -0.23175651 0.36273518 -0.19675536
v -0.2318897 0.384443 -0.2004668
v 0.06580984 -0.23838836 0.23350534
v 0.105062805 -0.29029098 0.2392003
v 0.041744888 -0.29029098 0.2392003
v -0.04930081 -0.2721212 -0.23195113
v -0.049300805 -0.29029098 -0.2392003
v 0.041744888 -0.29029098 -0.2392003
v 0.041744888 -0.2721212 -0.22892143
v -0.20513707 0.15916273 0.11186014
v -0.19743657 0.15912426 0.1572921
v -0.1906071 0.15024649 0.15195629
v -0.19560854 0.14717963 0.11124158
v 0.054410752 0.3919557 -0.21941255
v 0.054776445 0.36260974 -0.22675905
v 0.066392414 0.36277366 -0.23738103
v 0.06634934 0.3921196 -0.22740018
vn -0.94124883 -0.2539682 -0.22260018
vn -0.94124883 -0.2539682 -0.22260018
vn -0.94124883 -0.2539682 -0.22260018
vn -0.94124883 -0.2539682 -0.22260018
vn -0.8813326 0.2938086 -0.3700396
vn -0.8813326 0.2938086 -0.3700396
vn -0.8813326 0.2938086 -0.3700396
vn -0.8813326 0.2938086 -0.3700396
vn -0.7500264 -0.6431376 -0.15438378
vn -0.7500264 -0.6431376 -0.15438378
vn -0.7500264 -0.6431376 -0.15438378
vn -0.7500264 -0.6431376 -0.15438378
vn 0.15548801 -1.2422647E-07 -0.9878378
vn 0.15548801 -1.2422647E-07 -0.9878378
vn 0.15548801 -1.2422647E-07 -0.9878378
vn 0.15548801 -1.2422647E-07 -0.9878378
vn 0.15548803 1.5617918E-07 -0.9878378
vn 0.15548803 1.5617918E-07 -0.9878378
vn 0.15548794 0 -0.9878378
vn 0.15548794 0 -0.9878378
vn 0.15548794 0 -0.9878378
vn 0.15548794 0 -0.9878378
vn 0.15548809 2.6965628E-07 -0.9878378
vn 0.15548809 2.6965628E-07 -0.9878378
vn 0.15548804 -3.0827593E-07 -0.9878378
vn 0.15548804 -3.0827593E-07 -0.9878378
vn 0.15548804 -3.0827593E-07 -0.9878378
vn 0.15548804 -3.0827593E-07 -0.9878378
vn 0.15548807 3.497626E-07 -0.9878378
vn 0.15548807 3.497626E-07 -0.9878378
vn 0.15548797 2.595117E-07 -0.9878378
vn 0.15548797 2.595117E-07 -0.9878378
vn -2.315277E-07 0.33057368 -0.9437802
vn -2.315277E-07 0.33057368 -0.9437802
vn -2.315277E-07 0.33057368 -0.9437802
vn -2.315277E-07 0.33057368 -0.9437802
vn -0.040771887 0.3259977 -0.94449085
vn -0.040771887 0.3259977 -0.94449085
vn 0.17154545 0.38173857 -0.9082113
vn 0.17154545 0.38173857 -0.9082113
vn 0.17154545 0.38173857 -0.9082113
vn 0.17154545 0.38173857 -0.9082113
vn -0.00080513535 -0.9997327 0.023106797
vn -0.00080513535 -0.9997327 0.023106797
vn -0.00080513535 -0.9997327 0.023106797
vn -0.00080513535 -0.9997327 0.023106797
vn -0 -0.9997453 0.022566782
vn -0 -0.9997453 0.022566782
vn -0.042649224 -0.9985575 0.032617096
vn -0.032488823 -0.9994721 0
vn -0.032488823 -0.9994721 0
vn -0.032488823 -0.9994721 0
vn -0.032487713 -0.9994722 1.610998E-07
vn -0.032487713 -0.9994722 1.610998E-07
vn -0 -0.9997453 0.022566788
vn -0 -1 0
vn -0 -1 0
vn -0 -1 0
vn -0 -1 0
vn -0 -1 0
vn -0 -1 0
vn -0 -0.9997453 0.022566779
vn -0 -1 0
vn -0 -0.9997453 0.022566779
vn -0 -0.9997453 0.022566779
vn -0 -0.9997453 0.022566779
vn 0.030085448 -0.9992538 0.024222525
vn 0.030085448 -0.9992538 0.024222525
vn 0.02802506 -0.99960726 2.668394E-07
vn -0 -0.9997453 0.022566788
vn -0 -1 0
vn -0 -1 0
vn -4.9769056E-07 -1 0
vn -4.9769056E-07 -1 0
vn 0.02802462 -0.99960726 0
vn -1.7847445E-07 -1 0
vn -1.7847445E-07 -1 0
vn -7.5444694E-07 -1 0
vn -7.5444694E-07 -1 0
vn -7.5444694E-07 -1 0
vn -7.5444694E-07 -1 0
vn -0 -1 0
vn -0 -1 0
vn -0 -0.99961984 -0.027571412
vn -0 -0.99961984 -0.027571412
vn 0.03073164 -0.99907035 -0.030234126
vn 0.03073164 -0.99907035 -0.030234126
vn 0.03073164 -0.99907035 -0.030234126
vn 0.03073164 -0.99907035 -0.030234126
vn 0.028025359 -0.99960726 0
vn 0.028025359 -0.99960726 0
vn -0 -0.99961984 -0.02757142
vn 1.8479246E-07 -1 0
vn 1.8479246E-07 -1 0
vn -1.2288754E-07 -0.99961984 -0.027571417
vn -0.0010935693 -0.99960047 -0.028243747
vn -0 -1 0
vn -0.0449293 -0.99826247 -0.038124092
vn -0 -1 0
vn -0 -1 0
vn -0 -1 0
vn -0.0449293 -0.99826247 -0.038124092
vn -0.033057448 -0.999453 -0.0009028071
vn -0 -1 0
vn -0 -1 0
vn -0 -1 0
vn -0 -1 0
vn -0 -1 0
vn -0 -1 0
vn -0 -1 0
vn -0.032487944 -0.9994722 0
vn -0 0 -1
vn -0 0 -1
vn -0 0 -1
vn -0 0 -1
vn -0 0 -1
vn -0 0 -1
vn -0 0 -1
vn -0 0 -1
vn -0 0 -1
vn -0 0 -1
vn -0 0 -1
vn -0 0 -1
vn -0 0 -1
vn -0 0 -1
vn -0 0 -1
vn -0 0 -1
vn -0 0 -1
vn -0 -3.6516994E-07 -1
vn -0 0 -1
vn -0 0 -1
vn -0 0 -1
vn -0 0 -1
vn -0 0 -1
vn -0 0 -1
vn -0 0 -1
vn -0 0 -1
vn -0 0 -1
vn -0 0 -1
vn -0 0 -1
vn -0 0 -1
vn -0 0 -1
vn -0 0 -1
vn -0 0 -1
vn -0 0 -1
vn -0 0 -1
vn -0 0 -1
vn -0.43112934 -0.29471058 0.8528031
vn -0.43112934 -0.29471058 0.8528031
vn -0.43112934 -0.29471058 0.8528031
vn -0.43112934 -0.29471058 0.8528031
vn -0.43112934 -0.29471058 0.8528031
vn -0.43112934 -0.29471058 0.8528031
vn -0.18149815 -0.04461013 0.9823789
vn -0.18149815 -0.04461013 0.9823789
vn -0.18149815 -0.04461013 0.9823789
vn -0.18149815 -0.04461013 0.9823789
vn -0.53577334 -0.09452249 0.83905447
vn -0.53577334 -0.09452249 0.83905447
vn -0.53577334 -0.09452249 0.83905447
vn -0.53577334 -0.09452249 0.83905447
vn -0.006094912 0.9910892 0.13306002
vn -0.006094912 0.9910892 0.13306002
vn -0.006094912 0.9910892 0.13306002
vn -0.006094912 0.9910892 0.13306002
vn 0.0045601362 0.99225205 0.12415785
vn 0.0045601362 0.99225205 0.12415785
vn 0.0045605805 0.9922565 0.124121964
vn 0.0045605805 0.9922565 0.124121964
vn 0.0045605805 0.9922565 0.124121964
vn 0.0045605805 0.9922565 0.124121964
vn -0.0046298187 0.99139684 0.1308089
vn -0.0046298187 0.99139684 0.1308089
vn -0.0046298187 0.99139684 0.1308089
vn -0.0046298187 0.99139684 0.1308089
vn -0.016081188 0.99031395 0.13791187
vn -0.016081188 0.99031395 0.13791187
vn 0.96582305 0 0.2592021
vn 0.96582305 0 0.2592021
vn 0.96582305 0 0.2592021
vn 0.96582305 0 0.2592021
vn 0.96582305 0 0.25920212
vn 0.96582305 0 0.25920212
vn 0.96582305 0 0.25920212
vn 0.96582305 0 0.25920212
vn 0.9658232 0 0.25920203
vn 0.9658232 0 0.25920203
vn 0.96582305 1.0870594E-07 0.25920215
vn 0.96582305 1.0870594E-07 0.25920215
vn 0.96582305 -1.3766329E-07 0.25920233
vn 0.96582305 -1.3766329E-07 0.25920233
vn 0.9658232 4.148133E-07 0.2592018
vn 0.9658232 4.148133E-07 0.2592018
vn 0.9658232 4.148133E-07 0.2592018
vn 0.9658232 4.148133E-07 0.2592018
vn 0.9658232 0 0.2592019
vn 0.9658232 0 0.2592019
vn -0.55570954 0.2348572 0.7975143
vn -0.55570954 0.2348572 0.7975143
vn -0.55570954 0.2348572 0.7975143
vn -0.55570954 0.2348572 0.7975143
vn -0.8785615 0.24795331 0.40822637
vn -0.8785615 0.24795331 0.40822637
vn -0.8785615 0.24795331 0.40822637
vn -0.8785615 0.24795331 0.40822637
vn -0.20588993 -0.97406244 0.093870595
vn -0.20588993 -0.97406244 0.093870595
vn -0.20588993 -0.97406244 0.093870595
vn -0.20588993 -0.97406244 0.093870595
vn 0.0012514046 0.9994785 0.032267973
vn 0.0012514046 0.9994785 0.032267973
vn 0.0012514046 0.9994785 0.032267973
vn 0.008252025 0.9992256 0.03847187
vn -0 1 0
vn -0 1 0
vn -0.0036935224 0.9991523 0.041000623
vn -0.0036935224 0.9991523 0.041000623
vn -0.0036935224 0.9991523 0.041000623
vn -0.0036935224 0.9991523 0.041000623
vn -0 1 0
vn -0 1 0
vn -0.02627809 0.9996532 -0.0016933011
vn -0.02627809 0.9996532 -0.0016933011
vn -0.02627809 0.9996532 -0.0016933011
vn -0 1 0
vn -0.04809884 0.9981502 0.037182886
vn -0.04809884 0.9981502 0.037182886
vn -0.04809884 0.9981502 0.037182886
vn -0.04809884 0.9981502 0.037182886
vn -0.69825655 0.16329248 0.69697434
vn -0.69825655 0.16329248 0.69697434
vn -0.69825655 0.16329248 0.69697434
vn -0.69825655 0.16329248 0.69697434
vn -0.8936055 0 0.44885337
vn -0.8936055 0 0.44885337
vn -0.8936055 0 0.44885337
vn -0.8936055 0 0.44885337
vn -0.8936054 0 0.44885337
vn -0.8936054 0 0.44885337
vn -0.8936055 0 0.4488533
vn -0.8936055 0 0.4488533
vn -0.6013917 0 0.7989543
vn -0.6013917 0 0.7989543
vn -0.6013917 0 0.7989543
vn -0.6013917 0 0.7989543
vn -0.6013919 0 0.79895425
vn -0.6013919 0 0.79895425
vn -0.6013919 0 0.79895425
vn -0.6013919 0 0.79895425
vn -0.9994844 -0.011425436 0.030003654
vn -0.9994844 -0.011425436 0.030003654
vn -0.9994844 -0.011425436 0.030003654
vn -0.9994844 -0.011425436 0.030003654
vn -0.9993349 0.016629819 0.032453913
vn -0.9993349 0.016629819 0.032453913
vn -0.99993706 -0.011219803 0
vn -0.99993706 -0.011219803 0
vn -0.99985445 0.016929405 -0.002096734
vn -0.99993706 -0.011219804 0
vn -0.99993706 -0.011219804 0
vn -0.9998839 0.014903093 -0.0031846326
vn -0.99993706 -0.011219805 0
vn -0.9998995 0.013969935 0.0024384828
vn -0.9998995 0.013969935 0.0024384828
vn -0.9998995 0.013969935 0.0024384828
vn -0.9998995 0.013969935 0.0024384828
vn -0.99993706 -0.011219805 0
vn -0.9998468 0.017491957 0.0005962103
vn -0.9998468 0.017491957 0.0005962103
vn -0.99908507 0.016752003 -0.039351158
vn -0.99908507 0.016752003 -0.039351158
vn -0.99908507 0.016752003 -0.039351158
vn -0.99908507 0.016752003 -0.039351158
vn -0.999278 -0.011473837 -0.036221117
vn -0.999278 -0.011473837 -0.036221117
vn -0.99993706 -0.011219805 0
vn -0.99993706 -0.011219805 0
vn -0.0449293 -0.99826247 -0.038124092
vn -0.0449293 -0.99826247 -0.038124092
vn 0.15754093 0.9793326 0.12683992
vn 0.15754093 0.9793326 0.12683992
vn 0.15754093 0.9793326 0.12683992
vn 0.15754093 0.9793326 0.12683992
vn -0.16528672 0 -0.9862455
vn -0.16528672 0 -0.9862455
vn -0.16528672 0 -0.9862455
vn -0.21975449 0.012633389 -0.9754734
vn -0.21975449 0.012633389 -0.9754734
vn -0.21975449 0.012633389 -0.9754734
vn -0.21975449 0.012633389 -0.9754734
vn -0.23766008 -0.008070429 -0.97131497
vn -0.23766008 -0.008070429 -0.97131497
vn -0.9116333 0 -0.4110046
vn -0.9116333 0 -0.4110046
vn -0.9116333 0 -0.4110046
vn -0.9116333 0 -0.4110046
vn -0.9116332 0 -0.4110047
vn -0.9116332 0 -0.4110047
vn -0.9116332 0 -0.4110047
vn -0.9116332 0 -0.4110047
vn 0.13501494 0 0.99084365
vn 0.13501494 0 0.99084365
vn 0.13501494 0 0.99084365
vn 0.13501494 0 0.99084365
vn 0.1350149 0 0.99084365
vn 0.1350149 0 0.99084365
vn 0.13501494 0 0.99084353
vn 0.13501494 0 0.99084353
vn 0.1350149 0 0.99084365
vn 0.1350149 0 0.99084365
vn 0.13501506 -1.1056982E-07 0.99084353
vn 0.13501506 -1.1056982E-07 0.99084353
vn 0.13501482 0 0.99084365
vn 0.13501482 0 0.99084365
vn 0.13501489 0 0.99084365
vn 0.13501489 0 0.99084365
vn 0.1350149 0 0.99084365
vn 0.1350149 0 0.99084365
vn 0.1350149 0 0.99084365
vn 0.1350149 0 0.99084365
vn -0 0 1
vn -0 0 1
vn -0 0 1
vn -0 0 1
vn -0 0 1
vn -0 0 1
vn -0 0 1
vn -0 0 1
vn -0 0 1
vn -0 0 1
vn -0 3.6516994E-07 1
vn -0 3.6516994E-07 1
vn -0 3.6516994E-07 1
vn -0 0 1
vn -0 0 1
vn -0 0 1
vn -0 0 1
vn -0 0 1
vn -0 0 1
vn -0 0 1
vn -0 0 1
vn -0 0 1
vn -0 0 1
vn -0 0 1
vn -0 -4.4767054E-07 1
vn -0 -4.4767054E-07 1
vn -0 0 1
vn -0 0 1
vn -0 0 1
vn -0 0 1
vn -0 0 1
vn -0 0 1
vn -0 0 1
vn -0 0 1
vn -0 5.0791647E-07 1
vn -0 1.1111115E-06 1
vn -0.6359368 0.37999314 -0.67170644
vn -0.6359368 0.37999314 -0.67170644
vn -0.6359368 0.37999314 -0.67170644
vn 0.15187627 0.3379683 0.92882234
vn 0.15187627 0.3379683 0.92882234
vn 0.15187627 0.3379683 0.92882234
vn 0.15187627 0.3379683 0.92882234
vn -1.1202436E-07 0.2901767 0.9569731
vn -1.1202436E-07 0.2901767 0.9569731
vn -1.1202436E-07 0.2901767 0.9569731
vn -1.1202436E-07 0.2901767 0.9569731
vn -0.14019306 -0.296036 0.94483256
vn -0.14019306 -0.296036 0.94483256
vn -0.14019306 -0.296036 0.94483256
vn -0.14019306 -0.296036 0.94483256
vn -0.05913359 -0.0014846601 -0.99824893
vn -0.05913359 -0.0014846601 -0.99824893
vn -0.05913359 -0.0014846601 -0.99824893
vn -0.05913359 -0.0014846601 -0.99824893
vn -0.051322203 -0.001479511 -0.998681
vn -0.051322203 -0.001479511 -0.998681
vn -0.21280357 -0.0056838323 0.97707844
vn -0.21280357 -0.0056838323 0.97707844
vn -0.21280357 -0.0056838323 0.97707844
vn -0.21280357 -0.0056838323 0.97707844
vn -0.19140603 0.011003648 0.9814493
vn -0.19140603 0.011003648 0.9814493
vn -0.8879979 -0.019784333 -0.45942166
vn -0.8879979 -0.019784333 -0.45942166
vn -0.8879979 -0.019784333 -0.45942166
vn -0.8879979 -0.019784333 -0.45942166
vn -0.07252796 0.9850155 -0.15647382
vn -0.07252796 0.9850155 -0.15647382
vn -0.07252796 0.9850155 -0.15647382
vn -0.07252796 0.9850155 -0.15647382
vn -0 0.12574098 -0.9920631
vn -0 0.12574098 -0.9920631
vn -0 0.12574098 -0.9920631
vn -0 0.9928059 0.11973482
vn -0 0.9928059 0.11973482
vn -0 0.9928059 0.11973482
vn -0 0.9928059 0.11973482
vn -0.0031136023 0.9926233 0.12119951
vn -0.0031136023 0.9926233 0.12119951
vn -0.05372852 0.28426626 0.9572387
vn -0.05372852 0.28426626 0.9572387
vn -0.05372852 0.28426626 0.9572387
vn -0.05372852 0.28426626 0.9572387
vn -0.14358023 0 0.9896387
vn -0.14358023 0 0.9896387
vn -0.14358023 0 0.9896387
vn -0.5218341 0.31099185 -0.7943383
vn -0.5218341 0.31099185 -0.7943383
vn -0.5218341 0.31099185 -0.7943383
vn -0.5218341 0.31099185 -0.7943383
vn -0.0032969695 0.98909944 -0.14721155
vn -0.0032969695 0.98909944 -0.14721155
vn -0.0032969695 0.98909944 -0.14721155
vn -0.0032969695 0.98909944 -0.14721155
vn -4.0959787E-07 0.98931515 -0.14579238
vn -4.0959787E-07 0.98931515 -0.14579238
vn -0.8943431 0.4287523 0.12775747
vn -0.8943431 0.4287523 0.12775747
vn -0.8943431 0.4287523 0.12775747
vn -0.09958118 0.33948642 0.93532485
vn -0.09958118 0.33948642 0.93532485
vn -0.09958118 0.33948642 0.93532485
vn -0.09958118 0.33948642 0.93532485
vn -0.008261715 0.99939144 -0.033890788
vn -0.008261715 0.99939144 -0.033890788
vn -0.008261715 0.99939144 -0.033890788
vn -0.008261715 0.99939144 -0.033890788
vn -0.047018003 0.9981001 -0.039819207
vn -0.047018003 0.9981001 -0.039819207
vn -0.0017906795 0.9991984 -0.039993796
vn -0.0017906795 0.9991984 -0.039993796
vn 0.0045169666 0.9994823 -0.03185607
vn 0.0045169666 0.9994823 -0.03185607
vn 0.0045169666 0.9994823 -0.03185607
vn 0.0045169666 0.9994823 -0.03185607
vn 0.7630204 0.6078149 0.21991132
vn 0.7630204 0.6078149 0.21991132
vn 0.7630204 0.6078149 0.21991132
vn 0.7630204 0.6078149 0.21991132
vn 0.16015084 0.9744373 -0.15755554
vn 0.16015084 0.9744373 -0.15755554
vn 0.16015084 0.9744373 -0.15755554
vn 0.16015084 0.9744373 -0.15755554
vn 0.9502114 0 -0.31160587
vn 0.9502114 0 -0.31160587
vn 0.9502114 0 -0.31160587
vn 0.9502114 0 -0.31160587
vn 0.9502114 0 -0.31160593
vn 0.9502114 0 -0.31160593
vn 0.9502114 0 -0.31160593
vn 0.9502114 0 -0.31160593
vn 0.9502115 0 -0.31160548
vn 0.9502115 0 -0.31160548
vn 0.9502115 0 -0.3116057
vn 0.9502115 0 -0.3116057
vn 0.9502114 0 -0.31160602
vn 0.9502114 0 -0.31160602
vn 0.9502114 2.094921E-07 -0.31160587
vn 0.9502114 2.094921E-07 -0.31160587
vn 0.95021164 0 -0.3116053
vn 0.95021164 0 -0.3116053
vn 0.95021164 0 -0.3116053
vn 0.95021164 0 -0.3116053
vn -0.030295862 -0.9929959 -0.11419885
vn -0.030295862 -0.9929959 -0.11419885
vn -0.030295862 -0.9929959 -0.11419885
vn -0.030295862 -0.9929959 -0.11419885
vn -0.03740383 -0.9881279 -0.14901046
vn -0.03740383 -0.9881279 -0.14901046
vn -0.03740383 -0.9881279 -0.14901046
vn -0.03740383 -0.9881279 -0.14901046
vn -0.061454043 -0.9789505 -0.19462608
vn -0.061454043 -0.9789505 -0.19462608
vn -0.061454043 -0.9789505 -0.19462608
vn -0.061454043 -0.9789505 -0.19462608
vn -0.5749828 0 -0.8181655
vn -0.5749828 0 -0.8181655
vn -0.5749828 0 -0.8181655
vn -0.5749828 0 -0.8181655
vn -0.21988548 -0.9692954 -0.11007672
vn -0.21988548 -0.9692954 -0.11007672
vn -0.21988548 -0.9692954 -0.11007672
vn -0.21988548 -0.9692954 -0.11007672
vn -0.5152349 0.812419 -0.27296215
vn -0.5152349 0.812419 -0.27296215
vn -0.5152349 0.812419 -0.27296215
vn -0.5152349 0.812419 -0.27296215
vn -0.017088952 0.9850503 -0.17141716
vn -0.017088952 0.9850503 -0.17141716
vn -0.017088952 0.9850503 -0.17141716
vn -0.017088952 0.9850503 -0.17141716
vn -0.0005681528 0.9875332 -0.15740915
vn -0.0005681528 0.9875332 -0.15740915
vn 0.00423005 0.98805505 -0.15404356
vn 0.00423005 0.98805505 -0.15404356
vn 0.004233234 0.988143 -0.15347776
vn 0.004233234 0.988143 -0.15347776
vn -0.0046575456 0.987363 -0.1584068
vn -0.0046575456 0.987363 -0.1584068
vn -0.0046575456 0.987363 -0.1584068
vn -0.0046575456 0.987363 -0.1584068
vn -0.01648442 0.98634005 -0.16389498
vn -0.01648442 0.98634005 -0.16389498
vn 0.74705625 0.60799414 -0.26879367
vn 0.74705625 0.60799414 -0.26879367
vn 0.74705625 0.60799414 -0.26879367
vn 0.74705625 0.60799414 -0.26879367
vn -0.91727203 -0.27165452 -0.29123142
vn -0.91727203 -0.27165452 -0.29123142
vn -0.91727203 -0.27165452 -0.29123142
vn -0.91727203 -0.27165452 -0.29123142
vn -0.9316208 0.356975 -0.06820211
vn -0.9316208 0.356975 -0.06820211
vn -0.9316208 0.356975 -0.06820211
vn -0.9316208 0.356975 -0.06820211
vn -0.9981194 0.044803947 -0.04183548
vn -0.9981194 0.044803947 -0.04183548
vn -0.9981194 0.044803947 -0.04183548
vn -0.9981194 0.044803947 -0.04183548
vn -0.9983175 0.05798566 0
vn -0.9983175 0.05798566 0
vn -0.9983175 0.05798568 0
vn -0.9983175 0.05798568 0
vn -0.9983175 0.057985667 0
vn -0.9983175 0.057985667 0
vn -0.9983175 0.057985667 0
vn -0.9983175 0.057985667 0
vn 1 0 0
vn 1 0 0
vn 1 0 0
vn 1 0 0
vn 1 0 0
vn 1 0 0
vn 1 0 0
vn 1 0 0
vn 1 -2.1328678E-07 5.6266117E-07
vn 1 -2.1328678E-07 5.6266117E-07
vn 1 0 4.9426205E-07
vn 1 0 4.9426205E-07
vn 1 2.3415052E-07 6.177007E-07
vn 1 2.3415052E-07 6.177007E-07
vn 1 2.3415052E-07 6.177007E-07
vn 1 2.3415052E-07 6.177007E-07
vn 1 0 0
vn 1 0 0
vn 1 0 0
vn 1 0 0
vn 1 0 0
vn 1 0 0
vn 1 0 0
vn 1 0 0
vn 1 0 0
vn 1 0 0
vn 1 0 0
vn 1 0 0
vn 1 0 0
vn 1 0 0
vn 1 0 0
vn 1 0 0
vn 1 0 0
vn 1 0 0
vn 1 0 0
vn 1 0 0
vn 1 0 0
vn 1 0 0
vn 1 0 0
vn 1 0 0
vn 1 0 2.865121E-07
vn 1 0 2.865121E-07
vn 1 0 0
vn 1 0 0
vn 1 0 0
vn 1 0 0
vn 1 0 0
vn 1 0 0
vn 1 0 0
vn 1 0 0
vn 1 0 0
vn -0.9755392 -0.2194987 -0.01198673
vn -0.9755392 -0.2194987 -0.01198673
vn -0.9755392 -0.2194987 -0.01198673
vn -0.9755392 -0.2194987 -0.01198673
vn -0.9739086 -0.22480072 -0.031088986
vn -0.9739086 -0.22480072 -0.031088986
vn -0.97547454 -0.2201123 0
vn -0.97547454 -0.2201123 0
vn -0.97547454 -0.22011222 0
vn -0.97547454 -0.2201122 0
vn -0.97547454 -0.2201122 0
vn -0.97547454 -0.22011226 0
vn -0.97547454 -0.22011226 0
vn -0.97547454 -0.22011226 0
vn -0.97547454 -0.22011226 0
vn -0.97547454 -0.22011228 0
vn -0.97547454 -0.22011228 0
vn -0.97547454 -0.22011225 0
vn -0.9854279 -0.1621319 -0.051430073
vn -0.9854279 -0.1621319 -0.051430073
vn -0.9854279 -0.1621319 -0.051430073
vn -0.9854279 -0.1621319 -0.051430073
vn -0.7842255 -0.62047386 -0.0015983176
vn -0.7842255 -0.62047386 -0.0015983176
vn -0.7842255 -0.62047386 -0.0015983176
vn -0.7842255 -0.62047386 -0.0015983176
vn -0.78271145 -0.62238485 0
vn -0.78271145 -0.62238485 0
vn -0.78271127 -0.6223849 0
vn -0.78271127 -0.6223849 0
vn -0.7827115 -0.62238467 0
vn -0.7827115 -0.62238467 0
vn -0.7827115 -0.62238467 0
vn -0.7827115 -0.62238467 0
vn -0.029452877 0.9980209 -0.05555936
vn -0.029452877 0.9980209 -0.05555936
vn -0.029452877 0.9980209 -0.05555936
vn -0 1 0
vn -0 1 0
vn -0 1 0
vn -0 1 0
vn -0.013605229 0.9999075 -2.6648468E-07
vn -0.013605229 0.9999075 -2.6648468E-07
vn -4.9881726E-07 1 0
vn -1.214791E-07 1 0
vn -4.9881726E-07 1 0
vn -4.9881726E-07 1 0
vn -4.9881726E-07 1 0
vn -0 1 0
vn -0 1 0
vn -0.02745566 0.99962306 2.7003574E-07
vn -0.02745566 0.99962306 2.7003574E-07
vn -0.02745566 0.99962306 2.7003574E-07
vn -0.02745566 0.99962306 2.7003574E-07
vn -0.018613413 0.99982685 0
vn -0.018613413 0.99982685 0
vn -0.027457137 0.99962294 0
vn -0.018612776 0.99982685 0
vn -0.018612545 0.99982685 0
vn -0.018612545 0.99982685 0
vn 0.0046223877 0.9999894 0
vn 0.0046219844 0.9999894 0
vn 0.004621773 0.9999894 0
vn 0.004622138 0.9999894 0
vn 0.0046224673 0.9999894 0
vn 0.004622138 0.9999894 0
vn 0.0046225428 0.9999894 0
vn 0.0046225428 0.9999894 0
vn 0.0046225428 0.9999894 0
vn 0.0046225428 0.9999894 0
vn 0.0046219183 0.9999894 0
vn 0.0046219183 0.9999894 0
vn 0.004623005 0.9999894 0
vn 0.0046228757 0.9999894 0
vn 0.004623005 0.9999894 0
vn 0.004623005 0.9999894 0
vn 0.004623005 0.9999894 0
vn 0.004623407 0.9999894 0
vn 0.004622693 0.9999894 0
vn 0.004622693 0.9999894 0
vn 0.0046738866 0.99998915 6.936361E-05
vn 0.004635999 0.9999893 1.3533143E-05
vn 0.0046738866 0.99998915 6.936361E-05
vn 0.004635999 0.9999893 1.3533143E-05
vn 0.004635999 0.9999893 1.3533143E-05
vn 0.004635999 0.9999893 1.3533143E-05
vn 0.0046214657 0.9999894 0
vn 0.0046214657 0.9999894 0
vn 0.004622915 0.9999894 0
vn 0.004622915 0.9999894 0
vn -0.018611308 0.99982685 0
vn -0.018611308 0.99982685 0
vn -0.018611308 0.99982685 0
vn -0.018611308 0.99982685 0
vn -0.013608244 0.9999074 0
vn -0.013608244 0.9999074 0
vn 3.4573068E-07 1 0
vn 3.4573068E-07 1 0
vn 3.4573068E-07 1 0
vn 3.4573068E-07 1 0
vn -0 1 0
vn -0 1 0
vn -0 1 0
vn -0.8259487 -0.021833234 0.5633223
vn -0.8259487 -0.021833234 0.5633223
vn -0.8259487 -0.021833234 0.5633223
vn -0.8259487 -0.021833234 0.5633223
vn -0.0006729924 -0.99999976 0
vn -0.0006729924 -0.99999976 0
vn -0.0006729924 -0.99999976 0
vn -0.0006729924 -0.99999976 0
vn 0.022672731 -0.9997429 0
vn 0.022672731 -0.9997429 0
vn -0.00067320873 -0.99999976 0
vn -0.00067320873 -0.99999976 0
vn 0.022673111 -0.9997429 0
vn 0.031057201 -0.99951756 1.2300339E-07
vn 0.031057201 -0.99951756 1.2300339E-07
vn 0.031057237 -0.99951756 -1.4117582E-07
vn 0.018738758 -0.99982446 0
vn -0.005630852 -0.99998415 0
vn -0.005630852 -0.99998415 0
vn -0.005630342 -0.99998415 0
vn -0.005630342 -0.99998415 0
vn -0.0056302836 -0.99998415 0
vn -0.0056302836 -0.99998415 0
vn -0.0056302836 -0.99998415 0
vn -0.0056302836 -0.99998415 0
vn 0.022672318 -0.9997429 0
vn -0.0006728403 -0.99999976 0
vn -0.0006728403 -0.99999976 0
vn 0.022672318 -0.9997429 0
vn 0.031055521 -0.9995177 0
vn 0.031055521 -0.9995177 0
vn 0.031055521 -0.9995177 0
vn 0.031055521 -0.9995177 0
vn 0.028612223 -0.9995309 -0.010926302
vn 0.028612223 -0.9995309 -0.010926302
vn -0.00067296764 -0.99999976 0
vn 0.022672936 -0.9997429 0
vn -0.00067296764 -0.99999976 0
vn 0.022672936 -0.9997429 0
vn 0.031056475 -0.99951756 0
vn 0.031056475 -0.99951756 0
vn 0.031056475 -0.99951756 0
vn 0.031056475 -0.99951756 0
vn -0.0056307158 -0.99998415 0
vn -0.0056307158 -0.99998415 0
vn -0.0056307158 -0.99998415 0
vn -0.0056307158 -0.99998415 0
vn -0.0056303153 -0.99998415 0
vn -0.0056303153 -0.99998415 0
vn -0.005630383 -0.99998415 0
vn -0.005630383 -0.99998415 0
vn -0.06251593 -0.9978917 -0.01743562
vn -0.0035741744 -0.99956006 -0.029443732
vn -0.06251593 -0.9978917 -0.01743562
vn -0.06251593 -0.9978917 -0.01743562
vn -0.06251593 -0.9978917 -0.01743562
vn -0.041716445 -0.9991295 0
vn -0.08818554 -0.9961041 0
vn -0.041716445 -0.9991295 0
vn -0.020595128 -0.9977215 0.06424564
vn -0.020595128 -0.9977215 0.06424564
vn 0.0017234593 -0.99834025 0.05756642
vn 0.0017234593 -0.99834025 0.05756642
vn 0.0017234593 -0.99834025 0.05756642
vn 0.0017234593 -0.99834025 0.05756642
vn 0.045932893 -0.99757415 0.052307498
vn 0.045932893 -0.99757415 0.052307498
vn 0.14814097 0.9889663 0
vn 0.14814097 0.9889663 0
vn 0.14814097 0.9889663 0
vn 0.14814097 0.9889663 0
vn 0.14814103 0.9889663 -1.1916198E-07
vn 0.14814103 0.9889663 -1.1916198E-07
vn 0.14814132 0.98896617 0
vn 0.14814132 0.98896617 0
vn 0.14814118 0.98896617 0
vn 0.14814118 0.98896617 0
vn 0.14814118 0.98896617 0
vn 0.14814118 0.98896617 0
vn -0.9983669 0 -0.05712825
vn -0.9983669 0 -0.05712825
vn -0.9983669 0 -0.05712825
vn -0.9983669 0 -0.05712825
vn -0.9983669 0 -0.057128567
vn -0.9983669 0 -0.057128567
vn -0.9983669 0 -0.05712867
vn -0.9983669 0 -0.05712867
vn -0.18804714 -0.98216003 0
vn -0.18804714 -0.98216003 0
vn -0.18804714 -0.98216003 0
vn -0.18804714 -0.98216003 0
vn -0.18804733 -0.98216003 0
vn -0.18804733 -0.98216003 0
vn -0.1880469 -0.98216003 0
vn -0.1880469 -0.98216003 0
vn -0.1880469 -0.98216003 0
vn -0.18820594 -0.98212963 -7.7245786E-05
vn -0.18820594 -0.98212963 -7.7245786E-05
vn -0.18820594 -0.98212963 -7.7245786E-05
vn -0.18820594 -0.98212963 -7.7245786E-05
vn -0.39084673 0.9204558 0
vn -0.39084673 0.9204558 0
vn -0.39084673 0.9204558 0
vn -0.39084673 0.9204558 0
vn -0.39084706 0.9204557 0
vn -0.39084706 0.9204557 0
vn -0.39084706 0.9204557 0
vn -0.39084706 0.9204557 0
vn -0.39798987 0.91729814 -0.0129684415
vn -0.39798987 0.91729814 -0.0129684415
vn -0.39798987 0.91729814 -0.0129684415
vn -0.39798987 0.91729814 -0.0129684415
vn 1 0 0
vn 1 0 0
vn 1 0 0
vn 1 0 0
vn 1 0 0
vn 1 0 0
vn 1 0 0
vn 1 0 0
vn 1 0 0
vn -0.936775 -0.23709165 0.25737137
vn -0.936775 -0.23709165 0.25737137
vn -0.936775 -0.23709165 0.25737137
vn -0.936775 -0.23709165 0.25737137
vn 0.8031646 0.5957572 -2.3132222E-07
vn 0.8031646 0.5957572 -2.3132222E-07
vn 0.8031646 0.5957572 -2.3132222E-07
vn 0.8031646 0.5957572 -2.3132222E-07
vn 0.8031645 0.5957573 -1.4356728E-07
vn 0.8031645 0.5957573 -1.4356728E-07
vn 0.80316424 0.5957576 0
vn 0.80316424 0.5957576 0
vn 0.80316454 0.5957572 2.6896737E-07
vn 0.80316454 0.5957572 2.6896737E-07
vn 0.80316454 0.5957572 2.6896737E-07
vn 0.80316454 0.5957572 2.6896737E-07
vn -0.0697489 0.9889454 0.13085125
vn -0.0697489 0.9889454 0.13085125
vn -0.0697489 0.9889454 0.13085125
vn -0.0697489 0.9889454 0.13085125
vn -0.38448 -0.108926564 -0.9166844
vn -0.38448 -0.108926564 -0.9166844
vn -0.38448 -0.108926564 -0.9166844
vn -0.38448 -0.108926564 -0.9166844
vn 0.085199386 0.10866434 -0.9904207
vn 0.085199386 0.10866434 -0.9904207
vn 0.085199386 0.10866434 -0.9904207
vn 0.085199386 0.10866434 -0.9904207
vn 0.021054015 0.19829763 -0.9799156
vn 0.021054015 0.19829763 -0.9799156
vn 0.021054015 0.19829763 -0.9799156
vn 0.021054015 0.19829763 -0.9799156
vn -0.041292038 -0.99184084 0.12061012
vn -0.041292038 -0.99184084 0.12061012
vn -0.041292038 -0.99184084 0.12061012
vn -0.041292038 -0.99184084 0.12061012
vn -0.02149804 -0.9965352 0.080345675
vn -0.02149804 -0.9965352 0.080345675
vn -0.028393539 -0.9867574 0.15969895
vn -0.028393539 -0.9867574 0.15969895
vn -0.02018361 -0.9886615 0.14879881
vn -0.02018361 -0.9886615 0.14879881
vn -0.016142372 -0.99397886 0.1083759
vn -0.016142372 -0.99397886 0.1083759
vn -0.016142372 -0.99397886 0.1083759
vn -0.016142372 -0.99397886 0.1083759
vn -0.014895615 -0.9950682 0.0980691
vn -0.014895615 -0.9950682 0.0980691
vn -0.7785147 -0.023987295 -0.6271677
vn -0.7785147 -0.023987295 -0.6271677
vn -0.7785147 -0.023987295 -0.6271677
vn -0.7785147 -0.023987295 -0.6271677
vn -0.7785147 -0.023987295 -0.6271677
vn -0.7785147 -0.023987295 -0.6271677
vn -0.9850911 -0.16616555 0.044548113
vn -0.9850911 -0.16616555 0.044548113
vn -0.9850911 -0.16616555 0.044548113
vn -0.9850911 -0.16616555 0.044548113
vn -0.252584 -0.21907969 -0.94244653
vn -0.252584 -0.21907969 -0.94244653
vn -0.252584 -0.21907969 -0.94244653
vn -0.252584 -0.21907969 -0.94244653
vn -0.08302513 -0.29869172 -0.95073134
vn -0.08302513 -0.29869172 -0.95073134
vn -0.08302513 -0.29869172 -0.95073134
vn -0.08302513 -0.29869172 -0.95073134
vn -0.10154807 -0.33621562 -0.9362943
vn -0.10154807 -0.33621562 -0.9362943
vn -0.10154807 -0.33621562 -0.9362943
vn -0.10073027 -0.3602374 -0.9274063
vn -0.10073027 -0.3602374 -0.9274063
vn -0.117038146 -0.37898448 -0.9179721
vn -0.117038146 -0.37898448 -0.9179721
vn -0.046338633 -0.35579166 -0.9334157
vn -0.08766884 -0.37617874 -0.9223902
vn -0.046338633 -0.35579166 -0.9334157
vn -0.046620525 -0.3333827 -0.9416382
vn -0.046620525 -0.3333827 -0.9416382
vn -0.046620525 -0.3333827 -0.9416382
vn -0.046620525 -0.3333827 -0.9416382
vn -0.0115763405 -0.00053319114 -0.9999329
vn -0.0115763405 -0.00053319114 -0.9999329
vn -0.0115763405 -0.00053319114 -0.9999329
vn -0.0115763405 -0.00053319114 -0.9999329
vn 0.005898832 0.037246436 -0.9992887
vn 0.005898832 0.037246436 -0.9992887
vn -0.01169285 -0.026221385 -0.99958783
vn -0.01169285 -0.026221385 -0.99958783
vn -0.04953781 -0.99450195 -0.092260234
vn -0.04953781 -0.99450195 -0.092260234
vn -0.04953781 -0.99450195 -0.092260234
vn -0.04953781 -0.99450195 -0.092260234
vn -0.08766822 -0.9860387 -0.14156954
vn -0.08766822 -0.9860387 -0.14156954
vn -0.08766822 -0.9860387 -0.14156954
vn -0.08766822 -0.9860387 -0.14156954
vn -0.13715896 -0.20780484 0.96850646
vn -0.13715896 -0.20780484 0.96850646
vn -0.13715896 -0.20780484 0.96850646
vn -0.13715896 -0.20780484 0.96850646
vn 0.08701389 0.14807372 0.9851409
vn 0.08701389 0.14807372 0.9851409
vn 0.08701389 0.14807372 0.9851409
vn 0.08701389 0.14807372 0.9851409
vn 0.16310047 0.07236538 0.983952
vn 0.16310047 0.07236538 0.983952
vn 0.16310047 0.07236538 0.983952
vn 0.16310047 0.07236538 0.983952
vn -0.2147524 -0.38570932 -0.897279
vn -0.2147524 -0.38570932 -0.897279
vn -0.2147524 -0.38570932 -0.897279
vn -0.2147524 -0.38570932 -0.897279
vn -0.6079845 -0.16705908 -0.7761741
vn -0.6079845 -0.16705908 -0.7761741
vn -0.6079845 -0.16705908 -0.7761741
vn -0.6079845 -0.16705908 -0.7761741
vn -0.24581303 -0.11655236 -0.96228456
vn -0.24581303 -0.11655236 -0.96228456
vn -0.24581303 -0.11655236 -0.96228456
vn -0.24581303 -0.11655236 -0.96228456
vn -0.30456424 -0.1059606 0.9465797
vn -0.30456424 -0.1059606 0.9465797
vn -0.30456424 -0.1059606 0.9465797
vn -0.30456424 -0.1059606 0.9465797
vn -0.4631821 0.8615666 0.2077625
vn -0.4631821 0.8615666 0.2077625
vn -0.4631821 0.8615666 0.2077625
vn -0.4631821 0.8615666 0.2077625
vn -0.04024057 -0.29580894 0.9543992
vn -0.04024057 -0.29580894 0.9543992
vn -0.04024057 -0.29580894 0.9543992
vn -0.04024057 -0.29580894 0.9543992
vn -0.02951986 -0.29439917 0.9552265
vn -0.02951986 -0.29439917 0.9552265
vn -0.016656306 -0.29304188 0.95595455
vn -0.016656306 -0.29304188 0.95595455
vn -0.06743692 -0.28684628 0.9556001
vn -0.06743692 -0.28684628 0.9556001
vn -0.030355329 -0.27130395 0.962015
vn -0.01665425 -0.28919214 0.9571262
vn -0.030355329 -0.27130395 0.962015
vn -0.030355329 -0.27130395 0.962015
vn -0.030355329 -0.27130395 0.962015
vn -0.008202356 -0.28855938 0.9574269
vn -0.0017211023 -0.0013868695 0.9999976
vn -0.0017211023 -0.0013868695 0.9999976
vn -0.0017211023 -0.0013868695 0.9999976
vn -0.0017211023 -0.0013868695 0.9999976
vn -0.04448445 -0.01227919 0.99893457
vn -0.04448445 -0.01227919 0.99893457
vn 0.027853996 0.01949011 0.99942195
vn 0.027853996 0.01949011 0.99942195
vn 0.027853996 0.01949011 0.99942195
vn 0.027853996 0.01949011 0.99942195
vn -0.51034725 -0.36957532 -0.7765048
vn -0.51034725 -0.36957532 -0.7765048
vn -0.51034725 -0.36957532 -0.7765048
vn -0.51034725 -0.36957532 -0.7765048
vn -0.51034725 -0.36957532 -0.7765048
vn -0.51034725 -0.36957532 -0.7765048
vn -0.95952666 0.004090068 0.2815879
vn -0.95952666 0.004090068 0.2815879
vn -0.95952666 0.004090068 0.2815879
vn -0.95952666 0.004090068 0.2815879
vn -0.57498324 0 -0.8181651
vn -0.57498324 0 -0.8181651
vn -0.57498324 0 -0.8181651
vn -0.57498324 0 -0.8181651
vn -0.5749822 9.47023E-07 -0.81816584
vn -0.5749822 9.47023E-07 -0.81816584
vn -0 -0.881978 -0.4712907
vn -0 -0.881978 -0.4712907
vn -0 -0.881978 -0.4712907
vn -0 -0.881978 -0.4712907
vn -0 -0.8819785 -0.47128966
vn -0 -0.8819785 -0.47128966
vn -0 -0.88197845 -0.47128984
vn -0 -0.88197845 -0.47128984
vn -1.7257717E-07 -0.88197863 -0.47128946
vn -1.7257717E-07 -0.88197863 -0.47128946
vn -0.03562096 -0.87613434 -0.48074904
vn -0.03562096 -0.87613434 -0.48074904
vn -0.03562096 -0.87613434 -0.48074904
vn -0.03562096 -0.87613434 -0.48074904
vn 0.22823666 -0.97138107 0.065779544
vn 0.22823666 -0.97138107 0.065779544
vn 0.22823666 -0.97138107 0.065779544
vn 0.22823666 -0.97138107 0.065779544
vn -0.42359966 -0.67847043 0.60020095
vn -0.42359966 -0.67847043 0.60020095
vn -0.42359966 -0.67847043 0.60020095
vn -0.42359966 -0.67847043 0.60020095
vn -0.42359966 -0.67847043 0.60020095
vn -0.42359966 -0.67847043 0.60020095
vn 0.07660981 -0.9108372 -0.40559426
vn 0.07660981 -0.9108372 -0.40559426
vn 0.07660981 -0.9108372 -0.40559426
vn 0.07660981 -0.9108372 -0.40559426
vn -0.60379595 -0.7533085 -0.2606854
vn -0.60379595 -0.7533085 -0.2606854
vn -0.60379595 -0.7533085 -0.2606854
vn -0.60379595 -0.7533085 -0.2606854
vn -0 -0.8509475 0.5252507
vn -0 -0.8509475 0.5252507
vn -0 -0.8509475 0.5252507
vn -0 -0.8509475 0.5252507
vn -0 -0.85094714 0.5252513
vn -0 -0.85094714 0.5252513
vn -0 -0.8509472 0.5252512
vn -0 -0.8509472 0.5252512
vn -0 -0.8509475 0.5252508
vn -0 -0.8509475 0.5252508
vn -0.041352 -0.84259003 0.5369656
vn -0.041352 -0.84259003 0.5369656
vn -0.041352 -0.84259003 0.5369656
vn -0.041352 -0.84259003 0.5369656
vn 0.074585505 -0.88677615 0.45614153
vn 0.074585505 -0.88677615 0.45614153
vn 0.074585505 -0.88677615 0.45614153
vn 0.074585505 -0.88677615 0.45614153
vn -0.06511354 -0.0014885379 0.99787676
vn -0.06511354 -0.0014885379 0.99787676
vn -0.06511354 -0.0014885379 0.99787676
vn -0.06511354 -0.0014885379 0.99787676
vn -0.07295845 -0.0014932158 0.9973339
vn -0.07295845 -0.0014932158 0.9973339
vn -0.6304745 -0.7183468 0.29407462
vn -0.6304745 -0.7183468 0.29407462
vn -0.6304745 -0.7183468 0.29407462
vn -0.6304745 -0.7183468 0.29407462
vn -0.6304745 -0.7183468 0.29407462
vn -0.6304745 -0.7183468 0.29407462
vn -0.35135466 -0.77573943 -0.52419287
vn -0.35135466 -0.77573943 -0.52419287
vn -0.35135466 -0.77573943 -0.52419287
vn -0.35135466 -0.77573943 -0.52419287
vn -0.08219608 0 0.9966162
vn -0.08219608 0 0.9966162
vn -0.08219608 0 0.9966162
vn -0.08219608 0 0.9966162
vn -0.082196206 0 0.9966162
vn -0.082196206 0 0.9966162
vn -0.08219609 0 0.9966162
vn -0.08219609 0 0.9966162
vn 0.22340296 -0.9714063 -0.080380514
vn 0.22340296 -0.9714063 -0.080380514
vn 0.22340296 -0.9714063 -0.080380514
vn 0.22340296 -0.9714063 -0.080380514
vn -0.9528614 -0.22976206 0.19815257
vn -0.9528614 -0.22976206 0.19815257
vn -0.9528614 -0.22976206 0.19815257
vn -0.9528614 -0.22976206 0.19815257
vn -0.56144357 -0.8269732 -0.029940657
vn -0.56144357 -0.8269732 -0.029940657
vn -0.56144357 -0.8269732 -0.029940657
vn -0.56144357 -0.8269732 -0.029940657
vn -0.5537796 -0.8326633 0
vn -0.5537796 -0.8326633 0
vn -0.5537794 -0.8326635 0
vn -0.5537794 -0.8326635 0
vn -0.553776 -0.8326657 0
vn -0.553776 -0.8326657 0
vn -0.553776 -0.8326657 0
vn -0.553776 -0.8326657 0
vn -0.16629879 -0.38214517 -0.90901583
vn -0.16629879 -0.38214517 -0.90901583
vn -0.16629879 -0.38214517 -0.90901583
vn -0.16629879 -0.38214517 -0.90901583
vn -0.55220014 -0.18678036 0.81251967
vn -0.55220014 -0.18678036 0.81251967
vn -0.55220014 -0.18678036 0.81251967
vn -0.55220014 -0.18678036 0.81251967
vn -0.4166909 -0.37295622 -0.82901895
vn -0.4166909 -0.37295622 -0.82901895
vn -0.4166909 -0.37295622 -0.82901895
vn -0.4166909 -0.37295622 -0.82901895
vn -0.224885 -0.29880345 -0.9274391
vn -0.224885 -0.29880345 -0.9274391
vn -0.224885 -0.29880345 -0.9274391
vn -0.224885 -0.29880345 -0.9274391
vn -0.7015724 -0.08698165 0.7072696
vn -0.7015724 -0.08698165 0.7072696
vn -0.7015724 -0.08698165 0.7072696
vn -0.7015724 -0.08698165 0.7072696
vn -0.9478786 -0.05683531 0.3135217
vn -0.9478786 -0.05683531 0.3135217
vn -0.9478786 -0.05683531 0.3135217
vn -0.9478786 -0.05683531 0.3135217
vn -0.74724996 -0.0860588 -0.65894705
vn -0.74724996 -0.0860588 -0.65894705
vn -0.74724996 -0.0860588 -0.65894705
vn -0.74724996 -0.0860588 -0.65894705
vn -0.74724996 -0.0860588 -0.65894705
vn -0.74724996 -0.0860588 -0.65894705
vn -1 0 0
vn -1 0 0
vn -1 0 0
vn -1 0 0
vn -1 0 0
vn -1 0 0
vn -1 0 0
vn -1 0 0
vn -1 0 0
vn -1 0 0
vn -1 0 0
vn -1 0 2.865126E-07
vn -1 0 0
vn -1 0 0
vn -1 0 0
vn -1 0 0
vn -1 0 0
vn -1 0 0
vn -1 0 0
vn -1 0 0
vn 0.24465927 -0.9696091 1.9158453E-07
vn 0.24465927 -0.9696091 1.9158453E-07
vn 0.24465927 -0.9696091 1.9158453E-07
vn 0.24465927 -0.9696091 1.9158453E-07
vn 0.24466158 -0.96960855 -1.7524428E-07
vn 0.24466158 -0.96960855 -1.7524428E-07
vn 0.24466008 -0.96960896 0
vn 0.24466008 -0.96960896 0
vn 0.24466054 -0.96960884 1.0943765E-07
vn 0.24466054 -0.96960884 1.0943765E-07
vn 0.24466054 -0.96960884 1.0943765E-07
vn 0.24466054 -0.96960884 1.0943765E-07
vn -0.64769375 -0.18463048 -0.7391917
vn -0.64769375 -0.18463048 -0.7391917
vn -0.64769375 -0.18463048 -0.7391917
vn -0.64769375 -0.18463048 -0.7391917
vn -0.14152119 -0.039602067 0.9891427
vn -0.14152119 -0.039602067 0.9891427
vn -0.14152119 -0.039602067 0.9891427
vn -0.14152119 -0.039602067 0.9891427
vn -0.9436985 -0.07537819 -0.3221043
vn -0.9436985 -0.07537819 -0.3221043
vn -0.9436985 -0.07537819 -0.3221043
vn -0.9436985 -0.07537819 -0.3221043
vn -0.14448565 -0.049737357 -0.98825604
vn -0.14448565 -0.049737357 -0.98825604
vn -0.14448565 -0.049737357 -0.98825604
vn -0.14448565 -0.049737357 -0.98825604
vn -0.3109162 -0.2879301 0.9057744
vn -0.3109162 -0.2879301 0.9057744
vn -0.3109162 -0.2879301 0.9057744
vn -0.3109162 -0.2879301 0.9057744
vn -0.03619208 -0.5186732 0.8542062
vn -0.03619208 -0.5186732 0.8542062
vn -0.03619208 -0.5186732 0.8542062
vn -0.03619208 -0.5186732 0.8542062
vn -0.030996803 -0.49064222 0.87080956
vn -0.030996803 -0.49064222 0.87080956
vn -0.24699448 -0.5779235 0.7778163
vn -0.24699448 -0.5779235 0.7778163
vn -0.24699448 -0.5779235 0.7778163
vn -0.24699448 -0.5779235 0.7778163
vn -0.9074242 -0.018304003 0.41981673
vn -0.9074242 -0.018304003 0.41981673
vn -0.9074242 -0.018304003 0.41981673
vn -0.9074242 -0.018304003 0.41981673
vn -0.707815 -0.34719634 -0.61518496
vn -0.707815 -0.34719634 -0.61518496
vn -0.707815 -0.34719634 -0.61518496
vn -0.707815 -0.34719634 -0.61518496
vn -0.76296395 -0.3565067 -0.5392486
vn -0.76296395 -0.3565067 -0.5392486
vn -0.76296395 -0.3565067 -0.5392486
vn -0.76296395 -0.3565067 -0.5392486
vn -0.9915814 -0.12948485 0
vn -0.9915814 -0.12948485 0
vn -0.9915814 -0.12948485 0
vn -0.9915814 -0.12948485 0
vn -0.9915814 -0.12948495 0
vn -0.9915814 -0.12948495 0
vn -0.9915814 -0.12948492 0
vn -0.9915814 -0.12948492 0
vn -0.9915814 -0.12948492 0
vn -0.9915814 -0.12948492 0
vn -0.9915814 -0.12948492 0
vn -0.9915814 -0.12948492 0
vn -0.9915814 -0.12948492 0
vn -0.9915814 -0.12948492 0
vn -0.13008407 -0.49459273 -0.8593347
vn -0.13008407 -0.49459273 -0.8593347
vn -0.13008407 -0.49459273 -0.8593347
vn -0.13008407 -0.49459273 -0.8593347
vn -0.27803576 -0.44337785 -0.8521221
vn -0.27803576 -0.44337785 -0.8521221
vn -0.27803576 -0.44337785 -0.8521221
vn -0.27803576 -0.44337785 -0.8521221
vn -0.7477504 -0.2978949 0.59340376
vn -0.7477504 -0.2978949 0.59340376
vn -0.7477504 -0.2978949 0.59340376
vn -0.7477504 -0.2978949 0.59340376
vn -0.6498547 -0.29120693 0.7020593
vn -0.6498547 -0.29120693 0.7020593
vn -0.6498547 -0.29120693 0.7020593
vn -0.6498547 -0.29120693 0.7020593
vn -0.3323912 -0.65345484 -0.680083
vn -0.3323912 -0.65345484 -0.680083
vn -0.3323912 -0.65345484 -0.680083
vn -0.3323912 -0.65345484 -0.680083
vn -0.12764262 -0.62140536 -0.7730218
vn -0.12764262 -0.62140536 -0.7730218
vn -0.12764262 -0.62140536 -0.7730218
vn -0.12764262 -0.62140536 -0.7730218
vn -0.12337146 -0.59686965 -0.7927963
vn -0.12337146 -0.59686965 -0.7927963
vn -0.029481146 -0.4437105 0.89568514
vn -0.029481146 -0.4437105 0.89568514
vn -0.029481146 -0.4437105 0.89568514
vn -0.029481146 -0.4437105 0.89568514
vn 0.018047947 0.3653573 0.93069243
vn 0.018047947 0.3653573 0.93069243
vn 0.018047947 0.3653573 0.93069243
vn 0.018047947 0.3653573 0.93069243
vn -0.066026635 0.9950062 0.07485427
vn -0.066026635 0.9950062 0.07485427
vn -0.066026635 0.9950062 0.07485427
vn -0.015543854 0.99785644 -0.06356777
vn -0.015543854 0.99785644 -0.06356777
vn -0.015543854 0.99785644 -0.06356777
vn -0.6948766 0.70652306 0.13405775
vn -0.6948766 0.70652306 0.13405775
vn -0.6948766 0.70652306 0.13405775
vn -0.6948766 0.70652306 0.13405775
vn -0.085238434 0.9906928 -0.10612342
vn -0.085238434 0.9906928 -0.10612342
vn -0.085238434 0.9906928 -0.10612342
vn -0.085238434 0.9906928 -0.10612342
vn -0.03777376 0.99928623 0.00039837306
vn -0.03777376 0.99928623 0.00039837306
vn -0.03777376 0.99928623 0.00039837306
vn -0.006986139 0.99958605 0.027909482
vn -0.08272551 0.99655765 0.0054241517
vn -0.08272551 0.99655765 0.0054241517
vn -0.08272551 0.99655765 0.0054241517
vn -0.08272551 0.99655765 0.0054241517
vn -0.08540088 0.9963403 -0.0035753397
vn -0.08540088 0.9963403 -0.0035753397
vn -0.08419618 0.996088 -0.026826356
vn -0.56231606 0.82131994 0.09609453
vn -0.56231606 0.82131994 0.09609453
vn -0.56231606 0.82131994 0.09609453
vn -0.56231606 0.82131994 0.09609453
vn -0.15627564 0.985713 -0.06283164
vn -0.15627564 0.985713 -0.06283164
vn -0.15627564 0.985713 -0.06283164
vn -0.15655744 0.9875049 -0.017996352
vn -0.9441271 0.3292269 0.0152847525
vn -0.9441271 0.3292269 0.0152847525
vn -0.9441271 0.3292269 0.0152847525
vn -0.9441271 0.3292269 0.0152847525
vn -0.9567719 0.29062697 -0.011116252
vn -0.9567719 0.29062697 -0.011116252
vn -0.9567719 0.29062697 -0.011116252
vn -0.9567719 0.29062697 -0.011116252
vn -0.0199559 0.9997137 0.013195023
vn -0.0199559 0.9997137 0.013195023
vn -0.0199559 0.9997137 0.013195023
vn -0.0199559 0.9997137 0.013195023
vn 0.016774438 0.99985886 0.0009330581
vn 0.016774438 0.99985886 0.0009330581
vn 0.016774438 0.99985886 0.0009330581
vn 0.016774438 0.99985886 0.0009330581
vn 0.014122418 0.99953663 -0.026965331
vn 0.014122418 0.99953663 -0.026965331
vn 0.014122418 0.99953663 -0.026965331
vn -0.0071112933 0.9999747 0.00023025804
vn 0.22387727 0.87582254 0.42756742
vn 0.22387727 0.87582254 0.42756742
vn 0.22387727 0.87582254 0.42756742
vn 0.22387727 0.87582254 0.42756742
vn -0.009167127 0.9968176 0.079186626
vn -0.009167127 0.9968176 0.079186626
vn -0.009167127 0.9968176 0.079186626
vn -0.009167127 0.9968176 0.079186626
vn 0.03186669 0.9980184 0.05425804
vn 0.03186669 0.9980184 0.05425804
vn 0.03186669 0.9980184 0.05425804
vn 0.03186669 0.9980184 0.05425804
vn 0.13223617 0.9385307 0.318863
vn 0.13223617 0.9385307 0.318863
vn 0.13223617 0.9385307 0.318863
vn 0.13223617 0.9385307 0.318863
vn -0.04314223 0.9516541 -0.3041271
vn -0.04314223 0.9516541 -0.3041271
vn -0.04314223 0.9516541 -0.3041271
vn -0.04314223 0.9516541 -0.3041271
vn -0.015920356 0.9722188 -0.23353206
vn -0.015920356 0.9722188 -0.23353206
vn -0.015920356 0.9722188 -0.23353206
vn -0.015920356 0.9722188 -0.23353206
vn 0.018459195 0.97165495 -0.235682
vn 0.018459195 0.97165495 -0.235682
vn 0.07460744 0.99060494 -0.11461111
vn 0.07460744 0.99060494 -0.11461111
vn 0.07460744 0.99060494 -0.11461111
vn 0.07460744 0.99060494 -0.11461111
vn -0.030032061 0.9826095 -0.18323937
vn -0.030032061 0.9826095 -0.18323937
vn -0.030032061 0.9826095 -0.18323937
vn -0.030032061 0.9826095 -0.18323937
vn -0.089729816 0.41278383 -0.9063985
vn -0.089729816 0.41278383 -0.9063985
vn -0.089729816 0.41278383 -0.9063985
vn -0.089729816 0.41278383 -0.9063985
vn 0.004407967 0.36095992 -0.93257093
vn 0.004407967 0.36095992 -0.93257093
vn 0.004407967 0.36095992 -0.93257093
vn 0.004407967 0.36095992 -0.93257093
vn -0.004408228 0.36096 -0.93257093
vn -0.004408228 0.36096 -0.93257093
vn -0.07902133 0 -0.99687296
vn -0.07902133 0 -0.99687296
vn -0.07902133 0 -0.99687296
vn -0.07902133 0 -0.99687296
vn -0.079021364 0 -0.99687296
vn -0.079021364 0 -0.99687296
vn -0.07902137 3.9076886E-07 -0.99687296
vn -0.07902137 3.9076886E-07 -0.99687296
vn 0.04751341 0.9982083 0.036371205
vn 0.04751341 0.9982083 0.036371205
vn 0.04751341 0.9982083 0.036371205
vn 0.04751341 0.9982083 0.036371205
vn -0.00041706717 0.99937576 0.035325587
vn -0.00041706717 0.99937576 0.035325587
vn -0.00041706717 0.99937576 0.035325587
vn -0.00041706717 0.99937576 0.035325587
vn -0 1 0
vn 0.04617388 0.9989334 -0.0004066217
vn -1.0524677E-07 1 0
vn -0 1 0
vn -0 1 0
vn -0 1 0
vn 0.04617388 0.9989334 -0.0004066217
vn 0.04617388 0.9989334 -0.0004066217
vn 0.04617388 0.9989334 -0.0004066217
vn -0.005303079 0.27097726 0.9625711
vn -0.005303079 0.27097726 0.9625711
vn -0.005303079 0.27097726 0.9625711
vn -0.005303079 0.27097726 0.9625711
vn 0.005303077 0.27097717 0.9625712
vn 0.005303077 0.27097717 0.9625712
vn -0.05038693 0.9980434 0.03702073
vn -0.05038693 0.9980434 0.03702073
vn -0.05038693 0.9980434 0.03702073
vn -0.05038693 0.9980434 0.03702073
vn -0.04836231 0.9988298 -0.00037122602
vn -0.04836231 0.9988298 -0.00037122602
vn -0.04836231 0.9988298 -0.00037122602
vn -0.04836231 0.9988298 -0.00037122602
vn -0.28431982 0.8417713 0.4588935
vn -0.28431982 0.8417713 0.4588935
vn -0.28431982 0.8417713 0.4588935
vn -0.28431982 0.8417713 0.4588935
vn -0.15159453 0.9306928 0.33291125
vn -0.15159453 0.9306928 0.33291125
vn -0.15159453 0.9306928 0.33291125
vn -0.15159453 0.9306928 0.33291125
vn -0.30552506 0.8600772 -0.40856054
vn -0.30552506 0.8600772 -0.40856054
vn -0.30552506 0.8600772 -0.40856054
vn -0.30552506 0.8600772 -0.40856054
vn -0.15525424 0.94356936 -0.29252872
vn -0.15525424 0.94356936 -0.29252872
vn -0.15525424 0.94356936 -0.29252872
vn -0.15525424 0.94356936 -0.29252872
vn 0.2368946 0.8923189 -0.3842497
vn 0.2368946 0.8923189 -0.3842497
vn 0.2368946 0.8923189 -0.3842497
vn 0.2368946 0.8923189 -0.3842497
vn 0.13490748 0.9490271 -0.28486422
vn 0.13490748 0.9490271 -0.28486422
vn 0.13490748 0.9490271 -0.28486422
vn 0.13490748 0.9490271 -0.28486422
vn 0.04216803 0.9346835 0.3529711
vn 0.04216803 0.9346835 0.3529711
vn 0.04216803 0.9346835 0.3529711
vn 0.04216803 0.9346835 0.3529711
vn 0.4533679 0.87723416 -0.15785357
vn 0.4533679 0.87723416 -0.15785357
vn 0.4533679 0.87723416 -0.15785357
vn 0.4533679 0.87723416 -0.15785357
vn 0.3893839 0.91026133 -0.14072795
vn 0.3893839 0.91026133 -0.14072795
vn 0.3893839 0.91026133 -0.14072795
vn 0.3893839 0.91026133 -0.14072795
vn 0.015884895 0.96194494 0.2727814
vn 0.015884895 0.96194494 0.2727814
vn 0.015884895 0.96194494 0.2727814
vn 0.015884895 0.96194494 0.2727814
vn -0.016122153 0.961875 0.2730139
vn -0.016122153 0.961875 0.2730139
vn -0.043417204 0.9344364 0.35347357
vn -0.043417204 0.9344364 0.35347357
vn -0.043417204 0.9344364 0.35347357
vn -0.043417204 0.9344364 0.35347357
vn 0.032808598 0.982942 -0.18096548
vn 0.032808598 0.982942 -0.18096548
vn 0.032808598 0.982942 -0.18096548
vn 0.032808598 0.982942 -0.18096548
vn 0.048943542 0.9507197 -0.3061641
vn 0.048943542 0.9507197 -0.3061641
vn 0.048943542 0.9507197 -0.3061641
vn 0.048943542 0.9507197 -0.3061641
vn 0.36591914 0.9305072 -0.016112039
vn 0.36591914 0.9305072 -0.016112039
vn 0.36591914 0.9305072 -0.016112039
vn 0.36591914 0.9305072 -0.016112039
vn 0.34843644 0.9372301 0.013848519
vn 0.34843644 0.9372301 0.013848519
vn 0.39344093 0.9188178 0.031274203
vn 0.39344093 0.9188178 0.031274203
vn 0.39344093 0.9188178 0.031274203
vn 0.39344093 0.9188178 0.031274203
vn 0.38736993 0.918964 0.07382228
vn 0.38736993 0.918964 0.07382228
vn 0.38736993 0.918964 0.07382228
vn 0.40778038 0.91237354 -0.03591039
vn 0.40778038 0.91237354 -0.03591039
vn 0.40778038 0.91237354 -0.03591039
vn 0.40778038 0.91237354 -0.03591039
vn 0.0010803133 0.99766964 -0.06822006
vn 0.0010803133 0.99766964 -0.06822006
vn 0.0010803133 0.99766964 -0.06822006
vn 0.0010803133 0.99766964 -0.06822006
vn -0.00092745584 0.99768376 -0.068016954
vn -0.00092745584 0.99768376 -0.068016954
vn -0.96858525 0.24853562 0.008529618
vn -0.96858525 0.24853562 0.008529618
vn -0.96858525 0.24853562 0.008529618
vn -0.96858525 0.24853562 0.008529618
vn -0.9728008 0.23151422 -0.007732305
vn -0.9728008 0.23151422 -0.007732305
vn 0.053305943 0.99545467 -0.0789208
vn 0.053305943 0.99545467 -0.0789208
vn 0.053305943 0.99545467 -0.0789208
vn 0.053305943 0.99545467 -0.0789208
vn -0.94976443 0.31213447 0.02279505
vn -0.94976443 0.31213447 0.02279505
vn -0.94976443 0.31213447 0.02279505
vn -0.94976443 0.31213447 0.02279505
vn -0.9247435 0.38055214 0.0054277363
vn -0.9247435 0.38055214 0.0054277363
vn -0.9247435 0.38055214 0.0054277363
vn -0.9247435 0.38055214 0.0054277363
vn -0.95390934 0.29973882 -0.014617407
vn -0.95390934 0.29973882 -0.014617407
vn -0.9288545 0.36994836 -0.019168636
vn -0.9288545 0.36994836 -0.019168636
vn -0.9288545 0.36994836 -0.019168636
vn -0.9288545 0.36994836 -0.019168636
vn -0.923358 0.38393992 0
vn -0.59279335 0.35421413 0.7232761
vn -0.59279335 0.35421413 0.7232761
vn -0.59279335 0.35421413 0.7232761
vn 0.028024824 -0.99960726 0
vn 0.028024824 -0.99960726 0
vn -0.19545794 -0.73669595 -0.64736027
vn -0.19545794 -0.73669595 -0.64736027
vn -0.19545794 -0.73669595 -0.64736027
vn -0.19545794 -0.73669595 -0.64736027
vn -0.21036156 -0.70846325 -0.6736675
vn -0.21036156 -0.70846325 -0.6736675
vn -0.015793506 -0.79163516 -0.61078984
vn -0.015793506 -0.79163516 -0.61078984
vn -0.015793506 -0.79163516 -0.61078984
vn -0.015793506 -0.79163516 -0.61078984
vn 0.015125181 -0.753854 -0.6568678
vn 0.015125181 -0.753854 -0.6568678
vn 0.015125181 -0.753854 -0.6568678
vn 0.015125181 -0.753854 -0.6568678
vn -0.57048905 0.8205577 -0.035032384
vn -0.57048905 0.8205577 -0.035032384
vn -0.57048905 0.8205577 -0.035032384
vn -0.5758874 0.81688815 -0.032364223
vn -0.53911 0.8419812 -0.020691067
vn -0.53911 0.8419812 -0.020691067
vn -0.72093934 0.6880248 -0.08287473
vn -0.72093934 0.6880248 -0.08287473
vn -0.72093934 0.6880248 -0.08287473
vn -0.056702036 0.99516654 -0.08017681
vn -0.056702036 0.99516654 -0.08017681
vn -0.056702036 0.99516654 -0.08017681
vn -0.056702036 0.99516654 -0.08017681
vn -0.81474864 0.579536 0.017963689
vn -0.81474864 0.579536 0.017963689
vn -0.81474864 0.579536 0.017963689
vn -0.88038117 0.46561825 -0.09015831
vn -0.88038117 0.46561825 -0.09015831
vn -0.88038117 0.46561825 -0.09015831
vn -0.88038117 0.46561825 -0.09015831
vn -0.17408687 -0.34646246 0.9217686
vn -0.17408687 -0.34646246 0.9217686
vn -0.17408687 -0.34646246 0.9217686
vn -0.17408687 -0.34646246 0.9217686
vn -0.029949019 -0.38656527 0.92177564
vn -0.029949019 -0.38656527 0.92177564
vn -0.029949019 -0.38656527 0.92177564
vn -0.029949019 -0.38656527 0.92177564
vn -0.12688473 -0.27386165 0.9533625
vn -0.12688473 -0.27386165 0.9533625
vn -0.12688473 -0.27386165 0.9533625
vn -0.12688473 -0.27386165 0.9533625
vn -0.12523037 -0.55195916 -0.824414
vn -0.12523037 -0.55195916 -0.824414
vn -0.12523037 -0.55195916 -0.824414
vn -0.12523037 -0.55195916 -0.824414
vn -0.06811833 -0.060078852 -0.99586666
vn -0.06811833 -0.060078852 -0.99586666
vn -0.06811833 -0.060078852 -0.99586666
vn -0.06811833 -0.060078852 -0.99586666
vn 0.4495346 0.8872545 0.10343189
vn 0.4495346 0.8872545 0.10343189
vn 0.4495346 0.8872545 0.10343189
vn 0.4495346 0.8872545 0.10343189
vn -0.6130281 0.7888366 0.043969598
vn -0.6130281 0.7888366 0.043969598
vn -0.6130281 0.7888366 0.043969598
vn -0.6130281 0.7888366 0.043969598
vn -0.50920284 0.8604657 0.017640471
vn -0.50920284 0.8604657 0.017640471
vn -0.50920284 0.8604657 0.017640471
vn -0.50920284 0.8604657 0.017640471
vn 0.044525813 -0.9975291 -0.05434435
vn 0.044525813 -0.9975291 -0.05434435
vn 0.044525813 -0.9975291 -0.05434435
vn 0.044525813 -0.9975291 -0.05434435
vn 0.045079872 -0.9989833 0
vn -0.70552045 0.679753 -0.20044136
vn -0.70552045 0.679753 -0.20044136
vn -0.70552045 0.679753 -0.20044136
vn -0.70552045 0.679753 -0.20044136
vn -0.56179845 0.80690944 -0.18242685
vn -0.56179845 0.80690944 -0.18242685
vn -0.56179845 0.80690944 -0.18242685
vn -0.56179845 0.80690944 -0.18242685
vn -0.08670475 -0.9934604 0.074287586
vn -0.08670475 -0.9934604 0.074287586
vn -0.08670475 -0.9934604 0.074287586
vn -0.47546953 -0.8193157 0.3203912
vn -0.47546953 -0.8193157 0.3203912
vn -0.47546953 -0.8193157 0.3203912
vn -0.47546953 -0.8193157 0.3203912
vn -0.60493815 -0.7962724 0
vn -0.60493815 -0.7962724 0
vn -0.60493815 -0.7962724 0
vn -0.60493815 -0.7962724 0
vn -0.42251188 -0.9063574 0
vn -0.42251188 -0.9063574 0
vn -0.42251188 -0.9063574 0
vn -0.42251188 -0.9063574 0
vn -0.34087527 -0.8796052 0.3318113
vn -0.34087527 -0.8796052 0.3318113
vn -0.34087527 -0.8796052 0.3318113
vn -0.34087527 -0.8796052 0.3318113
vn -0.066258855 -0.9961158 -0.057990834
vn -0.066258855 -0.9961158 -0.057990834
vn -0.066258855 -0.9961158 -0.057990834
vn -0.066258855 -0.9961158 -0.057990834
vn 0.38761202 -0.91394275 -0.12027268
vn 0.38761202 -0.91394275 -0.12027268
vn 0.38761202 -0.91394275 -0.12027268
vn 0.38761202 -0.91394275 -0.12027268
vn 0.36561587 -0.92155063 -0.13065
vn 0.36561587 -0.92155063 -0.13065
vn 0.04507986 -0.9989833 0
vn 0.04507986 -0.9989833 0
vn 0.04507986 -0.9989833 0
vn 0.04507986 -0.9989833 0
vn 0.05592168 -0.9891076 0.13615759
vn 0.05592168 -0.9891076 0.13615759
vn 0.05592168 -0.9891076 0.13615759
vn 0.05592168 -0.9891076 0.13615759
vn -0.06452591 -0.9878256 0.1415526
vn -0.06452591 -0.9878256 0.1415526
vn -0.06452591 -0.9878256 0.1415526
vn -0.06452591 -0.9878256 0.1415526
vn -0.05637948 -0.99840945 0
vn -0.05637948 -0.99840945 0
vn -0.05637948 -0.99840945 0
vn -0.05637948 -0.99840945 0
vn 0.40902764 -0.91252196 0
vn 0.40902764 -0.91252196 0
vn 0.40902764 -0.91252196 0
vn 0.40902764 -0.91252196 0
vn 0.4090278 -0.91252196 0
vn 0.4090278 -0.91252196 0
vn 0.36228314 -0.90366894 0.22832747
vn 0.36228314 -0.90366894 0.22832747
vn 0.36228314 -0.90366894 0.22832747
vn 0.36228314 -0.90366894 0.22832747
vn 0.33505982 -0.8952562 0.2936856
vn 0.33505982 -0.8952562 0.2936856
vn 0.33505982 -0.8952562 0.2936856
vn 0.33505982 -0.8952562 0.2936856
vn 0.06852022 -0.8082949 0.5847771
vn 0.06852022 -0.8082949 0.5847771
vn 0.06852022 -0.8082949 0.5847771
vn 0.06852022 -0.8082949 0.5847771
vn -0.10727225 -0.7752487 0.6224807
vn -0.10727225 -0.7752487 0.6224807
vn -0.10727225 -0.7752487 0.6224807
vn -0.10727225 -0.7752487 0.6224807
vn -0.12308879 -0.7343945 0.66746825
vn -0.12308879 -0.7343945 0.66746825
vn -0.12308879 -0.7343945 0.66746825
vn -0.12308879 -0.7343945 0.66746825
vn 0.10451645 -0.7582786 0.6434982
vn 0.10451645 -0.7582786 0.6434982
vn 0.10451645 -0.7582786 0.6434982
vn 0.10451645 -0.7582786 0.6434982
vn -0.55000705 -0.8155441 -0.17994478
vn -0.55000705 -0.8155441 -0.17994478
vn -0.55000705 -0.8155441 -0.17994478
vn -0.55000705 -0.8155441 -0.17994478
vn -0.40157253 -0.902812 -0.15385044
vn -0.40157253 -0.902812 -0.15385044
vn -0.40157253 -0.902812 -0.15385044
vn -0.40157253 -0.902812 -0.15385044
vn -0.94168127 -0.055570766 -0.33188584
vn -0.94168127 -0.055570766 -0.33188584
vn -0.94168127 -0.055570766 -0.33188584
vn -0.94168127 -0.055570766 -0.33188584
vn -0 0.10906943 0.99403423
vn -0 0.10906943 0.99403423
vn -0 0.10906943 0.99403423
vn 0.014984611 0.4343943 -0.90059817
vn 0.014984611 0.4343943 -0.90059817
vn 0.014984611 0.4343943 -0.90059817
vn 0.014984611 0.4343943 -0.90059817
vn -0.76076496 -0.63493997 0.1344917
vn -0.76076496 -0.63493997 0.1344917
vn -0.76076496 -0.63493997 0.1344917
vn -0.76076496 -0.63493997 0.1344917
vn -0.60646087 0.22124362 -0.7637123
vn -0.60646087 0.22124362 -0.7637123
vn -0.60646087 0.22124362 -0.7637123
vn -0.60646087 0.22124362 -0.7637123
g Coffeemaker_0
f 3/3/3 2/2/2 1/1/1
f 4/4/4 3/3/3 1/1/1
f 7/7/7 6/6/6 5/5/5
f 8/8/8 7/7/7 5/5/5
f 11/11/11 10/10/10 9/9/9
f 12/12/12 11/11/11 9/9/9
f 15/15/15 14/14/14 13/13/13
f 16/16/16 15/15/15 13/13/13
f 13/13/13 14/14/14 17/17/17
f 14/14/14 18/18/18 17/17/17
f 18/18/18 19/19/19 17/17/17
f 19/19/19 20/20/20 17/17/17
f 20/20/20 19/19/19 21/21/21
f 19/19/19 22/22/22 21/21/21
f 22/22/22 23/23/23 21/21/21
f 23/23/23 24/24/24 21/21/21
f 24/24/24 23/23/23 25/25/25
f 23/23/23 26/26/26 25/25/25
f 25/25/25 26/26/26 27/27/27
f 26/26/26 28/28/28 27/27/27
f 28/28/28 29/29/29 27/27/27
f 29/29/29 30/30/30 27/27/27
f 30/30/30 29/29/29 31/31/31
f 29/29/29 32/32/32 31/31/31
f 35/35/35 34/34/34 33/33/33
f 36/36/36 35/35/35 33/33/33
f 35/35/35 36/36/36 37/37/37
f 36/36/36 38/38/38 37/37/37
f 41/41/41 40/40/40 39/39/39
f 42/42/42 41/41/41 39/39/39
f 45/45/45 44/44/44 43/43/43
f 46/46/46 45/45/45 43/43/43
f 45/45/45 47/47/47 44/44/44
f 47/47/47 48/48/48 44/44/44
f 46/46/46 43/43/43 49/49/49
f 50/50/50 46/46/46 49/49/49
f 51/51/51 46/46/46 50/50/50
f 46/46/46 51/51/51 45/45/45
f 52/52/52 51/51/51 50/50/50
f 51/51/51 52/52/52 53/53/53
f 52/52/52 54/54/54 53/53/53
f 55/55/55 48/48/48 47/47/47
f 56/56/56 55/55/55 47/47/47
f 51/51/51 57/57/57 45/45/45
f 45/45/45 57/57/57 47/47/47
f 56/56/56 47/47/47 58/58/58
f 56/56/56 58/58/58 59/59/59
f 56/56/56 59/59/59 55/55/55
f 58/58/58 60/60/60 59/59/59
f 60/60/60 61/61/61 59/59/59
f 61/61/61 62/62/62 59/59/59
f 62/62/62 61/61/61 63/63/63
f 64/64/64 62/62/62 63/63/63
f 65/65/65 62/62/62 64/64/64
f 66/66/66 65/65/65 64/64/64
f 67/67/67 66/66/66 64/64/64
f 68/68/68 67/67/67 64/64/64
f 68/68/68 64/64/64 63/63/63
f 69/69/69 68/68/68 63/63/63
f 62/62/62 65/65/65 70/70/70
f 59/59/59 62/62/62 70/70/70
f 59/59/59 70/70/70 55/55/55
f 60/60/60 58/58/58 71/71/71
f 61/61/61 60/60/60 71/71/71
f 58/58/58 72/72/72 71/71/71
f 63/63/63 61/61/61 73/73/73
f 73/73/73 61/61/61 71/71/71
f 74/74/74 63/63/63 73/73/73
f 69/69/69 63/63/63 74/74/74
f 75/75/75 69/69/69 74/74/74
f 71/71/71 76/76/76 73/73/73
f 76/76/76 77/77/77 73/73/73
f 76/76/76 78/78/78 77/77/77
f 78/78/78 79/79/79 77/77/77
f 78/78/78 80/80/80 79/79/79
f 80/80/80 81/81/81 79/79/79
f 82/82/82 80/80/80 78/78/78
f 83/83/83 82/82/82 78/78/78
f 83/83/83 78/78/78 76/76/76
f 80/80/80 84/84/84 81/81/81
f 84/84/84 85/85/85 81/81/81
f 81/81/81 85/85/85 86/86/86
f 87/87/87 81/81/81 86/86/86
f 79/79/79 81/81/81 87/87/87
f 87/87/87 86/86/86 88/88/88
f 86/86/86 89/89/89 88/88/88
f 87/87/87 88/88/88 90/90/90
f 91/91/91 87/87/87 90/90/90
f 91/91/91 79/79/79 87/87/87
f 77/77/77 79/79/79 91/91/91
f 92/92/92 84/84/84 80/80/80
f 82/82/82 92/92/92 80/80/80
f 93/93/93 82/82/82 83/83/83
f 94/94/94 93/93/93 83/83/83
f 95/95/95 92/92/92 82/82/82
f 93/93/93 95/95/95 82/82/82
f 96/96/96 95/95/95 93/93/93
f 97/97/97 96/96/96 93/93/93
f 97/97/97 93/93/93 94/94/94
f 98/98/98 96/96/96 97/97/97
f 99/99/99 98/98/98 97/97/97
f 99/99/99 97/97/97 100/100/100
f 100/100/100 97/97/97 94/94/94
f 101/101/101 99/99/99 100/100/100
f 102/102/102 99/99/99 101/101/101
f 103/103/103 102/102/102 101/101/101
f 101/101/101 100/100/100 104/104/104
f 105/105/105 101/101/101 104/104/104
f 103/103/103 101/101/101 105/105/105
f 105/105/105 104/104/104 106/106/106
f 106/106/106 104/104/104 107/107/107
f 104/104/104 108/108/108 107/107/107
f 100/100/100 94/94/94 108/108/108
f 104/104/104 100/100/100 108/108/108
f 53/53/53 105/105/105 106/106/106
f 51/51/51 53/53/53 106/106/106
f 57/57/57 51/51/51 106/106/106
f 57/57/57 106/106/106 107/107/107
f 107/107/107 108/108/108 72/72/72
f 109/109/109 107/107/107 72/72/72
f 109/109/109 57/57/57 107/107/107
f 58/58/58 109/109/109 72/72/72
f 47/47/47 109/109/109 58/58/58
f 57/57/57 109/109/109 47/47/47
f 108/108/108 110/110/110 72/72/72
f 111/111/111 105/105/105 53/53/53
f 111/111/111 103/103/103 105/105/105
f 54/54/54 111/111/111 53/53/53
f 108/108/108 94/94/94 110/110/110
f 94/94/94 83/83/83 110/110/110
f 110/110/110 83/83/83 76/76/76
f 110/110/110 76/76/76 71/71/71
f 72/72/72 110/110/110 71/71/71
f 114/114/114 113/113/113 112/112/112
f 115/115/115 114/114/114 112/112/112
f 115/115/115 112/112/112 116/116/116
f 117/117/117 115/115/115 116/116/116
f 118/118/118 117/117/117 116/116/116
f 119/119/119 118/118/118 116/116/116
f 118/118/118 119/119/119 120/120/120
f 121/121/121 118/118/118 120/120/120
f 122/122/122 121/121/121 120/120/120
f 123/123/123 122/122/122 120/120/120
f 122/122/122 123/123/123 124/124/124
f 125/125/125 122/122/122 124/124/124
f 125/125/125 124/124/124 126/126/126
f 127/127/127 125/125/125 126/126/126
f 128/128/128 127/127/127 126/126/126
f 127/127/127 128/128/128 129/129/129
f 125/125/125 127/127/127 129/129/129
f 128/128/128 130/130/130 129/129/129
f 131/131/131 130/130/130 128/128/128
f 132/132/132 131/131/131 128/128/128
f 133/133/133 128/128/128 126/126/126
f 128/128/128 133/133/133 134/134/134
f 132/132/132 128/128/128 134/134/134
f 130/130/130 131/131/131 135/135/135
f 131/131/131 136/136/136 135/135/135
f 130/130/130 135/135/135 137/137/137
f 129/129/129 130/130/130 137/137/137
f 129/129/129 137/137/137 138/138/138
f 139/139/139 129/129/129 138/138/138
f 139/139/139 125/125/125 129/129/129
f 137/137/137 140/140/140 138/138/138
f 137/137/137 135/135/135 140/140/140
f 140/140/140 141/141/141 138/138/138
f 135/135/135 142/142/142 140/140/140
f 135/135/135 136/136/136 142/142/142
f 136/136/136 143/143/143 142/142/142
f 141/141/141 140/140/140 144/144/144
f 140/140/140 145/145/145 144/144/144
f 140/140/140 142/142/142 145/145/145
f 142/142/142 143/143/143 146/146/146
f 142/142/142 146/146/146 145/145/145
f 143/143/143 147/147/147 146/146/146
f 150/150/150 149/149/149 148/148/148
f 153/153/153 152/152/152 151/151/151
f 156/156/156 155/155/155 154/154/154
f 157/157/157 156/156/156 154/154/154
f 160/160/160 159/159/159 158/158/158
f 161/161/161 160/160/160 158/158/158
f 164/164/164 163/163/163 162/162/162
f 165/165/165 164/164/164 162/162/162
f 166/166/166 163/163/163 164/164/164
f 167/167/167 166/166/166 164/164/164
f 167/167/167 168/168/168 166/166/166
f 168/168/168 169/169/169 166/166/166
f 169/169/169 168/168/168 170/170/170
f 168/168/168 171/171/171 170/170/170
f 171/171/171 172/172/172 170/170/170
f 172/172/172 173/173/173 170/170/170
f 174/174/174 173/173/173 172/172/172
f 175/175/175 174/174/174 172/172/172
f 175/175/175 176/176/176 174/174/174
f 176/176/176 177/177/177 174/174/174
f 180/180/180 179/179/179 178/178/178
f 181/181/181 180/180/180 178/178/178
f 179/179/179 180/180/180 182/182/182
f 180/180/180 183/183/183 182/182/182
f 183/183/183 184/184/184 182/182/182
f 184/184/184 185/185/185 182/182/182
f 186/186/186 181/181/181 178/178/178
f 187/187/187 186/186/186 178/178/178
f 185/185/185 184/184/184 188/188/188
f 184/184/184 189/189/189 188/188/188
f 188/188/188 189/189/189 190/190/190
f 189/189/189 191/191/191 190/190/190
f 191/191/191 192/192/192 190/190/190
f 192/192/192 193/193/193 190/190/190
f 193/193/193 192/192/192 194/194/194
f 192/192/192 195/195/195 194/194/194
f 196/196/196 186/186/186 187/187/187
f 197/197/197 196/196/196 187/187/187
f 200/200/200 199/199/199 198/198/198
f 201/201/201 200/200/200 198/198/198
f 204/204/204 203/203/203 202/202/202
f 205/205/205 204/204/204 202/202/202
f 208/208/208 207/207/207 206/206/206
f 209/209/209 208/208/208 206/206/206
f 212/212/212 211/211/211 210/210/210
f 212/212/212 210/210/210 213/213/213
f 214/214/214 213/213/213 210/210/210
f 214/214/214 210/210/210 215/215/215
f 213/213/213 216/216/216 212/212/212
f 216/216/216 217/217/217 212/212/212
f 216/216/216 218/218/218 217/217/217
f 218/218/218 219/219/219 217/217/217
f 210/210/210 211/211/211 220/220/220
f 215/215/215 210/210/210 220/220/220
f 215/215/215 220/220/220 221/221/221
f 222/222/222 215/215/215 221/221/221
f 223/223/223 222/222/222 221/221/221
f 221/221/221 224/224/224 223/223/223
f 224/224/224 225/225/225 223/223/223
f 218/218/218 226/226/226 219/219/219
f 226/226/226 227/227/227 219/219/219
f 226/226/226 228/228/228 227/227/227
f 228/228/228 229/229/229 227/227/227
f 232/232/232 231/231/231 230/230/230
f 233/233/233 232/232/232 230/230/230
f 236/236/236 235/235/235 234/234/234
f 237/237/237 236/236/236 234/234/234
f 238/238/238 234/234/234 235/235/235
f 239/239/239 238/238/238 235/235/235
f 238/238/238 239/239/239 240/240/240
f 241/241/241 238/238/238 240/240/240
f 244/244/244 243/243/243 242/242/242
f 245/245/245 244/244/244 242/242/242
f 245/245/245 246/246/246 244/244/244
f 246/246/246 247/247/247 244/244/244
f 246/246/246 248/248/248 247/247/247
f 248/248/248 249/249/249 247/247/247
f 252/252/252 251/251/251 250/250/250
f 253/253/253 252/252/252 250/250/250
f 254/254/254 253/253/253 250/250/250
f 255/255/255 254/254/254 250/250/250
f 250/250/250 251/251/251 256/256/256
f 255/255/255 250/250/250 256/256/256
f 251/251/251 257/257/257 256/256/256
f 258/258/258 255/255/255 256/256/256
f 256/256/256 257/257/257 259/259/259
f 258/258/258 256/256/256 259/259/259
f 257/257/257 260/260/260 259/259/259
f 261/261/261 258/258/258 259/259/259
f 260/260/260 262/262/262 259/259/259
f 262/262/262 263/263/263 259/259/259
f 263/263/263 262/262/262 264/264/264
f 263/263/263 264/264/264 265/265/265
f 265/265/265 261/261/261 259/259/259
f 263/263/263 265/265/265 259/259/259
f 264/264/264 266/266/266 265/265/265
f 262/262/262 267/267/267 264/264/264
f 264/264/264 268/268/268 266/266/266
f 264/264/264 267/267/267 268/268/268
f 268/268/268 269/269/269 266/266/266
f 268/268/268 270/270/270 269/269/269
f 270/270/270 271/271/271 269/269/269
f 270/270/270 272/272/272 271/271/271
f 272/272/272 273/273/273 271/271/271
f 270/270/270 274/274/274 272/272/272
f 274/274/274 275/275/275 272/272/272
f 267/267/267 276/276/276 268/268/268
f 276/276/276 274/274/274 277/277/277
f 268/268/268 276/276/276 277/277/277
f 279/279/279 98/98/98 278/278/278
f 102/102/102 279/279/279 278/278/278
f 282/282/282 281/281/281 280/280/280
f 283/283/283 282/282/282 280/280/280
f 286/286/286 285/285/285 284/284/284
f 289/289/289 288/288/288 287/287/287
f 290/290/290 289/289/289 287/287/287
f 290/290/290 287/287/287 291/291/291
f 292/292/292 290/290/290 291/291/291
f 295/295/295 294/294/294 293/293/293
f 296/296/296 295/295/295 293/293/293
f 296/296/296 297/297/297 295/295/295
f 297/297/297 298/298/298 295/295/295
f 297/297/297 299/299/299 298/298/298
f 299/299/299 300/300/300 298/298/298
f 303/303/303 302/302/302 301/301/301
f 304/304/304 303/303/303 301/301/301
f 302/302/302 305/305/305 301/301/301
f 305/305/305 306/306/306 301/301/301
f 303/303/303 304/304/304 307/307/307
f 308/308/308 303/303/303 307/307/307
f 308/308/308 307/307/307 309/309/309
f 310/310/310 308/308/308 309/309/309
f 311/311/311 310/310/310 309/309/309
f 312/312/312 311/311/311 309/309/309
f 311/311/311 312/312/312 313/313/313
f 314/314/314 311/311/311 313/313/313
f 306/306/306 305/305/305 315/315/315
f 305/305/305 316/316/316 315/315/315
f 316/316/316 317/317/317 315/315/315
f 317/317/317 318/318/318 315/315/315
f 317/317/317 319/319/319 318/318/318
f 319/319/319 320/320/320 318/318/318
f 323/323/323 322/322/322 321/321/321
f 324/324/324 323/323/323 321/321/321
f 322/322/322 325/325/325 321/321/321
f 325/325/325 326/326/326 321/321/321
f 326/326/326 325/325/325 327/327/327
f 325/325/325 328/328/328 327/327/327
f 327/327/327 328/328/328 329/329/329
f 328/328/328 330/330/330 329/329/329
f 331/331/331 330/330/330 328/328/328
f 331/331/331 332/332/332 330/330/330
f 332/332/332 333/333/333 330/330/330
f 330/330/330 333/333/333 329/329/329
f 334/334/334 331/331/331 328/328/328
f 333/333/333 335/335/335 329/329/329
f 332/332/332 336/336/336 333/333/333
f 336/336/336 337/337/337 333/333/333
f 333/333/333 337/337/337 338/338/338
f 335/335/335 333/333/333 338/338/338
f 323/323/323 324/324/324 339/339/339
f 340/340/340 323/323/323 339/339/339
f 341/341/341 340/340/340 339/339/339
f 342/342/342 341/341/341 339/339/339
f 343/343/343 341/341/341 342/342/342
f 344/344/344 343/343/343 342/342/342
f 345/345/345 331/331/331 334/334/334
f 346/346/346 345/345/345 334/334/334
f 347/347/347 345/345/345 346/346/346
f 348/348/348 347/347/347 346/346/346
f 349/349/349 347/347/347 348/348/348
f 350/350/350 349/349/349 348/348/348
f 349/349/349 351/351/351 347/347/347
f 351/351/351 352/352/352 347/347/347
f 347/347/347 352/352/352 345/345/345
f 351/351/351 353/353/353 352/352/352
f 353/353/353 354/354/354 352/352/352
f 352/352/352 354/354/354 355/355/355
f 352/352/352 355/355/355 345/345/345
f 345/345/345 355/355/355 331/331/331
f 355/355/355 332/332/332 331/331/331
f 354/354/354 356/356/356 355/355/355
f 355/355/355 356/356/356 332/332/332
f 356/356/356 336/336/336 332/332/332
f 359/359/359 358/358/358 357/357/357
f 362/362/362 361/361/361 360/360/360
f 363/363/363 362/362/362 360/360/360
f 366/366/366 365/365/365 364/364/364
f 367/367/367 366/366/366 364/364/364
f 370/370/370 369/369/369 368/368/368
f 371/371/371 370/370/370 368/368/368
f 374/374/374 373/373/373 372/372/372
f 375/375/375 374/374/374 372/372/372
f 376/376/376 374/374/374 375/375/375
f 377/377/377 376/376/376 375/375/375
f 380/380/380 379/379/379 378/378/378
f 381/381/381 380/380/380 378/378/378
f 380/380/380 382/382/382 379/379/379
f 382/382/382 383/383/383 379/379/379
f 386/386/386 385/385/385 384/384/384
f 387/387/387 386/386/386 384/384/384
f 390/390/390 389/389/389 388/388/388
f 391/391/391 390/390/390 388/388/388
f 394/394/394 393/393/393 392/392/392
f 397/397/397 396/396/396 395/395/395
f 398/398/398 397/397/397 395/395/395
f 398/398/398 399/399/399 397/397/397
f 399/399/399 400/400/400 397/397/397
f 403/403/403 402/402/402 401/401/401
f 404/404/404 403/403/403 401/401/401
f 407/407/407 406/406/406 405/405/405
f 410/410/410 409/409/409 408/408/408
f 411/411/411 410/410/410 408/408/408
f 414/414/414 413/413/413 412/412/412
f 415/415/415 414/414/414 412/412/412
f 415/415/415 416/416/416 414/414/414
f 416/416/416 417/417/417 414/414/414
f 420/420/420 419/419/419 418/418/418
f 423/423/423 422/422/422 421/421/421
f 424/424/424 423/423/423 421/421/421
f 427/427/427 426/426/426 425/425/425
f 428/428/428 427/427/427 425/425/425
f 425/425/425 426/426/426 429/429/429
f 426/426/426 430/430/430 429/429/429
f 431/431/431 427/427/427 428/428/428
f 432/432/432 431/431/431 428/428/428
f 433/433/433 431/431/431 432/432/432
f 434/434/434 433/433/433 432/432/432
f 435/435/435 433/433/433 434/434/434
f 436/436/436 435/435/435 434/434/434
f 439/439/439 438/438/438 437/437/437
f 440/440/440 439/439/439 437/437/437
f 443/443/443 442/442/442 441/441/441
f 444/444/444 443/443/443 441/441/441
f 447/447/447 446/446/446 445/445/445
f 448/448/448 447/447/447 445/445/445
f 447/447/447 449/449/449 446/446/446
f 449/449/449 450/450/450 446/446/446
f 449/449/449 451/451/451 450/450/450
f 451/451/451 452/452/452 450/450/450
f 453/453/453 452/452/452 451/451/451
f 454/454/454 453/453/453 451/451/451
f 454/454/454 455/455/455 453/453/453
f 455/455/455 456/456/456 453/453/453
f 455/455/455 457/457/457 456/456/456
f 457/457/457 458/458/458 456/456/456
f 448/448/448 445/445/445 459/459/459
f 460/460/460 448/448/448 459/459/459
f 461/461/461 460/460/460 459/459/459
f 462/462/462 461/461/461 459/459/459
f 463/463/463 461/461/461 462/462/462
f 464/464/464 463/463/463 462/462/462
f 467/467/467 466/466/466 465/465/465
f 468/468/468 467/467/467 465/465/465
f 466/466/466 469/469/469 465/465/465
f 469/469/469 470/470/470 465/465/465
f 470/470/470 469/469/469 471/471/471
f 469/469/469 472/472/472 471/471/471
f 472/472/472 473/473/473 471/471/471
f 473/473/473 474/474/474 471/471/471
f 474/474/474 473/473/473 475/475/475
f 473/473/473 476/476/476 475/475/475
f 479/479/479 478/478/478 477/477/477
f 480/480/480 479/479/479 477/477/477
f 483/483/483 482/482/482 481/481/481
f 484/484/484 483/483/483 481/481/481
f 487/487/487 486/486/486 485/485/485
f 488/488/488 487/487/487 485/485/485
f 491/491/491 490/490/490 489/489/489
f 492/492/492 491/491/491 489/489/489
f 491/491/491 493/493/493 490/490/490
f 493/493/493 494/494/494 490/490/490
f 493/493/493 495/495/495 494/494/494
f 495/495/495 496/496/496 494/494/494
f 495/495/495 497/497/497 496/496/496
f 497/497/497 498/498/498 496/496/496
f 497/497/497 499/499/499 498/498/498
f 499/499/499 500/500/500 498/498/498
f 499/499/499 501/501/501 500/500/500
f 501/501/501 502/502/502 500/500/500
f 501/501/501 503/503/503 502/502/502
f 503/503/503 504/504/504 502/502/502
f 507/507/507 506/506/506 505/505/505
f 508/508/508 507/507/507 505/505/505
f 511/511/511 510/510/510 509/509/509
f 512/512/512 511/511/511 509/509/509
f 515/515/515 514/514/514 513/513/513
f 516/516/516 515/515/515 513/513/513
f 519/519/519 518/518/518 517/517/517
f 520/520/520 519/519/519 517/517/517
f 517/517/517 518/518/518 521/521/521
f 518/518/518 522/522/522 521/521/521
f 521/521/521 522/522/522 523/523/523
f 522/522/522 524/524/524 523/523/523
f 523/523/523 524/524/524 525/525/525
f 526/526/526 523/523/523 525/525/525
f 527/527/527 526/526/526 525/525/525
f 528/528/528 527/527/527 525/525/525
f 531/531/531 530/530/530 529/529/529
f 532/532/532 531/531/531 529/529/529
f 531/531/531 533/533/533 530/530/530
f 533/533/533 534/534/534 530/530/530
f 533/533/533 535/535/535 534/534/534
f 535/535/535 536/536/536 534/534/534
f 532/532/532 529/529/529 537/537/537
f 538/538/538 532/532/532 537/537/537
f 538/538/538 537/537/537 539/539/539
f 540/540/540 538/538/538 539/539/539
f 540/540/540 539/539/539 541/541/541
f 542/542/542 540/540/540 541/541/541
f 542/542/542 541/541/541 543/543/543
f 544/544/544 542/542/542 543/543/543
f 545/545/545 544/544/544 543/543/543
f 546/546/546 545/545/545 543/543/543
f 545/545/545 546/546/546 547/547/547
f 548/548/548 545/545/545 547/547/547
f 549/549/549 542/542/542 544/544/544
f 550/550/550 549/549/549 544/544/544
f 551/551/551 549/549/549 550/550/550
f 551/551/551 552/552/552 549/549/549
f 551/551/551 553/553/553 552/552/552
f 554/554/554 553/553/553 551/551/551
f 555/555/555 554/554/554 551/551/551
f 555/555/555 551/551/551 550/550/550
f 553/553/553 556/556/556 552/552/552
f 553/553/553 557/557/557 556/556/556
f 557/557/557 553/553/553 554/554/554
f 557/557/557 558/558/558 556/556/556
f 558/558/558 559/559/559 556/556/556
f 559/559/559 560/560/560 556/556/556
f 560/560/560 559/559/559 561/561/561
f 559/559/559 562/562/562 561/561/561
f 561/561/561 562/562/562 563/563/563
f 562/562/562 564/564/564 563/563/563
f 564/564/564 565/565/565 563/563/563
f 565/565/565 566/566/566 563/563/563
f 566/566/566 565/565/565 567/567/567
f 565/565/565 568/568/568 567/567/567
f 566/566/566 567/567/567 569/569/569
f 570/570/570 566/566/566 569/569/569
f 563/563/563 566/566/566 570/570/570
f 561/561/561 563/563/563 571/571/571
f 560/560/560 561/561/561 571/571/571
f 563/563/563 572/572/572 571/571/571
f 572/572/572 563/563/563 570/570/570
f 573/573/573 560/560/560 571/571/571
f 556/556/556 560/560/560 573/573/573
f 552/552/552 556/556/556 573/573/573
f 572/572/572 574/574/574 571/571/571
f 572/572/572 570/570/570 574/574/574
f 574/574/574 575/575/575 571/571/571
f 571/571/571 575/575/575 576/576/576
f 573/573/573 571/571/571 576/576/576
f 573/573/573 576/576/576 577/577/577
f 552/552/552 573/573/573 577/577/577
f 552/552/552 577/577/577 549/549/549
f 570/570/570 569/569/569 578/578/578
f 570/570/570 578/578/578 574/574/574
f 569/569/569 579/579/579 578/578/578
f 578/578/578 579/579/579 533/533/533
f 579/579/579 535/535/535 533/533/533
f 578/578/578 533/533/533 531/531/531
f 574/574/574 578/578/578 531/531/531
f 576/576/576 575/575/575 538/538/538
f 575/575/575 532/532/532 538/538/538
f 574/574/574 531/531/531 532/532/532
f 575/575/575 574/574/574 532/532/532
f 549/549/549 577/577/577 542/542/542
f 577/577/577 540/540/540 542/542/542
f 576/576/576 538/538/538 540/540/540
f 577/577/577 576/576/576 540/540/540
f 582/582/582 581/581/581 580/580/580
f 583/583/583 582/582/582 580/580/580
f 584/584/584 583/583/583 580/580/580
f 585/585/585 584/584/584 580/580/580
f 580/580/580 581/581/581 586/586/586
f 581/581/581 587/587/587 586/586/586
f 580/580/580 586/586/586 588/588/588
f 585/585/585 580/580/580 588/588/588
f 586/586/586 587/587/587 589/589/589
f 587/587/587 590/590/590 589/589/589
f 589/589/589 590/590/590 591/591/591
f 590/590/590 592/592/592 591/591/591
f 592/592/592 593/593/593 591/591/591
f 593/593/593 594/594/594 591/591/591
f 591/591/591 594/594/594 595/595/595
f 589/589/589 591/591/591 595/595/595
f 594/594/594 596/596/596 595/595/595
f 597/597/597 589/589/589 595/595/595
f 586/586/586 589/589/589 597/597/597
f 588/588/588 586/586/586 597/597/597
f 600/600/600 599/599/599 598/598/598
f 601/601/601 600/600/600 598/598/598
f 604/604/604 603/603/603 602/602/602
f 605/605/605 604/604/604 602/602/602
f 602/602/602 603/603/603 606/606/606
f 603/603/603 607/607/607 606/606/606
f 606/606/606 607/607/607 608/608/608
f 607/607/607 609/609/609 608/608/608
f 608/608/608 609/609/609 610/610/610
f 609/609/609 611/611/611 610/610/610
f 611/611/611 612/612/612 610/610/610
f 612/612/612 613/613/613 610/610/610
f 616/616/616 615/615/615 614/614/614
f 619/619/619 618/618/618 617/617/617
f 620/620/620 619/619/619 617/617/617
f 617/617/617 618/618/618 621/621/621
f 618/618/618 622/622/622 621/621/621
f 623/623/623 620/620/620 617/617/617
f 620/620/620 623/623/623 624/624/624
f 620/620/620 624/624/624 619/619/619
f 623/623/623 625/625/625 624/624/624
f 623/623/623 626/626/626 625/625/625
f 626/626/626 627/627/627 625/625/625
f 626/626/626 623/623/623 628/628/628
f 628/628/628 623/623/623 617/617/617
f 628/628/628 617/617/617 621/621/621
f 629/629/629 626/626/626 628/628/628
f 629/629/629 628/628/628 630/630/630
f 630/630/630 628/628/628 621/621/621
f 631/631/631 629/629/629 630/630/630
f 631/631/631 630/630/630 632/632/632
f 632/632/632 630/630/630 621/621/621
f 633/633/633 631/631/631 632/632/632
f 634/634/634 633/633/633 632/632/632
f 635/635/635 634/634/634 632/632/632
f 636/636/636 632/632/632 621/621/621
f 635/635/635 632/632/632 636/636/636
f 637/637/637 635/635/635 636/636/636
f 637/637/637 636/636/636 638/638/638
f 636/636/636 639/639/639 638/638/638
f 636/636/636 621/621/621 639/639/639
f 621/621/621 622/622/622 639/639/639
f 637/637/637 638/638/638 640/640/640
f 641/641/641 637/637/637 640/640/640
f 641/641/641 640/640/640 642/642/642
f 643/643/643 641/641/641 642/642/642
f 643/643/643 642/642/642 644/644/644
f 645/645/645 643/643/643 644/644/644
f 645/645/645 646/646/646 643/643/643
f 646/646/646 647/647/647 643/643/643
f 648/648/648 647/647/647 646/646/646
f 649/649/649 648/648/648 646/646/646
f 647/647/647 648/648/648 650/650/650
f 651/651/651 647/647/647 650/650/650
f 651/651/651 641/641/641 643/643/643
f 647/647/647 651/651/651 643/643/643
f 652/652/652 646/646/646 645/645/645
f 653/653/653 652/652/652 645/645/645
f 654/654/654 652/652/652 653/653/653
f 655/655/655 652/652/652 654/654/654
f 655/655/655 649/649/649 646/646/646
f 652/652/652 655/655/655 646/646/646
f 656/656/656 655/655/655 654/654/654
f 657/657/657 654/654/654 653/653/653
f 657/657/657 653/653/653 658/658/658
f 653/653/653 659/659/659 658/658/658
f 645/645/645 644/644/644 659/659/659
f 653/653/653 645/645/645 659/659/659
f 635/635/635 651/651/651 650/650/650
f 634/634/634 635/635/635 650/650/650
f 658/658/658 659/659/659 660/660/660
f 659/659/659 661/661/661 660/660/660
f 660/660/660 661/661/661 662/662/662
f 661/661/661 663/663/663 662/662/662
f 661/661/661 664/664/664 663/663/663
f 664/664/664 665/665/665 663/663/663
f 664/664/664 666/666/666 665/665/665
f 666/666/666 667/667/667 665/665/665
f 666/666/666 668/668/668 667/667/667
f 668/668/668 669/669/669 667/667/667
f 668/668/668 670/670/670 669/669/669
f 670/670/670 671/671/671 669/669/669
f 670/670/670 672/672/672 671/671/671
f 672/672/672 673/673/673 671/671/671
f 672/672/672 674/674/674 673/673/673
f 674/674/674 675/675/675 673/673/673
f 676/676/676 675/675/675 674/674/674
f 677/677/677 676/676/676 674/674/674
f 678/678/678 676/676/676 677/677/677
f 679/679/679 678/678/678 677/677/677
f 679/679/679 680/680/680 678/678/678
f 680/680/680 681/681/681 678/678/678
f 640/640/640 668/668/668 666/666/666
f 638/638/638 670/670/670 668/668/668
f 640/640/640 638/638/638 668/668/668
f 639/639/639 672/672/672 670/670/670
f 638/638/638 639/639/639 670/670/670
f 677/677/677 674/674/674 622/622/622
f 622/622/622 674/674/674 672/672/672
f 639/639/639 622/622/622 672/672/672
f 618/618/618 677/677/677 622/622/622
f 679/679/679 677/677/677 618/618/618
f 682/682/682 680/680/680 679/679/679
f 619/619/619 682/682/682 679/679/679
f 619/619/619 679/679/679 618/618/618
f 624/624/624 682/682/682 619/619/619
f 642/642/642 640/640/640 666/666/666
f 642/642/642 666/666/666 664/664/664
f 644/644/644 642/642/642 664/664/664
f 644/644/644 664/664/664 661/661/661
f 659/659/659 644/644/644 661/661/661
f 685/685/685 684/684/684 683/683/683
f 686/686/686 685/685/685 683/683/683
f 689/689/689 688/688/688 687/687/687
f 690/690/690 689/689/689 687/687/687
f 688/688/688 689/689/689 691/691/691
f 692/692/692 688/688/688 691/691/691
f 689/689/689 690/690/690 693/693/693
f 694/694/694 689/689/689 693/693/693
f 689/689/689 694/694/694 695/695/695
f 691/691/691 689/689/689 695/695/695
f 696/696/696 691/691/691 695/695/695
f 697/697/697 696/696/696 695/695/695
f 698/698/698 692/692/692 691/691/691
f 696/696/696 698/698/698 691/691/691
f 690/690/690 699/699/699 693/693/693
f 700/700/700 690/690/690 687/687/687
f 701/701/701 700/700/700 687/687/687
f 700/700/700 701/701/701 702/702/702
f 701/701/701 703/703/703 702/702/702
f 703/703/703 704/704/704 702/702/702
f 704/704/704 705/705/705 702/702/702
f 705/705/705 704/704/704 706/706/706
f 704/704/704 707/707/707 706/706/706
f 708/708/708 694/694/694 693/693/693
f 694/694/694 708/708/708 695/695/695
f 709/709/709 708/708/708 693/693/693
f 709/709/709 710/710/710 708/708/708
f 710/710/710 711/711/711 708/708/708
f 711/711/711 712/712/712 708/708/708
f 712/712/712 713/713/713 708/708/708
f 713/713/713 712/712/712 714/714/714
f 712/712/712 715/715/715 714/714/714
f 710/710/710 709/709/709 716/716/716
f 717/717/717 710/710/710 716/716/716
f 710/710/710 718/718/718 711/711/711
f 718/718/718 710/710/710 717/717/717
f 718/718/718 719/719/719 711/711/711
f 718/718/718 720/720/720 719/719/719
f 720/720/720 721/721/721 719/719/719
f 721/721/721 722/722/722 719/719/719
f 722/722/722 723/723/723 719/719/719
f 712/712/712 723/723/723 715/715/715
f 723/723/723 712/712/712 711/711/711
f 719/719/719 723/723/723 711/711/711
f 723/723/723 722/722/722 724/724/724
f 723/723/723 724/724/724 715/715/715
f 722/722/722 725/725/725 724/724/724
f 720/720/720 718/718/718 726/726/726
f 726/726/726 718/718/718 717/717/717
f 727/727/727 720/720/720 726/726/726
f 728/728/728 727/727/727 726/726/726
f 729/729/729 728/728/728 726/726/726
f 729/729/729 726/726/726 717/717/717
f 728/728/728 729/729/729 730/730/730
f 731/731/731 728/728/728 730/730/730
f 732/732/732 731/731/731 730/730/730
f 733/733/733 732/732/732 730/730/730
f 730/730/730 729/729/729 734/734/734
f 733/733/733 730/730/730 734/734/734
f 729/729/729 735/735/735 734/734/734
f 735/735/735 729/729/729 717/717/717
f 736/736/736 733/733/733 734/734/734
f 736/736/736 734/734/734 737/737/737
f 738/738/738 736/736/736 737/737/737
f 738/738/738 737/737/737 739/739/739
f 737/737/737 740/740/740 739/739/739
f 739/739/739 741/741/741 706/706/706
f 706/706/706 743/743/743 742/742/742
f 742/742/742 743/743/743 744/744/744
f 743/743/743 745/745/745 744/744/744
f 745/745/745 746/746/746 744/744/744
f 746/746/746 747/747/747 744/744/744
f 747/747/747 699/699/699 690/690/690
f 749/749/749 746/746/746 748/748/748
f 752/752/752 751/751/751 750/750/750
f 753/753/753 752/752/752 750/750/750
f 750/750/750 751/751/751 754/754/754
f 755/755/755 750/750/750 754/754/754
f 755/755/755 754/754/754 756/756/756
f 754/754/754 757/757/757 756/756/756
f 756/756/756 757/757/757 758/758/758
f 757/757/757 759/759/759 758/758/758
f 758/758/758 759/759/759 760/760/760
f 759/759/759 761/761/761 760/760/760
f 764/764/764 763/763/763 762/762/762
f 765/765/765 764/764/764 762/762/762
f 765/765/765 766/766/766 764/764/764
f 766/766/766 767/767/767 764/764/764
f 766/766/766 768/768/768 767/767/767
f 768/768/768 769/769/769 767/767/767
f 772/772/772 771/771/771 770/770/770
f 773/773/773 772/772/772 770/770/770
f 770/770/770 771/771/771 774/774/774
f 771/771/771 775/775/775 774/774/774
f 774/774/774 775/775/775 776/776/776
f 777/777/777 776/776/776 775/775/775
f 778/778/778 777/777/777 775/775/775
f 779/779/779 777/777/777 778/778/778
f 780/780/780 779/779/779 778/778/778
f 781/781/781 779/779/779 780/780/780
f 782/782/782 781/781/781 780/780/780
f 785/785/785 784/784/784 783/783/783
f 786/786/786 785/785/785 783/783/783
f 786/786/786 783/783/783 787/787/787
f 788/788/788 786/786/786 787/787/787
f 787/787/787 789/789/789 788/788/788
f 789/789/789 790/790/790 788/788/788
f 789/789/789 791/791/791 790/790/790
f 791/791/791 792/792/792 790/790/790
f 791/791/791 793/793/793 792/792/792
f 793/793/793 794/794/794 792/792/792
f 797/797/797 796/796/796 795/795/795
f 798/798/798 797/797/797 795/795/795
f 797/797/797 799/799/799 796/796/796
f 799/799/799 554/554/554 796/796/796
f 795/795/795 796/796/796 800/800/800
f 801/801/801 795/795/795 800/800/800
f 796/796/796 554/554/554 555/555/555
f 800/800/800 796/796/796 555/555/555
f 801/801/801 800/800/800 802/802/802
f 800/800/800 803/803/803 802/802/802
f 800/800/800 555/555/555 550/550/550
f 803/803/803 800/800/800 550/550/550
f 799/799/799 557/557/557 554/554/554
f 803/803/803 550/550/550 544/544/544
f 545/545/545 803/803/803 544/544/544
f 802/802/802 803/803/803 545/545/545
f 548/548/548 802/802/802 545/545/545
f 806/806/806 805/805/805 804/804/804
f 807/807/807 806/806/806 804/804/804
f 810/810/810 809/809/809 808/808/808
f 811/811/811 810/810/810 808/808/808
f 811/811/811 808/808/808 812/812/812
f 813/813/813 811/811/811 812/812/812
f 813/813/813 812/812/812 814/814/814
f 812/812/812 815/815/815 814/814/814
f 814/814/814 815/815/815 816/816/816
f 815/815/815 817/817/817 816/816/816
f 816/816/816 817/817/817 818/818/818
f 817/817/817 819/819/819 818/818/818
f 822/822/822 821/821/821 820/820/820
f 823/823/823 822/822/822 820/820/820
f 826/826/826 825/825/825 824/824/824
f 827/827/827 826/826/826 824/824/824
f 830/830/830 829/829/829 828/828/828
f 831/831/831 830/830/830 828/828/828
f 834/834/834 833/833/833 832/832/832
f 835/835/835 834/834/834 832/832/832
f 838/838/838 837/837/837 836/836/836
f 839/839/839 838/838/838 836/836/836
f 840/840/840 839/839/839 836/836/836
f 841/841/841 840/840/840 836/836/836
f 842/842/842 837/837/837 838/838/838
f 843/843/843 842/842/842 838/838/838
f 842/842/842 843/843/843 844/844/844
f 845/845/845 842/842/842 844/844/844
f 845/845/845 844/844/844 846/846/846
f 844/844/844 847/847/847 846/846/846
f 847/847/847 848/848/848 846/846/846
f 848/848/848 849/849/849 846/846/846
f 849/849/849 848/848/848 850/850/850
f 848/848/848 851/851/851 850/850/850
f 854/854/854 853/853/853 852/852/852
f 857/857/857 856/856/856 855/855/855
f 860/860/860 859/859/859 858/858/858
f 861/861/861 860/860/860 858/858/858
f 864/864/864 863/863/863 862/862/862
f 865/865/865 864/864/864 862/862/862
f 868/868/868 867/867/867 866/866/866
f 869/869/869 868/868/868 866/866/866
f 871/871/871 866/866/866 870/870/870
f 872/872/872 871/871/871 870/870/870
f 871/871/871 872/872/872 873/873/873
f 872/872/872 874/874/874 873/873/873
f 874/874/874 875/875/875 873/873/873
f 875/875/875 876/876/876 873/873/873
f 876/876/876 878/878/878 877/877/877
f 879/879/879 876/876/876 877/877/877
f 880/880/880 879/879/879 877/877/877
f 881/881/881 880/880/880 877/877/877
f 880/880/880 881/881/881 882/882/882
f 881/881/881 883/883/883 882/882/882
f 886/886/886 885/885/885 884/884/884
f 887/887/887 886/886/886 884/884/884
f 885/885/885 888/888/888 884/884/884
f 888/888/888 889/889/889 884/884/884
f 886/886/886 887/887/887 890/890/890
f 891/891/891 886/886/886 890/890/890
f 894/894/894 893/893/893 892/892/892
f 895/895/895 894/894/894 892/892/892
f 898/898/898 897/897/897 896/896/896
f 899/899/899 898/898/898 896/896/896
f 902/902/902 901/901/901 900/900/900
f 903/903/903 902/902/902 900/900/900
f 906/906/906 905/905/905 904/904/904
f 907/907/907 906/906/906 904/904/904
f 910/910/910 909/909/909 908/908/908
f 911/911/911 910/910/910 908/908/908
f 914/914/914 913/913/913 912/912/912
f 915/915/915 914/914/914 912/912/912
f 918/918/918 917/917/917 916/916/916
f 919/919/919 918/918/918 916/916/916
f 922/922/922 921/921/921 920/920/920
f 923/923/923 922/922/922 920/920/920
f 926/926/926 925/925/925 924/924/924
f 927/927/927 926/926/926 924/924/924
f 930/930/930 929/929/929 928/928/928
f 931/931/931 930/930/930 928/928/928
f 934/934/934 933/933/933 932/932/932
f 935/935/935 934/934/934 932/932/932
f 932/932/932 933/933/933 936/936/936
f 933/933/933 937/937/937 936/936/936
f 938/938/938 932/932/932 936/936/936
f 939/939/939 938/938/938 936/936/936
f 937/937/937 933/933/933 940/940/940
f 933/933/933 941/941/941 940/940/940
f 938/938/938 939/939/939 942/942/942
f 939/939/939 943/943/943 942/942/942
f 938/938/938 942/942/942 944/944/944
f 942/942/942 945/945/945 944/944/944
f 945/945/945 946/946/946 944/944/944
f 947/947/947 938/938/938 944/944/944
f 947/947/947 935/935/935 932/932/932
f 938/938/938 947/947/947 932/932/932
f 950/950/950 949/949/949 948/948/948
f 951/951/951 950/950/950 948/948/948
f 949/949/949 952/952/952 948/948/948
f 952/952/952 953/953/953 948/948/948
f 950/950/950 951/951/951 954/954/954
f 955/955/955 950/950/950 954/954/954
f 956/956/956 955/955/955 954/954/954
f 957/957/957 956/956/956 954/954/954
f 960/960/960 959/959/959 958/958/958
f 963/963/963 962/962/962 961/961/961
f 966/966/966 965/965/965 964/964/964
f 967/967/967 966/966/966 964/964/964
f 970/970/970 969/969/969 968/968/968
f 971/971/971 970/970/970 968/968/968
f 970/970/970 972/972/972 969/969/969
f 972/972/972 973/973/973 969/969/969
f 976/976/976 975/975/975 974/974/974
f 977/977/977 976/976/976 974/974/974
f 976/976/976 977/977/977 978/978/978
f 979/979/979 976/976/976 978/978/978
f 974/974/974 975/975/975 980/980/980
f 975/975/975 981/981/981 980/980/980
f 980/980/980 981/981/981 982/982/982
f 981/981/981 983/983/983 982/982/982
f 982/982/982 983/983/983 984/984/984
f 983/983/983 985/985/985 984/984/984
f 984/984/984 985/985/985 986/986/986
f 985/985/985 987/987/987 986/986/986
f 990/990/990 989/989/989 988/988/988
f 991/991/991 990/990/990 988/988/988
f 994/994/994 993/993/993 992/992/992
f 997/997/997 996/996/996 995/995/995
f 1000/1000/1000 999/999/999 998/998/998
f 1001/1001/1001 1000/1000/1000 998/998/998
f 1004/1004/1004 1003/1003/1003 1002/1002/1002
f 1005/1005/1005 1004/1004/1004 1002/1002/1002
f 1008/1008/1008 1007/1007/1007 1006/1006/1006
f 1009/1009/1009 1008/1008/1008 1006/1006/1006
f 1006/1006/1006 1007/1007/1007 1010/1010/1010
f 1007/1007/1007 1011/1011/1011 1010/1010/1010
f 1012/1012/1012 1008/1008/1008 1009/1009/1009
f 1013/1013/1013 1012/1012/1012 1009/1009/1009
f 1014/1014/1014 1012/1012/1012 1013/1013/1013
f 1015/1015/1015 1014/1014/1014 1013/1013/1013
f 1016/1016/1016 1014/1014/1014 1015/1015/1015
f 1017/1017/1017 1016/1016/1016 1015/1015/1015
f 1018/1018/1018 1016/1016/1016 1017/1017/1017
f 1019/1019/1019 1018/1018/1018 1017/1017/1017
f 1022/1022/1022 1021/1021/1021 1020/1020/1020
f 1023/1023/1023 1022/1022/1022 1020/1020/1020
f 1026/1026/1026 1025/1025/1025 1024/1024/1024
f 1027/1027/1027 1026/1026/1026 1024/1024/1024
f 1024/1024/1024 1025/1025/1025 1028/1028/1028
f 1025/1025/1025 1029/1029/1029 1028/1028/1028
f 1032/1032/1032 1031/1031/1031 1030/1030/1030
f 1035/1035/1035 1034/1034/1034 1033/1033/1033
f 1038/1038/1038 1037/1037/1037 1036/1036/1036
f 1039/1039/1039 1038/1038/1038 1036/1036/1036
f 1042/1042/1042 1041/1041/1041 1040/1040/1040
f 1043/1043/1043 1042/1042/1042 1040/1040/1040
f 1042/1042/1042 1044/1044/1044 1041/1041/1041
f 1044/1044/1044 1045/1045/1045 1041/1041/1041
f 1043/1043/1043 1040/1040/1040 1046/1046/1046
f 1040/1040/1040 1047/1047/1047 1046/1046/1046
f 1050/1050/1050 1049/1049/1049 1048/1048/1048
f 1051/1051/1051 1050/1050/1050 1048/1048/1048
f 1054/1054/1054 1053/1053/1053 1052/1052/1052
f 1055/1055/1055 1054/1054/1054 1052/1052/1052
f 1058/1058/1058 1057/1057/1057 1056/1056/1056
f 1059/1059/1059 1058/1058/1058 1056/1056/1056
f 1056/1056/1056 1057/1057/1057 1060/1060/1060
f 1057/1057/1057 1061/1061/1061 1060/1060/1060
f 1060/1060/1060 1061/1061/1061 1062/1062/1062
f 1061/1061/1061 1063/1063/1063 1062/1062/1062
f 1063/1063/1063 1064/1064/1064 1062/1062/1062
f 1064/1064/1064 1065/1065/1065 1062/1062/1062
f 1064/1064/1064 1066/1066/1066 1065/1065/1065
f 1066/1066/1066 1067/1067/1067 1065/1065/1065
f 1070/1070/1070 1069/1069/1069 1068/1068/1068
f 1071/1071/1071 1070/1070/1070 1068/1068/1068
f 1074/1074/1074 1073/1073/1073 1072/1072/1072
f 1075/1075/1075 1074/1074/1074 1072/1072/1072
f 1078/1078/1078 1077/1077/1077 1076/1076/1076
f 1079/1079/1079 1078/1078/1078 1076/1076/1076
f 1082/1082/1082 1081/1081/1081 1080/1080/1080
f 1083/1083/1083 1082/1082/1082 1080/1080/1080
f 1086/1086/1086 1085/1085/1085 1084/1084/1084
f 1087/1087/1087 1086/1086/1086 1084/1084/1084
f 1090/1090/1090 1089/1089/1089 1088/1088/1088
f 1091/1091/1091 1090/1090/1090 1088/1088/1088
f 1094/1094/1094 1093/1093/1093 1092/1092/1092
f 1097/1097/1097 1096/1096/1096 1095/1095/1095
f 1100/1100/1100 1099/1099/1099 1098/1098/1098
f 1101/1101/1101 1100/1100/1100 1098/1098/1098
f 1099/1099/1099 1100/1100/1100 1102/1102/1102
f 1099/1099/1099 1102/1102/1102 1103/1103/1103
f 1104/1104/1104 1099/1099/1099 1103/1103/1103
f 1098/1098/1098 1099/1099/1099 1104/1104/1104
f 1100/1100/1100 1105/1105/1105 1102/1102/1102
f 1102/1102/1102 1105/1105/1105 1106/1106/1106
f 1105/1105/1105 1107/1107/1107 1106/1106/1106
f 1102/1102/1102 1106/1106/1106 1108/1108/1108
f 1103/1103/1103 1102/1102/1102 1108/1108/1108
f 1109/1109/1109 1098/1098/1098 1104/1104/1104
f 1103/1103/1103 1108/1108/1108 1110/1110/1110
f 1111/1111/1111 1103/1103/1103 1110/1110/1110
f 1112/1112/1112 1111/1111/1111 1110/1110/1110
f 1113/1113/1113 1112/1112/1112 1110/1110/1110
f 1112/1112/1112 1114/1114/1114 1111/1111/1111
f 1114/1114/1114 1115/1115/1115 1111/1111/1111
f 1115/1115/1115 1104/1104/1104 1103/1103/1103
f 1111/1111/1111 1115/1115/1115 1103/1103/1103
f 1114/1114/1114 1116/1116/1116 1115/1115/1115
f 1116/1116/1116 1117/1117/1117 1115/1115/1115
f 1117/1117/1117 1109/1109/1109 1104/1104/1104
f 1115/1115/1115 1117/1117/1117 1104/1104/1104
f 1120/1120/1120 1119/1119/1119 1118/1118/1118
f 1121/1121/1121 1120/1120/1120 1118/1118/1118
f 1118/1118/1118 1119/1119/1119 1122/1122/1122
f 1123/1123/1123 1118/1118/1118 1122/1122/1122
f 1123/1123/1123 1122/1122/1122 1124/1124/1124
f 1122/1122/1122 1125/1125/1125 1124/1124/1124
f 1124/1124/1124 1125/1125/1125 1126/1126/1126
f 1125/1125/1125 1127/1127/1127 1126/1126/1126
f 1126/1126/1126 1127/1127/1127 1128/1128/1128
f 1127/1127/1127 1129/1129/1129 1128/1128/1128
f 1132/1132/1132 1131/1131/1131 1130/1130/1130
f 1133/1133/1133 1132/1132/1132 1130/1130/1130
f 1136/1136/1136 1135/1135/1135 1134/1134/1134
f 1137/1137/1137 1136/1136/1136 1134/1134/1134
f 1140/1140/1140 1139/1139/1139 1138/1138/1138
f 1141/1141/1141 1140/1140/1140 1138/1138/1138
f 1144/1144/1144 1143/1143/1143 1142/1142/1142
f 1145/1145/1145 1144/1144/1144 1142/1142/1142
f 1148/1148/1148 1147/1147/1147 1146/1146/1146
f 1149/1149/1149 1148/1148/1148 1146/1146/1146
f 1152/1152/1152 1151/1151/1151 1150/1150/1150
f 1153/1153/1153 1152/1152/1152 1150/1150/1150
f 1151/1151/1151 1152/1152/1152 1154/1154/1154
f 1152/1152/1152 1155/1155/1155 1154/1154/1154
f 1158/1158/1158 1157/1157/1157 1156/1156/1156
f 1159/1159/1159 1158/1158/1158 1156/1156/1156
f 1162/1162/1162 1161/1161/1161 1160/1160/1160
f 1163/1163/1163 1162/1162/1162 1160/1160/1160
f 1166/1166/1166 1165/1165/1165 1164/1164/1164
f 1167/1167/1167 1166/1166/1166 1164/1164/1164
f 1170/1170/1170 1169/1169/1169 1168/1168/1168
f 1171/1171/1171 1170/1170/1170 1168/1168/1168
f 1174/1174/1174 1173/1173/1173 1172/1172/1172
f 1175/1175/1175 1174/1174/1174 1172/1172/1172
f 1172/1172/1172 1173/1173/1173 1176/1176/1176
f 1173/1173/1173 1177/1177/1177 1176/1176/1176
f 1176/1176/1176 1177/1177/1177 1178/1178/1178
f 1177/1177/1177 1179/1179/1179 1178/1178/1178
f 1178/1178/1178 1179/1179/1179 1180/1180/1180
f 1181/1181/1181 1178/1178/1178 1180/1180/1180
f 1182/1182/1182 1181/1181/1181 1180/1180/1180
f 1183/1183/1183 1182/1182/1182 1180/1180/1180
f 1184/1184/1184 1182/1182/1182 1183/1183/1183
f 1185/1185/1185 1184/1184/1184 1183/1183/1183
f 1188/1188/1188 1187/1187/1187 1186/1186/1186
f 1189/1189/1189 1188/1188/1188 1186/1186/1186
f 1192/1192/1192 1191/1191/1191 1190/1190/1190
f 1193/1193/1193 1192/1192/1192 1190/1190/1190
f 1196/1196/1196 1195/1195/1195 1194/1194/1194
f 1197/1197/1197 1196/1196/1196 1194/1194/1194
f 1200/1200/1200 1199/1199/1199 1198/1198/1198
f 1201/1201/1201 1200/1200/1200 1198/1198/1198
f 1204/1204/1204 1203/1203/1203 1202/1202/1202
f 1205/1205/1205 1204/1204/1204 1202/1202/1202
f 1208/1208/1208 1207/1207/1207 1206/1206/1206
f 1209/1209/1209 1208/1208/1208 1206/1206/1206
f 1208/1208/1208 1209/1209/1209 1210/1210/1210
f 1211/1211/1211 1208/1208/1208 1210/1210/1210
f 1214/1214/1214 1213/1213/1213 1212/1212/1212
f 1215/1215/1215 1214/1214/1214 1212/1212/1212
f 1218/1218/1218 1217/1217/1217 1216/1216/1216
f 1219/1219/1219 1218/1218/1218 1216/1216/1216
f 1222/1222/1222 1221/1221/1221 1220/1220/1220
f 1225/1225/1225 1224/1224/1224 1223/1223/1223
f 1228/1228/1228 1227/1227/1227 1226/1226/1226
f 1229/1229/1229 1228/1228/1228 1226/1226/1226
f 1232/1232/1232 1231/1231/1231 1230/1230/1230
f 1233/1233/1233 1232/1232/1232 1230/1230/1230
f 1236/1236/1236 1235/1235/1235 1234/1234/1234
f 1235/1235/1235 1237/1237/1237 1234/1234/1234
f 1236/1236/1236 1234/1234/1234 1238/1238/1238
f 1239/1239/1239 1236/1236/1236 1238/1238/1238
f 1239/1239/1239 1238/1238/1238 1240/1240/1240
f 1241/1241/1241 1239/1239/1239 1240/1240/1240
f 1242/1242/1242 1241/1241/1241 1240/1240/1240
f 1243/1243/1243 1242/1242/1242 1240/1240/1240
f 1244/1244/1244 1242/1242/1242 1243/1243/1243
f 1247/1247/1247 1246/1246/1246 1245/1245/1245
f 1248/1248/1248 1247/1247/1247 1245/1245/1245
f 1251/1251/1251 1250/1250/1250 1249/1249/1249
f 1251/1251/1251 1249/1249/1249 1252/1252/1252
f 1255/1255/1255 1254/1254/1254 1253/1253/1253
f 1256/1256/1256 1255/1255/1255 1253/1253/1253
f 1259/1259/1259 1258/1258/1258 1257/1257/1257
f 1260/1260/1260 1259/1259/1259 1257/1257/1257
f 1263/1263/1263 1262/1262/1262 1261/1261/1261
f 1264/1264/1264 1263/1263/1263 1261/1261/1261
f 1264/1264/1264 1261/1261/1261 1265/1265/1265
f 1266/1266/1266 1264/1264/1264 1265/1265/1265
f 1266/1266/1266 1265/1265/1265 1267/1267/1267
f 1268/1268/1268 1266/1266/1266 1267/1267/1267
f 1269/1269/1269 1268/1268/1268 1267/1267/1267
f 1270/1270/1270 1269/1269/1269 1267/1267/1267
f 1269/1269/1269 1270/1270/1270 1271/1271/1271
f 1270/1270/1270 1272/1272/1272 1271/1271/1271
f 1275/1275/1275 1274/1274/1274 1273/1273/1273
f 1276/1276/1276 1275/1275/1275 1273/1273/1273
f 1279/1279/1279 1278/1278/1278 1277/1277/1277
f 1280/1280/1280 1279/1279/1279 1277/1277/1277
f 1280/1280/1280 1277/1277/1277 1281/1281/1281
f 1282/1282/1282 1280/1280/1280 1281/1281/1281
f 1282/1282/1282 1281/1281/1281 1283/1283/1283
f 1284/1284/1284 1282/1282/1282 1283/1283/1283
f 1287/1287/1287 1286/1286/1286 1285/1285/1285
f 1288/1288/1288 1287/1287/1287 1285/1285/1285
f 1291/1291/1291 1290/1290/1290 1289/1289/1289
f 1292/1292/1292 1291/1291/1291 1289/1289/1289
f 1295/1295/1295 1294/1294/1294 1293/1293/1293
f 1296/1296/1296 1295/1295/1295 1293/1293/1293
f 1297/1297/1297 1295/1295/1295 1296/1296/1296
f 1298/1298/1298 1297/1297/1297 1296/1296/1296
f 1301/1301/1301 1300/1300/1300 1299/1299/1299
f 1302/1302/1302 1301/1301/1301 1299/1299/1299
f 1305/1305/1305 1304/1304/1304 1303/1303/1303
f 1306/1306/1306 1305/1305/1305 1303/1303/1303
f 1309/1309/1309 1308/1308/1308 1307/1307/1307
f 1310/1310/1310 1309/1309/1309 1307/1307/1307
f 1313/1313/1313 1312/1312/1312 1311/1311/1311
f 1314/1314/1314 1313/1313/1313 1311/1311/1311
f 1311/1311/1311 1312/1312/1312 1315/1315/1315
f 1312/1312/1312 1316/1316/1316 1315/1315/1315
f 1319/1319/1319 1318/1318/1318 1317/1317/1317
f 1320/1320/1320 1319/1319/1319 1317/1317/1317
f 1319/1319/1319 1321/1321/1321 1318/1318/1318
f 1321/1321/1321 1322/1322/1322 1318/1318/1318
f 1320/1320/1320 1317/1317/1317 1323/1323/1323
f 1317/1317/1317 1324/1324/1324 1323/1323/1323
f 1327/1327/1327 1326/1326/1326 1325/1325/1325
f 1328/1328/1328 1327/1327/1327 1325/1325/1325
f 1325/1325/1325 1326/1326/1326 1329/1329/1329
f 1326/1326/1326 1330/1330/1330 1329/1329/1329
f 1329/1329/1329 1330/1330/1330 1331/1331/1331
f 1330/1330/1330 1332/1332/1332 1331/1331/1331
f 1330/1330/1330 1333/1333/1333 1332/1332/1332
f 1334/1334/1334 1333/1333/1333 1330/1330/1330
f 1335/1335/1335 1334/1334/1334 1330/1330/1330
f 1333/1333/1333 1336/1336/1336 1332/1332/1332
f 1336/1336/1336 1333/1333/1333 1337/1337/1337
f 1333/1333/1333 1338/1338/1338 1337/1337/1337
f 1333/1333/1333 1334/1334/1334 1338/1338/1338
f 1339/1339/1339 1334/1334/1334 1335/1335/1335
f 1327/1327/1327 1339/1339/1339 1335/1335/1335
f 1334/1334/1334 1339/1339/1339 1340/1340/1340
f 1334/1334/1334 1340/1340/1340 1338/1338/1338
f 1339/1339/1339 1341/1341/1341 1340/1340/1340
f 1344/1344/1344 1343/1343/1343 1342/1342/1342
f 1345/1345/1345 1344/1344/1344 1342/1342/1342
f 1342/1342/1342 1343/1343/1343 1346/1346/1346
f 1343/1343/1343 1347/1347/1347 1346/1346/1346
f 1350/1350/1350 1349/1349/1349 1348/1348/1348
f 1351/1351/1351 1350/1350/1350 1348/1348/1348
f 1350/1350/1350 1352/1352/1352 1349/1349/1349
f 1352/1352/1352 1353/1353/1353 1349/1349/1349
f 1353/1353/1353 1352/1352/1352 1354/1354/1354
f 1352/1352/1352 1355/1355/1355 1354/1354/1354
f 1358/1358/1358 1357/1357/1357 1356/1356/1356
f 1359/1359/1359 1358/1358/1358 1356/1356/1356
f 1362/1362/1362 1361/1361/1361 1360/1360/1360
f 1363/1363/1363 1362/1362/1362 1360/1360/1360
f 1366/1366/1366 1365/1365/1365 1364/1364/1364
f 1367/1367/1367 1366/1366/1366 1364/1364/1364
f 1370/1370/1370 1369/1369/1369 1368/1368/1368
f 1371/1371/1371 1370/1370/1370 1368/1368/1368
f 1374/1374/1374 1373/1373/1373 1372/1372/1372
f 1375/1375/1375 1374/1374/1374 1372/1372/1372
f 1378/1378/1378 1377/1377/1377 1376/1376/1376
f 1379/1379/1379 1378/1378/1378 1376/1376/1376
f 1382/1382/1382 1381/1381/1381 1380/1380/1380
f 1383/1383/1383 1382/1382/1382 1380/1380/1380
f 1386/1386/1386 1385/1385/1385 1384/1384/1384
f 1387/1387/1387 1386/1386/1386 1384/1384/1384
f 1390/1390/1390 1389/1389/1389 1388/1388/1388
f 1391/1391/1391 1390/1390/1390 1388/1388/1388
f 1394/1394/1394 1393/1393/1393 1392/1392/1392
f 1395/1395/1395 1394/1394/1394 1392/1392/1392
f 1395/1395/1395 1392/1392/1392 1396/1396/1396
f 1397/1397/1397 1395/1395/1395 1396/1396/1396
f 1400/1400/1400 1399/1399/1399 1398/1398/1398
f 1401/1401/1401 1400/1400/1400 1398/1398/1398
f 1404/1404/1404 1403/1403/1403 1402/1402/1402
f 1405/1405/1405 1404/1404/1404 1402/1402/1402
f 1408/1408/1408 1407/1407/1407 1406/1406/1406
f 1409/1409/1409 1408/1408/1408 1406/1406/1406
f 1412/1412/1412 1411/1411/1411 1410/1410/1410
f 1413/1413/1413 1412/1412/1412 1410/1410/1410
f 1413/1413/1413 1410/1410/1410 1414/1414/1414
f 1415/1415/1415 1413/1413/1413 1414/1414/1414
f 1418/1418/1418 1417/1417/1417 1416/1416/1416
f 1419/1419/1419 1418/1418/1418 1416/1416/1416
f 1417/1417/1417 1421/1421/1421 1420/1420/1420
f 1422/1422/1422 1417/1417/1417 1420/1420/1420
f 1425/1425/1425 1424/1424/1424 1423/1423/1423
f 1426/1426/1426 1425/1425/1425 1423/1423/1423
f 1429/1429/1429 1428/1428/1428 1427/1427/1427
f 1430/1430/1430 1429/1429/1429 1427/1427/1427
f 1430/1430/1430 1427/1427/1427 1431/1431/1431
f 1432/1432/1432 1430/1430/1430 1431/1431/1431
f 1435/1435/1435 1434/1434/1434 1433/1433/1433
f 1436/1436/1436 1435/1435/1435 1433/1433/1433
f 1437/1437/1437 1434/1434/1434 1435/1435/1435
f 1438/1438/1438 1437/1437/1437 1435/1435/1435
f 1441/1441/1441 1440/1440/1440 1439/1439/1439
f 1442/1442/1442 1441/1441/1441 1439/1439/1439
f 1445/1445/1445 1444/1444/1444 1443/1443/1443
f 1446/1446/1446 1445/1445/1445 1443/1443/1443
f 1445/1445/1445 1447/1447/1447 1444/1444/1444
f 1447/1447/1447 1448/1448/1448 1444/1444/1444
f 1447/1447/1447 1449/1449/1449 1448/1448/1448
f 1449/1449/1449 1450/1450/1450 1448/1448/1448
f 1451/1451/1451 1446/1446/1446 1443/1443/1443
f 1452/1452/1452 1451/1451/1451 1443/1443/1443
f 1453/1453/1453 1451/1451/1451 1452/1452/1452
f 1454/1454/1454 1453/1453/1453 1452/1452/1452
f 1455/1455/1455 1453/1453/1453 1454/1454/1454
f 1456/1456/1456 1455/1455/1455 1454/1454/1454
f 1457/1457/1457 1455/1455/1455 1456/1456/1456
f 1460/1460/1460 1459/1459/1459 1458/1458/1458
f 1462/1462/1462 1461/1461/1461 75/75/75
f 74/74/74 1462/1462/1462 75/75/75
f 74/74/74 73/73/73 1462/1462/1462
f 73/73/73 77/77/77 1462/1462/1462
f 1462/1462/1462 91/91/91 1461/1461/1461
f 1462/1462/1462 77/77/77 91/91/91
f 91/91/91 90/90/90 1461/1461/1461
f 1465/1465/1465 1464/1464/1464 1463/1463/1463
f 1466/1466/1466 1465/1465/1465 1463/1463/1463
f 1467/1467/1467 1466/1466/1466 1463/1463/1463
f 1468/1468/1468 1467/1467/1467 1463/1463/1463
f 1471/1471/1471 1470/1470/1470 1469/1469/1469
f 1472/1472/1472 1471/1471/1471 1469/1469/1469
f 1475/1475/1475 1474/1474/1474 1473/1473/1473
f 1476/1476/1476 1475/1475/1475 1473/1473/1473
f 1479/1479/1479 1478/1478/1478 1477/1477/1477
f 1480/1480/1480 1477/1477/1477 1478/1478/1478
f 1481/1481/1481 1479/1479/1479 1477/1477/1477
f 1482/1482/1482 1481/1481/1481 1477/1477/1477
f 1485/1485/1485 1484/1484/1484 1483/1483/1483
f 1488/1488/1488 1487/1487/1487 1486/1486/1486
f 1489/1489/1489 1488/1488/1488 1486/1486/1486
f 1492/1492/1492 1491/1491/1491 1490/1490/1490
f 1495/1495/1495 1494/1494/1494 1493/1493/1493
f 1496/1496/1496 1495/1495/1495 1493/1493/1493
f 1499/1499/1499 1498/1498/1498 1497/1497/1497
f 1500/1500/1500 1499/1499/1499 1497/1497/1497
f 1503/1503/1503 1502/1502/1502 1501/1501/1501
f 1504/1504/1504 1503/1503/1503 1501/1501/1501
f 1507/1507/1507 1506/1506/1506 1505/1505/1505
f 1508/1508/1508 1507/1507/1507 1505/1505/1505
f 1511/1511/1511 1510/1510/1510 1509/1509/1509
f 1512/1512/1512 1511/1511/1511 1509/1509/1509
f 1515/1515/1515 1514/1514/1514 1513/1513/1513
f 1516/1516/1516 1515/1515/1515 1513/1513/1513
f 1519/1519/1519 1518/1518/1518 1517/1517/1517
f 1520/1520/1520 1519/1519/1519 1517/1517/1517
f 1523/1523/1523 1522/1522/1522 1521/1521/1521
f 1524/1524/1524 1523/1523/1523 1521/1521/1521
f 1527/1527/1527 1526/1526/1526 1525/1525/1525
f 1528/1528/1528 1527/1527/1527 1525/1525/1525
f 1531/1531/1531 1530/1530/1530 1529/1529/1529
f 1532/1532/1532 1531/1531/1531 1529/1529/1529
f 716/716/716 709/709/709 693/693/693
f 1533/1533/1533 716/716/716 693/693/693
f 651/651/651 635/635/635 637/637/637
f 641/641/641 651/651/651 637/637/637
f 1536/1536/1536 1535/1535/1535 1534/1534/1534
f 1537/1537/1537 1536/1536/1536 1534/1534/1534
f 1540/1540/1540 1539/1539/1539 1538/1538/1538
f 1541/1541/1541 1540/1540/1540 1538/1538/1538
f 1544/1544/1544 1543/1543/1543 1542/1542/1542
f 714/714/714 697/697/697 695/695/695
f 713/713/713 714/714/714 695/695/695
f 708/708/708 713/713/713 695/695/695
f 1547/1547/1547 1546/1546/1546 1545/1545/1545
f 1548/1548/1548 1547/1547/1547 1545/1545/1545
f 1551/1551/1551 1550/1550/1550 1549/1549/1549
f 1552/1552/1552 1551/1551/1551 1549/1549/1549
f 1555/1555/1555 1554/1554/1554 1553/1553/1553
f 1556/1556/1556 1555/1555/1555 1553/1553/1553
f 1559/1559/1559 1558/1558/1558 1557/1557/1557
f 1560/1560/1560 1559/1559/1559 1557/1557/1557
f 1563/1563/1563 1562/1562/1562 1561/1561/1561
f 1564/1564/1564 1563/1563/1563 1561/1561/1561
f 1567/1567/1567 1566/1566/1566 1565/1565/1565
f 1568/1568/1568 1567/1567/1567 1565/1565/1565
f 1567/1567/1567 1568/1568/1568 1569/1569/1569
f 1570/1570/1570 1567/1567/1567 1569/1569/1569
f 1573/1573/1573 1572/1572/1572 1571/1571/1571
f 1574/1574/1574 1573/1573/1573 1571/1571/1571
f 1577/1577/1577 1576/1576/1576 1575/1575/1575
f 1578/1578/1578 1577/1577/1577 1575/1575/1575
f 1581/1581/1581 1580/1580/1580 1579/1579/1579
f 1582/1582/1582 1581/1581/1581 1579/1579/1579
f 1585/1585/1585 1584/1584/1584 1583/1583/1583
f 1586/1586/1586 1585/1585/1585 1583/1583/1583
f 1589/1589/1589 1588/1588/1588 1587/1587/1587
f 1590/1590/1590 1589/1589/1589 1587/1587/1587
f 1591/1591/1591 1590/1590/1590 1587/1587/1587
f 1592/1592/1592 1591/1591/1591 1587/1587/1587
f 1595/1595/1595 1594/1594/1594 1593/1593/1593
f 1596/1596/1596 1595/1595/1595 1593/1593/1593
f 1599/1599/1599 1598/1598/1598 1597/1597/1597
f 1600/1600/1600 1599/1599/1599 1597/1597/1597
f 1603/1603/1603 1602/1602/1602 1601/1601/1601
f 1604/1604/1604 1603/1603/1603 1601/1601/1601
f 1607/1607/1607 1606/1606/1606 1605/1605/1605
f 1608/1608/1608 1607/1607/1607 1605/1605/1605
f 1611/1611/1611 1610/1610/1610 1609/1609/1609
f 1612/1612/1612 1611/1611/1611 1609/1609/1609
f 1615/1615/1615 1614/1614/1614 1613/1613/1613
f 1616/1616/1616 1615/1615/1615 1613/1613/1613
f 1619/1619/1619 1618/1618/1618 1617/1617/1617
f 1620/1620/1620 1619/1619/1619 1617/1617/1617
f 1623/1623/1623 1622/1622/1622 1621/1621/1621
f 1624/1624/1624 1623/1623/1623 1621/1621/1621
f 1627/1627/1627 1626/1626/1626 1625/1625/1625
f 1628/1628/1628 1627/1627/1627 1625/1625/1625
f 1631/1631/1631 1630/1630/1630 1629/1629/1629
f 1634/1634/1634 1633/1633/1633 1632/1632/1632
f 1635/1635/1635 1634/1634/1634 1632/1632/1632
f 1638/1638/1638 1637/1637/1637 1636/1636/1636
f 1639/1639/1639 1638/1638/1638 1636/1636/1636
f 1642/1642/1642 1641/1641/1641 1640/1640/1640
f 1643/1643/1643 1642/1642/1642 1640/1640/1640
