g KitchenSink
v -0.01202863 0.09355345 -0.016636068
v 0.02298616 0.09355345 -0.01663607
v 0.02298616 0.09355345 0.016636066
v -0.012028628 0.09355345 0.016636068
v -0.016431253 0.09355345 -0.016636068
v -0.01643125 0.09355345 0.016636068
v -0.13299593 0.09355345 -0.016636062
v -0.13299593 0.09355345 0.016636074
v -0.13739857 0.09355345 -0.016636062
v -0.13739857 0.09355345 0.016636074
v -0.14180118 0.09355345 -0.016636062
v -0.14180118 0.09355345 0.016636074
v -0.17551364 0.09355345 -0.01663606
v -0.17551364 0.09355345 0.016636075
v -0.13620561 0.05956016 -0.016636062
v -0.13859151 0.05493025 -0.016636062
v -0.13859151 0.05493025 0.016636074
v -0.13620561 0.059560165 0.016636074
v -0.016431253 0.091352135 -0.01883738
v -0.13299593 0.091352135 -0.018837374
v -0.13299593 0.063718244 -0.018837374
v -0.016431253 0.063718244 -0.01883738
v -0.01202863 0.091352135 -0.01883738
v -0.01202863 0.063718244 -0.01883738
v 0.02298616 0.091352135 -0.018837381
v 0.02298616 0.063718244 -0.018837381
v 0.02298616 0.05931562 -0.018837381
v -0.01202863 0.05931562 -0.01883738
v -0.01202863 -0.05327617 -0.01883738
v 0.02298616 -0.05327617 -0.018837381
v -0.13739857 0.062050756 -0.018837374
v -0.13739857 0.091352135 -0.018837374
v -0.14180118 0.055174787 -0.018837374
v -0.14180118 0.091352135 -0.018837374
v -0.17551364 0.055174787 -0.018837372
v -0.17551364 0.091352135 -0.018837372
v 0.02298616 0.063718244 0.018837377
v -0.012028628 0.063718244 0.01883738
v -0.012028628 0.091352135 0.01883738
v 0.02298616 0.091352135 0.018837377
v -0.01643125 0.091352135 0.01883738
v -0.01643125 0.063718244 0.01883738
v -0.13299593 0.091352135 0.018837385
v -0.13299593 0.063718244 0.018837385
v -0.012028628 0.05931562 0.01883738
v 0.02298616 0.05931562 0.018837377
v 0.02298616 -0.05327617 0.018837377
v -0.012028628 -0.05327617 0.01883738
v -0.13739857 0.091352135 0.018837385
v -0.13739857 0.062050756 0.018837385
v -0.14180118 0.091352135 0.018837385
v -0.14180118 0.055174787 0.018837385
v -0.17551364 0.091352135 0.018837387
v -0.17551364 0.055174787 0.018837387
v 0.042160887 -0.091558084 -0.028438734
v 0.041232813 -0.09154553 0.028609743
v 0.02608042 -0.057489548 0.01720869
v 0.026126267 -0.05746857 -0.017197026
v -0.029674243 -0.091529995 0.028898958
v -0.029674245 -0.091529995 -0.02843101
v -0.015096759 -0.057500944 -0.017204627
v -0.015096757 -0.057500944 0.017223444
v -0.016431253 0.061516937 -0.016636068
v -0.13299593 0.061516937 -0.016636062
v -0.13299593 0.061516937 0.016636074
v -0.01643125 0.061516937 0.016636068
v 0.02518747 -0.05327617 -0.01663607
v 0.02518747 -0.05327617 0.016636066
v 0.02518747 0.05931562 0.016636066
v 0.02518747 0.05931562 -0.01663607
v 0.02518747 0.063718244 -0.01663607
v 0.02518747 0.063718244 0.016636066
v 0.02518747 0.091352135 0.016636066
v 0.02518747 0.091352135 -0.01663607
v -0.17771497 0.055174787 0.016636075
v -0.17771497 0.055174787 -0.01663606
v -0.17771497 0.091352135 -0.01663606
v -0.17771497 0.091352135 0.016636075
v -0.14180118 0.05297348 -0.016636062
v -0.17551364 0.05297348 -0.01663606
v -0.17551364 0.05297348 0.016636075
v -0.14180118 0.05297348 0.016636074
v -0.028339747 -0.09355345 0.029690294
v 0.039920542 -0.09355345 0.029386844
v 0.040901765 -0.09355345 -0.029197553
v -0.028339753 -0.09355345 -0.029197551
v -0.024179991 -0.09136259 0.081966415
v 0.024179615 -0.09136259 0.081966415
v 0.016290355 -0.062183984 0.089855686
v -0.016290735 -0.062183984 0.08985568
v -0.014229938 -0.05327617 0.016636068
v -0.014229941 -0.05327617 -0.016636068
v -0.014229941 0.05931562 -0.016636068
v -0.014229938 0.05931562 0.016636068
v -0.027269036 -0.09146297 -0.0307092
v 0.03974269 -0.09146297 -0.030709201
v 0.023761224 -0.057567965 -0.019527044
v -0.012748973 -0.057567965 -0.019527042
v 0.015789552 0.0858853 0.12421102
v -0.01578992 0.0858853 0.124211006
v -0.015789926 0.0858853 0.09263155
v 0.015789546 0.0858853 0.09263155
v -0.01564854 0.08575287 0.12860964
v 0.015648173 0.08575287 0.12860966
v -0.008682135 0.07902423 0.24025027
v 0.008681793 0.07902423 0.24025027
v 0.024179617 -0.09136259 0.13487616
v -0.02417999 -0.09136259 0.13487615
v -0.01629073 -0.062183984 0.12698688
v 0.016290361 -0.062183984 0.12698689
v -0.017854135 0.08354759 0.12860936
v -0.010887695 0.07681893 0.24025056
v -0.010887693 0.060197644 0.24025056
v -0.017854135 0.053469 0.12860936
v -0.017991232 0.08368398 0.124211006
v -0.017991232 0.0533326 0.124211006
v -0.017991237 0.08368398 0.09263155
v -0.017991237 0.0533326 0.09263155
v -0.017991237 0.04892998 0.09263155
v -0.017991232 0.04892998 0.124211006
v -0.017991232 -0.057857666 0.124211006
v -0.017991237 -0.057857666 0.09263155
v -0.015789926 0.0533326 0.09043024
v 0.015789546 0.0533326 0.09043024
v 0.015789546 0.08368398 0.09043024
v -0.015789926 0.08368398 0.09043024
v 0.015789546 0.04892998 0.09043024
v -0.015789926 0.04892998 0.09043024
v -0.015789926 -0.057857666 0.09043024
v 0.015789546 -0.057857666 0.09043024
v -0.026455047 -0.09136259 0.13260108
v -0.026455048 -0.09136259 0.08424147
v -0.018565793 -0.062183984 0.09213074
v -0.018565787 -0.062183984 0.124711804
v 0.026454674 -0.09136259 0.08424147
v 0.026454674 -0.09136259 0.1326011
v 0.018565418 -0.062183984 0.12471183
v 0.018565413 -0.062183984 0.09213074
v 0.017990857 -0.057857666 0.09263155
v 0.017990863 -0.057857666 0.12421102
v 0.017990863 0.04892998 0.12421102
v 0.017990857 0.04892998 0.09263155
v 0.017990857 0.0533326 0.09263155
v 0.017990863 0.0533326 0.12421102
v 0.017990863 0.08368398 0.12421102
v 0.017990857 0.08368398 0.09263155
v 0.017853767 0.08354759 0.12860937
v 0.017853769 0.053469 0.12860937
v 0.010887352 0.07681893 0.24025056
v 0.010887352 0.060197644 0.24025056
v 0.008548945 0.06032608 0.24244761
v -0.008549287 0.06032608 0.24244761
v -0.008549287 0.07669049 0.24244761
v 0.008548945 0.07669049 0.24244761
v -0.01564854 0.051263724 0.12860964
v -0.008682135 0.05799233 0.24025027
v 0.008681793 0.05799233 0.24025027
v 0.015648173 0.051263724 0.12860966
v 0.024179611 -0.09136259 -0.079616494
v -0.024179997 -0.09136259 -0.079616494
v -0.016290737 -0.062183984 -0.08750576
v 0.016290352 -0.062183984 -0.08750575
v 0.015789552 -0.057857666 0.12641233
v -0.01578992 -0.057857666 0.12641232
v -0.01578992 0.04892998 0.12641232
v 0.015789552 0.04892998 0.12641233
v 0.024827918 -0.0934876 0.083593175
v -0.024828292 -0.0934876 0.083593175
v -0.024828292 -0.0934876 0.13324939
v 0.024827918 -0.0934876 0.13324939
v -0.015789937 0.0858853 -0.121861085
v 0.015789537 0.0858853 -0.121861085
v 0.015789542 0.0858853 -0.09028162
v -0.015789928 0.0858853 -0.09028162
v 0.015665855 0.08576901 -0.12626064
v -0.015666258 0.08576902 -0.12626064
v 0.009551659 0.07986352 -0.23789947
v -0.0095521 0.07986352 -0.23789947
v -0.024180004 -0.09136259 -0.13252623
v 0.024179606 -0.09136259 -0.13252622
v 0.016290346 -0.062183984 -0.12463694
v -0.016290747 -0.062183984 -0.124636956
v 0.017870467 0.08356464 -0.12626041
v 0.011756248 0.07765913 -0.2378997
v 0.011756248 0.059357442 -0.2378997
v 0.017870467 0.053451937 -0.12626041
v 0.017990848 0.08368398 -0.121861085
v 0.017990848 0.0533326 -0.121861085
v 0.017990854 0.08368398 -0.09028162
v 0.017990854 0.0533326 -0.09028162
v 0.017990854 0.04892998 -0.09028162
v 0.017990848 0.04892998 -0.121861085
v 0.017990848 -0.057857666 -0.121861085
v 0.017990854 -0.057857666 -0.09028162
v 0.015789542 0.0533326 -0.08808031
v -0.015789928 0.0533326 -0.08808031
v -0.015789928 0.08368398 -0.08808031
v 0.015789542 0.08368398 -0.08808031
v -0.015789928 0.04892998 -0.08808031
v 0.015789542 0.04892998 -0.08808031
v 0.015789542 -0.057857666 -0.08808031
v -0.015789928 -0.057857666 -0.08808031
v 0.026454661 -0.09136259 -0.13025115
v 0.026454667 -0.09136259 -0.08189155
v 0.018565409 -0.062183984 -0.089780815
v 0.018565403 -0.062183984 -0.12236188
v -0.026455054 -0.09136259 -0.08189155
v -0.026455062 -0.09136259 -0.13025115
v -0.018565804 -0.062183984 -0.12236188
v -0.018565794 -0.062183984 -0.089780815
v -0.01799124 -0.057857666 -0.09028162
v -0.017991249 -0.057857666 -0.121861085
v -0.017991249 0.04892998 -0.121861085
v -0.01799124 0.04892998 -0.09028162
v -0.01799124 0.0533326 -0.09028162
v -0.017991249 0.0533326 -0.121861085
v -0.017991249 0.08368398 -0.121861085
v -0.01799124 0.08368398 -0.09028162
v -0.01787087 0.08356464 -0.12626041
v -0.01787087 0.053451937 -0.12626041
v -0.011756688 0.07765913 -0.2378997
v -0.011756689 0.059357442 -0.2378997
v -0.009434998 0.059470642 -0.2400977
v 0.0094345575 0.059470642 -0.2400977
v 0.0094345575 0.077545926 -0.2400977
v -0.009434998 0.077545926 -0.2400977
v 0.015665853 0.05124757 -0.12626064
v 0.00955166 0.057153046 -0.23789947
v -0.0095521 0.057153054 -0.23789947
v -0.015666258 0.05124757 -0.12626064
v -0.6044758 -0.10415544 -0.33208662
v -0.6044758 -0.096178785 -0.33208662
v -0.0371051 -0.09617877 -0.33208632
v -0.0371051 -0.10415544 -0.33208632
v -0.015789937 -0.057857666 -0.12406239
v 0.015789537 -0.057857666 -0.12406239
v 0.015789537 0.04892998 -0.12406239
v -0.015789937 0.04892998 -0.12406239
v -0.024828298 -0.0934876 -0.08124325
v 0.02482791 -0.0934876 -0.08124325
v 0.024827907 -0.0934876 -0.13089946
v -0.024828305 -0.0934876 -0.13089946
v -0.60887843 -0.093977466 -0.3882226
v -0.60887843 -0.093977466 -0.33428797
v -0.66381156 -0.093977466 -0.33428806
v -0.66381156 -0.093977466 -0.38822272
v -0.66381156 -0.093977466 -0.3298854
v -0.60887843 -0.093977466 -0.32988533
v -0.6638116 -0.09397748 0.34346792
v -0.6088785 -0.09397748 0.34346792
v -0.6638116 -0.09397748 0.3478706
v -0.6088785 -0.09397748 0.3478706
v -0.6638117 -0.09397748 0.3935283
v -0.6088786 -0.09397748 0.3935283
v -0.6044758 -0.093977466 -0.33428797
v -0.6044758 -0.093977466 -0.3882226
v -0.037105083 -0.09397746 -0.3882225
v -0.0371051 -0.09397746 -0.33428764
v -0.032702472 -0.09397746 -0.33428764
v -0.03270246 -0.09397746 -0.3882225
v 0.046709266 -0.09397746 -0.38822237
v 0.04670925 -0.09397746 -0.33428755
v -0.032702472 -0.09397746 -0.329885
v 0.04670925 -0.09397746 -0.32988492
v -0.03270253 -0.09397748 0.34346825
v 0.04670917 -0.09397748 0.34346825
v -0.032702535 -0.09397748 0.3478709
v 0.04670917 -0.09397748 0.3478709
v -0.032702614 -0.09397748 0.3935286
v 0.046709117 -0.09397748 0.3935286
v -0.037105158 -0.09397748 0.3478709
v -0.037105236 -0.09397748 0.3935286
v -0.604476 -0.09397748 0.3935283
v -0.60447586 -0.09397748 0.3478706
v -0.6066772 -0.10415546 0.34346792
v -0.6066772 -0.096178785 0.34346792
v -0.6066771 -0.096178785 -0.32988533
v -0.6066771 -0.10415544 -0.32988533
v -0.6660129 -0.106356755 -0.38822272
v -0.6660129 -0.096178785 -0.38822272
v -0.6660129 -0.096178785 -0.33428806
v -0.6660129 -0.106356755 -0.33428806
v -0.6660129 -0.106356755 -0.3298854
v -0.6660129 -0.096178785 -0.3298854
v -0.666013 -0.096178785 0.34346792
v -0.666013 -0.10635677 0.34346792
v -0.666013 -0.10635677 0.3478706
v -0.666013 -0.096178785 0.3478706
v -0.666013 -0.096178785 0.3935283
v -0.666013 -0.10635677 0.3935283
v -0.037105083 -0.106356755 -0.3904238
v -0.037105083 -0.09617877 -0.3904238
v -0.6044758 -0.096178785 -0.39042395
v -0.6044758 -0.106356755 -0.39042395
v -0.03270246 -0.09617877 -0.3904238
v -0.03270246 -0.106356755 -0.3904238
v 0.046709266 -0.106356755 -0.3904237
v 0.046709266 -0.09617877 -0.3904237
v -0.60887843 -0.106356755 -0.39042395
v -0.60887843 -0.096178785 -0.39042395
v -0.66381156 -0.096178785 -0.39042404
v -0.66381156 -0.106356755 -0.39042404
v 0.04891056 -0.106356755 -0.33428755
v 0.04891056 -0.09617877 -0.33428755
v 0.048910573 -0.09617877 -0.38822237
v 0.048910573 -0.106356755 -0.38822237
v 0.04891056 -0.09617877 -0.32988492
v 0.04891056 -0.106356755 -0.32988492
v 0.048910484 -0.10635677 0.34346825
v 0.048910484 -0.096178785 0.34346825
v 0.04891048 -0.096178785 0.3478709
v 0.04891048 -0.10635677 0.3478709
v 0.048910428 -0.10635677 0.3935286
v 0.048910428 -0.096178785 0.3935286
v -0.07496742 -0.27204475 -0.2850046
v -0.0749675 -0.27204475 0.29858792
v -0.5666135 -0.27204475 0.2985876
v -0.56661344 -0.27204475 -0.28500488
v -0.034903787 -0.10415544 -0.329885
v -0.034903787 -0.09617877 -0.329885
v -0.034903843 -0.096178785 0.34346825
v -0.034903843 -0.10415545 0.34346825
v -0.037105154 -0.10415545 0.34566954
v -0.037105154 -0.096178785 0.34566954
v -0.60447586 -0.096178785 0.34566924
v -0.60447586 -0.10415546 0.34566924
v -0.037643544 -0.10848149 -0.33151075
v -0.07453479 -0.26992 -0.28778145
v -0.56704605 -0.26992 -0.28778175
v -0.6039373 -0.1084815 -0.33151114
v -0.035394236 -0.10850276 0.3428115
v -0.072275795 -0.26989874 0.29909375
v -0.07227572 -0.26989874 -0.28551042
v -0.03539418 -0.108502746 -0.32922825
v -0.60618675 -0.108502746 -0.32922858
v -0.5693052 -0.26989874 -0.28551072
v -0.5693052 -0.26989874 0.29909343
v -0.60618675 -0.10850277 0.3428112
v -0.604476 -0.10635677 0.39572966
v -0.604476 -0.096178785 0.39572966
v -0.03710524 -0.096178785 0.39572993
v -0.03710524 -0.10635677 0.39572993
v -0.6088786 -0.096178785 0.39572966
v -0.6088786 -0.10635677 0.39572966
v -0.6638117 -0.10635677 0.39572966
v -0.6638117 -0.096178785 0.39572966
v -0.032702617 -0.10635677 0.39572993
v -0.032702617 -0.096178785 0.39572993
v 0.046709113 -0.096178785 0.39572993
v 0.046709113 -0.10635677 0.39572993
v -0.6039374 -0.10848152 0.34509373
v -0.5670461 -0.26992 0.30136445
v -0.07453487 -0.26992 0.30136478
v -0.037643604 -0.10848152 0.34509405
v 0.038772687 -0.09146716 0.030891035
v 0.041232813 -0.09154553 0.028609743
v 0.039920542 -0.09355345 0.029386844
v 0.02518747 0.091352135 0.016636066
v 0.02298616 0.091352135 0.018837377
v 0.02298616 0.09355345 0.016636066
v -0.028339747 -0.09355345 0.029690294
v -0.029674243 -0.091529995 0.028898958
v -0.02727205 -0.09147007 0.031176027
v -0.012028628 0.091352135 0.01883738
v -0.01643125 0.091352135 0.01883738
v -0.01643125 0.09355345 0.016636068
v -0.13299593 0.091352135 0.018837385
v -0.13299593 0.09355345 0.016636074
v 0.02298616 0.09355345 0.016636066
v 0.02298616 0.091352135 0.018837377
v -0.012028628 0.091352135 0.01883738
v -0.01643125 0.09355345 0.016636068
v -0.012028628 0.09355345 0.016636068
v 0.02298616 0.09355345 0.016636066
v 0.040901765 -0.09355345 -0.029197553
v 0.042160887 -0.091558084 -0.028438734
v 0.03974269 -0.09146297 -0.030709201
v 0.02298616 0.091352135 -0.018837381
v 0.02518747 0.091352135 -0.01663607
v 0.02298616 0.09355345 -0.01663607
v -0.028339753 -0.09355345 -0.029197551
v -0.027269036 -0.09146297 -0.0307092
v -0.029674245 -0.091529995 -0.02843101
v -0.016431253 0.09355345 -0.016636068
v -0.016431253 0.091352135 -0.01883738
v -0.01202863 0.091352135 -0.01883738
v -0.01202863 0.09355345 -0.016636068
v 0.02298616 0.091352135 -0.018837381
v -0.016431253 0.09355345 -0.016636068
v -0.01202863 0.091352135 -0.01883738
v -0.01202863 0.09355345 -0.016636068
v 0.02298616 0.091352135 -0.018837381
v 0.02298616 0.09355345 -0.01663607
v -0.016431253 0.091352135 -0.01883738
v -0.13299593 0.09355345 -0.016636062
v -0.13299593 0.091352135 -0.018837374
v -0.13739857 0.091352135 -0.018837374
v -0.13739857 0.09355345 -0.016636062
v -0.14180118 0.09355345 -0.016636062
v -0.14180118 0.091352135 -0.018837374
v -0.17551364 0.09355345 -0.01663606
v -0.17551364 0.091352135 -0.018837372
v 0.02298616 0.063718244 0.018837377
v 0.02518747 0.063718244 0.016636066
v 0.02518747 0.05931562 0.016636066
v 0.02298616 0.05931562 0.018837377
v 0.02518747 -0.05327617 0.016636066
v 0.02298616 -0.05327617 0.018837377
v 0.02298616 0.091352135 0.018837377
v 0.02518747 0.091352135 0.016636066
v -0.01643125 0.063718244 0.01883738
v -0.012028628 0.063718244 0.01883738
v -0.012028628 0.05931562 0.01883738
v -0.012028628 0.05931562 0.01883738
v -0.014229938 0.05931562 0.016636068
v -0.01643125 0.063718244 0.01883738
v -0.01643125 0.061516937 0.016636068
v -0.014229941 0.05931562 -0.016636068
v -0.01202863 0.05931562 -0.01883738
v -0.01202863 0.063718244 -0.01883738
v -0.01202863 0.063718244 -0.01883738
v -0.016431253 0.063718244 -0.01883738
v -0.014229941 0.05931562 -0.016636068
v -0.016431253 0.063718244 -0.01883738
v -0.016431253 0.061516937 -0.016636068
v -0.014229941 0.05931562 -0.016636068
v 0.02298616 0.063718244 -0.018837381
v 0.02298616 0.05931562 -0.018837381
v 0.02518747 0.05931562 -0.01663607
v 0.02518747 0.063718244 -0.01663607
v 0.02518747 0.091352135 -0.01663607
v -0.17551364 0.09355345 0.016636075
v -0.17551364 0.091352135 0.018837387
v -0.17771497 0.091352135 0.016636075
v -0.17551364 0.09355345 -0.01663606
v -0.17771497 0.091352135 -0.01663606
v -0.17551364 0.091352135 -0.018837372
v -0.17551364 0.055174787 0.018837387
v -0.17551364 0.05297348 0.016636075
v -0.17771497 0.055174787 0.016636075
v -0.17551364 0.055174787 -0.018837372
v -0.17771497 0.055174787 -0.01663606
v -0.17551364 0.05297348 -0.01663606
v -0.015096757 -0.057500944 0.017223444
v -0.014229938 -0.05327617 0.016636068
v -0.012028628 -0.05327617 0.01883738
v -0.015096757 -0.057500944 0.017223444
v -0.012028628 -0.05327617 0.01883738
v -0.012746747 -0.057559647 0.019551778
v -0.012748973 -0.057567965 -0.019527042
v -0.01202863 -0.05327617 -0.01883738
v -0.014229941 -0.05327617 -0.016636068
v -0.015096759 -0.057500944 -0.017204627
v 0.026126267 -0.05746857 -0.017197026
v 0.02518747 -0.05327617 -0.01663607
v 0.02298616 -0.05327617 -0.018837381
v 0.023761224 -0.057567965 -0.019527044
v 0.02518747 -0.05327617 0.016636066
v 0.02608042 -0.057489548 0.01720869
v 0.023725593 -0.057565015 0.01953592
v 0.02518747 -0.05327617 0.016636066
v 0.023725593 -0.057565015 0.01953592
v 0.02298616 -0.05327617 0.018837377
v -0.14180118 0.05297348 0.016636074
v -0.14180118 0.055174787 0.018837385
v -0.13739857 0.062050756 0.018837385
v -0.13859151 0.05493025 0.016636074
v -0.14180118 0.05297348 -0.016636062
v -0.13859151 0.05493025 -0.016636062
v -0.13739857 0.062050756 -0.018837374
v -0.14180118 0.05297348 -0.016636062
v -0.13739857 0.062050756 -0.018837374
v -0.14180118 0.055174787 -0.018837374
v -0.14180118 0.09355345 0.016636074
v -0.13739857 0.09355345 0.016636074
v -0.13739857 0.091352135 0.018837385
v -0.14180118 0.091352135 0.018837385
v -0.13299593 0.091352135 0.018837385
v -0.13299593 0.09355345 0.016636074
v -0.13299593 0.063718244 -0.018837374
v -0.13739857 0.062050756 -0.018837374
v -0.13620561 0.05956016 -0.016636062
v -0.13299593 0.063718244 -0.018837374
v -0.13620561 0.05956016 -0.016636062
v -0.13299593 0.061516937 -0.016636062
v -0.13739857 0.062050756 0.018837385
v -0.13299593 0.063718244 0.018837385
v -0.13299593 0.061516937 0.016636074
v -0.13620561 0.059560165 0.016636074
v -0.024179991 -0.09136259 0.081966415
v -0.026455048 -0.09136259 0.08424147
v -0.024828292 -0.0934876 0.083593175
v -0.017991237 0.08368398 0.09263155
v -0.015789926 0.08368398 0.09043024
v -0.015789926 0.0858853 0.09263155
v 0.024827918 -0.0934876 0.083593175
v 0.026454674 -0.09136259 0.08424147
v 0.024179615 -0.09136259 0.081966415
v 0.015789546 0.08368398 0.09043024
v 0.017990857 0.08368398 0.09263155
v 0.015789546 0.0858853 0.09263155
v -0.024828292 -0.0934876 0.13324939
v -0.026455047 -0.09136259 0.13260108
v -0.02417999 -0.09136259 0.13487615
v -0.01564854 0.08575287 0.12860964
v -0.017854135 0.08354759 0.12860936
v -0.017991232 0.08368398 0.124211006
v -0.01578992 0.0858853 0.124211006
v -0.017991237 0.08368398 0.09263155
v -0.015789926 0.0858853 0.09263155
v -0.008682135 0.07902423 0.24025027
v -0.010887695 0.07681893 0.24025056
v -0.01564854 0.08575287 0.12860964
v -0.017991232 0.08368398 0.124211006
v -0.01578992 0.0858853 0.124211006
v -0.017854135 0.08354759 0.12860936
v -0.008682135 0.07902423 0.24025027
v 0.024827918 -0.0934876 0.13324939
v 0.024179617 -0.09136259 0.13487616
v 0.026454674 -0.09136259 0.1326011
v 0.017990863 0.08368398 0.12421102
v 0.017853767 0.08354759 0.12860937
v 0.015648173 0.08575287 0.12860966
v 0.010887352 0.07681893 0.24025056
v 0.015789546 0.0858853 0.09263155
v 0.017990857 0.08368398 0.09263155
v 0.015789552 0.0858853 0.12421102
v 0.017990863 0.08368398 0.12421102
v 0.015648173 0.08575287 0.12860966
v 0.015789552 0.0858853 0.12421102
v 0.010887352 0.07681893 0.24025056
v 0.008681793 0.07902423 0.24025027
v -0.015789926 0.0533326 0.09043024
v -0.017991237 0.0533326 0.09263155
v -0.017991237 0.04892998 0.09263155
v -0.015789926 0.04892998 0.09043024
v -0.015789926 0.08368398 0.09043024
v -0.017991237 0.08368398 0.09263155
v -0.017991237 -0.057857666 0.09263155
v -0.015789926 -0.057857666 0.09043024
v 0.015789546 0.0533326 0.09043024
v 0.015789546 0.04892998 0.09043024
v 0.017990857 0.04892998 0.09263155
v 0.017990857 0.0533326 0.09263155
v 0.017990857 0.08368398 0.09263155
v 0.015789546 0.08368398 0.09043024
v 0.015789546 -0.057857666 0.09043024
v 0.017990857 -0.057857666 0.09263155
v 0.017990863 0.0533326 0.12421102
v 0.017990863 0.04892998 0.12421102
v 0.015789552 0.04892998 0.12641233
v 0.015789552 0.04892998 0.12641233
v 0.015648173 0.051263724 0.12860966
v 0.017990863 0.0533326 0.12421102
v 0.015648173 0.051263724 0.12860966
v 0.017853769 0.053469 0.12860937
v 0.017990863 0.0533326 0.12421102
v -0.01564854 0.051263724 0.12860964
v -0.01578992 0.04892998 0.12641232
v -0.017991232 0.04892998 0.124211006
v -0.017991232 0.0533326 0.124211006
v -0.017854135 0.053469 0.12860936
v 0.008681793 0.07902423 0.24025027
v 0.010887352 0.07681893 0.24025056
v 0.008548945 0.07669049 0.24244761
v -0.008682135 0.07902423 0.24025027
v -0.008549287 0.07669049 0.24244761
v -0.010887695 0.07681893 0.24025056
v 0.010887352 0.060197644 0.24025056
v 0.008681793 0.05799233 0.24025027
v 0.008548945 0.06032608 0.24244761
v -0.010887693 0.060197644 0.24025056
v -0.008549287 0.06032608 0.24244761
v -0.008682135 0.05799233 0.24025027
v 0.018565413 -0.062183984 0.09213074
v 0.017990857 -0.057857666 0.09263155
v 0.015789546 -0.057857666 0.09043024
v 0.016290355 -0.062183984 0.089855686
v 0.016290361 -0.062183984 0.12698689
v 0.015789552 -0.057857666 0.12641233
v 0.017990863 -0.057857666 0.12421102
v 0.018565418 -0.062183984 0.12471183
v -0.018565787 -0.062183984 0.124711804
v -0.017991232 -0.057857666 0.124211006
v -0.01578992 -0.057857666 0.12641232
v -0.01629073 -0.062183984 0.12698688
v -0.017991237 -0.057857666 0.09263155
v -0.018565793 -0.062183984 0.09213074
v -0.016290735 -0.062183984 0.08985568
v -0.015789926 -0.057857666 0.09043024
v 0.024179611 -0.09136259 -0.079616494
v 0.026454667 -0.09136259 -0.08189155
v 0.02482791 -0.0934876 -0.08124325
v 0.017990854 0.08368398 -0.09028162
v 0.015789542 0.08368398 -0.08808031
v 0.015789542 0.0858853 -0.09028162
v -0.024828298 -0.0934876 -0.08124325
v -0.026455054 -0.09136259 -0.08189155
v -0.024179997 -0.09136259 -0.079616494
v -0.015789928 0.08368398 -0.08808031
v -0.01799124 0.08368398 -0.09028162
v -0.015789928 0.0858853 -0.09028162
v 0.024827907 -0.0934876 -0.13089946
v 0.026454661 -0.09136259 -0.13025115
v 0.024179606 -0.09136259 -0.13252622
v 0.015665855 0.08576901 -0.12626064
v 0.017870467 0.08356464 -0.12626041
v 0.017990848 0.08368398 -0.121861085
v 0.015789537 0.0858853 -0.121861085
v 0.017990854 0.08368398 -0.09028162
v 0.015789542 0.0858853 -0.09028162
v 0.009551659 0.07986352 -0.23789947
v 0.011756248 0.07765913 -0.2378997
v 0.015665855 0.08576901 -0.12626064
v 0.017990848 0.08368398 -0.121861085
v 0.015789537 0.0858853 -0.121861085
v 0.017870467 0.08356464 -0.12626041
v 0.009551659 0.07986352 -0.23789947
v -0.024828305 -0.0934876 -0.13089946
v -0.024180004 -0.09136259 -0.13252623
v -0.026455062 -0.09136259 -0.13025115
v -0.017991249 0.08368398 -0.121861085
v -0.01787087 0.08356464 -0.12626041
v -0.015666258 0.08576902 -0.12626064
v -0.011756688 0.07765913 -0.2378997
v -0.015789928 0.0858853 -0.09028162
v -0.01799124 0.08368398 -0.09028162
v -0.015789937 0.0858853 -0.121861085
v -0.017991249 0.08368398 -0.121861085
v -0.015666258 0.08576902 -0.12626064
v -0.015789937 0.0858853 -0.121861085
v -0.011756688 0.07765913 -0.2378997
v -0.0095521 0.07986352 -0.23789947
v 0.015789542 0.0533326 -0.08808031
v 0.017990854 0.0533326 -0.09028162
v 0.017990854 0.04892998 -0.09028162
v 0.015789542 0.04892998 -0.08808031
v 0.015789542 0.08368398 -0.08808031
v 0.017990854 0.08368398 -0.09028162
v 0.017990854 -0.057857666 -0.09028162
v 0.015789542 -0.057857666 -0.08808031
v -0.015789928 0.0533326 -0.08808031
v -0.015789928 0.04892998 -0.08808031
v -0.01799124 0.04892998 -0.09028162
v -0.01799124 0.0533326 -0.09028162
v -0.01799124 0.08368398 -0.09028162
v -0.015789928 0.08368398 -0.08808031
v -0.015789928 -0.057857666 -0.08808031
v -0.01799124 -0.057857666 -0.09028162
v -0.017991249 0.0533326 -0.121861085
v -0.017991249 0.04892998 -0.121861085
v -0.015789937 0.04892998 -0.12406239
v -0.015789937 0.04892998 -0.12406239
v -0.015666258 0.05124757 -0.12626064
v -0.017991249 0.0533326 -0.121861085
v -0.015666258 0.05124757 -0.12626064
v -0.01787087 0.053451937 -0.12626041
v -0.017991249 0.0533326 -0.121861085
v 0.015665853 0.05124757 -0.12626064
v 0.015789537 0.04892998 -0.12406239
v 0.017990848 0.04892998 -0.121861085
v 0.017990848 0.0533326 -0.121861085
v 0.017870467 0.053451937 -0.12626041
v -0.0095521 0.07986352 -0.23789947
v -0.011756688 0.07765913 -0.2378997
v -0.009434998 0.077545926 -0.2400977
v 0.009551659 0.07986352 -0.23789947
v 0.0094345575 0.077545926 -0.2400977
v 0.011756248 0.07765913 -0.2378997
v -0.011756689 0.059357442 -0.2378997
v -0.0095521 0.057153054 -0.23789947
v -0.009434998 0.059470642 -0.2400977
v 0.011756248 0.059357442 -0.2378997
v 0.0094345575 0.059470642 -0.2400977
v 0.00955166 0.057153046 -0.23789947
v -0.018565794 -0.062183984 -0.089780815
v -0.01799124 -0.057857666 -0.09028162
v -0.015789928 -0.057857666 -0.08808031
v -0.016290737 -0.062183984 -0.08750576
v -0.016290747 -0.062183984 -0.124636956
v -0.015789937 -0.057857666 -0.12406239
v -0.017991249 -0.057857666 -0.121861085
v -0.018565804 -0.062183984 -0.12236188
v 0.018565403 -0.062183984 -0.12236188
v 0.017990848 -0.057857666 -0.121861085
v 0.015789537 -0.057857666 -0.12406239
v 0.016290346 -0.062183984 -0.12463694
v 0.017990854 -0.057857666 -0.09028162
v 0.018565409 -0.062183984 -0.089780815
v 0.016290352 -0.062183984 -0.08750575
v 0.015789542 -0.057857666 -0.08808031
v -0.6039373 -0.1084815 -0.33151114
v -0.60618675 -0.108502746 -0.32922858
v -0.6066771 -0.10415544 -0.32988533
v -0.6044758 -0.10415544 -0.33208662
v -0.0371051 -0.10415544 -0.33208632
v -0.034903787 -0.10415544 -0.329885
v -0.03539418 -0.108502746 -0.32922825
v -0.037643544 -0.10848149 -0.33151075
v -0.6039374 -0.10848152 0.34509373
v -0.60447586 -0.10415546 0.34566924
v -0.6066772 -0.10415546 0.34346792
v -0.60618675 -0.10850277 0.3428112
v -0.037105154 -0.10415545 0.34566954
v -0.037643604 -0.10848152 0.34509405
v -0.035394236 -0.10850276 0.3428115
v -0.034903843 -0.10415545 0.34346825
v -0.56704605 -0.26992 -0.28778175
v -0.56661344 -0.27204475 -0.28500488
v -0.5693052 -0.26989874 -0.28551072
v -0.07453479 -0.26992 -0.28778145
v -0.07227572 -0.26989874 -0.28551042
v -0.07496742 -0.27204475 -0.2850046
v -0.5670461 -0.26992 0.30136445
v -0.5693052 -0.26989874 0.29909343
v -0.5666135 -0.27204475 0.2985876
v -0.07453487 -0.26992 0.30136478
v -0.0749675 -0.27204475 0.29858792
v -0.072275795 -0.26989874 0.29909375
v -0.66381156 -0.093977466 -0.33428806
v -0.66381156 -0.093977466 -0.3298854
v -0.6660129 -0.096178785 -0.3298854
v -0.6660129 -0.096178785 -0.33428806
v -0.6638116 -0.09397748 0.34346792
v -0.6660129 -0.096178785 -0.38822272
v -0.66381156 -0.093977466 -0.38822272
v -0.6638116 -0.09397748 0.3478706
v -0.666013 -0.096178785 0.34346792
v -0.666013 -0.096178785 0.3478706
v -0.6638117 -0.09397748 0.3935283
v -0.666013 -0.096178785 0.3935283
v -0.60887843 -0.093977466 -0.32988533
v -0.60887843 -0.093977466 -0.33428797
v -0.6044758 -0.093977466 -0.33428797
v -0.6044758 -0.093977466 -0.33428797
v -0.6044758 -0.096178785 -0.33208662
v -0.60887843 -0.093977466 -0.32988533
v -0.6066771 -0.096178785 -0.32988533
v -0.0371051 -0.09617877 -0.33208632
v -0.0371051 -0.09397746 -0.33428764
v -0.032702472 -0.09397746 -0.33428764
v -0.032702472 -0.09397746 -0.33428764
v -0.032702472 -0.09397746 -0.329885
v -0.0371051 -0.09617877 -0.33208632
v -0.032702472 -0.09397746 -0.329885
v -0.034903787 -0.09617877 -0.329885
v -0.0371051 -0.09617877 -0.33208632
v -0.6088785 -0.09397748 0.3478706
v -0.6088785 -0.09397748 0.34346792
v -0.6066772 -0.096178785 0.34346792
v -0.6066772 -0.096178785 0.34346792
v -0.60447586 -0.096178785 0.34566924
v -0.6088785 -0.09397748 0.3478706
v -0.60447586 -0.09397748 0.3478706
v -0.037105154 -0.096178785 0.34566954
v -0.034903843 -0.096178785 0.34346825
v -0.03270253 -0.09397748 0.34346825
v -0.03270253 -0.09397748 0.34346825
v -0.032702535 -0.09397748 0.3478709
v -0.037105154 -0.096178785 0.34566954
v -0.032702535 -0.09397748 0.3478709
v -0.037105158 -0.09397748 0.3478709
v -0.037105154 -0.096178785 0.34566954
v -0.03270246 -0.09617877 -0.3904238
v -0.03270246 -0.09397746 -0.3882225
v -0.037105083 -0.09397746 -0.3882225
v -0.037105083 -0.09617877 -0.3904238
v -0.6044758 -0.093977466 -0.3882226
v -0.6044758 -0.096178785 -0.39042395
v -0.60887843 -0.093977466 -0.3882226
v -0.60887843 -0.096178785 -0.39042395
v -0.66381156 -0.093977466 -0.38822272
v -0.66381156 -0.096178785 -0.39042404
v 0.046709266 -0.09617877 -0.3904237
v 0.046709266 -0.09397746 -0.38822237
v 0.04670925 -0.09397746 -0.32988492
v 0.04670925 -0.09397746 -0.33428755
v 0.04891056 -0.09617877 -0.33428755
v 0.04891056 -0.09617877 -0.32988492
v 0.046709266 -0.09397746 -0.38822237
v 0.048910573 -0.09617877 -0.38822237
v 0.048910484 -0.096178785 0.34346825
v 0.04891048 -0.096178785 0.3478709
v 0.04670917 -0.09397748 0.3478709
v 0.04670917 -0.09397748 0.34346825
v 0.048910484 -0.096178785 0.34346825
v 0.04670925 -0.09397746 -0.32988492
v 0.046709266 -0.09617877 -0.3904237
v 0.048910573 -0.09617877 -0.38822237
v 0.046709266 -0.09397746 -0.38822237
v -0.6660129 -0.096178785 -0.38822272
v -0.66381156 -0.096178785 -0.39042404
v -0.66381156 -0.093977466 -0.38822272
v -0.032702614 -0.09397748 0.3935286
v -0.032702617 -0.096178785 0.39572993
v -0.03710524 -0.096178785 0.39572993
v -0.037105236 -0.09397748 0.3935286
v -0.604476 -0.096178785 0.39572966
v -0.604476 -0.09397748 0.3935283
v -0.6088786 -0.096178785 0.39572966
v -0.6088786 -0.09397748 0.3935283
v -0.6638117 -0.096178785 0.39572966
v -0.6638117 -0.09397748 0.3935283
v 0.046709117 -0.09397748 0.3935286
v 0.046709113 -0.096178785 0.39572993
v 0.048910428 -0.096178785 0.3935286
v 0.046709113 -0.096178785 0.39572993
v 0.046709117 -0.09397748 0.3935286
v -0.666013 -0.096178785 0.3935283
v -0.6638117 -0.09397748 0.3935283
v -0.6638117 -0.096178785 0.39572966
v -0.028339747 -0.09355345 0.029690294
v -0.02727205 -0.09147007 0.031176027
v 0.038772687 -0.09146716 0.030891035
v 0.039920542 -0.09355345 0.029386844
v 0.02518747 0.063718244 0.016636066
v 0.02298616 0.063718244 0.018837377
v 0.02298616 0.091352135 0.018837377
v -0.015096757 -0.057500944 0.017223444
v -0.012746747 -0.057559647 0.019551778
v -0.02727205 -0.09147007 0.031176027
v -0.029674243 -0.091529995 0.028898958
v -0.028339753 -0.09355345 -0.029197551
v -0.029674245 -0.091529995 -0.02843101
v -0.029674243 -0.091529995 0.028898958
v -0.028339747 -0.09355345 0.029690294
v -0.012748973 -0.057567965 -0.019527042
v -0.015096759 -0.057500944 -0.017204627
v -0.029674245 -0.091529995 -0.02843101
v -0.027269036 -0.09146297 -0.0307092
v 0.040901765 -0.09355345 -0.029197553
v 0.03974269 -0.09146297 -0.030709201
v -0.027269036 -0.09146297 -0.0307092
v -0.028339753 -0.09355345 -0.029197551
v 0.026126267 -0.05746857 -0.017197026
v 0.023761224 -0.057567965 -0.019527044
v 0.03974269 -0.09146297 -0.030709201
v 0.042160887 -0.091558084 -0.028438734
v 0.039920542 -0.09355345 0.029386844
v 0.041232813 -0.09154553 0.028609743
v 0.042160887 -0.091558084 -0.028438734
v 0.040901765 -0.09355345 -0.029197553
v 0.02298616 0.09355345 -0.01663607
v 0.02518747 0.091352135 -0.01663607
v 0.02518747 0.091352135 0.016636066
v 0.02298616 0.09355345 -0.01663607
v 0.02518747 0.091352135 0.016636066
v 0.02298616 0.09355345 0.016636066
v 0.02518747 0.091352135 -0.01663607
v 0.02298616 0.091352135 -0.018837381
v 0.02298616 0.063718244 -0.018837381
v -0.01643125 0.061516937 0.016636068
v -0.014229938 0.05931562 0.016636068
v -0.014229941 0.05931562 -0.016636068
v -0.01643125 0.061516937 0.016636068
v -0.014229941 0.05931562 -0.016636068
v -0.016431253 0.061516937 -0.016636068
v -0.17551364 0.09355345 0.016636075
v -0.17771497 0.091352135 0.016636075
v -0.17771497 0.091352135 -0.01663606
v -0.17551364 0.09355345 0.016636075
v -0.17771497 0.091352135 -0.01663606
v -0.17551364 0.09355345 -0.01663606
v -0.17771497 0.091352135 0.016636075
v -0.17551364 0.091352135 0.018837387
v -0.17551364 0.055174787 0.018837387
v -0.17771497 0.091352135 0.016636075
v -0.17551364 0.055174787 0.018837387
v -0.17771497 0.055174787 0.016636075
v -0.17551364 0.091352135 -0.018837372
v -0.17771497 0.091352135 -0.01663606
v -0.17771497 0.055174787 -0.01663606
v -0.17551364 0.055174787 -0.018837372
v -0.17771497 0.055174787 0.016636075
v -0.17551364 0.05297348 0.016636075
v -0.17551364 0.05297348 -0.01663606
v -0.17771497 0.055174787 -0.01663606
v -0.14180118 0.055174787 0.018837385
v -0.14180118 0.05297348 0.016636074
v -0.17551364 0.05297348 0.016636075
v -0.17551364 0.055174787 0.018837387
v -0.13299593 0.063718244 -0.018837374
v -0.13299593 0.061516937 -0.016636062
v -0.016431253 0.061516937 -0.016636068
v -0.016431253 0.063718244 -0.01883738
v -0.014229938 0.05931562 0.016636068
v -0.012028628 0.05931562 0.01883738
v -0.012028628 -0.05327617 0.01883738
v -0.014229938 -0.05327617 0.016636068
v -0.01202863 0.05931562 -0.01883738
v -0.014229941 0.05931562 -0.016636068
v -0.014229941 -0.05327617 -0.016636068
v -0.01202863 -0.05327617 -0.01883738
v 0.02518747 0.05931562 -0.01663607
v 0.02298616 0.05931562 -0.018837381
v 0.02298616 -0.05327617 -0.018837381
v 0.02518747 -0.05327617 -0.01663607
v 0.041232813 -0.09154553 0.028609743
v 0.038772687 -0.09146716 0.030891035
v 0.023725593 -0.057565015 0.01953592
v 0.02608042 -0.057489548 0.01720869
v 0.02298616 -0.05327617 0.018837377
v 0.023725593 -0.057565015 0.01953592
v -0.012746747 -0.057559647 0.019551778
v -0.012028628 -0.05327617 0.01883738
v -0.014229938 -0.05327617 0.016636068
v -0.015096757 -0.057500944 0.017223444
v -0.015096759 -0.057500944 -0.017204627
v -0.014229941 -0.05327617 -0.016636068
v -0.01202863 -0.05327617 -0.01883738
v -0.012748973 -0.057567965 -0.019527042
v 0.023761224 -0.057567965 -0.019527044
v 0.02298616 -0.05327617 -0.018837381
v 0.02518747 -0.05327617 -0.01663607
v 0.026126267 -0.05746857 -0.017197026
v 0.02608042 -0.057489548 0.01720869
v 0.02518747 -0.05327617 0.016636066
v -0.13739857 0.062050756 0.018837385
v -0.13620561 0.059560165 0.016636074
v -0.13859151 0.05493025 0.016636074
v -0.17551364 0.055174787 -0.018837372
v -0.17551364 0.05297348 -0.01663606
v -0.14180118 0.05297348 -0.016636062
v -0.14180118 0.055174787 -0.018837374
v -0.17551364 0.091352135 0.018837387
v -0.17551364 0.09355345 0.016636075
v -0.14180118 0.09355345 0.016636074
v -0.14180118 0.091352135 0.018837385
v -0.14180118 0.05297348 0.016636074
v -0.13859151 0.05493025 0.016636074
v -0.13859151 0.05493025 -0.016636062
v -0.14180118 0.05297348 -0.016636062
v -0.13739857 0.062050756 -0.018837374
v -0.13859151 0.05493025 -0.016636062
v -0.13620561 0.05956016 -0.016636062
v -0.01643125 0.063718244 0.01883738
v -0.01643125 0.061516937 0.016636068
v -0.13299593 0.061516937 0.016636074
v -0.01643125 0.063718244 0.01883738
v -0.13299593 0.061516937 0.016636074
v -0.13299593 0.063718244 0.018837385
v -0.13620561 0.059560165 0.016636074
v -0.13299593 0.061516937 0.016636074
v -0.13299593 0.061516937 -0.016636062
v -0.13620561 0.05956016 -0.016636062
v 0.024827918 -0.0934876 0.083593175
v 0.024179615 -0.09136259 0.081966415
v -0.024179991 -0.09136259 0.081966415
v -0.024828292 -0.0934876 0.083593175
v -0.015789926 0.0858853 0.09263155
v -0.015789926 0.08368398 0.09043024
v 0.015789546 0.08368398 0.09043024
v -0.015789926 0.0858853 0.09263155
v 0.015789546 0.08368398 0.09043024
v 0.015789546 0.0858853 0.09263155
v 0.018565413 -0.062183984 0.09213074
v 0.016290355 -0.062183984 0.089855686
v 0.024179615 -0.09136259 0.081966415
v 0.026454674 -0.09136259 0.08424147
v 0.024827918 -0.0934876 0.13324939
v 0.026454674 -0.09136259 0.1326011
v 0.026454674 -0.09136259 0.08424147
v 0.024827918 -0.0934876 0.083593175
v 0.016290361 -0.062183984 0.12698689
v 0.018565418 -0.062183984 0.12471183
v 0.026454674 -0.09136259 0.1326011
v 0.024179617 -0.09136259 0.13487616
v -0.024828292 -0.0934876 0.13324939
v -0.02417999 -0.09136259 0.13487615
v 0.024179617 -0.09136259 0.13487616
v 0.024827918 -0.0934876 0.13324939
v -0.018565787 -0.062183984 0.124711804
v -0.01629073 -0.062183984 0.12698688
v -0.02417999 -0.09136259 0.13487615
v -0.018565787 -0.062183984 0.124711804
v -0.02417999 -0.09136259 0.13487615
v -0.026455047 -0.09136259 0.13260108
v -0.024828292 -0.0934876 0.083593175
v -0.026455048 -0.09136259 0.08424147
v -0.026455047 -0.09136259 0.13260108
v -0.024828292 -0.0934876 0.13324939
v 0.015648173 0.051263724 0.12860966
v 0.015789552 0.04892998 0.12641233
v -0.01578992 0.04892998 0.12641232
v -0.01564854 0.051263724 0.12860964
v 0.008681793 0.07902423 0.24025027
v 0.008548945 0.07669049 0.24244761
v -0.008549287 0.07669049 0.24244761
v -0.008682135 0.07902423 0.24025027
v 0.008548945 0.07669049 0.24244761
v 0.010887352 0.07681893 0.24025056
v 0.010887352 0.060197644 0.24025056
v 0.008548945 0.06032608 0.24244761
v -0.010887695 0.07681893 0.24025056
v -0.008549287 0.07669049 0.24244761
v -0.008549287 0.06032608 0.24244761
v -0.010887693 0.060197644 0.24025056
v 0.008548945 0.06032608 0.24244761
v 0.008681793 0.05799233 0.24025027
v -0.008682135 0.05799233 0.24025027
v -0.008549287 0.06032608 0.24244761
v 0.017853769 0.053469 0.12860937
v 0.015648173 0.051263724 0.12860966
v 0.008681793 0.05799233 0.24025027
v 0.010887352 0.060197644 0.24025056
v -0.010887693 0.060197644 0.24025056
v -0.008682135 0.05799233 0.24025027
v -0.01564854 0.051263724 0.12860964
v -0.017854135 0.053469 0.12860936
v 0.015789552 0.04892998 0.12641233
v 0.017990863 0.04892998 0.12421102
v 0.017990863 -0.057857666 0.12421102
v 0.015789552 -0.057857666 0.12641233
v -0.017991232 0.04892998 0.124211006
v -0.01578992 0.04892998 0.12641232
v -0.01578992 -0.057857666 0.12641232
v -0.017991232 -0.057857666 0.124211006
v -0.026455048 -0.09136259 0.08424147
v -0.024179991 -0.09136259 0.081966415
v -0.016290735 -0.062183984 0.08985568
v -0.026455048 -0.09136259 0.08424147
v -0.016290735 -0.062183984 0.08985568
v -0.018565793 -0.062183984 0.09213074
v -0.015789926 -0.057857666 0.09043024
v -0.016290735 -0.062183984 0.08985568
v 0.016290355 -0.062183984 0.089855686
v 0.015789546 -0.057857666 0.09043024
v 0.017990857 -0.057857666 0.09263155
v 0.018565413 -0.062183984 0.09213074
v 0.018565418 -0.062183984 0.12471183
v 0.017990863 -0.057857666 0.12421102
v 0.015789552 -0.057857666 0.12641233
v 0.016290361 -0.062183984 0.12698689
v -0.01629073 -0.062183984 0.12698688
v -0.01578992 -0.057857666 0.12641232
v -0.017991232 -0.057857666 0.124211006
v -0.018565787 -0.062183984 0.124711804
v -0.018565793 -0.062183984 0.09213074
v -0.017991237 -0.057857666 0.09263155
v -0.024828298 -0.0934876 -0.08124325
v -0.024179997 -0.09136259 -0.079616494
v 0.024179611 -0.09136259 -0.079616494
v 0.02482791 -0.0934876 -0.08124325
v 0.015789542 0.0858853 -0.09028162
v 0.015789542 0.08368398 -0.08808031
v -0.015789928 0.08368398 -0.08808031
v 0.015789542 0.0858853 -0.09028162
v -0.015789928 0.08368398 -0.08808031
v -0.015789928 0.0858853 -0.09028162
v -0.018565794 -0.062183984 -0.089780815
v -0.016290737 -0.062183984 -0.08750576
v -0.024179997 -0.09136259 -0.079616494
v -0.026455054 -0.09136259 -0.08189155
v -0.024828305 -0.0934876 -0.13089946
v -0.026455062 -0.09136259 -0.13025115
v -0.026455054 -0.09136259 -0.08189155
v -0.024828298 -0.0934876 -0.08124325
v -0.016290747 -0.062183984 -0.124636956
v -0.018565804 -0.062183984 -0.12236188
v -0.026455062 -0.09136259 -0.13025115
v -0.024180004 -0.09136259 -0.13252623
v 0.024827907 -0.0934876 -0.13089946
v 0.024179606 -0.09136259 -0.13252622
v -0.024180004 -0.09136259 -0.13252623
v -0.024828305 -0.0934876 -0.13089946
v 0.018565403 -0.062183984 -0.12236188
v 0.016290346 -0.062183984 -0.12463694
v 0.024179606 -0.09136259 -0.13252622
v 0.018565403 -0.062183984 -0.12236188
v 0.024179606 -0.09136259 -0.13252622
v 0.026454661 -0.09136259 -0.13025115
v 0.02482791 -0.0934876 -0.08124325
v 0.026454667 -0.09136259 -0.08189155
v 0.026454661 -0.09136259 -0.13025115
v 0.024827907 -0.0934876 -0.13089946
v -0.015666258 0.05124757 -0.12626064
v -0.015789937 0.04892998 -0.12406239
v 0.015789537 0.04892998 -0.12406239
v 0.015665853 0.05124757 -0.12626064
v -0.0095521 0.07986352 -0.23789947
v -0.009434998 0.077545926 -0.2400977
v 0.0094345575 0.077545926 -0.2400977
v 0.009551659 0.07986352 -0.23789947
v -0.009434998 0.077545926 -0.2400977
v -0.011756688 0.07765913 -0.2378997
v -0.011756689 0.059357442 -0.2378997
v -0.009434998 0.059470642 -0.2400977
v 0.011756248 0.07765913 -0.2378997
v 0.0094345575 0.077545926 -0.2400977
v 0.0094345575 0.059470642 -0.2400977
v 0.011756248 0.059357442 -0.2378997
v -0.009434998 0.059470642 -0.2400977
v -0.0095521 0.057153054 -0.23789947
v 0.00955166 0.057153046 -0.23789947
v 0.0094345575 0.059470642 -0.2400977
v -0.01787087 0.053451937 -0.12626041
v -0.015666258 0.05124757 -0.12626064
v -0.0095521 0.057153054 -0.23789947
v -0.011756689 0.059357442 -0.2378997
v 0.011756248 0.059357442 -0.2378997
v 0.00955166 0.057153046 -0.23789947
v 0.015665853 0.05124757 -0.12626064
v 0.017870467 0.053451937 -0.12626041
v -0.015789937 0.04892998 -0.12406239
v -0.017991249 0.04892998 -0.121861085
v -0.017991249 -0.057857666 -0.121861085
v -0.015789937 -0.057857666 -0.12406239
v 0.017990848 0.04892998 -0.121861085
v 0.015789537 0.04892998 -0.12406239
v 0.015789537 -0.057857666 -0.12406239
v 0.017990848 -0.057857666 -0.121861085
v 0.026454667 -0.09136259 -0.08189155
v 0.024179611 -0.09136259 -0.079616494
v 0.016290352 -0.062183984 -0.08750575
v 0.026454667 -0.09136259 -0.08189155
v 0.016290352 -0.062183984 -0.08750575
v 0.018565409 -0.062183984 -0.089780815
v 0.015789542 -0.057857666 -0.08808031
v 0.016290352 -0.062183984 -0.08750575
v -0.016290737 -0.062183984 -0.08750576
v -0.015789928 -0.057857666 -0.08808031
v -0.01799124 -0.057857666 -0.09028162
v -0.018565794 -0.062183984 -0.089780815
v -0.018565804 -0.062183984 -0.12236188
v -0.017991249 -0.057857666 -0.121861085
v -0.015789937 -0.057857666 -0.12406239
v -0.016290747 -0.062183984 -0.124636956
v 0.016290346 -0.062183984 -0.12463694
v 0.015789537 -0.057857666 -0.12406239
v 0.017990848 -0.057857666 -0.121861085
v 0.018565403 -0.062183984 -0.12236188
v 0.018565409 -0.062183984 -0.089780815
v 0.017990854 -0.057857666 -0.09028162
v -0.6039373 -0.1084815 -0.33151114
v -0.6044758 -0.10415544 -0.33208662
v -0.0371051 -0.10415544 -0.33208632
v -0.037643544 -0.10848149 -0.33151075
v 0.048910573 -0.09617877 -0.38822237
v 0.046709266 -0.09617877 -0.3904237
v 0.046709266 -0.106356755 -0.3904237
v 0.048910573 -0.106356755 -0.38822237
v -0.60447586 -0.10415546 0.34566924
v -0.6039374 -0.10848152 0.34509373
v -0.037643604 -0.10848152 0.34509405
v -0.037105154 -0.10415545 0.34566954
v -0.03539418 -0.108502746 -0.32922825
v -0.034903787 -0.10415544 -0.329885
v -0.034903843 -0.10415545 0.34346825
v -0.035394236 -0.10850276 0.3428115
v -0.6066771 -0.10415544 -0.32988533
v -0.60618675 -0.108502746 -0.32922858
v -0.60618675 -0.10850277 0.3428112
v -0.6066772 -0.10415546 0.34346792
v -0.60447586 -0.096178785 0.34566924
v -0.6066772 -0.096178785 0.34346792
v -0.6066772 -0.10415546 0.34346792
v -0.60447586 -0.10415546 0.34566924
v -0.6044758 -0.10415544 -0.33208662
v -0.6066771 -0.10415544 -0.32988533
v -0.6066771 -0.096178785 -0.32988533
v -0.6044758 -0.096178785 -0.33208662
v -0.56661344 -0.27204475 -0.28500488
v -0.56704605 -0.26992 -0.28778175
v -0.07453479 -0.26992 -0.28778145
v -0.07496742 -0.27204475 -0.2850046
v -0.5670461 -0.26992 0.30136445
v -0.5666135 -0.27204475 0.2985876
v -0.0749675 -0.27204475 0.29858792
v -0.07453487 -0.26992 0.30136478
v -0.07496742 -0.27204475 -0.2850046
v -0.07227572 -0.26989874 -0.28551042
v -0.072275795 -0.26989874 0.29909375
v -0.0749675 -0.27204475 0.29858792
v -0.5693052 -0.26989874 -0.28551072
v -0.56661344 -0.27204475 -0.28500488
v -0.5666135 -0.27204475 0.2985876
v -0.5693052 -0.26989874 0.29909343
v -0.6039374 -0.10848152 0.34509373
v -0.60618675 -0.10850277 0.3428112
v -0.5693052 -0.26989874 0.29909343
v -0.5670461 -0.26992 0.30136445
v -0.56704605 -0.26992 -0.28778175
v -0.5693052 -0.26989874 -0.28551072
v -0.60618675 -0.108502746 -0.32922858
v -0.56704605 -0.26992 -0.28778175
v -0.60618675 -0.108502746 -0.32922858
v -0.6039373 -0.1084815 -0.33151114
v -0.035394236 -0.10850276 0.3428115
v -0.037643604 -0.10848152 0.34509405
v -0.07453487 -0.26992 0.30136478
v -0.072275795 -0.26989874 0.29909375
v -0.07227572 -0.26989874 -0.28551042
v -0.07453479 -0.26992 -0.28778145
v -0.037643544 -0.10848149 -0.33151075
v -0.03539418 -0.108502746 -0.32922825
v -0.0371051 -0.09617877 -0.33208632
v -0.034903787 -0.09617877 -0.329885
v -0.034903787 -0.10415544 -0.329885
v -0.0371051 -0.10415544 -0.33208632
v -0.037105154 -0.10415545 0.34566954
v -0.034903843 -0.10415545 0.34346825
v -0.034903843 -0.096178785 0.34346825
v -0.037105154 -0.096178785 0.34566954
v -0.6044758 -0.096178785 -0.33208662
v -0.6044758 -0.093977466 -0.33428797
v -0.0371051 -0.09397746 -0.33428764
v -0.0371051 -0.09617877 -0.33208632
v -0.60447586 -0.09397748 0.3478706
v -0.60447586 -0.096178785 0.34566924
v -0.037105154 -0.096178785 0.34566954
v -0.037105158 -0.09397748 0.3478709
v -0.034903787 -0.09617877 -0.329885
v -0.032702472 -0.09397746 -0.329885
v -0.03270253 -0.09397748 0.34346825
v -0.034903843 -0.096178785 0.34346825
v -0.60887843 -0.093977466 -0.32988533
v -0.6066771 -0.096178785 -0.32988533
v -0.6066772 -0.096178785 0.34346792
v -0.6088785 -0.09397748 0.34346792
v -0.6660129 -0.096178785 -0.3298854
v -0.6638116 -0.09397748 0.34346792
v -0.666013 -0.096178785 0.34346792
v 0.04670917 -0.09397748 0.3478709
v 0.04891048 -0.096178785 0.3478709
v 0.048910428 -0.096178785 0.3935286
v 0.046709117 -0.09397748 0.3935286
v 0.046709113 -0.096178785 0.39572993
v 0.048910428 -0.096178785 0.3935286
v 0.048910428 -0.10635677 0.3935286
v 0.046709113 -0.10635677 0.39572993
v -0.6638117 -0.10635677 0.39572966
v -0.666013 -0.10635677 0.3935283
v -0.666013 -0.096178785 0.3935283
v -0.6638117 -0.096178785 0.39572966
v -0.66381156 -0.096178785 -0.39042404
v -0.6660129 -0.096178785 -0.38822272
v -0.6660129 -0.106356755 -0.38822272
v -0.66381156 -0.106356755 -0.39042404
v 0.038772687 -0.09146716 0.030891035
v -0.02727205 -0.09147007 0.031176027
v -0.012746747 -0.057559647 0.019551778
v 0.023725593 -0.057565015 0.01953592
vn -0 1 0
vn -0 1 0
vn -0 1 0
vn -0 1 0
vn -0 1 0
vn -0 1 0
vn -0 1 0
vn -0 1 0
vn -0 1 0
vn -0 1 0
vn -0 1 0
vn -0 1 0
vn -0 1 0
vn -0 1 0
vn 0.8889126 -0.45807675 0
vn 0.8889126 -0.45807675 0
vn 0.8889126 -0.45807675 0
vn 0.8889126 -0.45807675 0
vn -0 0 -1
vn -0 0 -1
vn -0 0 -1
vn -0 0 -1
vn -0 0 -1
vn -0 0 -1
vn -0 0 -1
vn -0 0 -1
vn -0 0 -1
vn -0 0 -1
vn -0 0 -1
vn -0 0 -1
vn -0 0 -1
vn -0 0 -1
vn -0 0 -1
vn -0 0 -1
vn -0 0 -1
vn -0 0 -1
vn -0 0 1
vn -0 0 1
vn -0 0 1
vn -0 0 1
vn -0 0 1
vn -0 0 1
vn -0 0 1
vn -0 0 1
vn -0 0 1
vn -0 0 1
vn -0 0 1
vn -0 0 1
vn -0 0 1
vn -0 0 1
vn -0 0 1
vn -0 0 1
vn -0 0 1
vn -0 0 1
vn 0.9092473 0.41614285 0.009721152
vn 0.9092473 0.41614285 0.009721152
vn 0.9092473 0.41614285 0.009721152
vn 0.9092473 0.41614285 0.009721152
vn -0.9192075 0.39377338 0
vn -0.9192075 0.39377338 0
vn -0.9192075 0.39377338 0
vn -0.9192075 0.39377338 0
vn -0 -1 0
vn -0 -1 0
vn -0 -1 0
vn -0 -1 0
vn 1 0 0
vn 1 0 0
vn 1 0 0
vn 1 0 0
vn 1 0 0
vn 1 0 0
vn 1 0 0
vn 1 0 0
vn -1 0 0
vn -1 0 0
vn -1 0 0
vn -1 0 0
vn -0 -1 0
vn -0 -1 0
vn -0 -1 0
vn -0 -1 0
vn 1.1531731E-07 -1 0
vn 1.1531731E-07 -1 0
vn 1.1531731E-07 -1 0
vn 1.1531731E-07 -1 0
vn -0 0.26100606 -0.96533716
vn -0 0.26100606 -0.96533716
vn -0 0.26100606 -0.96533716
vn -0 0.26100606 -0.96533716
vn -1 0 0
vn -1 0 0
vn -1 0 0
vn -1 0 0
vn -0 0.3132968 -0.9496553
vn -0 0.3132968 -0.9496553
vn -0 0.3132968 -0.9496553
vn -0 0.3132968 -0.9496553
vn -2.3346962E-07 1 0
vn -2.3346962E-07 1 0
vn -2.3346962E-07 1 0
vn -2.3346962E-07 1 0
vn 3.422494E-07 0.9981887 0.06016131
vn 3.422494E-07 0.9981887 0.06016131
vn 3.422494E-07 0.9981887 0.06016131
vn 3.422494E-07 0.9981887 0.06016131
vn -3.3308547E-07 0.26100633 0.96533704
vn -3.3308547E-07 0.26100633 0.96533704
vn -3.3308547E-07 0.26100633 0.96533704
vn -3.3308547E-07 0.26100633 0.96533704
vn -0.99805874 0 0.062279146
vn -0.99805874 0 0.062279146
vn -0.99805874 0 0.062279146
vn -0.99805874 0 0.062279146
vn -1 0 1.821873E-07
vn -1 0 1.821873E-07
vn -1 0 1.821873E-07
vn -1 0 1.821873E-07
vn -1 0 1.7260545E-07
vn -1 0 1.7260545E-07
vn -1 0 1.7260545E-07
vn -1 0 1.7260545E-07
vn -0 0 -1
vn -0 0 -1
vn -0 0 -1
vn -0 0 -1
vn -0 0 -1
vn -0 0 -1
vn -0 0 -1
vn -0 0 -1
vn -0.96533716 0.26100603 0
vn -0.96533716 0.26100603 0
vn -0.96533716 0.26100603 0
vn -0.96533716 0.26100603 0
vn 0.96533716 0.2610061 0
vn 0.96533716 0.2610061 0
vn 0.96533716 0.2610061 0
vn 0.96533716 0.2610061 0
vn 1 0 -1.7260535E-07
vn 1 0 -1.7260535E-07
vn 1 0 -1.7260535E-07
vn 1 0 -1.7260535E-07
vn 1 0 -1.8218724E-07
vn 1 0 -1.8218724E-07
vn 1 0 -1.8218724E-07
vn 1 0 -1.8218724E-07
vn 0.99805874 0 0.06227891
vn 0.99805874 0 0.06227891
vn 0.99805874 0 0.06227891
vn 0.99805874 0 0.06227891
vn -0 0 1
vn -0 0 1
vn -0 0 1
vn -0 0 1
vn -0 -0.9981887 0.060161106
vn -0 -0.9981887 0.060161106
vn -0 -0.9981887 0.060161106
vn -0 -0.9981887 0.060161106
vn -0 0.26100627 0.96533704
vn -0 0.26100627 0.96533704
vn -0 0.26100627 0.96533704
vn -0 0.26100627 0.96533704
vn -4.718623E-07 0 1
vn -4.718623E-07 0 1
vn -4.718623E-07 0 1
vn -4.718623E-07 0 1
vn -0 -1 0
vn -0 -1 0
vn -0 -1 0
vn -0 -1 0
vn -0 1 0
vn -0 1 0
vn -0 1 0
vn -0 1 0
vn 3.3034559E-07 0.9986039 -0.052824385
vn 3.3034559E-07 0.9986039 -0.052824385
vn 3.3034559E-07 0.9986039 -0.052824385
vn 3.3034559E-07 0.9986039 -0.052824385
vn 2.3791816E-07 0.26100665 -0.9653369
vn 2.3791816E-07 0.26100665 -0.9653369
vn 2.3791816E-07 0.26100665 -0.9653369
vn 2.3791816E-07 0.26100665 -0.9653369
vn 0.99850357 0 -0.05468568
vn 0.99850357 0 -0.05468568
vn 0.99850357 0 -0.05468568
vn 0.99850357 0 -0.05468568
vn 1 0 -1.821873E-07
vn 1 0 -1.821873E-07
vn 1 0 -1.821873E-07
vn 1 0 -1.821873E-07
vn 1 0 -1.726054E-07
vn 1 0 -1.726054E-07
vn 1 0 -1.726054E-07
vn 1 0 -1.726054E-07
vn -0 0 1
vn -0 0 1
vn -0 0 1
vn -0 0 1
vn -0 0 1
vn -0 0 1
vn -0 0 1
vn -0 0 1
vn 0.96533716 0.26100603 -1.4275095E-07
vn 0.96533716 0.26100603 -1.4275095E-07
vn 0.96533716 0.26100603 -1.4275095E-07
vn 0.96533716 0.26100603 -1.4275095E-07
vn -0.96533716 0.26100597 1.903346E-07
vn -0.96533716 0.26100597 1.903346E-07
vn -0.96533716 0.26100597 1.903346E-07
vn -0.96533716 0.26100597 1.903346E-07
vn -1 0 2.7616863E-07
vn -1 0 2.7616863E-07
vn -1 0 2.7616863E-07
vn -1 0 2.7616863E-07
vn -1 0 3.036455E-07
vn -1 0 3.036455E-07
vn -1 0 3.036455E-07
vn -1 0 3.036455E-07
vn -0.9985037 0 -0.05468534
vn -0.9985037 0 -0.05468534
vn -0.9985037 0 -0.05468534
vn -0.9985037 0 -0.05468534
vn -0 0 -1
vn -0 0 -1
vn -0 0 -1
vn -0 0 -1
vn -1.6517279E-07 -0.9986039 -0.052824233
vn -1.6517279E-07 -0.9986039 -0.052824233
vn -1.6517279E-07 -0.9986039 -0.052824233
vn -1.6517279E-07 -0.9986039 -0.052824233
vn -5.7779755E-07 0 1
vn -5.7779755E-07 0 1
vn -5.7779755E-07 0 1
vn -5.7779755E-07 0 1
vn -0 0 -1
vn -0 0 -1
vn -0 0 -1
vn -0 0 -1
vn -0 -1 0
vn -0 -1 0
vn -0 -1 0
vn -0 -1 0
vn -0 1 0
vn -0 1 0
vn -0 1 0
vn -0 1 0
vn -0 1 0
vn -0 1 0
vn -0 1 0
vn -0 1 0
vn -0 1 0
vn -0 1 0
vn -0 1 0
vn -0 1 0
vn -0 1 0
vn -0 1 0
vn -0 1 0
vn -0 1 0
vn -0 1 0
vn -0 1 0
vn -0 1 0
vn -0 1 0
vn -0 1 0
vn -0 1 0
vn -0 1 0
vn -0 1 0
vn -0 1 0
vn -0 1 0
vn -0 1 0
vn -0 1 0
vn -0 1 0
vn -0 1 0
vn -0 1 0
vn -0 1 0
vn 1 0 0
vn 1 0 0
vn 1 0 0
vn 1 0 0
vn -1 0 0
vn -1 0 0
vn -1 0 0
vn -1 0 0
vn -1 0 -1.1253304E-07
vn -1 0 -1.1253304E-07
vn -1 0 -1.1253304E-07
vn -1 0 -1.1253304E-07
vn -1 0 -2.0041205E-06
vn -1 0 -2.0041205E-06
vn -1 0 -2.0041205E-06
vn -1 0 -2.0041205E-06
vn 2.6263533E-07 0 -1
vn 2.6263533E-07 0 -1
vn 2.6263533E-07 0 -1
vn 2.6263533E-07 0 -1
vn 1.1258666E-06 0 -1
vn 1.1258666E-06 0 -1
vn 1.1258666E-06 0 -1
vn 1.1258666E-06 0 -1
vn 1.6275611E-06 0 -1
vn 1.6275611E-06 0 -1
vn 1.6275611E-06 0 -1
vn 1.6275611E-06 0 -1
vn 1 0 3.1810472E-07
vn 1 0 3.1810472E-07
vn 1 0 3.1810472E-07
vn 1 0 3.1810472E-07
vn 1 0 1.2076063E-07
vn 1 0 1.2076063E-07
vn 1 0 1.2076063E-07
vn 1 0 1.2076063E-07
vn 1 0 1.2525753E-06
vn 1 0 1.2525753E-06
vn 1 0 1.2525753E-06
vn 1 0 1.2525753E-06
vn -0 1 0
vn -0 1 0
vn -0 1 0
vn -0 1 0
vn -1 0 0
vn -1 0 0
vn -1 0 0
vn -1 0 0
vn 5.252711E-07 0 -1
vn 5.252711E-07 0 -1
vn 5.252711E-07 0 -1
vn 5.252711E-07 0 -1
vn -5.9294416E-07 0.26145127 0.96521664
vn -5.9294416E-07 0.26145127 0.96521664
vn -5.9294416E-07 0.26145127 0.96521664
vn -5.9294416E-07 0.26145127 0.96521664
vn -0.9748703 0.22277339 0
vn -0.9748703 0.22277339 0
vn -0.9748703 0.22277339 0
vn -0.9748703 0.22277339 0
vn 0.9748702 0.22277364 0
vn 0.9748702 0.22277364 0
vn 0.9748702 0.22277364 0
vn 0.9748702 0.22277364 0
vn -5.252702E-07 0 1
vn -5.252702E-07 0 1
vn -5.252702E-07 0 1
vn -5.252702E-07 0 1
vn -0 0 1
vn -0 0 1
vn -0 0 1
vn -0 0 1
vn -0 0 1
vn -0 0 1
vn -0 0 1
vn -0 0 1
vn 5.996488E-07 0.2614508 -0.96521676
vn 5.996488E-07 0.2614508 -0.96521676
vn 5.996488E-07 0.2614508 -0.96521676
vn 5.996488E-07 0.2614508 -0.96521676
vn 0.6689578 -0.15592939 0.7267609
vn 0.6689578 -0.15592939 0.7267609
vn 0.6689578 -0.15592939 0.7267609
vn 0.5773491 0.57735085 0.57735085
vn 0.5773491 0.57735085 0.57735085
vn 0.5773491 0.57735085 0.57735085
vn -0.67631274 -0.16530854 0.71782595
vn -0.67631274 -0.16530854 0.71782595
vn -0.67631274 -0.16530854 0.71782595
vn -0 0.70710677 0.70710677
vn -0 0.70710677 0.70710677
vn -0 0.70710677 0.70710677
vn -0 0.7071069 0.70710665
vn -0 0.7071069 0.70710665
vn -0 0.7071069 0.70710665
vn -0 0.7071069 0.70710665
vn -0 0.70710677 0.70710677
vn -0 0.70710677 0.70710677
vn -0 0.70710677 0.70710677
vn -0 0.7071069 0.70710665
vn 0.67362225 -0.14984456 -0.7237262
vn 0.67362225 -0.14984456 -0.7237262
vn 0.67362225 -0.14984456 -0.7237262
vn 0.5773491 0.57735085 -0.57735085
vn 0.5773491 0.57735085 -0.57735085
vn 0.5773491 0.57735085 -0.57735085
vn -0.67473525 -0.17320639 -0.7174482
vn -0.67473525 -0.17320639 -0.7174482
vn -0.67473525 -0.17320639 -0.7174482
vn -0 0.7071069 -0.70710665
vn -0 0.7071069 -0.70710665
vn -0 0.7071069 -0.70710665
vn -0 0.7071066 -0.7071069
vn -0 0.7071066 -0.7071069
vn -0 0.7071069 -0.70710665
vn -0 0.7071069 -0.70710665
vn -0 0.7071069 -0.70710665
vn -0 0.7071066 -0.7071069
vn -0 0.7071066 -0.7071069
vn -0 0.70710665 -0.7071068
vn -0 0.70710677 -0.70710677
vn -0 0.70710677 -0.70710677
vn -0 0.70710653 -0.707107
vn -0 0.70710653 -0.707107
vn -0 0.70710653 -0.707107
vn -0 0.70710653 -0.707107
vn -0 0.7071069 -0.70710665
vn -0 0.7071069 -0.70710665
vn 0.7071065 0 0.707107
vn 0.7071065 0 0.707107
vn 0.7071065 0 0.707107
vn 0.7071065 0 0.707107
vn 0.70710677 0 0.7071068
vn 0.70710677 0 0.7071068
vn 0.7071069 0 0.7071066
vn 0.7071069 0 0.7071066
vn -0.3665091 -0.3665084 0.8551858
vn -0.3665091 -0.3665084 0.8551858
vn -0.3665091 -0.3665084 0.8551858
vn -0.3665091 -0.3665084 0.8551858
vn -0.3665091 -0.3665084 0.8551858
vn -0.3665091 -0.3665084 0.8551858
vn -0.3665091 -0.3665084 0.8551858
vn -0.3665089 -0.36650854 -0.8551858
vn -0.3665089 -0.36650854 -0.8551858
vn -0.3665089 -0.36650854 -0.8551858
vn -0.3665089 -0.36650854 -0.8551858
vn -0.3665089 -0.36650854 -0.8551858
vn -0.3665089 -0.36650854 -0.8551858
vn -0.3665089 -0.36650854 -0.8551858
vn -0.3665089 -0.36650854 -0.8551858
vn -0.3665089 -0.36650854 -0.8551858
vn 0.7071065 0 -0.707107
vn 0.7071065 0 -0.707107
vn 0.7071065 0 -0.707107
vn 0.7071065 0 -0.707107
vn 0.7071069 0 -0.7071066
vn -0.57734793 0.57735145 0.57735145
vn -0.57734793 0.57735145 0.57735145
vn -0.57734793 0.57735145 0.57735145
vn -0.57734793 0.57735145 -0.57735145
vn -0.57734793 0.57735145 -0.57735145
vn -0.57734793 0.57735145 -0.57735145
vn -0.5773491 -0.57735085 0.57735085
vn -0.5773491 -0.57735085 0.57735085
vn -0.5773491 -0.57735085 0.57735085
vn -0.5773491 -0.57735085 -0.57735085
vn -0.5773491 -0.57735085 -0.57735085
vn -0.5773491 -0.57735085 -0.57735085
vn -0.6844569 0.23318908 0.6907544
vn -0.6844569 0.23318908 0.6907544
vn -0.6844569 0.23318908 0.6907544
vn -0.6844569 0.23318908 0.6907544
vn -0.6844569 0.23318908 0.6907544
vn -0.6844569 0.23318908 0.6907544
vn -0.6845549 0.22977977 -0.6917989
vn -0.6845549 0.22977977 -0.6917989
vn -0.6845549 0.22977977 -0.6917989
vn -0.6845549 0.22977977 -0.6917989
vn 0.6812331 0.23958118 -0.69175303
vn 0.6812331 0.23958118 -0.69175303
vn 0.6812331 0.23958118 -0.69175303
vn 0.6812331 0.23958118 -0.69175303
vn 0.68332994 0.23456699 0.69140327
vn 0.68332994 0.23456699 0.69140327
vn 0.68332994 0.23456699 0.69140327
vn 0.68332994 0.23456699 0.69140327
vn 0.68332994 0.23456699 0.69140327
vn 0.68332994 0.23456699 0.69140327
vn 0.49046373 -0.4226936 0.7620863
vn 0.49046373 -0.4226936 0.7620863
vn 0.49046373 -0.4226936 0.7620863
vn 0.49046373 -0.4226936 0.7620863
vn 0.4904615 -0.42269185 -0.76208866
vn 0.4904615 -0.42269185 -0.76208866
vn 0.4904615 -0.42269185 -0.76208866
vn 0.4904615 -0.42269185 -0.76208866
vn 0.4904615 -0.42269185 -0.76208866
vn 0.4904615 -0.42269185 -0.76208866
vn -0 0.70710653 0.707107
vn -0 0.70710653 0.707107
vn -0 0.70710653 0.707107
vn -0 0.70710653 0.707107
vn -0 0.70710677 0.70710677
vn -0 0.70710677 0.70710677
vn 0.29224783 -0.6138297 -0.73335147
vn 0.29224783 -0.6138297 -0.73335147
vn 0.29224783 -0.6138297 -0.73335147
vn 0.29224783 -0.6138297 -0.73335147
vn 0.29224783 -0.6138297 -0.73335147
vn 0.29224783 -0.6138297 -0.73335147
vn 0.29224738 -0.6138286 0.7333525
vn 0.29224738 -0.6138286 0.7333525
vn 0.29224738 -0.6138286 0.7333525
vn 0.29224738 -0.6138286 0.7333525
vn -0.6723679 -0.30958524 -0.6723679
vn -0.6723679 -0.30958524 -0.6723679
vn -0.6723679 -0.30958524 -0.6723679
vn -0.5773486 0.57735205 -0.5773503
vn -0.5773486 0.57735205 -0.5773503
vn -0.5773486 0.57735205 -0.5773503
vn 0.67236793 -0.3095848 -0.67236793
vn 0.67236793 -0.3095848 -0.67236793
vn 0.67236793 -0.3095848 -0.67236793
vn 0.5773486 0.57735205 -0.5773503
vn 0.5773486 0.57735205 -0.5773503
vn 0.5773486 0.57735205 -0.5773503
vn -0.672368 -0.30958888 0.67236596
vn -0.672368 -0.30958888 0.67236596
vn -0.672368 -0.30958888 0.67236596
vn -0.70639825 0.7064488 0.04395048
vn -0.70639825 0.7064488 0.04395048
vn -0.70639825 0.7064488 0.04395048
vn -0.7071059 0.70710766 1.1101483E-07
vn -0.7071059 0.70710766 1.1101483E-07
vn -0.7071059 0.70710766 1.1101483E-07
vn -0.7044173 0.70450586 0.086416535
vn -0.7044173 0.70450586 0.086416535
vn -0.70639825 0.7064488 0.04395048
vn -0.70639825 0.7064488 0.04395048
vn -0.70639825 0.7064488 0.04395048
vn -0.7044173 0.70450586 0.086416535
vn -0.7044173 0.70450586 0.086416535
vn 0.67236763 -0.309595 0.6723636
vn 0.67236763 -0.309595 0.6723636
vn 0.67236763 -0.309595 0.6723636
vn 0.7063986 0.70644844 0.043950696
vn 0.7063986 0.70644844 0.043950696
vn 0.7063986 0.70644844 0.043950696
vn 0.7044159 0.7045072 0.08641648
vn 0.7071068 0.70710677 -1.4801948E-07
vn 0.7071068 0.70710677 -1.4801948E-07
vn 0.7071068 0.70710677 -1.4801948E-07
vn 0.7063986 0.70644844 0.043950696
vn 0.7063986 0.70644844 0.043950696
vn 0.7063986 0.70644844 0.043950696
vn 0.7044159 0.7045072 0.08641648
vn 0.7044159 0.7045072 0.08641648
vn -0.70710677 0 -0.70710677
vn -0.70710677 0 -0.70710677
vn -0.70710677 0 -0.70710677
vn -0.70710677 0 -0.70710677
vn -0.7071068 0 -0.70710665
vn -0.7071068 0 -0.70710665
vn -0.70710665 0 -0.7071069
vn -0.70710665 0 -0.7071069
vn 0.70710677 0 -0.70710677
vn 0.70710677 0 -0.70710677
vn 0.70710677 0 -0.70710677
vn 0.70710677 0 -0.70710677
vn 0.70710665 0 -0.7071068
vn 0.70710665 0 -0.7071068
vn 0.7071068 0 -0.70710665
vn 0.7071068 0 -0.70710665
vn 0.84716856 -0.35238463 0.39765623
vn 0.84716856 -0.35238463 0.39765623
vn 0.84716856 -0.35238463 0.39765623
vn 0.84716856 -0.35238463 0.39765623
vn 0.84716856 -0.35238463 0.39765623
vn 0.84716856 -0.35238463 0.39765623
vn 0.84716856 -0.35238463 0.39765623
vn 0.84716856 -0.35238463 0.39765623
vn 0.84716856 -0.35238463 0.39765623
vn -0.84716785 -0.35238603 0.3976564
vn -0.84716785 -0.35238603 0.3976564
vn -0.84716785 -0.35238603 0.3976564
vn -0.84716785 -0.35238603 0.3976564
vn -0.84716785 -0.35238603 0.3976564
vn 0.5537462 0.55388594 0.62175196
vn 0.5537462 0.55388594 0.62175196
vn 0.5537462 0.55388594 0.62175196
vn -0.5537461 0.55388576 0.6217522
vn -0.5537461 0.55388576 0.6217522
vn -0.5537461 0.55388576 0.6217522
vn 0.55374265 -0.5538898 0.6217517
vn 0.55374265 -0.5538898 0.6217517
vn 0.55374265 -0.5538898 0.6217517
vn -0.55374247 -0.55388963 0.621752
vn -0.55374247 -0.55388963 0.621752
vn -0.55374247 -0.55388963 0.621752
vn 0.696432 0.17310798 -0.696431
vn 0.696432 0.17310798 -0.696431
vn 0.696432 0.17310798 -0.696431
vn 0.696432 0.17310798 -0.696431
vn 0.69643265 0.17310682 0.69643056
vn 0.69643265 0.17310682 0.69643056
vn 0.69643265 0.17310682 0.69643056
vn 0.69643265 0.17310682 0.69643056
vn -0.69643235 0.17310674 0.6964308
vn -0.69643235 0.17310674 0.6964308
vn -0.69643235 0.17310674 0.6964308
vn -0.69643235 0.17310674 0.6964308
vn -0.69643265 0.17310682 -0.69643056
vn -0.69643265 0.17310682 -0.69643056
vn -0.69643265 0.17310682 -0.69643056
vn -0.69643265 0.17310682 -0.69643056
vn 0.6723679 -0.30958524 0.6723679
vn 0.6723679 -0.30958524 0.6723679
vn 0.6723679 -0.30958524 0.6723679
vn 0.5773486 0.57735205 0.5773503
vn 0.5773486 0.57735205 0.5773503
vn 0.5773486 0.57735205 0.5773503
vn -0.6723684 -0.309585 0.6723674
vn -0.6723684 -0.309585 0.6723674
vn -0.6723684 -0.309585 0.6723674
vn -0.5773488 0.5773523 0.5773497
vn -0.5773488 0.5773523 0.5773497
vn -0.5773488 0.5773523 0.5773497
vn 0.67236805 -0.30959517 -0.672363
vn 0.67236805 -0.30959517 -0.672363
vn 0.67236805 -0.30959517 -0.672363
vn 0.70656496 0.706599 -0.038521346
vn 0.70656496 0.706599 -0.038521346
vn 0.70656496 0.706599 -0.038521346
vn 0.70710677 0.7071068 -1.11014586E-07
vn 0.70710677 0.7071068 -1.11014586E-07
vn 0.70710677 0.7071068 -1.11014586E-07
vn 0.70503044 0.7051025 -0.07591146
vn 0.70503044 0.7051025 -0.07591146
vn 0.70656496 0.706599 -0.038521346
vn 0.70656496 0.706599 -0.038521346
vn 0.70656496 0.706599 -0.038521346
vn 0.70503044 0.7051025 -0.07591146
vn 0.70503044 0.7051025 -0.07591146
vn -0.67236805 -0.30959517 -0.672363
vn -0.67236805 -0.30959517 -0.672363
vn -0.67236805 -0.30959517 -0.672363
vn -0.7065647 0.7065993 -0.03852037
vn -0.7065647 0.7065993 -0.03852037
vn -0.7065647 0.7065993 -0.03852037
vn -0.70503193 0.70510095 -0.07591123
vn -0.70710677 0.70710677 2.220292E-07
vn -0.70710677 0.70710677 2.220292E-07
vn -0.70710677 0.70710677 2.220292E-07
vn -0.7065647 0.7065993 -0.03852037
vn -0.7065647 0.7065993 -0.03852037
vn -0.7065647 0.7065993 -0.03852037
vn -0.70503193 0.70510095 -0.07591123
vn -0.70503193 0.70510095 -0.07591123
vn 0.70710677 0 0.70710677
vn 0.70710677 0 0.70710677
vn 0.70710677 0 0.70710677
vn 0.70710677 0 0.70710677
vn 0.7071068 0 0.70710665
vn 0.7071068 0 0.70710665
vn 0.7071068 0 0.70710665
vn 0.7071068 0 0.70710665
vn -0.707107 0 0.7071065
vn -0.707107 0 0.7071065
vn -0.707107 0 0.7071065
vn -0.707107 0 0.7071065
vn -0.7071068 0 0.70710665
vn -0.7071068 0 0.70710665
vn -0.70710665 0 0.7071069
vn -0.70710665 0 0.7071069
vn -0.84821314 -0.35412616 -0.39386436
vn -0.84821314 -0.35412616 -0.39386436
vn -0.84821314 -0.35412616 -0.39386436
vn -0.84821314 -0.35412616 -0.39386436
vn -0.84821314 -0.35412616 -0.39386436
vn -0.84821314 -0.35412616 -0.39386436
vn -0.84821314 -0.35412616 -0.39386436
vn -0.84821314 -0.35412616 -0.39386436
vn -0.84821314 -0.35412616 -0.39386436
vn 0.84821343 -0.35412562 -0.39386415
vn 0.84821343 -0.35412562 -0.39386415
vn 0.84821343 -0.35412562 -0.39386415
vn 0.84821343 -0.35412562 -0.39386415
vn 0.84821343 -0.35412562 -0.39386415
vn -0.5566212 0.5567382 -0.6166162
vn -0.5566212 0.5567382 -0.6166162
vn -0.5566212 0.5567382 -0.6166162
vn 0.5566211 0.5567381 -0.61661637
vn 0.5566211 0.5567381 -0.61661637
vn 0.5566211 0.5567381 -0.61661637
vn -0.556623 -0.5567337 -0.6166185
vn -0.556623 -0.5567337 -0.6166185
vn -0.556623 -0.5567337 -0.6166185
vn 0.5566219 -0.55673516 -0.61661816
vn 0.5566219 -0.55673516 -0.61661816
vn 0.5566219 -0.55673516 -0.61661816
vn -0.6964321 0.17310694 0.69643104
vn -0.6964321 0.17310694 0.69643104
vn -0.6964321 0.17310694 0.69643104
vn -0.6964321 0.17310694 0.69643104
vn -0.69643265 0.17310473 -0.6964311
vn -0.69643265 0.17310473 -0.6964311
vn -0.69643265 0.17310473 -0.6964311
vn -0.69643265 0.17310473 -0.6964311
vn 0.6964321 0.17310484 -0.6964316
vn 0.6964321 0.17310484 -0.6964316
vn 0.6964321 0.17310484 -0.6964316
vn 0.6964321 0.17310484 -0.6964316
vn 0.69643223 0.17310777 0.6964307
vn 0.69643223 0.17310777 0.6964307
vn 0.69643223 0.17310777 0.6964307
vn 0.69643223 0.17310777 0.6964307
vn 0.6975407 0.1812378 0.6932459
vn 0.6975407 0.1812378 0.6932459
vn 0.6975407 0.1812378 0.6932459
vn 0.6975407 0.1812378 0.6932459
vn -0.6975448 0.18123472 0.6932426
vn -0.6975448 0.18123472 0.6932426
vn -0.6975448 0.18123472 0.6932426
vn -0.6975448 0.18123472 0.6932426
vn 0.697547 0.18123738 -0.69323957
vn 0.697547 0.18123738 -0.69323957
vn 0.697547 0.18123738 -0.69323957
vn 0.697547 0.18123738 -0.69323957
vn -0.6975461 0.18123578 -0.69324094
vn -0.6975461 0.18123578 -0.69324094
vn -0.6975461 0.18123578 -0.69324094
vn -0.6975461 0.18123578 -0.69324094
vn 0.4897751 0.7275521 0.48040432
vn 0.4897751 0.7275521 0.48040432
vn 0.4897751 0.7275521 0.48040432
vn -0.4897833 0.7275527 0.48039487
vn -0.4897833 0.7275527 0.48039487
vn -0.4897833 0.7275527 0.48039487
vn 0.48978475 0.72755474 -0.48039043
vn 0.48978475 0.72755474 -0.48039043
vn 0.48978475 0.72755474 -0.48039043
vn -0.48977917 0.7275582 -0.48039082
vn -0.48977917 0.7275582 -0.48039082
vn -0.48977917 0.7275582 -0.48039082
vn -0.7071046 0.70710886 0
vn -0.7071046 0.70710886 0
vn -0.7071046 0.70710886 0
vn -0.7071046 0.70710886 0
vn -0.7071046 0.70710886 0
vn -0.7071052 0.70710826 0
vn -0.7071052 0.70710826 0
vn -0.7071046 0.70710886 0
vn -0.7071046 0.70710886 0
vn -0.7071046 0.70710886 0
vn -0.70710564 0.7071079 -8.190274E-07
vn -0.70710564 0.7071079 -8.190274E-07
vn 0.36650577 0.8551864 0.36651015
vn 0.36650577 0.8551864 0.36651015
vn 0.36650577 0.8551864 0.36651015
vn 0.36650577 0.8551864 0.36651015
vn 0.36650577 0.8551864 0.36651015
vn 0.36650577 0.8551864 0.36651015
vn 0.36650577 0.8551864 0.36651015
vn -0.36650756 0.85518724 0.36650646
vn -0.36650756 0.85518724 0.36650646
vn -0.36650756 0.85518724 0.36650646
vn -0.36650756 0.85518724 0.36650646
vn -0.36650756 0.85518724 0.36650646
vn -0.36650756 0.85518724 0.36650646
vn -0.36650756 0.85518724 0.36650646
vn -0.36650756 0.85518724 0.36650646
vn -0.36650756 0.85518724 0.36650646
vn 0.36650702 0.855186 -0.36650997
vn 0.36650702 0.855186 -0.36650997
vn 0.36650702 0.855186 -0.36650997
vn 0.36650702 0.855186 -0.36650997
vn 0.36650702 0.855186 -0.36650997
vn 0.36650702 0.855186 -0.36650997
vn 0.36650702 0.855186 -0.36650997
vn -0.36650923 0.8551856 -0.36650848
vn -0.36650923 0.8551856 -0.36650848
vn -0.36650923 0.8551856 -0.36650848
vn -0.36650923 0.8551856 -0.36650848
vn -0.36650923 0.8551856 -0.36650848
vn -0.36650923 0.8551856 -0.36650848
vn -0.36650923 0.8551856 -0.36650848
vn -0.36650923 0.8551856 -0.36650848
vn -0.36650923 0.8551856 -0.36650848
vn -0 0.70710784 -0.7071057
vn -0 0.70710784 -0.7071057
vn -0 0.70710784 -0.7071057
vn -0 0.70710784 -0.7071057
vn -0 0.707111 -0.70710254
vn -0 0.707111 -0.70710254
vn -0 0.707111 -0.70710254
vn -0 0.707111 -0.70710254
vn 1.1846939E-06 0.7071061 -0.7071074
vn 1.1846939E-06 0.7071061 -0.7071074
vn 8.1950293E-07 0.70710915 -0.7071043
vn 8.1950293E-07 0.70710915 -0.7071043
vn 0.70710677 0.70710677 0
vn 0.70710677 0.70710677 0
vn 0.70710677 0.70710677 0
vn 0.70710677 0.70710677 0
vn 0.70710665 0.7071068 2.1666781E-07
vn 0.70710665 0.7071068 2.1666781E-07
vn 0.7071093 0.70710427 1.08478204E-07
vn 0.707107 0.7071065 5.308611E-07
vn 0.707107 0.7071065 5.308611E-07
vn 0.707107 0.7071065 5.308611E-07
vn 0.707107 0.7071065 5.308611E-07
vn 0.7071093 0.70710427 1.08478204E-07
vn 0.57735085 0.57735085 -0.5773491
vn 0.57735085 0.57735085 -0.5773491
vn 0.57735085 0.57735085 -0.5773491
vn -0.5773572 0.5773537 -0.5773399
vn -0.5773572 0.5773537 -0.5773399
vn -0.5773572 0.5773537 -0.5773399
vn -0 0.70710784 0.7071057
vn -0 0.70710784 0.7071057
vn -0 0.70710784 0.7071057
vn -0 0.70710784 0.7071057
vn -0 0.70710677 0.70710677
vn -0 0.70710677 0.70710677
vn -0 0.70710677 0.70710677
vn -0 0.70710677 0.70710677
vn -0 0.7071064 0.70710707
vn -0 0.7071064 0.70710707
vn -0 0.70710534 0.70710814
vn -0 0.70710534 0.70710814
vn 0.57735145 0.5773479 0.57735145
vn 0.57735145 0.5773479 0.57735145
vn 0.57735145 0.5773479 0.57735145
vn -0.5773549 0.5773549 0.5773411
vn -0.5773549 0.5773549 0.5773411
vn -0.5773549 0.5773549 0.5773411
vn 0.0035733192 -0.58268267 0.8126919
vn 0.0035733192 -0.58268267 0.8126919
vn 0.0035733192 -0.58268267 0.8126919
vn 0.0035733192 -0.58268267 0.8126919
vn 0.7071069 0 0.7071066
vn 0.7071069 0 0.7071066
vn 0.7071069 0 0.7071066
vn -0.6112882 0.47813317 0.63064694
vn -0.6112882 0.47813317 0.63064694
vn -0.6112882 0.47813317 0.63064694
vn -0.6112882 0.47813317 0.63064694
vn -0.8347975 -0.5505571 0
vn -0.8347975 -0.5505571 0
vn -0.8347975 -0.5505571 0
vn -0.8347975 -0.5505571 0
vn -0.6132498 0.47172228 -0.6335635
vn -0.6132498 0.47172228 -0.6335635
vn -0.6132498 0.47172228 -0.6335635
vn -0.6132498 0.47172228 -0.6335635
vn -0 -0.58596313 -0.8103377
vn -0 -0.58596313 -0.8103377
vn -0 -0.58596313 -0.8103377
vn -0 -0.58596313 -0.8103377
vn 0.603528 0.49134573 -0.62795967
vn 0.603528 0.49134573 -0.62795967
vn 0.603528 0.49134573 -0.62795967
vn 0.603528 0.49134573 -0.62795967
vn 0.8413307 -0.54034066 0.013950316
vn 0.8413307 -0.54034066 0.013950316
vn 0.8413307 -0.54034066 0.013950316
vn 0.8413307 -0.54034066 0.013950316
vn 0.7071063 0.70710725 0
vn 0.7071063 0.70710725 0
vn 0.7071063 0.70710725 0
vn 0.7071063 0.70710725 0
vn 0.7071063 0.70710725 0
vn 0.7071063 0.70710725 0
vn 0.7071069 0 -0.7071066
vn 0.7071069 0 -0.7071066
vn 0.7071069 0 -0.7071066
vn -0.7071074 -0.7071061 1.0536684E-07
vn -0.7071074 -0.7071061 1.0536684E-07
vn -0.7071074 -0.7071061 1.0536684E-07
vn -0.7071074 -0.7071061 1.0536684E-07
vn -0.7071074 -0.7071061 1.0536684E-07
vn -0.7071074 -0.7071061 1.0536684E-07
vn -0.70710504 0.70710844 0
vn -0.70710504 0.70710844 0
vn -0.70710504 0.70710844 0
vn -0.70710504 0.70710844 0
vn -0.70710504 0.70710844 0
vn -0.70710504 0.70710844 0
vn -0.70710564 0 0.70710784
vn -0.70710564 0 0.70710784
vn -0.70710564 0 0.70710784
vn -0.70710564 0 0.70710784
vn -0.70710564 0 0.70710784
vn -0.70710564 0 0.70710784
vn -0.70710564 0 -0.70710784
vn -0.70710564 0 -0.70710784
vn -0.70710564 0 -0.70710784
vn -0.70710564 0 -0.70710784
vn -0.70710564 -0.70710784 0
vn -0.70710564 -0.70710784 0
vn -0.70710564 -0.70710784 0
vn -0.70710564 -0.70710784 0
vn -0 -0.7071069 0.70710665
vn -0 -0.7071069 0.70710665
vn -0 -0.7071069 0.70710665
vn -0 -0.7071069 0.70710665
vn -0 -0.70710725 -0.70710623
vn -0 -0.70710725 -0.70710623
vn -0 -0.70710725 -0.70710623
vn -0 -0.70710725 -0.70710623
vn -0.7071069 0 0.70710665
vn -0.7071069 0 0.70710665
vn -0.7071069 0 0.70710665
vn -0.7071069 0 0.70710665
vn -0.70710677 0 -0.7071068
vn -0.70710677 0 -0.7071068
vn -0.70710677 0 -0.7071068
vn -0.70710677 0 -0.7071068
vn 0.70710677 0 -0.7071068
vn 0.70710677 0 -0.7071068
vn 0.70710677 0 -0.7071068
vn 0.70710677 0 -0.7071068
vn 0.6062166 0.48137897 0.6330685
vn 0.6062166 0.48137897 0.6330685
vn 0.6062166 0.48137897 0.6330685
vn 0.6062166 0.48137897 0.6330685
vn 0.00023113439 0.1626322 0.9866867
vn 0.00023113439 0.1626322 0.9866867
vn 0.00023113439 0.1626322 0.9866867
vn 0.00023113439 0.1626322 0.9866867
vn -0.97959363 0.20098832 0
vn -0.97959363 0.20098832 0
vn -0.97959363 0.20098832 0
vn -0.97959363 0.20098832 0
vn -0 0.158658 -0.98733354
vn -0 0.158658 -0.98733354
vn -0 0.158658 -0.98733354
vn -0 0.158658 -0.98733354
vn 0.9770697 0.21291873 0.00072789146
vn 0.9770697 0.21291873 0.00072789146
vn 0.9770697 0.21291873 0.00072789146
vn 0.9770697 0.21291873 0.00072789146
vn 0.62855697 -0.3239104 0.7071055
vn 0.62855697 -0.3239104 0.7071055
vn 0.62855697 -0.3239104 0.7071055
vn -0 -0.7071069 -0.70710665
vn -0 -0.7071069 -0.70710665
vn -0 -0.7071069 -0.70710665
vn -0 -0.7071069 -0.70710665
vn -0 0.7071069 0.70710665
vn -0 0.7071069 0.70710665
vn -0 0.7071069 0.70710665
vn -0 0.7071069 0.70710665
vn 0.5205418 -0.8538361 0
vn 0.5205418 -0.8538361 0
vn 0.5205418 -0.8538361 0
vn 0.5205418 -0.8538361 0
vn 0.6285603 -0.3239116 -0.707102
vn 0.6285603 -0.3239116 -0.707102
vn 0.6285603 -0.3239116 -0.707102
vn -0 -0.7071074 0.70710605
vn -0 -0.7071074 0.70710605
vn -0 -0.7071074 0.70710605
vn -0 -0.7071074 0.70710605
vn -0 -0.7071074 0.70710605
vn -0 -0.7071074 0.70710605
vn 0.52053946 -0.8538376 0
vn 0.52053946 -0.8538376 0
vn 0.52053946 -0.8538376 0
vn 0.52053946 -0.8538376 0
vn -0 -0.60786265 -0.7940421
vn -0 -0.60786265 -0.7940421
vn -0 -0.60786265 -0.7940421
vn -0 -0.60786265 -0.7940421
vn -0 0.70710677 -0.70710677
vn -0 0.70710677 -0.70710677
vn -0 0.70710677 -0.70710677
vn -0 0.70710677 -0.70710677
vn -0 0.70710677 -0.70710677
vn -0 0.70710677 -0.70710677
vn 0.66046983 0.3571544 -0.66046983
vn 0.66046983 0.3571544 -0.66046983
vn 0.66046983 0.3571544 -0.66046983
vn 0.66046983 0.3571544 -0.66046983
vn 0.79404396 -0.6078604 0
vn 0.79404396 -0.6078604 0
vn 0.79404396 -0.6078604 0
vn 0.79404396 -0.6078604 0
vn 0.66047055 0.3571538 0.6604694
vn 0.66047055 0.3571538 0.6604694
vn 0.66047055 0.3571538 0.6604694
vn 0.66047055 0.3571538 0.6604694
vn -1.6029396E-07 -0.60786265 0.7940421
vn -1.6029396E-07 -0.60786265 0.7940421
vn -1.6029396E-07 -0.60786265 0.7940421
vn -1.6029396E-07 -0.60786265 0.7940421
vn -0.66047114 0.35715383 0.6604689
vn -0.66047114 0.35715383 0.6604689
vn -0.66047114 0.35715383 0.6604689
vn -0.66047114 0.35715383 0.6604689
vn -0.66047114 0.35715383 0.6604689
vn -0.66047114 0.35715383 0.6604689
vn -0.7940441 -0.6078601 0
vn -0.7940441 -0.6078601 0
vn -0.7940441 -0.6078601 0
vn -0.7940441 -0.6078601 0
vn -3.4595024E-07 -0.68550783 0.7280652
vn -3.4595024E-07 -0.68550783 0.7280652
vn -3.4595024E-07 -0.68550783 0.7280652
vn -3.4595024E-07 -0.68550783 0.7280652
vn -0 0.68550843 0.7280648
vn -0 0.68550843 0.7280648
vn -0 0.68550843 0.7280648
vn -0 0.68550843 0.7280648
vn 0.68473434 0 0.72879267
vn 0.68473434 0 0.72879267
vn 0.68473434 0 0.72879267
vn 0.68473434 0 0.72879267
vn -0.68473434 0 0.72879267
vn -0.68473434 0 0.72879267
vn -0.68473434 0 0.72879267
vn -0.68473434 0 0.72879267
vn -0 -0.68550843 0.7280648
vn -0 -0.68550843 0.7280648
vn -0 -0.68550843 0.7280648
vn -0 -0.68550843 0.7280648
vn 0.7044159 -0.7045072 0.08641648
vn 0.7044159 -0.7045072 0.08641648
vn 0.7044159 -0.7045072 0.08641648
vn 0.7044159 -0.7045072 0.08641648
vn -0.7044152 -0.7045078 0.08641666
vn -0.7044152 -0.7045078 0.08641666
vn -0.7044152 -0.7045078 0.08641666
vn -0.7044152 -0.7045078 0.08641666
vn 0.7071068 0 0.70710665
vn 0.7071068 0 0.70710665
vn 0.7071068 0 0.70710665
vn 0.7071068 0 0.70710665
vn -0.70710665 0 0.7071069
vn -0.70710665 0 0.7071069
vn -0.70710665 0 0.7071069
vn -0.70710665 0 0.7071069
vn -0.6604702 0.35715422 -0.66046953
vn -0.6604702 0.35715422 -0.66046953
vn -0.6604702 0.35715422 -0.66046953
vn -0.6604702 0.35715422 -0.66046953
vn -0.6604702 0.35715422 -0.66046953
vn -0.6604702 0.35715422 -0.66046953
vn 1.13103425E-07 0.13164818 -0.9912965
vn 1.13103425E-07 0.13164818 -0.9912965
vn 1.13103425E-07 0.13164818 -0.9912965
vn 1.13103425E-07 0.13164818 -0.9912965
vn 0.9912964 0.13164897 -1.559046E-07
vn 0.9912964 0.13164897 -1.559046E-07
vn 0.9912964 0.13164897 -1.559046E-07
vn 0.9912964 0.13164897 -1.559046E-07
vn -4.600633E-07 0.13165146 0.99129605
vn -4.600633E-07 0.13165146 0.99129605
vn -4.600633E-07 0.13165146 0.99129605
vn -4.600633E-07 0.13165146 0.99129605
vn -0.9912964 0.13164893 1.559046E-07
vn -0.9912964 0.13164893 1.559046E-07
vn -0.9912964 0.13164893 1.559046E-07
vn -0.9912964 0.13164893 1.559046E-07
vn -0 -0.6078605 0.79404384
vn -0 -0.6078605 0.79404384
vn -0 -0.6078605 0.79404384
vn -0 -0.6078605 0.79404384
vn -0 0.70710677 0.70710677
vn -0 0.70710677 0.70710677
vn -0 0.70710677 0.70710677
vn -0 0.70710677 0.70710677
vn -0 0.70710677 0.70710677
vn -0 0.70710677 0.70710677
vn -0.66046995 0.35715383 0.66046995
vn -0.66046995 0.35715383 0.66046995
vn -0.66046995 0.35715383 0.66046995
vn -0.66046995 0.35715383 0.66046995
vn -0.794044 -0.60786027 1.3869008E-07
vn -0.794044 -0.60786027 1.3869008E-07
vn -0.794044 -0.60786027 1.3869008E-07
vn -0.794044 -0.60786027 1.3869008E-07
vn -0.66047156 0.3571554 -0.6604675
vn -0.66047156 0.3571554 -0.6604675
vn -0.66047156 0.3571554 -0.6604675
vn -0.66047156 0.3571554 -0.6604675
vn -0 -0.6078649 -0.7940404
vn -0 -0.6078649 -0.7940404
vn -0 -0.6078649 -0.7940404
vn -0 -0.6078649 -0.7940404
vn 0.6604705 0.35715407 -0.66046935
vn 0.6604705 0.35715407 -0.66046935
vn 0.6604705 0.35715407 -0.66046935
vn 0.6604705 0.35715407 -0.66046935
vn 0.6604705 0.35715407 -0.66046935
vn 0.6604705 0.35715407 -0.66046935
vn 0.79404414 -0.60786 0
vn 0.79404414 -0.60786 0
vn 0.79404414 -0.60786 0
vn 0.79404414 -0.60786 0
vn -0 -0.68818057 -0.7255395
vn -0 -0.68818057 -0.7255395
vn -0 -0.68818057 -0.7255395
vn -0 -0.68818057 -0.7255395
vn -0 0.68818176 -0.7255383
vn -0 0.68818176 -0.7255383
vn -0 0.68818176 -0.7255383
vn -0 0.68818176 -0.7255383
vn -0.6874999 1.9379492E-07 -0.7261844
vn -0.6874999 1.9379492E-07 -0.7261844
vn -0.6874999 1.9379492E-07 -0.7261844
vn -0.6874999 1.9379492E-07 -0.7261844
vn 0.6874996 0 -0.7261847
vn 0.6874996 0 -0.7261847
vn 0.6874996 0 -0.7261847
vn 0.6874996 0 -0.7261847
vn -0 -0.68817747 -0.7255425
vn -0 -0.68817747 -0.7255425
vn -0 -0.68817747 -0.7255425
vn -0 -0.68817747 -0.7255425
vn -0.70503044 -0.7051025 -0.07591117
vn -0.70503044 -0.7051025 -0.07591117
vn -0.70503044 -0.7051025 -0.07591117
vn -0.70503044 -0.7051025 -0.07591117
vn 0.70503116 -0.7051018 -0.075911395
vn 0.70503116 -0.7051018 -0.075911395
vn 0.70503116 -0.7051018 -0.075911395
vn 0.70503116 -0.7051018 -0.075911395
vn -0.7071068 0 -0.70710665
vn -0.7071068 0 -0.70710665
vn -0.7071068 0 -0.70710665
vn -0.7071068 0 -0.70710665
vn 0.70710665 0 -0.7071069
vn 0.70710665 0 -0.7071069
vn 0.70710665 0 -0.7071069
vn 0.70710665 0 -0.7071069
vn 0.6604703 0.3571537 0.6604698
vn 0.6604703 0.3571537 0.6604698
vn 0.6604703 0.3571537 0.6604698
vn 0.6604703 0.3571537 0.6604698
vn 0.6604703 0.3571537 0.6604698
vn 0.6604703 0.3571537 0.6604698
vn -1.1310346E-07 0.13164657 0.99129677
vn -1.1310346E-07 0.13164657 0.99129677
vn -1.1310346E-07 0.13164657 0.99129677
vn -1.1310346E-07 0.13164657 0.99129677
vn -0.9912964 0.13164893 3.118092E-07
vn -0.9912964 0.13164893 3.118092E-07
vn -0.9912964 0.13164893 3.118092E-07
vn -0.9912964 0.13164893 3.118092E-07
vn 1.13103454E-07 0.1316449 -0.9912969
vn 1.13103454E-07 0.1316449 -0.9912969
vn 1.13103454E-07 0.1316449 -0.9912969
vn 1.13103454E-07 0.1316449 -0.9912969
vn 0.9912964 0.13164894 -1.559046E-07
vn 0.9912964 0.13164894 -1.559046E-07
vn 0.9912964 0.13164894 -1.559046E-07
vn 0.9912964 0.13164894 -1.559046E-07
vn -5.975826E-07 0.13188286 0.99126536
vn -5.975826E-07 0.13188286 0.99126536
vn -5.975826E-07 0.13188286 0.99126536
vn -5.975826E-07 0.13188286 0.99126536
vn 0.70710814 0 -0.7071054
vn 0.70710814 0 -0.7071054
vn 0.70710814 0 -0.7071054
vn 0.70710814 0 -0.7071054
vn 5.492605E-07 0.13187695 -0.9912661
vn 5.492605E-07 0.13187695 -0.9912661
vn 5.492605E-07 0.13187695 -0.9912661
vn 5.492605E-07 0.13187695 -0.9912661
vn -0.9936977 0.11209299 0
vn -0.9936977 0.11209299 0
vn -0.9936977 0.11209299 0
vn -0.9936977 0.11209299 0
vn 0.99369836 0.112087086 0
vn 0.99369836 0.112087086 0
vn 0.99369836 0.112087086 0
vn 0.99369836 0.112087086 0
vn 0.70710766 0 -0.7071059
vn 0.70710766 0 -0.7071059
vn 0.70710766 0 -0.7071059
vn 0.70710766 0 -0.7071059
vn 0.707107 0 0.7071065
vn 0.707107 0 0.7071065
vn 0.707107 0 0.7071065
vn 0.707107 0 0.7071065
vn -3.7246647E-07 0.79417914 0.60768354
vn -3.7246647E-07 0.79417914 0.60768354
vn -3.7246647E-07 0.79417914 0.60768354
vn -3.7246647E-07 0.79417914 0.60768354
vn 4.1124338E-07 0.79418564 -0.6076752
vn 4.1124338E-07 0.79418564 -0.6076752
vn 4.1124338E-07 0.79418564 -0.6076752
vn 4.1124338E-07 0.79418564 -0.6076752
vn -0.62339306 0.78190863 0
vn -0.62339306 0.78190863 0
vn -0.62339306 0.78190863 0
vn -0.62339306 0.78190863 0
vn 0.623387 0.7819134 0
vn 0.623387 0.7819134 0
vn 0.623387 0.7819134 0
vn 0.623387 0.7819134 0
vn 0.67009884 0.33284357 -0.66346264
vn 0.67009884 0.33284357 -0.66346264
vn 0.67009884 0.33284357 -0.66346264
vn 0.67009884 0.33284357 -0.66346264
vn 0.67009526 0.33284095 0.6634675
vn 0.67009526 0.33284095 0.6634675
vn 0.67009526 0.33284095 0.6634675
vn 0.67009526 0.33284095 0.6634675
vn 0.67009526 0.33284095 0.6634675
vn 0.67009526 0.33284095 0.6634675
vn -0.67010313 0.33284315 -0.66345847
vn -0.67010313 0.33284315 -0.66345847
vn -0.67010313 0.33284315 -0.66345847
vn -0.67010313 0.33284315 -0.66345847
vn -0.6701016 0.3328432 0.6634602
vn -0.6701016 0.3328432 0.6634602
vn -0.6701016 0.3328432 0.6634602
vn -0.6701016 0.3328432 0.6634602
vn -0.7071085 0 0.707105
vn -0.7071085 0 0.707105
vn -0.7071085 0 0.707105
vn -0.7071085 0 0.707105
vn -0.7071079 0 -0.70710564
vn -0.7071079 0 -0.70710564
vn -0.7071079 0 -0.70710564
vn -0.7071079 0 -0.70710564
vn -4.2738486E-07 0.7071099 0.7071036
vn -4.2738486E-07 0.7071099 0.7071036
vn -4.2738486E-07 0.7071099 0.7071036
vn -4.2738486E-07 0.7071099 0.7071036
vn 3.6861235E-07 0.7071057 -0.70710784
vn 3.6861235E-07 0.7071057 -0.70710784
vn 3.6861235E-07 0.7071057 -0.70710784
vn 3.6861235E-07 0.7071057 -0.70710784
vn -0.7071075 0.70710605 0
vn -0.7071075 0.70710605 0
vn -0.7071075 0.70710605 0
vn -0.7071075 0.70710605 0
vn 0.7071045 0.70710903 0
vn 0.7071045 0.70710903 0
vn 0.7071045 0.70710903 0
vn 0.7071045 0.70710903 0
vn -0.70710444 0.70710903 0
vn -0.70710444 0.70710903 0
vn -0.70710444 0.70710903 0
vn 0.70710677 0.7071068 7.678393E-07
vn 0.70710677 0.7071068 7.678393E-07
vn 0.70710677 0.7071068 7.678393E-07
vn 0.70710677 0.7071068 7.678393E-07
vn 0.70710766 0 0.7071059
vn 0.70710766 0 0.7071059
vn 0.70710766 0 0.7071059
vn 0.70710766 0 0.7071059
vn -0.70710194 0 0.70711154
vn -0.70710194 0 0.70711154
vn -0.70710194 0 0.70711154
vn -0.70710194 0 0.70711154
vn -0.70710146 0 -0.7071121
vn -0.70710146 0 -0.7071121
vn -0.70710146 0 -0.7071121
vn -0.70710146 0 -0.7071121
vn 0.0027870564 0.32095778 0.94708943
vn 0.0027870564 0.32095778 0.94708943
vn 0.0027870564 0.32095778 0.94708943
vn 0.0027870564 0.32095778 0.94708943
g KitchenSink_0
f 3/3/3 2/2/2 1/1/1
f 4/4/4 3/3/3 1/1/1
f 1/1/1 5/5/5 4/4/4
f 5/5/5 6/6/6 4/4/4
f 5/5/5 7/7/7 6/6/6
f 7/7/7 8/8/8 6/6/6
f 8/8/8 7/7/7 9/9/9
f 10/10/10 8/8/8 9/9/9
f 10/10/10 9/9/9 11/11/11
f 12/12/12 10/10/10 11/11/11
f 11/11/11 13/13/13 12/12/12
f 13/13/13 14/14/14 12/12/12
f 17/17/17 16/16/16 15/15/15
f 18/18/18 17/17/17 15/15/15
f 21/21/21 20/20/20 19/19/19
f 22/22/22 21/21/21 19/19/19
f 22/22/22 19/19/19 23/23/23
f 24/24/24 22/22/22 23/23/23
f 23/23/23 25/25/25 24/24/24
f 25/25/25 26/26/26 24/24/24
f 26/26/26 27/27/27 24/24/24
f 27/27/27 28/28/28 24/24/24
f 28/28/28 27/27/27 29/29/29
f 27/27/27 30/30/30 29/29/29
f 20/20/20 21/21/21 31/31/31
f 32/32/32 20/20/20 31/31/31
f 32/32/32 31/31/31 33/33/33
f 34/34/34 32/32/32 33/33/33
f 33/33/33 35/35/35 34/34/34
f 35/35/35 36/36/36 34/34/34
f 39/39/39 38/38/38 37/37/37
f 40/40/40 39/39/39 37/37/37
f 38/38/38 39/39/39 41/41/41
f 42/42/42 38/38/38 41/41/41
f 41/41/41 43/43/43 42/42/42
f 43/43/43 44/44/44 42/42/42
f 38/38/38 45/45/45 37/37/37
f 45/45/45 46/46/46 37/37/37
f 46/46/46 45/45/45 47/47/47
f 45/45/45 48/48/48 47/47/47
f 44/44/44 43/43/43 49/49/49
f 50/50/50 44/44/44 49/49/49
f 50/50/50 49/49/49 51/51/51
f 52/52/52 50/50/50 51/51/51
f 51/51/51 53/53/53 52/52/52
f 53/53/53 54/54/54 52/52/52
f 57/57/57 56/56/56 55/55/55
f 58/58/58 57/57/57 55/55/55
f 61/61/61 60/60/60 59/59/59
f 62/62/62 61/61/61 59/59/59
f 65/65/65 64/64/64 63/63/63
f 66/66/66 65/65/65 63/63/63
f 69/69/69 68/68/68 67/67/67
f 70/70/70 69/69/69 67/67/67
f 69/69/69 70/70/70 71/71/71
f 72/72/72 69/69/69 71/71/71
f 73/73/73 72/72/72 71/71/71
f 74/74/74 73/73/73 71/71/71
f 77/77/77 76/76/76 75/75/75
f 78/78/78 77/77/77 75/75/75
f 81/81/81 80/80/80 79/79/79
f 82/82/82 81/81/81 79/79/79
f 85/85/85 84/84/84 83/83/83
f 86/86/86 85/85/85 83/83/83
f 89/89/89 88/88/88 87/87/87
f 90/90/90 89/89/89 87/87/87
f 93/93/93 92/92/92 91/91/91
f 94/94/94 93/93/93 91/91/91
f 97/97/97 96/96/96 95/95/95
f 98/98/98 97/97/97 95/95/95
f 101/101/101 100/100/100 99/99/99
f 102/102/102 101/101/101 99/99/99
f 100/100/100 103/103/103 99/99/99
f 103/103/103 104/104/104 99/99/99
f 103/103/103 105/105/105 104/104/104
f 105/105/105 106/106/106 104/104/104
f 109/109/109 108/108/108 107/107/107
f 110/110/110 109/109/109 107/107/107
f 113/113/113 112/112/112 111/111/111
f 114/114/114 113/113/113 111/111/111
f 114/114/114 111/111/111 115/115/115
f 116/116/116 114/114/114 115/115/115
f 115/115/115 117/117/117 116/116/116
f 117/117/117 118/118/118 116/116/116
f 118/118/118 119/119/119 116/116/116
f 119/119/119 120/120/120 116/116/116
f 120/120/120 119/119/119 121/121/121
f 119/119/119 122/122/122 121/121/121
f 125/125/125 124/124/124 123/123/123
f 126/126/126 125/125/125 123/123/123
f 124/124/124 127/127/127 123/123/123
f 127/127/127 128/128/128 123/123/123
f 128/128/128 127/127/127 129/129/129
f 127/127/127 130/130/130 129/129/129
f 133/133/133 132/132/132 131/131/131
f 134/134/134 133/133/133 131/131/131
f 137/137/137 136/136/136 135/135/135
f 138/138/138 137/137/137 135/135/135
f 141/141/141 140/140/140 139/139/139
f 142/142/142 141/141/141 139/139/139
f 141/141/141 142/142/142 143/143/143
f 144/144/144 141/141/141 143/143/143
f 145/145/145 144/144/144 143/143/143
f 146/146/146 145/145/145 143/143/143
f 144/144/144 145/145/145 147/147/147
f 148/148/148 144/144/144 147/147/147
f 147/147/147 149/149/149 148/148/148
f 149/149/149 150/150/150 148/148/148
f 153/153/153 152/152/152 151/151/151
f 154/154/154 153/153/153 151/151/151
f 157/157/157 156/156/156 155/155/155
f 158/158/158 157/157/157 155/155/155
f 161/161/161 160/160/160 159/159/159
f 162/162/162 161/161/161 159/159/159
f 165/165/165 164/164/164 163/163/163
f 166/166/166 165/165/165 163/163/163
f 169/169/169 168/168/168 167/167/167
f 170/170/170 169/169/169 167/167/167
f 173/173/173 172/172/172 171/171/171
f 174/174/174 173/173/173 171/171/171
f 172/172/172 175/175/175 171/171/171
f 175/175/175 176/176/176 171/171/171
f 175/175/175 177/177/177 176/176/176
f 177/177/177 178/178/178 176/176/176
f 181/181/181 180/180/180 179/179/179
f 182/182/182 181/181/181 179/179/179
f 185/185/185 184/184/184 183/183/183
f 186/186/186 185/185/185 183/183/183
f 186/186/186 183/183/183 187/187/187
f 188/188/188 186/186/186 187/187/187
f 187/187/187 189/189/189 188/188/188
f 189/189/189 190/190/190 188/188/188
f 190/190/190 191/191/191 188/188/188
f 191/191/191 192/192/192 188/188/188
f 192/192/192 191/191/191 193/193/193
f 191/191/191 194/194/194 193/193/193
f 197/197/197 196/196/196 195/195/195
f 198/198/198 197/197/197 195/195/195
f 196/196/196 199/199/199 195/195/195
f 199/199/199 200/200/200 195/195/195
f 200/200/200 199/199/199 201/201/201
f 199/199/199 202/202/202 201/201/201
f 205/205/205 204/204/204 203/203/203
f 206/206/206 205/205/205 203/203/203
f 209/209/209 208/208/208 207/207/207
f 210/210/210 209/209/209 207/207/207
f 213/213/213 212/212/212 211/211/211
f 214/214/214 213/213/213 211/211/211
f 213/213/213 214/214/214 215/215/215
f 216/216/216 213/213/213 215/215/215
f 217/217/217 216/216/216 215/215/215
f 218/218/218 217/217/217 215/215/215
f 216/216/216 217/217/217 219/219/219
f 220/220/220 216/216/216 219/219/219
f 219/219/219 221/221/221 220/220/220
f 221/221/221 222/222/222 220/220/220
f 225/225/225 224/224/224 223/223/223
f 226/226/226 225/225/225 223/223/223
f 229/229/229 228/228/228 227/227/227
f 230/230/230 229/229/229 227/227/227
f 233/233/233 232/232/232 231/231/231
f 234/234/234 233/233/233 231/231/231
f 237/237/237 236/236/236 235/235/235
f 238/238/238 237/237/237 235/235/235
f 241/241/241 240/240/240 239/239/239
f 242/242/242 241/241/241 239/239/239
f 245/245/245 244/244/244 243/243/243
f 246/246/246 245/245/245 243/243/243
f 244/244/244 245/245/245 247/247/247
f 248/248/248 244/244/244 247/247/247
f 247/247/247 249/249/249 248/248/248
f 249/249/249 250/250/250 248/248/248
f 250/250/250 249/249/249 251/251/251
f 252/252/252 250/250/250 251/251/251
f 251/251/251 253/253/253 252/252/252
f 253/253/253 254/254/254 252/252/252
f 244/244/244 255/255/255 243/243/243
f 255/255/255 256/256/256 243/243/243
f 256/256/256 255/255/255 257/257/257
f 255/255/255 258/258/258 257/257/257
f 258/258/258 259/259/259 257/257/257
f 259/259/259 260/260/260 257/257/257
f 260/260/260 259/259/259 261/261/261
f 259/259/259 262/262/262 261/261/261
f 262/262/262 259/259/259 263/263/263
f 264/264/264 262/262/262 263/263/263
f 263/263/263 265/265/265 264/264/264
f 265/265/265 266/266/266 264/264/264
f 266/266/266 265/265/265 267/267/267
f 268/268/268 266/266/266 267/267/267
f 267/267/267 269/269/269 268/268/268
f 269/269/269 270/270/270 268/268/268
f 269/269/269 267/267/267 271/271/271
f 272/272/272 269/269/269 271/271/271
f 273/273/273 272/272/272 271/271/271
f 274/274/274 273/273/273 271/271/271
f 273/273/273 274/274/274 252/252/252
f 254/254/254 273/273/273 252/252/252
f 277/277/277 276/276/276 275/275/275
f 278/278/278 277/277/277 275/275/275
f 281/281/281 280/280/280 279/279/279
f 282/282/282 281/281/281 279/279/279
f 282/282/282 283/283/283 281/281/281
f 283/283/283 284/284/284 281/281/281
f 285/285/285 284/284/284 283/283/283
f 286/286/286 285/285/285 283/283/283
f 286/286/286 287/287/287 285/285/285
f 287/287/287 288/288/288 285/285/285
f 289/289/289 288/288/288 287/287/287
f 290/290/290 289/289/289 287/287/287
f 293/293/293 292/292/292 291/291/291
f 294/294/294 293/293/293 291/291/291
f 291/291/291 292/292/292 295/295/295
f 296/296/296 291/291/291 295/295/295
f 296/296/296 295/295/295 297/297/297
f 295/295/295 298/298/298 297/297/297
f 293/293/293 294/294/294 299/299/299
f 300/300/300 293/293/293 299/299/299
f 301/301/301 300/300/300 299/299/299
f 302/302/302 301/301/301 299/299/299
f 305/305/305 304/304/304 303/303/303
f 306/306/306 305/305/305 303/303/303
f 303/303/303 304/304/304 307/307/307
f 308/308/308 303/303/303 307/307/307
f 308/308/308 307/307/307 309/309/309
f 307/307/307 310/310/310 309/309/309
f 310/310/310 311/311/311 309/309/309
f 311/311/311 312/312/312 309/309/309
f 312/312/312 311/311/311 313/313/313
f 311/311/311 314/314/314 313/313/313
f 317/317/317 316/316/316 315/315/315
f 318/318/318 317/317/317 315/315/315
f 321/321/321 320/320/320 319/319/319
f 322/322/322 321/321/321 319/319/319
f 325/325/325 324/324/324 323/323/323
f 326/326/326 325/325/325 323/323/323
f 329/329/329 328/328/328 327/327/327
f 330/330/330 329/329/329 327/327/327
f 333/333/333 332/332/332 331/331/331
f 334/334/334 333/333/333 331/331/331
f 337/337/337 336/336/336 335/335/335
f 338/338/338 337/337/337 335/335/335
f 341/341/341 340/340/340 339/339/339
f 342/342/342 341/341/341 339/339/339
f 340/340/340 343/343/343 339/339/339
f 343/343/343 344/344/344 339/339/339
f 344/344/344 343/343/343 345/345/345
f 343/343/343 346/346/346 345/345/345
f 341/341/341 342/342/342 347/347/347
f 348/348/348 341/341/341 347/347/347
f 349/349/349 348/348/348 347/347/347
f 350/350/350 349/349/349 347/347/347
f 353/353/353 352/352/352 351/351/351
f 354/354/354 353/353/353 351/351/351
f 357/357/357 356/356/356 355/355/355
f 360/360/360 359/359/359 358/358/358
f 363/363/363 362/362/362 361/361/361
f 366/366/366 365/365/365 364/364/364
f 365/365/365 366/366/366 367/367/367
f 366/366/366 368/368/368 367/367/367
f 364/364/364 370/370/370 369/369/369
f 373/373/373 372/372/372 371/371/371
f 373/373/373 371/371/371 374/374/374
f 377/377/377 376/376/376 375/375/375
f 380/380/380 379/379/379 378/378/378
f 383/383/383 382/382/382 381/381/381
f 386/386/386 385/385/385 384/384/384
f 388/388/388 386/386/386 387/387/387
f 391/391/391 390/390/390 389/389/389
f 393/393/393 392/392/392 391/391/391
f 395/395/395 389/389/389 394/394/394
f 396/396/396 395/395/395 394/394/394
f 395/395/395 396/396/396 397/397/397
f 398/398/398 395/395/395 397/397/397
f 398/398/398 397/397/397 399/399/399
f 397/397/397 400/400/400 399/399/399
f 401/401/401 399/399/399 400/400/400
f 402/402/402 401/401/401 400/400/400
f 405/405/405 404/404/404 403/403/403
f 406/406/406 405/405/405 403/403/403
f 405/405/405 406/406/406 407/407/407
f 406/406/406 408/408/408 407/407/407
f 410/410/410 409/409/409 404/404/404
f 413/413/413 412/412/412 411/411/411
f 416/416/416 415/415/415 414/414/414
f 416/416/416 417/417/417 415/415/415
f 420/420/420 419/419/419 418/418/418
f 423/423/423 422/422/422 421/421/421
f 426/426/426 425/425/425 424/424/424
f 429/429/429 428/428/428 427/427/427
f 430/430/430 429/429/429 427/427/427
f 430/430/430 427/427/427 431/431/431
f 434/434/434 433/433/433 432/432/432
f 437/437/437 436/436/436 435/435/435
f 440/440/440 439/439/439 438/438/438
f 443/443/443 442/442/442 441/441/441
f 446/446/446 445/445/445 444/444/444
f 449/449/449 448/448/448 447/447/447
f 452/452/452 451/451/451 450/450/450
f 453/453/453 452/452/452 450/450/450
f 456/456/456 455/455/455 454/454/454
f 457/457/457 456/456/456 454/454/454
f 460/460/460 459/459/459 458/458/458
f 463/463/463 462/462/462 461/461/461
f 466/466/466 465/465/465 464/464/464
f 467/467/467 466/466/466 464/464/464
f 470/470/470 469/469/469 468/468/468
f 473/473/473 472/472/472 471/471/471
f 476/476/476 475/475/475 474/474/474
f 477/477/477 476/476/476 474/474/474
f 475/475/475 476/476/476 478/478/478
f 479/479/479 475/475/475 478/478/478
f 482/482/482 481/481/481 480/480/480
f 485/485/485 484/484/484 483/483/483
f 488/488/488 487/487/487 486/486/486
f 489/489/489 488/488/488 486/486/486
f 492/492/492 491/491/491 490/490/490
f 495/495/495 494/494/494 493/493/493
f 498/498/498 497/497/497 496/496/496
f 501/501/501 500/500/500 499/499/499
f 504/504/504 503/503/503 502/502/502
f 507/507/507 506/506/506 505/505/505
f 509/509/509 507/507/507 508/508/508
f 510/510/510 509/509/509 508/508/508
f 512/512/512 511/511/511 506/506/506
f 515/515/515 514/514/514 513/513/513
f 517/517/517 513/513/513 516/516/516
f 520/520/520 519/519/519 518/518/518
f 523/523/523 522/522/522 521/521/521
f 522/522/522 523/523/523 524/524/524
f 521/521/521 526/526/526 525/525/525
f 527/527/527 521/521/521 525/525/525
f 530/530/530 529/529/529 528/528/528
f 529/529/529 532/532/532 531/531/531
f 535/535/535 534/534/534 533/533/533
f 536/536/536 535/535/535 533/533/533
f 537/537/537 533/533/533 534/534/534
f 538/538/538 537/537/537 534/534/534
f 535/535/535 536/536/536 539/539/539
f 536/536/536 540/540/540 539/539/539
f 543/543/543 542/542/542 541/541/541
f 544/544/544 543/543/543 541/541/541
f 544/544/544 541/541/541 545/545/545
f 541/541/541 546/546/546 545/545/545
f 547/547/547 542/542/542 543/543/543
f 548/548/548 547/547/547 543/543/543
f 551/551/551 550/550/550 549/549/549
f 554/554/554 553/553/553 552/552/552
f 557/557/557 556/556/556 555/555/555
f 560/560/560 559/559/559 558/558/558
f 558/558/558 561/561/561 560/560/560
f 558/558/558 562/562/562 561/561/561
f 565/565/565 564/564/564 563/563/563
f 568/568/568 567/567/567 566/566/566
f 571/571/571 570/570/570 569/569/569
f 574/574/574 573/573/573 572/572/572
f 577/577/577 576/576/576 575/575/575
f 578/578/578 577/577/577 575/575/575
f 581/581/581 580/580/580 579/579/579
f 582/582/582 581/581/581 579/579/579
f 585/585/585 584/584/584 583/583/583
f 586/586/586 585/585/585 583/583/583
f 589/589/589 588/588/588 587/587/587
f 590/590/590 589/589/589 587/587/587
f 593/593/593 592/592/592 591/591/591
f 596/596/596 595/595/595 594/594/594
f 599/599/599 598/598/598 597/597/597
f 602/602/602 601/601/601 600/600/600
f 605/605/605 604/604/604 603/603/603
f 608/608/608 607/607/607 606/606/606
f 610/610/610 608/608/608 609/609/609
f 611/611/611 610/610/610 609/609/609
f 613/613/613 612/612/612 607/607/607
f 616/616/616 615/615/615 614/614/614
f 618/618/618 614/614/614 617/617/617
f 621/621/621 620/620/620 619/619/619
f 624/624/624 623/623/623 622/622/622
f 623/623/623 624/624/624 625/625/625
f 622/622/622 627/627/627 626/626/626
f 628/628/628 622/622/622 626/626/626
f 631/631/631 630/630/630 629/629/629
f 630/630/630 633/633/633 632/632/632
f 636/636/636 635/635/635 634/634/634
f 637/637/637 636/636/636 634/634/634
f 638/638/638 634/634/634 635/635/635
f 639/639/639 638/638/638 635/635/635
f 636/636/636 637/637/637 640/640/640
f 637/637/637 641/641/641 640/640/640
f 644/644/644 643/643/643 642/642/642
f 645/645/645 644/644/644 642/642/642
f 645/645/645 642/642/642 646/646/646
f 642/642/642 647/647/647 646/646/646
f 648/648/648 643/643/643 644/644/644
f 649/649/649 648/648/648 644/644/644
f 652/652/652 651/651/651 650/650/650
f 655/655/655 654/654/654 653/653/653
f 658/658/658 657/657/657 656/656/656
f 661/661/661 660/660/660 659/659/659
f 659/659/659 662/662/662 661/661/661
f 659/659/659 663/663/663 662/662/662
f 666/666/666 665/665/665 664/664/664
f 669/669/669 668/668/668 667/667/667
f 672/672/672 671/671/671 670/670/670
f 675/675/675 674/674/674 673/673/673
f 678/678/678 677/677/677 676/676/676
f 679/679/679 678/678/678 676/676/676
f 682/682/682 681/681/681 680/680/680
f 683/683/683 682/682/682 680/680/680
f 686/686/686 685/685/685 684/684/684
f 687/687/687 686/686/686 684/684/684
f 690/690/690 689/689/689 688/688/688
f 691/691/691 690/690/690 688/688/688
f 694/694/694 693/693/693 692/692/692
f 695/695/695 694/694/694 692/692/692
f 698/698/698 697/697/697 696/696/696
f 699/699/699 698/698/698 696/696/696
f 702/702/702 701/701/701 700/700/700
f 703/703/703 702/702/702 700/700/700
f 706/706/706 705/705/705 704/704/704
f 707/707/707 706/706/706 704/704/704
f 710/710/710 709/709/709 708/708/708
f 713/713/713 712/712/712 711/711/711
f 716/716/716 715/715/715 714/714/714
f 719/719/719 718/718/718 717/717/717
f 722/722/722 721/721/721 720/720/720
f 723/723/723 722/722/722 720/720/720
f 724/724/724 721/721/721 722/722/722
f 723/723/723 720/720/720 725/725/725
f 720/720/720 726/726/726 725/725/725
f 724/724/724 728/728/728 727/727/727
f 728/728/728 729/729/729 727/727/727
f 730/730/730 727/727/727 729/729/729
f 731/731/731 730/730/730 729/729/729
f 734/734/734 733/733/733 732/732/732
f 737/737/737 736/736/736 735/735/735
f 737/737/737 738/738/738 736/736/736
f 741/741/741 740/740/740 739/739/739
f 744/744/744 743/743/743 742/742/742
f 747/747/747 746/746/746 745/745/745
f 750/750/750 749/749/749 748/748/748
f 753/753/753 752/752/752 751/751/751
f 753/753/753 754/754/754 752/752/752
f 757/757/757 756/756/756 755/755/755
f 760/760/760 759/759/759 758/758/758
f 763/763/763 762/762/762 761/761/761
f 766/766/766 765/765/765 764/764/764
f 767/767/767 766/766/766 764/764/764
f 766/766/766 767/767/767 768/768/768
f 767/767/767 769/769/769 768/768/768
f 770/770/770 768/768/768 769/769/769
f 771/771/771 770/770/770 769/769/769
f 770/770/770 771/771/771 772/772/772
f 771/771/771 773/773/773 772/772/772
f 774/774/774 764/764/764 765/765/765
f 775/775/775 774/774/774 765/765/765
f 778/778/778 777/777/777 776/776/776
f 779/779/779 778/778/778 776/776/776
f 777/777/777 778/778/778 780/780/780
f 778/778/778 781/781/781 780/780/780
f 782/782/782 779/779/779 776/776/776
f 785/785/785 784/784/784 783/783/783
f 786/786/786 785/785/785 783/783/783
f 785/785/785 786/786/786 787/787/787
f 790/790/790 789/789/789 788/788/788
f 793/793/793 792/792/792 791/791/791
f 796/796/796 795/795/795 794/794/794
f 797/797/797 796/796/796 794/794/794
f 796/796/796 797/797/797 798/798/798
f 797/797/797 799/799/799 798/798/798
f 800/800/800 798/798/798 799/799/799
f 801/801/801 800/800/800 799/799/799
f 800/800/800 801/801/801 802/802/802
f 801/801/801 803/803/803 802/802/802
f 804/804/804 794/794/794 795/795/795
f 805/805/805 804/804/804 795/795/795
f 808/808/808 807/807/807 806/806/806
f 811/811/811 810/810/810 809/809/809
f 814/814/814 813/813/813 812/812/812
f 815/815/815 814/814/814 812/812/812
f 818/818/818 817/817/817 816/816/816
f 821/821/821 820/820/820 819/819/819
f 822/822/822 821/821/821 819/819/819
f 825/825/825 824/824/824 823/823/823
f 826/826/826 825/825/825 823/823/823
f 829/829/829 828/828/828 827/827/827
f 830/830/830 829/829/829 827/827/827
f 833/833/833 832/832/832 831/831/831
f 834/834/834 833/833/833 831/831/831
f 837/837/837 836/836/836 835/835/835
f 838/838/838 837/837/837 835/835/835
f 841/841/841 840/840/840 839/839/839
f 842/842/842 841/841/841 839/839/839
f 845/845/845 844/844/844 843/843/843
f 848/848/848 847/847/847 846/846/846
f 851/851/851 850/850/850 849/849/849
f 854/854/854 853/853/853 852/852/852
f 857/857/857 856/856/856 855/855/855
f 860/860/860 859/859/859 858/858/858
f 863/863/863 862/862/862 861/861/861
f 866/866/866 865/865/865 864/864/864
f 869/869/869 868/868/868 867/867/867
f 872/872/872 871/871/871 870/870/870
f 873/873/873 872/872/872 870/870/870
f 876/876/876 875/875/875 874/874/874
f 877/877/877 876/876/876 874/874/874
f 880/880/880 879/879/879 878/878/878
f 881/881/881 880/880/880 878/878/878
f 884/884/884 883/883/883 882/882/882
f 885/885/885 884/884/884 882/882/882
f 888/888/888 887/887/887 886/886/886
f 889/889/889 888/888/888 886/886/886
f 892/892/892 891/891/891 890/890/890
f 893/893/893 892/892/892 890/890/890
f 896/896/896 895/895/895 894/894/894
f 897/897/897 896/896/896 894/894/894
f 900/900/900 899/899/899 898/898/898
f 901/901/901 900/900/900 898/898/898
f 904/904/904 903/903/903 902/902/902
f 905/905/905 904/904/904 902/902/902
f 908/908/908 907/907/907 906/906/906
f 909/909/909 908/908/908 906/906/906
f 912/912/912 911/911/911 910/910/910
f 913/913/913 912/912/912 910/910/910
f 916/916/916 915/915/915 914/914/914
f 917/917/917 916/916/916 914/914/914
f 920/920/920 919/919/919 918/918/918
f 923/923/923 922/922/922 921/921/921
f 924/924/924 923/923/923 921/921/921
f 927/927/927 926/926/926 925/925/925
f 928/928/928 927/927/927 925/925/925
f 931/931/931 930/930/930 929/929/929
f 932/932/932 931/931/931 929/929/929
f 935/935/935 934/934/934 933/933/933
f 938/938/938 937/937/937 936/936/936
f 941/941/941 940/940/940 939/939/939
f 944/944/944 943/943/943 942/942/942
f 945/945/945 944/944/944 942/942/942
f 948/948/948 947/947/947 946/946/946
f 949/949/949 948/948/948 946/946/946
f 952/952/952 951/951/951 950/950/950
f 955/955/955 954/954/954 953/953/953
f 958/958/958 957/957/957 956/956/956
f 959/959/959 958/958/958 956/956/956
f 962/962/962 961/961/961 960/960/960
f 963/963/963 962/962/962 960/960/960
f 966/966/966 965/965/965 964/964/964
f 967/967/967 966/966/966 964/964/964
f 970/970/970 969/969/969 968/968/968
f 971/971/971 970/970/970 968/968/968
f 974/974/974 973/973/973 972/972/972
f 977/977/977 976/976/976 975/975/975
f 980/980/980 979/979/979 978/978/978
f 981/981/981 980/980/980 978/978/978
f 984/984/984 983/983/983 982/982/982
f 985/985/985 984/984/984 982/982/982
f 988/988/988 987/987/987 986/986/986
f 989/989/989 988/988/988 986/986/986
f 992/992/992 991/991/991 990/990/990
f 993/993/993 992/992/992 990/990/990
f 996/996/996 995/995/995 994/994/994
f 997/997/997 996/996/996 994/994/994
f 1000/1000/1000 999/999/999 998/998/998
f 1001/1001/1001 1000/1000/1000 998/998/998
f 1004/1004/1004 1003/1003/1003 1002/1002/1002
f 1005/1005/1005 1004/1004/1004 1002/1002/1002
f 1008/1008/1008 1007/1007/1007 1006/1006/1006
f 1009/1009/1009 1008/1008/1008 1006/1006/1006
f 1012/1012/1012 1011/1011/1011 1010/1010/1010
f 1013/1013/1013 1012/1012/1012 1010/1010/1010
f 1016/1016/1016 1015/1015/1015 1014/1014/1014
f 1017/1017/1017 1016/1016/1016 1014/1014/1014
f 1020/1020/1020 1019/1019/1019 1018/1018/1018
f 1023/1023/1023 1022/1022/1022 1021/1021/1021
f 1026/1026/1026 1025/1025/1025 1024/1024/1024
f 1027/1027/1027 1026/1026/1026 1024/1024/1024
f 1030/1030/1030 1029/1029/1029 1028/1028/1028
f 1031/1031/1031 1030/1030/1030 1028/1028/1028
f 1034/1034/1034 1033/1033/1033 1032/1032/1032
f 1035/1035/1035 1034/1034/1034 1032/1032/1032
f 1038/1038/1038 1037/1037/1037 1036/1036/1036
f 1039/1039/1039 1038/1038/1038 1036/1036/1036
f 1042/1042/1042 1041/1041/1041 1040/1040/1040
f 1043/1043/1043 1042/1042/1042 1040/1040/1040
f 1046/1046/1046 1045/1045/1045 1044/1044/1044
f 1049/1049/1049 1048/1048/1048 1047/1047/1047
f 1052/1052/1052 1051/1051/1051 1050/1050/1050
f 1053/1053/1053 1052/1052/1052 1050/1050/1050
f 1056/1056/1056 1055/1055/1055 1054/1054/1054
f 1057/1057/1057 1056/1056/1056 1054/1054/1054
f 1060/1060/1060 1059/1059/1059 1058/1058/1058
f 1061/1061/1061 1060/1060/1060 1058/1058/1058
f 1064/1064/1064 1063/1063/1063 1062/1062/1062
f 1065/1065/1065 1064/1064/1064 1062/1062/1062
f 1068/1068/1068 1067/1067/1067 1066/1066/1066
f 1071/1071/1071 1070/1070/1070 1069/1069/1069
f 1074/1074/1074 1073/1073/1073 1072/1072/1072
f 1075/1075/1075 1074/1074/1074 1072/1072/1072
f 1078/1078/1078 1077/1077/1077 1076/1076/1076
f 1079/1079/1079 1078/1078/1078 1076/1076/1076
f 1082/1082/1082 1081/1081/1081 1080/1080/1080
f 1083/1083/1083 1082/1082/1082 1080/1080/1080
f 1086/1086/1086 1085/1085/1085 1084/1084/1084
f 1087/1087/1087 1086/1086/1086 1084/1084/1084
f 1090/1090/1090 1089/1089/1089 1088/1088/1088
f 1091/1091/1091 1090/1090/1090 1088/1088/1088
f 1094/1094/1094 1093/1093/1093 1092/1092/1092
f 1095/1095/1095 1094/1094/1094 1092/1092/1092
f 1098/1098/1098 1097/1097/1097 1096/1096/1096
f 1099/1099/1099 1098/1098/1098 1096/1096/1096
f 1102/1102/1102 1101/1101/1101 1100/1100/1100
f 1103/1103/1103 1102/1102/1102 1100/1100/1100
f 1106/1106/1106 1105/1105/1105 1104/1104/1104
f 1107/1107/1107 1106/1106/1106 1104/1104/1104
f 1110/1110/1110 1109/1109/1109 1108/1108/1108
f 1111/1111/1111 1110/1110/1110 1108/1108/1108
f 1114/1114/1114 1113/1113/1113 1112/1112/1112
f 1117/1117/1117 1116/1116/1116 1115/1115/1115
f 1120/1120/1120 1119/1119/1119 1118/1118/1118
f 1121/1121/1121 1120/1120/1120 1118/1118/1118
f 1124/1124/1124 1123/1123/1123 1122/1122/1122
f 1125/1125/1125 1124/1124/1124 1122/1122/1122
f 1128/1128/1128 1127/1127/1127 1126/1126/1126
f 1129/1129/1129 1128/1128/1128 1126/1126/1126
f 1132/1132/1132 1131/1131/1131 1130/1130/1130
f 1133/1133/1133 1132/1132/1132 1130/1130/1130
f 1136/1136/1136 1135/1135/1135 1134/1134/1134
f 1137/1137/1137 1136/1136/1136 1134/1134/1134
f 1140/1140/1140 1139/1139/1139 1138/1138/1138
f 1141/1141/1141 1140/1140/1140 1138/1138/1138
f 1144/1144/1144 1143/1143/1143 1142/1142/1142
f 1145/1145/1145 1144/1144/1144 1142/1142/1142
f 1148/1148/1148 1147/1147/1147 1146/1146/1146
f 1149/1149/1149 1148/1148/1148 1146/1146/1146
f 1152/1152/1152 1151/1151/1151 1150/1150/1150
f 1153/1153/1153 1152/1152/1152 1150/1150/1150
f 1156/1156/1156 1155/1155/1155 1154/1154/1154
f 1157/1157/1157 1156/1156/1156 1154/1154/1154
f 1160/1160/1160 1159/1159/1159 1158/1158/1158
f 1161/1161/1161 1160/1160/1160 1158/1158/1158
f 1164/1164/1164 1163/1163/1163 1162/1162/1162
f 1165/1165/1165 1164/1164/1164 1162/1162/1162
f 1168/1168/1168 1167/1167/1167 1166/1166/1166
f 1169/1169/1169 1168/1168/1168 1166/1166/1166
f 1172/1172/1172 1171/1171/1171 1170/1170/1170
f 1173/1173/1173 1172/1172/1172 1170/1170/1170
f 1176/1176/1176 1175/1175/1175 1174/1174/1174
f 1177/1177/1177 1176/1176/1176 1174/1174/1174
f 1180/1180/1180 1179/1179/1179 1178/1178/1178
f 1181/1181/1181 1180/1180/1180 1178/1178/1178
f 1184/1184/1184 1183/1183/1183 1182/1182/1182
f 1187/1187/1187 1186/1186/1186 1185/1185/1185
f 1190/1190/1190 1189/1189/1189 1188/1188/1188
f 1191/1191/1191 1190/1190/1190 1188/1188/1188
f 1194/1194/1194 1193/1193/1193 1192/1192/1192
f 1195/1195/1195 1194/1194/1194 1192/1192/1192
f 1198/1198/1198 1197/1197/1197 1196/1196/1196
f 1199/1199/1199 1198/1198/1198 1196/1196/1196
f 1202/1202/1202 1201/1201/1201 1200/1200/1200
f 1203/1203/1203 1202/1202/1202 1200/1200/1200
f 1206/1206/1206 1205/1205/1205 1204/1204/1204
f 1207/1207/1207 1206/1206/1206 1204/1204/1204
f 1210/1210/1210 1209/1209/1209 1208/1208/1208
f 1211/1211/1211 1210/1210/1210 1208/1208/1208
f 1214/1214/1214 1213/1213/1213 1212/1212/1212
f 1215/1215/1215 1214/1214/1214 1212/1212/1212
f 1218/1218/1218 1217/1217/1217 1216/1216/1216
f 1219/1219/1219 1218/1218/1218 1216/1216/1216
f 1222/1222/1222 1221/1221/1221 1220/1220/1220
f 1225/1225/1225 1224/1224/1224 1223/1223/1223
f 1226/1226/1226 1225/1225/1225 1223/1223/1223
f 1229/1229/1229 1228/1228/1228 1227/1227/1227
f 1230/1230/1230 1229/1229/1229 1227/1227/1227
f 1233/1233/1233 1232/1232/1232 1231/1231/1231
f 1234/1234/1234 1233/1233/1233 1231/1231/1231
f 1237/1237/1237 1236/1236/1236 1235/1235/1235
f 1238/1238/1238 1237/1237/1237 1235/1235/1235
f 1241/1241/1241 1240/1240/1240 1239/1239/1239
f 1242/1242/1242 1241/1241/1241 1239/1239/1239
