g PlateStack
v 0.07796822 0.02601824 -0.1882319
v 0.05948166 -0.001117627 -0.14360142
v 0.10990777 -0.001117627 -0.10990777
v 0.14406647 0.02601824 -0.14406647
v 0.14406647 0.02601824 -0.14406647
v 0.10990777 -0.001117627 -0.10990777
v 0.14360142 -0.001117627 -0.05948166
v 0.1882319 0.02601824 -0.07796821
v 0.1882319 0.02601824 -0.07796821
v 0.14360142 -0.001117627 -0.05948166
v 0.15543306 -0.001117627 -8.014284E-09
v 0.20374076 0.02601824 -1.5382E-08
v 0.20374076 0.02601824 -1.5382E-08
v 0.15543306 -0.001117627 -8.014284E-09
v 0.14360143 -0.001117627 0.05948163
v 0.18823192 0.02601824 0.07796817
v 0.18823192 0.02601824 0.07796817
v 0.14360143 -0.001117627 0.05948163
v 0.10990777 -0.001117627 0.10990777
v 0.14406647 0.02601824 0.14406647
v 0.14406647 0.02601824 0.14406647
v 0.10990777 -0.001117627 0.10990777
v 0.05948163 -0.001117627 0.14360143
v 0.07796817 0.02601824 0.18823192
v 0.07796817 0.02601824 0.18823192
v 0.05948163 -0.001117627 0.14360143
v -5.425866E-08 -0.001117627 0.15543306
v -6.6387166E-08 0.02601824 0.20374076
v -6.6387166E-08 0.02601824 0.20374076
v -5.425866E-08 -0.001117627 0.15543306
v -0.05948173 -0.001117627 0.1436014
v -0.07796831 0.02601824 0.18823187
v -0.07796831 0.02601824 0.18823187
v -0.05948173 -0.001117627 0.1436014
v -0.10990784 -0.001117627 0.10990771
v -0.14406657 0.02601824 0.1440664
v -0.14406657 0.02601824 0.1440664
v -0.10990784 -0.001117627 0.10990771
v -0.14360146 -0.001117627 0.059481543
v -0.18823197 0.02601824 0.07796806
v -0.18823197 0.02601824 0.07796806
v -0.14360146 -0.001117627 0.059481543
v -0.15543307 -0.001117627 -1.5252562E-07
v -0.20374076 0.02601824 -1.967319E-07
v -0.20374076 0.02601824 -1.967319E-07
v -0.15543307 -0.001117627 -1.5252562E-07
v -0.14360136 -0.001117627 -0.05948182
v -0.18823183 0.02601824 -0.077968426
v -0.18823183 0.02601824 -0.077968426
v -0.14360136 -0.001117627 -0.05948182
v -0.109907635 -0.001117627 -0.10990791
v -0.14406629 0.02601824 -0.14406665
v -0.14406629 0.02601824 -0.14406665
v -0.109907635 -0.001117627 -0.10990791
v -0.05948145 -0.001117627 -0.1436015
v -0.077967934 0.02601824 -0.18823203
v -0.077967934 0.02601824 -0.18823203
v -0.05948145 -0.001117627 -0.1436015
v -2.1026219E-08 -0.001117627 -0.15543307
v -0 0.02601824 -0.20374076
v -0.14406657 0.02601824 0.1440664
v -0.1282707 0.02601824 0.12827054
v -0.06941964 0.02601824 0.16759358
v -0.07796831 0.02601824 0.18823187
v -0.18823197 0.02601824 0.07796806
v -0.1675937 0.02601824 0.06941942
v -0.18140204 0.02601824 -1.8152784E-07
v -0.20374076 0.02601824 -1.967319E-07
v -0.18823183 0.02601824 -0.077968426
v -0.16759355 0.02601824 -0.06941976
v -0.12827046 0.02601824 -0.12827079
v -0.14406629 0.02601824 -0.14406665
v -0.077967934 0.02601824 -0.18823203
v -0.06941931 0.02601824 -0.16759375
v -5.6455715E-08 0.02601824 0.18140203
v -6.6387166E-08 0.02601824 0.20374076
v 0.06941953 0.02601824 0.16759364
v 0.07796817 0.02601824 0.18823192
v 0.12827063 0.02601824 0.12827061
v 0.14406647 0.02601824 0.14406647
v 0.16759364 0.02601824 0.069419526
v 0.18823192 0.02601824 0.07796817
v 0.20374076 0.02601824 -1.5382E-08
v 0.18140204 0.02601824 -2.006166E-08
v 0.16759364 0.02601824 -0.06941956
v 0.1882319 0.02601824 -0.07796821
v 0.14406647 0.02601824 -0.14406647
v 0.12827063 0.02601824 -0.12827063
v 0.06941956 0.02601824 -0.16759364
v 0.07796822 0.02601824 -0.1882319
v -0 0.02601824 -0.20374076
v 2.6525784E-09 0.02601824 -0.18140204
v 0.05948166 -0.001117627 -0.14360142
v -2.1026219E-08 -0.001117627 -0.15543307
v -0.05948145 -0.001117627 -0.1436015
v -0.109907635 -0.001117627 -0.10990791
v 0.10990777 -0.001117627 -0.10990777
v -0.14360136 -0.001117627 -0.05948182
v 0.14360142 -0.001117627 -0.05948166
v -0.15543307 -0.001117627 -1.5252562E-07
v 0.15543306 -0.001117627 -8.014284E-09
v -0.14360146 -0.001117627 0.059481543
v 0.14360143 -0.001117627 0.05948163
v -0.10990784 -0.001117627 0.10990771
v 0.10990777 -0.001117627 0.10990777
v -0.05948173 -0.001117627 0.1436014
v 0.05948163 -0.001117627 0.14360143
v -5.425866E-08 -0.001117627 0.15543306
v -0.16759355 0.02601824 -0.06941976
v -0.12827046 0.02601824 -0.12827079
v -0.084366366 0.007591246 -0.08436663
v -0.11023008 0.007591246 -0.045658965
v 0.06941956 0.02601824 -0.16759364
v 0.045658827 0.007591246 -0.110230155
v 7.265119E-09 0.007591246 -0.119312264
v 2.6525784E-09 0.02601824 -0.18140204
v -0.045658644 0.007591246 -0.11023022
v 7.265119E-09 0.007591246 -0.119312264
v 0.045658827 0.007591246 -0.110230155
v -0.084366366 0.007591246 -0.08436663
v 0.08436651 0.007591246 -0.08436652
v -0.11023008 0.007591246 -0.045658965
v 0.11023014 0.007591246 -0.04565884
v -0.119312234 0.007591246 -1.4147682E-07
v 0.119312234 0.007591246 -3.5276845E-08
v -0.110230155 0.007591246 0.0456587
v 0.11023014 0.007591246 0.045658775
v -0.08436653 0.007591246 0.0843664
v 0.08436651 0.007591246 0.08436646
v -0.045658864 0.007591246 0.11023009
v 0.0456588 0.007591246 0.11023012
v -3.1611748E-08 0.007591246 0.119312204
v -5.6455715E-08 0.02601824 0.18140203
v -3.1611748E-08 0.007591246 0.119312204
v 0.0456588 0.007591246 0.11023012
v 0.06941953 0.02601824 0.16759364
v -0.06941931 0.02601824 -0.16759375
v -0.045658644 0.007591246 -0.11023022
v -0.084366366 0.007591246 -0.08436663
v -0.12827046 0.02601824 -0.12827079
v 0.12827063 0.02601824 -0.12827063
v 0.08436651 0.007591246 -0.08436652
v 0.045658827 0.007591246 -0.110230155
v 0.06941956 0.02601824 -0.16759364
v -0.06941964 0.02601824 0.16759358
v -0.045658864 0.007591246 0.11023009
v -3.1611748E-08 0.007591246 0.119312204
v -5.6455715E-08 0.02601824 0.18140203
v 2.6525784E-09 0.02601824 -0.18140204
v 7.265119E-09 0.007591246 -0.119312264
v -0.045658644 0.007591246 -0.11023022
v -0.06941931 0.02601824 -0.16759375
v 0.16759364 0.02601824 -0.06941956
v 0.11023014 0.007591246 -0.04565884
v 0.08436651 0.007591246 -0.08436652
v 0.12827063 0.02601824 -0.12827063
v -0.1282707 0.02601824 0.12827054
v -0.08436653 0.007591246 0.0843664
v -0.045658864 0.007591246 0.11023009
v -0.06941964 0.02601824 0.16759358
v 0.18140204 0.02601824 -2.006166E-08
v 0.119312234 0.007591246 -3.5276845E-08
v 0.11023014 0.007591246 -0.04565884
v 0.16759364 0.02601824 -0.06941956
v -0.1675937 0.02601824 0.06941942
v -0.110230155 0.007591246 0.0456587
v -0.08436653 0.007591246 0.0843664
v -0.1282707 0.02601824 0.12827054
v 0.16759364 0.02601824 0.069419526
v 0.11023014 0.007591246 0.045658775
v 0.119312234 0.007591246 -3.5276845E-08
v 0.18140204 0.02601824 -2.006166E-08
v -0.18140204 0.02601824 -1.8152784E-07
v -0.119312234 0.007591246 -1.4147682E-07
v -0.110230155 0.007591246 0.0456587
v -0.1675937 0.02601824 0.06941942
v 0.12827063 0.02601824 0.12827061
v 0.08436651 0.007591246 0.08436646
v 0.11023014 0.007591246 0.045658775
v 0.16759364 0.02601824 0.069419526
v -0.16759355 0.02601824 -0.06941976
v -0.11023008 0.007591246 -0.045658965
v -0.119312234 0.007591246 -1.4147682E-07
v -0.18140204 0.02601824 -1.8152784E-07
v 0.06941953 0.02601824 0.16759364
v 0.0456588 0.007591246 0.11023012
v 0.08436651 0.007591246 0.08436646
v 0.12827063 0.02601824 0.12827061
v -0 0.02601824 -0.20374076
v -2.1026219E-08 -0.001117627 -0.15543307
v 0.05948166 -0.001117627 -0.14360142
v 0.07796822 0.02601824 -0.1882319
v 0.07796834 0.09733329 -0.1882319
v 0.059481777 0.070197426 -0.14360142
v 0.10990788 0.070197426 -0.10990777
v 0.14406659 0.09733329 -0.14406647
v 0.14406659 0.09733329 -0.14406647
v 0.10990788 0.070197426 -0.10990777
v 0.14360152 0.070197426 -0.05948166
v 0.18823203 0.09733329 -0.07796821
v 0.18823203 0.09733329 -0.07796821
v 0.14360152 0.070197426 -0.05948166
v 0.15543318 0.070197426 -8.014284E-09
v 0.20374088 0.09733329 -1.5382E-08
v 0.20374088 0.09733329 -1.5382E-08
v 0.15543318 0.070197426 -8.014284E-09
v 0.14360155 0.070197426 0.05948163
v 0.18823203 0.09733329 0.07796817
v 0.18823203 0.09733329 0.07796817
v 0.14360155 0.070197426 0.05948163
v 0.10990788 0.070197426 0.10990777
v 0.14406659 0.09733329 0.14406647
v 0.14406659 0.09733329 0.14406647
v 0.10990788 0.070197426 0.10990777
v 0.05948175 0.070197426 0.14360143
v 0.0779683 0.09733329 0.18823192
v 0.0779683 0.09733329 0.18823192
v 0.05948175 0.070197426 0.14360143
v 6.726676E-08 0.070197426 0.15543306
v 5.5858095E-08 0.09733329 0.20374076
v 5.5858095E-08 0.09733329 0.20374076
v 6.726676E-08 0.070197426 0.15543306
v -0.059481606 0.070197426 0.1436014
v -0.07796819 0.09733329 0.18823187
v -0.07796819 0.09733329 0.18823187
v -0.059481606 0.070197426 0.1436014
v -0.10990773 0.070197426 0.10990771
v -0.14406644 0.09733329 0.1440664
v -0.14406644 0.09733329 0.1440664
v -0.10990773 0.070197426 0.10990771
v -0.14360134 0.070197426 0.059481543
v -0.18823187 0.09733329 0.07796806
v -0.18823187 0.09733329 0.07796806
v -0.14360134 0.070197426 0.059481543
v -0.15543295 0.070197426 -1.5252562E-07
v -0.20374063 0.09733329 -1.967319E-07
v -0.20374063 0.09733329 -1.967319E-07
v -0.15543295 0.070197426 -1.5252562E-07
v -0.14360124 0.070197426 -0.05948182
v -0.18823169 0.09733329 -0.077968426
v -0.18823169 0.09733329 -0.077968426
v -0.14360124 0.070197426 -0.05948182
v -0.10990751 0.070197426 -0.10990791
v -0.14406617 0.09733329 -0.14406665
v -0.14406617 0.09733329 -0.14406665
v -0.10990751 0.070197426 -0.10990791
v -0.059481334 0.070197426 -0.1436015
v -0.07796782 0.09733329 -0.18823203
v -0.07796782 0.09733329 -0.18823203
v -0.059481334 0.070197426 -0.1436015
v 9.586693E-08 0.070197426 -0.15543307
v 1.1617331E-07 0.09733329 -0.20374076
v -0.14406644 0.09733329 0.1440664
v -0.12827058 0.09733329 0.12827054
v -0.06941952 0.09733329 0.16759358
v -0.07796819 0.09733329 0.18823187
v -0.18823187 0.09733329 0.07796806
v -0.16759357 0.09733329 0.06941942
v -0.18140194 0.09733329 -1.8152784E-07
v -0.20374063 0.09733329 -1.967319E-07
v -0.18823169 0.09733329 -0.077968426
v -0.16759343 0.09733329 -0.06941976
v -0.12827034 0.09733329 -0.12827079
v -0.14406617 0.09733329 -0.14406665
v -0.07796782 0.09733329 -0.18823203
v -0.06941919 0.09733329 -0.16759375
v 6.5456675E-08 0.09733329 0.18140203
v 5.5858095E-08 0.09733329 0.20374076
v 0.06941965 0.09733329 0.16759364
v 0.0779683 0.09733329 0.18823192
v 0.12827073 0.09733329 0.12827061
v 0.14406659 0.09733329 0.14406647
v 0.16759378 0.09733329 0.069419526
v 0.18823203 0.09733329 0.07796817
v 0.20374088 0.09733329 -1.5382E-08
v 0.18140216 0.09733329 -2.006166E-08
v 0.16759376 0.09733329 -0.06941956
v 0.18823203 0.09733329 -0.07796821
v 0.14406659 0.09733329 -0.14406647
v 0.12827073 0.09733329 -0.12827063
v 0.069419675 0.09733329 -0.16759364
v 0.07796834 0.09733329 -0.1882319
v 1.1617331E-07 0.09733329 -0.20374076
v 1.1915876E-07 0.09733329 -0.18140204
v 0.059481777 0.070197426 -0.14360142
v 9.586693E-08 0.070197426 -0.15543307
v -0.059481334 0.070197426 -0.1436015
v -0.10990751 0.070197426 -0.10990791
v 0.10990788 0.070197426 -0.10990777
v -0.14360124 0.070197426 -0.05948182
v 0.14360152 0.070197426 -0.05948166
v -0.15543295 0.070197426 -1.5252562E-07
v 0.15543318 0.070197426 -8.014284E-09
v -0.14360134 0.070197426 0.059481543
v 0.14360155 0.070197426 0.05948163
v -0.10990773 0.070197426 0.10990771
v 0.10990788 0.070197426 0.10990777
v -0.059481606 0.070197426 0.1436014
v 0.05948175 0.070197426 0.14360143
v 6.726676E-08 0.070197426 0.15543306
v -0.16759343 0.09733329 -0.06941976
v -0.12827034 0.09733329 -0.12827079
v -0.084366255 0.0789063 -0.08436663
v -0.110229954 0.0789063 -0.045658965
v 0.069419675 0.09733329 -0.16759364
v 0.045658946 0.0789063 -0.110230155
v 1.2469651E-07 0.0789063 -0.119312264
v 1.1915876E-07 0.09733329 -0.18140204
v -0.04565853 0.0789063 -0.11023022
v 1.2469651E-07 0.0789063 -0.119312264
v 0.045658946 0.0789063 -0.110230155
v -0.084366255 0.0789063 -0.08436663
v 0.08436663 0.0789063 -0.08436652
v -0.110229954 0.0789063 -0.045658965
v 0.11023025 0.0789063 -0.04565884
v -0.119312115 0.0789063 -1.4147682E-07
v 0.11931236 0.0789063 -3.5276845E-08
v -0.11023004 0.0789063 0.0456587
v 0.11023025 0.0789063 0.045658775
v -0.0843664 0.0789063 0.0843664
v 0.08436663 0.0789063 0.08436646
v -0.045658745 0.0789063 0.11023009
v 0.04565892 0.0789063 0.11023012
v 8.937543E-08 0.0789063 0.119312204
v 6.5456675E-08 0.09733329 0.18140203
v 8.937543E-08 0.0789063 0.119312204
v 0.04565892 0.0789063 0.11023012
v 0.06941965 0.09733329 0.16759364
v -0.06941919 0.09733329 -0.16759375
v -0.04565853 0.0789063 -0.11023022
v -0.084366255 0.0789063 -0.08436663
v -0.12827034 0.09733329 -0.12827079
v 0.12827073 0.09733329 -0.12827063
v 0.08436663 0.0789063 -0.08436652
v 0.045658946 0.0789063 -0.110230155
v 0.069419675 0.09733329 -0.16759364
v -0.06941952 0.09733329 0.16759358
v -0.045658745 0.0789063 0.11023009
v 8.937543E-08 0.0789063 0.119312204
v 6.5456675E-08 0.09733329 0.18140203
v 1.1915876E-07 0.09733329 -0.18140204
v 1.2469651E-07 0.0789063 -0.119312264
v -0.04565853 0.0789063 -0.11023022
v -0.06941919 0.09733329 -0.16759375
v 0.16759376 0.09733329 -0.06941956
v 0.11023025 0.0789063 -0.04565884
v 0.08436663 0.0789063 -0.08436652
v 0.12827073 0.09733329 -0.12827063
v -0.12827058 0.09733329 0.12827054
v -0.0843664 0.0789063 0.0843664
v -0.045658745 0.0789063 0.11023009
v -0.06941952 0.09733329 0.16759358
v 0.18140216 0.09733329 -2.006166E-08
v 0.11931236 0.0789063 -3.5276845E-08
v 0.11023025 0.0789063 -0.04565884
v 0.16759376 0.09733329 -0.06941956
v -0.16759357 0.09733329 0.06941942
v -0.11023004 0.0789063 0.0456587
v -0.0843664 0.0789063 0.0843664
v -0.12827058 0.09733329 0.12827054
v 0.16759378 0.09733329 0.069419526
v 0.11023025 0.0789063 0.045658775
v 0.11931236 0.0789063 -3.5276845E-08
v 0.18140216 0.09733329 -2.006166E-08
v -0.18140194 0.09733329 -1.8152784E-07
v -0.119312115 0.0789063 -1.4147682E-07
v -0.11023004 0.0789063 0.0456587
v -0.16759357 0.09733329 0.06941942
v 0.12827073 0.09733329 0.12827061
v 0.08436663 0.0789063 0.08436646
v 0.11023025 0.0789063 0.045658775
v 0.16759378 0.09733329 0.069419526
v -0.16759343 0.09733329 -0.06941976
v -0.110229954 0.0789063 -0.045658965
v -0.119312115 0.0789063 -1.4147682E-07
v -0.18140194 0.09733329 -1.8152784E-07
v 0.06941965 0.09733329 0.16759364
v 0.04565892 0.0789063 0.11023012
v 0.08436663 0.0789063 0.08436646
v 0.12827073 0.09733329 0.12827061
v 1.1617331E-07 0.09733329 -0.20374076
v 9.586693E-08 0.070197426 -0.15543307
v 0.059481777 0.070197426 -0.14360142
v 0.07796834 0.09733329 -0.1882319
v 0.07796834 0.08224604 -0.1882319
v 0.059481777 0.05511017 -0.14360142
v 0.10990788 0.05511017 -0.10990777
v 0.14406659 0.08224604 -0.14406647
v 0.14406659 0.08224604 -0.14406647
v 0.10990788 0.05511017 -0.10990777
v 0.14360152 0.05511017 -0.05948166
v 0.18823203 0.08224604 -0.07796821
v 0.18823203 0.08224604 -0.07796821
v 0.14360152 0.05511017 -0.05948166
v 0.15543318 0.05511017 -8.014284E-09
v 0.20374088 0.08224604 -1.5382E-08
v 0.20374088 0.08224604 -1.5382E-08
v 0.15543318 0.05511017 -8.014284E-09
v 0.14360155 0.05511017 0.05948163
v 0.18823203 0.08224604 0.07796817
v 0.18823203 0.08224604 0.07796817
v 0.14360155 0.05511017 0.05948163
v 0.10990788 0.05511017 0.10990777
v 0.14406659 0.08224604 0.14406647
v 0.14406659 0.08224604 0.14406647
v 0.10990788 0.05511017 0.10990777
v 0.05948175 0.05511017 0.14360143
v 0.0779683 0.08224604 0.18823192
v 0.0779683 0.08224604 0.18823192
v 0.05948175 0.05511017 0.14360143
v 6.726676E-08 0.05511017 0.15543306
v 5.5858095E-08 0.08224604 0.20374076
v 5.5858095E-08 0.08224604 0.20374076
v 6.726676E-08 0.05511017 0.15543306
v -0.059481606 0.05511017 0.1436014
v -0.07796819 0.08224604 0.18823187
v -0.07796819 0.08224604 0.18823187
v -0.059481606 0.05511017 0.1436014
v -0.10990773 0.05511017 0.10990771
v -0.14406644 0.08224604 0.1440664
v -0.14406644 0.08224604 0.1440664
v -0.10990773 0.05511017 0.10990771
v -0.14360134 0.05511017 0.059481543
v -0.18823187 0.08224604 0.07796806
v -0.18823187 0.08224604 0.07796806
v -0.14360134 0.05511017 0.059481543
v -0.15543295 0.05511017 -1.5252562E-07
v -0.20374063 0.08224604 -1.967319E-07
v -0.20374063 0.08224604 -1.967319E-07
v -0.15543295 0.05511017 -1.5252562E-07
v -0.14360124 0.05511017 -0.05948182
v -0.18823169 0.08224604 -0.077968426
v -0.18823169 0.08224604 -0.077968426
v -0.14360124 0.05511017 -0.05948182
v -0.10990751 0.05511017 -0.10990791
v -0.14406617 0.08224604 -0.14406665
v -0.14406617 0.08224604 -0.14406665
v -0.10990751 0.05511017 -0.10990791
v -0.059481334 0.05511017 -0.1436015
v -0.07796782 0.08224604 -0.18823203
v -0.07796782 0.08224604 -0.18823203
v -0.059481334 0.05511017 -0.1436015
v 9.586693E-08 0.05511017 -0.15543307
v 1.1617331E-07 0.08224604 -0.20374076
v -0.14406644 0.08224604 0.1440664
v -0.12827058 0.08224604 0.12827054
v -0.06941952 0.08224604 0.16759358
v -0.07796819 0.08224604 0.18823187
v -0.18823187 0.08224604 0.07796806
v -0.16759357 0.08224604 0.06941942
v -0.18140194 0.08224604 -1.8152784E-07
v -0.20374063 0.08224604 -1.967319E-07
v -0.18823169 0.08224604 -0.077968426
v -0.16759343 0.08224604 -0.06941976
v -0.12827034 0.08224604 -0.12827079
v -0.14406617 0.08224604 -0.14406665
v -0.07796782 0.08224604 -0.18823203
v -0.06941919 0.08224604 -0.16759375
v 6.5456675E-08 0.08224604 0.18140203
v 5.5858095E-08 0.08224604 0.20374076
v 0.06941965 0.08224604 0.16759364
v 0.0779683 0.08224604 0.18823192
v 0.12827073 0.08224604 0.12827061
v 0.14406659 0.08224604 0.14406647
v 0.16759378 0.08224604 0.069419526
v 0.18823203 0.08224604 0.07796817
v 0.20374088 0.08224604 -1.5382E-08
v 0.18140216 0.08224604 -2.006166E-08
v 0.16759376 0.08224604 -0.06941956
v 0.18823203 0.08224604 -0.07796821
v 0.14406659 0.08224604 -0.14406647
v 0.12827073 0.08224604 -0.12827063
v 0.069419675 0.08224604 -0.16759364
v 0.07796834 0.08224604 -0.1882319
v 1.1617331E-07 0.08224604 -0.20374076
v 1.1915876E-07 0.08224604 -0.18140204
v 0.059481777 0.05511017 -0.14360142
v 9.586693E-08 0.05511017 -0.15543307
v -0.059481334 0.05511017 -0.1436015
v -0.10990751 0.05511017 -0.10990791
v 0.10990788 0.05511017 -0.10990777
v -0.14360124 0.05511017 -0.05948182
v 0.14360152 0.05511017 -0.05948166
v -0.15543295 0.05511017 -1.5252562E-07
v 0.15543318 0.05511017 -8.014284E-09
v -0.14360134 0.05511017 0.059481543
v 0.14360155 0.05511017 0.05948163
v -0.10990773 0.05511017 0.10990771
v 0.10990788 0.05511017 0.10990777
v -0.059481606 0.05511017 0.1436014
v 0.05948175 0.05511017 0.14360143
v 6.726676E-08 0.05511017 0.15543306
v -0.16759343 0.08224604 -0.06941976
v -0.12827034 0.08224604 -0.12827079
v -0.084366255 0.06381905 -0.08436663
v -0.110229954 0.06381905 -0.045658965
v 0.069419675 0.08224604 -0.16759364
v 0.045658946 0.06381905 -0.110230155
v 1.2469651E-07 0.06381905 -0.119312264
v 1.1915876E-07 0.08224604 -0.18140204
v -0.04565853 0.06381905 -0.11023022
v 1.2469651E-07 0.06381905 -0.119312264
v 0.045658946 0.06381905 -0.110230155
v -0.084366255 0.06381905 -0.08436663
v 0.08436663 0.06381905 -0.08436652
v -0.110229954 0.06381905 -0.045658965
v 0.11023025 0.06381905 -0.04565884
v -0.119312115 0.06381905 -1.4147682E-07
v 0.11931236 0.06381905 -3.5276845E-08
v -0.11023004 0.06381905 0.0456587
v 0.11023025 0.06381905 0.045658775
v -0.0843664 0.06381905 0.0843664
v 0.08436663 0.06381905 0.08436646
v -0.045658745 0.06381905 0.11023009
v 0.04565892 0.06381905 0.11023012
v 8.937543E-08 0.06381905 0.119312204
v 6.5456675E-08 0.08224604 0.18140203
v 8.937543E-08 0.06381905 0.119312204
v 0.04565892 0.06381905 0.11023012
v 0.06941965 0.08224604 0.16759364
v -0.06941919 0.08224604 -0.16759375
v -0.04565853 0.06381905 -0.11023022
v -0.084366255 0.06381905 -0.08436663
v -0.12827034 0.08224604 -0.12827079
v 0.12827073 0.08224604 -0.12827063
v 0.08436663 0.06381905 -0.08436652
v 0.045658946 0.06381905 -0.110230155
v 0.069419675 0.08224604 -0.16759364
v -0.06941952 0.08224604 0.16759358
v -0.045658745 0.06381905 0.11023009
v 8.937543E-08 0.06381905 0.119312204
v 6.5456675E-08 0.08224604 0.18140203
v 1.1915876E-07 0.08224604 -0.18140204
v 1.2469651E-07 0.06381905 -0.119312264
v -0.04565853 0.06381905 -0.11023022
v -0.06941919 0.08224604 -0.16759375
v 0.16759376 0.08224604 -0.06941956
v 0.11023025 0.06381905 -0.04565884
v 0.08436663 0.06381905 -0.08436652
v 0.12827073 0.08224604 -0.12827063
v -0.12827058 0.08224604 0.12827054
v -0.0843664 0.06381905 0.0843664
v -0.045658745 0.06381905 0.11023009
v -0.06941952 0.08224604 0.16759358
v 0.18140216 0.08224604 -2.006166E-08
v 0.11931236 0.06381905 -3.5276845E-08
v 0.11023025 0.06381905 -0.04565884
v 0.16759376 0.08224604 -0.06941956
v -0.16759357 0.08224604 0.06941942
v -0.11023004 0.06381905 0.0456587
v -0.0843664 0.06381905 0.0843664
v -0.12827058 0.08224604 0.12827054
v 0.16759378 0.08224604 0.069419526
v 0.11023025 0.06381905 0.045658775
v 0.11931236 0.06381905 -3.5276845E-08
v 0.18140216 0.08224604 -2.006166E-08
v -0.18140194 0.08224604 -1.8152784E-07
v -0.119312115 0.06381905 -1.4147682E-07
v -0.11023004 0.06381905 0.0456587
v -0.16759357 0.08224604 0.06941942
v 0.12827073 0.08224604 0.12827061
v 0.08436663 0.06381905 0.08436646
v 0.11023025 0.06381905 0.045658775
v 0.16759378 0.08224604 0.069419526
v -0.16759343 0.08224604 -0.06941976
v -0.110229954 0.06381905 -0.045658965
v -0.119312115 0.06381905 -1.4147682E-07
v -0.18140194 0.08224604 -1.8152784E-07
v 0.06941965 0.08224604 0.16759364
v 0.04565892 0.06381905 0.11023012
v 0.08436663 0.06381905 0.08436646
v 0.12827073 0.08224604 0.12827061
v 1.1617331E-07 0.08224604 -0.20374076
v 9.586693E-08 0.05511017 -0.15543307
v 0.059481777 0.05511017 -0.14360142
v 0.07796834 0.08224604 -0.1882319
v 0.07796834 0.06787751 -0.1882319
v 0.059481777 0.040741637 -0.14360142
v 0.10990788 0.040741637 -0.10990777
v 0.14406659 0.06787751 -0.14406647
v 0.14406659 0.06787751 -0.14406647
v 0.10990788 0.040741637 -0.10990777
v 0.14360152 0.040741637 -0.05948166
v 0.18823203 0.06787751 -0.07796821
v 0.18823203 0.06787751 -0.07796821
v 0.14360152 0.040741637 -0.05948166
v 0.15543318 0.040741637 -8.014284E-09
v 0.20374088 0.06787751 -1.5382E-08
v 0.20374088 0.06787751 -1.5382E-08
v 0.15543318 0.040741637 -8.014284E-09
v 0.14360155 0.040741637 0.05948163
v 0.18823203 0.06787751 0.07796817
v 0.18823203 0.06787751 0.07796817
v 0.14360155 0.040741637 0.05948163
v 0.10990788 0.040741637 0.10990777
v 0.14406659 0.06787751 0.14406647
v 0.14406659 0.06787751 0.14406647
v 0.10990788 0.040741637 0.10990777
v 0.05948175 0.040741637 0.14360143
v 0.0779683 0.06787751 0.18823192
v 0.0779683 0.06787751 0.18823192
v 0.05948175 0.040741637 0.14360143
v 6.726676E-08 0.040741637 0.15543306
v 5.5858095E-08 0.06787751 0.20374076
v 5.5858095E-08 0.06787751 0.20374076
v 6.726676E-08 0.040741637 0.15543306
v -0.059481606 0.040741637 0.1436014
v -0.07796819 0.06787751 0.18823187
v -0.07796819 0.06787751 0.18823187
v -0.059481606 0.040741637 0.1436014
v -0.10990773 0.040741637 0.10990771
v -0.14406644 0.06787751 0.1440664
v -0.14406644 0.06787751 0.1440664
v -0.10990773 0.040741637 0.10990771
v -0.14360134 0.040741637 0.059481543
v -0.18823187 0.06787751 0.07796806
v -0.18823187 0.06787751 0.07796806
v -0.14360134 0.040741637 0.059481543
v -0.15543295 0.040741637 -1.5252562E-07
v -0.20374063 0.06787751 -1.967319E-07
v -0.20374063 0.06787751 -1.967319E-07
v -0.15543295 0.040741637 -1.5252562E-07
v -0.14360124 0.040741637 -0.05948182
v -0.18823169 0.06787751 -0.077968426
v -0.18823169 0.06787751 -0.077968426
v -0.14360124 0.040741637 -0.05948182
v -0.10990751 0.040741637 -0.10990791
v -0.14406617 0.06787751 -0.14406665
v -0.14406617 0.06787751 -0.14406665
v -0.10990751 0.040741637 -0.10990791
v -0.059481334 0.040741637 -0.1436015
v -0.07796782 0.06787751 -0.18823203
v -0.07796782 0.06787751 -0.18823203
v -0.059481334 0.040741637 -0.1436015
v 9.586693E-08 0.040741637 -0.15543307
v 1.1617331E-07 0.06787751 -0.20374076
v -0.14406644 0.06787751 0.1440664
v -0.12827058 0.06787751 0.12827054
v -0.06941952 0.06787751 0.16759358
v -0.07796819 0.06787751 0.18823187
v -0.18823187 0.06787751 0.07796806
v -0.16759357 0.06787751 0.06941942
v -0.18140194 0.06787751 -1.8152784E-07
v -0.20374063 0.06787751 -1.967319E-07
v -0.18823169 0.06787751 -0.077968426
v -0.16759343 0.06787751 -0.06941976
v -0.12827034 0.06787751 -0.12827079
v -0.14406617 0.06787751 -0.14406665
v -0.07796782 0.06787751 -0.18823203
v -0.06941919 0.06787751 -0.16759375
v 6.5456675E-08 0.06787751 0.18140203
v 5.5858095E-08 0.06787751 0.20374076
v 0.06941965 0.06787751 0.16759364
v 0.0779683 0.06787751 0.18823192
v 0.12827073 0.06787751 0.12827061
v 0.14406659 0.06787751 0.14406647
v 0.16759378 0.06787751 0.069419526
v 0.18823203 0.06787751 0.07796817
v 0.20374088 0.06787751 -1.5382E-08
v 0.18140216 0.06787751 -2.006166E-08
v 0.16759376 0.06787751 -0.06941956
v 0.18823203 0.06787751 -0.07796821
v 0.14406659 0.06787751 -0.14406647
v 0.12827073 0.06787751 -0.12827063
v 0.069419675 0.06787751 -0.16759364
v 0.07796834 0.06787751 -0.1882319
v 1.1617331E-07 0.06787751 -0.20374076
v 1.1915876E-07 0.06787751 -0.18140204
v 0.059481777 0.040741637 -0.14360142
v 9.586693E-08 0.040741637 -0.15543307
v -0.059481334 0.040741637 -0.1436015
v -0.10990751 0.040741637 -0.10990791
v 0.10990788 0.040741637 -0.10990777
v -0.14360124 0.040741637 -0.05948182
v 0.14360152 0.040741637 -0.05948166
v -0.15543295 0.040741637 -1.5252562E-07
v 0.15543318 0.040741637 -8.014284E-09
v -0.14360134 0.040741637 0.059481543
v 0.14360155 0.040741637 0.05948163
v -0.10990773 0.040741637 0.10990771
v 0.10990788 0.040741637 0.10990777
v -0.059481606 0.040741637 0.1436014
v 0.05948175 0.040741637 0.14360143
v 6.726676E-08 0.040741637 0.15543306
v -0.16759343 0.06787751 -0.06941976
v -0.12827034 0.06787751 -0.12827079
v -0.084366255 0.049450517 -0.08436663
v -0.110229954 0.049450517 -0.045658965
v 0.069419675 0.06787751 -0.16759364
v 0.045658946 0.049450517 -0.110230155
v 1.2469651E-07 0.049450517 -0.119312264
v 1.1915876E-07 0.06787751 -0.18140204
v -0.04565853 0.049450517 -0.11023022
v 1.2469651E-07 0.049450517 -0.119312264
v 0.045658946 0.049450517 -0.110230155
v -0.084366255 0.049450517 -0.08436663
v 0.08436663 0.049450517 -0.08436652
v -0.110229954 0.049450517 -0.045658965
v 0.11023025 0.049450517 -0.04565884
v -0.119312115 0.049450517 -1.4147682E-07
v 0.11931236 0.049450517 -3.5276845E-08
v -0.11023004 0.049450517 0.0456587
v 0.11023025 0.049450517 0.045658775
v -0.0843664 0.049450517 0.0843664
v 0.08436663 0.049450517 0.08436646
v -0.045658745 0.049450517 0.11023009
v 0.04565892 0.049450517 0.11023012
v 8.937543E-08 0.049450517 0.119312204
v 6.5456675E-08 0.06787751 0.18140203
v 8.937543E-08 0.049450517 0.119312204
v 0.04565892 0.049450517 0.11023012
v 0.06941965 0.06787751 0.16759364
v -0.06941919 0.06787751 -0.16759375
v -0.04565853 0.049450517 -0.11023022
v -0.084366255 0.049450517 -0.08436663
v -0.12827034 0.06787751 -0.12827079
v 0.12827073 0.06787751 -0.12827063
v 0.08436663 0.049450517 -0.08436652
v 0.045658946 0.049450517 -0.110230155
v 0.069419675 0.06787751 -0.16759364
v -0.06941952 0.06787751 0.16759358
v -0.045658745 0.049450517 0.11023009
v 8.937543E-08 0.049450517 0.119312204
v 6.5456675E-08 0.06787751 0.18140203
v 1.1915876E-07 0.06787751 -0.18140204
v 1.2469651E-07 0.049450517 -0.119312264
v -0.04565853 0.049450517 -0.11023022
v -0.06941919 0.06787751 -0.16759375
v 0.16759376 0.06787751 -0.06941956
v 0.11023025 0.049450517 -0.04565884
v 0.08436663 0.049450517 -0.08436652
v 0.12827073 0.06787751 -0.12827063
v -0.12827058 0.06787751 0.12827054
v -0.0843664 0.049450517 0.0843664
v -0.045658745 0.049450517 0.11023009
v -0.06941952 0.06787751 0.16759358
v 0.18140216 0.06787751 -2.006166E-08
v 0.11931236 0.049450517 -3.5276845E-08
v 0.11023025 0.049450517 -0.04565884
v 0.16759376 0.06787751 -0.06941956
v -0.16759357 0.06787751 0.06941942
v -0.11023004 0.049450517 0.0456587
v -0.0843664 0.049450517 0.0843664
v -0.12827058 0.06787751 0.12827054
v 0.16759378 0.06787751 0.069419526
v 0.11023025 0.049450517 0.045658775
v 0.11931236 0.049450517 -3.5276845E-08
v 0.18140216 0.06787751 -2.006166E-08
v -0.18140194 0.06787751 -1.8152784E-07
v -0.119312115 0.049450517 -1.4147682E-07
v -0.11023004 0.049450517 0.0456587
v -0.16759357 0.06787751 0.06941942
v 0.12827073 0.06787751 0.12827061
v 0.08436663 0.049450517 0.08436646
v 0.11023025 0.049450517 0.045658775
v 0.16759378 0.06787751 0.069419526
v -0.16759343 0.06787751 -0.06941976
v -0.110229954 0.049450517 -0.045658965
v -0.119312115 0.049450517 -1.4147682E-07
v -0.18140194 0.06787751 -1.8152784E-07
v 0.06941965 0.06787751 0.16759364
v 0.04565892 0.049450517 0.11023012
v 0.08436663 0.049450517 0.08436646
v 0.12827073 0.06787751 0.12827061
v 1.1617331E-07 0.06787751 -0.20374076
v 9.586693E-08 0.040741637 -0.15543307
v 0.059481777 0.040741637 -0.14360142
v 0.07796834 0.06787751 -0.1882319
v 0.07796834 0.055143688 -0.1882319
v 0.059481777 0.028007826 -0.14360142
v 0.10990788 0.028007826 -0.10990777
v 0.14406659 0.055143688 -0.14406647
v 0.14406659 0.055143688 -0.14406647
v 0.10990788 0.028007826 -0.10990777
v 0.14360152 0.028007826 -0.05948166
v 0.18823203 0.055143688 -0.07796821
v 0.18823203 0.055143688 -0.07796821
v 0.14360152 0.028007826 -0.05948166
v 0.15543318 0.028007826 -8.014284E-09
v 0.20374088 0.055143688 -1.5382E-08
v 0.20374088 0.055143688 -1.5382E-08
v 0.15543318 0.028007826 -8.014284E-09
v 0.14360155 0.028007826 0.05948163
v 0.18823203 0.055143688 0.07796817
v 0.18823203 0.055143688 0.07796817
v 0.14360155 0.028007826 0.05948163
v 0.10990788 0.028007826 0.10990777
v 0.14406659 0.055143688 0.14406647
v 0.14406659 0.055143688 0.14406647
v 0.10990788 0.028007826 0.10990777
v 0.05948175 0.028007826 0.14360143
v 0.0779683 0.055143688 0.18823192
v 0.0779683 0.055143688 0.18823192
v 0.05948175 0.028007826 0.14360143
v 6.726676E-08 0.028007826 0.15543306
v 5.5858095E-08 0.055143688 0.20374076
v 5.5858095E-08 0.055143688 0.20374076
v 6.726676E-08 0.028007826 0.15543306
v -0.059481606 0.028007826 0.1436014
v -0.07796819 0.055143688 0.18823187
v -0.07796819 0.055143688 0.18823187
v -0.059481606 0.028007826 0.1436014
v -0.10990773 0.028007826 0.10990771
v -0.14406644 0.055143688 0.1440664
v -0.14406644 0.055143688 0.1440664
v -0.10990773 0.028007826 0.10990771
v -0.14360134 0.028007826 0.059481543
v -0.18823187 0.055143688 0.07796806
v -0.18823187 0.055143688 0.07796806
v -0.14360134 0.028007826 0.059481543
v -0.15543295 0.028007826 -1.5252562E-07
v -0.20374063 0.055143688 -1.967319E-07
v -0.20374063 0.055143688 -1.967319E-07
v -0.15543295 0.028007826 -1.5252562E-07
v -0.14360124 0.028007826 -0.05948182
v -0.18823169 0.055143688 -0.077968426
v -0.18823169 0.055143688 -0.077968426
v -0.14360124 0.028007826 -0.05948182
v -0.10990751 0.028007826 -0.10990791
v -0.14406617 0.055143688 -0.14406665
v -0.14406617 0.055143688 -0.14406665
v -0.10990751 0.028007826 -0.10990791
v -0.059481334 0.028007826 -0.1436015
v -0.07796782 0.055143688 -0.18823203
v -0.07796782 0.055143688 -0.18823203
v -0.059481334 0.028007826 -0.1436015
v 9.586693E-08 0.028007826 -0.15543307
v 1.1617331E-07 0.055143688 -0.20374076
v -0.14406644 0.055143688 0.1440664
v -0.12827058 0.055143688 0.12827054
v -0.06941952 0.055143688 0.16759358
v -0.07796819 0.055143688 0.18823187
v -0.18823187 0.055143688 0.07796806
v -0.16759357 0.055143688 0.06941942
v -0.18140194 0.055143688 -1.8152784E-07
v -0.20374063 0.055143688 -1.967319E-07
v -0.18823169 0.055143688 -0.077968426
v -0.16759343 0.055143688 -0.06941976
v -0.12827034 0.055143688 -0.12827079
v -0.14406617 0.055143688 -0.14406665
v -0.07796782 0.055143688 -0.18823203
v -0.06941919 0.055143688 -0.16759375
v 6.5456675E-08 0.055143688 0.18140203
v 5.5858095E-08 0.055143688 0.20374076
v 0.06941965 0.055143688 0.16759364
v 0.0779683 0.055143688 0.18823192
v 0.12827073 0.055143688 0.12827061
v 0.14406659 0.055143688 0.14406647
v 0.16759378 0.055143688 0.069419526
v 0.18823203 0.055143688 0.07796817
v 0.20374088 0.055143688 -1.5382E-08
v 0.18140216 0.055143688 -2.006166E-08
v 0.16759376 0.055143688 -0.06941956
v 0.18823203 0.055143688 -0.07796821
v 0.14406659 0.055143688 -0.14406647
v 0.12827073 0.055143688 -0.12827063
v 0.069419675 0.055143688 -0.16759364
v 0.07796834 0.055143688 -0.1882319
v 1.1617331E-07 0.055143688 -0.20374076
v 1.1915876E-07 0.055143688 -0.18140204
v 0.059481777 0.028007826 -0.14360142
v 9.586693E-08 0.028007826 -0.15543307
v -0.059481334 0.028007826 -0.1436015
v -0.10990751 0.028007826 -0.10990791
v 0.10990788 0.028007826 -0.10990777
v -0.14360124 0.028007826 -0.05948182
v 0.14360152 0.028007826 -0.05948166
v -0.15543295 0.028007826 -1.5252562E-07
v 0.15543318 0.028007826 -8.014284E-09
v -0.14360134 0.028007826 0.059481543
v 0.14360155 0.028007826 0.05948163
v -0.10990773 0.028007826 0.10990771
v 0.10990788 0.028007826 0.10990777
v -0.059481606 0.028007826 0.1436014
v 0.05948175 0.028007826 0.14360143
v 6.726676E-08 0.028007826 0.15543306
v -0.16759343 0.055143688 -0.06941976
v -0.12827034 0.055143688 -0.12827079
v -0.084366255 0.0367167 -0.08436663
v -0.110229954 0.0367167 -0.045658965
v 0.069419675 0.055143688 -0.16759364
v 0.045658946 0.0367167 -0.110230155
v 1.2469651E-07 0.0367167 -0.119312264
v 1.1915876E-07 0.055143688 -0.18140204
v -0.04565853 0.0367167 -0.11023022
v 1.2469651E-07 0.0367167 -0.119312264
v 0.045658946 0.0367167 -0.110230155
v -0.084366255 0.0367167 -0.08436663
v 0.08436663 0.0367167 -0.08436652
v -0.110229954 0.0367167 -0.045658965
v 0.11023025 0.0367167 -0.04565884
v -0.119312115 0.0367167 -1.4147682E-07
v 0.11931236 0.0367167 -3.5276845E-08
v -0.11023004 0.0367167 0.0456587
v 0.11023025 0.0367167 0.045658775
v -0.0843664 0.0367167 0.0843664
v 0.08436663 0.0367167 0.08436646
v -0.045658745 0.0367167 0.11023009
v 0.04565892 0.0367167 0.11023012
v 8.937543E-08 0.0367167 0.119312204
v 6.5456675E-08 0.055143688 0.18140203
v 8.937543E-08 0.0367167 0.119312204
v 0.04565892 0.0367167 0.11023012
v 0.06941965 0.055143688 0.16759364
v -0.06941919 0.055143688 -0.16759375
v -0.04565853 0.0367167 -0.11023022
v -0.084366255 0.0367167 -0.08436663
v -0.12827034 0.055143688 -0.12827079
v 0.12827073 0.055143688 -0.12827063
v 0.08436663 0.0367167 -0.08436652
v 0.045658946 0.0367167 -0.110230155
v 0.069419675 0.055143688 -0.16759364
v -0.06941952 0.055143688 0.16759358
v -0.045658745 0.0367167 0.11023009
v 8.937543E-08 0.0367167 0.119312204
v 6.5456675E-08 0.055143688 0.18140203
v 1.1915876E-07 0.055143688 -0.18140204
v 1.2469651E-07 0.0367167 -0.119312264
v -0.04565853 0.0367167 -0.11023022
v -0.06941919 0.055143688 -0.16759375
v 0.16759376 0.055143688 -0.06941956
v 0.11023025 0.0367167 -0.04565884
v 0.08436663 0.0367167 -0.08436652
v 0.12827073 0.055143688 -0.12827063
v -0.12827058 0.055143688 0.12827054
v -0.0843664 0.0367167 0.0843664
v -0.045658745 0.0367167 0.11023009
v -0.06941952 0.055143688 0.16759358
v 0.18140216 0.055143688 -2.006166E-08
v 0.11931236 0.0367167 -3.5276845E-08
v 0.11023025 0.0367167 -0.04565884
v 0.16759376 0.055143688 -0.06941956
v -0.16759357 0.055143688 0.06941942
v -0.11023004 0.0367167 0.0456587
v -0.0843664 0.0367167 0.0843664
v -0.12827058 0.055143688 0.12827054
v 0.16759378 0.055143688 0.069419526
v 0.11023025 0.0367167 0.045658775
v 0.11931236 0.0367167 -3.5276845E-08
v 0.18140216 0.055143688 -2.006166E-08
v -0.18140194 0.055143688 -1.8152784E-07
v -0.119312115 0.0367167 -1.4147682E-07
v -0.11023004 0.0367167 0.0456587
v -0.16759357 0.055143688 0.06941942
v 0.12827073 0.055143688 0.12827061
v 0.08436663 0.0367167 0.08436646
v 0.11023025 0.0367167 0.045658775
v 0.16759378 0.055143688 0.069419526
v -0.16759343 0.055143688 -0.06941976
v -0.110229954 0.0367167 -0.045658965
v -0.119312115 0.0367167 -1.4147682E-07
v -0.18140194 0.055143688 -1.8152784E-07
v 0.06941965 0.055143688 0.16759364
v 0.04565892 0.0367167 0.11023012
v 0.08436663 0.0367167 0.08436646
v 0.12827073 0.055143688 0.12827061
v 1.1617331E-07 0.055143688 -0.20374076
v 9.586693E-08 0.028007826 -0.15543307
v 0.059481777 0.028007826 -0.14360142
v 0.07796834 0.055143688 -0.1882319
v 0.07796834 0.040486906 -0.1882319
v 0.059481777 0.013351042 -0.14360142
v 0.10990788 0.013351042 -0.10990777
v 0.14406659 0.040486906 -0.14406647
v 0.14406659 0.040486906 -0.14406647
v 0.10990788 0.013351042 -0.10990777
v 0.14360152 0.013351042 -0.05948166
v 0.18823203 0.040486906 -0.07796821
v 0.18823203 0.040486906 -0.07796821
v 0.14360152 0.013351042 -0.05948166
v 0.15543318 0.013351042 -8.014284E-09
v 0.20374088 0.040486906 -1.5382E-08
v 0.20374088 0.040486906 -1.5382E-08
v 0.15543318 0.013351042 -8.014284E-09
v 0.14360155 0.013351042 0.05948163
v 0.18823203 0.040486906 0.07796817
v 0.18823203 0.040486906 0.07796817
v 0.14360155 0.013351042 0.05948163
v 0.10990788 0.013351042 0.10990777
v 0.14406659 0.040486906 0.14406647
v 0.14406659 0.040486906 0.14406647
v 0.10990788 0.013351042 0.10990777
v 0.05948175 0.013351042 0.14360143
v 0.0779683 0.040486906 0.18823192
v 0.0779683 0.040486906 0.18823192
v 0.05948175 0.013351042 0.14360143
v 6.726676E-08 0.013351042 0.15543306
v 5.5858095E-08 0.040486906 0.20374076
v 5.5858095E-08 0.040486906 0.20374076
v 6.726676E-08 0.013351042 0.15543306
v -0.059481606 0.013351042 0.1436014
v -0.07796819 0.040486906 0.18823187
v -0.07796819 0.040486906 0.18823187
v -0.059481606 0.013351042 0.1436014
v -0.10990773 0.013351042 0.10990771
v -0.14406644 0.040486906 0.1440664
v -0.14406644 0.040486906 0.1440664
v -0.10990773 0.013351042 0.10990771
v -0.14360134 0.013351042 0.059481543
v -0.18823187 0.040486906 0.07796806
v -0.18823187 0.040486906 0.07796806
v -0.14360134 0.013351042 0.059481543
v -0.15543295 0.013351042 -1.5252562E-07
v -0.20374063 0.040486906 -1.967319E-07
v -0.20374063 0.040486906 -1.967319E-07
v -0.15543295 0.013351042 -1.5252562E-07
v -0.14360124 0.013351042 -0.05948182
v -0.18823169 0.040486906 -0.077968426
v -0.18823169 0.040486906 -0.077968426
v -0.14360124 0.013351042 -0.05948182
v -0.10990751 0.013351042 -0.10990791
v -0.14406617 0.040486906 -0.14406665
v -0.14406617 0.040486906 -0.14406665
v -0.10990751 0.013351042 -0.10990791
v -0.059481334 0.013351042 -0.1436015
v -0.07796782 0.040486906 -0.18823203
v -0.07796782 0.040486906 -0.18823203
v -0.059481334 0.013351042 -0.1436015
v 9.586693E-08 0.013351042 -0.15543307
v 1.1617331E-07 0.040486906 -0.20374076
v -0.14406644 0.040486906 0.1440664
v -0.12827058 0.040486906 0.12827054
v -0.06941952 0.040486906 0.16759358
v -0.07796819 0.040486906 0.18823187
v -0.18823187 0.040486906 0.07796806
v -0.16759357 0.040486906 0.06941942
v -0.18140194 0.040486906 -1.8152784E-07
v -0.20374063 0.040486906 -1.967319E-07
v -0.18823169 0.040486906 -0.077968426
v -0.16759343 0.040486906 -0.06941976
v -0.12827034 0.040486906 -0.12827079
v -0.14406617 0.040486906 -0.14406665
v -0.07796782 0.040486906 -0.18823203
v -0.06941919 0.040486906 -0.16759375
v 6.5456675E-08 0.040486906 0.18140203
v 5.5858095E-08 0.040486906 0.20374076
v 0.06941965 0.040486906 0.16759364
v 0.0779683 0.040486906 0.18823192
v 0.12827073 0.040486906 0.12827061
v 0.14406659 0.040486906 0.14406647
v 0.16759378 0.040486906 0.069419526
v 0.18823203 0.040486906 0.07796817
v 0.20374088 0.040486906 -1.5382E-08
v 0.18140216 0.040486906 -2.006166E-08
v 0.16759376 0.040486906 -0.06941956
v 0.18823203 0.040486906 -0.07796821
v 0.14406659 0.040486906 -0.14406647
v 0.12827073 0.040486906 -0.12827063
v 0.069419675 0.040486906 -0.16759364
v 0.07796834 0.040486906 -0.1882319
v 1.1617331E-07 0.040486906 -0.20374076
v 1.1915876E-07 0.040486906 -0.18140204
v 0.059481777 0.013351042 -0.14360142
v 9.586693E-08 0.013351042 -0.15543307
v -0.059481334 0.013351042 -0.1436015
v -0.10990751 0.013351042 -0.10990791
v 0.10990788 0.013351042 -0.10990777
v -0.14360124 0.013351042 -0.05948182
v 0.14360152 0.013351042 -0.05948166
v -0.15543295 0.013351042 -1.5252562E-07
v 0.15543318 0.013351042 -8.014284E-09
v -0.14360134 0.013351042 0.059481543
v 0.14360155 0.013351042 0.05948163
v -0.10990773 0.013351042 0.10990771
v 0.10990788 0.013351042 0.10990777
v -0.059481606 0.013351042 0.1436014
v 0.05948175 0.013351042 0.14360143
v 6.726676E-08 0.013351042 0.15543306
v -0.16759343 0.040486906 -0.06941976
v -0.12827034 0.040486906 -0.12827079
v -0.084366255 0.022059917 -0.08436663
v -0.110229954 0.022059917 -0.045658965
v 0.069419675 0.040486906 -0.16759364
v 0.045658946 0.022059917 -0.110230155
v 1.2469651E-07 0.022059917 -0.119312264
v 1.1915876E-07 0.040486906 -0.18140204
v -0.04565853 0.022059917 -0.11023022
v 1.2469651E-07 0.022059917 -0.119312264
v 0.045658946 0.022059917 -0.110230155
v -0.084366255 0.022059917 -0.08436663
v 0.08436663 0.022059917 -0.08436652
v -0.110229954 0.022059917 -0.045658965
v 0.11023025 0.022059917 -0.04565884
v -0.119312115 0.022059917 -1.4147682E-07
v 0.11931236 0.022059917 -3.5276845E-08
v -0.11023004 0.022059917 0.0456587
v 0.11023025 0.022059917 0.045658775
v -0.0843664 0.022059917 0.0843664
v 0.08436663 0.022059917 0.08436646
v -0.045658745 0.022059917 0.11023009
v 0.04565892 0.022059917 0.11023012
v 8.937543E-08 0.022059917 0.119312204
v 6.5456675E-08 0.040486906 0.18140203
v 8.937543E-08 0.022059917 0.119312204
v 0.04565892 0.022059917 0.11023012
v 0.06941965 0.040486906 0.16759364
v -0.06941919 0.040486906 -0.16759375
v -0.04565853 0.022059917 -0.11023022
v -0.084366255 0.022059917 -0.08436663
v -0.12827034 0.040486906 -0.12827079
v 0.12827073 0.040486906 -0.12827063
v 0.08436663 0.022059917 -0.08436652
v 0.045658946 0.022059917 -0.110230155
v 0.069419675 0.040486906 -0.16759364
v -0.06941952 0.040486906 0.16759358
v -0.045658745 0.022059917 0.11023009
v 8.937543E-08 0.022059917 0.119312204
v 6.5456675E-08 0.040486906 0.18140203
v 1.1915876E-07 0.040486906 -0.18140204
v 1.2469651E-07 0.022059917 -0.119312264
v -0.04565853 0.022059917 -0.11023022
v -0.06941919 0.040486906 -0.16759375
v 0.16759376 0.040486906 -0.06941956
v 0.11023025 0.022059917 -0.04565884
v 0.08436663 0.022059917 -0.08436652
v 0.12827073 0.040486906 -0.12827063
v -0.12827058 0.040486906 0.12827054
v -0.0843664 0.022059917 0.0843664
v -0.045658745 0.022059917 0.11023009
v -0.06941952 0.040486906 0.16759358
v 0.18140216 0.040486906 -2.006166E-08
v 0.11931236 0.022059917 -3.5276845E-08
v 0.11023025 0.022059917 -0.04565884
v 0.16759376 0.040486906 -0.06941956
v -0.16759357 0.040486906 0.06941942
v -0.11023004 0.022059917 0.0456587
v -0.0843664 0.022059917 0.0843664
v -0.12827058 0.040486906 0.12827054
v 0.16759378 0.040486906 0.069419526
v 0.11023025 0.022059917 0.045658775
v 0.11931236 0.022059917 -3.5276845E-08
v 0.18140216 0.040486906 -2.006166E-08
v -0.18140194 0.040486906 -1.8152784E-07
v -0.119312115 0.022059917 -1.4147682E-07
v -0.11023004 0.022059917 0.0456587
v -0.16759357 0.040486906 0.06941942
v 0.12827073 0.040486906 0.12827061
v 0.08436663 0.022059917 0.08436646
v 0.11023025 0.022059917 0.045658775
v 0.16759378 0.040486906 0.069419526
v -0.16759343 0.040486906 -0.06941976
v -0.110229954 0.022059917 -0.045658965
v -0.119312115 0.022059917 -1.4147682E-07
v -0.18140194 0.040486906 -1.8152784E-07
v 0.06941965 0.040486906 0.16759364
v 0.04565892 0.022059917 0.11023012
v 0.08436663 0.022059917 0.08436646
v 0.12827073 0.040486906 0.12827061
v 1.1617331E-07 0.040486906 -0.20374076
v 9.586693E-08 0.013351042 -0.15543307
v 0.059481777 0.013351042 -0.14360142
v 0.07796834 0.040486906 -0.1882319
v 0.07796834 0.011693576 -0.1882319
v 0.059481777 -0.015442292 -0.14360142
v 0.10990788 -0.015442292 -0.10990777
v 0.14406659 0.011693576 -0.14406647
v 0.14406659 0.011693576 -0.14406647
v 0.10990788 -0.015442292 -0.10990777
v 0.14360152 -0.015442292 -0.05948166
v 0.18823203 0.011693576 -0.07796821
v 0.18823203 0.011693576 -0.07796821
v 0.14360152 -0.015442292 -0.05948166
v 0.15543318 -0.015442292 -8.014284E-09
v 0.20374088 0.011693576 -1.5382E-08
v 0.20374088 0.011693576 -1.5382E-08
v 0.15543318 -0.015442292 -8.014284E-09
v 0.14360155 -0.015442292 0.05948163
v 0.18823203 0.011693576 0.07796817
v 0.18823203 0.011693576 0.07796817
v 0.14360155 -0.015442292 0.05948163
v 0.10990788 -0.015442292 0.10990777
v 0.14406659 0.011693576 0.14406647
v 0.14406659 0.011693576 0.14406647
v 0.10990788 -0.015442292 0.10990777
v 0.05948175 -0.015442292 0.14360143
v 0.0779683 0.011693576 0.18823192
v 0.0779683 0.011693576 0.18823192
v 0.05948175 -0.015442292 0.14360143
v 6.726676E-08 -0.015442292 0.15543306
v 5.5858095E-08 0.011693576 0.20374076
v 5.5858095E-08 0.011693576 0.20374076
v 6.726676E-08 -0.015442292 0.15543306
v -0.059481606 -0.015442292 0.1436014
v -0.07796819 0.011693576 0.18823187
v -0.07796819 0.011693576 0.18823187
v -0.059481606 -0.015442292 0.1436014
v -0.10990773 -0.015442292 0.10990771
v -0.14406644 0.011693576 0.1440664
v -0.14406644 0.011693576 0.1440664
v -0.10990773 -0.015442292 0.10990771
v -0.14360134 -0.015442292 0.059481543
v -0.18823187 0.011693576 0.07796806
v -0.18823187 0.011693576 0.07796806
v -0.14360134 -0.015442292 0.059481543
v -0.15543295 -0.015442292 -1.5252562E-07
v -0.20374063 0.011693576 -1.967319E-07
v -0.20374063 0.011693576 -1.967319E-07
v -0.15543295 -0.015442292 -1.5252562E-07
v -0.14360124 -0.015442292 -0.05948182
v -0.18823169 0.011693576 -0.077968426
v -0.18823169 0.011693576 -0.077968426
v -0.14360124 -0.015442292 -0.05948182
v -0.10990751 -0.015442292 -0.10990791
v -0.14406617 0.011693576 -0.14406665
v -0.14406617 0.011693576 -0.14406665
v -0.10990751 -0.015442292 -0.10990791
v -0.059481334 -0.015442292 -0.1436015
v -0.07796782 0.011693576 -0.18823203
v -0.07796782 0.011693576 -0.18823203
v -0.059481334 -0.015442292 -0.1436015
v 9.586693E-08 -0.015442292 -0.15543307
v 1.1617331E-07 0.011693576 -0.20374076
v -0.14406644 0.011693576 0.1440664
v -0.12827058 0.011693576 0.12827054
v -0.06941952 0.011693576 0.16759358
v -0.07796819 0.011693576 0.18823187
v -0.18823187 0.011693576 0.07796806
v -0.16759357 0.011693576 0.06941942
v -0.18140194 0.011693576 -1.8152784E-07
v -0.20374063 0.011693576 -1.967319E-07
v -0.18823169 0.011693576 -0.077968426
v -0.16759343 0.011693576 -0.06941976
v -0.12827034 0.011693576 -0.12827079
v -0.14406617 0.011693576 -0.14406665
v -0.07796782 0.011693576 -0.18823203
v -0.06941919 0.011693576 -0.16759375
v 6.5456675E-08 0.011693576 0.18140203
v 5.5858095E-08 0.011693576 0.20374076
v 0.06941965 0.011693576 0.16759364
v 0.0779683 0.011693576 0.18823192
v 0.12827073 0.011693576 0.12827061
v 0.14406659 0.011693576 0.14406647
v 0.16759378 0.011693576 0.069419526
v 0.18823203 0.011693576 0.07796817
v 0.20374088 0.011693576 -1.5382E-08
v 0.18140216 0.011693576 -2.006166E-08
v 0.16759376 0.011693576 -0.06941956
v 0.18823203 0.011693576 -0.07796821
v 0.14406659 0.011693576 -0.14406647
v 0.12827073 0.011693576 -0.12827063
v 0.069419675 0.011693576 -0.16759364
v 0.07796834 0.011693576 -0.1882319
v 1.1617331E-07 0.011693576 -0.20374076
v 1.1915876E-07 0.011693576 -0.18140204
v 0.059481777 -0.015442292 -0.14360142
v 9.586693E-08 -0.015442292 -0.15543307
v -0.059481334 -0.015442292 -0.1436015
v -0.10990751 -0.015442292 -0.10990791
v 0.10990788 -0.015442292 -0.10990777
v -0.14360124 -0.015442292 -0.05948182
v 0.14360152 -0.015442292 -0.05948166
v -0.15543295 -0.015442292 -1.5252562E-07
v 0.15543318 -0.015442292 -8.014284E-09
v -0.14360134 -0.015442292 0.059481543
v 0.14360155 -0.015442292 0.05948163
v -0.10990773 -0.015442292 0.10990771
v 0.10990788 -0.015442292 0.10990777
v -0.059481606 -0.015442292 0.1436014
v 0.05948175 -0.015442292 0.14360143
v 6.726676E-08 -0.015442292 0.15543306
v -0.16759343 0.011693576 -0.06941976
v -0.12827034 0.011693576 -0.12827079
v -0.084366255 -0.0067334184 -0.08436663
v -0.110229954 -0.0067334184 -0.045658965
v 0.069419675 0.011693576 -0.16759364
v 0.045658946 -0.0067334184 -0.110230155
v 1.2469651E-07 -0.0067334184 -0.119312264
v 1.1915876E-07 0.011693576 -0.18140204
v -0.04565853 -0.0067334184 -0.11023022
v 1.2469651E-07 -0.0067334184 -0.119312264
v 0.045658946 -0.0067334184 -0.110230155
v -0.084366255 -0.0067334184 -0.08436663
v 0.08436663 -0.0067334184 -0.08436652
v -0.110229954 -0.0067334184 -0.045658965
v 0.11023025 -0.0067334184 -0.04565884
v -0.119312115 -0.0067334184 -1.4147682E-07
v 0.11931236 -0.0067334184 -3.5276845E-08
v -0.11023004 -0.0067334184 0.0456587
v 0.11023025 -0.0067334184 0.045658775
v -0.0843664 -0.0067334184 0.0843664
v 0.08436663 -0.0067334184 0.08436646
v -0.045658745 -0.0067334184 0.11023009
v 0.04565892 -0.0067334184 0.11023012
v 8.937543E-08 -0.0067334184 0.119312204
v 6.5456675E-08 0.011693576 0.18140203
v 8.937543E-08 -0.0067334184 0.119312204
v 0.04565892 -0.0067334184 0.11023012
v 0.06941965 0.011693576 0.16759364
v -0.06941919 0.011693576 -0.16759375
v -0.04565853 -0.0067334184 -0.11023022
v -0.084366255 -0.0067334184 -0.08436663
v -0.12827034 0.011693576 -0.12827079
v 0.12827073 0.011693576 -0.12827063
v 0.08436663 -0.0067334184 -0.08436652
v 0.045658946 -0.0067334184 -0.110230155
v 0.069419675 0.011693576 -0.16759364
v -0.06941952 0.011693576 0.16759358
v -0.045658745 -0.0067334184 0.11023009
v 8.937543E-08 -0.0067334184 0.119312204
v 6.5456675E-08 0.011693576 0.18140203
v 1.1915876E-07 0.011693576 -0.18140204
v 1.2469651E-07 -0.0067334184 -0.119312264
v -0.04565853 -0.0067334184 -0.11023022
v -0.06941919 0.011693576 -0.16759375
v 0.16759376 0.011693576 -0.06941956
v 0.11023025 -0.0067334184 -0.04565884
v 0.08436663 -0.0067334184 -0.08436652
v 0.12827073 0.011693576 -0.12827063
v -0.12827058 0.011693576 0.12827054
v -0.0843664 -0.0067334184 0.0843664
v -0.045658745 -0.0067334184 0.11023009
v -0.06941952 0.011693576 0.16759358
v 0.18140216 0.011693576 -2.006166E-08
v 0.11931236 -0.0067334184 -3.5276845E-08
v 0.11023025 -0.0067334184 -0.04565884
v 0.16759376 0.011693576 -0.06941956
v -0.16759357 0.011693576 0.06941942
v -0.11023004 -0.0067334184 0.0456587
v -0.0843664 -0.0067334184 0.0843664
v -0.12827058 0.011693576 0.12827054
v 0.16759378 0.011693576 0.069419526
v 0.11023025 -0.0067334184 0.045658775
v 0.11931236 -0.0067334184 -3.5276845E-08
v 0.18140216 0.011693576 -2.006166E-08
v -0.18140194 0.011693576 -1.8152784E-07
v -0.119312115 -0.0067334184 -1.4147682E-07
v -0.11023004 -0.0067334184 0.0456587
v -0.16759357 0.011693576 0.06941942
v 0.12827073 0.011693576 0.12827061
v 0.08436663 -0.0067334184 0.08436646
v 0.11023025 -0.0067334184 0.045658775
v 0.16759378 0.011693576 0.069419526
v -0.16759343 0.011693576 -0.06941976
v -0.110229954 -0.0067334184 -0.045658965
v -0.119312115 -0.0067334184 -1.4147682E-07
v -0.18140194 0.011693576 -1.8152784E-07
v 0.06941965 0.011693576 0.16759364
v 0.04565892 -0.0067334184 0.11023012
v 0.08436663 -0.0067334184 0.08436646
v 0.12827073 0.011693576 0.12827061
v 1.1617331E-07 0.011693576 -0.20374076
v 9.586693E-08 -0.015442292 -0.15543307
v 0.059481777 -0.015442292 -0.14360142
v 0.07796834 0.011693576 -0.1882319
vn 0.27611452 -0.8677546 -0.41323453
vn 0.27611452 -0.8677546 -0.41323453
vn 0.27611452 -0.8677546 -0.41323453
vn 0.27611452 -0.8677546 -0.41323453
vn 0.41323465 -0.8677545 -0.27611455
vn 0.41323465 -0.8677545 -0.27611455
vn 0.41323465 -0.8677545 -0.27611455
vn 0.41323465 -0.8677545 -0.27611455
vn 0.48744345 -0.8677545 -0.09695863
vn 0.48744345 -0.8677545 -0.09695863
vn 0.48744345 -0.8677545 -0.09695863
vn 0.48744345 -0.8677545 -0.09695863
vn 0.48744345 -0.8677545 0.09695852
vn 0.48744345 -0.8677545 0.09695852
vn 0.48744345 -0.8677545 0.09695852
vn 0.48744345 -0.8677545 0.09695852
vn 0.41323468 -0.8677545 0.27611455
vn 0.41323468 -0.8677545 0.27611455
vn 0.41323468 -0.8677545 0.27611455
vn 0.41323468 -0.8677545 0.27611455
vn 0.27611455 -0.8677545 0.41323465
vn 0.27611455 -0.8677545 0.41323465
vn 0.27611455 -0.8677545 0.41323465
vn 0.27611455 -0.8677545 0.41323465
vn 0.09695839 -0.8677546 0.4874433
vn 0.09695839 -0.8677546 0.4874433
vn 0.09695839 -0.8677546 0.4874433
vn 0.09695839 -0.8677546 0.4874433
vn -0.09695878 -0.8677544 0.48744354
vn -0.09695878 -0.8677544 0.48744354
vn -0.09695878 -0.8677544 0.48744354
vn -0.09695878 -0.8677544 0.48744354
vn -0.27611476 -0.8677545 0.41323465
vn -0.27611476 -0.8677545 0.41323465
vn -0.27611476 -0.8677545 0.41323465
vn -0.27611476 -0.8677545 0.41323465
vn -0.41323483 -0.8677546 0.27611405
vn -0.41323483 -0.8677546 0.27611405
vn -0.41323483 -0.8677546 0.27611405
vn -0.41323483 -0.8677546 0.27611405
vn -0.48744345 -0.8677545 0.09695821
vn -0.48744345 -0.8677545 0.09695821
vn -0.48744345 -0.8677545 0.09695821
vn -0.48744345 -0.8677545 0.09695821
vn -0.4874435 -0.8677545 -0.09695909
vn -0.4874435 -0.8677545 -0.09695909
vn -0.4874435 -0.8677545 -0.09695909
vn -0.4874435 -0.8677545 -0.09695909
vn -0.4132344 -0.8677545 -0.27611515
vn -0.4132344 -0.8677545 -0.27611515
vn -0.4132344 -0.8677545 -0.27611515
vn -0.4132344 -0.8677545 -0.27611515
vn -0.27611393 -0.8677545 -0.41323492
vn -0.27611393 -0.8677545 -0.41323492
vn -0.27611393 -0.8677545 -0.41323492
vn -0.27611393 -0.8677545 -0.41323492
vn -0.09695821 -0.8677545 -0.48744345
vn -0.09695821 -0.8677545 -0.48744345
vn -0.09695821 -0.8677545 -0.48744345
vn -0.09695821 -0.8677545 -0.48744345
vn -0 1 0
vn -0 1 0
vn -0 1 0
vn -0 1 0
vn -0 1 0
vn -0 1 0
vn -0 1 0
vn -0 1 0
vn -0 1 0
vn -0 1 0
vn -0 1 0
vn -0 1 0
vn -0 1 0
vn -0 1 0
vn -0 1 0
vn -0 1 0
vn -0 1 0
vn -0 1 0
vn -0 1 0
vn -0 1 0
vn -1.0607474E-07 1 0
vn -1.0607474E-07 1 0
vn -1.0607474E-07 1 0
vn -1.0607474E-07 1 0
vn -0 1 0
vn -0 1 0
vn -0 1 0
vn -0 1 0
vn -0 1 0
vn -0 1 0
vn -0 1 0
vn -0 1 0
vn -0 -1 0
vn -0 -1 0
vn -0 -1 0
vn -0 -1 0
vn -0 -1 0
vn -0 -1 0
vn -0 -1 0
vn -0 -1 0
vn -0 -1 0
vn -0 -1 0
vn -0 -1 0
vn -0 -1 0
vn -0 -1 0
vn -0 -1 0
vn -0 -1 0
vn -0 -1 0
vn 0.24081406 0.95714027 0.16090721
vn 0.24081406 0.95714027 0.16090721
vn 0.24081406 0.95714027 0.16090721
vn 0.24081406 0.95714027 0.16090721
vn -0.056503087 0.95714015 0.28405997
vn -0.056503087 0.95714015 0.28405997
vn -0.056503087 0.95714015 0.28405997
vn -0.056503087 0.95714015 0.28405997
vn -0 1 0
vn -0 1 0
vn -0 1 0
vn -0 1 0
vn -0 1 0
vn -0 1 0
vn -0 1 0
vn -0 1 0
vn -0 1 0
vn -0 1 0
vn -0 1 0
vn -0 1 0
vn -0 1 0
vn -0 1 0
vn -0 1 0
vn -0 1 0
vn -0.0565029 0.95714027 -0.2840597
vn -0.0565029 0.95714027 -0.2840597
vn -0.0565029 0.95714027 -0.2840597
vn -0.0565029 0.95714027 -0.2840597
vn 0.16090663 0.95714015 0.24081458
vn 0.16090663 0.95714015 0.24081458
vn 0.16090663 0.95714015 0.24081458
vn 0.16090663 0.95714015 0.24081458
vn -0.16090688 0.95714027 0.2408143
vn -0.16090688 0.95714027 0.2408143
vn -0.16090688 0.95714027 0.2408143
vn -0.16090688 0.95714027 0.2408143
vn 0.056503117 0.95714027 -0.28405982
vn 0.056503117 0.95714027 -0.28405982
vn 0.056503117 0.95714027 -0.28405982
vn 0.056503117 0.95714027 -0.28405982
vn 0.056502845 0.95714015 0.2840599
vn 0.056502845 0.95714015 0.2840599
vn 0.056502845 0.95714015 0.2840599
vn 0.056502845 0.95714015 0.2840599
vn -0.24081437 0.95714015 0.16090691
vn -0.24081437 0.95714015 0.16090691
vn -0.24081437 0.95714015 0.16090691
vn -0.24081437 0.95714015 0.16090691
vn 0.16090705 0.95714027 -0.24081412
vn 0.16090705 0.95714027 -0.24081412
vn 0.16090705 0.95714027 -0.24081412
vn 0.16090705 0.95714027 -0.24081412
vn -0.28405982 0.95714027 0.056503095
vn -0.28405982 0.95714027 0.056503095
vn -0.28405982 0.95714027 0.056503095
vn -0.28405982 0.95714027 0.056503095
vn 0.24081424 0.95714027 -0.1609067
vn 0.24081424 0.95714027 -0.1609067
vn 0.24081424 0.95714027 -0.1609067
vn 0.24081424 0.95714027 -0.1609067
vn -0.28405982 0.95714027 -0.056502968
vn -0.28405982 0.95714027 -0.056502968
vn -0.28405982 0.95714027 -0.056502968
vn -0.28405982 0.95714027 -0.056502968
vn 0.28405973 0.95714027 -0.056502726
vn 0.28405973 0.95714027 -0.056502726
vn 0.28405973 0.95714027 -0.056502726
vn 0.28405973 0.95714027 -0.056502726
vn -0.24081427 0.95714027 -0.16090696
vn -0.24081427 0.95714027 -0.16090696
vn -0.24081427 0.95714027 -0.16090696
vn -0.24081427 0.95714027 -0.16090696
vn 0.28405976 0.95714027 0.056503378
vn 0.28405976 0.95714027 0.056503378
vn 0.28405976 0.95714027 0.056503378
vn 0.28405976 0.95714027 0.056503378
vn -0.16090687 0.95714027 -0.24081415
vn -0.16090687 0.95714027 -0.24081415
vn -0.16090687 0.95714027 -0.24081415
vn -0.16090687 0.95714027 -0.24081415
vn 0.09695863 -0.8677545 -0.48744357
vn 0.09695863 -0.8677545 -0.48744357
vn 0.09695863 -0.8677545 -0.48744357
vn 0.09695863 -0.8677545 -0.48744357
vn 0.27611452 -0.8677546 -0.41323453
vn 0.27611452 -0.8677546 -0.41323453
vn 0.27611452 -0.8677546 -0.41323453
vn 0.27611452 -0.8677546 -0.41323453
vn 0.4132345 -0.8677545 -0.2761146
vn 0.4132345 -0.8677545 -0.2761146
vn 0.4132345 -0.8677545 -0.2761146
vn 0.4132345 -0.8677545 -0.2761146
vn 0.48744333 -0.8677546 -0.09695851
vn 0.48744333 -0.8677546 -0.09695851
vn 0.48744333 -0.8677546 -0.09695851
vn 0.48744333 -0.8677546 -0.09695851
vn 0.48744342 -0.8677545 0.09695852
vn 0.48744342 -0.8677545 0.09695852
vn 0.48744342 -0.8677545 0.09695852
vn 0.48744342 -0.8677545 0.09695852
vn 0.41323456 -0.8677545 0.27611452
vn 0.41323456 -0.8677545 0.27611452
vn 0.41323456 -0.8677545 0.27611452
vn 0.41323456 -0.8677545 0.27611452
vn 0.2761145 -0.8677545 0.41323456
vn 0.2761145 -0.8677545 0.41323456
vn 0.2761145 -0.8677545 0.41323456
vn 0.2761145 -0.8677545 0.41323456
vn 0.09695844 -0.8677546 0.4874433
vn 0.09695844 -0.8677546 0.4874433
vn 0.09695844 -0.8677546 0.4874433
vn 0.09695844 -0.8677546 0.4874433
vn -0.096958846 -0.8677544 0.48744372
vn -0.096958846 -0.8677544 0.48744372
vn -0.096958846 -0.8677544 0.48744372
vn -0.096958846 -0.8677544 0.48744372
vn -0.27611464 -0.8677546 0.41323438
vn -0.27611464 -0.8677546 0.41323438
vn -0.27611464 -0.8677546 0.41323438
vn -0.27611464 -0.8677546 0.41323438
vn -0.41323465 -0.8677547 0.27611405
vn -0.41323465 -0.8677547 0.27611405
vn -0.41323465 -0.8677547 0.27611405
vn -0.41323465 -0.8677547 0.27611405
vn -0.48744336 -0.8677547 0.09695811
vn -0.48744336 -0.8677547 0.09695811
vn -0.48744336 -0.8677547 0.09695811
vn -0.48744336 -0.8677547 0.09695811
vn -0.48744345 -0.8677545 -0.09695909
vn -0.48744345 -0.8677545 -0.09695909
vn -0.48744345 -0.8677545 -0.09695909
vn -0.48744345 -0.8677545 -0.09695909
vn -0.4132342 -0.8677545 -0.276115
vn -0.4132342 -0.8677545 -0.276115
vn -0.4132342 -0.8677545 -0.276115
vn -0.4132342 -0.8677545 -0.276115
vn -0.27611393 -0.8677546 -0.41323492
vn -0.27611393 -0.8677546 -0.41323492
vn -0.27611393 -0.8677546 -0.41323492
vn -0.27611393 -0.8677546 -0.41323492
vn -0.096958175 -0.8677545 -0.48744357
vn -0.096958175 -0.8677545 -0.48744357
vn -0.096958175 -0.8677545 -0.48744357
vn -0.096958175 -0.8677545 -0.48744357
vn 1.4143288E-07 1 0
vn 1.4143288E-07 1 0
vn 1.4143288E-07 1 0
vn 1.4143288E-07 1 0
vn -0 1 0
vn -0 1 0
vn -0 1 0
vn -0 1 0
vn -0 1 0
vn -0 1 0
vn -0 1 0
vn -0 1 0
vn -1.4143272E-07 1 0
vn -1.4143272E-07 1 0
vn -0 1 0
vn -0 1 0
vn -0 1 0
vn -0 1 0
vn -0 1 0
vn -0 1 0
vn -0 1 0
vn -0 1 0
vn -0 1 0
vn -0 1 0
vn -1.0607478E-07 1 0
vn -1.0607478E-07 1 0
vn -1.0607478E-07 1 0
vn -1.0607478E-07 1 0
vn -0 1 0
vn -0 1 0
vn -0 1 0
vn -0 1 0
vn -0 -1 0
vn -0 -1 0
vn -0 -1 0
vn -0 -1 0
vn -0 -1 0
vn -0 -1 0
vn -0 -1 0
vn -0 -1 0
vn -0 -1 0
vn -0 -1 0
vn -0 -1 0
vn -0 -1 0
vn -0 -1 0
vn -0 -1 0
vn -0 -1 0
vn -0 -1 0
vn 0.240814 0.95714027 0.16090721
vn 0.240814 0.95714027 0.16090721
vn 0.240814 0.95714027 0.16090721
vn 0.240814 0.95714027 0.16090721
vn -0.05650311 0.95714015 0.28405997
vn -0.05650311 0.95714015 0.28405997
vn -0.05650311 0.95714015 0.28405997
vn -0.05650311 0.95714015 0.28405997
vn -0 1 0
vn -0 1 0
vn -0 1 0
vn -0 1 0
vn -0 1 0
vn -0 1 0
vn -0 1 0
vn -0 1 0
vn -0 1 0
vn -0 1 0
vn -0 1 0
vn -0 1 0
vn -0 1 0
vn -0 1 0
vn -0 1 0
vn -0 1 0
vn -0.056502927 0.95714027 -0.28405976
vn -0.056502927 0.95714027 -0.28405976
vn -0.056502927 0.95714027 -0.28405976
vn -0.056502927 0.95714027 -0.28405976
vn 0.16090661 0.95714027 0.24081452
vn 0.16090661 0.95714027 0.24081452
vn 0.16090661 0.95714027 0.24081452
vn 0.16090661 0.95714027 0.24081452
vn -0.16090688 0.95714027 0.24081418
vn -0.16090688 0.95714027 0.24081418
vn -0.16090688 0.95714027 0.24081418
vn -0.16090688 0.95714027 0.24081418
vn 0.056503177 0.95714027 -0.2840597
vn 0.056503177 0.95714027 -0.2840597
vn 0.056503177 0.95714027 -0.2840597
vn 0.056503177 0.95714027 -0.2840597
vn 0.05650284 0.95714027 0.28405982
vn 0.05650284 0.95714027 0.28405982
vn 0.05650284 0.95714027 0.28405982
vn 0.05650284 0.95714027 0.28405982
vn -0.24081443 0.95714015 0.16090697
vn -0.24081443 0.95714015 0.16090697
vn -0.24081443 0.95714015 0.16090697
vn -0.24081443 0.95714015 0.16090697
vn 0.16090702 0.95714027 -0.24081406
vn 0.16090702 0.95714027 -0.24081406
vn 0.16090702 0.95714027 -0.24081406
vn 0.16090702 0.95714027 -0.24081406
vn -0.28405955 0.95714027 0.056503028
vn -0.28405955 0.95714027 0.056503028
vn -0.28405955 0.95714027 0.056503028
vn -0.28405955 0.95714027 0.056503028
vn 0.24081431 0.95714027 -0.16090664
vn 0.24081431 0.95714027 -0.16090664
vn 0.24081431 0.95714027 -0.16090664
vn 0.24081431 0.95714027 -0.16090664
vn -0.28405982 0.95714027 -0.056502968
vn -0.28405982 0.95714027 -0.056502968
vn -0.28405982 0.95714027 -0.056502968
vn -0.28405982 0.95714027 -0.056502968
vn 0.2840596 0.9571404 -0.056502733
vn 0.2840596 0.9571404 -0.056502733
vn 0.2840596 0.9571404 -0.056502733
vn 0.2840596 0.9571404 -0.056502733
vn -0.2408143 0.95714027 -0.16090696
vn -0.2408143 0.95714027 -0.16090696
vn -0.2408143 0.95714027 -0.16090696
vn -0.2408143 0.95714027 -0.16090696
vn 0.28405982 0.95714015 0.056503303
vn 0.28405982 0.95714015 0.056503303
vn 0.28405982 0.95714015 0.056503303
vn 0.28405982 0.95714015 0.056503303
vn -0.16090682 0.95714027 -0.24081406
vn -0.16090682 0.95714027 -0.24081406
vn -0.16090682 0.95714027 -0.24081406
vn -0.16090682 0.95714027 -0.24081406
vn 0.096958555 -0.8677546 -0.4874434
vn 0.096958555 -0.8677546 -0.4874434
vn 0.096958555 -0.8677546 -0.4874434
vn 0.096958555 -0.8677546 -0.4874434
vn 0.27611452 -0.8677545 -0.4132345
vn 0.27611452 -0.8677545 -0.4132345
vn 0.27611452 -0.8677545 -0.4132345
vn 0.27611452 -0.8677545 -0.4132345
vn 0.41323465 -0.8677545 -0.2761146
vn 0.41323465 -0.8677545 -0.2761146
vn 0.41323465 -0.8677545 -0.2761146
vn 0.41323465 -0.8677545 -0.2761146
vn 0.48744342 -0.8677545 -0.09695863
vn 0.48744342 -0.8677545 -0.09695863
vn 0.48744342 -0.8677545 -0.09695863
vn 0.48744342 -0.8677545 -0.09695863
vn 0.48744342 -0.8677545 0.09695852
vn 0.48744342 -0.8677545 0.09695852
vn 0.48744342 -0.8677545 0.09695852
vn 0.48744342 -0.8677545 0.09695852
vn 0.41323468 -0.8677545 0.27611464
vn 0.41323468 -0.8677545 0.27611464
vn 0.41323468 -0.8677545 0.27611464
vn 0.41323468 -0.8677545 0.27611464
vn 0.27611458 -0.8677545 0.41323465
vn 0.27611458 -0.8677545 0.41323465
vn 0.27611458 -0.8677545 0.41323465
vn 0.27611458 -0.8677545 0.41323465
vn 0.09695847 -0.8677546 0.4874433
vn 0.09695847 -0.8677546 0.4874433
vn 0.09695847 -0.8677546 0.4874433
vn 0.09695847 -0.8677546 0.4874433
vn -0.09695885 -0.86775434 0.48744372
vn -0.09695885 -0.86775434 0.48744372
vn -0.09695885 -0.86775434 0.48744372
vn -0.09695885 -0.86775434 0.48744372
vn -0.2761146 -0.8677545 0.41323444
vn -0.2761146 -0.8677545 0.41323444
vn -0.2761146 -0.8677545 0.41323444
vn -0.2761146 -0.8677545 0.41323444
vn -0.41323486 -0.8677545 0.27611402
vn -0.41323486 -0.8677545 0.27611402
vn -0.41323486 -0.8677545 0.27611402
vn -0.41323486 -0.8677545 0.27611402
vn -0.48744345 -0.8677545 0.09695821
vn -0.48744345 -0.8677545 0.09695821
vn -0.48744345 -0.8677545 0.09695821
vn -0.48744345 -0.8677545 0.09695821
vn -0.48744354 -0.8677544 -0.096959084
vn -0.48744354 -0.8677544 -0.096959084
vn -0.48744354 -0.8677544 -0.096959084
vn -0.48744354 -0.8677544 -0.096959084
vn -0.4132344 -0.8677545 -0.27611515
vn -0.4132344 -0.8677545 -0.27611515
vn -0.4132344 -0.8677545 -0.27611515
vn -0.4132344 -0.8677545 -0.27611515
vn -0.2761139 -0.8677546 -0.41323492
vn -0.2761139 -0.8677546 -0.41323492
vn -0.2761139 -0.8677546 -0.41323492
vn -0.2761139 -0.8677546 -0.41323492
vn -0.09695821 -0.8677545 -0.48744366
vn -0.09695821 -0.8677545 -0.48744366
vn -0.09695821 -0.8677545 -0.48744366
vn -0.09695821 -0.8677545 -0.48744366
vn 1.4143288E-07 1 0
vn 1.4143288E-07 1 0
vn 1.4143288E-07 1 0
vn 1.4143288E-07 1 0
vn -0 1 0
vn -0 1 0
vn -0 1 0
vn -0 1 0
vn -0 1 0
vn -0 1 0
vn -0 1 0
vn -0 1 0
vn -0 1 0
vn -0 1 0
vn -0 1 0
vn -0 1 0
vn -0 1 0
vn -0 1 0
vn -2.8286587E-07 1 0
vn -2.8286587E-07 1 0
vn 2.1214947E-07 1 0
vn 2.1214947E-07 1 0
vn 2.1214947E-07 1 0
vn 2.1214947E-07 1 0
vn -1.0607478E-07 1 0
vn -1.0607478E-07 1 0
vn -1.0607478E-07 1 0
vn -1.0607478E-07 1 0
vn -0 1 0
vn -0 1 0
vn -0 1 0
vn -0 1 0
vn -0 -1 0
vn -0 -1 0
vn -0 -1 0
vn -0 -1 0
vn -0 -1 0
vn -0 -1 0
vn -0 -1 0
vn -0 -1 0
vn -0 -1 0
vn -0 -1 0
vn -0 -1 0
vn -0 -1 0
vn -0 -1 0
vn -0 -1 0
vn -0 -1 0
vn -0 -1 0
vn 0.24081412 0.95714027 0.16090721
vn 0.24081412 0.95714027 0.16090721
vn 0.24081412 0.95714027 0.16090721
vn 0.24081412 0.95714027 0.16090721
vn -0.056503005 0.95714015 0.28405997
vn -0.056503005 0.95714015 0.28405997
vn -0.056503005 0.95714015 0.28405997
vn -0.056503005 0.95714015 0.28405997
vn -0 1 0
vn -0 1 0
vn -0 1 0
vn -0 1 0
vn -0 1 0
vn -0 1 0
vn -0 1 0
vn -0 1 0
vn -0 1 0
vn -0 1 0
vn -0 1 0
vn -0 1 0
vn -0 1 0
vn -0 1 0
vn -0 1 0
vn -0 1 0
vn -0.056502853 0.95714027 -0.28405976
vn -0.056502853 0.95714027 -0.28405976
vn -0.056502853 0.95714027 -0.28405976
vn -0.056502853 0.95714027 -0.28405976
vn 0.16090657 0.95714027 0.24081452
vn 0.16090657 0.95714027 0.24081452
vn 0.16090657 0.95714027 0.24081452
vn 0.16090657 0.95714027 0.24081452
vn -0.16090697 0.95714027 0.24081418
vn -0.16090697 0.95714027 0.24081418
vn -0.16090697 0.95714027 0.24081418
vn -0.16090697 0.95714027 0.24081418
vn 0.056502942 0.95714027 -0.2840597
vn 0.056502942 0.95714027 -0.2840597
vn 0.056502942 0.95714027 -0.2840597
vn 0.056502942 0.95714027 -0.2840597
vn 0.05650284 0.95714027 0.28405982
vn 0.05650284 0.95714027 0.28405982
vn 0.05650284 0.95714027 0.28405982
vn 0.05650284 0.95714027 0.28405982
vn -0.2408143 0.95714027 0.16090699
vn -0.2408143 0.95714027 0.16090699
vn -0.2408143 0.95714027 0.16090699
vn -0.2408143 0.95714027 0.16090699
vn 0.16090709 0.95714027 -0.24081406
vn 0.16090709 0.95714027 -0.24081406
vn 0.16090709 0.95714027 -0.24081406
vn 0.16090709 0.95714027 -0.24081406
vn -0.2840597 0.95714027 0.056503028
vn -0.2840597 0.95714027 0.056503028
vn -0.2840597 0.95714027 0.056503028
vn -0.2840597 0.95714027 0.056503028
vn 0.24081418 0.95714027 -0.16090664
vn 0.24081418 0.95714027 -0.16090664
vn 0.24081418 0.95714027 -0.16090664
vn 0.24081418 0.95714027 -0.16090664
vn -0.28405982 0.95714027 -0.056502968
vn -0.28405982 0.95714027 -0.056502968
vn -0.28405982 0.95714027 -0.056502968
vn -0.28405982 0.95714027 -0.056502968
vn 0.28405967 0.95714027 -0.056502726
vn 0.28405967 0.95714027 -0.056502726
vn 0.28405967 0.95714027 -0.056502726
vn 0.28405967 0.95714027 -0.056502726
vn -0.24081418 0.95714027 -0.16090696
vn -0.24081418 0.95714027 -0.16090696
vn -0.24081418 0.95714027 -0.16090696
vn -0.24081418 0.95714027 -0.16090696
vn 0.28405976 0.95714027 0.05650331
vn 0.28405976 0.95714027 0.05650331
vn 0.28405976 0.95714027 0.05650331
vn 0.28405976 0.95714027 0.05650331
vn -0.16090688 0.95714027 -0.24081406
vn -0.16090688 0.95714027 -0.24081406
vn -0.16090688 0.95714027 -0.24081406
vn -0.16090688 0.95714027 -0.24081406
vn 0.09695863 -0.8677545 -0.48744342
vn 0.09695863 -0.8677545 -0.48744342
vn 0.09695863 -0.8677545 -0.48744342
vn 0.09695863 -0.8677545 -0.48744342
vn 0.27611455 -0.8677545 -0.4132345
vn 0.27611455 -0.8677545 -0.4132345
vn 0.27611455 -0.8677545 -0.4132345
vn 0.27611455 -0.8677545 -0.4132345
vn 0.4132346 -0.8677545 -0.2761146
vn 0.4132346 -0.8677545 -0.2761146
vn 0.4132346 -0.8677545 -0.2761146
vn 0.4132346 -0.8677545 -0.2761146
vn 0.48744342 -0.8677545 -0.09695863
vn 0.48744342 -0.8677545 -0.09695863
vn 0.48744342 -0.8677545 -0.09695863
vn 0.48744342 -0.8677545 -0.09695863
vn 0.48744342 -0.8677545 0.09695852
vn 0.48744342 -0.8677545 0.09695852
vn 0.48744342 -0.8677545 0.09695852
vn 0.48744342 -0.8677545 0.09695852
vn 0.41323456 -0.8677545 0.27611464
vn 0.41323456 -0.8677545 0.27611464
vn 0.41323456 -0.8677545 0.27611464
vn 0.41323456 -0.8677545 0.27611464
vn 0.27611455 -0.8677545 0.4132346
vn 0.27611455 -0.8677545 0.4132346
vn 0.27611455 -0.8677545 0.4132346
vn 0.27611455 -0.8677545 0.4132346
vn 0.0969584 -0.8677546 0.4874433
vn 0.0969584 -0.8677546 0.4874433
vn 0.0969584 -0.8677546 0.4874433
vn 0.0969584 -0.8677546 0.4874433
vn -0.09695878 -0.86775434 0.48744372
vn -0.09695878 -0.86775434 0.48744372
vn -0.09695878 -0.86775434 0.48744372
vn -0.09695878 -0.86775434 0.48744372
vn -0.2761146 -0.8677545 0.41323444
vn -0.2761146 -0.8677545 0.41323444
vn -0.2761146 -0.8677545 0.41323444
vn -0.2761146 -0.8677545 0.41323444
vn -0.41323483 -0.8677546 0.27611405
vn -0.41323483 -0.8677546 0.27611405
vn -0.41323483 -0.8677546 0.27611405
vn -0.41323483 -0.8677546 0.27611405
vn -0.48744345 -0.8677546 0.09695821
vn -0.48744345 -0.8677546 0.09695821
vn -0.48744345 -0.8677546 0.09695821
vn -0.48744345 -0.8677546 0.09695821
vn -0.4874435 -0.8677545 -0.09695909
vn -0.4874435 -0.8677545 -0.09695909
vn -0.4874435 -0.8677545 -0.09695909
vn -0.4874435 -0.8677545 -0.09695909
vn -0.4132344 -0.8677545 -0.27611515
vn -0.4132344 -0.8677545 -0.27611515
vn -0.4132344 -0.8677545 -0.27611515
vn -0.4132344 -0.8677545 -0.27611515
vn -0.27611402 -0.8677545 -0.4132349
vn -0.27611402 -0.8677545 -0.4132349
vn -0.27611402 -0.8677545 -0.4132349
vn -0.27611402 -0.8677545 -0.4132349
vn -0.09695821 -0.8677545 -0.48744366
vn -0.09695821 -0.8677545 -0.48744366
vn -0.09695821 -0.8677545 -0.48744366
vn -0.09695821 -0.8677545 -0.48744366
vn -0 1 0
vn -0 1 0
vn -0 1 0
vn -0 1 0
vn -0 1 0
vn -0 1 0
vn -0 1 0
vn -0 1 0
vn 2.1214944E-07 1 0
vn 2.1214944E-07 1 0
vn 2.1214944E-07 1 0
vn 2.1214944E-07 1 0
vn -0 1 0
vn -0 1 0
vn -0 1 0
vn -0 1 0
vn -0 1 0
vn -0 1 0
vn -0 1 0
vn -0 1 0
vn 2.4750773E-07 1 0
vn 2.4750773E-07 1 0
vn 2.4750773E-07 1 0
vn 2.4750773E-07 1 0
vn -0 1 0
vn -0 1 0
vn -0 1 0
vn -0 1 0
vn -0 1 0
vn -0 1 0
vn -0 1 0
vn -0 1 0
vn -0 -1 0
vn -0 -1 0
vn -0 -1 0
vn -0 -1 0
vn -0 -1 0
vn -0 -1 0
vn -0 -1 0
vn -0 -1 0
vn -0 -1 0
vn -0 -1 0
vn -0 -1 0
vn -0 -1 0
vn -0 -1 0
vn -0 -1 0
vn -0 -1 0
vn -0 -1 0
vn 0.24081406 0.95714027 0.16090721
vn 0.24081406 0.95714027 0.16090721
vn 0.24081406 0.95714027 0.16090721
vn 0.24081406 0.95714027 0.16090721
vn -0.056503125 0.95714015 0.28405997
vn -0.056503125 0.95714015 0.28405997
vn -0.056503125 0.95714015 0.28405997
vn -0.056503125 0.95714015 0.28405997
vn -0 1 0
vn -0 1 0
vn -0 1 0
vn -0 1 0
vn -0 1 0
vn -0 1 0
vn -0 1 0
vn -0 1 0
vn -0 1 0
vn -0 1 0
vn -0 1 0
vn -0 1 0
vn -0 1 0
vn -0 1 0
vn -0 1 0
vn -0 1 0
vn -0.05650282 0.95714027 -0.28405976
vn -0.05650282 0.95714027 -0.28405976
vn -0.05650282 0.95714027 -0.28405976
vn -0.05650282 0.95714027 -0.28405976
vn 0.16090663 0.95714027 0.24081452
vn 0.16090663 0.95714027 0.24081452
vn 0.16090663 0.95714027 0.24081452
vn 0.16090663 0.95714027 0.24081452
vn -0.1609069 0.95714027 0.24081418
vn -0.1609069 0.95714027 0.24081418
vn -0.1609069 0.95714027 0.24081418
vn -0.1609069 0.95714027 0.24081418
vn 0.05650307 0.95714027 -0.2840597
vn 0.05650307 0.95714027 -0.2840597
vn 0.05650307 0.95714027 -0.2840597
vn 0.05650307 0.95714027 -0.2840597
vn 0.05650289 0.95714027 0.28405982
vn 0.05650289 0.95714027 0.28405982
vn 0.05650289 0.95714027 0.28405982
vn 0.05650289 0.95714027 0.28405982
vn -0.24081434 0.95714015 0.16090697
vn -0.24081434 0.95714015 0.16090697
vn -0.24081434 0.95714015 0.16090697
vn -0.24081434 0.95714015 0.16090697
vn 0.16090697 0.95714027 -0.24081406
vn 0.16090697 0.95714027 -0.24081406
vn 0.16090697 0.95714027 -0.24081406
vn 0.16090697 0.95714027 -0.24081406
vn -0.2840597 0.95714027 0.056503028
vn -0.2840597 0.95714027 0.056503028
vn -0.2840597 0.95714027 0.056503028
vn -0.2840597 0.95714027 0.056503028
vn 0.24081415 0.9571404 -0.16090667
vn 0.24081415 0.9571404 -0.16090667
vn 0.24081415 0.9571404 -0.16090667
vn 0.24081415 0.9571404 -0.16090667
vn -0.28405988 0.95714027 -0.056502968
vn -0.28405988 0.95714027 -0.056502968
vn -0.28405988 0.95714027 -0.056502968
vn -0.28405988 0.95714027 -0.056502968
vn 0.28405967 0.95714027 -0.056502726
vn 0.28405967 0.95714027 -0.056502726
vn 0.28405967 0.95714027 -0.056502726
vn 0.28405967 0.95714027 -0.056502726
vn -0.24081424 0.95714027 -0.16090696
vn -0.24081424 0.95714027 -0.16090696
vn -0.24081424 0.95714027 -0.16090696
vn -0.24081424 0.95714027 -0.16090696
vn 0.2840597 0.95714027 0.05650331
vn 0.2840597 0.95714027 0.05650331
vn 0.2840597 0.95714027 0.05650331
vn 0.2840597 0.95714027 0.05650331
vn -0.16090688 0.95714027 -0.24081406
vn -0.16090688 0.95714027 -0.24081406
vn -0.16090688 0.95714027 -0.24081406
vn -0.16090688 0.95714027 -0.24081406
vn 0.096958555 -0.8677545 -0.48744342
vn 0.096958555 -0.8677545 -0.48744342
vn 0.096958555 -0.8677545 -0.48744342
vn 0.096958555 -0.8677545 -0.48744342
vn 0.27611455 -0.8677545 -0.4132345
vn 0.27611455 -0.8677545 -0.4132345
vn 0.27611455 -0.8677545 -0.4132345
vn 0.27611455 -0.8677545 -0.4132345
vn 0.41323456 -0.8677545 -0.27611455
vn 0.41323456 -0.8677545 -0.27611455
vn 0.41323456 -0.8677545 -0.27611455
vn 0.41323456 -0.8677545 -0.27611455
vn 0.4874433 -0.8677546 -0.09695864
vn 0.4874433 -0.8677546 -0.09695864
vn 0.4874433 -0.8677546 -0.09695864
vn 0.4874433 -0.8677546 -0.09695864
vn 0.4874433 -0.8677546 0.09695852
vn 0.4874433 -0.8677546 0.09695852
vn 0.4874433 -0.8677546 0.09695852
vn 0.4874433 -0.8677546 0.09695852
vn 0.41323465 -0.8677545 0.27611455
vn 0.41323465 -0.8677545 0.27611455
vn 0.41323465 -0.8677545 0.27611455
vn 0.41323465 -0.8677545 0.27611455
vn 0.27611455 -0.8677545 0.4132346
vn 0.27611455 -0.8677545 0.4132346
vn 0.27611455 -0.8677545 0.4132346
vn 0.27611455 -0.8677545 0.4132346
vn 0.096958354 -0.8677546 0.4874433
vn 0.096958354 -0.8677546 0.4874433
vn 0.096958354 -0.8677546 0.4874433
vn 0.096958354 -0.8677546 0.4874433
vn -0.09695876 -0.8677544 0.48744372
vn -0.09695876 -0.8677544 0.48744372
vn -0.09695876 -0.8677544 0.48744372
vn -0.09695876 -0.8677544 0.48744372
vn -0.27611464 -0.8677546 0.41323444
vn -0.27611464 -0.8677546 0.41323444
vn -0.27611464 -0.8677546 0.41323444
vn -0.27611464 -0.8677546 0.41323444
vn -0.4132348 -0.8677545 0.27611408
vn -0.4132348 -0.8677545 0.27611408
vn -0.4132348 -0.8677545 0.27611408
vn -0.4132348 -0.8677545 0.27611408
vn -0.48744333 -0.8677546 0.09695809
vn -0.48744333 -0.8677546 0.09695809
vn -0.48744333 -0.8677546 0.09695809
vn -0.48744333 -0.8677546 0.09695809
vn -0.4874435 -0.8677545 -0.09695909
vn -0.4874435 -0.8677545 -0.09695909
vn -0.4874435 -0.8677545 -0.09695909
vn -0.4874435 -0.8677545 -0.09695909
vn -0.41323426 -0.8677545 -0.27611506
vn -0.41323426 -0.8677545 -0.27611506
vn -0.41323426 -0.8677545 -0.27611506
vn -0.41323426 -0.8677545 -0.27611506
vn -0.276114 -0.8677545 -0.4132349
vn -0.276114 -0.8677545 -0.4132349
vn -0.276114 -0.8677545 -0.4132349
vn -0.276114 -0.8677545 -0.4132349
vn -0.09695828 -0.8677545 -0.48744363
vn -0.09695828 -0.8677545 -0.48744363
vn -0.09695828 -0.8677545 -0.48744363
vn -0.09695828 -0.8677545 -0.48744363
vn -0 1 0
vn -0 1 0
vn -0 1 0
vn -0 1 0
vn -2.264246E-07 1 0
vn -2.264246E-07 1 0
vn -2.264246E-07 1 0
vn -2.264246E-07 1 0
vn 1.0607472E-07 1 0
vn 1.0607472E-07 1 0
vn 1.0607472E-07 1 0
vn 1.0607472E-07 1 0
vn -0 1 0
vn -0 1 0
vn -0 1 0
vn -0 1 0
vn -0 1 0
vn -0 1 0
vn -0 1 0
vn -0 1 0
vn -0 1 0
vn -0 1 0
vn -0 1 0
vn -0 1 0
vn -0 1 0
vn -0 1 0
vn -0 1 0
vn -0 1 0
vn -0 1 0
vn -0 1 0
vn -0 1 0
vn -0 1 0
vn -0 -1 0
vn -0 -1 0
vn -0 -1 0
vn -0 -1 0
vn -0 -1 0
vn -0 -1 0
vn -0 -1 0
vn -0 -1 0
vn -0 -1 0
vn -0 -1 0
vn -0 -1 0
vn -0 -1 0
vn -0 -1 0
vn -0 -1 0
vn -0 -1 0
vn -0 -1 0
vn 0.24081406 0.95714027 0.16090721
vn 0.24081406 0.95714027 0.16090721
vn 0.24081406 0.95714027 0.16090721
vn 0.24081406 0.95714027 0.16090721
vn -0.056503065 0.95714015 0.28405997
vn -0.056503065 0.95714015 0.28405997
vn -0.056503065 0.95714015 0.28405997
vn -0.056503065 0.95714015 0.28405997
vn -0 1 0
vn -0 1 0
vn -0 1 0
vn -0 1 0
vn -0 1 0
vn -0 1 0
vn -0 1 0
vn -0 1 0
vn -0 1 0
vn -0 1 0
vn -0 1 0
vn -0 1 0
vn -0 1 0
vn -0 1 0
vn -0 1 0
vn -0 1 0
vn -0.05650294 0.95714027 -0.28405976
vn -0.05650294 0.95714027 -0.28405976
vn -0.05650294 0.95714027 -0.28405976
vn -0.05650294 0.95714027 -0.28405976
vn 0.16090667 0.95714027 0.24081452
vn 0.16090667 0.95714027 0.24081452
vn 0.16090667 0.95714027 0.24081452
vn 0.16090667 0.95714027 0.24081452
vn -0.16090688 0.95714027 0.24081418
vn -0.16090688 0.95714027 0.24081418
vn -0.16090688 0.95714027 0.24081418
vn -0.16090688 0.95714027 0.24081418
vn 0.056503136 0.95714027 -0.2840597
vn 0.056503136 0.95714027 -0.2840597
vn 0.056503136 0.95714027 -0.2840597
vn 0.056503136 0.95714027 -0.2840597
vn 0.05650279 0.95714027 0.28405982
vn 0.05650279 0.95714027 0.28405982
vn 0.05650279 0.95714027 0.28405982
vn 0.05650279 0.95714027 0.28405982
vn -0.24081437 0.95714015 0.16090697
vn -0.24081437 0.95714015 0.16090697
vn -0.24081437 0.95714015 0.16090697
vn -0.24081437 0.95714015 0.16090697
vn 0.16090696 0.95714027 -0.24081406
vn 0.16090696 0.95714027 -0.24081406
vn 0.16090696 0.95714027 -0.24081406
vn 0.16090696 0.95714027 -0.24081406
vn -0.2840596 0.95714027 0.056503028
vn -0.2840596 0.95714027 0.056503028
vn -0.2840596 0.95714027 0.056503028
vn -0.2840596 0.95714027 0.056503028
vn 0.24081418 0.95714027 -0.16090664
vn 0.24081418 0.95714027 -0.16090664
vn 0.24081418 0.95714027 -0.16090664
vn 0.24081418 0.95714027 -0.16090664
vn -0.28405982 0.95714027 -0.056502968
vn -0.28405982 0.95714027 -0.056502968
vn -0.28405982 0.95714027 -0.056502968
vn -0.28405982 0.95714027 -0.056502968
vn 0.28405973 0.95714027 -0.056502726
vn 0.28405973 0.95714027 -0.056502726
vn 0.28405973 0.95714027 -0.056502726
vn 0.28405973 0.95714027 -0.056502726
vn -0.24081421 0.95714027 -0.16090696
vn -0.24081421 0.95714027 -0.16090696
vn -0.24081421 0.95714027 -0.16090696
vn -0.24081421 0.95714027 -0.16090696
vn 0.28405976 0.95714027 0.05650331
vn 0.28405976 0.95714027 0.05650331
vn 0.28405976 0.95714027 0.05650331
vn 0.28405976 0.95714027 0.05650331
vn -0.16090687 0.95714027 -0.24081406
vn -0.16090687 0.95714027 -0.24081406
vn -0.16090687 0.95714027 -0.24081406
vn -0.16090687 0.95714027 -0.24081406
vn 0.09695858 -0.8677545 -0.48744342
vn 0.09695858 -0.8677545 -0.48744342
vn 0.09695858 -0.8677545 -0.48744342
vn 0.09695858 -0.8677545 -0.48744342
vn 0.27611455 -0.8677545 -0.4132345
vn 0.27611455 -0.8677545 -0.4132345
vn 0.27611455 -0.8677545 -0.4132345
vn 0.27611455 -0.8677545 -0.4132345
vn 0.41323465 -0.8677545 -0.2761146
vn 0.41323465 -0.8677545 -0.2761146
vn 0.41323465 -0.8677545 -0.2761146
vn 0.41323465 -0.8677545 -0.2761146
vn 0.48744342 -0.8677545 -0.09695863
vn 0.48744342 -0.8677545 -0.09695863
vn 0.48744342 -0.8677545 -0.09695863
vn 0.48744342 -0.8677545 -0.09695863
vn 0.48744342 -0.8677545 0.09695852
vn 0.48744342 -0.8677545 0.09695852
vn 0.48744342 -0.8677545 0.09695852
vn 0.48744342 -0.8677545 0.09695852
vn 0.41323468 -0.8677545 0.27611464
vn 0.41323468 -0.8677545 0.27611464
vn 0.41323468 -0.8677545 0.27611464
vn 0.41323468 -0.8677545 0.27611464
vn 0.27611455 -0.8677545 0.4132346
vn 0.27611455 -0.8677545 0.4132346
vn 0.27611455 -0.8677545 0.4132346
vn 0.27611455 -0.8677545 0.4132346
vn 0.0969584 -0.8677546 0.4874433
vn 0.0969584 -0.8677546 0.4874433
vn 0.0969584 -0.8677546 0.4874433
vn 0.0969584 -0.8677546 0.4874433
vn -0.096958786 -0.86775434 0.48744372
vn -0.096958786 -0.86775434 0.48744372
vn -0.096958786 -0.86775434 0.48744372
vn -0.096958786 -0.86775434 0.48744372
vn -0.2761146 -0.8677545 0.41323444
vn -0.2761146 -0.8677545 0.41323444
vn -0.2761146 -0.8677545 0.41323444
vn -0.2761146 -0.8677545 0.41323444
vn -0.41323483 -0.8677546 0.27611405
vn -0.41323483 -0.8677546 0.27611405
vn -0.41323483 -0.8677546 0.27611405
vn -0.41323483 -0.8677546 0.27611405
vn -0.48744345 -0.8677546 0.09695821
vn -0.48744345 -0.8677546 0.09695821
vn -0.48744345 -0.8677546 0.09695821
vn -0.48744345 -0.8677546 0.09695821
vn -0.4874435 -0.8677545 -0.09695909
vn -0.4874435 -0.8677545 -0.09695909
vn -0.4874435 -0.8677545 -0.09695909
vn -0.4874435 -0.8677545 -0.09695909
vn -0.41323435 -0.8677545 -0.27611515
vn -0.41323435 -0.8677545 -0.27611515
vn -0.41323435 -0.8677545 -0.27611515
vn -0.41323435 -0.8677545 -0.27611515
vn -0.276114 -0.8677545 -0.4132349
vn -0.276114 -0.8677545 -0.4132349
vn -0.276114 -0.8677545 -0.4132349
vn -0.276114 -0.8677545 -0.4132349
vn -0.09695825 -0.8677545 -0.48744366
vn -0.09695825 -0.8677545 -0.48744366
vn -0.09695825 -0.8677545 -0.48744366
vn -0.09695825 -0.8677545 -0.48744366
vn -0 1 0
vn -0 1 0
vn -0 1 0
vn -0 1 0
vn -0 1 0
vn -0 1 0
vn -0 1 0
vn -0 1 0
vn -0 1 0
vn -0 1 0
vn -0 1 0
vn -0 1 0
vn -0 1 0
vn -0 1 0
vn -0 1 0
vn -0 1 0
vn -0 1 0
vn -0 1 0
vn -0 1 0
vn -0 1 0
vn -0 1 0
vn -0 1 0
vn -0 1 0
vn -0 1 0
vn -0 1 0
vn -0 1 0
vn -0 1 0
vn -0 1 0
vn -0 1 0
vn -0 1 0
vn -0 1 0
vn -0 1 0
vn -0 -1 0
vn -0 -1 0
vn -0 -1 0
vn -0 -1 0
vn -0 -1 0
vn -0 -1 0
vn -0 -1 0
vn -0 -1 0
vn -0 -1 0
vn -0 -1 0
vn -0 -1 0
vn -0 -1 0
vn -0 -1 0
vn -0 -1 0
vn -0 -1 0
vn -0 -1 0
vn 0.24081406 0.95714027 0.16090721
vn 0.24081406 0.95714027 0.16090721
vn 0.24081406 0.95714027 0.16090721
vn 0.24081406 0.95714027 0.16090721
vn -0.056503087 0.95714015 0.28405997
vn -0.056503087 0.95714015 0.28405997
vn -0.056503087 0.95714015 0.28405997
vn -0.056503087 0.95714015 0.28405997
vn -0 1 0
vn -0 1 0
vn -0 1 0
vn -0 1 0
vn -0 1 0
vn -0 1 0
vn -0 1 0
vn -0 1 0
vn -0 1 0
vn -0 1 0
vn -0 1 0
vn -0 1 0
vn -0 1 0
vn -0 1 0
vn -0 1 0
vn -0 1 0
vn -0.056502867 0.95714027 -0.28405976
vn -0.056502867 0.95714027 -0.28405976
vn -0.056502867 0.95714027 -0.28405976
vn -0.056502867 0.95714027 -0.28405976
vn 0.16090663 0.95714027 0.24081452
vn 0.16090663 0.95714027 0.24081452
vn 0.16090663 0.95714027 0.24081452
vn 0.16090663 0.95714027 0.24081452
vn -0.16090691 0.95714027 0.24081418
vn -0.16090691 0.95714027 0.24081418
vn -0.16090691 0.95714027 0.24081418
vn -0.16090691 0.95714027 0.24081418
vn 0.05650306 0.95714027 -0.2840597
vn 0.05650306 0.95714027 -0.2840597
vn 0.05650306 0.95714027 -0.2840597
vn 0.05650306 0.95714027 -0.2840597
vn 0.05650286 0.95714027 0.28405982
vn 0.05650286 0.95714027 0.28405982
vn 0.05650286 0.95714027 0.28405982
vn 0.05650286 0.95714027 0.28405982
vn -0.24081434 0.95714027 0.16090699
vn -0.24081434 0.95714027 0.16090699
vn -0.24081434 0.95714027 0.16090699
vn -0.24081434 0.95714027 0.16090699
vn 0.16090699 0.95714027 -0.24081406
vn 0.16090699 0.95714027 -0.24081406
vn 0.16090699 0.95714027 -0.24081406
vn 0.16090699 0.95714027 -0.24081406
vn -0.28405976 0.95714027 0.05650303
vn -0.28405976 0.95714027 0.05650303
vn -0.28405976 0.95714027 0.05650303
vn -0.28405976 0.95714027 0.05650303
vn 0.24081424 0.95714027 -0.16090664
vn 0.24081424 0.95714027 -0.16090664
vn 0.24081424 0.95714027 -0.16090664
vn 0.24081424 0.95714027 -0.16090664
vn -0.2840597 0.95714027 -0.056502968
vn -0.2840597 0.95714027 -0.056502968
vn -0.2840597 0.95714027 -0.056502968
vn -0.2840597 0.95714027 -0.056502968
vn 0.2840597 0.95714027 -0.056502726
vn 0.2840597 0.95714027 -0.056502726
vn 0.2840597 0.95714027 -0.056502726
vn 0.2840597 0.95714027 -0.056502726
vn -0.24081424 0.95714027 -0.16090696
vn -0.24081424 0.95714027 -0.16090696
vn -0.24081424 0.95714027 -0.16090696
vn -0.24081424 0.95714027 -0.16090696
vn 0.2840597 0.95714027 0.05650331
vn 0.2840597 0.95714027 0.05650331
vn 0.2840597 0.95714027 0.05650331
vn 0.2840597 0.95714027 0.05650331
vn -0.16090682 0.95714027 -0.24081406
vn -0.16090682 0.95714027 -0.24081406
vn -0.16090682 0.95714027 -0.24081406
vn -0.16090682 0.95714027 -0.24081406
vn 0.09695858 -0.8677545 -0.48744342
vn 0.09695858 -0.8677545 -0.48744342
vn 0.09695858 -0.8677545 -0.48744342
vn 0.09695858 -0.8677545 -0.48744342
vn 0.27611455 -0.8677545 -0.4132345
vn 0.27611455 -0.8677545 -0.4132345
vn 0.27611455 -0.8677545 -0.4132345
vn 0.27611455 -0.8677545 -0.4132345
vn 0.41323465 -0.8677545 -0.2761146
vn 0.41323465 -0.8677545 -0.2761146
vn 0.41323465 -0.8677545 -0.2761146
vn 0.41323465 -0.8677545 -0.2761146
vn 0.48744342 -0.8677545 -0.09695863
vn 0.48744342 -0.8677545 -0.09695863
vn 0.48744342 -0.8677545 -0.09695863
vn 0.48744342 -0.8677545 -0.09695863
vn 0.48744342 -0.8677545 0.09695852
vn 0.48744342 -0.8677545 0.09695852
vn 0.48744342 -0.8677545 0.09695852
vn 0.48744342 -0.8677545 0.09695852
vn 0.41323468 -0.8677545 0.27611464
vn 0.41323468 -0.8677545 0.27611464
vn 0.41323468 -0.8677545 0.27611464
vn 0.41323468 -0.8677545 0.27611464
vn 0.27611458 -0.8677545 0.41323465
vn 0.27611458 -0.8677545 0.41323465
vn 0.27611458 -0.8677545 0.41323465
vn 0.27611458 -0.8677545 0.41323465
vn 0.09695838 -0.8677546 0.4874433
vn 0.09695838 -0.8677546 0.4874433
vn 0.09695838 -0.8677546 0.4874433
vn 0.09695838 -0.8677546 0.4874433
vn -0.096958786 -0.86775434 0.48744372
vn -0.096958786 -0.86775434 0.48744372
vn -0.096958786 -0.86775434 0.48744372
vn -0.096958786 -0.86775434 0.48744372
vn -0.2761146 -0.8677545 0.41323444
vn -0.2761146 -0.8677545 0.41323444
vn -0.2761146 -0.8677545 0.41323444
vn -0.2761146 -0.8677545 0.41323444
vn -0.41323486 -0.8677545 0.27611402
vn -0.41323486 -0.8677545 0.27611402
vn -0.41323486 -0.8677545 0.27611402
vn -0.41323486 -0.8677545 0.27611402
vn -0.4874435 -0.8677545 0.09695821
vn -0.4874435 -0.8677545 0.09695821
vn -0.4874435 -0.8677545 0.09695821
vn -0.4874435 -0.8677545 0.09695821
vn -0.4874435 -0.8677545 -0.09695909
vn -0.4874435 -0.8677545 -0.09695909
vn -0.4874435 -0.8677545 -0.09695909
vn -0.4874435 -0.8677545 -0.09695909
vn -0.4132344 -0.8677545 -0.27611515
vn -0.4132344 -0.8677545 -0.27611515
vn -0.4132344 -0.8677545 -0.27611515
vn -0.4132344 -0.8677545 -0.27611515
vn -0.276114 -0.8677545 -0.4132349
vn -0.276114 -0.8677545 -0.4132349
vn -0.276114 -0.8677545 -0.4132349
vn -0.276114 -0.8677545 -0.4132349
vn -0.096958265 -0.8677545 -0.48744366
vn -0.096958265 -0.8677545 -0.48744366
vn -0.096958265 -0.8677545 -0.48744366
vn -0.096958265 -0.8677545 -0.48744366
vn -0 1 0
vn -0 1 0
vn -0 1 0
vn -0 1 0
vn -0 1 0
vn -0 1 0
vn -0 1 0
vn -0 1 0
vn -0 1 0
vn -0 1 0
vn -0 1 0
vn -0 1 0
vn -0 1 0
vn -0 1 0
vn -0 1 0
vn -0 1 0
vn -0 1 0
vn -0 1 0
vn -0 1 0
vn -0 1 0
vn -0 1 0
vn -0 1 0
vn -0 1 0
vn -0 1 0
vn -0 1 0
vn -0 1 0
vn -0 1 0
vn -0 1 0
vn -0 1 0
vn -0 1 0
vn -0 1 0
vn -0 1 0
vn -0 -1 0
vn -0 -1 0
vn -0 -1 0
vn -0 -1 0
vn -0 -1 0
vn -0 -1 0
vn -0 -1 0
vn -0 -1 0
vn -0 -1 0
vn -0 -1 0
vn -0 -1 0
vn -0 -1 0
vn -0 -1 0
vn -0 -1 0
vn -0 -1 0
vn -0 -1 0
vn 0.24081409 0.95714027 0.16090727
vn 0.24081409 0.95714027 0.16090727
vn 0.24081409 0.95714027 0.16090727
vn 0.24081409 0.95714027 0.16090727
vn -0.05650308 0.95714015 0.28405997
vn -0.05650308 0.95714015 0.28405997
vn -0.05650308 0.95714015 0.28405997
vn -0.05650308 0.95714015 0.28405997
vn -0 1 0
vn -0 1 0
vn -0 1 0
vn -0 1 0
vn -0 1 0
vn -0 1 0
vn -0 1 0
vn -0 1 0
vn -0 1 0
vn -0 1 0
vn -0 1 0
vn -0 1 0
vn -0 1 0
vn -0 1 0
vn -0 1 0
vn -0 1 0
vn -0.056502912 0.95714027 -0.28405988
vn -0.056502912 0.95714027 -0.28405988
vn -0.056502912 0.95714027 -0.28405988
vn -0.056502912 0.95714027 -0.28405988
vn 0.16090664 0.95714027 0.24081452
vn 0.16090664 0.95714027 0.24081452
vn 0.16090664 0.95714027 0.24081452
vn 0.16090664 0.95714027 0.24081452
vn -0.1609069 0.95714027 0.2408143
vn -0.1609069 0.95714027 0.2408143
vn -0.1609069 0.95714027 0.2408143
vn -0.1609069 0.95714027 0.2408143
vn 0.05650309 0.95714027 -0.28405976
vn 0.05650309 0.95714027 -0.28405976
vn 0.05650309 0.95714027 -0.28405976
vn 0.05650309 0.95714027 -0.28405976
vn 0.05650284 0.95714027 0.28405988
vn 0.05650284 0.95714027 0.28405988
vn 0.05650284 0.95714027 0.28405988
vn 0.05650284 0.95714027 0.28405988
vn -0.24081434 0.95714015 0.16090697
vn -0.24081434 0.95714015 0.16090697
vn -0.24081434 0.95714015 0.16090697
vn -0.24081434 0.95714015 0.16090697
vn 0.16090705 0.95714027 -0.24081406
vn 0.16090705 0.95714027 -0.24081406
vn 0.16090705 0.95714027 -0.24081406
vn 0.16090705 0.95714027 -0.24081406
vn -0.28405982 0.95714027 0.056503095
vn -0.28405982 0.95714027 0.056503095
vn -0.28405982 0.95714027 0.056503095
vn -0.28405982 0.95714027 0.056503095
vn 0.24081424 0.95714027 -0.1609067
vn 0.24081424 0.95714027 -0.1609067
vn 0.24081424 0.95714027 -0.1609067
vn 0.24081424 0.95714027 -0.1609067
vn -0.28405976 0.95714027 -0.056503028
vn -0.28405976 0.95714027 -0.056503028
vn -0.28405976 0.95714027 -0.056503028
vn -0.28405976 0.95714027 -0.056503028
vn 0.28405973 0.95714027 -0.05650279
vn 0.28405973 0.95714027 -0.05650279
vn 0.28405973 0.95714027 -0.05650279
vn 0.28405973 0.95714027 -0.05650279
vn -0.2408143 0.95714027 -0.16090696
vn -0.2408143 0.95714027 -0.16090696
vn -0.2408143 0.95714027 -0.16090696
vn -0.2408143 0.95714027 -0.16090696
vn 0.28405976 0.95714027 0.056503378
vn 0.28405976 0.95714027 0.056503378
vn 0.28405976 0.95714027 0.056503378
vn 0.28405976 0.95714027 0.056503378
vn -0.16090687 0.95714027 -0.24081412
vn -0.16090687 0.95714027 -0.24081412
vn -0.16090687 0.95714027 -0.24081412
vn -0.16090687 0.95714027 -0.24081412
vn 0.0969586 -0.8677545 -0.48744342
vn 0.0969586 -0.8677545 -0.48744342
vn 0.0969586 -0.8677545 -0.48744342
vn 0.0969586 -0.8677545 -0.48744342
g PlateStack_0
f 3/3/3 2/2/2 1/1/1
f 4/4/4 3/3/3 1/1/1
f 7/7/7 6/6/6 5/5/5
f 8/8/8 7/7/7 5/5/5
f 11/11/11 10/10/10 9/9/9
f 12/12/12 11/11/11 9/9/9
f 15/15/15 14/14/14 13/13/13
f 16/16/16 15/15/15 13/13/13
f 19/19/19 18/18/18 17/17/17
f 20/20/20 19/19/19 17/17/17
f 23/23/23 22/22/22 21/21/21
f 24/24/24 23/23/23 21/21/21
f 27/27/27 26/26/26 25/25/25
f 28/28/28 27/27/27 25/25/25
f 31/31/31 30/30/30 29/29/29
f 32/32/32 31/31/31 29/29/29
f 35/35/35 34/34/34 33/33/33
f 36/36/36 35/35/35 33/33/33
f 39/39/39 38/38/38 37/37/37
f 40/40/40 39/39/39 37/37/37
f 43/43/43 42/42/42 41/41/41
f 44/44/44 43/43/43 41/41/41
f 47/47/47 46/46/46 45/45/45
f 48/48/48 47/47/47 45/45/45
f 51/51/51 50/50/50 49/49/49
f 52/52/52 51/51/51 49/49/49
f 55/55/55 54/54/54 53/53/53
f 56/56/56 55/55/55 53/53/53
f 59/59/59 58/58/58 57/57/57
f 60/60/60 59/59/59 57/57/57
f 63/63/63 62/62/62 61/61/61
f 64/64/64 63/63/63 61/61/61
f 61/61/61 62/62/62 65/65/65
f 62/62/62 66/66/66 65/65/65
f 66/66/66 67/67/67 65/65/65
f 67/67/67 68/68/68 65/65/65
f 68/68/68 67/67/67 69/69/69
f 67/67/67 70/70/70 69/69/69
f 70/70/70 71/71/71 69/69/69
f 71/71/71 72/72/72 69/69/69
f 72/72/72 71/71/71 73/73/73
f 71/71/71 74/74/74 73/73/73
f 75/75/75 63/63/63 64/64/64
f 76/76/76 75/75/75 64/64/64
f 77/77/77 75/75/75 76/76/76
f 78/78/78 77/77/77 76/76/76
f 79/79/79 77/77/77 78/78/78
f 80/80/80 79/79/79 78/78/78
f 81/81/81 79/79/79 80/80/80
f 82/82/82 81/81/81 80/80/80
f 81/81/81 82/82/82 83/83/83
f 84/84/84 81/81/81 83/83/83
f 85/85/85 84/84/84 83/83/83
f 86/86/86 85/85/85 83/83/83
f 85/85/85 86/86/86 87/87/87
f 88/88/88 85/85/85 87/87/87
f 89/89/89 88/88/88 87/87/87
f 90/90/90 89/89/89 87/87/87
f 89/89/89 90/90/90 91/91/91
f 92/92/92 89/89/89 91/91/91
f 74/74/74 92/92/92 91/91/91
f 73/73/73 74/74/74 91/91/91
f 95/95/95 94/94/94 93/93/93
f 93/93/93 96/96/96 95/95/95
f 93/93/93 97/97/97 96/96/96
f 97/97/97 98/98/98 96/96/96
f 97/97/97 99/99/99 98/98/98
f 99/99/99 100/100/100 98/98/98
f 99/99/99 101/101/101 100/100/100
f 101/101/101 102/102/102 100/100/100
f 101/101/101 103/103/103 102/102/102
f 103/103/103 104/104/104 102/102/102
f 103/103/103 105/105/105 104/104/104
f 105/105/105 106/106/106 104/104/104
f 105/105/105 107/107/107 106/106/106
f 107/107/107 108/108/108 106/106/106
f 111/111/111 110/110/110 109/109/109
f 112/112/112 111/111/111 109/109/109
f 115/115/115 114/114/114 113/113/113
f 116/116/116 115/115/115 113/113/113
f 119/119/119 118/118/118 117/117/117
f 117/117/117 120/120/120 119/119/119
f 120/120/120 121/121/121 119/119/119
f 120/120/120 122/122/122 121/121/121
f 122/122/122 123/123/123 121/121/121
f 122/122/122 124/124/124 123/123/123
f 124/124/124 125/125/125 123/123/123
f 124/124/124 126/126/126 125/125/125
f 126/126/126 127/127/127 125/125/125
f 126/126/126 128/128/128 127/127/127
f 128/128/128 129/129/129 127/127/127
f 128/128/128 130/130/130 129/129/129
f 130/130/130 131/131/131 129/129/129
f 130/130/130 132/132/132 131/131/131
f 135/135/135 134/134/134 133/133/133
f 136/136/136 135/135/135 133/133/133
f 139/139/139 138/138/138 137/137/137
f 140/140/140 139/139/139 137/137/137
f 143/143/143 142/142/142 141/141/141
f 144/144/144 143/143/143 141/141/141
f 147/147/147 146/146/146 145/145/145
f 148/148/148 147/147/147 145/145/145
f 151/151/151 150/150/150 149/149/149
f 152/152/152 151/151/151 149/149/149
f 155/155/155 154/154/154 153/153/153
f 156/156/156 155/155/155 153/153/153
f 159/159/159 158/158/158 157/157/157
f 160/160/160 159/159/159 157/157/157
f 163/163/163 162/162/162 161/161/161
f 164/164/164 163/163/163 161/161/161
f 167/167/167 166/166/166 165/165/165
f 168/168/168 167/167/167 165/165/165
f 171/171/171 170/170/170 169/169/169
f 172/172/172 171/171/171 169/169/169
f 175/175/175 174/174/174 173/173/173
f 176/176/176 175/175/175 173/173/173
f 179/179/179 178/178/178 177/177/177
f 180/180/180 179/179/179 177/177/177
f 183/183/183 182/182/182 181/181/181
f 184/184/184 183/183/183 181/181/181
f 187/187/187 186/186/186 185/185/185
f 188/188/188 187/187/187 185/185/185
f 191/191/191 190/190/190 189/189/189
f 192/192/192 191/191/191 189/189/189
f 195/195/195 194/194/194 193/193/193
f 196/196/196 195/195/195 193/193/193
f 199/199/199 198/198/198 197/197/197
f 200/200/200 199/199/199 197/197/197
f 203/203/203 202/202/202 201/201/201
f 204/204/204 203/203/203 201/201/201
f 207/207/207 206/206/206 205/205/205
f 208/208/208 207/207/207 205/205/205
f 211/211/211 210/210/210 209/209/209
f 212/212/212 211/211/211 209/209/209
f 215/215/215 214/214/214 213/213/213
f 216/216/216 215/215/215 213/213/213
f 219/219/219 218/218/218 217/217/217
f 220/220/220 219/219/219 217/217/217
f 223/223/223 222/222/222 221/221/221
f 224/224/224 223/223/223 221/221/221
f 227/227/227 226/226/226 225/225/225
f 228/228/228 227/227/227 225/225/225
f 231/231/231 230/230/230 229/229/229
f 232/232/232 231/231/231 229/229/229
f 235/235/235 234/234/234 233/233/233
f 236/236/236 235/235/235 233/233/233
f 239/239/239 238/238/238 237/237/237
f 240/240/240 239/239/239 237/237/237
f 243/243/243 242/242/242 241/241/241
f 244/244/244 243/243/243 241/241/241
f 247/247/247 246/246/246 245/245/245
f 248/248/248 247/247/247 245/245/245
f 251/251/251 250/250/250 249/249/249
f 252/252/252 251/251/251 249/249/249
f 255/255/255 254/254/254 253/253/253
f 256/256/256 255/255/255 253/253/253
f 253/253/253 254/254/254 257/257/257
f 254/254/254 258/258/258 257/257/257
f 258/258/258 259/259/259 257/257/257
f 259/259/259 260/260/260 257/257/257
f 260/260/260 259/259/259 261/261/261
f 259/259/259 262/262/262 261/261/261
f 262/262/262 263/263/263 261/261/261
f 263/263/263 264/264/264 261/261/261
f 264/264/264 263/263/263 265/265/265
f 263/263/263 266/266/266 265/265/265
f 267/267/267 255/255/255 256/256/256
f 268/268/268 267/267/267 256/256/256
f 269/269/269 267/267/267 268/268/268
f 270/270/270 269/269/269 268/268/268
f 271/271/271 269/269/269 270/270/270
f 272/272/272 271/271/271 270/270/270
f 273/273/273 271/271/271 272/272/272
f 274/274/274 273/273/273 272/272/272
f 273/273/273 274/274/274 275/275/275
f 276/276/276 273/273/273 275/275/275
f 277/277/277 276/276/276 275/275/275
f 278/278/278 277/277/277 275/275/275
f 277/277/277 278/278/278 279/279/279
f 280/280/280 277/277/277 279/279/279
f 281/281/281 280/280/280 279/279/279
f 282/282/282 281/281/281 279/279/279
f 281/281/281 282/282/282 283/283/283
f 284/284/284 281/281/281 283/283/283
f 266/266/266 284/284/284 283/283/283
f 265/265/265 266/266/266 283/283/283
f 287/287/287 286/286/286 285/285/285
f 285/285/285 288/288/288 287/287/287
f 285/285/285 289/289/289 288/288/288
f 289/289/289 290/290/290 288/288/288
f 289/289/289 291/291/291 290/290/290
f 291/291/291 292/292/292 290/290/290
f 291/291/291 293/293/293 292/292/292
f 293/293/293 294/294/294 292/292/292
f 293/293/293 295/295/295 294/294/294
f 295/295/295 296/296/296 294/294/294
f 295/295/295 297/297/297 296/296/296
f 297/297/297 298/298/298 296/296/296
f 297/297/297 299/299/299 298/298/298
f 299/299/299 300/300/300 298/298/298
f 303/303/303 302/302/302 301/301/301
f 304/304/304 303/303/303 301/301/301
f 307/307/307 306/306/306 305/305/305
f 308/308/308 307/307/307 305/305/305
f 311/311/311 310/310/310 309/309/309
f 309/309/309 312/312/312 311/311/311
f 312/312/312 313/313/313 311/311/311
f 312/312/312 314/314/314 313/313/313
f 314/314/314 315/315/315 313/313/313
f 314/314/314 316/316/316 315/315/315
f 316/316/316 317/317/317 315/315/315
f 316/316/316 318/318/318 317/317/317
f 318/318/318 319/319/319 317/317/317
f 318/318/318 320/320/320 319/319/319
f 320/320/320 321/321/321 319/319/319
f 320/320/320 322/322/322 321/321/321
f 322/322/322 323/323/323 321/321/321
f 322/322/322 324/324/324 323/323/323
f 327/327/327 326/326/326 325/325/325
f 328/328/328 327/327/327 325/325/325
f 331/331/331 330/330/330 329/329/329
f 332/332/332 331/331/331 329/329/329
f 335/335/335 334/334/334 333/333/333
f 336/336/336 335/335/335 333/333/333
f 339/339/339 338/338/338 337/337/337
f 340/340/340 339/339/339 337/337/337
f 343/343/343 342/342/342 341/341/341
f 344/344/344 343/343/343 341/341/341
f 347/347/347 346/346/346 345/345/345
f 348/348/348 347/347/347 345/345/345
f 351/351/351 350/350/350 349/349/349
f 352/352/352 351/351/351 349/349/349
f 355/355/355 354/354/354 353/353/353
f 356/356/356 355/355/355 353/353/353
f 359/359/359 358/358/358 357/357/357
f 360/360/360 359/359/359 357/357/357
f 363/363/363 362/362/362 361/361/361
f 364/364/364 363/363/363 361/361/361
f 367/367/367 366/366/366 365/365/365
f 368/368/368 367/367/367 365/365/365
f 371/371/371 370/370/370 369/369/369
f 372/372/372 371/371/371 369/369/369
f 375/375/375 374/374/374 373/373/373
f 376/376/376 375/375/375 373/373/373
f 379/379/379 378/378/378 377/377/377
f 380/380/380 379/379/379 377/377/377
f 383/383/383 382/382/382 381/381/381
f 384/384/384 383/383/383 381/381/381
f 387/387/387 386/386/386 385/385/385
f 388/388/388 387/387/387 385/385/385
f 391/391/391 390/390/390 389/389/389
f 392/392/392 391/391/391 389/389/389
f 395/395/395 394/394/394 393/393/393
f 396/396/396 395/395/395 393/393/393
f 399/399/399 398/398/398 397/397/397
f 400/400/400 399/399/399 397/397/397
f 403/403/403 402/402/402 401/401/401
f 404/404/404 403/403/403 401/401/401
f 407/407/407 406/406/406 405/405/405
f 408/408/408 407/407/407 405/405/405
f 411/411/411 410/410/410 409/409/409
f 412/412/412 411/411/411 409/409/409
f 415/415/415 414/414/414 413/413/413
f 416/416/416 415/415/415 413/413/413
f 419/419/419 418/418/418 417/417/417
f 420/420/420 419/419/419 417/417/417
f 423/423/423 422/422/422 421/421/421
f 424/424/424 423/423/423 421/421/421
f 427/427/427 426/426/426 425/425/425
f 428/428/428 427/427/427 425/425/425
f 431/431/431 430/430/430 429/429/429
f 432/432/432 431/431/431 429/429/429
f 435/435/435 434/434/434 433/433/433
f 436/436/436 435/435/435 433/433/433
f 439/439/439 438/438/438 437/437/437
f 440/440/440 439/439/439 437/437/437
f 443/443/443 442/442/442 441/441/441
f 444/444/444 443/443/443 441/441/441
f 447/447/447 446/446/446 445/445/445
f 448/448/448 447/447/447 445/445/445
f 445/445/445 446/446/446 449/449/449
f 446/446/446 450/450/450 449/449/449
f 450/450/450 451/451/451 449/449/449
f 451/451/451 452/452/452 449/449/449
f 452/452/452 451/451/451 453/453/453
f 451/451/451 454/454/454 453/453/453
f 454/454/454 455/455/455 453/453/453
f 455/455/455 456/456/456 453/453/453
f 456/456/456 455/455/455 457/457/457
f 455/455/455 458/458/458 457/457/457
f 459/459/459 447/447/447 448/448/448
f 460/460/460 459/459/459 448/448/448
f 461/461/461 459/459/459 460/460/460
f 462/462/462 461/461/461 460/460/460
f 463/463/463 461/461/461 462/462/462
f 464/464/464 463/463/463 462/462/462
f 465/465/465 463/463/463 464/464/464
f 466/466/466 465/465/465 464/464/464
f 465/465/465 466/466/466 467/467/467
f 468/468/468 465/465/465 467/467/467
f 469/469/469 468/468/468 467/467/467
f 470/470/470 469/469/469 467/467/467
f 469/469/469 470/470/470 471/471/471
f 472/472/472 469/469/469 471/471/471
f 473/473/473 472/472/472 471/471/471
f 474/474/474 473/473/473 471/471/471
f 473/473/473 474/474/474 475/475/475
f 476/476/476 473/473/473 475/475/475
f 458/458/458 476/476/476 475/475/475
f 457/457/457 458/458/458 475/475/475
f 479/479/479 478/478/478 477/477/477
f 477/477/477 480/480/480 479/479/479
f 477/477/477 481/481/481 480/480/480
f 481/481/481 482/482/482 480/480/480
f 481/481/481 483/483/483 482/482/482
f 483/483/483 484/484/484 482/482/482
f 483/483/483 485/485/485 484/484/484
f 485/485/485 486/486/486 484/484/484
f 485/485/485 487/487/487 486/486/486
f 487/487/487 488/488/488 486/486/486
f 487/487/487 489/489/489 488/488/488
f 489/489/489 490/490/490 488/488/488
f 489/489/489 491/491/491 490/490/490
f 491/491/491 492/492/492 490/490/490
f 495/495/495 494/494/494 493/493/493
f 496/496/496 495/495/495 493/493/493
f 499/499/499 498/498/498 497/497/497
f 500/500/500 499/499/499 497/497/497
f 503/503/503 502/502/502 501/501/501
f 501/501/501 504/504/504 503/503/503
f 504/504/504 505/505/505 503/503/503
f 504/504/504 506/506/506 505/505/505
f 506/506/506 507/507/507 505/505/505
f 506/506/506 508/508/508 507/507/507
f 508/508/508 509/509/509 507/507/507
f 508/508/508 510/510/510 509/509/509
f 510/510/510 511/511/511 509/509/509
f 510/510/510 512/512/512 511/511/511
f 512/512/512 513/513/513 511/511/511
f 512/512/512 514/514/514 513/513/513
f 514/514/514 515/515/515 513/513/513
f 514/514/514 516/516/516 515/515/515
f 519/519/519 518/518/518 517/517/517
f 520/520/520 519/519/519 517/517/517
f 523/523/523 522/522/522 521/521/521
f 524/524/524 523/523/523 521/521/521
f 527/527/527 526/526/526 525/525/525
f 528/528/528 527/527/527 525/525/525
f 531/531/531 530/530/530 529/529/529
f 532/532/532 531/531/531 529/529/529
f 535/535/535 534/534/534 533/533/533
f 536/536/536 535/535/535 533/533/533
f 539/539/539 538/538/538 537/537/537
f 540/540/540 539/539/539 537/537/537
f 543/543/543 542/542/542 541/541/541
f 544/544/544 543/543/543 541/541/541
f 547/547/547 546/546/546 545/545/545
f 548/548/548 547/547/547 545/545/545
f 551/551/551 550/550/550 549/549/549
f 552/552/552 551/551/551 549/549/549
f 555/555/555 554/554/554 553/553/553
f 556/556/556 555/555/555 553/553/553
f 559/559/559 558/558/558 557/557/557
f 560/560/560 559/559/559 557/557/557
f 563/563/563 562/562/562 561/561/561
f 564/564/564 563/563/563 561/561/561
f 567/567/567 566/566/566 565/565/565
f 568/568/568 567/567/567 565/565/565
f 571/571/571 570/570/570 569/569/569
f 572/572/572 571/571/571 569/569/569
f 575/575/575 574/574/574 573/573/573
f 576/576/576 575/575/575 573/573/573
f 579/579/579 578/578/578 577/577/577
f 580/580/580 579/579/579 577/577/577
f 583/583/583 582/582/582 581/581/581
f 584/584/584 583/583/583 581/581/581
f 587/587/587 586/586/586 585/585/585
f 588/588/588 587/587/587 585/585/585
f 591/591/591 590/590/590 589/589/589
f 592/592/592 591/591/591 589/589/589
f 595/595/595 594/594/594 593/593/593
f 596/596/596 595/595/595 593/593/593
f 599/599/599 598/598/598 597/597/597
f 600/600/600 599/599/599 597/597/597
f 603/603/603 602/602/602 601/601/601
f 604/604/604 603/603/603 601/601/601
f 607/607/607 606/606/606 605/605/605
f 608/608/608 607/607/607 605/605/605
f 611/611/611 610/610/610 609/609/609
f 612/612/612 611/611/611 609/609/609
f 615/615/615 614/614/614 613/613/613
f 616/616/616 615/615/615 613/613/613
f 619/619/619 618/618/618 617/617/617
f 620/620/620 619/619/619 617/617/617
f 623/623/623 622/622/622 621/621/621
f 624/624/624 623/623/623 621/621/621
f 627/627/627 626/626/626 625/625/625
f 628/628/628 627/627/627 625/625/625
f 631/631/631 630/630/630 629/629/629
f 632/632/632 631/631/631 629/629/629
f 635/635/635 634/634/634 633/633/633
f 636/636/636 635/635/635 633/633/633
f 639/639/639 638/638/638 637/637/637
f 640/640/640 639/639/639 637/637/637
f 637/637/637 638/638/638 641/641/641
f 638/638/638 642/642/642 641/641/641
f 642/642/642 643/643/643 641/641/641
f 643/643/643 644/644/644 641/641/641
f 644/644/644 643/643/643 645/645/645
f 643/643/643 646/646/646 645/645/645
f 646/646/646 647/647/647 645/645/645
f 647/647/647 648/648/648 645/645/645
f 648/648/648 647/647/647 649/649/649
f 647/647/647 650/650/650 649/649/649
f 651/651/651 639/639/639 640/640/640
f 652/652/652 651/651/651 640/640/640
f 653/653/653 651/651/651 652/652/652
f 654/654/654 653/653/653 652/652/652
f 655/655/655 653/653/653 654/654/654
f 656/656/656 655/655/655 654/654/654
f 657/657/657 655/655/655 656/656/656
f 658/658/658 657/657/657 656/656/656
f 657/657/657 658/658/658 659/659/659
f 660/660/660 657/657/657 659/659/659
f 661/661/661 660/660/660 659/659/659
f 662/662/662 661/661/661 659/659/659
f 661/661/661 662/662/662 663/663/663
f 664/664/664 661/661/661 663/663/663
f 665/665/665 664/664/664 663/663/663
f 666/666/666 665/665/665 663/663/663
f 665/665/665 666/666/666 667/667/667
f 668/668/668 665/665/665 667/667/667
f 650/650/650 668/668/668 667/667/667
f 649/649/649 650/650/650 667/667/667
f 671/671/671 670/670/670 669/669/669
f 669/669/669 672/672/672 671/671/671
f 669/669/669 673/673/673 672/672/672
f 673/673/673 674/674/674 672/672/672
f 673/673/673 675/675/675 674/674/674
f 675/675/675 676/676/676 674/674/674
f 675/675/675 677/677/677 676/676/676
f 677/677/677 678/678/678 676/676/676
f 677/677/677 679/679/679 678/678/678
f 679/679/679 680/680/680 678/678/678
f 679/679/679 681/681/681 680/680/680
f 681/681/681 682/682/682 680/680/680
f 681/681/681 683/683/683 682/682/682
f 683/683/683 684/684/684 682/682/682
f 687/687/687 686/686/686 685/685/685
f 688/688/688 687/687/687 685/685/685
f 691/691/691 690/690/690 689/689/689
f 692/692/692 691/691/691 689/689/689
f 695/695/695 694/694/694 693/693/693
f 693/693/693 696/696/696 695/695/695
f 696/696/696 697/697/697 695/695/695
f 696/696/696 698/698/698 697/697/697
f 698/698/698 699/699/699 697/697/697
f 698/698/698 700/700/700 699/699/699
f 700/700/700 701/701/701 699/699/699
f 700/700/700 702/702/702 701/701/701
f 702/702/702 703/703/703 701/701/701
f 702/702/702 704/704/704 703/703/703
f 704/704/704 705/705/705 703/703/703
f 704/704/704 706/706/706 705/705/705
f 706/706/706 707/707/707 705/705/705
f 706/706/706 708/708/708 707/707/707
f 711/711/711 710/710/710 709/709/709
f 712/712/712 711/711/711 709/709/709
f 715/715/715 714/714/714 713/713/713
f 716/716/716 715/715/715 713/713/713
f 719/719/719 718/718/718 717/717/717
f 720/720/720 719/719/719 717/717/717
f 723/723/723 722/722/722 721/721/721
f 724/724/724 723/723/723 721/721/721
f 727/727/727 726/726/726 725/725/725
f 728/728/728 727/727/727 725/725/725
f 731/731/731 730/730/730 729/729/729
f 732/732/732 731/731/731 729/729/729
f 735/735/735 734/734/734 733/733/733
f 736/736/736 735/735/735 733/733/733
f 739/739/739 738/738/738 737/737/737
f 740/740/740 739/739/739 737/737/737
f 743/743/743 742/742/742 741/741/741
f 744/744/744 743/743/743 741/741/741
f 747/747/747 746/746/746 745/745/745
f 748/748/748 747/747/747 745/745/745
f 751/751/751 750/750/750 749/749/749
f 752/752/752 751/751/751 749/749/749
f 755/755/755 754/754/754 753/753/753
f 756/756/756 755/755/755 753/753/753
f 759/759/759 758/758/758 757/757/757
f 760/760/760 759/759/759 757/757/757
f 763/763/763 762/762/762 761/761/761
f 764/764/764 763/763/763 761/761/761
f 767/767/767 766/766/766 765/765/765
f 768/768/768 767/767/767 765/765/765
f 771/771/771 770/770/770 769/769/769
f 772/772/772 771/771/771 769/769/769
f 775/775/775 774/774/774 773/773/773
f 776/776/776 775/775/775 773/773/773
f 779/779/779 778/778/778 777/777/777
f 780/780/780 779/779/779 777/777/777
f 783/783/783 782/782/782 781/781/781
f 784/784/784 783/783/783 781/781/781
f 787/787/787 786/786/786 785/785/785
f 788/788/788 787/787/787 785/785/785
f 791/791/791 790/790/790 789/789/789
f 792/792/792 791/791/791 789/789/789
f 795/795/795 794/794/794 793/793/793
f 796/796/796 795/795/795 793/793/793
f 799/799/799 798/798/798 797/797/797
f 800/800/800 799/799/799 797/797/797
f 803/803/803 802/802/802 801/801/801
f 804/804/804 803/803/803 801/801/801
f 807/807/807 806/806/806 805/805/805
f 808/808/808 807/807/807 805/805/805
f 811/811/811 810/810/810 809/809/809
f 812/812/812 811/811/811 809/809/809
f 815/815/815 814/814/814 813/813/813
f 816/816/816 815/815/815 813/813/813
f 819/819/819 818/818/818 817/817/817
f 820/820/820 819/819/819 817/817/817
f 823/823/823 822/822/822 821/821/821
f 824/824/824 823/823/823 821/821/821
f 827/827/827 826/826/826 825/825/825
f 828/828/828 827/827/827 825/825/825
f 831/831/831 830/830/830 829/829/829
f 832/832/832 831/831/831 829/829/829
f 829/829/829 830/830/830 833/833/833
f 830/830/830 834/834/834 833/833/833
f 834/834/834 835/835/835 833/833/833
f 835/835/835 836/836/836 833/833/833
f 836/836/836 835/835/835 837/837/837
f 835/835/835 838/838/838 837/837/837
f 838/838/838 839/839/839 837/837/837
f 839/839/839 840/840/840 837/837/837
f 840/840/840 839/839/839 841/841/841
f 839/839/839 842/842/842 841/841/841
f 843/843/843 831/831/831 832/832/832
f 844/844/844 843/843/843 832/832/832
f 845/845/845 843/843/843 844/844/844
f 846/846/846 845/845/845 844/844/844
f 847/847/847 845/845/845 846/846/846
f 848/848/848 847/847/847 846/846/846
f 849/849/849 847/847/847 848/848/848
f 850/850/850 849/849/849 848/848/848
f 849/849/849 850/850/850 851/851/851
f 852/852/852 849/849/849 851/851/851
f 853/853/853 852/852/852 851/851/851
f 854/854/854 853/853/853 851/851/851
f 853/853/853 854/854/854 855/855/855
f 856/856/856 853/853/853 855/855/855
f 857/857/857 856/856/856 855/855/855
f 858/858/858 857/857/857 855/855/855
f 857/857/857 858/858/858 859/859/859
f 860/860/860 857/857/857 859/859/859
f 842/842/842 860/860/860 859/859/859
f 841/841/841 842/842/842 859/859/859
f 863/863/863 862/862/862 861/861/861
f 861/861/861 864/864/864 863/863/863
f 861/861/861 865/865/865 864/864/864
f 865/865/865 866/866/866 864/864/864
f 865/865/865 867/867/867 866/866/866
f 867/867/867 868/868/868 866/866/866
f 867/867/867 869/869/869 868/868/868
f 869/869/869 870/870/870 868/868/868
f 869/869/869 871/871/871 870/870/870
f 871/871/871 872/872/872 870/870/870
f 871/871/871 873/873/873 872/872/872
f 873/873/873 874/874/874 872/872/872
f 873/873/873 875/875/875 874/874/874
f 875/875/875 876/876/876 874/874/874
f 879/879/879 878/878/878 877/877/877
f 880/880/880 879/879/879 877/877/877
f 883/883/883 882/882/882 881/881/881
f 884/884/884 883/883/883 881/881/881
f 887/887/887 886/886/886 885/885/885
f 885/885/885 888/888/888 887/887/887
f 888/888/888 889/889/889 887/887/887
f 888/888/888 890/890/890 889/889/889
f 890/890/890 891/891/891 889/889/889
f 890/890/890 892/892/892 891/891/891
f 892/892/892 893/893/893 891/891/891
f 892/892/892 894/894/894 893/893/893
f 894/894/894 895/895/895 893/893/893
f 894/894/894 896/896/896 895/895/895
f 896/896/896 897/897/897 895/895/895
f 896/896/896 898/898/898 897/897/897
f 898/898/898 899/899/899 897/897/897
f 898/898/898 900/900/900 899/899/899
f 903/903/903 902/902/902 901/901/901
f 904/904/904 903/903/903 901/901/901
f 907/907/907 906/906/906 905/905/905
f 908/908/908 907/907/907 905/905/905
f 911/911/911 910/910/910 909/909/909
f 912/912/912 911/911/911 909/909/909
f 915/915/915 914/914/914 913/913/913
f 916/916/916 915/915/915 913/913/913
f 919/919/919 918/918/918 917/917/917
f 920/920/920 919/919/919 917/917/917
f 923/923/923 922/922/922 921/921/921
f 924/924/924 923/923/923 921/921/921
f 927/927/927 926/926/926 925/925/925
f 928/928/928 927/927/927 925/925/925
f 931/931/931 930/930/930 929/929/929
f 932/932/932 931/931/931 929/929/929
f 935/935/935 934/934/934 933/933/933
f 936/936/936 935/935/935 933/933/933
f 939/939/939 938/938/938 937/937/937
f 940/940/940 939/939/939 937/937/937
f 943/943/943 942/942/942 941/941/941
f 944/944/944 943/943/943 941/941/941
f 947/947/947 946/946/946 945/945/945
f 948/948/948 947/947/947 945/945/945
f 951/951/951 950/950/950 949/949/949
f 952/952/952 951/951/951 949/949/949
f 955/955/955 954/954/954 953/953/953
f 956/956/956 955/955/955 953/953/953
f 959/959/959 958/958/958 957/957/957
f 960/960/960 959/959/959 957/957/957
f 963/963/963 962/962/962 961/961/961
f 964/964/964 963/963/963 961/961/961
f 967/967/967 966/966/966 965/965/965
f 968/968/968 967/967/967 965/965/965
f 971/971/971 970/970/970 969/969/969
f 972/972/972 971/971/971 969/969/969
f 975/975/975 974/974/974 973/973/973
f 976/976/976 975/975/975 973/973/973
f 979/979/979 978/978/978 977/977/977
f 980/980/980 979/979/979 977/977/977
f 983/983/983 982/982/982 981/981/981
f 984/984/984 983/983/983 981/981/981
f 987/987/987 986/986/986 985/985/985
f 988/988/988 987/987/987 985/985/985
f 991/991/991 990/990/990 989/989/989
f 992/992/992 991/991/991 989/989/989
f 995/995/995 994/994/994 993/993/993
f 996/996/996 995/995/995 993/993/993
f 999/999/999 998/998/998 997/997/997
f 1000/1000/1000 999/999/999 997/997/997
f 1003/1003/1003 1002/1002/1002 1001/1001/1001
f 1004/1004/1004 1003/1003/1003 1001/1001/1001
f 1007/1007/1007 1006/1006/1006 1005/1005/1005
f 1008/1008/1008 1007/1007/1007 1005/1005/1005
f 1011/1011/1011 1010/1010/1010 1009/1009/1009
f 1012/1012/1012 1011/1011/1011 1009/1009/1009
f 1015/1015/1015 1014/1014/1014 1013/1013/1013
f 1016/1016/1016 1015/1015/1015 1013/1013/1013
f 1019/1019/1019 1018/1018/1018 1017/1017/1017
f 1020/1020/1020 1019/1019/1019 1017/1017/1017
f 1023/1023/1023 1022/1022/1022 1021/1021/1021
f 1024/1024/1024 1023/1023/1023 1021/1021/1021
f 1021/1021/1021 1022/1022/1022 1025/1025/1025
f 1022/1022/1022 1026/1026/1026 1025/1025/1025
f 1026/1026/1026 1027/1027/1027 1025/1025/1025
f 1027/1027/1027 1028/1028/1028 1025/1025/1025
f 1028/1028/1028 1027/1027/1027 1029/1029/1029
f 1027/1027/1027 1030/1030/1030 1029/1029/1029
f 1030/1030/1030 1031/1031/1031 1029/1029/1029
f 1031/1031/1031 1032/1032/1032 1029/1029/1029
f 1032/1032/1032 1031/1031/1031 1033/1033/1033
f 1031/1031/1031 1034/1034/1034 1033/1033/1033
f 1035/1035/1035 1023/1023/1023 1024/1024/1024
f 1036/1036/1036 1035/1035/1035 1024/1024/1024
f 1037/1037/1037 1035/1035/1035 1036/1036/1036
f 1038/1038/1038 1037/1037/1037 1036/1036/1036
f 1039/1039/1039 1037/1037/1037 1038/1038/1038
f 1040/1040/1040 1039/1039/1039 1038/1038/1038
f 1041/1041/1041 1039/1039/1039 1040/1040/1040
f 1042/1042/1042 1041/1041/1041 1040/1040/1040
f 1041/1041/1041 1042/1042/1042 1043/1043/1043
f 1044/1044/1044 1041/1041/1041 1043/1043/1043
f 1045/1045/1045 1044/1044/1044 1043/1043/1043
f 1046/1046/1046 1045/1045/1045 1043/1043/1043
f 1045/1045/1045 1046/1046/1046 1047/1047/1047
f 1048/1048/1048 1045/1045/1045 1047/1047/1047
f 1049/1049/1049 1048/1048/1048 1047/1047/1047
f 1050/1050/1050 1049/1049/1049 1047/1047/1047
f 1049/1049/1049 1050/1050/1050 1051/1051/1051
f 1052/1052/1052 1049/1049/1049 1051/1051/1051
f 1034/1034/1034 1052/1052/1052 1051/1051/1051
f 1033/1033/1033 1034/1034/1034 1051/1051/1051
f 1055/1055/1055 1054/1054/1054 1053/1053/1053
f 1053/1053/1053 1056/1056/1056 1055/1055/1055
f 1053/1053/1053 1057/1057/1057 1056/1056/1056
f 1057/1057/1057 1058/1058/1058 1056/1056/1056
f 1057/1057/1057 1059/1059/1059 1058/1058/1058
f 1059/1059/1059 1060/1060/1060 1058/1058/1058
f 1059/1059/1059 1061/1061/1061 1060/1060/1060
f 1061/1061/1061 1062/1062/1062 1060/1060/1060
f 1061/1061/1061 1063/1063/1063 1062/1062/1062
f 1063/1063/1063 1064/1064/1064 1062/1062/1062
f 1063/1063/1063 1065/1065/1065 1064/1064/1064
f 1065/1065/1065 1066/1066/1066 1064/1064/1064
f 1065/1065/1065 1067/1067/1067 1066/1066/1066
f 1067/1067/1067 1068/1068/1068 1066/1066/1066
f 1071/1071/1071 1070/1070/1070 1069/1069/1069
f 1072/1072/1072 1071/1071/1071 1069/1069/1069
f 1075/1075/1075 1074/1074/1074 1073/1073/1073
f 1076/1076/1076 1075/1075/1075 1073/1073/1073
f 1079/1079/1079 1078/1078/1078 1077/1077/1077
f 1077/1077/1077 1080/1080/1080 1079/1079/1079
f 1080/1080/1080 1081/1081/1081 1079/1079/1079
f 1080/1080/1080 1082/1082/1082 1081/1081/1081
f 1082/1082/1082 1083/1083/1083 1081/1081/1081
f 1082/1082/1082 1084/1084/1084 1083/1083/1083
f 1084/1084/1084 1085/1085/1085 1083/1083/1083
f 1084/1084/1084 1086/1086/1086 1085/1085/1085
f 1086/1086/1086 1087/1087/1087 1085/1085/1085
f 1086/1086/1086 1088/1088/1088 1087/1087/1087
f 1088/1088/1088 1089/1089/1089 1087/1087/1087
f 1088/1088/1088 1090/1090/1090 1089/1089/1089
f 1090/1090/1090 1091/1091/1091 1089/1089/1089
f 1090/1090/1090 1092/1092/1092 1091/1091/1091
f 1095/1095/1095 1094/1094/1094 1093/1093/1093
f 1096/1096/1096 1095/1095/1095 1093/1093/1093
f 1099/1099/1099 1098/1098/1098 1097/1097/1097
f 1100/1100/1100 1099/1099/1099 1097/1097/1097
f 1103/1103/1103 1102/1102/1102 1101/1101/1101
f 1104/1104/1104 1103/1103/1103 1101/1101/1101
f 1107/1107/1107 1106/1106/1106 1105/1105/1105
f 1108/1108/1108 1107/1107/1107 1105/1105/1105
f 1111/1111/1111 1110/1110/1110 1109/1109/1109
f 1112/1112/1112 1111/1111/1111 1109/1109/1109
f 1115/1115/1115 1114/1114/1114 1113/1113/1113
f 1116/1116/1116 1115/1115/1115 1113/1113/1113
f 1119/1119/1119 1118/1118/1118 1117/1117/1117
f 1120/1120/1120 1119/1119/1119 1117/1117/1117
f 1123/1123/1123 1122/1122/1122 1121/1121/1121
f 1124/1124/1124 1123/1123/1123 1121/1121/1121
f 1127/1127/1127 1126/1126/1126 1125/1125/1125
f 1128/1128/1128 1127/1127/1127 1125/1125/1125
f 1131/1131/1131 1130/1130/1130 1129/1129/1129
f 1132/1132/1132 1131/1131/1131 1129/1129/1129
f 1135/1135/1135 1134/1134/1134 1133/1133/1133
f 1136/1136/1136 1135/1135/1135 1133/1133/1133
f 1139/1139/1139 1138/1138/1138 1137/1137/1137
f 1140/1140/1140 1139/1139/1139 1137/1137/1137
f 1143/1143/1143 1142/1142/1142 1141/1141/1141
f 1144/1144/1144 1143/1143/1143 1141/1141/1141
f 1147/1147/1147 1146/1146/1146 1145/1145/1145
f 1148/1148/1148 1147/1147/1147 1145/1145/1145
f 1151/1151/1151 1150/1150/1150 1149/1149/1149
f 1152/1152/1152 1151/1151/1151 1149/1149/1149
f 1155/1155/1155 1154/1154/1154 1153/1153/1153
f 1156/1156/1156 1155/1155/1155 1153/1153/1153
f 1159/1159/1159 1158/1158/1158 1157/1157/1157
f 1160/1160/1160 1159/1159/1159 1157/1157/1157
f 1163/1163/1163 1162/1162/1162 1161/1161/1161
f 1164/1164/1164 1163/1163/1163 1161/1161/1161
f 1167/1167/1167 1166/1166/1166 1165/1165/1165
f 1168/1168/1168 1167/1167/1167 1165/1165/1165
f 1171/1171/1171 1170/1170/1170 1169/1169/1169
f 1172/1172/1172 1171/1171/1171 1169/1169/1169
f 1175/1175/1175 1174/1174/1174 1173/1173/1173
f 1176/1176/1176 1175/1175/1175 1173/1173/1173
f 1179/1179/1179 1178/1178/1178 1177/1177/1177
f 1180/1180/1180 1179/1179/1179 1177/1177/1177
f 1183/1183/1183 1182/1182/1182 1181/1181/1181
f 1184/1184/1184 1183/1183/1183 1181/1181/1181
f 1187/1187/1187 1186/1186/1186 1185/1185/1185
f 1188/1188/1188 1187/1187/1187 1185/1185/1185
f 1191/1191/1191 1190/1190/1190 1189/1189/1189
f 1192/1192/1192 1191/1191/1191 1189/1189/1189
f 1195/1195/1195 1194/1194/1194 1193/1193/1193
f 1196/1196/1196 1195/1195/1195 1193/1193/1193
f 1199/1199/1199 1198/1198/1198 1197/1197/1197
f 1200/1200/1200 1199/1199/1199 1197/1197/1197
f 1203/1203/1203 1202/1202/1202 1201/1201/1201
f 1204/1204/1204 1203/1203/1203 1201/1201/1201
f 1207/1207/1207 1206/1206/1206 1205/1205/1205
f 1208/1208/1208 1207/1207/1207 1205/1205/1205
f 1211/1211/1211 1210/1210/1210 1209/1209/1209
f 1212/1212/1212 1211/1211/1211 1209/1209/1209
f 1215/1215/1215 1214/1214/1214 1213/1213/1213
f 1216/1216/1216 1215/1215/1215 1213/1213/1213
f 1213/1213/1213 1214/1214/1214 1217/1217/1217
f 1214/1214/1214 1218/1218/1218 1217/1217/1217
f 1218/1218/1218 1219/1219/1219 1217/1217/1217
f 1219/1219/1219 1220/1220/1220 1217/1217/1217
f 1220/1220/1220 1219/1219/1219 1221/1221/1221
f 1219/1219/1219 1222/1222/1222 1221/1221/1221
f 1222/1222/1222 1223/1223/1223 1221/1221/1221
f 1223/1223/1223 1224/1224/1224 1221/1221/1221
f 1224/1224/1224 1223/1223/1223 1225/1225/1225
f 1223/1223/1223 1226/1226/1226 1225/1225/1225
f 1227/1227/1227 1215/1215/1215 1216/1216/1216
f 1228/1228/1228 1227/1227/1227 1216/1216/1216
f 1229/1229/1229 1227/1227/1227 1228/1228/1228
f 1230/1230/1230 1229/1229/1229 1228/1228/1228
f 1231/1231/1231 1229/1229/1229 1230/1230/1230
f 1232/1232/1232 1231/1231/1231 1230/1230/1230
f 1233/1233/1233 1231/1231/1231 1232/1232/1232
f 1234/1234/1234 1233/1233/1233 1232/1232/1232
f 1233/1233/1233 1234/1234/1234 1235/1235/1235
f 1236/1236/1236 1233/1233/1233 1235/1235/1235
f 1237/1237/1237 1236/1236/1236 1235/1235/1235
f 1238/1238/1238 1237/1237/1237 1235/1235/1235
f 1237/1237/1237 1238/1238/1238 1239/1239/1239
f 1240/1240/1240 1237/1237/1237 1239/1239/1239
f 1241/1241/1241 1240/1240/1240 1239/1239/1239
f 1242/1242/1242 1241/1241/1241 1239/1239/1239
f 1241/1241/1241 1242/1242/1242 1243/1243/1243
f 1244/1244/1244 1241/1241/1241 1243/1243/1243
f 1226/1226/1226 1244/1244/1244 1243/1243/1243
f 1225/1225/1225 1226/1226/1226 1243/1243/1243
f 1247/1247/1247 1246/1246/1246 1245/1245/1245
f 1245/1245/1245 1248/1248/1248 1247/1247/1247
f 1245/1245/1245 1249/1249/1249 1248/1248/1248
f 1249/1249/1249 1250/1250/1250 1248/1248/1248
f 1249/1249/1249 1251/1251/1251 1250/1250/1250
f 1251/1251/1251 1252/1252/1252 1250/1250/1250
f 1251/1251/1251 1253/1253/1253 1252/1252/1252
f 1253/1253/1253 1254/1254/1254 1252/1252/1252
f 1253/1253/1253 1255/1255/1255 1254/1254/1254
f 1255/1255/1255 1256/1256/1256 1254/1254/1254
f 1255/1255/1255 1257/1257/1257 1256/1256/1256
f 1257/1257/1257 1258/1258/1258 1256/1256/1256
f 1257/1257/1257 1259/1259/1259 1258/1258/1258
f 1259/1259/1259 1260/1260/1260 1258/1258/1258
f 1263/1263/1263 1262/1262/1262 1261/1261/1261
f 1264/1264/1264 1263/1263/1263 1261/1261/1261
f 1267/1267/1267 1266/1266/1266 1265/1265/1265
f 1268/1268/1268 1267/1267/1267 1265/1265/1265
f 1271/1271/1271 1270/1270/1270 1269/1269/1269
f 1269/1269/1269 1272/1272/1272 1271/1271/1271
f 1272/1272/1272 1273/1273/1273 1271/1271/1271
f 1272/1272/1272 1274/1274/1274 1273/1273/1273
f 1274/1274/1274 1275/1275/1275 1273/1273/1273
f 1274/1274/1274 1276/1276/1276 1275/1275/1275
f 1276/1276/1276 1277/1277/1277 1275/1275/1275
f 1276/1276/1276 1278/1278/1278 1277/1277/1277
f 1278/1278/1278 1279/1279/1279 1277/1277/1277
f 1278/1278/1278 1280/1280/1280 1279/1279/1279
f 1280/1280/1280 1281/1281/1281 1279/1279/1279
f 1280/1280/1280 1282/1282/1282 1281/1281/1281
f 1282/1282/1282 1283/1283/1283 1281/1281/1281
f 1282/1282/1282 1284/1284/1284 1283/1283/1283
f 1287/1287/1287 1286/1286/1286 1285/1285/1285
f 1288/1288/1288 1287/1287/1287 1285/1285/1285
f 1291/1291/1291 1290/1290/1290 1289/1289/1289
f 1292/1292/1292 1291/1291/1291 1289/1289/1289
f 1295/1295/1295 1294/1294/1294 1293/1293/1293
f 1296/1296/1296 1295/1295/1295 1293/1293/1293
f 1299/1299/1299 1298/1298/1298 1297/1297/1297
f 1300/1300/1300 1299/1299/1299 1297/1297/1297
f 1303/1303/1303 1302/1302/1302 1301/1301/1301
f 1304/1304/1304 1303/1303/1303 1301/1301/1301
f 1307/1307/1307 1306/1306/1306 1305/1305/1305
f 1308/1308/1308 1307/1307/1307 1305/1305/1305
f 1311/1311/1311 1310/1310/1310 1309/1309/1309
f 1312/1312/1312 1311/1311/1311 1309/1309/1309
f 1315/1315/1315 1314/1314/1314 1313/1313/1313
f 1316/1316/1316 1315/1315/1315 1313/1313/1313
f 1319/1319/1319 1318/1318/1318 1317/1317/1317
f 1320/1320/1320 1319/1319/1319 1317/1317/1317
f 1323/1323/1323 1322/1322/1322 1321/1321/1321
f 1324/1324/1324 1323/1323/1323 1321/1321/1321
f 1327/1327/1327 1326/1326/1326 1325/1325/1325
f 1328/1328/1328 1327/1327/1327 1325/1325/1325
f 1331/1331/1331 1330/1330/1330 1329/1329/1329
f 1332/1332/1332 1331/1331/1331 1329/1329/1329
f 1335/1335/1335 1334/1334/1334 1333/1333/1333
f 1336/1336/1336 1335/1335/1335 1333/1333/1333
f 1339/1339/1339 1338/1338/1338 1337/1337/1337
f 1340/1340/1340 1339/1339/1339 1337/1337/1337
f 1343/1343/1343 1342/1342/1342 1341/1341/1341
f 1344/1344/1344 1343/1343/1343 1341/1341/1341
