g Bookcase
v -0.64951444 1.2891992 -0.20311256
v -0.64951444 1.2891992 0.20311181
v -0.74318516 1.302951 0.20311216
v -0.74318516 1.302951 -0.20311221
v -0.75 -0.88428587 0.17621589
v -0.75 -0.88428587 -0.20311219
v -0.75 -0.8479359 -0.20311219
v -0.75 -0.8479359 0.19787735
v -0.75 -0.8980616 -0.20311219
v -0.75 -0.8980616 0.17598516
v -0.75 -0.9406272 0.19855228
v -0.75 -0.9406272 -0.20311219
v -0.75 -0.9544029 -0.20311219
v -0.75 -0.9544029 0.20311219
v -0.75 -1.2431121 0.20311219
v -0.75 -1.2431121 -0.20311219
v 0.74311215 1.1586744 0.21
v 0.6541737 1.1586744 0.20999965
v 0.6541737 1.2822866 0.20999965
v 0.74311215 1.2959267 0.21
v -0.75 1.1586744 0.20311219
v -0.75 1.1586744 -0.20311219
v -0.75 1.2970636 -0.20311219
v -0.75 1.2970636 0.20311219
v 0.7431917 1.3029073 -0.20311221
v 0.7431917 1.3029073 0.20311216
v 0.654094 1.2892429 0.20311181
v 0.654094 1.2892429 -0.20311256
v -0.74311215 -1.2431122 -0.21000007
v -0.64958745 -1.2431121 -0.21000041
v -0.64958745 -0.954403 -0.21000041
v -0.74311215 -0.9544029 -0.21000007
v -0.74311215 -0.9406272 -0.21000007
v -0.64958745 -0.9406273 -0.21000041
v -0.64958745 -0.89806163 -0.21000041
v -0.74311215 -0.8980616 -0.21000007
v -0.74311215 -0.88428587 -0.21000007
v -0.64958745 -0.8842859 -0.21000041
v -0.64958745 -0.8479361 -0.21000041
v -0.74311215 -0.8479359 -0.21000007
v -0.6358118 -0.89806163 -0.21000044
v -0.6358118 -0.8842859 -0.21000044
v -0.6358118 -0.8479361 -0.21000044
v -0.6358118 -0.8341604 -0.21000044
v -0.64958745 -0.8341604 -0.21000041
v -0.64958745 -0.8341604 0.20999965
v -0.74311215 -0.8341602 0.21
v -0.74311215 -0.74888885 0.21
v -0.64958745 -0.74888897 0.20999965
v -0.64958745 0.8300389 -0.21000041
v -0.64269966 0.8369267 -0.21000044
v -0.64269966 1.1517866 -0.21000044
v -0.64958745 1.1586744 -0.21000041
v -0.74311215 0.8300389 -0.21000007
v -0.74311215 1.1586744 -0.21000007
v 0.74311215 0.8300389 0.21
v 0.6541737 0.8300389 0.20999965
v 0.6541737 1.1586744 0.20999965
v 0.74311215 1.1586744 0.21
v 0.6541737 0.8300389 -0.21000041
v 0.74311215 0.8300389 -0.21000007
v 0.74311215 1.1586744 -0.21000007
v 0.6541737 1.1586744 -0.21000041
v 0.6472858 0.8369267 -0.21000044
v 0.6472858 1.1517866 -0.21000044
v 0.75 -0.8341602 -0.20311219
v 0.75 -0.8341602 0.20311219
v 0.75 -0.74888885 0.20311219
v 0.75 -0.74888885 -0.20311219
v 0.75 -0.8479359 0.19787735
v 0.75 -0.8479359 -0.20311219
v 0.6541737 -0.8341604 -0.21000041
v 0.74311215 -0.8341602 -0.21000007
v 0.74311215 -0.74888885 -0.21000007
v 0.6541737 -0.74888897 -0.21000041
v 0.74311215 -0.8479359 -0.21000007
v 0.6541737 -0.8479361 -0.21000041
v -0.75 -0.8341602 0.20311219
v -0.75 -0.8341602 -0.20311219
v -0.75 -0.74888885 -0.20311219
v -0.75 -0.74888885 0.20311219
v -0.75 -0.8479359 -0.20311219
v -0.75 -0.8479359 0.19787735
v 0.6541737 1.1586744 -0.21000041
v 0.6403979 1.1586744 -0.21000044
v 0.047725495 1.1586744 -0.21000007
v 0.047725495 1.1586744 -0.21000007
v 0.74311215 1.1586744 -0.21000007
v 0.6541737 1.1586744 -0.21000041
v 0.047725495 1.1586744 -0.21000007
v 0.75 1.1586744 -0.20311219
v 0.74311215 1.1586744 -0.21000007
v 0.033949792 1.1586744 -0.21000007
v 0.033949792 1.1586744 -0.21000007
v -0.02580048 1.1586744 -0.21000004
v 0.75 1.1586744 -0.20311219
v -0.02580048 1.1586744 -0.21000004
v -0.039576188 1.1586744 -0.21000004
v 0.75 1.1586744 -0.20311219
v -0.75 1.1586744 -0.20311219
v -0.74311215 1.1586744 -0.21000007
v 0.75 1.1586744 0.20311219
v -0.75 1.1586744 0.20311219
v 0.6407514 1.1586744 0.20782158
v 0.74311215 1.1586744 0.21
v 0.6541737 1.1586744 0.20999965
v -0.63616526 1.1586744 0.20782158
v -0.74311215 1.1586744 0.21
v -0.64958745 1.1586744 0.20999965
v -0.039576188 1.1586744 -0.21000004
v -0.64269966 1.1586744 -0.21000044
v -0.64958745 1.1586744 -0.21000041
v -0.64958745 1.1586744 -0.21000041
v -0.74311215 1.1586744 -0.21000007
v -0.039576188 1.1586744 -0.21000004
v -0.74311215 -0.8341602 -0.21000007
v -0.64958745 -0.8341604 -0.21000041
v -0.64958745 -0.74888897 -0.21000041
v -0.74311215 -0.74888885 -0.21000007
v -0.64958745 -0.8479361 -0.21000041
v -0.74311215 -0.8479359 -0.21000007
v -0.64269966 0.8369267 -0.21000044
v -0.64269966 0.8300389 -0.20311257
v -0.64269966 0.8300389 -0.14009015
v -0.64269966 1.1586744 -0.14009015
v -0.64269966 1.1517866 -0.21000044
v -0.64269966 1.1586744 -0.20311257
v -0.63616526 0.8300389 0.20782158
v -0.63616526 1.1586744 0.20782158
v 0.040837646 0.8369267 -0.21000007
v 0.040837646 0.8300389 -0.20311221
v 0.047372077 0.8300389 0.207822
v 0.047372077 1.1586744 0.207822
v 0.040837646 1.1517866 -0.21000007
v 0.040837646 1.1586744 -0.20311221
v 0.75 0.8300389 -0.20311219
v 0.75 0.8300389 0.20311219
v 0.75 1.1586744 0.20311219
v 0.75 1.1586744 -0.20311219
v 0.034638576 -0.8341602 -0.21000007
v 0.047725495 -0.74888885 -0.21000007
v 0.033949792 -0.74888885 -0.21000007
v -0.026489267 -0.8341602 -0.21000004
v -0.02580048 -0.74888885 -0.21000004
v -0.039576188 -0.74888885 -0.21000004
v 0.033949792 -0.8479359 -0.21000007
v -0.02580048 -0.8479359 -0.21000004
v -0.039576188 0.8300389 -0.21000004
v -0.032688335 0.8369267 -0.21000004
v -0.032688335 1.1517866 -0.21000004
v -0.039576188 1.1586744 -0.21000004
v -0.6358118 0.8300389 -0.21000044
v -0.64269966 1.1586744 -0.21000044
v -0.64269966 0.8300389 -0.20311257
v -0.64269966 1.1586744 -0.21000044
v -0.64269966 0.8369267 -0.21000044
v -0.64269966 0.8300389 -0.20311257
v -0.64269966 1.1586744 -0.21000044
v -0.64269966 1.1517866 -0.21000044
v -0.64269966 0.8369267 -0.21000044
v -0.64269966 1.1586744 -0.21000044
v -0.64958745 1.1586744 -0.21000041
v -0.64269966 1.1517866 -0.21000044
v 0.74311215 -0.8341602 0.21
v 0.6541737 -0.8341604 0.20999965
v 0.6541737 -0.74888897 0.20999965
v 0.74311215 -0.74888885 0.21
v -0.03922277 1.1586744 0.20782202
v -0.03922277 0.8300389 0.20782202
v -0.032688335 0.8300389 -0.14008975
v -0.032688335 1.1586744 -0.14008975
v 0.047725495 -1.2431121 -0.21000007
v 0.6403979 -1.2431121 -0.21000044
v 0.6403979 -0.954403 -0.21000044
v 0.047725495 -0.9544029 -0.21000007
v 0.033949792 -1.2431121 -0.21000007
v 0.033949792 -0.9544029 -0.21000007
v 0.047725495 -0.9406272 -0.21000007
v 0.6403979 -0.9406273 -0.21000044
v 0.6403979 -0.89806163 -0.21000044
v 0.047725495 -0.8980616 -0.21000007
v 0.6541737 -0.9406273 -0.21000041
v 0.6541737 -0.954403 -0.21000041
v 0.047725495 -0.88428587 -0.21000007
v 0.033949792 -0.8980616 -0.21000007
v 0.033949792 -0.88428587 -0.21000007
v 0.047725495 -0.8479359 -0.21000007
v 0.6403979 -0.8479361 -0.21000044
v 0.6403979 -0.8842859 -0.21000044
v 0.033949792 -0.8479359 -0.21000007
v 0.033949792 -0.9406272 -0.21000007
v 0.047725495 -0.8341602 -0.21000007
v 0.034638576 -0.8341602 -0.21000007
v 0.033949792 -0.8479359 -0.21000007
v 0.6407514 1.1586744 0.20782158
v 0.6407514 0.8300389 0.20782158
v 0.6472858 0.8300389 -0.20311257
v 0.6472858 0.8369267 -0.21000044
v 0.6472858 1.1517866 -0.21000044
v 0.6472858 1.1586744 -0.21000044
v -0.039576188 -0.8341602 0.21000004
v -0.6358118 -0.8341604 0.20999964
v -0.63616526 -0.74888897 0.20782158
v -0.03922277 -0.74888885 0.20782202
v 0.75 1.1586744 -0.20311219
v 0.75 1.1586744 0.20311219
v 0.75 1.2970636 0.20311219
v 0.75 1.2970636 -0.20311219
v -0.02580048 1.1586744 -0.21000004
v 0.033949792 1.1586744 -0.21000007
v 0.033949792 1.4538102 -0.21000007
v -0.02580048 1.4538102 -0.21000004
v 0.033949792 1.460698 -0.20311221
v 0.033949792 1.460698 0.20311214
v -0.02580048 1.460698 0.20311219
v -0.02580048 1.460698 -0.20311219
v -0.64958745 -1.2431121 0.20999965
v -0.74311215 -1.2431122 0.21
v -0.74311215 -0.9544029 0.21
v -0.64958745 -0.954403 0.20999965
v -0.6358118 -1.2431121 0.20999964
v -0.6358118 -0.954403 0.20999964
v -0.02580048 -1.25 -0.20311219
v -0.02580048 -1.25 0.20311219
v 0.033949792 -1.25 0.20311214
v 0.033949792 -1.25 -0.20311221
v -0.039576188 -1.25 0.20311219
v -0.039576188 -1.25 -0.20311219
v -0.02580048 -1.2431121 -0.21000004
v 0.033949792 -1.2431121 -0.21000007
v 0.033949792 -0.9544029 -0.21000007
v -0.02580048 -0.9544029 -0.21000004
v -0.039576188 -1.2431121 -0.21000004
v -0.039576188 -0.9544029 -0.21000004
v -0.039576188 -0.9406272 -0.21000004
v -0.02580048 -0.9406272 -0.21000004
v -0.02580048 -0.8980616 -0.21000004
v 0.033949792 -0.8980616 -0.21000007
v 0.033949792 -0.9406272 -0.21000007
v 0.047725495 -0.9406272 -0.21000007
v 0.047725495 -0.9544029 -0.21000007
v -0.02580048 -0.88428587 -0.21000004
v 0.033949792 -0.88428587 -0.21000007
v 0.033949792 -0.8479359 -0.21000007
v -0.02580048 -0.8479359 -0.21000004
v -0.039576188 -0.88428587 -0.21000004
v -0.039576188 -0.8479359 -0.21000004
v -0.039576188 -0.8980616 -0.21000004
v 0.6541737 -1.2431121 -0.21000041
v 0.74311215 -1.2431121 -0.21000007
v 0.74311215 -0.9544029 -0.21000007
v 0.6541737 -0.954403 -0.21000041
v 0.6403979 -1.2431121 -0.21000044
v 0.6403979 -0.954403 -0.21000044
v 0.6541737 -0.9406273 -0.21000041
v 0.74311215 -0.9406272 -0.21000007
v 0.74311215 -0.8980616 -0.21000007
v 0.6541737 -0.89806163 -0.21000041
v 0.6541737 -0.8842859 -0.21000041
v 0.6403979 -0.89806163 -0.21000044
v 0.6403979 -0.8842859 -0.21000044
v 0.6541737 -0.8479361 -0.21000041
v 0.74311215 -0.8479359 -0.21000007
v 0.74311215 -0.88428587 -0.21000007
v 0.6403979 -0.8479361 -0.21000044
v 0.6403979 -0.8341604 -0.21000044
v 0.6541737 -0.8341604 -0.21000041
v 0.6403979 -0.9406273 -0.21000044
v -0.03922277 1.1586744 0.20782202
v -0.63616526 1.1586744 0.20782158
v -0.6358118 1.2829885 0.20999964
v -0.039576188 1.4515923 0.21000004
v 0.6403979 -0.8341604 0.20999964
v 0.047725495 -0.8341602 0.21
v 0.047372077 -0.74888885 0.207822
v 0.6407514 -0.74888897 0.20782158
v 0.75 -1.2431121 -0.20311219
v 0.75 -1.2431121 0.20311219
v 0.75 -0.9544029 0.20311219
v 0.75 -0.9544029 -0.20311219
v 0.75 -0.9406272 -0.20311219
v 0.75 -0.9406272 0.19855228
v 0.75 -0.9406272 0.19855228
v 0.75 -0.8980616 0.17598516
v 0.75 -0.8980616 -0.20311219
v 0.75 -0.88428587 -0.20311219
v 0.75 -0.8980616 0.17598516
v 0.75 -0.88428587 0.17621589
v 0.75 -0.8479359 0.19787735
v 0.75 -0.8479359 -0.20311219
v -0.03931627 1.4588238 -0.20311219
v -0.03931628 1.4588238 0.20311219
v -0.6360717 1.2900729 0.20311178
v -0.6360717 1.2900729 -0.20311257
v -0.039576188 -1.2431121 0.21000004
v -0.6358118 -1.2431121 0.20999964
v -0.6358118 -0.954403 0.20999964
v -0.039576188 -0.9544029 0.21000004
v -0.02580048 -1.2431121 0.21000004
v -0.02580048 -0.9544029 0.21000004
v 0.64066076 1.2900832 -0.20311257
v 0.64066076 1.2900832 0.20311178
v 0.047462706 1.4588135 0.20311214
v 0.0474627 1.4588135 -0.20311221
v 0.033949792 1.1655622 0.21
v -0.02580048 1.1655622 0.21000004
v -0.02580048 1.4538102 0.21000004
v 0.033949792 1.4538102 0.21
v -0.02580048 1.1517866 0.21000004
v 0.033949792 1.1517866 0.21
v -0.6358118 -1.2431121 -0.21000044
v -0.039576188 -1.2431121 -0.21000004
v -0.039576188 -0.9544029 -0.21000004
v -0.6358118 -0.954403 -0.21000044
v -0.64958745 -1.2431121 -0.21000041
v -0.64958745 -0.954403 -0.21000041
v -0.64958745 -0.9406273 -0.21000041
v -0.6358118 -0.9406273 -0.21000044
v -0.6358118 -0.89806163 -0.21000044
v -0.039576188 -0.8980616 -0.21000004
v -0.039576188 -0.9406272 -0.21000004
v -0.6358118 -0.8842859 -0.21000044
v -0.039576188 -0.88428587 -0.21000004
v -0.039576188 -0.8479359 -0.21000004
v -0.6358118 -0.8479361 -0.21000044
v -0.02580048 -0.8980616 -0.21000004
v -0.02580048 -0.88428587 -0.21000004
v -0.64958745 -0.8842859 -0.21000041
v -0.64958745 -0.8479361 -0.21000041
v -0.64958745 -0.89806163 -0.21000041
v -0.02580048 -0.8479359 -0.21000004
v -0.026489267 -0.8341602 -0.21000004
v -0.039576188 -0.8341602 -0.21000004
v 0.047725495 1.1586744 -0.21000007
v 0.6403979 1.1586744 -0.21000044
v 0.6403979 1.2829968 -0.21000044
v 0.047725495 1.4515779 -0.21000007
v 0.033949792 1.1586744 -0.21000007
v 0.033949792 -0.8341602 0.21
v -0.02580048 -0.8341602 0.21000004
v -0.02580048 -0.75577664 0.21000004
v 0.033949792 -0.75577664 0.21
v -0.64958745 -0.74888897 -0.21000041
v -0.6358118 -0.74888897 -0.21000044
v -0.039576188 -0.74888885 -0.21000004
v -0.039576188 -0.74888885 -0.21000004
v -0.74311215 -0.74888885 -0.21000007
v -0.039576188 -0.74888885 -0.21000004
v -0.75 -0.74888885 -0.20311219
v -0.74311215 -0.74888885 -0.21000007
v -0.039576188 -0.74888885 -0.21000004
v -0.02580048 -0.74888885 -0.21000004
v -0.75 -0.74888885 -0.20311219
v 0.047725495 -0.74888885 -0.21000007
v 0.6403979 -0.74888897 -0.21000044
v 0.6541737 -0.74888897 -0.21000041
v 0.74311215 -0.74888885 -0.21000007
v 0.047725495 -0.74888885 -0.21000007
v -0.02580048 -0.74888885 -0.21000004
v 0.033949792 -0.74888885 -0.21000007
v 0.047725495 -0.74888885 -0.21000007
v 0.047725495 -0.74888885 -0.21000007
v 0.74311215 -0.74888885 -0.21000007
v -0.02580048 -0.74888885 -0.21000004
v 0.75 -0.74888885 -0.20311219
v -0.75 -0.74888885 -0.20311219
v -0.75 -0.74888885 0.20311219
v 0.75 -0.74888885 0.20311219
v -0.63616526 -0.74888897 0.20782158
v -0.74311215 -0.74888885 0.21
v -0.64958745 -0.74888897 0.20999965
v 0.6407514 -0.74888897 0.20782158
v 0.74311215 -0.74888885 0.21
v 0.6541737 -0.74888897 0.20999965
v 0.6403979 -0.8341604 -0.21000044
v 0.6541737 -0.74888897 -0.21000041
v 0.6403979 -0.74888897 -0.21000044
v 0.047725495 -0.8341602 -0.21000007
v 0.047725495 -0.74888885 -0.21000007
v 0.6403979 -0.8479361 -0.21000044
v 0.047725495 -0.8479359 -0.21000007
v 0.034638576 -0.8341602 -0.21000007
v 0.047725495 -0.8341602 -0.21000007
v -0.032688335 1.1586744 -0.14008975
v -0.032688335 0.8300389 -0.14008975
v -0.032688335 0.8300389 -0.20311219
v -0.032688335 0.8369267 -0.21000004
v -0.032688335 1.1517866 -0.21000004
v -0.032688335 1.1586744 -0.20311219
v 0.047725495 0.7779973 -0.21000007
v 0.6403979 0.7779973 -0.21000044
v 0.6403979 0.80937535 -0.21000044
v 0.047725495 0.80937535 -0.21000007
v 0.033949792 0.7779973 -0.21000007
v 0.033949792 0.80937535 -0.21000007
v 0.047725495 0.823151 -0.21000007
v 0.6403979 0.823151 -0.21000044
v 0.6403979 0.8300389 -0.21000044
v 0.047725495 0.8300389 -0.21000007
v 0.033949792 0.823151 -0.21000007
v 0.033949792 0.8300389 -0.21000007
v 0.6541737 0.80937535 -0.21000041
v 0.6541737 0.823151 -0.21000041
v 0.6403979 0.823151 -0.21000044
v -0.02580048 -0.40374202 -0.21000004
v 0.033949792 -0.40374202 -0.21000007
v 0.033949792 -0.34034106 -0.21000007
v -0.02580048 -0.34034106 -0.21000004
v -0.039576188 -0.40374202 -0.21000004
v -0.039576188 -0.34034106 -0.21000004
v -0.02580048 -0.009828901 -0.21000004
v 0.033949792 -0.009828901 -0.21000007
v 0.033949792 0.054958217 -0.21000007
v -0.02580048 0.054958217 -0.21000004
v -0.039576188 -0.009828901 -0.21000004
v -0.039576188 0.054958217 -0.21000004
v -0.032688335 0.7779973 -0.14008975
v -0.032688335 0.44495583 -0.14008975
v -0.032688335 0.44495583 -0.20311219
v -0.032688335 0.45184368 -0.21000004
v -0.032688335 0.7711095 -0.21000004
v -0.032688335 0.7779973 -0.20311219
v -0.75 -0.74888885 0.20311219
v -0.75 -0.74888885 -0.20311219
v -0.75 -0.40374202 -0.20311219
v -0.75 -0.40374196 0.20311219
v -0.64958745 0.8300389 0.20999965
v -0.74311215 0.8300389 0.21
v -0.74311215 1.1586744 0.21
v -0.64958745 1.1586744 0.20999965
v -0.74311215 0.823151 -0.21000007
v -0.64958745 0.823151 -0.21000041
v -0.64958745 0.8300389 -0.21000041
v -0.74311215 0.8300389 -0.21000007
v -0.64889866 0.80937535 -0.21000041
v -0.74311215 0.80937535 -0.21000007
v -0.74311215 0.7779973 -0.21000007
v -0.64269966 0.7779973 -0.21000044
v -0.75 0.4449559 0.20311219
v -0.75 0.44495583 -0.20311219
v -0.75 0.7779973 -0.20311219
v -0.75 0.77799743 0.20311219
v -0.64889866 0.054958183 -0.21000041
v -0.6365006 0.05495818 -0.21000044
v -0.039576188 0.054958217 -0.21000004
v -0.039576188 0.054958217 -0.21000004
v -0.74311215 0.054958213 -0.21000007
v -0.64889866 0.054958183 -0.21000041
v -0.75 0.054958217 -0.20311219
v -0.02580048 0.054958217 -0.21000004
v 0.74311215 0.054958213 -0.21000007
v 0.047725495 0.054958217 -0.21000007
v 0.6472858 0.05495818 -0.21000044
v -0.02580048 0.054958217 -0.21000004
v 0.033949792 0.054958217 -0.21000007
v 0.047725495 0.054958217 -0.21000007
v 0.047725495 0.054958217 -0.21000007
v 0.74311215 0.054958213 -0.21000007
v -0.02580048 0.054958217 -0.21000004
v 0.75 0.054958217 -0.20311219
v -0.75 0.054958217 -0.20311219
v -0.75 0.054958303 0.20311219
v 0.75 0.054958217 0.20311219
v -0.63616526 0.05495818 0.20782158
v -0.74311215 0.0549583 0.21
v -0.64958745 0.05495819 0.20999965
v 0.6407514 0.05495818 0.20782158
v 0.74311215 0.054958213 0.21
v 0.6541737 0.054958183 0.20999965
v -0.75 0.054958303 0.20311219
v -0.75 0.054958217 -0.20311219
v -0.75 0.38408422 -0.20311219
v -0.75 0.3840843 0.20311219
v -0.64958745 -0.34034115 -0.21000041
v -0.6358118 -0.34034115 -0.21000044
v -0.039576188 -0.34034106 -0.21000004
v -0.039576188 -0.34034106 -0.21000004
v -0.74311215 -0.34034106 -0.21000007
v -0.64958745 -0.34034115 -0.21000041
v -0.75 -0.34034106 -0.20311219
v -0.02580048 -0.34034106 -0.21000004
v 0.74311215 -0.34034106 -0.21000007
v 0.047725495 -0.34034106 -0.21000007
v 0.6472858 -0.34034115 -0.21000044
v -0.02580048 -0.34034106 -0.21000004
v 0.033949792 -0.34034106 -0.21000007
v 0.047725495 -0.34034106 -0.21000007
v 0.047725495 -0.34034106 -0.21000007
v 0.74311215 -0.34034106 -0.21000007
v -0.02580048 -0.34034106 -0.21000004
v 0.75 -0.34034106 -0.20311219
v -0.75 -0.34034106 -0.20311219
v -0.75 -0.34034103 0.20311219
v 0.75 -0.34034106 0.20311219
v -0.63616526 -0.34034115 0.20782158
v -0.74311215 -0.34034103 0.21
v -0.64958745 -0.34034115 0.20999965
v 0.6407514 -0.34034115 0.20782158
v 0.74311215 -0.34034106 0.21
v 0.6541737 -0.34034115 0.20999965
v -0.75 -0.34034103 0.20311219
v -0.75 -0.34034106 -0.20311219
v -0.75 -0.0098289 -0.20311219
v -0.75 -0.009828827 0.20311219
v -0.032688335 -0.40374202 -0.14008975
v -0.03922277 -0.40374202 0.20782202
v -0.03922277 -0.74888885 0.20782202
v -0.032688335 -0.74888885 -0.14008975
v -0.03922277 -0.009828901 0.20782202
v -0.03922277 -0.34034106 0.20782202
v -0.032688335 -0.34034106 -0.14008975
v -0.032688335 -0.009828901 -0.14008975
v -0.03922277 0.38408422 0.20782202
v -0.03922277 0.054958217 0.20782202
v -0.032688335 0.054958217 -0.14008975
v -0.032688335 0.38408422 -0.14008975
v -0.03922277 0.7779973 0.20782202
v -0.03922277 0.44495583 0.20782202
v -0.032688335 0.44495583 -0.14008975
v -0.032688335 0.7779973 -0.14008975
v -0.64269966 0.7779973 -0.21000044
v -0.039576188 0.7779973 -0.21000004
v -0.039576188 0.80937535 -0.21000004
v -0.6365006 0.80937535 -0.21000044
v -0.6358118 0.823151 -0.21000044
v -0.039576188 0.823151 -0.21000004
v -0.039576188 0.8300389 -0.21000004
v -0.6358118 0.8300389 -0.21000044
v -0.64958745 0.823151 -0.21000041
v -0.64958745 0.8300389 -0.21000041
v 0.74311215 -0.40374202 0.21
v 0.6541737 -0.40374213 0.20999965
v 0.6541737 -0.34034115 0.20999965
v 0.74311215 -0.34034106 0.21
v 0.74311215 -0.009828904 0.21
v 0.6541737 -0.009828935 0.20999965
v 0.6541737 0.054958183 0.20999965
v 0.74311215 0.054958213 0.21
v 0.74311215 0.38408422 0.21
v 0.6541737 0.38408422 0.20999965
v 0.6541737 0.44495574 0.20999965
v 0.74311215 0.44495583 0.21
v 0.6407514 -0.40374213 0.20782158
v 0.6407514 -0.74888897 0.20782158
v 0.6472858 -0.74888897 -0.20311257
v 0.6472858 -0.7420011 -0.21000044
v 0.6472858 -0.41063 -0.21000044
v 0.6472858 -0.40374213 -0.20311257
v 0.6407514 -0.009828938 0.20782158
v 0.6407514 -0.34034115 0.20782158
v 0.6472858 -0.34034115 -0.20311257
v 0.6472858 -0.3334533 -0.21000044
v 0.6472858 -0.016716791 -0.21000044
v 0.6472858 -0.009828938 -0.20311257
v 0.6472858 -0.34034115 -0.21000044
v 0.6407514 0.38408422 0.20782158
v 0.6407514 0.05495818 0.20782158
v 0.6472858 0.05495818 -0.20311257
v 0.6472858 0.061846036 -0.21000044
v 0.6472858 0.37719637 -0.21000044
v 0.6472858 0.38408422 -0.20311257
v 0.6472858 0.05495818 -0.21000044
v 0.6407514 0.7779973 0.20782158
v 0.6407514 0.44495574 0.20782158
v 0.6472858 0.44495574 -0.20311257
v 0.6472858 0.4518436 -0.21000044
v 0.6472858 0.7711095 -0.21000044
v 0.6472858 0.7779973 -0.20311257
v 0.6472858 0.44495574 -0.21000044
v -0.64269966 -0.7420011 -0.21000044
v -0.64269966 -0.74888897 -0.20311257
v -0.64269966 -0.74888897 -0.14009015
v -0.64269966 -0.40374213 -0.14009015
v -0.64269966 -0.41063 -0.21000044
v -0.64269966 -0.40374213 -0.20311257
v -0.63616526 -0.40374213 0.20782158
v -0.63616526 -0.74888897 0.20782158
v -0.64269966 -0.3334533 -0.21000044
v -0.64269966 -0.34034115 -0.20311257
v -0.64269966 -0.34034115 -0.14009015
v -0.64269966 -0.009828938 -0.14009015
v -0.64269966 -0.016716791 -0.21000044
v -0.64269966 -0.009828938 -0.20311257
v -0.63616526 -0.34034115 0.20782158
v -0.63616526 -0.009828938 0.20782158
v -0.64269966 -0.009828938 -0.21000044
v -0.64269966 0.061846036 -0.21000044
v -0.64269966 0.05495818 -0.20311257
v -0.64269966 0.05495818 -0.14009015
v -0.64269966 0.38408422 -0.14009015
v -0.64269966 0.37719637 -0.21000044
v -0.64269966 0.38408422 -0.20311257
v -0.63616526 0.05495818 0.20782158
v -0.63616526 0.38408422 0.20782158
v -0.64269966 0.4518436 -0.21000044
v -0.64269966 0.44495574 -0.20311257
v -0.64269966 0.44495574 -0.14009015
v -0.64269966 0.7779973 -0.14009015
v -0.64269966 0.7711095 -0.21000044
v -0.64269966 0.7779973 -0.20311257
v -0.63616526 0.7779973 0.20782158
v -0.63616526 0.44495574 0.20782158
v -0.64269966 0.7779973 -0.21000044
v 0.6541737 0.7779973 -0.21000041
v 0.74311215 0.7779973 -0.21000007
v 0.74311215 0.80937535 -0.21000007
v 0.6541737 0.80937535 -0.21000041
v 0.6403979 0.7779973 -0.21000044
v 0.6403979 0.80937535 -0.21000044
v 0.6541737 0.823151 -0.21000041
v 0.74311215 0.823151 -0.21000007
v 0.74311215 0.8300389 -0.21000007
v 0.6541737 0.8300389 -0.21000041
v 0.6403979 0.823151 -0.21000044
v 0.6403979 0.8300389 -0.21000044
v -0.74311215 -0.40374202 -0.21000007
v -0.64958745 -0.40374213 -0.21000041
v -0.64958745 -0.34034115 -0.21000041
v -0.74311215 -0.34034106 -0.21000007
v -0.74311215 -0.009828904 -0.21000007
v -0.64269966 -0.009828938 -0.21000044
v -0.64889866 0.054958183 -0.21000041
v -0.74311215 0.054958213 -0.21000007
v -0.74311215 0.38408422 -0.21000007
v -0.64958745 0.38408422 -0.21000041
v -0.64958745 0.44495574 -0.21000041
v -0.74311215 0.44495583 -0.21000007
v -0.64958745 -0.40374213 0.20999965
v -0.74311215 -0.40374196 0.21
v -0.74311215 -0.34034103 0.21
v -0.64958745 -0.34034115 0.20999965
v -0.64958745 -0.009828931 0.20999965
v -0.74311215 -0.009828834 0.21
v -0.74311215 0.0549583 0.21
v -0.64958745 0.05495819 0.20999965
v -0.64958745 0.38408422 0.20999965
v -0.74311215 0.3840843 0.21
v -0.74311215 0.4449559 0.21
v -0.64958745 0.44495574 0.20999965
v -0.64958745 0.7779973 0.20999965
v -0.74311215 0.77799743 0.21
v -0.74311215 0.80937535 0.21
v -0.64958745 0.80937535 0.20999965
v -0.64958745 0.823151 0.20999965
v -0.74311215 0.823151 0.21
v -0.74311215 0.8300389 0.21
v -0.64958745 0.8300389 0.20999965
v 0.75 -0.40374202 -0.20311219
v 0.75 -0.40374202 0.20311219
v 0.75 -0.34034106 0.20311219
v 0.75 -0.34034106 -0.20311219
v 0.75 -0.009828901 -0.20311219
v 0.75 -0.009828901 0.20311219
v 0.75 0.054958217 0.20311219
v 0.75 0.054958217 -0.20311219
v 0.75 0.38408422 -0.20311219
v 0.75 0.38408422 0.20311219
v 0.75 0.44495583 0.20311219
v 0.75 0.44495583 -0.20311219
v 0.75 0.7779973 -0.20311219
v 0.75 0.7779973 0.20311219
v 0.75 0.80937535 0.20311219
v 0.75 0.80937535 -0.20311219
v 0.75 0.823151 -0.20311219
v 0.75 0.823151 0.20311219
v 0.75 0.8300389 0.20311219
v 0.75 0.8300389 -0.20311219
v 0.6541737 -0.74888897 -0.21000041
v 0.74311215 -0.74888885 -0.21000007
v 0.74311215 -0.40374202 -0.21000007
v 0.6534849 -0.40374213 -0.21000041
v 0.6472858 -0.7420011 -0.21000044
v 0.6403979 -0.74888897 -0.21000044
v 0.6472858 -0.40374213 -0.20311257
v 0.6472858 -0.40374213 -0.20311257
v 0.6472858 -0.41063 -0.21000044
v 0.6472858 -0.7420011 -0.21000044
v 0.6472858 -0.34034115 -0.20311257
v 0.74311215 -0.34034106 -0.21000007
v 0.74311215 -0.009828904 -0.21000007
v 0.6534849 -0.009828936 -0.21000041
v 0.6472858 -0.009828938 -0.20311257
v 0.6472858 -0.009828938 -0.20311257
v 0.6472858 -0.3334533 -0.21000044
v 0.6472858 -0.34034115 -0.20311257
v 0.6472858 -0.016716791 -0.21000044
v 0.6472858 0.05495818 -0.20311257
v 0.74311215 0.054958213 -0.21000007
v 0.74311215 0.38408422 -0.21000007
v 0.6534849 0.38408422 -0.21000041
v 0.6472858 0.38408422 -0.20311257
v 0.6472858 0.38408422 -0.20311257
v 0.6472858 0.061846036 -0.21000044
v 0.6472858 0.05495818 -0.20311257
v 0.6472858 0.37719637 -0.21000044
v 0.6472858 0.44495574 -0.20311257
v 0.74311215 0.44495583 -0.21000007
v 0.74311215 0.7779973 -0.21000007
v 0.6541737 0.7779973 -0.21000041
v 0.6472858 0.7779973 -0.20311257
v 0.6472858 0.7779973 -0.20311257
v 0.6472858 0.4518436 -0.21000044
v 0.6472858 0.44495574 -0.20311257
v 0.6472858 0.7711095 -0.21000044
v 0.6534849 -0.40374213 -0.21000041
v 0.6410867 -0.40374213 -0.21000044
v 0.047725495 -0.40374202 -0.21000007
v 0.047725495 -0.40374202 -0.21000007
v 0.74311215 -0.40374202 -0.21000007
v 0.6534849 -0.40374213 -0.21000041
v 0.047725495 -0.40374202 -0.21000007
v 0.75 -0.40374202 -0.20311219
v 0.74311215 -0.40374202 -0.21000007
v 0.033949792 -0.40374202 -0.21000007
v 0.033949792 -0.40374202 -0.21000007
v -0.02580048 -0.40374202 -0.21000004
v 0.75 -0.40374202 -0.20311219
v -0.02580048 -0.40374202 -0.21000004
v -0.039576188 -0.40374202 -0.21000004
v 0.75 -0.40374202 -0.20311219
v -0.75 -0.40374202 -0.20311219
v -0.74311215 -0.40374202 -0.21000007
v 0.75 -0.40374202 0.20311219
v -0.75 -0.40374196 0.20311219
v 0.6407514 -0.40374213 0.20782158
v 0.74311215 -0.40374202 0.21
v 0.6541737 -0.40374213 0.20999965
v -0.63616526 -0.40374213 0.20782158
v -0.74311215 -0.40374196 0.21
v -0.64958745 -0.40374213 0.20999965
v -0.039576188 -0.40374202 -0.21000004
v -0.6358118 -0.40374213 -0.21000044
v -0.64958745 -0.40374213 -0.21000041
v -0.64958745 -0.40374213 -0.21000041
v -0.74311215 -0.40374202 -0.21000007
v -0.039576188 -0.40374202 -0.21000004
v 0.6534849 -0.009828936 -0.21000041
v 0.6410867 -0.009828938 -0.21000044
v 0.047725495 -0.009828901 -0.21000007
v 0.047725495 -0.009828901 -0.21000007
v 0.74311215 -0.009828904 -0.21000007
v 0.6534849 -0.009828936 -0.21000041
v 0.047725495 -0.009828901 -0.21000007
v 0.75 -0.009828901 -0.20311219
v 0.74311215 -0.009828904 -0.21000007
v 0.033949792 -0.009828901 -0.21000007
v 0.033949792 -0.009828901 -0.21000007
v -0.02580048 -0.009828901 -0.21000004
v 0.75 -0.009828901 -0.20311219
v -0.02580048 -0.009828901 -0.21000004
v -0.039576188 -0.009828901 -0.21000004
v 0.75 -0.009828901 -0.20311219
v -0.75 -0.0098289 -0.20311219
v -0.74311215 -0.009828904 -0.21000007
v 0.75 -0.009828901 0.20311219
v -0.75 -0.009828827 0.20311219
v 0.6407514 -0.009828938 0.20782158
v 0.74311215 -0.009828904 0.21
v 0.6541737 -0.009828935 0.20999965
v -0.63616526 -0.009828938 0.20782158
v -0.74311215 -0.009828834 0.21
v -0.64958745 -0.009828931 0.20999965
v -0.039576188 -0.009828901 -0.21000004
v -0.64269966 -0.009828938 -0.21000044
v -0.74311215 -0.009828904 -0.21000007
v 0.6534849 0.38408422 -0.21000041
v 0.6410867 0.38408422 -0.21000044
v 0.047725495 0.38408422 -0.21000007
v 0.047725495 0.38408422 -0.21000007
v 0.74311215 0.38408422 -0.21000007
v 0.6534849 0.38408422 -0.21000041
v 0.047725495 0.38408422 -0.21000007
v 0.75 0.38408422 -0.20311219
v 0.74311215 0.38408422 -0.21000007
v 0.033949792 0.38408422 -0.21000007
v 0.033949792 0.38408422 -0.21000007
v -0.02580048 0.38408422 -0.21000004
v 0.75 0.38408422 -0.20311219
v -0.02580048 0.38408422 -0.21000004
v -0.039576188 0.38408422 -0.21000004
v 0.75 0.38408422 -0.20311219
v -0.75 0.38408422 -0.20311219
v -0.74311215 0.38408422 -0.21000007
v 0.75 0.38408422 0.20311219
v -0.75 0.3840843 0.20311219
v 0.6407514 0.38408422 0.20782158
v 0.74311215 0.38408422 0.21
v 0.6541737 0.38408422 0.20999965
v -0.63616526 0.38408422 0.20782158
v -0.74311215 0.3840843 0.21
v -0.64958745 0.38408422 0.20999965
v -0.039576188 0.38408422 -0.21000004
v -0.6358118 0.38408422 -0.21000044
v -0.64958745 0.38408422 -0.21000041
v -0.64958745 0.38408422 -0.21000041
v -0.74311215 0.38408422 -0.21000007
v -0.039576188 0.38408422 -0.21000004
v 0.6541737 0.7779973 -0.21000041
v 0.6403979 0.7779973 -0.21000044
v 0.047725495 0.7779973 -0.21000007
v 0.047725495 0.7779973 -0.21000007
v 0.74311215 0.7779973 -0.21000007
v 0.6541737 0.7779973 -0.21000041
v 0.047725495 0.7779973 -0.21000007
v 0.75 0.7779973 -0.20311219
v 0.74311215 0.7779973 -0.21000007
v 0.033949792 0.7779973 -0.21000007
v 0.033949792 0.7779973 -0.21000007
v -0.02580048 0.7779973 -0.21000004
v 0.75 0.7779973 -0.20311219
v -0.02580048 0.7779973 -0.21000004
v -0.039576188 0.7779973 -0.21000004
v 0.75 0.7779973 -0.20311219
v -0.75 0.7779973 -0.20311219
v -0.74311215 0.7779973 -0.21000007
v 0.75 0.7779973 0.20311219
v -0.75 0.77799743 0.20311219
v 0.6407514 0.7779973 0.20782158
v 0.74311215 0.7779973 0.21
v 0.6541737 0.7779973 0.20999965
v -0.63616526 0.7779973 0.20782158
v -0.74311215 0.77799743 0.21
v -0.64958745 0.7779973 0.20999965
v -0.039576188 0.7779973 -0.21000004
v -0.64269966 0.7779973 -0.21000044
v -0.74311215 0.7779973 -0.21000007
v -0.039576188 0.823151 0.21000004
v -0.6358118 0.823151 0.20999964
v -0.63616526 0.8300389 0.20782158
v -0.03922277 0.8300389 0.20782202
v -0.64958745 0.44495574 -0.21000041
v -0.6358118 0.44495574 -0.21000044
v -0.039576188 0.44495583 -0.21000004
v -0.039576188 0.44495583 -0.21000004
v -0.74311215 0.44495583 -0.21000007
v -0.64958745 0.44495574 -0.21000041
v -0.039576188 0.44495583 -0.21000004
v -0.75 0.44495583 -0.20311219
v -0.74311215 0.44495583 -0.21000007
v -0.02580048 0.44495583 -0.21000004
v 0.74311215 0.44495583 -0.21000007
v 0.047725495 0.44495583 -0.21000007
v 0.6472858 0.44495574 -0.21000044
v -0.02580048 0.44495583 -0.21000004
v 0.033949792 0.44495583 -0.21000007
v 0.047725495 0.44495583 -0.21000007
v 0.047725495 0.44495583 -0.21000007
v 0.74311215 0.44495583 -0.21000007
v -0.02580048 0.44495583 -0.21000004
v 0.75 0.44495583 -0.20311219
v -0.75 0.44495583 -0.20311219
v -0.75 0.4449559 0.20311219
v 0.75 0.44495583 0.20311219
v -0.63616526 0.44495574 0.20782158
v -0.74311215 0.4449559 0.21
v -0.64958745 0.44495574 0.20999965
v 0.6407514 0.44495574 0.20782158
v 0.74311215 0.44495583 0.21
v 0.6541737 0.44495574 0.20999965
v 0.6403979 0.823151 0.20999964
v 0.047725495 0.823151 0.21
v 0.047372077 0.8300389 0.207822
v 0.6407514 0.8300389 0.20782158
v -0.02580048 0.823151 -0.21000004
v 0.033949792 0.823151 -0.21000007
v 0.033949792 0.8300389 -0.21000007
v -0.02580048 0.8300389 -0.21000004
v -0.039576188 0.823151 -0.21000004
v -0.039576188 0.8300389 -0.21000004
v 0.033949792 0.80937535 -0.21000007
v -0.02580048 0.80937535 -0.21000004
v -0.02580048 0.7779973 -0.21000004
v 0.033949792 0.7779973 -0.21000007
v -0.039576188 0.7779973 -0.21000004
v -0.039576188 0.80937535 -0.21000004
v -0.039576188 0.823151 -0.21000004
v -0.02580048 0.823151 -0.21000004
v 0.047725495 0.80937535 -0.21000007
v 0.047725495 0.823151 -0.21000007
v 0.033949792 0.823151 -0.21000007
v -0.64958745 0.8300389 -0.21000041
v -0.6358118 0.8300389 -0.21000044
v -0.039576188 0.8300389 -0.21000004
v -0.039576188 0.8300389 -0.21000004
v -0.74311215 0.8300389 -0.21000007
v -0.64958745 0.8300389 -0.21000041
v -0.039576188 0.8300389 -0.21000004
v -0.75 0.8300389 -0.20311219
v -0.74311215 0.8300389 -0.21000007
v -0.02580048 0.8300389 -0.21000004
v 0.047725495 0.8300389 -0.21000007
v 0.6403979 0.8300389 -0.21000044
v 0.6541737 0.8300389 -0.21000041
v 0.6541737 0.8300389 -0.21000041
v 0.74311215 0.8300389 -0.21000007
v 0.047725495 0.8300389 -0.21000007
v -0.02580048 0.8300389 -0.21000004
v 0.033949792 0.8300389 -0.21000007
v 0.047725495 0.8300389 -0.21000007
v 0.047725495 0.8300389 -0.21000007
v 0.74311215 0.8300389 -0.21000007
v -0.02580048 0.8300389 -0.21000004
v 0.75 0.8300389 -0.20311219
v -0.75 0.8300389 -0.20311219
v -0.75 0.8300389 0.20311219
v 0.75 0.8300389 0.20311219
v -0.63616526 0.8300389 0.20782158
v -0.74311215 0.8300389 0.21
v -0.64958745 0.8300389 0.20999965
v 0.6407514 0.8300389 0.20782158
v 0.74311215 0.8300389 0.21
v 0.6541737 0.8300389 0.20999965
v 0.74311215 0.823151 0.21
v 0.6541737 0.823151 0.20999965
v 0.6541737 0.8300389 0.20999965
v 0.74311215 0.8300389 0.21
v 0.6541737 0.80937535 0.20999965
v 0.74311215 0.80937535 0.21
v 0.74311215 0.7779973 0.21
v 0.6541737 0.7779973 0.20999965
v -0.75 0.823151 0.20311219
v -0.75 0.823151 -0.20311219
v -0.75 0.8300389 -0.20311219
v -0.75 0.8300389 0.20311219
v -0.75 0.80937535 -0.20311219
v -0.75 0.80937535 0.20311219
v -0.75 0.77799743 0.20311219
v -0.75 0.7779973 -0.20311219
v -0.75 0.3840843 0.20311219
v -0.75 0.38408422 -0.20311219
v -0.75 0.44495583 -0.20311219
v -0.75 0.4449559 0.20311219
v 0.6534849 -0.009828936 -0.21000041
v 0.74311215 -0.009828904 -0.21000007
v 0.74311215 0.054958213 -0.21000007
v 0.6472858 0.05495818 -0.21000044
v 0.75 0.054958217 -0.20311219
v 0.75 0.054958217 0.20311219
v 0.75 0.38408422 0.20311219
v 0.75 0.38408422 -0.20311219
v -0.64958745 0.44495574 0.20999965
v -0.74311215 0.4449559 0.21
v -0.74311215 0.77799743 0.21
v -0.64958745 0.7779973 0.20999965
v -0.64889866 0.054958183 -0.21000041
v -0.64269966 0.05495818 -0.20311257
v -0.64269966 0.061846036 -0.21000044
v -0.64269966 0.37719637 -0.21000044
v -0.64269966 0.37719637 -0.21000044
v -0.64269966 0.38408422 -0.20311257
v -0.64889866 0.054958183 -0.21000041
v -0.64269966 0.38408422 -0.20311257
v -0.64958745 0.38408422 -0.21000041
v -0.64889866 0.054958183 -0.21000041
v -0.74311215 0.054958213 -0.21000007
v -0.74311215 0.38408422 -0.21000007
v -0.039576188 0.054958217 -0.21000004
v -0.032688335 0.054958217 -0.20311219
v -0.032688335 0.061846074 -0.21000004
v -0.032688335 0.37719637 -0.21000004
v -0.032688335 0.37719637 -0.21000004
v -0.032688335 0.38408422 -0.20311219
v -0.039576188 0.054958217 -0.21000004
v -0.032688335 0.38408422 -0.20311219
v -0.039576188 0.38408422 -0.21000004
v -0.039576188 0.054958217 -0.21000004
v -0.6365006 0.05495818 -0.21000044
v -0.6358118 0.38408422 -0.21000044
v -0.64269966 0.37719637 -0.21000044
v -0.64269966 0.061846036 -0.21000044
v 0.6410867 0.38408422 -0.21000044
v 0.6472858 0.37719637 -0.21000044
v 0.6472858 0.061846036 -0.21000044
v 0.6472858 0.05495818 -0.21000044
v 0.6472858 0.05495818 -0.21000044
v 0.047725495 0.054958217 -0.21000007
v 0.6410867 0.38408422 -0.21000044
v 0.047725495 0.38408422 -0.21000007
v 0.040837646 0.38408422 -0.20311221
v 0.040837646 0.054958217 -0.20311221
v 0.040837646 0.054958217 -0.20311221
v 0.040837646 0.37719637 -0.21000007
v 0.040837646 0.38408422 -0.20311221
v 0.040837646 0.061846074 -0.21000007
v 0.74311215 0.054958213 0.21
v 0.6541737 0.054958183 0.20999965
v 0.6541737 0.38408422 0.20999965
v 0.74311215 0.38408422 0.21
v 0.033949792 0.061846074 0.21
v -0.02580048 0.061846074 0.21000004
v -0.02580048 0.37719637 0.21000004
v 0.033949792 0.37719637 0.21
v -0.02580048 0.048070367 0.21000004
v 0.033949792 0.048070367 0.21
v 0.033949792 0.39097208 0.21
v -0.02580048 0.39097208 0.21000004
v -0.02580048 0.43806797 0.21000004
v 0.033949792 0.43806797 0.21
v -0.02580048 0.37719637 0.21000004
v 0.033949792 0.37719637 0.21
v 0.6407514 -0.009828938 0.20782158
v 0.047372077 -0.009828901 0.207822
v 0.047372077 0.054958217 0.207822
v 0.6407514 0.05495818 0.20782158
v -0.032688335 0.38408422 -0.14008975
v -0.032688335 0.054958217 -0.14008975
v -0.032688335 0.054958217 -0.20311219
v -0.032688335 0.061846074 -0.21000004
v -0.032688335 0.37719637 -0.21000004
v -0.032688335 0.38408422 -0.20311219
v -0.75 -0.009828827 0.20311219
v -0.75 -0.0098289 -0.20311219
v -0.75 0.054958217 -0.20311219
v -0.75 0.054958303 0.20311219
v 0.6534849 -0.40374213 -0.21000041
v 0.74311215 -0.40374202 -0.21000007
v 0.74311215 -0.34034106 -0.21000007
v 0.6472858 -0.34034115 -0.21000044
v 0.75 -0.34034106 -0.20311219
v 0.75 -0.34034106 0.20311219
v 0.75 -0.009828901 0.20311219
v 0.75 -0.009828901 -0.20311219
v -0.64958745 0.05495819 0.20999965
v -0.74311215 0.0549583 0.21
v -0.74311215 0.3840843 0.21
v -0.64958745 0.38408422 0.20999965
v -0.64958745 -0.34034115 -0.21000041
v -0.64269966 -0.34034115 -0.20311257
v -0.64269966 -0.3334533 -0.21000044
v -0.64269966 -0.016716791 -0.21000044
v -0.64269966 -0.009828938 -0.21000044
v -0.64269966 -0.009828938 -0.21000044
v -0.74311215 -0.009828904 -0.21000007
v -0.64958745 -0.34034115 -0.21000041
v -0.74311215 -0.34034106 -0.21000007
v -0.039576188 -0.009828901 -0.21000004
v -0.032688335 -0.009828901 -0.20311219
v -0.032688335 -0.016716754 -0.21000004
v -0.032688335 -0.016716754 -0.21000004
v -0.032688335 -0.3334532 -0.21000004
v -0.039576188 -0.009828901 -0.21000004
v -0.032688335 -0.3334532 -0.21000004
v -0.032688335 -0.34034106 -0.20311219
v -0.039576188 -0.009828901 -0.21000004
v -0.032688335 -0.34034106 -0.20311219
v -0.039576188 -0.34034106 -0.21000004
v -0.039576188 -0.009828901 -0.21000004
v -0.64269966 -0.009828938 -0.21000044
v -0.6358118 -0.34034115 -0.21000044
v -0.64269966 -0.3334533 -0.21000044
v -0.64269966 -0.3334533 -0.21000044
v -0.64269966 -0.016716791 -0.21000044
v -0.64269966 -0.009828938 -0.21000044
v 0.6410867 -0.009828938 -0.21000044
v 0.6472858 -0.016716791 -0.21000044
v 0.6472858 -0.3334533 -0.21000044
v 0.6472858 -0.34034115 -0.21000044
v 0.6472858 -0.34034115 -0.21000044
v 0.047725495 -0.34034106 -0.21000007
v 0.6410867 -0.009828938 -0.21000044
v 0.047725495 -0.009828901 -0.21000007
v 0.040837646 -0.009828901 -0.20311221
v 0.040837646 -0.34034106 -0.20311221
v 0.040837646 -0.34034106 -0.20311221
v 0.040837646 -0.016716754 -0.21000007
v 0.040837646 -0.009828901 -0.20311221
v 0.040837646 -0.34034106 -0.20311221
v 0.040837646 -0.3334532 -0.21000007
v 0.040837646 -0.016716754 -0.21000007
v 0.74311215 -0.34034106 0.21
v 0.6541737 -0.34034115 0.20999965
v 0.6541737 -0.009828935 0.20999965
v 0.74311215 -0.009828904 0.21
v 0.033949792 -0.3334532 0.21
v -0.02580048 -0.3334532 0.21000004
v -0.02580048 -0.016716754 0.21000004
v 0.033949792 -0.016716754 0.21
v -0.02580048 -0.3472289 0.21000004
v 0.033949792 -0.3472289 0.21
v 0.033949792 -0.002941048 0.21
v -0.02580048 -0.0029410478 0.21000004
v -0.02580048 0.048070367 0.21000004
v 0.033949792 0.048070367 0.21
v -0.02580048 -0.016716754 0.21000004
v 0.033949792 -0.016716754 0.21
v 0.6407514 -0.40374213 0.20782158
v 0.047372077 -0.40374202 0.207822
v 0.047372077 -0.34034106 0.207822
v 0.6407514 -0.34034115 0.20782158
v -0.032688335 -0.009828901 -0.14008975
v -0.032688335 -0.34034106 -0.14008975
v -0.032688335 -0.34034106 -0.20311219
v -0.032688335 -0.3334532 -0.21000004
v -0.032688335 -0.016716754 -0.21000004
v -0.032688335 -0.009828901 -0.20311219
v -0.75 -0.40374196 0.20311219
v -0.75 -0.40374202 -0.20311219
v -0.75 -0.34034106 -0.20311219
v -0.75 -0.34034103 0.20311219
v 0.75 -0.74888885 -0.20311219
v 0.75 -0.74888885 0.20311219
v 0.75 -0.40374202 0.20311219
v 0.75 -0.40374202 -0.20311219
v -0.64958745 -0.34034115 0.20999965
v -0.74311215 -0.34034103 0.21
v -0.74311215 -0.009828834 0.21
v -0.64958745 -0.009828931 0.20999965
v -0.64958745 -0.74888897 -0.21000041
v -0.6358118 -0.74888897 -0.21000044
v -0.64269966 -0.7420011 -0.21000044
v -0.64269966 -0.41063 -0.21000044
v -0.64269966 -0.40374213 -0.20311257
v -0.64958745 -0.40374213 -0.21000041
v -0.74311215 -0.74888885 -0.21000007
v -0.74311215 -0.40374202 -0.21000007
v -0.64269966 -0.41063 -0.21000044
v -0.64269966 -0.40374213 -0.20311257
v -0.64958745 -0.74888897 -0.21000041
v -0.039576188 -0.74888885 -0.21000004
v -0.02580048 -0.74888885 -0.21000004
v -0.032688335 -0.74200094 -0.21000004
v -0.032688335 -0.41062987 -0.21000004
v -0.032688335 -0.40374202 -0.20311219
v -0.039576188 -0.40374202 -0.21000004
v -0.6358118 -0.74888897 -0.21000044
v -0.6358118 -0.40374213 -0.21000044
v -0.64269966 -0.7420011 -0.21000044
v -0.64269966 -0.41063 -0.21000044
v -0.032688335 -0.41062987 -0.21000004
v -0.032688335 -0.40374202 -0.20311219
v -0.039576188 -0.74888885 -0.21000004
v 0.6410867 -0.40374213 -0.21000044
v 0.6472858 -0.41063 -0.21000044
v 0.6472858 -0.7420011 -0.21000044
v 0.6403979 -0.74888897 -0.21000044
v 0.047725495 -0.40374202 -0.21000007
v 0.047725495 -0.74888885 -0.21000007
v 0.040837646 -0.40374202 -0.20311221
v 0.040837646 -0.74200094 -0.21000007
v 0.047725495 -0.74888885 -0.21000007
v 0.033949792 -0.74888885 -0.21000007
v 0.040837646 -0.74200094 -0.21000007
v 0.040837646 -0.74200094 -0.21000007
v 0.040837646 -0.41062987 -0.21000007
v 0.040837646 -0.40374202 -0.20311221
v 0.74311215 -0.74888885 0.21
v 0.6541737 -0.74888897 0.20999965
v 0.6541737 -0.40374213 0.20999965
v 0.74311215 -0.40374202 0.21
v 0.033949792 -0.74200094 0.21
v -0.02580048 -0.74200094 0.21000004
v -0.02580048 -0.41062987 0.21000004
v 0.033949792 -0.41062987 0.21
v -0.02580048 -0.75577664 0.21000004
v 0.033949792 -0.75577664 0.21
v 0.033949792 -0.39685416 0.21
v -0.02580048 -0.39685416 0.21000004
v -0.02580048 -0.3472289 0.21000004
v 0.033949792 -0.3472289 0.21
v -0.02580048 -0.41062987 0.21000004
v 0.033949792 -0.41062987 0.21
v -0.03922277 0.7779973 0.20782202
v -0.63616526 0.7779973 0.20782158
v -0.6358118 0.80937535 0.20999964
v -0.039576188 0.80937535 0.21000004
v -0.032688335 -0.40374202 -0.14008975
v -0.032688335 -0.74888885 -0.14008975
v -0.032688335 -0.74888885 -0.21000004
v -0.032688335 -0.74200094 -0.21000004
v -0.032688335 -0.41062987 -0.21000004
v -0.032688335 -0.40374202 -0.20311219
v -0.75 0.8300389 0.20311219
v -0.75 0.8300389 -0.20311219
v -0.75 1.1586744 -0.20311219
v -0.75 1.1586744 0.20311219
v -0.64958745 -0.88525695 0.18365501
v -0.74311215 -0.88525677 0.18365535
v -0.74311215 -0.846965 0.20647404
v -0.64958745 -0.8469651 0.20647366
v -0.6358118 -0.88525695 0.183655
v -0.6358118 -0.8469651 0.20647365
v 0.74311215 -0.88525677 0.18365535
v 0.6541737 -0.88525695 0.18365501
v 0.6541737 -0.8469651 0.20647366
v 0.74311215 -0.846965 0.206474
v -0.039576188 -0.88525677 0.18365537
v -0.6358118 -0.88525695 0.183655
v -0.6358118 -0.8469651 0.20647365
v -0.039576188 -0.846965 0.20647405
v -0.02580048 -0.88525677 0.1836554
v -0.02580048 -0.846965 0.20647407
v 0.033949792 -0.88525677 0.18365534
v -0.02580048 -0.88525677 0.1836554
v -0.02580048 -0.846965 0.20647407
v 0.033949792 -0.846965 0.20647399
v 0.047725495 -0.88525677 0.18365535
v 0.047725495 -0.846965 0.206474
v 0.6403979 -0.88525695 0.18365498
v 0.047725495 -0.88525677 0.18365535
v 0.047725495 -0.846965 0.206474
v 0.6403979 -0.8469651 0.20647365
v 0.6541737 -0.88525695 0.18365501
v 0.6541737 -0.8469651 0.20647366
v 0.6534849 0.38408422 -0.21000041
v 0.74311215 0.38408422 -0.21000007
v 0.74311215 0.44495583 -0.21000007
v 0.6472858 0.44495574 -0.21000044
v 0.75 0.44495583 -0.20311219
v 0.75 0.44495583 0.20311219
v 0.75 0.7779973 0.20311219
v 0.75 0.7779973 -0.20311219
v -0.64958745 0.44495574 -0.21000041
v -0.64269966 0.44495574 -0.20311257
v -0.64269966 0.4518436 -0.21000044
v -0.64269966 0.7711095 -0.21000044
v -0.64269966 0.7779973 -0.21000044
v -0.64269966 0.7779973 -0.21000044
v -0.74311215 0.7779973 -0.21000007
v -0.64958745 0.44495574 -0.21000041
v -0.74311215 0.44495583 -0.21000007
v -0.039576188 0.7779973 -0.21000004
v -0.032688335 0.7779973 -0.20311219
v -0.032688335 0.7711095 -0.21000004
v -0.032688335 0.7711095 -0.21000004
v -0.032688335 0.45184368 -0.21000004
v -0.039576188 0.7779973 -0.21000004
v -0.032688335 0.45184368 -0.21000004
v -0.032688335 0.44495583 -0.20311219
v -0.039576188 0.7779973 -0.21000004
v -0.032688335 0.44495583 -0.20311219
v -0.039576188 0.44495583 -0.21000004
v -0.039576188 0.7779973 -0.21000004
v -0.64269966 0.7779973 -0.21000044
v -0.6358118 0.44495574 -0.21000044
v -0.64269966 0.4518436 -0.21000044
v -0.64269966 0.4518436 -0.21000044
v -0.64269966 0.7711095 -0.21000044
v -0.64269966 0.7779973 -0.21000044
v 0.6403979 0.7779973 -0.21000044
v 0.6472858 0.7711095 -0.21000044
v 0.6472858 0.4518436 -0.21000044
v 0.6472858 0.44495574 -0.21000044
v 0.6472858 0.44495574 -0.21000044
v 0.047725495 0.44495583 -0.21000007
v 0.6403979 0.7779973 -0.21000044
v 0.047725495 0.7779973 -0.21000007
v 0.040837646 0.7779973 -0.20311221
v 0.040837646 0.44495583 -0.20311221
v 0.040837646 0.44495583 -0.20311221
v 0.040837646 0.7711095 -0.21000007
v 0.040837646 0.7779973 -0.20311221
v 0.040837646 0.45184368 -0.21000007
v 0.74311215 0.44495583 0.21
v 0.6541737 0.44495574 0.20999965
v 0.6541737 0.7779973 0.20999965
v 0.74311215 0.7779973 0.21
v 0.033949792 0.45184368 0.21
v -0.02580048 0.45184368 0.21000004
v -0.02580048 0.7711095 0.21000004
v 0.033949792 0.7711095 0.21
v -0.02580048 0.43806797 0.21000004
v 0.033949792 0.43806797 0.21
v 0.033949792 0.7848852 0.21
v -0.02580048 0.7848852 0.21000004
v -0.02580048 0.80937535 0.21000004
v 0.033949792 0.80937535 0.21
v -0.02580048 0.7711095 0.21000004
v 0.033949792 0.7711095 0.21
v 0.033949792 0.823151 0.21
v -0.02580048 0.823151 0.21000004
v 0.6407514 0.38408422 0.20782158
v 0.047372077 0.38408422 0.207822
v 0.047372077 0.44495583 0.207822
v 0.6407514 0.44495574 0.20782158
v 0.033949792 0.44495583 -0.21000007
v 0.040837646 0.45184368 -0.21000007
v 0.040837646 0.7711095 -0.21000007
v 0.033949792 0.7779973 -0.21000007
v -0.02580048 0.44495583 -0.21000004
v -0.02580048 0.7779973 -0.21000004
v -0.032688335 0.45184368 -0.21000004
v -0.032688335 0.7711095 -0.21000004
v -0.039576188 -0.9414295 0.20677365
v -0.6358118 -0.94142956 0.20677328
v -0.6358118 -0.89725935 0.18335536
v -0.039576188 -0.8972592 0.18335576
v -0.02580048 -0.9414295 0.20677368
v -0.02580048 -0.8972592 0.18335576
v 0.033949792 -0.9414295 0.20677362
v -0.02580048 -0.9414295 0.20677368
v -0.02580048 -0.8972592 0.18335576
v 0.033949792 -0.8972592 0.1833557
v 0.047725495 -0.9414295 0.20677364
v 0.047725495 -0.8972592 0.18335573
v -0.64958745 -0.9414297 0.20677331
v -0.74311215 -0.9414295 0.20677365
v -0.74311215 -0.8972592 0.18335575
v -0.64958745 -0.8972593 0.18335539
v -0.6358118 -0.94142956 0.20677328
v -0.6358118 -0.89725935 0.18335536
v 0.6403979 -0.94142956 0.20677325
v 0.047725495 -0.9414295 0.20677364
v 0.047725495 -0.8972592 0.18335573
v 0.6403979 -0.89725935 0.18335536
v 0.6541737 -0.94142956 0.20677331
v 0.6541737 -0.89725935 0.1833554
v 0.74311215 -0.9414295 0.20677364
v 0.6541737 -0.94142956 0.20677331
v 0.6541737 -0.89725935 0.1833554
v 0.74311215 -0.8972592 0.18335573
v -0.64958745 1.1586744 0.20999965
v -0.74311215 1.1586744 0.21
v -0.74311215 1.2959785 0.21
v -0.64958745 1.2822483 0.20999965
v 0.74311215 -1.2431121 0.21
v 0.6541737 -1.2431121 0.20999965
v 0.6541737 -0.954403 0.20999965
v 0.74311215 -0.9544029 0.21
v 0.6541737 1.1586744 -0.21000041
v 0.74311215 1.1586744 -0.21000007
v 0.74311215 1.2959267 -0.21000007
v 0.6534849 1.282181 -0.21000041
v 0.6403979 1.1586744 -0.21000044
v 0.6403979 1.2829968 -0.21000044
v 0.6403979 1.1586744 -0.21000044
v -0.74311215 -1.25 -0.20311221
v -0.74311215 -1.25 0.20311216
v -0.64958745 -1.2499998 0.20311181
v -0.64958745 -1.2499998 -0.20311256
v -0.64958745 1.1586744 -0.21000041
v -0.64269966 1.1586744 -0.21000044
v -0.64889866 1.282147 -0.21000041
v -0.74311215 1.2959785 -0.21000007
v -0.74311215 1.1586744 -0.21000007
v -0.039576188 1.1586744 -0.21000004
v -0.02580048 1.1586744 -0.21000004
v -0.039576188 1.4515923 -0.21000004
v -0.64269966 1.1586744 -0.21000044
v -0.6358118 1.2829885 -0.21000044
v 0.047725495 -1.25 -0.20311221
v 0.047725495 -1.25 0.20311214
v 0.6403979 -1.2499998 0.20311178
v 0.6403979 -1.2499998 -0.20311257
v 0.033949792 -1.25 0.20311214
v 0.033949792 -1.25 -0.20311221
v 0.6541737 -1.2499998 -0.20311256
v 0.6541737 -1.2499998 0.20311181
v 0.74311215 -1.25 0.20311216
v 0.74311215 -1.25 -0.20311221
v 0.6403979 -1.2499998 0.20311178
v 0.6403979 -1.2499998 -0.20311257
v 0.6403979 -1.2431121 0.20999964
v 0.047725495 -1.2431121 0.21
v 0.047725495 -0.9544029 0.21
v 0.6403979 -0.954403 0.20999964
v 0.6541737 -1.2431121 0.20999965
v 0.6541737 -0.954403 0.20999965
v 0.033949792 -1.2431121 0.21
v -0.02580048 -1.2431121 0.21000004
v -0.02580048 -0.9544029 0.21000004
v 0.033949792 -0.9544029 0.21
v 0.047725495 -1.2431121 0.21
v 0.047725495 -0.9544029 0.21
v 0.6407514 1.1586744 0.20782158
v 0.047372077 1.1586744 0.207822
v 0.047725495 1.4515779 0.21
v 0.6403979 1.2829968 0.20999964
v -0.6358118 -1.2499998 -0.20311257
v -0.6358118 -1.2499998 0.20311178
v -0.039576188 -1.25 0.20311219
v -0.039576188 -1.25 -0.20311219
v -0.64958745 -1.2499998 0.20311181
v -0.64958745 -1.2499998 -0.20311256
v -0.6358118 -0.8341604 -0.21000044
v -0.039576188 -0.8341602 -0.21000004
v -0.039576188 -0.74888885 -0.21000004
v -0.6358118 -0.74888897 -0.21000044
v -0.64958745 -0.74888897 -0.21000041
v -0.039576188 -0.8479359 -0.21000004
v -0.6358118 -0.8479361 -0.21000044
v 0.6403979 1.1586744 -0.21000044
v 0.6541737 1.1586744 -0.21000041
v 0.6472858 1.1517866 -0.21000044
v 0.6472858 1.1517866 -0.21000044
v 0.6472858 0.8369267 -0.21000044
v 0.6403979 1.1586744 -0.21000044
v 0.6472858 0.8369267 -0.21000044
v 0.6472858 0.8300389 -0.20311257
v 0.6403979 1.1586744 -0.21000044
v 0.6472858 0.8300389 -0.20311257
v 0.6403979 0.8300389 -0.21000044
v 0.6403979 1.1586744 -0.21000044
v 0.6403979 0.8300389 -0.21000044
v 0.047725495 1.1586744 -0.21000007
v 0.6403979 1.1586744 -0.21000044
v 0.047725495 0.8300389 -0.21000007
v 0.040837646 1.1517866 -0.21000007
v 0.040837646 0.8369267 -0.21000007
v -0.64958745 -0.74888897 0.20999965
v -0.74311215 -0.74888885 0.21
v -0.74311215 -0.40374196 0.21
v -0.64958745 -0.40374213 0.20999965
v 0.033949792 0.8369267 0.21
v -0.02580048 0.8369267 0.21000004
v -0.02580048 1.1517866 0.21000004
v 0.033949792 1.1517866 0.21
v -0.02580048 0.823151 0.21000004
v 0.033949792 0.823151 0.21
v 0.047725495 0.38408422 -0.21000007
v 0.6410867 0.38408422 -0.21000044
v 0.6472858 0.44495574 -0.21000044
v 0.047725495 0.44495583 -0.21000007
v 0.033949792 0.38408422 -0.21000007
v 0.033949792 0.44495583 -0.21000007
v 0.047725495 -0.009828901 -0.21000007
v 0.6410867 -0.009828938 -0.21000044
v 0.6472858 0.05495818 -0.21000044
v 0.047725495 0.054958217 -0.21000007
v 0.033949792 -0.009828901 -0.21000007
v 0.033949792 0.054958217 -0.21000007
v 0.047725495 -0.40374202 -0.21000007
v 0.6410867 -0.40374213 -0.21000044
v 0.6472858 -0.34034115 -0.21000044
v 0.047725495 -0.34034106 -0.21000007
v 0.033949792 -0.40374202 -0.21000007
v 0.033949792 -0.34034106 -0.21000007
v 0.040837646 -0.3334532 -0.21000007
v 0.040837646 -0.34034106 -0.20311221
v 0.047372077 -0.34034106 0.207822
v 0.047372077 -0.009828901 0.207822
v 0.040837646 -0.016716754 -0.21000007
v 0.040837646 -0.009828901 -0.20311221
v 0.040837646 0.061846074 -0.21000007
v 0.040837646 0.054958217 -0.20311221
v 0.047372077 0.054958217 0.207822
v 0.047372077 0.38408422 0.207822
v 0.040837646 0.37719637 -0.21000007
v 0.040837646 0.38408422 -0.20311221
v -0.02580048 0.38408422 -0.21000004
v 0.033949792 0.38408422 -0.21000007
v 0.033949792 0.44495583 -0.21000007
v -0.02580048 0.44495583 -0.21000004
v -0.039576188 0.38408422 -0.21000004
v -0.039576188 0.44495583 -0.21000004
v 0.033949792 0.38408422 -0.21000007
v 0.040837646 0.37719637 -0.21000007
v 0.040837646 0.061846074 -0.21000007
v 0.033949792 0.054958217 -0.21000007
v -0.02580048 0.38408422 -0.21000004
v -0.02580048 0.054958217 -0.21000004
v -0.032688335 0.37719637 -0.21000004
v -0.032688335 0.061846074 -0.21000004
v 0.040837646 0.45184368 -0.21000007
v 0.040837646 0.44495583 -0.20311221
v 0.047372077 0.44495583 0.207822
v 0.047372077 0.7779973 0.207822
v 0.040837646 0.7711095 -0.21000007
v 0.040837646 0.7779973 -0.20311221
v 0.040837646 -0.74200094 -0.21000007
v 0.040837646 -0.74888885 -0.21000007
v 0.047372077 -0.74888885 0.207822
v 0.047372077 -0.40374202 0.207822
v 0.040837646 -0.41062987 -0.21000007
v 0.040837646 -0.40374202 -0.20311221
v 0.033949792 -0.009828901 -0.21000007
v 0.040837646 -0.016716754 -0.21000007
v 0.040837646 -0.3334532 -0.21000007
v 0.033949792 -0.34034106 -0.21000007
v -0.02580048 -0.009828901 -0.21000004
v -0.02580048 -0.34034106 -0.21000004
v -0.032688335 -0.016716754 -0.21000004
v -0.032688335 -0.3334532 -0.21000004
v 0.6407514 0.7779973 0.20782158
v 0.047372077 0.7779973 0.207822
v 0.047725495 0.80937535 0.21
v 0.6403979 0.80937535 0.20999964
v -0.03922277 -0.009828901 0.20782202
v -0.63616526 -0.009828938 0.20782158
v -0.63616526 0.05495818 0.20782158
v -0.03922277 0.054958217 0.20782202
v -0.03922277 0.38408422 0.20782202
v -0.63616526 0.38408422 0.20782158
v -0.63616526 0.44495574 0.20782158
v -0.03922277 0.44495583 0.20782202
v 0.033949792 1.1586744 -0.21000007
v 0.047725495 1.1586744 -0.21000007
v 0.040837646 1.1517866 -0.21000007
v 0.040837646 1.1517866 -0.21000007
v 0.040837646 0.8369267 -0.21000007
v 0.033949792 1.1586744 -0.21000007
v 0.040837646 0.8369267 -0.21000007
v 0.040837646 0.8300389 -0.20311221
v 0.033949792 1.1586744 -0.21000007
v 0.040837646 0.8300389 -0.20311221
v 0.033949792 0.8300389 -0.21000007
v 0.033949792 1.1586744 -0.21000007
v 0.033949792 0.8300389 -0.21000007
v -0.02580048 1.1586744 -0.21000004
v 0.033949792 1.1586744 -0.21000007
v -0.02580048 0.8300389 -0.21000004
v -0.032688335 1.1517866 -0.21000004
v -0.039576188 1.1586744 -0.21000004
v -0.032688335 0.8300389 -0.20311219
v -0.032688335 0.8300389 -0.20311219
v -0.032688335 0.8369267 -0.21000004
v -0.032688335 1.1517866 -0.21000004
v -0.6358118 0.38408422 -0.21000044
v -0.039576188 0.38408422 -0.21000004
v -0.039576188 0.44495583 -0.21000004
v -0.6358118 0.44495574 -0.21000044
v -0.64958745 0.38408422 -0.21000041
v -0.64958745 0.44495574 -0.21000041
v -0.64269966 -0.009828938 -0.21000044
v -0.039576188 -0.009828901 -0.21000004
v -0.039576188 0.054958217 -0.21000004
v -0.6365006 0.05495818 -0.21000044
v -0.6358118 -0.40374213 -0.21000044
v -0.039576188 -0.40374202 -0.21000004
v -0.039576188 -0.34034106 -0.21000004
v -0.6358118 -0.34034115 -0.21000044
v -0.64958745 -0.40374213 -0.21000041
v -0.64958745 -0.34034115 -0.21000041
v -0.03922277 -0.40374202 0.20782202
v -0.63616526 -0.40374213 0.20782158
v -0.63616526 -0.34034115 0.20782158
v -0.03922277 -0.34034106 0.20782202
v 0.033949792 -0.40374202 -0.21000007
v 0.040837646 -0.41062987 -0.21000007
v 0.040837646 -0.74200094 -0.21000007
v 0.033949792 -0.74888885 -0.21000007
v -0.02580048 -0.40374202 -0.21000004
v -0.02580048 -0.74888885 -0.21000004
v -0.032688335 -0.41062987 -0.21000004
v -0.032688335 -0.74200094 -0.21000004
v -0.64269966 1.1586744 -0.14009015
v -0.032688335 1.1586744 -0.14008975
v -0.032688335 0.8300389 -0.14008975
v -0.032688335 0.7779973 -0.14008975
v -0.032688335 0.44495583 -0.14008975
v -0.032688335 0.38408422 -0.14008975
v -0.032688335 0.054958217 -0.14008975
v -0.032688335 -0.009828901 -0.14008975
v -0.032688335 -0.34034106 -0.14008975
v -0.032688335 -0.40374202 -0.14008975
v -0.032688335 -0.74888885 -0.14008975
v -0.64269966 -0.74888897 -0.14009015
v -0.64269966 -0.74888897 -0.14009015
v -0.64269966 0.8300389 -0.14009015
v -0.64269966 1.1586744 -0.14009015
v -0.64269966 -0.74888897 -0.14009015
v -0.64269966 0.7779973 -0.14009015
v -0.64269966 0.8300389 -0.14009015
v -0.64269966 0.38408422 -0.14009015
v -0.64269966 0.44495574 -0.14009015
v -0.64269966 -0.009828938 -0.14009015
v -0.64269966 0.05495818 -0.14009015
v -0.64269966 -0.74888897 -0.14009015
v -0.64269966 0.44495574 -0.14009015
v -0.64269966 0.7779973 -0.14009015
v -0.64269966 -0.74888897 -0.14009015
v -0.64269966 0.05495818 -0.14009015
v -0.64269966 0.38408422 -0.14009015
v -0.64269966 -0.74888897 -0.14009015
v -0.64269966 -0.34034115 -0.14009015
v -0.64269966 -0.009828938 -0.14009015
v -0.64269966 -0.74888897 -0.14009015
v -0.64269966 -0.40374213 -0.14009015
v -0.64269966 -0.34034115 -0.14009015
v -0.75 -1.2431121 0.20311219
v -0.74311215 -1.2431122 0.21
v -0.74311215 -1.25 0.20311216
v -0.74311215 1.2959785 0.21
v -0.75 1.2970636 0.20311219
v -0.74318516 1.302951 0.20311216
v -0.74311215 -1.25 -0.20311221
v -0.74311215 -1.2431122 -0.21000007
v -0.75 -1.2431121 -0.20311219
v -0.74318516 1.302951 -0.20311221
v -0.75 1.2970636 -0.20311219
v -0.74311215 1.2959785 -0.21000007
v 0.74311215 -1.25 0.20311216
v 0.74311215 -1.2431121 0.21
v 0.75 -1.2431121 0.20311219
v 0.7431917 1.3029073 0.20311216
v 0.75 1.2970636 0.20311219
v 0.74311215 1.2959267 0.21
v 0.74311215 -1.2431121 -0.21000007
v 0.74311215 -1.25 -0.20311221
v 0.75 -1.2431121 -0.20311219
v 0.74311215 1.2959267 -0.21000007
v 0.75 1.2970636 -0.20311219
v 0.7431917 1.3029073 -0.20311221
v -0.75 -0.8479359 0.19787735
v -0.75 -0.8341602 0.20311219
v -0.74311215 -0.8341602 0.21
v -0.74311215 -0.846965 0.20647404
v -0.74311215 -0.8341602 -0.21000007
v -0.75 -0.8341602 -0.20311219
v -0.75 -0.8479359 -0.20311219
v -0.74311215 -0.8479359 -0.21000007
v -0.74311215 -0.74888885 -0.21000007
v -0.75 -0.74888885 -0.20311219
v 0.74311215 -0.8341602 -0.21000007
v 0.74311215 -0.8479359 -0.21000007
v 0.75 -0.8479359 -0.20311219
v 0.75 -0.8341602 -0.20311219
v 0.74311215 -0.8341602 0.21
v 0.75 -0.8341602 0.20311219
v 0.75 -0.8479359 0.19787735
v 0.74311215 -0.8341602 0.21
v 0.75 -0.8479359 0.19787735
v 0.74311215 -0.846965 0.206474
v 0.6541737 -1.2499998 -0.20311256
v 0.6541737 -1.2431121 -0.21000041
v 0.6403979 -1.2431121 -0.21000044
v 0.6403979 -1.2499998 -0.20311257
v 0.74311215 -1.25 -0.20311221
v -0.02580048 -1.25 -0.20311219
v -0.02580048 -1.2431121 -0.21000004
v -0.039576188 -1.2431121 -0.21000004
v -0.039576188 -1.25 -0.20311219
v 0.033949792 -1.25 -0.20311221
v 0.033949792 -1.2431121 -0.21000007
v -0.64958745 -1.2499998 -0.20311256
v -0.6358118 -1.2499998 -0.20311257
v -0.6358118 -1.2431121 -0.21000044
v -0.64958745 -1.2431121 -0.21000041
v -0.74311215 -1.2431122 -0.21000007
v -0.74311215 -1.25 -0.20311221
v -0.64889866 1.282147 -0.21000041
v -0.6358118 1.2829885 -0.21000044
v -0.6360717 1.2900729 -0.20311257
v -0.64951444 1.2891992 -0.20311256
v -0.039576188 1.4515923 -0.21000004
v -0.02580048 1.4538102 -0.21000004
v -0.02580048 1.460698 -0.20311219
v -0.03931627 1.4588238 -0.20311219
v 0.6534849 1.282181 -0.21000041
v 0.654094 1.2892429 -0.20311256
v 0.64066076 1.2900832 -0.20311257
v 0.6403979 1.2829968 -0.21000044
v -0.64958745 -1.2499998 0.20311181
v -0.64958745 -1.2431121 0.20999965
v -0.6358118 -1.2431121 0.20999964
v -0.6358118 -1.2499998 0.20311178
v -0.74311215 -1.25 0.20311216
v -0.039576188 -1.25 0.20311219
v -0.039576188 -1.2431121 0.21000004
v -0.02580048 -1.2431121 0.21000004
v -0.02580048 -1.25 0.20311219
v -0.6358118 -1.2499998 0.20311178
v -0.6358118 -1.2431121 0.20999964
v 0.6541737 -1.2499998 0.20311181
v 0.6403979 -1.2499998 0.20311178
v 0.6403979 -1.2431121 0.20999964
v 0.6541737 -1.2431121 0.20999965
v 0.74311215 -1.2431121 0.21
v 0.74311215 -1.25 0.20311216
v 0.6541737 1.2822866 0.20999965
v 0.6403979 1.2829968 0.20999964
v 0.64066076 1.2900832 0.20311178
v 0.6541737 1.2822866 0.20999965
v 0.64066076 1.2900832 0.20311178
v 0.654094 1.2892429 0.20311181
v -0.02580048 1.4538102 0.21000004
v -0.039576188 1.4515923 0.21000004
v -0.03931628 1.4588238 0.20311219
v -0.02580048 1.460698 0.20311219
v -0.64958745 1.2822483 0.20999965
v -0.64951444 1.2891992 0.20311181
v -0.6360717 1.2900729 0.20311178
v -0.64958745 1.2822483 0.20999965
v -0.6360717 1.2900729 0.20311178
v -0.6358118 1.2829885 0.20999964
v 0.6541737 -0.8469651 0.20647366
v 0.6403979 -0.8469651 0.20647365
v 0.6403979 -0.8341604 0.20999964
v 0.6541737 -0.8341604 0.20999965
v -0.02580048 -0.846965 0.20647407
v -0.039576188 -0.846965 0.20647405
v -0.039576188 -0.8341602 0.21000004
v -0.02580048 -0.8341602 0.21000004
v -0.64958745 -0.8469651 0.20647366
v -0.64958745 -0.8341604 0.20999965
v -0.6358118 -0.8341604 0.20999964
v -0.6358118 -0.8469651 0.20647365
v -0.02580048 1.1517866 0.21000004
v -0.03922277 1.1586744 0.20782202
v -0.02580048 1.1655622 0.21000004
v -0.02580048 0.8369267 0.21000004
v -0.03922277 0.8300389 0.20782202
v -0.64269966 1.1586744 -0.21000044
v -0.64958745 1.1586744 -0.21000041
v -0.64269966 1.1517866 -0.21000044
v -0.64269966 1.1586744 -0.21000044
v -0.64269966 1.1517866 -0.21000044
v -0.64269966 1.1586744 -0.20311257
v -0.032688335 1.1586744 -0.20311219
v -0.032688335 1.1517866 -0.21000004
v -0.039576188 1.1586744 -0.21000004
v -0.032688335 1.1586744 -0.20311219
v -0.039576188 1.1586744 -0.21000004
v -0.02580048 1.1586744 -0.21000004
v 0.6403979 1.1586744 -0.21000044
v 0.6541737 1.1586744 -0.21000041
v 0.6472858 1.1517866 -0.21000044
v 0.6403979 1.1586744 -0.21000044
v 0.6472858 1.1517866 -0.21000044
v 0.6472858 1.1586744 -0.21000044
v 0.033949792 -1.2431121 -0.21000007
v 0.033949792 -1.25 -0.20311221
v 0.047725495 -1.25 -0.20311221
v 0.047725495 -1.2431121 -0.21000007
v 0.0474627 1.4588135 -0.20311221
v 0.033949792 1.460698 -0.20311221
v 0.033949792 1.4538102 -0.21000007
v 0.0474627 1.4588135 -0.20311221
v 0.033949792 1.4538102 -0.21000007
v 0.047725495 1.4515779 -0.21000007
v 0.047725495 -1.2431121 0.21
v 0.047725495 -1.25 0.20311214
v 0.033949792 -1.25 0.20311214
v 0.033949792 -1.2431121 0.21
v 0.033949792 1.460698 0.20311214
v 0.047462706 1.4588135 0.20311214
v 0.047725495 1.4515779 0.21
v 0.033949792 1.4538102 0.21
v 0.033949792 -0.846965 0.20647399
v 0.033949792 -0.8341602 0.21
v 0.047725495 -0.8341602 0.21
v 0.047725495 -0.846965 0.206474
v 0.033949792 1.1655622 0.21
v 0.047372077 1.1586744 0.207822
v 0.033949792 1.1517866 0.21
v 0.033949792 1.1586744 -0.21000007
v 0.047725495 1.1586744 -0.21000007
v 0.040837646 1.1517866 -0.21000007
v 0.033949792 1.1586744 -0.21000007
v 0.040837646 1.1517866 -0.21000007
v 0.040837646 1.1586744 -0.20311221
v -0.64958745 0.38408422 -0.21000041
v -0.64269966 0.38408422 -0.20311257
v -0.64269966 0.37719637 -0.21000044
v -0.64958745 0.38408422 -0.21000041
v -0.64269966 0.37719637 -0.21000044
v -0.6358118 0.38408422 -0.21000044
v -0.64958745 -0.40374213 -0.21000041
v -0.64269966 -0.40374213 -0.20311257
v -0.64269966 -0.41063 -0.21000044
v -0.64958745 -0.40374213 -0.21000041
v -0.64269966 -0.41063 -0.21000044
v -0.6358118 -0.40374213 -0.21000044
v -0.039576188 0.7779973 -0.21000004
v -0.032688335 0.7779973 -0.20311219
v -0.032688335 0.7711095 -0.21000004
v -0.039576188 0.7779973 -0.21000004
v -0.032688335 0.7711095 -0.21000004
v -0.02580048 0.7779973 -0.21000004
v -0.039576188 0.38408422 -0.21000004
v -0.032688335 0.38408422 -0.20311219
v -0.032688335 0.37719637 -0.21000004
v -0.039576188 0.38408422 -0.21000004
v -0.032688335 0.37719637 -0.21000004
v -0.02580048 0.38408422 -0.21000004
v -0.039576188 -0.009828901 -0.21000004
v -0.032688335 -0.009828901 -0.20311219
v -0.032688335 -0.016716754 -0.21000004
v -0.039576188 -0.009828901 -0.21000004
v -0.032688335 -0.016716754 -0.21000004
v -0.02580048 -0.009828901 -0.21000004
v -0.039576188 -0.40374202 -0.21000004
v -0.032688335 -0.40374202 -0.20311219
v -0.032688335 -0.41062987 -0.21000004
v -0.039576188 -0.40374202 -0.21000004
v -0.032688335 -0.41062987 -0.21000004
v -0.02580048 -0.40374202 -0.21000004
v 0.6403979 0.7779973 -0.21000044
v 0.6472858 0.7711095 -0.21000044
v 0.6472858 0.7779973 -0.20311257
v 0.6403979 0.7779973 -0.21000044
v 0.6472858 0.7779973 -0.20311257
v 0.6541737 0.7779973 -0.21000041
v 0.6410867 0.38408422 -0.21000044
v 0.6472858 0.37719637 -0.21000044
v 0.6472858 0.38408422 -0.20311257
v 0.6410867 0.38408422 -0.21000044
v 0.6472858 0.38408422 -0.20311257
v 0.6534849 0.38408422 -0.21000041
v 0.6410867 -0.009828938 -0.21000044
v 0.6472858 -0.016716791 -0.21000044
v 0.6472858 -0.009828938 -0.20311257
v 0.6410867 -0.009828938 -0.21000044
v 0.6472858 -0.009828938 -0.20311257
v 0.6534849 -0.009828936 -0.21000041
v 0.6410867 -0.40374213 -0.21000044
v 0.6472858 -0.41063 -0.21000044
v 0.6472858 -0.40374213 -0.20311257
v 0.6410867 -0.40374213 -0.21000044
v 0.6472858 -0.40374213 -0.20311257
v 0.6534849 -0.40374213 -0.21000041
v -0.02580048 0.7711095 0.21000004
v -0.03922277 0.7779973 0.20782202
v -0.02580048 0.7848852 0.21000004
v -0.02580048 0.45184368 0.21000004
v -0.03922277 0.44495583 0.20782202
v -0.02580048 0.37719637 0.21000004
v -0.03922277 0.38408422 0.20782202
v -0.02580048 0.39097208 0.21000004
v -0.02580048 0.061846074 0.21000004
v -0.03922277 0.054958217 0.20782202
v -0.02580048 -0.016716754 0.21000004
v -0.03922277 -0.009828901 0.20782202
v -0.02580048 -0.0029410478 0.21000004
v -0.02580048 -0.3334532 0.21000004
v -0.03922277 -0.34034106 0.20782202
v -0.02580048 -0.41062987 0.21000004
v -0.03922277 -0.40374202 0.20782202
v -0.02580048 -0.39685416 0.21000004
v -0.02580048 -0.74200094 0.21000004
v -0.03922277 -0.74888885 0.20782202
v 0.033949792 0.7848852 0.21
v 0.047372077 0.7779973 0.207822
v 0.033949792 0.7711095 0.21
v 0.033949792 0.39097208 0.21
v 0.047372077 0.38408422 0.207822
v 0.033949792 0.37719637 0.21
v 0.033949792 0.43806797 0.21
v 0.047372077 0.44495583 0.207822
v 0.033949792 -0.002941048 0.21
v 0.047372077 -0.009828901 0.207822
v 0.033949792 -0.016716754 0.21
v 0.033949792 0.048070367 0.21
v 0.047372077 0.054958217 0.207822
v 0.033949792 -0.39685416 0.21
v 0.047372077 -0.40374202 0.207822
v 0.033949792 -0.41062987 0.21
v 0.033949792 -0.3472289 0.21
v 0.047372077 -0.34034106 0.207822
v 0.033949792 0.7779973 -0.21000007
v 0.040837646 0.7711095 -0.21000007
v 0.040837646 0.7779973 -0.20311221
v 0.033949792 0.7779973 -0.21000007
v 0.040837646 0.7779973 -0.20311221
v 0.047725495 0.7779973 -0.21000007
v 0.033949792 0.38408422 -0.21000007
v 0.040837646 0.37719637 -0.21000007
v 0.040837646 0.38408422 -0.20311221
v 0.033949792 0.38408422 -0.21000007
v 0.040837646 0.38408422 -0.20311221
v 0.047725495 0.38408422 -0.21000007
v 0.033949792 -0.009828901 -0.21000007
v 0.040837646 -0.016716754 -0.21000007
v 0.040837646 -0.009828901 -0.20311221
v 0.033949792 -0.009828901 -0.21000007
v 0.040837646 -0.009828901 -0.20311221
v 0.047725495 -0.009828901 -0.21000007
v 0.033949792 -0.40374202 -0.21000007
v 0.040837646 -0.41062987 -0.21000007
v 0.040837646 -0.40374202 -0.20311221
v 0.033949792 -0.40374202 -0.21000007
v 0.040837646 -0.40374202 -0.20311221
v 0.047725495 -0.40374202 -0.21000007
v -0.6358118 0.8300389 -0.21000044
v -0.64269966 0.8300389 -0.20311257
v -0.64269966 0.8369267 -0.21000044
v -0.6358118 0.8300389 -0.21000044
v -0.64269966 0.8369267 -0.21000044
v -0.64958745 0.8300389 -0.21000041
v -0.02580048 0.8300389 -0.21000004
v -0.032688335 0.8300389 -0.20311219
v -0.032688335 0.8369267 -0.21000004
v -0.02580048 0.8300389 -0.21000004
v -0.032688335 0.8369267 -0.21000004
v -0.039576188 0.8300389 -0.21000004
v 0.6541737 0.8300389 -0.21000041
v 0.6472858 0.8369267 -0.21000044
v 0.6472858 0.8300389 -0.20311257
v 0.6541737 0.8300389 -0.21000041
v 0.6472858 0.8300389 -0.20311257
v 0.6403979 0.8300389 -0.21000044
v -0.02580048 0.823151 0.21000004
v -0.03922277 0.8300389 0.20782202
v -0.02580048 0.8369267 0.21000004
v 0.033949792 0.8369267 0.21
v 0.047372077 0.8300389 0.207822
v 0.033949792 0.823151 0.21
v 0.033949792 1.1517866 0.21
v 0.047372077 1.1586744 0.207822
v 0.047725495 0.8300389 -0.21000007
v 0.040837646 0.8369267 -0.21000007
v 0.040837646 0.8300389 -0.20311221
v 0.047725495 0.8300389 -0.21000007
v 0.040837646 0.8300389 -0.20311221
v 0.033949792 0.8300389 -0.21000007
v -0.6358118 0.44495574 -0.21000044
v -0.64269966 0.4518436 -0.21000044
v -0.64269966 0.44495574 -0.20311257
v -0.6358118 0.44495574 -0.21000044
v -0.64269966 0.44495574 -0.20311257
v -0.64958745 0.44495574 -0.21000041
v -0.02580048 0.44495583 -0.21000004
v -0.032688335 0.45184368 -0.21000004
v -0.032688335 0.44495583 -0.20311219
v -0.02580048 0.44495583 -0.21000004
v -0.032688335 0.44495583 -0.20311219
v -0.039576188 0.44495583 -0.21000004
v -0.02580048 0.43806797 0.21000004
v -0.03922277 0.44495583 0.20782202
v -0.02580048 0.45184368 0.21000004
v 0.033949792 0.45184368 0.21
v 0.047372077 0.44495583 0.207822
v 0.033949792 0.43806797 0.21
v 0.033949792 0.7711095 0.21
v 0.047372077 0.7779973 0.207822
v 0.047725495 0.44495583 -0.21000007
v 0.040837646 0.44495583 -0.20311221
v 0.040837646 0.45184368 -0.21000007
v 0.047725495 0.44495583 -0.21000007
v 0.040837646 0.45184368 -0.21000007
v 0.033949792 0.44495583 -0.21000007
v -0.6365006 0.05495818 -0.21000044
v -0.64269966 0.061846036 -0.21000044
v -0.64269966 0.05495818 -0.20311257
v -0.6365006 0.05495818 -0.21000044
v -0.64269966 0.05495818 -0.20311257
v -0.64889866 0.054958183 -0.21000041
v -0.02580048 0.054958217 -0.21000004
v -0.032688335 0.061846074 -0.21000004
v -0.032688335 0.054958217 -0.20311219
v -0.02580048 0.054958217 -0.21000004
v -0.032688335 0.054958217 -0.20311219
v -0.039576188 0.054958217 -0.21000004
v -0.02580048 0.048070367 0.21000004
v -0.03922277 0.054958217 0.20782202
v -0.02580048 0.061846074 0.21000004
v 0.033949792 0.061846074 0.21
v 0.047372077 0.054958217 0.207822
v 0.033949792 0.048070367 0.21
v 0.033949792 0.37719637 0.21
v 0.047372077 0.38408422 0.207822
v 0.047725495 0.054958217 -0.21000007
v 0.040837646 0.054958217 -0.20311221
v 0.040837646 0.061846074 -0.21000007
v 0.047725495 0.054958217 -0.21000007
v 0.040837646 0.061846074 -0.21000007
v 0.033949792 0.054958217 -0.21000007
v -0.6358118 -0.34034115 -0.21000044
v -0.64269966 -0.3334533 -0.21000044
v -0.64269966 -0.34034115 -0.20311257
v -0.6358118 -0.34034115 -0.21000044
v -0.64269966 -0.34034115 -0.20311257
v -0.64958745 -0.34034115 -0.21000041
v -0.02580048 -0.34034106 -0.21000004
v -0.032688335 -0.3334532 -0.21000004
v -0.032688335 -0.34034106 -0.20311219
v -0.02580048 -0.34034106 -0.21000004
v -0.032688335 -0.34034106 -0.20311219
v -0.039576188 -0.34034106 -0.21000004
v -0.02580048 -0.3472289 0.21000004
v -0.03922277 -0.34034106 0.20782202
v -0.02580048 -0.3334532 0.21000004
v 0.033949792 -0.3334532 0.21
v 0.047372077 -0.34034106 0.207822
v 0.033949792 -0.3472289 0.21
v 0.033949792 -0.016716754 0.21
v 0.047372077 -0.009828901 0.207822
v 0.047725495 -0.34034106 -0.21000007
v 0.040837646 -0.34034106 -0.20311221
v 0.040837646 -0.3334532 -0.21000007
v 0.047725495 -0.34034106 -0.21000007
v 0.040837646 -0.3334532 -0.21000007
v 0.033949792 -0.34034106 -0.21000007
v -0.64269966 -0.74888897 -0.20311257
v -0.64269966 -0.7420011 -0.21000044
v -0.6358118 -0.74888897 -0.21000044
v -0.64269966 -0.74888897 -0.20311257
v -0.6358118 -0.74888897 -0.21000044
v -0.64958745 -0.74888897 -0.21000041
v -0.032688335 -0.74888885 -0.21000004
v -0.032688335 -0.74200094 -0.21000004
v -0.02580048 -0.74888885 -0.21000004
v -0.032688335 -0.74888885 -0.21000004
v -0.02580048 -0.74888885 -0.21000004
v -0.039576188 -0.74888885 -0.21000004
v 0.6541737 -0.74888897 -0.21000041
v 0.6403979 -0.74888897 -0.21000044
v 0.6472858 -0.7420011 -0.21000044
v 0.6541737 -0.74888897 -0.21000041
v 0.6472858 -0.7420011 -0.21000044
v 0.6472858 -0.74888897 -0.20311257
v -0.02580048 -0.75577664 0.21000004
v -0.03922277 -0.74888885 0.20782202
v -0.02580048 -0.74200094 0.21000004
v 0.033949792 -0.74200094 0.21
v 0.047372077 -0.74888885 0.207822
v 0.033949792 -0.75577664 0.21
v 0.033949792 -0.41062987 0.21
v 0.047372077 -0.40374202 0.207822
v 0.047725495 -0.74888885 -0.21000007
v 0.033949792 -0.74888885 -0.21000007
v 0.040837646 -0.74200094 -0.21000007
v 0.047725495 -0.74888885 -0.21000007
v 0.040837646 -0.74200094 -0.21000007
v 0.040837646 -0.74888885 -0.21000007
v -0.74311215 0.80937535 -0.21000007
v -0.74311215 0.823151 -0.21000007
v -0.75 0.823151 -0.20311219
v -0.75 0.80937535 -0.20311219
v -0.75 0.7779973 -0.20311219
v -0.74311215 0.7779973 -0.21000007
v 0.74311215 0.80937535 -0.21000007
v 0.75 0.80937535 -0.20311219
v 0.75 0.823151 -0.20311219
v 0.74311215 0.823151 -0.21000007
v 0.74311215 0.80937535 0.21
v 0.74311215 0.823151 0.21
v 0.75 0.823151 0.20311219
v 0.74311215 0.80937535 0.21
v 0.75 0.823151 0.20311219
v 0.75 0.80937535 0.20311219
v 0.75 0.7779973 0.20311219
v 0.74311215 0.7779973 0.21
v -0.6365006 0.80937535 -0.21000044
v -0.6358118 0.823151 -0.21000044
v -0.64958745 0.823151 -0.21000041
v -0.64889866 0.80937535 -0.21000041
v 0.6403979 0.80937535 0.20999964
v 0.6403979 0.823151 0.20999964
v 0.6541737 0.823151 0.20999965
v 0.6541737 0.80937535 0.20999965
v 0.6403979 0.823151 0.20999964
v 0.047725495 0.80937535 0.21
v 0.047725495 0.823151 0.21
v 0.033949792 0.80937535 0.21
v 0.033949792 0.823151 0.21
v 0.047725495 0.823151 0.21
v -0.039576188 0.80937535 0.21000004
v -0.039576188 0.823151 0.21000004
v -0.02580048 0.823151 0.21000004
v -0.02580048 0.80937535 0.21000004
v -0.039576188 0.823151 0.21000004
v -0.6358118 0.80937535 0.20999964
v -0.6358118 0.823151 0.20999964
v -0.64958745 0.80937535 0.20999965
v -0.64958745 0.823151 0.20999965
v -0.6358118 0.823151 0.20999964
v -0.75 0.823151 0.20311219
v -0.74311215 0.823151 0.21
v -0.74311215 0.80937535 0.21
v -0.75 0.80937535 0.20311219
v -0.75 -0.88428587 -0.20311219
v -0.75 -0.8980616 -0.20311219
v -0.74311215 -0.8980616 -0.21000007
v -0.74311215 -0.88428587 -0.21000007
v 0.75 -0.88428587 -0.20311219
v 0.74311215 -0.88428587 -0.21000007
v 0.74311215 -0.8980616 -0.21000007
v 0.75 -0.8980616 -0.20311219
v 0.75 -0.8479359 -0.20311219
v 0.75 -0.88428587 0.17621589
v 0.75 -0.8980616 0.17598516
v 0.74311215 -0.8972592 0.18335573
v 0.74311215 -0.88525677 0.18365535
v -0.74311215 -0.88525677 0.18365535
v -0.74311215 -0.8972592 0.18335575
v -0.75 -0.8980616 0.17598516
v -0.75 -0.88428587 0.17621589
v 0.6541737 -0.88525695 0.18365501
v 0.6541737 -0.89725935 0.1833554
v 0.6403979 -0.89725935 0.18335536
v 0.6403979 -0.88525695 0.18365498
v 0.74311215 -0.88525677 0.18365535
v 0.74311215 -0.8972592 0.18335573
v -0.02580048 -0.88525677 0.1836554
v -0.02580048 -0.8972592 0.18335576
v -0.039576188 -0.8972592 0.18335576
v -0.039576188 -0.88525677 0.18365537
v 0.033949792 -0.88525677 0.18365534
v 0.033949792 -0.8972592 0.1833557
v 0.047725495 -0.8972592 0.18335573
v 0.047725495 -0.88525677 0.18365535
v -0.64958745 -0.88525695 0.18365501
v -0.6358118 -0.88525695 0.183655
v -0.6358118 -0.89725935 0.18335536
v -0.64958745 -0.8972593 0.18335539
v -0.74311215 -0.8972592 0.18335575
v -0.74311215 -0.88525677 0.18365535
v -0.74311215 -0.9544029 -0.21000007
v -0.74311215 -0.9406272 -0.21000007
v -0.75 -0.9406272 -0.20311219
v -0.75 -0.9544029 -0.20311219
v -0.75 -1.2431121 -0.20311219
v -0.74311215 -1.2431122 -0.21000007
v -0.74311215 -0.8980616 -0.21000007
v -0.75 -0.8980616 -0.20311219
v 0.74311215 -0.9544029 -0.21000007
v 0.75 -0.9544029 -0.20311219
v 0.75 -0.9406272 -0.20311219
v 0.74311215 -0.9544029 -0.21000007
v 0.75 -0.9406272 -0.20311219
v 0.74311215 -0.9406272 -0.21000007
v 0.74311215 -0.9544029 0.21
v 0.74311215 -0.9414295 0.20677364
v 0.75 -0.9406272 0.19855228
v 0.75 -0.9544029 0.20311219
v 0.6403979 -0.954403 0.20999964
v 0.6403979 -0.94142956 0.20677325
v 0.6541737 -0.94142956 0.20677331
v 0.6541737 -0.954403 0.20999965
v 0.047725495 -0.9544029 0.21
v 0.047725495 -0.9414295 0.20677364
v 0.033949792 -0.9414295 0.20677362
v 0.033949792 -0.9544029 0.21
v -0.039576188 -0.9544029 0.21000004
v -0.039576188 -0.9414295 0.20677365
v -0.02580048 -0.9414295 0.20677368
v -0.02580048 -0.9544029 0.21000004
v -0.6358118 -0.954403 0.20999964
v -0.6358118 -0.94142956 0.20677328
v -0.64958745 -0.9414297 0.20677331
v -0.64958745 -0.954403 0.20999965
v -0.75 -0.9406272 0.19855228
v -0.74311215 -0.9414295 0.20677365
v -0.74311215 -0.9544029 0.21
v -0.75 -0.9544029 0.20311219
v -0.74311215 -1.25 -0.20311221
v -0.75 -1.2431121 -0.20311219
v -0.75 -1.2431121 0.20311219
v -0.74311215 -1.25 0.20311216
v -0.74311215 1.1586744 0.21
v -0.75 1.1586744 0.20311219
v -0.75 1.2970636 0.20311219
v -0.74311215 1.2959785 0.21
v -0.74318516 1.302951 0.20311216
v -0.75 1.2970636 0.20311219
v -0.75 1.2970636 -0.20311219
v -0.74318516 1.302951 -0.20311221
v 0.654094 1.2892429 -0.20311256
v 0.6534849 1.282181 -0.21000041
v 0.74311215 1.2959267 -0.21000007
v 0.7431917 1.3029073 -0.20311221
v 0.75 -0.9544029 -0.20311219
v 0.74311215 -0.9544029 -0.21000007
v 0.74311215 -1.2431121 -0.21000007
v 0.75 -1.2431121 -0.20311219
v 0.74311215 -1.25 0.20311216
v 0.75 -1.2431121 0.20311219
v 0.75 -1.2431121 -0.20311219
v 0.74311215 -1.25 -0.20311221
v 0.7431917 1.3029073 -0.20311221
v 0.75 1.2970636 -0.20311219
v 0.75 1.2970636 0.20311219
v 0.7431917 1.3029073 0.20311216
v 0.74311215 -0.9544029 0.21
v 0.75 -0.9544029 0.20311219
v 0.75 -1.2431121 0.20311219
v 0.74311215 -1.2431121 0.21
v -0.64951444 1.2891992 0.20311181
v -0.64958745 1.2822483 0.20999965
v -0.74311215 1.2959785 0.21
v -0.74318516 1.302951 0.20311216
v -0.74311215 -0.88525677 0.18365535
v -0.75 -0.88428587 0.17621589
v -0.75 -0.8479359 0.19787735
v -0.74311215 -0.846965 0.20647404
v -0.74311215 0.8300389 0.21
v -0.75 0.8300389 0.20311219
v -0.75 1.1586744 0.20311219
v -0.74311215 1.1586744 0.21
v -0.74311215 1.2959785 -0.21000007
v -0.75 1.2970636 -0.20311219
v -0.75 1.1586744 -0.20311219
v -0.74311215 1.1586744 -0.21000007
v 0.75 1.2970636 -0.20311219
v 0.74311215 1.2959267 -0.21000007
v 0.74311215 1.1586744 -0.21000007
v 0.75 1.2970636 -0.20311219
v 0.74311215 1.1586744 -0.21000007
v 0.75 1.1586744 -0.20311219
v 0.75 -0.74888885 -0.20311219
v 0.74311215 -0.74888885 -0.21000007
v 0.74311215 -0.8341602 -0.21000007
v 0.75 -0.8341602 -0.20311219
v 0.74311215 1.2959267 0.21
v 0.75 1.2970636 0.20311219
v 0.75 1.1586744 0.20311219
v 0.74311215 1.1586744 0.21
v 0.74311215 -0.74888885 0.21
v 0.75 -0.74888885 0.20311219
v 0.75 -0.8341602 0.20311219
v 0.74311215 -0.8341602 0.21
v -0.64958745 -0.8341604 0.20999965
v -0.64958745 -0.8469651 0.20647366
v -0.74311215 -0.846965 0.20647404
v -0.74311215 -0.8341602 0.21
v 0.74311215 -1.25 -0.20311221
v 0.74311215 -1.2431121 -0.21000007
v 0.6541737 -1.2431121 -0.21000041
v -0.039576188 -1.25 -0.20311219
v -0.039576188 -1.2431121 -0.21000004
v -0.6358118 -1.2431121 -0.21000044
v -0.6358118 -1.2499998 -0.20311257
v -0.74318516 1.302951 -0.20311221
v -0.74311215 1.2959785 -0.21000007
v -0.64889866 1.282147 -0.21000041
v -0.64951444 1.2891992 -0.20311256
v -0.6360717 1.2900729 -0.20311257
v -0.6358118 1.2829885 -0.21000044
v -0.039576188 1.4515923 -0.21000004
v -0.03931627 1.4588238 -0.20311219
v 0.0474627 1.4588135 -0.20311221
v 0.047725495 1.4515779 -0.21000007
v 0.6403979 1.2829968 -0.21000044
v 0.64066076 1.2900832 -0.20311257
v -0.74311215 -1.25 0.20311216
v -0.74311215 -1.2431122 0.21
v -0.64958745 -1.2431121 0.20999965
v 0.047725495 -1.25 0.20311214
v 0.047725495 -1.2431121 0.21
v 0.6403979 -1.2431121 0.20999964
v 0.6403979 -1.2499998 0.20311178
v 0.7431917 1.3029073 0.20311216
v 0.74311215 1.2959267 0.21
v 0.6541737 1.2822866 0.20999965
v 0.654094 1.2892429 0.20311181
v 0.033949792 1.460698 0.20311214
v 0.033949792 1.4538102 0.21
v -0.02580048 1.4538102 0.21000004
v -0.02580048 1.460698 0.20311219
v -0.03931628 1.4588238 0.20311219
v -0.039576188 1.4515923 0.21000004
v -0.6358118 1.2829885 0.20999964
v -0.6360717 1.2900729 0.20311178
v 0.74311215 -0.8341602 0.21
v 0.74311215 -0.846965 0.206474
v 0.6541737 -0.8469651 0.20647366
v 0.6541737 -0.8341604 0.20999965
v 0.033949792 -0.8341602 0.21
v 0.033949792 -0.846965 0.20647399
v -0.02580048 -0.846965 0.20647407
v -0.02580048 -0.8341602 0.21000004
v -0.039576188 -0.8341602 0.21000004
v -0.039576188 -0.846965 0.20647405
v -0.6358118 -0.8469651 0.20647365
v -0.6358118 -0.8341604 0.20999964
v -0.64269966 -0.74888897 -0.20311257
v -0.64958745 -0.74888897 -0.21000041
v -0.64958745 -0.8341604 -0.21000041
v -0.64269966 -0.74888897 -0.20311257
v -0.64958745 -0.8341604 -0.21000041
v -0.6358118 -0.8341604 -0.21000044
v -0.032688335 -0.74888885 -0.21000004
v -0.039576188 -0.74888885 -0.21000004
v -0.039576188 -0.8341602 -0.21000004
v -0.026489267 -0.8341602 -0.21000004
v 0.6541737 -0.74888897 -0.21000041
v 0.6472858 -0.74888897 -0.20311257
v 0.6403979 -0.8341604 -0.21000044
v 0.6541737 -0.74888897 -0.21000041
v 0.6403979 -0.8341604 -0.21000044
v 0.6541737 -0.8341604 -0.21000041
v 0.6407514 -0.74888897 0.20782158
v 0.6541737 -0.74888897 0.20999965
v 0.6541737 -0.8341604 0.20999965
v 0.6403979 -0.8341604 0.20999964
v -0.03922277 -0.74888885 0.20782202
v -0.02580048 -0.75577664 0.21000004
v -0.02580048 -0.8341602 0.21000004
v -0.039576188 -0.8341602 0.21000004
v -0.64958745 -0.74888897 0.20999965
v -0.63616526 -0.74888897 0.20782158
v -0.6358118 -0.8341604 0.20999964
v -0.64958745 -0.8341604 0.20999965
v 0.64066076 1.2900832 -0.20311257
v 0.654094 1.2892429 -0.20311256
v 0.654094 1.2892429 0.20311181
v 0.64066076 1.2900832 0.20311178
v -0.03931627 1.4588238 -0.20311219
v -0.02580048 1.460698 -0.20311219
v -0.02580048 1.460698 0.20311219
v -0.03931628 1.4588238 0.20311219
v -0.64951444 1.2891992 -0.20311256
v -0.6360717 1.2900729 -0.20311257
v -0.6360717 1.2900729 0.20311178
v -0.64951444 1.2891992 0.20311181
v 0.6403979 1.2829968 0.20999964
v 0.6541737 1.2822866 0.20999965
v 0.6541737 1.1586744 0.20999965
v 0.6407514 1.1586744 0.20782158
v -0.039576188 1.4515923 0.21000004
v -0.02580048 1.4538102 0.21000004
v -0.02580048 1.1655622 0.21000004
v -0.03922277 1.1586744 0.20782202
v -0.64958745 1.2822483 0.20999965
v -0.6358118 1.2829885 0.20999964
v -0.63616526 1.1586744 0.20782158
v -0.64958745 1.1586744 0.20999965
v -0.6358118 1.2829885 -0.21000044
v -0.64889866 1.282147 -0.21000041
v -0.64269966 1.1586744 -0.21000044
v -0.6358118 1.2829885 -0.21000044
v -0.64269966 1.1586744 -0.21000044
v -0.64269966 1.1586744 -0.20311257
v -0.02580048 1.4538102 -0.21000004
v -0.039576188 1.4515923 -0.21000004
v -0.032688335 1.1586744 -0.20311219
v -0.02580048 1.1586744 -0.21000004
v 0.6534849 1.282181 -0.21000041
v 0.6403979 1.1586744 -0.21000044
v 0.6472858 1.1586744 -0.21000044
v 0.6403979 -1.2499998 -0.20311257
v 0.6403979 -1.2431121 -0.21000044
v 0.047725495 -1.2431121 -0.21000007
v 0.047725495 -1.25 -0.20311221
v -0.02580048 1.460698 -0.20311219
v -0.02580048 1.4538102 -0.21000004
v 0.033949792 1.4538102 -0.21000007
v 0.033949792 1.460698 -0.20311221
v -0.02580048 -1.25 0.20311219
v -0.02580048 -1.2431121 0.21000004
v 0.033949792 -1.2431121 0.21
v 0.033949792 -1.25 0.20311214
v 0.64066076 1.2900832 0.20311178
v 0.6403979 1.2829968 0.20999964
v 0.047725495 1.4515779 0.21
v 0.047462706 1.4588135 0.20311214
v 0.6403979 -0.8341604 0.20999964
v 0.6403979 -0.8469651 0.20647365
v 0.047725495 -0.846965 0.206474
v 0.047725495 -0.8341602 0.21
v 0.047725495 1.4515779 -0.21000007
v 0.033949792 1.4538102 -0.21000007
v 0.033949792 1.1586744 -0.21000007
v 0.047725495 1.4515779 -0.21000007
v 0.033949792 1.1586744 -0.21000007
v 0.040837646 1.1586744 -0.20311221
v 0.033949792 1.4538102 0.21
v 0.047725495 1.4515779 0.21
v 0.047372077 1.1586744 0.207822
v 0.033949792 1.1655622 0.21
v 0.033949792 1.460698 -0.20311221
v 0.0474627 1.4588135 -0.20311221
v 0.047462706 1.4588135 0.20311214
v 0.033949792 1.460698 0.20311214
v 0.033949792 -0.75577664 0.21
v 0.047372077 -0.74888885 0.207822
v 0.047725495 -0.8341602 0.21
v 0.033949792 -0.8341602 0.21
v 0.047725495 -0.74888885 -0.21000007
v 0.040837646 -0.74888885 -0.21000007
v 0.034638576 -0.8341602 -0.21000007
v -0.74311215 -0.74888885 0.21
v -0.75 -0.74888885 0.20311219
v -0.75 -0.40374196 0.20311219
v -0.74311215 -0.40374196 0.21
v -0.74311215 -0.34034103 0.21
v -0.75 -0.34034103 0.20311219
v -0.75 -0.009828827 0.20311219
v -0.74311215 -0.009828834 0.21
v -0.74311215 0.0549583 0.21
v -0.75 0.054958303 0.20311219
v -0.75 0.3840843 0.20311219
v -0.74311215 0.3840843 0.21
v -0.74311215 0.4449559 0.21
v -0.75 0.4449559 0.20311219
v -0.75 0.77799743 0.20311219
v -0.74311215 0.77799743 0.21
v -0.74311215 0.44495583 -0.21000007
v -0.75 0.44495583 -0.20311219
v -0.75 0.38408422 -0.20311219
v -0.74311215 0.38408422 -0.21000007
v -0.74311215 0.054958213 -0.21000007
v -0.75 0.054958217 -0.20311219
v -0.75 -0.0098289 -0.20311219
v -0.74311215 -0.009828904 -0.21000007
v -0.74311215 -0.34034106 -0.21000007
v -0.75 -0.34034106 -0.20311219
v -0.75 -0.40374202 -0.20311219
v -0.74311215 -0.40374202 -0.21000007
v 0.75 0.80937535 -0.20311219
v 0.74311215 0.80937535 -0.21000007
v 0.74311215 0.7779973 -0.21000007
v 0.75 0.80937535 -0.20311219
v 0.74311215 0.7779973 -0.21000007
v 0.75 0.7779973 -0.20311219
v 0.75 0.44495583 -0.20311219
v 0.74311215 0.44495583 -0.21000007
v 0.74311215 0.38408422 -0.21000007
v 0.75 0.38408422 -0.20311219
v 0.75 0.054958217 -0.20311219
v 0.74311215 0.054958213 -0.21000007
v 0.74311215 -0.009828904 -0.21000007
v 0.75 -0.009828901 -0.20311219
v 0.75 -0.34034106 -0.20311219
v 0.74311215 -0.34034106 -0.21000007
v 0.74311215 -0.40374202 -0.21000007
v 0.75 -0.40374202 -0.20311219
v 0.74311215 0.44495583 0.21
v 0.75 0.44495583 0.20311219
v 0.75 0.38408422 0.20311219
v 0.74311215 0.38408422 0.21
v 0.74311215 0.054958213 0.21
v 0.75 0.054958217 0.20311219
v 0.75 -0.009828901 0.20311219
v 0.74311215 -0.009828904 0.21
v 0.74311215 -0.34034106 0.21
v 0.75 -0.34034106 0.20311219
v 0.75 -0.40374202 0.20311219
v 0.74311215 -0.40374202 0.21
v -0.6365006 0.80937535 -0.21000044
v -0.64889866 0.80937535 -0.21000041
v -0.64269966 0.7779973 -0.21000044
v -0.6365006 0.05495818 -0.21000044
v -0.64889866 0.054958183 -0.21000041
v -0.64269966 -0.009828938 -0.21000044
v 0.6472858 0.44495574 -0.21000044
v 0.6410867 0.38408422 -0.21000044
v 0.6534849 0.38408422 -0.21000041
v 0.6472858 0.05495818 -0.21000044
v 0.6410867 -0.009828938 -0.21000044
v 0.6534849 -0.009828936 -0.21000041
v 0.6472858 -0.34034115 -0.21000044
v 0.6410867 -0.40374213 -0.21000044
v 0.6534849 -0.40374213 -0.21000041
v 0.6403979 0.80937535 0.20999964
v 0.6541737 0.80937535 0.20999965
v 0.6541737 0.7779973 0.20999965
v 0.6407514 0.7779973 0.20782158
v 0.6407514 0.44495574 0.20782158
v 0.6541737 0.44495574 0.20999965
v 0.6541737 0.38408422 0.20999965
v 0.6407514 0.38408422 0.20782158
v 0.6407514 0.05495818 0.20782158
v 0.6541737 0.054958183 0.20999965
v 0.6541737 -0.009828935 0.20999965
v 0.6407514 -0.009828938 0.20782158
v 0.6407514 -0.34034115 0.20782158
v 0.6541737 -0.34034115 0.20999965
v 0.6541737 -0.40374213 0.20999965
v 0.6407514 -0.40374213 0.20782158
v -0.039576188 0.80937535 0.21000004
v -0.02580048 0.80937535 0.21000004
v -0.02580048 0.7848852 0.21000004
v -0.03922277 0.7779973 0.20782202
v -0.03922277 0.44495583 0.20782202
v -0.02580048 0.43806797 0.21000004
v -0.02580048 0.39097208 0.21000004
v -0.03922277 0.38408422 0.20782202
v -0.03922277 0.054958217 0.20782202
v -0.02580048 0.048070367 0.21000004
v -0.02580048 -0.0029410478 0.21000004
v -0.03922277 -0.009828901 0.20782202
v -0.03922277 -0.34034106 0.20782202
v -0.02580048 -0.3472289 0.21000004
v -0.02580048 -0.39685416 0.21000004
v -0.03922277 -0.40374202 0.20782202
v -0.64958745 0.80937535 0.20999965
v -0.6358118 0.80937535 0.20999964
v -0.63616526 0.7779973 0.20782158
v -0.64958745 0.7779973 0.20999965
v -0.64958745 0.44495574 0.20999965
v -0.63616526 0.44495574 0.20782158
v -0.63616526 0.38408422 0.20782158
v -0.64958745 0.38408422 0.20999965
v -0.64958745 0.05495819 0.20999965
v -0.63616526 0.05495818 0.20782158
v -0.63616526 -0.009828938 0.20782158
v -0.64958745 -0.009828931 0.20999965
v -0.64958745 -0.34034115 0.20999965
v -0.63616526 -0.34034115 0.20782158
v -0.63616526 -0.40374213 0.20782158
v -0.64958745 -0.40374213 0.20999965
v 0.033949792 0.80937535 0.21
v 0.047725495 0.80937535 0.21
v 0.047372077 0.7779973 0.207822
v 0.033949792 0.7848852 0.21
v -0.74311215 0.823151 0.21
v -0.75 0.823151 0.20311219
v -0.75 0.8300389 0.20311219
v -0.74311215 0.8300389 0.21
v -0.74311215 1.1586744 -0.21000007
v -0.75 1.1586744 -0.20311219
v -0.75 0.8300389 -0.20311219
v -0.74311215 0.8300389 -0.21000007
v 0.75 1.1586744 -0.20311219
v 0.74311215 1.1586744 -0.21000007
v 0.74311215 0.8300389 -0.21000007
v 0.75 0.8300389 -0.20311219
v 0.74311215 1.1586744 0.21
v 0.75 1.1586744 0.20311219
v 0.75 0.8300389 0.20311219
v 0.74311215 0.8300389 0.21
v 0.6407514 1.1586744 0.20782158
v 0.6541737 1.1586744 0.20999965
v 0.6541737 0.8300389 0.20999965
v 0.6407514 0.8300389 0.20782158
v -0.64958745 1.1586744 0.20999965
v -0.63616526 1.1586744 0.20782158
v -0.63616526 0.8300389 0.20782158
v -0.64958745 0.8300389 0.20999965
v -0.74311215 0.3840843 0.21
v -0.75 0.3840843 0.20311219
v -0.75 0.4449559 0.20311219
v -0.74311215 0.4449559 0.21
v -0.74311215 0.7779973 -0.21000007
v -0.75 0.7779973 -0.20311219
v -0.75 0.44495583 -0.20311219
v -0.74311215 0.44495583 -0.21000007
v 0.75 0.7779973 -0.20311219
v 0.74311215 0.7779973 -0.21000007
v 0.74311215 0.44495583 -0.21000007
v 0.75 0.44495583 -0.20311219
v 0.74311215 0.7779973 0.21
v 0.75 0.7779973 0.20311219
v 0.75 0.44495583 0.20311219
v 0.74311215 0.44495583 0.21
v 0.6407514 0.7779973 0.20782158
v 0.6541737 0.7779973 0.20999965
v 0.6541737 0.44495574 0.20999965
v 0.6407514 0.44495574 0.20782158
v -0.64958745 0.7779973 0.20999965
v -0.63616526 0.7779973 0.20782158
v -0.63616526 0.44495574 0.20782158
v -0.64958745 0.44495574 0.20999965
v -0.74311215 -0.009828834 0.21
v -0.75 -0.009828827 0.20311219
v -0.75 0.054958303 0.20311219
v -0.74311215 0.0549583 0.21
v -0.74311215 0.38408422 -0.21000007
v -0.75 0.38408422 -0.20311219
v -0.75 0.054958217 -0.20311219
v -0.74311215 0.054958213 -0.21000007
v 0.75 0.38408422 -0.20311219
v 0.74311215 0.38408422 -0.21000007
v 0.74311215 0.054958213 -0.21000007
v 0.75 0.054958217 -0.20311219
v 0.74311215 0.38408422 0.21
v 0.75 0.38408422 0.20311219
v 0.75 0.054958217 0.20311219
v 0.74311215 0.054958213 0.21
v 0.6407514 0.38408422 0.20782158
v 0.6541737 0.38408422 0.20999965
v 0.6541737 0.054958183 0.20999965
v 0.6407514 0.05495818 0.20782158
v -0.64958745 0.38408422 0.20999965
v -0.63616526 0.38408422 0.20782158
v -0.63616526 0.05495818 0.20782158
v -0.64958745 0.05495819 0.20999965
v -0.74311215 -0.40374196 0.21
v -0.75 -0.40374196 0.20311219
v -0.75 -0.34034103 0.20311219
v -0.74311215 -0.34034103 0.21
v -0.74311215 -0.009828904 -0.21000007
v -0.75 -0.0098289 -0.20311219
v -0.75 -0.34034106 -0.20311219
v -0.74311215 -0.34034106 -0.21000007
v 0.75 -0.009828901 -0.20311219
v 0.74311215 -0.009828904 -0.21000007
v 0.74311215 -0.34034106 -0.21000007
v 0.75 -0.34034106 -0.20311219
v 0.74311215 -0.009828904 0.21
v 0.75 -0.009828901 0.20311219
v 0.75 -0.34034106 0.20311219
v 0.74311215 -0.34034106 0.21
v 0.6407514 -0.009828938 0.20782158
v 0.6541737 -0.009828935 0.20999965
v 0.6541737 -0.34034115 0.20999965
v 0.6407514 -0.34034115 0.20782158
v -0.64958745 -0.009828931 0.20999965
v -0.63616526 -0.009828938 0.20782158
v -0.63616526 -0.34034115 0.20782158
v -0.64958745 -0.34034115 0.20999965
v -0.74311215 -0.40374202 -0.21000007
v -0.75 -0.40374202 -0.20311219
v -0.75 -0.74888885 -0.20311219
v -0.74311215 -0.74888885 -0.21000007
v 0.75 -0.40374202 -0.20311219
v 0.74311215 -0.40374202 -0.21000007
v 0.74311215 -0.74888885 -0.21000007
v 0.75 -0.74888885 -0.20311219
v 0.74311215 -0.40374202 0.21
v 0.75 -0.40374202 0.20311219
v 0.75 -0.74888885 0.20311219
v 0.74311215 -0.74888885 0.21
v 0.6407514 -0.40374213 0.20782158
v 0.6541737 -0.40374213 0.20999965
v 0.6541737 -0.74888897 0.20999965
v 0.6407514 -0.74888897 0.20782158
v -0.64958745 -0.40374213 0.20999965
v -0.63616526 -0.40374213 0.20782158
v -0.63616526 -0.74888897 0.20782158
v -0.64958745 -0.74888897 0.20999965
v -0.74311215 -0.8341602 0.21
v -0.75 -0.8341602 0.20311219
v -0.75 -0.74888885 0.20311219
v -0.74311215 -0.74888885 0.21
v -0.74311215 0.8300389 -0.21000007
v -0.75 0.8300389 -0.20311219
v -0.75 0.823151 -0.20311219
v -0.74311215 0.823151 -0.21000007
v 0.75 0.8300389 -0.20311219
v 0.74311215 0.8300389 -0.21000007
v 0.74311215 0.823151 -0.21000007
v 0.75 0.823151 -0.20311219
v 0.74311215 0.8300389 0.21
v 0.75 0.8300389 0.20311219
v 0.75 0.823151 0.20311219
v 0.74311215 0.8300389 0.21
v 0.75 0.823151 0.20311219
v 0.74311215 0.823151 0.21
v 0.6407514 0.8300389 0.20782158
v 0.6541737 0.8300389 0.20999965
v 0.6541737 0.823151 0.20999965
v 0.6403979 0.823151 0.20999964
v -0.03922277 0.8300389 0.20782202
v -0.02580048 0.823151 0.21000004
v -0.039576188 0.823151 0.21000004
v -0.64958745 0.8300389 0.20999965
v -0.63616526 0.8300389 0.20782158
v -0.6358118 0.823151 0.20999964
v -0.64958745 0.823151 0.20999965
v 0.033949792 0.823151 0.21
v 0.047372077 0.8300389 0.207822
v 0.047725495 0.823151 0.21
v -0.74311215 0.77799743 0.21
v -0.75 0.77799743 0.20311219
v -0.75 0.80937535 0.20311219
v -0.74311215 0.80937535 0.21
v -0.74311215 -0.8479359 -0.21000007
v -0.75 -0.8479359 -0.20311219
v -0.75 -0.88428587 -0.20311219
v -0.74311215 -0.88428587 -0.21000007
v 0.75 -0.8479359 -0.20311219
v 0.74311215 -0.8479359 -0.21000007
v 0.74311215 -0.88428587 -0.21000007
v 0.74311215 -0.846965 0.206474
v 0.75 -0.8479359 0.19787735
v 0.75 -0.88428587 0.17621589
v 0.74311215 -0.88525677 0.18365535
v -0.74311215 -0.9414295 0.20677365
v -0.75 -0.9406272 0.19855228
v -0.75 -0.8980616 0.17598516
v -0.74311215 -0.8972592 0.18335575
v 0.6403979 -0.88525695 0.18365498
v 0.6403979 -0.89725935 0.18335536
v 0.047725495 -0.8972592 0.18335573
v 0.047725495 -0.88525677 0.18365535
v -0.039576188 -0.88525677 0.18365537
v -0.039576188 -0.8972592 0.18335576
v -0.6358118 -0.89725935 0.18335536
v -0.6358118 -0.88525695 0.183655
v 0.75 -0.8980616 -0.20311219
v 0.74311215 -0.8980616 -0.21000007
v 0.74311215 -0.9406272 -0.21000007
v 0.75 -0.9406272 -0.20311219
v 0.74311215 -0.8972592 0.18335573
v 0.75 -0.8980616 0.17598516
v 0.75 -0.9406272 0.19855228
v 0.74311215 -0.9414295 0.20677364
v -0.74311215 -1.2431122 0.21
v -0.75 -1.2431121 0.20311219
v -0.75 -0.9544029 0.20311219
v -0.74311215 -0.9544029 0.21
v -0.64958745 -0.9414297 0.20677331
v -0.64958745 -0.954403 0.20999965
v -0.74311215 -0.9544029 0.21
v -0.74311215 -0.9414295 0.20677365
v 0.74311215 -0.9414295 0.20677364
v 0.74311215 -0.9544029 0.21
v 0.6541737 -0.954403 0.20999965
v 0.6541737 -0.94142956 0.20677331
v 0.033949792 -0.9414295 0.20677362
v 0.033949792 -0.9544029 0.21
v -0.02580048 -0.9544029 0.21000004
v -0.02580048 -0.9414295 0.20677368
vt 0.074694306 0.7916353
vt 0.07469432 0.7646146
vt 0.050305787 0.76461446
vt 0.050305787 0.7916354
vt 0.060580608 0.791541
vt 0.060580604 0.7646385
vt 0.05045092 0.7646255
vt 0.050450925 0.7915545
vt 0.0633539 0.7646387
vt 0.0633539 0.79155517
vt 0.06863051 0.79156905
vt 0.06863052 0.7646253
vt 0.06964339 0.7646145
vt 0.06964339 0.7916354
vt 0.07630961 0.7916353
vt 0.07630961 0.76461446
vt 0.07646865 0.7902201
vt 0.07646865 0.7660298
vt 0.04999015 0.7660297
vt 0.04989971 0.7902201
vt 0.07646865 0.79163533
vt 0.07646865 0.7646145
vt 0.049856037 0.7646145
vt 0.049856037 0.79163533
vt 0.074616894 0.7916354
vt 0.074616894 0.7646145
vt 0.050383247 0.76461446
vt 0.050383247 0.7916354
vt 0.07630961 0.7903001
vt 0.076309614 0.7659497
vt 0.06964339 0.76594967
vt 0.06964339 0.7903002
vt 0.068630494 0.7903001
vt 0.0686305 0.7659496
vt 0.06335391 0.7659497
vt 0.0633539 0.79030013
vt 0.060580608 0.7903002
vt 0.06058061 0.7659497
vt 0.050450925 0.76594967
vt 0.050450917 0.79030013
vt 0.06250006 0.76415634
vt 0.06058061 0.76415634
vt 0.05045092 0.76415634
vt 0.048531473 0.76415634
vt 0.048531473 0.76594967
vt 0.074380666 0.7903002
vt 0.074380666 0.7659497
vt 0.048531473 0.76594967
vt 0.048531473 0.7903002
vt 0.07646865 0.76594967
vt 0.07588311 0.76415634
vt 0.049117 0.76415634
vt 0.048531473 0.76594967
vt 0.07646865 0.7903002
vt 0.048531473 0.7903002
vt 0.07646865 0.7902201
vt 0.07646865 0.7660298
vt 0.048531473 0.7660298
vt 0.048531473 0.7902201
vt 0.07646865 0.7902201
vt 0.07646865 0.7660298
vt 0.048531473 0.7660298
vt 0.048531473 0.7902201
vt 0.07588311 0.7920935
vt 0.049117003 0.7920935
vt 0.07438066 0.7916353
vt 0.07438066 0.76461446
vt 0.048531473 0.7646145
vt 0.048531476 0.79163533
vt 0.07646865 0.7649627
vt 0.07646865 0.79163533
vt 0.074380666 0.79022014
vt 0.07438066 0.7660298
vt 0.048531473 0.7660298
vt 0.048531473 0.7902201
vt 0.07646865 0.7660298
vt 0.07646865 0.7902201
vt 0.07438066 0.7916353
vt 0.07438066 0.76461446
vt 0.048531473 0.7646145
vt 0.048531476 0.79163533
vt 0.07646865 0.7646145
vt 0.07646865 0.7912872
vt 0.05394924 0.7889575
vt 0.05438277 0.7894561
vt 0.062406804 0.79206324
vt 0.062406804 0.79206324
vt 0.049555417 0.78290987
vt 0.05394924 0.7889575
vt 0.062406804 0.79206324
vt 0.049215138 0.78229994
vt 0.049555417 0.78290987
vt 0.06326922 0.7918436
vt 0.06326922 0.7918436
vt 0.069941446 0.7896757
vt 0.049215138 0.78229994
vt 0.069941446 0.7896757
vt 0.070767894 0.789347
vt 0.049215138 0.78229994
vt 0.075701766 0.77369386
vt 0.07578498 0.77436256
vt 0.049215138 0.77395
vt 0.070793815 0.7669387
vt 0.054289952 0.766976
vt 0.049555417 0.7733401
vt 0.05394924 0.76729244
vt 0.06258535 0.7642784
vt 0.070183545 0.7666529
vt 0.06302711 0.7643276
vt 0.070767894 0.789347
vt 0.07578498 0.7824415
vt 0.07578498 0.78188735
vt 0.07578498 0.78188735
vt 0.07578498 0.77436256
vt 0.070767894 0.789347
vt 0.07438066 0.79030013
vt 0.074380666 0.76594967
vt 0.048531473 0.76594967
vt 0.048531473 0.7903002
vt 0.07646865 0.76594967
vt 0.07646865 0.7903002
vt 0.07588311 0.7641563
vt 0.07646865 0.76553255
vt 0.07646865 0.7781249
vt 0.048531473 0.7781249
vt 0.049117003 0.76415634
vt 0.048531473 0.7655326
vt 0.07646865 0.7920066
vt 0.048531473 0.7920066
vt 0.07588311 0.7920935
vt 0.07646865 0.7920935
vt 0.07646865 0.7920935
vt 0.048531473 0.7920935
vt 0.049117003 0.7920935
vt 0.048531476 0.7920935
vt 0.07646865 0.79163533
vt 0.07646865 0.7646145
vt 0.048531473 0.7646145
vt 0.048531476 0.79163533
vt 0.07438066 0.76651174
vt 0.048531476 0.7615392
vt 0.048531473 0.7667735
vt 0.07438066 0.789738
vt 0.048531473 0.7894764
vt 0.048531476 0.7947107
vt 0.07646865 0.76677346
vt 0.07646865 0.78947634
vt 0.07646865 0.7644718
vt 0.07588311 0.76415634
vt 0.049117 0.76415634
vt 0.048531473 0.7644718
vt 0.07646865 0.791778
vt 0.048531473 0.7920935
vt 0.07646865 0.7920935
vt 0.048531473 0.7920935
vt 0.07588311 0.7920935
vt 0.07646865 0.7920935
vt 0.048531473 0.7920935
vt 0.049117003 0.7920935
vt 0.07588311 0.7920935
vt 0.048531473 0.7920935
vt 0.04853147 0.79240894
vt 0.049117003 0.7920935
vt 0.074380666 0.7902201
vt 0.074380666 0.7660297
vt 0.048531473 0.7660298
vt 0.048531473 0.7902201
vt 0.048531473 0.76415634
vt 0.07646865 0.76415634
vt 0.07646865 0.76415634
vt 0.048531473 0.76415634
vt 0.07630961 0.79177624
vt 0.076309614 0.7644736
vt 0.069643386 0.7644736
vt 0.06964339 0.79177624
vt 0.07630961 0.7920935
vt 0.06964339 0.7920935
vt 0.06863051 0.79177624
vt 0.0686305 0.7644736
vt 0.0633539 0.7644736
vt 0.06335391 0.7917763
vt 0.06948435 0.76415634
vt 0.06964339 0.7641564
vt 0.06058061 0.7917762
vt 0.06250006 0.7920935
vt 0.06058061 0.7920935
vt 0.050450925 0.7917762
vt 0.050450925 0.7644737
vt 0.06058061 0.7644737
vt 0.05045092 0.7920935
vt 0.06863051 0.7920935
vt 0.04853147 0.7917762
vt 0.048531473 0.7920935
vt 0.05045092 0.7920935
vt 0.048531473 0.7643012
vt 0.07646865 0.76430124
vt 0.07646865 0.79163533
vt 0.07588311 0.7920935
vt 0.049117 0.7920935
vt 0.048531473 0.7920935
vt 0.07438066 0.7917781
vt 0.074380666 0.7644718
vt 0.048531473 0.7644556
vt 0.048531473 0.79179424
vt 0.07646865 0.79163533
vt 0.07646865 0.7646145
vt 0.049856037 0.7646145
vt 0.049856037 0.79163533
vt 0.07646865 0.78947634
vt 0.07646865 0.76677346
vt 0.04916861 0.7667735
vt 0.04916861 0.7894764
vt 0.07385152 0.7916354
vt 0.07385152 0.7646145
vt 0.05114861 0.7646145
vt 0.051148605 0.7916353
vt 0.076309614 0.7903002
vt 0.07630961 0.76594967
vt 0.06964339 0.7659497
vt 0.06964339 0.7903002
vt 0.07630961 0.7920935
vt 0.069643386 0.7920935
vt 0.07385152 0.7916354
vt 0.07385152 0.7646145
vt 0.051148605 0.76461446
vt 0.05114861 0.7916354
vt 0.07646865 0.7646145
vt 0.07646865 0.79163533
vt 0.076309614 0.7894764
vt 0.07630961 0.7667735
vt 0.069643386 0.76677346
vt 0.06964339 0.7894764
vt 0.07630961 0.7920935
vt 0.06964339 0.7920935
vt 0.06948435 0.7920935
vt 0.06863051 0.7894764
vt 0.0633539 0.7894764
vt 0.0633539 0.76677346
vt 0.06863051 0.76677346
vt 0.06948435 0.76415634
vt 0.06964339 0.76415634
vt 0.060580608 0.7894764
vt 0.060580604 0.76677346
vt 0.05045092 0.76677346
vt 0.050450925 0.7894764
vt 0.06058061 0.7920935
vt 0.05045092 0.7920935
vt 0.0633539 0.7920935
vt 0.076309614 0.79022014
vt 0.07630961 0.7660298
vt 0.069643386 0.7660297
vt 0.069643386 0.7902201
vt 0.07630961 0.7920935
vt 0.069643386 0.7920935
vt 0.06863051 0.79022014
vt 0.06863051 0.76602983
vt 0.0633539 0.7660298
vt 0.0633539 0.7902202
vt 0.060580608 0.79022
vt 0.06250006 0.7920935
vt 0.06058061 0.7920935
vt 0.05045092 0.79022
vt 0.05045092 0.7660298
vt 0.060580604 0.7660297
vt 0.05045092 0.7920935
vt 0.048531473 0.7920935
vt 0.048531473 0.7902201
vt 0.0686305 0.79209346
vt 0.07646865 0.7917943
vt 0.07646865 0.7644556
vt 0.049933754 0.76447177
vt 0.049226947 0.7917781
vt 0.074380666 0.79177624
vt 0.07438066 0.7644736
vt 0.048531473 0.76445735
vt 0.048531473 0.7917925
vt 0.07630961 0.7916353
vt 0.07630961 0.76461446
vt 0.06964339 0.7646145
vt 0.06964339 0.7916354
vt 0.0686305 0.7916245
vt 0.06863051 0.76468086
vt 0.06863051 0.76468086
vt 0.0633539 0.7646946
vt 0.0633539 0.79161114
vt 0.06058061 0.7916113
vt 0.0633539 0.7646946
vt 0.06058061 0.76470876
vt 0.050450925 0.76469547
vt 0.05045092 0.79162437
vt 0.076165095 0.7916353
vt 0.0761651 0.7646145
vt 0.04883502 0.7646145
vt 0.04883502 0.79163533
vt 0.076309614 0.79177815
vt 0.076309614 0.7644718
vt 0.06964339 0.76447177
vt 0.06964339 0.7917781
vt 0.07630961 0.7920935
vt 0.06964339 0.7920935
vt 0.07616345 0.79163533
vt 0.07616345 0.7646145
vt 0.04883667 0.7646146
vt 0.048836667 0.7916354
vt 0.07583153 0.7894764
vt 0.07583153 0.76677346
vt 0.049168605 0.7667735
vt 0.04916861 0.7894764
vt 0.07646865 0.76677346
vt 0.07646865 0.78947634
vt 0.07630962 0.79177815
vt 0.076309614 0.7644718
vt 0.06964339 0.76447177
vt 0.06964339 0.7917781
vt 0.07630961 0.7920935
vt 0.069643386 0.7920935
vt 0.06948435 0.7920935
vt 0.06863051 0.7917781
vt 0.0633539 0.7917781
vt 0.0633539 0.76447177
vt 0.06863051 0.7644718
vt 0.06058062 0.79177815
vt 0.060580615 0.7644718
vt 0.05045092 0.76447177
vt 0.05045092 0.7917781
vt 0.06250006 0.76415634
vt 0.06058061 0.76415634
vt 0.06058061 0.7920935
vt 0.05045092 0.7920935
vt 0.0633539 0.7920935
vt 0.05045092 0.76415634
vt 0.048531473 0.76415634
vt 0.048531473 0.76447177
vt 0.07646865 0.79177624
vt 0.07646865 0.7644736
vt 0.049933538 0.7644737
vt 0.049227335 0.79177624
vt 0.076630585 0.79241073
vt 0.07438066 0.78947634
vt 0.07438066 0.7667735
vt 0.050619457 0.7667735
vt 0.050619457 0.78947634
vt 0.07578498 0.78188735
vt 0.07572769 0.78252035
vt 0.070767894 0.78934705
vt 0.070767894 0.78934705
vt 0.07578498 0.77436256
vt 0.070767894 0.78934705
vt 0.075701766 0.77369386
vt 0.07578498 0.77436256
vt 0.070767894 0.78934705
vt 0.06994144 0.7896758
vt 0.075701766 0.77369386
vt 0.06240681 0.79206324
vt 0.05438277 0.7894561
vt 0.05394924 0.7889575
vt 0.049555417 0.78290987
vt 0.06240681 0.79206324
vt 0.06994144 0.7896758
vt 0.06326922 0.79184365
vt 0.06240681 0.79206324
vt 0.06240681 0.79206324
vt 0.049555417 0.78290987
vt 0.06994144 0.7896758
vt 0.049215138 0.78229994
vt 0.075701766 0.77369386
vt 0.070793815 0.7669387
vt 0.049215138 0.77395
vt 0.06258535 0.7642784
vt 0.070183545 0.7666529
vt 0.06302711 0.7643276
vt 0.054289963 0.766976
vt 0.049555417 0.7733401
vt 0.05394924 0.76729244
vt 0.074380666 0.7644737
vt 0.048531476 0.763839
vt 0.048531473 0.7644736
vt 0.07438066 0.79177624
vt 0.04853147 0.7917762
vt 0.07646865 0.7644736
vt 0.07646865 0.79177624
vt 0.074380666 0.7920935
vt 0.07438066 0.79177624
vt 0.048531473 0.76415634
vt 0.07646865 0.76415634
vt 0.07646865 0.76415634
vt 0.07588311 0.76415634
vt 0.049117 0.76415634
vt 0.048531473 0.76415634
vt 0.07646865 0.79177624
vt 0.07646865 0.7644736
vt 0.06501441 0.7644737
vt 0.06501441 0.7917761
vt 0.07646865 0.7920935
vt 0.06501441 0.7920935
vt 0.055515766 0.7917762
vt 0.055515766 0.7644736
vt 0.048531473 0.7644736
vt 0.04853147 0.7917762
vt 0.055515766 0.7920935
vt 0.048531473 0.7920935
vt 0.06501441 0.76415634
vt 0.06250006 0.76415634
vt 0.06250006 0.7644736
vt 0.07646865 0.78947634
vt 0.07646865 0.76677346
vt 0.048531473 0.7667735
vt 0.048531473 0.7894764
vt 0.07646865 0.7920935
vt 0.048531473 0.7920935
vt 0.07646865 0.78947634
vt 0.07646865 0.76677346
vt 0.048531473 0.7667735
vt 0.048531473 0.7894764
vt 0.07646865 0.7920935
vt 0.048531473 0.7920935
vt 0.048531473 0.7781249
vt 0.07646865 0.7781249
vt 0.07646865 0.79071724
vt 0.07589086 0.7920935
vt 0.049109258 0.7920935
vt 0.048531473 0.79071724
vt 0.07646865 0.79163533
vt 0.07646865 0.7646145
vt 0.048531473 0.7646145
vt 0.048531476 0.79163533
vt 0.07646865 0.7903002
vt 0.07646865 0.76594967
vt 0.048531473 0.76594967
vt 0.048531473 0.7903002
vt 0.05551577 0.7903002
vt 0.055515766 0.7659497
vt 0.048531473 0.76594967
vt 0.048531473 0.7903002
vt 0.06501441 0.7657703
vt 0.06501441 0.79030025
vt 0.07646865 0.7903002
vt 0.07646865 0.76415634
vt 0.07646865 0.79163533
vt 0.07646865 0.7646145
vt 0.048531473 0.7646145
vt 0.048531476 0.79163533
vt 0.07578498 0.7819427
vt 0.075733416 0.7825124
vt 0.070767894 0.78934705
vt 0.070767894 0.78934705
vt 0.07578498 0.77436256
vt 0.07578498 0.7819427
vt 0.075701766 0.77369386
vt 0.06994144 0.7896758
vt 0.049555417 0.78290987
vt 0.06240681 0.79206324
vt 0.05428952 0.78942585
vt 0.06994144 0.7896758
vt 0.06326922 0.79184365
vt 0.06240681 0.79206324
vt 0.06240681 0.79206324
vt 0.049555417 0.78290987
vt 0.06994144 0.7896758
vt 0.049215138 0.78229994
vt 0.075701766 0.77369386
vt 0.070793815 0.7669387
vt 0.049215138 0.77395
vt 0.06258535 0.7642784
vt 0.070183545 0.7666529
vt 0.06302711 0.7643276
vt 0.054289963 0.766976
vt 0.049555417 0.7733401
vt 0.05394924 0.76729244
vt 0.07646865 0.79163533
vt 0.07646865 0.7646145
vt 0.048531473 0.7646145
vt 0.048531476 0.79163533
vt 0.07578498 0.78188735
vt 0.07572769 0.78252035
vt 0.070767894 0.78934705
vt 0.070767894 0.78934705
vt 0.07578498 0.77436256
vt 0.07578498 0.78188735
vt 0.075701766 0.77369386
vt 0.06994144 0.7896758
vt 0.049555417 0.78290987
vt 0.06240681 0.79206324
vt 0.05428952 0.78942585
vt 0.06994144 0.7896758
vt 0.06326922 0.79184365
vt 0.06240681 0.79206324
vt 0.06240681 0.79206324
vt 0.049555417 0.78290987
vt 0.06994144 0.7896758
vt 0.049215138 0.78229994
vt 0.075701766 0.77369386
vt 0.070793815 0.7669387
vt 0.049215138 0.77395
vt 0.06258535 0.7642784
vt 0.070183545 0.7666529
vt 0.06302711 0.7643276
vt 0.054289963 0.766976
vt 0.049555417 0.7733401
vt 0.05394924 0.76729244
vt 0.07646865 0.79163533
vt 0.07646865 0.7646145
vt 0.048531473 0.7646145
vt 0.048531476 0.79163533
vt 0.048531473 0.7781249
vt 0.048531473 0.76424325
vt 0.07646865 0.76424325
vt 0.07646865 0.7781249
vt 0.048531473 0.76424325
vt 0.07646865 0.76424325
vt 0.07646865 0.7781249
vt 0.048531473 0.7781249
vt 0.048531473 0.76424325
vt 0.07646865 0.76424325
vt 0.07646865 0.7781249
vt 0.048531473 0.7781249
vt 0.048531473 0.76424325
vt 0.07646865 0.76424325
vt 0.07646865 0.7781249
vt 0.048531473 0.7781249
vt 0.07646865 0.7920935
vt 0.07646865 0.7644718
vt 0.065014414 0.7644718
vt 0.0650144 0.79180956
vt 0.055515766 0.791778
vt 0.055515766 0.76447177
vt 0.048531473 0.7644718
vt 0.048531473 0.7917781
vt 0.055515766 0.7920935
vt 0.048531473 0.7920935
vt 0.07646865 0.7902201
vt 0.07646865 0.7660298
vt 0.048531473 0.7660298
vt 0.048531473 0.7902201
vt 0.07646865 0.7902201
vt 0.07646865 0.7660298
vt 0.048531473 0.7660298
vt 0.048531473 0.7902201
vt 0.07646865 0.7902201
vt 0.07646865 0.7660298
vt 0.048531473 0.7660298
vt 0.048531473 0.7902201
vt 0.048531473 0.76415634
vt 0.07646865 0.76415634
vt 0.07646865 0.76415634
vt 0.07591113 0.76415634
vt 0.049088996 0.76415634
vt 0.048531473 0.76415634
vt 0.048531473 0.76415634
vt 0.07646865 0.76415634
vt 0.07646865 0.76415634
vt 0.075886436 0.76415634
vt 0.04911368 0.76415634
vt 0.048531473 0.76415634
vt 0.07646865 0.76415634
vt 0.048531473 0.76415634
vt 0.07646865 0.76415634
vt 0.07646865 0.76415634
vt 0.075883985 0.76415634
vt 0.049116135 0.76415634
vt 0.048531473 0.76415634
vt 0.07646865 0.76415634
vt 0.048531473 0.76415634
vt 0.07646865 0.76415634
vt 0.07646865 0.76415634
vt 0.07589086 0.76415634
vt 0.049109258 0.76415634
vt 0.048531473 0.76415634
vt 0.07646865 0.76415634
vt 0.07591113 0.7920935
vt 0.07646865 0.7920935
vt 0.07646865 0.7920935
vt 0.048531473 0.7920935
vt 0.049088996 0.7920935
vt 0.048531473 0.7920935
vt 0.048531473 0.7920935
vt 0.07646865 0.7920935
vt 0.075886436 0.7920935
vt 0.07646865 0.7920935
vt 0.07646865 0.7920935
vt 0.048531473 0.7920935
vt 0.049113683 0.7920935
vt 0.048531473 0.7920935
vt 0.07646865 0.7920935
vt 0.048531473 0.7920935
vt 0.048531473 0.7920935
vt 0.075883985 0.7920935
vt 0.07646865 0.7920935
vt 0.07646865 0.7920935
vt 0.048531473 0.7920935
vt 0.049116135 0.7920935
vt 0.048531473 0.7920935
vt 0.07646865 0.7920935
vt 0.048531473 0.7920935
vt 0.07589086 0.7920935
vt 0.07646865 0.7920935
vt 0.07646865 0.7920935
vt 0.048531473 0.7920935
vt 0.04910926 0.7920935
vt 0.048531473 0.7920935
vt 0.048531473 0.7920935
vt 0.07646865 0.7920935
vt 0.048531473 0.7920935
vt 0.07646865 0.7902201
vt 0.07646865 0.7660298
vt 0.06501441 0.7660298
vt 0.0650144 0.7902201
vt 0.07646865 0.7920935
vt 0.06501441 0.7920935
vt 0.05551577 0.7902202
vt 0.05551577 0.76602983
vt 0.048531473 0.7660298
vt 0.048531473 0.7902201
vt 0.055515766 0.7920935
vt 0.048531473 0.7920935
vt 0.07646865 0.7903002
vt 0.07646865 0.76594967
vt 0.048531473 0.76594967
vt 0.048531473 0.7903002
vt 0.07646865 0.7903002
vt 0.07646865 0.76415634
vt 0.048531473 0.7657703
vt 0.048531473 0.7903002
vt 0.07646865 0.7903002
vt 0.07646865 0.76594967
vt 0.048531473 0.76594967
vt 0.048531473 0.7903002
vt 0.07646865 0.7903002
vt 0.07646865 0.76594967
vt 0.048531473 0.76594967
vt 0.048531473 0.7903002
vt 0.07646865 0.7903002
vt 0.07646865 0.76594967
vt 0.048531473 0.76594967
vt 0.048531473 0.7903002
vt 0.07646865 0.7903002
vt 0.07646865 0.76594967
vt 0.048531473 0.76594967
vt 0.048531473 0.7903002
vt 0.07646865 0.7903002
vt 0.07646865 0.76594967
vt 0.06501441 0.76594967
vt 0.0650144 0.79030013
vt 0.05551577 0.7903002
vt 0.055515766 0.7659497
vt 0.048531473 0.76594967
vt 0.048531473 0.7903002
vt 0.07646865 0.79163533
vt 0.07646865 0.7646145
vt 0.048531473 0.7646145
vt 0.048531476 0.79163533
vt 0.07646865 0.79163533
vt 0.07646865 0.7646145
vt 0.048531473 0.7646145
vt 0.048531476 0.79163533
vt 0.07646865 0.79163533
vt 0.07646865 0.7646145
vt 0.048531473 0.7646145
vt 0.048531476 0.79163533
vt 0.07646865 0.79163533
vt 0.07646865 0.7646145
vt 0.06501441 0.76461446
vt 0.0650144 0.7916353
vt 0.055515766 0.79163533
vt 0.055515766 0.7646145
vt 0.048531473 0.7646145
vt 0.048531476 0.79163533
vt 0.07646865 0.7902201
vt 0.07646865 0.7660298
vt 0.048531473 0.7660298
vt 0.048531473 0.7904074
vt 0.07591113 0.7920935
vt 0.076468654 0.79396695
vt 0.048531473 0.7920935
vt 0.048531473 0.7920935
vt 0.049088996 0.7920935
vt 0.07591113 0.7920935
vt 0.07646865 0.7920935
vt 0.07646865 0.7660298
vt 0.048531473 0.7660298
vt 0.048531473 0.7904074
vt 0.048531473 0.7920935
vt 0.048531473 0.7920935
vt 0.075886436 0.7920935
vt 0.07646865 0.7920935
vt 0.049113683 0.7920935
vt 0.07646865 0.7920935
vt 0.07646865 0.7660298
vt 0.048531473 0.7660298
vt 0.048531473 0.7904074
vt 0.048531473 0.7920935
vt 0.048531473 0.7920935
vt 0.075883985 0.7920935
vt 0.07646865 0.7920935
vt 0.049116135 0.7920935
vt 0.07646865 0.7920935
vt 0.07646865 0.7660298
vt 0.048531473 0.7660298
vt 0.048531473 0.7902201
vt 0.048531473 0.7920935
vt 0.048531473 0.7920935
vt 0.07589086 0.7920935
vt 0.07646865 0.7920935
vt 0.049109258 0.7920935
vt 0.04952139 0.78286296
vt 0.049215138 0.7823533
vt 0.049215138 0.77390647
vt 0.049215138 0.77390647
vt 0.05394924 0.7889575
vt 0.04952139 0.78286296
vt 0.049215138 0.77390647
vt 0.054424174 0.7894696
vt 0.05394924 0.7889575
vt 0.049690504 0.77315414
vt 0.049690504 0.77315414
vt 0.053814154 0.7674784
vt 0.054424174 0.7894696
vt 0.053814154 0.7674784
vt 0.054382227 0.76679397
vt 0.054424174 0.7894696
vt 0.070793815 0.7669387
vt 0.070183545 0.7666529
vt 0.062365413 0.79204977
vt 0.075701766 0.77369386
vt 0.07056623 0.78937846
vt 0.06305064 0.79191464
vt 0.07016002 0.7896047
vt 0.07569524 0.78232265
vt 0.07578498 0.77436256
vt 0.07578498 0.78188735
vt 0.054382227 0.76679397
vt 0.062407352 0.7641865
vt 0.06302711 0.7643276
vt 0.06302711 0.7643276
vt 0.070183545 0.7666529
vt 0.054382227 0.76679397
vt 0.04952139 0.78286296
vt 0.049215138 0.7823533
vt 0.049215138 0.77390647
vt 0.049215138 0.77390647
vt 0.05394924 0.7889575
vt 0.04952139 0.78286296
vt 0.049215138 0.77390647
vt 0.054424174 0.7894696
vt 0.05394924 0.7889575
vt 0.049690504 0.77315414
vt 0.049690504 0.77315414
vt 0.053814154 0.7674784
vt 0.054424174 0.7894696
vt 0.053814154 0.7674784
vt 0.054382227 0.76679397
vt 0.054424174 0.7894696
vt 0.070793815 0.7669387
vt 0.070183545 0.7666529
vt 0.062365413 0.79204977
vt 0.075701766 0.77369386
vt 0.07056623 0.78937846
vt 0.06305064 0.79191464
vt 0.07016002 0.7896047
vt 0.07569524 0.78232265
vt 0.07578498 0.77436256
vt 0.07578498 0.78188735
vt 0.054382227 0.76679397
vt 0.06250006 0.76415634
vt 0.070183545 0.7666529
vt 0.04952139 0.78286296
vt 0.049215138 0.7823533
vt 0.049215138 0.77390647
vt 0.049215138 0.77390647
vt 0.05394924 0.7889575
vt 0.04952139 0.78286296
vt 0.049215138 0.77390647
vt 0.054424174 0.7894696
vt 0.05394924 0.7889575
vt 0.049690504 0.77315414
vt 0.049690504 0.77315414
vt 0.053814154 0.7674784
vt 0.054424174 0.7894696
vt 0.053814154 0.7674784
vt 0.054382227 0.76679397
vt 0.054424174 0.7894696
vt 0.070793815 0.7669387
vt 0.070183545 0.7666529
vt 0.062365413 0.79204977
vt 0.075701766 0.77369386
vt 0.07056623 0.78937846
vt 0.06305064 0.79191464
vt 0.07016002 0.7896047
vt 0.07569524 0.78232265
vt 0.07578498 0.77436256
vt 0.07578498 0.78188735
vt 0.054382227 0.76679397
vt 0.062407352 0.7641865
vt 0.06302711 0.7643276
vt 0.06302711 0.7643276
vt 0.070183545 0.7666529
vt 0.054382227 0.76679397
vt 0.049555417 0.78290987
vt 0.049215138 0.78234345
vt 0.049215138 0.77390647
vt 0.049215138 0.77390647
vt 0.05394924 0.7889575
vt 0.049555417 0.78290987
vt 0.049215138 0.77390647
vt 0.054424174 0.7894696
vt 0.05394924 0.7889575
vt 0.049690504 0.77315414
vt 0.049690504 0.77315414
vt 0.053814154 0.7674784
vt 0.054424174 0.7894696
vt 0.053814154 0.7674784
vt 0.054382227 0.76679397
vt 0.054424174 0.7894696
vt 0.070793815 0.7669387
vt 0.070183545 0.7666529
vt 0.062365413 0.79204977
vt 0.075701766 0.77369386
vt 0.07056623 0.78937846
vt 0.06305064 0.79191464
vt 0.07016002 0.7896047
vt 0.07569524 0.78232265
vt 0.07578498 0.77436256
vt 0.07578498 0.78188735
vt 0.054382227 0.76679397
vt 0.06250006 0.76415634
vt 0.070183545 0.7666529
vt 0.055515766 0.791778
vt 0.055515766 0.76447177
vt 0.048531473 0.7644556
vt 0.048531473 0.79179424
vt 0.07578498 0.78188735
vt 0.07572769 0.78252035
vt 0.070767894 0.78934705
vt 0.070767894 0.78934705
vt 0.07578498 0.77436256
vt 0.07578498 0.78188735
vt 0.070767894 0.78934705
vt 0.075701766 0.77369386
vt 0.07578498 0.77436256
vt 0.06994144 0.7896758
vt 0.049555417 0.78290987
vt 0.06240681 0.79206324
vt 0.05428952 0.78942585
vt 0.06994144 0.7896758
vt 0.06326922 0.79184365
vt 0.06240681 0.79206324
vt 0.06240681 0.79206324
vt 0.049555417 0.78290987
vt 0.06994144 0.7896758
vt 0.049215138 0.78229994
vt 0.075701766 0.77369386
vt 0.070793815 0.7669387
vt 0.049215138 0.77395
vt 0.06258535 0.7642784
vt 0.070183545 0.7666529
vt 0.06302711 0.7643276
vt 0.054289963 0.766976
vt 0.049555417 0.7733401
vt 0.05394924 0.76729244
vt 0.055515766 0.7917762
vt 0.055515766 0.7644736
vt 0.048531473 0.76445735
vt 0.048531473 0.7917925
vt 0.05551577 0.7894764
vt 0.05551577 0.7667735
vt 0.048531473 0.7667735
vt 0.048531473 0.7894764
vt 0.055515766 0.7920935
vt 0.048531473 0.7920935
vt 0.06501441 0.76677346
vt 0.06501441 0.7894764
vt 0.07646865 0.78947634
vt 0.07646865 0.76677346
vt 0.07646865 0.7920935
vt 0.06501441 0.7920935
vt 0.06250006 0.7920935
vt 0.06250006 0.7894764
vt 0.06501441 0.76415634
vt 0.06250006 0.76415634
vt 0.06250006 0.7667735
vt 0.053963784 0.7672725
vt 0.054382227 0.76679397
vt 0.062407352 0.7641865
vt 0.062407352 0.7641865
vt 0.049540874 0.7733601
vt 0.053963784 0.7672725
vt 0.062407352 0.7641865
vt 0.049215138 0.77395
vt 0.049540874 0.7733601
vt 0.06326922 0.76440626
vt 0.07076824 0.76690346
vt 0.07572735 0.7737291
vt 0.07578498 0.77438736
vt 0.07578498 0.77438736
vt 0.07578498 0.78186256
vt 0.07076824 0.76690346
vt 0.06326922 0.76440626
vt 0.069941446 0.7665742
vt 0.07076824 0.76690346
vt 0.07076824 0.76690346
vt 0.07578498 0.78186256
vt 0.06326922 0.76440626
vt 0.075701766 0.78255606
vt 0.049215138 0.77395
vt 0.049215138 0.78229994
vt 0.070793815 0.7893113
vt 0.054292277 0.7892769
vt 0.049540874 0.78288984
vt 0.053963784 0.7889775
vt 0.06258901 0.7919703
vt 0.07016002 0.7896047
vt 0.06305064 0.79191464
vt 0.05551577 0.7902202
vt 0.05551577 0.76602983
vt 0.048531473 0.7660298
vt 0.048531473 0.7902201
vt 0.06501441 0.7660298
vt 0.0650144 0.7902201
vt 0.07646865 0.7902201
vt 0.07646865 0.7660298
vt 0.055515766 0.79163533
vt 0.055515766 0.7646145
vt 0.048531473 0.7646145
vt 0.048531476 0.79163533
vt 0.06501441 0.76461446
vt 0.0650144 0.7916353
vt 0.07646865 0.79163533
vt 0.07646865 0.7646145
vt 0.07646865 0.79163533
vt 0.07646865 0.7646145
vt 0.048531473 0.7646145
vt 0.048531476 0.79163533
vt 0.07646865 0.7904074
vt 0.07646865 0.7660298
vt 0.048531473 0.7660298
vt 0.048531473 0.7920935
vt 0.07646865 0.79163533
vt 0.07646865 0.7646145
vt 0.048531473 0.7646145
vt 0.048531476 0.79163533
vt 0.07646865 0.7903002
vt 0.07646865 0.76594967
vt 0.048531473 0.76594967
vt 0.048531473 0.7903002
vt 0.07646865 0.7657703
vt 0.07646865 0.76415634
vt 0.075883985 0.76415634
vt 0.049116135 0.76415634
vt 0.049116135 0.76415634
vt 0.048531473 0.76415634
vt 0.07646865 0.7657703
vt 0.048531473 0.76415634
vt 0.048531473 0.76594967
vt 0.07646865 0.7657703
vt 0.07646865 0.7903002
vt 0.048531473 0.7903002
vt 0.07646865 0.7644718
vt 0.07646865 0.76415634
vt 0.075883985 0.76415634
vt 0.049116135 0.76415634
vt 0.049116135 0.76415634
vt 0.048531473 0.76415634
vt 0.07646865 0.7644718
vt 0.048531473 0.76415634
vt 0.048531473 0.7644718
vt 0.07646865 0.7644718
vt 0.07646865 0.7918096
vt 0.048531473 0.7917781
vt 0.049116135 0.7920935
vt 0.075883985 0.7920935
vt 0.048531476 0.7644419
vt 0.049116135 0.76415634
vt 0.075883985 0.76415634
vt 0.07646865 0.76415634
vt 0.07646865 0.76415634
vt 0.07646865 0.7917762
vt 0.048531476 0.7644419
vt 0.048531473 0.79177624
vt 0.048531473 0.7920935
vt 0.07646865 0.7920935
vt 0.07646865 0.7920935
vt 0.049116135 0.7920935
vt 0.048531473 0.7920935
vt 0.075883985 0.7920935
vt 0.07646865 0.7902201
vt 0.07646865 0.7660298
vt 0.048531473 0.7660298
vt 0.048531473 0.7902201
vt 0.075883985 0.7894764
vt 0.075883985 0.76677346
vt 0.049116135 0.7667735
vt 0.049116135 0.7894764
vt 0.07646865 0.76677346
vt 0.07646865 0.78947634
vt 0.07330745 0.78947634
vt 0.073307455 0.7667735
vt 0.051692672 0.7667735
vt 0.05169267 0.78947634
vt 0.07646865 0.76677346
vt 0.07646865 0.78947634
vt 0.07646865 0.79179245
vt 0.07646865 0.76445735
vt 0.048531473 0.76445735
vt 0.048531473 0.7917925
vt 0.048531473 0.7781249
vt 0.07646865 0.7781249
vt 0.07646865 0.79071724
vt 0.075883985 0.7920935
vt 0.049116135 0.7920935
vt 0.048531473 0.79071724
vt 0.07646865 0.79163533
vt 0.07646865 0.7646145
vt 0.048531473 0.7646145
vt 0.048531476 0.79163533
vt 0.07646865 0.7904074
vt 0.07646865 0.7660298
vt 0.048531473 0.7660298
vt 0.048531473 0.7920935
vt 0.07646865 0.79163533
vt 0.07646865 0.7646145
vt 0.048531473 0.7646145
vt 0.048531476 0.79163533
vt 0.07646865 0.7903002
vt 0.07646865 0.76594967
vt 0.048531473 0.76594967
vt 0.048531473 0.7903002
vt 0.07646865 0.76594967
vt 0.07646865 0.76415634
vt 0.075886436 0.76415634
vt 0.04911368 0.76415634
vt 0.048531473 0.76415634
vt 0.048531473 0.76415634
vt 0.048531473 0.7903002
vt 0.07646865 0.76594967
vt 0.07646865 0.7903002
vt 0.048531473 0.7644718
vt 0.048531473 0.76415634
vt 0.04911368 0.76415634
vt 0.04911368 0.76415634
vt 0.075886436 0.76415634
vt 0.048531473 0.7644718
vt 0.075886436 0.76415634
vt 0.07646865 0.76415634
vt 0.048531473 0.7644718
vt 0.07646865 0.76415634
vt 0.07646865 0.7644718
vt 0.048531473 0.7644718
vt 0.048531473 0.7920935
vt 0.07646865 0.7917781
vt 0.075886436 0.7920935
vt 0.075886436 0.7920935
vt 0.04911368 0.7920935
vt 0.048531473 0.7920935
vt 0.048531476 0.7644419
vt 0.049113683 0.76415634
vt 0.075886436 0.76415634
vt 0.07646865 0.76415634
vt 0.07646865 0.76415634
vt 0.07646865 0.7917762
vt 0.048531476 0.7644419
vt 0.048531473 0.79177624
vt 0.048531473 0.7920935
vt 0.07646865 0.7920935
vt 0.07646865 0.7920935
vt 0.04911368 0.7920936
vt 0.048531473 0.7920935
vt 0.07646865 0.7920935
vt 0.075886436 0.7920935
vt 0.04911368 0.7920936
vt 0.07646865 0.7902201
vt 0.07646865 0.7660298
vt 0.048531473 0.7660298
vt 0.048531473 0.7902201
vt 0.07588644 0.7894764
vt 0.075886436 0.76677346
vt 0.049113683 0.76677346
vt 0.049113683 0.7894764
vt 0.07646865 0.76677346
vt 0.07646865 0.78947634
vt 0.0734985 0.7894764
vt 0.0734985 0.76677346
vt 0.05150162 0.7667735
vt 0.051501617 0.78947634
vt 0.07646865 0.76677346
vt 0.07646865 0.78947634
vt 0.07646865 0.79179245
vt 0.07646865 0.76445735
vt 0.048531473 0.76445735
vt 0.048531473 0.7917925
vt 0.048531473 0.7781249
vt 0.07646865 0.7781249
vt 0.07646865 0.79071724
vt 0.075886436 0.7920935
vt 0.04911368 0.7920936
vt 0.048531473 0.79071724
vt 0.07646865 0.79163533
vt 0.07646865 0.7646145
vt 0.048531473 0.7646145
vt 0.048531476 0.79163533
vt 0.07646865 0.79163533
vt 0.07646865 0.7646145
vt 0.048531473 0.7646145
vt 0.048531476 0.79163533
vt 0.07646865 0.7903002
vt 0.07646865 0.76594967
vt 0.048531473 0.76594967
vt 0.048531473 0.7903002
vt 0.07646865 0.76594967
vt 0.07646865 0.762363
vt 0.07591112 0.76415634
vt 0.049088996 0.76415634
vt 0.048531473 0.76415634
vt 0.048531473 0.76594967
vt 0.07646865 0.7903002
vt 0.048531473 0.7903002
vt 0.049088996 0.76415634
vt 0.048531473 0.76415634
vt 0.07646865 0.76594967
vt 0.07646865 0.7644718
vt 0.07646864 0.76384085
vt 0.07591113 0.76415634
vt 0.049088996 0.76415634
vt 0.048531473 0.76415634
vt 0.048531473 0.7644718
vt 0.07646865 0.791778
vt 0.048531473 0.7917781
vt 0.07591113 0.7920935
vt 0.049088996 0.7920935
vt 0.049088996 0.76415634
vt 0.048531473 0.76415634
vt 0.07646865 0.7644718
vt 0.048531476 0.7644419
vt 0.049088996 0.76415634
vt 0.07591113 0.76415634
vt 0.07646865 0.7644736
vt 0.048531473 0.79177624
vt 0.07646865 0.7917762
vt 0.048531473 0.7920935
vt 0.07591113 0.7920935
vt 0.07646865 0.7917762
vt 0.07646864 0.79241073
vt 0.07591113 0.7920935
vt 0.07591113 0.7920935
vt 0.049088996 0.7920935
vt 0.048531473 0.7920935
vt 0.07646865 0.7902201
vt 0.07646865 0.7660298
vt 0.048531473 0.7660298
vt 0.048531473 0.7902201
vt 0.07591113 0.7894764
vt 0.07591113 0.76677346
vt 0.049088992 0.76677346
vt 0.049089 0.7894764
vt 0.07646865 0.76677346
vt 0.07646865 0.78947634
vt 0.07343356 0.7894764
vt 0.073433556 0.7667734
vt 0.051566556 0.7667735
vt 0.051566552 0.7894764
vt 0.07646865 0.76677346
vt 0.07646865 0.78947634
vt 0.07646865 0.7917943
vt 0.07646865 0.7644556
vt 0.065014414 0.7644718
vt 0.065014414 0.79177815
vt 0.048531473 0.7781249
vt 0.07646865 0.7781249
vt 0.07646865 0.7920935
vt 0.07591113 0.7920935
vt 0.049088996 0.7920935
vt 0.048531473 0.79071724
vt 0.07646865 0.79163533
vt 0.07646865 0.7646145
vt 0.048531473 0.7646145
vt 0.048531476 0.79163533
vt 0.060851187 0.7903001
vt 0.06085118 0.7659497
vt 0.050180346 0.7659496
vt 0.050180342 0.7903002
vt 0.060851194 0.7920935
vt 0.05018034 0.7920935
vt 0.06085118 0.79022
vt 0.060851194 0.7660298
vt 0.05018035 0.7660297
vt 0.05018035 0.79022014
vt 0.06085118 0.791778
vt 0.060851194 0.76447177
vt 0.05018035 0.76447177
vt 0.050180353 0.7917781
vt 0.060851183 0.7920935
vt 0.05018034 0.7920935
vt 0.060851183 0.78947645
vt 0.060851187 0.7667735
vt 0.050180342 0.76677346
vt 0.050180346 0.7894764
vt 0.060851183 0.7920935
vt 0.05018035 0.7920935
vt 0.060851187 0.79177624
vt 0.060851194 0.7644736
vt 0.050180353 0.7644737
vt 0.050180327 0.79177624
vt 0.06085118 0.7920935
vt 0.050180323 0.7920935
vt 0.07646865 0.7904074
vt 0.07646865 0.7660298
vt 0.048531473 0.7660298
vt 0.048531473 0.7920935
vt 0.07646865 0.79163533
vt 0.07646865 0.7646145
vt 0.048531473 0.7646145
vt 0.048531476 0.79163533
vt 0.07646865 0.76594967
vt 0.07646865 0.76415634
vt 0.07589086 0.76415634
vt 0.049109258 0.76415634
vt 0.048531473 0.76415634
vt 0.048531473 0.76415634
vt 0.048531473 0.7903002
vt 0.07646865 0.76594967
vt 0.07646865 0.7903002
vt 0.048531473 0.7644718
vt 0.048531473 0.76415634
vt 0.04910926 0.76415634
vt 0.04910926 0.76415634
vt 0.07589086 0.76415634
vt 0.048531473 0.7644718
vt 0.07589086 0.76415634
vt 0.07646865 0.76415634
vt 0.048531473 0.7644718
vt 0.07646865 0.76415634
vt 0.07646865 0.7644718
vt 0.048531473 0.7644718
vt 0.048531473 0.7920935
vt 0.07646865 0.7917781
vt 0.07589086 0.7920935
vt 0.07589086 0.7920935
vt 0.049109258 0.7920935
vt 0.048531473 0.7920935
vt 0.04853147 0.7644736
vt 0.04910926 0.76415634
vt 0.07589086 0.76415634
vt 0.07646865 0.76415634
vt 0.07646865 0.76415634
vt 0.07646865 0.7917762
vt 0.04853147 0.7644736
vt 0.048531473 0.79177624
vt 0.048531473 0.7920935
vt 0.07646865 0.7920935
vt 0.07646865 0.7920935
vt 0.049109258 0.7920935
vt 0.048531473 0.7920935
vt 0.07589086 0.7920935
vt 0.07646865 0.7902201
vt 0.07646865 0.7660298
vt 0.048531473 0.7660298
vt 0.048531473 0.7902201
vt 0.07589086 0.7894764
vt 0.07589086 0.7667735
vt 0.049109258 0.7667735
vt 0.049109258 0.7894764
vt 0.07646865 0.76677346
vt 0.07646865 0.78947634
vt 0.0739543 0.7894764
vt 0.0739543 0.76677346
vt 0.06501441 0.76677346
vt 0.06501441 0.7894764
vt 0.07646865 0.76677346
vt 0.07646865 0.78947634
vt 0.05551577 0.7894764
vt 0.05551577 0.7667735
vt 0.07646865 0.79179245
vt 0.07646865 0.76445735
vt 0.048531473 0.76445735
vt 0.048531473 0.7917925
vt 0.07646865 0.76677346
vt 0.07589086 0.76415634
vt 0.049109258 0.76415634
vt 0.048531473 0.7667735
vt 0.07646865 0.78947634
vt 0.048531473 0.7894764
vt 0.07589086 0.7920935
vt 0.04910926 0.7920935
vt 0.06872996 0.791778
vt 0.068729974 0.76447177
vt 0.06325444 0.76447177
vt 0.063254446 0.791778
vt 0.06872997 0.7920935
vt 0.063254446 0.7920935
vt 0.06872997 0.78947634
vt 0.068729974 0.7667735
vt 0.06325444 0.76677346
vt 0.06325444 0.7894764
vt 0.068729974 0.79209346
vt 0.06325444 0.7920935
vt 0.06872998 0.7903002
vt 0.06872997 0.7659497
vt 0.063254446 0.7659497
vt 0.063254446 0.79030025
vt 0.06872997 0.7920935
vt 0.06325444 0.7920935
vt 0.068729974 0.7917762
vt 0.06872997 0.7644736
vt 0.063254446 0.7644736
vt 0.06325444 0.7917762
vt 0.06872998 0.7920936
vt 0.06325444 0.7920935
vt 0.06872996 0.79022014
vt 0.068729974 0.76602983
vt 0.06325443 0.7660297
vt 0.06325444 0.79022014
vt 0.07646865 0.7903002
vt 0.07646865 0.76594967
vt 0.04989805 0.7659497
vt 0.049989898 0.79030013
vt 0.076309614 0.79022014
vt 0.076309614 0.76602983
vt 0.069643386 0.7660297
vt 0.069643386 0.7902201
vt 0.07646865 0.7902201
vt 0.07646865 0.7660298
vt 0.04989971 0.7660297
vt 0.04999269 0.7904075
vt 0.07635635 0.7939669
vt 0.04965348 0.7920935
vt 0.07646865 0.7920935
vt 0.0746753 0.79163533
vt 0.07467531 0.7646146
vt 0.050324827 0.7646146
vt 0.050324824 0.7916354
vt 0.07646865 0.76594967
vt 0.07646865 0.76415634
vt 0.04999239 0.7657703
vt 0.04989805 0.79030025
vt 0.07646865 0.7903002
vt 0.07646865 0.7644718
vt 0.07662976 0.7638409
vt 0.049226943 0.7644717
vt 0.07646865 0.7920935
vt 0.049933758 0.7917781
vt 0.07615134 0.79163533
vt 0.07615135 0.7646145
vt 0.048848774 0.7646145
vt 0.048848774 0.7916354
vt 0.07646865 0.7646145
vt 0.07646865 0.79163533
vt 0.07459522 0.79163545
vt 0.07459522 0.7646145
vt 0.0504049 0.7646145
vt 0.0504049 0.79163533
vt 0.07646865 0.7646145
vt 0.07646865 0.79163533
vt 0.076309614 0.7917763
vt 0.07630961 0.7644737
vt 0.069643386 0.7644736
vt 0.069643386 0.79177624
vt 0.07630961 0.7920935
vt 0.069643386 0.7920935
vt 0.07630961 0.7894764
vt 0.07630961 0.76677346
vt 0.069643386 0.76677346
vt 0.06964339 0.78947645
vt 0.07630961 0.7920935
vt 0.06964339 0.7920935
vt 0.07646865 0.79179245
vt 0.07646865 0.76445735
vt 0.049227335 0.7644737
vt 0.04993354 0.79177624
vt 0.0761532 0.7916354
vt 0.0761532 0.7646145
vt 0.048846923 0.7646145
vt 0.048846927 0.79163545
vt 0.07646865 0.7646145
vt 0.07646865 0.7916354
vt 0.074380666 0.7917781
vt 0.07438066 0.76447177
vt 0.048531473 0.7644718
vt 0.048531473 0.7917781
vt 0.04853147 0.7924089
vt 0.07646865 0.7644718
vt 0.07646865 0.791778
vt 0.04853147 0.7644736
vt 0.048531473 0.76383907
vt 0.049117003 0.76415634
vt 0.049117003 0.76415634
vt 0.07588311 0.7641563
vt 0.04853147 0.7644736
vt 0.07588311 0.7641563
vt 0.07646865 0.76415634
vt 0.04853147 0.7644736
vt 0.07646865 0.76415634
vt 0.07646865 0.7644736
vt 0.04853147 0.7644736
vt 0.07646865 0.7644736
vt 0.048531473 0.79177624
vt 0.04853147 0.7644736
vt 0.07646865 0.7917762
vt 0.049117 0.7920935
vt 0.07588311 0.7920935
vt 0.07646865 0.7903002
vt 0.07646865 0.76594967
vt 0.048531473 0.76594967
vt 0.048531473 0.7903002
vt 0.07588311 0.78947645
vt 0.07588311 0.76677346
vt 0.049117003 0.76677346
vt 0.049117 0.7894764
vt 0.07646865 0.76677346
vt 0.07646865 0.78947634
vt 0.07646865 0.79177624
vt 0.07646865 0.7644419
vt 0.048531473 0.76415634
vt 0.04853147 0.7917762
vt 0.07646865 0.7920935
vt 0.048531473 0.7920935
vt 0.07646865 0.79177624
vt 0.07646865 0.7644419
vt 0.048531473 0.76415634
vt 0.04853147 0.7917762
vt 0.07646865 0.7920935
vt 0.048531473 0.7920935
vt 0.07646865 0.79177624
vt 0.07646865 0.7644419
vt 0.048531473 0.76415634
vt 0.04853147 0.7917762
vt 0.07646865 0.7920935
vt 0.048531473 0.7920935
vt 0.075886436 0.76415634
vt 0.07646865 0.7646145
vt 0.07646865 0.7919486
vt 0.048531473 0.7919486
vt 0.04911368 0.76415634
vt 0.048531476 0.7646145
vt 0.075883985 0.76415634
vt 0.07646865 0.7646145
vt 0.07646865 0.7919486
vt 0.048531473 0.7919486
vt 0.049116135 0.76415634
vt 0.048531476 0.7646145
vt 0.07646865 0.78947634
vt 0.07646865 0.76677346
vt 0.048531473 0.7667735
vt 0.048531473 0.7894764
vt 0.07646865 0.7920935
vt 0.048531473 0.7920935
vt 0.048531473 0.76677346
vt 0.049116135 0.76415634
vt 0.075883985 0.76415634
vt 0.07646865 0.7667735
vt 0.048531473 0.78947634
vt 0.076468654 0.7894764
vt 0.049116135 0.7920935
vt 0.075883985 0.7920935
vt 0.07589086 0.76415634
vt 0.07646865 0.7646145
vt 0.07646865 0.7919486
vt 0.048531473 0.7919486
vt 0.04910926 0.76415634
vt 0.048531476 0.7646145
vt 0.07591113 0.76415634
vt 0.07646865 0.76415634
vt 0.07646865 0.7919486
vt 0.048531473 0.7919486
vt 0.049088996 0.76415634
vt 0.048531476 0.7646145
vt 0.048531473 0.76677346
vt 0.04911368 0.76415634
vt 0.075886436 0.76415634
vt 0.07646865 0.7667735
vt 0.048531473 0.78947634
vt 0.076468654 0.7894764
vt 0.04911368 0.7920936
vt 0.075886436 0.7920935
vt 0.07646865 0.79179245
vt 0.07646865 0.76445735
vt 0.06501441 0.7644737
vt 0.06501441 0.7917761
vt 0.07646865 0.7917943
vt 0.07646865 0.7644556
vt 0.048531473 0.7644556
vt 0.048531473 0.79179424
vt 0.07646865 0.7917943
vt 0.07646865 0.7644556
vt 0.048531473 0.7644556
vt 0.048531473 0.79179424
vt 0.048531473 0.76677346
vt 0.048531476 0.7615392
vt 0.049117003 0.76415634
vt 0.049117003 0.76415634
vt 0.07588311 0.7641563
vt 0.048531473 0.76677346
vt 0.07588311 0.7641563
vt 0.07646865 0.76415634
vt 0.048531473 0.76677346
vt 0.07646865 0.76415634
vt 0.07646865 0.7667735
vt 0.048531473 0.76677346
vt 0.07646865 0.7667735
vt 0.048531473 0.78947634
vt 0.048531473 0.76677346
vt 0.076468654 0.7894764
vt 0.049117 0.7920935
vt 0.048531473 0.79471064
vt 0.07646865 0.7920935
vt 0.07646865 0.7920935
vt 0.07588311 0.7920935
vt 0.049117 0.7920935
vt 0.07646865 0.791778
vt 0.07646865 0.7644718
vt 0.048531473 0.7644718
vt 0.048531473 0.7917781
vt 0.07646865 0.7920935
vt 0.048531473 0.7920935
vt 0.07646865 0.7920935
vt 0.07646865 0.7644718
vt 0.048531473 0.7644718
vt 0.048531473 0.7918096
vt 0.07646865 0.791778
vt 0.07646865 0.7644718
vt 0.048531473 0.7644718
vt 0.048531473 0.7917781
vt 0.07646865 0.7920935
vt 0.048531473 0.7920935
vt 0.07646865 0.7917943
vt 0.07646865 0.7644556
vt 0.048531473 0.7644556
vt 0.048531473 0.79179424
vt 0.048531473 0.76677346
vt 0.049088996 0.76415634
vt 0.07591113 0.76415634
vt 0.07646865 0.7667735
vt 0.048531473 0.78947634
vt 0.076468654 0.7894764
vt 0.049088996 0.7920935
vt 0.07591113 0.7920935
vt 0.048531473 0.7781249
vt 0.048531473 0.76415634
vt 0.07646865 0.76415634
vt 0.048531473 0.7781249
vt 0.07646865 0.7781249
vt 0.048531473 0.7781249
vt 0.07646865 0.7781249
vt 0.048531473 0.7781249
vt 0.07646865 0.7781249
vt 0.048531473 0.7781249
vt 0.07646865 0.7781249
vt 0.07646865 0.7920935
vt 0.07646865 0.7920935
vt 0.07646865 0.7781249
vt 0.048531473 0.7781249
vt 0.07646865 0.7920935
vt 0.048531473 0.7920935
vt 0.07646865 0.7781249
vt 0.048531473 0.7920935
vt 0.07646865 0.7920935
vt 0.048531473 0.7920935
vt 0.07646865 0.7920935
vt 0.07646865 0.7920935
vt 0.07646865 0.7920935
vt 0.048531473 0.7920935
vt 0.07646865 0.7920935
vt 0.07646865 0.7920935
vt 0.048531473 0.7920935
vt 0.07646865 0.7920935
vt 0.07646865 0.7920935
vt 0.048531473 0.7920935
vt 0.07646865 0.7920935
vt 0.048531473 0.7920935
vt 0.07646865 0.7920935
vt 0.07630961 0.7916353
vt 0.07630961 0.7920935
vt 0.07646865 0.7916354
vt 0.04989805 0.7659497
vt 0.049856037 0.76415634
vt 0.048531473 0.7659307
vt 0.0746753 0.79163533
vt 0.0746753 0.7920935
vt 0.07646865 0.79163533
vt 0.050305787 0.7916354
vt 0.048531476 0.79163533
vt 0.0505853 0.7920935
vt 0.0504049 0.7646145
vt 0.0504049 0.76415634
vt 0.048531473 0.7646145
vt 0.074616894 0.7646145
vt 0.07646865 0.7646145
vt 0.07431122 0.76415634
vt 0.07630961 0.7660298
vt 0.07646865 0.7660298
vt 0.07630961 0.76415634
vt 0.04989971 0.7660297
vt 0.049856037 0.76415634
vt 0.048531473 0.7660081
vt 0.050450925 0.7915545
vt 0.048531476 0.79163533
vt 0.048531476 0.7920935
vt 0.050180346 0.7920935
vt 0.07438066 0.79030013
vt 0.074380666 0.7920935
vt 0.07646865 0.7920935
vt 0.07646865 0.7903002
vt 0.048531473 0.7903002
vt 0.048531473 0.7920935
vt 0.07438066 0.7660298
vt 0.07646865 0.7660298
vt 0.07646865 0.76415634
vt 0.074380666 0.76415634
vt 0.074380666 0.7902201
vt 0.074380666 0.7920935
vt 0.07646865 0.7920935
vt 0.074380666 0.7902201
vt 0.07646865 0.7920935
vt 0.07646865 0.7902201
vt 0.07459522 0.79163545
vt 0.07459522 0.7920935
vt 0.07646865 0.7920935
vt 0.07646865 0.79163533
vt 0.0504049 0.79163533
vt 0.07385152 0.7916354
vt 0.07385152 0.7920935
vt 0.07646865 0.7920935
vt 0.07646865 0.79163533
vt 0.05114861 0.7916354
vt 0.051148605 0.7920935
vt 0.050324824 0.7916354
vt 0.048531476 0.79163533
vt 0.048531473 0.7920935
vt 0.050324827 0.7920935
vt 0.0746753 0.7920935
vt 0.0746753 0.79163533
vt 0.04999239 0.7657703
vt 0.049655255 0.7641564
vt 0.048531473 0.76415634
vt 0.048531473 0.7659307
vt 0.049226943 0.7644717
vt 0.049168605 0.76415634
vt 0.048531473 0.76415634
vt 0.048531473 0.76445985
vt 0.04999269 0.7904075
vt 0.048531476 0.7902418
vt 0.048531473 0.7920935
vt 0.04965348 0.7920935
vt 0.050324827 0.7646146
vt 0.050324824 0.76415634
vt 0.048531473 0.76415634
vt 0.048531473 0.7646145
vt 0.07467531 0.7646146
vt 0.048846923 0.7646145
vt 0.04884692 0.7641564
vt 0.048531473 0.76415634
vt 0.048531473 0.7646145
vt 0.0761532 0.7646145
vt 0.0761532 0.76415634
vt 0.07459522 0.7646145
vt 0.07646865 0.7646145
vt 0.07646865 0.76415634
vt 0.07459522 0.76415634
vt 0.0504049 0.76415634
vt 0.0504049 0.7646145
vt 0.04999015 0.7660297
vt 0.04965348 0.7641563
vt 0.048531473 0.76415634
vt 0.04999015 0.7660297
vt 0.048531473 0.76415634
vt 0.048531473 0.7660081
vt 0.049168605 0.7667735
vt 0.04937375 0.76415634
vt 0.048704837 0.76415634
vt 0.048531473 0.76677346
vt 0.049989898 0.79030013
vt 0.048531473 0.79031914
vt 0.048531473 0.7920935
vt 0.049989898 0.79030013
vt 0.048531473 0.7920935
vt 0.049655255 0.7920935
vt 0.05018035 0.7660297
vt 0.05018035 0.76415634
vt 0.048531473 0.76415634
vt 0.048531473 0.7660298
vt 0.050180342 0.76677346
vt 0.05018035 0.7641564
vt 0.048531473 0.76415634
vt 0.048531473 0.7667735
vt 0.050180342 0.7903002
vt 0.048531473 0.7903002
vt 0.048531473 0.7920935
vt 0.05018034 0.7920935
vt 0.049117003 0.76677346
vt 0.048531473 0.76415634
vt 0.048531473 0.7667735
vt 0.07588311 0.76677346
vt 0.07646865 0.76415634
vt 0.07578498 0.7824415
vt 0.07578498 0.78188735
vt 0.07578498 0.7824415
vt 0.07578498 0.7824415
vt 0.07578498 0.7824415
vt 0.07578498 0.7824415
vt 0 0
vt 0 0
vt 0 0
vt 0 0
vt 0 0
vt 0 0
vt 0.05438277 0.7894561
vt 0.05394924 0.7889575
vt 0.05428952 0.78942585
vt 0.05438277 0.7894561
vt 0.05428952 0.78942585
vt 0.05428952 0.78942585
vt 0.07630961 0.7667735
vt 0.07646865 0.76677346
vt 0.07646865 0.76415634
vt 0.07630961 0.76415634
vt 0.048836667 0.7916354
vt 0.048531476 0.79163533
vt 0.048531473 0.7920935
vt 0.048836667 0.7916354
vt 0.048531473 0.7920935
vt 0.048935585 0.7920935
vt 0.07630961 0.7644737
vt 0.07646865 0.7644736
vt 0.07646865 0.76415634
vt 0.07630961 0.76415634
vt 0.07385152 0.7646145
vt 0.07646865 0.7646145
vt 0.07646865 0.76415634
vt 0.07385152 0.76415634
vt 0.050180346 0.7894764
vt 0.048531473 0.7894764
vt 0.048531473 0.7920935
vt 0.05018035 0.7920935
vt 0.07583153 0.7894764
vt 0.07646865 0.7920935
vt 0.07646865 0.78947634
vt 0.06326922 0.7918436
vt 0.062406804 0.79206324
vt 0.06250006 0.7920935
vt 0.06326922 0.7918436
vt 0.06250006 0.7920935
vt 0.06250006 0.7920935
vt 0.07646865 0.76594967
vt 0.07646865 0.76415634
vt 0.07646865 0.76415634
vt 0.07646865 0.76594967
vt 0.07646865 0.76415634
vt 0.07646865 0.76415634
vt 0.07646865 0.76594967
vt 0.07646865 0.76415634
vt 0.07646865 0.76415634
vt 0.07646865 0.76594967
vt 0.07646865 0.76415634
vt 0.07646865 0.76415634
vt 0.07646865 0.7644718
vt 0.07646865 0.76415634
vt 0.07646865 0.76415634
vt 0.07646865 0.7644718
vt 0.07646865 0.76415634
vt 0.07646865 0.76415634
vt 0.07646865 0.7644718
vt 0.07646865 0.76415634
vt 0.07646865 0.76415634
vt 0.07646865 0.7644718
vt 0.07646865 0.76415634
vt 0.07646865 0.76415634
vt 0.07646865 0.7644718
vt 0.07646865 0.76415634
vt 0.07646865 0.76415634
vt 0.07646865 0.7644718
vt 0.07646865 0.76415634
vt 0.07646865 0.76415634
vt 0.07646865 0.7644718
vt 0.07646865 0.76415634
vt 0.07646865 0.76415634
vt 0.07646865 0.7644718
vt 0.07646865 0.76415634
vt 0.07646865 0.76415634
vt 0.04853147 0.7644736
vt 0.04910926 0.76415634
vt 0.048531473 0.76415634
vt 0.04853147 0.7644736
vt 0.048531473 0.76415634
vt 0.048531473 0.76415634
vt 0.048531476 0.7644419
vt 0.049116135 0.76415634
vt 0.048531473 0.76415634
vt 0.048531476 0.7644419
vt 0.048531473 0.76415634
vt 0.048531473 0.76415634
vt 0.048531476 0.7644419
vt 0.049113683 0.76415634
vt 0.048531473 0.76415634
vt 0.048531476 0.7644419
vt 0.048531473 0.76415634
vt 0.048531473 0.76415634
vt 0.048531476 0.7644419
vt 0.049088996 0.76415634
vt 0.048531473 0.76415634
vt 0.048531476 0.7644419
vt 0.048531473 0.76415634
vt 0.048531473 0.76415634
vt 0.049109258 0.7667735
vt 0.048531473 0.76415634
vt 0.048531473 0.7667735
vt 0.07589086 0.7667735
vt 0.07646865 0.76424325
vt 0.049116135 0.7667735
vt 0.048531473 0.76415634
vt 0.048531473 0.7667735
vt 0.075883985 0.76677346
vt 0.07646865 0.76424325
vt 0.049113683 0.76677346
vt 0.048531473 0.76415634
vt 0.048531473 0.7667735
vt 0.075886436 0.76677346
vt 0.07646865 0.76424325
vt 0.049088992 0.76677346
vt 0.048531473 0.76415634
vt 0.048531473 0.7667735
vt 0.07591113 0.76677346
vt 0.07646865 0.76424325
vt 0.0739543 0.7894764
vt 0.07646865 0.7920935
vt 0.07646865 0.78947634
vt 0.07330745 0.78947634
vt 0.07646865 0.7920935
vt 0.07646865 0.78947634
vt 0.05169267 0.78947634
vt 0.048531473 0.7920935
vt 0.0734985 0.7894764
vt 0.07646865 0.7920935
vt 0.07646865 0.78947634
vt 0.051501617 0.78947634
vt 0.048531473 0.7920935
vt 0.07343356 0.7894764
vt 0.07646865 0.7920935
vt 0.07646865 0.78947634
vt 0.051566552 0.7894764
vt 0.048531473 0.7920935
vt 0.048531473 0.7667735
vt 0.049109258 0.76415634
vt 0.048531473 0.76415634
vt 0.048531473 0.7667735
vt 0.048531473 0.76415634
vt 0.048531473 0.76415634
vt 0.048531473 0.76677346
vt 0.049116135 0.76415634
vt 0.048531473 0.76415634
vt 0.048531473 0.76677346
vt 0.048531473 0.76415634
vt 0.048531473 0.76415634
vt 0.048531473 0.76677346
vt 0.04911368 0.76415634
vt 0.048531473 0.76415634
vt 0.048531473 0.76677346
vt 0.048531473 0.76415634
vt 0.048531473 0.76415634
vt 0.048531473 0.76677346
vt 0.049088996 0.76415634
vt 0.048531473 0.76415634
vt 0.048531473 0.76677346
vt 0.048531473 0.76415634
vt 0.048531473 0.76415634
vt 0.048531473 0.7917781
vt 0.048531473 0.7920935
vt 0.048531473 0.7920935
vt 0.048531473 0.7917781
vt 0.048531473 0.7920935
vt 0.048531473 0.7920935
vt 0.048531473 0.7894764
vt 0.048531473 0.7920935
vt 0.048531473 0.7920935
vt 0.048531473 0.7894764
vt 0.048531473 0.7920935
vt 0.048531473 0.7920935
vt 0.07646865 0.7902201
vt 0.07588312 0.7920935
vt 0.07646865 0.7920935
vt 0.07646865 0.7902201
vt 0.07646865 0.7920935
vt 0.07646865 0.7920935
vt 0.05551577 0.7667735
vt 0.048531473 0.76415634
vt 0.048531473 0.7667735
vt 0.07588311 0.78947645
vt 0.07646865 0.7920935
vt 0.07646865 0.78947634
vt 0.049117 0.7894764
vt 0.048531473 0.7920935
vt 0.07646865 0.7917762
vt 0.07588312 0.7920935
vt 0.07646865 0.7920935
vt 0.07646865 0.7917762
vt 0.07646865 0.7920935
vt 0.07646865 0.7920935
vt 0.07646865 0.7917781
vt 0.07589086 0.7920935
vt 0.07646865 0.7920935
vt 0.07646865 0.7917781
vt 0.07646865 0.7920935
vt 0.07646865 0.7920935
vt 0.07646865 0.78947634
vt 0.07589086 0.7920935
vt 0.07646865 0.7920935
vt 0.07646865 0.78947634
vt 0.07646865 0.7920935
vt 0.07646865 0.7920935
vt 0.051692672 0.7667735
vt 0.048531473 0.76415634
vt 0.048531473 0.7667735
vt 0.07589086 0.7894764
vt 0.07646865 0.7920935
vt 0.07646865 0.78947634
vt 0.049109258 0.7894764
vt 0.048531473 0.7919486
vt 0.04853147 0.7917762
vt 0.048531473 0.7920935
vt 0.048531473 0.7920935
vt 0.04853147 0.7917762
vt 0.048531473 0.7920935
vt 0.048531473 0.7920935
vt 0.07646865 0.7918096
vt 0.075883985 0.7920935
vt 0.07646865 0.7920935
vt 0.07646865 0.7918096
vt 0.07646865 0.7920935
vt 0.07646865 0.7920935
vt 0.076468654 0.7894764
vt 0.075883985 0.7920935
vt 0.07646865 0.7920935
vt 0.076468654 0.7894764
vt 0.07646865 0.7920935
vt 0.07646865 0.7920935
vt 0.05150162 0.7667735
vt 0.048531473 0.76415634
vt 0.048531473 0.7667735
vt 0.075883985 0.7894764
vt 0.07646865 0.7920935
vt 0.07646865 0.78947634
vt 0.049116135 0.7894764
vt 0.048531473 0.7919486
vt 0.04853147 0.7917762
vt 0.048531473 0.7920935
vt 0.048531473 0.7920935
vt 0.04853147 0.7917762
vt 0.048531473 0.7920935
vt 0.048531473 0.7920935
vt 0.07646865 0.7917781
vt 0.075886436 0.7920935
vt 0.07646865 0.7920935
vt 0.07646865 0.7917781
vt 0.07646865 0.7920935
vt 0.07646865 0.7920935
vt 0.076468654 0.7894764
vt 0.075886436 0.7920935
vt 0.07646865 0.7920935
vt 0.076468654 0.7894764
vt 0.07646865 0.7920935
vt 0.07646865 0.7920935
vt 0.051566556 0.7667735
vt 0.048531473 0.76415634
vt 0.048531473 0.7667735
vt 0.07588644 0.7894764
vt 0.07646865 0.7920935
vt 0.07646865 0.78947634
vt 0.049113683 0.7894764
vt 0.048531473 0.7919486
vt 0.04853147 0.7917762
vt 0.048531473 0.7920935
vt 0.048531473 0.7920935
vt 0.04853147 0.7917762
vt 0.048531473 0.7920935
vt 0.048531473 0.7920935
vt 0 0
vt 0 0
vt 0 0
vt 0 0
vt 0 0
vt 0 0
vt 0 0
vt 0 0
vt 0 0
vt 0 0
vt 0 0
vt 0 0
vt 0.05394924 0.7889575
vt 0.05438277 0.7894561
vt 0.05428952 0.78942585
vt 0.05394924 0.7889575
vt 0.05428952 0.78942585
vt 0.05428952 0.78942585
vt 0.050619457 0.7667735
vt 0.048531473 0.76415634
vt 0.048531473 0.7667735
vt 0.07591113 0.7894764
vt 0.07646865 0.7920935
vt 0.07646865 0.78947634
vt 0.049089 0.7894764
vt 0.048531473 0.7919486
vt 0.06240681 0.79206324
vt 0.06326922 0.79184365
vt 0.06250006 0.7920935
vt 0.06240681 0.79206324
vt 0.06250006 0.7920935
vt 0.06250006 0.7920935
vt 0.06501441 0.79030025
vt 0.06250006 0.7903002
vt 0.06250006 0.7920935
vt 0.06501441 0.7920935
vt 0.07646865 0.7920935
vt 0.07646865 0.7903002
vt 0.06501441 0.7660298
vt 0.06501441 0.76415634
vt 0.06250006 0.76415634
vt 0.06250006 0.7660298
vt 0.0650144 0.7902201
vt 0.06250006 0.7902201
vt 0.06250006 0.7920935
vt 0.0650144 0.7902201
vt 0.06250006 0.7920935
vt 0.06501441 0.7920935
vt 0.07646865 0.7920935
vt 0.07646865 0.7902201
vt 0.0650144 0.79180956
vt 0.06250006 0.7917781
vt 0.06250006 0.7920935
vt 0.06501441 0.7920935
vt 0.06501441 0.7917761
vt 0.06250006 0.7917762
vt 0.06250006 0.7920935
vt 0.06501441 0.7920935
vt 0.055515766 0.7917762
vt 0.06501441 0.7644737
vt 0.055515766 0.7644736
vt 0.06501441 0.76415634
vt 0.06250006 0.76415634
vt 0.06250006 0.7644736
vt 0.065014414 0.79177815
vt 0.06250006 0.7917781
vt 0.06250006 0.7920935
vt 0.06501441 0.7920935
vt 0.055515766 0.791778
vt 0.065014414 0.7644718
vt 0.055515766 0.76447177
vt 0.06501441 0.76415634
vt 0.06250006 0.76415634
vt 0.06250006 0.7644718
vt 0.055515766 0.79163533
vt 0.055515766 0.7920935
vt 0.06250006 0.7920935
vt 0.06250006 0.79163533
vt 0.060580604 0.7646385
vt 0.06250006 0.7646496
vt 0.06250006 0.76415634
vt 0.06058061 0.76415634
vt 0.06058061 0.7916113
vt 0.06058061 0.7920935
vt 0.06250006 0.7920935
vt 0.06250006 0.7916002
vt 0.05045092 0.79162437
vt 0.06058061 0.76470876
vt 0.06250006 0.7644531
vt 0.06250006 0.76415634
vt 0.060851187 0.76415634
vt 0.06085118 0.7659497
vt 0.06250006 0.76594967
vt 0.06250006 0.76415634
vt 0.06156319 0.76415634
vt 0.060851194 0.7660298
vt 0.06250006 0.7660298
vt 0.06250006 0.76415634
vt 0.060851194 0.76415634
vt 0.06085118 0.79022
vt 0.06325444 0.79022014
vt 0.060851187 0.7667735
vt 0.06250006 0.76677346
vt 0.06250006 0.76415634
vt 0.060851183 0.76415634
vt 0.060851183 0.78947645
vt 0.06250006 0.78947634
vt 0.06250006 0.7920935
vt 0.060851183 0.7920935
vt 0.060851187 0.7903001
vt 0.060851194 0.7920935
vt 0.06250006 0.7920935
vt 0.06250006 0.7903002
vt 0.063254446 0.7659497
vt 0.06085118 0.7659497
vt 0.06964339 0.7903002
vt 0.06948435 0.7903002
vt 0.06948435 0.7920935
vt 0.06964339 0.7920935
vt 0.07630961 0.7920935
vt 0.07630961 0.7903001
vt 0.0633539 0.79030013
vt 0.0633539 0.7920935
vt 0.069643386 0.7660297
vt 0.06964339 0.76415634
vt 0.06948435 0.76415634
vt 0.069643386 0.7660297
vt 0.06948435 0.76415634
vt 0.06948435 0.7660298
vt 0.069643386 0.7902201
vt 0.06948435 0.7902201
vt 0.06948435 0.7920935
vt 0.06964339 0.7920935
vt 0.069643386 0.79177624
vt 0.069484346 0.7917762
vt 0.06948435 0.7920935
vt 0.069643386 0.7920935
vt 0.069643386 0.7644736
vt 0.06948435 0.7644736
vt 0.06948435 0.76415634
vt 0.06964339 0.76415634
vt 0.06964339 0.7917781
vt 0.06948436 0.7917781
vt 0.06948435 0.7920935
vt 0.06964339 0.7920935
vt 0.06964339 0.76447177
vt 0.06948435 0.7644718
vt 0.06948435 0.76415634
vt 0.069643386 0.76415634
vt 0.06863051 0.79156905
vt 0.068729974 0.7920935
vt 0.06948435 0.7920935
vt 0.06948435 0.79163533
vt 0.0746753 0.79163533
vt 0.07646865 0.79163533
vt 0.07646865 0.7646145
vt 0.07467531 0.7646146
vt 0.07646865 0.76594967
vt 0.07646865 0.76415634
vt 0.049856037 0.76415634
vt 0.04989805 0.7659497
vt 0.050305787 0.76461446
vt 0.048531473 0.7646145
vt 0.048531476 0.79163533
vt 0.050305787 0.7916354
vt 0.050383247 0.7916354
vt 0.049933553 0.7920935
vt 0.07431122 0.7920935
vt 0.074616894 0.7916354
vt 0.06964339 0.7916354
vt 0.06964339 0.7920935
vt 0.07630961 0.7920935
vt 0.07630961 0.7916353
vt 0.0504049 0.7646145
vt 0.048531473 0.7646145
vt 0.048531476 0.79163533
vt 0.0504049 0.79163533
vt 0.074616894 0.7916354
vt 0.07646865 0.79163533
vt 0.07646865 0.7646145
vt 0.074616894 0.7646145
vt 0.069643386 0.7902201
vt 0.06964339 0.7920935
vt 0.07630961 0.7920935
vt 0.076309614 0.79022014
vt 0.07469432 0.7646146
vt 0.07493577 0.76415634
vt 0.05058533 0.76415634
vt 0.050305787 0.76461446
vt 0.06085118 0.7659497
vt 0.06156319 0.76415634
vt 0.05143352 0.76415634
vt 0.050180346 0.7659496
vt 0.07646865 0.76594967
vt 0.07646865 0.76415634
vt 0.048531473 0.76415634
vt 0.048531473 0.76594967
vt 0.04989805 0.79030025
vt 0.049856037 0.7920935
vt 0.07646865 0.7920935
vt 0.07646865 0.7903002
vt 0.049856037 0.79163533
vt 0.050074667 0.7920935
vt 0.07646865 0.7920935
vt 0.049856037 0.79163533
vt 0.07646865 0.7920935
vt 0.07646865 0.79163533
vt 0.048531476 0.79163533
vt 0.048531473 0.7920935
vt 0.074380666 0.7920935
vt 0.07438066 0.7916353
vt 0.04989971 0.7902201
vt 0.049856037 0.7920935
vt 0.07646865 0.7920935
vt 0.07646865 0.7902201
vt 0.048531473 0.7902201
vt 0.048531473 0.7920935
vt 0.074380666 0.7920935
vt 0.074380666 0.7902201
vt 0.074380666 0.7903002
vt 0.07646865 0.7903002
vt 0.07646865 0.76594967
vt 0.074380666 0.7659497
vt 0.0504049 0.79163533
vt 0.0504049 0.7920935
vt 0.07459522 0.7920935
vt 0.048846927 0.79163545
vt 0.04884692 0.7920935
vt 0.0761532 0.7920935
vt 0.0761532 0.7916354
vt 0.050305787 0.7916354
vt 0.0505853 0.7920935
vt 0.075115114 0.7920935
vt 0.074694306 0.7916353
vt 0.04883502 0.79163533
vt 0.048761085 0.7920935
vt 0.076067366 0.7920936
vt 0.076165095 0.7916353
vt 0.048836667 0.7916354
vt 0.048935585 0.7920935
vt 0.076238155 0.7920935
vt 0.07616345 0.79163533
vt 0.07467531 0.7646146
vt 0.07467529 0.76415634
vt 0.050324824 0.76415634
vt 0.07615135 0.7646145
vt 0.07615134 0.76415634
vt 0.04884877 0.7641563
vt 0.048848774 0.7646145
vt 0.074616894 0.7646145
vt 0.07431122 0.76415634
vt 0.050120912 0.76415634
vt 0.050383247 0.76461446
vt 0.07385152 0.7646145
vt 0.07385152 0.76415634
vt 0.051148605 0.76415634
vt 0.05114861 0.7646145
vt 0.0761651 0.7646145
vt 0.076067366 0.76415634
vt 0.048761085 0.76415634
vt 0.04883502 0.7646145
vt 0.074380666 0.7902201
vt 0.07646865 0.7902201
vt 0.07646865 0.7660297
vt 0.074380666 0.7660297
vt 0.07438066 0.78947634
vt 0.07646865 0.78947634
vt 0.07646865 0.76677346
vt 0.07438066 0.7667735
vt 0.07438066 0.7917781
vt 0.07646865 0.791778
vt 0.07646865 0.7644718
vt 0.074380666 0.7644718
vt 0 0
vt 0 0
vt 0 0
vt 0 0
vt 0 0
vt 0 0
vt 0 0
vt 0 0
vt 0 0
vt 0 0
vt 0.048531473 0.7902201
vt 0.048531473 0.7920935
vt 0.074380666 0.7920935
vt 0.048531473 0.7902201
vt 0.074380666 0.7920935
vt 0.074380666 0.79022014
vt 0.048531473 0.7917925
vt 0.048531473 0.7920935
vt 0.074380666 0.7920935
vt 0.074380666 0.79177624
vt 0.048531473 0.79179424
vt 0.050619457 0.7920935
vt 0.074380666 0.7920935
vt 0.07438066 0.7917781
vt 0.048531473 0.7903002
vt 0.048531473 0.7920935
vt 0.074380666 0.7920935
vt 0.074380666 0.7903002
vt 0.07616345 0.79163533
vt 0.07646865 0.7916354
vt 0.07646865 0.7646145
vt 0.07616345 0.7646145
vt 0.076165095 0.7916353
vt 0.07646865 0.79163533
vt 0.07646865 0.7646145
vt 0.0761651 0.7646145
vt 0.074694306 0.7916353
vt 0.07646865 0.79163533
vt 0.07646865 0.7646145
vt 0.07469432 0.7646146
vt 0.04993354 0.79177624
vt 0.04980665 0.7920935
vt 0.07646865 0.7920935
vt 0.07646865 0.79179245
vt 0.049226947 0.7917781
vt 0.049168605 0.7920935
vt 0.075831525 0.7920936
vt 0.07646865 0.7917943
vt 0.049989898 0.79030013
vt 0.049655255 0.7920935
vt 0.07646865 0.7920935
vt 0.07646865 0.7903002
vt 0.049933758 0.7917781
vt 0.04983676 0.7920935
vt 0.07646865 0.7920935
vt 0.049933758 0.7917781
vt 0.07646865 0.7920935
vt 0.07646865 0.7920935
vt 0.04916861 0.7894764
vt 0.04937375 0.7920935
vt 0.07646865 0.7920935
vt 0.07646865 0.78947634
vt 0.04999269 0.7904075
vt 0.07646865 0.7920935
vt 0.07646865 0.7920935
vt 0.048848774 0.7916354
vt 0.048848774 0.7920935
vt 0.07615135 0.7920935
vt 0.07615134 0.79163533
vt 0.051148605 0.7916353
vt 0.051148605 0.7920935
vt 0.07385152 0.7920935
vt 0.07385152 0.7916354
vt 0.07385152 0.7646145
vt 0.07385152 0.76415634
vt 0.051148605 0.76415634
vt 0.051148605 0.76461446
vt 0.07616345 0.7646145
vt 0.07623816 0.76415634
vt 0.048935585 0.76415634
vt 0.04883667 0.7646146
vt 0.074380666 0.79177624
vt 0.07646865 0.79177624
vt 0.07646865 0.7644736
vt 0.07438066 0.7644736
vt 0.049227335 0.79177624
vt 0.049168605 0.7920935
vt 0.07646865 0.7920935
vt 0.049227335 0.79177624
vt 0.07646865 0.7920935
vt 0.07646865 0.7920935
vt 0.04916861 0.7894764
vt 0.04937509 0.7920935
vt 0.07646865 0.7920935
vt 0.07583153 0.7894764
vt 0.07385152 0.7916354
vt 0.07646865 0.79163533
vt 0.07646865 0.7646145
vt 0.07385152 0.7646145
vt 0.050619457 0.78947634
vt 0.048531473 0.7920935
vt 0.074380666 0.7920935
vt 0.07438066 0.78947634
vt 0.04853147 0.7917762
vt 0.048531473 0.7920935
vt 0.074380666 0.7920935
vt 0.07646865 0.76594967
vt 0.07646865 0.76415634
vt 0.048531473 0.76415634
vt 0.048531473 0.76594967
vt 0.07646865 0.76594967
vt 0.07646865 0.76415634
vt 0.048531473 0.76415634
vt 0.048531473 0.76594967
vt 0.07646865 0.76594967
vt 0.07646865 0.76415634
vt 0.048531473 0.76415634
vt 0.048531473 0.76594967
vt 0.07646865 0.76594967
vt 0.07646865 0.76415634
vt 0.048531473 0.76415634
vt 0.048531473 0.76594967
vt 0.048531473 0.7903002
vt 0.048531473 0.7920935
vt 0.07646865 0.7920935
vt 0.07646865 0.7903002
vt 0.048531473 0.7903002
vt 0.048531473 0.7920935
vt 0.07646865 0.7920935
vt 0.07646865 0.7903002
vt 0.048531473 0.7903002
vt 0.048531473 0.7920935
vt 0.07646865 0.7920935
vt 0.07646865 0.7903002
vt 0.0650144 0.7916353
vt 0.06501441 0.7920935
vt 0.07646865 0.7920935
vt 0.0650144 0.7916353
vt 0.07646865 0.7920935
vt 0.07646865 0.79163533
vt 0.048531476 0.79163533
vt 0.048531473 0.7920935
vt 0.07646865 0.7920935
vt 0.07646865 0.79163533
vt 0.048531476 0.79163533
vt 0.048531473 0.7920935
vt 0.07646865 0.7920935
vt 0.07646865 0.79163533
vt 0.048531476 0.79163533
vt 0.048531473 0.7920935
vt 0.07646865 0.7920935
vt 0.07646865 0.79163533
vt 0.048531473 0.7902201
vt 0.048531473 0.7920935
vt 0.07646865 0.7920935
vt 0.07646865 0.7902201
vt 0.048531473 0.7902201
vt 0.048531473 0.7920935
vt 0.07646865 0.7920935
vt 0.07646865 0.7902201
vt 0.048531473 0.7902201
vt 0.048531473 0.7920935
vt 0.07646865 0.7920935
vt 0.07646865 0.7902201
vt 0.0650144 0.79180956
vt 0.06501441 0.7920935
vt 0.07646865 0.7920935
vt 0.048531473 0.7918096
vt 0.048531473 0.7920935
vt 0.07646865 0.7920935
vt 0.048531473 0.76415634
vt 0.07646865 0.76415634
vt 0.07646865 0.7638707
vt 0.048531473 0.76415634
vt 0.07646865 0.76415634
vt 0.07646865 0.7638708
vt 0.048531473 0.76415634
vt 0.07646865 0.76415634
vt 0.07646865 0.7638708
vt 0.06501441 0.7917761
vt 0.06501441 0.7920935
vt 0.07646865 0.7920935
vt 0.07646865 0.79179245
vt 0.048531473 0.7917925
vt 0.048531473 0.7920935
vt 0.07646865 0.7920935
vt 0.07646865 0.79179245
vt 0.048531473 0.7917925
vt 0.048531473 0.7920935
vt 0.07646865 0.7920935
vt 0.07646865 0.79179245
vt 0.048531473 0.7917925
vt 0.048531473 0.7920935
vt 0.07646865 0.7920935
vt 0.07646865 0.79179245
vt 0.065014414 0.79177815
vt 0.06501441 0.7920935
vt 0.0739543 0.7920935
vt 0.07646865 0.7917943
vt 0.048531473 0.79179424
vt 0.051692672 0.7920935
vt 0.07330745 0.7920935
vt 0.07646865 0.7917943
vt 0.048531473 0.79179424
vt 0.051501617 0.7920935
vt 0.0734985 0.7920935
vt 0.07646865 0.7917943
vt 0.048531473 0.79179424
vt 0.051566556 0.7920935
vt 0.07343356 0.7920935
vt 0.07646865 0.7917943
vt 0.0650144 0.79030013
vt 0.06501441 0.7920935
vt 0.07646865 0.7920935
vt 0.07646865 0.7903002
vt 0.048531473 0.7903002
vt 0.048531473 0.7920935
vt 0.07646865 0.7920935
vt 0.07646865 0.7903002
vt 0.048531473 0.7903002
vt 0.048531473 0.7920935
vt 0.07646865 0.7920935
vt 0.07646865 0.7903002
vt 0.048531473 0.7903002
vt 0.048531473 0.7920935
vt 0.07646865 0.7920935
vt 0.07646865 0.7903002
vt 0.06501441 0.7894764
vt 0.06501441 0.7920935
vt 0.07646865 0.7920935
vt 0.0739543 0.7894764
vt 0.055515766 0.7659497
vt 0.055515766 0.76415634
vt 0.048531473 0.76415634
vt 0.048531473 0.76594967
vt 0.048531473 0.7903002
vt 0.048531473 0.7920935
vt 0.07646865 0.7920935
vt 0.07646865 0.7903002
vt 0.048531476 0.79163533
vt 0.048531473 0.7920935
vt 0.07646865 0.7920935
vt 0.07646865 0.79163533
vt 0.048531473 0.7902201
vt 0.048531473 0.7920935
vt 0.07646865 0.7920935
vt 0.07646865 0.7902201
vt 0.048531473 0.7643012
vt 0.048531473 0.7660298
vt 0.07646865 0.7660298
vt 0.07646865 0.76430124
vt 0.048531473 0.7903002
vt 0.048531473 0.7920066
vt 0.07646865 0.7920066
vt 0.07646865 0.7903002
vt 0.07646865 0.76594967
vt 0.07646865 0.76415634
vt 0.048531473 0.76415634
vt 0.048531473 0.76594967
vt 0.048531473 0.7903002
vt 0.048531473 0.7920935
vt 0.07646865 0.7920935
vt 0.07646865 0.7903002
vt 0.048531476 0.79163533
vt 0.048531473 0.7920935
vt 0.07646865 0.7920935
vt 0.07646865 0.79163533
vt 0.048531473 0.7902201
vt 0.048531473 0.7920935
vt 0.07646865 0.7920935
vt 0.07646865 0.7902201
vt 0.048531473 0.76415634
vt 0.048531473 0.7660298
vt 0.07646865 0.7660298
vt 0.07646865 0.76415634
vt 0.048531473 0.7903002
vt 0.048531473 0.7920935
vt 0.07646865 0.7920935
vt 0.07646865 0.7903002
vt 0.07646865 0.76594967
vt 0.07646865 0.76415634
vt 0.048531473 0.76415634
vt 0.048531473 0.76594967
vt 0.048531473 0.7903002
vt 0.048531473 0.7920935
vt 0.07646865 0.7920935
vt 0.07646865 0.7903002
vt 0.048531476 0.79163533
vt 0.048531473 0.7920935
vt 0.07646865 0.7920935
vt 0.07646865 0.79163533
vt 0.048531473 0.7902201
vt 0.048531473 0.7920935
vt 0.07646865 0.7920935
vt 0.07646865 0.7902201
vt 0.048531473 0.76415634
vt 0.048531473 0.7660298
vt 0.07646865 0.7660298
vt 0.07646865 0.76415634
vt 0.048531473 0.7903002
vt 0.048531473 0.7920935
vt 0.07646865 0.7920935
vt 0.07646865 0.7903002
vt 0.07646865 0.76594967
vt 0.07646865 0.76415634
vt 0.048531473 0.76415634
vt 0.048531473 0.76594967
vt 0.048531473 0.7903002
vt 0.048531473 0.7920935
vt 0.07646865 0.7920935
vt 0.07646865 0.7903002
vt 0.048531476 0.79163533
vt 0.048531473 0.7920935
vt 0.07646865 0.7920935
vt 0.07646865 0.79163533
vt 0.048531473 0.7902201
vt 0.048531473 0.7920935
vt 0.07646865 0.7920935
vt 0.07646865 0.7902201
vt 0.048531473 0.76415634
vt 0.048531473 0.7660298
vt 0.07646865 0.7660298
vt 0.07646865 0.76415634
vt 0.048531473 0.7903002
vt 0.048531473 0.7920935
vt 0.07646865 0.7920935
vt 0.07646865 0.7903002
vt 0.048531473 0.7903002
vt 0.048531473 0.7920935
vt 0.07646865 0.7920935
vt 0.07646865 0.7903002
vt 0.048531476 0.79163533
vt 0.048531473 0.7920935
vt 0.07646865 0.7920935
vt 0.07646865 0.79163533
vt 0.048531473 0.7902201
vt 0.048531473 0.7920935
vt 0.07646865 0.7920935
vt 0.07646865 0.7902201
vt 0.048531473 0.76415634
vt 0.048531473 0.7660298
vt 0.07646865 0.7660298
vt 0.07646865 0.76415634
vt 0.048531473 0.7903002
vt 0.048531473 0.7920935
vt 0.07646865 0.7920935
vt 0.07646865 0.7903002
vt 0.074380666 0.7659497
vt 0.074380666 0.76415634
vt 0.048531473 0.76415634
vt 0.048531473 0.76594967
vt 0.048531473 0.7903002
vt 0.048531473 0.7920935
vt 0.055515766 0.7920935
vt 0.05551577 0.7903002
vt 0.048531476 0.79163533
vt 0.048531473 0.7920935
vt 0.055515766 0.7920935
vt 0.055515766 0.79163533
vt 0.048531473 0.7902201
vt 0.048531473 0.7920935
vt 0.055515766 0.7920935
vt 0.048531473 0.7902201
vt 0.055515766 0.7920935
vt 0.05551577 0.7902202
vt 0.048531473 0.7917925
vt 0.048531473 0.7920935
vt 0.055515766 0.7920935
vt 0.055515766 0.7917762
vt 0.048531473 0.79179424
vt 0.055515766 0.7920935
vt 0.055515766 0.791778
vt 0.048531473 0.7903002
vt 0.048531473 0.7920935
vt 0.055515766 0.7920935
vt 0.05551577 0.7903002
vt 0.05551577 0.7894764
vt 0.048531473 0.7920935
vt 0.055515766 0.7920935
vt 0.07646865 0.76594967
vt 0.07646865 0.76415634
vt 0.06501441 0.76415634
vt 0.06501441 0.76594967
vt 0.050450917 0.79030013
vt 0.05045092 0.7920935
vt 0.06058061 0.7920935
vt 0.060580608 0.7903002
vt 0.05045092 0.79162437
vt 0.05045092 0.7920935
vt 0.06058061 0.7920935
vt 0.05018035 0.79022014
vt 0.051433515 0.7920935
vt 0.06156319 0.7920935
vt 0.06085118 0.79022
vt 0.06872997 0.7659497
vt 0.068230554 0.76415634
vt 0.06295396 0.76415634
vt 0.063254446 0.7659497
vt 0.060851187 0.79177624
vt 0.06325444 0.7917762
vt 0.063254446 0.7644736
vt 0.060851194 0.7644736
vt 0.06085118 0.791778
vt 0.063254446 0.791778
vt 0.06325444 0.76447177
vt 0.060851194 0.76447177
vt 0.0633539 0.79161114
vt 0.0633539 0.7920935
vt 0.06863051 0.7920935
vt 0.0686305 0.7916245
vt 0.06325444 0.79022014
vt 0.06295395 0.7920935
vt 0.06823056 0.7920935
vt 0.06872996 0.79022014
vt 0.07630961 0.76594967
vt 0.07630961 0.76415634
vt 0.06964339 0.76415634
vt 0.06964339 0.7659497
vt 0.06872998 0.7903002
vt 0.06964339 0.7903002
vt 0.06964339 0.7659497
vt 0.06872997 0.7659497
vt 0.06872996 0.79022014
vt 0.069643386 0.7902201
vt 0.069643386 0.7660297
vt 0.068729974 0.76602983
vt 0.06872997 0.78947634
vt 0.06964339 0.78947645
vt 0.069643386 0.76677346
vt 0.068729974 0.7667735
vn 0.14525096 0.98939484 0
vn 0.14525096 0.98939484 0
vn 0.14525096 0.98939484 0
vn 0.14525096 0.98939484 0
vn -1 0 0
vn -1 0 0
vn -1 0 0
vn -1 0 0
vn -1 0 0
vn -1 0 0
vn -1 0 0
vn -1 0 0
vn -1 0 0
vn -1 0 0
vn -1 0 0
vn -1 0 0
vn -3.8535254E-06 0 1
vn -3.8535254E-06 0 1
vn -3.8535254E-06 0 1
vn -3.8535254E-06 0 1
vn -1 0 0
vn -1 0 0
vn -1 0 0
vn -1 0 0
vn -0.15159234 0.9884431 0
vn -0.15159234 0.9884431 0
vn -0.15159234 0.9884431 0
vn -0.15159234 0.9884431 0
vn -3.6645617E-06 0 -1
vn -3.6645617E-06 0 -1
vn -3.6645617E-06 0 -1
vn -3.6645617E-06 0 -1
vn -3.6645527E-06 0 -1
vn -3.6645527E-06 0 -1
vn -3.6645527E-06 0 -1
vn -3.6645527E-06 0 -1
vn -3.664563E-06 0 -1
vn -3.664563E-06 0 -1
vn -3.664563E-06 0 -1
vn -3.664563E-06 0 -1
vn -2.163398E-06 0 -1
vn -2.163398E-06 0 -1
vn -2.163398E-06 0 -1
vn -2.163398E-06 0 -1
vn -2.163398E-06 0 -1
vn 3.6645608E-06 0 1
vn 3.6645608E-06 0 1
vn 3.6645608E-06 0 1
vn 3.6645608E-06 0 1
vn -3.7090979E-06 0 -1
vn -3.7090979E-06 0 -1
vn -3.7090979E-06 0 -1
vn -3.7090979E-06 0 -1
vn -3.7090979E-06 0 -1
vn -3.7090979E-06 0 -1
vn -3.853524E-06 0 1
vn -3.853524E-06 0 1
vn -3.853524E-06 0 1
vn -3.853524E-06 0 1
vn 3.88688E-06 0 -1
vn 3.88688E-06 0 -1
vn 3.88688E-06 0 -1
vn 3.88688E-06 0 -1
vn 3.88688E-06 0 -1
vn 3.88688E-06 0 -1
vn 1 0 0
vn 1 0 0
vn 1 0 0
vn 1 0 0
vn 1 0 0
vn 1 0 0
vn 3.8535263E-06 0 -1
vn 3.8535263E-06 0 -1
vn 3.8535263E-06 0 -1
vn 3.8535263E-06 0 -1
vn 3.8535236E-06 0 -1
vn 3.8535236E-06 0 -1
vn -1 0 0
vn -1 0 0
vn -1 0 0
vn -1 0 0
vn -1 0 0
vn -1 0 0
vn -0 -1 0
vn -0 -1 0
vn -0 -1 0
vn -0 -1 0
vn -0 -1 0
vn -0 -1 0
vn -0 -1 0
vn -0 -1 0
vn -0 -1 0
vn -0 -1 0
vn -0 -1 0
vn -0 -1 0
vn -0 -1 0
vn -0 -1 0
vn -0 -1 0
vn -0 -1 0
vn -0 -1 0
vn -0 -1 0
vn -0 -1 0
vn -0 -1 0
vn -0 -1 0
vn -0 -1 0
vn -0 -1 0
vn -0 -1 0
vn -0 -1 0
vn -0 -1 0
vn -0 -1 0
vn -0 -1 0
vn -0 -1 0
vn -0 -1 0
vn -0 -1 0
vn -0 -1 0
vn -3.6645608E-06 0 -1
vn -3.6645608E-06 0 -1
vn -3.6645608E-06 0 -1
vn -3.6645608E-06 0 -1
vn -3.6645579E-06 0 -1
vn -3.6645579E-06 0 -1
vn 1 0 7.108541E-07
vn 1 0 7.108541E-07
vn 1 0 7.108541E-07
vn 1 0 7.108541E-07
vn 1 0 7.108541E-07
vn 1 0 7.108541E-07
vn 0.99982375 0 -0.018778477
vn 0.99982375 0 -0.018778477
vn 0.9998777 0 -0.015642779
vn 0.9998777 0 -0.015642779
vn 0.9998777 0 -0.015642779
vn 0.9998777 0 -0.015642779
vn 0.9998777 0 -0.015642779
vn 0.9998777 0 -0.015642779
vn 1 0 0
vn 1 0 0
vn 1 0 0
vn 1 0 0
vn -6.023531E-07 -1.8395701E-07 -1
vn -6.023531E-07 -1.8395701E-07 -1
vn -6.023531E-07 -1.8395701E-07 -1
vn -6.023531E-07 -1.8395701E-07 -1
vn -6.023531E-07 -1.8395701E-07 -1
vn -6.023531E-07 -1.8395701E-07 -1
vn -7.396477E-07 0 -1
vn -7.396477E-07 0 -1
vn -0.00011768194 -0.00011834837 -1
vn -0.00011768194 -0.00011834837 -1
vn -0.00011768194 -0.00011834837 -1
vn -0.00011768194 -0.00011834837 -1
vn -0.00011768194 -0.00011834837 -1
vn -0.00011768194 -0.00011834837 -1
vn -0.00011768194 -0.00011834837 -1
vn -0.00011768194 -0.00011834837 -1
vn -0.00011768194 -0.00011834837 -1
vn -0.00011768194 -0.00011834837 -1
vn -0.00011768194 -0.00011834837 -1
vn -0.00011768194 -0.00011834837 -1
vn -0.00011768194 -0.00011834837 -1
vn -0.00011768194 -0.00011834837 -1
vn -0.00011768194 -0.00011834837 -1
vn -0.00011768194 -0.00011834837 -1
vn -3.8535263E-06 0 1
vn -3.8535263E-06 0 1
vn -3.8535263E-06 0 1
vn -3.8535263E-06 0 1
vn -0.99982375 0 -0.018778555
vn -0.99982375 0 -0.018778555
vn -0.99982375 0 -0.018778555
vn -0.99982375 0 -0.018778555
vn -6.034158E-07 0 -1
vn -6.034158E-07 0 -1
vn -6.034158E-07 0 -1
vn -6.034158E-07 0 -1
vn -0 0 -1
vn -0 0 -1
vn -6.0341637E-07 0 -1
vn -6.0341637E-07 0 -1
vn -6.0341637E-07 0 -1
vn -6.0341637E-07 0 -1
vn 2.163398E-06 0 -1
vn 2.163398E-06 0 -1
vn -6.0341637E-07 0 -1
vn -0 0 -1
vn -0 0 -1
vn -6.0341637E-07 0 -1
vn -6.0341637E-07 0 -1
vn -6.0341637E-07 0 -1
vn -0 0 -1
vn -0 0 -1
vn -0 1.2583682E-06 -1
vn -0 1.2583682E-06 -1
vn -0 1.2583682E-06 -1
vn -0.9998777 -0.00016389875 -0.015639989
vn -0.9998777 -0.00016389875 -0.015639989
vn -0.9998777 -0.00016389875 -0.015639989
vn -0.9998777 -0.00016389875 -0.015639989
vn -0.9998777 -0.00016389875 -0.015639989
vn -0.9998777 -0.00016389875 -0.015639989
vn -7.274729E-07 0.025533805 0.99967396
vn -7.274729E-07 0.025533805 0.99967396
vn -7.274729E-07 0.025533805 0.99967396
vn -7.274729E-07 0.025533805 0.99967396
vn 1 0 0
vn 1 0 0
vn 1 0 0
vn 1 0 0
vn -7.4817194E-07 0 -1
vn -7.4817194E-07 0 -1
vn -7.4817194E-07 0 -1
vn -7.4817194E-07 0 -1
vn -2.345767E-07 1 0
vn -2.345767E-07 1 0
vn -2.345767E-07 1 0
vn -2.345767E-07 1 0
vn 3.6645617E-06 0 1
vn 3.6645617E-06 0 1
vn 3.6645617E-06 0 1
vn 3.6645617E-06 0 1
vn 2.163401E-06 0 1
vn 2.163401E-06 0 1
vn 1.5348087E-07 -1 0
vn 1.5348087E-07 -1 0
vn 1.5348087E-07 -1 0
vn 1.5348087E-07 -1 0
vn -0 -1 0
vn -0 -1 0
vn -7.48172E-07 0 -1
vn -7.48172E-07 0 -1
vn -7.48172E-07 0 -1
vn -7.48172E-07 0 -1
vn -0 0 -1
vn -0 0 -1
vn -0 0 -1
vn -7.481724E-07 0 -1
vn -7.481724E-07 0 -1
vn -7.481724E-07 0 -1
vn -7.481724E-07 0 -1
vn -0 0 -1
vn -0 0 -1
vn -7.481713E-07 0 -1
vn -7.481713E-07 0 -1
vn -7.481713E-07 0 -1
vn -7.481713E-07 0 -1
vn -0 0 -1
vn -0 0 -1
vn -0 0 -1
vn 3.8535277E-06 0 -1
vn 3.8535277E-06 0 -1
vn 3.8535277E-06 0 -1
vn 3.8535277E-06 0 -1
vn 2.1633928E-06 0 -1
vn 2.1633928E-06 0 -1
vn 3.8535195E-06 0 -1
vn 3.8535195E-06 0 -1
vn 3.8535195E-06 0 -1
vn 3.8535195E-06 0 -1
vn 3.853529E-06 0 -1
vn 2.163398E-06 0 -1
vn 2.163398E-06 0 -1
vn 3.853529E-06 0 -1
vn 3.853529E-06 0 -1
vn 3.853529E-06 0 -1
vn 2.163398E-06 0 -1
vn 2.163398E-06 0 -1
vn 2.163398E-06 0 -1
vn 2.1634007E-06 0 -1
vn 0.0014744847 -0.0104397135 0.99994445
vn 0.0014744847 -0.0104397135 0.99994445
vn 0.0014744847 -0.0104397135 0.99994445
vn 0.0014744847 -0.0104397135 0.99994445
vn 6.581994E-07 0.025534038 0.99967396
vn 6.581994E-07 0.025534038 0.99967396
vn 6.581994E-07 0.025534038 0.99967396
vn 6.581994E-07 0.025534038 0.99967396
vn 1 0 0
vn 1 0 0
vn 1 0 0
vn 1 0 0
vn 1 0 0
vn 1 0 0
vn 1 0 0
vn 1 0 0
vn 1 0 0
vn 1 0 0
vn 1 0 0
vn 1 0 0
vn 1 0 0
vn 1 0 0
vn -0.2721103 0.962266 0
vn -0.2721103 0.962266 0
vn -0.2721103 0.962266 0
vn -0.2721103 0.962266 0
vn -6.7478584E-07 0 1
vn -6.7478584E-07 0 1
vn -6.7478584E-07 0 1
vn -6.7478584E-07 0 1
vn -0 0 1
vn -0 0 1
vn 0.2735895 0.96184653 0
vn 0.2735895 0.96184653 0
vn 0.2735895 0.96184653 0
vn 0.2735895 0.96184653 0
vn 7.48172E-07 0 1
vn 7.48172E-07 0 1
vn 7.48172E-07 0 1
vn 7.48172E-07 0 1
vn 7.48172E-07 0 1
vn 7.48172E-07 0 1
vn 6.7478584E-07 0 -1
vn 6.7478584E-07 0 -1
vn 6.7478584E-07 0 -1
vn 6.7478584E-07 0 -1
vn -2.163401E-06 0 -1
vn -2.163398E-06 0 -1
vn -2.163398E-06 0 -1
vn 6.7478544E-07 0 -1
vn 6.7478544E-07 0 -1
vn 6.7478544E-07 0 -1
vn 6.7478544E-07 0 -1
vn 6.747859E-07 0 -1
vn 6.747859E-07 0 -1
vn 6.747859E-07 0 -1
vn 6.747859E-07 0 -1
vn -0 0 -1
vn -0 0 -1
vn -2.1634023E-06 0 -1
vn -2.1634023E-06 0 -1
vn -2.1634007E-06 0 -1
vn -0 4.7188803E-07 -1
vn -0 4.7188803E-07 -1
vn -0 4.7188803E-07 -1
vn -5.937274E-07 0 -1
vn -5.937274E-07 0 -1
vn -5.937274E-07 0 -1
vn -5.937274E-07 0 -1
vn -5.937274E-07 0 -1
vn 7.481716E-07 0 1
vn 7.481716E-07 0 1
vn 7.481716E-07 0 1
vn 7.481716E-07 0 1
vn -0 1 1.2960027E-07
vn -0 1 1.2960027E-07
vn -0 1 1.2960027E-07
vn -0 1 1.2960027E-07
vn -0 1 1.2960027E-07
vn -0 1 1.2960027E-07
vn -0 1 1.2960027E-07
vn -0 1 1.2960027E-07
vn -0 1 1.2960027E-07
vn -0 1 1.2960027E-07
vn -0 1 1.2960027E-07
vn -0 1 1.2960027E-07
vn -0 1 1.2960027E-07
vn -0 1 1.2960027E-07
vn -0 1 1.2960027E-07
vn -0 1 1.2960027E-07
vn -0 1 1.2960027E-07
vn -0 1 1.2960027E-07
vn -0 1 1.2960027E-07
vn -0 1 1.2960027E-07
vn -0 1 1.2960027E-07
vn -0 1 1.2960027E-07
vn -0 1 1.2960027E-07
vn -0 1 1.2960027E-07
vn -0 1 1.2960027E-07
vn -0 1 1.2960027E-07
vn -0 1 1.2960027E-07
vn -0 1 1.2960027E-07
vn -0 1 1.2960027E-07
vn -0 1 1.2960027E-07
vn -0 1 1.2960027E-07
vn -0 1 1.2960027E-07
vn -5.7163015E-07 0 -1
vn -5.7163015E-07 0 -1
vn -5.7163015E-07 0 -1
vn -5.7163015E-07 0 -1
vn -5.7163015E-07 0 -1
vn -6.034139E-07 0 -1
vn -6.034139E-07 0 -1
vn -0 -1.3669569E-07 -1
vn -0 -1.3669569E-07 -1
vn -1 0 0
vn -1 0 0
vn -1 0 0
vn -1 0 0
vn -1 0 0
vn -1 0 0
vn -6.034168E-07 0 -1
vn -6.034168E-07 0 -1
vn -6.034168E-07 0 -1
vn -6.034168E-07 0 -1
vn -0 0 -1
vn -0 0 -1
vn -6.034139E-07 0 -1
vn -6.034139E-07 0 -1
vn -6.034139E-07 0 -1
vn -6.034139E-07 0 -1
vn -0 0 -1
vn -0 0 -1
vn 2.163398E-06 0 -1
vn 2.163398E-06 0 -1
vn 2.163398E-06 0 -1
vn -7.4817194E-07 0 -1
vn -7.4817194E-07 0 -1
vn -7.4817194E-07 0 -1
vn -7.4817194E-07 0 -1
vn -0 0 -1
vn -0 0 -1
vn -7.48172E-07 0 -1
vn -7.48172E-07 0 -1
vn -7.48172E-07 0 -1
vn -7.48172E-07 0 -1
vn -0 0 -1
vn -0 0 -1
vn -1 0 0
vn -1 0 0
vn -1 0 0
vn -1 0 0
vn -1 0 0
vn -1 0 0
vn -1 0 0
vn -1 0 0
vn -1 0 0
vn -1 0 0
vn 3.6645608E-06 0 1
vn 3.6645608E-06 0 1
vn 3.6645608E-06 0 1
vn 3.6645608E-06 0 1
vn -3.664558E-06 0 -1
vn -3.664558E-06 0 -1
vn -3.664558E-06 0 -1
vn -3.664558E-06 0 -1
vn -3.6750291E-06 -3.4312862E-07 -1
vn -3.6750291E-06 -3.4312862E-07 -1
vn -3.6750291E-06 -3.4312862E-07 -1
vn -3.6750291E-06 -3.4312862E-07 -1
vn -1 0 0
vn -1 0 0
vn -1 0 0
vn -1 0 0
vn -0 1 0
vn -0 1 0
vn -0 1 0
vn -0 1 0
vn -0 1 0
vn -0 1 0
vn -0 1 0
vn -0 1 0
vn -0 1 0
vn -0 1 0
vn -0 1 0
vn -0 1 0
vn -0 1 0
vn -0 1 0
vn -0 1 0
vn -0 1 0
vn -0 1 0
vn -0 1 0
vn -0 1 0
vn -0 1 0
vn -0 1 0
vn -0 1 0
vn -0 1 0
vn -0 1 0
vn -0 1 0
vn -0 1 0
vn -0 1 0
vn -1 0 1.1145303E-07
vn -1 0 1.1145303E-07
vn -1 0 1.1145303E-07
vn -1 0 1.1145303E-07
vn -0 1 0
vn -0 1 0
vn -0 1 0
vn -0 1 0
vn -0 1 0
vn -0 1 0
vn -0 1 0
vn -0 1 0
vn -0 1 0
vn -0 1 0
vn -0 1 0
vn -0 1 0
vn -0 1 0
vn -0 1 0
vn -0 1 0
vn -0 1 0
vn -0 1 0
vn -0 1 0
vn -0 1 0
vn -0 1 0
vn -0 1 0
vn -0 1 0
vn -0 1 0
vn -0 1 0
vn -0 1 0
vn -0 1 0
vn -0 1 0
vn -1 0 0
vn -1 0 0
vn -1 0 0
vn -1 0 0
vn -0.99982375 0 -0.018778559
vn -0.99982375 0 -0.018778559
vn -0.99982375 0 -0.018778559
vn -0.99982375 0 -0.018778559
vn -0.99982375 0 -0.018778563
vn -0.99982375 0 -0.018778563
vn -0.99982375 0 -0.018778563
vn -0.99982375 0 -0.018778563
vn -0.99982375 0 -0.018778566
vn -0.99982375 0 -0.018778566
vn -0.99982375 0 -0.018778566
vn -0.99982375 0 -0.018778566
vn -0.99982375 0 -0.018778566
vn -0.99982375 0 -0.018778566
vn -0.99982375 0 -0.018778566
vn -0.99982375 0 -0.018778566
vn 6.705246E-07 0 -1
vn 6.705246E-07 0 -1
vn 6.705246E-07 0 -1
vn 6.705246E-07 0 -1
vn 6.747865E-07 0 -1
vn 6.747865E-07 0 -1
vn 6.747865E-07 0 -1
vn 6.747865E-07 0 -1
vn -2.163398E-06 0 -1
vn -2.163398E-06 0 -1
vn -3.8535295E-06 0 1
vn -3.8535295E-06 0 1
vn -3.8535295E-06 0 1
vn -3.8535295E-06 0 1
vn -3.853527E-06 0 1
vn -3.853527E-06 0 1
vn -3.853527E-06 0 1
vn -3.853527E-06 0 1
vn -3.853525E-06 0 1
vn -3.853525E-06 0 1
vn -3.853525E-06 0 1
vn -3.853525E-06 0 1
vn -0.9998777 0 -0.015642485
vn -0.9998777 0 -0.015642485
vn -0.9998777 0 -0.015642485
vn -0.9998777 0 -0.015642485
vn -0.9998777 0 -0.015642485
vn -0.9998777 0 -0.015642485
vn -0.9998777 0 -0.015642643
vn -0.9998777 0 -0.015642643
vn -0.9998777 0 -0.015642643
vn -0.9998777 0 -0.015642643
vn -0.9998777 0 -0.015642643
vn -0.9998777 0 -0.015642643
vn -1 0 0
vn -0.9998777 0 -0.01564276
vn -0.9998777 0 -0.01564276
vn -0.9998777 0 -0.01564276
vn -0.9998777 0 -0.01564276
vn -0.9998777 0 -0.01564276
vn -0.9998777 0 -0.01564276
vn -1 0 0
vn -0.9998777 0 -0.015642708
vn -0.9998777 0 -0.015642708
vn -0.9998777 0 -0.015642708
vn -0.9998777 0 -0.015642708
vn -0.9998777 0 -0.015642708
vn -0.9998777 0 -0.015642708
vn -1 0 0
vn 1 0 0
vn 1 0 0
vn 1 0 0
vn 1 0 0
vn 1 0 0
vn 1 0 0
vn 0.99982375 0 -0.018778408
vn 0.99982375 0 -0.018778408
vn 1 0 0
vn 1 0 0
vn 1 0 0
vn 1 0 0
vn 1 0 0
vn 1 0 0
vn 0.99982375 0 -0.018778473
vn 0.99982375 0 -0.018778473
vn 1 0 0
vn 1 0 -5.881135E-07
vn 1 0 -5.881135E-07
vn 1 0 -5.881135E-07
vn 1 0 -5.881135E-07
vn 1 0 -5.881135E-07
vn 1 0 -5.881135E-07
vn 0.99982375 0 -0.018778456
vn 0.99982375 0 -0.018778456
vn 1 0 0
vn 1 0 0
vn 1 0 0
vn 1 0 0
vn 1 0 0
vn 1 0 0
vn 0.99982375 0 -0.018778449
vn 0.99982375 0 -0.018778449
vn 1 0 0
vn 3.8535227E-06 0 -1
vn 3.8535227E-06 0 -1
vn 3.8535227E-06 0 -1
vn 3.8535227E-06 0 -1
vn 2.1634014E-06 0 -1
vn 2.1634014E-06 0 -1
vn 3.8535245E-06 0 -1
vn 3.8535245E-06 0 -1
vn 3.8535245E-06 0 -1
vn 3.8535245E-06 0 -1
vn 2.163398E-06 0 -1
vn 2.163398E-06 0 -1
vn -3.664565E-06 0 -1
vn -3.664565E-06 0 -1
vn -3.664565E-06 0 -1
vn -3.664565E-06 0 -1
vn -3.6750312E-06 -1.6618569E-07 -1
vn -3.6750312E-06 -1.6618569E-07 -1
vn -3.6750312E-06 -1.6618569E-07 -1
vn -3.6750312E-06 -1.6618569E-07 -1
vn -3.6645608E-06 0 -1
vn -3.6645608E-06 0 -1
vn -3.6645608E-06 0 -1
vn -3.6645608E-06 0 -1
vn 3.6645624E-06 0 1
vn 3.6645624E-06 0 1
vn 3.6645624E-06 0 1
vn 3.6645624E-06 0 1
vn 3.6645588E-06 0 1
vn 3.6645588E-06 0 1
vn 3.6645588E-06 0 1
vn 3.6645588E-06 0 1
vn 3.6645586E-06 0 1
vn 3.6645586E-06 0 1
vn 3.6645586E-06 0 1
vn 3.6645586E-06 0 1
vn 3.6645629E-06 0 1
vn 3.6645629E-06 0 1
vn 3.6645629E-06 0 1
vn 3.6645629E-06 0 1
vn 3.664558E-06 0 1
vn 3.664558E-06 0 1
vn 3.664558E-06 0 1
vn 3.664558E-06 0 1
vn 1 0 0
vn 1 0 0
vn 1 0 0
vn 1 0 0
vn 1 0 0
vn 1 0 0
vn 1 0 0
vn 1 0 0
vn 1 0 0
vn 1 0 0
vn 1 0 0
vn 1 0 0
vn 1 0 0
vn 1 0 0
vn 1 0 0
vn 1 0 0
vn 1 0 0
vn 1 0 0
vn 1 0 0
vn 1 0 0
vn -0.00071281876 0.00064504525 -0.9999995
vn -0.00071281876 0.00064504525 -0.9999995
vn -0.00071281876 0.00064504525 -0.9999995
vn -0.00071281876 0.00064504525 -0.9999995
vn -0.00071281876 0.00064504525 -0.9999995
vn -0.00071281876 0.00064504525 -0.9999995
vn -0.00071281876 0.00064504525 -0.9999995
vn -0.00071281876 0.00064504525 -0.9999995
vn -0.00071281876 0.00064504525 -0.9999995
vn -0.00071281876 0.00064504525 -0.9999995
vn -0.0014940513 0.00067403127 -0.9999987
vn -0.0014940513 0.00067403127 -0.9999987
vn -0.0014940513 0.00067403127 -0.9999987
vn -0.0014940513 0.00067403127 -0.9999987
vn -0.0014940513 0.00067403127 -0.9999987
vn -0.0014940513 0.00067403127 -0.9999987
vn -0.0014940513 0.00067403127 -0.9999987
vn -0.0014940513 0.00067403127 -0.9999987
vn -0.0014940513 0.00067403127 -0.9999987
vn -0.001500356 0.0006768694 -0.9999987
vn -0.001500356 0.0006768694 -0.9999987
vn -0.001500356 0.0006768694 -0.9999987
vn -0.001500356 0.0006768694 -0.9999987
vn -0.001500356 0.0006768694 -0.9999987
vn -0.001500356 0.0006768694 -0.9999987
vn -0.001500356 0.0006768694 -0.9999987
vn -0.001500356 0.0006768694 -0.9999987
vn -0.001500356 0.0006768694 -0.9999987
vn -0.0014826893 0.00074320944 -0.9999987
vn -0.0014826893 0.00074320944 -0.9999987
vn -0.0014826893 0.00074320944 -0.9999987
vn -0.0014826893 0.00074320944 -0.9999987
vn -0.0014826893 0.00074320944 -0.9999987
vn -0.0014826893 0.00074320944 -0.9999987
vn -0.0014826893 0.00074320944 -0.9999987
vn -0.0014826893 0.00074320944 -0.9999987
vn -0.0014826893 0.00074320944 -0.9999987
vn -0 -1 -1.2463181E-07
vn -0 -1 -1.2463181E-07
vn -0 -1 -1.2463181E-07
vn -0 -1 -1.2463181E-07
vn -0 -1 -1.2463181E-07
vn -0 -1 -1.2463181E-07
vn -0 -1 -1.2463181E-07
vn -0 -1 -1.2463181E-07
vn -0 -1 -1.2463181E-07
vn -0 -1 -1.2463181E-07
vn -0 -1 -1.2463181E-07
vn -0 -1 -1.2463181E-07
vn -0 -1 -1.2463181E-07
vn -0 -1 -1.2463181E-07
vn -0 -1 -1.2463181E-07
vn -0 -1 -1.2463181E-07
vn -0 -1 -1.2463181E-07
vn -0 -1 -1.2463181E-07
vn -0 -1 -1.2463181E-07
vn -0 -1 -1.2463181E-07
vn -0 -1 -1.2463181E-07
vn -0 -1 -1.2463181E-07
vn -0 -1 -1.2463181E-07
vn -0 -1 -1.2463181E-07
vn -0 -1 -1.2463181E-07
vn -0 -1 -1.2463181E-07
vn -0 -1 -1.2463181E-07
vn -0 -1 -1.2463181E-07
vn -0 -1 -1.2463181E-07
vn -0 -1 -1.2463181E-07
vn -0 -1 -1.2463181E-07
vn -0 -1 -1.2463181E-07
vn -0 -1 0
vn -0 -1 0
vn -0 -1 0
vn -0 -1 0
vn -0 -1 0
vn -0 -1 0
vn -0 -1 0
vn -0 -1 0
vn -0 -1 0
vn -0 -1 0
vn -0 -1 0
vn -0 -1 0
vn -0 -1 0
vn -0 -1 0
vn -0 -1 0
vn -0 -1 0
vn -0 -1 0
vn -0 -1 0
vn -0 -1 0
vn -0 -1 0
vn -0 -1 0
vn -0 -1 0
vn -0 -1 0
vn -0 -1 0
vn -0 -1 0
vn -0 -1 0
vn -0 -1 0
vn -0 -1 0
vn -0 -1 0
vn -0 -1 0
vn -0 -1 0
vn -0 -1 0
vn -0 -1 0
vn -0 -1 0
vn -0 -1 0
vn -0 -1 0
vn -0 -1 0
vn -0 -1 0
vn -0 -1 0
vn -0 -1 0
vn -0 -1 0
vn -0 -1 0
vn -0 -1 0
vn -0 -1 0
vn -0 -1 0
vn -0 -1 0
vn -0 -1 0
vn -0 -1 0
vn -0 -1 0
vn -0 -1 0
vn -0 -1 0
vn -0 -1 0
vn -0 -1 0
vn -0 -1 0
vn -0 -1 0
vn -0 -1 0
vn -0 -1 0
vn -0 -1 0
vn -0 -1 0
vn -0 -1 0
vn -0 -1 0
vn -0 -1 0
vn -0 -1 0
vn -0 -1 0
vn -0 -1 0
vn -0 -1 0
vn -0 -1 0
vn -0 -1 0
vn -0 -1 0
vn -0 -1 0
vn -0 -1 0
vn -0 -1 0
vn -0 -1 0
vn -0 -1 0
vn -0 -1 0
vn -0 -1 0
vn -0 -1 0
vn -0 -1 0
vn -0 -1 0
vn -0 -1 0
vn -0 -1 0
vn -0 -1 0
vn -0 -1 0
vn -0 -1 0
vn -0 -1 0
vn -0 -1 0
vn -0 -1 0
vn -0 -1 0
vn -0 -1 0
vn -0 -1 0
vn -6.7530004E-07 0.30149668 0.9534673
vn -6.7530004E-07 0.30149668 0.9534673
vn -6.7530004E-07 0.30149668 0.9534673
vn -6.7530004E-07 0.30149668 0.9534673
vn -0 1 0
vn -0 1 0
vn -0 1 0
vn -0 1 0
vn -0 1 0
vn -0 1 0
vn -0 1 0
vn -0 1 0
vn -0 1 0
vn -0 1 0
vn -0 1 0
vn -0 1 0
vn -0 1 0
vn -0 1 0
vn -0 1 0
vn -0 1 0
vn -0 1 0
vn -0 1 0
vn -0 1 0
vn -0 1 0
vn -0 1 0
vn -0 1 0
vn -0 1 0
vn -0 1 0
vn -0 1 0
vn -0 1 0
vn -0 1 0
vn -0 1 0
vn -0 1 0
vn 5.9783406E-07 0.30149913 0.9534664
vn 5.9783406E-07 0.30149913 0.9534664
vn 5.9783406E-07 0.30149913 0.9534664
vn 5.9783406E-07 0.30149913 0.9534664
vn -7.4817E-07 0 -1
vn -7.4817E-07 0 -1
vn -7.4817E-07 0 -1
vn -7.4817E-07 0 -1
vn -0 0 -1
vn -0 0 -1
vn -7.481735E-07 0 -1
vn -7.481735E-07 0 -1
vn -7.481735E-07 0 -1
vn -7.481735E-07 0 -1
vn -0 0 -1
vn -0 0 -1
vn -0 0 -1
vn -0 0 -1
vn -0 0 -1
vn -0 0 -1
vn -0 0 -1
vn -0 1 0
vn -0 1 0
vn -0 1 0
vn -0 1 0
vn -0 1 0
vn -0 1 0
vn -0 1 0
vn -0 1 0
vn -0 1 0
vn -0 1 0
vn -0 1 0
vn -0 1 0
vn -0 1 0
vn -0 1 0
vn -0 1 0
vn -0 1 0
vn -0 1 0
vn -0 1 0
vn -0 1 0
vn -0 1 0
vn -0 1 0
vn -0 1 0
vn -0 1 0
vn -0 1 0
vn -0 1 0
vn -0 1 0
vn -0 1 0
vn -0 1 0
vn -0 1 0
vn -0 1 0
vn -0 1 0
vn -0 1 0
vn -3.8535245E-06 0 1
vn -3.8535245E-06 0 1
vn -3.8535245E-06 0 1
vn -3.8535245E-06 0 1
vn -3.8535227E-06 0 1
vn -3.8535227E-06 0 1
vn -3.8535227E-06 0 1
vn -3.8535227E-06 0 1
vn -1 0 0
vn -1 0 0
vn -1 0 0
vn -1 0 0
vn -1 0 0
vn -1 0 0
vn -1 0 0
vn -1 0 0
vn -1 0 0
vn -1 0 0
vn -1 0 0
vn -1 0 0
vn 3.856793E-06 3.100533E-07 -1
vn 3.856793E-06 3.100533E-07 -1
vn 3.856793E-06 3.100533E-07 -1
vn 3.856793E-06 3.100533E-07 -1
vn 1 0 0
vn 1 0 0
vn 1 0 0
vn 1 0 0
vn 3.66456E-06 0 1
vn 3.66456E-06 0 1
vn 3.66456E-06 0 1
vn 3.66456E-06 0 1
vn 0.0014318334 7.180761E-05 -0.99999905
vn 0.0014318334 7.180761E-05 -0.99999905
vn 0.0014318334 7.180761E-05 -0.99999905
vn 0.0014318334 7.180761E-05 -0.99999905
vn 0.0014318334 7.180761E-05 -0.99999905
vn 0.0014318334 7.180761E-05 -0.99999905
vn 0.0014318334 7.180761E-05 -0.99999905
vn 0.0014318334 7.180761E-05 -0.99999905
vn 0.0014318334 7.180761E-05 -0.99999905
vn 0.0014318334 7.180761E-05 -0.99999905
vn 0.0014318334 7.180761E-05 -0.99999905
vn 0.0014318334 7.180761E-05 -0.99999905
vn 0.00023701512 0 -1
vn 0.00023701512 0 -1
vn 0.00023701512 0 -1
vn 0.00023701512 0 -1
vn 0.00023701512 0 -1
vn 0.00023701512 0 -1
vn 0.00023701512 0 -1
vn 0.00023701512 0 -1
vn 0.00023701512 0 -1
vn 0.00023701512 0 -1
vn 0.00023701512 0 -1
vn 0.00023701512 0 -1
vn 0.00023701512 0 -1
vn 0.00023701512 0 -1
vn 0.00023830615 0 1
vn 0.00023830615 0 1
vn 0.00023830615 0 1
vn 0.00023830615 0 1
vn 0.00023830615 0 1
vn 0.00023830615 0 1
vn 0.00023830615 0 1
vn 0.00023830615 0 1
vn 0.00023830615 0 1
vn 0.00023830615 0 1
vn 0.00023830615 0 1
vn 0.00023830615 0 1
vn 0.00023830615 0 1
vn 0.00023830615 0 1
vn -3.8535245E-06 0 1
vn -3.8535245E-06 0 1
vn -3.8535245E-06 0 1
vn -3.8535245E-06 0 1
vn 7.48172E-07 0 1
vn 7.48172E-07 0 1
vn 7.48172E-07 0 1
vn 7.48172E-07 0 1
vn 7.48172E-07 0 1
vn 7.48172E-07 0 1
vn 7.4817257E-07 0 1
vn 7.4817257E-07 0 1
vn 7.4817257E-07 0 1
vn 7.4817257E-07 0 1
vn 7.48172E-07 0 1
vn 7.48172E-07 0 1
vn 7.0314644E-07 0 1
vn 7.0314644E-07 0 1
vn 7.0314644E-07 0 1
vn 7.0314644E-07 0 1
vn -1 0 0
vn -1 0 0
vn -1 0 0
vn -1 0 0
vn -1 0 0
vn -1 0 0
vn -1 0 -1.4154855E-07
vn -1 0 -1.4154855E-07
vn -1 0 -1.4154855E-07
vn -1 0 -1.4154855E-07
vn 3.856796E-06 3.168323E-07 -1
vn 3.856796E-06 3.168323E-07 -1
vn 3.856796E-06 3.168323E-07 -1
vn 3.856796E-06 3.168323E-07 -1
vn 1 0 0
vn 1 0 0
vn 1 0 0
vn 1 0 0
vn 3.6645613E-06 0 1
vn 3.6645613E-06 0 1
vn 3.6645613E-06 0 1
vn 3.6645613E-06 0 1
vn 0.0014258146 -0.0007147594 -0.9999988
vn 0.0014258146 -0.0007147594 -0.9999988
vn 0.0014258146 -0.0007147594 -0.9999988
vn 0.0014258146 -0.0007147594 -0.9999988
vn 0.0014258146 -0.0007147594 -0.9999988
vn 0.0014258146 -0.0007147594 -0.9999988
vn 0.0014258146 -0.0007147594 -0.9999988
vn 0.0014258146 -0.0007147594 -0.9999988
vn 0.0014258146 -0.0007147594 -0.9999988
vn -0.00023599825 0 1
vn -0.00023599825 0 1
vn -0.00023599825 0 1
vn -0.00023599825 0 1
vn -0.00023599825 0 1
vn -0.00023599825 0 1
vn -0.00023599825 0 1
vn -0.00023599825 0 1
vn -0.00023599825 0 1
vn -0.00023599825 0 1
vn -0.00023599825 0 1
vn -0.00023599825 0 1
vn -0.00023599825 0 1
vn -0.00023599825 0 1
vn -0.00023599825 0 1
vn -0.00023599825 0 1
vn -0.00023599825 0 1
vn -0.00023599825 0 1
vn 0.00023730857 0 1
vn 0.00023730857 0 1
vn 0.00023730857 0 1
vn 0.00023730857 0 1
vn 0.00023730857 0 1
vn 0.00023730857 0 1
vn 0.00023730857 0 1
vn 0.00023730857 0 1
vn 0.00023730857 0 1
vn 0.00023730857 0 1
vn 0.00023730857 0 1
vn 0.00023730857 0 1
vn 0.00023730857 0 1
vn 0.00023730857 0 1
vn 0.00023730857 0 1
vn 0.00023730857 0 1
vn -3.8535254E-06 0 1
vn -3.8535254E-06 0 1
vn -3.8535254E-06 0 1
vn -3.8535254E-06 0 1
vn 7.48172E-07 0 1
vn 7.48172E-07 0 1
vn 7.48172E-07 0 1
vn 7.48172E-07 0 1
vn 7.48172E-07 0 1
vn 7.48172E-07 0 1
vn 7.48172E-07 0 1
vn 7.48172E-07 0 1
vn 7.48172E-07 0 1
vn 7.48172E-07 0 1
vn 7.48172E-07 0 1
vn 7.48172E-07 0 1
vn 7.0314644E-07 0 1
vn 7.0314644E-07 0 1
vn 7.0314644E-07 0 1
vn 7.0314644E-07 0 1
vn -1 0 0
vn -1 0 0
vn -1 0 0
vn -1 0 0
vn -1 0 0
vn -1 0 0
vn -1 0 0
vn -1 0 0
vn -1 0 0
vn -1 0 0
vn 1 0 0
vn 1 0 0
vn 1 0 0
vn 1 0 0
vn 3.6645617E-06 0 1
vn 3.6645617E-06 0 1
vn 3.6645617E-06 0 1
vn 3.6645617E-06 0 1
vn 0.00068028277 0.00068398105 -0.9999995
vn 0.00068028277 0.00068398105 -0.9999995
vn 0.00068028277 0.00068398105 -0.9999995
vn 0.00068028277 0.00068398105 -0.9999995
vn 0.00068028277 0.00068398105 -0.9999995
vn 0.00068028277 0.00068398105 -0.9999995
vn 0.00068028277 0.00068398105 -0.9999995
vn 0.00068028277 0.00068398105 -0.9999995
vn 0.00068028277 0.00068398105 -0.9999995
vn 0.00068028277 0.00068398105 -0.9999995
vn 0.00068028277 0.00068398105 -0.9999995
vn 0.000113338625 0.00011267946 -1
vn 0.000113338625 0.00011267946 -1
vn 0.000113338625 0.00011267946 -1
vn 0.000113338625 0.00011267946 -1
vn 0.000113338625 0.00011267946 -1
vn 0.000113338625 0.00011267946 -1
vn 0.000113338625 0.00011267946 -1
vn 0.000113338625 0.00011267946 -1
vn 0.000113338625 0.00011267946 -1
vn 0.000113338625 0.00011267946 -1
vn 0.000113338625 0.00011267946 -1
vn 0.000113338625 0.00011267946 -1
vn 0.000113338625 0.00011267946 -1
vn 0.0001139299 -0.000113333066 1
vn 0.0001139299 -0.000113333066 1
vn 0.0001139299 -0.000113333066 1
vn 0.0001139299 -0.000113333066 1
vn 0.0001139299 -0.000113333066 1
vn 0.0001139299 -0.000113333066 1
vn 0.0001139299 -0.000113333066 1
vn 0.0001139299 -0.000113333066 1
vn 0.0001139299 -0.000113333066 1
vn 0.0001139299 -0.000113333066 1
vn 0.0001139299 -0.000113333066 1
vn 0.0001139299 -0.000113333066 1
vn 0.0001139299 -0.000113333066 1
vn 0.0001139299 -0.000113333066 1
vn -3.8535254E-06 0 1
vn -3.8535254E-06 0 1
vn -3.8535254E-06 0 1
vn -3.8535254E-06 0 1
vn 7.48172E-07 0 1
vn 7.48172E-07 0 1
vn 7.48172E-07 0 1
vn 7.48172E-07 0 1
vn 7.481742E-07 0 1
vn 7.481742E-07 0 1
vn 7.481719E-07 0 1
vn 7.481719E-07 0 1
vn 7.481719E-07 0 1
vn 7.481719E-07 0 1
vn 7.48172E-07 0 1
vn 7.48172E-07 0 1
vn -7.1965485E-07 -0.06924557 0.99759966
vn -7.1965485E-07 -0.06924557 0.99759966
vn -7.1965485E-07 -0.06924557 0.99759966
vn -7.1965485E-07 -0.06924557 0.99759966
vn -1 0 0
vn -1 0 0
vn -1 0 0
vn -1 0 0
vn -1 0 0
vn -1 0 0
vn -1 0 0
vn -1 0 0
vn -1 0 0
vn -1 0 0
vn 2.680781E-06 -0.5119135 0.859037
vn 2.680781E-06 -0.5119135 0.859037
vn 2.680781E-06 -0.5119135 0.859037
vn 2.680781E-06 -0.5119135 0.859037
vn -0 -0.5119144 0.85903645
vn -0 -0.5119144 0.85903645
vn -2.8190175E-06 -0.51191294 0.85903734
vn -2.8190175E-06 -0.51191294 0.85903734
vn -2.8190175E-06 -0.51191294 0.85903734
vn -2.8190175E-06 -0.51191294 0.85903734
vn -4.9058724E-07 -0.5119132 0.85903716
vn -4.9058724E-07 -0.5119132 0.85903716
vn -4.9058724E-07 -0.5119132 0.85903716
vn -4.9058724E-07 -0.5119132 0.85903716
vn -0 -0.5119138 0.8590368
vn -0 -0.5119138 0.8590368
vn 6.9935265E-07 -0.5119132 0.85903716
vn 6.9935265E-07 -0.5119132 0.85903716
vn 6.9935265E-07 -0.5119132 0.85903716
vn 6.9935265E-07 -0.5119132 0.85903716
vn -0 -0.5119129 0.85903734
vn -0 -0.5119129 0.85903734
vn 4.9353673E-07 -0.51191294 0.85903734
vn 4.9353673E-07 -0.51191294 0.85903734
vn 4.9353673E-07 -0.51191294 0.85903734
vn 4.9353673E-07 -0.51191294 0.85903734
vn -0 -0.5119141 0.8590366
vn -0 -0.5119141 0.8590366
vn 3.856793E-06 3.2999728E-07 -1
vn 3.856793E-06 3.2999728E-07 -1
vn 3.856793E-06 3.2999728E-07 -1
vn 3.856793E-06 3.2999728E-07 -1
vn 1 0 0
vn 1 0 0
vn 1 0 0
vn 1 0 0
vn 0.0014149715 -0.0007093308 -0.9999988
vn 0.0014149715 -0.0007093308 -0.9999988
vn 0.0014149715 -0.0007093308 -0.9999988
vn 0.0014149715 -0.0007093308 -0.9999988
vn 0.0014149715 -0.0007093308 -0.9999988
vn 0.0014149715 -0.0007093308 -0.9999988
vn 0.0014149715 -0.0007093308 -0.9999988
vn 0.0014149715 -0.0007093308 -0.9999988
vn 0.0014149715 -0.0007093308 -0.9999988
vn -0.00023421405 0 1
vn -0.00023421405 0 1
vn -0.00023421405 0 1
vn -0.00023421405 0 1
vn -0.00023421405 0 1
vn -0.00023421405 0 1
vn -0.00023421405 0 1
vn -0.00023421405 0 1
vn -0.00023421405 0 1
vn -0.00023421405 0 1
vn -0.00023421405 0 1
vn -0.00023421405 0 1
vn -0.00023421405 0 1
vn -0.00023421405 0 1
vn -0.00023421405 0 1
vn -0.00023421405 0 1
vn -0.00023421405 0 1
vn -0.00023421405 0 1
vn 0.00023551611 0 1
vn 0.00023551611 0 1
vn 0.00023551611 0 1
vn 0.00023551611 0 1
vn 0.00023551611 0 1
vn 0.00023551611 0 1
vn 0.00023551611 0 1
vn 0.00023551611 0 1
vn 0.00023551611 0 1
vn 0.00023551611 0 1
vn 0.00023551611 0 1
vn 0.00023551611 0 1
vn 0.00023551611 0 1
vn 0.00023551611 0 1
vn -3.8535254E-06 0 1
vn -3.8535254E-06 0 1
vn -3.8535254E-06 0 1
vn -3.8535254E-06 0 1
vn 7.48172E-07 0 1
vn 7.48172E-07 0 1
vn 7.48172E-07 0 1
vn 7.48172E-07 0 1
vn 7.4817E-07 0 1
vn 7.4817E-07 0 1
vn 7.4817206E-07 0 1
vn 7.4817206E-07 0 1
vn 7.4817206E-07 0 1
vn 7.4817206E-07 0 1
vn 7.481742E-07 0 1
vn 7.481742E-07 0 1
vn 7.4817E-07 0 1
vn 7.4817E-07 0 1
vn 7.031465E-07 0 1
vn 7.031465E-07 0 1
vn 7.031465E-07 0 1
vn 7.031465E-07 0 1
vn -6.1036076E-07 0 -1
vn -6.1036076E-07 0 -1
vn -6.1036076E-07 0 -1
vn -6.1036076E-07 0 -1
vn -6.1036076E-07 0 -1
vn -6.1036076E-07 0 -1
vn -6.1036076E-07 0 -1
vn -6.1036076E-07 0 -1
vn -6.248751E-07 0.46841314 0.8835096
vn -6.248751E-07 0.46841314 0.8835096
vn -6.248751E-07 0.46841314 0.8835096
vn -6.248751E-07 0.46841314 0.8835096
vn -2.704563E-06 0.46841276 0.88350976
vn -2.704563E-06 0.46841276 0.88350976
vn 6.2354957E-07 0.46841294 0.8835097
vn 6.2354957E-07 0.46841294 0.8835097
vn 6.2354957E-07 0.46841294 0.8835097
vn 6.2354957E-07 0.46841294 0.8835097
vn -2.7045628E-06 0.46841305 0.8835097
vn -2.7045628E-06 0.46841305 0.8835097
vn 3.983678E-06 0.46841282 0.8835097
vn 3.983678E-06 0.46841282 0.8835097
vn 3.983678E-06 0.46841282 0.8835097
vn 3.983678E-06 0.46841282 0.8835097
vn -0 0.46841383 0.8835092
vn -0 0.46841383 0.8835092
vn 6.286317E-07 0.46841335 0.8835094
vn 6.286317E-07 0.46841335 0.8835094
vn 6.286317E-07 0.46841335 0.8835094
vn 6.286317E-07 0.46841335 0.8835094
vn -2.7045614E-06 0.4684125 0.88350993
vn -2.7045614E-06 0.4684125 0.88350993
vn -3.7701952E-06 0.46841288 0.8835097
vn -3.7701952E-06 0.46841288 0.8835097
vn -3.7701952E-06 0.46841288 0.8835097
vn -3.7701952E-06 0.46841288 0.8835097
vn 3.7484194E-06 0 1
vn 3.7484194E-06 0 1
vn 3.7484194E-06 0 1
vn 3.7484194E-06 0 1
vn -3.8535277E-06 0 1
vn -3.8535277E-06 0 1
vn -3.8535277E-06 0 1
vn -3.8535277E-06 0 1
vn 3.805718E-06 0 -1
vn 3.805718E-06 0 -1
vn 3.805718E-06 0 -1
vn 3.805718E-06 0 -1
vn 3.805718E-06 0 -1
vn 7.476916E-07 0 -1
vn 7.476916E-07 0 -1
vn -2.941639E-07 -1 0
vn -2.941639E-07 -1 0
vn -2.941639E-07 -1 0
vn -2.941639E-07 -1 0
vn -3.673111E-06 0 -1
vn -3.673111E-06 0 -1
vn -3.673111E-06 0 -1
vn -3.673111E-06 0 -1
vn -3.673111E-06 0 -1
vn 6.6177364E-07 0 -1
vn 6.6177364E-07 0 -1
vn 6.6177364E-07 0 -1
vn 6.6177364E-07 0 -1
vn 6.6177364E-07 0 -1
vn 1.2378538E-07 -1 0
vn 1.2378538E-07 -1 0
vn 1.2378538E-07 -1 0
vn 1.2378538E-07 -1 0
vn -0 -1 0
vn -0 -1 0
vn 3.0933262E-07 -1 0
vn 3.0933262E-07 -1 0
vn 3.0933262E-07 -1 0
vn 3.0933262E-07 -1 0
vn -0 -1 0
vn -0 -1 0
vn 6.034158E-07 0 1
vn 6.034158E-07 0 1
vn 6.034158E-07 0 1
vn 6.034158E-07 0 1
vn -2.1633928E-06 0 1
vn -2.1633928E-06 0 1
vn 7.48172E-07 0 1
vn 7.48172E-07 0 1
vn 7.48172E-07 0 1
vn 7.48172E-07 0 1
vn -0 0 1
vn -0 0 1
vn -0.0014832421 -0.010439965 0.99994445
vn -0.0014832421 -0.010439965 0.99994445
vn -0.0014832421 -0.010439965 0.99994445
vn -0.0014832421 -0.010439965 0.99994445
vn 1.0766493E-07 -1 0
vn 1.0766493E-07 -1 0
vn 1.0766493E-07 -1 0
vn 1.0766493E-07 -1 0
vn -0 -1 0
vn -0 -1 0
vn 6.423728E-07 0 -1
vn 6.423728E-07 0 -1
vn 6.423728E-07 0 -1
vn 6.423728E-07 0 -1
vn 6.423728E-07 0 -1
vn 6.747865E-07 0 -1
vn 6.747865E-07 0 -1
vn -0.00011844643 0.00011905139 1
vn -0.00011844643 0.00011905139 1
vn -0.00011844643 0.00011905139 1
vn -0.00011844643 0.00011905139 1
vn -0.00011844643 0.00011905139 1
vn -0.00011844643 0.00011905139 1
vn -0.00011844643 0.00011905139 1
vn -0.00011844643 0.00011905139 1
vn -0.00011844643 0.00011905139 1
vn -0.00011844643 0.00011905139 1
vn -0.00011844643 0.00011905139 1
vn -0.00011844643 0.00011905139 1
vn -0.00011844643 0.00011905139 1
vn -0.00011844643 0.00011905139 1
vn -0.00011844643 0.00011905139 1
vn -0.00011844643 0.00011905139 1
vn -0.00011844643 0.00011905139 1
vn -0.00011844643 0.00011905139 1
vn 3.6645613E-06 0 1
vn 3.6645613E-06 0 1
vn 3.6645613E-06 0 1
vn 3.6645613E-06 0 1
vn 7.4817194E-07 0 1
vn 7.4817194E-07 0 1
vn 7.4817194E-07 0 1
vn 7.4817194E-07 0 1
vn 7.481742E-07 0 1
vn 7.481742E-07 0 1
vn -5.9958325E-07 0 -1
vn -5.9958325E-07 0 -1
vn -5.9958325E-07 0 -1
vn -5.9958325E-07 0 -1
vn -0 0 -1
vn -0 0 -1
vn -5.995833E-07 0 -1
vn -5.995833E-07 0 -1
vn -5.995833E-07 0 -1
vn -5.995833E-07 0 -1
vn -0 0 -1
vn -0 0 -1
vn -5.9958336E-07 0 -1
vn -5.9958336E-07 0 -1
vn -5.9958336E-07 0 -1
vn -5.9958336E-07 0 -1
vn -0 0 -1
vn -0 0 -1
vn 0.9998777 0 -0.015642738
vn 0.9998777 0 -0.015642738
vn 0.9998777 0 -0.015642738
vn 0.9998777 0 -0.015642738
vn 0.9998777 0 -0.015642738
vn 0.9998777 0 -0.015642738
vn 0.9998777 0 -0.015642764
vn 0.9998777 0 -0.015642764
vn 0.9998777 0 -0.015642764
vn 0.9998777 0 -0.015642764
vn 0.9998777 0 -0.015642764
vn 0.9998777 0 -0.015642764
vn -7.4817194E-07 0 -1
vn -7.4817194E-07 0 -1
vn -7.4817194E-07 0 -1
vn -7.4817194E-07 0 -1
vn -0 0 -1
vn -0 0 -1
vn 6.103891E-07 0 1
vn 6.103891E-07 0 1
vn 6.103891E-07 0 1
vn 6.103891E-07 0 1
vn 6.103891E-07 0 1
vn 6.103891E-07 0 1
vn 6.103891E-07 0 1
vn 6.103891E-07 0 1
vn 0.9998777 0 -0.0156427
vn 0.9998777 0 -0.0156427
vn 0.9998777 0 -0.0156427
vn 0.9998777 0 -0.0156427
vn 0.9998777 0 -0.0156427
vn 0.9998777 0 -0.0156427
vn 0.9998777 0.00015605765 -0.015639937
vn 0.9998777 0.00015605765 -0.015639937
vn 0.9998777 0.00015605765 -0.015639937
vn 0.9998777 0.00015605765 -0.015639937
vn 0.9998777 0.00015605765 -0.015639937
vn 0.9998777 0.00015605765 -0.015639937
vn 6.1037895E-07 0 1
vn 6.1037895E-07 0 1
vn 6.1037895E-07 0 1
vn 6.1037895E-07 0 1
vn 6.1037895E-07 0 1
vn 6.1037895E-07 0 1
vn 6.1037895E-07 0 1
vn 6.1037895E-07 0 1
vn 6.490845E-07 -0.0692462 0.99759966
vn 6.490845E-07 -0.0692462 0.99759966
vn 6.490845E-07 -0.0692462 0.99759966
vn 6.490845E-07 -0.0692462 0.99759966
vn -7.7383663E-07 0 1
vn -7.7383663E-07 0 1
vn -7.7383663E-07 0 1
vn -7.7383663E-07 0 1
vn -7.738371E-07 0 1
vn -7.738371E-07 0 1
vn -7.738371E-07 0 1
vn -7.738371E-07 0 1
vn 6.0072034E-07 0.0019595362 0.9999981
vn 6.0072034E-07 0.0019595362 0.9999981
vn 6.0072034E-07 0.0019595362 0.9999981
vn 6.0072034E-07 0.0019595362 0.9999981
vn 6.0072034E-07 0.0019595362 0.9999981
vn 6.0072034E-07 0.0019595362 0.9999981
vn 6.0072034E-07 0.0019595362 0.9999981
vn 6.0072034E-07 0.0019595362 0.9999981
vn 6.0072034E-07 0.0019595362 0.9999981
vn 6.0072034E-07 0.0019595362 0.9999981
vn 6.0072034E-07 0.0019595362 0.9999981
vn 6.0072034E-07 0.0019595362 0.9999981
vn 6.0072034E-07 0.0019595362 0.9999981
vn 6.0072034E-07 0.0019595362 0.9999981
vn 6.0072034E-07 0.0019595362 0.9999981
vn 6.0072034E-07 0.0019595362 0.9999981
vn 6.0072034E-07 0.0019595362 0.9999981
vn 6.0072034E-07 0.0019595362 0.9999981
vn 6.0072034E-07 0.0019595362 0.9999981
vn 6.0072034E-07 0.0019595362 0.9999981
vn 6.0072034E-07 0.0019595362 0.9999981
vn 6.0072034E-07 0.0019595362 0.9999981
vn 6.747861E-07 0 -1
vn 6.747861E-07 0 -1
vn 6.747861E-07 0 -1
vn 6.747861E-07 0 -1
vn -2.1633982E-06 0 -1
vn -2.1633982E-06 0 -1
vn 6.7052554E-07 0 -1
vn 6.7052554E-07 0 -1
vn 6.7052554E-07 0 -1
vn 6.7052554E-07 0 -1
vn 6.7478635E-07 0 -1
vn 6.7478635E-07 0 -1
vn 6.7478635E-07 0 -1
vn 6.7478635E-07 0 -1
vn -2.1633946E-06 0 -1
vn -2.1633946E-06 0 -1
vn -7.7383726E-07 0 1
vn -7.7383726E-07 0 1
vn -7.7383726E-07 0 1
vn -7.7383726E-07 0 1
vn 6.102774E-07 0 1
vn 6.102774E-07 0 1
vn 6.102774E-07 0 1
vn 6.102774E-07 0 1
vn 6.102774E-07 0 1
vn 6.102774E-07 0 1
vn 6.102774E-07 0 1
vn 6.102774E-07 0 1
vn -6.5954737E-07 0 1
vn -6.5954737E-07 0 1
vn -6.5954737E-07 0 1
vn -6.5954737E-07 0 1
vn -6.5954737E-07 0 1
vn -6.5954737E-07 0 1
vn -6.5954737E-07 0 1
vn -6.5954737E-07 0 1
vn -6.5954737E-07 0 1
vn -6.5954737E-07 0 1
vn -6.5954737E-07 0 1
vn -6.5954737E-07 0 1
vn -6.5954737E-07 0 1
vn -6.5954737E-07 0 1
vn -6.5954737E-07 0 1
vn -6.5954737E-07 0 1
vn -6.5954737E-07 0 1
vn -6.5954737E-07 0 1
vn -6.5954737E-07 0 1
vn -6.5954737E-07 0 1
vn -6.5954737E-07 0 1
vn -6.5954737E-07 0 1
vn -6.5954737E-07 0 1
vn -6.5954737E-07 0 1
vn -6.5954737E-07 0 1
vn -6.5954737E-07 0 1
vn -6.5954737E-07 0 1
vn -6.5954737E-07 0 1
vn -6.5954737E-07 0 1
vn -6.5954737E-07 0 1
vn -6.5954737E-07 0 1
vn -6.5954737E-07 0 1
vn -6.5954737E-07 0 1
vn -6.5954737E-07 0 1
vn -0.5773465 -0.5773578 0.5773465
vn -0.5773465 -0.5773578 0.5773465
vn -0.5773465 -0.5773578 0.5773465
vn -0.5172296 0.5987173 0.61156464
vn -0.5172296 0.5987173 0.61156464
vn -0.5172296 0.5987173 0.61156464
vn -0.577362 -0.5773507 -0.57733804
vn -0.577362 -0.5773507 -0.57733804
vn -0.577362 -0.5773507 -0.57733804
vn -0.51723903 0.5987117 -0.61156195
vn -0.51723903 0.5987117 -0.61156195
vn -0.51723903 0.5987117 -0.61156195
vn 0.5773427 -0.5773541 0.5773541
vn 0.5773427 -0.5773541 0.5773541
vn 0.5773427 -0.5773541 0.5773541
vn 0.5143942 0.5993331 0.6133502
vn 0.5143942 0.5993331 0.6133502
vn 0.5143942 0.5993331 0.6133502
vn 0.57735616 -0.57734734 -0.57734734
vn 0.57735616 -0.57734734 -0.57734734
vn 0.57735616 -0.57734734 -0.57734734
vn 0.51440245 0.59932894 -0.6133474
vn 0.51440245 0.59932894 -0.6133474
vn 0.51440245 0.59932894 -0.6133474
vn -0.72265625 -0.21637076 0.65646905
vn -0.72265625 -0.21637076 0.65646905
vn -0.72265625 -0.21637076 0.65646905
vn -0.72265625 -0.21637076 0.65646905
vn -0.70710844 0 -0.70710504
vn -0.70710844 0 -0.70710504
vn -0.70710844 0 -0.70710504
vn -0.70710844 0 -0.70710504
vn -0.70710844 0 -0.70710504
vn -0.70710844 0 -0.70710504
vn 0.70710844 0 -0.70710504
vn 0.70710844 0 -0.70710504
vn 0.70710844 0 -0.70710504
vn 0.70710844 0 -0.70710504
vn 0.7226529 -0.2163706 0.65647274
vn 0.7226529 -0.2163706 0.65647274
vn 0.7226529 -0.2163706 0.65647274
vn 0.7226529 -0.2163706 0.65647274
vn 0.7226529 -0.2163706 0.65647274
vn 0.7226529 -0.2163706 0.65647274
vn 1.5297741E-06 -0.7071102 -0.70710325
vn 1.5297741E-06 -0.7071102 -0.70710325
vn 1.5297741E-06 -0.7071102 -0.70710325
vn 1.5297741E-06 -0.7071102 -0.70710325
vn 2.7248839E-06 -0.7071073 -0.70710623
vn -0 -0.7071036 -0.7071099
vn -0 -0.7071036 -0.7071099
vn -0 -0.7071036 -0.7071099
vn -0 -0.7071036 -0.7071099
vn -5.290396E-07 -0.707104 -0.7071095
vn -5.290396E-07 -0.707104 -0.7071095
vn -0 -0.7071102 -0.70710325
vn -0 -0.7071102 -0.70710325
vn -0 -0.7071102 -0.70710325
vn -0 -0.7071102 -0.70710325
vn -2.5912786E-06 -0.70710903 -0.7071045
vn -2.5912786E-06 -0.70710903 -0.7071045
vn -0.044978645 0.69577163 -0.7168534
vn -0.044978645 0.69577163 -0.7168534
vn -0.044978645 0.69577163 -0.7168534
vn -0.044978645 0.69577163 -0.7168534
vn -0.10427841 0.6955179 -0.71090144
vn -0.10427841 0.6955179 -0.71090144
vn -0.10427841 0.6955179 -0.71090144
vn -0.10427841 0.6955179 -0.71090144
vn 0.043430932 0.69557893 -0.71713567
vn 0.043430932 0.69557893 -0.71713567
vn 0.043430932 0.69557893 -0.71713567
vn 0.043430932 0.69557893 -0.71713567
vn 1.5297741E-06 -0.7071102 0.70710325
vn 1.5297741E-06 -0.7071102 0.70710325
vn 1.5297741E-06 -0.7071102 0.70710325
vn 1.5297741E-06 -0.7071102 0.70710325
vn 2.5912786E-06 -0.70710903 0.7071045
vn -0 -0.7071036 0.7071099
vn -0 -0.7071036 0.7071099
vn -0 -0.7071036 0.7071099
vn -0 -0.7071036 0.7071099
vn -4.7715156E-07 -0.70710605 0.7071075
vn -4.7715156E-07 -0.70710605 0.7071075
vn -0 -0.7071102 0.70710325
vn -0 -0.7071102 0.70710325
vn -0 -0.7071102 0.70710325
vn -0 -0.7071102 0.70710325
vn -2.7248839E-06 -0.7071073 0.70710623
vn -2.7248839E-06 -0.7071073 0.70710623
vn 0.039862122 0.6994707 0.7135487
vn 0.039862122 0.6994707 0.7135487
vn 0.039862122 0.6994707 0.7135487
vn 0.039862122 0.6994707 0.7135487
vn 0.039862122 0.6994707 0.7135487
vn 0.039862122 0.6994707 0.7135487
vn -0.104278415 0.69551766 0.7109017
vn -0.104278415 0.69551766 0.7109017
vn -0.104278415 0.69551766 0.7109017
vn -0.104278415 0.69551766 0.7109017
vn -0.04148667 0.6995899 0.7133392
vn -0.04148667 0.6995899 0.7133392
vn -0.04148667 0.6995899 0.7133392
vn -0.04148667 0.6995899 0.7133392
vn -0.04148667 0.6995899 0.7133392
vn -0.04148667 0.6995899 0.7133392
vn -1.2725781E-06 -0.26548398 0.96411526
vn -1.2725781E-06 -0.26548398 0.96411526
vn -1.2725781E-06 -0.26548398 0.96411526
vn -1.2725781E-06 -0.26548398 0.96411526
vn -0 -0.2654827 0.9641156
vn -0 -0.2654827 0.9641156
vn -0 -0.2654827 0.9641156
vn -0 -0.2654827 0.9641156
vn 2.8947252E-07 -0.26548147 0.964116
vn 2.8947252E-07 -0.26548147 0.964116
vn 2.8947252E-07 -0.26548147 0.964116
vn 2.8947252E-07 -0.26548147 0.964116
vn -0.16017133 0 0.9870892
vn -0.16017133 0 0.9870892
vn -0.16017133 0 0.9870892
vn -0.1601723 0 0.9870891
vn -0.1601723 0 0.9870891
vn 0.7071063 0 -0.70710725
vn 0.7071063 0 -0.70710725
vn 0.7071063 0 -0.70710725
vn 0.7071063 0 -0.70710725
vn 0.7071063 0 -0.70710725
vn 0.7071063 0 -0.70710725
vn -0.5773443 0.5773556 0.57735103
vn -0.5773443 0.5773556 0.57735103
vn -0.5773443 0.5773556 0.57735103
vn -0.5773443 0.5773556 0.57735103
vn -0.5773443 0.5773556 0.57735103
vn -0.5773443 0.5773556 0.57735103
vn -4.3266837E-06 -4.907639E-06 1
vn -4.3266837E-06 -4.907639E-06 1
vn -4.3266837E-06 -4.907639E-06 1
vn -4.3266837E-06 -4.907639E-06 1
vn -4.3266837E-06 -4.907639E-06 1
vn -4.3266837E-06 -4.907639E-06 1
vn -0 -0.70710444 -0.7071091
vn -0 -0.70710444 -0.7071091
vn -0 -0.70710444 -0.7071091
vn -0 -0.70710444 -0.7071091
vn 0.10490288 0.69538033 -0.7109442
vn 0.10490288 0.69538033 -0.7109442
vn 0.10490288 0.69538033 -0.7109442
vn 0.10490288 0.69538033 -0.7109442
vn 0.10490288 0.69538033 -0.7109442
vn 0.10490288 0.69538033 -0.7109442
vn -0 -0.7071036 0.7071099
vn -0 -0.7071036 0.7071099
vn -0 -0.7071036 0.7071099
vn -0 -0.7071036 0.7071099
vn 0.10490291 0.69538 0.71094453
vn 0.10490291 0.69538 0.71094453
vn 0.10490291 0.69538 0.71094453
vn 0.10490291 0.69538 0.71094453
vn -0 -0.26548386 0.96411526
vn -0 -0.26548386 0.96411526
vn -0 -0.26548386 0.96411526
vn -0 -0.26548386 0.96411526
vn 0.16017137 0 0.9870892
vn 0.16017137 0 0.9870892
vn 0.16017137 0 0.9870892
vn 0.57734436 0.57735574 0.57735074
vn 0.57734436 0.57735574 0.57735074
vn 0.57734436 0.57735574 0.57735074
vn 0.57734436 0.57735574 0.57735074
vn 0.57734436 0.57735574 0.57735074
vn 0.57734436 0.57735574 0.57735074
vn -0.5773512 -0.577354 -0.57734555
vn -0.5773512 -0.577354 -0.57734555
vn -0.5773512 -0.577354 -0.57734555
vn -0.5773512 -0.577354 -0.57734555
vn -0.5773512 -0.577354 -0.57734555
vn -0.5773512 -0.577354 -0.57734555
vn -0.57735497 -0.57735217 -0.57734364
vn -0.57735497 -0.57735217 -0.57734364
vn -0.57735497 -0.57735217 -0.57734364
vn -0.57735497 -0.57735217 -0.57734364
vn -0.57735497 -0.57735217 -0.57734364
vn -0.57735497 -0.57735217 -0.57734364
vn -0.5773578 -0.5773465 -0.5773465
vn -0.5773578 -0.5773465 -0.5773465
vn -0.5773578 -0.5773465 -0.5773465
vn -0.5773578 -0.5773465 -0.5773465
vn -0.5773578 -0.5773465 -0.5773465
vn -0.5773578 -0.5773465 -0.5773465
vn -0.57735026 -0.57735026 -0.57735026
vn -0.57735026 -0.57735026 -0.57735026
vn -0.57735026 -0.57735026 -0.57735026
vn -0.57735026 -0.57735026 -0.57735026
vn -0.57735026 -0.57735026 -0.57735026
vn -0.57735026 -0.57735026 -0.57735026
vn -0.5773504 -0.57735026 -0.57735026
vn -0.5773504 -0.57735026 -0.57735026
vn -0.5773504 -0.57735026 -0.57735026
vn -0.5773504 -0.57735026 -0.57735026
vn -0.5773504 -0.57735026 -0.57735026
vn -0.5773504 -0.57735026 -0.57735026
vn -0.57735026 -0.57735026 -0.57735026
vn -0.57735026 -0.57735026 -0.57735026
vn -0.57735026 -0.57735026 -0.57735026
vn -0.57735026 -0.57735026 -0.57735026
vn -0.57735026 -0.57735026 -0.57735026
vn -0.57735026 -0.57735026 -0.57735026
vn 0.577355 -0.57734084 -0.577355
vn 0.577355 -0.57734084 -0.577355
vn 0.577355 -0.57734084 -0.577355
vn 0.577355 -0.57734084 -0.577355
vn 0.577355 -0.57734084 -0.577355
vn 0.577355 -0.57734084 -0.577355
vn 0.6177996 -0.5560202 -0.5560263
vn 0.6177996 -0.5560202 -0.5560263
vn 0.6177996 -0.5560202 -0.5560263
vn 0.6177996 -0.5560202 -0.5560263
vn 0.6177996 -0.5560202 -0.5560263
vn 0.6177996 -0.5560202 -0.5560263
vn 0.6178036 -0.556018 -0.5560241
vn 0.6178036 -0.556018 -0.5560241
vn 0.6178036 -0.556018 -0.5560241
vn 0.6178036 -0.556018 -0.5560241
vn 0.6178036 -0.556018 -0.5560241
vn 0.6178036 -0.556018 -0.5560241
vn 0.61780334 -0.5560181 -0.5560242
vn 0.61780334 -0.5560181 -0.5560242
vn 0.61780334 -0.5560181 -0.5560242
vn 0.61780334 -0.5560181 -0.5560242
vn 0.61780334 -0.5560181 -0.5560242
vn 0.61780334 -0.5560181 -0.5560242
vn -0.1601736 0 0.98708886
vn -0.1601736 0 0.98708886
vn -0.1601736 0 0.98708886
vn -0.16017233 0 0.9870891
vn -0.16017233 0 0.9870891
vn -0.16017237 0 0.9870891
vn -0.16017237 0 0.9870891
vn -0.16017237 0 0.9870891
vn -0.1601723 0 0.9870891
vn -0.1601723 0 0.9870891
vn -0.16017228 0 0.9870891
vn -0.16017228 0 0.9870891
vn -0.16017228 0 0.9870891
vn -0.16017231 0 0.9870891
vn -0.16017231 0 0.9870891
vn -0.16017237 0 0.9870891
vn -0.16017237 0 0.9870891
vn -0.16017237 0 0.9870891
vn -0.1601723 0 0.9870891
vn -0.1601723 0 0.9870891
vn 0.1601736 0 0.98708886
vn 0.1601736 0 0.98708886
vn 0.1601736 0 0.98708886
vn 0.16017237 0 0.9870891
vn 0.16017237 0 0.9870891
vn 0.16017237 0 0.9870891
vn 0.16017231 0 0.9870891
vn 0.16017231 0 0.9870891
vn 0.16017231 0 0.9870891
vn 0.16017231 0 0.9870891
vn 0.16017231 0 0.9870891
vn 0.16017231 0 0.9870891
vn 0.16017231 0 0.9870891
vn 0.16017237 0 0.9870891
vn 0.16017237 0 0.9870891
vn 0.16017237 0 0.9870891
vn 0.16017233 0 0.9870891
vn 0.16017233 0 0.9870891
vn 0.57735753 -0.5773462 -0.5773469
vn 0.57735753 -0.5773462 -0.5773469
vn 0.57735753 -0.5773462 -0.5773469
vn 0.57735753 -0.5773462 -0.5773469
vn 0.57735753 -0.5773462 -0.5773469
vn 0.57735753 -0.5773462 -0.5773469
vn 0.57735 -0.57735 -0.57735074
vn 0.57735 -0.57735 -0.57735074
vn 0.57735 -0.57735 -0.57735074
vn 0.57735 -0.57735 -0.57735074
vn 0.57735 -0.57735 -0.57735074
vn 0.57735 -0.57735 -0.57735074
vn 0.57735014 -0.57734996 -0.5773507
vn 0.57735014 -0.57734996 -0.5773507
vn 0.57735014 -0.57734996 -0.5773507
vn 0.57735014 -0.57734996 -0.5773507
vn 0.57735014 -0.57734996 -0.5773507
vn 0.57735014 -0.57734996 -0.5773507
vn 0.57735 -0.57735 -0.57735074
vn 0.57735 -0.57735 -0.57735074
vn 0.57735 -0.57735 -0.57735074
vn 0.57735 -0.57735 -0.57735074
vn 0.57735 -0.57735 -0.57735074
vn 0.57735 -0.57735 -0.57735074
vn 0.5773512 0.5773484 -0.5773512
vn 0.5773512 0.5773484 -0.5773512
vn 0.5773512 0.5773484 -0.5773512
vn 0.5773512 0.5773484 -0.5773512
vn 0.5773512 0.5773484 -0.5773512
vn 0.5773512 0.5773484 -0.5773512
vn 0.57735 0.57735 -0.57735074
vn 0.57735 0.57735 -0.57735074
vn 0.57735 0.57735 -0.57735074
vn 0.57735 0.57735 -0.57735074
vn 0.57735 0.57735 -0.57735074
vn 0.57735 0.57735 -0.57735074
vn -0.5773512 0.5773484 -0.5773512
vn -0.5773512 0.5773484 -0.5773512
vn -0.5773512 0.5773484 -0.5773512
vn -0.5773512 0.5773484 -0.5773512
vn -0.5773512 0.5773484 -0.5773512
vn -0.5773512 0.5773484 -0.5773512
vn -0.16017477 0 0.9870886
vn -0.16017477 0 0.9870886
vn -0.16017477 0 0.9870886
vn 0.16017477 0 0.9870886
vn 0.16017477 0 0.9870886
vn 0.16017477 0 0.9870886
vn 0.16017227 0 0.9870891
vn 0.16017227 0 0.9870891
vn -0.57735026 0.57735026 -0.57735026
vn -0.57735026 0.57735026 -0.57735026
vn -0.57735026 0.57735026 -0.57735026
vn -0.57735026 0.57735026 -0.57735026
vn -0.57735026 0.57735026 -0.57735026
vn -0.57735026 0.57735026 -0.57735026
vn -0.57735497 0.57735217 -0.57734364
vn -0.57735497 0.57735217 -0.57734364
vn -0.57735497 0.57735217 -0.57734364
vn -0.57735497 0.57735217 -0.57734364
vn -0.57735497 0.57735217 -0.57734364
vn -0.57735497 0.57735217 -0.57734364
vn -0.5773541 0.5773484 -0.5773484
vn -0.5773541 0.5773484 -0.5773484
vn -0.5773541 0.5773484 -0.5773484
vn -0.5773541 0.5773484 -0.5773484
vn -0.5773541 0.5773484 -0.5773484
vn -0.5773541 0.5773484 -0.5773484
vn -0.16017237 0 0.9870891
vn -0.16017237 0 0.9870891
vn -0.16017237 0 0.9870891
vn 0.16017237 0 0.9870891
vn 0.16017237 0 0.9870891
vn 0.16017237 0 0.9870891
vn 0.16017227 0 0.9870891
vn 0.16017227 0 0.9870891
vn 0.57735384 0.5773482 -0.5773489
vn 0.57735384 0.5773482 -0.5773489
vn 0.57735384 0.5773482 -0.5773489
vn 0.57735384 0.5773482 -0.5773489
vn 0.57735384 0.5773482 -0.5773489
vn 0.57735384 0.5773482 -0.5773489
vn -0.6178075 0.5560219 -0.55601585
vn -0.6178075 0.5560219 -0.55601585
vn -0.6178075 0.5560219 -0.55601585
vn -0.6178075 0.5560219 -0.55601585
vn -0.6178075 0.5560219 -0.55601585
vn -0.6178075 0.5560219 -0.55601585
vn -0.57735026 0.57735026 -0.57735026
vn -0.57735026 0.57735026 -0.57735026
vn -0.57735026 0.57735026 -0.57735026
vn -0.57735026 0.57735026 -0.57735026
vn -0.57735026 0.57735026 -0.57735026
vn -0.57735026 0.57735026 -0.57735026
vn -0.1601723 0 0.9870891
vn -0.1601723 0 0.9870891
vn -0.1601723 0 0.9870891
vn 0.1601723 0 0.9870891
vn 0.1601723 0 0.9870891
vn 0.1601723 0 0.9870891
vn 0.16017227 0 0.9870891
vn 0.16017227 0 0.9870891
vn 0.57735 0.57735 -0.57735074
vn 0.57735 0.57735 -0.57735074
vn 0.57735 0.57735 -0.57735074
vn 0.57735 0.57735 -0.57735074
vn 0.57735 0.57735 -0.57735074
vn 0.57735 0.57735 -0.57735074
vn -0.57735497 0.57735217 -0.57734364
vn -0.57735497 0.57735217 -0.57734364
vn -0.57735497 0.57735217 -0.57734364
vn -0.57735497 0.57735217 -0.57734364
vn -0.57735497 0.57735217 -0.57734364
vn -0.57735497 0.57735217 -0.57734364
vn -0.57735026 0.57735026 -0.57735026
vn -0.57735026 0.57735026 -0.57735026
vn -0.57735026 0.57735026 -0.57735026
vn -0.57735026 0.57735026 -0.57735026
vn -0.57735026 0.57735026 -0.57735026
vn -0.57735026 0.57735026 -0.57735026
vn -0.16017237 0 0.9870891
vn -0.16017237 0 0.9870891
vn -0.16017237 0 0.9870891
vn 0.16017237 0 0.9870891
vn 0.16017237 0 0.9870891
vn 0.16017237 0 0.9870891
vn 0.16017228 0 0.9870891
vn 0.16017228 0 0.9870891
vn 0.57735 0.57735 -0.57735074
vn 0.57735 0.57735 -0.57735074
vn 0.57735 0.57735 -0.57735074
vn 0.57735 0.57735 -0.57735074
vn 0.57735 0.57735 -0.57735074
vn 0.57735 0.57735 -0.57735074
vn 0.57735443 -0.5773524 0.57734394
vn 0.57735443 -0.5773524 0.57734394
vn 0.57735443 -0.5773524 0.57734394
vn 0.57735443 -0.5773524 0.57734394
vn 0.57735443 -0.5773524 0.57734394
vn 0.57735443 -0.5773524 0.57734394
vn -0 0 1
vn -0 0 1
vn -0 0 1
vn -0 0 1
vn -0 0 1
vn -0 0 1
vn -0.5773474 -0.5773446 0.5773588
vn -0.5773474 -0.5773446 0.5773588
vn -0.5773474 -0.5773446 0.5773588
vn -0.5773474 -0.5773446 0.5773588
vn -0.5773474 -0.5773446 0.5773588
vn -0.5773474 -0.5773446 0.5773588
vn -0.1601736 0 0.98708886
vn -0.1601736 0 0.98708886
vn -0.1601736 0 0.98708886
vn 0.1601736 0 0.98708886
vn 0.1601736 0 0.98708886
vn 0.1601736 0 0.98708886
vn 0.16017225 0 0.9870891
vn 0.16017225 0 0.9870891
vn -0 0 1
vn -0 0 1
vn -0 0 1
vn -0 0 1
vn -0 0 1
vn -0 0 1
vn -0.70710844 0 -0.70710504
vn -0.70710844 0 -0.70710504
vn -0.70710844 0 -0.70710504
vn -0.70710844 0 -0.70710504
vn -0.7071091 0 -0.70710444
vn -0.7071091 0 -0.70710444
vn 0.70710844 0 -0.70710504
vn 0.70710844 0 -0.70710504
vn 0.70710844 0 -0.70710504
vn 0.70710844 0 -0.70710504
vn 0.70710504 0 0.70710844
vn 0.70710504 0 0.70710844
vn 0.70710504 0 0.70710844
vn 0.70710504 0 0.70710844
vn 0.70710504 0 0.70710844
vn 0.70710504 0 0.70710844
vn 0.70710605 0 0.70710754
vn 0.70710605 0 0.70710754
vn -2.2772704E-06 0 -1
vn -2.2772704E-06 0 -1
vn -2.2772704E-06 0 -1
vn -2.2772704E-06 0 -1
vn -2.163398E-06 0 1
vn -2.163398E-06 0 1
vn -2.163398E-06 0 1
vn -2.163398E-06 0 1
vn 6.034139E-07 0 1
vn -0 0 1
vn 6.034139E-07 0 1
vn -0 0 1
vn -0 0 1
vn -0 0 1
vn -0 0 1
vn -0 0 1
vn -0 0 1
vn -0 0 1
vn -6.747865E-07 0 1
vn 2.163398E-06 0 1
vn -6.747865E-07 0 1
vn 2.163398E-06 0 1
vn 2.163398E-06 0 1
vn 2.163398E-06 0 1
vn -0.70710504 0 0.70710844
vn -0.70710504 0 0.70710844
vn -0.70710504 0 0.70710844
vn -0.70710504 0 0.70710844
vn -0.70710844 0 -0.70710504
vn -0.70710844 0 -0.70710504
vn -0.70710844 0 -0.70710504
vn -0.70710844 0 -0.70710504
vn 0.70710844 0 -0.70710504
vn 0.70710844 0 -0.70710504
vn 0.70710844 0 -0.70710504
vn 0.70710844 0 -0.70710504
vn 0.7071081 0 -0.70710546
vn 0.7322216 -0.014009683 0.6809224
vn 0.7322216 -0.014009683 0.6809224
vn 0.7322216 -0.014009683 0.6809224
vn 0.7322216 -0.014009683 0.6809224
vn -0.732218 -0.014009616 0.68092626
vn -0.732218 -0.014009616 0.68092626
vn -0.732218 -0.014009616 0.68092626
vn -0.732218 -0.014009616 0.68092626
vn -3.20093E-06 -0.024955051 0.9996886
vn -3.20093E-06 -0.024955051 0.9996886
vn -3.20093E-06 -0.024955051 0.9996886
vn -3.20093E-06 -0.024955051 0.9996886
vn -3.7266236E-06 -0.024956575 0.9996885
vn -3.7266236E-06 -0.024956575 0.9996885
vn -1.1256167E-06 -0.024953606 0.9996886
vn -1.1256167E-06 -0.024953606 0.9996886
vn -1.1256167E-06 -0.024953606 0.9996886
vn -1.1256167E-06 -0.024953606 0.9996886
vn -1.0558051E-06 -0.024956416 0.9996885
vn -1.0558051E-06 -0.024956416 0.9996885
vn -1.0558051E-06 -0.024956416 0.9996885
vn -1.0558051E-06 -0.024956416 0.9996885
vn 1.0558098E-06 -0.024955122 0.9996886
vn 1.0558098E-06 -0.024955122 0.9996886
vn 1.0558098E-06 -0.024955122 0.9996886
vn 1.0558098E-06 -0.024955122 0.9996886
vn 3.797718E-06 -0.024955407 0.9996886
vn 3.797718E-06 -0.024955407 0.9996886
vn -0.70710844 0 -0.70710504
vn -0.70710844 0 -0.70710504
vn -0.70710844 0 -0.70710504
vn -0.70710844 0 -0.70710504
vn -0.7071076 0 -0.70710593
vn -0.7071076 0 -0.70710593
vn -0.7071107 0 -0.70710284
vn -0.7071107 0 -0.70710284
vn 0.70710844 0 -0.70710504
vn 0.70710844 0 -0.70710504
vn 0.70710844 0 -0.70710504
vn 0.70710844 0 -0.70710504
vn 0.70710844 0 -0.70710504
vn 0.70710844 0 -0.70710504
vn 0.7197698 0.19402273 0.6665483
vn 0.7197698 0.19402273 0.6665483
vn 0.7197698 0.19402273 0.6665483
vn 0.7197698 0.19402273 0.6665483
vn -2.8389427E-06 0.24133961 0.97044075
vn -2.8389427E-06 0.24133961 0.97044075
vn -2.8389427E-06 0.24133961 0.97044075
vn -2.8389427E-06 0.24133961 0.97044075
vn -1.2642781E-06 0.2413393 0.97044086
vn -1.2642781E-06 0.2413393 0.97044086
vn -1.2642781E-06 0.2413393 0.97044086
vn -1.2642781E-06 0.2413393 0.97044086
vn -9.463224E-07 0.24134046 0.9704405
vn -9.463224E-07 0.24134046 0.9704405
vn -9.463224E-07 0.24134046 0.9704405
vn -9.463224E-07 0.24134046 0.9704405
vn -0 0.24133961 0.97044075
vn -0 0.24133961 0.97044075
vn -0 0.24133961 0.97044075
vn -0 0.24133961 0.97044075
vn -0.7197707 0.1940217 0.66654766
vn -0.7197707 0.1940217 0.66654766
vn -0.7197707 0.1940217 0.66654766
vn -0.7197707 0.1940217 0.66654766
vn -0.70710766 -0.7071059 0
vn -0.70710766 -0.7071059 0
vn -0.70710766 -0.7071059 0
vn -0.70710766 -0.7071059 0
vn -0.7071036 0 0.70710987
vn -0.7071036 0 0.70710987
vn -0.7071036 0 0.70710987
vn -0.7071036 0 0.70710987
vn -0.6537369 0.756722 0
vn -0.6537369 0.756722 0
vn -0.6537369 0.756722 0
vn -0.6537369 0.756722 0
vn -0.10718781 0.6989332 -0.707109
vn -0.10718781 0.6989332 -0.707109
vn -0.10718781 0.6989332 -0.707109
vn -0.10718781 0.6989332 -0.707109
vn 0.7071076 0 -0.70710593
vn 0.7071076 0 -0.70710593
vn 0.7071076 0 -0.70710593
vn 0.7071076 0 -0.70710593
vn 0.70710766 -0.7071059 0
vn 0.70710766 -0.7071059 0
vn 0.70710766 -0.7071059 0
vn 0.70710766 -0.7071059 0
vn 0.6513138 0.75880855 0
vn 0.6513138 0.75880855 0
vn 0.6513138 0.75880855 0
vn 0.6513138 0.75880855 0
vn 0.7071046 0 0.70710886
vn 0.7071046 0 0.70710886
vn 0.7071046 0 0.70710886
vn 0.7071046 0 0.70710886
vn 0.10271116 0.69960594 0.7071081
vn 0.10271116 0.69960594 0.7071081
vn 0.10271116 0.69960594 0.7071081
vn 0.10271116 0.69960594 0.7071081
vn -0.70710623 -0.36197624 0.6074322
vn -0.70710623 -0.36197624 0.6074322
vn -0.70710623 -0.36197624 0.6074322
vn -0.70710623 -0.36197624 0.6074322
vn -0.7071055 0 0.707108
vn -0.7071055 0 0.707108
vn -0.7071055 0 0.707108
vn -0.7071055 0 0.707108
vn -0.70710677 0 -0.70710677
vn -0.70710677 0 -0.70710677
vn -0.70710677 0 -0.70710677
vn -0.70710677 0 -0.70710677
vn 0.7071071 0 -0.70710635
vn 0.7071071 0 -0.70710635
vn 0.7071071 0 -0.70710635
vn 0.7071071 0 -0.70710635
vn 0.7071071 0 -0.70710635
vn 0.7071071 0 -0.70710635
vn 0.70710844 0 -0.70710504
vn 0.70710844 0 -0.70710504
vn 0.70710844 0 -0.70710504
vn 0.70710844 0 -0.70710504
vn 0.70710397 0 0.7071095
vn 0.70710397 0 0.7071095
vn 0.70710397 0 0.7071095
vn 0.70710397 0 0.7071095
vn 0.70710564 0 0.7071079
vn 0.70710564 0 0.7071079
vn 0.70710564 0 0.7071079
vn 0.70710564 0 0.7071079
vn 3.3624433E-06 -0.2654827 0.9641156
vn 3.3624433E-06 -0.2654827 0.9641156
vn 3.3624433E-06 -0.2654827 0.9641156
vn 3.3624433E-06 -0.2654827 0.9641156
vn 2.7248839E-06 -0.7071073 -0.70710623
vn 2.7248839E-06 -0.7071073 -0.70710623
vn 2.7248839E-06 -0.7071073 -0.70710623
vn 4.7715105E-07 -0.70710665 -0.7071068
vn 4.7715105E-07 -0.70710665 -0.7071068
vn 4.7715105E-07 -0.70710665 -0.7071068
vn 4.7715105E-07 -0.70710665 -0.7071068
vn 0.1027053 0.69960505 -0.70710987
vn 0.1027053 0.69960505 -0.70710987
vn 0.1027053 0.69960505 -0.70710987
vn 0.1027053 0.69960505 -0.70710987
vn -0.19241068 0.68042713 -0.7071046
vn -0.19241068 0.68042713 -0.7071046
vn -0.19241068 0.68042713 -0.7071046
vn -0.19241068 0.68042713 -0.7071046
vn 0.19345638 0.68012863 -0.7071066
vn 0.19345638 0.68012863 -0.7071066
vn 0.19345638 0.68012863 -0.7071066
vn 0.19345638 0.68012863 -0.7071066
vn 2.5912786E-06 -0.70710903 0.7071045
vn 2.5912786E-06 -0.70710903 0.7071045
vn 2.5912786E-06 -0.70710903 0.7071045
vn 4.2668302E-07 -0.70710665 0.7071068
vn 4.2668302E-07 -0.70710665 0.7071068
vn 4.2668302E-07 -0.70710665 0.7071068
vn 4.2668302E-07 -0.70710665 0.7071068
vn -0.10719419 0.69893277 0.70710844
vn -0.10719419 0.69893277 0.70710844
vn -0.10719419 0.69893277 0.70710844
vn -0.10719419 0.69893277 0.70710844
vn 3.474069E-07 0.707104 0.7071095
vn 3.474069E-07 0.707104 0.7071095
vn 3.474069E-07 0.707104 0.7071095
vn 3.474069E-07 0.707104 0.7071095
vn -0.19241184 0.68042636 0.7071051
vn -0.19241184 0.68042636 0.7071051
vn -0.19241184 0.68042636 0.7071051
vn -0.19241184 0.68042636 0.7071051
vn -3.4952604E-06 -0.26548344 0.9641155
vn -3.4952604E-06 -0.26548344 0.9641155
vn -3.4952604E-06 -0.26548344 0.9641155
vn -3.4952604E-06 -0.26548344 0.9641155
vn 8.2827756E-07 -0.26548362 0.9641154
vn 8.2827756E-07 -0.26548362 0.9641154
vn 8.2827756E-07 -0.26548362 0.9641154
vn 8.2827756E-07 -0.26548362 0.9641154
vn -5.983312E-07 -0.2654829 0.9641156
vn -5.983312E-07 -0.2654829 0.9641156
vn -5.983312E-07 -0.2654829 0.9641156
vn -5.983312E-07 -0.2654829 0.9641156
vn 0.3158147 0.05102046 -0.9474482
vn 0.3158147 0.05102046 -0.9474482
vn 0.3158147 0.05102046 -0.9474482
vn 0.3158147 0.05102046 -0.9474482
vn 0.3158147 0.05102046 -0.9474482
vn 0.3158147 0.05102046 -0.9474482
vn -0 0 -1
vn -0 0 -1
vn -0 0 -1
vn -0 0 -1
vn -0.31581247 0.051020194 -0.94744897
vn -0.31581247 0.051020194 -0.94744897
vn -0.31581247 0.051020194 -0.94744897
vn -0.31581247 0.051020194 -0.94744897
vn -0.31581247 0.051020194 -0.94744897
vn -0.31581247 0.051020194 -0.94744897
vn -0.07982154 0.012894988 0.9967257
vn -0.07982154 0.012894988 0.9967257
vn -0.07982154 0.012894988 0.9967257
vn -0.07982154 0.012894988 0.9967257
vn -0.07643579 0.013433622 0.99698395
vn -0.07643579 0.013433622 0.99698395
vn -0.07643579 0.013433622 0.99698395
vn -0.07643579 0.013433622 0.99698395
vn 0.07982158 0.012894982 0.9967257
vn 0.07982158 0.012894982 0.9967257
vn 0.07982158 0.012894982 0.9967257
vn 0.07982158 0.012894982 0.9967257
vn 0.062432583 0.99804926 0
vn 0.062432583 0.99804926 0
vn 0.062432583 0.99804926 0
vn 0.062432583 0.99804926 0
vn -0.13735035 0.99052244 0
vn -0.13735035 0.99052244 0
vn -0.13735035 0.99052244 0
vn -0.13735035 0.99052244 0
vn -0.06485142 0.99789494 0
vn -0.06485142 0.99789494 0
vn -0.06485142 0.99789494 0
vn -0.06485142 0.99789494 0
vn -0.08005561 -0.0088704545 0.99675095
vn -0.08005561 -0.0088704545 0.99675095
vn -0.08005561 -0.0088704545 0.99675095
vn -0.08005561 -0.0088704545 0.99675095
vn -0.07856449 -0.0037838623 0.99690187
vn -0.07856449 -0.0037838623 0.99690187
vn -0.07856449 -0.0037838623 0.99690187
vn -0.07856449 -0.0037838623 0.99690187
vn 0.08006448 -0.008872092 0.99675024
vn 0.08006448 -0.008872092 0.99675024
vn 0.08006448 -0.008872092 0.99675024
vn 0.08006448 -0.008872092 0.99675024
vn 0.46689707 -0.025869247 -0.8839332
vn 0.46689707 -0.025869247 -0.8839332
vn 0.46689707 -0.025869247 -0.8839332
vn 0.46689707 -0.025869247 -0.8839332
vn 0.46689707 -0.025869247 -0.8839332
vn 0.46689707 -0.025869247 -0.8839332
vn -0.31476277 -0.014803043 -0.9490549
vn -0.31476277 -0.014803043 -0.9490549
vn -0.31476277 -0.014803043 -0.9490549
vn -0.31476277 -0.014803043 -0.9490549
vn 7.476916E-07 0 -1
vn 7.476916E-07 0 -1
vn 7.476916E-07 0 -1
vn -4.2668302E-07 -0.70710665 -0.7071068
vn -4.2668302E-07 -0.70710665 -0.7071068
vn -4.2668302E-07 -0.70710665 -0.7071068
vn -4.2668302E-07 -0.70710665 -0.7071068
vn -3.474069E-07 0.707104 -0.7071095
vn -3.474069E-07 0.707104 -0.7071095
vn -3.474069E-07 0.707104 -0.7071095
vn -3.474069E-07 0.707104 -0.7071095
vn 5.290396E-07 -0.707104 0.7071095
vn 5.290396E-07 -0.707104 0.7071095
vn 5.290396E-07 -0.707104 0.7071095
vn 5.290396E-07 -0.707104 0.7071095
vn 0.19345729 0.68012846 0.7071064
vn 0.19345729 0.68012846 0.7071064
vn 0.19345729 0.68012846 0.7071064
vn 0.19345729 0.68012846 0.7071064
vn 5.6626504E-07 -0.26548398 0.96411526
vn 5.6626504E-07 -0.26548398 0.96411526
vn 5.6626504E-07 -0.26548398 0.96411526
vn 5.6626504E-07 -0.26548398 0.96411526
vn 0.31475353 -0.01480333 -0.949058
vn 0.31475353 -0.01480333 -0.949058
vn 0.31475353 -0.01480333 -0.949058
vn 0.31475353 -0.01480333 -0.949058
vn 0.31475353 -0.01480333 -0.949058
vn 0.31475353 -0.01480333 -0.949058
vn 0.07856251 -0.003783828 0.9969021
vn 0.07856251 -0.003783828 0.9969021
vn 0.07856251 -0.003783828 0.9969021
vn 0.07856251 -0.003783828 0.9969021
vn 0.13811767 0.9904158 0
vn 0.13811767 0.9904158 0
vn 0.13811767 0.9904158 0
vn 0.13811767 0.9904158 0
vn 0.07643578 0.013433164 0.99698395
vn 0.07643578 0.013433164 0.99698395
vn 0.07643578 0.013433164 0.99698395
vn 0.07643578 0.013433164 0.99698395
vn -0 -1.3669569E-07 -1
vn -0 -1.3669569E-07 -1
vn -0 -1.3669569E-07 -1
vn -0.70710367 0 0.70710987
vn -0.70710367 0 0.70710987
vn -0.70710367 0 0.70710987
vn -0.70710367 0 0.70710987
vn -0.7071044 0 0.7071091
vn -0.7071044 0 0.7071091
vn -0.7071044 0 0.7071091
vn -0.7071044 0 0.7071091
vn -0.707105 0 0.7071085
vn -0.707105 0 0.7071085
vn -0.707105 0 0.7071085
vn -0.707105 0 0.7071085
vn -0.7071048 0 0.70710874
vn -0.7071048 0 0.70710874
vn -0.7071048 0 0.70710874
vn -0.7071048 0 0.70710874
vn -0.7071085 0 -0.707105
vn -0.7071085 0 -0.707105
vn -0.7071085 0 -0.707105
vn -0.7071085 0 -0.707105
vn -0.70710754 0 -0.70710605
vn -0.70710754 0 -0.70710605
vn -0.70710754 0 -0.70710605
vn -0.70710754 0 -0.70710605
vn -0.7071077 0 -0.7071058
vn -0.7071077 0 -0.7071058
vn -0.7071077 0 -0.7071058
vn -0.7071077 0 -0.7071058
vn 0.7071091 0 -0.70710444
vn 0.7071091 0 -0.70710444
vn 0.7071091 0 -0.70710444
vn 0.7071091 0 -0.70710444
vn 0.7071091 0 -0.70710444
vn 0.7071091 0 -0.70710444
vn 0.7071085 0 -0.707105
vn 0.7071085 0 -0.707105
vn 0.7071085 0 -0.707105
vn 0.7071085 0 -0.707105
vn 0.70710754 0 -0.70710593
vn 0.70710754 0 -0.70710593
vn 0.70710754 0 -0.70710593
vn 0.70710754 0 -0.70710593
vn 0.7071077 0 -0.7071058
vn 0.7071077 0 -0.7071058
vn 0.7071077 0 -0.7071058
vn 0.7071077 0 -0.7071058
vn 0.70710576 0 0.7071077
vn 0.70710576 0 0.7071077
vn 0.70710576 0 0.7071077
vn 0.70710576 0 0.7071077
vn 0.7071045 0 0.70710903
vn 0.7071045 0 0.70710903
vn 0.7071045 0 0.70710903
vn 0.7071045 0 0.70710903
vn 0.7071047 0 0.7071088
vn 0.7071047 0 0.7071088
vn 0.7071047 0 0.7071088
vn 0.7071047 0 0.7071088
vn -2.4037931E-06 5.984985E-07 -1
vn -2.4037931E-06 5.984985E-07 -1
vn -2.4037931E-06 5.984985E-07 -1
vn -2.4037968E-06 2.898672E-07 -1
vn -2.4037968E-06 2.898672E-07 -1
vn -2.4037968E-06 2.898672E-07 -1
vn 2.403757E-06 -3.085079E-07 -1
vn 2.403757E-06 -3.085079E-07 -1
vn 2.403757E-06 -3.085079E-07 -1
vn 2.4037518E-06 -2.898618E-07 -1
vn 2.4037518E-06 -2.898618E-07 -1
vn 2.4037518E-06 -2.898618E-07 -1
vn 2.4037377E-06 -2.961973E-07 -1
vn 2.4037377E-06 -2.961973E-07 -1
vn 2.4037377E-06 -2.961973E-07 -1
vn -0.07977938 -0.03502434 0.9961971
vn -0.07977938 -0.03502434 0.9961971
vn -0.07977938 -0.03502434 0.9961971
vn -0.07977938 -0.03502434 0.9961971
vn -0.16017886 0 0.9870881
vn -0.16017886 0 0.9870881
vn -0.16017886 0 0.9870881
vn -0.16017886 0 0.9870881
vn -0.16017947 0 0.98708797
vn -0.16017947 0 0.98708797
vn -0.16017947 0 0.98708797
vn -0.16017947 0 0.98708797
vn -0.16017933 0 0.98708797
vn -0.16017933 0 0.98708797
vn -0.16017933 0 0.98708797
vn -0.16017933 0 0.98708797
vn -0.06986867 -0.039301828 0.9967817
vn -0.06986867 -0.039301828 0.9967817
vn -0.06986867 -0.039301828 0.9967817
vn -0.06986867 -0.039301828 0.9967817
vn -0.16017228 0 0.9870891
vn -0.16017228 0 0.9870891
vn -0.16017228 0 0.9870891
vn -0.16017228 0 0.9870891
vn -0.16017231 0 0.9870891
vn -0.16017231 0 0.9870891
vn -0.16017231 0 0.9870891
vn -0.16017231 0 0.9870891
vn -0.16017233 0 0.9870891
vn -0.16017233 0 0.9870891
vn -0.16017233 0 0.9870891
vn -0.16017233 0 0.9870891
vn 0.07977938 -0.035024323 0.9961971
vn 0.07977938 -0.035024323 0.9961971
vn 0.07977938 -0.035024323 0.9961971
vn 0.07977938 -0.035024323 0.9961971
vn 0.16017886 0 0.9870881
vn 0.16017886 0 0.9870881
vn 0.16017886 0 0.9870881
vn 0.16017886 0 0.9870881
vn 0.16017947 0 0.98708797
vn 0.16017947 0 0.98708797
vn 0.16017947 0 0.98708797
vn 0.16017947 0 0.98708797
vn 0.16017868 0 0.9870881
vn 0.16017868 0 0.9870881
vn 0.16017868 0 0.9870881
vn 0.16017868 0 0.9870881
vn 0.06986865 -0.039300486 0.9967817
vn 0.06986865 -0.039300486 0.9967817
vn 0.06986865 -0.039300486 0.9967817
vn 0.06986865 -0.039300486 0.9967817
vn -0.70710677 0 0.70710677
vn -0.70710677 0 0.70710677
vn -0.70710677 0 0.70710677
vn -0.70710677 0 0.70710677
vn -0.7071086 0 -0.7071049
vn -0.7071086 0 -0.7071049
vn -0.7071086 0 -0.7071049
vn -0.7071086 0 -0.7071049
vn 0.7071086 0 -0.7071049
vn 0.7071086 0 -0.7071049
vn 0.7071086 0 -0.7071049
vn 0.7071086 0 -0.7071049
vn 0.7071055 0 0.707108
vn 0.7071055 0 0.707108
vn 0.7071055 0 0.707108
vn 0.7071055 0 0.707108
vn -0.16017912 0 0.98708797
vn -0.16017912 0 0.98708797
vn -0.16017912 0 0.98708797
vn -0.16017912 0 0.98708797
vn 0.16017912 0 0.98708797
vn 0.16017912 0 0.98708797
vn 0.16017912 0 0.98708797
vn 0.16017912 0 0.98708797
vn -0.7071056 0 0.70710796
vn -0.7071056 0 0.70710796
vn -0.7071056 0 0.70710796
vn -0.7071056 0 0.70710796
vn -0.7071078 0 -0.7071057
vn -0.7071078 0 -0.7071057
vn -0.7071078 0 -0.7071057
vn -0.7071078 0 -0.7071057
vn 0.7071078 0 -0.7071057
vn 0.7071078 0 -0.7071057
vn 0.7071078 0 -0.7071057
vn 0.7071078 0 -0.7071057
vn 0.70710474 0 0.7071088
vn 0.70710474 0 0.7071088
vn 0.70710474 0 0.7071088
vn 0.70710474 0 0.7071088
vn -0.16017908 0 0.98708797
vn -0.16017908 0 0.98708797
vn -0.16017908 0 0.98708797
vn -0.16017908 0 0.98708797
vn 0.1601796 0 0.98708797
vn 0.1601796 0 0.98708797
vn 0.1601796 0 0.98708797
vn 0.1601796 0 0.98708797
vn -0.70710456 0 0.7071089
vn -0.70710456 0 0.7071089
vn -0.70710456 0 0.7071089
vn -0.70710456 0 0.7071089
vn -0.7071081 0 -0.70710546
vn -0.7071081 0 -0.70710546
vn -0.7071081 0 -0.70710546
vn -0.7071081 0 -0.70710546
vn 0.7071081 0 -0.70710546
vn 0.7071081 0 -0.70710546
vn 0.7071081 0 -0.70710546
vn 0.7071081 0 -0.70710546
vn 0.707105 0 0.7071085
vn 0.707105 0 0.7071085
vn 0.707105 0 0.7071085
vn 0.707105 0 0.7071085
vn -0.1601791 0 0.98708797
vn -0.1601791 0 0.98708797
vn -0.1601791 0 0.98708797
vn -0.1601791 0 0.98708797
vn 0.1601791 0 0.98708797
vn 0.1601791 0 0.98708797
vn 0.1601791 0 0.98708797
vn 0.1601791 0 0.98708797
vn -0.70710444 0 0.70710903
vn -0.70710444 0 0.70710903
vn -0.70710444 0 0.70710903
vn -0.70710444 0 0.70710903
vn -0.7071074 0 -0.7071061
vn -0.7071074 0 -0.7071061
vn -0.7071074 0 -0.7071061
vn -0.7071074 0 -0.7071061
vn 0.7071074 0 -0.7071061
vn 0.7071074 0 -0.7071061
vn 0.7071074 0 -0.7071061
vn 0.7071074 0 -0.7071061
vn 0.7071043 0 0.70710915
vn 0.7071043 0 0.70710915
vn 0.7071043 0 0.70710915
vn 0.7071043 0 0.70710915
vn -0.16017939 0 0.98708797
vn -0.16017939 0 0.98708797
vn -0.16017939 0 0.98708797
vn -0.16017939 0 0.98708797
vn 0.1601789 0 0.9870881
vn 0.1601789 0 0.9870881
vn 0.1601789 0 0.9870881
vn 0.1601789 0 0.9870881
vn -0.7071111 0 -0.70710236
vn -0.7071111 0 -0.70710236
vn -0.7071111 0 -0.70710236
vn -0.7071111 0 -0.70710236
vn 0.7071111 0 -0.70710236
vn 0.7071111 0 -0.70710236
vn 0.7071111 0 -0.70710236
vn 0.7071111 0 -0.70710236
vn 0.7071081 0 0.7071054
vn 0.7071081 0 0.7071054
vn 0.7071081 0 0.7071054
vn 0.7071081 0 0.7071054
vn -0.16017896 0 0.98708797
vn -0.16017896 0 0.98708797
vn -0.16017896 0 0.98708797
vn -0.16017896 0 0.98708797
vn 0.16017896 0 0.98708797
vn 0.16017896 0 0.98708797
vn 0.16017896 0 0.98708797
vn 0.16017896 0 0.98708797
vn -0.70710564 0 0.7071079
vn -0.70710564 0 0.7071079
vn -0.70710564 0 0.7071079
vn -0.70710564 0 0.7071079
vn -0.70711017 0 -0.7071033
vn -0.70711017 0 -0.7071033
vn -0.70711017 0 -0.7071033
vn -0.70711017 0 -0.7071033
vn 0.70711017 0 -0.7071033
vn 0.70711017 0 -0.7071033
vn 0.70711017 0 -0.7071033
vn 0.70711017 0 -0.7071033
vn 0.70710677 0 0.70710677
vn 0.70710677 0 0.70710677
vn 0.70710677 0 0.70710677
vn 0.70710677 0 0.70710677
vn 0.70710677 0 0.70710677
vn 0.70710677 0 0.70710677
vn -0.078829706 0.1576563 0.9843426
vn -0.078829706 0.1576563 0.9843426
vn -0.078829706 0.1576563 0.9843426
vn -0.078829706 0.1576563 0.9843426
vn -0 0.3014992 0.9534664
vn -0 0.3014992 0.9534664
vn -0 0.3014992 0.9534664
vn 0.07882938 0.15765622 0.9843426
vn 0.07882938 0.15765622 0.9843426
vn 0.07882938 0.15765622 0.9843426
vn 0.07882938 0.15765622 0.9843426
vn -0 0.30148998 0.95346934
vn -0 0.30148998 0.95346934
vn -0 0.30148998 0.95346934
vn -0.7071052 0 0.70710826
vn -0.7071052 0 0.70710826
vn -0.7071052 0 0.70710826
vn -0.7071052 0 0.70710826
vn -0.7071081 0 -0.70710546
vn -0.7071081 0 -0.70710546
vn -0.7071081 0 -0.70710546
vn -0.7071081 0 -0.70710546
vn 0.7071081 0 -0.70710546
vn 0.7071081 0 -0.70710546
vn 0.7071081 0 -0.70710546
vn 0.7071041 -0.36197716 0.60743415
vn 0.7071041 -0.36197716 0.60743415
vn 0.7071041 -0.36197716 0.60743415
vn 0.7071041 -0.36197716 0.60743415
vn -0.7071108 0.33121923 0.62473047
vn -0.7071108 0.33121923 0.62473047
vn -0.7071108 0.33121923 0.62473047
vn -0.7071108 0.33121923 0.62473047
vn 6.2545064E-07 -0.024956685 0.9996885
vn 6.2545064E-07 -0.024956685 0.9996885
vn 6.2545064E-07 -0.024956685 0.9996885
vn 6.2545064E-07 -0.024956685 0.9996885
vn -6.4365304E-07 -0.024955334 0.9996886
vn -6.4365304E-07 -0.024955334 0.9996886
vn -6.4365304E-07 -0.024955334 0.9996886
vn -6.4365304E-07 -0.024955334 0.9996886
vn 0.7071107 0 -0.70710284
vn 0.7071107 0 -0.70710284
vn 0.7071107 0 -0.70710284
vn 0.7071107 0 -0.70710284
vn 0.7071108 0.331219 0.62473047
vn 0.7071108 0.331219 0.62473047
vn 0.7071108 0.331219 0.62473047
vn 0.7071108 0.331219 0.62473047
vn -0.7071046 0 0.70710886
vn -0.7071046 0 0.70710886
vn -0.7071046 0 0.70710886
vn -0.7071046 0 0.70710886
vn 3.7023037E-06 0.24133806 0.97044104
vn 3.7023037E-06 0.24133806 0.97044104
vn 3.7023037E-06 0.24133806 0.97044104
vn 3.7023037E-06 0.24133806 0.97044104
vn -3.5015564E-06 0.24134025 0.9704405
vn -3.5015564E-06 0.24134025 0.9704405
vn -3.5015564E-06 0.24134025 0.9704405
vn -3.5015564E-06 0.24134025 0.9704405
vn 9.459749E-07 0.24133928 0.97044086
vn 9.459749E-07 0.24133928 0.97044086
vn 9.459749E-07 0.24133928 0.97044086
vn 9.459749E-07 0.24133928 0.97044086
g Bookcase_0
f 3/3/3 2/2/2 1/1/1
f 4/4/4 3/3/3 1/1/1
f 7/7/7 6/6/6 5/5/5
f 8/8/8 7/7/7 5/5/5
f 6/6/6 9/9/9 5/5/5
f 9/9/9 10/10/10 5/5/5
f 10/10/10 9/9/9 11/11/11
f 9/9/9 12/12/12 11/11/11
f 12/12/12 13/13/13 11/11/11
f 13/13/13 14/14/14 11/11/11
f 14/14/14 13/13/13 15/15/15
f 13/13/13 16/16/16 15/15/15
f 19/19/19 18/18/18 17/17/17
f 20/20/20 19/19/19 17/17/17
f 23/23/23 22/22/22 21/21/21
f 24/24/24 23/23/23 21/21/21
f 27/27/27 26/26/26 25/25/25
f 28/28/28 27/27/27 25/25/25
f 31/31/31 30/30/30 29/29/29
f 32/32/32 31/31/31 29/29/29
f 31/31/31 32/32/32 33/33/33
f 34/34/34 31/31/31 33/33/33
f 35/35/35 34/34/34 33/33/33
f 36/36/36 35/35/35 33/33/33
f 35/35/35 36/36/36 37/37/37
f 38/38/38 35/35/35 37/37/37
f 39/39/39 38/38/38 37/37/37
f 40/40/40 39/39/39 37/37/37
f 41/41/41 35/35/35 38/38/38
f 42/42/42 41/41/41 38/38/38
f 44/44/44 43/43/43 39/39/39
f 45/45/45 44/44/44 39/39/39
f 48/48/48 47/47/47 46/46/46
f 49/49/49 48/48/48 46/46/46
f 52/52/52 51/51/51 50/50/50
f 50/50/50 53/53/53 52/52/52
f 50/50/50 54/54/54 53/53/53
f 54/54/54 55/55/55 53/53/53
f 58/58/58 57/57/57 56/56/56
f 59/59/59 58/58/58 56/56/56
f 62/62/62 61/61/61 60/60/60
f 60/60/60 63/63/63 62/62/62
f 60/60/60 64/64/64 63/63/63
f 64/64/64 65/65/65 63/63/63
f 68/68/68 67/67/67 66/66/66
f 69/69/69 68/68/68 66/66/66
f 67/67/67 70/70/70 66/66/66
f 70/70/70 71/71/71 66/66/66
f 74/74/74 73/73/73 72/72/72
f 75/75/75 74/74/74 72/72/72
f 73/73/73 76/76/76 72/72/72
f 76/76/76 77/77/77 72/72/72
f 80/80/80 79/79/79 78/78/78
f 81/81/81 80/80/80 78/78/78
f 79/79/79 82/82/82 78/78/78
f 82/82/82 83/83/83 78/78/78
f 86/86/86 85/85/85 84/84/84
f 89/89/89 88/88/88 87/87/87
f 92/92/92 91/91/91 90/90/90
f 91/91/91 93/93/93 90/90/90
f 96/96/96 95/95/95 94/94/94
f 99/99/99 98/98/98 97/97/97
f 98/98/98 99/99/99 100/100/100
f 98/98/98 100/100/100 101/101/101
f 99/99/99 102/102/102 100/100/100
f 102/102/102 103/103/103 100/100/100
f 102/102/102 104/104/104 103/103/103
f 102/102/102 105/105/105 104/104/104
f 105/105/105 106/106/106 104/104/104
f 103/103/103 104/104/104 107/107/107
f 107/107/107 108/108/108 103/103/103
f 107/107/107 109/109/109 108/108/108
f 112/112/112 111/111/111 110/110/110
f 115/115/115 114/114/114 113/113/113
f 118/118/118 117/117/117 116/116/116
f 119/119/119 118/118/118 116/116/116
f 117/117/117 120/120/120 116/116/116
f 120/120/120 121/121/121 116/116/116
f 124/124/124 123/123/123 122/122/122
f 122/122/122 125/125/125 124/124/124
f 122/122/122 126/126/126 125/125/125
f 126/126/126 127/127/127 125/125/125
f 128/128/128 124/124/124 125/125/125
f 129/129/129 128/128/128 125/125/125
f 132/132/132 131/131/131 130/130/130
f 130/130/130 133/133/133 132/132/132
f 130/130/130 134/134/134 133/133/133
f 134/134/134 135/135/135 133/133/133
f 138/138/138 137/137/137 136/136/136
f 139/139/139 138/138/138 136/136/136
f 142/142/142 141/141/141 140/140/140
f 140/140/140 143/143/143 142/142/142
f 143/143/143 144/144/144 142/142/142
f 143/143/143 145/145/145 144/144/144
f 140/140/140 146/146/146 143/143/143
f 146/146/146 147/147/147 143/143/143
f 150/150/150 149/149/149 148/148/148
f 148/148/148 151/151/151 150/150/150
f 148/148/148 152/152/152 151/151/151
f 152/152/152 153/153/153 151/151/151
f 152/152/152 154/154/154 153/153/153
f 157/157/157 156/156/156 155/155/155
f 160/160/160 159/159/159 158/158/158
f 163/163/163 162/162/162 161/161/161
f 166/166/166 165/165/165 164/164/164
f 167/167/167 166/166/166 164/164/164
f 170/170/170 169/169/169 168/168/168
f 171/171/171 170/170/170 168/168/168
f 174/174/174 173/173/173 172/172/172
f 175/175/175 174/174/174 172/172/172
f 172/172/172 176/176/176 175/175/175
f 176/176/176 177/177/177 175/175/175
f 174/174/174 175/175/175 178/178/178
f 179/179/179 174/174/174 178/178/178
f 180/180/180 179/179/179 178/178/178
f 181/181/181 180/180/180 178/178/178
f 179/179/179 182/182/182 174/174/174
f 182/182/182 183/183/183 174/174/174
f 180/180/180 181/181/181 184/184/184
f 181/181/181 185/185/185 184/184/184
f 185/185/185 186/186/186 184/184/184
f 184/184/184 186/186/186 187/187/187
f 187/187/187 188/188/188 184/184/184
f 188/188/188 189/189/189 184/184/184
f 189/189/189 180/180/180 184/184/184
f 186/186/186 190/190/190 187/187/187
f 191/191/191 185/185/185 181/181/181
f 178/178/178 191/191/191 181/181/181
f 193/193/193 192/192/192 187/187/187
f 194/194/194 193/193/193 187/187/187
f 197/197/197 196/196/196 195/195/195
f 195/195/195 198/198/198 197/197/197
f 195/195/195 199/199/199 198/198/198
f 195/195/195 200/200/200 199/199/199
f 203/203/203 202/202/202 201/201/201
f 204/204/204 203/203/203 201/201/201
f 207/207/207 206/206/206 205/205/205
f 208/208/208 207/207/207 205/205/205
f 211/211/211 210/210/210 209/209/209
f 212/212/212 211/211/211 209/209/209
f 215/215/215 214/214/214 213/213/213
f 216/216/216 215/215/215 213/213/213
f 219/219/219 218/218/218 217/217/217
f 220/220/220 219/219/219 217/217/217
f 217/217/217 221/221/221 220/220/220
f 221/221/221 222/222/222 220/220/220
f 225/225/225 224/224/224 223/223/223
f 226/226/226 225/225/225 223/223/223
f 224/224/224 227/227/227 223/223/223
f 227/227/227 228/228/228 223/223/223
f 231/231/231 230/230/230 229/229/229
f 232/232/232 231/231/231 229/229/229
f 229/229/229 233/233/233 232/232/232
f 233/233/233 234/234/234 232/232/232
f 234/234/234 235/235/235 232/232/232
f 235/235/235 236/236/236 232/232/232
f 231/231/231 232/232/232 236/236/236
f 236/236/236 235/235/235 237/237/237
f 237/237/237 238/238/238 236/236/236
f 238/238/238 239/239/239 236/236/236
f 239/239/239 231/231/231 236/236/236
f 239/239/239 240/240/240 231/231/231
f 240/240/240 241/241/241 231/231/231
f 238/238/238 237/237/237 242/242/242
f 243/243/243 238/238/238 242/242/242
f 244/244/244 243/243/243 242/242/242
f 245/245/245 244/244/244 242/242/242
f 242/242/242 246/246/246 245/245/245
f 246/246/246 247/247/247 245/245/245
f 235/235/235 248/248/248 237/237/237
f 251/251/251 250/250/250 249/249/249
f 252/252/252 251/251/251 249/249/249
f 249/249/249 253/253/253 252/252/252
f 253/253/253 254/254/254 252/252/252
f 251/251/251 252/252/252 255/255/255
f 256/256/256 251/251/251 255/255/255
f 257/257/257 256/256/256 255/255/255
f 258/258/258 257/257/257 255/255/255
f 257/257/257 258/258/258 259/259/259
f 258/258/258 260/260/260 259/259/259
f 260/260/260 261/261/261 259/259/259
f 259/259/259 261/261/261 262/262/262
f 262/262/262 263/263/263 259/259/259
f 263/263/263 264/264/264 259/259/259
f 264/264/264 257/257/257 259/259/259
f 261/261/261 265/265/265 262/262/262
f 265/265/265 266/266/266 262/262/262
f 266/266/266 267/267/267 262/262/262
f 268/268/268 260/260/260 258/258/258
f 255/255/255 268/268/268 258/258/258
f 271/271/271 270/270/270 269/269/269
f 272/272/272 271/271/271 269/269/269
f 275/275/275 274/274/274 273/273/273
f 276/276/276 275/275/275 273/273/273
f 279/279/279 278/278/278 277/277/277
f 280/280/280 279/279/279 277/277/277
f 279/279/279 280/280/280 281/281/281
f 282/282/282 279/279/279 281/281/281
f 284/284/284 283/283/283 281/281/281
f 285/285/285 284/284/284 281/281/281
f 287/287/287 285/285/285 286/286/286
f 288/288/288 287/287/287 286/286/286
f 289/289/289 288/288/288 286/286/286
f 290/290/290 289/289/289 286/286/286
f 293/293/293 292/292/292 291/291/291
f 294/294/294 293/293/293 291/291/291
f 297/297/297 296/296/296 295/295/295
f 298/298/298 297/297/297 295/295/295
f 295/295/295 299/299/299 298/298/298
f 299/299/299 300/300/300 298/298/298
f 303/303/303 302/302/302 301/301/301
f 304/304/304 303/303/303 301/301/301
f 307/307/307 306/306/306 305/305/305
f 308/308/308 307/307/307 305/305/305
f 306/306/306 309/309/309 305/305/305
f 309/309/309 310/310/310 305/305/305
f 313/313/313 312/312/312 311/311/311
f 314/314/314 313/313/313 311/311/311
f 311/311/311 315/315/315 314/314/314
f 315/315/315 316/316/316 314/314/314
f 316/316/316 317/317/317 314/314/314
f 317/317/317 318/318/318 314/314/314
f 313/313/313 314/314/314 318/318/318
f 318/318/318 317/317/317 319/319/319
f 319/319/319 320/320/320 318/318/318
f 320/320/320 321/321/321 318/318/318
f 321/321/321 313/313/313 318/318/318
f 320/320/320 319/319/319 322/322/322
f 323/323/323 320/320/320 322/322/322
f 324/324/324 323/323/323 322/322/322
f 325/325/325 324/324/324 322/322/322
f 326/326/326 320/320/320 323/323/323
f 327/327/327 326/326/326 323/323/323
f 322/322/322 328/328/328 325/325/325
f 328/328/328 329/329/329 325/325/325
f 317/317/317 330/330/330 319/319/319
f 332/332/332 331/331/331 324/324/324
f 333/333/333 332/332/332 324/324/324
f 336/336/336 335/335/335 334/334/334
f 334/334/334 337/337/337 336/336/336
f 334/334/334 338/338/338 337/337/337
f 341/341/341 340/340/340 339/339/339
f 342/342/342 341/341/341 339/339/339
f 345/345/345 344/344/344 343/343/343
f 343/343/343 347/347/347 346/346/346
f 350/350/350 349/349/349 348/348/348
f 353/353/353 352/352/352 351/351/351
f 356/356/356 355/355/355 354/354/354
f 358/358/358 357/357/357 356/356/356
f 361/361/361 360/360/360 359/359/359
f 364/364/364 363/363/363 362/362/362
f 364/364/364 365/365/365 363/363/363
f 364/364/364 366/366/366 365/365/365
f 366/366/366 367/367/367 365/365/365
f 367/367/367 368/368/368 365/365/365
f 367/367/367 369/369/369 368/368/368
f 367/367/367 370/370/370 369/369/369
f 370/370/370 371/371/371 369/369/369
f 368/368/368 369/369/369 372/372/372
f 372/372/372 373/373/373 368/368/368
f 372/372/372 374/374/374 373/373/373
f 377/377/377 376/376/376 375/375/375
f 375/375/375 378/378/378 377/377/377
f 378/378/378 379/379/379 377/377/377
f 375/375/375 380/380/380 378/378/378
f 380/380/380 381/381/381 378/378/378
f 383/383/383 382/382/382 379/379/379
f 386/386/386 385/385/385 384/384/384
f 384/384/384 387/387/387 386/386/386
f 384/384/384 388/388/388 387/387/387
f 384/384/384 389/389/389 388/388/388
f 392/392/392 391/391/391 390/390/390
f 393/393/393 392/392/392 390/390/390
f 390/390/390 394/394/394 393/393/393
f 394/394/394 395/395/395 393/393/393
f 392/392/392 393/393/393 396/396/396
f 397/397/397 392/392/392 396/396/396
f 398/398/398 397/397/397 396/396/396
f 399/399/399 398/398/398 396/396/396
f 396/396/396 400/400/400 399/399/399
f 400/400/400 401/401/401 399/399/399
f 403/403/403 402/402/402 392/392/392
f 404/404/404 403/403/403 392/392/392
f 407/407/407 406/406/406 405/405/405
f 408/408/408 407/407/407 405/405/405
f 405/405/405 409/409/409 408/408/408
f 409/409/409 410/410/410 408/408/408
f 413/413/413 412/412/412 411/411/411
f 414/414/414 413/413/413 411/411/411
f 411/411/411 415/415/415 414/414/414
f 415/415/415 416/416/416 414/414/414
f 419/419/419 418/418/418 417/417/417
f 417/417/417 420/420/420 419/419/419
f 417/417/417 421/421/421 420/420/420
f 417/417/417 422/422/422 421/421/421
f 425/425/425 424/424/424 423/423/423
f 426/426/426 425/425/425 423/423/423
f 429/429/429 428/428/428 427/427/427
f 430/430/430 429/429/429 427/427/427
f 433/433/433 432/432/432 431/431/431
f 434/434/434 433/433/433 431/431/431
f 432/432/432 435/435/435 431/431/431
f 435/435/435 436/436/436 431/431/431
f 436/436/436 435/435/435 437/437/437
f 435/435/435 438/438/438 437/437/437
f 441/441/441 440/440/440 439/439/439
f 442/442/442 441/441/441 439/439/439
f 445/445/445 444/444/444 443/443/443
f 448/448/448 447/447/447 446/446/446
f 447/447/447 449/449/449 446/446/446
f 449/449/449 450/450/450 446/446/446
f 453/453/453 452/452/452 451/451/451
f 456/456/456 455/455/455 454/454/454
f 459/459/459 458/458/458 457/457/457
f 459/459/459 460/460/460 458/458/458
f 459/459/459 461/461/461 460/460/460
f 461/461/461 462/462/462 460/460/460
f 462/462/462 463/463/463 460/460/460
f 462/462/462 464/464/464 463/463/463
f 462/462/462 465/465/465 464/464/464
f 465/465/465 466/466/466 464/464/464
f 463/463/463 464/464/464 467/467/467
f 467/467/467 468/468/468 463/463/463
f 467/467/467 469/469/469 468/468/468
f 472/472/472 471/471/471 470/470/470
f 473/473/473 472/472/472 470/470/470
f 476/476/476 475/475/475 474/474/474
f 479/479/479 478/478/478 477/477/477
f 478/478/478 480/480/480 477/477/477
f 480/480/480 481/481/481 477/477/477
f 484/484/484 483/483/483 482/482/482
f 487/487/487 486/486/486 485/485/485
f 490/490/490 489/489/489 488/488/488
f 490/490/490 491/491/491 489/489/489
f 490/490/490 492/492/492 491/491/491
f 492/492/492 493/493/493 491/491/491
f 493/493/493 494/494/494 491/491/491
f 493/493/493 495/495/495 494/494/494
f 493/493/493 496/496/496 495/495/495
f 496/496/496 497/497/497 495/495/495
f 494/494/494 495/495/495 498/498/498
f 498/498/498 499/499/499 494/494/494
f 498/498/498 500/500/500 499/499/499
f 503/503/503 502/502/502 501/501/501
f 504/504/504 503/503/503 501/501/501
f 507/507/507 506/506/506 505/505/505
f 508/508/508 507/507/507 505/505/505
f 511/511/511 510/510/510 509/509/509
f 512/512/512 511/511/511 509/509/509
f 515/515/515 514/514/514 513/513/513
f 516/516/516 515/515/515 513/513/513
f 519/519/519 518/518/518 517/517/517
f 520/520/520 519/519/519 517/517/517
f 523/523/523 522/522/522 521/521/521
f 524/524/524 523/523/523 521/521/521
f 523/523/523 524/524/524 525/525/525
f 526/526/526 523/523/523 525/525/525
f 527/527/527 526/526/526 525/525/525
f 528/528/528 527/527/527 525/525/525
f 525/525/525 529/529/529 528/528/528
f 529/529/529 530/530/530 528/528/528
f 533/533/533 532/532/532 531/531/531
f 534/534/534 533/533/533 531/531/531
f 537/537/537 536/536/536 535/535/535
f 538/538/538 537/537/537 535/535/535
f 541/541/541 540/540/540 539/539/539
f 542/542/542 541/541/541 539/539/539
f 545/545/545 544/544/544 543/543/543
f 543/543/543 546/546/546 545/545/545
f 543/543/543 547/547/547 546/546/546
f 543/543/543 548/548/548 547/547/547
f 551/551/551 550/550/550 549/549/549
f 549/549/549 552/552/552 551/551/551
f 549/549/549 553/553/553 552/552/552
f 549/549/549 554/554/554 553/553/553
f 551/551/551 552/552/552 555/555/555
f 558/558/558 557/557/557 556/556/556
f 556/556/556 559/559/559 558/558/558
f 556/556/556 560/560/560 559/559/559
f 556/556/556 561/561/561 560/560/560
f 558/558/558 559/559/559 562/562/562
f 565/565/565 564/564/564 563/563/563
f 563/563/563 566/566/566 565/565/565
f 563/563/563 567/567/567 566/566/566
f 563/563/563 568/568/568 567/567/567
f 565/565/565 566/566/566 569/569/569
f 572/572/572 571/571/571 570/570/570
f 570/570/570 573/573/573 572/572/572
f 570/570/570 574/574/574 573/573/573
f 574/574/574 575/575/575 573/573/573
f 573/573/573 576/576/576 572/572/572
f 576/576/576 577/577/577 572/572/572
f 580/580/580 579/579/579 578/578/578
f 578/578/578 581/581/581 580/580/580
f 578/578/578 582/582/582 581/581/581
f 582/582/582 583/583/583 581/581/581
f 584/584/584 580/580/580 581/581/581
f 585/585/585 584/584/584 581/581/581
f 583/583/583 582/582/582 586/586/586
f 589/589/589 588/588/588 587/587/587
f 587/587/587 590/590/590 589/589/589
f 587/587/587 591/591/591 590/590/590
f 591/591/591 592/592/592 590/590/590
f 593/593/593 589/589/589 590/590/590
f 594/594/594 593/593/593 590/590/590
f 597/597/597 596/596/596 595/595/595
f 595/595/595 598/598/598 597/597/597
f 595/595/595 599/599/599 598/598/598
f 599/599/599 600/600/600 598/598/598
f 598/598/598 601/601/601 597/597/597
f 601/601/601 602/602/602 597/597/597
f 600/600/600 599/599/599 603/603/603
f 606/606/606 605/605/605 604/604/604
f 607/607/607 606/606/606 604/604/604
f 604/604/604 608/608/608 607/607/607
f 608/608/608 609/609/609 607/607/607
f 606/606/606 607/607/607 610/610/610
f 611/611/611 606/606/606 610/610/610
f 612/612/612 611/611/611 610/610/610
f 613/613/613 612/612/612 610/610/610
f 610/610/610 614/614/614 613/613/613
f 614/614/614 615/615/615 613/613/613
f 618/618/618 617/617/617 616/616/616
f 619/619/619 618/618/618 616/616/616
f 622/622/622 621/621/621 620/620/620
f 623/623/623 622/622/622 620/620/620
f 626/626/626 625/625/625 624/624/624
f 627/627/627 626/626/626 624/624/624
f 630/630/630 629/629/629 628/628/628
f 631/631/631 630/630/630 628/628/628
f 634/634/634 633/633/633 632/632/632
f 635/635/635 634/634/634 632/632/632
f 638/638/638 637/637/637 636/636/636
f 639/639/639 638/638/638 636/636/636
f 642/642/642 641/641/641 640/640/640
f 643/643/643 642/642/642 640/640/640
f 642/642/642 643/643/643 644/644/644
f 645/645/645 642/642/642 644/644/644
f 646/646/646 645/645/645 644/644/644
f 647/647/647 646/646/646 644/644/644
f 650/650/650 649/649/649 648/648/648
f 651/651/651 650/650/650 648/648/648
f 654/654/654 653/653/653 652/652/652
f 655/655/655 654/654/654 652/652/652
f 658/658/658 657/657/657 656/656/656
f 659/659/659 658/658/658 656/656/656
f 662/662/662 661/661/661 660/660/660
f 663/663/663 662/662/662 660/660/660
f 662/662/662 663/663/663 664/664/664
f 665/665/665 662/662/662 664/664/664
f 666/666/666 665/665/665 664/664/664
f 667/667/667 666/666/666 664/664/664
f 670/670/670 669/669/669 668/668/668
f 668/668/668 671/671/671 670/670/670
f 668/668/668 672/672/672 671/671/671
f 668/668/668 673/673/673 672/672/672
f 674/674/674 671/671/671 672/672/672
f 677/677/677 676/676/676 675/675/675
f 680/680/680 679/679/679 678/678/678
f 678/678/678 681/681/681 680/680/680
f 678/678/678 682/682/682 681/681/681
f 685/685/685 684/684/684 683/683/683
f 684/684/684 686/686/686 683/683/683
f 689/689/689 688/688/688 687/687/687
f 687/687/687 690/690/690 689/689/689
f 687/687/687 691/691/691 690/690/690
f 694/694/694 693/693/693 692/692/692
f 693/693/693 695/695/695 692/692/692
f 698/698/698 697/697/697 696/696/696
f 696/696/696 699/699/699 698/698/698
f 696/696/696 700/700/700 699/699/699
f 703/703/703 702/702/702 701/701/701
f 702/702/702 704/704/704 701/701/701
f 707/707/707 706/706/706 705/705/705
f 710/710/710 709/709/709 708/708/708
f 713/713/713 712/712/712 711/711/711
f 712/712/712 714/714/714 711/711/711
f 717/717/717 716/716/716 715/715/715
f 720/720/720 719/719/719 718/718/718
f 719/719/719 720/720/720 721/721/721
f 719/719/719 721/721/721 722/722/722
f 720/720/720 723/723/723 721/721/721
f 723/723/723 724/724/724 721/721/721
f 723/723/723 725/725/725 724/724/724
f 723/723/723 726/726/726 725/725/725
f 726/726/726 727/727/727 725/725/725
f 724/724/724 725/725/725 728/728/728
f 728/728/728 729/729/729 724/724/724
f 728/728/728 730/730/730 729/729/729
f 733/733/733 732/732/732 731/731/731
f 736/736/736 735/735/735 734/734/734
f 739/739/739 738/738/738 737/737/737
f 742/742/742 741/741/741 740/740/740
f 745/745/745 744/744/744 743/743/743
f 744/744/744 746/746/746 743/743/743
f 749/749/749 748/748/748 747/747/747
f 752/752/752 751/751/751 750/750/750
f 751/751/751 752/752/752 753/753/753
f 751/751/751 753/753/753 754/754/754
f 752/752/752 755/755/755 753/753/753
f 755/755/755 756/756/756 753/753/753
f 755/755/755 757/757/757 756/756/756
f 755/755/755 758/758/758 757/757/757
f 758/758/758 759/759/759 757/757/757
f 756/756/756 757/757/757 760/760/760
f 760/760/760 761/761/761 756/756/756
f 760/760/760 762/762/762 761/761/761
f 765/765/765 764/764/764 763/763/763
f 768/768/768 767/767/767 766/766/766
f 771/771/771 770/770/770 769/769/769
f 774/774/774 773/773/773 772/772/772
f 773/773/773 775/775/775 772/772/772
f 778/778/778 777/777/777 776/776/776
f 781/781/781 780/780/780 779/779/779
f 780/780/780 781/781/781 782/782/782
f 780/780/780 782/782/782 783/783/783
f 781/781/781 784/784/784 782/782/782
f 784/784/784 785/785/785 782/782/782
f 784/784/784 786/786/786 785/785/785
f 784/784/784 787/787/787 786/786/786
f 787/787/787 788/788/788 786/786/786
f 785/785/785 786/786/786 789/789/789
f 789/789/789 790/790/790 785/785/785
f 789/789/789 791/791/791 790/790/790
f 794/794/794 793/793/793 792/792/792
f 797/797/797 796/796/796 795/795/795
f 800/800/800 799/799/799 798/798/798
f 803/803/803 802/802/802 801/801/801
f 806/806/806 805/805/805 804/804/804
f 805/805/805 807/807/807 804/804/804
f 810/810/810 809/809/809 808/808/808
f 813/813/813 812/812/812 811/811/811
f 812/812/812 813/813/813 814/814/814
f 812/812/812 814/814/814 815/815/815
f 813/813/813 816/816/816 814/814/814
f 816/816/816 817/817/817 814/814/814
f 816/816/816 818/818/818 817/817/817
f 816/816/816 819/819/819 818/818/818
f 819/819/819 820/820/820 818/818/818
f 817/817/817 818/818/818 821/821/821
f 821/821/821 822/822/822 817/817/817
f 821/821/821 823/823/823 822/822/822
f 826/826/826 825/825/825 824/824/824
f 829/829/829 828/828/828 827/827/827
f 830/830/830 829/829/829 827/827/827
f 833/833/833 832/832/832 831/831/831
f 836/836/836 835/835/835 834/834/834
f 839/839/839 838/838/838 837/837/837
f 838/838/838 840/840/840 837/837/837
f 843/843/843 842/842/842 841/841/841
f 846/846/846 845/845/845 844/844/844
f 849/849/849 848/848/848 847/847/847
f 849/849/849 850/850/850 848/848/848
f 849/849/849 851/851/851 850/850/850
f 851/851/851 852/852/852 850/850/850
f 852/852/852 853/853/853 850/850/850
f 852/852/852 854/854/854 853/853/853
f 852/852/852 855/855/855 854/854/854
f 855/855/855 856/856/856 854/854/854
f 853/853/853 854/854/854 857/857/857
f 857/857/857 858/858/858 853/853/853
f 857/857/857 859/859/859 858/858/858
f 862/862/862 861/861/861 860/860/860
f 863/863/863 862/862/862 860/860/860
f 866/866/866 865/865/865 864/864/864
f 867/867/867 866/866/866 864/864/864
f 864/864/864 868/868/868 867/867/867
f 868/868/868 869/869/869 867/867/867
f 865/865/865 870/870/870 864/864/864
f 870/870/870 871/871/871 864/864/864
f 871/871/871 870/870/870 872/872/872
f 870/870/870 873/873/873 872/872/872
f 872/872/872 874/874/874 871/871/871
f 874/874/874 875/875/875 871/871/871
f 875/875/875 876/876/876 871/871/871
f 876/876/876 877/877/877 871/871/871
f 879/879/879 878/878/878 870/870/870
f 880/880/880 879/879/879 870/870/870
f 883/883/883 882/882/882 881/881/881
f 886/886/886 885/885/885 884/884/884
f 889/889/889 888/888/888 887/887/887
f 888/888/888 890/890/890 887/887/887
f 893/893/893 892/892/892 891/891/891
f 896/896/896 895/895/895 894/894/894
f 899/899/899 898/898/898 897/897/897
f 902/902/902 901/901/901 900/900/900
f 902/902/902 903/903/903 901/901/901
f 902/902/902 904/904/904 903/903/903
f 904/904/904 905/905/905 903/903/903
f 905/905/905 906/906/906 903/903/903
f 905/905/905 907/907/907 906/906/906
f 905/905/905 908/908/908 907/907/907
f 908/908/908 909/909/909 907/907/907
f 906/906/906 907/907/907 910/910/910
f 910/910/910 911/911/911 906/906/906
f 910/910/910 912/912/912 911/911/911
f 915/915/915 914/914/914 913/913/913
f 916/916/916 915/915/915 913/913/913
f 914/914/914 917/917/917 913/913/913
f 917/917/917 918/918/918 913/913/913
f 918/918/918 917/917/917 919/919/919
f 917/917/917 920/920/920 919/919/919
f 923/923/923 922/922/922 921/921/921
f 924/924/924 923/923/923 921/921/921
f 922/922/922 925/925/925 921/921/921
f 925/925/925 926/926/926 921/921/921
f 926/926/926 925/925/925 927/927/927
f 925/925/925 928/928/928 927/927/927
f 931/931/931 930/930/930 929/929/929
f 932/932/932 931/931/931 929/929/929
f 935/935/935 934/934/934 933/933/933
f 936/936/936 935/935/935 933/933/933
f 939/939/939 938/938/938 937/937/937
f 940/940/940 939/939/939 937/937/937
f 943/943/943 942/942/942 941/941/941
f 944/944/944 943/943/943 941/941/941
f 947/947/947 946/946/946 945/945/945
f 945/945/945 948/948/948 947/947/947
f 951/951/951 950/950/950 949/949/949
f 954/954/954 953/953/953 952/952/952
f 954/954/954 955/955/955 953/953/953
f 955/955/955 956/956/956 953/953/953
f 959/959/959 958/958/958 957/957/957
f 957/957/957 960/960/960 959/959/959
f 963/963/963 962/962/962 961/961/961
f 966/966/966 965/965/965 964/964/964
f 966/966/966 967/967/967 965/965/965
f 967/967/967 968/968/968 965/965/965
f 967/967/967 969/969/969 968/968/968
f 967/967/967 970/970/970 969/969/969
f 973/973/973 972/972/972 971/971/971
f 971/971/971 974/974/974 973/973/973
f 977/977/977 976/976/976 975/975/975
f 977/977/977 978/978/978 976/976/976
f 978/978/978 979/979/979 976/976/976
f 979/979/979 980/980/980 976/976/976
f 983/983/983 982/982/982 981/981/981
f 982/982/982 984/984/984 981/981/981
f 987/987/987 986/986/986 985/985/985
f 988/988/988 987/987/987 985/985/985
f 991/991/991 990/990/990 989/989/989
f 992/992/992 991/991/991 989/989/989
f 990/990/990 993/993/993 989/989/989
f 993/993/993 994/994/994 989/989/989
f 997/997/997 996/996/996 995/995/995
f 998/998/998 997/997/997 995/995/995
f 996/996/996 999/999/999 995/995/995
f 999/999/999 1000/1000/1000 995/995/995
f 1003/1003/1003 1002/1002/1002 1001/1001/1001
f 1004/1004/1004 1003/1003/1003 1001/1001/1001
f 1007/1007/1007 1006/1006/1006 1005/1005/1005
f 1005/1005/1005 1008/1008/1008 1007/1007/1007
f 1005/1005/1005 1009/1009/1009 1008/1008/1008
f 1005/1005/1005 1010/1010/1010 1009/1009/1009
f 1013/1013/1013 1012/1012/1012 1011/1011/1011
f 1014/1014/1014 1013/1013/1013 1011/1011/1011
f 1017/1017/1017 1016/1016/1016 1015/1015/1015
f 1018/1018/1018 1017/1017/1017 1015/1015/1015
f 1021/1021/1021 1020/1020/1020 1019/1019/1019
f 1022/1022/1022 1021/1021/1021 1019/1019/1019
f 1025/1025/1025 1024/1024/1024 1023/1023/1023
f 1026/1026/1026 1025/1025/1025 1023/1023/1023
f 1029/1029/1029 1028/1028/1028 1027/1027/1027
f 1027/1027/1027 1030/1030/1030 1029/1029/1029
f 1027/1027/1027 1031/1031/1031 1030/1030/1030
f 1034/1034/1034 1033/1033/1033 1032/1032/1032
f 1034/1034/1034 1035/1035/1035 1033/1033/1033
f 1038/1038/1038 1037/1037/1037 1036/1036/1036
f 1041/1041/1041 1040/1040/1040 1039/1039/1039
f 1044/1044/1044 1043/1043/1043 1042/1042/1042
f 1047/1047/1047 1046/1046/1046 1045/1045/1045
f 1047/1047/1047 1048/1048/1048 1046/1046/1046
f 1048/1048/1048 1049/1049/1049 1046/1046/1046
f 1048/1048/1048 1050/1050/1050 1049/1049/1049
f 1053/1053/1053 1052/1052/1052 1051/1051/1051
f 1056/1056/1056 1055/1055/1055 1054/1054/1054
f 1054/1054/1054 1057/1057/1057 1056/1056/1056
f 1060/1060/1060 1059/1059/1059 1058/1058/1058
f 1060/1060/1060 1061/1061/1061 1059/1059/1059
f 1061/1061/1061 1062/1062/1062 1059/1059/1059
f 1062/1062/1062 1063/1063/1063 1059/1059/1059
f 1066/1066/1066 1065/1065/1065 1064/1064/1064
f 1069/1069/1069 1068/1068/1068 1067/1067/1067
f 1072/1072/1072 1071/1071/1071 1070/1070/1070
f 1073/1073/1073 1072/1072/1072 1070/1070/1070
f 1076/1076/1076 1075/1075/1075 1074/1074/1074
f 1077/1077/1077 1076/1076/1076 1074/1074/1074
f 1075/1075/1075 1078/1078/1078 1074/1074/1074
f 1078/1078/1078 1079/1079/1079 1074/1074/1074
f 1082/1082/1082 1081/1081/1081 1080/1080/1080
f 1083/1083/1083 1082/1082/1082 1080/1080/1080
f 1081/1081/1081 1084/1084/1084 1080/1080/1080
f 1084/1084/1084 1085/1085/1085 1080/1080/1080
f 1088/1088/1088 1087/1087/1087 1086/1086/1086
f 1089/1089/1089 1088/1088/1088 1086/1086/1086
f 1092/1092/1092 1091/1091/1091 1090/1090/1090
f 1090/1090/1090 1093/1093/1093 1092/1092/1092
f 1090/1090/1090 1094/1094/1094 1093/1093/1093
f 1090/1090/1090 1095/1095/1095 1094/1094/1094
f 1098/1098/1098 1097/1097/1097 1096/1096/1096
f 1099/1099/1099 1098/1098/1098 1096/1096/1096
f 1102/1102/1102 1101/1101/1101 1100/1100/1100
f 1103/1103/1103 1102/1102/1102 1100/1100/1100
f 1106/1106/1106 1105/1105/1105 1104/1104/1104
f 1107/1107/1107 1106/1106/1106 1104/1104/1104
f 1110/1110/1110 1109/1109/1109 1108/1108/1108
f 1108/1108/1108 1111/1111/1111 1110/1110/1110
f 1108/1108/1108 1113/1113/1113 1112/1112/1112
f 1108/1108/1108 1114/1114/1114 1113/1113/1113
f 1114/1114/1114 1115/1115/1115 1113/1113/1113
f 1118/1118/1118 1117/1117/1117 1116/1116/1116
f 1121/1121/1121 1120/1120/1120 1119/1119/1119
f 1119/1119/1119 1122/1122/1122 1121/1121/1121
f 1119/1119/1119 1124/1124/1124 1123/1123/1123
f 1119/1119/1119 1125/1125/1125 1124/1124/1124
f 1125/1125/1125 1126/1126/1126 1124/1124/1124
f 1125/1125/1125 1127/1127/1127 1126/1126/1126
f 1127/1127/1127 1128/1128/1128 1126/1126/1126
f 1131/1131/1131 1130/1130/1130 1129/1129/1129
f 1134/1134/1134 1133/1133/1133 1132/1132/1132
f 1132/1132/1132 1135/1135/1135 1134/1134/1134
f 1132/1132/1132 1136/1136/1136 1135/1135/1135
f 1136/1136/1136 1137/1137/1137 1135/1135/1135
f 1136/1136/1136 1138/1138/1138 1137/1137/1137
f 1138/1138/1138 1139/1139/1139 1137/1137/1137
f 1142/1142/1142 1141/1141/1141 1140/1140/1140
f 1145/1145/1145 1144/1144/1144 1143/1143/1143
f 1148/1148/1148 1147/1147/1147 1146/1146/1146
f 1149/1149/1149 1148/1148/1148 1146/1146/1146
f 1152/1152/1152 1151/1151/1151 1150/1150/1150
f 1153/1153/1153 1152/1152/1152 1150/1150/1150
f 1151/1151/1151 1154/1154/1154 1150/1150/1150
f 1154/1154/1154 1155/1155/1155 1150/1150/1150
f 1158/1158/1158 1157/1157/1157 1156/1156/1156
f 1159/1159/1159 1158/1158/1158 1156/1156/1156
f 1157/1157/1157 1160/1160/1160 1156/1156/1156
f 1160/1160/1160 1161/1161/1161 1156/1156/1156
f 1164/1164/1164 1163/1163/1163 1162/1162/1162
f 1165/1165/1165 1164/1164/1164 1162/1162/1162
f 1168/1168/1168 1167/1167/1167 1166/1166/1166
f 1166/1166/1166 1169/1169/1169 1168/1168/1168
f 1166/1166/1166 1170/1170/1170 1169/1169/1169
f 1166/1166/1166 1171/1171/1171 1170/1170/1170
f 1174/1174/1174 1173/1173/1173 1172/1172/1172
f 1175/1175/1175 1174/1174/1174 1172/1172/1172
f 1178/1178/1178 1177/1177/1177 1176/1176/1176
f 1179/1179/1179 1178/1178/1178 1176/1176/1176
f 1176/1176/1176 1180/1180/1180 1179/1179/1179
f 1180/1180/1180 1181/1181/1181 1179/1179/1179
f 1184/1184/1184 1183/1183/1183 1182/1182/1182
f 1185/1185/1185 1184/1184/1184 1182/1182/1182
f 1188/1188/1188 1187/1187/1187 1186/1186/1186
f 1189/1189/1189 1188/1188/1188 1186/1186/1186
f 1186/1186/1186 1190/1190/1190 1189/1189/1189
f 1190/1190/1190 1191/1191/1191 1189/1189/1189
f 1194/1194/1194 1193/1193/1193 1192/1192/1192
f 1195/1195/1195 1194/1194/1194 1192/1192/1192
f 1192/1192/1192 1196/1196/1196 1195/1195/1195
f 1196/1196/1196 1197/1197/1197 1195/1195/1195
f 1200/1200/1200 1199/1199/1199 1198/1198/1198
f 1201/1201/1201 1200/1200/1200 1198/1198/1198
f 1198/1198/1198 1202/1202/1202 1201/1201/1201
f 1202/1202/1202 1203/1203/1203 1201/1201/1201
f 1206/1206/1206 1205/1205/1205 1204/1204/1204
f 1207/1207/1207 1206/1206/1206 1204/1204/1204
f 1210/1210/1210 1209/1209/1209 1208/1208/1208
f 1211/1211/1211 1210/1210/1210 1208/1208/1208
f 1214/1214/1214 1213/1213/1213 1212/1212/1212
f 1212/1212/1212 1215/1215/1215 1214/1214/1214
f 1212/1212/1212 1216/1216/1216 1215/1215/1215
f 1219/1219/1219 1218/1218/1218 1217/1217/1217
f 1219/1219/1219 1220/1220/1220 1218/1218/1218
f 1223/1223/1223 1222/1222/1222 1221/1221/1221
f 1226/1226/1226 1225/1225/1225 1224/1224/1224
f 1229/1229/1229 1228/1228/1228 1227/1227/1227
f 1232/1232/1232 1231/1231/1231 1230/1230/1230
f 1232/1232/1232 1233/1233/1233 1231/1231/1231
f 1233/1233/1233 1234/1234/1234 1231/1231/1231
f 1233/1233/1233 1235/1235/1235 1234/1234/1234
f 1238/1238/1238 1237/1237/1237 1236/1236/1236
f 1241/1241/1241 1240/1240/1240 1239/1239/1239
f 1239/1239/1239 1242/1242/1242 1241/1241/1241
f 1245/1245/1245 1244/1244/1244 1243/1243/1243
f 1245/1245/1245 1246/1246/1246 1244/1244/1244
f 1246/1246/1246 1247/1247/1247 1244/1244/1244
f 1247/1247/1247 1248/1248/1248 1244/1244/1244
f 1251/1251/1251 1250/1250/1250 1249/1249/1249
f 1250/1250/1250 1252/1252/1252 1249/1249/1249
f 1255/1255/1255 1254/1254/1254 1253/1253/1253
f 1256/1256/1256 1255/1255/1255 1253/1253/1253
f 1259/1259/1259 1258/1258/1258 1257/1257/1257
f 1260/1260/1260 1259/1259/1259 1257/1257/1257
f 1258/1258/1258 1261/1261/1261 1257/1257/1257
f 1261/1261/1261 1262/1262/1262 1257/1257/1257
f 1265/1265/1265 1264/1264/1264 1263/1263/1263
f 1266/1266/1266 1265/1265/1265 1263/1263/1263
f 1264/1264/1264 1267/1267/1267 1263/1263/1263
f 1267/1267/1267 1268/1268/1268 1263/1263/1263
f 1265/1265/1265 1266/1266/1266 1269/1269/1269
f 1270/1270/1270 1265/1265/1265 1269/1269/1269
f 1273/1273/1273 1272/1272/1272 1271/1271/1271
f 1274/1274/1274 1273/1273/1273 1271/1271/1271
f 1277/1277/1277 1276/1276/1276 1275/1275/1275
f 1275/1275/1275 1278/1278/1278 1277/1277/1277
f 1275/1275/1275 1279/1279/1279 1278/1278/1278
f 1279/1279/1279 1280/1280/1280 1278/1278/1278
f 1279/1279/1279 1281/1281/1281 1280/1280/1280
f 1281/1281/1281 1282/1282/1282 1280/1280/1280
f 1285/1285/1285 1284/1284/1284 1283/1283/1283
f 1286/1286/1286 1285/1285/1285 1283/1283/1283
f 1283/1283/1283 1287/1287/1287 1286/1286/1286
f 1287/1287/1287 1288/1288/1288 1286/1286/1286
f 1291/1291/1291 1290/1290/1290 1289/1289/1289
f 1292/1292/1292 1291/1291/1291 1289/1289/1289
f 1289/1289/1289 1293/1293/1293 1292/1292/1292
f 1293/1293/1293 1294/1294/1294 1292/1292/1292
f 1297/1297/1297 1296/1296/1296 1295/1295/1295
f 1298/1298/1298 1297/1297/1297 1295/1295/1295
f 1295/1295/1295 1299/1299/1299 1298/1298/1298
f 1299/1299/1299 1300/1300/1300 1298/1298/1298
f 1303/1303/1303 1302/1302/1302 1301/1301/1301
f 1304/1304/1304 1303/1303/1303 1301/1301/1301
f 1301/1301/1301 1305/1305/1305 1304/1304/1304
f 1305/1305/1305 1306/1306/1306 1304/1304/1304
f 1309/1309/1309 1308/1308/1308 1307/1307/1307
f 1310/1310/1310 1309/1309/1309 1307/1307/1307
f 1313/1313/1313 1312/1312/1312 1311/1311/1311
f 1314/1314/1314 1313/1313/1313 1311/1311/1311
f 1317/1317/1317 1316/1316/1316 1315/1315/1315
f 1318/1318/1318 1317/1317/1317 1315/1315/1315
f 1321/1321/1321 1320/1320/1320 1319/1319/1319
f 1319/1319/1319 1322/1322/1322 1321/1321/1321
f 1319/1319/1319 1323/1323/1323 1322/1322/1322
f 1325/1325/1325 1324/1324/1324 1322/1322/1322
f 1328/1328/1328 1327/1327/1327 1326/1326/1326
f 1329/1329/1329 1328/1328/1328 1326/1326/1326
f 1332/1332/1332 1331/1331/1331 1330/1330/1330
f 1330/1330/1330 1333/1333/1333 1332/1332/1332
f 1330/1330/1330 1334/1334/1334 1333/1333/1333
f 1337/1337/1337 1336/1336/1336 1335/1335/1335
f 1335/1335/1335 1338/1338/1338 1337/1337/1337
f 1338/1338/1338 1339/1339/1339 1337/1337/1337
f 1342/1342/1342 1341/1341/1341 1340/1340/1340
f 1343/1343/1343 1342/1342/1342 1340/1340/1340
f 1341/1341/1341 1344/1344/1344 1340/1340/1340
f 1344/1344/1344 1345/1345/1345 1340/1340/1340
f 1348/1348/1348 1347/1347/1347 1346/1346/1346
f 1349/1349/1349 1348/1348/1348 1346/1346/1346
f 1347/1347/1347 1350/1350/1350 1346/1346/1346
f 1350/1350/1350 1351/1351/1351 1346/1346/1346
f 1354/1354/1354 1353/1353/1353 1352/1352/1352
f 1355/1355/1355 1354/1354/1354 1352/1352/1352
f 1352/1352/1352 1356/1356/1356 1355/1355/1355
f 1356/1356/1356 1357/1357/1357 1355/1355/1355
f 1360/1360/1360 1359/1359/1359 1358/1358/1358
f 1361/1361/1361 1360/1360/1360 1358/1358/1358
f 1358/1358/1358 1362/1362/1362 1361/1361/1361
f 1362/1362/1362 1363/1363/1363 1361/1361/1361
f 1366/1366/1366 1365/1365/1365 1364/1364/1364
f 1367/1367/1367 1366/1366/1366 1364/1364/1364
f 1370/1370/1370 1369/1369/1369 1368/1368/1368
f 1371/1371/1371 1370/1370/1370 1368/1368/1368
f 1369/1369/1369 1372/1372/1372 1368/1368/1368
f 1372/1372/1372 1373/1373/1373 1368/1368/1368
f 1376/1376/1376 1375/1375/1375 1374/1374/1374
f 1374/1374/1374 1377/1377/1377 1376/1376/1376
f 1374/1374/1374 1378/1378/1378 1377/1377/1377
f 1375/1375/1375 1379/1379/1379 1374/1374/1374
f 1379/1379/1379 1380/1380/1380 1374/1374/1374
f 1383/1383/1383 1382/1382/1382 1381/1381/1381
f 1386/1386/1386 1385/1385/1385 1384/1384/1384
f 1389/1389/1389 1388/1388/1388 1387/1387/1387
f 1392/1392/1392 1391/1391/1391 1390/1390/1390
f 1395/1395/1395 1394/1394/1394 1393/1393/1393
f 1394/1394/1394 1396/1396/1396 1393/1393/1393
f 1394/1394/1394 1397/1397/1397 1396/1396/1396
f 1397/1397/1397 1398/1398/1398 1396/1396/1396
f 1401/1401/1401 1400/1400/1400 1399/1399/1399
f 1402/1402/1402 1401/1401/1401 1399/1399/1399
f 1405/1405/1405 1404/1404/1404 1403/1403/1403
f 1406/1406/1406 1405/1405/1405 1403/1403/1403
f 1404/1404/1404 1407/1407/1407 1403/1403/1403
f 1407/1407/1407 1408/1408/1408 1403/1403/1403
f 1411/1411/1411 1410/1410/1410 1409/1409/1409
f 1412/1412/1412 1411/1411/1411 1409/1409/1409
f 1409/1409/1409 1413/1413/1413 1412/1412/1412
f 1413/1413/1413 1414/1414/1414 1412/1412/1412
f 1417/1417/1417 1416/1416/1416 1415/1415/1415
f 1418/1418/1418 1417/1417/1417 1415/1415/1415
f 1415/1415/1415 1419/1419/1419 1418/1418/1418
f 1419/1419/1419 1420/1420/1420 1418/1418/1418
f 1423/1423/1423 1422/1422/1422 1421/1421/1421
f 1424/1424/1424 1423/1423/1423 1421/1421/1421
f 1421/1421/1421 1425/1425/1425 1424/1424/1424
f 1425/1425/1425 1426/1426/1426 1424/1424/1424
f 1429/1429/1429 1428/1428/1428 1427/1427/1427
f 1427/1427/1427 1430/1430/1430 1429/1429/1429
f 1427/1427/1427 1431/1431/1431 1430/1430/1430
f 1431/1431/1431 1432/1432/1432 1430/1430/1430
f 1435/1435/1435 1434/1434/1434 1433/1433/1433
f 1433/1433/1433 1436/1436/1436 1435/1435/1435
f 1433/1433/1433 1437/1437/1437 1436/1436/1436
f 1437/1437/1437 1438/1438/1438 1436/1436/1436
f 1441/1441/1441 1440/1440/1440 1439/1439/1439
f 1442/1442/1442 1441/1441/1441 1439/1439/1439
f 1439/1439/1439 1443/1443/1443 1442/1442/1442
f 1443/1443/1443 1444/1444/1444 1442/1442/1442
f 1447/1447/1447 1446/1446/1446 1445/1445/1445
f 1445/1445/1445 1448/1448/1448 1447/1447/1447
f 1445/1445/1445 1449/1449/1449 1448/1448/1448
f 1449/1449/1449 1450/1450/1450 1448/1448/1448
f 1449/1449/1449 1451/1451/1451 1450/1450/1450
f 1451/1451/1451 1452/1452/1452 1450/1450/1450
f 1455/1455/1455 1454/1454/1454 1453/1453/1453
f 1453/1453/1453 1456/1456/1456 1455/1455/1455
f 1453/1453/1453 1457/1457/1457 1456/1456/1456
f 1457/1457/1457 1458/1458/1458 1456/1456/1456
f 1461/1461/1461 1460/1460/1460 1459/1459/1459
f 1459/1459/1459 1462/1462/1462 1461/1461/1461
f 1459/1459/1459 1463/1463/1463 1462/1462/1462
f 1463/1463/1463 1464/1464/1464 1462/1462/1462
f 1467/1467/1467 1466/1466/1466 1465/1465/1465
f 1465/1465/1465 1468/1468/1468 1467/1467/1467
f 1465/1465/1465 1469/1469/1469 1468/1468/1468
f 1469/1469/1469 1470/1470/1470 1468/1468/1468
f 1469/1469/1469 1471/1471/1471 1470/1470/1470
f 1471/1471/1471 1472/1472/1472 1470/1470/1470
f 1475/1475/1475 1474/1474/1474 1473/1473/1473
f 1476/1476/1476 1475/1475/1475 1473/1473/1473
f 1479/1479/1479 1478/1478/1478 1477/1477/1477
f 1480/1480/1480 1479/1479/1479 1477/1477/1477
f 1483/1483/1483 1482/1482/1482 1481/1481/1481
f 1484/1484/1484 1483/1483/1483 1481/1481/1481
f 1487/1487/1487 1486/1486/1486 1485/1485/1485
f 1490/1490/1490 1489/1489/1489 1488/1488/1488
f 1493/1493/1493 1492/1492/1492 1491/1491/1491
f 1496/1496/1496 1495/1495/1495 1494/1494/1494
f 1499/1499/1499 1498/1498/1498 1497/1497/1497
f 1498/1498/1498 1500/1500/1500 1497/1497/1497
f 1498/1498/1498 1501/1501/1501 1500/1500/1500
f 1498/1498/1498 1502/1502/1502 1501/1501/1501
f 1503/1503/1503 1500/1500/1500 1501/1501/1501
f 1506/1506/1506 1505/1505/1505 1504/1504/1504
f 1509/1509/1509 1508/1508/1508 1507/1507/1507
f 1510/1510/1510 1509/1509/1509 1507/1507/1507
f 1507/1507/1507 1511/1511/1511 1510/1510/1510
f 1511/1511/1511 1512/1512/1512 1510/1510/1510
f 1515/1515/1515 1514/1514/1514 1513/1513/1513
f 1516/1516/1516 1515/1515/1515 1513/1513/1513
f 1519/1519/1519 1518/1518/1518 1517/1517/1517
f 1520/1520/1520 1519/1519/1519 1517/1517/1517
f 1517/1517/1517 1521/1521/1521 1520/1520/1520
f 1521/1521/1521 1522/1522/1522 1520/1520/1520
f 1525/1525/1525 1524/1524/1524 1523/1523/1523
f 1526/1526/1526 1525/1525/1525 1523/1523/1523
f 1529/1529/1529 1528/1528/1528 1527/1527/1527
f 1527/1527/1527 1530/1530/1530 1529/1529/1529
f 1527/1527/1527 1531/1531/1531 1530/1530/1530
f 1531/1531/1531 1532/1532/1532 1530/1530/1530
f 1531/1531/1531 1533/1533/1533 1532/1532/1532
f 1533/1533/1533 1534/1534/1534 1532/1532/1532
f 1537/1537/1537 1536/1536/1536 1535/1535/1535
f 1535/1535/1535 1538/1538/1538 1537/1537/1537
f 1535/1535/1535 1539/1539/1539 1538/1538/1538
f 1535/1535/1535 1540/1540/1540 1539/1539/1539
f 1535/1535/1535 1541/1541/1541 1540/1540/1540
f 1535/1535/1535 1542/1542/1542 1541/1541/1541
f 1535/1535/1535 1543/1543/1543 1542/1542/1542
f 1535/1535/1535 1544/1544/1544 1543/1543/1543
f 1535/1535/1535 1545/1545/1545 1544/1544/1544
f 1535/1535/1535 1546/1546/1546 1545/1545/1545
f 1549/1549/1549 1548/1548/1548 1547/1547/1547
f 1552/1552/1552 1551/1551/1551 1550/1550/1550
f 1554/1554/1554 1553/1553/1553 1550/1550/1550
f 1556/1556/1556 1555/1555/1555 1550/1550/1550
f 1559/1559/1559 1558/1558/1558 1557/1557/1557
f 1562/1562/1562 1561/1561/1561 1560/1560/1560
f 1565/1565/1565 1564/1564/1564 1563/1563/1563
f 1568/1568/1568 1567/1567/1567 1566/1566/1566
f 1571/1571/1571 1570/1570/1570 1569/1569/1569
f 1574/1574/1574 1573/1573/1573 1572/1572/1572
f 1577/1577/1577 1576/1576/1576 1575/1575/1575
f 1580/1580/1580 1579/1579/1579 1578/1578/1578
f 1583/1583/1583 1582/1582/1582 1581/1581/1581
f 1586/1586/1586 1585/1585/1585 1584/1584/1584
f 1589/1589/1589 1588/1588/1588 1587/1587/1587
f 1592/1592/1592 1591/1591/1591 1590/1590/1590
f 1595/1595/1595 1594/1594/1594 1593/1593/1593
f 1596/1596/1596 1595/1595/1595 1593/1593/1593
f 1599/1599/1599 1598/1598/1598 1597/1597/1597
f 1600/1600/1600 1599/1599/1599 1597/1597/1597
f 1597/1597/1597 1598/1598/1598 1601/1601/1601
f 1598/1598/1598 1602/1602/1602 1601/1601/1601
f 1605/1605/1605 1604/1604/1604 1603/1603/1603
f 1606/1606/1606 1605/1605/1605 1603/1603/1603
f 1609/1609/1609 1608/1608/1608 1607/1607/1607
f 1612/1612/1612 1611/1611/1611 1610/1610/1610
f 1615/1615/1615 1614/1614/1614 1613/1613/1613
f 1616/1616/1616 1615/1615/1615 1613/1613/1613
f 1613/1613/1613 1614/1614/1614 1617/1617/1617
f 1620/1620/1620 1619/1619/1619 1618/1618/1618
f 1621/1621/1621 1620/1620/1620 1618/1618/1618
f 1618/1618/1618 1619/1619/1619 1622/1622/1622
f 1619/1619/1619 1623/1623/1623 1622/1622/1622
f 1626/1626/1626 1625/1625/1625 1624/1624/1624
f 1627/1627/1627 1626/1626/1626 1624/1624/1624
f 1628/1628/1628 1627/1627/1627 1624/1624/1624
f 1629/1629/1629 1628/1628/1628 1624/1624/1624
f 1632/1632/1632 1631/1631/1631 1630/1630/1630
f 1633/1633/1633 1632/1632/1632 1630/1630/1630
f 1636/1636/1636 1635/1635/1635 1634/1634/1634
f 1637/1637/1637 1636/1636/1636 1634/1634/1634
f 1640/1640/1640 1639/1639/1639 1638/1638/1638
f 1641/1641/1641 1640/1640/1640 1638/1638/1638
f 1644/1644/1644 1643/1643/1643 1642/1642/1642
f 1645/1645/1645 1644/1644/1644 1642/1642/1642
f 1642/1642/1642 1643/1643/1643 1646/1646/1646
f 1649/1649/1649 1648/1648/1648 1647/1647/1647
f 1650/1650/1650 1649/1649/1649 1647/1647/1647
f 1647/1647/1647 1648/1648/1648 1651/1651/1651
f 1648/1648/1648 1652/1652/1652 1651/1651/1651
f 1655/1655/1655 1654/1654/1654 1653/1653/1653
f 1656/1656/1656 1655/1655/1655 1653/1653/1653
f 1657/1657/1657 1656/1656/1656 1653/1653/1653
f 1658/1658/1658 1657/1657/1657 1653/1653/1653
f 1661/1661/1661 1660/1660/1660 1659/1659/1659
f 1664/1664/1664 1663/1663/1663 1662/1662/1662
f 1667/1667/1667 1666/1666/1666 1665/1665/1665
f 1668/1668/1668 1667/1667/1667 1665/1665/1665
f 1671/1671/1671 1670/1670/1670 1669/1669/1669
f 1674/1674/1674 1673/1673/1673 1672/1672/1672
f 1677/1677/1677 1676/1676/1676 1675/1675/1675
f 1678/1678/1678 1677/1677/1677 1675/1675/1675
f 1681/1681/1681 1680/1680/1680 1679/1679/1679
f 1682/1682/1682 1681/1681/1681 1679/1679/1679
f 1685/1685/1685 1684/1684/1684 1683/1683/1683
f 1686/1686/1686 1685/1685/1685 1683/1683/1683
f 1689/1689/1689 1688/1688/1688 1687/1687/1687
f 1690/1690/1690 1687/1687/1687 1688/1688/1688
f 1691/1691/1691 1690/1690/1690 1688/1688/1688
f 1694/1694/1694 1693/1693/1693 1692/1692/1692
f 1697/1697/1697 1696/1696/1696 1695/1695/1695
f 1700/1700/1700 1699/1699/1699 1698/1698/1698
f 1703/1703/1703 1702/1702/1702 1701/1701/1701
f 1706/1706/1706 1705/1705/1705 1704/1704/1704
f 1709/1709/1709 1708/1708/1708 1707/1707/1707
f 1712/1712/1712 1711/1711/1711 1710/1710/1710
f 1713/1713/1713 1712/1712/1712 1710/1710/1710
f 1716/1716/1716 1715/1715/1715 1714/1714/1714
f 1719/1719/1719 1718/1718/1718 1717/1717/1717
f 1722/1722/1722 1721/1721/1721 1720/1720/1720
f 1723/1723/1723 1722/1722/1722 1720/1720/1720
f 1726/1726/1726 1725/1725/1725 1724/1724/1724
f 1727/1727/1727 1726/1726/1726 1724/1724/1724
f 1730/1730/1730 1729/1729/1729 1728/1728/1728
f 1731/1731/1731 1730/1730/1730 1728/1728/1728
f 1734/1734/1734 1733/1733/1733 1732/1732/1732
f 1737/1737/1737 1736/1736/1736 1735/1735/1735
f 1740/1740/1740 1739/1739/1739 1738/1738/1738
f 1743/1743/1743 1742/1742/1742 1741/1741/1741
f 1746/1746/1746 1745/1745/1745 1744/1744/1744
f 1749/1749/1749 1748/1748/1748 1747/1747/1747
f 1752/1752/1752 1751/1751/1751 1750/1750/1750
f 1755/1755/1755 1754/1754/1754 1753/1753/1753
f 1758/1758/1758 1757/1757/1757 1756/1756/1756
f 1761/1761/1761 1760/1760/1760 1759/1759/1759
f 1764/1764/1764 1763/1763/1763 1762/1762/1762
f 1767/1767/1767 1766/1766/1766 1765/1765/1765
f 1770/1770/1770 1769/1769/1769 1768/1768/1768
f 1773/1773/1773 1772/1772/1772 1771/1771/1771
f 1776/1776/1776 1775/1775/1775 1774/1774/1774
f 1779/1779/1779 1778/1778/1778 1777/1777/1777
f 1782/1782/1782 1781/1781/1781 1780/1780/1780
f 1785/1785/1785 1784/1784/1784 1783/1783/1783
f 1788/1788/1788 1787/1787/1787 1786/1786/1786
f 1791/1791/1791 1790/1790/1790 1789/1789/1789
f 1794/1794/1794 1793/1793/1793 1792/1792/1792
f 1797/1797/1797 1796/1796/1796 1795/1795/1795
f 1800/1800/1800 1799/1799/1799 1798/1798/1798
f 1803/1803/1803 1802/1802/1802 1801/1801/1801
f 1804/1804/1804 1801/1801/1801 1802/1802/1802
f 1805/1805/1805 1804/1804/1804 1802/1802/1802
f 1808/1808/1808 1807/1807/1807 1806/1806/1806
f 1809/1809/1809 1806/1806/1806 1807/1807/1807
f 1810/1810/1810 1809/1809/1809 1807/1807/1807
f 1813/1813/1813 1812/1812/1812 1811/1811/1811
f 1814/1814/1814 1811/1811/1811 1812/1812/1812
f 1815/1815/1815 1814/1814/1814 1812/1812/1812
f 1818/1818/1818 1817/1817/1817 1816/1816/1816
f 1819/1819/1819 1816/1816/1816 1817/1817/1817
f 1820/1820/1820 1819/1819/1819 1817/1817/1817
f 1823/1823/1823 1822/1822/1822 1821/1821/1821
f 1826/1826/1826 1825/1825/1825 1824/1824/1824
f 1824/1824/1824 1825/1825/1825 1827/1827/1827
f 1825/1825/1825 1828/1828/1828 1827/1827/1827
f 1831/1831/1831 1830/1830/1830 1829/1829/1829
f 1829/1829/1829 1830/1830/1830 1832/1832/1832
f 1830/1830/1830 1833/1833/1833 1832/1832/1832
f 1836/1836/1836 1835/1835/1835 1834/1834/1834
f 1834/1834/1834 1835/1835/1835 1837/1837/1837
f 1835/1835/1835 1838/1838/1838 1837/1837/1837
f 1841/1841/1841 1840/1840/1840 1839/1839/1839
f 1844/1844/1844 1843/1843/1843 1842/1842/1842
f 1847/1847/1847 1846/1846/1846 1845/1845/1845
f 1850/1850/1850 1849/1849/1849 1848/1848/1848
f 1853/1853/1853 1852/1852/1852 1851/1851/1851
f 1856/1856/1856 1855/1855/1855 1854/1854/1854
f 1859/1859/1859 1858/1858/1858 1857/1857/1857
f 1862/1862/1862 1861/1861/1861 1860/1860/1860
f 1865/1865/1865 1864/1864/1864 1863/1863/1863
f 1868/1868/1868 1867/1867/1867 1866/1866/1866
f 1871/1871/1871 1870/1870/1870 1869/1869/1869
f 1874/1874/1874 1873/1873/1873 1872/1872/1872
f 1877/1877/1877 1876/1876/1876 1875/1875/1875
f 1880/1880/1880 1879/1879/1879 1878/1878/1878
f 1883/1883/1883 1882/1882/1882 1881/1881/1881
f 1886/1886/1886 1885/1885/1885 1884/1884/1884
f 1884/1884/1884 1885/1885/1885 1887/1887/1887
f 1885/1885/1885 1888/1888/1888 1887/1887/1887
f 1891/1891/1891 1890/1890/1890 1889/1889/1889
f 1894/1894/1894 1893/1893/1893 1892/1892/1892
f 1897/1897/1897 1896/1896/1896 1895/1895/1895
f 1900/1900/1900 1899/1899/1899 1898/1898/1898
f 1903/1903/1903 1902/1902/1902 1901/1901/1901
f 1906/1906/1906 1905/1905/1905 1904/1904/1904
f 1909/1909/1909 1908/1908/1908 1907/1907/1907
f 1912/1912/1912 1911/1911/1911 1910/1910/1910
f 1910/1910/1910 1911/1911/1911 1913/1913/1913
f 1911/1911/1911 1914/1914/1914 1913/1913/1913
f 1917/1917/1917 1916/1916/1916 1915/1915/1915
f 1920/1920/1920 1919/1919/1919 1918/1918/1918
f 1923/1923/1923 1922/1922/1922 1921/1921/1921
f 1926/1926/1926 1925/1925/1925 1924/1924/1924
f 1929/1929/1929 1928/1928/1928 1927/1927/1927
f 1932/1932/1932 1931/1931/1931 1930/1930/1930
f 1935/1935/1935 1934/1934/1934 1933/1933/1933
f 1938/1938/1938 1937/1937/1937 1936/1936/1936
f 1936/1936/1936 1937/1937/1937 1939/1939/1939
f 1937/1937/1937 1940/1940/1940 1939/1939/1939
f 1943/1943/1943 1942/1942/1942 1941/1941/1941
f 1946/1946/1946 1945/1945/1945 1944/1944/1944
f 1949/1949/1949 1948/1948/1948 1947/1947/1947
f 1952/1952/1952 1951/1951/1951 1950/1950/1950
f 1955/1955/1955 1954/1954/1954 1953/1953/1953
f 1958/1958/1958 1957/1957/1957 1956/1956/1956
f 1961/1961/1961 1960/1960/1960 1959/1959/1959
f 1964/1964/1964 1963/1963/1963 1962/1962/1962
f 1962/1962/1962 1963/1963/1963 1965/1965/1965
f 1963/1963/1963 1966/1966/1966 1965/1965/1965
f 1969/1969/1969 1968/1968/1968 1967/1967/1967
f 1972/1972/1972 1971/1971/1971 1970/1970/1970
f 1975/1975/1975 1974/1974/1974 1973/1973/1973
f 1978/1978/1978 1977/1977/1977 1976/1976/1976
f 1981/1981/1981 1980/1980/1980 1979/1979/1979
f 1984/1984/1984 1983/1983/1983 1982/1982/1982
f 1987/1987/1987 1986/1986/1986 1985/1985/1985
f 1990/1990/1990 1989/1989/1989 1988/1988/1988
f 1993/1993/1993 1992/1992/1992 1991/1991/1991
f 1996/1996/1996 1995/1995/1995 1994/1994/1994
f 1994/1994/1994 1995/1995/1995 1997/1997/1997
f 1995/1995/1995 1998/1998/1998 1997/1997/1997
f 2001/2001/2001 2000/2000/2000 1999/1999/1999
f 2004/2004/2004 2003/2003/2003 2002/2002/2002
f 2007/2007/2007 2006/2006/2006 2005/2005/2005
f 2008/2008/2008 2007/2007/2007 2005/2005/2005
f 2009/2009/2009 2008/2008/2008 2005/2005/2005
f 2010/2010/2010 2009/2009/2009 2005/2005/2005
f 2013/2013/2013 2012/2012/2012 2011/2011/2011
f 2014/2014/2014 2013/2013/2013 2011/2011/2011
f 2017/2017/2017 2016/2016/2016 2015/2015/2015
f 2020/2020/2020 2019/2019/2019 2018/2018/2018
f 2021/2021/2021 2020/2020/2020 2018/2018/2018
f 2022/2022/2022 2021/2021/2021 2018/2018/2018
f 2025/2025/2025 2024/2024/2024 2023/2023/2023
f 2026/2026/2026 2025/2025/2025 2023/2023/2023
f 2029/2029/2029 2028/2028/2028 2027/2027/2027
f 2030/2030/2030 2029/2029/2029 2027/2027/2027
f 2032/2032/2032 2027/2027/2027 2031/2031/2031
f 2033/2033/2033 2032/2032/2032 2031/2031/2031
f 2035/2035/2035 2034/2034/2034 2032/2032/2032
f 2036/2036/2036 2035/2035/2035 2032/2032/2032
f 2039/2039/2039 2038/2038/2038 2037/2037/2037
f 2040/2040/2040 2039/2039/2039 2037/2037/2037
f 2042/2042/2042 2037/2037/2037 2041/2041/2041
f 2043/2043/2043 2042/2042/2042 2041/2041/2041
f 2045/2045/2045 2044/2044/2044 2042/2042/2042
f 2046/2046/2046 2045/2045/2045 2042/2042/2042
f 2049/2049/2049 2048/2048/2048 2047/2047/2047
f 2050/2050/2050 2049/2049/2049 2047/2047/2047
f 2053/2053/2053 2052/2052/2052 2051/2051/2051
f 2054/2054/2054 2053/2053/2053 2051/2051/2051
f 2057/2057/2057 2056/2056/2056 2055/2055/2055
f 2058/2058/2058 2057/2057/2057 2055/2055/2055
f 2055/2055/2055 2056/2056/2056 2059/2059/2059
f 2062/2062/2062 2061/2061/2061 2060/2060/2060
f 2063/2063/2063 2062/2062/2062 2060/2060/2060
f 2066/2066/2066 2065/2065/2065 2064/2064/2064
f 2067/2067/2067 2066/2066/2066 2064/2064/2064
f 2070/2070/2070 2069/2069/2069 2068/2068/2068
f 2071/2071/2071 2070/2070/2070 2068/2068/2068
f 2068/2068/2068 2069/2069/2069 2072/2072/2072
f 2069/2069/2069 2073/2073/2073 2072/2072/2072
f 2076/2076/2076 2075/2075/2075 2074/2074/2074
f 2077/2077/2077 2076/2076/2076 2074/2074/2074
f 2074/2074/2074 2075/2075/2075 2078/2078/2078
f 2075/2075/2075 2079/2079/2079 2078/2078/2078
f 2079/2079/2079 2080/2080/2080 2078/2078/2078
f 2080/2080/2080 2081/2081/2081 2078/2078/2078
f 2084/2084/2084 2083/2083/2083 2082/2082/2082
f 2085/2085/2085 2084/2084/2084 2082/2082/2082
f 2086/2086/2086 2085/2085/2085 2082/2082/2082
f 2087/2087/2087 2086/2086/2086 2082/2082/2082
f 2090/2090/2090 2089/2089/2089 2088/2088/2088
f 2091/2091/2091 2090/2090/2090 2088/2088/2088
f 2092/2092/2092 2091/2091/2091 2088/2088/2088
f 2093/2093/2093 2092/2092/2092 2088/2088/2088
f 2089/2089/2089 2090/2090/2090 2094/2094/2094
f 2090/2090/2090 2095/2095/2095 2094/2094/2094
f 2098/2098/2098 2097/2097/2097 2096/2096/2096
f 2101/2101/2101 2100/2100/2100 2099/2099/2099
f 2104/2104/2104 2103/2103/2103 2102/2102/2102
f 2105/2105/2105 2104/2104/2104 2102/2102/2102
f 2108/2108/2108 2107/2107/2107 2106/2106/2106
f 2109/2109/2109 2108/2108/2108 2106/2106/2106
f 2110/2110/2110 2106/2106/2106 2107/2107/2107
f 2111/2111/2111 2110/2110/2110 2107/2107/2107
f 2111/2111/2111 2112/2112/2112 2110/2110/2110
f 2112/2112/2112 2113/2113/2113 2110/2110/2110
f 2116/2116/2116 2115/2115/2115 2114/2114/2114
f 2117/2117/2117 2116/2116/2116 2114/2114/2114
f 2118/2118/2118 2114/2114/2114 2115/2115/2115
f 2119/2119/2119 2118/2118/2118 2115/2115/2115
f 2119/2119/2119 2120/2120/2120 2118/2118/2118
f 2120/2120/2120 2121/2121/2121 2118/2118/2118
f 2124/2124/2124 2123/2123/2123 2122/2122/2122
f 2125/2125/2125 2124/2124/2124 2122/2122/2122
f 2128/2128/2128 2127/2127/2127 2126/2126/2126
f 2129/2129/2129 2128/2128/2128 2126/2126/2126
f 2132/2132/2132 2131/2131/2131 2130/2130/2130
f 2133/2133/2133 2132/2132/2132 2130/2130/2130
f 2136/2136/2136 2135/2135/2135 2134/2134/2134
f 2137/2137/2137 2136/2136/2136 2134/2134/2134
f 2140/2140/2140 2139/2139/2139 2138/2138/2138
f 2141/2141/2141 2140/2140/2140 2138/2138/2138
f 2144/2144/2144 2143/2143/2143 2142/2142/2142
f 2145/2145/2145 2144/2144/2144 2142/2142/2142
f 2148/2148/2148 2147/2147/2147 2146/2146/2146
f 2149/2149/2149 2148/2148/2148 2146/2146/2146
f 2152/2152/2152 2151/2151/2151 2150/2150/2150
f 2153/2153/2153 2152/2152/2152 2150/2150/2150
f 2156/2156/2156 2155/2155/2155 2154/2154/2154
f 2157/2157/2157 2156/2156/2156 2154/2154/2154
f 2160/2160/2160 2159/2159/2159 2158/2158/2158
f 2161/2161/2161 2160/2160/2160 2158/2158/2158
f 2164/2164/2164 2163/2163/2163 2162/2162/2162
f 2165/2165/2165 2164/2164/2164 2162/2162/2162
f 2168/2168/2168 2167/2167/2167 2166/2166/2166
f 2169/2169/2169 2168/2168/2168 2166/2166/2166
f 2172/2172/2172 2171/2171/2171 2170/2170/2170
f 2173/2173/2173 2172/2172/2172 2170/2170/2170
f 2176/2176/2176 2175/2175/2175 2174/2174/2174
f 2179/2179/2179 2178/2178/2178 2177/2177/2177
f 2182/2182/2182 2181/2181/2181 2180/2180/2180
f 2183/2183/2183 2182/2182/2182 2180/2180/2180
f 2186/2186/2186 2185/2185/2185 2184/2184/2184
f 2187/2187/2187 2186/2186/2186 2184/2184/2184
f 2190/2190/2190 2189/2189/2189 2188/2188/2188
f 2191/2191/2191 2190/2190/2190 2188/2188/2188
f 2194/2194/2194 2193/2193/2193 2192/2192/2192
f 2195/2195/2195 2194/2194/2194 2192/2192/2192
f 2198/2198/2198 2197/2197/2197 2196/2196/2196
f 2201/2201/2201 2200/2200/2200 2199/2199/2199
f 2202/2202/2202 2201/2201/2201 2199/2199/2199
f 2205/2205/2205 2204/2204/2204 2203/2203/2203
f 2206/2206/2206 2205/2205/2205 2203/2203/2203
f 2209/2209/2209 2208/2208/2208 2207/2207/2207
f 2210/2210/2210 2209/2209/2209 2207/2207/2207
f 2213/2213/2213 2212/2212/2212 2211/2211/2211
f 2214/2214/2214 2213/2213/2213 2211/2211/2211
f 2217/2217/2217 2216/2216/2216 2215/2215/2215
f 2220/2220/2220 2219/2219/2219 2218/2218/2218
f 2221/2221/2221 2220/2220/2220 2218/2218/2218
f 2224/2224/2224 2223/2223/2223 2222/2222/2222
f 2225/2225/2225 2224/2224/2224 2222/2222/2222
f 2228/2228/2228 2227/2227/2227 2226/2226/2226
f 2229/2229/2229 2228/2228/2228 2226/2226/2226
f 2232/2232/2232 2231/2231/2231 2230/2230/2230
f 2233/2233/2233 2232/2232/2232 2230/2230/2230
f 2236/2236/2236 2235/2235/2235 2234/2234/2234
f 2237/2237/2237 2236/2236/2236 2234/2234/2234
f 2240/2240/2240 2239/2239/2239 2238/2238/2238
f 2241/2241/2241 2240/2240/2240 2238/2238/2238
f 2244/2244/2244 2243/2243/2243 2242/2242/2242
f 2245/2245/2245 2244/2244/2244 2242/2242/2242
f 2248/2248/2248 2247/2247/2247 2246/2246/2246
f 2251/2251/2251 2250/2250/2250 2249/2249/2249
f 2254/2254/2254 2253/2253/2253 2252/2252/2252
f 2255/2255/2255 2254/2254/2254 2252/2252/2252
f 2258/2258/2258 2257/2257/2257 2256/2256/2256
f 2261/2261/2261 2260/2260/2260 2259/2259/2259
f 2264/2264/2264 2263/2263/2263 2262/2262/2262
f 2265/2265/2265 2264/2264/2264 2262/2262/2262
f 2268/2268/2268 2267/2267/2267 2266/2266/2266
f 2269/2269/2269 2268/2268/2268 2266/2266/2266
f 2272/2272/2272 2271/2271/2271 2270/2270/2270
f 2273/2273/2273 2272/2272/2272 2270/2270/2270
f 2276/2276/2276 2275/2275/2275 2274/2274/2274
f 2277/2277/2277 2276/2276/2276 2274/2274/2274
f 2280/2280/2280 2279/2279/2279 2278/2278/2278
f 2281/2281/2281 2280/2280/2280 2278/2278/2278
f 2284/2284/2284 2283/2283/2283 2282/2282/2282
f 2285/2285/2285 2284/2284/2284 2282/2282/2282
f 2288/2288/2288 2287/2287/2287 2286/2286/2286
f 2289/2289/2289 2288/2288/2288 2286/2286/2286
f 2292/2292/2292 2291/2291/2291 2290/2290/2290
f 2293/2293/2293 2292/2292/2292 2290/2290/2290
f 2296/2296/2296 2295/2295/2295 2294/2294/2294
f 2297/2297/2297 2296/2296/2296 2294/2294/2294
f 2300/2300/2300 2299/2299/2299 2298/2298/2298
f 2303/2303/2303 2302/2302/2302 2301/2301/2301
f 2306/2306/2306 2305/2305/2305 2304/2304/2304
f 2307/2307/2307 2306/2306/2306 2304/2304/2304
f 2310/2310/2310 2309/2309/2309 2308/2308/2308
f 2313/2313/2313 2312/2312/2312 2311/2311/2311
f 2314/2314/2314 2313/2313/2313 2311/2311/2311
f 2317/2317/2317 2316/2316/2316 2315/2315/2315
f 2318/2318/2318 2317/2317/2317 2315/2315/2315
f 2321/2321/2321 2320/2320/2320 2319/2319/2319
f 2322/2322/2322 2321/2321/2321 2319/2319/2319
f 2325/2325/2325 2324/2324/2324 2323/2323/2323
f 2326/2326/2326 2325/2325/2325 2323/2323/2323
f 2329/2329/2329 2328/2328/2328 2327/2327/2327
f 2330/2330/2330 2329/2329/2329 2327/2327/2327
f 2333/2333/2333 2332/2332/2332 2331/2331/2331
f 2336/2336/2336 2335/2335/2335 2334/2334/2334
f 2339/2339/2339 2338/2338/2338 2337/2337/2337
f 2340/2340/2340 2339/2339/2339 2337/2337/2337
f 2343/2343/2343 2342/2342/2342 2341/2341/2341
f 2344/2344/2344 2343/2343/2343 2341/2341/2341
f 2347/2347/2347 2346/2346/2346 2345/2345/2345
f 2348/2348/2348 2347/2347/2347 2345/2345/2345
f 2351/2351/2351 2350/2350/2350 2349/2349/2349
f 2354/2354/2354 2353/2353/2353 2352/2352/2352
f 2355/2355/2355 2354/2354/2354 2352/2352/2352
f 2358/2358/2358 2357/2357/2357 2356/2356/2356
f 2359/2359/2359 2358/2358/2358 2356/2356/2356
f 2362/2362/2362 2361/2361/2361 2360/2360/2360
f 2363/2363/2363 2362/2362/2362 2360/2360/2360
f 2366/2366/2366 2365/2365/2365 2364/2364/2364
f 2367/2367/2367 2366/2366/2366 2364/2364/2364
f 2370/2370/2370 2369/2369/2369 2368/2368/2368
f 2371/2371/2371 2370/2370/2370 2368/2368/2368
f 2374/2374/2374 2373/2373/2373 2372/2372/2372
f 2375/2375/2375 2374/2374/2374 2372/2372/2372
f 2378/2378/2378 2377/2377/2377 2376/2376/2376
f 2379/2379/2379 2378/2378/2378 2376/2376/2376
f 2382/2382/2382 2381/2381/2381 2380/2380/2380
f 2385/2385/2385 2384/2384/2384 2383/2383/2383
f 2388/2388/2388 2387/2387/2387 2386/2386/2386
f 2389/2389/2389 2388/2388/2388 2386/2386/2386
f 2392/2392/2392 2391/2391/2391 2390/2390/2390
f 2393/2393/2393 2392/2392/2392 2390/2390/2390
f 2396/2396/2396 2395/2395/2395 2394/2394/2394
f 2397/2397/2397 2396/2396/2396 2394/2394/2394
f 2400/2400/2400 2399/2399/2399 2398/2398/2398
f 2401/2401/2401 2400/2400/2400 2398/2398/2398
f 2404/2404/2404 2403/2403/2403 2402/2402/2402
f 2405/2405/2405 2404/2404/2404 2402/2402/2402
f 2408/2408/2408 2407/2407/2407 2406/2406/2406
f 2409/2409/2409 2408/2408/2408 2406/2406/2406
f 2412/2412/2412 2411/2411/2411 2410/2410/2410
f 2415/2415/2415 2414/2414/2414 2413/2413/2413
f 2418/2418/2418 2417/2417/2417 2416/2416/2416
f 2421/2421/2421 2420/2420/2420 2419/2419/2419
f 2424/2424/2424 2423/2423/2423 2422/2422/2422
f 2427/2427/2427 2426/2426/2426 2425/2425/2425
f 2428/2428/2428 2427/2427/2427 2425/2425/2425
f 2431/2431/2431 2430/2430/2430 2429/2429/2429
f 2432/2432/2432 2431/2431/2431 2429/2429/2429
f 2435/2435/2435 2434/2434/2434 2433/2433/2433
f 2436/2436/2436 2435/2435/2435 2433/2433/2433
f 2439/2439/2439 2438/2438/2438 2437/2437/2437
f 2440/2440/2440 2439/2439/2439 2437/2437/2437
f 2443/2443/2443 2442/2442/2442 2441/2441/2441
f 2444/2444/2444 2443/2443/2443 2441/2441/2441
f 2447/2447/2447 2446/2446/2446 2445/2445/2445
f 2448/2448/2448 2447/2447/2447 2445/2445/2445
f 2451/2451/2451 2450/2450/2450 2449/2449/2449
f 2452/2452/2452 2451/2451/2451 2449/2449/2449
f 2455/2455/2455 2454/2454/2454 2453/2453/2453
f 2456/2456/2456 2455/2455/2455 2453/2453/2453
f 2459/2459/2459 2458/2458/2458 2457/2457/2457
f 2460/2460/2460 2459/2459/2459 2457/2457/2457
f 2463/2463/2463 2462/2462/2462 2461/2461/2461
f 2464/2464/2464 2463/2463/2463 2461/2461/2461
f 2467/2467/2467 2466/2466/2466 2465/2465/2465
f 2468/2468/2468 2467/2467/2467 2465/2465/2465
f 2471/2471/2471 2470/2470/2470 2469/2469/2469
f 2472/2472/2472 2471/2471/2471 2469/2469/2469
f 2475/2475/2475 2474/2474/2474 2473/2473/2473
f 2476/2476/2476 2475/2475/2475 2473/2473/2473
f 2479/2479/2479 2478/2478/2478 2477/2477/2477
f 2480/2480/2480 2479/2479/2479 2477/2477/2477
f 2483/2483/2483 2482/2482/2482 2481/2481/2481
f 2484/2484/2484 2483/2483/2483 2481/2481/2481
f 2487/2487/2487 2486/2486/2486 2485/2485/2485
f 2488/2488/2488 2487/2487/2487 2485/2485/2485
f 2491/2491/2491 2490/2490/2490 2489/2489/2489
f 2492/2492/2492 2491/2491/2491 2489/2489/2489
f 2495/2495/2495 2494/2494/2494 2493/2493/2493
f 2496/2496/2496 2495/2495/2495 2493/2493/2493
f 2499/2499/2499 2498/2498/2498 2497/2497/2497
f 2500/2500/2500 2499/2499/2499 2497/2497/2497
f 2503/2503/2503 2502/2502/2502 2501/2501/2501
f 2504/2504/2504 2503/2503/2503 2501/2501/2501
f 2507/2507/2507 2506/2506/2506 2505/2505/2505
f 2508/2508/2508 2507/2507/2507 2505/2505/2505
f 2511/2511/2511 2510/2510/2510 2509/2509/2509
f 2512/2512/2512 2511/2511/2511 2509/2509/2509
f 2515/2515/2515 2514/2514/2514 2513/2513/2513
f 2516/2516/2516 2515/2515/2515 2513/2513/2513
f 2519/2519/2519 2518/2518/2518 2517/2517/2517
f 2520/2520/2520 2519/2519/2519 2517/2517/2517
f 2523/2523/2523 2522/2522/2522 2521/2521/2521
f 2524/2524/2524 2523/2523/2523 2521/2521/2521
f 2527/2527/2527 2526/2526/2526 2525/2525/2525
f 2528/2528/2528 2527/2527/2527 2525/2525/2525
f 2531/2531/2531 2530/2530/2530 2529/2529/2529
f 2532/2532/2532 2531/2531/2531 2529/2529/2529
f 2535/2535/2535 2534/2534/2534 2533/2533/2533
f 2536/2536/2536 2535/2535/2535 2533/2533/2533
f 2539/2539/2539 2538/2538/2538 2537/2537/2537
f 2540/2540/2540 2539/2539/2539 2537/2537/2537
f 2543/2543/2543 2542/2542/2542 2541/2541/2541
f 2544/2544/2544 2543/2543/2543 2541/2541/2541
f 2547/2547/2547 2546/2546/2546 2545/2545/2545
f 2548/2548/2548 2547/2547/2547 2545/2545/2545
f 2551/2551/2551 2550/2550/2550 2549/2549/2549
f 2552/2552/2552 2551/2551/2551 2549/2549/2549
f 2555/2555/2555 2554/2554/2554 2553/2553/2553
f 2556/2556/2556 2555/2555/2555 2553/2553/2553
f 2559/2559/2559 2558/2558/2558 2557/2557/2557
f 2560/2560/2560 2559/2559/2559 2557/2557/2557
f 2563/2563/2563 2562/2562/2562 2561/2561/2561
f 2564/2564/2564 2563/2563/2563 2561/2561/2561
f 2567/2567/2567 2566/2566/2566 2565/2565/2565
f 2568/2568/2568 2567/2567/2567 2565/2565/2565
f 2571/2571/2571 2570/2570/2570 2569/2569/2569
f 2572/2572/2572 2571/2571/2571 2569/2569/2569
f 2575/2575/2575 2574/2574/2574 2573/2573/2573
f 2576/2576/2576 2575/2575/2575 2573/2573/2573
f 2579/2579/2579 2578/2578/2578 2577/2577/2577
f 2580/2580/2580 2579/2579/2579 2577/2577/2577
f 2583/2583/2583 2582/2582/2582 2581/2581/2581
f 2584/2584/2584 2583/2583/2583 2581/2581/2581
f 2587/2587/2587 2586/2586/2586 2585/2585/2585
f 2588/2588/2588 2587/2587/2587 2585/2585/2585
f 2591/2591/2591 2590/2590/2590 2589/2589/2589
f 2592/2592/2592 2591/2591/2591 2589/2589/2589
f 2595/2595/2595 2594/2594/2594 2593/2593/2593
f 2596/2596/2596 2595/2595/2595 2593/2593/2593
f 2599/2599/2599 2598/2598/2598 2597/2597/2597
f 2600/2600/2600 2599/2599/2599 2597/2597/2597
f 2603/2603/2603 2602/2602/2602 2601/2601/2601
f 2604/2604/2604 2603/2603/2603 2601/2601/2601
f 2607/2607/2607 2606/2606/2606 2605/2605/2605
f 2610/2610/2610 2609/2609/2609 2608/2608/2608
f 2613/2613/2613 2612/2612/2612 2611/2611/2611
f 2614/2614/2614 2613/2613/2613 2611/2611/2611
f 2617/2617/2617 2616/2616/2616 2615/2615/2615
f 2620/2620/2620 2619/2619/2619 2618/2618/2618
f 2621/2621/2621 2620/2620/2620 2618/2618/2618
f 2624/2624/2624 2623/2623/2623 2622/2622/2622
f 2627/2627/2627 2626/2626/2626 2625/2625/2625
f 2628/2628/2628 2627/2627/2627 2625/2625/2625
f 2631/2631/2631 2630/2630/2630 2629/2629/2629
f 2632/2632/2632 2631/2631/2631 2629/2629/2629
f 2635/2635/2635 2634/2634/2634 2633/2633/2633
f 2638/2638/2638 2637/2637/2637 2636/2636/2636
f 2639/2639/2639 2638/2638/2638 2636/2636/2636
f 2642/2642/2642 2641/2641/2641 2640/2640/2640
f 2643/2643/2643 2642/2642/2642 2640/2640/2640
f 2646/2646/2646 2645/2645/2645 2644/2644/2644
f 2647/2647/2647 2646/2646/2646 2644/2644/2644
f 2650/2650/2650 2649/2649/2649 2648/2648/2648
f 2651/2651/2651 2650/2650/2650 2648/2648/2648
f 2654/2654/2654 2653/2653/2653 2652/2652/2652
f 2655/2655/2655 2654/2654/2654 2652/2652/2652
f 2658/2658/2658 2657/2657/2657 2656/2656/2656
f 2659/2659/2659 2658/2658/2658 2656/2656/2656
f 2662/2662/2662 2661/2661/2661 2660/2660/2660
f 2663/2663/2663 2662/2662/2662 2660/2660/2660
f 2666/2666/2666 2665/2665/2665 2664/2664/2664
f 2667/2667/2667 2666/2666/2666 2664/2664/2664
f 2670/2670/2670 2669/2669/2669 2668/2668/2668
f 2671/2671/2671 2670/2670/2670 2668/2668/2668
f 2674/2674/2674 2673/2673/2673 2672/2672/2672
f 2675/2675/2675 2674/2674/2674 2672/2672/2672
