g Telephone
v -0.06993652 0.1790805 0.035338424
v -0.06993652 0.177338 0.042090133
v -0.06993652 0.15965547 0.036653068
v -0.06993652 0.16139796 0.029901363
v -0.06993652 0.15244384 0.02714822
v -0.06993652 0.15070134 0.03389993
v -0.06993652 0.146922 0.032737963
v -0.06993652 0.1486645 0.025986254
v -0.06993652 0.17306283 0.05924806
v -0.06993652 0.1553803 0.053810995
v -0.06993652 0.14650634 0.02532272
v -0.06993652 0.14476383 0.03207443
v -0.06993652 0.14048867 0.049232353
v -0.06993652 0.14264685 0.04989589
v -0.06993652 0.14343329 0.031665336
v -0.06993652 0.14517578 0.02491363
v -0.06993652 0.14387935 0.024515003
v -0.06993652 0.14213684 0.031266708
v -0.06993652 0.13786167 0.048424635
v -0.06993652 0.13377787 0.02869641
v -0.06993652 0.1295027 0.045854338
v -0.06993652 0.13552037 0.021944705
v -0.06993652 0.11300226 0.015020609
v -0.06993652 0.11125975 0.021772316
v -0.06993652 0.08868978 0.014832272
v -0.06993652 0.09043228 0.008080564
v -0.06993652 0.10698459 0.038930245
v -0.06993652 0.08441462 0.031990197
v -0.06993652 0.07590005 0.029372057
v -0.06993652 0.080175206 0.01221413
v -0.06993652 0.07863537 0.011740651
v -0.06993652 0.07436021 0.02889858
v -0.06993652 0.08191771 0.005462423
v -0.06993652 0.08037786 0.0049889437
v -0.06993652 0.07873209 0.004482887
v -0.06993652 0.07698959 0.0112345945
v -0.06993652 0.066157006 0.007903743
v -0.06993652 0.0678995 0.0011520355
v -0.06993652 0.07271443 0.028392524
v -0.06993652 0.06188184 0.02506167
v -0.06993652 0.032781586 0.016113807
v -0.06993652 0.03705675 -0.0010441232
v -0.06993652 -0.0013981011 -0.012868376
v -0.06993652 -0.005673266 0.0042895507
v -0.06993652 -0.04456965 -0.0076704687
v -0.06993652 -0.040294483 -0.024828395
v -0.06993652 -0.08186016 -0.03760918
v -0.06993652 -0.08613532 -0.020451251
v -0.06993652 -0.13259806 -0.034737803
v -0.06993652 -0.1283229 -0.051895726
v -0.06993652 -0.1668254 -0.063734636
v -0.06993652 -0.17110057 -0.046576712
v -0.06993652 -0.12658039 -0.05864743
v -0.06993652 -0.16508289 -0.070486344
v -0.06993652 -0.08011765 -0.044360884
v -0.06993652 -0.038551986 -0.0315801
v -0.06993652 0.00034439843 -0.019620085
v -0.06993652 -0.18276793 -0.07592421
v -0.06993652 -0.18451044 -0.06917251
v -0.06993652 -0.18878561 -0.052014578
v -0.06993652 0.038799252 -0.0077958303
v -0.06993652 0.1790805 0.035338424
v -0.06665857 0.19561553 0.040422685
v -0.06665857 0.19387303 0.047174394
v -0.06993652 0.177338 0.042090133
v -0.06993652 0.17306283 0.05924806
v -0.06665857 0.18959787 0.06433232
v -0.06993652 0.1790805 0.035338424
v -0.06665858 0.17943761 0.03417697
v -0.064109065 0.19159323 0.038244214
v -0.06665857 0.19561553 0.040422685
v -0.06993652 0.1790805 0.035338424
v -0.06993652 0.16139796 0.029901363
v -0.06665857 0.16175508 0.028739914
v -0.06665858 0.17943761 0.03417697
v -0.06993652 0.15244384 0.02714822
v -0.06665858 0.15280096 0.025986776
v -0.06665857 0.14902163 0.02482481
v -0.06993652 0.1486645 0.025986254
v -0.06993652 0.14650634 0.02532272
v -0.06665858 0.14686346 0.024161274
v -0.06665857 0.14553292 0.023752183
v -0.06993652 0.14517578 0.02491363
v -0.06993652 0.14387935 0.024515003
v -0.06665858 0.14423648 0.023353554
v -0.06665857 0.1358775 0.020783257
v -0.06993652 0.13552037 0.021944705
v -0.06993652 0.11300226 0.015020609
v -0.06665858 0.11335939 0.013859162
v -0.06665857 0.0907894 0.0069191176
v -0.06993652 0.09043228 0.008080564
v -0.06993652 0.08191771 0.005462423
v -0.06665858 0.08227484 0.0043009752
v -0.06665857 0.080735 0.0038274964
v -0.06993652 0.08037786 0.0049889437
v -0.06993652 0.07873209 0.004482887
v -0.06665858 0.07908921 0.00332144
v -0.06665857 0.06825663 -9.411713E-06
v -0.06993652 0.0678995 0.0011520355
v -0.06993652 0.038799252 -0.0077958303
v -0.06665858 0.039156377 -0.008957278
v -0.06665857 0.0007015249 -0.02078153
v -0.06993652 0.00034439843 -0.019620085
v -0.06993652 -0.038551986 -0.0315801
v -0.06665858 -0.03819486 -0.032741547
v -0.06665857 -0.07976054 -0.045522332
v -0.06993652 -0.08011765 -0.044360884
v -0.06993652 -0.12658039 -0.05864743
v -0.06665858 -0.12622327 -0.059808876
v -0.06665857 -0.16472578 -0.07164779
v -0.06993652 -0.16508289 -0.070486344
v -0.06993652 -0.18276793 -0.07592421
v -0.06665858 -0.1824108 -0.07708566
v 0.05711318 0.17955667 0.03378982
v 0.04701829 0.17955667 0.03378982
v 0.04701829 0.16187412 0.02835276
v 0.05711318 0.16187412 0.02835276
v 0.04701829 0.19597267 0.039261237
v 0.05711318 0.19597267 0.039261237
v 0.05711318 0.15292001 0.025599621
v 0.04701829 0.15292001 0.02559962
v 0.04701829 0.14914066 0.024437657
v 0.05711318 0.14914067 0.024437658
v 0.06673069 0.16175508 0.028739914
v 0.05711318 0.17955667 0.03378982
v 0.066730686 0.17943761 0.03417697
v 0.06423727 0.19159323 0.038244214
v 0.05711318 0.19597267 0.039261237
v 0.06673069 0.15280096 0.025986774
v 0.06673069 0.14902163 0.02482481
v 0.05711318 0.14698249 0.023774123
v 0.04701829 0.14698249 0.023774121
v 0.04701829 0.14565192 0.023365032
v 0.05711318 0.14565195 0.023365032
v 0.05711318 0.1443555 0.022966404
v 0.04701829 0.1443555 0.022966402
v 0.04701829 0.13599654 0.020396106
v 0.05711318 0.13599655 0.020396108
v 0.066730686 0.14553292 0.023752183
v 0.066730686 0.14423648 0.023353554
v 0.06673069 0.1358775 0.020783257
v 0.05711318 0.11347843 0.01347201
v 0.04701829 0.11347842 0.013472009
v 0.04701829 0.090908445 0.0065319673
v 0.05711318 0.090908445 0.0065319673
v 0.06673069 0.11335939 0.013859162
v 0.06673069 0.0907894 0.0069191176
v 0.05711318 0.08239387 0.0039138263
v 0.04701829 0.08239387 0.0039138263
v 0.04701829 0.08085404 0.0034403466
v 0.05711318 0.080854036 0.0034403466
v 0.05711318 0.079208255 0.0029342903
v 0.04701829 0.079208255 0.00293429
v 0.04701829 0.06837567 -0.0003965617
v 0.05711318 0.06837567 -0.0003965612
v 0.06673069 0.080735 0.0038274957
v 0.06673069 0.07908921 0.00332144
v 0.06673069 0.06825663 -9.411655E-06
v 0.066730686 0.082274824 0.0043009752
v 0.05711318 0.03927542 -0.009344427
v 0.04701829 0.03927542 -0.009344427
v 0.04701829 0.0008205676 -0.021168679
v 0.05711318 0.00082056684 -0.021168679
v 0.05711318 -0.03807582 -0.033128697
v 0.04701829 -0.038075816 -0.033128697
v 0.04701829 -0.07964149 -0.04590948
v 0.05711318 -0.07964149 -0.04590948
v 0.05711318 -0.1261042 -0.060196027
v 0.04701829 -0.1261042 -0.060196027
v 0.04701829 -0.16460672 -0.07203494
v 0.05711318 -0.16460672 -0.07203494
v 0.06673069 -0.07976054 -0.045522332
v 0.06673069 -0.12622327 -0.059808884
v 0.06673069 -0.16472578 -0.07164779
v 0.06673069 0.00070152467 -0.02078153
v 0.06673069 -0.03819486 -0.032741547
v 0.05711318 -0.18229175 -0.077472806
v 0.04701829 -0.18229175 -0.077472806
v 0.066730686 -0.1824108 -0.07708566
v 0.042380266 -0.18229175 -0.077472806
v 0.042380266 -0.16460672 -0.07203494
v 0.039476395 -0.16460672 -0.07203494
v 0.039476395 -0.18229175 -0.077472806
v 0.034583952 -0.18229175 -0.077472806
v 0.034583952 -0.16460672 -0.07203494
v 0.022089452 -0.16460672 -0.07203494
v 0.022089452 -0.18229175 -0.077472806
v 0.034583952 -0.1261042 -0.060196027
v 0.022089452 -0.1261042 -0.060196027
v 0.022089452 -0.07964148 -0.04590948
v 0.034583952 -0.07964149 -0.04590948
v 0.034583952 -0.038075816 -0.033128697
v 0.022089452 -0.038075816 -0.033128697
v 0.022089452 0.00082056783 -0.021168679
v 0.034583952 0.00082056684 -0.021168679
v 0.039476395 0.00082056754 -0.021168679
v 0.039476395 -0.038075816 -0.033128697
v 0.039476395 -0.07964149 -0.04590948
v 0.039476395 -0.1261042 -0.060196027
v 0.034583952 0.03927542 -0.009344427
v 0.022089452 0.03927542 -0.009344427
v 0.022089452 0.06837567 -0.0003965618
v 0.034583952 0.06837567 -0.0003965618
v 0.034583952 0.079208255 0.00293429
v 0.022089452 0.079208255 0.00293429
v 0.039476395 0.06837567 -0.0003965618
v 0.039476395 0.079208255 0.00293429
v 0.039476395 0.03927542 -0.009344427
v 0.042380266 0.03927542 -0.009344427
v 0.042380266 0.00082056684 -0.021168679
v 0.042380266 0.06837568 -0.0003965618
v 0.042380266 0.079208255 0.00293429
v 0.042380266 0.080854036 0.0034403466
v 0.042380266 0.08239387 0.0039138263
v 0.042380266 0.09090844 0.0065319673
v 0.042380266 0.11347843 0.013472009
v 0.042380266 0.13599654 0.020396104
v 0.042380266 0.1443555 0.022966402
v 0.042380266 0.14565192 0.02336503
v 0.042380266 0.14698249 0.023774121
v 0.042380266 0.14914066 0.024437657
v 0.039476395 0.14914066 0.024437657
v 0.039476395 0.14698249 0.023774121
v 0.034583952 0.14698249 0.023774121
v 0.034583952 0.14914066 0.024437653
v 0.034583952 0.15292001 0.02559962
v 0.022089452 0.14914066 0.024437657
v 0.022089452 0.15292001 0.02559962
v 0.022089452 0.16187412 0.02835276
v 0.034583952 0.16187412 0.02835276
v 0.039476395 0.16187412 0.02835276
v 0.039476395 0.15292001 0.02559962
v 0.034583952 0.17955667 0.03378982
v 0.022089452 0.17955667 0.03378982
v 0.022089452 0.19597267 0.039261237
v 0.034583952 0.19597267 0.039261237
v 0.039476395 0.19597267 0.039261237
v 0.039476395 0.17955667 0.03378982
v 0.022089452 0.14698249 0.023774121
v 0.042380266 0.15292001 0.02559962
v 0.042380266 0.16187412 0.02835276
v 0.042380266 0.17955667 0.03378982
v 0.042380266 0.19597267 0.039261237
v -0.0036206038 0.14698249 0.023774121
v -0.0036206038 0.14914066 0.024437657
v -0.02842551 0.14914066 0.024437657
v -0.02842551 0.14698249 0.023774121
v -0.0036206038 0.15292001 0.02559962
v -0.02842551 0.15292001 0.02559962
v -0.02842551 0.16187412 0.02835276
v -0.0036206038 0.16187412 0.02835276
v -0.0036206038 0.17955667 0.03378982
v -0.02842551 0.17955667 0.03378982
v -0.02842551 0.19597267 0.039261237
v -0.0036206038 0.19597267 0.039261237
v -0.03820456 0.15292001 0.02559962
v -0.03820456 0.16187412 0.02835276
v -0.04030943 0.16187412 0.02835276
v -0.04030943 0.15292001 0.02559962
v -0.04209181 0.15292001 0.02559962
v -0.04209181 0.16187412 0.02835276
v -0.0465856 0.16187412 0.028352764
v -0.0465856 0.15292001 0.02559962
v -0.0465856 0.14914066 0.024437658
v -0.04209181 0.14914066 0.024437653
v -0.04030943 0.14914066 0.024437657
v -0.04209181 0.17955667 0.03378982
v -0.0465856 0.17955667 0.03378982
v -0.0465856 0.19597267 0.039261237
v -0.04209181 0.19597267 0.039261237
v -0.04030943 0.19597267 0.039261237
v -0.04030943 0.17955667 0.03378982
v -0.04209181 0.14698249 0.023774121
v -0.0465856 0.14698249 0.023774123
v -0.0465856 0.14565192 0.023365032
v -0.04209181 0.14565192 0.023365032
v -0.04209181 0.1443555 0.022966402
v -0.0465856 0.1443555 0.022966404
v -0.0465856 0.13599654 0.020396106
v -0.04209181 0.13599654 0.020396106
v -0.04209181 0.11347843 0.013472009
v -0.0465856 0.11347842 0.01347201
v -0.0465856 0.090908445 0.0065319673
v -0.04209181 0.090908445 0.0065319673
v -0.04209181 0.08239387 0.0039138263
v -0.0465856 0.08239387 0.0039138263
v -0.0465856 0.08085404 0.0034403466
v -0.04209181 0.080854036 0.0034403466
v -0.04209181 0.079208255 0.00293429
v -0.0465856 0.079208255 0.00293429
v -0.0465856 0.06837567 -0.0003965617
v -0.04209181 0.06837567 -0.0003965618
v -0.04030943 0.06837567 -0.0003965618
v -0.04030943 0.079208255 0.00293429
v -0.04209181 0.03927542 -0.009344427
v -0.0465856 0.03927542 -0.009344427
v -0.0465856 0.0008205676 -0.021168679
v -0.04209181 0.00082056684 -0.021168679
v -0.04209181 -0.038075816 -0.033128697
v -0.0465856 -0.038075816 -0.033128697
v -0.0465856 -0.07964148 -0.04590948
v -0.04209181 -0.07964149 -0.04590948
v -0.04030943 0.00082056754 -0.021168679
v -0.04030943 -0.038075816 -0.033128697
v -0.04030943 -0.07964149 -0.04590948
v -0.04209181 -0.1261042 -0.060196027
v -0.0465856 -0.1261042 -0.060196027
v -0.0465856 -0.16460672 -0.07203494
v -0.04209181 -0.16460672 -0.07203494
v -0.04209181 -0.18229175 -0.077472806
v -0.0465856 -0.18229175 -0.077472806
v -0.04030943 -0.16460672 -0.07203494
v -0.04030943 -0.18229175 -0.077472806
v -0.04030943 -0.1261042 -0.060196027
v -0.05682473 -0.1261042 -0.060196027
v -0.056824725 -0.07964149 -0.04590948
v -0.06665857 -0.07976054 -0.045522332
v -0.06665858 -0.12622327 -0.059808876
v -0.06665857 -0.16472578 -0.07164779
v -0.056824725 -0.16460672 -0.07203494
v -0.05682473 -0.03807582 -0.033128697
v -0.06665858 -0.03819486 -0.032741547
v -0.06665857 0.0007015249 -0.02078153
v -0.056824725 0.00082056597 -0.021168679
v -0.05682473 0.03927542 -0.009344427
v -0.06665858 0.039156377 -0.008957278
v -0.06665857 0.06825663 -9.411713E-06
v -0.056824725 0.06837568 -0.0003965612
v -0.05682473 0.079208255 0.0029342903
v -0.06665858 0.07908921 0.00332144
v -0.06665857 0.080735 0.0038274964
v -0.056824725 0.080854036 0.003440347
v -0.05682473 0.08239387 0.0039138263
v -0.06665858 0.08227484 0.0043009752
v -0.06665857 0.0907894 0.0069191176
v -0.056824725 0.09090844 0.0065319673
v -0.05682473 0.11347843 0.01347201
v -0.06665858 0.11335939 0.013859162
v -0.06665857 0.1358775 0.020783257
v -0.056824725 0.13599655 0.020396106
v -0.05682473 0.1443555 0.022966404
v -0.06665858 0.14423648 0.023353554
v -0.06665857 0.14553292 0.023752183
v -0.056824725 0.14565195 0.023365032
v -0.05682473 0.14698249 0.023774123
v -0.06665858 0.14686346 0.024161274
v -0.06665857 0.14902163 0.02482481
v -0.056824725 0.14914067 0.024437658
v -0.05682473 0.15292001 0.025599625
v -0.06665858 0.15280096 0.025986776
v -0.06665857 0.16175508 0.028739914
v -0.056824725 0.16187412 0.028352764
v -0.05682473 0.17955667 0.033789825
v -0.06665858 0.17943761 0.03417697
v -0.064109065 0.19159323 0.038244214
v -0.056824725 0.19597267 0.039261237
v -0.056824725 0.19597267 0.039261237
v 0.06993652 0.13786167 0.04842464
v 0.06993652 0.14213684 0.03126671
v 0.06993652 0.13377787 0.02869641
v 0.06993652 0.1295027 0.045854338
v 0.06993652 0.14343329 0.031665336
v 0.06993652 0.13915811 0.04882326
v 0.06993652 0.14048867 0.049232353
v 0.06993652 0.14476383 0.032074425
v 0.06993652 0.146922 0.032737963
v 0.06993652 0.14264685 0.04989589
v 0.06993652 0.14387934 0.024515003
v 0.06993652 0.14517578 0.02491363
v 0.06993652 0.13552037 0.021944705
v 0.06993652 0.11300227 0.015020609
v 0.06993652 0.11125975 0.021772316
v 0.06993652 0.08868978 0.014832272
v 0.06993652 0.09043228 0.008080564
v 0.06993652 0.106984586 0.038930245
v 0.06993652 0.084414616 0.031990197
v 0.06993652 0.07590004 0.029372057
v 0.06993652 0.080175206 0.01221413
v 0.06993652 0.078635365 0.011740651
v 0.06993652 0.07436021 0.02889858
v 0.06993652 0.0819177 0.005462423
v 0.06993652 0.08037786 0.0049889437
v 0.06993652 0.07873209 0.004482887
v 0.06993652 0.07698959 0.0112345945
v 0.06993652 0.066157006 0.007903743
v 0.06993652 0.0678995 0.0011520355
v 0.06993652 0.07271443 0.028392524
v 0.06993652 0.06188184 0.02506167
v 0.06993652 0.032781586 0.016113807
v 0.06993652 0.03705675 -0.0010441232
v 0.06993652 -0.0013981014 -0.012868376
v 0.06993652 -0.005673266 0.0042895507
v 0.06993652 -0.04456965 -0.0076704677
v 0.06993652 -0.040294483 -0.024828395
v 0.06993652 -0.08186016 -0.037609182
v 0.06993652 -0.08613533 -0.020451251
v 0.06993652 -0.13259806 -0.034737803
v 0.06993652 -0.1283229 -0.051895726
v 0.06993652 -0.1668254 -0.063734636
v 0.06993652 -0.17110057 -0.046576712
v 0.06993652 -0.12658039 -0.058647435
v 0.06993652 -0.08011765 -0.044360884
v 0.06993652 -0.16508289 -0.07048635
v 0.06993652 -0.038551986 -0.0315801
v 0.06993652 0.0003443975 -0.019620085
v 0.06993652 -0.18276794 -0.07592421
v 0.06993652 -0.18451044 -0.06917251
v 0.06993652 -0.18878561 -0.052014578
v 0.06993652 0.03879925 -0.0077958303
v 0.06993652 0.13786167 0.04842464
v 0.06673069 0.13370554 0.06519541
v 0.06673069 0.13500199 0.06559405
v 0.06993652 0.13915811 0.04882326
v 0.06673069 0.12534657 0.06262512
v 0.06993652 0.1295027 0.045854338
v 0.06993652 0.14048867 0.049232353
v 0.06673069 0.13633254 0.06600313
v 0.06673069 0.1384907 0.06666667
v 0.06993652 0.14264685 0.04989589
v 0.06993652 0.106984586 0.038930245
v 0.06673069 0.102828465 0.055701025
v 0.06673069 0.08025848 0.04876098
v 0.06993652 0.084414616 0.031990197
v 0.06993652 0.07590004 0.029372057
v 0.06673069 0.07174392 0.04614284
v 0.06673069 0.07020409 0.04566936
v 0.06993652 0.07436021 0.02889858
v 0.06993652 0.07271443 0.028392524
v 0.06673069 0.068558306 0.0451633
v 0.06673069 0.05772572 0.041832455
v 0.06993652 0.06188184 0.02506167
v 0.06993652 0.032781586 0.016113807
v 0.06673069 0.028625464 0.032884587
v 0.06673069 -0.009829388 0.02106033
v 0.06993652 -0.005673266 0.0042895507
v 0.06993652 -0.04456965 -0.0076704677
v 0.06673069 -0.048725765 0.009100311
v 0.06673069 -0.09029144 -0.0036804723
v 0.06993652 -0.08613533 -0.020451251
v 0.06993652 -0.13259806 -0.034737803
v 0.06673069 -0.13675417 -0.017967021
v 0.06673069 -0.17525668 -0.029805932
v 0.06993652 -0.17110057 -0.046576712
v 0.06993652 -0.18878561 -0.052014578
v 0.06673069 -0.19294174 -0.035243798
v -0.056824725 0.16752133 0.08160909
v -0.0465856 0.16752133 0.081609085
v -0.0465856 0.1498388 0.07617203
v -0.056824725 0.1498388 0.07617203
v -0.056824725 0.14088467 0.07341889
v -0.0465856 0.14088467 0.073418885
v -0.0465856 0.13710532 0.07225692
v -0.056824725 0.13710533 0.07225692
v -0.056824725 0.13494715 0.07159339
v -0.0465856 0.13494715 0.07159339
v -0.0465856 0.1336166 0.0711843
v -0.056824725 0.1336166 0.0711843
v -0.056824725 0.13232015 0.07078567
v -0.0465856 0.13232015 0.07078567
v -0.0465856 0.12396118 0.06821538
v -0.056824725 0.12396119 0.06821538
v -0.056824725 0.10144308 0.061291277
v -0.0465856 0.10144308 0.061291277
v -0.0465856 0.07887311 0.054351237
v -0.056824725 0.07887311 0.054351237
v -0.056824725 0.070358545 0.051733095
v -0.0465856 0.07035854 0.051733095
v -0.0465856 0.0688187 0.05125962
v -0.056824725 0.0688187 0.051259622
v -0.056824725 0.06717292 0.050753564
v -0.0465856 0.067172915 0.050753564
v -0.0465856 0.056340337 0.047422703
v -0.056824725 0.056340344 0.047422707
v -0.056824725 0.02724009 0.038474847
v -0.0465856 0.027240084 0.038474847
v -0.0465856 -0.011214761 0.02665059
v -0.056824725 -0.01121476 0.026650587
v -0.056824725 -0.050111145 0.014690571
v -0.0465856 -0.050111145 0.014690571
v -0.0465856 -0.09167682 0.001909789
v -0.056824725 -0.09167682 0.0019097883
v -0.056824725 -0.13813955 -0.012376759
v -0.0465856 -0.13813955 -0.012376757
v -0.0465856 -0.17664203 -0.024215668
v -0.056824725 -0.17664205 -0.024215668
v -0.056824725 -0.1943271 -0.029653536
v -0.0465856 -0.19432709 -0.029653536
v -0.04209181 0.027240084 0.038474843
v -0.04209181 0.05634033 0.047422707
v -0.04030943 0.05634033 0.047422703
v -0.04030943 0.027240084 0.038474843
v -0.03820456 0.027240084 0.038474843
v -0.03820456 0.05634033 0.047422707
v -0.03820456 0.067172915 0.050753564
v -0.02842551 0.05634033 0.047422703
v -0.02842551 0.067172915 0.050753564
v -0.02842551 0.0688187 0.05125961
v -0.03820456 0.068818696 0.051259622
v -0.04030943 0.0688187 0.05125962
v -0.04030943 0.067172915 0.050753564
v -0.03820456 0.07035854 0.051733095
v -0.02842551 0.07035854 0.051733095
v -0.02842551 0.078873105 0.054351237
v -0.03820456 0.078873105 0.054351237
v -0.03820456 0.10144308 0.061291277
v -0.02842551 0.10144308 0.061291277
v -0.02842551 0.12396118 0.06821537
v -0.03820456 0.12396119 0.06821538
v -0.03820456 0.13232015 0.07078567
v -0.02842551 0.13232015 0.07078567
v -0.02842551 0.1336166 0.0711843
v -0.03820456 0.1336166 0.0711843
v -0.04030943 0.1336166 0.0711843
v -0.04030943 0.13232015 0.07078567
v -0.04030943 0.12396118 0.06821537
v -0.04030943 0.10144308 0.061291277
v -0.04030943 0.07887311 0.054351237
v -0.04030943 0.07035854 0.051733095
v -0.03820456 0.13494715 0.07159339
v -0.02842551 0.13494715 0.07159339
v -0.02842551 0.13710532 0.07225692
v -0.03820456 0.13710532 0.07225692
v -0.03820456 0.14088467 0.073418885
v -0.02842551 0.14088467 0.073418885
v -0.02842551 0.1498388 0.07617203
v -0.03820456 0.1498388 0.076172024
v -0.04030943 0.1498388 0.07617203
v -0.04030943 0.14088467 0.073418885
v -0.04030943 0.13710532 0.07225692
v -0.03820456 0.16752133 0.081609085
v -0.02842551 0.16752133 0.081609085
v -0.04030943 0.16752133 0.081609085
v -0.04030943 0.13494715 0.07159339
v -0.04209181 0.13494715 0.07159339
v -0.04209181 0.1336166 0.0711843
v -0.04209181 0.13710532 0.07225692
v -0.04209181 0.13232015 0.07078567
v -0.04209181 0.12396118 0.06821537
v -0.04209181 0.10144308 0.061291277
v -0.04209181 0.078873105 0.054351237
v -0.04209181 0.07035854 0.051733095
v -0.04209181 0.068818696 0.05125962
v -0.04209181 0.067172915 0.050753564
v -0.056824725 0.16752133 0.08160909
v -0.056824725 0.18544173 0.0811031
v -0.0465856 0.18544173 0.0811031
v -0.0465856 0.16752133 0.081609085
v -0.04209181 0.16752133 0.081609085
v -0.04209181 0.18544173 0.081103094
v -0.04030943 0.18544173 0.081103094
v -0.04030943 0.16752133 0.081609085
v -0.03820456 0.16752133 0.081609085
v -0.03820456 0.18544173 0.081103094
v -0.02842551 0.18544173 0.081103094
v -0.02842551 0.16752133 0.081609085
v -0.0036206038 0.16752133 0.081609085
v -0.0036206038 0.18544173 0.081103094
v 0.022089452 0.18544173 0.081103094
v 0.022089452 0.16752133 0.081609085
v 0.034583952 0.16752133 0.081609085
v 0.034583952 0.18544173 0.081103094
v 0.039476395 0.18544173 0.081103094
v 0.039476395 0.16752133 0.081609085
v 0.042380266 0.16752133 0.081609085
v 0.042380266 0.18544173 0.081103094
v 0.04701829 0.18544173 0.0811031
v 0.04701829 0.16752133 0.081609085
v 0.05711319 0.16752133 0.08160909
v 0.05711318 0.18544173 0.0811031
v -0.056824725 0.16752133 0.08160909
v -0.06665857 0.16890669 0.07601884
v -0.06410906 0.18223241 0.07543698
v -0.056824725 0.18544173 0.0811031
v -0.056824725 0.16752133 0.08160909
v -0.056824725 0.1498388 0.07617203
v -0.06665857 0.15122417 0.07058178
v -0.06665857 0.16890669 0.07601884
v -0.056824725 0.14088467 0.07341889
v -0.06665857 0.14227004 0.06782863
v -0.06665857 0.1384907 0.06666667
v -0.056824725 0.13710533 0.07225692
v -0.056824725 0.13494715 0.07159339
v -0.06665857 0.13633254 0.06600313
v -0.06665857 0.13500199 0.06559404
v -0.056824725 0.1336166 0.0711843
v -0.056824725 0.13232015 0.07078567
v -0.06665857 0.13370554 0.06519541
v -0.06665857 0.12534657 0.06262512
v -0.056824725 0.12396119 0.06821538
v -0.056824725 0.10144308 0.061291277
v -0.06665857 0.10282847 0.055701025
v -0.06665857 0.08025849 0.04876098
v -0.056824725 0.07887311 0.054351237
v -0.056824725 0.070358545 0.051733095
v -0.06665857 0.07174392 0.04614284
v -0.06665857 0.07020407 0.04566936
v -0.056824725 0.0688187 0.051259622
v -0.056824725 0.06717292 0.050753564
v -0.06665857 0.068558306 0.0451633
v -0.06665857 0.05772572 0.041832455
v -0.056824725 0.056340344 0.047422707
v -0.056824725 0.02724009 0.038474847
v -0.06665857 0.028625464 0.032884587
v -0.06665857 -0.009829388 0.02106033
v -0.056824725 -0.01121476 0.026650587
v -0.056824725 -0.050111145 0.014690571
v -0.06665857 -0.048725765 0.0091003105
v -0.06665857 -0.09029144 -0.0036804723
v -0.056824725 -0.09167682 0.0019097883
v -0.056824725 -0.13813955 -0.012376759
v -0.06665857 -0.13675417 -0.017967021
v -0.06665857 -0.17525668 -0.029805932
v -0.056824725 -0.17664205 -0.024215668
v -0.056824725 -0.1943271 -0.029653536
v -0.06665857 -0.19294174 -0.035243798
v -0.03820456 -0.1960619 -0.054251924
v -0.02842551 -0.1960619 -0.054251924
v -0.02842551 -0.19178672 -0.07140985
v -0.03820456 -0.19178672 -0.07140985
v -0.04030943 -0.19178672 -0.07140985
v -0.04030943 -0.1960619 -0.054251924
v -0.04209181 -0.1960619 -0.054251924
v -0.04209181 -0.19178672 -0.07140985
v -0.04209181 -0.19004422 -0.07816156
v -0.04030943 -0.19004422 -0.07816156
v -0.0465856 -0.19178672 -0.07140985
v -0.0465856 -0.19004422 -0.07816156
v -0.056824725 -0.19004422 -0.07816156
v -0.056824725 -0.19178672 -0.07140985
v -0.056824725 -0.19606191 -0.054251924
v -0.0465856 -0.1960619 -0.054251924
v -0.03820456 -0.19004422 -0.07816156
v -0.02842551 -0.19004422 -0.07816156
v -0.0036206038 -0.19004422 -0.07816156
v -0.0036206038 -0.19178672 -0.07140985
v 0.022089452 -0.19178672 -0.07140985
v 0.022089452 -0.19004422 -0.07816156
v 0.034583952 -0.19004422 -0.07816156
v 0.034583952 -0.19178672 -0.07140985
v 0.039476395 -0.19178672 -0.07140985
v 0.039476395 -0.19004422 -0.07816156
v 0.042380266 -0.19004422 -0.07816156
v 0.042380266 -0.19178672 -0.07140985
v 0.042380266 -0.1960619 -0.054251924
v 0.039476395 -0.1960619 -0.054251924
v 0.04701829 -0.19178672 -0.07140985
v 0.04701829 -0.1960619 -0.054251924
v 0.05711318 -0.19606191 -0.054251924
v 0.05711318 -0.19178672 -0.07140985
v 0.05711318 -0.19004422 -0.07816156
v 0.04701829 -0.19004422 -0.07816156
v 0.034583952 -0.1960619 -0.054251924
v 0.022089452 -0.1960619 -0.054251924
v -0.0036206038 -0.1960619 -0.054251924
v -0.03820456 -0.1960619 -0.054251924
v -0.03820456 -0.19839895 -0.036921807
v -0.02842551 -0.19839895 -0.036921807
v -0.03820456 -0.1960619 -0.054251924
v -0.02842551 -0.19839895 -0.036921807
v -0.02842551 -0.1960619 -0.054251924
v -0.0036206038 -0.1960619 -0.054251924
v -0.0036206038 -0.19839895 -0.036921807
v 0.022089452 -0.19839895 -0.036921807
v 0.022089452 -0.1960619 -0.054251924
v 0.034583952 -0.1960619 -0.054251924
v 0.034583952 -0.19839895 -0.036921807
v 0.039476395 -0.19839895 -0.036921807
v 0.039476395 -0.1960619 -0.054251924
v 0.042380266 -0.1960619 -0.054251924
v 0.042380266 -0.19839895 -0.036921807
v 0.04701829 -0.19839895 -0.036921807
v 0.04701829 -0.1960619 -0.054251924
v 0.05711318 -0.19606191 -0.054251924
v 0.05711318 -0.19839896 -0.036921807
v -0.04030943 -0.1960619 -0.054251924
v -0.04030943 -0.19839895 -0.036921807
v -0.03820456 -0.19839895 -0.036921807
v -0.04209181 -0.1960619 -0.054251924
v -0.04209181 -0.19839895 -0.036921807
v -0.0465856 -0.19839895 -0.036921807
v -0.0465856 -0.1960619 -0.054251924
v -0.056824725 -0.19606191 -0.054251924
v -0.056824725 -0.19839896 -0.036921807
v 0.034583952 0.19510953 0.066027075
v 0.022089452 0.19510953 0.066027075
v 0.022089452 0.19938472 0.048869148
v 0.034583952 0.19938472 0.048869148
v 0.039476395 0.19938472 0.048869148
v 0.039476395 0.19510953 0.066027075
v 0.042380266 0.19510953 0.066027075
v 0.042380266 0.19938472 0.048869148
v 0.042380266 0.20112722 0.04211744
v 0.039476395 0.20112722 0.04211744
v 0.04701829 0.19938472 0.048869148
v 0.04701829 0.20112722 0.04211744
v 0.05711318 0.20112722 0.04211744
v 0.05711318 0.19938472 0.048869148
v 0.05711318 0.19510953 0.066027075
v 0.04701829 0.19510953 0.066027075
v 0.034583952 0.20112722 0.04211744
v 0.022089452 0.20112722 0.04211744
v -0.0036206038 0.20112722 0.04211744
v -0.0036206038 0.19938472 0.048869148
v -0.0036206038 0.19510953 0.066027075
v -0.02842551 0.19938472 0.048869148
v -0.02842551 0.19510953 0.066027075
v -0.03820456 0.19510953 0.066027075
v -0.03820456 0.19938472 0.048869148
v -0.03820456 0.20112722 0.04211744
v -0.04030943 0.19938472 0.048869148
v -0.04030943 0.20112722 0.04211744
v -0.02842551 0.20112722 0.04211744
v -0.04209181 0.20112722 0.04211744
v -0.04209181 0.19938472 0.048869148
v -0.04209181 0.19510953 0.066027075
v -0.04030943 0.19510953 0.066027075
v -0.0465856 0.19938472 0.048869148
v -0.0465856 0.19510953 0.066027075
v -0.056824725 0.19510953 0.066027075
v -0.056824725 0.19938472 0.048869148
v -0.056824725 0.20112722 0.04211744
v -0.0465856 0.20112722 0.04211744
v 0.034583952 0.19510953 0.066027075
v 0.034583952 0.18544173 0.081103094
v 0.022089452 0.18544173 0.081103094
v 0.022089452 0.19510953 0.066027075
v 0.039476395 0.18544173 0.081103094
v 0.039476395 0.19510953 0.066027075
v 0.042380266 0.19510953 0.066027075
v 0.042380266 0.18544173 0.081103094
v 0.04701829 0.18544173 0.0811031
v 0.04701829 0.19510953 0.066027075
v 0.05711318 0.19510953 0.066027075
v 0.05711318 0.18544173 0.0811031
v -0.0036206038 0.19510953 0.066027075
v -0.0036206038 0.18544173 0.081103094
v -0.02842551 0.18544173 0.081103094
v -0.02842551 0.19510953 0.066027075
v -0.03820456 0.19510953 0.066027075
v -0.03820456 0.18544173 0.081103094
v -0.04030943 0.18544173 0.081103094
v -0.04030943 0.19510953 0.066027075
v -0.04209181 0.19510953 0.066027075
v -0.04209181 0.18544173 0.081103094
v -0.0465856 0.18544173 0.0811031
v -0.0465856 0.19510953 0.066027075
v -0.056824725 0.19510953 0.066027075
v -0.056824725 0.18544173 0.0811031
v -0.056824725 0.20112722 0.04211744
v -0.056824725 0.19597267 0.039261237
v -0.0465856 0.19597267 0.039261237
v -0.0465856 0.20112722 0.04211744
v -0.04209181 0.20112722 0.04211744
v -0.04209181 0.19597267 0.039261237
v -0.04030943 0.19597267 0.039261237
v -0.04030943 0.20112722 0.04211744
v -0.03820456 0.20112722 0.04211744
v -0.03820456 0.19597267 0.039261237
v -0.02842551 0.19597267 0.039261237
v -0.02842551 0.20112722 0.04211744
v -0.0036206038 0.20112722 0.04211744
v -0.0036206038 0.19597267 0.039261237
v 0.022089452 0.19597267 0.039261237
v 0.022089452 0.20112722 0.04211744
v 0.034583952 0.20112722 0.04211744
v 0.034583952 0.19597267 0.039261237
v 0.039476395 0.19597267 0.039261237
v 0.039476395 0.20112722 0.04211744
v 0.042380266 0.20112722 0.04211744
v 0.042380266 0.19597267 0.039261237
v 0.04701829 0.19597267 0.039261237
v 0.04701829 0.20112722 0.04211744
v 0.05711318 0.20112722 0.04211744
v 0.05711318 0.19597267 0.039261237
v -0.056824725 0.20112722 0.04211744
v -0.06665857 0.19561553 0.040422685
v -0.064109065 0.19159323 0.038244214
v -0.056824725 0.19597267 0.039261237
v -0.056824725 0.20112722 0.04211744
v -0.056824725 0.19938472 0.048869148
v -0.06665857 0.19387303 0.047174394
v -0.06665857 0.19561553 0.040422685
v -0.056824725 0.19510953 0.066027075
v -0.06665857 0.18959787 0.06433232
v 0.05711318 -0.19004422 -0.07816156
v 0.05711318 -0.18786801 -0.07876367
v 0.04701829 -0.187868 -0.07876367
v 0.04701829 -0.19004422 -0.07816156
v 0.042380266 -0.19004422 -0.07816156
v 0.042380266 -0.18786801 -0.07876367
v 0.039476395 -0.187868 -0.07876367
v 0.039476395 -0.19004422 -0.07816156
v 0.034583952 -0.19004422 -0.07816156
v 0.034583952 -0.18786801 -0.07876367
v 0.022089452 -0.187868 -0.07876367
v 0.022089452 -0.19004422 -0.07816156
v -0.0036206038 -0.19004422 -0.07816156
v -0.0036206038 -0.18786801 -0.07876367
v -0.02842551 -0.187868 -0.07876367
v -0.02842551 -0.19004422 -0.07816156
v -0.03820456 -0.19004422 -0.07816156
v -0.03820456 -0.18786801 -0.07876367
v -0.04030943 -0.187868 -0.07876367
v -0.04030943 -0.19004422 -0.07816156
v -0.04209181 -0.19004422 -0.07816156
v -0.04209181 -0.18786801 -0.07876367
v -0.0465856 -0.187868 -0.07876367
v -0.0465856 -0.19004422 -0.07816156
v -0.056824725 -0.19004422 -0.07816156
v -0.056824725 -0.18786801 -0.07876367
v 0.05711318 -0.19004422 -0.07816156
v 0.066730686 -0.18822517 -0.07760222
v 0.06423726 -0.18654577 -0.07802752
v 0.05711318 -0.18786801 -0.07876367
v 0.05711318 -0.19004422 -0.07816156
v 0.05711318 -0.19178672 -0.07140985
v 0.06673069 -0.18996766 -0.070850514
v 0.066730686 -0.18822517 -0.07760222
v 0.05711318 -0.19606191 -0.054251924
v 0.06673069 -0.19424284 -0.053692587
v 0.06993652 0.17908049 0.035338424
v 0.066730686 0.17943761 0.03417697
v 0.06673069 0.16175508 0.028739914
v 0.06993652 0.16139796 0.029901363
v 0.06993652 0.15244384 0.02714822
v 0.06673069 0.15280096 0.025986774
v 0.06673069 0.14902163 0.02482481
v 0.06993652 0.1486645 0.025986254
v 0.06993652 0.14650634 0.02532272
v 0.066730686 0.14686346 0.024161274
v 0.066730686 0.14553292 0.023752183
v 0.06993652 0.14517578 0.02491363
v 0.06993652 0.14387934 0.024515003
v 0.066730686 0.14423648 0.023353554
v 0.06673069 0.1358775 0.020783257
v 0.06993652 0.13552037 0.021944705
v 0.06993652 0.11300227 0.015020609
v 0.06673069 0.11335939 0.013859162
v 0.06673069 0.0907894 0.0069191176
v 0.06993652 0.09043228 0.008080564
v 0.06993652 0.0819177 0.005462423
v 0.066730686 0.082274824 0.0043009752
v 0.06673069 0.080735 0.0038274957
v 0.06993652 0.08037786 0.0049889437
v 0.06993652 0.07873209 0.004482887
v 0.06673069 0.07908921 0.00332144
v 0.06673069 0.06825663 -9.411655E-06
v 0.06993652 0.0678995 0.0011520355
v 0.06993652 0.03879925 -0.0077958303
v 0.066730686 0.039156377 -0.008957277
v 0.06673069 0.00070152467 -0.02078153
v 0.06993652 0.0003443975 -0.019620085
v 0.06993652 -0.038551986 -0.0315801
v 0.06673069 -0.03819486 -0.032741547
v 0.06673069 -0.07976054 -0.045522332
v 0.06993652 -0.08011765 -0.044360884
v 0.06993652 -0.12658039 -0.058647435
v 0.06673069 -0.12622327 -0.059808884
v 0.06673069 -0.16472578 -0.07164779
v 0.06993652 -0.16508289 -0.07048635
v 0.06993652 -0.18276794 -0.07592421
v 0.066730686 -0.1824108 -0.07708566
v 0.06993652 0.17908049 0.035338424
v 0.06673069 0.19561553 0.040422685
v 0.06423727 0.19159323 0.038244214
v 0.066730686 0.17943761 0.03417697
v 0.06993652 0.17908049 0.035338424
v 0.06993652 0.177338 0.042090133
v 0.066730686 0.19387303 0.047174394
v 0.06673069 0.19561553 0.040422685
v 0.06993652 0.17306283 0.05924806
v 0.06673069 0.18959787 0.06433232
v 0.06993652 0.17908049 0.035338424
v 0.06993652 0.16139796 0.029901363
v 0.06993652 0.15965547 0.036653068
v 0.06993652 0.177338 0.042090133
v 0.06993652 0.17306283 0.05924806
v 0.06993652 0.1553803 0.053810995
v 0.06993652 0.15244384 0.02714822
v 0.06993652 0.15070134 0.03389993
v 0.06993652 0.1486645 0.025986254
v 0.06993652 0.14650634 0.02532272
v 0.06993652 0.14642617 0.051057857
v -0.06993652 0.13786167 0.048424635
v -0.06665857 0.13370554 0.06519541
v -0.06665857 0.12534657 0.06262512
v -0.06993652 0.1295027 0.045854338
v -0.06993652 0.10698459 0.038930245
v -0.06993652 0.13786167 0.048424635
v -0.06993652 0.13915811 0.048823263
v -0.06665857 0.13500199 0.06559404
v -0.06665857 0.13370554 0.06519541
v -0.06993652 0.14048867 0.049232353
v -0.06665857 0.13633254 0.06600313
v -0.06993652 0.13786167 0.048424635
v -0.06993652 0.14343329 0.031665336
v -0.06993652 0.13915811 0.048823263
v -0.06993652 0.14048867 0.049232353
v -0.06993652 0.14048867 0.049232353
v -0.06993652 0.14264685 0.04989589
v -0.06665857 0.1384907 0.06666667
v -0.06665857 0.13633254 0.06600313
v -0.06993652 0.14642617 0.051057857
v -0.06665857 0.14227004 0.06782863
v -0.06665857 0.15122417 0.07058178
v -0.06993652 0.1553803 0.053810995
v -0.06993652 0.17306283 0.05924806
v -0.06665857 0.16890669 0.07601884
v -0.06993652 -0.13259806 -0.034737803
v -0.06993652 -0.08613532 -0.020451251
v -0.06665857 -0.09029144 -0.0036804723
v -0.06665857 -0.13675417 -0.017967021
v -0.06665857 -0.17525668 -0.029805932
v -0.06993652 -0.17110057 -0.046576712
v -0.06993652 -0.04456965 -0.0076704687
v -0.06665857 -0.048725765 0.0091003105
v -0.06665857 -0.009829388 0.02106033
v -0.06993652 -0.005673266 0.0042895507
v -0.06993652 0.032781586 0.016113807
v -0.06665857 0.028625464 0.032884587
v -0.06665857 0.05772572 0.041832455
v -0.06993652 0.06188184 0.02506167
v -0.06993652 -0.18878561 -0.052014578
v -0.06665857 -0.19294174 -0.035243798
v -0.06993652 0.07271443 0.028392524
v -0.06665857 0.068558306 0.0451633
v -0.06665857 0.07020407 0.04566936
v -0.06993652 0.07436021 0.02889858
v -0.06993652 0.07590005 0.029372057
v -0.06665857 0.07174392 0.04614284
v -0.056824725 0.19510953 0.066027075
v -0.056824725 0.18544173 0.0811031
v -0.06410906 0.18223241 0.07543698
v -0.06665857 0.18959787 0.06433232
v 0.06993652 0.17306283 0.05924806
v 0.06673069 0.16890672 0.07601884
v 0.06423727 0.18223241 0.07543698
v 0.06673069 0.18959787 0.06433232
v 0.06993652 0.17306283 0.05924806
v 0.06993652 0.1553803 0.053810995
v 0.06673069 0.15122417 0.07058178
v 0.06673069 0.16890672 0.07601884
v 0.06993652 0.14642617 0.051057857
v 0.06673069 0.14227004 0.06782864
v -0.06993652 -0.18276793 -0.07592421
v -0.06993652 -0.18451044 -0.06917251
v -0.06665857 -0.18996766 -0.070850514
v -0.06665857 -0.18822517 -0.07760222
v -0.06993652 -0.18878561 -0.052014578
v -0.06665857 -0.19424284 -0.053692587
v -0.06993652 -0.18276793 -0.07592421
v -0.06665857 -0.18822517 -0.07760222
v -0.064109065 -0.18654577 -0.07802752
v -0.06665858 -0.1824108 -0.07708566
v 0.05711318 -0.18229175 -0.077472806
v 0.04701829 -0.18229175 -0.077472806
v 0.04701829 -0.187868 -0.07876367
v 0.05711318 -0.18786801 -0.07876367
v 0.042380266 -0.18229175 -0.077472806
v 0.042380266 -0.18786801 -0.07876367
v 0.039476395 -0.187868 -0.07876367
v 0.039476395 -0.18229175 -0.077472806
v 0.034583952 -0.18229175 -0.077472806
v 0.034583952 -0.18786801 -0.07876367
v 0.022089452 -0.187868 -0.07876367
v 0.022089452 -0.18229175 -0.077472806
v -0.0036206038 -0.18229175 -0.077472806
v -0.0036206038 -0.18786801 -0.07876367
v -0.02842551 -0.187868 -0.07876367
v -0.02842551 -0.18229175 -0.077472806
v -0.03820456 -0.18229175 -0.077472806
v -0.03820456 -0.18786801 -0.07876367
v -0.04030943 -0.187868 -0.07876367
v -0.04030943 -0.18229175 -0.077472806
v -0.04209181 -0.18229175 -0.077472806
v -0.04209181 -0.18786801 -0.07876367
v -0.0465856 -0.187868 -0.07876367
v -0.0465856 -0.18229175 -0.077472806
v -0.05682473 -0.18229175 -0.077472806
v -0.056824725 -0.18786801 -0.07876367
v 0.05711318 -0.18229175 -0.077472806
v 0.05711318 -0.18786801 -0.07876367
v 0.06423726 -0.18654577 -0.07802752
v 0.066730686 -0.1824108 -0.07708566
v -0.06993652 0.17306283 0.05924806
v -0.06665857 0.18959787 0.06433232
v -0.06410906 0.18223241 0.07543698
v -0.06665857 0.16890669 0.07601884
v -0.056824725 -0.1943271 -0.029653536
v -0.0465856 -0.19432709 -0.029653536
v -0.0465856 -0.19839895 -0.036921807
v -0.056824725 -0.19839896 -0.036921807
v -0.04209181 -0.19432709 -0.029653536
v -0.04209181 -0.19839895 -0.036921807
v -0.04030943 -0.19839895 -0.036921807
v -0.04030943 -0.19432709 -0.029653536
v -0.03820456 -0.19432709 -0.029653536
v -0.03820456 -0.19839895 -0.036921807
v -0.02842551 -0.19839895 -0.036921807
v -0.02842551 -0.19432709 -0.029653536
v -0.0036206038 -0.19432709 -0.029653536
v -0.0036206038 -0.19839895 -0.036921807
v -0.056824725 -0.1943271 -0.029653536
v -0.056824725 -0.19839896 -0.036921807
v -0.06410906 -0.19590661 -0.04083475
v -0.06665857 -0.19294174 -0.035243798
v 0.06993652 -0.18276794 -0.07592421
v 0.066730686 -0.1824108 -0.07708566
v 0.06423726 -0.18654577 -0.07802752
v 0.066730686 -0.18822517 -0.07760222
v 0.06993652 -0.18276794 -0.07592421
v 0.066730686 -0.18822517 -0.07760222
v 0.06673069 -0.18996766 -0.070850514
v 0.06993652 -0.18451044 -0.06917251
v 0.06993652 -0.18878561 -0.052014578
v 0.06673069 -0.19424284 -0.053692587
v 0.05711318 0.19510953 0.066027075
v 0.06673069 0.18959787 0.06433232
v 0.06423727 0.18223241 0.07543698
v 0.05711318 0.18544173 0.0811031
v 0.05711318 0.19510953 0.066027075
v 0.05711318 0.19938472 0.048869148
v 0.066730686 0.19387303 0.047174394
v 0.06673069 0.18959787 0.06433232
v 0.05711318 0.20112722 0.04211744
v 0.06673069 0.19561553 0.040422685
v 0.042380266 0.13232015 0.07078567
v 0.04701829 0.13232015 0.07078567
v 0.04701829 0.12396118 0.06821538
v 0.042380266 0.12396119 0.06821538
v 0.04701829 0.1336166 0.0711843
v 0.042380266 0.1336166 0.0711843
v 0.039476395 0.1336166 0.0711843
v 0.039476395 0.13232015 0.07078567
v 0.039476395 0.12396118 0.06821537
v 0.042380266 0.10144308 0.061291277
v 0.04701829 0.10144308 0.061291277
v 0.04701829 0.07887311 0.054351237
v 0.042380266 0.078873105 0.054351237
v 0.039476395 0.10144308 0.061291277
v 0.039476395 0.07887311 0.054351237
v 0.042380266 0.07035854 0.051733095
v 0.04701829 0.07035854 0.051733095
v 0.04701829 0.0688187 0.05125962
v 0.042380266 0.068818696 0.051259622
v 0.042380266 0.067172915 0.050753564
v 0.04701829 0.067172915 0.050753564
v 0.04701829 0.056340337 0.047422703
v 0.042380266 0.05634033 0.047422707
v 0.039476395 0.0688187 0.05125962
v 0.039476395 0.067172915 0.050753564
v 0.039476395 0.05634033 0.047422703
v 0.039476395 0.07035854 0.051733095
v 0.042380266 0.027240084 0.038474843
v 0.04701829 0.027240088 0.038474843
v 0.04701829 -0.011214761 0.02665059
v 0.042380266 -0.011214761 0.02665059
v 0.042380266 -0.05011114 0.014690571
v 0.04701829 -0.05011114 0.014690571
v 0.04701829 -0.09167682 0.001909789
v 0.042380266 -0.09167682 0.0019097894
v 0.039476395 -0.011214761 0.02665059
v 0.039476395 -0.05011114 0.014690571
v 0.039476395 -0.09167682 0.0019097894
v 0.042380266 -0.13813955 -0.012376757
v 0.04701829 -0.13813955 -0.012376757
v 0.04701829 -0.17664205 -0.024215668
v 0.042380266 -0.17664203 -0.024215667
v 0.042380266 -0.19432709 -0.029653536
v 0.04701829 -0.19432709 -0.029653536
v 0.039476395 -0.17664203 -0.024215668
v 0.039476395 -0.19432709 -0.029653536
v 0.039476395 -0.13813955 -0.012376757
v 0.05711319 -0.13813955 -0.012376759
v 0.05711318 -0.09167682 0.0019097887
v 0.05711318 -0.17664205 -0.024215668
v 0.05711319 -0.19432712 -0.029653536
v 0.034583952 -0.13813955 -0.012376757
v 0.034583952 -0.17664205 -0.024215667
v 0.034583952 -0.09167682 0.0019097894
v 0.022089452 -0.09167682 0.0019097894
v 0.022089452 -0.13813955 -0.012376757
v 0.022089452 -0.17664205 -0.024215668
v 0.034583952 -0.05011114 0.014690571
v 0.034583952 -0.011214761 0.02665059
v 0.034583952 0.027240084 0.038474843
v 0.039476395 0.027240084 0.038474843
v 0.034583952 0.05634033 0.047422707
v 0.022089452 0.05634033 0.047422703
v 0.022089452 0.027240084 0.038474843
v 0.022089452 -0.011214761 0.02665059
v 0.022089452 -0.05011114 0.014690571
v 0.034583952 0.067172915 0.050753564
v 0.034583952 0.068818696 0.05125962
v 0.034583952 0.07035854 0.051733095
v 0.034583952 0.078873105 0.054351237
v 0.022089452 0.07887311 0.054351237
v 0.022089452 0.07035854 0.051733095
v 0.022089452 0.0688187 0.05125962
v 0.034583952 0.10144308 0.061291277
v 0.034583952 0.12396118 0.06821537
v 0.022089452 0.12396118 0.06821537
v 0.022089452 0.10144308 0.061291277
v 0.034583952 0.13232015 0.07078567
v 0.034583952 0.1336166 0.0711843
v 0.034583952 0.13494715 0.07159339
v 0.039476395 0.13494715 0.07159339
v 0.042380266 0.13494715 0.07159339
v 0.039476395 0.13710532 0.07225692
v 0.042380266 0.13710532 0.07225692
v 0.042380266 0.14088467 0.073418885
v 0.04701829 0.13710532 0.07225692
v 0.04701829 0.14088467 0.073418885
v 0.04701829 0.1498388 0.07617203
v 0.042380266 0.1498388 0.076172024
v 0.039476395 0.1498388 0.07617203
v 0.039476395 0.14088467 0.073418885
v 0.042380266 0.16752133 0.081609085
v 0.04701829 0.16752133 0.081609085
v 0.039476395 0.16752133 0.081609085
v 0.04701829 0.13494715 0.07159339
v 0.05711319 0.13494715 0.07159339
v 0.05711318 0.13710533 0.07225693
v 0.05711318 0.1336166 0.0711843
v 0.05711319 0.16752133 0.08160909
v 0.05711318 0.1498388 0.07617203
v 0.05711319 0.14088467 0.07341889
v 0.05711319 0.13232017 0.07078567
v 0.05711318 0.12396119 0.06821538
v 0.05711319 0.10144309 0.061291277
v 0.05711318 0.07887311 0.054351237
v 0.05711319 0.070358545 0.051733095
v 0.05711318 0.0688187 0.051259622
v 0.05711319 0.06717293 0.050753564
v 0.05711318 0.05634034 0.047422707
v 0.05711319 0.027240088 0.038474843
v 0.05711318 -0.011214763 0.026650587
v 0.05711319 -0.050111145 0.014690571
v -0.04209181 0.1443555 0.022966402
v -0.04087596 0.14428492 0.023196
v -0.040367484 0.14560063 0.02351009
v -0.04209181 0.14565192 0.023365032
v -0.04209181 0.1443555 0.022966402
v -0.04209181 0.13599654 0.020396106
v -0.04087596 0.13592595 0.020625703
v -0.04087596 0.14428492 0.023196
v -0.04209181 0.11347843 0.013472009
v -0.040875964 0.11340783 0.013701607
v -0.04087596 0.09074829 0.006734027
v -0.04209181 0.090908445 0.0065319673
v -0.04209181 0.08239387 0.0039138263
v -0.04087596 0.08196501 0.004033274
v -0.040470675 0.14407316 0.023884792
v -0.04087596 0.14428492 0.023196
v -0.04087596 0.13592595 0.020625703
v -0.040470675 0.13571416 0.021314496
v -0.040470675 0.113196075 0.014390399
v -0.040875964 0.11340783 0.013701607
v -0.04087596 0.09074829 0.006734027
v -0.040470675 0.09026781 0.0073402063
v -0.040470675 0.080678396 0.004391616
v -0.04087596 0.08196501 0.004033274
v -0.040470675 0.14407316 0.023884792
v -0.039904144 0.1450327 0.024179842
v -0.040367484 0.14560063 0.02351009
v -0.04087596 0.14428492 0.023196
v -0.040470675 0.14407316 0.023884792
v -0.039904144 0.14386138 0.024573585
v -0.039463513 0.14462708 0.024613563
v -0.039904144 0.1450327 0.024179842
v -0.040470675 0.14407316 0.023884792
v -0.040470675 0.13571416 0.021314496
v -0.039904144 0.13550241 0.022003287
v -0.039904144 0.14386138 0.024573585
v -0.040470675 0.113196075 0.014390399
v -0.039904144 0.112984315 0.01507919
v -0.039904144 0.08978734 0.007946385
v -0.040470675 0.09026781 0.0073402063
v -0.040470675 0.080678396 0.004391616
v -0.039904144 0.07939177 0.0047499584
v 0.042380266 -0.19432709 -0.029653536
v 0.04701829 -0.19432709 -0.029653536
v 0.04701829 -0.19839895 -0.036921807
v 0.042380266 -0.19839895 -0.036921807
v 0.039476395 -0.19839895 -0.036921807
v 0.039476395 -0.19432709 -0.029653536
v 0.05711319 -0.19432712 -0.029653536
v 0.05711318 -0.19839896 -0.036921807
v 0.034583952 -0.19432709 -0.029653536
v 0.034583952 -0.19839895 -0.036921807
v 0.022089452 -0.19839895 -0.036921807
v 0.022089452 -0.19432709 -0.029653536
v -0.0036206038 -0.19432709 -0.029653536
v -0.0036206038 -0.19839895 -0.036921807
v -0.03820456 -0.19432709 -0.029653536
v -0.03820456 -0.17664203 -0.024215667
v -0.02842551 -0.17664203 -0.024215667
v -0.02842551 -0.19432709 -0.029653536
v -0.04030943 -0.17664203 -0.024215668
v -0.04030943 -0.19432709 -0.029653536
v -0.03820456 -0.13813955 -0.012376757
v -0.02842551 -0.13813955 -0.012376757
v -0.02842551 -0.09167682 0.0019097894
v -0.03820456 -0.09167682 0.0019097894
v -0.03820456 -0.05011114 0.014690571
v -0.02842551 -0.05011114 0.014690571
v -0.02842551 -0.011214761 0.02665059
v -0.03820456 -0.011214761 0.02665059
v -0.04030943 -0.011214761 0.02665059
v -0.04030943 -0.05011114 0.014690571
v -0.04030943 -0.09167682 0.0019097893
v -0.04030943 -0.13813955 -0.012376757
v -0.02842551 0.027240084 0.038474843
v -0.04209181 -0.011214761 0.02665059
v -0.04209181 -0.05011114 0.014690571
v -0.04209181 -0.09167682 0.0019097894
v -0.04209181 -0.13813955 -0.012376757
v -0.04209181 -0.17664203 -0.024215667
v -0.04209181 -0.19432709 -0.029653536
v -0.04209181 0.079208255 0.00293429
v -0.04030943 0.079208255 0.00293429
v -0.040367484 0.080426656 0.0034697854
v -0.04209181 0.080854036 0.0034403466
v 0.034583952 0.079208255 0.00293429
v 0.034583952 0.079695165 0.0033353472
v 0.022089452 0.079695165 0.0033353474
v 0.022089452 0.079208255 0.00293429
v -0.0036206038 0.079208255 0.00293429
v -0.0036206038 0.079695165 0.0033353472
v -0.02842551 0.079695165 0.0033353474
v -0.02842551 0.079208255 0.00293429
v -0.03820456 0.079208255 0.00293429
v -0.03820456 0.079695165 0.0033353472
v 0.034583952 0.079208255 0.00293429
v 0.039476395 0.079208255 0.00293429
v 0.03983434 0.080426656 0.0034697854
v 0.034583952 0.079695165 0.0033353472
v 0.06993652 -0.18878561 -0.052014578
v 0.06673069 -0.19424284 -0.053692587
v 0.06423727 -0.19590661 -0.04083475
v 0.06673069 -0.19294174 -0.035243798
v -0.056824725 -0.19606191 -0.054251924
v -0.06665857 -0.19424284 -0.053692587
v -0.06410906 -0.19590661 -0.04083475
v -0.056824725 -0.19839896 -0.036921807
v -0.056824725 -0.19606191 -0.054251924
v -0.056824725 -0.19178672 -0.07140985
v -0.06665857 -0.18996766 -0.070850514
v -0.06665857 -0.19424284 -0.053692587
v -0.056824725 -0.19004422 -0.07816156
v -0.06665857 -0.18822517 -0.07760222
v 0.05711318 -0.19606191 -0.054251924
v 0.05711318 -0.19839896 -0.036921807
v 0.06423727 -0.19590661 -0.04083475
v 0.06673069 -0.19424284 -0.053692587
v -0.06993652 -0.18878561 -0.052014578
v -0.06665857 -0.19294174 -0.035243798
v -0.06410906 -0.19590661 -0.04083475
v -0.06993652 -0.18878561 -0.052014578
v -0.06410906 -0.19590661 -0.04083475
v -0.06665857 -0.19424284 -0.053692587
v 0.034583952 0.1437908 0.024803182
v 0.022089452 0.1437908 0.024803182
v 0.022089452 0.13543183 0.022232885
v 0.034583952 0.13543183 0.022232885
v 0.034583952 0.11291371 0.015308787
v 0.022089452 0.11291371 0.015308787
v 0.022089452 0.08962718 0.008148445
v 0.034583952 0.08962718 0.008148445
v 0.034583952 0.07896291 0.004869406
v 0.022089452 0.07896291 0.004869406
v -0.0036206038 0.07896291 0.004869406
v -0.0036206038 0.08962718 0.008148445
v -0.02842551 0.08962718 0.008148444
v -0.02842551 0.07896291 0.004869406
v -0.0036206038 0.11291371 0.015308787
v -0.02842551 0.11291371 0.015308787
v -0.02842551 0.13543183 0.022232885
v -0.0036206038 0.13543183 0.022232885
v -0.0036206038 0.1437908 0.024803182
v -0.02842551 0.1437908 0.024803182
v -0.03820456 0.1437908 0.024803182
v -0.03820456 0.13543183 0.022232885
v -0.03820456 0.11291371 0.015308787
v -0.03820456 0.08962718 0.008148445
v -0.03820456 0.07896291 0.004869406
v 0.034583952 0.1437908 0.024803182
v 0.034583952 0.14482093 0.024868634
v 0.022089452 0.14482093 0.024868634
v 0.022089452 0.1437908 0.024803182
v -0.0036206038 0.1437908 0.024803182
v -0.0036206038 0.14482093 0.024868634
v -0.02842551 0.14482093 0.024868632
v -0.02842551 0.1437908 0.024803182
v -0.03820456 0.1437908 0.024803182
v -0.03820456 0.14482093 0.024868634
v 0.034583952 0.1437908 0.024803182
v 0.038998995 0.14386138 0.024573583
v 0.03785436 0.14462706 0.024613563
v 0.034583952 0.1437908 0.024803182
v 0.03785436 0.14462706 0.024613563
v 0.034583952 0.14482093 0.024868634
v 0.034583952 0.1437908 0.024803182
v 0.034583952 0.13543183 0.022232885
v 0.038999 0.13550241 0.022003287
v 0.038998995 0.14386138 0.024573583
v 0.034583952 0.11291371 0.015308787
v 0.038998995 0.1129843 0.01507919
v 0.038999 0.08978734 0.007946385
v 0.034583952 0.08962718 0.008148445
v 0.034583952 0.07896291 0.004869406
v 0.038999 0.07939177 0.0047499584
v -0.03820456 0.077758394 0.0034938278
v -0.03820456 0.079695165 0.0033353472
v -0.02842551 0.079695165 0.0033353474
v -0.02842551 0.077758394 0.0034938278
v -0.0036206038 0.077758394 0.0034938278
v -0.0036206038 0.079695165 0.0033353472
v 0.022089452 0.079695165 0.0033353474
v 0.022089452 0.077758394 0.0034938278
v 0.034583952 0.077758394 0.0034938278
v 0.034583952 0.079695165 0.0033353472
v -0.03820456 0.077758394 0.0034938278
v -0.039904144 0.078488395 0.0037182746
v -0.040367484 0.080426656 0.0034697854
v -0.03820456 0.079695165 0.0033353472
v -0.03820456 0.077758394 0.0034938278
v -0.03820456 0.07648521 0.0038563185
v -0.039463513 0.07778466 0.0040603736
v -0.039904144 0.078488395 0.0037182746
v -0.03820456 0.077758394 0.0034938278
v -0.02842551 0.077758394 0.0034938278
v -0.02842551 0.07648521 0.0038563185
v -0.03820456 0.07648521 0.0038563185
v -0.0036206038 0.077758394 0.0034938278
v -0.0036206038 0.07648521 0.0038563185
v 0.022089452 0.07648521 0.0038563185
v 0.022089452 0.077758394 0.0034938278
v 0.034583952 0.077758394 0.0034938278
v 0.034583952 0.07648521 0.0038563185
v 0.040470675 0.08067839 0.004391616
v 0.040948074 0.08196501 0.004033274
v 0.040948074 0.09074829 0.006734027
v 0.040470675 0.09026781 0.0073402063
v 0.040470675 0.11319607 0.014390399
v 0.040948074 0.11340783 0.013701607
v 0.040948074 0.13592595 0.020625703
v 0.040470675 0.13571416 0.021314496
v 0.040470675 0.14407316 0.023884792
v 0.040948074 0.14428492 0.023195999
v 0.040470675 0.08067839 0.004391616
v 0.038999 0.078488395 0.0037182746
v 0.03983434 0.080426656 0.0034697854
v 0.040948074 0.08196501 0.004033274
v 0.040470675 0.08067839 0.004391616
v 0.038999 0.07939177 0.0047499584
v 0.03785436 0.07778466 0.0040603736
v 0.038999 0.078488395 0.0037182746
v 0.040470675 0.08067839 0.004391616
v 0.040470675 0.09026781 0.0073402063
v 0.038999 0.08978734 0.007946385
v 0.038999 0.07939177 0.0047499584
v 0.040470675 0.11319607 0.014390399
v 0.038998995 0.1129843 0.01507919
v 0.038999 0.13550241 0.022003287
v 0.040470675 0.13571416 0.021314496
v 0.040470675 0.14407316 0.023884792
v 0.038998995 0.14386138 0.024573583
v 0.034583952 0.14535254 0.02427819
v 0.034583952 0.1459012 0.023692977
v 0.022089452 0.1459012 0.023692977
v 0.022089452 0.14535254 0.02427819
v 0.022089452 0.14482093 0.024868634
v 0.034583952 0.14482093 0.024868634
v -0.0036206038 0.14535254 0.02427819
v -0.0036206038 0.1459012 0.023692977
v -0.02842551 0.1459012 0.023692977
v -0.02842551 0.14535254 0.02427819
v -0.0036206038 0.14482093 0.024868634
v -0.02842551 0.14482093 0.024868632
v -0.03820456 0.14535254 0.02427819
v -0.03820456 0.1459012 0.023692977
v -0.03820456 0.14482093 0.024868634
v 0.034583952 0.14535254 0.02427819
v 0.038999 0.1450327 0.024179837
v 0.03983434 0.14560063 0.02351009
v 0.034583952 0.1459012 0.023692977
v 0.034583952 0.14535254 0.02427819
v 0.034583952 0.14482093 0.024868634
v 0.03785436 0.14462706 0.024613563
v 0.038999 0.1450327 0.024179837
v 0.040470675 0.14407316 0.023884792
v 0.040948074 0.14428492 0.023195999
v 0.03983434 0.14560063 0.02351009
v 0.038999 0.1450327 0.024179837
v 0.040470675 0.14407316 0.023884792
v 0.038999 0.1450327 0.024179837
v 0.03785436 0.14462706 0.024613563
v 0.038998995 0.14386138 0.024573583
v -0.06993652 0.10698459 0.038930245
v -0.06665857 0.10282847 0.055701025
v -0.06665857 0.08025849 0.04876098
v -0.06993652 0.08441462 0.031990197
v -0.06665857 0.12534657 0.06262512
v -0.06993652 0.07590005 0.029372057
v -0.06665857 0.07174392 0.04614284
v -0.04209181 0.08239387 0.0039138263
v -0.04209181 0.080854036 0.0034403466
v -0.040367484 0.080426656 0.0034697854
v -0.04087596 0.08196501 0.004033274
v -0.040470675 0.080678396 0.004391616
v -0.04087596 0.08196501 0.004033274
v -0.040367484 0.080426656 0.0034697854
v -0.039904144 0.078488395 0.0037182746
v -0.040470675 0.080678396 0.004391616
v -0.039904144 0.078488395 0.0037182746
v -0.039463513 0.07778466 0.0040603736
v -0.039904144 0.07939177 0.0047499584
v 0.034583952 0.07896291 0.004869406
v 0.022089452 0.07896291 0.004869406
v 0.022089452 0.07648521 0.0038563185
v -0.0036206038 0.07896291 0.004869406
v 0.034583952 0.07896291 0.004869406
v 0.022089452 0.07648521 0.0038563185
v 0.034583952 0.07648521 0.0038563185
v -0.0036206038 0.07896291 0.004869406
v -0.0036206038 0.07648521 0.0038563185
v -0.02842551 0.07648521 0.0038563185
v -0.02842551 0.07896291 0.004869406
v -0.03820456 0.07896291 0.004869406
v -0.03820456 0.07648521 0.0038563185
v 0.034583952 0.07896291 0.004869406
v 0.034583952 0.07648521 0.0038563185
v 0.03785436 0.07778466 0.0040603736
v 0.038999 0.07939177 0.0047499584
v -0.04030943 0.03927542 -0.009344427
v -0.03820456 0.03927542 -0.009344427
v -0.03820456 0.00082056684 -0.021168679
v -0.03820456 -0.038075816 -0.033128697
v -0.03820456 -0.07964149 -0.04590948
v -0.02842551 0.00082056783 -0.021168679
v -0.02842551 -0.038075816 -0.033128697
v -0.0036206038 -0.038075816 -0.033128697
v -0.02842551 -0.07964149 -0.04590948
v -0.0036206038 -0.07964148 -0.04590948
v -0.0036206038 -0.1261042 -0.060196027
v -0.02842551 -0.1261042 -0.060196027
v -0.02842551 -0.16460672 -0.07203494
v -0.0036206038 -0.16460672 -0.07203494
v -0.0036206038 0.00082056684 -0.021168679
v -0.0036206038 0.03927542 -0.009344427
v -0.02842551 0.03927542 -0.009344427
v -0.02842551 0.06837567 -0.0003965618
v -0.0036206038 0.06837568 -0.0003965618
v -0.0036206038 0.079208255 0.00293429
v -0.0036206038 -0.18229175 -0.077472806
v -0.02842551 -0.18229175 -0.077472806
v -0.03820456 -0.18229175 -0.077472806
v -0.03820456 -0.16460672 -0.07203494
v -0.03820456 -0.1261042 -0.060196027
v 0.066730686 0.039156377 -0.008957277
v 0.034583952 0.14698249 0.023774121
v 0.022089452 0.14698249 0.023774121
v 0.022089452 0.1459012 0.023692977
v 0.034583952 0.1459012 0.023692977
v -0.0036206038 0.14698249 0.023774121
v -0.0036206038 0.1459012 0.023692977
v -0.02842551 0.1459012 0.023692977
v -0.02842551 0.14698249 0.023774121
v -0.03820456 0.14698249 0.023774121
v -0.03820456 0.1459012 0.023692977
v 0.034583952 0.14698249 0.023774121
v 0.034583952 0.1459012 0.023692977
v 0.03983434 0.14560063 0.02351009
v 0.039476395 0.14698249 0.023774121
v -0.04030943 0.14698249 0.023774121
v -0.03820456 0.14698249 0.023774121
v -0.03820456 0.14914066 0.024437653
v -0.04209181 0.14698249 0.023774121
v -0.04209181 0.14565192 0.023365032
v -0.040367484 0.14560063 0.02351009
v -0.04030943 0.14698249 0.023774121
v 0.066730686 0.14686346 0.024161274
v -0.06993652 0.14642617 0.051057857
v 0.042380266 0.14698249 0.023774121
v 0.039476395 0.14698249 0.023774121
v 0.03983434 0.14560063 0.02351009
v 0.042380266 0.14565192 0.02336503
v 0.05711319 0.13494715 0.07159339
v 0.06673069 0.13633254 0.06600313
v 0.06673069 0.13500199 0.06559405
v 0.05711318 0.1336166 0.0711843
v 0.06673069 0.1384907 0.06666667
v 0.05711318 0.13710533 0.07225693
v 0.05711319 0.14088467 0.07341889
v 0.06673069 0.14227004 0.06782864
v 0.06673069 0.15122417 0.07058178
v 0.05711318 0.1498388 0.07617203
v 0.05711319 0.16752133 0.08160909
v 0.06673069 0.16890672 0.07601884
v 0.05711319 0.13232017 0.07078567
v 0.06673069 0.13370554 0.06519541
v 0.05711319 0.027240088 0.038474843
v 0.06673069 0.028625464 0.032884587
v 0.06673069 -0.009829388 0.02106033
v 0.05711318 -0.011214763 0.026650587
v 0.05711319 -0.050111145 0.014690571
v 0.06673069 -0.048725765 0.009100311
v 0.06673069 -0.09029144 -0.0036804723
v 0.05711318 -0.09167682 0.0019097887
v 0.05711319 -0.13813955 -0.012376759
v 0.06673069 -0.13675417 -0.017967021
v 0.06673069 -0.17525668 -0.029805932
v 0.05711318 -0.17664205 -0.024215668
v 0.05711319 -0.19432712 -0.029653536
v 0.06673069 -0.19294174 -0.035243798
v 0.05711319 0.027240088 0.038474843
v 0.05711318 0.05634034 0.047422707
v 0.06673069 0.05772572 0.041832455
v 0.06673069 0.028625464 0.032884587
v 0.05711319 0.06717293 0.050753564
v 0.06673069 0.068558306 0.0451633
v 0.06673069 0.07020409 0.04566936
v 0.05711318 0.0688187 0.051259622
v 0.05711319 0.070358545 0.051733095
v 0.06673069 0.07174392 0.04614284
v 0.06673069 0.08025848 0.04876098
v 0.05711318 0.07887311 0.054351237
v 0.05711319 0.10144309 0.061291277
v 0.06673069 0.102828465 0.055701025
v 0.06673069 0.12534657 0.06262512
v 0.05711318 0.12396119 0.06821538
v 0.05711319 0.13232017 0.07078567
v 0.06673069 0.13370554 0.06519541
v 0.042380266 0.08239387 0.0039138263
v 0.040948074 0.08196501 0.004033274
v 0.03983434 0.080426656 0.0034697854
v 0.042380266 0.080854036 0.0034403466
v 0.042380266 0.08239387 0.0039138263
v 0.042380266 0.09090844 0.0065319673
v 0.040948074 0.09074829 0.006734027
v 0.040948074 0.08196501 0.004033274
v 0.042380266 0.11347843 0.013472009
v 0.040948074 0.11340783 0.013701607
v 0.040948074 0.13592595 0.020625703
v 0.042380266 0.13599654 0.020396104
v 0.042380266 0.1443555 0.022966402
v 0.040948074 0.14428492 0.023195999
v 0.05711319 0.16752133 0.08160909
v 0.05711318 0.18544173 0.0811031
v 0.06423727 0.18223241 0.07543698
v 0.06673069 0.16890672 0.07601884
v 0.05711318 0.20112722 0.04211744
v 0.05711318 0.19597267 0.039261237
v 0.06423727 0.19159323 0.038244214
v 0.06673069 0.19561553 0.040422685
v 0.05711319 -0.050111145 0.014690571
v 0.06673069 -0.009829388 0.02106033
v 0.06673069 -0.048725765 0.009100311
v 0.05711319 -0.19432712 -0.029653536
v 0.06673069 -0.19294174 -0.035243798
v 0.06423727 -0.19590661 -0.04083475
v 0.05711318 -0.19839896 -0.036921807
v 0.042380266 0.1443555 0.022966402
v 0.042380266 0.14565192 0.02336503
v 0.03983434 0.14560063 0.02351009
v 0.040948074 0.14428492 0.023195999
v 0.042380266 0.079208255 0.00293429
v 0.042380266 0.080854036 0.0034403466
v 0.03983434 0.080426656 0.0034697854
v 0.039476395 0.079208255 0.00293429
v 0.042380266 -0.038075816 -0.033128697
v 0.042380266 -0.07964149 -0.04590948
v 0.042380266 -0.1261042 -0.060196027
v -0.056824725 -0.19004422 -0.07816156
v -0.056824725 -0.18786801 -0.07876367
v -0.064109065 -0.18654577 -0.07802752
v -0.06665857 -0.18822517 -0.07760222
v -0.05682473 -0.18229175 -0.077472806
v -0.06665858 -0.1824108 -0.07708566
v -0.064109065 -0.18654577 -0.07802752
v -0.056824725 -0.18786801 -0.07876367
v -0.05682473 -0.18229175 -0.077472806
v -0.06665858 -0.1824108 -0.07708566
v -0.04209181 0.14088467 0.073418885
v -0.04209181 0.1498388 0.076172024
v -0.04209181 0.16752133 0.081609085
v 0.034583952 0.13710532 0.07225692
v 0.022089452 0.13710532 0.07225692
v 0.022089452 0.13494715 0.07159339
v 0.022089452 0.1336166 0.0711843
v 0.034583952 0.14088467 0.073418885
v 0.034583952 0.1498388 0.076172024
v 0.034583952 0.16752133 0.081609085
v 0.022089452 0.1498388 0.07617203
v 0.022089452 0.16752133 0.081609085
v 0.022089452 0.14088467 0.073418885
v 0.022089452 0.13232015 0.07078567
v -0.0036206038 0.13494715 0.07159339
v -0.0036206038 0.1336166 0.0711843
v -0.0036206038 0.13710532 0.07225692
v -0.0036206038 0.16752133 0.081609085
v -0.0036206038 0.1498388 0.076172024
v -0.0036206038 0.14088467 0.073418885
v -0.0036206038 0.13232015 0.07078567
v -0.0036206038 0.12396118 0.06821537
v -0.0036206038 0.10144308 0.061291277
v -0.0036206038 0.078873105 0.054351237
v -0.0036206038 0.07035854 0.051733095
v -0.0036206038 0.068818696 0.05125962
v -0.0036206038 0.067172915 0.050753564
v 0.022089452 0.067172915 0.050753564
v -0.0036206038 0.05634033 0.047422707
v -0.0036206038 0.027240084 0.038474843
v -0.0036206038 -0.011214761 0.02665059
v -0.0036206038 -0.05011114 0.014690571
v -0.0036206038 -0.09167682 0.0019097894
v -0.0036206038 -0.13813955 -0.012376757
v -0.0036206038 -0.17664205 -0.024215667
v -0.0036206038 -0.19432709 -0.029653536
v 0.022089452 -0.19432709 -0.029653536
v 0.034583952 -0.19432709 -0.029653536
v 0.034583952 0.077758394 0.0034938278
v 0.034583952 0.079695165 0.0033353472
v 0.03983434 0.080426656 0.0034697854
v 0.038999 0.078488395 0.0037182746
v 0.034583952 0.077758394 0.0034938278
v 0.038999 0.078488395 0.0037182746
v 0.03785436 0.07778466 0.0040603736
v 0.034583952 0.07648521 0.0038563185
v -0.0036206038 0.079208255 0.00293429
v -0.02842551 0.079208255 0.00293429
v -0.02842551 0.06837567 -0.0003965618
v -0.0036206038 0.06837568 -0.0003965618
v -0.03820456 0.079208255 0.00293429
v -0.03820456 0.079208255 0.00293429
v -0.03820456 0.06837567 -0.0003965618
v -0.03820456 0.079208255 0.00293429
v -0.03820456 0.079695165 0.0033353472
v -0.040367484 0.080426656 0.0034697854
v -0.04030943 0.079208255 0.00293429
v -0.03820456 0.17955667 0.03378982
v -0.03820456 0.19597267 0.039261237
v -0.03820456 0.1437908 0.024803182
v -0.039904144 0.14386138 0.024573585
v -0.039904144 0.13550241 0.022003287
v -0.03820456 0.13543183 0.022232885
v -0.03820456 0.11291371 0.015308787
v -0.039904144 0.112984315 0.01507919
v -0.039904144 0.08978734 0.007946385
v -0.03820456 0.08962718 0.008148445
v -0.03820456 0.07896291 0.004869406
v -0.039904144 0.07939177 0.0047499584
v -0.03820456 0.1437908 0.024803182
v -0.03820456 0.14482093 0.024868634
v -0.039463513 0.14462708 0.024613563
v -0.039904144 0.14386138 0.024573585
v -0.03820456 0.14535254 0.02427819
v -0.03820456 0.1459012 0.023692977
v -0.040367484 0.14560063 0.02351009
v -0.039904144 0.1450327 0.024179842
v -0.03820456 0.14535254 0.02427819
v -0.039904144 0.1450327 0.024179842
v -0.039463513 0.14462708 0.024613563
v -0.03820456 0.14482093 0.024868634
v -0.03820456 0.07896291 0.004869406
v -0.039904144 0.07939177 0.0047499584
v -0.039463513 0.07778466 0.0040603736
v -0.03820456 0.07648521 0.0038563185
v -0.03820456 0.14698249 0.023774121
v -0.04030943 0.14698249 0.023774121
v -0.040367484 0.14560063 0.02351009
v -0.03820456 0.1459012 0.023692977
v 0.048446525 -0.12821631 -0.06113605
v 0.027588734 -0.12821631 -0.06113605
v 0.027588734 -0.11296841 -0.056388862
v 0.048446525 -0.11296841 -0.056388862
v 0.050237637 -0.12736566 -0.06386831
v 0.050237637 -0.12768388 -0.0628462
v 0.050237637 -0.112435974 -0.058099013
v 0.050237637 -0.11211777 -0.05912112
v 0.02758883 -0.09939715 -0.05516077
v 0.02758883 -0.09971537 -0.05413866
v 0.048446614 -0.09971537 -0.05413866
v 0.048446614 -0.09939715 -0.05516077
v 0.048446525 -0.11040762 -0.058588695
v 0.048446525 -0.11072583 -0.057566583
v 0.027588734 -0.11072583 -0.057566583
v 0.027588734 -0.11040762 -0.058588695
v 0.025797624 -0.12768388 -0.0628462
v 0.025797624 -0.12736566 -0.06386831
v 0.025797624 -0.11211777 -0.05912112
v 0.025797624 -0.112435974 -0.058099013
v 0.027588734 -0.12683325 -0.06557845
v 0.048446525 -0.12683325 -0.06557845
v 0.048446525 -0.11158533 -0.060831264
v 0.027588734 -0.11158533 -0.060831264
v 0.048446614 -0.09853765 -0.051896084
v 0.02758883 -0.09853765 -0.051896084
v 0.02758883 -0.083289735 -0.0471489
v 0.048446614 -0.083289735 -0.0471489
v 0.05023773 -0.097687006 -0.054628342
v 0.05023773 -0.09800521 -0.053606227
v 0.05023773 -0.08275732 -0.04885905
v 0.05023773 -0.08243911 -0.049881157
v 0.02758883 -0.07296799 -0.046931885
v 0.02758883 -0.073286206 -0.045909777
v 0.048446614 -0.073286206 -0.045909777
v 0.048446614 -0.07296799 -0.046931885
v 0.048446614 -0.080728956 -0.04934873
v 0.048446614 -0.08104717 -0.04832662
v 0.02758883 -0.08104717 -0.04832662
v 0.02758883 -0.080728956 -0.04934873
v 0.025797717 -0.09800521 -0.053606227
v 0.025797717 -0.097687006 -0.054628342
v 0.025797717 -0.08243911 -0.049881157
v 0.025797717 -0.08275732 -0.04885905
v 0.02758883 -0.09715458 -0.05633849
v 0.048446614 -0.09715458 -0.05633849
v 0.048446614 -0.08190668 -0.0515913
v 0.02758883 -0.08190668 -0.0515913
v 0.048446614 -0.07210849 -0.043715842
v 0.02758883 -0.07210849 -0.043715842
v 0.02758883 -0.05686059 -0.03896866
v 0.048446614 -0.05686059 -0.03896866
v 0.05023773 -0.071257845 -0.04639946
v 0.05023773 -0.07157606 -0.045377348
v 0.05023773 -0.056328163 -0.04063017
v 0.05023773 -0.05600994 -0.041652277
v 0.02758883 -0.04382384 -0.037858926
v 0.02758883 -0.04414205 -0.036836818
v 0.048446614 -0.04414205 -0.036836818
v 0.048446614 -0.04382384 -0.037858926
v 0.048446614 -0.05429979 -0.04111985
v 0.048446614 -0.054618016 -0.04009774
v 0.02758883 -0.054618016 -0.04009774
v 0.02758883 -0.05429979 -0.04111985
v 0.025797717 -0.07157606 -0.045377348
v 0.025797717 -0.071257845 -0.04639946
v 0.025797717 -0.05600994 -0.041652277
v 0.025797717 -0.056328163 -0.04063017
v 0.02758883 -0.07072542 -0.048109606
v 0.048446614 -0.07072542 -0.048109606
v 0.048446614 -0.055477515 -0.04336242
v 0.02758883 -0.055477515 -0.04336242
v 0.048446614 -0.042851593 -0.034661166
v 0.02758883 -0.042851593 -0.034661166
v 0.02758883 -0.027575009 -0.030007115
v 0.048446614 -0.027575009 -0.030007115
v 0.05023773 -0.042113688 -0.0373265
v 0.05023773 -0.042431906 -0.036304392
v 0.05023773 -0.027184002 -0.03155721
v 0.05023773 -0.026865788 -0.032579318
v 0.027584724 -0.0151752895 -0.028931346
v 0.027584724 -0.015493505 -0.027909238
v 0.048442516 -0.015493505 -0.027909238
v 0.048442516 -0.0151752895 -0.028931346
v 0.048446614 -0.025155641 -0.03204689
v 0.048446614 -0.025473854 -0.031024784
v 0.02758883 -0.025473854 -0.031024784
v 0.02758883 -0.025155641 -0.03204689
v 0.025797717 -0.042431906 -0.036304392
v 0.025797717 -0.042113688 -0.0373265
v 0.025797717 -0.026865788 -0.032579318
v 0.025797717 -0.027184002 -0.03155721
v 0.02758883 -0.041581262 -0.039036646
v 0.048446614 -0.041581262 -0.039036646
v 0.048446614 -0.02633336 -0.034289464
v 0.02758883 -0.02633336 -0.034289464
v 0.048442516 -0.014273465 -0.025882196
v 0.027584724 -0.014273465 -0.025882196
v 0.027584724 0.00097443163 -0.02113501
v 0.048442516 0.00097443163 -0.02113501
v 0.050233625 -0.013465143 -0.028398918
v 0.050233625 -0.013783358 -0.02737681
v 0.050233625 0.0014645383 -0.022629626
v 0.050233625 0.0017827526 -0.023651732
v -0.010299645 -0.12907581 -0.064400725
v -0.010299645 -0.12939402 -0.063378625
v 0.010558145 -0.12939402 -0.063378625
v 0.010558145 -0.12907581 -0.064400725
v 0.048442516 0.0034928992 -0.023119308
v 0.048442516 0.003174685 -0.0220972
v 0.027584724 0.003174685 -0.0220972
v 0.027584724 0.0034928992 -0.023119308
v 0.025793614 -0.013783358 -0.02737681
v 0.025793614 -0.013465143 -0.028398918
v 0.025793614 0.0017827526 -0.023651732
v 0.025793614 0.0014645383 -0.022629626
v 0.027584724 -0.012932718 -0.030109067
v 0.048442516 -0.012932718 -0.030109067
v 0.048442516 0.0023151785 -0.02536188
v 0.027584724 0.0023151785 -0.02536188
v 0.010558145 -0.12821631 -0.06113605
v -0.010299645 -0.12821631 -0.06113605
v -0.010299645 -0.11296841 -0.056388862
v 0.010558145 -0.11296841 -0.056388862
v 0.012349254 -0.12736566 -0.06386831
v 0.012349254 -0.12768388 -0.0628462
v 0.012349254 -0.112435974 -0.058099013
v 0.012349254 -0.11211777 -0.05912112
v -0.010299552 -0.09939715 -0.05516077
v -0.010299552 -0.09971537 -0.05413866
v 0.010558238 -0.09971537 -0.05413866
v 0.010558238 -0.09939715 -0.05516077
v 0.010558145 -0.11040762 -0.058588695
v 0.010558145 -0.11072583 -0.057566583
v -0.010299645 -0.11072583 -0.057566583
v -0.010299645 -0.11040762 -0.058588695
v -0.012090757 -0.12768388 -0.0628462
v -0.012090757 -0.12736566 -0.06386831
v -0.012090757 -0.11211777 -0.05912112
v -0.012090757 -0.112435974 -0.058099013
v -0.010299645 -0.12683325 -0.06557845
v 0.010558145 -0.12683325 -0.06557845
v 0.010558145 -0.11158533 -0.060831264
v -0.010299645 -0.11158533 -0.060831264
v 0.010558238 -0.09853765 -0.051896084
v -0.010299552 -0.09853765 -0.051896084
v -0.010299552 -0.083289735 -0.0471489
v 0.010558238 -0.083289735 -0.0471489
v 0.012349348 -0.097687006 -0.054628342
v 0.012349348 -0.09800521 -0.053606227
v 0.012349348 -0.08275732 -0.04885905
v 0.012349348 -0.08243911 -0.049881157
v -0.010299552 -0.07296799 -0.046931885
v -0.010299552 -0.073286206 -0.045909777
v 0.010558238 -0.073286206 -0.045909777
v 0.010558238 -0.07296799 -0.046931885
v 0.010558238 -0.080728956 -0.04934873
v 0.010558238 -0.08104717 -0.04832662
v -0.010299552 -0.08104717 -0.04832662
v -0.010299552 -0.080728956 -0.04934873
v -0.012090663 -0.09800521 -0.053606227
v -0.012090663 -0.097687006 -0.054628342
v -0.012090663 -0.08243911 -0.049881157
v -0.012090663 -0.08275732 -0.04885905
v -0.010299552 -0.09715458 -0.05633849
v 0.010558238 -0.09715458 -0.05633849
v 0.010558238 -0.08190668 -0.0515913
v -0.010299552 -0.08190668 -0.0515913
v 0.010558238 -0.07210849 -0.043715842
v -0.010299552 -0.07210849 -0.043715842
v -0.010299552 -0.05686059 -0.03896866
v 0.010558238 -0.05686059 -0.03896866
v 0.012349348 -0.071257845 -0.04639946
v 0.012349348 -0.07157606 -0.045377348
v 0.012349348 -0.056328163 -0.04063017
v 0.012349348 -0.05600994 -0.041652277
v -0.010299552 -0.04382384 -0.037858926
v -0.010299552 -0.04414205 -0.036836818
v 0.010558238 -0.04414205 -0.036836818
v 0.010558238 -0.04382384 -0.037858926
v 0.010558238 -0.05429979 -0.04111985
v 0.010558238 -0.054618016 -0.04009774
v -0.010299552 -0.054618016 -0.04009774
v -0.010299552 -0.05429979 -0.04111985
v -0.012090663 -0.07157606 -0.045377348
v -0.012090663 -0.071257845 -0.04639946
v -0.012090663 -0.05600994 -0.041652277
v -0.012090663 -0.056328163 -0.04063017
v -0.010299552 -0.07072542 -0.048109606
v 0.010558238 -0.07072542 -0.048109606
v 0.010558238 -0.055477515 -0.04336242
v -0.010299552 -0.055477515 -0.04336242
v 0.010558238 -0.042851593 -0.034661166
v -0.010299552 -0.042851593 -0.034661166
v -0.010299552 -0.027575009 -0.030007115
v 0.010558238 -0.027575009 -0.030007115
v 0.012349348 -0.042113688 -0.0373265
v 0.012349348 -0.042431906 -0.036304392
v 0.012349348 -0.027184002 -0.03155721
v 0.012349348 -0.026865788 -0.032579318
v -0.010303653 -0.0151752895 -0.028931346
v -0.010303653 -0.015493505 -0.027909238
v 0.010554137 -0.015493505 -0.027909238
v 0.010554137 -0.0151752895 -0.028931346
v 0.010558238 -0.025155641 -0.03204689
v 0.010558238 -0.025473854 -0.031024784
v -0.010299552 -0.025473854 -0.031024784
v -0.010299552 -0.025155641 -0.03204689
v -0.012090663 -0.042431906 -0.036304392
v -0.012090663 -0.042113688 -0.0373265
v -0.012090663 -0.026865788 -0.032579318
v -0.012090663 -0.027184002 -0.03155721
v -0.010299552 -0.041581262 -0.039036646
v 0.010558238 -0.041581262 -0.039036646
v 0.010558238 -0.02633336 -0.034289464
v -0.010299552 -0.02633336 -0.034289464
v 0.010554137 -0.014273465 -0.025882196
v -0.010303653 -0.014273465 -0.025882196
v -0.010303653 0.00097443163 -0.02113501
v 0.010554137 0.00097443163 -0.02113501
v 0.012345247 -0.013465143 -0.028398918
v 0.012345247 -0.013783358 -0.02737681
v 0.012345247 0.0014645383 -0.022629626
v 0.012345247 0.0017827526 -0.023651732
v -0.048188027 -0.12907581 -0.064400725
v -0.048188027 -0.12939402 -0.063378625
v -0.027330233 -0.12939402 -0.063378625
v -0.027330233 -0.12907581 -0.064400725
v 0.010554137 0.0034928992 -0.023119308
v 0.010554137 0.003174685 -0.0220972
v -0.010303653 0.003174685 -0.0220972
v -0.010303653 0.0034928992 -0.023119308
v -0.012094766 -0.013783358 -0.02737681
v -0.012094766 -0.013465143 -0.028398918
v -0.012094766 0.0017827526 -0.023651732
v -0.012094766 0.0014645383 -0.022629626
v -0.010303653 -0.012932718 -0.030109067
v 0.010554137 -0.012932718 -0.030109067
v 0.010554137 0.0023151785 -0.02536188
v -0.010303653 0.0023151785 -0.02536188
v -0.027330233 -0.12821631 -0.06113605
v -0.048188027 -0.12821631 -0.06113605
v -0.048188027 -0.11296841 -0.056388862
v -0.027330233 -0.11296841 -0.056388862
v -0.02553912 -0.12736566 -0.06386831
v -0.02553912 -0.12768388 -0.0628462
v -0.02553912 -0.112435974 -0.058099013
v -0.02553912 -0.11211777 -0.05912112
v -0.04818793 -0.09939715 -0.05516077
v -0.04818793 -0.09971537 -0.05413866
v -0.027330145 -0.09971537 -0.05413866
v -0.027330145 -0.09939715 -0.05516077
v -0.027330233 -0.11040762 -0.058588695
v -0.027330233 -0.11072583 -0.057566583
v -0.048188027 -0.11072583 -0.057566583
v -0.048188027 -0.11040762 -0.058588695
v -0.049979143 -0.12768388 -0.0628462
v -0.049979143 -0.12736566 -0.06386831
v -0.049979143 -0.11211777 -0.05912112
v -0.049979143 -0.112435974 -0.058099013
v -0.048188027 -0.12683325 -0.06557845
v -0.027330233 -0.12683325 -0.06557845
v -0.027330233 -0.11158533 -0.060831264
v -0.048188027 -0.11158533 -0.060831264
v -0.027330145 -0.09853765 -0.051896084
v -0.04818793 -0.09853765 -0.051896084
v -0.04818793 -0.083289735 -0.0471489
v -0.027330145 -0.083289735 -0.0471489
v -0.025539033 -0.097687006 -0.054628342
v -0.025539033 -0.09800521 -0.053606227
v -0.025539033 -0.08275732 -0.04885905
v -0.025539033 -0.08243911 -0.049881157
v -0.04818793 -0.07296799 -0.046931885
v -0.04818793 -0.073286206 -0.045909777
v -0.027330145 -0.073286206 -0.045909777
v -0.027330145 -0.07296799 -0.046931885
v -0.027330145 -0.080728956 -0.04934873
v -0.027330145 -0.08104717 -0.04832662
v -0.04818793 -0.08104717 -0.04832662
v -0.04818793 -0.080728956 -0.04934873
v -0.049979046 -0.09800521 -0.053606227
v -0.049979046 -0.097687006 -0.054628342
v -0.049979046 -0.08243911 -0.049881157
v -0.049979046 -0.08275732 -0.04885905
v -0.04818793 -0.09715458 -0.05633849
v -0.027330145 -0.09715458 -0.05633849
v -0.027330145 -0.08190668 -0.0515913
v -0.04818793 -0.08190668 -0.0515913
v -0.027330145 -0.07210849 -0.043715842
v -0.04818793 -0.07210849 -0.043715842
v -0.04818793 -0.05686059 -0.03896866
v -0.027330145 -0.05686059 -0.03896866
v -0.025539033 -0.071257845 -0.04639946
v -0.025539033 -0.07157606 -0.045377348
v -0.025539033 -0.056328163 -0.04063017
v -0.025539033 -0.05600994 -0.041652277
v -0.04818793 -0.04382384 -0.037858926
v -0.04818793 -0.04414205 -0.036836818
v -0.027330145 -0.04414205 -0.036836818
v -0.027330145 -0.04382384 -0.037858926
v -0.027330145 -0.05429979 -0.04111985
v -0.027330145 -0.054618016 -0.04009774
v -0.04818793 -0.054618016 -0.04009774
v -0.04818793 -0.05429979 -0.04111985
v -0.049979046 -0.07157606 -0.045377348
v -0.049979046 -0.071257845 -0.04639946
v -0.049979046 -0.05600994 -0.041652277
v -0.049979046 -0.056328163 -0.04063017
v -0.04818793 -0.07072542 -0.048109606
v -0.027330145 -0.07072542 -0.048109606
v -0.027330145 -0.055477515 -0.04336242
v -0.04818793 -0.055477515 -0.04336242
v -0.027330145 -0.042851593 -0.034661166
v -0.04818793 -0.042851593 -0.034661166
v -0.04818793 -0.027575009 -0.030007115
v -0.027330145 -0.027575009 -0.030007115
v -0.025539033 -0.042113688 -0.0373265
v -0.025539033 -0.042431906 -0.036304392
v -0.025539033 -0.027184002 -0.03155721
v -0.025539033 -0.026865788 -0.032579318
v -0.04819204 -0.0151752895 -0.028931346
v -0.04819204 -0.015493505 -0.027909238
v -0.02733425 -0.015493505 -0.027909238
v -0.02733425 -0.0151752895 -0.028931346
v -0.027330145 -0.025155641 -0.03204689
v -0.027330145 -0.025473854 -0.031024784
v -0.04818793 -0.025473854 -0.031024784
v -0.04818793 -0.025155641 -0.03204689
v -0.049979046 -0.042431906 -0.036304392
v -0.049979046 -0.042113688 -0.0373265
v -0.049979046 -0.026865788 -0.032579318
v -0.049979046 -0.027184002 -0.03155721
v -0.04818793 -0.041581262 -0.039036646
v -0.027330145 -0.041581262 -0.039036646
v -0.027330145 -0.02633336 -0.034289464
v -0.04818793 -0.02633336 -0.034289464
v -0.02733425 -0.014273465 -0.025882196
v -0.04819204 -0.014273465 -0.025882196
v -0.04819204 0.00097443163 -0.02113501
v -0.02733425 0.00097443163 -0.02113501
v -0.025543138 -0.013465143 -0.028398918
v -0.025543138 -0.013783358 -0.02737681
v -0.025543138 0.0014645383 -0.022629626
v -0.025543138 0.0017827526 -0.023651732
v 0.03432364 0.039498538 -0.01134976
v 0.03432364 0.039498538 -0.011349764
v 0.047583036 0.039498538 -0.01134976
v 0.03432364 0.039498538 -0.01134976
v 0.047583036 0.039498538 -0.01134976
v 0.047583036 0.039498538 -0.011349764
v -0.02733425 0.0034928992 -0.023119308
v -0.02733425 0.003174685 -0.0220972
v -0.04819204 0.003174685 -0.0220972
v -0.04819204 0.0034928992 -0.023119308
v -0.04998315 -0.013783358 -0.02737681
v -0.04998315 -0.013465143 -0.028398918
v -0.04998315 0.0017827526 -0.023651732
v -0.04998315 0.0014645383 -0.022629626
v -0.04819204 -0.012932718 -0.030109067
v -0.02733425 -0.012932718 -0.030109067
v -0.02733425 0.0023151785 -0.02536188
v -0.04819204 0.0023151785 -0.02536188
v 0.047583036 0.04067625 -0.009107187
v 0.03432364 0.04067625 -0.009107187
v 0.03432364 0.055647876 -0.0044460148
v 0.047583036 0.055647876 -0.0044460148
v 0.049374145 0.041208666 -0.010817329
v 0.049374145 0.041208684 -0.010817334
v 0.049374145 0.056180313 -0.0061561647
v 0.049374145 0.041208666 -0.010817329
v 0.049374145 0.056180313 -0.0061561647
v 0.049374145 0.056180295 -0.0061561614
v 0.034323577 0.014829828 -0.019030869
v 0.034323577 0.014829828 -0.019030862
v 0.04758297 0.014829814 -0.019030876
v 0.047583036 0.05789044 -0.005623735
v 0.047583036 0.05789044 -0.0056237313
v 0.03432364 0.05789044 -0.005623735
v 0.047583036 0.05789044 -0.005623735
v 0.03432364 0.05789044 -0.005623735
v 0.03432364 0.05789044 -0.0056237313
v 0.032532528 0.041208684 -0.010817338
v 0.032532528 0.041208666 -0.010817329
v 0.032532528 0.056180295 -0.0061561577
v 0.032532528 0.041208684 -0.010817338
v 0.032532528 0.056180295 -0.0061561577
v 0.032532528 0.056180313 -0.0061561647
v 0.03432364 0.041741103 -0.01252748
v 0.047583036 0.041741103 -0.01252748
v 0.047583036 0.05671273 -0.007866308
v 0.03432364 0.05671273 -0.007866308
v 0.04758297 0.016007543 -0.016788308
v 0.034323577 0.016007543 -0.016788293
v 0.034323577 0.030979184 -0.01212712
v 0.04758297 0.03097917 -0.012127135
v 0.049374077 0.016539961 -0.01849845
v 0.049374077 0.016539976 -0.018498458
v 0.049374077 0.031511605 -0.013837284
v 0.049374077 0.016539961 -0.01849845
v 0.049374077 0.031511605 -0.013837284
v 0.049374077 0.03151159 -0.013837278
v -0.048200592 0.039498523 -0.01134976
v -0.048200592 0.039498538 -0.011349764
v -0.034941196 0.039498538 -0.01134976
v -0.048200592 0.039498523 -0.01134976
v -0.034941196 0.039498538 -0.01134976
v -0.034941196 0.039498523 -0.011349756
v 0.032532465 0.016539976 -0.018498432
v 0.032532465 0.016539976 -0.01849844
v 0.032532465 0.031511605 -0.013837263
v 0.034323577 0.01707241 -0.020208582
v 0.04758297 0.017072393 -0.020208597
v 0.04758297 0.032044023 -0.015547427
v 0.034323577 0.03204404 -0.015547413
v -0.034941196 0.04067625 -0.009107187
v -0.048200592 0.04067625 -0.009107187
v -0.048200592 0.055647876 -0.0044460148
v -0.034941196 0.055647876 -0.0044460148
v -0.033150084 0.041208666 -0.010817329
v -0.033150084 0.041208684 -0.010817334
v -0.033150084 0.056180313 -0.0061561647
v -0.033150084 0.041208666 -0.010817329
v -0.033150084 0.056180313 -0.0061561647
v -0.033150084 0.056180295 -0.0061561614
v -0.04820065 0.014829828 -0.019030869
v -0.04820065 0.014829828 -0.019030862
v -0.034941263 0.014829814 -0.019030876
v -0.034941196 0.05789044 -0.005623735
v -0.034941196 0.057890456 -0.005623739
v -0.048200592 0.057890456 -0.005623735
v -0.034941196 0.05789044 -0.005623735
v -0.048200592 0.057890456 -0.005623735
v -0.048200592 0.05789044 -0.0056237313
v -0.0499917 0.041208684 -0.010817338
v -0.0499917 0.041208666 -0.010817329
v -0.0499917 0.056180295 -0.0061561577
v -0.0499917 0.041208684 -0.010817338
v -0.0499917 0.056180295 -0.0061561577
v -0.0499917 0.056180313 -0.0061561647
v -0.048200592 0.041741103 -0.01252748
v -0.034941196 0.041741103 -0.01252748
v -0.034941196 0.05671273 -0.007866308
v -0.048200592 0.05671273 -0.007866308
v -0.034941263 0.016007543 -0.016788308
v -0.04820065 0.016007543 -0.016788293
v -0.04820065 0.030979184 -0.01212712
v -0.034941263 0.03097917 -0.012127135
v -0.03315015 0.016539961 -0.01849845
v -0.03315015 0.016539976 -0.018498458
v -0.03315015 0.031511605 -0.013837284
v -0.03315015 0.016539961 -0.01849845
v -0.03315015 0.031511605 -0.013837284
v -0.03315015 0.03151159 -0.013837278
v -0.02563236 0.014038295 -0.01924004
v -0.02563236 0.013987049 -0.019132424
v 0.02563236 0.013987049 -0.01913242
v 0.02563236 0.014038295 -0.019240035
v -0.049991764 0.016539976 -0.018498432
v -0.049991764 0.016539976 -0.01849844
v -0.049991764 0.031511605 -0.013837263
v -0.04820065 0.01707241 -0.020208582
v -0.034941263 0.017072393 -0.020208597
v -0.034941263 0.032044023 -0.015547427
v -0.04820065 0.03204404 -0.015547413
v 0.02563236 0.015164763 -0.016889848
v -0.02563236 0.015164763 -0.016889852
v -0.02563236 0.056682836 -0.0039638802
v 0.02563236 0.056682836 -0.0039638802
v 0.027423471 0.015748441 -0.018707607
v 0.027423471 0.015697194 -0.01859999
v 0.027423471 0.05721527 -0.005674027
v 0.027423471 0.057266515 -0.005781639
v 0.02563236 0.05897666 -0.0052492134
v 0.02563236 0.058925416 -0.005141601
v -0.02563236 0.058925416 -0.005141601
v -0.02563236 0.05897666 -0.005249217
v -0.027423471 0.015697194 -0.018599998
v -0.027423471 0.015748441 -0.01870761
v -0.027423471 0.057266515 -0.005781643
v -0.027423471 0.05721527 -0.0056740306
v -0.02563236 0.016280875 -0.020417761
v 0.02563236 0.016280875 -0.020417757
v 0.02563236 0.057798952 -0.0074917856
v -0.02563236 0.057798952 -0.0074917898
v 0.027588734 -0.12939402 -0.063378625
v 0.025797624 -0.12768388 -0.0628462
v 0.027588734 -0.12821631 -0.06113605
v 0.027588734 -0.11296841 -0.056388862
v 0.025797624 -0.112435974 -0.058099013
v 0.027588734 -0.11072583 -0.057566583
v 0.027588734 -0.12907581 -0.064400725
v 0.027588734 -0.12683325 -0.06557845
v 0.025797624 -0.12736566 -0.06386831
v 0.027588734 -0.11040762 -0.058588695
v 0.025797624 -0.11211777 -0.05912112
v 0.027588734 -0.11158533 -0.060831264
v 0.048446525 -0.12939402 -0.063378625
v 0.048446525 -0.12821631 -0.06113605
v 0.050237637 -0.12768388 -0.0628462
v 0.048446525 -0.11072583 -0.057566583
v 0.050237637 -0.112435974 -0.058099013
v 0.048446525 -0.11296841 -0.056388862
v 0.048446525 -0.12907581 -0.064400725
v 0.050237637 -0.12736566 -0.06386831
v 0.048446525 -0.12683325 -0.06557845
v 0.048446525 -0.11040762 -0.058588695
v 0.048446525 -0.11158533 -0.060831264
v 0.050237637 -0.11211777 -0.05912112
v 0.02758883 -0.09971537 -0.05413866
v 0.025797717 -0.09800521 -0.053606227
v 0.02758883 -0.09853765 -0.051896084
v 0.02758883 -0.083289735 -0.0471489
v 0.025797717 -0.08275732 -0.04885905
v 0.02758883 -0.08104717 -0.04832662
v 0.02758883 -0.09939715 -0.05516077
v 0.02758883 -0.09715458 -0.05633849
v 0.025797717 -0.097687006 -0.054628342
v 0.02758883 -0.080728956 -0.04934873
v 0.025797717 -0.08243911 -0.049881157
v 0.02758883 -0.08190668 -0.0515913
v 0.048446614 -0.09971537 -0.05413866
v 0.048446614 -0.09853765 -0.051896084
v 0.05023773 -0.09800521 -0.053606227
v 0.048446614 -0.08104717 -0.04832662
v 0.05023773 -0.08275732 -0.04885905
v 0.048446614 -0.083289735 -0.0471489
v 0.048446614 -0.09939715 -0.05516077
v 0.05023773 -0.097687006 -0.054628342
v 0.048446614 -0.09715458 -0.05633849
v 0.048446614 -0.080728956 -0.04934873
v 0.048446614 -0.08190668 -0.0515913
v 0.05023773 -0.08243911 -0.049881157
v 0.02758883 -0.073286206 -0.045909777
v 0.025797717 -0.07157606 -0.045377348
v 0.02758883 -0.07210849 -0.043715842
v 0.02758883 -0.05686059 -0.03896866
v 0.025797717 -0.056328163 -0.04063017
v 0.02758883 -0.054618016 -0.04009774
v 0.02758883 -0.07296799 -0.046931885
v 0.02758883 -0.07072542 -0.048109606
v 0.025797717 -0.071257845 -0.04639946
v 0.02758883 -0.05429979 -0.04111985
v 0.025797717 -0.05600994 -0.041652277
v 0.02758883 -0.055477515 -0.04336242
v 0.048446614 -0.073286206 -0.045909777
v 0.048446614 -0.07210849 -0.043715842
v 0.05023773 -0.07157606 -0.045377348
v 0.048446614 -0.054618016 -0.04009774
v 0.05023773 -0.056328163 -0.04063017
v 0.048446614 -0.05686059 -0.03896866
v 0.048446614 -0.07296799 -0.046931885
v 0.05023773 -0.071257845 -0.04639946
v 0.048446614 -0.07072542 -0.048109606
v 0.048446614 -0.05429979 -0.04111985
v 0.048446614 -0.055477515 -0.04336242
v 0.05023773 -0.05600994 -0.041652277
v 0.02758883 -0.04414205 -0.036836818
v 0.025797717 -0.042431906 -0.036304392
v 0.02758883 -0.042851593 -0.034661166
v 0.02758883 -0.027575009 -0.030007115
v 0.025797717 -0.027184002 -0.03155721
v 0.02758883 -0.025473854 -0.031024784
v 0.02758883 -0.04382384 -0.037858926
v 0.02758883 -0.041581262 -0.039036646
v 0.025797717 -0.042113688 -0.0373265
v 0.02758883 -0.025155641 -0.03204689
v 0.025797717 -0.026865788 -0.032579318
v 0.02758883 -0.02633336 -0.034289464
v 0.048446614 -0.04414205 -0.036836818
v 0.048446614 -0.042851593 -0.034661166
v 0.05023773 -0.042431906 -0.036304392
v 0.048446614 -0.025473854 -0.031024784
v 0.05023773 -0.027184002 -0.03155721
v 0.048446614 -0.027575009 -0.030007115
v 0.048446614 -0.04382384 -0.037858926
v 0.05023773 -0.042113688 -0.0373265
v 0.048446614 -0.041581262 -0.039036646
v 0.048446614 -0.025155641 -0.03204689
v 0.048446614 -0.02633336 -0.034289464
v 0.05023773 -0.026865788 -0.032579318
v 0.027584724 -0.015493505 -0.027909238
v 0.025793614 -0.013783358 -0.02737681
v 0.027584724 -0.014273465 -0.025882196
v 0.027584724 0.00097443163 -0.02113501
v 0.025793614 0.0014645383 -0.022629626
v 0.027584724 0.003174685 -0.0220972
v 0.027584724 -0.0151752895 -0.028931346
v 0.027584724 -0.012932718 -0.030109067
v 0.025793614 -0.013465143 -0.028398918
v 0.027584724 0.0034928992 -0.023119308
v 0.025793614 0.0017827526 -0.023651732
v 0.027584724 0.0023151785 -0.02536188
v 0.048442516 -0.015493505 -0.027909238
v 0.048442516 -0.014273465 -0.025882196
v 0.050233625 -0.013783358 -0.02737681
v 0.048442516 0.003174685 -0.0220972
v 0.050233625 0.0014645383 -0.022629626
v 0.048442516 0.00097443163 -0.02113501
v 0.048442516 -0.0151752895 -0.028931346
v 0.050233625 -0.013465143 -0.028398918
v 0.048442516 -0.012932718 -0.030109067
v 0.048442516 0.0034928992 -0.023119308
v 0.048442516 0.0023151785 -0.02536188
v 0.050233625 0.0017827526 -0.023651732
v -0.010299645 -0.12939402 -0.063378625
v -0.012090757 -0.12768388 -0.0628462
v -0.010299645 -0.12821631 -0.06113605
v -0.010299645 -0.11296841 -0.056388862
v -0.012090757 -0.112435974 -0.058099013
v -0.010299645 -0.11072583 -0.057566583
v -0.010299645 -0.12907581 -0.064400725
v -0.010299645 -0.12683325 -0.06557845
v -0.012090757 -0.12736566 -0.06386831
v -0.010299645 -0.11040762 -0.058588695
v -0.012090757 -0.11211777 -0.05912112
v -0.010299645 -0.11158533 -0.060831264
v 0.010558145 -0.12939402 -0.063378625
v 0.010558145 -0.12821631 -0.06113605
v 0.012349254 -0.12768388 -0.0628462
v 0.010558145 -0.11072583 -0.057566583
v 0.012349254 -0.112435974 -0.058099013
v 0.010558145 -0.11296841 -0.056388862
v 0.010558145 -0.12907581 -0.064400725
v 0.012349254 -0.12736566 -0.06386831
v 0.010558145 -0.12683325 -0.06557845
v 0.010558145 -0.11040762 -0.058588695
v 0.010558145 -0.11158533 -0.060831264
v 0.012349254 -0.11211777 -0.05912112
v -0.010299552 -0.09971537 -0.05413866
v -0.012090663 -0.09800521 -0.053606227
v -0.010299552 -0.09853765 -0.051896084
v -0.010299552 -0.083289735 -0.0471489
v -0.012090663 -0.08275732 -0.04885905
v -0.010299552 -0.08104717 -0.04832662
v -0.010299552 -0.09939715 -0.05516077
v -0.010299552 -0.09715458 -0.05633849
v -0.012090663 -0.097687006 -0.054628342
v -0.010299552 -0.080728956 -0.04934873
v -0.012090663 -0.08243911 -0.049881157
v -0.010299552 -0.08190668 -0.0515913
v 0.010558238 -0.09971537 -0.05413866
v 0.010558238 -0.09853765 -0.051896084
v 0.012349348 -0.09800521 -0.053606227
v 0.010558238 -0.08104717 -0.04832662
v 0.012349348 -0.08275732 -0.04885905
v 0.010558238 -0.083289735 -0.0471489
v 0.010558238 -0.09939715 -0.05516077
v 0.012349348 -0.097687006 -0.054628342
v 0.010558238 -0.09715458 -0.05633849
v 0.010558238 -0.080728956 -0.04934873
v 0.010558238 -0.08190668 -0.0515913
v 0.012349348 -0.08243911 -0.049881157
v -0.010299552 -0.073286206 -0.045909777
v -0.012090663 -0.07157606 -0.045377348
v -0.010299552 -0.07210849 -0.043715842
v -0.010299552 -0.05686059 -0.03896866
v -0.012090663 -0.056328163 -0.04063017
v -0.010299552 -0.054618016 -0.04009774
v -0.010299552 -0.07296799 -0.046931885
v -0.010299552 -0.07072542 -0.048109606
v -0.012090663 -0.071257845 -0.04639946
v -0.010299552 -0.05429979 -0.04111985
v -0.012090663 -0.05600994 -0.041652277
v -0.010299552 -0.055477515 -0.04336242
v 0.010558238 -0.073286206 -0.045909777
v 0.010558238 -0.07210849 -0.043715842
v 0.012349348 -0.07157606 -0.045377348
v 0.010558238 -0.054618016 -0.04009774
v 0.012349348 -0.056328163 -0.04063017
v 0.010558238 -0.05686059 -0.03896866
v 0.010558238 -0.07296799 -0.046931885
v 0.012349348 -0.071257845 -0.04639946
v 0.010558238 -0.07072542 -0.048109606
v 0.010558238 -0.05429979 -0.04111985
v 0.010558238 -0.055477515 -0.04336242
v 0.012349348 -0.05600994 -0.041652277
v -0.010299552 -0.04414205 -0.036836818
v -0.012090663 -0.042431906 -0.036304392
v -0.010299552 -0.042851593 -0.034661166
v -0.010299552 -0.027575009 -0.030007115
v -0.012090663 -0.027184002 -0.03155721
v -0.010299552 -0.025473854 -0.031024784
v -0.010299552 -0.04382384 -0.037858926
v -0.010299552 -0.041581262 -0.039036646
v -0.012090663 -0.042113688 -0.0373265
v -0.010299552 -0.025155641 -0.03204689
v -0.012090663 -0.026865788 -0.032579318
v -0.010299552 -0.02633336 -0.034289464
v 0.010558238 -0.04414205 -0.036836818
v 0.010558238 -0.042851593 -0.034661166
v 0.012349348 -0.042431906 -0.036304392
v 0.010558238 -0.025473854 -0.031024784
v 0.012349348 -0.027184002 -0.03155721
v 0.010558238 -0.027575009 -0.030007115
v 0.010558238 -0.04382384 -0.037858926
v 0.012349348 -0.042113688 -0.0373265
v 0.010558238 -0.041581262 -0.039036646
v 0.010558238 -0.025155641 -0.03204689
v 0.010558238 -0.02633336 -0.034289464
v 0.012349348 -0.026865788 -0.032579318
v -0.010303653 -0.015493505 -0.027909238
v -0.012094766 -0.013783358 -0.02737681
v -0.010303653 -0.014273465 -0.025882196
v -0.010303653 0.00097443163 -0.02113501
v -0.012094766 0.0014645383 -0.022629626
v -0.010303653 0.003174685 -0.0220972
v -0.010303653 -0.0151752895 -0.028931346
v -0.010303653 -0.012932718 -0.030109067
v -0.012094766 -0.013465143 -0.028398918
v -0.010303653 0.0034928992 -0.023119308
v -0.012094766 0.0017827526 -0.023651732
v -0.010303653 0.0023151785 -0.02536188
v 0.010554137 -0.015493505 -0.027909238
v 0.010554137 -0.014273465 -0.025882196
v 0.012345247 -0.013783358 -0.02737681
v 0.010554137 0.003174685 -0.0220972
v 0.012345247 0.0014645383 -0.022629626
v 0.010554137 0.00097443163 -0.02113501
v 0.010554137 -0.0151752895 -0.028931346
v 0.012345247 -0.013465143 -0.028398918
v 0.010554137 -0.012932718 -0.030109067
v 0.010554137 0.0034928992 -0.023119308
v 0.010554137 0.0023151785 -0.02536188
v 0.012345247 0.0017827526 -0.023651732
v -0.048188027 -0.12939402 -0.063378625
v -0.049979143 -0.12768388 -0.0628462
v -0.048188027 -0.12821631 -0.06113605
v -0.048188027 -0.11296841 -0.056388862
v -0.049979143 -0.112435974 -0.058099013
v -0.048188027 -0.11072583 -0.057566583
v -0.048188027 -0.12907581 -0.064400725
v -0.048188027 -0.12683325 -0.06557845
v -0.049979143 -0.12736566 -0.06386831
v -0.048188027 -0.11040762 -0.058588695
v -0.049979143 -0.11211777 -0.05912112
v -0.048188027 -0.11158533 -0.060831264
v -0.027330233 -0.12939402 -0.063378625
v -0.027330233 -0.12821631 -0.06113605
v -0.02553912 -0.12768388 -0.0628462
v -0.027330233 -0.11072583 -0.057566583
v -0.02553912 -0.112435974 -0.058099013
v -0.027330233 -0.11296841 -0.056388862
v -0.027330233 -0.12907581 -0.064400725
v -0.02553912 -0.12736566 -0.06386831
v -0.027330233 -0.12683325 -0.06557845
v -0.027330233 -0.11040762 -0.058588695
v -0.027330233 -0.11158533 -0.060831264
v -0.02553912 -0.11211777 -0.05912112
v -0.04818793 -0.09971537 -0.05413866
v -0.049979046 -0.09800521 -0.053606227
v -0.04818793 -0.09853765 -0.051896084
v -0.04818793 -0.083289735 -0.0471489
v -0.049979046 -0.08275732 -0.04885905
v -0.04818793 -0.08104717 -0.04832662
v -0.04818793 -0.09939715 -0.05516077
v -0.04818793 -0.09715458 -0.05633849
v -0.049979046 -0.097687006 -0.054628342
v -0.04818793 -0.080728956 -0.04934873
v -0.049979046 -0.08243911 -0.049881157
v -0.04818793 -0.08190668 -0.0515913
v -0.027330145 -0.09971537 -0.05413866
v -0.027330145 -0.09853765 -0.051896084
v -0.025539033 -0.09800521 -0.053606227
v -0.027330145 -0.08104717 -0.04832662
v -0.025539033 -0.08275732 -0.04885905
v -0.027330145 -0.083289735 -0.0471489
v -0.027330145 -0.09939715 -0.05516077
v -0.025539033 -0.097687006 -0.054628342
v -0.027330145 -0.09715458 -0.05633849
v -0.027330145 -0.080728956 -0.04934873
v -0.027330145 -0.08190668 -0.0515913
v -0.025539033 -0.08243911 -0.049881157
v -0.04818793 -0.073286206 -0.045909777
v -0.049979046 -0.07157606 -0.045377348
v -0.04818793 -0.07210849 -0.043715842
v -0.04818793 -0.05686059 -0.03896866
v -0.049979046 -0.056328163 -0.04063017
v -0.04818793 -0.054618016 -0.04009774
v -0.04818793 -0.07296799 -0.046931885
v -0.04818793 -0.07072542 -0.048109606
v -0.049979046 -0.071257845 -0.04639946
v -0.04818793 -0.05429979 -0.04111985
v -0.049979046 -0.05600994 -0.041652277
v -0.04818793 -0.055477515 -0.04336242
v -0.027330145 -0.073286206 -0.045909777
v -0.027330145 -0.07210849 -0.043715842
v -0.025539033 -0.07157606 -0.045377348
v -0.027330145 -0.054618016 -0.04009774
v -0.025539033 -0.056328163 -0.04063017
v -0.027330145 -0.05686059 -0.03896866
v -0.027330145 -0.07296799 -0.046931885
v -0.025539033 -0.071257845 -0.04639946
v -0.027330145 -0.07072542 -0.048109606
v -0.027330145 -0.05429979 -0.04111985
v -0.027330145 -0.055477515 -0.04336242
v -0.025539033 -0.05600994 -0.041652277
v -0.04818793 -0.04414205 -0.036836818
v -0.049979046 -0.042431906 -0.036304392
v -0.04818793 -0.042851593 -0.034661166
v -0.04818793 -0.027575009 -0.030007115
v -0.049979046 -0.027184002 -0.03155721
v -0.04818793 -0.025473854 -0.031024784
v -0.04818793 -0.04382384 -0.037858926
v -0.04818793 -0.041581262 -0.039036646
v -0.049979046 -0.042113688 -0.0373265
v -0.04818793 -0.025155641 -0.03204689
v -0.049979046 -0.026865788 -0.032579318
v -0.04818793 -0.02633336 -0.034289464
v -0.027330145 -0.04414205 -0.036836818
v -0.027330145 -0.042851593 -0.034661166
v -0.025539033 -0.042431906 -0.036304392
v -0.027330145 -0.025473854 -0.031024784
v -0.025539033 -0.027184002 -0.03155721
v -0.027330145 -0.027575009 -0.030007115
v -0.027330145 -0.04382384 -0.037858926
v -0.025539033 -0.042113688 -0.0373265
v -0.027330145 -0.041581262 -0.039036646
v -0.027330145 -0.025155641 -0.03204689
v -0.027330145 -0.02633336 -0.034289464
v -0.025539033 -0.026865788 -0.032579318
v -0.04819204 -0.015493505 -0.027909238
v -0.04998315 -0.013783358 -0.02737681
v -0.04819204 -0.014273465 -0.025882196
v -0.04819204 0.00097443163 -0.02113501
v -0.04998315 0.0014645383 -0.022629626
v -0.04819204 0.003174685 -0.0220972
v -0.04819204 -0.0151752895 -0.028931346
v -0.04819204 -0.012932718 -0.030109067
v -0.04998315 -0.013465143 -0.028398918
v -0.04819204 0.0034928992 -0.023119308
v -0.04998315 0.0017827526 -0.023651732
v -0.04819204 0.0023151785 -0.02536188
v -0.02733425 -0.015493505 -0.027909238
v -0.02733425 -0.014273465 -0.025882196
v -0.025543138 -0.013783358 -0.02737681
v -0.02733425 0.003174685 -0.0220972
v -0.025543138 0.0014645383 -0.022629626
v -0.02733425 0.00097443163 -0.02113501
v -0.02733425 -0.0151752895 -0.028931346
v -0.025543138 -0.013465143 -0.028398918
v -0.02733425 -0.012932718 -0.030109067
v -0.02733425 0.0034928992 -0.023119308
v -0.02733425 0.0023151785 -0.02536188
v -0.025543138 0.0017827526 -0.023651732
v 0.03432364 0.039498538 -0.011349764
v 0.032532528 0.041208684 -0.010817338
v 0.03432364 0.04067625 -0.009107187
v 0.03432364 0.055647876 -0.0044460148
v 0.032532528 0.056180313 -0.0061561647
v 0.03432364 0.05789044 -0.005623735
v 0.03432364 0.039498538 -0.01134976
v 0.03432364 0.041741103 -0.01252748
v 0.032532528 0.041208666 -0.010817329
v 0.03432364 0.05789044 -0.0056237313
v 0.032532528 0.056180295 -0.0061561577
v 0.03432364 0.05671273 -0.007866308
v 0.047583036 0.039498538 -0.01134976
v 0.047583036 0.04067625 -0.009107187
v 0.049374145 0.041208684 -0.010817334
v 0.047583036 0.05789044 -0.0056237313
v 0.049374145 0.056180313 -0.0061561647
v 0.047583036 0.055647876 -0.0044460148
v 0.047583036 0.039498538 -0.011349764
v 0.049374145 0.041208666 -0.010817329
v 0.047583036 0.041741103 -0.01252748
v 0.047583036 0.05789044 -0.005623735
v 0.047583036 0.05671273 -0.007866308
v 0.049374145 0.056180295 -0.0061561614
v 0.034323577 0.014829828 -0.019030862
v 0.032532465 0.016539976 -0.018498432
v 0.034323577 0.016007543 -0.016788293
v 0.034323577 0.030979184 -0.01212712
v 0.032532465 0.031511605 -0.013837263
v 0.034323577 0.033221748 -0.01330484
v 0.034323577 0.014829828 -0.019030869
v 0.034323577 0.01707241 -0.020208582
v 0.032532465 0.016539976 -0.01849844
v 0.034323577 0.033221748 -0.01330484
v 0.032532465 0.031511605 -0.013837263
v 0.034323577 0.03204404 -0.015547413
v 0.04758297 0.014829814 -0.019030876
v 0.04758297 0.016007543 -0.016788308
v 0.049374077 0.016539976 -0.018498458
v 0.04758297 0.033221748 -0.013304856
v 0.049374077 0.031511605 -0.013837284
v 0.04758297 0.03097917 -0.012127135
v 0.04758297 0.014829814 -0.019030876
v 0.049374077 0.016539961 -0.01849845
v 0.04758297 0.017072393 -0.020208597
v 0.04758297 0.033221748 -0.013304856
v 0.04758297 0.032044023 -0.015547427
v 0.049374077 0.03151159 -0.013837278
v -0.048200592 0.039498538 -0.011349764
v -0.0499917 0.041208684 -0.010817338
v -0.048200592 0.04067625 -0.009107187
v -0.048200592 0.055647876 -0.0044460148
v -0.0499917 0.056180313 -0.0061561647
v -0.048200592 0.057890456 -0.005623735
v -0.048200592 0.039498523 -0.01134976
v -0.048200592 0.041741103 -0.01252748
v -0.0499917 0.041208666 -0.010817329
v -0.048200592 0.05789044 -0.0056237313
v -0.0499917 0.056180295 -0.0061561577
v -0.048200592 0.05671273 -0.007866308
v -0.034941196 0.039498538 -0.01134976
v -0.034941196 0.04067625 -0.009107187
v -0.033150084 0.041208684 -0.010817334
v -0.034941196 0.057890456 -0.005623739
v -0.033150084 0.056180313 -0.0061561647
v -0.034941196 0.055647876 -0.0044460148
v -0.034941196 0.039498523 -0.011349756
v -0.033150084 0.041208666 -0.010817329
v -0.034941196 0.041741103 -0.01252748
v -0.034941196 0.05789044 -0.005623735
v -0.034941196 0.05671273 -0.007866308
v -0.033150084 0.056180295 -0.0061561614
v -0.04820065 0.014829828 -0.019030862
v -0.049991764 0.016539976 -0.018498432
v -0.04820065 0.016007543 -0.016788293
v -0.04820065 0.030979184 -0.01212712
v -0.049991764 0.031511605 -0.013837263
v -0.04820065 0.033221748 -0.01330484
v -0.04820065 0.014829828 -0.019030869
v -0.04820065 0.01707241 -0.020208582
v -0.049991764 0.016539976 -0.01849844
v -0.04820065 0.033221748 -0.01330484
v -0.049991764 0.031511605 -0.013837263
v -0.04820065 0.03204404 -0.015547413
v -0.034941263 0.014829814 -0.019030876
v -0.034941263 0.016007543 -0.016788308
v -0.03315015 0.016539976 -0.018498458
v -0.034941263 0.033221748 -0.013304856
v -0.03315015 0.031511605 -0.013837284
v -0.034941263 0.03097917 -0.012127135
v -0.034941263 0.014829814 -0.019030876
v -0.03315015 0.016539961 -0.01849845
v -0.034941263 0.017072393 -0.020208597
v -0.034941263 0.033221748 -0.013304856
v -0.034941263 0.032044023 -0.015547427
v -0.03315015 0.03151159 -0.013837278
v -0.02563236 0.013987049 -0.019132424
v -0.027423471 0.015697194 -0.018599998
v -0.02563236 0.015164763 -0.016889852
v -0.02563236 0.056682836 -0.0039638802
v -0.027423471 0.05721527 -0.0056740306
v -0.02563236 0.058925416 -0.005141601
v -0.02563236 0.014038295 -0.01924004
v -0.02563236 0.016280875 -0.020417761
v -0.027423471 0.015748441 -0.01870761
v -0.02563236 0.05897666 -0.005249217
v -0.027423471 0.057266515 -0.005781643
v -0.02563236 0.057798952 -0.0074917898
v 0.02563236 0.013987049 -0.01913242
v 0.02563236 0.015164763 -0.016889848
v 0.027423471 0.015697194 -0.01859999
v 0.02563236 0.058925416 -0.005141601
v 0.027423471 0.05721527 -0.005674027
v 0.02563236 0.056682836 -0.0039638802
v 0.02563236 0.014038295 -0.019240035
v 0.027423471 0.015748441 -0.018707607
v 0.02563236 0.016280875 -0.020417757
v 0.02563236 0.05897666 -0.0052492134
v 0.02563236 0.057798952 -0.0074917856
v 0.027423471 0.057266515 -0.005781639
v 0.027588734 -0.12907581 -0.064400725
v 0.025797624 -0.12736566 -0.06386831
v 0.025797624 -0.12768388 -0.0628462
v 0.027588734 -0.12939402 -0.063378625
v 0.027588734 -0.12821631 -0.06113605
v 0.025797624 -0.12768388 -0.0628462
v 0.025797624 -0.112435974 -0.058099013
v 0.027588734 -0.11296841 -0.056388862
v 0.027588734 -0.11072583 -0.057566583
v 0.025797624 -0.112435974 -0.058099013
v 0.025797624 -0.11211777 -0.05912112
v 0.027588734 -0.11072583 -0.057566583
v 0.025797624 -0.11211777 -0.05912112
v 0.027588734 -0.11040762 -0.058588695
v 0.027588734 -0.11158533 -0.060831264
v 0.025797624 -0.11211777 -0.05912112
v 0.025797624 -0.12736566 -0.06386831
v 0.027588734 -0.11158533 -0.060831264
v 0.025797624 -0.12736566 -0.06386831
v 0.027588734 -0.12683325 -0.06557845
v 0.048446525 -0.12907581 -0.064400725
v 0.048446525 -0.12683325 -0.06557845
v 0.027588734 -0.12683325 -0.06557845
v 0.027588734 -0.12907581 -0.064400725
v 0.027588734 -0.11040762 -0.058588695
v 0.027588734 -0.11158533 -0.060831264
v 0.048446525 -0.11158533 -0.060831264
v 0.048446525 -0.11040762 -0.058588695
v 0.050237637 -0.11211777 -0.05912112
v 0.048446525 -0.11158533 -0.060831264
v 0.048446525 -0.12683325 -0.06557845
v 0.050237637 -0.12736566 -0.06386831
v 0.048446525 -0.12939402 -0.063378625
v 0.050237637 -0.12768388 -0.0628462
v 0.050237637 -0.12736566 -0.06386831
v 0.048446525 -0.12939402 -0.063378625
v 0.050237637 -0.12736566 -0.06386831
v 0.048446525 -0.12907581 -0.064400725
v 0.048446525 -0.11040762 -0.058588695
v 0.050237637 -0.11211777 -0.05912112
v 0.050237637 -0.112435974 -0.058099013
v 0.048446525 -0.11072583 -0.057566583
v 0.048446525 -0.11296841 -0.056388862
v 0.050237637 -0.112435974 -0.058099013
v 0.050237637 -0.12768388 -0.0628462
v 0.048446525 -0.12821631 -0.06113605
v 0.027588734 -0.12939402 -0.063378625
v 0.027588734 -0.12821631 -0.06113605
v 0.048446525 -0.12821631 -0.06113605
v 0.048446525 -0.12939402 -0.063378625
v 0.048446525 -0.11072583 -0.057566583
v 0.048446525 -0.11296841 -0.056388862
v 0.027588734 -0.11296841 -0.056388862
v 0.048446525 -0.11072583 -0.057566583
v 0.027588734 -0.11296841 -0.056388862
v 0.027588734 -0.11072583 -0.057566583
v 0.02758883 -0.09939715 -0.05516077
v 0.025797717 -0.097687006 -0.054628342
v 0.025797717 -0.09800521 -0.053606227
v 0.02758883 -0.09971537 -0.05413866
v 0.02758883 -0.09853765 -0.051896084
v 0.025797717 -0.09800521 -0.053606227
v 0.025797717 -0.08275732 -0.04885905
v 0.02758883 -0.083289735 -0.0471489
v 0.02758883 -0.08104717 -0.04832662
v 0.025797717 -0.08275732 -0.04885905
v 0.025797717 -0.08243911 -0.049881157
v 0.02758883 -0.080728956 -0.04934873
v 0.02758883 -0.08190668 -0.0515913
v 0.025797717 -0.08243911 -0.049881157
v 0.025797717 -0.097687006 -0.054628342
v 0.02758883 -0.09715458 -0.05633849
v 0.048446614 -0.09939715 -0.05516077
v 0.048446614 -0.09715458 -0.05633849
v 0.02758883 -0.09715458 -0.05633849
v 0.02758883 -0.09939715 -0.05516077
v 0.02758883 -0.080728956 -0.04934873
v 0.02758883 -0.08190668 -0.0515913
v 0.048446614 -0.08190668 -0.0515913
v 0.048446614 -0.080728956 -0.04934873
v 0.05023773 -0.08243911 -0.049881157
v 0.048446614 -0.08190668 -0.0515913
v 0.048446614 -0.09715458 -0.05633849
v 0.05023773 -0.097687006 -0.054628342
v 0.048446614 -0.09971537 -0.05413866
v 0.05023773 -0.09800521 -0.053606227
v 0.05023773 -0.097687006 -0.054628342
v 0.048446614 -0.09939715 -0.05516077
v 0.048446614 -0.080728956 -0.04934873
v 0.05023773 -0.08243911 -0.049881157
v 0.05023773 -0.08275732 -0.04885905
v 0.048446614 -0.08104717 -0.04832662
v 0.048446614 -0.083289735 -0.0471489
v 0.05023773 -0.08275732 -0.04885905
v 0.05023773 -0.09800521 -0.053606227
v 0.048446614 -0.09853765 -0.051896084
v 0.02758883 -0.09971537 -0.05413866
v 0.02758883 -0.09853765 -0.051896084
v 0.048446614 -0.09853765 -0.051896084
v 0.048446614 -0.09971537 -0.05413866
v 0.048446614 -0.08104717 -0.04832662
v 0.048446614 -0.083289735 -0.0471489
v 0.02758883 -0.083289735 -0.0471489
v 0.048446614 -0.08104717 -0.04832662
v 0.02758883 -0.083289735 -0.0471489
v 0.02758883 -0.08104717 -0.04832662
v 0.02758883 -0.07296799 -0.046931885
v 0.025797717 -0.071257845 -0.04639946
v 0.025797717 -0.07157606 -0.045377348
v 0.02758883 -0.073286206 -0.045909777
v 0.02758883 -0.07210849 -0.043715842
v 0.025797717 -0.07157606 -0.045377348
v 0.025797717 -0.056328163 -0.04063017
v 0.02758883 -0.05686059 -0.03896866
v 0.02758883 -0.054618016 -0.04009774
v 0.025797717 -0.056328163 -0.04063017
v 0.025797717 -0.05600994 -0.041652277
v 0.02758883 -0.05429979 -0.04111985
v 0.02758883 -0.055477515 -0.04336242
v 0.025797717 -0.05600994 -0.041652277
v 0.025797717 -0.071257845 -0.04639946
v 0.02758883 -0.07072542 -0.048109606
v 0.048446614 -0.07296799 -0.046931885
v 0.048446614 -0.07072542 -0.048109606
v 0.02758883 -0.07072542 -0.048109606
v 0.048446614 -0.07296799 -0.046931885
v 0.02758883 -0.07072542 -0.048109606
v 0.02758883 -0.07296799 -0.046931885
v 0.02758883 -0.05429979 -0.04111985
v 0.02758883 -0.055477515 -0.04336242
v 0.048446614 -0.055477515 -0.04336242
v 0.048446614 -0.05429979 -0.04111985
v 0.05023773 -0.05600994 -0.041652277
v 0.048446614 -0.055477515 -0.04336242
v 0.048446614 -0.07072542 -0.048109606
v 0.05023773 -0.071257845 -0.04639946
v 0.048446614 -0.073286206 -0.045909777
v 0.05023773 -0.07157606 -0.045377348
v 0.05023773 -0.071257845 -0.04639946
v 0.048446614 -0.07296799 -0.046931885
v 0.048446614 -0.05429979 -0.04111985
v 0.05023773 -0.05600994 -0.041652277
v 0.05023773 -0.056328163 -0.04063017
v 0.048446614 -0.054618016 -0.04009774
v 0.048446614 -0.05686059 -0.03896866
v 0.05023773 -0.056328163 -0.04063017
v 0.05023773 -0.07157606 -0.045377348
v 0.048446614 -0.07210849 -0.043715842
v 0.02758883 -0.073286206 -0.045909777
v 0.02758883 -0.07210849 -0.043715842
v 0.048446614 -0.07210849 -0.043715842
v 0.048446614 -0.073286206 -0.045909777
v 0.048446614 -0.054618016 -0.04009774
v 0.048446614 -0.05686059 -0.03896866
v 0.02758883 -0.05686059 -0.03896866
v 0.02758883 -0.054618016 -0.04009774
v 0.02758883 -0.04382384 -0.037858926
v 0.025797717 -0.042113688 -0.0373265
v 0.025797717 -0.042431906 -0.036304392
v 0.02758883 -0.04414205 -0.036836818
v 0.02758883 -0.042851593 -0.034661166
v 0.025797717 -0.042431906 -0.036304392
v 0.025797717 -0.027184002 -0.03155721
v 0.02758883 -0.027575009 -0.030007115
v 0.02758883 -0.025473854 -0.031024784
v 0.025797717 -0.027184002 -0.03155721
v 0.025797717 -0.026865788 -0.032579318
v 0.02758883 -0.025155641 -0.03204689
v 0.02758883 -0.02633336 -0.034289464
v 0.025797717 -0.026865788 -0.032579318
v 0.025797717 -0.042113688 -0.0373265
v 0.02758883 -0.041581262 -0.039036646
v 0.048446614 -0.04382384 -0.037858926
v 0.048446614 -0.041581262 -0.039036646
v 0.02758883 -0.041581262 -0.039036646
v 0.02758883 -0.04382384 -0.037858926
v 0.02758883 -0.025155641 -0.03204689
v 0.02758883 -0.02633336 -0.034289464
v 0.048446614 -0.02633336 -0.034289464
v 0.048446614 -0.025155641 -0.03204689
v 0.05023773 -0.026865788 -0.032579318
v 0.048446614 -0.02633336 -0.034289464
v 0.048446614 -0.041581262 -0.039036646
v 0.05023773 -0.042113688 -0.0373265
v 0.048446614 -0.04414205 -0.036836818
v 0.05023773 -0.042431906 -0.036304392
v 0.05023773 -0.042113688 -0.0373265
v 0.048446614 -0.04382384 -0.037858926
v 0.048446614 -0.025155641 -0.03204689
v 0.05023773 -0.026865788 -0.032579318
v 0.05023773 -0.027184002 -0.03155721
v 0.048446614 -0.025473854 -0.031024784
v 0.048446614 -0.027575009 -0.030007115
v 0.05023773 -0.027184002 -0.03155721
v 0.05023773 -0.042431906 -0.036304392
v 0.048446614 -0.042851593 -0.034661166
v 0.02758883 -0.04414205 -0.036836818
v 0.02758883 -0.042851593 -0.034661166
v 0.048446614 -0.042851593 -0.034661166
v 0.048446614 -0.04414205 -0.036836818
v 0.048446614 -0.025473854 -0.031024784
v 0.048446614 -0.027575009 -0.030007115
v 0.02758883 -0.027575009 -0.030007115
v 0.02758883 -0.025473854 -0.031024784
v 0.027584724 -0.0151752895 -0.028931346
v 0.025793614 -0.013465143 -0.028398918
v 0.025793614 -0.013783358 -0.02737681
v 0.027584724 -0.015493505 -0.027909238
v 0.027584724 -0.014273465 -0.025882196
v 0.025793614 -0.013783358 -0.02737681
v 0.025793614 0.0014645383 -0.022629626
v 0.027584724 0.00097443163 -0.02113501
v 0.027584724 0.003174685 -0.0220972
v 0.025793614 0.0014645383 -0.022629626
v 0.025793614 0.0017827526 -0.023651732
v 0.027584724 0.0034928992 -0.023119308
v 0.027584724 0.0023151785 -0.02536188
v 0.025793614 0.0017827526 -0.023651732
v 0.025793614 -0.013465143 -0.028398918
v 0.027584724 0.0023151785 -0.02536188
v 0.025793614 -0.013465143 -0.028398918
v 0.027584724 -0.012932718 -0.030109067
v 0.048442516 -0.0151752895 -0.028931346
v 0.048442516 -0.012932718 -0.030109067
v 0.027584724 -0.012932718 -0.030109067
v 0.027584724 -0.0151752895 -0.028931346
v 0.027584724 0.0034928992 -0.023119308
v 0.027584724 0.0023151785 -0.02536188
v 0.048442516 0.0023151785 -0.02536188
v 0.048442516 0.0034928992 -0.023119308
v 0.050233625 0.0017827526 -0.023651732
v 0.048442516 0.0023151785 -0.02536188
v 0.048442516 -0.012932718 -0.030109067
v 0.050233625 0.0017827526 -0.023651732
v 0.048442516 -0.012932718 -0.030109067
v 0.050233625 -0.013465143 -0.028398918
v 0.048442516 -0.015493505 -0.027909238
v 0.050233625 -0.013783358 -0.02737681
v 0.050233625 -0.013465143 -0.028398918
v 0.048442516 -0.0151752895 -0.028931346
v 0.048442516 0.0034928992 -0.023119308
v 0.050233625 0.0017827526 -0.023651732
v 0.050233625 0.0014645383 -0.022629626
v 0.048442516 0.003174685 -0.0220972
v 0.048442516 0.00097443163 -0.02113501
v 0.050233625 0.0014645383 -0.022629626
v 0.050233625 -0.013783358 -0.02737681
v 0.048442516 -0.014273465 -0.025882196
v 0.027584724 -0.015493505 -0.027909238
v 0.027584724 -0.014273465 -0.025882196
v 0.048442516 -0.014273465 -0.025882196
v 0.048442516 -0.015493505 -0.027909238
v 0.048442516 0.003174685 -0.0220972
v 0.048442516 0.00097443163 -0.02113501
v 0.027584724 0.00097443163 -0.02113501
v 0.027584724 0.003174685 -0.0220972
v -0.010299645 -0.12907581 -0.064400725
v -0.012090757 -0.12736566 -0.06386831
v -0.012090757 -0.12768388 -0.0628462
v -0.010299645 -0.12939402 -0.063378625
v -0.010299645 -0.12821631 -0.06113605
v -0.012090757 -0.12768388 -0.0628462
v -0.012090757 -0.112435974 -0.058099013
v -0.010299645 -0.11296841 -0.056388862
v -0.010299645 -0.11072583 -0.057566583
v -0.012090757 -0.112435974 -0.058099013
v -0.012090757 -0.11211777 -0.05912112
v -0.010299645 -0.11040762 -0.058588695
v -0.010299645 -0.11158533 -0.060831264
v -0.012090757 -0.11211777 -0.05912112
v -0.012090757 -0.12736566 -0.06386831
v -0.010299645 -0.12683325 -0.06557845
v 0.010558145 -0.12907581 -0.064400725
v 0.010558145 -0.12683325 -0.06557845
v -0.010299645 -0.12683325 -0.06557845
v -0.010299645 -0.12907581 -0.064400725
v -0.010299645 -0.11040762 -0.058588695
v -0.010299645 -0.11158533 -0.060831264
v 0.010558145 -0.11158533 -0.060831264
v -0.010299645 -0.11040762 -0.058588695
v 0.010558145 -0.11158533 -0.060831264
v 0.010558145 -0.11040762 -0.058588695
v 0.012349254 -0.11211777 -0.05912112
v 0.010558145 -0.11158533 -0.060831264
v 0.010558145 -0.12683325 -0.06557845
v 0.012349254 -0.12736566 -0.06386831
v 0.010558145 -0.12939402 -0.063378625
v 0.012349254 -0.12768388 -0.0628462
v 0.012349254 -0.12736566 -0.06386831
v 0.010558145 -0.12907581 -0.064400725
v 0.010558145 -0.11040762 -0.058588695
v 0.012349254 -0.11211777 -0.05912112
v 0.012349254 -0.112435974 -0.058099013
v 0.010558145 -0.11072583 -0.057566583
v 0.010558145 -0.11296841 -0.056388862
v 0.012349254 -0.112435974 -0.058099013
v 0.012349254 -0.12768388 -0.0628462
v 0.010558145 -0.12821631 -0.06113605
v -0.010299645 -0.12939402 -0.063378625
v -0.010299645 -0.12821631 -0.06113605
v 0.010558145 -0.12821631 -0.06113605
v 0.010558145 -0.12939402 -0.063378625
v 0.010558145 -0.11072583 -0.057566583
v 0.010558145 -0.11296841 -0.056388862
v -0.010299645 -0.11296841 -0.056388862
v -0.010299645 -0.11072583 -0.057566583
v -0.010299552 -0.09939715 -0.05516077
v -0.012090663 -0.097687006 -0.054628342
v -0.012090663 -0.09800521 -0.053606227
v -0.010299552 -0.09971537 -0.05413866
v -0.010299552 -0.09853765 -0.051896084
v -0.012090663 -0.09800521 -0.053606227
v -0.012090663 -0.08275732 -0.04885905
v -0.010299552 -0.083289735 -0.0471489
v -0.010299552 -0.08104717 -0.04832662
v -0.012090663 -0.08275732 -0.04885905
v -0.012090663 -0.08243911 -0.049881157
v -0.010299552 -0.080728956 -0.04934873
v -0.010299552 -0.08190668 -0.0515913
v -0.012090663 -0.08243911 -0.049881157
v -0.012090663 -0.097687006 -0.054628342
v -0.010299552 -0.09715458 -0.05633849
v 0.010558238 -0.09939715 -0.05516077
v 0.010558238 -0.09715458 -0.05633849
v -0.010299552 -0.09715458 -0.05633849
v -0.010299552 -0.09939715 -0.05516077
v -0.010299552 -0.080728956 -0.04934873
v -0.010299552 -0.08190668 -0.0515913
v 0.010558238 -0.08190668 -0.0515913
v 0.010558238 -0.080728956 -0.04934873
v 0.012349348 -0.08243911 -0.049881157
v 0.010558238 -0.08190668 -0.0515913
v 0.010558238 -0.09715458 -0.05633849
v 0.012349348 -0.097687006 -0.054628342
v 0.010558238 -0.09971537 -0.05413866
v 0.012349348 -0.09800521 -0.053606227
v 0.012349348 -0.097687006 -0.054628342
v 0.010558238 -0.09939715 -0.05516077
v 0.010558238 -0.080728956 -0.04934873
v 0.012349348 -0.08243911 -0.049881157
v 0.012349348 -0.08275732 -0.04885905
v 0.010558238 -0.08104717 -0.04832662
v 0.010558238 -0.083289735 -0.0471489
v 0.012349348 -0.08275732 -0.04885905
v 0.012349348 -0.09800521 -0.053606227
v 0.010558238 -0.09853765 -0.051896084
v -0.010299552 -0.09971537 -0.05413866
v -0.010299552 -0.09853765 -0.051896084
v 0.010558238 -0.09853765 -0.051896084
v -0.010299552 -0.09971537 -0.05413866
v 0.010558238 -0.09853765 -0.051896084
v 0.010558238 -0.09971537 -0.05413866
v 0.010558238 -0.08104717 -0.04832662
v 0.010558238 -0.083289735 -0.0471489
v -0.010299552 -0.083289735 -0.0471489
v -0.010299552 -0.08104717 -0.04832662
v -0.010299552 -0.07296799 -0.046931885
v -0.012090663 -0.071257845 -0.04639946
v -0.012090663 -0.07157606 -0.045377348
v -0.010299552 -0.073286206 -0.045909777
v -0.010299552 -0.07210849 -0.043715842
v -0.012090663 -0.07157606 -0.045377348
v -0.012090663 -0.056328163 -0.04063017
v -0.010299552 -0.05686059 -0.03896866
v -0.010299552 -0.054618016 -0.04009774
v -0.012090663 -0.056328163 -0.04063017
v -0.012090663 -0.05600994 -0.041652277
v -0.010299552 -0.05429979 -0.04111985
v -0.010299552 -0.055477515 -0.04336242
v -0.012090663 -0.05600994 -0.041652277
v -0.012090663 -0.071257845 -0.04639946
v -0.010299552 -0.07072542 -0.048109606
v 0.010558238 -0.07296799 -0.046931885
v 0.010558238 -0.07072542 -0.048109606
v -0.010299552 -0.07072542 -0.048109606
v -0.010299552 -0.07296799 -0.046931885
v -0.010299552 -0.05429979 -0.04111985
v -0.010299552 -0.055477515 -0.04336242
v 0.010558238 -0.055477515 -0.04336242
v -0.010299552 -0.05429979 -0.04111985
v 0.010558238 -0.055477515 -0.04336242
v 0.010558238 -0.05429979 -0.04111985
v 0.012349348 -0.05600994 -0.041652277
v 0.010558238 -0.055477515 -0.04336242
v 0.010558238 -0.07072542 -0.048109606
v 0.012349348 -0.071257845 -0.04639946
v 0.010558238 -0.073286206 -0.045909777
v 0.012349348 -0.07157606 -0.045377348
v 0.012349348 -0.071257845 -0.04639946
v 0.010558238 -0.07296799 -0.046931885
v 0.010558238 -0.05429979 -0.04111985
v 0.012349348 -0.05600994 -0.041652277
v 0.012349348 -0.056328163 -0.04063017
v 0.010558238 -0.054618016 -0.04009774
v 0.010558238 -0.05686059 -0.03896866
v 0.012349348 -0.056328163 -0.04063017
v 0.012349348 -0.07157606 -0.045377348
v 0.010558238 -0.07210849 -0.043715842
v -0.010299552 -0.073286206 -0.045909777
v -0.010299552 -0.07210849 -0.043715842
v 0.010558238 -0.07210849 -0.043715842
v 0.010558238 -0.073286206 -0.045909777
v 0.010558238 -0.054618016 -0.04009774
v 0.010558238 -0.05686059 -0.03896866
v -0.010299552 -0.05686059 -0.03896866
v -0.010299552 -0.054618016 -0.04009774
v -0.010299552 -0.04382384 -0.037858926
v -0.012090663 -0.042113688 -0.0373265
v -0.012090663 -0.042431906 -0.036304392
v -0.010299552 -0.04414205 -0.036836818
v -0.010299552 -0.042851593 -0.034661166
v -0.012090663 -0.042431906 -0.036304392
v -0.012090663 -0.027184002 -0.03155721
v -0.010299552 -0.027575009 -0.030007115
v -0.010299552 -0.025473854 -0.031024784
v -0.012090663 -0.027184002 -0.03155721
v -0.012090663 -0.026865788 -0.032579318
v -0.010299552 -0.025155641 -0.03204689
v -0.010299552 -0.02633336 -0.034289464
v -0.012090663 -0.026865788 -0.032579318
v -0.012090663 -0.042113688 -0.0373265
v -0.010299552 -0.02633336 -0.034289464
v -0.012090663 -0.042113688 -0.0373265
v -0.010299552 -0.041581262 -0.039036646
v 0.010558238 -0.04382384 -0.037858926
v 0.010558238 -0.041581262 -0.039036646
v -0.010299552 -0.041581262 -0.039036646
v -0.010299552 -0.04382384 -0.037858926
v -0.010299552 -0.025155641 -0.03204689
v -0.010299552 -0.02633336 -0.034289464
v 0.010558238 -0.02633336 -0.034289464
v -0.010299552 -0.025155641 -0.03204689
v 0.010558238 -0.02633336 -0.034289464
v 0.010558238 -0.025155641 -0.03204689
v 0.012349348 -0.026865788 -0.032579318
v 0.010558238 -0.02633336 -0.034289464
v 0.010558238 -0.041581262 -0.039036646
v 0.012349348 -0.026865788 -0.032579318
v 0.010558238 -0.041581262 -0.039036646
v 0.012349348 -0.042113688 -0.0373265
v 0.010558238 -0.04414205 -0.036836818
v 0.012349348 -0.042431906 -0.036304392
v 0.012349348 -0.042113688 -0.0373265
v 0.010558238 -0.04382384 -0.037858926
v 0.010558238 -0.025155641 -0.03204689
v 0.012349348 -0.026865788 -0.032579318
v 0.012349348 -0.027184002 -0.03155721
v 0.010558238 -0.025473854 -0.031024784
v 0.010558238 -0.027575009 -0.030007115
v 0.012349348 -0.027184002 -0.03155721
v 0.012349348 -0.042431906 -0.036304392
v 0.010558238 -0.042851593 -0.034661166
v -0.010299552 -0.04414205 -0.036836818
v -0.010299552 -0.042851593 -0.034661166
v 0.010558238 -0.042851593 -0.034661166
v 0.010558238 -0.04414205 -0.036836818
v 0.010558238 -0.025473854 -0.031024784
v 0.010558238 -0.027575009 -0.030007115
v -0.010299552 -0.027575009 -0.030007115
v -0.010299552 -0.025473854 -0.031024784
v -0.010303653 -0.0151752895 -0.028931346
v -0.012094766 -0.013465143 -0.028398918
v -0.012094766 -0.013783358 -0.02737681
v -0.010303653 -0.015493505 -0.027909238
v -0.010303653 -0.014273465 -0.025882196
v -0.012094766 -0.013783358 -0.02737681
v -0.012094766 0.0014645383 -0.022629626
v -0.010303653 0.00097443163 -0.02113501
v -0.010303653 0.003174685 -0.0220972
v -0.012094766 0.0014645383 -0.022629626
v -0.012094766 0.0017827526 -0.023651732
v -0.010303653 0.0034928992 -0.023119308
v -0.010303653 0.0023151785 -0.02536188
v -0.012094766 0.0017827526 -0.023651732
v -0.012094766 -0.013465143 -0.028398918
v -0.010303653 0.0023151785 -0.02536188
v -0.012094766 -0.013465143 -0.028398918
v -0.010303653 -0.012932718 -0.030109067
v 0.010554137 -0.0151752895 -0.028931346
v 0.010554137 -0.012932718 -0.030109067
v -0.010303653 -0.012932718 -0.030109067
v -0.010303653 -0.0151752895 -0.028931346
v -0.010303653 0.0034928992 -0.023119308
v -0.010303653 0.0023151785 -0.02536188
v 0.010554137 0.0023151785 -0.02536188
v 0.010554137 0.0034928992 -0.023119308
v 0.012345247 0.0017827526 -0.023651732
v 0.010554137 0.0023151785 -0.02536188
v 0.010554137 -0.012932718 -0.030109067
v 0.012345247 0.0017827526 -0.023651732
v 0.010554137 -0.012932718 -0.030109067
v 0.012345247 -0.013465143 -0.028398918
v 0.010554137 -0.015493505 -0.027909238
v 0.012345247 -0.013783358 -0.02737681
v 0.012345247 -0.013465143 -0.028398918
v 0.010554137 -0.0151752895 -0.028931346
v 0.010554137 0.0034928992 -0.023119308
v 0.012345247 0.0017827526 -0.023651732
v 0.012345247 0.0014645383 -0.022629626
v 0.010554137 0.003174685 -0.0220972
v 0.010554137 0.00097443163 -0.02113501
v 0.012345247 0.0014645383 -0.022629626
v 0.012345247 -0.013783358 -0.02737681
v 0.010554137 -0.014273465 -0.025882196
v -0.010303653 -0.015493505 -0.027909238
v -0.010303653 -0.014273465 -0.025882196
v 0.010554137 -0.014273465 -0.025882196
v 0.010554137 -0.015493505 -0.027909238
v 0.010554137 0.003174685 -0.0220972
v 0.010554137 0.00097443163 -0.02113501
v -0.010303653 0.00097443163 -0.02113501
v -0.010303653 0.003174685 -0.0220972
v -0.048188027 -0.12907581 -0.064400725
v -0.049979143 -0.12736566 -0.06386831
v -0.049979143 -0.12768388 -0.0628462
v -0.048188027 -0.12939402 -0.063378625
v -0.048188027 -0.12821631 -0.06113605
v -0.049979143 -0.12768388 -0.0628462
v -0.049979143 -0.112435974 -0.058099013
v -0.048188027 -0.11296841 -0.056388862
v -0.048188027 -0.11072583 -0.057566583
v -0.049979143 -0.112435974 -0.058099013
v -0.049979143 -0.11211777 -0.05912112
v -0.048188027 -0.11040762 -0.058588695
v -0.048188027 -0.11158533 -0.060831264
v -0.049979143 -0.11211777 -0.05912112
v -0.049979143 -0.12736566 -0.06386831
v -0.048188027 -0.12683325 -0.06557845
v -0.027330233 -0.12907581 -0.064400725
v -0.027330233 -0.12683325 -0.06557845
v -0.048188027 -0.12683325 -0.06557845
v -0.048188027 -0.12907581 -0.064400725
v -0.048188027 -0.11040762 -0.058588695
v -0.048188027 -0.11158533 -0.060831264
v -0.027330233 -0.11158533 -0.060831264
v -0.048188027 -0.11040762 -0.058588695
v -0.027330233 -0.11158533 -0.060831264
v -0.027330233 -0.11040762 -0.058588695
v -0.02553912 -0.11211777 -0.05912112
v -0.027330233 -0.11158533 -0.060831264
v -0.027330233 -0.12683325 -0.06557845
v -0.02553912 -0.12736566 -0.06386831
v -0.027330233 -0.12939402 -0.063378625
v -0.02553912 -0.12768388 -0.0628462
v -0.02553912 -0.12736566 -0.06386831
v -0.027330233 -0.12907581 -0.064400725
v -0.027330233 -0.11040762 -0.058588695
v -0.02553912 -0.11211777 -0.05912112
v -0.02553912 -0.112435974 -0.058099013
v -0.027330233 -0.11072583 -0.057566583
v -0.027330233 -0.11296841 -0.056388862
v -0.02553912 -0.112435974 -0.058099013
v -0.02553912 -0.12768388 -0.0628462
v -0.027330233 -0.12821631 -0.06113605
v -0.048188027 -0.12939402 -0.063378625
v -0.048188027 -0.12821631 -0.06113605
v -0.027330233 -0.12821631 -0.06113605
v -0.027330233 -0.12939402 -0.063378625
v -0.027330233 -0.11072583 -0.057566583
v -0.027330233 -0.11296841 -0.056388862
v -0.048188027 -0.11296841 -0.056388862
v -0.048188027 -0.11072583 -0.057566583
v -0.04818793 -0.09939715 -0.05516077
v -0.049979046 -0.097687006 -0.054628342
v -0.049979046 -0.09800521 -0.053606227
v -0.04818793 -0.09971537 -0.05413866
v -0.04818793 -0.09853765 -0.051896084
v -0.049979046 -0.09800521 -0.053606227
v -0.049979046 -0.08275732 -0.04885905
v -0.04818793 -0.083289735 -0.0471489
v -0.04818793 -0.08104717 -0.04832662
v -0.049979046 -0.08275732 -0.04885905
v -0.049979046 -0.08243911 -0.049881157
v -0.04818793 -0.080728956 -0.04934873
v -0.04818793 -0.08190668 -0.0515913
v -0.049979046 -0.08243911 -0.049881157
v -0.049979046 -0.097687006 -0.054628342
v -0.04818793 -0.09715458 -0.05633849
v -0.027330145 -0.09939715 -0.05516077
v -0.027330145 -0.09715458 -0.05633849
v -0.04818793 -0.09715458 -0.05633849
v -0.04818793 -0.09939715 -0.05516077
v -0.04818793 -0.080728956 -0.04934873
v -0.04818793 -0.08190668 -0.0515913
v -0.027330145 -0.08190668 -0.0515913
v -0.027330145 -0.080728956 -0.04934873
v -0.025539033 -0.08243911 -0.049881157
v -0.027330145 -0.08190668 -0.0515913
v -0.027330145 -0.09715458 -0.05633849
v -0.025539033 -0.097687006 -0.054628342
v -0.027330145 -0.09971537 -0.05413866
v -0.025539033 -0.09800521 -0.053606227
v -0.025539033 -0.097687006 -0.054628342
v -0.027330145 -0.09939715 -0.05516077
v -0.027330145 -0.080728956 -0.04934873
v -0.025539033 -0.08243911 -0.049881157
v -0.025539033 -0.08275732 -0.04885905
v -0.027330145 -0.08104717 -0.04832662
v -0.027330145 -0.083289735 -0.0471489
v -0.025539033 -0.08275732 -0.04885905
v -0.025539033 -0.09800521 -0.053606227
v -0.027330145 -0.09853765 -0.051896084
v -0.04818793 -0.09971537 -0.05413866
v -0.04818793 -0.09853765 -0.051896084
v -0.027330145 -0.09853765 -0.051896084
v -0.04818793 -0.09971537 -0.05413866
v -0.027330145 -0.09853765 -0.051896084
v -0.027330145 -0.09971537 -0.05413866
v -0.027330145 -0.08104717 -0.04832662
v -0.027330145 -0.083289735 -0.0471489
v -0.04818793 -0.083289735 -0.0471489
v -0.04818793 -0.08104717 -0.04832662
v -0.04818793 -0.07296799 -0.046931885
v -0.049979046 -0.071257845 -0.04639946
v -0.049979046 -0.07157606 -0.045377348
v -0.04818793 -0.073286206 -0.045909777
v -0.04818793 -0.07210849 -0.043715842
v -0.049979046 -0.07157606 -0.045377348
v -0.049979046 -0.056328163 -0.04063017
v -0.04818793 -0.05686059 -0.03896866
v -0.04818793 -0.054618016 -0.04009774
v -0.049979046 -0.056328163 -0.04063017
v -0.049979046 -0.05600994 -0.041652277
v -0.04818793 -0.05429979 -0.04111985
v -0.04818793 -0.055477515 -0.04336242
v -0.049979046 -0.05600994 -0.041652277
v -0.049979046 -0.071257845 -0.04639946
v -0.04818793 -0.07072542 -0.048109606
v -0.027330145 -0.07296799 -0.046931885
v -0.027330145 -0.07072542 -0.048109606
v -0.04818793 -0.07072542 -0.048109606
v -0.04818793 -0.07296799 -0.046931885
v -0.04818793 -0.05429979 -0.04111985
v -0.04818793 -0.055477515 -0.04336242
v -0.027330145 -0.055477515 -0.04336242
v -0.04818793 -0.05429979 -0.04111985
v -0.027330145 -0.055477515 -0.04336242
v -0.027330145 -0.05429979 -0.04111985
v -0.025539033 -0.05600994 -0.041652277
v -0.027330145 -0.055477515 -0.04336242
v -0.027330145 -0.07072542 -0.048109606
v -0.025539033 -0.071257845 -0.04639946
v -0.027330145 -0.073286206 -0.045909777
v -0.025539033 -0.07157606 -0.045377348
v -0.025539033 -0.071257845 -0.04639946
v -0.027330145 -0.07296799 -0.046931885
v -0.027330145 -0.05429979 -0.04111985
v -0.025539033 -0.05600994 -0.041652277
v -0.025539033 -0.056328163 -0.04063017
v -0.027330145 -0.054618016 -0.04009774
v -0.027330145 -0.05686059 -0.03896866
v -0.025539033 -0.056328163 -0.04063017
v -0.025539033 -0.07157606 -0.045377348
v -0.027330145 -0.07210849 -0.043715842
v -0.04818793 -0.073286206 -0.045909777
v -0.04818793 -0.07210849 -0.043715842
v -0.027330145 -0.07210849 -0.043715842
v -0.027330145 -0.073286206 -0.045909777
v -0.027330145 -0.054618016 -0.04009774
v -0.027330145 -0.05686059 -0.03896866
v -0.04818793 -0.05686059 -0.03896866
v -0.04818793 -0.054618016 -0.04009774
v -0.04818793 -0.04382384 -0.037858926
v -0.049979046 -0.042113688 -0.0373265
v -0.049979046 -0.042431906 -0.036304392
v -0.04818793 -0.04414205 -0.036836818
v -0.04818793 -0.042851593 -0.034661166
v -0.049979046 -0.042431906 -0.036304392
v -0.049979046 -0.027184002 -0.03155721
v -0.04818793 -0.027575009 -0.030007115
v -0.04818793 -0.025473854 -0.031024784
v -0.049979046 -0.027184002 -0.03155721
v -0.049979046 -0.026865788 -0.032579318
v -0.04818793 -0.025155641 -0.03204689
v -0.04818793 -0.02633336 -0.034289464
v -0.049979046 -0.026865788 -0.032579318
v -0.049979046 -0.042113688 -0.0373265
v -0.04818793 -0.02633336 -0.034289464
v -0.049979046 -0.042113688 -0.0373265
v -0.04818793 -0.041581262 -0.039036646
v -0.027330145 -0.04382384 -0.037858926
v -0.027330145 -0.041581262 -0.039036646
v -0.04818793 -0.041581262 -0.039036646
v -0.04818793 -0.04382384 -0.037858926
v -0.04818793 -0.025155641 -0.03204689
v -0.04818793 -0.02633336 -0.034289464
v -0.027330145 -0.02633336 -0.034289464
v -0.04818793 -0.025155641 -0.03204689
v -0.027330145 -0.02633336 -0.034289464
v -0.027330145 -0.025155641 -0.03204689
v -0.025539033 -0.026865788 -0.032579318
v -0.027330145 -0.02633336 -0.034289464
v -0.027330145 -0.041581262 -0.039036646
v -0.025539033 -0.026865788 -0.032579318
v -0.027330145 -0.041581262 -0.039036646
v -0.025539033 -0.042113688 -0.0373265
v -0.027330145 -0.04414205 -0.036836818
v -0.025539033 -0.042431906 -0.036304392
v -0.025539033 -0.042113688 -0.0373265
v -0.027330145 -0.04382384 -0.037858926
v -0.027330145 -0.025155641 -0.03204689
v -0.025539033 -0.026865788 -0.032579318
v -0.025539033 -0.027184002 -0.03155721
v -0.027330145 -0.025473854 -0.031024784
v -0.027330145 -0.027575009 -0.030007115
v -0.025539033 -0.027184002 -0.03155721
v -0.025539033 -0.042431906 -0.036304392
v -0.027330145 -0.042851593 -0.034661166
v -0.04818793 -0.04414205 -0.036836818
v -0.04818793 -0.042851593 -0.034661166
v -0.027330145 -0.042851593 -0.034661166
v -0.027330145 -0.04414205 -0.036836818
v -0.027330145 -0.025473854 -0.031024784
v -0.027330145 -0.027575009 -0.030007115
v -0.04818793 -0.027575009 -0.030007115
v -0.04818793 -0.025473854 -0.031024784
v -0.04819204 -0.0151752895 -0.028931346
v -0.04998315 -0.013465143 -0.028398918
v -0.04998315 -0.013783358 -0.02737681
v -0.04819204 -0.015493505 -0.027909238
v -0.04819204 -0.014273465 -0.025882196
v -0.04998315 -0.013783358 -0.02737681
v -0.04998315 0.0014645383 -0.022629626
v -0.04819204 0.00097443163 -0.02113501
v -0.04819204 0.003174685 -0.0220972
v -0.04998315 0.0014645383 -0.022629626
v -0.04998315 0.0017827526 -0.023651732
v -0.04819204 0.0034928992 -0.023119308
v -0.04819204 0.0023151785 -0.02536188
v -0.04998315 0.0017827526 -0.023651732
v -0.04998315 -0.013465143 -0.028398918
v -0.04819204 0.0023151785 -0.02536188
v -0.04998315 -0.013465143 -0.028398918
v -0.04819204 -0.012932718 -0.030109067
v -0.02733425 -0.0151752895 -0.028931346
v -0.02733425 -0.012932718 -0.030109067
v -0.04819204 -0.012932718 -0.030109067
v -0.04819204 -0.0151752895 -0.028931346
v -0.04819204 0.0034928992 -0.023119308
v -0.04819204 0.0023151785 -0.02536188
v -0.02733425 0.0023151785 -0.02536188
v -0.02733425 0.0034928992 -0.023119308
v -0.025543138 0.0017827526 -0.023651732
v -0.02733425 0.0023151785 -0.02536188
v -0.02733425 -0.012932718 -0.030109067
v -0.025543138 0.0017827526 -0.023651732
v -0.02733425 -0.012932718 -0.030109067
v -0.025543138 -0.013465143 -0.028398918
v -0.02733425 -0.015493505 -0.027909238
v -0.025543138 -0.013783358 -0.02737681
v -0.025543138 -0.013465143 -0.028398918
v -0.02733425 -0.0151752895 -0.028931346
v -0.02733425 0.0034928992 -0.023119308
v -0.025543138 0.0017827526 -0.023651732
v -0.025543138 0.0014645383 -0.022629626
v -0.02733425 0.003174685 -0.0220972
v -0.02733425 0.00097443163 -0.02113501
v -0.025543138 0.0014645383 -0.022629626
v -0.025543138 -0.013783358 -0.02737681
v -0.02733425 -0.014273465 -0.025882196
v -0.04819204 -0.015493505 -0.027909238
v -0.04819204 -0.014273465 -0.025882196
v -0.02733425 -0.014273465 -0.025882196
v -0.02733425 -0.015493505 -0.027909238
v -0.02733425 0.003174685 -0.0220972
v -0.02733425 0.00097443163 -0.02113501
v -0.04819204 0.00097443163 -0.02113501
v -0.04819204 0.003174685 -0.0220972
v 0.03432364 0.039498538 -0.01134976
v 0.032532528 0.041208666 -0.010817329
v 0.032532528 0.041208684 -0.010817338
v 0.03432364 0.039498538 -0.01134976
v 0.032532528 0.041208684 -0.010817338
v 0.03432364 0.039498538 -0.011349764
v 0.03432364 0.04067625 -0.009107187
v 0.032532528 0.041208684 -0.010817338
v 0.032532528 0.056180313 -0.0061561647
v 0.03432364 0.04067625 -0.009107187
v 0.032532528 0.056180313 -0.0061561647
v 0.03432364 0.055647876 -0.0044460148
v 0.03432364 0.05789044 -0.005623735
v 0.032532528 0.056180313 -0.0061561647
v 0.032532528 0.056180295 -0.0061561577
v 0.03432364 0.05789044 -0.005623735
v 0.032532528 0.056180295 -0.0061561577
v 0.03432364 0.05789044 -0.0056237313
v 0.03432364 0.05671273 -0.007866308
v 0.032532528 0.056180295 -0.0061561577
v 0.032532528 0.041208666 -0.010817329
v 0.03432364 0.05671273 -0.007866308
v 0.032532528 0.041208666 -0.010817329
v 0.03432364 0.041741103 -0.01252748
v 0.047583036 0.039498538 -0.011349764
v 0.047583036 0.041741103 -0.01252748
v 0.03432364 0.041741103 -0.01252748
v 0.03432364 0.039498538 -0.01134976
v 0.03432364 0.05789044 -0.0056237313
v 0.03432364 0.05671273 -0.007866308
v 0.047583036 0.05671273 -0.007866308
v 0.03432364 0.05789044 -0.0056237313
v 0.047583036 0.05671273 -0.007866308
v 0.047583036 0.05789044 -0.005623735
v 0.049374145 0.056180295 -0.0061561614
v 0.047583036 0.05671273 -0.007866308
v 0.047583036 0.041741103 -0.01252748
v 0.049374145 0.056180295 -0.0061561614
v 0.047583036 0.041741103 -0.01252748
v 0.049374145 0.041208666 -0.010817329
v 0.047583036 0.039498538 -0.01134976
v 0.049374145 0.041208684 -0.010817334
v 0.049374145 0.041208666 -0.010817329
v 0.047583036 0.039498538 -0.01134976
v 0.049374145 0.041208666 -0.010817329
v 0.047583036 0.039498538 -0.011349764
v 0.047583036 0.05789044 -0.005623735
v 0.049374145 0.056180295 -0.0061561614
v 0.049374145 0.056180313 -0.0061561647
v 0.047583036 0.05789044 -0.005623735
v 0.049374145 0.056180313 -0.0061561647
v 0.047583036 0.05789044 -0.0056237313
v 0.047583036 0.055647876 -0.0044460148
v 0.049374145 0.056180313 -0.0061561647
v 0.049374145 0.041208684 -0.010817334
v 0.047583036 0.055647876 -0.0044460148
v 0.049374145 0.041208684 -0.010817334
v 0.047583036 0.04067625 -0.009107187
v 0.03432364 0.039498538 -0.011349764
v 0.03432364 0.04067625 -0.009107187
v 0.047583036 0.04067625 -0.009107187
v 0.047583036 0.039498538 -0.01134976
v 0.047583036 0.05789044 -0.0056237313
v 0.047583036 0.055647876 -0.0044460148
v 0.03432364 0.055647876 -0.0044460148
v 0.047583036 0.05789044 -0.0056237313
v 0.03432364 0.055647876 -0.0044460148
v 0.03432364 0.05789044 -0.005623735
v 0.034323577 0.014829828 -0.019030869
v 0.032532465 0.016539976 -0.01849844
v 0.032532465 0.016539976 -0.018498432
v 0.034323577 0.014829828 -0.019030869
v 0.032532465 0.016539976 -0.018498432
v 0.034323577 0.014829828 -0.019030862
v 0.034323577 0.016007543 -0.016788293
v 0.032532465 0.016539976 -0.018498432
v 0.032532465 0.031511605 -0.013837263
v 0.034323577 0.016007543 -0.016788293
v 0.032532465 0.031511605 -0.013837263
v 0.034323577 0.030979184 -0.01212712
v 0.034323577 0.03204404 -0.015547413
v 0.032532465 0.031511605 -0.013837263
v 0.032532465 0.016539976 -0.01849844
v 0.034323577 0.03204404 -0.015547413
v 0.032532465 0.016539976 -0.01849844
v 0.034323577 0.01707241 -0.020208582
v 0.04758297 0.014829814 -0.019030876
v 0.04758297 0.017072393 -0.020208597
v 0.034323577 0.01707241 -0.020208582
v 0.034323577 0.014829828 -0.019030869
v 0.034323577 0.033221748 -0.01330484
v 0.034323577 0.03204404 -0.015547413
v 0.04758297 0.032044023 -0.015547427
v 0.034323577 0.033221748 -0.01330484
v 0.04758297 0.032044023 -0.015547427
v 0.04758297 0.033221748 -0.013304856
v 0.049374077 0.03151159 -0.013837278
v 0.04758297 0.032044023 -0.015547427
v 0.04758297 0.017072393 -0.020208597
v 0.049374077 0.03151159 -0.013837278
v 0.04758297 0.017072393 -0.020208597
v 0.049374077 0.016539961 -0.01849845
v 0.04758297 0.014829814 -0.019030876
v 0.049374077 0.016539976 -0.018498458
v 0.049374077 0.016539961 -0.01849845
v 0.04758297 0.033221748 -0.013304856
v 0.049374077 0.03151159 -0.013837278
v 0.049374077 0.031511605 -0.013837284
v 0.04758297 0.03097917 -0.012127135
v 0.049374077 0.031511605 -0.013837284
v 0.049374077 0.016539976 -0.018498458
v 0.04758297 0.03097917 -0.012127135
v 0.049374077 0.016539976 -0.018498458
v 0.04758297 0.016007543 -0.016788308
v 0.034323577 0.014829828 -0.019030862
v 0.034323577 0.016007543 -0.016788293
v 0.04758297 0.016007543 -0.016788308
v 0.04758297 0.014829814 -0.019030876
v 0.04758297 0.033221748 -0.013304856
v 0.04758297 0.03097917 -0.012127135
v 0.034323577 0.030979184 -0.01212712
v 0.04758297 0.033221748 -0.013304856
v 0.034323577 0.030979184 -0.01212712
v 0.034323577 0.033221748 -0.01330484
v -0.048200592 0.039498523 -0.01134976
v -0.0499917 0.041208666 -0.010817329
v -0.0499917 0.041208684 -0.010817338
v -0.048200592 0.039498523 -0.01134976
v -0.0499917 0.041208684 -0.010817338
v -0.048200592 0.039498538 -0.011349764
v -0.048200592 0.04067625 -0.009107187
v -0.0499917 0.041208684 -0.010817338
v -0.0499917 0.056180313 -0.0061561647
v -0.048200592 0.055647876 -0.0044460148
v -0.048200592 0.057890456 -0.005623735
v -0.0499917 0.056180313 -0.0061561647
v -0.0499917 0.056180295 -0.0061561577
v -0.048200592 0.057890456 -0.005623735
v -0.0499917 0.056180295 -0.0061561577
v -0.048200592 0.05789044 -0.0056237313
v -0.048200592 0.05671273 -0.007866308
v -0.0499917 0.056180295 -0.0061561577
v -0.0499917 0.041208666 -0.010817329
v -0.048200592 0.041741103 -0.01252748
v -0.034941196 0.039498523 -0.011349756
v -0.034941196 0.041741103 -0.01252748
v -0.048200592 0.041741103 -0.01252748
v -0.048200592 0.039498523 -0.01134976
v -0.048200592 0.05789044 -0.0056237313
v -0.048200592 0.05671273 -0.007866308
v -0.034941196 0.05671273 -0.007866308
v -0.034941196 0.05789044 -0.005623735
v -0.033150084 0.056180295 -0.0061561614
v -0.034941196 0.05671273 -0.007866308
v -0.034941196 0.041741103 -0.01252748
v -0.033150084 0.041208666 -0.010817329
v -0.034941196 0.039498538 -0.01134976
v -0.033150084 0.041208684 -0.010817334
v -0.033150084 0.041208666 -0.010817329
v -0.034941196 0.039498538 -0.01134976
v -0.033150084 0.041208666 -0.010817329
v -0.034941196 0.039498523 -0.011349756
v -0.034941196 0.05789044 -0.005623735
v -0.033150084 0.056180295 -0.0061561614
v -0.033150084 0.056180313 -0.0061561647
v -0.034941196 0.05789044 -0.005623735
v -0.033150084 0.056180313 -0.0061561647
v -0.034941196 0.057890456 -0.005623739
v -0.034941196 0.055647876 -0.0044460148
v -0.033150084 0.056180313 -0.0061561647
v -0.033150084 0.041208684 -0.010817334
v -0.034941196 0.04067625 -0.009107187
v -0.048200592 0.039498538 -0.011349764
v -0.048200592 0.04067625 -0.009107187
v -0.034941196 0.04067625 -0.009107187
v -0.034941196 0.039498538 -0.01134976
v -0.034941196 0.057890456 -0.005623739
v -0.034941196 0.055647876 -0.0044460148
v -0.048200592 0.055647876 -0.0044460148
v -0.048200592 0.057890456 -0.005623735
v -0.04820065 0.014829828 -0.019030869
v -0.049991764 0.016539976 -0.01849844
v -0.049991764 0.016539976 -0.018498432
v -0.04820065 0.014829828 -0.019030869
v -0.049991764 0.016539976 -0.018498432
v -0.04820065 0.014829828 -0.019030862
v -0.04820065 0.016007543 -0.016788293
v -0.049991764 0.016539976 -0.018498432
v -0.049991764 0.031511605 -0.013837263
v -0.04820065 0.016007543 -0.016788293
v -0.049991764 0.031511605 -0.013837263
v -0.04820065 0.030979184 -0.01212712
v -0.04820065 0.03204404 -0.015547413
v -0.049991764 0.031511605 -0.013837263
v -0.049991764 0.016539976 -0.01849844
v -0.04820065 0.03204404 -0.015547413
v -0.049991764 0.016539976 -0.01849844
v -0.04820065 0.01707241 -0.020208582
v -0.034941263 0.014829814 -0.019030876
v -0.034941263 0.017072393 -0.020208597
v -0.04820065 0.01707241 -0.020208582
v -0.04820065 0.014829828 -0.019030869
v -0.04820065 0.033221748 -0.01330484
v -0.04820065 0.03204404 -0.015547413
v -0.034941263 0.032044023 -0.015547427
v -0.034941263 0.033221748 -0.013304856
v -0.03315015 0.03151159 -0.013837278
v -0.034941263 0.032044023 -0.015547427
v -0.034941263 0.017072393 -0.020208597
v -0.03315015 0.016539961 -0.01849845
v -0.034941263 0.014829814 -0.019030876
v -0.03315015 0.016539976 -0.018498458
v -0.03315015 0.016539961 -0.01849845
v -0.034941263 0.033221748 -0.013304856
v -0.03315015 0.03151159 -0.013837278
v -0.03315015 0.031511605 -0.013837284
v -0.034941263 0.03097917 -0.012127135
v -0.03315015 0.031511605 -0.013837284
v -0.03315015 0.016539976 -0.018498458
v -0.034941263 0.016007543 -0.016788308
v -0.04820065 0.014829828 -0.019030862
v -0.04820065 0.016007543 -0.016788293
v -0.034941263 0.016007543 -0.016788308
v -0.034941263 0.014829814 -0.019030876
v -0.034941263 0.033221748 -0.013304856
v -0.034941263 0.03097917 -0.012127135
v -0.04820065 0.030979184 -0.01212712
v -0.04820065 0.033221748 -0.01330484
v -0.02563236 0.014038295 -0.01924004
v -0.027423471 0.015748441 -0.01870761
v -0.027423471 0.015697194 -0.018599998
v -0.02563236 0.013987049 -0.019132424
v -0.02563236 0.015164763 -0.016889852
v -0.027423471 0.015697194 -0.018599998
v -0.027423471 0.05721527 -0.0056740306
v -0.02563236 0.015164763 -0.016889852
v -0.027423471 0.05721527 -0.0056740306
v -0.02563236 0.056682836 -0.0039638802
v -0.02563236 0.058925416 -0.005141601
v -0.027423471 0.05721527 -0.0056740306
v -0.027423471 0.057266515 -0.005781643
v -0.02563236 0.05897666 -0.005249217
v -0.02563236 0.057798952 -0.0074917898
v -0.027423471 0.057266515 -0.005781643
v -0.027423471 0.015748441 -0.01870761
v -0.02563236 0.016280875 -0.020417761
v 0.02563236 0.014038295 -0.019240035
v 0.02563236 0.016280875 -0.020417757
v -0.02563236 0.016280875 -0.020417761
v -0.02563236 0.014038295 -0.01924004
v -0.02563236 0.05897666 -0.005249217
v -0.02563236 0.057798952 -0.0074917898
v 0.02563236 0.057798952 -0.0074917856
v 0.02563236 0.05897666 -0.0052492134
v 0.027423471 0.057266515 -0.005781639
v 0.02563236 0.057798952 -0.0074917856
v 0.02563236 0.016280875 -0.020417757
v 0.027423471 0.015748441 -0.018707607
v 0.02563236 0.013987049 -0.01913242
v 0.027423471 0.015697194 -0.01859999
v 0.027423471 0.015748441 -0.018707607
v 0.02563236 0.014038295 -0.019240035
v 0.02563236 0.05897666 -0.0052492134
v 0.027423471 0.057266515 -0.005781639
v 0.027423471 0.05721527 -0.005674027
v 0.02563236 0.058925416 -0.005141601
v 0.02563236 0.056682836 -0.0039638802
v 0.027423471 0.05721527 -0.005674027
v 0.027423471 0.015697194 -0.01859999
v 0.02563236 0.015164763 -0.016889848
v -0.02563236 0.013987049 -0.019132424
v -0.02563236 0.015164763 -0.016889852
v 0.02563236 0.015164763 -0.016889848
v -0.02563236 0.013987049 -0.019132424
v 0.02563236 0.015164763 -0.016889848
v 0.02563236 0.013987049 -0.01913242
v 0.02563236 0.058925416 -0.005141601
v 0.02563236 0.056682836 -0.0039638802
v -0.02563236 0.056682836 -0.0039638802
v -0.02563236 0.058925416 -0.005141601
v 0.027588734 -0.12907581 -0.064400725
v 0.027588734 -0.12939402 -0.063378625
v 0.048446525 -0.12939402 -0.063378625
v 0.048446525 -0.12907581 -0.064400725
vn -1 0 0
vn -1 0 0
vn -1 0 0
vn -1 0 0
vn -1 0 0
vn -1 0 0
vn -1 0 0
vn -1 0 0
vn -1 0 0
vn -1 0 0
vn -1 0 0
vn -1 0 0
vn -1 0 0
vn -1 0 0
vn -1 0 -3.0381472E-07
vn -1 0 -7.7012174E-07
vn -1 0 0
vn -1 0 -3.0381472E-07
vn -1 0 -3.0381472E-07
vn -1 0 1.8848294E-07
vn -1 0 1.8848294E-07
vn -1 0 0
vn -1 0 -7.077822E-07
vn -1 0 -7.077822E-07
vn -1 0 -7.077822E-07
vn -1 0 -7.077822E-07
vn -1 0 0
vn -1 0 0
vn -1 0 0
vn -1 0 0
vn -1 0 0
vn -1 0 1.0231812E-06
vn -1 0 0
vn -1 0 0
vn -1 0 0
vn -1 0 0
vn -1 0 0
vn -1 0 0
vn -1 0 0
vn -1 0 0
vn -1 0 0
vn -1 0 0
vn -1 0 0
vn -1 0 0
vn -1 0 0
vn -1 0 0
vn -1 0 0
vn -1 0 0
vn -1 0 0
vn -1 0 0
vn -1 0 0
vn -1 0 0
vn -1 0 0
vn -1 0 0
vn -1 0 0
vn -1 0 0
vn -1 0 4.3636655E-07
vn -1 0 -2.8227714E-07
vn -1 0 -2.8227714E-07
vn -1 0 0
vn -1 0 -8.30827E-07
vn -0.98248106 0.18044986 0.04657055
vn -0.98248106 0.18044986 0.04657055
vn -0.98248106 0.18044986 0.04657055
vn -0.98248106 0.18044986 0.04657055
vn -0.9824668 0.18090652 0.045075886
vn -0.9824668 0.18090652 0.045075886
vn -0.2944873 0.34418455 -0.89152354
vn -0.2944873 0.34418455 -0.89152354
vn -0.2944873 0.34418455 -0.89152354
vn -0.2944873 0.34418455 -0.89152354
vn -0.34758005 0.27557692 -0.8962397
vn -0.34758005 0.27557692 -0.8962397
vn -0.34758005 0.27557692 -0.8962397
vn -0.34758005 0.27557692 -0.8962397
vn -0.34758 0.2755692 -0.8962421
vn -0.34758 0.2755692 -0.8962421
vn -0.34757903 0.2755527 -0.89624745
vn -0.34757903 0.2755527 -0.89624745
vn -0.3475802 0.27555442 -0.8962465
vn -0.3475802 0.27555442 -0.8962465
vn -0.34758478 0.27557623 -0.89623797
vn -0.34758478 0.27557623 -0.89623797
vn -0.34758478 0.27557623 -0.89623797
vn -0.34758478 0.27557623 -0.89623797
vn -0.34758028 0.2755832 -0.89623755
vn -0.34758028 0.2755832 -0.89623755
vn -0.3475806 0.2755837 -0.89623725
vn -0.3475806 0.2755837 -0.89623725
vn -0.34758055 0.27558398 -0.89623725
vn -0.34758055 0.27558398 -0.89623725
vn -0.34758085 0.27558345 -0.8962374
vn -0.34758085 0.27558345 -0.8962374
vn -0.34758142 0.27558118 -0.8962378
vn -0.34758142 0.27558118 -0.8962378
vn -0.34758142 0.27558118 -0.8962378
vn -0.34758142 0.27558118 -0.8962378
vn -0.34758028 0.27557945 -0.89623874
vn -0.34758028 0.27557945 -0.89623874
vn -0.34758002 0.27557892 -0.896239
vn -0.34758002 0.27557892 -0.896239
vn -0.34757996 0.27557898 -0.896239
vn -0.34757996 0.27557898 -0.896239
vn -0.34757996 0.27557898 -0.896239
vn -0.34757996 0.27557898 -0.896239
vn -0.34757993 0.27557853 -0.8962391
vn -0.34757993 0.27557853 -0.8962391
vn -0.34757993 0.27557853 -0.8962391
vn -0.34757993 0.27557853 -0.8962391
vn -0.3475798 0.2755791 -0.8962391
vn -0.3475798 0.2755791 -0.8962391
vn -0.34757885 0.27557915 -0.8962394
vn -0.34757885 0.27557915 -0.8962394
vn -0 0.29390198 -0.9558356
vn -0 0.29390198 -0.9558356
vn -0 0.29390198 -0.9558356
vn -0 0.29390198 -0.9558356
vn -0 0.31619707 -0.9486935
vn -0 0.31619707 -0.9486935
vn 3.6457655E-07 0.29387492 -0.95584387
vn 3.6457655E-07 0.29387492 -0.95584387
vn 3.6457655E-07 0.29387492 -0.95584387
vn 3.6457655E-07 0.29387492 -0.95584387
vn 0.04207712 0.29364184 -0.954989
vn 0.050453104 0.32022497 -0.94599706
vn 0.050453104 0.32022497 -0.94599706
vn 0.050453104 0.32022497 -0.94599706
vn 0.050453104 0.32022497 -0.94599706
vn 0.042077377 0.29363307 -0.9549917
vn 0.04207751 0.2936154 -0.9549971
vn -0 0.2938817 -0.9558418
vn -0 0.2938817 -0.9558418
vn -1.1324317E-07 0.2939003 -0.9558361
vn -1.1324317E-07 0.2939003 -0.9558361
vn -0 0.2939092 -0.9558333
vn -0 0.2939092 -0.9558333
vn -0 0.2939092 -0.9558333
vn -0 0.2939092 -0.9558333
vn 0.042076755 0.29363897 -0.95498985
vn 0.042076755 0.29363897 -0.95498985
vn 0.04207694 0.29364866 -0.95498693
vn -0 0.29390925 -0.9558333
vn -0 0.29390925 -0.9558333
vn -0 0.29390925 -0.9558333
vn -0 0.29390925 -0.9558333
vn 0.04207719 0.29364893 -0.9549868
vn 0.04207756 0.2936489 -0.9549868
vn -0 0.29390645 -0.95583427
vn -0 0.29390645 -0.95583427
vn 2.4585523E-07 0.2939058 -0.9558344
vn 2.4585523E-07 0.2939058 -0.9558344
vn -0 0.29390442 -0.9558348
vn -0 0.29390442 -0.9558348
vn -0 0.29390442 -0.9558348
vn -0 0.29390442 -0.9558348
vn 0.042076968 0.29364553 -0.9549879
vn 0.042076968 0.29364553 -0.9549879
vn 0.042077422 0.2936441 -0.95498836
vn 0.042077575 0.29364812 -0.95498705
vn -0 0.29390398 -0.9558349
vn -0 0.29390398 -0.9558349
vn -0 0.29390398 -0.9558349
vn -0 0.29390398 -0.9558349
vn -0 0.2939039 -0.95583504
vn -0 0.2939039 -0.95583504
vn -0 0.29390398 -0.9558349
vn -0 0.29390398 -0.9558349
vn -0 0.29390424 -0.9558349
vn -0 0.29390424 -0.9558349
vn -0 0.29390424 -0.9558349
vn -0 0.29390424 -0.9558349
vn 0.042077154 0.29364383 -0.95498836
vn 0.042077154 0.29364383 -0.95498836
vn 0.042077426 0.29364377 -0.95498836
vn 0.042077325 0.29364344 -0.9549884
vn 0.042077325 0.29364344 -0.9549884
vn -0 0.2939042 -0.9558349
vn -0 0.2939042 -0.9558349
vn 0.04207757 0.29364374 -0.9549884
vn -0 0.29390416 -0.9558349
vn -0 0.29390416 -0.9558349
vn -0 0.29390416 -0.9558349
vn -0 0.29390416 -0.9558349
vn -0 0.29390398 -0.9558349
vn -0 0.29390398 -0.9558349
vn -0 0.29390398 -0.9558349
vn -0 0.29390398 -0.9558349
vn -0 0.29390416 -0.9558349
vn -0 0.29390416 -0.9558349
vn 2.1425907E-07 0.29390398 -0.9558349
vn 2.1425907E-07 0.29390398 -0.9558349
vn 2.1425907E-07 0.29390398 -0.9558349
vn 2.1425907E-07 0.29390398 -0.9558349
vn -0 0.2939039 -0.95583504
vn -0 0.2939039 -0.95583504
vn -0 0.2939042 -0.9558349
vn -0 0.2939042 -0.9558349
vn -0 0.29390407 -0.9558349
vn -0 0.29390424 -0.9558349
vn -0 0.29390392 -0.9558349
vn -0 0.29390392 -0.9558349
vn -0 0.29390433 -0.9558348
vn -0 0.29390433 -0.9558348
vn -0 0.29390433 -0.9558348
vn -0 0.29390433 -0.9558348
vn -0 0.29390433 -0.9558348
vn -0 0.29390433 -0.9558348
vn -0 0.29390398 -0.9558349
vn 2.4911776E-07 0.29390404 -0.9558349
vn 2.4911776E-07 0.29390404 -0.9558349
vn -6.5839885E-07 0.29390416 -0.9558349
vn -0 0.29390457 -0.9558347
vn -0 0.2939064 -0.95583427
vn -0 0.29390857 -0.9558335
vn -0 0.29390857 -0.9558335
vn 5.3271845E-07 0.2939095 -0.9558333
vn 5.3271845E-07 0.2939095 -0.9558333
vn 5.783103E-07 0.29390305 -0.9558352
vn 2.4016134E-07 0.29388016 -0.9558423
vn -0 0.2938782 -0.95584285
vn -0 0.2938782 -0.95584285
vn -0 0.2938755 -0.95584375
vn -0 0.29387665 -0.9558433
vn -0 0.29387647 -0.9558434
vn -0 0.2938755 -0.95584375
vn -0 0.2938755 -0.95584375
vn -0 0.2938755 -0.95584375
vn -0 0.2938755 -0.95584375
vn -0 0.29389337 -0.9558382
vn -0 0.29389337 -0.9558382
vn -0 0.29389367 -0.9558381
vn -0 0.29389367 -0.9558381
vn -0 0.29390204 -0.95583546
vn -0 0.29390204 -0.95583546
vn -0 0.31619722 -0.9486934
vn -0 0.31619722 -0.9486934
vn -0 0.31619713 -0.9486935
vn -0 0.31619713 -0.9486935
vn -0 0.29387647 -0.9558434
vn -0 0.29387444 -0.95584404
vn -0 0.29389352 -0.9558382
vn -0 0.2939019 -0.9558356
vn -0 0.31619743 -0.9486934
vn -0 0.293878 -0.955843
vn -0 0.293878 -0.955843
vn -0 0.293878 -0.955843
vn -0 0.293878 -0.955843
vn -0 0.2938747 -0.955844
vn -0 0.2938747 -0.955844
vn -0 0.29390207 -0.95583546
vn -0 0.29390207 -0.95583546
vn -0 0.29390207 -0.95583546
vn -0 0.29390207 -0.95583546
vn -0 0.31619734 -0.9486934
vn -0 0.31619734 -0.9486934
vn -0 0.29387593 -0.9558436
vn -0 0.2938931 -0.9558383
vn -0 0.29389352 -0.9558382
vn -0 0.29389352 -0.9558382
vn -8.189856E-07 0.29387495 -0.95584387
vn -2.4884767E-07 0.29389355 -0.9558382
vn -2.4884767E-07 0.29389355 -0.9558382
vn -8.189856E-07 0.29387495 -0.95584387
vn -8.189856E-07 0.29387495 -0.95584387
vn -8.189856E-07 0.29387495 -0.95584387
vn -1.8584508E-07 0.29387522 -0.95584375
vn -7.001736E-07 0.29390204 -0.9558356
vn -7.001736E-07 0.29390204 -0.9558356
vn -0 0.31619737 -0.9486934
vn -0 0.31619737 -0.9486934
vn -0 0.3161969 -0.94869363
vn -0 0.3161969 -0.94869363
vn -0 0.29388145 -0.9558419
vn -0 0.29388145 -0.9558419
vn -0 0.29390177 -0.9558356
vn -0 0.29390177 -0.9558356
vn -0 0.29390886 -0.9558334
vn -0 0.29390886 -0.9558334
vn -0 0.29390886 -0.9558334
vn -0 0.29390886 -0.9558334
vn -1.0971037E-06 0.29390904 -0.9558334
vn -1.0971037E-06 0.29390904 -0.9558334
vn -1.0971037E-06 0.29390904 -0.9558334
vn -1.0971037E-06 0.29390904 -0.9558334
vn -0 0.2939065 -0.95583415
vn -0 0.2939065 -0.95583415
vn -0 0.2939061 -0.95583427
vn -0 0.2939061 -0.95583427
vn -0 0.29390427 -0.9558349
vn -0 0.29390427 -0.9558349
vn -0 0.29390427 -0.9558349
vn -0 0.29390427 -0.9558349
vn -0 0.29390457 -0.9558348
vn -0 0.29390457 -0.9558348
vn -0 0.29390392 -0.95583504
vn -0 0.29390392 -0.95583504
vn -0 0.29390407 -0.9558349
vn -0 0.29390407 -0.9558349
vn 5.9572363E-07 0.29390392 -0.9558349
vn 5.9572363E-07 0.29390392 -0.9558349
vn 5.9572363E-07 0.29390392 -0.9558349
vn 5.9572363E-07 0.29390392 -0.9558349
vn -0 0.29390404 -0.9558349
vn -0 0.29390404 -0.9558349
vn -0 0.2939042 -0.9558349
vn -0 0.29390398 -0.9558349
vn -0 0.29390398 -0.9558349
vn -0 0.29390436 -0.9558348
vn -0 0.29390436 -0.9558348
vn -0 0.29390436 -0.9558348
vn -0 0.29390436 -0.9558348
vn -0 0.29390427 -0.9558348
vn -0 0.29390427 -0.9558348
vn -0 0.29390427 -0.9558348
vn -0.04115368 0.29365507 -0.9550252
vn -0.04115328 0.29365498 -0.9550252
vn -0.04115328 0.29365498 -0.9550252
vn -0.04115368 0.29365507 -0.9550252
vn -0.04115368 0.29365507 -0.9550252
vn -0.04115368 0.29365507 -0.9550252
vn -0.041153252 0.29365504 -0.9550252
vn -0.041153252 0.29365504 -0.9550252
vn -0.04115315 0.29365513 -0.9550252
vn -0.04115315 0.29365513 -0.9550252
vn -0.04115315 0.29365513 -0.9550252
vn -0.04115315 0.29365513 -0.9550252
vn -0.04115346 0.2936551 -0.9550252
vn -0.04115346 0.2936551 -0.9550252
vn -0.041153304 0.2936555 -0.9550251
vn -0.041153304 0.2936555 -0.9550251
vn -0.041153207 0.29365635 -0.95502484
vn -0.041153207 0.29365635 -0.95502484
vn -0.041153207 0.29365635 -0.95502484
vn -0.041153207 0.29365635 -0.95502484
vn -0.041153137 0.29366007 -0.95502365
vn -0.041153137 0.29366007 -0.95502365
vn -0.041153215 0.29366028 -0.95502365
vn -0.041153215 0.29366028 -0.95502365
vn -0.041153558 0.29366037 -0.9550236
vn -0.041153558 0.29366037 -0.9550236
vn -0.04115292 0.29366028 -0.95502365
vn -0.04115292 0.29366028 -0.95502365
vn -0.04115308 0.29363695 -0.95503074
vn -0.04115308 0.29363695 -0.95503074
vn -0.04115308 0.29363695 -0.95503074
vn -0.04115308 0.29363695 -0.95503074
vn -0.04115288 0.29362768 -0.95503366
vn -0.04115288 0.29362768 -0.95503366
vn -0.041153397 0.2936275 -0.95503366
vn -0.041153397 0.2936275 -0.95503366
vn -0.041152913 0.2936534 -0.95502573
vn -0.041152913 0.2936534 -0.95502573
vn -0.041152913 0.2936534 -0.95502573
vn -0.041152913 0.2936534 -0.95502573
vn -0.049345482 0.32024232 -0.94604963
vn -0.049345482 0.32024232 -0.94604963
vn -0 0.3161972 -0.9486935
vn 1 0 3.769659E-07
vn 1 0 3.769659E-07
vn 1 0 3.769659E-07
vn 1 0 3.769659E-07
vn 1 0 0
vn 1 0 0
vn 1 0 0
vn 1 0 0
vn 1 0 0
vn 1 0 0
vn 1 0 -7.701117E-07
vn 1 0 -7.701117E-07
vn 1 0 -2.3888538E-07
vn 1 0 0
vn 1 0 0
vn 1 0 2.6541832E-07
vn 1 0 2.6541832E-07
vn 1 0 0
vn 1 0 0
vn 1 0 5.1158776E-07
vn 1 0 5.1158776E-07
vn 1 0 0
vn 1 0 5.1158776E-07
vn 1 0 0
vn 1 0 0
vn 1 0 0
vn 1 0 0
vn 1 0 -1.8433587E-07
vn 1 0 -1.8433587E-07
vn 1 0 0
vn 1 0 0
vn 1 0 0
vn 1 0 0
vn 1 0 0
vn 1 0 0
vn 1 0 0
vn 1 0 0
vn 1 0 0
vn 1 0 0
vn 1 0 0
vn 1 0 0
vn 1 0 0
vn 1 0 0
vn 1 0 0
vn 1 0 0
vn 1 0 1.2965589E-07
vn 1 0 0
vn 1 0 0
vn 1 0 0
vn 1 0 0
vn 1 0 0
vn 1 0 0
vn 0.9831682 -0.05369668 0.17463407
vn 0.9831682 -0.05369668 0.17463407
vn 0.9831682 -0.05369668 0.17463407
vn 0.9831682 -0.05369668 0.17463407
vn 0.9831687 -0.053697173 0.17463064
vn 0.9831687 -0.053697173 0.17463064
vn 0.9831686 -0.053691704 0.1746332
vn 0.9831686 -0.053691704 0.1746332
vn 0.9831686 -0.053691704 0.1746332
vn 0.9831686 -0.053691704 0.1746332
vn 0.9831686 -0.05369728 0.1746309
vn 0.9831686 -0.05369728 0.1746309
vn 0.9831686 -0.053697273 0.17463101
vn 0.9831686 -0.053697273 0.17463101
vn 0.9831687 -0.053697236 0.17463091
vn 0.9831687 -0.053697236 0.17463091
vn 0.9831685 -0.053696852 0.17463183
vn 0.9831685 -0.053696852 0.17463183
vn 0.9831686 -0.053697016 0.17463139
vn 0.9831686 -0.053697016 0.17463139
vn 0.9831686 -0.053696327 0.1746315
vn 0.9831686 -0.053696327 0.1746315
vn 0.9831686 -0.053696327 0.1746315
vn 0.9831686 -0.053696327 0.1746315
vn 0.9831687 -0.053696323 0.17463107
vn 0.9831687 -0.053696323 0.17463107
vn 0.9831687 -0.053696323 0.17463107
vn 0.9831687 -0.053696323 0.17463107
vn 0.9831686 -0.0536963 0.17463128
vn 0.9831686 -0.0536963 0.17463128
vn 0.9831686 -0.05369633 0.17463125
vn 0.9831686 -0.05369633 0.17463125
vn 0.9831686 -0.053696316 0.1746315
vn 0.9831686 -0.053696316 0.1746315
vn 0.9831686 -0.053696264 0.1746315
vn 0.9831686 -0.053696264 0.1746315
vn -0 -0.2939018 0.9558356
vn -0 -0.2939018 0.9558356
vn -0 -0.2939018 0.9558356
vn -0 -0.2939018 0.9558356
vn 3.594413E-07 -0.2938749 0.95584387
vn 3.594413E-07 -0.2938749 0.95584387
vn 3.594413E-07 -0.2938749 0.95584387
vn 3.594413E-07 -0.2938749 0.95584387
vn -0 -0.29387876 0.9558427
vn -0 -0.29387876 0.9558427
vn -0 -0.2939007 0.9558359
vn -0 -0.2939007 0.9558359
vn -3.250252E-07 -0.2939086 0.9558335
vn -3.250252E-07 -0.2939086 0.9558335
vn -3.250252E-07 -0.2939086 0.9558335
vn -3.250252E-07 -0.2939086 0.9558335
vn -0 -0.29390922 0.9558333
vn -0 -0.29390922 0.9558333
vn -0 -0.29390922 0.9558333
vn -0 -0.29390922 0.9558333
vn -0 -0.29390532 0.9558345
vn -0 -0.29390532 0.9558345
vn -0 -0.29390675 0.95583415
vn -0 -0.29390675 0.95583415
vn 1.2540312E-07 -0.29390502 0.95583457
vn 1.2540312E-07 -0.29390502 0.95583457
vn 1.2540312E-07 -0.29390502 0.95583457
vn 1.2540312E-07 -0.29390502 0.95583457
vn -1.7662784E-07 -0.2939042 0.9558349
vn -1.7662784E-07 -0.2939042 0.9558349
vn -1.5941353E-07 -0.29390398 0.9558349
vn -1.5941353E-07 -0.29390398 0.9558349
vn -1.3072706E-07 -0.2939041 0.9558349
vn -1.3072706E-07 -0.2939041 0.9558349
vn -1.052396E-07 -0.29390392 0.9558349
vn -1.052396E-07 -0.29390392 0.9558349
vn -2.822547E-07 -0.29390398 0.9558349
vn -2.822547E-07 -0.29390398 0.9558349
vn -2.822547E-07 -0.29390398 0.9558349
vn -2.822547E-07 -0.29390398 0.9558349
vn 6.1450316E-07 -0.29390416 0.9558349
vn 6.1450316E-07 -0.29390416 0.9558349
vn -0 -0.29390407 0.9558349
vn 6.4980225E-07 -0.2939035 0.95583516
vn -9.619281E-07 -0.2939049 0.9558347
vn -4.5416203E-07 -0.29390407 0.9558349
vn -0 -0.29390392 0.9558349
vn 2.626058E-07 -0.29390472 0.9558347
vn 2.626058E-07 -0.29390472 0.9558347
vn 2.626058E-07 -0.29390472 0.9558347
vn 2.626058E-07 -0.29390472 0.9558347
vn 6.3536686E-07 -0.29390645 0.95583427
vn 6.3536686E-07 -0.29390645 0.95583427
vn -2.007583E-06 -0.2939061 0.95583427
vn -2.007583E-06 -0.2939061 0.95583427
vn 2.3092512E-07 -0.2939067 0.95583415
vn 2.3092512E-07 -0.2939067 0.95583415
vn -0 -0.2939091 0.9558334
vn -0 -0.2939091 0.9558334
vn -0 -0.2939091 0.9558334
vn -0 -0.2939091 0.9558334
vn -0 -0.29390952 0.9558332
vn -0 -0.29390952 0.9558332
vn -0 -0.29390952 0.9558332
vn -0 -0.29390952 0.9558332
vn -0 -0.29389986 0.95583624
vn -0 -0.29389986 0.95583624
vn -0 -0.29389924 0.9558365
vn -0 -0.29389924 0.9558365
vn -4.2046932E-07 -0.2939096 0.9558332
vn -2.347657E-06 -0.2939088 0.9558334
vn -1.171132E-06 -0.2939092 0.9558333
vn -0 -0.2939085 0.9558335
vn -0 -0.29388055 0.9558422
vn -0 -0.29388055 0.9558422
vn -0 -0.29387447 0.955844
vn -0 -0.29387447 0.955844
vn -0 -0.29387447 0.955844
vn -0 -0.29387447 0.955844
vn -4.3166688E-07 -0.29389274 0.9558384
vn -4.3166688E-07 -0.29389274 0.9558384
vn 1.4759953E-06 -0.29389283 0.9558384
vn 1.4759953E-06 -0.29389283 0.9558384
vn -0 -0.29387513 0.95584387
vn -6.4350553E-07 -0.2939025 0.95583546
vn -6.4350553E-07 -0.2939025 0.95583546
vn 2.7215515E-06 -0.2939027 0.95583534
vn -0 -0.29387602 0.9558435
vn -0 -0.293881 0.955842
vn -0 -0.293881 0.955842
vn -0 -0.2938755 0.95584375
vn -0 -0.2939095 0.9558333
vn -0 -0.2939095 0.9558333
vn 1.3830289E-06 -0.29390934 0.9558333
vn -0 -0.29390863 0.9558335
vn -0 -0.2939078 0.95583385
vn -0 -0.2939078 0.95583385
vn 1.4407901E-06 -0.293905 0.95583457
vn 3.9637501E-07 0.028223805 0.99960166
vn 3.9637501E-07 0.028223805 0.99960166
vn 3.9637501E-07 0.028223805 0.99960166
vn 3.9637501E-07 0.028223805 0.99960166
vn -0 0.028223788 0.99960166
vn -0 0.028223788 0.99960166
vn -1.9281634E-07 0.028224459 0.99960166
vn -1.9281634E-07 0.028224459 0.99960166
vn -0 0.02822424 0.99960166
vn -0 0.02822424 0.99960166
vn -0 0.02822424 0.99960166
vn -0 0.02822424 0.99960166
vn -0 0.028224485 0.99960166
vn -0 0.028224485 0.99960166
vn -0 0.02822397 0.99960166
vn -0 0.02822397 0.99960166
vn -0 0.028224368 0.99960166
vn -0 0.028224368 0.99960166
vn -1.3976283E-07 0.028224267 0.99960166
vn -1.3976283E-07 0.028224267 0.99960166
vn -6.9062355E-07 0.028223716 0.99960166
vn -6.9062355E-07 0.028223716 0.99960166
vn -6.9062355E-07 0.028223716 0.99960166
vn -6.9062355E-07 0.028223716 0.99960166
vn -7.2366925E-07 0.028224384 0.99960166
vn -7.2366925E-07 0.028224384 0.99960166
vn -0.553414 0.07403885 0.829609
vn -0.553414 0.07403885 0.829609
vn -0.553414 0.07403885 0.829609
vn -0.553414 0.07403885 0.829609
vn -0.50479466 -0.2537078 0.82511497
vn -0.50479466 -0.2537078 0.82511497
vn -0.50479466 -0.2537078 0.82511497
vn -0.50479466 -0.2537078 0.82511497
vn -0.5047954 -0.25370046 0.82511675
vn -0.5047954 -0.25370046 0.82511675
vn -0.5047976 -0.2536859 0.8251199
vn -0.5047976 -0.2536859 0.8251199
vn -0.50479615 -0.2536846 0.8251211
vn -0.50479615 -0.2536846 0.8251211
vn -0.5047987 -0.25370446 0.8251135
vn -0.5047987 -0.25370446 0.8251135
vn -0.5047987 -0.25370446 0.8251135
vn -0.5047987 -0.25370446 0.8251135
vn -0.5047961 -0.25371325 0.82511246
vn -0.5047961 -0.25371325 0.82511246
vn -0.50479615 -0.25371394 0.8251122
vn -0.50479615 -0.25371394 0.8251122
vn -0.5047958 -0.25371397 0.82511234
vn -0.5047958 -0.25371397 0.82511234
vn -0.50479585 -0.25371334 0.8251125
vn -0.50479585 -0.25371334 0.8251125
vn -0.5047965 -0.25371408 0.825112
vn -0.5047965 -0.25371408 0.825112
vn -0.5047965 -0.25371408 0.825112
vn -0.5047965 -0.25371408 0.825112
vn -0.5047961 -0.2537094 0.82511365
vn -0.5047961 -0.2537094 0.82511365
vn -0.5047959 -0.25370947 0.82511365
vn -0.5047959 -0.25370947 0.82511365
vn -0.5047958 -0.25370935 0.82511383
vn -0.5047958 -0.25370935 0.82511383
vn -0.5047958 -0.25370935 0.82511383
vn -0.5047958 -0.25370935 0.82511383
vn -0.50479585 -0.2537094 0.8251138
vn -0.50479585 -0.2537094 0.8251138
vn -0.50479585 -0.2537094 0.8251138
vn -0.50479585 -0.2537094 0.8251138
vn -0.504796 -0.25370926 0.82511365
vn -0.504796 -0.25370926 0.82511365
vn -0.50479656 -0.2537092 0.82511336
vn -0.50479656 -0.2537092 0.82511336
vn -0 -0.9703326 -0.24177387
vn -0 -0.9703326 -0.24177387
vn -0 -0.9703326 -0.24177387
vn -0 -0.9703326 -0.24177387
vn -0 -0.9703326 -0.24177392
vn -0 -0.9703326 -0.24177392
vn -0 -0.9703325 -0.24177434
vn -0 -0.9682731 -0.24989429
vn -0 -0.9682731 -0.24989429
vn -0 -0.9682731 -0.24989429
vn 1.2859764E-06 -0.9703326 -0.24177387
vn -0 -0.9682731 -0.24989432
vn 1.6305405E-06 -0.96827286 -0.24989533
vn 1.2859764E-06 -0.9703326 -0.24177387
vn 1.2859764E-06 -0.9703326 -0.24177387
vn 1.2859764E-06 -0.9703326 -0.24177387
vn -0 -0.9682731 -0.2498942
vn -0 -0.9682731 -0.24989416
vn -0 -0.9682731 -0.24989416
vn -0 -0.9682731 -0.24989416
vn -0 -0.9682731 -0.24989417
vn -0 -0.9682731 -0.24989417
vn -0 -0.9682731 -0.24989416
vn -0 -0.9682731 -0.24989416
vn -0 -0.9682731 -0.24989416
vn -0 -0.9682731 -0.24989416
vn -0 -0.9682731 -0.24989417
vn -0 -0.9703325 -0.24177411
vn -0 -0.9703325 -0.24177411
vn -0 -0.9703325 -0.24177411
vn -3.3076724E-06 -0.9682731 -0.24989423
vn -1.3043499E-06 -0.9703326 -0.24177383
vn -1.3043499E-06 -0.9703326 -0.24177383
vn -3.3076724E-06 -0.9682731 -0.24989423
vn -3.3076724E-06 -0.9682731 -0.24989423
vn -3.3076724E-06 -0.9682731 -0.24989423
vn -0 -0.9703326 -0.2417739
vn -0 -0.9703326 -0.2417739
vn -0 -0.9703326 -0.24177392
vn -0 -0.99102926 -0.1336453
vn -0 -0.99102926 -0.1336453
vn -0 -0.99102926 -0.1336453
vn -0 -0.99102926 -0.1336453
vn -0 -0.99102926 -0.1336453
vn -0 -0.99102926 -0.1336453
vn -0 -0.99102926 -0.13364528
vn -0 -0.99102926 -0.13364528
vn -0 -0.99102926 -0.13364528
vn -0 -0.99102926 -0.13364528
vn -0 -0.99102926 -0.1336453
vn -0 -0.99102926 -0.1336453
vn -0 -0.99102926 -0.13364531
vn -0 -0.99102926 -0.13364531
vn -0 -0.99102926 -0.13364524
vn -0 -0.99102926 -0.13364524
vn -0 -0.99102926 -0.13364527
vn -0 -0.99102926 -0.13364527
vn -0 -0.99102926 -0.13364527
vn -0 -0.99102926 -0.13364527
vn -0 -0.99102926 -0.13364524
vn -0 -0.99102926 -0.13364524
vn -0 -0.99102926 -0.13364524
vn -0 -0.99102914 -0.1336454
vn -0 -0.99102914 -0.1336454
vn -0 -0.99102926 -0.13364524
vn -0 -0.99102926 -0.13364524
vn -0 -0.99102926 -0.13364524
vn -0 -0.99102926 -0.13364524
vn -0 0.9703326 0.24177396
vn -0 0.9703326 0.24177396
vn -0 0.9703326 0.24177396
vn -0 0.9703326 0.24177396
vn -0 0.9703326 0.24177381
vn -0 0.9703326 0.24177381
vn -0 0.9703326 0.24177404
vn -0 0.96827257 0.24989659
vn -0 0.96827257 0.24989659
vn -0 0.96827257 0.24989659
vn -0 0.9703326 0.24177387
vn -0 0.9682727 0.2498961
vn -0 0.96827257 0.24989626
vn -0 0.9703326 0.24177387
vn -0 0.9703326 0.24177387
vn -0 0.9703326 0.24177387
vn -0 0.9682727 0.24989621
vn -0 0.9682727 0.24989621
vn -0 0.96827257 0.24989632
vn -0 0.9703326 0.24177392
vn -0 0.9703326 0.24177392
vn -0 0.9682727 0.24989618
vn -0 0.9703326 0.24177392
vn -0 0.9703326 0.24177392
vn -0 0.96827257 0.2498964
vn -0 0.96827257 0.2498964
vn -0 0.96827257 0.2498964
vn -0 0.96827257 0.2498964
vn -0 0.9682727 0.24989618
vn -0 0.96827257 0.2498964
vn -0 0.9703325 0.24177426
vn -0 0.9703325 0.24177426
vn -0 0.9703325 0.24177426
vn -0 0.96827257 0.24989626
vn -0 0.9703326 0.24177387
vn -0 0.9703326 0.24177387
vn -0 0.96827257 0.24989626
vn -0 0.96827257 0.24989626
vn -0 0.96827257 0.24989626
vn -0 0.8417853 0.5398124
vn -0 0.8417853 0.5398124
vn -0 0.8417853 0.5398124
vn -0 0.8417853 0.5398124
vn -0 0.8417853 0.5398125
vn -0 0.8417853 0.5398125
vn -0 0.8417853 0.5398124
vn -0 0.8417853 0.5398124
vn -0 0.84178543 0.53981227
vn -0 0.84178543 0.53981227
vn -0 0.84178543 0.53981227
vn -0 0.84178543 0.53981227
vn -0 0.84178525 0.5398125
vn -0 0.84178525 0.5398125
vn -0 0.84178525 0.5398125
vn -0 0.84178525 0.5398125
vn -0 0.84178543 0.5398122
vn -0 0.84178543 0.5398122
vn -0 0.8417851 0.5398128
vn -0 0.8417851 0.5398128
vn 3.0834951E-06 0.84178543 0.5398122
vn 3.0834951E-06 0.84178543 0.5398122
vn -0 0.8417855 0.5398121
vn -0 0.8417855 0.5398121
vn -0 0.8417855 0.5398121
vn -0 0.8417855 0.5398121
vn -0 0.4846784 -0.8746924
vn -0 0.4846784 -0.8746924
vn -0 0.4846784 -0.8746924
vn -0 0.4846784 -0.8746924
vn -0 0.48467818 -0.87469256
vn -0 0.48467818 -0.87469256
vn -0 0.4846777 -0.87469274
vn -0 0.4846777 -0.87469274
vn -0 0.48467782 -0.87469274
vn -0 0.48467782 -0.87469274
vn -0 0.48467782 -0.87469274
vn -0 0.48467782 -0.87469274
vn -0 0.48467734 -0.8746929
vn -0 0.48467734 -0.8746929
vn -0 0.48467726 -0.87469304
vn -0 0.48467726 -0.87469304
vn -0 0.48467794 -0.8746927
vn -0 0.48467794 -0.8746927
vn -0 0.48467785 -0.87469274
vn -0 0.48467785 -0.87469274
vn -0 0.4846777 -0.87469274
vn -0 0.4846777 -0.87469274
vn -0 0.4846777 -0.87469274
vn -0 0.4846777 -0.87469274
vn -0 0.4846784 -0.8746924
vn -0 0.4846784 -0.8746924
vn -0.12081103 0.4514618 -0.8840741
vn -0.12081103 0.4514618 -0.8840741
vn -0.12081103 0.4514618 -0.8840741
vn -0.12081103 0.4514618 -0.8840741
vn -0.5054365 0.8354876 0.21562563
vn -0.5054365 0.8354876 0.21562563
vn -0.5054365 0.8354876 0.21562563
vn -0.5054365 0.8354876 0.21562563
vn -0.505277 0.83735555 0.20864047
vn -0.505277 0.83735555 0.20864047
vn -9.576136E-07 -0.26665834 -0.9637912
vn -9.576136E-07 -0.26665834 -0.9637912
vn -9.576136E-07 -0.26665834 -0.9637912
vn -9.576136E-07 -0.26665834 -0.9637912
vn -0 -0.26665777 -0.9637913
vn -0 -0.26665777 -0.9637913
vn -0 -0.26665798 -0.9637912
vn -0 -0.26665798 -0.9637912
vn -0 -0.26665664 -0.9637916
vn -0 -0.26665664 -0.9637916
vn -0 -0.26665664 -0.9637916
vn -0 -0.26665664 -0.9637916
vn -0 -0.2666608 -0.9637904
vn -0 -0.2666608 -0.9637904
vn -0 -0.2666608 -0.9637904
vn -0 -0.2666608 -0.9637904
vn -0 -0.26666027 -0.9637906
vn -0 -0.26666027 -0.9637906
vn -0 -0.26665947 -0.96379083
vn -0 -0.26665947 -0.96379083
vn -0 -0.26665854 -0.9637911
vn -0 -0.26665854 -0.9637911
vn -0 -0.26665854 -0.9637911
vn -0 -0.26665854 -0.9637911
vn 6.294177E-07 -0.2666616 -0.9637902
vn 6.294177E-07 -0.2666616 -0.9637902
vn 0.11085182 -0.1883436 -0.9758271
vn 0.11085182 -0.1883436 -0.9758271
vn 0.11085182 -0.1883436 -0.9758271
vn 0.11085182 -0.1883436 -0.9758271
vn 0.19392347 -0.94989175 -0.24515186
vn 0.19392347 -0.94989175 -0.24515186
vn 0.19392347 -0.94989175 -0.24515186
vn 0.19392347 -0.94989175 -0.24515186
vn 0.19384396 -0.9519277 -0.2371878
vn 0.19384396 -0.9519277 -0.2371878
vn 0.35442773 0.27482355 -0.89378583
vn 0.35442773 0.27482355 -0.89378583
vn 0.35442773 0.27482355 -0.89378583
vn 0.35442773 0.27482355 -0.89378583
vn 0.354426 0.2747982 -0.8937942
vn 0.354426 0.2747982 -0.8937942
vn 0.354426 0.2747982 -0.8937942
vn 0.354426 0.2747982 -0.8937942
vn 0.35442412 0.27480578 -0.8937927
vn 0.35442412 0.27480578 -0.8937927
vn 0.3544334 0.27481887 -0.89378494
vn 0.3544334 0.27481887 -0.89378494
vn 0.35442865 0.27482978 -0.89378345
vn 0.35442865 0.27482978 -0.89378345
vn 0.35442865 0.27482978 -0.89378345
vn 0.35442865 0.27482978 -0.89378345
vn 0.35442615 0.27482975 -0.89378446
vn 0.35442615 0.27482975 -0.89378446
vn 0.35442615 0.27482975 -0.89378446
vn 0.35442615 0.27482975 -0.89378446
vn 0.35442674 0.27482805 -0.89378476
vn 0.35442674 0.27482805 -0.89378476
vn 0.3544288 0.2748274 -0.8937842
vn 0.3544288 0.2748274 -0.8937842
vn 0.3544274 0.2748257 -0.89378524
vn 0.3544274 0.2748257 -0.89378524
vn 0.3544274 0.2748257 -0.89378524
vn 0.3544274 0.2748257 -0.89378524
vn 0.3544266 0.27482474 -0.89378583
vn 0.3544266 0.27482474 -0.89378583
vn 0.35442674 0.27482486 -0.8937857
vn 0.35442674 0.27482486 -0.8937857
vn 0.35442573 0.27482492 -0.8937861
vn 0.35442573 0.27482492 -0.8937861
vn 0.35442632 0.274825 -0.8937859
vn 0.35442632 0.274825 -0.8937859
vn 0.35442492 0.2748248 -0.8937865
vn 0.35442492 0.2748248 -0.8937865
vn 0.35442492 0.2748248 -0.8937865
vn 0.35442492 0.2748248 -0.8937865
vn 0.35442632 0.2748248 -0.893786
vn 0.35442632 0.2748248 -0.893786
vn 0.30052015 0.34350696 -0.8897701
vn 0.30052015 0.34350696 -0.8897701
vn 0.30052015 0.34350696 -0.8897701
vn 0.30052015 0.34350696 -0.8897701
vn 0.9832244 0.1766133 0.045580156
vn 0.9832244 0.1766133 0.045580156
vn 0.9832244 0.1766133 0.045580156
vn 0.9832244 0.1766133 0.045580156
vn 0.9832108 0.17706038 0.044117056
vn 0.9832108 0.17706038 0.044117056
vn 1 0 3.3878064E-07
vn 1 0 3.3878064E-07
vn 1 0 3.3878064E-07
vn 1 0 3.3878064E-07
vn 1 0 0
vn 1 0 0
vn 1 0 0
vn 1 0 0
vn 1 0 0
vn 1 0 0
vn 1 0 0
vn -0.98242307 -0.054863438 0.17842372
vn -0.98242307 -0.054863438 0.17842372
vn -0.98242307 -0.054863438 0.17842372
vn -0.98242307 -0.054863438 0.17842372
vn -0.98242295 -0.054863688 0.17842425
vn -0.98242235 -0.054863326 0.17842738
vn -0.98242235 -0.054863326 0.17842738
vn -0.98242235 -0.054863326 0.17842738
vn -0.98242235 -0.054863326 0.17842738
vn -0.9824227 -0.05485871 0.17842671
vn -0.9824227 -0.05485871 0.17842671
vn -1 0 -3.0381472E-07
vn -1 0 -3.0381472E-07
vn -1 0 -3.0381472E-07
vn -1 0 1.1841158E-06
vn -0.98242295 -0.054857127 0.17842595
vn -0.98242295 -0.054857127 0.17842595
vn -0.98242295 -0.054857127 0.17842595
vn -0.98242295 -0.054857127 0.17842595
vn -0.98242295 -0.05486074 0.1784248
vn -0.98242295 -0.05486074 0.1784248
vn -0.98242295 -0.05486232 0.17842424
vn -0.98242295 -0.05486232 0.17842424
vn -0.98242295 -0.05486232 0.17842424
vn -0.98242295 -0.05486232 0.17842424
vn -0.98242295 -0.054862667 0.17842443
vn -0.98242295 -0.054862667 0.17842443
vn -0.98242295 -0.054862667 0.17842443
vn -0.98242295 -0.054862667 0.17842443
vn -0.98242295 -0.05486268 0.17842452
vn -0.98242295 -0.05486268 0.17842452
vn -0.9824228 -0.054862678 0.1784247
vn -0.9824228 -0.054862678 0.1784247
vn -0.9824228 -0.054862678 0.1784247
vn -0.9824228 -0.054862678 0.1784247
vn -0.98242295 -0.054862704 0.17842445
vn -0.98242295 -0.054862704 0.17842445
vn -0.98242295 -0.054862704 0.17842445
vn -0.98242295 -0.054862704 0.17842445
vn -0.98242295 -0.054862678 0.17842437
vn -0.98242295 -0.054862678 0.17842437
vn -0.9824227 -0.05486388 0.178425
vn -0.9824227 -0.05486388 0.178425
vn -0.98242295 -0.05486218 0.17842425
vn -0.98242295 -0.05486218 0.17842425
vn -0.98242295 -0.05486218 0.17842425
vn -0.98242295 -0.05486218 0.17842425
vn -0.55376405 0.67227787 0.49131247
vn -0.55376405 0.67227787 0.49131247
vn -0.55376405 0.67227787 0.49131247
vn -0.55376405 0.67227787 0.49131247
vn 0.95614654 0.14403886 0.25502315
vn 0.95614654 0.14403886 0.25502315
vn 0.95614654 0.14403886 0.25502315
vn 0.95614654 0.14403886 0.25502315
vn 0.9831686 -0.053695932 0.17463146
vn 0.9831686 -0.053695932 0.17463146
vn 0.9831686 -0.053695932 0.17463146
vn 0.9831686 -0.053695932 0.17463146
vn 0.9831686 -0.053694386 0.1746319
vn 0.9831686 -0.053694386 0.1746319
vn -0.86700636 -0.48248756 -0.124522544
vn -0.86700636 -0.48248756 -0.124522544
vn -0.86700636 -0.48248756 -0.124522544
vn -0.86700636 -0.48248756 -0.124522544
vn -0.8669154 -0.48366755 -0.12051337
vn -0.8669154 -0.48366755 -0.12051337
vn -0.28923082 0.08471242 -0.95350367
vn -0.28923082 0.08471242 -0.95350367
vn -0.28923082 0.08471242 -0.95350367
vn -0.28923082 0.08471242 -0.95350367
vn 5.036967E-07 0.2255282 -0.9742366
vn 5.036967E-07 0.2255282 -0.9742366
vn 5.036967E-07 0.2255282 -0.9742366
vn 5.036967E-07 0.2255282 -0.9742366
vn -0 0.22552854 -0.9742365
vn -0 0.22552854 -0.9742365
vn -0 0.22552876 -0.9742365
vn -0 0.22552876 -0.9742365
vn -0 0.22552793 -0.9742367
vn -0 0.22552793 -0.9742367
vn -0 0.22552793 -0.9742367
vn -0 0.22552793 -0.9742367
vn -0 0.2255298 -0.9742363
vn -0 0.2255298 -0.9742363
vn -0 0.2255298 -0.9742363
vn -0 0.2255298 -0.9742363
vn -0 0.22552882 -0.9742365
vn -0 0.22552882 -0.9742365
vn -0 0.22552809 -0.9742366
vn -0 0.22552809 -0.9742366
vn -0 0.2255281 -0.9742366
vn -0 0.2255281 -0.9742366
vn -0 0.2255281 -0.9742366
vn -0 0.2255281 -0.9742366
vn -7.449036E-07 0.225529 -0.9742365
vn -7.449036E-07 0.225529 -0.9742365
vn 0.05029112 0.21149929 -0.9760834
vn 0.05029112 0.21149929 -0.9760834
vn 0.05029112 0.21149929 -0.9760834
vn 0.05029112 0.21149929 -0.9760834
vn -0.954286 0.14699237 0.26025292
vn -0.954286 0.14699237 0.26025292
vn -0.954286 0.14699237 0.26025292
vn -0.954286 0.14699237 0.26025292
vn 1.3647191E-06 -0.8724226 0.48875248
vn 1.3647191E-06 -0.8724226 0.48875248
vn 1.3647191E-06 -0.8724226 0.48875248
vn 1.3647191E-06 -0.8724226 0.48875248
vn -0 -0.8724226 0.48875234
vn -0 -0.8724226 0.48875234
vn -0 -0.8724226 0.48875237
vn -0 -0.8724226 0.48875237
vn -0 -0.87242264 0.48875225
vn -0 -0.87242264 0.48875225
vn -0 -0.87242264 0.48875225
vn -0 -0.87242264 0.48875225
vn -0 -0.8724226 0.48875234
vn -0 -0.8724226 0.48875234
vn -0.3990825 -0.83537203 0.3780037
vn -0.3990825 -0.83537203 0.3780037
vn -0.3990825 -0.83537203 0.3780037
vn -0.3990825 -0.83537203 0.3780037
vn 0.29517418 0.08455257 -0.9516949
vn 0.29517418 0.08455257 -0.9516949
vn 0.29517418 0.08455257 -0.9516949
vn 0.29517418 0.08455257 -0.9516949
vn 0.87172806 -0.47444382 -0.12244682
vn 0.87172806 -0.47444382 -0.12244682
vn 0.87172806 -0.47444382 -0.12244682
vn 0.87172806 -0.47444382 -0.12244682
vn 0.8716405 -0.47560447 -0.11850414
vn 0.8716405 -0.47560447 -0.11850414
vn 0.56231135 0.6676367 0.4879213
vn 0.56231135 0.6676367 0.4879213
vn 0.56231135 0.6676367 0.4879213
vn 0.56231135 0.6676367 0.4879213
vn 0.51366854 0.8325344 0.20743944
vn 0.51366854 0.8325344 0.20743944
vn 0.51366854 0.8325344 0.20743944
vn 0.51366854 0.8325344 0.20743944
vn 0.5138283 0.8306744 0.21438402
vn 0.5138283 0.8306744 0.21438402
vn -7.1754107E-07 -0.29390842 0.9558336
vn -7.1754107E-07 -0.29390842 0.9558336
vn -7.1754107E-07 -0.29390842 0.9558336
vn -7.1754107E-07 -0.29390842 0.9558336
vn -0 -0.2938989 0.95583653
vn -0 -0.2938989 0.95583653
vn -0 -0.2938976 0.9558369
vn -0 -0.2938976 0.9558369
vn -3.0477744E-07 -0.29391026 0.9558331
vn 5.3149387E-07 -0.2939092 0.9558333
vn 5.3149387E-07 -0.2939092 0.9558333
vn 5.3149387E-07 -0.2939092 0.9558333
vn 5.3149387E-07 -0.2939092 0.9558333
vn -1.7016994E-06 -0.2939088 0.9558335
vn -8.4889496E-07 -0.29390907 0.9558334
vn 4.8689463E-07 -0.29390514 0.95583457
vn 4.8689463E-07 -0.29390514 0.95583457
vn 1.125371E-06 -0.29390678 0.95583415
vn 1.125371E-06 -0.29390678 0.95583415
vn 5.536914E-07 -0.29390463 0.9558347
vn 5.536914E-07 -0.29390463 0.9558347
vn 5.536914E-07 -0.29390463 0.9558347
vn 5.536914E-07 -0.29390463 0.9558347
vn -1.4551988E-06 -0.2939065 0.95583415
vn -1.4551988E-06 -0.2939065 0.95583415
vn -6.972538E-07 -0.29390502 0.95583457
vn -0 -0.29390895 0.9558334
vn 1.1697967E-07 -0.29390404 0.9558349
vn 1.1697967E-07 -0.29390404 0.9558349
vn -0 -0.2939041 0.9558349
vn -0 -0.2939041 0.9558349
vn -2.885994E-07 -0.2939042 0.9558349
vn -2.885994E-07 -0.2939042 0.9558349
vn -2.885994E-07 -0.2939042 0.9558349
vn -2.885994E-07 -0.2939042 0.9558349
vn -0 -0.29390404 0.9558349
vn -0 -0.29390404 0.9558349
vn -0 -0.29390398 0.9558349
vn -0 -0.29390416 0.9558349
vn -0 -0.29390416 0.9558349
vn -1.1209281E-06 -0.29390427 0.9558348
vn -1.1209281E-06 -0.29390427 0.9558348
vn -1.1209281E-06 -0.29390427 0.9558348
vn -1.1209281E-06 -0.29390427 0.9558348
vn -0 -0.2939038 0.95583504
vn -0 -0.2939038 0.95583504
vn -0 -0.29390407 0.9558349
vn 2.3723923E-07 -0.2939041 0.9558349
vn 2.3723923E-07 -0.2939041 0.9558349
vn 2.8628742E-07 -0.29390416 0.9558349
vn -0 -0.29390416 0.9558349
vn -0 -0.29390407 0.9558349
vn -0 -0.29390407 0.9558349
vn -0 -0.29390398 0.9558349
vn -0 -0.293904 0.9558349
vn -0 -0.293904 0.9558349
vn -0 -0.29390398 0.9558349
vn -0 -0.29390398 0.9558349
vn -0 -0.29390392 0.9558349
vn -0 -0.29390392 0.9558349
vn -3.2919917E-07 -0.2939038 0.95583504
vn 2.3673195E-07 -0.2939041 0.9558349
vn -0 -0.2939041 0.9558349
vn -0 -0.2939041 0.9558349
vn -0 -0.29390392 0.9558349
vn -0 -0.29390404 0.9558349
vn 5.2489867E-07 -0.29390493 0.9558347
vn -0 -0.29390863 0.9558335
vn -0 -0.29390863 0.9558335
vn -0 -0.29390877 0.9558335
vn -0 -0.2939091 0.9558334
vn -0 -0.2939091 0.9558334
vn -0 -0.29390565 0.9558344
vn 5.0385535E-07 -0.2939092 0.9558333
vn -0 -0.293909 0.9558334
vn -0 -0.2939092 0.9558333
vn -0 -0.2939092 0.9558333
vn -0 -0.29390976 0.9558332
vn -0 -0.29388058 0.95584214
vn -0 -0.29388058 0.95584214
vn -0 -0.29387513 0.95584375
vn -0 -0.29388124 0.955842
vn -0 -0.29387504 0.95584387
vn -0 -0.29387483 0.95584387
vn -0 -0.29387483 0.95584387
vn -0 -0.29387483 0.95584387
vn -0 -0.29387483 0.95584387
vn -9.101488E-07 -0.29389223 0.9558385
vn -9.101488E-07 -0.29389223 0.9558385
vn 1.0698765E-06 -0.29389292 0.9558383
vn 1.0698765E-06 -0.29389292 0.9558383
vn -1.3568005E-06 -0.2939023 0.95583546
vn -1.3568005E-06 -0.2939023 0.95583546
vn 1.9727138E-06 -0.2939023 0.95583546
vn -0 -0.29388124 0.955842
vn -3.1921917E-07 -0.29387572 0.9558436
vn -3.1921917E-07 -0.29387572 0.9558436
vn -0 -0.29388124 0.955842
vn -6.2337165E-07 -0.29390228 0.95583546
vn -6.2337165E-07 -0.29390228 0.95583546
vn -3.0775774E-07 -0.2938939 0.9558381
vn 5.313976E-07 -0.29390115 0.9558358
vn 2.4475335E-07 -0.29390937 0.9558333
vn 2.4475335E-07 -0.29390937 0.9558333
vn 1.6182209E-07 -0.2939084 0.9558336
vn 1.6182209E-07 -0.2939084 0.9558336
vn 1.0521778E-07 -0.29390603 0.95583427
vn -0 -0.29390702 0.95583403
vn -0 -0.2939042 0.9558349
vn -0 -0.2939042 0.9558349
vn -0 -0.29390395 0.9558349
vn -0 -0.2939041 0.9558349
vn 0.1324621 0.2368238 -0.9624803
vn 0.1324621 0.2368238 -0.9624803
vn 0.1324621 0.2368238 -0.9624803
vn 0.1324621 0.2368238 -0.9624803
vn 0.1938168 0.2883363 -0.9377085
vn 0.1938168 0.2883363 -0.9377085
vn 0.1938168 0.2883363 -0.9377085
vn 0.1938168 0.2883363 -0.9377085
vn 0.19381522 0.2883359 -0.9377089
vn 0.19381522 0.2883359 -0.9377089
vn 0.1938193 0.2883367 -0.93770784
vn 0.1938193 0.2883367 -0.93770784
vn 0.19382331 0.28833443 -0.9377078
vn 0.19382331 0.28833443 -0.9377078
vn 0.8716059 0.14407498 -0.4685568
vn 0.8716059 0.14407498 -0.4685568
vn 0.8716059 0.14407498 -0.4685568
vn 0.8716059 0.14407498 -0.4685568
vn 0.8716083 0.14407466 -0.46855247
vn 0.8716083 0.14407466 -0.46855247
vn 0.8716083 0.14407466 -0.46855247
vn 0.8716083 0.14407466 -0.46855247
vn 0.87161624 0.14406951 -0.46853954
vn 0.87161624 0.14406951 -0.46853954
vn 0.768969 -0.20083407 -0.6069204
vn 0.768969 -0.20083407 -0.6069204
vn 0.768969 -0.20083407 -0.6069204
vn 0.768969 -0.20083407 -0.6069204
vn 0.65253067 -0.24144809 -0.71826625
vn 0.65253067 -0.24144809 -0.71826625
vn 0.65253067 -0.24144809 -0.71826625
vn 0.65253067 -0.24144809 -0.71826625
vn 0.7861385 0.18165006 -0.5907534
vn 0.7861385 0.18165006 -0.5907534
vn 0.7861385 0.18165006 -0.5907534
vn 0.7861385 0.18165006 -0.5907534
vn 0.78613836 0.18165094 -0.5907533
vn 0.78613836 0.18165094 -0.5907533
vn 0.78613925 0.18164933 -0.59075266
vn 0.78613925 0.18164933 -0.59075266
vn 0.78615075 0.18164109 -0.59073985
vn 0.78615075 0.18164109 -0.59073985
vn -0 -0.8724226 0.48875242
vn -0 -0.8724226 0.48875242
vn -0 -0.8724226 0.48875242
vn -0 -0.8724226 0.48875242
vn -0 -0.87242246 0.48875257
vn -0 -0.87242246 0.48875257
vn -1.3842177E-06 -0.87242293 0.48875186
vn -1.3842177E-06 -0.87242293 0.48875186
vn -0 -0.8724226 0.48875234
vn -0 -0.8724226 0.48875234
vn -0 -0.8724226 0.48875248
vn -0 -0.8724226 0.48875248
vn -0 -0.8724226 0.48875228
vn -0 -0.8724226 0.48875228
vn -0 -0.29390398 0.9558349
vn -0 -0.29390398 0.9558349
vn -0 -0.29390398 0.9558349
vn -0 -0.29390398 0.9558349
vn -0 -0.29390392 0.9558349
vn -0 -0.29390392 0.9558349
vn -0 -0.29390407 0.9558349
vn -0 -0.29390407 0.9558349
vn -0 -0.29390407 0.9558349
vn -0 -0.29390407 0.9558349
vn -0 -0.29390407 0.9558349
vn -0 -0.29390407 0.9558349
vn -0 -0.29390407 0.9558349
vn -0 -0.29390407 0.9558349
vn -0 -0.29390436 0.9558348
vn -0 -0.29390436 0.9558348
vn -1.16598265E-07 -0.29390392 0.9558349
vn -0 -0.29390392 0.9558349
vn -0 -0.29390392 0.9558349
vn -0 -0.29390407 0.9558349
vn -0 -0.2939042 0.9558349
vn -0 -0.2939042 0.9558349
vn -0 -0.29390436 0.9558348
vn 6.132738E-07 -0.2939038 0.95583504
vn 6.132738E-07 -0.2939038 0.95583504
vn 0.049583763 0.34221902 -0.938311
vn 0.049583763 0.34221902 -0.938311
vn 0.049583763 0.34221902 -0.938311
vn 0.049583763 0.34221902 -0.938311
vn -0 0.63577545 -0.771874
vn -0 0.63577545 -0.771874
vn -0 0.63577545 -0.771874
vn -0 0.63577545 -0.771874
vn -0 0.6357757 -0.7718739
vn -0 0.6357757 -0.7718739
vn -0 0.6357757 -0.7718739
vn -0 0.6357757 -0.7718739
vn -0 0.6357753 -0.7718742
vn -0 0.6357753 -0.7718742
vn -0.02339197 0.48501453 -0.87419313
vn -0.02339197 0.48501453 -0.87419313
vn -0.02339197 0.48501453 -0.87419313
vn -0.02339197 0.48501453 -0.87419313
vn 0.81063056 -0.5841071 0.041193914
vn 0.81063056 -0.5841071 0.041193914
vn 0.81063056 -0.5841071 0.041193914
vn 0.81063056 -0.5841071 0.041193914
vn -0.22251667 -0.9687491 -0.10959635
vn -0.22251667 -0.9687491 -0.10959635
vn -0.22251667 -0.9687491 -0.10959635
vn -0.22251667 -0.9687491 -0.10959635
vn -0.1897346 -0.952707 -0.23738185
vn -0.1897346 -0.952707 -0.23738185
vn -0.1897346 -0.952707 -0.23738185
vn -0.1897346 -0.952707 -0.23738185
vn -0.18981048 -0.9506702 -0.24535339
vn -0.18981048 -0.9506702 -0.24535339
vn 0.227267 -0.9676597 -0.10947308
vn 0.227267 -0.9676597 -0.10947308
vn 0.227267 -0.9676597 -0.10947308
vn 0.227267 -0.9676597 -0.10947308
vn -0.8043807 -0.59264225 0.04179584
vn -0.8043807 -0.59264225 0.04179584
vn -0.8043807 -0.59264225 0.04179584
vn -0.8043807 -0.59264225 0.04179584
vn -0.8043807 -0.59264225 0.04179584
vn -0.8043807 -0.59264225 0.04179584
vn -0 0.29390886 -0.9558334
vn -0 0.29390886 -0.9558334
vn -0 0.29390886 -0.9558334
vn -0 0.29390886 -0.9558334
vn -0 0.29390788 -0.95583373
vn -0 0.29390788 -0.95583373
vn -0 0.29390788 -0.95583373
vn -0 0.29390788 -0.95583373
vn -0 0.2938995 -0.95583636
vn -0 0.2938995 -0.95583636
vn -0 0.2938996 -0.95583636
vn -0 0.2938996 -0.95583636
vn -0 0.2938996 -0.95583636
vn -0 0.2938996 -0.95583636
vn -0 0.29390797 -0.95583373
vn -0 0.29390797 -0.95583373
vn -0 0.29390922 -0.9558333
vn -0 0.29390922 -0.9558333
vn -0 0.2939091 -0.9558334
vn -0 0.2939091 -0.9558334
vn -0 0.29390895 -0.9558334
vn -0 0.29390895 -0.9558334
vn -0 0.29390922 -0.9558333
vn -1.3827723E-07 0.2939079 -0.95583373
vn -0 0.29389954 -0.95583636
vn -0 0.06340949 -0.9979876
vn -0 0.06340949 -0.9979876
vn -0 0.06340949 -0.9979876
vn -0 0.06340949 -0.9979876
vn -0 0.06340726 -0.99798775
vn -0 0.06340726 -0.99798775
vn -0 0.06340726 -0.99798775
vn -0 0.06340726 -0.99798775
vn -0 0.06340893 -0.9979876
vn -0 0.06340893 -0.9979876
vn -0.06262799 0.018665357 -0.9978624
vn -0.06262799 0.018665357 -0.9978624
vn -0.06262799 0.018665357 -0.9978624
vn -0.06262799 0.018665357 -0.9978624
vn -0.06262799 0.018665357 -0.9978624
vn -0.06262799 0.018665357 -0.9978624
vn -0.05432598 0.2934747 -0.95442206
vn -0.05432598 0.2934747 -0.95442206
vn -0.05432598 0.2934747 -0.95442206
vn -0.05432598 0.2934747 -0.95442206
vn -0.05432562 0.29347527 -0.9544218
vn -0.05432562 0.29347527 -0.9544218
vn -0.054326527 0.29347402 -0.9544221
vn -0.054326527 0.29347402 -0.9544221
vn -0.054326948 0.29346612 -0.9544245
vn -0.054326948 0.29346612 -0.9544245
vn -0 0.081554666 0.9966689
vn -0 0.081554666 0.9966689
vn -0 0.081554666 0.9966689
vn -0 0.081554666 0.9966689
vn -0 0.081554614 0.9966689
vn -0 0.081554614 0.9966689
vn -0 0.081554554 0.9966689
vn -0 0.081554554 0.9966689
vn -0 0.081554554 0.9966689
vn -0 0.081554554 0.9966689
vn 0.1366297 0.119614206 0.9833741
vn 0.1366297 0.119614206 0.9833741
vn 0.1366297 0.119614206 0.9833741
vn 0.1366297 0.119614206 0.9833741
vn 0.38543427 0.38481665 0.83866364
vn 0.38543427 0.38481665 0.83866364
vn 0.38543427 0.38481665 0.83866364
vn 0.38543427 0.38481665 0.83866364
vn -0 0.27383098 0.9617778
vn -0 0.27383098 0.9617778
vn -0 0.27383098 0.9617778
vn -0 0.27383098 0.9617778
vn -0 0.27383107 0.9617778
vn -0 0.27383107 0.9617778
vn -0 0.273831 0.9617778
vn -0 0.273831 0.9617778
vn -0 0.273831 0.9617778
vn -0 0.273831 0.9617778
vn -0.8336636 0.16231668 -0.52788097
vn -0.8336636 0.16231668 -0.52788097
vn -0.8336636 0.16231668 -0.52788097
vn -0.8336636 0.16231668 -0.52788097
vn -0.8336529 0.16232271 -0.52789605
vn -0.8336529 0.16232271 -0.52789605
vn -0.8336524 0.16232216 -0.527897
vn -0.8336524 0.16232216 -0.527897
vn -0.8336524 0.16232216 -0.527897
vn -0.8336524 0.16232216 -0.527897
vn -0.799552 0.4083448 0.4404215
vn -0.799552 0.4083448 0.4404215
vn -0.799552 0.4083448 0.4404215
vn -0.799552 0.4083448 0.4404215
vn -0.5993358 0.60224533 -0.52734923
vn -0.5993358 0.60224533 -0.52734923
vn -0.5993358 0.60224533 -0.52734923
vn -0.5993358 0.60224533 -0.52734923
vn -0.43977612 0.26395503 -0.8584432
vn -0.43977612 0.26395503 -0.8584432
vn -0.43977612 0.26395503 -0.8584432
vn -0.43977612 0.26395503 -0.8584432
vn -0.43976384 0.26396292 -0.858447
vn -0.43976384 0.26396292 -0.858447
vn -0.43976232 0.26396388 -0.85844755
vn -0.43976232 0.26396388 -0.85844755
vn -0.43976232 0.26396388 -0.85844755
vn -0.43976232 0.26396388 -0.85844755
vn -0 -0.7295218 -0.68395746
vn -0 -0.7295218 -0.68395746
vn -0 -0.7295218 -0.68395746
vn -0 -0.7295218 -0.68395746
vn -0 -0.7431597 -0.66911405
vn -0 -0.7431597 -0.66911405
vn -0 -0.72952306 -0.68395615
vn -0 -0.72952306 -0.68395615
vn -0 -0.72952306 -0.68395615
vn -0 -0.72952306 -0.68395615
vn -0 -0.7431608 -0.66911286
vn 3.69196E-07 -0.743159 -0.66911477
vn -0 -0.7295228 -0.68395644
vn -0 -0.7295228 -0.68395644
vn -8.6703005E-07 -0.7431601 -0.66911364
vn -0.06641947 -0.7230813 -0.6875623
vn -0.06641947 -0.7230813 -0.6875623
vn -0.06641947 -0.7230813 -0.6875623
vn -0.06641947 -0.7230813 -0.6875623
vn -0.079199985 -0.68973535 -0.7197169
vn -0.079199985 -0.68973535 -0.7197169
vn -0.079199985 -0.68973535 -0.7197169
vn -0.079199985 -0.68973535 -0.7197169
vn -0.53098226 -0.40394086 -0.7449092
vn -0.53098226 -0.40394086 -0.7449092
vn -0.53098226 -0.40394086 -0.7449092
vn -0.53098226 -0.40394086 -0.7449092
vn -0.31464988 -0.30244696 -0.899734
vn -0.31464988 -0.30244696 -0.899734
vn -0.31464988 -0.30244696 -0.899734
vn -0.31464988 -0.30244696 -0.899734
vn -0.9824228 -0.0548637 0.17842469
vn -0.9824228 -0.0548637 0.17842469
vn -0.9824228 -0.0548637 0.17842469
vn -0.9824228 -0.0548637 0.17842469
vn -0.98242295 -0.054863688 0.17842425
vn -0.98242295 -0.054863553 0.17842413
vn -0.98242295 -0.054863553 0.17842413
vn 0.14533956 0.33733538 -0.9300974
vn 0.14533956 0.33733538 -0.9300974
vn 0.14533956 0.33733538 -0.9300974
vn 0.14533956 0.33733538 -0.9300974
vn 0.9633074 0.26608485 0.035179976
vn 0.9633074 0.26608485 0.035179976
vn 0.9633074 0.26608485 0.035179976
vn 0.9633074 0.26608485 0.035179976
vn 0.8893333 0.34401414 -0.30123174
vn 0.8893333 0.34401414 -0.30123174
vn 0.8893333 0.34401414 -0.30123174
vn 0.8893333 0.34401414 -0.30123174
vn -0 0.3784686 -0.9256142
vn -0 0.3784686 -0.9256142
vn -0 0.3784686 -0.9256142
vn -0 0.3784686 -0.92561406
vn -0 0.3784686 -0.9256142
vn -0 0.3784686 -0.9256142
vn -0 0.3784686 -0.9256142
vn -0 0.3784686 -0.9256142
vn -0 0.3784686 -0.9256142
vn -0 0.3784686 -0.9256142
vn -0 0.3784686 -0.9256142
vn -0 0.37846875 -0.92561406
vn -0 0.37846875 -0.92561406
vn -0.080506556 0.40263158 -0.91181505
vn -0.080506556 0.40263158 -0.91181505
vn -0.080506556 0.40263158 -0.91181505
vn -0.080506556 0.40263158 -0.91181505
vn -0 0.2939042 -0.9558349
vn -0 0.29390392 -0.9558349
vn -0 0.29390407 -0.9558349
vn -0 0.29390383 -0.95583504
vn -0 0.29390383 -0.95583504
vn -0 0.29390392 -0.9558349
vn -1.07924656E-07 0.29390398 -0.9558349
vn -1.07924656E-07 0.29390398 -0.9558349
vn -0 0.2939041 -0.9558349
vn -0 0.2939041 -0.9558349
vn -0 0.2939041 -0.9558349
vn -0 0.2939041 -0.9558349
vn -0 0.2939041 -0.9558349
vn -0 0.2939041 -0.9558349
vn -0 0.29390392 -0.9558349
vn -0 0.29390392 -0.9558349
vn -0 0.29390392 -0.9558349
vn -0 0.29390404 -0.9558349
vn -0 0.29390404 -0.9558349
vn -0 0.29390448 -0.9558348
vn -0 0.29390392 -0.9558349
vn -0 0.29390392 -0.9558349
vn -0 0.29390445 -0.9558348
vn -0 0.29390445 -0.9558348
vn -0 0.29390392 -0.9558349
vn 0.04207746 0.29364368 -0.9549884
vn -0 0.074831806 -0.9971962
vn -0 0.074831806 -0.9971962
vn -0 0.074831806 -0.9971962
vn -0 0.074831806 -0.9971962
vn -0 0.07483319 -0.9971961
vn -0 0.07483319 -0.9971961
vn -0 0.07483319 -0.9971961
vn -0 0.07483319 -0.9971961
vn -0 0.07483387 -0.99719596
vn -0 0.07483387 -0.99719596
vn -0.013806083 0.13680115 -0.99050236
vn -0.013806083 0.13680115 -0.99050236
vn -0.013806083 0.13680115 -0.99050236
vn -0.013806083 0.13680115 -0.99050236
vn -0 0.29387712 -0.9558432
vn -2.7558693E-07 0.29387677 -0.9558433
vn -0 0.29387593 -0.9558436
vn 0.04362746 0.23974933 -0.96985406
vn 0.04362746 0.23974933 -0.96985406
vn 0.04362746 0.23974933 -0.96985406
vn 0.04362746 0.23974933 -0.96985406
vn 0.042076968 0.29361644 -0.9549968
vn -1 0 0
vn -0.028081445 0.23727 -0.9710378
vn -0.028081445 0.23727 -0.9710378
vn -0.028081445 0.23727 -0.9710378
vn -0.028081445 0.23727 -0.9710378
vn 0.5131835 -0.2522291 0.8203799
vn 0.5131835 -0.2522291 0.8203799
vn 0.5131835 -0.2522291 0.8203799
vn 0.5131835 -0.2522291 0.8203799
vn 0.5131848 -0.25222927 0.82037896
vn 0.5131848 -0.25222927 0.82037896
vn 0.51318705 -0.25222868 0.8203778
vn 0.51318705 -0.25222868 0.8203778
vn 0.5131847 -0.25224993 0.8203727
vn 0.5131847 -0.25224993 0.8203727
vn 0.5131847 -0.25224993 0.8203727
vn 0.5131847 -0.25224993 0.8203727
vn 0.5131802 -0.25225094 0.8203752
vn 0.5131802 -0.25225094 0.8203752
vn 0.5131845 -0.2522514 0.82037246
vn 0.5131845 -0.2522514 0.82037246
vn 0.5131845 -0.2522514 0.82037246
vn 0.5131845 -0.2522514 0.82037246
vn 0.5131847 -0.25225145 0.8203722
vn 0.5131847 -0.25225145 0.8203722
vn 0.51318467 -0.25225133 0.8203724
vn 0.51318467 -0.25225133 0.8203724
vn 0.5131851 -0.2522513 0.82037216
vn 0.5131851 -0.2522513 0.82037216
vn 0.5131851 -0.2522513 0.82037216
vn 0.5131851 -0.2522513 0.82037216
vn 0.5131851 -0.252251 0.82037216
vn 0.5131851 -0.252251 0.82037216
vn 0.5131846 -0.25225163 0.82037234
vn 0.5131846 -0.25225163 0.82037234
vn 0.5131846 -0.25225163 0.82037234
vn 0.5131846 -0.25225163 0.82037234
vn 0.51318485 -0.25225157 0.82037216
vn 0.51318485 -0.25225157 0.82037216
vn 0.51318324 -0.25225255 0.8203729
vn 0.51318324 -0.25225255 0.8203729
vn 0.51318324 -0.25225255 0.8203729
vn 0.51318324 -0.25225255 0.8203729
vn 0.51318455 -0.2522554 0.8203712
vn 0.51318455 -0.2522554 0.8203712
vn 0.5131843 -0.25225607 0.8203711
vn 0.5131843 -0.25225607 0.8203711
vn 0.5131845 -0.2522558 0.82037103
vn 0.5131845 -0.2522558 0.82037103
vn 0.5131852 -0.2522549 0.82037085
vn 0.5131852 -0.2522549 0.82037085
vn -0.11075923 0.35304067 -0.9290289
vn -0.11075923 0.35304067 -0.9290289
vn -0.11075923 0.35304067 -0.9290289
vn -0.11075923 0.35304067 -0.9290289
vn -0.16541547 0.2898593 -0.94266605
vn -0.16541547 0.2898593 -0.94266605
vn -0.16541547 0.2898593 -0.94266605
vn -0.16541547 0.2898593 -0.94266605
vn -0.16540954 0.28986037 -0.94266677
vn -0.16540954 0.28986037 -0.94266677
vn -0.16540894 0.28986046 -0.9426669
vn -0.16540894 0.28986046 -0.9426669
vn -0.16540973 0.2898606 -0.9426667
vn -0.16540973 0.2898606 -0.9426667
vn 0.561961 0.07352836 0.8238892
vn 0.561961 0.07352836 0.8238892
vn 0.561961 0.07352836 0.8238892
vn 0.561961 0.07352836 0.8238892
vn 0.12348793 0.45131293 -0.8837802
vn 0.12348793 0.45131293 -0.8837802
vn 0.12348793 0.45131293 -0.8837802
vn 0.12348793 0.45131293 -0.8837802
vn 0.5131847 -0.25225133 0.8203722
vn 0.5131847 -0.25225133 0.8203722
vn 0.5131847 -0.25225133 0.8203722
vn 0.40658912 -0.8323623 0.37664062
vn 0.40658912 -0.8323623 0.37664062
vn 0.40658912 -0.8323623 0.37664062
vn 0.40658912 -0.8323623 0.37664062
vn -0.09817019 0.22278091 -0.969913
vn -0.09817019 0.22278091 -0.969913
vn -0.09817019 0.22278091 -0.969913
vn -0.09817019 0.22278091 -0.969913
vn -0.032131027 0.3451199 -0.93800837
vn -0.032131027 0.3451199 -0.93800837
vn -0.032131027 0.3451199 -0.93800837
vn -0.032131027 0.3451199 -0.93800837
vn -0 0.29390392 -0.9558349
vn -0 0.29390392 -0.9558349
vn -0 0.2939042 -0.9558349
vn -0.10844144 -0.18839261 -0.9760885
vn -0.10844144 -0.18839261 -0.9760885
vn -0.10844144 -0.18839261 -0.9760885
vn -0.10844144 -0.18839261 -0.9760885
vn -0.049186766 0.21151173 -0.976137
vn -0.049186766 0.21151173 -0.976137
vn -0.049186766 0.21151173 -0.976137
vn -0.049186766 0.21151173 -0.976137
vn -0.04115329 0.29365504 -0.9550252
vn -0.04115329 0.29365504 -0.9550252
vn -0 -0.2938743 0.95584404
vn -2.3683467E-06 -0.2938928 0.9558384
vn -3.5305986E-06 -0.29390204 0.95583546
vn -0 -0.29387665 0.9558433
vn -0 -0.2938765 0.9558434
vn -0 -0.2938765 0.9558434
vn -0 -0.2938822 0.95584166
vn -0 -0.29387408 0.95584416
vn -1.2862454E-06 -0.2939026 0.95583534
vn -1.2862454E-06 -0.2939026 0.95583534
vn 4.584822E-07 -0.29390225 0.95583546
vn 4.584822E-07 -0.29390225 0.95583546
vn 2.4865196E-07 -0.29389268 0.9558384
vn -0 -0.29389817 0.95583665
vn -0 -0.29387975 0.95584244
vn -0 -0.29387975 0.95584244
vn -0 -0.29387686 0.9558433
vn -2.4476313E-07 -0.29390225 0.95583546
vn -2.4476313E-07 -0.29390225 0.95583546
vn -0 -0.2938747 0.955844
vn -0 -0.29390973 0.9558332
vn -0 -0.2939091 0.9558334
vn -0 -0.29390916 0.9558333
vn -0 -0.29390848 0.9558335
vn -0 -0.2939092 0.9558333
vn -0 -0.2939092 0.9558333
vn -0 -0.29390484 0.9558347
vn -1.6910276E-07 -0.29390603 0.95583427
vn -0 -0.29390404 0.9558349
vn -0 -0.29390398 0.9558349
vn -0 -0.29390398 0.9558349
vn -0 -0.29390398 0.9558349
vn -0 -0.29390398 0.9558349
vn -0 -0.29390404 0.9558349
vn -0 -0.29390404 0.9558349
vn -0 -0.29390422 0.9558349
vn -0 -0.2939043 0.9558348
vn 1.5094855E-06 -0.29390422 0.9558349
vn -0.05434683 0.115875326 0.9917759
vn -0.05434683 0.115875326 0.9917759
vn -0.05434683 0.115875326 0.9917759
vn -0.05434683 0.115875326 0.9917759
vn -0.15875977 0.41175056 0.89736104
vn -0.15875977 0.41175056 0.89736104
vn -0.15875977 0.41175056 0.89736104
vn -0.15875977 0.41175056 0.89736104
vn -0 0.29390445 -0.9558348
vn -0 0.29390445 -0.9558348
vn -0 0.29390445 -0.9558348
vn -0 0.29390445 -0.9558348
vn -0 0.29390436 -0.9558348
vn -0 0.2939044 -0.9558348
vn -0 0.2939044 -0.9558348
vn 0.055085406 0.48208788 -0.8743894
vn 0.055085406 0.48208788 -0.8743894
vn 0.055085406 0.48208788 -0.8743894
vn 0.055085406 0.48208788 -0.8743894
vn -0 0.2939018 -0.9558356
vn -0 0.31619728 -0.9486934
vn 0.13994138 0.291017 -0.9464277
vn 0.13994138 0.291017 -0.9464277
vn 0.13994138 0.291017 -0.9464277
vn 0.13994138 0.291017 -0.9464277
vn 0.13994408 0.2910155 -0.9464278
vn 0.13994408 0.2910155 -0.9464278
vn 0.13994408 0.2910155 -0.9464278
vn 0.13994408 0.2910155 -0.9464278
vn 0.13994427 0.29100797 -0.94643015
vn 0.13994427 0.29100797 -0.94643015
vn 0.16088803 0.018456561 -0.9868001
vn 0.16088803 0.018456561 -0.9868001
vn 0.16088803 0.018456561 -0.9868001
vn 0.16088803 0.018456561 -0.9868001
vn 0.1635948 -0.7062632 -0.68878806
vn 0.1635948 -0.7062632 -0.68878806
vn 0.1635948 -0.7062632 -0.68878806
vn 0.1635948 -0.7062632 -0.68878806
vn 0.20212194 -0.6776331 -0.7070786
vn 0.20212194 -0.6776331 -0.7070786
vn 0.20212194 -0.6776331 -0.7070786
vn 0.20212194 -0.6776331 -0.7070786
vn 0.20534241 0.3953343 -0.8952906
vn 0.20534241 0.3953343 -0.8952906
vn 0.20534241 0.3953343 -0.8952906
vn 0.20534241 0.3953343 -0.8952906
vn 0.032704506 0.13795005 -0.9898991
vn 0.032704506 0.13795005 -0.9898991
vn 0.032704506 0.13795005 -0.9898991
vn 0.032704506 0.13795005 -0.9898991
vn -0 -0.2972601 0.9547965
vn -0 -0.2972601 0.9547965
vn -0 -0.2972601 0.9547965
vn -0 -0.2972601 0.9547965
vn 1 0 0
vn 1 0 0
vn 1 0 0
vn 1 0 0
vn -0 -0.954797 -0.2972584
vn -0 -0.954797 -0.2972584
vn -0 -0.954797 -0.2972584
vn -0 -0.954797 -0.2972584
vn -0 0.954797 0.29725844
vn -0 0.954797 0.29725844
vn -0 0.954797 0.29725844
vn -0 0.954797 0.29725844
vn -1 0 0
vn -1 0 0
vn -1 0 0
vn -1 0 0
vn -0 0.29726034 -0.9547965
vn -0 0.29726034 -0.9547965
vn -0 0.29726034 -0.9547965
vn -0 0.29726034 -0.9547965
vn -0 -0.2972601 0.9547966
vn -0 -0.2972601 0.9547966
vn -0 -0.2972601 0.9547966
vn -0 -0.2972601 0.9547966
vn 1 0 0
vn 1 0 0
vn 1 0 0
vn 1 0 0
vn -0 -0.954797 -0.2972584
vn -0 -0.954797 -0.2972584
vn -0 -0.954797 -0.2972584
vn -0 -0.954797 -0.2972584
vn -0 0.954797 0.2972584
vn -0 0.954797 0.2972584
vn -0 0.954797 0.2972584
vn -0 0.954797 0.2972584
vn -1 0 0
vn -1 0 0
vn -1 0 0
vn -1 0 0
vn -0 0.29726022 -0.9547965
vn -0 0.29726022 -0.9547965
vn -0 0.29726022 -0.9547965
vn -0 0.29726022 -0.9547965
vn -0 -0.2972601 0.9547966
vn -0 -0.2972601 0.9547966
vn -0 -0.2972601 0.9547966
vn -0 -0.2972601 0.9547966
vn 1 0 3.4048176E-06
vn 1 0 3.4048176E-06
vn 1 0 3.4048176E-06
vn 1 0 3.4048176E-06
vn -0 -0.954797 -0.2972584
vn -0 -0.954797 -0.2972584
vn -0 -0.954797 -0.2972584
vn -0 -0.954797 -0.2972584
vn -0 0.95479506 0.29726478
vn -0 0.95479506 0.29726478
vn -0 0.95479506 0.29726478
vn -0 0.95479506 0.29726478
vn -1 0 0
vn -1 0 0
vn -1 0 0
vn -1 0 0
vn -0 0.29726022 -0.9547965
vn -0 0.29726022 -0.9547965
vn -0 0.29726022 -0.9547965
vn -0 0.29726022 -0.9547965
vn -0 -0.29142833 0.9565927
vn -0 -0.29142833 0.9565927
vn -0 -0.29142833 0.9565927
vn -0 -0.29142833 0.9565927
vn 1 0 0
vn 1 0 0
vn 1 0 0
vn 1 0 0
vn -0 -0.954797 -0.2972585
vn -0 -0.954797 -0.2972585
vn -0 -0.954797 -0.2972585
vn -0 -0.954797 -0.2972585
vn -0 0.954797 0.2972584
vn -0 0.954797 0.2972584
vn -0 0.954797 0.2972584
vn -0 0.954797 0.2972584
vn -1 0 0
vn -1 0 0
vn -1 0 0
vn -1 0 0
vn -0 0.2972601 -0.9547966
vn -0 0.2972601 -0.9547966
vn -0 0.2972601 -0.9547966
vn -0 0.2972601 -0.9547966
vn -0 -0.29726037 0.9547965
vn -0 -0.29726037 0.9547965
vn -0 -0.29726037 0.9547965
vn -0 -0.29726037 0.9547965
vn 1 0 0
vn 1 0 0
vn 1 0 0
vn 1 0 0
vn -0 -0.954797 -0.29725844
vn -0 -0.954797 -0.29725844
vn -0 -0.954797 -0.29725844
vn -0 -0.954797 -0.29725844
vn -0 0.954797 0.2972585
vn -0 0.954797 0.2972585
vn -0 0.954797 0.2972585
vn -0 0.954797 0.2972585
vn -1 0 0
vn -1 0 0
vn -1 0 0
vn -1 0 0
vn -0 0.29726043 -0.9547964
vn -0 0.29726043 -0.9547964
vn -0 0.29726043 -0.9547964
vn -0 0.29726043 -0.9547964
vn -0 -0.29726017 0.9547965
vn -0 -0.29726017 0.9547965
vn -0 -0.29726017 0.9547965
vn -0 -0.29726017 0.9547965
vn 1 0 0
vn 1 0 0
vn 1 0 0
vn 1 0 0
vn -0 -0.954797 -0.29725844
vn -0 -0.954797 -0.29725844
vn -0 -0.954797 -0.29725844
vn -0 -0.954797 -0.29725844
vn -0 0.954797 0.29725844
vn -0 0.954797 0.29725844
vn -0 0.954797 0.29725844
vn -0 0.954797 0.29725844
vn -1 0 0
vn -1 0 0
vn -1 0 0
vn -1 0 0
vn -0 0.2972601 -0.9547966
vn -0 0.2972601 -0.9547966
vn -0 0.2972601 -0.9547966
vn -0 0.2972601 -0.9547966
vn -0 -0.2972601 0.9547966
vn -0 -0.2972601 0.9547966
vn -0 -0.2972601 0.9547966
vn -0 -0.2972601 0.9547966
vn 1 0 0
vn 1 0 0
vn 1 0 0
vn 1 0 0
vn -0 -0.95479727 -0.29725766
vn -0 -0.95479727 -0.29725766
vn -0 -0.95479727 -0.29725766
vn -0 -0.95479727 -0.29725766
vn -0 0.954797 0.29725844
vn -0 0.954797 0.29725844
vn -0 0.954797 0.29725844
vn -0 0.954797 0.29725844
vn -1 0 0
vn -1 0 0
vn -1 0 0
vn -1 0 0
vn -0 0.29726017 -0.9547965
vn -0 0.29726017 -0.9547965
vn -0 0.29726017 -0.9547965
vn -0 0.29726017 -0.9547965
vn -0 -0.2972601 0.9547966
vn -0 -0.2972601 0.9547966
vn -0 -0.2972601 0.9547966
vn -0 -0.2972601 0.9547966
vn 1 0 8.512044E-07
vn 1 0 8.512044E-07
vn 1 0 8.512044E-07
vn 1 0 8.512044E-07
vn -0 -0.95479727 -0.29725766
vn -0 -0.95479727 -0.29725766
vn -0 -0.95479727 -0.29725766
vn -0 -0.95479727 -0.29725766
vn -0 0.95479506 0.29726475
vn -0 0.95479506 0.29726475
vn -0 0.95479506 0.29726475
vn -0 0.95479506 0.29726475
vn -1 0 0
vn -1 0 0
vn -1 0 0
vn -1 0 0
vn -0 0.2972599 -0.9547966
vn -0 0.2972599 -0.9547966
vn -0 0.2972599 -0.9547966
vn -0 0.2972599 -0.9547966
vn -0 -0.2914283 0.9565927
vn -0 -0.2914283 0.9565927
vn -0 -0.2914283 0.9565927
vn -0 -0.2914283 0.9565927
vn 1 0 0
vn 1 0 0
vn 1 0 0
vn 1 0 0
vn -0 -0.954797 -0.29725844
vn -0 -0.954797 -0.29725844
vn -0 -0.954797 -0.29725844
vn -0 -0.954797 -0.29725844
vn -0 0.954797 0.29725844
vn -0 0.954797 0.29725844
vn -0 0.954797 0.29725844
vn -0 0.954797 0.29725844
vn -1 0 0
vn -1 0 0
vn -1 0 0
vn -1 0 0
vn -0 0.2972601 -0.9547966
vn -0 0.2972601 -0.9547966
vn -0 0.2972601 -0.9547966
vn -0 0.2972601 -0.9547966
vn -0 -0.2972605 0.9547964
vn -0 -0.2972605 0.9547964
vn -0 -0.2972605 0.9547964
vn -0 -0.2972605 0.9547964
vn 1 0 0
vn 1 0 0
vn 1 0 0
vn 1 0 0
vn -0 -0.954797 -0.29725853
vn -0 -0.954797 -0.29725853
vn -0 -0.954797 -0.29725853
vn -0 -0.954797 -0.29725853
vn -0 0.954797 0.29725844
vn -0 0.954797 0.29725844
vn -0 0.954797 0.29725844
vn -0 0.954797 0.29725844
vn -1 0 0
vn -1 0 0
vn -1 0 0
vn -1 0 0
vn -0 0.2972605 -0.9547964
vn -0 0.2972605 -0.9547964
vn -0 0.2972605 -0.9547964
vn -0 0.2972605 -0.9547964
vn -0 -0.2972601 0.9547965
vn -0 -0.2972601 0.9547965
vn -0 -0.2972601 0.9547965
vn -0 -0.2972601 0.9547965
vn 1 0 0
vn 1 0 0
vn 1 0 0
vn 1 0 0
vn -0 -0.954797 -0.2972584
vn -0 -0.954797 -0.2972584
vn -0 -0.954797 -0.2972584
vn -0 -0.954797 -0.2972584
vn -0 0.954797 0.29725853
vn -0 0.954797 0.29725853
vn -0 0.954797 0.29725853
vn -0 0.954797 0.29725853
vn -1 0 0
vn -1 0 0
vn -1 0 0
vn -1 0 0
vn -0 0.2972603 -0.9547965
vn -0 0.2972603 -0.9547965
vn -0 0.2972603 -0.9547965
vn -0 0.2972603 -0.9547965
vn -0 -0.2972601 0.9547965
vn -0 -0.2972601 0.9547965
vn -0 -0.2972601 0.9547965
vn -0 -0.2972601 0.9547965
vn 1 0 0
vn 1 0 0
vn 1 0 0
vn 1 0 0
vn -0 -0.954797 -0.2972584
vn -0 -0.954797 -0.2972584
vn -0 -0.954797 -0.2972584
vn -0 -0.954797 -0.2972584
vn -0 0.954797 0.2972584
vn -0 0.954797 0.2972584
vn -0 0.954797 0.2972584
vn -0 0.954797 0.2972584
vn -1 0 0
vn -1 0 0
vn -1 0 0
vn -1 0 0
vn -0 0.29726022 -0.9547965
vn -0 0.29726022 -0.9547965
vn -0 0.29726022 -0.9547965
vn -0 0.29726022 -0.9547965
vn -0 -0.2972601 0.9547966
vn -0 -0.2972601 0.9547966
vn -0 -0.2972601 0.9547966
vn -0 -0.2972601 0.9547966
vn 1 0 -1.7024088E-06
vn 1 0 -1.7024088E-06
vn 1 0 -1.7024088E-06
vn 1 0 -1.7024088E-06
vn -0 -0.954797 -0.2972584
vn -0 -0.954797 -0.2972584
vn -0 -0.954797 -0.2972584
vn -0 -0.954797 -0.2972584
vn -0 0.95479506 0.2972647
vn -0 0.95479506 0.2972647
vn -0 0.95479506 0.2972647
vn -0 0.95479506 0.2972647
vn -1 0 0
vn -1 0 0
vn -1 0 0
vn -1 0 0
vn -0 0.29726022 -0.9547965
vn -0 0.29726022 -0.9547965
vn -0 0.29726022 -0.9547965
vn -0 0.29726022 -0.9547965
vn -0 -0.29142836 0.9565927
vn -0 -0.29142836 0.9565927
vn -0 -0.29142836 0.9565927
vn -0 -0.29142836 0.9565927
vn 1 0 0
vn 1 0 0
vn 1 0 0
vn 1 0 0
vn -0 -0.954797 -0.2972584
vn -0 -0.954797 -0.2972584
vn -0 -0.954797 -0.2972584
vn -0 -0.954797 -0.2972584
vn -0 0.954797 0.2972584
vn -0 0.954797 0.2972584
vn -0 0.954797 0.2972584
vn -0 0.954797 0.2972584
vn -1 0 0
vn -1 0 0
vn -1 0 0
vn -1 0 0
vn -0 0.2972601 -0.9547966
vn -0 0.2972601 -0.9547966
vn -0 0.2972601 -0.9547966
vn -0 0.2972601 -0.9547966
vn -0 -0.29726046 0.9547965
vn -0 -0.29726046 0.9547965
vn -0 -0.29726046 0.9547965
vn -0 -0.29726046 0.9547965
vn 1 0 0
vn 1 0 0
vn 1 0 0
vn 1 0 0
vn -0 1 0
vn -0 1 0
vn -0 1 0
vn -0 1 0
vn -0 1 0
vn -0 1 0
vn -0 0.954797 0.2972584
vn -0 0.954797 0.2972584
vn -0 0.954797 0.2972584
vn -0 0.954797 0.2972584
vn -1 0 0
vn -1 0 0
vn -1 0 0
vn -1 0 0
vn -0 0.2972605 -0.9547964
vn -0 0.2972605 -0.9547964
vn -0 0.2972605 -0.9547964
vn -0 0.2972605 -0.9547964
vn -0 -0.29726034 0.9547965
vn -0 -0.29726034 0.9547965
vn -0 -0.29726034 0.9547965
vn -0 -0.29726034 0.9547965
vn -1 0 0
vn -1 0 0
vn -1 0 0
vn -1 0 0
vn -1 0 0
vn -1 0 0
vn -9.536743E-07 -1 0
vn -9.536743E-07 -1 0
vn -9.536743E-07 -1 0
vn -0 1 0
vn -0 1 0
vn -0 1 0
vn -0 1 0
vn -0 1 0
vn -0 1 0
vn 1 0 0
vn 1 0 0
vn 1 0 0
vn 1 0 0
vn 1 0 0
vn 1 0 0
vn -0 0.29726034 -0.9547965
vn -0 0.29726034 -0.9547965
vn -0 0.29726034 -0.9547965
vn -0 0.29726034 -0.9547965
vn 8.748792E-07 -0.29726017 0.9547965
vn 8.748792E-07 -0.29726017 0.9547965
vn 8.748792E-07 -0.29726017 0.9547965
vn 8.748792E-07 -0.29726017 0.9547965
vn -1 0 0
vn -1 0 0
vn -1 0 0
vn -1 0 0
vn -1 0 0
vn -1 0 0
vn -2.6950286E-07 0.28259423 0.9592395
vn -2.6950286E-07 0.28259423 0.9592395
vn -2.6950286E-07 0.28259423 0.9592395
vn -2.6950286E-07 0.28259423 0.9592395
vn -2.6950286E-07 0.28259423 0.9592395
vn -2.6950286E-07 0.28259423 0.9592395
vn -1 0 0
vn -1 0 0
vn -1 0 0
vn -7.348992E-07 0.29726014 -0.9547966
vn -7.348992E-07 0.29726014 -0.9547966
vn -7.348992E-07 0.29726014 -0.9547966
vn -7.348992E-07 0.29726014 -0.9547966
vn -0 -0.29726034 0.9547965
vn -0 -0.29726034 0.9547965
vn -0 -0.29726034 0.9547965
vn -0 -0.29726034 0.9547965
vn -1 0 0
vn -1 0 0
vn -1 0 0
vn -1 0 0
vn -1 0 0
vn -1 0 0
vn -9.536743E-07 -1 0
vn -9.536743E-07 -1 0
vn -9.536743E-07 -1 0
vn -2.7206102E-07 -0.24961707 -0.9683446
vn -2.7206102E-07 -0.24961707 -0.9683446
vn -2.7206102E-07 -0.24961707 -0.9683446
vn -2.7206102E-07 -0.24961707 -0.9683446
vn -2.7206102E-07 -0.24961707 -0.9683446
vn -2.7206102E-07 -0.24961707 -0.9683446
vn 1 0 0
vn 1 0 0
vn 1 0 0
vn 1 0 0
vn 1 0 0
vn 1 0 0
vn -0 0.29726034 -0.9547965
vn -0 0.29726034 -0.9547965
vn -0 0.29726034 -0.9547965
vn -0 0.29726034 -0.9547965
vn 8.7487956E-07 -0.29726017 0.9547965
vn 8.7487956E-07 -0.29726017 0.9547965
vn 8.7487956E-07 -0.29726017 0.9547965
vn 8.7487956E-07 -0.29726017 0.9547965
vn -1 0 0
vn -1 0 0
vn -1 0 0
vn -1 0 0
vn -1 0 0
vn -1 0 0
vn -0 -0.902863 -0.42992812
vn -0 -0.902863 -0.42992812
vn -0 -0.902863 -0.42992812
vn -0 -0.902863 -0.42992812
vn -1 0 0
vn -1 0 0
vn -1 0 0
vn -7.348992E-07 0.29726014 -0.9547966
vn -7.348992E-07 0.29726014 -0.9547966
vn -7.348992E-07 0.29726014 -0.9547966
vn -7.348992E-07 0.29726014 -0.9547966
vn -0 -0.29726017 0.9547965
vn -0 -0.29726017 0.9547965
vn -0 -0.29726017 0.9547965
vn -0 -0.29726017 0.9547965
vn 1 0 0
vn 1 0 0
vn 1 0 0
vn 1 0 0
vn -0 0.9028604 0.4299337
vn -0 0.9028604 0.4299337
vn -0 0.9028604 0.4299337
vn -0 0.9028604 0.4299337
vn -1 0 0
vn -1 0 0
vn -1 0 0
vn -1 0 0
vn -0 0.29726017 -0.9547965
vn -0 0.29726017 -0.9547965
vn -0 0.29726017 -0.9547965
vn -0 0.29726017 -0.9547965
vn -0.5773427 -0.7228805 0.37963048
vn -0.5773427 -0.7228805 0.37963048
vn -0.5773427 -0.7228805 0.37963048
vn -0.5773528 0.37962922 0.7228731
vn -0.5773528 0.37962922 0.7228731
vn -0.5773528 0.37962922 0.7228731
vn -0.577353 -0.3796276 -0.7228737
vn -0.577353 -0.3796276 -0.7228737
vn -0.577353 -0.3796276 -0.7228737
vn -0.5773486 0.7228773 -0.37962744
vn -0.5773486 0.7228773 -0.37962744
vn -0.5773486 0.7228773 -0.37962744
vn 0.5773427 -0.7228805 0.37963048
vn 0.5773427 -0.7228805 0.37963048
vn 0.5773427 -0.7228805 0.37963048
vn 0.57735276 0.3796274 0.722874
vn 0.57735276 0.3796274 0.722874
vn 0.57735276 0.3796274 0.722874
vn 0.5773533 -0.37962776 -0.7228734
vn 0.5773533 -0.37962776 -0.7228734
vn 0.5773533 -0.37962776 -0.7228734
vn 0.5773486 0.7228773 -0.37962744
vn 0.5773486 0.7228773 -0.37962744
vn 0.5773486 0.7228773 -0.37962744
vn -0.5773484 -0.72287714 0.37962803
vn -0.5773484 -0.72287714 0.37962803
vn -0.5773484 -0.72287714 0.37962803
vn -0.5773533 0.37962955 0.72287244
vn -0.5773533 0.37962955 0.72287244
vn -0.5773533 0.37962955 0.72287244
vn -0.577351 -0.3796262 -0.722876
vn -0.577351 -0.3796262 -0.722876
vn -0.577351 -0.3796262 -0.722876
vn -0.57735187 0.72287494 -0.37962687
vn -0.57735187 0.72287494 -0.37962687
vn -0.57735187 0.72287494 -0.37962687
vn 0.5773487 -0.7228775 0.37962687
vn 0.5773487 -0.7228775 0.37962687
vn 0.5773487 -0.7228775 0.37962687
vn 0.577353 0.37963018 0.7228724
vn 0.577353 0.37963018 0.7228724
vn 0.577353 0.37963018 0.7228724
vn 0.57735187 -0.37962687 -0.72287494
vn 0.57735187 -0.37962687 -0.72287494
vn 0.57735187 -0.37962687 -0.72287494
vn 0.57735217 0.7228753 -0.37962577
vn 0.57735217 0.7228753 -0.37962577
vn 0.57735217 0.7228753 -0.37962577
vn -0.57382196 -0.72158706 0.38735074
vn -0.57382196 -0.72158706 0.38735074
vn -0.57382196 -0.72158706 0.38735074
vn -0.5706337 0.36929327 0.7334845
vn -0.5706337 0.36929327 0.7334845
vn -0.5706337 0.36929327 0.7334845
vn -0.5773504 -0.37962848 -0.7228753
vn -0.5773504 -0.37962848 -0.7228753
vn -0.5773504 -0.37962848 -0.7228753
vn -0.5773487 0.7228768 -0.3796281
vn -0.5773487 0.7228768 -0.3796281
vn -0.5773487 0.7228768 -0.3796281
vn 0.57382226 -0.72158736 0.3873496
vn 0.57382226 -0.72158736 0.3873496
vn 0.57382226 -0.72158736 0.3873496
vn 0.5706353 0.3692939 0.7334831
vn 0.5706353 0.3692939 0.7334831
vn 0.5706353 0.3692939 0.7334831
vn 0.57735133 -0.37962908 -0.72287416
vn 0.57735133 -0.37962908 -0.72287416
vn 0.57735133 -0.37962908 -0.72287416
vn 0.57734877 0.7228769 -0.37962782
vn 0.57734877 0.7228769 -0.37962782
vn 0.57734877 0.7228769 -0.37962782
vn -0.5563632 -0.7146802 0.42390108
vn -0.5563632 -0.7146802 0.42390108
vn -0.5563632 -0.7146802 0.42390108
vn -0.5644142 0.35983244 0.7429382
vn -0.5644142 0.35983244 0.7429382
vn -0.5644142 0.35983244 0.7429382
vn -0.57734925 -0.3796268 -0.72287714
vn -0.57734925 -0.3796268 -0.72287714
vn -0.57734925 -0.3796268 -0.72287714
vn -0.5773502 0.7228757 -0.3796282
vn -0.5773502 0.7228757 -0.3796282
vn -0.5773502 0.7228757 -0.3796282
vn 0.5563632 -0.7146802 0.42390108
vn 0.5563632 -0.7146802 0.42390108
vn 0.5563632 -0.7146802 0.42390108
vn 0.56441414 0.3598322 0.7429384
vn 0.56441414 0.3598322 0.7429384
vn 0.56441414 0.3598322 0.7429384
vn 0.57735026 -0.37962744 -0.722876
vn 0.57735026 -0.37962744 -0.722876
vn 0.57735026 -0.37962744 -0.722876
vn 0.5773503 0.7228758 -0.3796279
vn 0.5773503 0.7228758 -0.3796279
vn 0.5773503 0.7228758 -0.3796279
vn -0.5535998 -0.713512 0.42945075
vn -0.5535998 -0.713512 0.42945075
vn -0.5535998 -0.713512 0.42945075
vn -0.54787624 0.3351859 0.76647377
vn -0.54787624 0.3351859 0.76647377
vn -0.54787624 0.3351859 0.76647377
vn -0.5773507 -0.37962908 -0.7228749
vn -0.5773507 -0.37962908 -0.7228749
vn -0.5773507 -0.37962908 -0.7228749
vn -0.57735074 0.7228749 -0.3796288
vn -0.57735074 0.7228749 -0.3796288
vn -0.57735074 0.7228749 -0.3796288
vn 0.55360043 -0.71351284 0.42944843
vn 0.55360043 -0.71351284 0.42944843
vn 0.55360043 -0.71351284 0.42944843
vn 0.54787683 0.33518624 0.76647323
vn 0.54787683 0.33518624 0.76647323
vn 0.54787683 0.33518624 0.76647323
vn 0.5773509 -0.37962922 -0.7228745
vn 0.5773509 -0.37962922 -0.7228745
vn 0.5773509 -0.37962922 -0.7228745
vn 0.5773503 0.7228757 -0.37962788
vn 0.5773503 0.7228757 -0.37962788
vn 0.5773503 0.7228757 -0.37962788
vn -0.5773415 -0.72288156 0.37963033
vn -0.5773415 -0.72288156 0.37963033
vn -0.5773415 -0.72288156 0.37963033
vn -0.5773517 0.37962848 0.72287434
vn -0.5773517 0.37962848 0.72287434
vn -0.5773517 0.37962848 0.72287434
vn -0.57735246 -0.3796272 -0.7228744
vn -0.57735246 -0.3796272 -0.7228744
vn -0.57735246 -0.3796272 -0.7228744
vn -0.5773484 0.72287714 -0.37962803
vn -0.5773484 0.72287714 -0.37962803
vn -0.5773484 0.72287714 -0.37962803
vn 0.5773426 -0.7228804 0.3796306
vn 0.5773426 -0.7228804 0.3796306
vn 0.5773426 -0.7228804 0.3796306
vn 0.57735115 0.379629 0.72287446
vn 0.57735115 0.379629 0.72287446
vn 0.57735115 0.379629 0.72287446
vn 0.57735276 -0.3796274 -0.722874
vn 0.57735276 -0.3796274 -0.722874
vn 0.57735276 -0.3796274 -0.722874
vn 0.5773486 0.7228773 -0.37962765
vn 0.5773486 0.7228773 -0.37962765
vn 0.5773486 0.7228773 -0.37962765
vn -0.57734853 -0.72287714 0.37962788
vn -0.57734853 -0.72287714 0.37962788
vn -0.57734853 -0.72287714 0.37962788
vn -0.5773528 0.37962922 0.7228731
vn -0.5773528 0.37962922 0.7228731
vn -0.5773528 0.37962922 0.7228731
vn -0.5773515 -0.37962654 -0.7228755
vn -0.5773515 -0.37962654 -0.7228755
vn -0.5773515 -0.37962654 -0.7228755
vn -0.577352 0.722875 -0.37962678
vn -0.577352 0.722875 -0.37962678
vn -0.577352 0.722875 -0.37962678
vn 0.5773495 -0.72287595 0.37962875
vn 0.5773495 -0.72287595 0.37962875
vn 0.5773495 -0.72287595 0.37962875
vn 0.57735217 0.37962964 0.7228734
vn 0.57735217 0.37962964 0.7228734
vn 0.57735217 0.37962964 0.7228734
vn 0.5773511 -0.37962893 -0.7228746
vn 0.5773511 -0.37962893 -0.7228746
vn 0.5773511 -0.37962893 -0.7228746
vn 0.57735187 0.72287494 -0.37962687
vn 0.57735187 0.72287494 -0.37962687
vn 0.57735187 0.72287494 -0.37962687
vn -0.573822 -0.72158706 0.38735062
vn -0.573822 -0.72158706 0.38735062
vn -0.573822 -0.72158706 0.38735062
vn -0.5706343 0.3692937 0.73348397
vn -0.5706343 0.3692937 0.73348397
vn -0.5706343 0.3692937 0.73348397
vn -0.57735085 -0.37962875 -0.72287476
vn -0.57735085 -0.37962875 -0.72287476
vn -0.57735085 -0.37962875 -0.72287476
vn -0.5773486 0.7228767 -0.37962854
vn -0.5773486 0.7228767 -0.37962854
vn -0.5773486 0.7228767 -0.37962854
vn 0.57382196 -0.72158706 0.38735074
vn 0.57382196 -0.72158706 0.38735074
vn 0.57382196 -0.72158706 0.38735074
vn 0.57063556 0.3692914 0.7334841
vn 0.57063556 0.3692914 0.7334841
vn 0.57063556 0.3692914 0.7334841
vn 0.5773511 -0.37962893 -0.7228746
vn 0.5773511 -0.37962893 -0.7228746
vn 0.5773511 -0.37962893 -0.7228746
vn 0.5773496 0.7228754 -0.3796294
vn 0.5773496 0.7228754 -0.3796294
vn 0.5773496 0.7228754 -0.3796294
vn -0.5563633 -0.71468025 0.42390093
vn -0.5563633 -0.71468025 0.42390093
vn -0.5563633 -0.71468025 0.42390093
vn -0.5644139 0.35983226 0.7429385
vn -0.5644139 0.35983226 0.7429385
vn -0.5644139 0.35983226 0.7429385
vn -0.5773497 -0.37962714 -0.72287655
vn -0.5773497 -0.37962714 -0.72287655
vn -0.5773497 -0.37962714 -0.72287655
vn -0.57735 0.72287554 -0.3796286
vn -0.57735 0.72287554 -0.3796286
vn -0.57735 0.72287554 -0.3796286
vn 0.5563643 -0.71467894 0.42390174
vn 0.5563643 -0.71467894 0.42390174
vn 0.5563643 -0.71467894 0.42390174
vn 0.56441396 0.35983208 0.7429386
vn 0.56441396 0.35983208 0.7429386
vn 0.56441396 0.35983208 0.7429386
vn 0.5773493 -0.3796295 -0.7228756
vn 0.5773493 -0.3796295 -0.7228756
vn 0.5773493 -0.3796295 -0.7228756
vn 0.57734996 0.7228755 -0.37962878
vn 0.57734996 0.7228755 -0.37962878
vn 0.57734996 0.7228755 -0.37962878
vn -0.5535999 -0.7135122 0.4294503
vn -0.5535999 -0.7135122 0.4294503
vn -0.5535999 -0.7135122 0.4294503
vn -0.54787594 0.33518568 0.76647407
vn -0.54787594 0.33518568 0.76647407
vn -0.54787594 0.33518568 0.76647407
vn -0.5773502 -0.37962875 -0.72287524
vn -0.5773502 -0.37962875 -0.72287524
vn -0.5773502 -0.37962875 -0.72287524
vn -0.57735 0.72287536 -0.37962902
vn -0.57735 0.72287536 -0.37962902
vn -0.57735 0.72287536 -0.37962902
vn 0.5536001 -0.71351254 0.42944944
vn 0.5536001 -0.71351254 0.42944944
vn 0.5536001 -0.71351254 0.42944944
vn 0.5478765 0.33518603 0.76647353
vn 0.5478765 0.33518603 0.76647353
vn 0.5478765 0.33518603 0.76647353
vn 0.5773508 -0.3796292 -0.72287464
vn 0.5773508 -0.3796292 -0.72287464
vn 0.5773508 -0.3796292 -0.72287464
vn 0.57735085 0.72287494 -0.37962854
vn 0.57735085 0.72287494 -0.37962854
vn 0.57735085 0.72287494 -0.37962854
vn -0.5773415 -0.72288156 0.37963033
vn -0.5773415 -0.72288156 0.37963033
vn -0.5773415 -0.72288156 0.37963033
vn -0.5773512 0.37962812 0.72287494
vn -0.5773512 0.37962812 0.72287494
vn -0.5773512 0.37962812 0.72287494
vn -0.57735246 -0.3796273 -0.7228744
vn -0.57735246 -0.3796273 -0.7228744
vn -0.57735246 -0.3796273 -0.7228744
vn -0.5773484 0.72287714 -0.37962803
vn -0.5773484 0.72287714 -0.37962803
vn -0.5773484 0.72287714 -0.37962803
vn 0.5773413 -0.7228814 0.3796309
vn 0.5773413 -0.7228814 0.3796309
vn 0.5773413 -0.7228814 0.3796309
vn 0.5773511 0.37962893 0.7228746
vn 0.5773511 0.37962893 0.7228746
vn 0.5773511 0.37962893 0.7228746
vn 0.5773525 -0.37962735 -0.7228741
vn 0.5773525 -0.37962735 -0.7228741
vn 0.5773525 -0.37962735 -0.7228741
vn 0.5773483 0.7228769 -0.3796286
vn 0.5773483 0.7228769 -0.3796286
vn 0.5773483 0.7228769 -0.3796286
vn -0.5773486 -0.7228773 0.37962744
vn -0.5773486 -0.7228773 0.37962744
vn -0.5773486 -0.7228773 0.37962744
vn -0.5773533 0.37962955 0.72287244
vn -0.5773533 0.37962955 0.72287244
vn -0.5773533 0.37962955 0.72287244
vn -0.57735133 -0.37962648 -0.72287554
vn -0.57735133 -0.37962648 -0.72287554
vn -0.57735133 -0.37962648 -0.72287554
vn -0.57735205 0.7228751 -0.3796263
vn -0.57735205 0.7228751 -0.3796263
vn -0.57735205 0.7228751 -0.3796263
vn 0.5773483 -0.7228769 0.3796286
vn 0.5773483 -0.7228769 0.3796286
vn 0.5773483 -0.7228769 0.3796286
vn 0.5773515 0.37962916 0.72287405
vn 0.5773515 0.37962916 0.72287405
vn 0.5773515 0.37962916 0.72287405
vn 0.5773511 -0.37962636 -0.72287595
vn 0.5773511 -0.37962636 -0.72287595
vn 0.5773511 -0.37962636 -0.72287595
vn 0.5773518 0.72287476 -0.37962747
vn 0.5773518 0.72287476 -0.37962747
vn 0.5773518 0.72287476 -0.37962747
vn -0.57382214 -0.7215872 0.3873501
vn -0.57382214 -0.7215872 0.3873501
vn -0.57382214 -0.7215872 0.3873501
vn -0.5706349 0.369294 0.7334833
vn -0.5706349 0.369294 0.7334833
vn -0.5706349 0.369294 0.7334833
vn -0.57735085 -0.37962878 -0.7228749
vn -0.57735085 -0.37962878 -0.7228749
vn -0.57735085 -0.37962878 -0.7228749
vn -0.5773485 0.72287655 -0.37962896
vn -0.5773485 0.72287655 -0.37962896
vn -0.5773485 0.72287655 -0.37962896
vn 0.5738218 -0.72158676 0.38735127
vn 0.5738218 -0.72158676 0.38735127
vn 0.5738218 -0.72158676 0.38735127
vn 0.5706345 0.36929333 0.73348397
vn 0.5706345 0.36929333 0.73348397
vn 0.5706345 0.36929333 0.73348397
vn 0.5773505 -0.37962854 -0.7228752
vn 0.5773505 -0.37962854 -0.7228752
vn 0.5773505 -0.37962854 -0.7228752
vn 0.57734835 0.72287637 -0.37962952
vn 0.57734835 0.72287637 -0.37962952
vn 0.57734835 0.72287637 -0.37962952
vn -0.55636305 -0.7146801 0.42390165
vn -0.55636305 -0.7146801 0.42390165
vn -0.55636305 -0.7146801 0.42390165
vn -0.5644136 0.3598321 0.7429389
vn -0.5644136 0.3598321 0.7429389
vn -0.5644136 0.3598321 0.7429389
vn -0.5773496 -0.37962708 -0.72287667
vn -0.5773496 -0.37962708 -0.72287667
vn -0.5773496 -0.37962708 -0.72287667
vn -0.5773499 0.7228754 -0.37962905
vn -0.5773499 0.7228754 -0.37962905
vn -0.5773499 0.7228754 -0.37962905
vn 0.5563632 -0.71468014 0.42390138
vn 0.5563632 -0.71468014 0.42390138
vn 0.5563632 -0.71468014 0.42390138
vn 0.56441396 0.35983208 0.7429386
vn 0.56441396 0.35983208 0.7429386
vn 0.56441396 0.35983208 0.7429386
vn 0.57734936 -0.37962693 -0.72287697
vn 0.57734936 -0.37962693 -0.72287697
vn 0.57734936 -0.37962693 -0.72287697
vn 0.5773498 0.72287524 -0.3796296
vn 0.5773498 0.72287524 -0.3796296
vn 0.5773498 0.72287524 -0.3796296
vn -0.5535999 -0.7135122 0.42945012
vn -0.5535999 -0.7135122 0.42945012
vn -0.5535999 -0.7135122 0.42945012
vn -0.5478756 0.33518553 0.76647437
vn -0.5478756 0.33518553 0.76647437
vn -0.5478756 0.33518553 0.76647437
vn -0.5773509 -0.37962922 -0.7228745
vn -0.5773509 -0.37962922 -0.7228745
vn -0.5773509 -0.37962922 -0.7228745
vn -0.57735 0.72287536 -0.37962902
vn -0.57735 0.72287536 -0.37962902
vn -0.57735 0.72287536 -0.37962902
vn 0.5535999 -0.7135122 0.42945012
vn 0.5535999 -0.7135122 0.42945012
vn 0.5535999 -0.7135122 0.42945012
vn 0.547876 0.33518568 0.76647407
vn 0.547876 0.33518568 0.76647407
vn 0.547876 0.33518568 0.76647407
vn 0.57735056 -0.379629 -0.72287494
vn 0.57735056 -0.379629 -0.72287494
vn 0.57735056 -0.379629 -0.72287494
vn 0.57734996 0.72287524 -0.3796293
vn 0.57734996 0.72287524 -0.3796293
vn 0.57734996 0.72287524 -0.3796293
vn -0.577351 -0.72287637 0.3796256
vn -0.577351 -0.72287637 0.3796256
vn -0.577351 -0.72287637 0.3796256
vn -0.5773504 0.37963033 0.72287446
vn -0.5773504 0.37963033 0.72287446
vn -0.5773504 0.37963033 0.72287446
vn -0.5773487 -0.3796308 -0.7228755
vn -0.5773487 -0.3796308 -0.7228755
vn -0.5773487 -0.3796308 -0.7228755
vn -0.5773527 0.72287524 -0.379625
vn -0.5773527 0.72287524 -0.379625
vn -0.5773527 0.72287524 -0.379625
vn 0.5773495 -0.7228765 0.37962765
vn 0.5773495 -0.7228765 0.37962765
vn 0.5773495 -0.7228765 0.37962765
vn 0.57735074 0.3796291 0.72287476
vn 0.57735074 0.3796291 0.72287476
vn 0.57735074 0.3796291 0.72287476
vn 0.577349 -0.3796297 -0.7228759
vn 0.577349 -0.3796297 -0.7228759
vn 0.577349 -0.3796297 -0.7228759
vn 0.5773514 0.72287524 -0.37962714
vn 0.5773514 0.72287524 -0.37962714
vn 0.5773514 0.72287524 -0.37962714
vn -0.57735044 -0.72287554 0.37962782
vn -0.57735044 -0.72287554 0.37962782
vn -0.57735044 -0.72287554 0.37962782
vn -0.57734925 0.37963033 0.72287524
vn -0.57734925 0.37963033 0.72287524
vn -0.57734925 0.37963033 0.72287524
vn -0.5773493 -0.3796264 -0.7228773
vn -0.5773493 -0.3796264 -0.7228773
vn -0.5773493 -0.3796264 -0.7228773
vn -0.5773504 0.72287595 -0.37962735
vn -0.5773504 0.72287595 -0.37962735
vn -0.5773504 0.72287595 -0.37962735
vn 0.57735395 -0.7228718 0.37962976
vn 0.57735395 -0.7228718 0.37962976
vn 0.57735395 -0.7228718 0.37962976
vn 0.57735014 0.37962767 0.722876
vn 0.57735014 0.37962767 0.722876
vn 0.57735014 0.37962767 0.722876
vn 0.57735 -0.37962824 -0.7228758
vn 0.57735 -0.37962824 -0.7228758
vn 0.57735 -0.37962824 -0.7228758
vn 0.57735294 0.7228727 -0.3796296
vn 0.57735294 0.7228727 -0.3796296
vn 0.57735294 0.7228727 -0.3796296
vn -0.5773512 -0.7228767 0.37962446
vn -0.5773512 -0.7228767 0.37962446
vn -0.5773512 -0.7228767 0.37962446
vn -0.57735074 0.37962797 0.72287524
vn -0.57735074 0.37962797 0.72287524
vn -0.57735074 0.37962797 0.72287524
vn -0.57735 -0.37962824 -0.7228758
vn -0.57735 -0.37962824 -0.7228758
vn -0.57735 -0.37962824 -0.7228758
vn -0.577353 0.7228757 -0.37962392
vn -0.577353 0.7228757 -0.37962392
vn -0.577353 0.7228757 -0.37962392
vn 0.5773498 -0.7228768 0.3796265
vn 0.5773498 -0.7228768 0.3796265
vn 0.5773498 -0.7228768 0.3796265
vn 0.57734925 0.3796287 0.7228762
vn 0.57734925 0.3796287 0.7228762
vn 0.57734925 0.3796287 0.7228762
vn 0.5773492 -0.37962902 -0.7228761
vn 0.5773492 -0.37962902 -0.7228761
vn 0.5773492 -0.37962902 -0.7228761
vn 0.5773516 0.7228756 -0.37962604
vn 0.5773516 0.7228756 -0.37962604
vn 0.5773516 0.7228756 -0.37962604
vn -0.5773509 -0.72287613 0.3796262
vn -0.5773509 -0.72287613 0.3796262
vn -0.5773509 -0.72287613 0.3796262
vn -0.57734984 0.37963068 0.72287464
vn -0.57734984 0.37963068 0.72287464
vn -0.57734984 0.37963068 0.72287464
vn -0.57735 -0.37962693 -0.72287637
vn -0.57735 -0.37962693 -0.72287637
vn -0.57735 -0.37962693 -0.72287637
vn -0.5773508 0.7228765 -0.37962565
vn -0.5773508 0.7228765 -0.37962565
vn -0.5773508 0.7228765 -0.37962565
vn 0.57735395 -0.7228718 0.37962976
vn 0.57735395 -0.7228718 0.37962976
vn 0.57735395 -0.7228718 0.37962976
vn 0.57735014 0.37962767 0.722876
vn 0.57735014 0.37962767 0.722876
vn 0.57735014 0.37962767 0.722876
vn 0.57735 -0.37962824 -0.7228758
vn 0.57735 -0.37962824 -0.7228758
vn 0.57735 -0.37962824 -0.7228758
vn 0.57735294 0.7228727 -0.3796296
vn 0.57735294 0.7228727 -0.3796296
vn 0.57735294 0.7228727 -0.3796296
vn -0.57735103 -0.72287595 0.37962636
vn -0.57735103 -0.72287595 0.37962636
vn -0.57735103 -0.72287595 0.37962636
vn -0.57735026 0.3796284 0.7228755
vn -0.57735026 0.3796284 0.7228755
vn -0.57735026 0.3796284 0.7228755
vn -0.57735056 -0.37962812 -0.72287536
vn -0.57735056 -0.37962812 -0.72287536
vn -0.57735056 -0.37962812 -0.72287536
vn -0.5773515 0.7228755 -0.37962633
vn -0.5773515 0.7228755 -0.37962633
vn -0.5773515 0.7228755 -0.37962633
vn 0.57735056 -0.72287625 0.3796265
vn 0.57735056 -0.72287625 0.3796265
vn 0.57735056 -0.72287625 0.3796265
vn 0.5773502 0.37962803 0.7228758
vn 0.5773502 0.37962803 0.7228758
vn 0.5773502 0.37962803 0.7228758
vn 0.57735056 -0.37962812 -0.72287536
vn 0.57735056 -0.37962812 -0.72287536
vn 0.57735056 -0.37962812 -0.72287536
vn 0.5773515 0.7228757 -0.37962624
vn 0.5773515 0.7228757 -0.37962624
vn 0.5773515 0.7228757 -0.37962624
vn -0.7071056 -0.67514515 -0.21019213
vn -0.7071056 -0.67514515 -0.21019213
vn -0.7071056 -0.67514515 -0.21019213
vn -0.7071056 -0.67514515 -0.21019213
vn -0.70710725 -0.2101946 0.6751426
vn -0.70710725 -0.2101946 0.6751426
vn -0.70710725 -0.2101946 0.6751426
vn -0.70710725 -0.2101946 0.6751426
vn -0.70710546 0.67514473 0.21019368
vn -0.70710546 0.67514473 0.21019368
vn -0.70710546 0.67514473 0.21019368
vn -0.70710546 0.67514473 0.21019368
vn -0.70710546 0.67514473 0.21019368
vn -0.70710546 0.67514473 0.21019368
vn -0.7071061 0.2101947 -0.6751437
vn -0.7071061 0.2101947 -0.6751437
vn -0.7071061 0.2101947 -0.6751437
vn -0.7071061 0.2101947 -0.6751437
vn -0.7071061 0.2101947 -0.6751437
vn -0.7071061 0.2101947 -0.6751437
vn -0 -0.46495 -0.88533694
vn -0 -0.46495 -0.88533694
vn -0 -0.46495 -0.88533694
vn -0 -0.46495 -0.88533694
vn -0 0.8853389 -0.4649464
vn -0 0.8853389 -0.4649464
vn -0 0.8853389 -0.4649464
vn -0 0.8853389 -0.4649464
vn 0.7071066 0.21019445 -0.6751433
vn 0.7071066 0.21019445 -0.6751433
vn 0.7071066 0.21019445 -0.6751433
vn 0.7071066 0.21019445 -0.6751433
vn 0.707107 -0.6751438 -0.21019156
vn 0.707107 -0.6751438 -0.21019156
vn 0.707107 -0.6751438 -0.21019156
vn 0.707107 -0.6751438 -0.21019156
vn 0.707107 -0.6751438 -0.21019156
vn 0.707107 -0.6751438 -0.21019156
vn 0.70710826 0.6751424 0.21019194
vn 0.70710826 0.6751424 0.21019194
vn 0.70710826 0.6751424 0.21019194
vn 0.70710826 0.6751424 0.21019194
vn 0.707108 -0.21019404 0.67514193
vn 0.707108 -0.21019404 0.67514193
vn 0.707108 -0.21019404 0.67514193
vn 0.707108 -0.21019404 0.67514193
vn -0 -0.8853393 0.46494538
vn -0 -0.8853393 0.46494538
vn -0 -0.8853393 0.46494538
vn -0 -0.8853393 0.46494538
vn -0 0.46494874 0.8853376
vn -0 0.46494874 0.8853376
vn -0 0.46494874 0.8853376
vn -0 0.46494874 0.8853376
vn -0 0.46494874 0.8853376
vn -0 0.46494874 0.8853376
vn -0.7071068 -0.6751437 -0.21019219
vn -0.7071068 -0.6751437 -0.21019219
vn -0.7071068 -0.6751437 -0.21019219
vn -0.7071068 -0.6751437 -0.21019219
vn -0.70710576 -0.21019499 0.675144
vn -0.70710576 -0.21019499 0.675144
vn -0.70710576 -0.21019499 0.675144
vn -0.70710576 -0.21019499 0.675144
vn -0.7071068 0.6751435 0.21019298
vn -0.7071068 0.6751435 0.21019298
vn -0.7071068 0.6751435 0.21019298
vn -0.7071068 0.6751435 0.21019298
vn -0.70710653 0.21019477 -0.67514324
vn -0.70710653 0.21019477 -0.67514324
vn -0.70710653 0.21019477 -0.67514324
vn -0.70710653 0.21019477 -0.67514324
vn -0 -0.46494725 -0.8853384
vn -0 -0.46494725 -0.8853384
vn -0 -0.46494725 -0.8853384
vn -0 -0.46494725 -0.8853384
vn -0 0.8853389 -0.46494624
vn -0 0.8853389 -0.46494624
vn -0 0.8853389 -0.46494624
vn -0 0.8853389 -0.46494624
vn 0.7071058 0.2101948 -0.675144
vn 0.7071058 0.2101948 -0.675144
vn 0.7071058 0.2101948 -0.675144
vn 0.7071058 0.2101948 -0.675144
vn 0.7071068 -0.6751437 -0.21019219
vn 0.7071068 -0.6751437 -0.21019219
vn 0.7071068 -0.6751437 -0.21019219
vn 0.7071068 -0.6751437 -0.21019219
vn 0.70710546 0.67514485 0.21019338
vn 0.70710546 0.67514485 0.21019338
vn 0.70710546 0.67514485 0.21019338
vn 0.70710546 0.67514485 0.21019338
vn 0.70710653 -0.21019499 0.67514324
vn 0.70710653 -0.21019499 0.67514324
vn 0.70710653 -0.21019499 0.67514324
vn 0.70710653 -0.21019499 0.67514324
vn -0 -0.88533944 0.46494535
vn -0 -0.88533944 0.46494535
vn -0 -0.88533944 0.46494535
vn -0 -0.88533944 0.46494535
vn -0 0.4649501 0.88533694
vn -0 0.4649501 0.88533694
vn -0 0.4649501 0.88533694
vn -0 0.4649501 0.88533694
vn -0 0.4649501 0.88533694
vn -0 0.4649501 0.88533694
vn -0.7071068 -0.6751435 -0.21019298
vn -0.7071068 -0.6751435 -0.21019298
vn -0.7071068 -0.6751435 -0.21019298
vn -0.7071068 -0.6751435 -0.21019298
vn -0.6977592 -0.21293695 0.6839517
vn -0.6977592 -0.21293695 0.6839517
vn -0.6977592 -0.21293695 0.6839517
vn -0.6977592 -0.21293695 0.6839517
vn -0.70710814 0.67514086 0.21019734
vn -0.70710814 0.67514086 0.21019734
vn -0.70710814 0.67514086 0.21019734
vn -0.70710814 0.67514086 0.21019734
vn -0.7071061 0.2101947 -0.6751437
vn -0.7071061 0.2101947 -0.6751437
vn -0.7071061 0.2101947 -0.6751437
vn -0.7071061 0.2101947 -0.6751437
vn -0 -0.4649489 -0.8853375
vn -0 -0.4649489 -0.8853375
vn -0 -0.4649489 -0.8853375
vn -0 -0.4649489 -0.8853375
vn -0 -0.4649489 -0.8853375
vn -0 -0.4649489 -0.8853375
vn -0 0.88533765 -0.46494853
vn -0 0.88533765 -0.46494853
vn -0 0.88533765 -0.46494853
vn -0 0.88533765 -0.46494853
vn 0.7071058 0.2101946 -0.675144
vn 0.7071058 0.2101946 -0.675144
vn 0.7071058 0.2101946 -0.675144
vn 0.7071058 0.2101946 -0.675144
vn 0.7071068 -0.6751435 -0.21019298
vn 0.7071068 -0.6751435 -0.21019298
vn 0.7071068 -0.6751435 -0.21019298
vn 0.7071068 -0.6751435 -0.21019298
vn 0.70710653 0.6751419 0.2101993
vn 0.70710653 0.6751419 0.2101993
vn 0.70710653 0.6751419 0.2101993
vn 0.70710653 0.6751419 0.2101993
vn 0.69775885 -0.21293683 0.68395215
vn 0.69775885 -0.21293683 0.68395215
vn 0.69775885 -0.21293683 0.68395215
vn 0.69775885 -0.21293683 0.68395215
vn -0 -0.88108003 0.4729672
vn -0 -0.88108003 0.4729672
vn -0 -0.88108003 0.4729672
vn -0 -0.88108003 0.4729672
vn -0 0.4496962 0.8931816
vn -0 0.4496962 0.8931816
vn -0 0.4496962 0.8931816
vn -0 0.4496962 0.8931816
vn -0.7071061 -0.6751442 -0.21019317
vn -0.7071061 -0.6751442 -0.21019317
vn -0.7071061 -0.6751442 -0.21019317
vn -0.7071061 -0.6751442 -0.21019317
vn -0.676481 -0.21677375 0.7038342
vn -0.676481 -0.21677375 0.7038342
vn -0.676481 -0.21677375 0.7038342
vn -0.676481 -0.21677375 0.7038342
vn -0.7071061 0.6751442 0.21019317
vn -0.7071061 0.6751442 0.21019317
vn -0.7071061 0.6751442 0.21019317
vn -0.7071061 0.6751442 0.21019317
vn -0.7071066 0.21019451 -0.6751433
vn -0.7071066 0.21019451 -0.6751433
vn -0.7071066 0.21019451 -0.6751433
vn -0.7071066 0.21019451 -0.6751433
vn -0 -0.4649489 -0.8853375
vn -0 -0.4649489 -0.8853375
vn -0 -0.4649489 -0.8853375
vn -0 -0.4649489 -0.8853375
vn -0 0.88533795 -0.4649481
vn -0 0.88533795 -0.4649481
vn -0 0.88533795 -0.4649481
vn -0 0.88533795 -0.4649481
vn 0.7071062 0.2101944 -0.6751438
vn 0.7071062 0.2101944 -0.6751438
vn 0.7071062 0.2101944 -0.6751438
vn 0.7071062 0.2101944 -0.6751438
vn 0.7071061 -0.6751442 -0.21019317
vn 0.7071061 -0.6751442 -0.21019317
vn 0.7071061 -0.6751442 -0.21019317
vn 0.7071061 -0.6751442 -0.21019317
vn 0.7071061 0.6751442 0.21019317
vn 0.7071061 0.6751442 0.21019317
vn 0.7071061 0.6751442 0.21019317
vn 0.7071061 0.6751442 0.21019317
vn 0.67648065 -0.21677363 0.7038346
vn 0.67648065 -0.21677363 0.7038346
vn 0.67648065 -0.21677363 0.7038346
vn 0.67648065 -0.21677363 0.7038346
vn -0 -0.8600868 0.5101478
vn -0 -0.8600868 0.5101478
vn -0 -0.8600868 0.5101478
vn -0 -0.8600868 0.5101478
vn -0 0.43590122 0.89999443
vn -0 0.43590122 0.89999443
vn -0 0.43590122 0.89999443
vn -0 0.43590122 0.89999443
vn -0.70710695 -0.6751433 -0.21019332
vn -0.70710695 -0.6751433 -0.21019332
vn -0.70710695 -0.6751433 -0.21019332
vn -0.70710695 -0.6751433 -0.21019332
vn -0.6598155 -0.2233695 0.71746045
vn -0.6598155 -0.2233695 0.71746045
vn -0.6598155 -0.2233695 0.71746045
vn -0.6598155 -0.2233695 0.71746045
vn -0.7071071 0.6751431 0.21019325
vn -0.7071071 0.6751431 0.21019325
vn -0.7071071 0.6751431 0.21019325
vn -0.7071071 0.6751431 0.21019325
vn -0.70710665 0.21019477 -0.6751432
vn -0.70710665 0.21019477 -0.6751432
vn -0.70710665 0.21019477 -0.6751432
vn -0.70710665 0.21019477 -0.6751432
vn -0.70710665 0.21019477 -0.6751432
vn -0.70710665 0.21019477 -0.6751432
vn -0 -0.4649488 -0.8853376
vn -0 -0.4649488 -0.8853376
vn -0 -0.4649488 -0.8853376
vn -0 -0.4649488 -0.8853376
vn -0 0.88533777 -0.4649484
vn -0 0.88533777 -0.4649484
vn -0 0.88533777 -0.4649484
vn -0 0.88533777 -0.4649484
vn 0.70710665 0.21019496 -0.6751432
vn 0.70710665 0.21019496 -0.6751432
vn 0.70710665 0.21019496 -0.6751432
vn 0.70710665 0.21019496 -0.6751432
vn 0.70710665 0.21019496 -0.6751432
vn 0.70710665 0.21019496 -0.6751432
vn 0.70710653 -0.67514426 -0.21019185
vn 0.70710653 -0.67514426 -0.21019185
vn 0.70710653 -0.67514426 -0.21019185
vn 0.70710653 -0.67514426 -0.21019185
vn 0.7071066 0.67514414 0.21019182
vn 0.7071066 0.67514414 0.21019182
vn 0.7071066 0.67514414 0.21019182
vn 0.7071066 0.67514414 0.21019182
vn 0.6598155 -0.22336976 0.71746045
vn 0.6598155 -0.22336976 0.71746045
vn 0.6598155 -0.22336976 0.71746045
vn 0.6598155 -0.22336976 0.71746045
vn -0 -0.8567809 0.5156805
vn -0 -0.8567809 0.5156805
vn -0 -0.8567809 0.5156805
vn -0 -0.8567809 0.5156805
vn -0 0.40067214 0.9162215
vn -0 0.40067214 0.9162215
vn -0 0.40067214 0.9162215
vn -0 0.40067214 0.9162215
vn -0.7071068 -0.6751437 -0.21019219
vn -0.7071068 -0.6751437 -0.21019219
vn -0.7071068 -0.6751437 -0.21019219
vn -0.7071068 -0.6751437 -0.21019219
vn -0.7071068 -0.21019468 0.67514294
vn -0.7071068 -0.21019468 0.67514294
vn -0.7071068 -0.21019468 0.67514294
vn -0.7071068 -0.21019468 0.67514294
vn -0.70710546 0.67514485 0.21019338
vn -0.70710546 0.67514485 0.21019338
vn -0.70710546 0.67514485 0.21019338
vn -0.70710546 0.67514485 0.21019338
vn -0.7071063 0.21019493 -0.6751435
vn -0.7071063 0.21019493 -0.6751435
vn -0.7071063 0.21019493 -0.6751435
vn -0.7071063 0.21019493 -0.6751435
vn -0 -0.4649483 -0.8853378
vn -0 -0.4649483 -0.8853378
vn -0 -0.4649483 -0.8853378
vn -0 -0.4649483 -0.8853378
vn -0 0.8853389 -0.46494624
vn -0 0.8853389 -0.46494624
vn -0 0.8853389 -0.46494624
vn -0 0.8853389 -0.46494624
vn -0 0.8853389 -0.46494624
vn -0 0.8853389 -0.46494624
vn 0.7071067 0.21019487 -0.67514306
vn 0.7071067 0.21019487 -0.67514306
vn 0.7071067 0.21019487 -0.67514306
vn 0.7071067 0.21019487 -0.67514306
vn 0.70710564 -0.6751452 -0.21019164
vn 0.70710564 -0.6751452 -0.21019164
vn 0.70710564 -0.6751452 -0.21019164
vn 0.70710564 -0.6751452 -0.21019164
vn 0.7071082 0.6751422 0.2101924
vn 0.7071082 0.6751422 0.2101924
vn 0.7071082 0.6751422 0.2101924
vn 0.7071082 0.6751422 0.2101924
vn 0.70710814 -0.21019442 0.6751417
vn 0.70710814 -0.21019442 0.6751417
vn 0.70710814 -0.21019442 0.6751417
vn 0.70710814 -0.21019442 0.6751417
vn -0 -0.8853393 0.46494535
vn -0 -0.8853393 0.46494535
vn -0 -0.8853393 0.46494535
vn -0 -0.8853393 0.46494535
vn -0 0.46494886 0.8853376
vn -0 0.46494886 0.8853376
vn -0 0.46494886 0.8853376
vn -0 0.46494886 0.8853376
vn -0.7071068 -0.6751436 -0.21019267
vn -0.7071068 -0.6751436 -0.21019267
vn -0.7071068 -0.6751436 -0.21019267
vn -0.7071068 -0.6751436 -0.21019267
vn -0.70710576 -0.21019499 0.675144
vn -0.70710576 -0.21019499 0.675144
vn -0.70710576 -0.21019499 0.675144
vn -0.70710576 -0.21019499 0.675144
vn -0.70710677 0.6751435 0.21019346
vn -0.70710677 0.6751435 0.21019346
vn -0.70710677 0.6751435 0.21019346
vn -0.70710677 0.6751435 0.21019346
vn -0.70710665 0.21019481 -0.67514306
vn -0.70710665 0.21019481 -0.67514306
vn -0.70710665 0.21019481 -0.67514306
vn -0.70710665 0.21019481 -0.67514306
vn -0 -0.46494886 -0.8853376
vn -0 -0.46494886 -0.8853376
vn -0 -0.46494886 -0.8853376
vn -0 -0.46494886 -0.8853376
vn -0 0.8853389 -0.46494624
vn -0 0.8853389 -0.46494624
vn -0 0.8853389 -0.46494624
vn -0 0.8853389 -0.46494624
vn 0.7071067 0.21019487 -0.67514306
vn 0.7071067 0.21019487 -0.67514306
vn 0.7071067 0.21019487 -0.67514306
vn 0.7071067 0.21019487 -0.67514306
vn 0.7071082 -0.6751422 -0.21019258
vn 0.7071082 -0.6751422 -0.21019258
vn 0.7071082 -0.6751422 -0.21019258
vn 0.7071082 -0.6751422 -0.21019258
vn 0.70710677 0.67514336 0.21019375
vn 0.70710677 0.67514336 0.21019375
vn 0.70710677 0.67514336 0.21019375
vn 0.70710677 0.67514336 0.21019375
vn 0.7071067 -0.21019487 0.67514306
vn 0.7071067 -0.21019487 0.67514306
vn 0.7071067 -0.21019487 0.67514306
vn 0.7071067 -0.21019487 0.67514306
vn -0 -0.8853389 0.46494624
vn -0 -0.8853389 0.46494624
vn -0 -0.8853389 0.46494624
vn -0 -0.8853389 0.46494624
vn -0 -0.8853389 0.46494624
vn -0 -0.8853389 0.46494624
vn -0 0.4649501 0.88533694
vn -0 0.4649501 0.88533694
vn -0 0.4649501 0.88533694
vn -0 0.4649501 0.88533694
vn -0.70710677 -0.6751435 -0.21019346
vn -0.70710677 -0.6751435 -0.21019346
vn -0.70710677 -0.6751435 -0.21019346
vn -0.70710677 -0.6751435 -0.21019346
vn -0.69775933 -0.212937 0.6839515
vn -0.69775933 -0.212937 0.6839515
vn -0.69775933 -0.212937 0.6839515
vn -0.69775933 -0.212937 0.6839515
vn -0.70710796 0.6751407 0.21019845
vn -0.70710796 0.6751407 0.21019845
vn -0.70710796 0.6751407 0.21019845
vn -0.70710796 0.6751407 0.21019845
vn -0.70710635 0.21019477 -0.67514354
vn -0.70710635 0.21019477 -0.67514354
vn -0.70710635 0.21019477 -0.67514354
vn -0.70710635 0.21019477 -0.67514354
vn -0 -0.46494713 -0.8853384
vn -0 -0.46494713 -0.8853384
vn -0 -0.46494713 -0.8853384
vn -0 -0.46494713 -0.8853384
vn -0 0.88533795 -0.4649481
vn -0 0.88533795 -0.4649481
vn -0 0.88533795 -0.4649481
vn -0 0.88533795 -0.4649481
vn -0 0.88533795 -0.4649481
vn -0 0.88533795 -0.4649481
vn 0.7071066 0.21019465 -0.6751433
vn 0.7071066 0.21019465 -0.6751433
vn 0.7071066 0.21019465 -0.6751433
vn 0.7071066 0.21019465 -0.6751433
vn 0.7071081 -0.6751421 -0.21019334
vn 0.7071081 -0.6751421 -0.21019334
vn 0.7071081 -0.6751421 -0.21019334
vn 0.7071081 -0.6751421 -0.21019334
vn 0.7071054 0.6751435 0.21019797
vn 0.7071054 0.6751435 0.21019797
vn 0.7071054 0.6751435 0.21019797
vn 0.7071054 0.6751435 0.21019797
vn 0.6977598 -0.21293694 0.68395114
vn 0.6977598 -0.21293694 0.68395114
vn 0.6977598 -0.21293694 0.68395114
vn 0.6977598 -0.21293694 0.68395114
vn -0 -0.88108003 0.4729672
vn -0 -0.88108003 0.4729672
vn -0 -0.88108003 0.4729672
vn -0 -0.88108003 0.4729672
vn -0 0.4496962 0.8931816
vn -0 0.4496962 0.8931816
vn -0 0.4496962 0.8931816
vn -0 0.4496962 0.8931816
vn -0.70710605 -0.67514414 -0.21019366
vn -0.70710605 -0.67514414 -0.21019366
vn -0.70710605 -0.67514414 -0.21019366
vn -0.70710605 -0.67514414 -0.21019366
vn -0.6764809 -0.2167737 0.70383435
vn -0.6764809 -0.2167737 0.70383435
vn -0.6764809 -0.2167737 0.70383435
vn -0.6764809 -0.2167737 0.70383435
vn -0.70710605 0.67514414 0.21019366
vn -0.70710605 0.67514414 0.21019366
vn -0.70710605 0.67514414 0.21019366
vn -0.70710605 0.67514414 0.21019366
vn -0.7071067 0.21019456 -0.6751431
vn -0.7071067 0.21019456 -0.6751431
vn -0.7071067 0.21019456 -0.6751431
vn -0.7071067 0.21019456 -0.6751431
vn -0.7071067 0.21019456 -0.6751431
vn -0.7071067 0.21019456 -0.6751431
vn -0 -0.46494803 -0.885338
vn -0 -0.46494803 -0.885338
vn -0 -0.46494803 -0.885338
vn -0 -0.46494803 -0.885338
vn -0 0.88533795 -0.4649481
vn -0 0.88533795 -0.4649481
vn -0 0.88533795 -0.4649481
vn -0 0.88533795 -0.4649481
vn -0 0.88533795 -0.4649481
vn -0 0.88533795 -0.4649481
vn 0.7071069 0.21019456 -0.675143
vn 0.7071069 0.21019456 -0.675143
vn 0.7071069 0.21019456 -0.675143
vn 0.7071069 0.21019456 -0.675143
vn 0.7071069 0.21019456 -0.675143
vn 0.7071069 0.21019456 -0.675143
vn 0.7071061 -0.6751442 -0.21019317
vn 0.7071061 -0.6751442 -0.21019317
vn 0.7071061 -0.6751442 -0.21019317
vn 0.7071061 -0.6751442 -0.21019317
vn 0.70710677 0.6751435 0.21019337
vn 0.70710677 0.6751435 0.21019337
vn 0.70710677 0.6751435 0.21019337
vn 0.70710677 0.6751435 0.21019337
vn 0.6764814 -0.2167737 0.7038339
vn 0.6764814 -0.2167737 0.7038339
vn 0.6764814 -0.2167737 0.7038339
vn 0.6764814 -0.2167737 0.7038339
vn -0 -0.8600868 0.5101478
vn -0 -0.8600868 0.5101478
vn -0 -0.8600868 0.5101478
vn -0 -0.8600868 0.5101478
vn -0 0.4359012 0.89999455
vn -0 0.4359012 0.89999455
vn -0 0.4359012 0.89999455
vn -0 0.4359012 0.89999455
vn -0.7071063 -0.675144 -0.21019326
vn -0.7071063 -0.675144 -0.21019326
vn -0.7071063 -0.675144 -0.21019326
vn -0.7071063 -0.675144 -0.21019326
vn -0.6598153 -0.2233697 0.71746063
vn -0.6598153 -0.2233697 0.71746063
vn -0.6598153 -0.2233697 0.71746063
vn -0.6598153 -0.2233697 0.71746063
vn -0.70710653 0.67514384 0.21019326
vn -0.70710653 0.67514384 0.21019326
vn -0.70710653 0.67514384 0.21019326
vn -0.70710653 0.67514384 0.21019326
vn -0.70710653 0.2101949 -0.67514336
vn -0.70710653 0.2101949 -0.67514336
vn -0.70710653 0.2101949 -0.67514336
vn -0.70710653 0.2101949 -0.67514336
vn -0.70710653 0.2101949 -0.67514336
vn -0.70710653 0.2101949 -0.67514336
vn -0 -0.46494886 -0.8853376
vn -0 -0.46494886 -0.8853376
vn -0 -0.46494886 -0.8853376
vn -0 -0.46494886 -0.8853376
vn -0 0.8853378 -0.4649483
vn -0 0.8853378 -0.4649483
vn -0 0.8853378 -0.4649483
vn -0 0.8853378 -0.4649483
vn 0.7071068 0.2101948 -0.67514294
vn 0.7071068 0.2101948 -0.67514294
vn 0.7071068 0.2101948 -0.67514294
vn 0.7071068 0.2101948 -0.67514294
vn 0.7071068 0.2101948 -0.67514294
vn 0.7071068 0.2101948 -0.67514294
vn 0.7071069 -0.6751433 -0.21019363
vn 0.7071069 -0.6751433 -0.21019363
vn 0.7071069 -0.6751433 -0.21019363
vn 0.7071069 -0.6751433 -0.21019363
vn 0.70710695 0.6751431 0.21019357
vn 0.70710695 0.6751431 0.21019357
vn 0.70710695 0.6751431 0.21019357
vn 0.70710695 0.6751431 0.21019357
vn 0.65981567 -0.22336955 0.7174603
vn 0.65981567 -0.22336955 0.7174603
vn 0.65981567 -0.22336955 0.7174603
vn 0.65981567 -0.22336955 0.7174603
vn -0 -0.85678065 0.515681
vn -0 -0.85678065 0.515681
vn -0 -0.85678065 0.515681
vn -0 -0.85678065 0.515681
vn -0 0.40067175 0.9162216
vn -0 0.40067175 0.9162216
vn -0 0.40067175 0.9162216
vn -0 0.40067175 0.9162216
vn -0.70710707 -0.67514384 -0.21019089
vn -0.70710707 -0.67514384 -0.21019089
vn -0.70710707 -0.67514384 -0.21019089
vn -0.70710707 -0.67514384 -0.21019089
vn -0.70710725 -0.21019478 0.6751426
vn -0.70710725 -0.21019478 0.6751426
vn -0.70710725 -0.21019478 0.6751426
vn -0.70710725 -0.21019478 0.6751426
vn -0.70710564 0.675145 0.21019208
vn -0.70710564 0.675145 0.21019208
vn -0.70710564 0.675145 0.21019208
vn -0.70710564 0.675145 0.21019208
vn -0.70710653 0.21019499 -0.67514324
vn -0.70710653 0.21019499 -0.67514324
vn -0.70710653 0.21019499 -0.67514324
vn -0.70710653 0.21019499 -0.67514324
vn -0 -0.46494997 -0.885337
vn -0 -0.46494997 -0.885337
vn -0 -0.46494997 -0.885337
vn -0 -0.46494997 -0.885337
vn -0 0.8853389 -0.4649464
vn -0 0.8853389 -0.4649464
vn -0 0.8853389 -0.4649464
vn -0 0.8853389 -0.4649464
vn -0 0.8853389 -0.4649464
vn -0 0.8853389 -0.4649464
vn 0.7071061 0.2101949 -0.67514366
vn 0.7071061 0.2101949 -0.67514366
vn 0.7071061 0.2101949 -0.67514366
vn 0.7071061 0.2101949 -0.67514366
vn 0.7071068 -0.6751436 -0.21019284
vn 0.7071068 -0.6751436 -0.21019284
vn 0.7071068 -0.6751436 -0.21019284
vn 0.7071068 -0.6751436 -0.21019284
vn 0.7071081 0.6751421 0.21019322
vn 0.7071081 0.6751421 0.21019322
vn 0.7071081 0.6751421 0.21019322
vn 0.7071081 0.6751421 0.21019322
vn 0.7071079 -0.21019454 0.6751419
vn 0.7071079 -0.21019454 0.6751419
vn 0.7071079 -0.21019454 0.6751419
vn 0.7071079 -0.21019454 0.6751419
vn -0 -0.8853393 0.46494538
vn -0 -0.8853393 0.46494538
vn -0 -0.8853393 0.46494538
vn -0 -0.8853393 0.46494538
vn -0 0.46494874 0.8853376
vn -0 0.46494874 0.8853376
vn -0 0.46494874 0.8853376
vn -0 0.46494874 0.8853376
vn -0.7071068 -0.6751436 -0.21019284
vn -0.7071068 -0.6751436 -0.21019284
vn -0.7071068 -0.6751436 -0.21019284
vn -0.7071068 -0.6751436 -0.21019284
vn -0.70710605 -0.2101951 0.67514354
vn -0.70710605 -0.2101951 0.67514354
vn -0.70710605 -0.2101951 0.67514354
vn -0.70710605 -0.2101951 0.67514354
vn -0.7071067 0.6751434 0.2101936
vn -0.7071067 0.6751434 0.2101936
vn -0.7071067 0.6751434 0.2101936
vn -0.7071067 0.6751434 0.2101936
vn -0.7071068 0.21019489 -0.67514294
vn -0.7071068 0.21019489 -0.67514294
vn -0.7071068 0.21019489 -0.67514294
vn -0.7071068 0.21019489 -0.67514294
vn -0 -0.46494725 -0.8853384
vn -0 -0.46494725 -0.8853384
vn -0 -0.46494725 -0.8853384
vn -0 -0.46494725 -0.8853384
vn -0 0.8853389 -0.46494624
vn -0 0.8853389 -0.46494624
vn -0 0.8853389 -0.46494624
vn -0 0.8853389 -0.46494624
vn 0.70710653 0.21019499 -0.67514324
vn 0.70710653 0.21019499 -0.67514324
vn 0.70710653 0.21019499 -0.67514324
vn 0.70710653 0.21019499 -0.67514324
vn 0.7071068 -0.6751436 -0.2101925
vn 0.7071068 -0.6751436 -0.2101925
vn 0.7071068 -0.6751436 -0.2101925
vn 0.7071068 -0.6751436 -0.2101925
vn 0.70710546 0.67514473 0.21019368
vn 0.70710546 0.67514473 0.21019368
vn 0.70710546 0.67514473 0.21019368
vn 0.70710546 0.67514473 0.21019368
vn 0.70710653 -0.21019499 0.67514324
vn 0.70710653 -0.21019499 0.67514324
vn 0.70710653 -0.21019499 0.67514324
vn 0.70710653 -0.21019499 0.67514324
vn -0 -0.88533944 0.46494535
vn -0 -0.88533944 0.46494535
vn -0 -0.88533944 0.46494535
vn -0 -0.88533944 0.46494535
vn -0 -0.88533944 0.46494535
vn -0 -0.88533944 0.46494535
vn -0 0.4649501 0.88533694
vn -0 0.4649501 0.88533694
vn -0 0.4649501 0.88533694
vn -0 0.4649501 0.88533694
vn -0.7071067 -0.6751434 -0.2101936
vn -0.7071067 -0.6751434 -0.2101936
vn -0.7071067 -0.6751434 -0.2101936
vn -0.7071067 -0.6751434 -0.2101936
vn -0.6977595 -0.21293706 0.6839514
vn -0.6977595 -0.21293706 0.6839514
vn -0.6977595 -0.21293706 0.6839514
vn -0.6977595 -0.21293706 0.6839514
vn -0.7071082 0.6751409 0.210197
vn -0.7071082 0.6751409 0.210197
vn -0.7071082 0.6751409 0.210197
vn -0.7071082 0.6751409 0.210197
vn -0.7071058 0.2101946 -0.675144
vn -0.7071058 0.2101946 -0.675144
vn -0.7071058 0.2101946 -0.675144
vn -0.7071058 0.2101946 -0.675144
vn -0 -0.4649489 -0.8853375
vn -0 -0.4649489 -0.8853375
vn -0 -0.4649489 -0.8853375
vn -0 -0.4649489 -0.8853375
vn -0 0.88533777 -0.46494853
vn -0 0.88533777 -0.46494853
vn -0 0.88533777 -0.46494853
vn -0 0.88533777 -0.46494853
vn -0 0.88533777 -0.46494853
vn -0 0.88533777 -0.46494853
vn 0.70710653 0.21019481 -0.67514324
vn 0.70710653 0.21019481 -0.67514324
vn 0.70710653 0.21019481 -0.67514324
vn 0.70710653 0.21019481 -0.67514324
vn 0.70710677 -0.6751435 -0.21019329
vn 0.70710677 -0.6751435 -0.21019329
vn 0.70710677 -0.6751435 -0.21019329
vn 0.70710677 -0.6751435 -0.21019329
vn 0.7071066 0.675142 0.21019869
vn 0.7071066 0.675142 0.21019869
vn 0.7071066 0.675142 0.21019869
vn 0.7071066 0.675142 0.21019869
vn 0.6977595 -0.21293706 0.6839514
vn 0.6977595 -0.21293706 0.6839514
vn 0.6977595 -0.21293706 0.6839514
vn 0.6977595 -0.21293706 0.6839514
vn -0 -0.88108003 0.4729672
vn -0 -0.88108003 0.4729672
vn -0 -0.88108003 0.4729672
vn -0 -0.88108003 0.4729672
vn -0 0.4496962 0.8931816
vn -0 0.4496962 0.8931816
vn -0 0.4496962 0.8931816
vn -0 0.4496962 0.8931816
vn -0.707106 -0.6751441 -0.21019381
vn -0.707106 -0.6751441 -0.21019381
vn -0.707106 -0.6751441 -0.21019381
vn -0.707106 -0.6751441 -0.21019381
vn -0.67648 -0.2167734 0.7038353
vn -0.67648 -0.2167734 0.7038353
vn -0.67648 -0.2167734 0.7038353
vn -0.67648 -0.2167734 0.7038353
vn -0.707106 0.6751441 0.21019381
vn -0.707106 0.6751441 0.21019381
vn -0.707106 0.6751441 0.21019381
vn -0.707106 0.6751441 0.21019381
vn -0.7071062 0.2101944 -0.6751438
vn -0.7071062 0.2101944 -0.6751438
vn -0.7071062 0.2101944 -0.6751438
vn -0.7071062 0.2101944 -0.6751438
vn -0.7071062 0.2101944 -0.6751438
vn -0.7071062 0.2101944 -0.6751438
vn -0 -0.4649489 -0.8853375
vn -0 -0.4649489 -0.8853375
vn -0 -0.4649489 -0.8853375
vn -0 -0.4649489 -0.8853375
vn -0 0.88533795 -0.46494806
vn -0 0.88533795 -0.46494806
vn -0 0.88533795 -0.46494806
vn -0 0.88533795 -0.46494806
vn -0 0.88533795 -0.46494806
vn -0 0.88533795 -0.46494806
vn 0.7071069 0.21019463 -0.675143
vn 0.7071069 0.21019463 -0.675143
vn 0.7071069 0.21019463 -0.675143
vn 0.7071069 0.21019463 -0.675143
vn 0.7071069 0.21019463 -0.675143
vn 0.7071069 0.21019463 -0.675143
vn 0.70710605 -0.67514414 -0.2101935
vn 0.70710605 -0.67514414 -0.2101935
vn 0.70710605 -0.67514414 -0.2101935
vn 0.70710605 -0.67514414 -0.2101935
vn 0.70710605 0.67514414 0.2101935
vn 0.70710605 0.67514414 0.2101935
vn 0.70710605 0.67514414 0.2101935
vn 0.70710605 0.67514414 0.2101935
vn 0.67648065 -0.21677363 0.7038346
vn 0.67648065 -0.21677363 0.7038346
vn 0.67648065 -0.21677363 0.7038346
vn 0.67648065 -0.21677363 0.7038346
vn -0 -0.8600868 0.5101478
vn -0 -0.8600868 0.5101478
vn -0 -0.8600868 0.5101478
vn -0 -0.8600868 0.5101478
vn -0 0.43590122 0.89999443
vn -0 0.43590122 0.89999443
vn -0 0.43590122 0.89999443
vn -0 0.43590122 0.89999443
vn -0.7071064 -0.67514414 -0.21019249
vn -0.7071064 -0.67514414 -0.21019249
vn -0.7071064 -0.67514414 -0.21019249
vn -0.7071064 -0.67514414 -0.21019249
vn -0.65981483 -0.22336952 0.7174612
vn -0.65981483 -0.22336952 0.7174612
vn -0.65981483 -0.22336952 0.7174612
vn -0.65981483 -0.22336952 0.7174612
vn -0.7071066 0.675144 0.21019243
vn -0.7071066 0.675144 0.21019243
vn -0.7071066 0.675144 0.21019243
vn -0.7071066 0.675144 0.21019243
vn -0.70710593 0.21019477 -0.67514396
vn -0.70710593 0.21019477 -0.67514396
vn -0.70710593 0.21019477 -0.67514396
vn -0.70710593 0.21019477 -0.67514396
vn -0.70710593 0.21019477 -0.67514396
vn -0.70710593 0.21019477 -0.67514396
vn -0 -0.46494886 -0.8853376
vn -0 -0.46494886 -0.8853376
vn -0 -0.46494886 -0.8853376
vn -0 -0.46494886 -0.8853376
vn -0 0.88533777 -0.46494853
vn -0 0.88533777 -0.46494853
vn -0 0.88533777 -0.46494853
vn -0 0.88533777 -0.46494853
vn 0.70710665 0.21019496 -0.6751432
vn 0.70710665 0.21019496 -0.6751432
vn 0.70710665 0.21019496 -0.6751432
vn 0.70710665 0.21019496 -0.6751432
vn 0.70710665 0.21019496 -0.6751432
vn 0.70710665 0.21019496 -0.6751432
vn 0.70710623 -0.67514396 -0.21019344
vn 0.70710623 -0.67514396 -0.21019344
vn 0.70710623 -0.67514396 -0.21019344
vn 0.70710623 -0.67514396 -0.21019344
vn 0.70710635 0.67514396 0.21019341
vn 0.70710635 0.67514396 0.21019341
vn 0.70710635 0.67514396 0.21019341
vn 0.70710635 0.67514396 0.21019341
vn 0.6598155 -0.22336976 0.71746045
vn 0.6598155 -0.22336976 0.71746045
vn 0.6598155 -0.22336976 0.71746045
vn 0.6598155 -0.22336976 0.71746045
vn -0 -0.85678065 0.515681
vn -0 -0.85678065 0.515681
vn -0 -0.85678065 0.515681
vn -0 -0.85678065 0.515681
vn -0 0.40067178 0.9162216
vn -0 0.40067178 0.9162216
vn -0 0.40067178 0.9162216
vn -0 0.40067178 0.9162216
vn 0.63015586 0.4853114 0.60611594
vn 0.63015586 0.4853114 0.60611594
vn 0.63015586 0.4853114 0.60611594
vn 0.63015586 0.4853114 0.60611594
vn 0.63015586 0.4853114 0.60611594
vn 0.63015586 0.4853114 0.60611594
vn -0.70710796 -0.21019448 0.67514193
vn -0.70710796 -0.21019448 0.67514193
vn -0.70710796 -0.21019448 0.67514193
vn -0.70710796 -0.21019448 0.67514193
vn -0.70710796 -0.21019448 0.67514193
vn -0.70710796 -0.21019448 0.67514193
vn 0.64690727 -0.45120847 -0.61475354
vn 0.64690727 -0.45120847 -0.61475354
vn 0.64690727 -0.45120847 -0.61475354
vn 0.64690727 -0.45120847 -0.61475354
vn 0.64690727 -0.45120847 -0.61475354
vn 0.64690727 -0.45120847 -0.61475354
vn -0.7071081 0.2101944 -0.6751417
vn -0.7071081 0.2101944 -0.6751417
vn -0.7071081 0.2101944 -0.6751417
vn -0.7071081 0.2101944 -0.6751417
vn -0.7071081 0.2101944 -0.6751417
vn -0.7071081 0.2101944 -0.6751417
vn -1.0831787E-07 -0.46494886 -0.8853375
vn -1.0831787E-07 -0.46494886 -0.8853375
vn -1.0831787E-07 -0.46494886 -0.8853375
vn -1.0831787E-07 -0.46494886 -0.8853375
vn -0 0.88533914 -0.46494582
vn -0 0.88533914 -0.46494582
vn -0 0.88533914 -0.46494582
vn -0 0.88533914 -0.46494582
vn -0 0.88533914 -0.46494582
vn -0 0.88533914 -0.46494582
vn 0.7071074 0.21019456 -0.6751424
vn 0.7071074 0.21019456 -0.6751424
vn 0.7071074 0.21019456 -0.6751424
vn 0.7071074 0.21019456 -0.6751424
vn 0.7071074 0.21019456 -0.6751424
vn 0.7071074 0.21019456 -0.6751424
vn -0.47208488 0 0.8815531
vn -0.47208488 0 0.8815531
vn -0.47208488 0 0.8815531
vn -0.47208488 0 0.8815531
vn -0.47208488 0 0.8815531
vn -0.47208488 0 0.8815531
vn -0.39837107 0 -0.91722435
vn -0.39837107 0 -0.91722435
vn -0.39837107 0 -0.91722435
vn -0.39837107 0 -0.91722435
vn -0.39837107 0 -0.91722435
vn -0.39837107 0 -0.91722435
vn 0.7071074 -0.21019453 0.6751424
vn 0.7071074 -0.21019453 0.6751424
vn 0.7071074 -0.21019453 0.6751424
vn 0.7071074 -0.21019453 0.6751424
vn 0.7071074 -0.21019453 0.6751424
vn 0.7071074 -0.21019453 0.6751424
vn -0 -0.88533914 0.46494582
vn -0 -0.88533914 0.46494582
vn -0 -0.88533914 0.46494582
vn -0 -0.88533914 0.46494582
vn -2.1663574E-07 0.46494895 0.8853375
vn -2.1663574E-07 0.46494895 0.8853375
vn -2.1663574E-07 0.46494895 0.8853375
vn -2.1663574E-07 0.46494895 0.8853375
vn -2.1663574E-07 0.46494895 0.8853375
vn -2.1663574E-07 0.46494895 0.8853375
vn -0.77029675 -0.63768566 0
vn -0.77029675 -0.63768566 0
vn -0.77029675 -0.63768566 0
vn -0.77029675 -0.63768566 0
vn -0.77029675 -0.63768566 0
vn -0.77029675 -0.63768566 0
vn -0.70710605 -0.21019518 0.6751436
vn -0.70710605 -0.21019518 0.6751436
vn -0.70710605 -0.21019518 0.6751436
vn -0.70710605 -0.21019518 0.6751436
vn -0.70710605 -0.21019518 0.6751436
vn -0.70710605 -0.21019518 0.6751436
vn -0.7071066 0.21019462 -0.67514324
vn -0.7071066 0.21019462 -0.67514324
vn -0.7071066 0.21019462 -0.67514324
vn -0.7071066 0.21019462 -0.67514324
vn -0.7071066 0.21019462 -0.67514324
vn -0.7071066 0.21019462 -0.67514324
vn -1.2920702E-06 -0.4649459 -0.8853391
vn -1.2920702E-06 -0.4649459 -0.8853391
vn -1.2920702E-06 -0.4649459 -0.8853391
vn -1.2920702E-06 -0.4649459 -0.8853391
vn -0 0.88533777 -0.46494848
vn -0 0.88533777 -0.46494848
vn -0 0.88533777 -0.46494848
vn -0 0.88533777 -0.46494848
vn -0 0.88533777 -0.46494848
vn -0 0.88533777 -0.46494848
vn 0.7071073 0.21019456 -0.6751425
vn 0.7071073 0.21019456 -0.6751425
vn 0.7071073 0.21019456 -0.6751425
vn 0.7071073 0.21019456 -0.6751425
vn 0.7071073 0.21019456 -0.6751425
vn 0.7071073 0.21019456 -0.6751425
vn -0.5229105 0.3639087 0.77080166
vn -0.5229105 0.3639087 0.77080166
vn -0.5229105 0.3639087 0.77080166
vn -0.5506136 -0.27862722 -0.7868872
vn -0.5506136 -0.27862722 -0.7868872
vn -0.5506136 -0.27862722 -0.7868872
vn 0.7071079 -0.21019448 0.67514193
vn 0.7071079 -0.21019448 0.67514193
vn 0.7071079 -0.21019448 0.67514193
vn 0.7071079 -0.21019448 0.67514193
vn 0.7071079 -0.21019448 0.67514193
vn 0.7071079 -0.21019448 0.67514193
vn -0 -0.8853374 0.46494907
vn -0 -0.8853374 0.46494907
vn -0 -0.8853374 0.46494907
vn -0 -0.8853374 0.46494907
vn 1.3116484E-06 0.46494848 0.88533777
vn 1.3116484E-06 0.46494848 0.88533777
vn 1.3116484E-06 0.46494848 0.88533777
vn 1.3116484E-06 0.46494848 0.88533777
vn 1.3116484E-06 0.46494848 0.88533777
vn 1.3116484E-06 0.46494848 0.88533777
vn 0.5516678 0.33807522 0.7624748
vn 0.5516678 0.33807522 0.7624748
vn 0.5516678 0.33807522 0.7624748
vn 0.5516678 0.33807522 0.7624748
vn 0.5516678 0.33807522 0.7624748
vn 0.5516678 0.33807522 0.7624748
vn -0.70710725 -0.21019427 0.6751427
vn -0.70710725 -0.21019427 0.6751427
vn -0.70710725 -0.21019427 0.6751427
vn -0.70710725 -0.21019427 0.6751427
vn 0.5604735 -0.31183195 -0.7672224
vn 0.5604735 -0.31183195 -0.7672224
vn 0.5604735 -0.31183195 -0.7672224
vn 0.5604735 -0.31183195 -0.7672224
vn 0.5604735 -0.31183195 -0.7672224
vn 0.5604735 -0.31183195 -0.7672224
vn -0.7071074 0.21019422 -0.6751425
vn -0.7071074 0.21019422 -0.6751425
vn -0.7071074 0.21019422 -0.6751425
vn -0.7071074 0.21019422 -0.6751425
vn 2.1663452E-07 -0.4649479 -0.885338
vn 2.1663452E-07 -0.4649479 -0.885338
vn 2.1663452E-07 -0.4649479 -0.885338
vn 2.1663452E-07 -0.4649479 -0.885338
vn -0 0.88533914 -0.46494582
vn -0 0.88533914 -0.46494582
vn -0 0.88533914 -0.46494582
vn -0 0.88533914 -0.46494582
vn 0.7071074 0.21019456 -0.6751424
vn 0.7071074 0.21019456 -0.6751424
vn 0.7071074 0.21019456 -0.6751424
vn 0.7071074 0.21019456 -0.6751424
vn -0.4889322 0.23295327 0.84064144
vn -0.4889322 0.23295327 0.84064144
vn -0.4889322 0.23295327 0.84064144
vn -0.4889322 0.23295327 0.84064144
vn -0.4889322 0.23295327 0.84064144
vn -0.4889322 0.23295327 0.84064144
vn -0.47157025 -0.20779945 -0.8569952
vn -0.47157025 -0.20779945 -0.8569952
vn -0.47157025 -0.20779945 -0.8569952
vn -0.47157025 -0.20779945 -0.8569952
vn -0.47157025 -0.20779945 -0.8569952
vn -0.47157025 -0.20779945 -0.8569952
vn 0.7071074 -0.21019453 0.6751424
vn 0.7071074 -0.21019453 0.6751424
vn 0.7071074 -0.21019453 0.6751424
vn 0.7071074 -0.21019453 0.6751424
vn -0 -0.88533914 0.46494582
vn -0 -0.88533914 0.46494582
vn -0 -0.88533914 0.46494582
vn -0 -0.88533914 0.46494582
vn 2.1663455E-07 0.46494782 0.8853381
vn 2.1663455E-07 0.46494782 0.8853381
vn 2.1663455E-07 0.46494782 0.8853381
vn 2.1663455E-07 0.46494782 0.8853381
vn -0.77029675 -0.63768566 0
vn -0.77029675 -0.63768566 0
vn -0.77029675 -0.63768566 0
vn -0.77029675 -0.63768566 0
vn -0.77029675 -0.63768566 0
vn -0.77029675 -0.63768566 0
vn -0.70710504 -0.21019486 0.67514485
vn -0.70710504 -0.21019486 0.67514485
vn -0.70710504 -0.21019486 0.67514485
vn -0.70710504 -0.21019486 0.67514485
vn -0.70710504 -0.21019486 0.67514485
vn -0.70710504 -0.21019486 0.67514485
vn -0.70710695 0.2101947 -0.6751429
vn -0.70710695 0.2101947 -0.6751429
vn -0.70710695 0.2101947 -0.6751429
vn -0.70710695 0.2101947 -0.6751429
vn -0.70710695 0.2101947 -0.6751429
vn -0.70710695 0.2101947 -0.6751429
vn -1.2920706E-06 -0.464946 -0.8853391
vn -1.2920706E-06 -0.464946 -0.8853391
vn -1.2920706E-06 -0.464946 -0.8853391
vn -1.2920706E-06 -0.464946 -0.8853391
vn -0 0.88533777 -0.46494833
vn -0 0.88533777 -0.46494833
vn -0 0.88533777 -0.46494833
vn -0 0.88533777 -0.46494833
vn 0.7071073 0.21019456 -0.6751425
vn 0.7071073 0.21019456 -0.6751425
vn 0.7071073 0.21019456 -0.6751425
vn 0.7071073 0.21019456 -0.6751425
vn -0.52432525 0.3648933 0.76937383
vn -0.52432525 0.3648933 0.76937383
vn -0.52432525 0.3648933 0.76937383
vn -0.5521664 -0.27941298 -0.7855193
vn -0.5521664 -0.27941298 -0.7855193
vn -0.5521664 -0.27941298 -0.7855193
vn 0.7071079 -0.21019448 0.67514193
vn 0.7071079 -0.21019448 0.67514193
vn 0.7071079 -0.21019448 0.67514193
vn 0.7071079 -0.21019448 0.67514193
vn -0 -0.8853375 0.464949
vn -0 -0.8853375 0.464949
vn -0 -0.8853375 0.464949
vn -0 -0.8853375 0.464949
vn 1.3116487E-06 0.4649482 0.8853378
vn 1.3116487E-06 0.4649482 0.8853378
vn 1.3116487E-06 0.4649482 0.8853378
vn 1.3116487E-06 0.4649482 0.8853378
vn -0.7034927 -0.6416632 -0.3055593
vn -0.7034927 -0.6416632 -0.3055593
vn -0.7034927 -0.6416632 -0.3055593
vn -0.7034927 -0.6416632 -0.3055593
vn -0.70710737 -0.21019445 0.67514247
vn -0.70710737 -0.21019445 0.67514247
vn -0.70710737 -0.21019445 0.67514247
vn -0.70710737 -0.21019445 0.67514247
vn -0.70710737 -0.21019445 0.67514247
vn -0.70710737 -0.21019445 0.67514247
vn -0.7034938 0.6416633 0.30555648
vn -0.7034938 0.6416633 0.30555648
vn -0.7034938 0.6416633 0.30555648
vn -0.7034938 0.6416633 0.30555648
vn -0.70710725 0.21019448 -0.6751426
vn -0.70710725 0.21019448 -0.6751426
vn -0.70710725 0.21019448 -0.6751426
vn -0.70710725 0.21019448 -0.6751426
vn -0 -0.4649474 -0.8853383
vn -0 -0.4649474 -0.8853383
vn -0 -0.4649474 -0.8853383
vn -0 -0.4649474 -0.8853383
vn -0 0.88533896 -0.46494615
vn -0 0.88533896 -0.46494615
vn -0 0.88533896 -0.46494615
vn -0 0.88533896 -0.46494615
vn 0.7071072 0.21019454 -0.6751427
vn 0.7071072 0.21019454 -0.6751427
vn 0.7071072 0.21019454 -0.6751427
vn 0.7071072 0.21019454 -0.6751427
vn 0.70349234 -0.64166576 -0.30555472
vn 0.70349234 -0.64166576 -0.30555472
vn 0.70349234 -0.64166576 -0.30555472
vn 0.70349234 -0.64166576 -0.30555472
vn 0.70349306 0.6416617 0.30556145
vn 0.70349306 0.6416617 0.30556145
vn 0.70349306 0.6416617 0.30556145
vn 0.70349306 0.6416617 0.30556145
vn 0.70710653 -0.21019466 0.67514336
vn 0.70710653 -0.21019466 0.67514336
vn 0.70710653 -0.21019466 0.67514336
vn 0.70710653 -0.21019466 0.67514336
vn -0 -0.8853389 0.4649464
vn -0 -0.8853389 0.4649464
vn -0 -0.8853389 0.4649464
vn -0 -0.8853389 0.4649464
vn -0 -0.8853389 0.4649464
vn -0 -0.8853389 0.4649464
vn -0 0.4649471 0.8853385
vn -0 0.4649471 0.8853385
vn -0 0.4649471 0.8853385
vn -0 0.4649471 0.8853385
vn -0 -0.954797 -0.29725844
vn -0 -0.954797 -0.29725844
vn -0 -0.954797 -0.29725844
vn -0 -0.954797 -0.29725844
g Telephone_0
f 3/3/3 2/2/2 1/1/1
f 4/4/4 3/3/3 1/1/1
f 3/3/3 4/4/4 5/5/5
f 6/6/6 3/3/3 5/5/5
f 7/7/7 6/6/6 5/5/5
f 8/8/8 7/7/7 5/5/5
f 2/2/2 3/3/3 9/9/9
f 3/3/3 10/10/10 9/9/9
f 7/7/7 8/8/8 11/11/11
f 12/12/12 7/7/7 11/11/11
f 7/7/7 12/12/12 13/13/13
f 14/14/14 7/7/7 13/13/13
f 12/12/12 15/15/15 13/13/13
f 15/15/15 12/12/12 11/11/11
f 16/16/16 15/15/15 11/11/11
f 15/15/15 16/16/16 17/17/17
f 18/18/18 15/15/15 17/17/17
f 15/15/15 18/18/18 19/19/19
f 18/18/18 20/20/20 19/19/19
f 20/20/20 18/18/18 17/17/17
f 20/20/20 21/21/21 19/19/19
f 22/22/22 20/20/20 17/17/17
f 20/20/20 22/22/22 23/23/23
f 24/24/24 20/20/20 23/23/23
f 25/25/25 24/24/24 23/23/23
f 26/26/26 25/25/25 23/23/23
f 20/20/20 24/24/24 27/27/27
f 21/21/21 20/20/20 27/27/27
f 24/24/24 25/25/25 27/27/27
f 25/25/25 28/28/28 27/27/27
f 28/28/28 25/25/25 29/29/29
f 25/25/25 30/30/30 29/29/29
f 30/30/30 31/31/31 29/29/29
f 31/31/31 32/32/32 29/29/29
f 31/31/31 30/30/30 33/33/33
f 25/25/25 26/26/26 33/33/33
f 30/30/30 25/25/25 33/33/33
f 34/34/34 31/31/31 33/33/33
f 31/31/31 34/34/34 35/35/35
f 36/36/36 31/31/31 35/35/35
f 37/37/37 36/36/36 35/35/35
f 38/38/38 37/37/37 35/35/35
f 31/31/31 36/36/36 39/39/39
f 32/32/32 31/31/31 39/39/39
f 36/36/36 37/37/37 39/39/39
f 37/37/37 40/40/40 39/39/39
f 40/40/40 37/37/37 41/41/41
f 37/37/37 42/42/42 41/41/41
f 42/42/42 43/43/43 41/41/41
f 43/43/43 44/44/44 41/41/41
f 44/44/44 43/43/43 45/45/45
f 43/43/43 46/46/46 45/45/45
f 46/46/46 47/47/47 45/45/45
f 47/47/47 48/48/48 45/45/45
f 48/48/48 47/47/47 49/49/49
f 47/47/47 50/50/50 49/49/49
f 50/50/50 51/51/51 49/49/49
f 51/51/51 52/52/52 49/49/49
f 51/51/51 50/50/50 53/53/53
f 50/50/50 47/47/47 53/53/53
f 54/54/54 51/51/51 53/53/53
f 47/47/47 55/55/55 53/53/53
f 47/47/47 46/46/46 56/56/56
f 55/55/55 47/47/47 56/56/56
f 46/46/46 43/43/43 56/56/56
f 43/43/43 57/57/57 56/56/56
f 51/51/51 54/54/54 58/58/58
f 59/59/59 51/51/51 58/58/58
f 51/51/51 59/59/59 60/60/60
f 52/52/52 51/51/51 60/60/60
f 57/57/57 43/43/43 61/61/61
f 43/43/43 42/42/42 61/61/61
f 42/42/42 37/37/37 61/61/61
f 37/37/37 38/38/38 61/61/61
f 64/64/64 63/63/63 62/62/62
f 65/65/65 64/64/64 62/62/62
f 64/64/64 65/65/65 66/66/66
f 67/67/67 64/64/64 66/66/66
f 70/70/70 69/69/69 68/68/68
f 71/71/71 70/70/70 68/68/68
f 74/74/74 73/73/73 72/72/72
f 75/75/75 74/74/74 72/72/72
f 73/73/73 74/74/74 76/76/76
f 74/74/74 77/77/77 76/76/76
f 77/77/77 78/78/78 76/76/76
f 78/78/78 79/79/79 76/76/76
f 79/79/79 78/78/78 80/80/80
f 78/78/78 81/81/81 80/80/80
f 81/81/81 82/82/82 80/80/80
f 82/82/82 83/83/83 80/80/80
f 83/83/83 82/82/82 84/84/84
f 82/82/82 85/85/85 84/84/84
f 85/85/85 86/86/86 84/84/84
f 86/86/86 87/87/87 84/84/84
f 87/87/87 86/86/86 88/88/88
f 86/86/86 89/89/89 88/88/88
f 89/89/89 90/90/90 88/88/88
f 90/90/90 91/91/91 88/88/88
f 91/91/91 90/90/90 92/92/92
f 90/90/90 93/93/93 92/92/92
f 93/93/93 94/94/94 92/92/92
f 94/94/94 95/95/95 92/92/92
f 95/95/95 94/94/94 96/96/96
f 94/94/94 97/97/97 96/96/96
f 97/97/97 98/98/98 96/96/96
f 98/98/98 99/99/99 96/96/96
f 99/99/99 98/98/98 100/100/100
f 98/98/98 101/101/101 100/100/100
f 101/101/101 102/102/102 100/100/100
f 102/102/102 103/103/103 100/100/100
f 103/103/103 102/102/102 104/104/104
f 102/102/102 105/105/105 104/104/104
f 105/105/105 106/106/106 104/104/104
f 106/106/106 107/107/107 104/104/104
f 107/107/107 106/106/106 108/108/108
f 106/106/106 109/109/109 108/108/108
f 109/109/109 110/110/110 108/108/108
f 110/110/110 111/111/111 108/108/108
f 111/111/111 110/110/110 112/112/112
f 110/110/110 113/113/113 112/112/112
f 116/116/116 115/115/115 114/114/114
f 117/117/117 116/116/116 114/114/114
f 115/115/115 118/118/118 114/114/114
f 118/118/118 119/119/119 114/114/114
f 116/116/116 117/117/117 120/120/120
f 121/121/121 116/116/116 120/120/120
f 122/122/122 121/121/121 120/120/120
f 123/123/123 122/122/122 120/120/120
f 117/117/117 124/124/124 120/120/120
f 124/124/124 117/117/117 125/125/125
f 126/126/126 124/124/124 125/125/125
f 127/127/127 126/126/126 125/125/125
f 128/128/128 127/127/127 125/125/125
f 124/124/124 129/129/129 120/120/120
f 130/130/130 123/123/123 120/120/120
f 129/129/129 130/130/130 120/120/120
f 122/122/122 123/123/123 131/131/131
f 123/123/123 130/130/130 131/131/131
f 132/132/132 122/122/122 131/131/131
f 133/133/133 132/132/132 131/131/131
f 134/134/134 133/133/133 131/131/131
f 133/133/133 134/134/134 135/135/135
f 136/136/136 133/133/133 135/135/135
f 137/137/137 136/136/136 135/135/135
f 138/138/138 137/137/137 135/135/135
f 134/134/134 139/139/139 135/135/135
f 139/139/139 134/134/134 131/131/131
f 139/139/139 140/140/140 135/135/135
f 141/141/141 138/138/138 135/135/135
f 140/140/140 141/141/141 135/135/135
f 137/137/137 138/138/138 142/142/142
f 138/138/138 141/141/141 142/142/142
f 143/143/143 137/137/137 142/142/142
f 144/144/144 143/143/143 142/142/142
f 145/145/145 144/144/144 142/142/142
f 141/141/141 146/146/146 142/142/142
f 147/147/147 145/145/145 142/142/142
f 146/146/146 147/147/147 142/142/142
f 144/144/144 145/145/145 148/148/148
f 145/145/145 147/147/147 148/148/148
f 149/149/149 144/144/144 148/148/148
f 150/150/150 149/149/149 148/148/148
f 151/151/151 150/150/150 148/148/148
f 150/150/150 151/151/151 152/152/152
f 153/153/153 150/150/150 152/152/152
f 154/154/154 153/153/153 152/152/152
f 155/155/155 154/154/154 152/152/152
f 151/151/151 156/156/156 152/152/152
f 156/156/156 151/151/151 148/148/148
f 156/156/156 157/157/157 152/152/152
f 158/158/158 155/155/155 152/152/152
f 157/157/157 158/158/158 152/152/152
f 147/147/147 159/159/159 148/148/148
f 159/159/159 156/156/156 148/148/148
f 154/154/154 155/155/155 160/160/160
f 155/155/155 158/158/158 160/160/160
f 161/161/161 154/154/154 160/160/160
f 162/162/162 161/161/161 160/160/160
f 163/163/163 162/162/162 160/160/160
f 162/162/162 163/163/163 164/164/164
f 165/165/165 162/162/162 164/164/164
f 166/166/166 165/165/165 164/164/164
f 167/167/167 166/166/166 164/164/164
f 166/166/166 167/167/167 168/168/168
f 169/169/169 166/166/166 168/168/168
f 170/170/170 169/169/169 168/168/168
f 171/171/171 170/170/170 168/168/168
f 167/167/167 172/172/172 168/168/168
f 172/172/172 167/167/167 164/164/164
f 172/172/172 173/173/173 168/168/168
f 174/174/174 171/171/171 168/168/168
f 173/173/173 174/174/174 168/168/168
f 163/163/163 175/175/175 164/164/164
f 175/175/175 163/163/163 160/160/160
f 175/175/175 176/176/176 164/164/164
f 176/176/176 172/172/172 164/164/164
f 170/170/170 171/171/171 177/177/177
f 171/171/171 174/174/174 177/177/177
f 178/178/178 170/170/170 177/177/177
f 174/174/174 179/179/179 177/177/177
f 170/170/170 178/178/178 180/180/180
f 181/181/181 170/170/170 180/180/180
f 182/182/182 181/181/181 180/180/180
f 183/183/183 182/182/182 180/180/180
f 182/182/182 183/183/183 184/184/184
f 185/185/185 182/182/182 184/184/184
f 186/186/186 185/185/185 184/184/184
f 187/187/187 186/186/186 184/184/184
f 185/185/185 186/186/186 188/188/188
f 182/182/182 185/185/185 188/188/188
f 186/186/186 189/189/189 188/188/188
f 189/189/189 190/190/190 188/188/188
f 190/190/190 191/191/191 188/188/188
f 191/191/191 190/190/190 192/192/192
f 190/190/190 193/193/193 192/192/192
f 193/193/193 194/194/194 192/192/192
f 194/194/194 195/195/195 192/192/192
f 195/195/195 196/196/196 192/192/192
f 196/196/196 197/197/197 192/192/192
f 198/198/198 191/191/191 192/192/192
f 197/197/197 198/198/198 192/192/192
f 191/191/191 198/198/198 188/188/188
f 198/198/198 199/199/199 188/188/188
f 199/199/199 182/182/182 188/188/188
f 195/195/195 194/194/194 200/200/200
f 196/196/196 195/195/195 200/200/200
f 194/194/194 201/201/201 200/200/200
f 201/201/201 202/202/202 200/200/200
f 202/202/202 203/203/203 200/200/200
f 203/203/203 202/202/202 204/204/204
f 202/202/202 205/205/205 204/204/204
f 206/206/206 203/203/203 204/204/204
f 203/203/203 206/206/206 200/200/200
f 207/207/207 206/206/206 204/204/204
f 206/206/206 208/208/208 200/200/200
f 208/208/208 196/196/196 200/200/200
f 196/196/196 208/208/208 209/209/209
f 208/208/208 206/206/206 209/209/209
f 210/210/210 196/196/196 209/209/209
f 206/206/206 211/211/211 209/209/209
f 211/211/211 154/154/154 209/209/209
f 154/154/154 161/161/161 209/209/209
f 162/162/162 210/210/210 209/209/209
f 161/161/161 162/162/162 209/209/209
f 206/206/206 207/207/207 212/212/212
f 211/211/211 206/206/206 212/212/212
f 154/154/154 211/211/211 212/212/212
f 153/153/153 154/154/154 212/212/212
f 150/150/150 153/153/153 212/212/212
f 213/213/213 150/150/150 212/212/212
f 150/150/150 213/213/213 214/214/214
f 149/149/149 150/150/150 214/214/214
f 144/144/144 149/149/149 214/214/214
f 215/215/215 144/144/144 214/214/214
f 144/144/144 215/215/215 216/216/216
f 143/143/143 144/144/144 216/216/216
f 137/137/137 143/143/143 216/216/216
f 217/217/217 137/137/137 216/216/216
f 137/137/137 217/217/217 218/218/218
f 136/136/136 137/137/137 218/218/218
f 133/133/133 136/136/136 218/218/218
f 219/219/219 133/133/133 218/218/218
f 133/133/133 219/219/219 220/220/220
f 132/132/132 133/133/133 220/220/220
f 122/122/122 132/132/132 220/220/220
f 221/221/221 122/122/122 220/220/220
f 222/222/222 221/221/221 220/220/220
f 223/223/223 222/222/222 220/220/220
f 222/222/222 223/223/223 224/224/224
f 225/225/225 222/222/222 224/224/224
f 222/222/222 225/225/225 226/226/226
f 225/225/225 227/227/227 226/226/226
f 227/227/227 225/225/225 224/224/224
f 227/227/227 228/228/228 226/226/226
f 228/228/228 229/229/229 226/226/226
f 229/229/229 230/230/230 226/226/226
f 230/230/230 231/231/231 226/226/226
f 231/231/231 232/232/232 226/226/226
f 232/232/232 222/222/222 226/226/226
f 230/230/230 229/229/229 233/233/233
f 231/231/231 230/230/230 233/233/233
f 229/229/229 234/234/234 233/233/233
f 234/234/234 235/235/235 233/233/233
f 235/235/235 236/236/236 233/233/233
f 236/236/236 237/237/237 233/233/233
f 237/237/237 238/238/238 233/233/233
f 238/238/238 231/231/231 233/233/233
f 239/239/239 227/227/227 224/224/224
f 232/232/232 231/231/231 240/240/240
f 222/222/222 232/232/232 240/240/240
f 221/221/221 222/222/222 240/240/240
f 231/231/231 241/241/241 240/240/240
f 241/241/241 116/116/116 240/240/240
f 116/116/116 121/121/121 240/240/240
f 122/122/122 221/221/221 240/240/240
f 121/121/121 122/122/122 240/240/240
f 231/231/231 238/238/238 242/242/242
f 241/241/241 231/231/231 242/242/242
f 238/238/238 237/237/237 242/242/242
f 116/116/116 241/241/241 242/242/242
f 237/237/237 243/243/243 242/242/242
f 243/243/243 118/118/118 242/242/242
f 118/118/118 115/115/115 242/242/242
f 115/115/115 116/116/116 242/242/242
f 227/227/227 239/239/239 244/244/244
f 245/245/245 227/227/227 244/244/244
f 246/246/246 245/245/245 244/244/244
f 247/247/247 246/246/246 244/244/244
f 245/245/245 246/246/246 248/248/248
f 227/227/227 245/245/245 248/248/248
f 246/246/246 249/249/249 248/248/248
f 249/249/249 250/250/250 248/248/248
f 250/250/250 251/251/251 248/248/248
f 251/251/251 250/250/250 252/252/252
f 250/250/250 253/253/253 252/252/252
f 253/253/253 254/254/254 252/252/252
f 254/254/254 255/255/255 252/252/252
f 255/255/255 235/235/235 252/252/252
f 235/235/235 234/234/234 252/252/252
f 229/229/229 251/251/251 252/252/252
f 234/234/234 229/229/229 252/252/252
f 251/251/251 229/229/229 248/248/248
f 229/229/229 228/228/228 248/248/248
f 228/228/228 227/227/227 248/248/248
f 250/250/250 249/249/249 256/256/256
f 249/249/249 246/246/246 256/256/256
f 257/257/257 250/250/250 256/256/256
f 258/258/258 257/257/257 256/256/256
f 259/259/259 258/258/258 256/256/256
f 258/258/258 259/259/259 260/260/260
f 261/261/261 258/258/258 260/260/260
f 262/262/262 261/261/261 260/260/260
f 263/263/263 262/262/262 260/260/260
f 264/264/264 263/263/263 260/260/260
f 265/265/265 264/264/264 260/260/260
f 266/266/266 265/265/265 260/260/260
f 259/259/259 266/266/266 260/260/260
f 266/266/266 259/259/259 256/256/256
f 261/261/261 262/262/262 267/267/267
f 258/258/258 261/261/261 267/267/267
f 262/262/262 268/268/268 267/267/267
f 268/268/268 269/269/269 267/267/267
f 269/269/269 270/270/270 267/267/267
f 270/270/270 271/271/271 267/267/267
f 271/271/271 272/272/272 267/267/267
f 272/272/272 258/258/258 267/267/267
f 264/264/264 265/265/265 273/273/273
f 265/265/265 266/266/266 273/273/273
f 274/274/274 264/264/264 273/273/273
f 275/275/275 274/274/274 273/273/273
f 276/276/276 275/275/275 273/273/273
f 275/275/275 276/276/276 277/277/277
f 278/278/278 275/275/275 277/277/277
f 279/279/279 278/278/278 277/277/277
f 280/280/280 279/279/279 277/277/277
f 279/279/279 280/280/280 281/281/281
f 282/282/282 279/279/279 281/281/281
f 283/283/283 282/282/282 281/281/281
f 284/284/284 283/283/283 281/281/281
f 283/283/283 284/284/284 285/285/285
f 286/286/286 283/283/283 285/285/285
f 287/287/287 286/286/286 285/285/285
f 288/288/288 287/287/287 285/285/285
f 287/287/287 288/288/288 289/289/289
f 290/290/290 287/287/287 289/289/289
f 291/291/291 290/290/290 289/289/289
f 292/292/292 291/291/291 289/289/289
f 293/293/293 292/292/292 289/289/289
f 294/294/294 293/293/293 289/289/289
f 291/291/291 292/292/292 295/295/295
f 292/292/292 293/293/293 295/295/295
f 296/296/296 291/291/291 295/295/295
f 297/297/297 296/296/296 295/295/295
f 298/298/298 297/297/297 295/295/295
f 297/297/297 298/298/298 299/299/299
f 300/300/300 297/297/297 299/299/299
f 301/301/301 300/300/300 299/299/299
f 302/302/302 301/301/301 299/299/299
f 298/298/298 303/303/303 299/299/299
f 303/303/303 298/298/298 295/295/295
f 303/303/303 304/304/304 299/299/299
f 305/305/305 302/302/302 299/299/299
f 304/304/304 305/305/305 299/299/299
f 301/301/301 302/302/302 306/306/306
f 302/302/302 305/305/305 306/306/306
f 307/307/307 301/301/301 306/306/306
f 308/308/308 307/307/307 306/306/306
f 309/309/309 308/308/308 306/306/306
f 308/308/308 309/309/309 310/310/310
f 311/311/311 308/308/308 310/310/310
f 309/309/309 312/312/312 310/310/310
f 312/312/312 309/309/309 306/306/306
f 312/312/312 313/313/313 310/310/310
f 305/305/305 314/314/314 306/306/306
f 314/314/314 312/312/312 306/306/306
f 301/301/301 307/307/307 315/315/315
f 307/307/307 308/308/308 315/315/315
f 316/316/316 301/301/301 315/315/315
f 317/317/317 316/316/316 315/315/315
f 318/318/318 317/317/317 315/315/315
f 319/319/319 318/318/318 315/315/315
f 320/320/320 319/319/319 315/315/315
f 308/308/308 320/320/320 315/315/315
f 316/316/316 317/317/317 321/321/321
f 317/317/317 322/322/322 321/321/321
f 322/322/322 323/323/323 321/321/321
f 323/323/323 324/324/324 321/321/321
f 324/324/324 323/323/323 325/325/325
f 323/323/323 326/326/326 325/325/325
f 326/326/326 327/327/327 325/325/325
f 327/327/327 328/328/328 325/325/325
f 328/328/328 291/291/291 325/325/325
f 291/291/291 296/296/296 325/325/325
f 297/297/297 324/324/324 325/325/325
f 296/296/296 297/297/297 325/325/325
f 324/324/324 297/297/297 321/321/321
f 297/297/297 300/300/300 321/321/321
f 300/300/300 301/301/301 321/321/321
f 301/301/301 316/316/316 321/321/321
f 328/328/328 327/327/327 329/329/329
f 291/291/291 328/328/328 329/329/329
f 327/327/327 330/330/330 329/329/329
f 330/330/330 331/331/331 329/329/329
f 331/331/331 332/332/332 329/329/329
f 332/332/332 331/331/331 333/333/333
f 331/331/331 334/334/334 333/333/333
f 334/334/334 335/335/335 333/333/333
f 335/335/335 336/336/336 333/333/333
f 336/336/336 283/283/283 333/333/333
f 283/283/283 286/286/286 333/333/333
f 287/287/287 332/332/332 333/333/333
f 286/286/286 287/287/287 333/333/333
f 332/332/332 287/287/287 329/329/329
f 336/336/336 335/335/335 337/337/337
f 283/283/283 336/336/336 337/337/337
f 335/335/335 338/338/338 337/337/337
f 338/338/338 339/339/339 337/337/337
f 339/339/339 340/340/340 337/337/337
f 340/340/340 279/279/279 337/337/337
f 279/279/279 282/282/282 337/337/337
f 282/282/282 283/283/283 337/337/337
f 340/340/340 339/339/339 341/341/341
f 279/279/279 340/340/340 341/341/341
f 339/339/339 342/342/342 341/341/341
f 342/342/342 343/343/343 341/341/341
f 343/343/343 344/344/344 341/341/341
f 344/344/344 343/343/343 345/345/345
f 343/343/343 346/346/346 345/345/345
f 346/346/346 347/347/347 345/345/345
f 347/347/347 348/348/348 345/345/345
f 348/348/348 264/264/264 345/345/345
f 264/264/264 274/274/274 345/345/345
f 275/275/275 344/344/344 345/345/345
f 274/274/274 275/275/275 345/345/345
f 344/344/344 275/275/275 341/341/341
f 348/348/348 347/347/347 349/349/349
f 264/264/264 348/348/348 349/349/349
f 347/347/347 350/350/350 349/349/349
f 350/350/350 351/351/351 349/349/349
f 351/351/351 352/352/352 349/349/349
f 352/352/352 351/351/351 353/353/353
f 351/351/351 354/354/354 353/353/353
f 354/354/354 355/355/355 353/353/353
f 355/355/355 356/356/356 353/353/353
f 262/262/262 352/352/352 353/353/353
f 352/352/352 262/262/262 349/349/349
f 268/268/268 262/262/262 353/353/353
f 269/269/269 268/268/268 353/353/353
f 357/357/357 269/269/269 353/353/353
f 262/262/262 263/263/263 349/349/349
f 263/263/263 264/264/264 349/349/349
f 275/275/275 278/278/278 341/341/341
f 278/278/278 279/279/279 341/341/341
f 360/360/360 359/359/359 358/358/358
f 361/361/361 360/360/360 358/358/358
f 359/359/359 362/362/362 358/358/358
f 362/362/362 363/363/363 358/358/358
f 363/363/363 362/362/362 364/364/364
f 362/362/362 365/365/365 364/364/364
f 365/365/365 366/366/366 364/364/364
f 366/366/366 367/367/367 364/364/364
f 362/362/362 359/359/359 368/368/368
f 359/359/359 360/360/360 368/368/368
f 369/369/369 362/362/362 368/368/368
f 360/360/360 370/370/370 368/368/368
f 370/370/370 360/360/360 371/371/371
f 360/360/360 372/372/372 371/371/371
f 372/372/372 373/373/373 371/371/371
f 373/373/373 374/374/374 371/371/371
f 373/373/373 372/372/372 375/375/375
f 360/360/360 361/361/361 375/375/375
f 372/372/372 360/360/360 375/375/375
f 376/376/376 373/373/373 375/375/375
f 373/373/373 376/376/376 377/377/377
f 378/378/378 373/373/373 377/377/377
f 379/379/379 378/378/378 377/377/377
f 380/380/380 379/379/379 377/377/377
f 373/373/373 378/378/378 381/381/381
f 374/374/374 373/373/373 381/381/381
f 378/378/378 379/379/379 381/381/381
f 379/379/379 382/382/382 381/381/381
f 382/382/382 379/379/379 383/383/383
f 379/379/379 384/384/384 383/383/383
f 384/384/384 385/385/385 383/383/383
f 385/385/385 386/386/386 383/383/383
f 379/379/379 380/380/380 387/387/387
f 384/384/384 379/379/379 387/387/387
f 385/385/385 384/384/384 387/387/387
f 388/388/388 385/385/385 387/387/387
f 385/385/385 388/388/388 389/389/389
f 390/390/390 385/385/385 389/389/389
f 391/391/391 390/390/390 389/389/389
f 392/392/392 391/391/391 389/389/389
f 391/391/391 392/392/392 393/393/393
f 394/394/394 391/391/391 393/393/393
f 395/395/395 394/394/394 393/393/393
f 396/396/396 395/395/395 393/393/393
f 395/395/395 396/396/396 397/397/397
f 398/398/398 395/395/395 397/397/397
f 399/399/399 398/398/398 397/397/397
f 400/400/400 399/399/399 397/397/397
f 395/395/395 398/398/398 401/401/401
f 398/398/398 399/399/399 401/401/401
f 402/402/402 395/395/395 401/401/401
f 399/399/399 403/403/403 401/401/401
f 391/391/391 394/394/394 404/404/404
f 395/395/395 402/402/402 404/404/404
f 394/394/394 395/395/395 404/404/404
f 405/405/405 391/391/391 404/404/404
f 403/403/403 399/399/399 406/406/406
f 399/399/399 407/407/407 406/406/406
f 399/399/399 400/400/400 408/408/408
f 407/407/407 399/399/399 408/408/408
f 391/391/391 405/405/405 409/409/409
f 390/390/390 391/391/391 409/409/409
f 385/385/385 390/390/390 409/409/409
f 386/386/386 385/385/385 409/409/409
f 412/412/412 411/411/411 410/410/410
f 413/413/413 412/412/412 410/410/410
f 411/411/411 414/414/414 410/410/410
f 414/414/414 415/415/415 410/410/410
f 412/412/412 413/413/413 416/416/416
f 417/417/417 412/412/412 416/416/416
f 418/418/418 417/417/417 416/416/416
f 419/419/419 418/418/418 416/416/416
f 415/415/415 414/414/414 420/420/420
f 414/414/414 421/421/421 420/420/420
f 421/421/421 422/422/422 420/420/420
f 422/422/422 423/423/423 420/420/420
f 423/423/423 422/422/422 424/424/424
f 422/422/422 425/425/425 424/424/424
f 425/425/425 426/426/426 424/424/424
f 426/426/426 427/427/427 424/424/424
f 427/427/427 426/426/426 428/428/428
f 426/426/426 429/429/429 428/428/428
f 429/429/429 430/430/430 428/428/428
f 430/430/430 431/431/431 428/428/428
f 431/431/431 430/430/430 432/432/432
f 430/430/430 433/433/433 432/432/432
f 433/433/433 434/434/434 432/432/432
f 434/434/434 435/435/435 432/432/432
f 435/435/435 434/434/434 436/436/436
f 434/434/434 437/437/437 436/436/436
f 437/437/437 438/438/438 436/436/436
f 438/438/438 439/439/439 436/436/436
f 439/439/439 438/438/438 440/440/440
f 438/438/438 441/441/441 440/440/440
f 441/441/441 442/442/442 440/440/440
f 442/442/442 443/443/443 440/440/440
f 443/443/443 442/442/442 444/444/444
f 442/442/442 445/445/445 444/444/444
f 448/448/448 447/447/447 446/446/446
f 449/449/449 448/448/448 446/446/446
f 448/448/448 449/449/449 450/450/450
f 451/451/451 448/448/448 450/450/450
f 452/452/452 451/451/451 450/450/450
f 453/453/453 452/452/452 450/450/450
f 452/452/452 453/453/453 454/454/454
f 455/455/455 452/452/452 454/454/454
f 456/456/456 455/455/455 454/454/454
f 457/457/457 456/456/456 454/454/454
f 456/456/456 457/457/457 458/458/458
f 459/459/459 456/456/456 458/458/458
f 460/460/460 459/459/459 458/458/458
f 461/461/461 460/460/460 458/458/458
f 460/460/460 461/461/461 462/462/462
f 463/463/463 460/460/460 462/462/462
f 464/464/464 463/463/463 462/462/462
f 465/465/465 464/464/464 462/462/462
f 464/464/464 465/465/465 466/466/466
f 467/467/467 464/464/464 466/466/466
f 468/468/468 467/467/467 466/466/466
f 469/469/469 468/468/468 466/466/466
f 468/468/468 469/469/469 470/470/470
f 471/471/471 468/468/468 470/470/470
f 472/472/472 471/471/471 470/470/470
f 473/473/473 472/472/472 470/470/470
f 472/472/472 473/473/473 474/474/474
f 475/475/475 472/472/472 474/474/474
f 476/476/476 475/475/475 474/474/474
f 477/477/477 476/476/476 474/474/474
f 476/476/476 477/477/477 478/478/478
f 479/479/479 476/476/476 478/478/478
f 480/480/480 479/479/479 478/478/478
f 481/481/481 480/480/480 478/478/478
f 480/480/480 481/481/481 482/482/482
f 483/483/483 480/480/480 482/482/482
f 484/484/484 483/483/483 482/482/482
f 485/485/485 484/484/484 482/482/482
f 484/484/484 485/485/485 486/486/486
f 487/487/487 484/484/484 486/486/486
f 472/472/472 475/475/475 488/488/488
f 475/475/475 476/476/476 488/488/488
f 489/489/489 472/472/472 488/488/488
f 490/490/490 489/489/489 488/488/488
f 491/491/491 490/490/490 488/488/488
f 490/490/490 491/491/491 492/492/492
f 493/493/493 490/490/490 492/492/492
f 490/490/490 493/493/493 494/494/494
f 493/493/493 495/495/495 494/494/494
f 495/495/495 493/493/493 492/492/492
f 495/495/495 496/496/496 494/494/494
f 496/496/496 497/497/497 494/494/494
f 497/497/497 498/498/498 494/494/494
f 498/498/498 499/499/499 494/494/494
f 499/499/499 500/500/500 494/494/494
f 500/500/500 490/490/490 494/494/494
f 498/498/498 497/497/497 501/501/501
f 499/499/499 498/498/498 501/501/501
f 497/497/497 502/502/502 501/501/501
f 502/502/502 503/503/503 501/501/501
f 503/503/503 504/504/504 501/501/501
f 504/504/504 503/503/503 505/505/505
f 503/503/503 506/506/506 505/505/505
f 506/506/506 507/507/507 505/505/505
f 507/507/507 508/508/508 505/505/505
f 508/508/508 507/507/507 509/509/509
f 507/507/507 510/510/510 509/509/509
f 510/510/510 511/511/511 509/509/509
f 511/511/511 512/512/512 509/509/509
f 512/512/512 513/513/513 509/509/509
f 513/513/513 514/514/514 509/509/509
f 515/515/515 508/508/508 509/509/509
f 514/514/514 515/515/515 509/509/509
f 508/508/508 515/515/515 505/505/505
f 515/515/515 516/516/516 505/505/505
f 517/517/517 504/504/504 505/505/505
f 516/516/516 517/517/517 505/505/505
f 504/504/504 517/517/517 501/501/501
f 517/517/517 518/518/518 501/501/501
f 518/518/518 499/499/499 501/501/501
f 512/512/512 511/511/511 519/519/519
f 513/513/513 512/512/512 519/519/519
f 511/511/511 520/520/520 519/519/519
f 520/520/520 521/521/521 519/519/519
f 521/521/521 522/522/522 519/519/519
f 522/522/522 521/521/521 523/523/523
f 521/521/521 524/524/524 523/523/523
f 524/524/524 525/525/525 523/523/523
f 525/525/525 526/526/526 523/523/523
f 526/526/526 527/527/527 523/523/523
f 527/527/527 528/528/528 523/523/523
f 529/529/529 522/522/522 523/523/523
f 528/528/528 529/529/529 523/523/523
f 522/522/522 529/529/529 519/519/519
f 526/526/526 525/525/525 530/530/530
f 527/527/527 526/526/526 530/530/530
f 525/525/525 531/531/531 530/530/530
f 532/532/532 527/527/527 530/530/530
f 529/529/529 533/533/533 519/519/519
f 533/533/533 513/513/513 519/519/519
f 513/513/513 533/533/533 534/534/534
f 533/533/533 529/529/529 534/534/534
f 535/535/535 513/513/513 534/534/534
f 529/529/529 536/536/536 534/534/534
f 536/536/536 452/452/452 534/534/534
f 452/452/452 455/455/455 534/534/534
f 456/456/456 535/535/535 534/534/534
f 455/455/455 456/456/456 534/534/534
f 513/513/513 535/535/535 537/537/537
f 535/535/535 456/456/456 537/537/537
f 514/514/514 513/513/513 537/537/537
f 515/515/515 514/514/514 537/537/537
f 538/538/538 515/515/515 537/537/537
f 515/515/515 538/538/538 539/539/539
f 516/516/516 515/515/515 539/539/539
f 517/517/517 516/516/516 539/539/539
f 540/540/540 517/517/517 539/539/539
f 517/517/517 540/540/540 541/541/541
f 518/518/518 517/517/517 541/541/541
f 499/499/499 518/518/518 541/541/541
f 542/542/542 499/499/499 541/541/541
f 540/540/540 464/464/464 541/541/541
f 464/464/464 540/540/540 539/539/539
f 464/464/464 467/467/467 541/541/541
f 468/468/468 542/542/542 541/541/541
f 467/467/467 468/468/468 541/541/541
f 538/538/538 460/460/460 539/539/539
f 460/460/460 538/538/538 537/537/537
f 460/460/460 463/463/463 539/539/539
f 463/463/463 464/464/464 539/539/539
f 499/499/499 542/542/542 543/543/543
f 542/542/542 468/468/468 543/543/543
f 500/500/500 499/499/499 543/543/543
f 490/490/490 500/500/500 543/543/543
f 489/489/489 490/490/490 543/543/543
f 468/468/468 471/471/471 543/543/543
f 472/472/472 489/489/489 543/543/543
f 471/471/471 472/472/472 543/543/543
f 459/459/459 460/460/460 537/537/537
f 456/456/456 459/459/459 537/537/537
f 546/546/546 545/545/545 544/544/544
f 547/547/547 546/546/546 544/544/544
f 546/546/546 547/547/547 548/548/548
f 549/549/549 546/546/546 548/548/548
f 550/550/550 549/549/549 548/548/548
f 551/551/551 550/550/550 548/548/548
f 550/550/550 551/551/551 552/552/552
f 553/553/553 550/550/550 552/552/552
f 554/554/554 553/553/553 552/552/552
f 555/555/555 554/554/554 552/552/552
f 554/554/554 555/555/555 556/556/556
f 557/557/557 554/554/554 556/556/556
f 558/558/558 557/557/557 556/556/556
f 559/559/559 558/558/558 556/556/556
f 558/558/558 559/559/559 560/560/560
f 561/561/561 558/558/558 560/560/560
f 562/562/562 561/561/561 560/560/560
f 563/563/563 562/562/562 560/560/560
f 562/562/562 563/563/563 564/564/564
f 565/565/565 562/562/562 564/564/564
f 566/566/566 565/565/565 564/564/564
f 567/567/567 566/566/566 564/564/564
f 566/566/566 567/567/567 568/568/568
f 569/569/569 566/566/566 568/568/568
f 572/572/572 571/571/571 570/570/570
f 573/573/573 572/572/572 570/570/570
f 576/576/576 575/575/575 574/574/574
f 577/577/577 576/576/576 574/574/574
f 575/575/575 576/576/576 578/578/578
f 576/576/576 579/579/579 578/578/578
f 579/579/579 580/580/580 578/578/578
f 580/580/580 581/581/581 578/578/578
f 581/581/581 580/580/580 582/582/582
f 580/580/580 583/583/583 582/582/582
f 583/583/583 584/584/584 582/582/582
f 584/584/584 585/585/585 582/582/582
f 585/585/585 584/584/584 586/586/586
f 584/584/584 587/587/587 586/586/586
f 587/587/587 588/588/588 586/586/586
f 588/588/588 589/589/589 586/586/586
f 589/589/589 588/588/588 590/590/590
f 588/588/588 591/591/591 590/590/590
f 591/591/591 592/592/592 590/590/590
f 592/592/592 593/593/593 590/590/590
f 593/593/593 592/592/592 594/594/594
f 592/592/592 595/595/595 594/594/594
f 595/595/595 596/596/596 594/594/594
f 596/596/596 597/597/597 594/594/594
f 597/597/597 596/596/596 598/598/598
f 596/596/596 599/599/599 598/598/598
f 599/599/599 600/600/600 598/598/598
f 600/600/600 601/601/601 598/598/598
f 601/601/601 600/600/600 602/602/602
f 600/600/600 603/603/603 602/602/602
f 603/603/603 604/604/604 602/602/602
f 604/604/604 605/605/605 602/602/602
f 605/605/605 604/604/604 606/606/606
f 604/604/604 607/607/607 606/606/606
f 607/607/607 608/608/608 606/606/606
f 608/608/608 609/609/609 606/606/606
f 609/609/609 608/608/608 610/610/610
f 608/608/608 611/611/611 610/610/610
f 611/611/611 612/612/612 610/610/610
f 612/612/612 613/613/613 610/610/610
f 613/613/613 612/612/612 614/614/614
f 612/612/612 615/615/615 614/614/614
f 618/618/618 617/617/617 616/616/616
f 619/619/619 618/618/618 616/616/616
f 620/620/620 619/619/619 616/616/616
f 621/621/621 620/620/620 616/616/616
f 620/620/620 621/621/621 622/622/622
f 623/623/623 620/620/620 622/622/622
f 620/620/620 623/623/623 624/624/624
f 625/625/625 620/620/620 624/624/624
f 623/623/623 626/626/626 624/624/624
f 626/626/626 623/623/623 622/622/622
f 626/626/626 627/627/627 624/624/624
f 627/627/627 626/626/626 628/628/628
f 626/626/626 629/629/629 628/628/628
f 629/629/629 626/626/626 630/630/630
f 626/626/626 631/631/631 630/630/630
f 631/631/631 626/626/626 622/622/622
f 618/618/618 619/619/619 632/632/632
f 620/620/620 625/625/625 632/632/632
f 619/619/619 620/620/620 632/632/632
f 633/633/633 618/618/618 632/632/632
f 618/618/618 633/633/633 634/634/634
f 635/635/635 618/618/618 634/634/634
f 636/636/636 635/635/635 634/634/634
f 637/637/637 636/636/636 634/634/634
f 636/636/636 637/637/637 638/638/638
f 639/639/639 636/636/636 638/638/638
f 640/640/640 639/639/639 638/638/638
f 641/641/641 640/640/640 638/638/638
f 640/640/640 641/641/641 642/642/642
f 643/643/643 640/640/640 642/642/642
f 640/640/640 643/643/643 644/644/644
f 645/645/645 640/640/640 644/644/644
f 643/643/643 646/646/646 644/644/644
f 646/646/646 643/643/643 642/642/642
f 646/646/646 647/647/647 644/644/644
f 647/647/647 646/646/646 648/648/648
f 646/646/646 649/649/649 648/648/648
f 649/649/649 646/646/646 650/650/650
f 646/646/646 651/651/651 650/650/650
f 651/651/651 646/646/646 642/642/642
f 640/640/640 645/645/645 652/652/652
f 639/639/639 640/640/640 652/652/652
f 636/636/636 639/639/639 652/652/652
f 653/653/653 636/636/636 652/652/652
f 636/636/636 653/653/653 654/654/654
f 635/635/635 636/636/636 654/654/654
f 618/618/618 635/635/635 654/654/654
f 617/617/617 618/618/618 654/654/654
f 657/657/657 656/656/656 655/655/655
f 660/660/660 659/659/659 658/658/658
f 659/659/659 660/660/660 661/661/661
f 662/662/662 659/659/659 661/661/661
f 663/663/663 662/662/662 661/661/661
f 664/664/664 663/663/663 661/661/661
f 663/663/663 664/664/664 665/665/665
f 666/666/666 663/663/663 665/665/665
f 667/667/667 666/666/666 665/665/665
f 668/668/668 667/667/667 665/665/665
f 667/667/667 668/668/668 669/669/669
f 670/670/670 667/667/667 669/669/669
f 671/671/671 670/670/670 669/669/669
f 672/672/672 671/671/671 669/669/669
f 671/671/671 672/672/672 673/673/673
f 674/674/674 671/671/671 673/673/673
f 676/676/676 675/675/675 658/658/658
f 677/677/677 676/676/676 658/658/658
f 675/675/675 676/676/676 678/678/678
f 676/676/676 679/679/679 678/678/678
f 679/679/679 680/680/680 678/678/678
f 680/680/680 681/681/681 678/678/678
f 681/681/681 680/680/680 682/682/682
f 680/680/680 683/683/683 682/682/682
f 686/686/686 685/685/685 684/684/684
f 687/687/687 686/686/686 684/684/684
f 688/688/688 687/687/687 684/684/684
f 689/689/689 688/688/688 684/684/684
f 688/688/688 689/689/689 690/690/690
f 691/691/691 688/688/688 690/690/690
f 688/688/688 691/691/691 692/692/692
f 693/693/693 688/688/688 692/692/692
f 691/691/691 694/694/694 692/692/692
f 694/694/694 691/691/691 690/690/690
f 694/694/694 695/695/695 692/692/692
f 695/695/695 694/694/694 696/696/696
f 694/694/694 697/697/697 696/696/696
f 697/697/697 694/694/694 698/698/698
f 694/694/694 699/699/699 698/698/698
f 699/699/699 694/694/694 690/690/690
f 686/686/686 687/687/687 700/700/700
f 688/688/688 693/693/693 700/700/700
f 687/687/687 688/688/688 700/700/700
f 701/701/701 686/686/686 700/700/700
f 686/686/686 701/701/701 702/702/702
f 703/703/703 686/686/686 702/702/702
f 686/686/686 703/703/703 704/704/704
f 703/703/703 705/705/705 704/704/704
f 705/705/705 703/703/703 702/702/702
f 705/705/705 706/706/706 704/704/704
f 685/685/685 686/686/686 704/704/704
f 706/706/706 705/705/705 707/707/707
f 705/705/705 708/708/708 707/707/707
f 708/708/708 705/705/705 709/709/709
f 710/710/710 708/708/708 709/709/709
f 708/708/708 710/710/710 707/707/707
f 711/711/711 710/710/710 709/709/709
f 705/705/705 712/712/712 709/709/709
f 712/712/712 705/705/705 702/702/702
f 710/710/710 711/711/711 713/713/713
f 714/714/714 710/710/710 713/713/713
f 710/710/710 714/714/714 715/715/715
f 716/716/716 710/710/710 715/715/715
f 710/710/710 716/716/716 707/707/707
f 714/714/714 717/717/717 715/715/715
f 717/717/717 714/714/714 713/713/713
f 717/717/717 718/718/718 715/715/715
f 718/718/718 717/717/717 719/719/719
f 717/717/717 720/720/720 719/719/719
f 720/720/720 717/717/717 721/721/721
f 717/717/717 722/722/722 721/721/721
f 722/722/722 717/717/717 713/713/713
f 725/725/725 724/724/724 723/723/723
f 726/726/726 725/725/725 723/723/723
f 724/724/724 727/727/727 723/723/723
f 727/727/727 728/728/728 723/723/723
f 728/728/728 727/727/727 729/729/729
f 727/727/727 730/730/730 729/729/729
f 730/730/730 731/731/731 729/729/729
f 731/731/731 732/732/732 729/729/729
f 732/732/732 731/731/731 733/733/733
f 731/731/731 734/734/734 733/733/733
f 725/725/725 726/726/726 735/735/735
f 736/736/736 725/725/725 735/735/735
f 737/737/737 736/736/736 735/735/735
f 738/738/738 737/737/737 735/735/735
f 737/737/737 738/738/738 739/739/739
f 740/740/740 737/737/737 739/739/739
f 741/741/741 740/740/740 739/739/739
f 742/742/742 741/741/741 739/739/739
f 741/741/741 742/742/742 743/743/743
f 744/744/744 741/741/741 743/743/743
f 745/745/745 744/744/744 743/743/743
f 746/746/746 745/745/745 743/743/743
f 745/745/745 746/746/746 747/747/747
f 748/748/748 745/745/745 747/747/747
f 751/751/751 750/750/750 749/749/749
f 752/752/752 751/751/751 749/749/749
f 751/751/751 752/752/752 753/753/753
f 754/754/754 751/751/751 753/753/753
f 755/755/755 754/754/754 753/753/753
f 756/756/756 755/755/755 753/753/753
f 755/755/755 756/756/756 757/757/757
f 758/758/758 755/755/755 757/757/757
f 759/759/759 758/758/758 757/757/757
f 760/760/760 759/759/759 757/757/757
f 759/759/759 760/760/760 761/761/761
f 762/762/762 759/759/759 761/761/761
f 763/763/763 762/762/762 761/761/761
f 764/764/764 763/763/763 761/761/761
f 763/763/763 764/764/764 765/765/765
f 766/766/766 763/763/763 765/765/765
f 767/767/767 766/766/766 765/765/765
f 768/768/768 767/767/767 765/765/765
f 767/767/767 768/768/768 769/769/769
f 770/770/770 767/767/767 769/769/769
f 771/771/771 770/770/770 769/769/769
f 772/772/772 771/771/771 769/769/769
f 771/771/771 772/772/772 773/773/773
f 774/774/774 771/771/771 773/773/773
f 777/777/777 776/776/776 775/775/775
f 778/778/778 777/777/777 775/775/775
f 781/781/781 780/780/780 779/779/779
f 782/782/782 781/781/781 779/779/779
f 780/780/780 781/781/781 783/783/783
f 781/781/781 784/784/784 783/783/783
f 787/787/787 786/786/786 785/785/785
f 788/788/788 787/787/787 785/785/785
f 787/787/787 788/788/788 789/789/789
f 790/790/790 787/787/787 789/789/789
f 791/791/791 790/790/790 789/789/789
f 792/792/792 791/791/791 789/789/789
f 791/791/791 792/792/792 793/793/793
f 794/794/794 791/791/791 793/793/793
f 795/795/795 794/794/794 793/793/793
f 796/796/796 795/795/795 793/793/793
f 795/795/795 796/796/796 797/797/797
f 798/798/798 795/795/795 797/797/797
f 799/799/799 798/798/798 797/797/797
f 800/800/800 799/799/799 797/797/797
f 799/799/799 800/800/800 801/801/801
f 802/802/802 799/799/799 801/801/801
f 803/803/803 802/802/802 801/801/801
f 804/804/804 803/803/803 801/801/801
f 803/803/803 804/804/804 805/805/805
f 806/806/806 803/803/803 805/805/805
f 807/807/807 806/806/806 805/805/805
f 808/808/808 807/807/807 805/805/805
f 807/807/807 808/808/808 809/809/809
f 810/810/810 807/807/807 809/809/809
f 813/813/813 812/812/812 811/811/811
f 814/814/814 813/813/813 811/811/811
f 817/817/817 816/816/816 815/815/815
f 818/818/818 817/817/817 815/815/815
f 816/816/816 817/817/817 819/819/819
f 817/817/817 820/820/820 819/819/819
f 823/823/823 822/822/822 821/821/821
f 824/824/824 823/823/823 821/821/821
f 823/823/823 824/824/824 825/825/825
f 826/826/826 823/823/823 825/825/825
f 827/827/827 826/826/826 825/825/825
f 828/828/828 827/827/827 825/825/825
f 827/827/827 828/828/828 829/829/829
f 830/830/830 827/827/827 829/829/829
f 831/831/831 830/830/830 829/829/829
f 832/832/832 831/831/831 829/829/829
f 831/831/831 832/832/832 833/833/833
f 834/834/834 831/831/831 833/833/833
f 835/835/835 834/834/834 833/833/833
f 836/836/836 835/835/835 833/833/833
f 835/835/835 836/836/836 837/837/837
f 838/838/838 835/835/835 837/837/837
f 839/839/839 838/838/838 837/837/837
f 840/840/840 839/839/839 837/837/837
f 839/839/839 840/840/840 841/841/841
f 842/842/842 839/839/839 841/841/841
f 843/843/843 842/842/842 841/841/841
f 844/844/844 843/843/843 841/841/841
f 843/843/843 844/844/844 845/845/845
f 846/846/846 843/843/843 845/845/845
f 847/847/847 846/846/846 845/845/845
f 848/848/848 847/847/847 845/845/845
f 847/847/847 848/848/848 849/849/849
f 850/850/850 847/847/847 849/849/849
f 851/851/851 850/850/850 849/849/849
f 852/852/852 851/851/851 849/849/849
f 851/851/851 852/852/852 853/853/853
f 854/854/854 851/851/851 853/853/853
f 855/855/855 854/854/854 853/853/853
f 856/856/856 855/855/855 853/853/853
f 855/855/855 856/856/856 857/857/857
f 858/858/858 855/855/855 857/857/857
f 859/859/859 858/858/858 857/857/857
f 860/860/860 859/859/859 857/857/857
f 859/859/859 860/860/860 861/861/861
f 862/862/862 859/859/859 861/861/861
f 865/865/865 864/864/864 863/863/863
f 866/866/866 865/865/865 863/863/863
f 869/869/869 868/868/868 867/867/867
f 870/870/870 869/869/869 867/867/867
f 868/868/868 869/869/869 871/871/871
f 869/869/869 872/872/872 871/871/871
f 875/875/875 874/874/874 873/873/873
f 876/876/876 875/875/875 873/873/873
f 875/875/875 876/876/876 877/877/877
f 878/878/878 875/875/875 877/877/877
f 874/874/874 875/875/875 879/879/879
f 875/875/875 880/880/880 879/879/879
f 880/880/880 366/366/366 879/879/879
f 366/366/366 881/881/881 879/879/879
f 881/881/881 366/366/366 882/882/882
f 366/366/366 365/365/365 882/882/882
f 365/365/365 362/362/362 882/882/882
f 362/362/362 369/369/369 882/882/882
f 875/875/875 878/878/878 883/883/883
f 880/880/880 875/875/875 883/883/883
f 366/366/366 880/880/880 883/883/883
f 367/367/367 366/366/366 883/883/883
f 886/886/886 885/885/885 884/884/884
f 887/887/887 886/886/886 884/884/884
f 886/886/886 887/887/887 888/888/888
f 891/891/891 890/890/890 889/889/889
f 892/892/892 891/891/891 889/889/889
f 890/890/890 891/891/891 893/893/893
f 891/891/891 894/894/894 893/893/893
f 897/897/897 896/896/896 895/895/895
f 896/896/896 897/897/897 898/898/898
f 901/901/901 900/900/900 899/899/899
f 902/902/902 901/901/901 899/899/899
f 900/900/900 901/901/901 903/903/903
f 901/901/901 904/904/904 903/903/903
f 904/904/904 905/905/905 903/903/903
f 905/905/905 906/906/906 903/903/903
f 906/906/906 905/905/905 907/907/907
f 905/905/905 908/908/908 907/907/907
f 911/911/911 910/910/910 909/909/909
f 912/912/912 911/911/911 909/909/909
f 913/913/913 912/912/912 909/909/909
f 914/914/914 913/913/913 909/909/909
f 910/910/910 911/911/911 915/915/915
f 911/911/911 916/916/916 915/915/915
f 916/916/916 917/917/917 915/915/915
f 917/917/917 918/918/918 915/915/915
f 918/918/918 917/917/917 919/919/919
f 917/917/917 920/920/920 919/919/919
f 920/920/920 921/921/921 919/919/919
f 921/921/921 922/922/922 919/919/919
f 913/913/913 914/914/914 923/923/923
f 924/924/924 913/913/913 923/923/923
f 922/922/922 921/921/921 925/925/925
f 921/921/921 926/926/926 925/925/925
f 926/926/926 927/927/927 925/925/925
f 927/927/927 928/928/928 925/925/925
f 928/928/928 927/927/927 929/929/929
f 927/927/927 930/930/930 929/929/929
f 933/933/933 932/932/932 931/931/931
f 934/934/934 933/933/933 931/931/931
f 937/937/937 936/936/936 935/935/935
f 938/938/938 937/937/937 935/935/935
f 941/941/941 940/940/940 939/939/939
f 942/942/942 941/941/941 939/939/939
f 940/940/940 941/941/941 943/943/943
f 941/941/941 944/944/944 943/943/943
f 944/944/944 418/418/418 943/943/943
f 418/418/418 419/419/419 943/943/943
f 947/947/947 946/946/946 945/945/945
f 948/948/948 947/947/947 945/945/945
f 946/946/946 947/947/947 949/949/949
f 947/947/947 950/950/950 949/949/949
f 953/953/953 952/952/952 951/951/951
f 954/954/954 953/953/953 951/951/951
f 957/957/957 956/956/956 955/955/955
f 958/958/958 957/957/957 955/955/955
f 956/956/956 957/957/957 959/959/959
f 957/957/957 960/960/960 959/959/959
f 960/960/960 961/961/961 959/959/959
f 961/961/961 962/962/962 959/959/959
f 962/962/962 961/961/961 963/963/963
f 961/961/961 964/964/964 963/963/963
f 964/964/964 965/965/965 963/963/963
f 965/965/965 966/966/966 963/963/963
f 966/966/966 965/965/965 967/967/967
f 965/965/965 968/968/968 967/967/967
f 968/968/968 969/969/969 967/967/967
f 969/969/969 970/970/970 967/967/967
f 970/970/970 969/969/969 971/971/971
f 969/969/969 972/972/972 971/971/971
f 972/972/972 973/973/973 971/971/971
f 973/973/973 974/974/974 971/971/971
f 974/974/974 973/973/973 975/975/975
f 973/973/973 976/976/976 975/975/975
f 976/976/976 977/977/977 975/975/975
f 977/977/977 978/978/978 975/975/975
f 978/978/978 977/977/977 979/979/979
f 977/977/977 980/980/980 979/979/979
f 983/983/983 982/982/982 981/981/981
f 984/984/984 983/983/983 981/981/981
f 987/987/987 986/986/986 985/985/985
f 988/988/988 987/987/987 985/985/985
f 991/991/991 990/990/990 989/989/989
f 992/992/992 991/991/991 989/989/989
f 990/990/990 991/991/991 993/993/993
f 991/991/991 994/994/994 993/993/993
f 994/994/994 995/995/995 993/993/993
f 995/995/995 996/996/996 993/993/993
f 996/996/996 995/995/995 997/997/997
f 995/995/995 998/998/998 997/997/997
f 998/998/998 999/999/999 997/997/997
f 999/999/999 1000/1000/1000 997/997/997
f 1000/1000/1000 999/999/999 1001/1001/1001
f 999/999/999 1002/1002/1002 1001/1001/1001
f 1005/1005/1005 1004/1004/1004 1003/1003/1003
f 1006/1006/1006 1005/1005/1005 1003/1003/1003
f 1009/1009/1009 1008/1008/1008 1007/1007/1007
f 1010/1010/1010 1009/1009/1009 1007/1007/1007
f 1013/1013/1013 1012/1012/1012 1011/1011/1011
f 1014/1014/1014 1013/1013/1013 1011/1011/1011
f 1013/1013/1013 1014/1014/1014 1015/1015/1015
f 1016/1016/1016 1013/1013/1013 1015/1015/1015
f 1019/1019/1019 1018/1018/1018 1017/1017/1017
f 1020/1020/1020 1019/1019/1019 1017/1017/1017
f 1023/1023/1023 1022/1022/1022 1021/1021/1021
f 1024/1024/1024 1023/1023/1023 1021/1021/1021
f 1022/1022/1022 1023/1023/1023 1025/1025/1025
f 1023/1023/1023 1026/1026/1026 1025/1025/1025
f 1029/1029/1029 1028/1028/1028 1027/1027/1027
f 1030/1030/1030 1029/1029/1029 1027/1027/1027
f 1028/1028/1028 1031/1031/1031 1027/1027/1027
f 1031/1031/1031 1032/1032/1032 1027/1027/1027
f 1032/1032/1032 1033/1033/1033 1027/1027/1027
f 1033/1033/1033 1034/1034/1034 1027/1027/1027
f 1035/1035/1035 1030/1030/1030 1027/1027/1027
f 1034/1034/1034 1035/1035/1035 1027/1027/1027
f 1029/1029/1029 1030/1030/1030 1036/1036/1036
f 1030/1030/1030 1035/1035/1035 1036/1036/1036
f 1037/1037/1037 1029/1029/1029 1036/1036/1036
f 1038/1038/1038 1037/1037/1037 1036/1036/1036
f 1039/1039/1039 1038/1038/1038 1036/1036/1036
f 1035/1035/1035 1040/1040/1040 1036/1036/1036
f 1041/1041/1041 1039/1039/1039 1036/1036/1036
f 1040/1040/1040 1041/1041/1041 1036/1036/1036
f 1038/1038/1038 1039/1039/1039 1042/1042/1042
f 1039/1039/1039 1041/1041/1041 1042/1042/1042
f 1043/1043/1043 1038/1038/1038 1042/1042/1042
f 1044/1044/1044 1043/1043/1043 1042/1042/1042
f 1045/1045/1045 1044/1044/1044 1042/1042/1042
f 1044/1044/1044 1045/1045/1045 1046/1046/1046
f 1047/1047/1047 1044/1044/1044 1046/1046/1046
f 1048/1048/1048 1047/1047/1047 1046/1046/1046
f 1049/1049/1049 1048/1048/1048 1046/1046/1046
f 1045/1045/1045 1050/1050/1050 1046/1046/1046
f 1050/1050/1050 1045/1045/1045 1042/1042/1042
f 1050/1050/1050 1051/1051/1051 1046/1046/1046
f 1052/1052/1052 1049/1049/1049 1046/1046/1046
f 1051/1051/1051 1052/1052/1052 1046/1046/1046
f 1041/1041/1041 1053/1053/1053 1042/1042/1042
f 1053/1053/1053 1050/1050/1050 1042/1042/1042
f 1048/1048/1048 1049/1049/1049 1054/1054/1054
f 1049/1049/1049 1052/1052/1052 1054/1054/1054
f 1055/1055/1055 1048/1048/1048 1054/1054/1054
f 1056/1056/1056 1055/1055/1055 1054/1054/1054
f 1057/1057/1057 1056/1056/1056 1054/1054/1054
f 1056/1056/1056 1057/1057/1057 1058/1058/1058
f 1059/1059/1059 1056/1056/1056 1058/1058/1058
f 1060/1060/1060 1059/1059/1059 1058/1058/1058
f 1061/1061/1061 1060/1060/1060 1058/1058/1058
f 1057/1057/1057 1062/1062/1062 1058/1058/1058
f 1062/1062/1062 1057/1057/1057 1054/1054/1054
f 1062/1062/1062 1063/1063/1063 1058/1058/1058
f 1064/1064/1064 1061/1061/1061 1058/1058/1058
f 1063/1063/1063 1064/1064/1064 1058/1058/1058
f 1060/1060/1060 1061/1061/1061 1065/1065/1065
f 1061/1061/1061 1064/1064/1064 1065/1065/1065
f 1066/1066/1066 1060/1060/1060 1065/1065/1065
f 1067/1067/1067 1066/1066/1066 1065/1065/1065
f 1068/1068/1068 1067/1067/1067 1065/1065/1065
f 1067/1067/1067 1068/1068/1068 1069/1069/1069
f 1070/1070/1070 1067/1067/1067 1069/1069/1069
f 1068/1068/1068 1071/1071/1071 1069/1069/1069
f 1071/1071/1071 1068/1068/1068 1065/1065/1065
f 1071/1071/1071 1072/1072/1072 1069/1069/1069
f 1064/1064/1064 1073/1073/1073 1065/1065/1065
f 1073/1073/1073 1071/1071/1071 1065/1065/1065
f 1060/1060/1060 1066/1066/1066 1074/1074/1074
f 1066/1066/1066 1067/1067/1067 1074/1074/1074
f 1075/1075/1075 1060/1060/1060 1074/1074/1074
f 1067/1067/1067 1076/1076/1076 1074/1074/1074
f 1067/1067/1067 1070/1070/1070 1077/1077/1077
f 1076/1076/1076 1067/1067/1067 1077/1077/1077
f 1071/1071/1071 1073/1073/1073 1078/1078/1078
f 1073/1073/1073 1064/1064/1064 1078/1078/1078
f 1079/1079/1079 1071/1071/1071 1078/1078/1078
f 1064/1064/1064 1080/1080/1080 1078/1078/1078
f 1080/1080/1080 1081/1081/1081 1078/1078/1078
f 1081/1081/1081 1082/1082/1082 1078/1078/1078
f 1083/1083/1083 1079/1079/1079 1078/1078/1078
f 1082/1082/1082 1083/1083/1083 1078/1078/1078
f 1080/1080/1080 1064/1064/1064 1084/1084/1084
f 1081/1081/1081 1080/1080/1080 1084/1084/1084
f 1064/1064/1064 1063/1063/1063 1084/1084/1084
f 1063/1063/1063 1062/1062/1062 1084/1084/1084
f 1062/1062/1062 1085/1085/1085 1084/1084/1084
f 1085/1085/1085 1062/1062/1062 1086/1086/1086
f 1062/1062/1062 1087/1087/1087 1086/1086/1086
f 1087/1087/1087 1062/1062/1062 1054/1054/1054
f 1052/1052/1052 1087/1087/1087 1054/1054/1054
f 1087/1087/1087 1052/1052/1052 1086/1086/1086
f 1052/1052/1052 1088/1088/1088 1086/1086/1086
f 1088/1088/1088 1089/1089/1089 1086/1086/1086
f 1089/1089/1089 1090/1090/1090 1086/1086/1086
f 1091/1091/1091 1085/1085/1085 1086/1086/1086
f 1090/1090/1090 1091/1091/1091 1086/1086/1086
f 1085/1085/1085 1091/1091/1091 1084/1084/1084
f 1091/1091/1091 1092/1092/1092 1084/1084/1084
f 1092/1092/1092 1081/1081/1081 1084/1084/1084
f 1088/1088/1088 1052/1052/1052 1093/1093/1093
f 1089/1089/1089 1088/1088/1088 1093/1093/1093
f 1052/1052/1052 1051/1051/1051 1093/1093/1093
f 1051/1051/1051 1050/1050/1050 1093/1093/1093
f 1050/1050/1050 1094/1094/1094 1093/1093/1093
f 1094/1094/1094 1050/1050/1050 1095/1095/1095
f 1050/1050/1050 1053/1053/1053 1095/1095/1095
f 1053/1053/1053 1041/1041/1041 1095/1095/1095
f 1041/1041/1041 1096/1096/1096 1095/1095/1095
f 1096/1096/1096 1097/1097/1097 1095/1095/1095
f 1097/1097/1097 1098/1098/1098 1095/1095/1095
f 1099/1099/1099 1094/1094/1094 1095/1095/1095
f 1098/1098/1098 1099/1099/1099 1095/1095/1095
f 1094/1094/1094 1099/1099/1099 1093/1093/1093
f 1096/1096/1096 1041/1041/1041 1100/1100/1100
f 1097/1097/1097 1096/1096/1096 1100/1100/1100
f 1041/1041/1041 1040/1040/1040 1100/1100/1100
f 1040/1040/1040 1035/1035/1035 1100/1100/1100
f 1035/1035/1035 1101/1101/1101 1100/1100/1100
f 1101/1101/1101 1102/1102/1102 1100/1100/1100
f 1102/1102/1102 1103/1103/1103 1100/1100/1100
f 1103/1103/1103 1097/1097/1097 1100/1100/1100
f 1101/1101/1101 1035/1035/1035 1104/1104/1104
f 1102/1102/1102 1101/1101/1101 1104/1104/1104
f 1035/1035/1035 1034/1034/1034 1104/1104/1104
f 1034/1034/1034 1033/1033/1033 1104/1104/1104
f 1033/1033/1033 1105/1105/1105 1104/1104/1104
f 1105/1105/1105 1033/1033/1033 1106/1106/1106
f 1033/1033/1033 1107/1107/1107 1106/1106/1106
f 1107/1107/1107 1033/1033/1033 1108/1108/1108
f 1109/1109/1109 1107/1107/1107 1108/1108/1108
f 1107/1107/1107 1109/1109/1109 1106/1106/1106
f 1110/1110/1110 1109/1109/1109 1108/1108/1108
f 1109/1109/1109 1110/1110/1110 1111/1111/1111
f 1110/1110/1110 1112/1112/1112 1111/1111/1111
f 1112/1112/1112 1110/1110/1110 1108/1108/1108
f 1112/1112/1112 1113/1113/1113 1111/1111/1111
f 1113/1113/1113 1114/1114/1114 1111/1111/1111
f 1114/1114/1114 1115/1115/1115 1111/1111/1111
f 1115/1115/1115 1116/1116/1116 1111/1111/1111
f 1116/1116/1116 1117/1117/1117 1111/1111/1111
f 1117/1117/1117 1109/1109/1109 1111/1111/1111
f 1115/1115/1115 1114/1114/1114 1118/1118/1118
f 1116/1116/1116 1115/1115/1115 1118/1118/1118
f 1114/1114/1114 1119/1119/1119 1118/1118/1118
f 1120/1120/1120 1116/1116/1116 1118/1118/1118
f 1121/1121/1121 1112/1112/1112 1108/1108/1108
f 1031/1031/1031 1121/1121/1121 1108/1108/1108
f 1032/1032/1032 1031/1031/1031 1108/1108/1108
f 1033/1033/1033 1032/1032/1032 1108/1108/1108
f 1112/1112/1112 1121/1121/1121 1122/1122/1122
f 1121/1121/1121 1031/1031/1031 1122/1122/1122
f 1123/1123/1123 1112/1112/1112 1122/1122/1122
f 1031/1031/1031 1124/1124/1124 1122/1122/1122
f 1119/1119/1119 1114/1114/1114 1125/1125/1125
f 1114/1114/1114 1126/1126/1126 1125/1125/1125
f 1126/1126/1126 1114/1114/1114 1127/1127/1127
f 1114/1114/1114 1113/1113/1113 1127/1127/1127
f 1112/1112/1112 1123/1123/1123 1127/1127/1127
f 1113/1113/1113 1112/1112/1112 1127/1127/1127
f 1124/1124/1124 1031/1031/1031 1128/1128/1128
f 1031/1031/1031 1028/1028/1028 1128/1128/1128
f 1028/1028/1028 1029/1029/1029 1128/1128/1128
f 1029/1029/1029 1129/1129/1129 1128/1128/1128
f 1129/1129/1129 1029/1029/1029 1130/1130/1130
f 1029/1029/1029 1037/1037/1037 1130/1130/1130
f 1037/1037/1037 1038/1038/1038 1130/1130/1130
f 1038/1038/1038 1131/1131/1131 1130/1130/1130
f 1131/1131/1131 1038/1038/1038 1132/1132/1132
f 1038/1038/1038 1043/1043/1043 1132/1132/1132
f 1043/1043/1043 1044/1044/1044 1132/1132/1132
f 1044/1044/1044 1133/1133/1133 1132/1132/1132
f 1133/1133/1133 1044/1044/1044 1134/1134/1134
f 1044/1044/1044 1047/1047/1047 1134/1134/1134
f 1047/1047/1047 1048/1048/1048 1134/1134/1134
f 1048/1048/1048 1135/1135/1135 1134/1134/1134
f 1135/1135/1135 1048/1048/1048 1136/1136/1136
f 1048/1048/1048 1055/1055/1055 1136/1136/1136
f 1055/1055/1055 1056/1056/1056 1136/1136/1136
f 1056/1056/1056 1137/1137/1137 1136/1136/1136
f 1137/1137/1137 1056/1056/1056 1138/1138/1138
f 1056/1056/1056 1059/1059/1059 1138/1138/1138
f 1059/1059/1059 1060/1060/1060 1138/1138/1138
f 1060/1060/1060 1075/1075/1075 1138/1138/1138
f 1141/1141/1141 1140/1140/1140 1139/1139/1139
f 1142/1142/1142 1141/1141/1141 1139/1139/1139
f 1145/1145/1145 1144/1144/1144 1143/1143/1143
f 1146/1146/1146 1145/1145/1145 1143/1143/1143
f 1144/1144/1144 1145/1145/1145 1147/1147/1147
f 1145/1145/1145 1148/1148/1148 1147/1147/1147
f 1148/1148/1148 1149/1149/1149 1147/1147/1147
f 1149/1149/1149 1150/1150/1150 1147/1147/1147
f 1150/1150/1150 1149/1149/1149 1151/1151/1151
f 1149/1149/1149 1152/1152/1152 1151/1151/1151
f 1155/1155/1155 1154/1154/1154 1153/1153/1153
f 1156/1156/1156 1155/1155/1155 1153/1153/1153
f 1155/1155/1155 1156/1156/1156 1157/1157/1157
f 1158/1158/1158 1155/1155/1155 1157/1157/1157
f 1159/1159/1159 1158/1158/1158 1157/1157/1157
f 1160/1160/1160 1159/1159/1159 1157/1157/1157
f 1159/1159/1159 1160/1160/1160 1161/1161/1161
f 1162/1162/1162 1159/1159/1159 1161/1161/1161
f 1165/1165/1165 1164/1164/1164 1163/1163/1163
f 1166/1166/1166 1165/1165/1165 1163/1163/1163
f 1169/1169/1169 1168/1168/1168 1167/1167/1167
f 1170/1170/1170 1169/1169/1169 1167/1167/1167
f 1173/1173/1173 1172/1172/1172 1171/1171/1171
f 1174/1174/1174 1173/1173/1173 1171/1171/1171
f 1172/1172/1172 1173/1173/1173 1175/1175/1175
f 1173/1173/1173 1176/1176/1176 1175/1175/1175
f 1176/1176/1176 1177/1177/1177 1175/1175/1175
f 1177/1177/1177 1178/1178/1178 1175/1175/1175
f 1178/1178/1178 1177/1177/1177 1179/1179/1179
f 1177/1177/1177 1180/1180/1180 1179/1179/1179
f 1183/1183/1183 1182/1182/1182 1181/1181/1181
f 1184/1184/1184 1183/1183/1183 1181/1181/1181
f 1185/1185/1185 1184/1184/1184 1181/1181/1181
f 1186/1186/1186 1185/1185/1185 1181/1181/1181
f 1182/1182/1182 1183/1183/1183 1187/1187/1187
f 1183/1183/1183 1188/1188/1188 1187/1187/1187
f 1185/1185/1185 1186/1186/1186 1189/1189/1189
f 1190/1190/1190 1185/1185/1185 1189/1189/1189
f 1191/1191/1191 1190/1190/1190 1189/1189/1189
f 1192/1192/1192 1191/1191/1191 1189/1189/1189
f 1191/1191/1191 1192/1192/1192 1193/1193/1193
f 1194/1194/1194 1191/1191/1191 1193/1193/1193
f 1197/1197/1197 1196/1196/1196 1195/1195/1195
f 1198/1198/1198 1197/1197/1197 1195/1195/1195
f 1196/1196/1196 1199/1199/1199 1195/1195/1195
f 1199/1199/1199 1200/1200/1200 1195/1195/1195
f 1196/1196/1196 1197/1197/1197 1201/1201/1201
f 1199/1199/1199 1196/1196/1196 1201/1201/1201
f 1197/1197/1197 1202/1202/1202 1201/1201/1201
f 1202/1202/1202 1203/1203/1203 1201/1201/1201
f 1203/1203/1203 1204/1204/1204 1201/1201/1201
f 1204/1204/1204 1203/1203/1203 1205/1205/1205
f 1203/1203/1203 1206/1206/1206 1205/1205/1205
f 1206/1206/1206 1207/1207/1207 1205/1205/1205
f 1207/1207/1207 1208/1208/1208 1205/1205/1205
f 1208/1208/1208 1209/1209/1209 1205/1205/1205
f 1209/1209/1209 1210/1210/1210 1205/1205/1205
f 1211/1211/1211 1204/1204/1204 1205/1205/1205
f 1210/1210/1210 1211/1211/1211 1205/1205/1205
f 1204/1204/1204 1211/1211/1211 1201/1201/1201
f 1211/1211/1211 1212/1212/1212 1201/1201/1201
f 1212/1212/1212 1199/1199/1199 1201/1201/1201
f 1208/1208/1208 1207/1207/1207 492/492/492
f 1209/1209/1209 1208/1208/1208 492/492/492
f 1207/1207/1207 1213/1213/1213 492/492/492
f 1213/1213/1213 495/495/495 492/492/492
f 491/491/491 1209/1209/1209 492/492/492
f 1209/1209/1209 491/491/491 488/488/488
f 1214/1214/1214 1209/1209/1209 488/488/488
f 476/476/476 1214/1214/1214 488/488/488
f 1211/1211/1211 1210/1210/1210 1215/1215/1215
f 1209/1209/1209 1214/1214/1214 1215/1215/1215
f 1210/1210/1210 1209/1209/1209 1215/1215/1215
f 1214/1214/1214 476/476/476 1215/1215/1215
f 1216/1216/1216 1211/1211/1211 1215/1215/1215
f 476/476/476 479/479/479 1215/1215/1215
f 480/480/480 1216/1216/1216 1215/1215/1215
f 479/479/479 480/480/480 1215/1215/1215
f 1211/1211/1211 1216/1216/1216 1217/1217/1217
f 1212/1212/1212 1211/1211/1211 1217/1217/1217
f 1216/1216/1216 480/480/480 1217/1217/1217
f 1199/1199/1199 1212/1212/1212 1217/1217/1217
f 1218/1218/1218 1199/1199/1199 1217/1217/1217
f 1199/1199/1199 1218/1218/1218 1219/1219/1219
f 1200/1200/1200 1199/1199/1199 1219/1219/1219
f 1218/1218/1218 484/484/484 1219/1219/1219
f 484/484/484 1218/1218/1218 1217/1217/1217
f 484/484/484 487/487/487 1219/1219/1219
f 480/480/480 483/483/483 1217/1217/1217
f 483/483/483 484/484/484 1217/1217/1217
f 1222/1222/1222 1221/1221/1221 1220/1220/1220
f 1223/1223/1223 1222/1222/1222 1220/1220/1220
f 1226/1226/1226 1225/1225/1225 1224/1224/1224
f 1227/1227/1227 1226/1226/1226 1224/1224/1224
f 1226/1226/1226 1227/1227/1227 1228/1228/1228
f 1229/1229/1229 1226/1226/1226 1228/1228/1228
f 1230/1230/1230 1229/1229/1229 1228/1228/1228
f 1231/1231/1231 1230/1230/1230 1228/1228/1228
f 1230/1230/1230 1231/1231/1231 1232/1232/1232
f 1233/1233/1233 1230/1230/1230 1232/1232/1232
f 1236/1236/1236 1235/1235/1235 1234/1234/1234
f 1237/1237/1237 1236/1236/1236 1234/1234/1234
f 1240/1240/1240 1239/1239/1239 1238/1238/1238
f 1241/1241/1241 1240/1240/1240 1238/1238/1238
f 1244/1244/1244 1243/1243/1243 1242/1242/1242
f 1245/1245/1245 1244/1244/1244 1242/1242/1242
f 1248/1248/1248 1247/1247/1247 1246/1246/1246
f 1249/1249/1249 1248/1248/1248 1246/1246/1246
f 1247/1247/1247 1248/1248/1248 1250/1250/1250
f 1248/1248/1248 1251/1251/1251 1250/1250/1250
f 1254/1254/1254 1253/1253/1253 1252/1252/1252
f 1255/1255/1255 1254/1254/1254 1252/1252/1252
f 1258/1258/1258 1257/1257/1257 1256/1256/1256
f 1261/1261/1261 1260/1260/1260 1259/1259/1259
f 1264/1264/1264 1263/1263/1263 1262/1262/1262
f 1265/1265/1265 1264/1264/1264 1262/1262/1262
f 1264/1264/1264 1265/1265/1265 1266/1266/1266
f 1267/1267/1267 1264/1264/1264 1266/1266/1266
f 1268/1268/1268 1267/1267/1267 1266/1266/1266
f 1269/1269/1269 1268/1268/1268 1266/1266/1266
f 1268/1268/1268 1269/1269/1269 1270/1270/1270
f 1271/1271/1271 1268/1268/1268 1270/1270/1270
f 1268/1268/1268 1271/1271/1271 1272/1272/1272
f 1273/1273/1273 1268/1268/1268 1272/1272/1272
f 1274/1274/1274 1273/1273/1273 1272/1272/1272
f 1275/1275/1275 1274/1274/1274 1272/1272/1272
f 1273/1273/1273 1274/1274/1274 1276/1276/1276
f 1264/1264/1264 1267/1267/1267 1276/1276/1276
f 1268/1268/1268 1273/1273/1273 1276/1276/1276
f 1267/1267/1267 1268/1268/1268 1276/1276/1276
f 1274/1274/1274 1277/1277/1277 1276/1276/1276
f 1277/1277/1277 1278/1278/1278 1276/1276/1276
f 1278/1278/1278 1279/1279/1279 1276/1276/1276
f 1279/1279/1279 1264/1264/1264 1276/1276/1276
f 1279/1279/1279 1278/1278/1278 1280/1280/1280
f 1278/1278/1278 1281/1281/1281 1280/1280/1280
f 1264/1264/1264 1279/1279/1279 1280/1280/1280
f 1263/1263/1263 1264/1264/1264 1280/1280/1280
f 1281/1281/1281 1278/1278/1278 1282/1282/1282
f 1278/1278/1278 1283/1283/1283 1282/1282/1282
f 1278/1278/1278 1277/1277/1277 1284/1284/1284
f 1283/1283/1283 1278/1278/1278 1284/1284/1284
f 1277/1277/1277 1274/1274/1274 1284/1284/1284
f 1274/1274/1274 1285/1285/1285 1284/1284/1284
f 1274/1274/1274 1275/1275/1275 1286/1286/1286
f 1285/1285/1285 1274/1274/1274 1286/1286/1286
f 1289/1289/1289 1288/1288/1288 1287/1287/1287
f 1290/1290/1290 1289/1289/1289 1287/1287/1287
f 1289/1289/1289 1290/1290/1290 1291/1291/1291
f 1292/1292/1292 1289/1289/1289 1291/1291/1291
f 1293/1293/1293 1292/1292/1292 1291/1291/1291
f 1294/1294/1294 1293/1293/1293 1291/1291/1291
f 1293/1293/1293 1294/1294/1294 1295/1295/1295
f 1296/1296/1296 1293/1293/1293 1295/1295/1295
f 1299/1299/1299 1298/1298/1298 1297/1297/1297
f 1302/1302/1302 1301/1301/1301 1300/1300/1300
f 1305/1305/1305 1304/1304/1304 1303/1303/1303
f 1306/1306/1306 1305/1305/1305 1303/1303/1303
f 1304/1304/1304 1305/1305/1305 1307/1307/1307
f 1305/1305/1305 1308/1308/1308 1307/1307/1307
f 1308/1308/1308 1309/1309/1309 1307/1307/1307
f 1309/1309/1309 1310/1310/1310 1307/1307/1307
f 1310/1310/1310 1309/1309/1309 1311/1311/1311
f 1309/1309/1309 1312/1312/1312 1311/1311/1311
f 1315/1315/1315 1314/1314/1314 1313/1313/1313
f 1316/1316/1316 1315/1315/1315 1313/1313/1313
f 1315/1315/1315 1316/1316/1316 1317/1317/1317
f 1318/1318/1318 1315/1315/1315 1317/1317/1317
f 1319/1319/1319 1318/1318/1318 1317/1317/1317
f 1320/1320/1320 1319/1319/1319 1317/1317/1317
f 1319/1319/1319 1320/1320/1320 1321/1321/1321
f 1322/1322/1322 1319/1319/1319 1321/1321/1321
f 1325/1325/1325 1324/1324/1324 1323/1323/1323
f 1326/1326/1326 1325/1325/1325 1323/1323/1323
f 1329/1329/1329 1328/1328/1328 1327/1327/1327
f 1330/1330/1330 1329/1329/1329 1327/1327/1327
f 1333/1333/1333 1332/1332/1332 1331/1331/1331
f 1334/1334/1334 1333/1333/1333 1331/1331/1331
f 1332/1332/1332 1333/1333/1333 1335/1335/1335
f 1333/1333/1333 1336/1336/1336 1335/1335/1335
f 1336/1336/1336 1337/1337/1337 1335/1335/1335
f 1337/1337/1337 1338/1338/1338 1335/1335/1335
f 1338/1338/1338 1337/1337/1337 1339/1339/1339
f 1337/1337/1337 1340/1340/1340 1339/1339/1339
f 1343/1343/1343 1342/1342/1342 1341/1341/1341
f 1344/1344/1344 1343/1343/1343 1341/1341/1341
f 1343/1343/1343 1344/1344/1344 1345/1345/1345
f 1346/1346/1346 1343/1343/1343 1345/1345/1345
f 1347/1347/1347 1346/1346/1346 1345/1345/1345
f 1348/1348/1348 1347/1347/1347 1345/1345/1345
f 1347/1347/1347 1348/1348/1348 1349/1349/1349
f 1350/1350/1350 1347/1347/1347 1349/1349/1349
f 1353/1353/1353 1352/1352/1352 1351/1351/1351
f 1354/1354/1354 1353/1353/1353 1351/1351/1351
f 1357/1357/1357 1356/1356/1356 1355/1355/1355
f 1358/1358/1358 1357/1357/1357 1355/1355/1355
f 1361/1361/1361 1360/1360/1360 1359/1359/1359
f 1362/1362/1362 1361/1361/1361 1359/1359/1359
f 1360/1360/1360 1361/1361/1361 1363/1363/1363
f 1361/1361/1361 1364/1364/1364 1363/1363/1363
f 1364/1364/1364 1365/1365/1365 1363/1363/1363
f 1365/1365/1365 1366/1366/1366 1363/1363/1363
f 1366/1366/1366 1365/1365/1365 1367/1367/1367
f 1365/1365/1365 1368/1368/1368 1367/1367/1367
f 1371/1371/1371 1370/1370/1370 1369/1369/1369
f 1372/1372/1372 1371/1371/1371 1369/1369/1369
f 1373/1373/1373 1372/1372/1372 1369/1369/1369
f 1374/1374/1374 1373/1373/1373 1369/1369/1369
f 1371/1371/1371 1372/1372/1372 1375/1375/1375
f 1372/1372/1372 1373/1373/1373 1375/1375/1375
f 1376/1376/1376 1371/1371/1371 1375/1375/1375
f 1377/1377/1377 1376/1376/1376 1375/1375/1375
f 1378/1378/1378 1377/1377/1377 1375/1375/1375
f 1373/1373/1373 1379/1379/1379 1375/1375/1375
f 1380/1380/1380 1378/1378/1378 1375/1375/1375
f 1379/1379/1379 1380/1380/1380 1375/1375/1375
f 1377/1377/1377 1378/1378/1378 1381/1381/1381
f 1378/1378/1378 1380/1380/1380 1381/1381/1381
f 1382/1382/1382 1377/1377/1377 1381/1381/1381
f 1380/1380/1380 1383/1383/1383 1381/1381/1381
f 1386/1386/1386 1385/1385/1385 1384/1384/1384
f 1387/1387/1387 1386/1386/1386 1384/1384/1384
f 1390/1390/1390 1389/1389/1389 1388/1388/1388
f 1391/1391/1391 1390/1390/1390 1388/1388/1388
f 1394/1394/1394 1393/1393/1393 1392/1392/1392
f 1395/1395/1395 1394/1394/1394 1392/1392/1392
f 1398/1398/1398 1397/1397/1397 1396/1396/1396
f 1399/1399/1399 1398/1398/1398 1396/1396/1396
f 1402/1402/1402 1401/1401/1401 1400/1400/1400
f 1403/1403/1403 1402/1402/1402 1400/1400/1400
f 1401/1401/1401 1404/1404/1404 1400/1400/1400
f 1402/1402/1402 1403/1403/1403 1405/1405/1405
f 1406/1406/1406 1402/1402/1402 1405/1405/1405
f 1409/1409/1409 1408/1408/1408 1407/1407/1407
f 1410/1410/1410 1409/1409/1409 1407/1407/1407
f 1413/1413/1413 1412/1412/1412 1411/1411/1411
f 1414/1414/1414 1413/1413/1413 1411/1411/1411
f 1417/1417/1417 1416/1416/1416 1415/1415/1415
f 1418/1418/1418 1417/1417/1417 1415/1415/1415
f 1421/1421/1421 1420/1420/1420 1419/1419/1419
f 1420/1420/1420 1421/1421/1421 1422/1422/1422
f 1425/1425/1425 1424/1424/1424 1423/1423/1423
f 1424/1424/1424 1427/1427/1427 1426/1426/1426
f 1427/1427/1427 1428/1428/1428 1426/1426/1426
f 1428/1428/1428 1429/1429/1429 1426/1426/1426
f 1429/1429/1429 1428/1428/1428 1430/1430/1430
f 1428/1428/1428 1431/1431/1431 1430/1430/1430
f 1434/1434/1434 1433/1433/1433 1432/1432/1432
f 1435/1435/1435 1434/1434/1434 1432/1432/1432
f 293/293/293 1436/1436/1436 295/295/295
f 1436/1436/1436 303/303/303 295/295/295
f 303/303/303 1436/1436/1436 1437/1437/1437
f 1436/1436/1436 293/293/293 1437/1437/1437
f 1438/1438/1438 303/303/303 1437/1437/1437
f 303/303/303 1438/1438/1438 1439/1439/1439
f 304/304/304 303/303/303 1439/1439/1439
f 305/305/305 304/304/304 1439/1439/1439
f 1440/1440/1440 305/305/305 1439/1439/1439
f 1438/1438/1438 1441/1441/1441 1439/1439/1439
f 1441/1441/1441 1438/1438/1438 1437/1437/1437
f 1441/1441/1441 1442/1442/1442 1439/1439/1439
f 1442/1442/1442 1441/1441/1441 1443/1443/1443
f 1444/1444/1444 1442/1442/1442 1443/1443/1443
f 1444/1444/1444 1440/1440/1440 1439/1439/1439
f 1442/1442/1442 1444/1444/1444 1439/1439/1439
f 1445/1445/1445 1444/1444/1444 1443/1443/1443
f 1444/1444/1444 1445/1445/1445 1446/1446/1446
f 1447/1447/1447 1444/1444/1444 1446/1446/1446
f 1448/1448/1448 1447/1447/1447 1446/1446/1446
f 1449/1449/1449 1448/1448/1448 1446/1446/1446
f 1445/1445/1445 190/190/190 1446/1446/1446
f 190/190/190 1445/1445/1445 1443/1443/1443
f 190/190/190 189/189/189 1446/1446/1446
f 186/186/186 1449/1449/1449 1446/1446/1446
f 189/189/189 186/186/186 1446/1446/1446
f 1441/1441/1441 1450/1450/1450 1443/1443/1443
f 1450/1450/1450 1441/1441/1441 1451/1451/1451
f 1441/1441/1441 1452/1452/1452 1451/1451/1451
f 1452/1452/1452 1453/1453/1453 1451/1451/1451
f 1453/1453/1453 1454/1454/1454 1451/1451/1451
f 1454/1454/1454 202/202/202 1451/1451/1451
f 202/202/202 201/201/201 1451/1451/1451
f 194/194/194 1450/1450/1450 1451/1451/1451
f 201/201/201 194/194/194 1451/1451/1451
f 1450/1450/1450 194/194/194 1443/1443/1443
f 194/194/194 193/193/193 1443/1443/1443
f 193/193/193 190/190/190 1443/1443/1443
f 202/202/202 1454/1454/1454 1455/1455/1455
f 205/205/205 202/202/202 1455/1455/1455
f 1449/1449/1449 186/186/186 1456/1456/1456
f 1448/1448/1448 1449/1449/1449 1456/1456/1456
f 1457/1457/1457 1448/1448/1448 1456/1456/1456
f 1448/1448/1448 1457/1457/1457 1458/1458/1458
f 1459/1459/1459 1448/1448/1448 1458/1458/1458
f 312/312/312 1459/1459/1459 1458/1458/1458
f 313/313/313 312/312/312 1458/1458/1458
f 1459/1459/1459 312/312/312 1460/1460/1460
f 1448/1448/1448 1459/1459/1459 1460/1460/1460
f 312/312/312 314/314/314 1460/1460/1460
f 314/314/314 305/305/305 1460/1460/1460
f 305/305/305 1440/1440/1440 1460/1460/1460
f 1440/1440/1440 1444/1444/1444 1460/1460/1460
f 1444/1444/1444 1447/1447/1447 1460/1460/1460
f 1447/1447/1447 1448/1448/1448 1460/1460/1460
f 186/186/186 187/187/187 1456/1456/1456
f 158/158/158 1461/1461/1461 160/160/160
f 1461/1461/1461 175/175/175 160/160/160
f 1464/1464/1464 1463/1463/1463 1462/1462/1462
f 1465/1465/1465 1464/1464/1464 1462/1462/1462
f 1463/1463/1463 1464/1464/1464 1466/1466/1466
f 1464/1464/1464 1467/1467/1467 1466/1466/1466
f 1467/1467/1467 1468/1468/1468 1466/1466/1466
f 1468/1468/1468 1469/1469/1469 1466/1466/1466
f 1469/1469/1469 1468/1468/1468 1470/1470/1470
f 1468/1468/1468 1471/1471/1471 1470/1470/1470
f 1474/1474/1474 1473/1473/1473 1472/1472/1472
f 1475/1475/1475 1474/1474/1474 1472/1472/1472
f 266/266/266 1476/1476/1476 273/273/273
f 1476/1476/1476 266/266/266 1477/1477/1477
f 266/266/266 1478/1478/1478 1477/1477/1477
f 1478/1478/1478 266/266/266 256/256/256
f 246/246/246 1478/1478/1478 256/256/256
f 1478/1478/1478 246/246/246 1477/1477/1477
f 246/246/246 247/247/247 1477/1477/1477
f 1481/1481/1481 1480/1480/1480 1479/1479/1479
f 1482/1482/1482 1481/1481/1481 1479/1479/1479
f 130/130/130 1483/1483/1483 131/131/131
f 1483/1483/1483 139/139/139 131/131/131
f 3/3/3 6/6/6 1484/1484/1484
f 10/10/10 3/3/3 1484/1484/1484
f 6/6/6 7/7/7 1484/1484/1484
f 7/7/7 14/14/14 1484/1484/1484
f 1487/1487/1487 1486/1486/1486 1485/1485/1485
f 1488/1488/1488 1487/1487/1487 1485/1485/1485
f 1491/1491/1491 1490/1490/1490 1489/1489/1489
f 1492/1492/1492 1491/1491/1491 1489/1489/1489
f 1490/1490/1490 1493/1493/1493 1489/1489/1489
f 1493/1493/1493 1494/1494/1494 1489/1489/1489
f 1494/1494/1494 1493/1493/1493 1495/1495/1495
f 1493/1493/1493 1496/1496/1496 1495/1495/1495
f 1496/1496/1496 1497/1497/1497 1495/1495/1495
f 1497/1497/1497 1498/1498/1498 1495/1495/1495
f 1498/1498/1498 1497/1497/1497 1499/1499/1499
f 1497/1497/1497 1500/1500/1500 1499/1499/1499
f 1491/1491/1491 1492/1492/1492 1501/1501/1501
f 1502/1502/1502 1491/1491/1491 1501/1501/1501
f 1505/1505/1505 1504/1504/1504 1503/1503/1503
f 1506/1506/1506 1505/1505/1505 1503/1503/1503
f 1505/1505/1505 1506/1506/1506 1507/1507/1507
f 1509/1509/1509 1508/1508/1508 1507/1507/1507
f 1510/1510/1510 1509/1509/1509 1507/1507/1507
f 1509/1509/1509 1510/1510/1510 1511/1511/1511
f 1512/1512/1512 1509/1509/1509 1511/1511/1511
f 1513/1513/1513 1512/1512/1512 1511/1511/1511
f 1514/1514/1514 1513/1513/1513 1511/1511/1511
f 1513/1513/1513 1514/1514/1514 1515/1515/1515
f 1516/1516/1516 1513/1513/1513 1515/1515/1515
f 1519/1519/1519 1518/1518/1518 1517/1517/1517
f 1520/1520/1520 1519/1519/1519 1517/1517/1517
f 1518/1518/1518 1519/1519/1519 1521/1521/1521
f 1519/1519/1519 1522/1522/1522 1521/1521/1521
f 1522/1522/1522 1523/1523/1523 1521/1521/1521
f 1523/1523/1523 1524/1524/1524 1521/1521/1521
f 1524/1524/1524 1523/1523/1523 1525/1525/1525
f 1523/1523/1523 1526/1526/1526 1525/1525/1525
f 1526/1526/1526 1527/1527/1527 1525/1525/1525
f 1527/1527/1527 1528/1528/1528 1525/1525/1525
f 1528/1528/1528 1527/1527/1527 1529/1529/1529
f 1527/1527/1527 1530/1530/1530 1529/1529/1529
f 1530/1530/1530 1531/1531/1531 1529/1529/1529
f 1531/1531/1531 1532/1532/1532 1529/1529/1529
f 1532/1532/1532 1531/1531/1531 1533/1533/1533
f 1531/1531/1531 1534/1534/1534 1533/1533/1533
f 1537/1537/1537 1536/1536/1536 1535/1535/1535
f 1538/1538/1538 1537/1537/1537 1535/1535/1535
f 1541/1541/1541 1540/1540/1540 1539/1539/1539
f 1542/1542/1542 1541/1541/1541 1539/1539/1539
f 1540/1540/1540 1541/1541/1541 1543/1543/1543
f 1541/1541/1541 1544/1544/1544 1543/1543/1543
f 1544/1544/1544 1545/1545/1545 1543/1543/1543
f 1545/1545/1545 1546/1546/1546 1543/1543/1543
f 1546/1546/1546 1545/1545/1545 1547/1547/1547
f 1545/1545/1545 1548/1548/1548 1547/1547/1547
f 1551/1551/1551 1550/1550/1550 1549/1549/1549
f 1552/1552/1552 1551/1551/1551 1549/1549/1549
f 1555/1555/1555 1554/1554/1554 1553/1553/1553
f 1556/1556/1556 1555/1555/1555 1553/1553/1553
f 1559/1559/1559 1558/1558/1558 1557/1557/1557
f 1562/1562/1562 1561/1561/1561 1560/1560/1560
f 1563/1563/1563 1562/1562/1562 1560/1560/1560
f 1566/1566/1566 1565/1565/1565 1564/1564/1564
f 1567/1567/1567 1566/1566/1566 1564/1564/1564
f 1570/1570/1570 1569/1569/1569 1568/1568/1568
f 1571/1571/1571 1570/1570/1570 1568/1568/1568
f 198/198/198 197/197/197 1572/1572/1572
f 1573/1573/1573 198/198/198 1572/1572/1572
f 197/197/197 196/196/196 1572/1572/1572
f 196/196/196 210/210/210 1572/1572/1572
f 210/210/210 162/162/162 1572/1572/1572
f 162/162/162 165/165/165 1572/1572/1572
f 166/166/166 1573/1573/1573 1572/1572/1572
f 165/165/165 166/166/166 1572/1572/1572
f 198/198/198 1573/1573/1573 1574/1574/1574
f 1573/1573/1573 166/166/166 1574/1574/1574
f 199/199/199 198/198/198 1574/1574/1574
f 182/182/182 199/199/199 1574/1574/1574
f 181/181/181 182/182/182 1574/1574/1574
f 166/166/166 169/169/169 1574/1574/1574
f 170/170/170 181/181/181 1574/1574/1574
f 169/169/169 170/170/170 1574/1574/1574
f 1577/1577/1577 1576/1576/1576 1575/1575/1575
f 1578/1578/1578 1577/1577/1577 1575/1575/1575
f 287/287/287 290/290/290 329/329/329
f 290/290/290 291/291/291 329/329/329
f 1581/1581/1581 1580/1580/1580 1579/1579/1579
f 1582/1582/1582 1581/1581/1581 1579/1579/1579
f 319/319/319 320/320/320 1583/1583/1583
f 1584/1584/1584 319/319/319 1583/1583/1583
f 320/320/320 308/308/308 1583/1583/1583
f 308/308/308 311/311/311 1583/1583/1583
f 529/529/529 528/528/528 1585/1585/1585
f 536/536/536 529/529/529 1585/1585/1585
f 528/528/528 527/527/527 1585/1585/1585
f 527/527/527 1586/1586/1586 1585/1585/1585
f 1586/1586/1586 448/448/448 1585/1585/1585
f 448/448/448 451/451/451 1585/1585/1585
f 452/452/452 536/536/536 1585/1585/1585
f 451/451/451 452/452/452 1585/1585/1585
f 1586/1586/1586 527/527/527 1587/1587/1587
f 448/448/448 1586/1586/1586 1587/1587/1587
f 527/527/527 532/532/532 1587/1587/1587
f 447/447/447 448/448/448 1587/1587/1587
f 1109/1109/1109 1588/1588/1588 1106/1106/1106
f 1588/1588/1588 1589/1589/1589 1106/1106/1106
f 1589/1589/1589 1590/1590/1590 1106/1106/1106
f 1590/1590/1590 1591/1591/1591 1106/1106/1106
f 1591/1591/1591 1105/1105/1105 1106/1106/1106
f 1588/1588/1588 1109/1109/1109 1592/1592/1592
f 1589/1589/1589 1588/1588/1588 1592/1592/1592
f 1109/1109/1109 1117/1117/1117 1592/1592/1592
f 1117/1117/1117 1116/1116/1116 1592/1592/1592
f 1116/1116/1116 1593/1593/1593 1592/1592/1592
f 1593/1593/1593 1116/1116/1116 1594/1594/1594
f 1116/1116/1116 1120/1120/1120 1594/1594/1594
f 1595/1595/1595 1593/1593/1593 1594/1594/1594
f 1593/1593/1593 1595/1595/1595 1592/1592/1592
f 1596/1596/1596 1595/1595/1595 1594/1594/1594
f 1595/1595/1595 1597/1597/1597 1592/1592/1592
f 1597/1597/1597 1589/1589/1589 1592/1592/1592
f 1105/1105/1105 1591/1591/1591 1104/1104/1104
f 1591/1591/1591 1598/1598/1598 1104/1104/1104
f 1598/1598/1598 1102/1102/1102 1104/1104/1104
f 1591/1591/1591 1590/1590/1590 1599/1599/1599
f 1600/1600/1600 1591/1591/1591 1599/1599/1599
f 511/511/511 1600/1600/1600 1599/1599/1599
f 520/520/520 511/511/511 1599/1599/1599
f 521/521/521 520/520/520 1599/1599/1599
f 1601/1601/1601 521/521/521 1599/1599/1599
f 1589/1589/1589 1601/1601/1601 1599/1599/1599
f 1590/1590/1590 1589/1589/1589 1599/1599/1599
f 1595/1595/1595 1596/1596/1596 1602/1602/1602
f 1603/1603/1603 1595/1595/1595 1602/1602/1602
f 525/525/525 1603/1603/1603 1602/1602/1602
f 531/531/531 525/525/525 1602/1602/1602
f 1589/1589/1589 1597/1597/1597 1604/1604/1604
f 1601/1601/1601 1589/1589/1589 1604/1604/1604
f 1603/1603/1603 525/525/525 1604/1604/1604
f 521/521/521 1601/1601/1601 1604/1604/1604
f 1595/1595/1595 1603/1603/1603 1604/1604/1604
f 1597/1597/1597 1595/1595/1595 1604/1604/1604
f 525/525/525 524/524/524 1604/1604/1604
f 524/524/524 521/521/521 1604/1604/1604
f 1600/1600/1600 511/511/511 1605/1605/1605
f 1591/1591/1591 1600/1600/1600 1605/1605/1605
f 1598/1598/1598 1591/1591/1591 1605/1605/1605
f 1102/1102/1102 1598/1598/1598 1605/1605/1605
f 1606/1606/1606 1102/1102/1102 1605/1605/1605
f 1102/1102/1102 1606/1606/1606 1607/1607/1607
f 1103/1103/1103 1102/1102/1102 1607/1607/1607
f 1097/1097/1097 1103/1103/1103 1607/1607/1607
f 1608/1608/1608 1097/1097/1097 1607/1607/1607
f 1097/1097/1097 1608/1608/1608 1609/1609/1609
f 1098/1098/1098 1097/1097/1097 1609/1609/1609
f 1099/1099/1099 1098/1098/1098 1609/1609/1609
f 1610/1610/1610 1099/1099/1099 1609/1609/1609
f 1608/1608/1608 503/503/503 1609/1609/1609
f 503/503/503 1608/1608/1608 1607/1607/1607
f 503/503/503 502/502/502 1609/1609/1609
f 497/497/497 1610/1610/1610 1609/1609/1609
f 502/502/502 497/497/497 1609/1609/1609
f 1606/1606/1606 507/507/507 1607/1607/1607
f 507/507/507 506/506/506 1607/1607/1607
f 506/506/506 503/503/503 1607/1607/1607
f 1099/1099/1099 1610/1610/1610 1611/1611/1611
f 1610/1610/1610 497/497/497 1611/1611/1611
f 1612/1612/1612 1099/1099/1099 1611/1611/1611
f 1099/1099/1099 1612/1612/1612 1093/1093/1093
f 1612/1612/1612 1089/1089/1089 1093/1093/1093
f 1089/1089/1089 1612/1612/1612 1611/1611/1611
f 1613/1613/1613 1089/1089/1089 1611/1611/1611
f 1089/1089/1089 1613/1613/1613 1614/1614/1614
f 1090/1090/1090 1089/1089/1089 1614/1614/1614
f 1091/1091/1091 1090/1090/1090 1614/1614/1614
f 1615/1615/1615 1091/1091/1091 1614/1614/1614
f 1613/1613/1613 495/495/495 1614/1614/1614
f 495/495/495 1613/1613/1613 1611/1611/1611
f 495/495/495 1213/1213/1213 1614/1614/1614
f 1207/1207/1207 1615/1615/1615 1614/1614/1614
f 1213/1213/1213 1207/1207/1207 1614/1614/1614
f 1091/1091/1091 1615/1615/1615 1616/1616/1616
f 1615/1615/1615 1207/1207/1207 1616/1616/1616
f 1092/1092/1092 1091/1091/1091 1616/1616/1616
f 1081/1081/1081 1092/1092/1092 1616/1616/1616
f 1617/1617/1617 1081/1081/1081 1616/1616/1616
f 1081/1081/1081 1617/1617/1617 1618/1618/1618
f 1082/1082/1082 1081/1081/1081 1618/1618/1618
f 1083/1083/1083 1082/1082/1082 1618/1618/1618
f 1619/1619/1619 1083/1083/1083 1618/1618/1618
f 1617/1617/1617 1203/1203/1203 1618/1618/1618
f 1203/1203/1203 1617/1617/1617 1616/1616/1616
f 1203/1203/1203 1202/1202/1202 1618/1618/1618
f 1197/1197/1197 1619/1619/1619 1618/1618/1618
f 1202/1202/1202 1197/1197/1197 1618/1618/1618
f 1207/1207/1207 1206/1206/1206 1616/1616/1616
f 1206/1206/1206 1203/1203/1203 1616/1616/1616
f 1083/1083/1083 1619/1619/1619 1620/1620/1620
f 1619/1619/1619 1197/1197/1197 1620/1620/1620
f 1621/1621/1621 1083/1083/1083 1620/1620/1620
f 1083/1083/1083 1621/1621/1621 1622/1622/1622
f 1079/1079/1079 1083/1083/1083 1622/1622/1622
f 1071/1071/1071 1079/1079/1079 1622/1622/1622
f 1072/1072/1072 1071/1071/1071 1622/1622/1622
f 1197/1197/1197 1198/1198/1198 1620/1620/1620
f 1625/1625/1625 1624/1624/1624 1623/1623/1623
f 1626/1626/1626 1625/1625/1625 1623/1623/1623
f 1629/1629/1629 1628/1628/1628 1627/1627/1627
f 1630/1630/1630 1629/1629/1629 1627/1627/1627
f 1633/1633/1633 1632/1632/1632 1631/1631/1631
f 1634/1634/1634 1633/1633/1633 1631/1631/1631
f 1632/1632/1632 1633/1633/1633 1635/1635/1635
f 293/293/293 294/294/294 1636/1636/1636
f 1637/1637/1637 293/293/293 1636/1636/1636
f 1453/1453/1453 1637/1637/1637 1636/1636/1636
f 293/293/293 1637/1637/1637 1437/1437/1437
f 1637/1637/1637 1453/1453/1453 1437/1437/1437
f 1453/1453/1453 1452/1452/1452 1437/1437/1437
f 1452/1452/1452 1441/1441/1441 1437/1437/1437
f 1640/1640/1640 1639/1639/1639 1638/1638/1638
f 1641/1641/1641 1640/1640/1640 1638/1638/1638
f 258/258/258 272/272/272 1642/1642/1642
f 257/257/257 258/258/258 1642/1642/1642
f 272/272/272 271/271/271 1642/1642/1642
f 271/271/271 1643/1643/1643 1642/1642/1642
f 1643/1643/1643 254/254/254 1642/1642/1642
f 254/254/254 253/253/253 1642/1642/1642
f 250/250/250 257/257/257 1642/1642/1642
f 253/253/253 250/250/250 1642/1642/1642
f 1646/1646/1646 1645/1645/1645 1644/1644/1644
f 1647/1647/1647 1646/1646/1646 1644/1644/1644
f 1646/1646/1646 1647/1647/1647 1648/1648/1648
f 1649/1649/1649 1646/1646/1646 1648/1648/1648
f 1650/1650/1650 1649/1649/1649 1648/1648/1648
f 1651/1651/1651 1650/1650/1650 1648/1648/1648
f 1650/1650/1650 1651/1651/1651 1652/1652/1652
f 1653/1653/1653 1650/1650/1650 1652/1652/1652
f 1656/1656/1656 1655/1655/1655 1654/1654/1654
f 1657/1657/1657 1656/1656/1656 1654/1654/1654
f 1660/1660/1660 1659/1659/1659 1658/1658/1658
f 1661/1661/1661 1660/1660/1660 1658/1658/1658
f 1664/1664/1664 1663/1663/1663 1662/1662/1662
f 1665/1665/1665 1664/1664/1664 1662/1662/1662
f 1668/1668/1668 1667/1667/1667 1666/1666/1666
f 1669/1669/1669 1668/1668/1668 1666/1666/1666
f 1672/1672/1672 1671/1671/1671 1670/1670/1670
f 1673/1673/1673 1672/1672/1672 1670/1670/1670
f 497/497/497 496/496/496 1611/1611/1611
f 496/496/496 495/495/495 1611/1611/1611
f 511/511/511 510/510/510 1605/1605/1605
f 510/510/510 507/507/507 1605/1605/1605
f 507/507/507 1606/1606/1606 1605/1605/1605
g Telephone_1
f 1676/1676/1676 1675/1675/1675 1674/1674/1674
f 1677/1677/1677 1676/1676/1676 1674/1674/1674
f 1680/1680/1680 1679/1679/1679 1678/1678/1678
f 1681/1681/1681 1680/1680/1680 1678/1678/1678
f 1684/1684/1684 1683/1683/1683 1682/1682/1682
f 1685/1685/1685 1684/1684/1684 1682/1682/1682
f 1688/1688/1688 1687/1687/1687 1686/1686/1686
f 1689/1689/1689 1688/1688/1688 1686/1686/1686
f 1692/1692/1692 1691/1691/1691 1690/1690/1690
f 1693/1693/1693 1692/1692/1692 1690/1690/1690
f 1696/1696/1696 1695/1695/1695 1694/1694/1694
f 1697/1697/1697 1696/1696/1696 1694/1694/1694
f 1700/1700/1700 1699/1699/1699 1698/1698/1698
f 1701/1701/1701 1700/1700/1700 1698/1698/1698
f 1704/1704/1704 1703/1703/1703 1702/1702/1702
f 1705/1705/1705 1704/1704/1704 1702/1702/1702
f 1708/1708/1708 1707/1707/1707 1706/1706/1706
f 1709/1709/1709 1708/1708/1708 1706/1706/1706
f 1712/1712/1712 1711/1711/1711 1710/1710/1710
f 1713/1713/1713 1712/1712/1712 1710/1710/1710
f 1716/1716/1716 1715/1715/1715 1714/1714/1714
f 1717/1717/1717 1716/1716/1716 1714/1714/1714
f 1720/1720/1720 1719/1719/1719 1718/1718/1718
f 1721/1721/1721 1720/1720/1720 1718/1718/1718
f 1724/1724/1724 1723/1723/1723 1722/1722/1722
f 1725/1725/1725 1724/1724/1724 1722/1722/1722
f 1728/1728/1728 1727/1727/1727 1726/1726/1726
f 1729/1729/1729 1728/1728/1728 1726/1726/1726
f 1732/1732/1732 1731/1731/1731 1730/1730/1730
f 1733/1733/1733 1732/1732/1732 1730/1730/1730
f 1736/1736/1736 1735/1735/1735 1734/1734/1734
f 1737/1737/1737 1736/1736/1736 1734/1734/1734
f 1740/1740/1740 1739/1739/1739 1738/1738/1738
f 1741/1741/1741 1740/1740/1740 1738/1738/1738
f 1744/1744/1744 1743/1743/1743 1742/1742/1742
f 1745/1745/1745 1744/1744/1744 1742/1742/1742
f 1748/1748/1748 1747/1747/1747 1746/1746/1746
f 1749/1749/1749 1748/1748/1748 1746/1746/1746
f 1752/1752/1752 1751/1751/1751 1750/1750/1750
f 1753/1753/1753 1752/1752/1752 1750/1750/1750
f 1756/1756/1756 1755/1755/1755 1754/1754/1754
f 1757/1757/1757 1756/1756/1756 1754/1754/1754
f 1760/1760/1760 1759/1759/1759 1758/1758/1758
f 1761/1761/1761 1760/1760/1760 1758/1758/1758
f 1764/1764/1764 1763/1763/1763 1762/1762/1762
f 1765/1765/1765 1764/1764/1764 1762/1762/1762
f 1768/1768/1768 1767/1767/1767 1766/1766/1766
f 1769/1769/1769 1768/1768/1768 1766/1766/1766
f 1772/1772/1772 1771/1771/1771 1770/1770/1770
f 1773/1773/1773 1772/1772/1772 1770/1770/1770
f 1776/1776/1776 1775/1775/1775 1774/1774/1774
f 1777/1777/1777 1776/1776/1776 1774/1774/1774
f 1780/1780/1780 1779/1779/1779 1778/1778/1778
f 1781/1781/1781 1780/1780/1780 1778/1778/1778
f 1784/1784/1784 1783/1783/1783 1782/1782/1782
f 1785/1785/1785 1784/1784/1784 1782/1782/1782
f 1788/1788/1788 1787/1787/1787 1786/1786/1786
f 1789/1789/1789 1788/1788/1788 1786/1786/1786
f 1792/1792/1792 1791/1791/1791 1790/1790/1790
f 1793/1793/1793 1792/1792/1792 1790/1790/1790
f 1796/1796/1796 1795/1795/1795 1794/1794/1794
f 1797/1797/1797 1796/1796/1796 1794/1794/1794
f 1800/1800/1800 1799/1799/1799 1798/1798/1798
f 1801/1801/1801 1800/1800/1800 1798/1798/1798
f 1804/1804/1804 1803/1803/1803 1802/1802/1802
f 1805/1805/1805 1804/1804/1804 1802/1802/1802
f 1808/1808/1808 1807/1807/1807 1806/1806/1806
f 1809/1809/1809 1808/1808/1808 1806/1806/1806
f 1812/1812/1812 1811/1811/1811 1810/1810/1810
f 1813/1813/1813 1812/1812/1812 1810/1810/1810
f 1816/1816/1816 1815/1815/1815 1814/1814/1814
f 1817/1817/1817 1816/1816/1816 1814/1814/1814
f 1820/1820/1820 1819/1819/1819 1818/1818/1818
f 1821/1821/1821 1820/1820/1820 1818/1818/1818
f 1824/1824/1824 1823/1823/1823 1822/1822/1822
f 1825/1825/1825 1824/1824/1824 1822/1822/1822
f 1828/1828/1828 1827/1827/1827 1826/1826/1826
f 1829/1829/1829 1828/1828/1828 1826/1826/1826
f 1832/1832/1832 1831/1831/1831 1830/1830/1830
f 1833/1833/1833 1832/1832/1832 1830/1830/1830
f 1836/1836/1836 1835/1835/1835 1834/1834/1834
f 1837/1837/1837 1836/1836/1836 1834/1834/1834
f 1840/1840/1840 1839/1839/1839 1838/1838/1838
f 1841/1841/1841 1840/1840/1840 1838/1838/1838
f 1844/1844/1844 1843/1843/1843 1842/1842/1842
f 1845/1845/1845 1844/1844/1844 1842/1842/1842
f 1848/1848/1848 1847/1847/1847 1846/1846/1846
f 1849/1849/1849 1848/1848/1848 1846/1846/1846
f 1852/1852/1852 1851/1851/1851 1850/1850/1850
f 1853/1853/1853 1852/1852/1852 1850/1850/1850
f 1856/1856/1856 1855/1855/1855 1854/1854/1854
f 1857/1857/1857 1856/1856/1856 1854/1854/1854
f 1860/1860/1860 1859/1859/1859 1858/1858/1858
f 1861/1861/1861 1860/1860/1860 1858/1858/1858
f 1864/1864/1864 1863/1863/1863 1862/1862/1862
f 1865/1865/1865 1864/1864/1864 1862/1862/1862
f 1868/1868/1868 1867/1867/1867 1866/1866/1866
f 1869/1869/1869 1868/1868/1868 1866/1866/1866
f 1872/1872/1872 1871/1871/1871 1870/1870/1870
f 1873/1873/1873 1872/1872/1872 1870/1870/1870
f 1876/1876/1876 1875/1875/1875 1874/1874/1874
f 1877/1877/1877 1876/1876/1876 1874/1874/1874
f 1880/1880/1880 1879/1879/1879 1878/1878/1878
f 1881/1881/1881 1880/1880/1880 1878/1878/1878
f 1884/1884/1884 1883/1883/1883 1882/1882/1882
f 1885/1885/1885 1884/1884/1884 1882/1882/1882
f 1888/1888/1888 1887/1887/1887 1886/1886/1886
f 1889/1889/1889 1888/1888/1888 1886/1886/1886
f 1892/1892/1892 1891/1891/1891 1890/1890/1890
f 1893/1893/1893 1892/1892/1892 1890/1890/1890
f 1896/1896/1896 1895/1895/1895 1894/1894/1894
f 1897/1897/1897 1896/1896/1896 1894/1894/1894
f 1900/1900/1900 1899/1899/1899 1898/1898/1898
f 1901/1901/1901 1900/1900/1900 1898/1898/1898
f 1904/1904/1904 1903/1903/1903 1902/1902/1902
f 1905/1905/1905 1904/1904/1904 1902/1902/1902
f 1908/1908/1908 1907/1907/1907 1906/1906/1906
f 1909/1909/1909 1908/1908/1908 1906/1906/1906
f 1912/1912/1912 1911/1911/1911 1910/1910/1910
f 1913/1913/1913 1912/1912/1912 1910/1910/1910
f 1916/1916/1916 1915/1915/1915 1914/1914/1914
f 1917/1917/1917 1916/1916/1916 1914/1914/1914
f 1920/1920/1920 1919/1919/1919 1918/1918/1918
f 1921/1921/1921 1920/1920/1920 1918/1918/1918
f 1924/1924/1924 1923/1923/1923 1922/1922/1922
f 1925/1925/1925 1924/1924/1924 1922/1922/1922
f 1928/1928/1928 1927/1927/1927 1926/1926/1926
f 1929/1929/1929 1928/1928/1928 1926/1926/1926
f 1932/1932/1932 1931/1931/1931 1930/1930/1930
f 1933/1933/1933 1932/1932/1932 1930/1930/1930
f 1936/1936/1936 1935/1935/1935 1934/1934/1934
f 1937/1937/1937 1936/1936/1936 1934/1934/1934
f 1940/1940/1940 1939/1939/1939 1938/1938/1938
f 1941/1941/1941 1940/1940/1940 1938/1938/1938
f 1944/1944/1944 1943/1943/1943 1942/1942/1942
f 1945/1945/1945 1944/1944/1944 1942/1942/1942
f 1948/1948/1948 1947/1947/1947 1946/1946/1946
f 1949/1949/1949 1948/1948/1948 1946/1946/1946
f 1952/1952/1952 1951/1951/1951 1950/1950/1950
f 1953/1953/1953 1952/1952/1952 1950/1950/1950
f 1956/1956/1956 1955/1955/1955 1954/1954/1954
f 1957/1957/1957 1956/1956/1956 1954/1954/1954
f 1960/1960/1960 1959/1959/1959 1958/1958/1958
f 1961/1961/1961 1960/1960/1960 1958/1958/1958
f 1964/1964/1964 1963/1963/1963 1962/1962/1962
f 1965/1965/1965 1964/1964/1964 1962/1962/1962
f 1968/1968/1968 1967/1967/1967 1966/1966/1966
f 1969/1969/1969 1968/1968/1968 1966/1966/1966
f 1972/1972/1972 1971/1971/1971 1970/1970/1970
f 1973/1973/1973 1972/1972/1972 1970/1970/1970
f 1976/1976/1976 1975/1975/1975 1974/1974/1974
f 1977/1977/1977 1976/1976/1976 1974/1974/1974
f 1980/1980/1980 1979/1979/1979 1978/1978/1978
f 1981/1981/1981 1980/1980/1980 1978/1978/1978
f 1984/1984/1984 1983/1983/1983 1982/1982/1982
f 1985/1985/1985 1984/1984/1984 1982/1982/1982
f 1988/1988/1988 1987/1987/1987 1986/1986/1986
f 1989/1989/1989 1988/1988/1988 1986/1986/1986
f 1992/1992/1992 1991/1991/1991 1990/1990/1990
f 1993/1993/1993 1992/1992/1992 1990/1990/1990
f 1996/1996/1996 1995/1995/1995 1994/1994/1994
f 1997/1997/1997 1996/1996/1996 1994/1994/1994
f 2000/2000/2000 1999/1999/1999 1998/1998/1998
f 2001/2001/2001 2000/2000/2000 1998/1998/1998
f 2004/2004/2004 2003/2003/2003 2002/2002/2002
f 2005/2005/2005 2004/2004/2004 2002/2002/2002
f 2008/2008/2008 2007/2007/2007 2006/2006/2006
f 2009/2009/2009 2008/2008/2008 2006/2006/2006
f 2012/2012/2012 2011/2011/2011 2010/2010/2010
f 2013/2013/2013 2012/2012/2012 2010/2010/2010
f 2016/2016/2016 2015/2015/2015 2014/2014/2014
f 2017/2017/2017 2016/2016/2016 2014/2014/2014
f 2020/2020/2020 2019/2019/2019 2018/2018/2018
f 2023/2023/2023 2022/2022/2022 2021/2021/2021
f 2026/2026/2026 2025/2025/2025 2024/2024/2024
f 2027/2027/2027 2026/2026/2026 2024/2024/2024
f 2030/2030/2030 2029/2029/2029 2028/2028/2028
f 2031/2031/2031 2030/2030/2030 2028/2028/2028
f 2034/2034/2034 2033/2033/2033 2032/2032/2032
f 2035/2035/2035 2034/2034/2034 2032/2032/2032
f 2038/2038/2038 2037/2037/2037 2036/2036/2036
f 2039/2039/2039 2038/2038/2038 2036/2036/2036
f 2042/2042/2042 2041/2041/2041 2040/2040/2040
f 2045/2045/2045 2044/2044/2044 2043/2043/2043
f 2048/2048/2048 2047/2047/2047 2046/2046/2046
f 2051/2051/2051 2050/2050/2050 2049/2049/2049
f 2054/2054/2054 2053/2053/2053 2052/2052/2052
f 2057/2057/2057 2056/2056/2056 2055/2055/2055
f 2060/2060/2060 2059/2059/2059 2058/2058/2058
f 2063/2063/2063 2062/2062/2062 2061/2061/2061
f 2064/2064/2064 2063/2063/2063 2061/2061/2061
f 2067/2067/2067 2066/2066/2066 2065/2065/2065
f 2068/2068/2068 2067/2067/2067 2065/2065/2065
f 2071/2071/2071 2070/2070/2070 2069/2069/2069
f 2074/2074/2074 2073/2073/2073 2072/2072/2072
f 2077/2077/2077 2076/2076/2076 2075/2075/2075
f 2080/2080/2080 2079/2079/2079 2078/2078/2078
f 2083/2083/2083 2082/2082/2082 2081/2081/2081
f 2086/2086/2086 2085/2085/2085 2084/2084/2084
f 2087/2087/2087 2086/2086/2086 2084/2084/2084
f 2090/2090/2090 2089/2089/2089 2088/2088/2088
f 2091/2091/2091 2090/2090/2090 2088/2088/2088
f 2094/2094/2094 2093/2093/2093 2092/2092/2092
f 2097/2097/2097 2096/2096/2096 2095/2095/2095
f 2100/2100/2100 2099/2099/2099 2098/2098/2098
f 2103/2103/2103 2102/2102/2102 2101/2101/2101
f 2106/2106/2106 2105/2105/2105 2104/2104/2104
f 2109/2109/2109 2108/2108/2108 2107/2107/2107
f 2112/2112/2112 2111/2111/2111 2110/2110/2110
f 2115/2115/2115 2114/2114/2114 2113/2113/2113
f 2116/2116/2116 2115/2115/2115 2113/2113/2113
f 2119/2119/2119 2118/2118/2118 2117/2117/2117
f 2120/2120/2120 2119/2119/2119 2117/2117/2117
f 2123/2123/2123 2122/2122/2122 2121/2121/2121
f 2126/2126/2126 2125/2125/2125 2124/2124/2124
f 2129/2129/2129 2128/2128/2128 2127/2127/2127
f 2130/2130/2130 2129/2129/2129 2127/2127/2127
f 2133/2133/2133 2132/2132/2132 2131/2131/2131
f 2136/2136/2136 2135/2135/2135 2134/2134/2134
f 2137/2137/2137 2136/2136/2136 2134/2134/2134
f 2140/2140/2140 2139/2139/2139 2138/2138/2138
f 2141/2141/2141 2140/2140/2140 2138/2138/2138
f 2144/2144/2144 2143/2143/2143 2142/2142/2142
f 2145/2145/2145 2144/2144/2144 2142/2142/2142
f 2148/2148/2148 2147/2147/2147 2146/2146/2146
f 2149/2149/2149 2148/2148/2148 2146/2146/2146
f 2152/2152/2152 2151/2151/2151 2150/2150/2150
f 2153/2153/2153 2152/2152/2152 2150/2150/2150
f 2156/2156/2156 2155/2155/2155 2154/2154/2154
f 2157/2157/2157 2156/2156/2156 2154/2154/2154
f 2160/2160/2160 2159/2159/2159 2158/2158/2158
f 2163/2163/2163 2162/2162/2162 2161/2161/2161
f 2166/2166/2166 2165/2165/2165 2164/2164/2164
f 2169/2169/2169 2168/2168/2168 2167/2167/2167
f 2172/2172/2172 2171/2171/2171 2170/2170/2170
f 2175/2175/2175 2174/2174/2174 2173/2173/2173
f 2178/2178/2178 2177/2177/2177 2176/2176/2176
f 2181/2181/2181 2180/2180/2180 2179/2179/2179
f 2184/2184/2184 2183/2183/2183 2182/2182/2182
f 2187/2187/2187 2186/2186/2186 2185/2185/2185
f 2190/2190/2190 2189/2189/2189 2188/2188/2188
f 2193/2193/2193 2192/2192/2192 2191/2191/2191
f 2196/2196/2196 2195/2195/2195 2194/2194/2194
f 2199/2199/2199 2198/2198/2198 2197/2197/2197
f 2202/2202/2202 2201/2201/2201 2200/2200/2200
f 2205/2205/2205 2204/2204/2204 2203/2203/2203
f 2208/2208/2208 2207/2207/2207 2206/2206/2206
f 2211/2211/2211 2210/2210/2210 2209/2209/2209
f 2214/2214/2214 2213/2213/2213 2212/2212/2212
f 2217/2217/2217 2216/2216/2216 2215/2215/2215
f 2220/2220/2220 2219/2219/2219 2218/2218/2218
f 2223/2223/2223 2222/2222/2222 2221/2221/2221
f 2226/2226/2226 2225/2225/2225 2224/2224/2224
f 2229/2229/2229 2228/2228/2228 2227/2227/2227
f 2232/2232/2232 2231/2231/2231 2230/2230/2230
f 2235/2235/2235 2234/2234/2234 2233/2233/2233
f 2238/2238/2238 2237/2237/2237 2236/2236/2236
f 2241/2241/2241 2240/2240/2240 2239/2239/2239
f 2244/2244/2244 2243/2243/2243 2242/2242/2242
f 2247/2247/2247 2246/2246/2246 2245/2245/2245
f 2250/2250/2250 2249/2249/2249 2248/2248/2248
f 2253/2253/2253 2252/2252/2252 2251/2251/2251
f 2256/2256/2256 2255/2255/2255 2254/2254/2254
f 2259/2259/2259 2258/2258/2258 2257/2257/2257
f 2262/2262/2262 2261/2261/2261 2260/2260/2260
f 2265/2265/2265 2264/2264/2264 2263/2263/2263
f 2268/2268/2268 2267/2267/2267 2266/2266/2266
f 2271/2271/2271 2270/2270/2270 2269/2269/2269
f 2274/2274/2274 2273/2273/2273 2272/2272/2272
f 2277/2277/2277 2276/2276/2276 2275/2275/2275
f 2280/2280/2280 2279/2279/2279 2278/2278/2278
f 2283/2283/2283 2282/2282/2282 2281/2281/2281
f 2286/2286/2286 2285/2285/2285 2284/2284/2284
f 2289/2289/2289 2288/2288/2288 2287/2287/2287
f 2292/2292/2292 2291/2291/2291 2290/2290/2290
f 2295/2295/2295 2294/2294/2294 2293/2293/2293
f 2298/2298/2298 2297/2297/2297 2296/2296/2296
f 2301/2301/2301 2300/2300/2300 2299/2299/2299
f 2304/2304/2304 2303/2303/2303 2302/2302/2302
f 2307/2307/2307 2306/2306/2306 2305/2305/2305
f 2310/2310/2310 2309/2309/2309 2308/2308/2308
f 2313/2313/2313 2312/2312/2312 2311/2311/2311
f 2316/2316/2316 2315/2315/2315 2314/2314/2314
f 2319/2319/2319 2318/2318/2318 2317/2317/2317
f 2322/2322/2322 2321/2321/2321 2320/2320/2320
f 2325/2325/2325 2324/2324/2324 2323/2323/2323
f 2328/2328/2328 2327/2327/2327 2326/2326/2326
f 2331/2331/2331 2330/2330/2330 2329/2329/2329
f 2334/2334/2334 2333/2333/2333 2332/2332/2332
f 2337/2337/2337 2336/2336/2336 2335/2335/2335
f 2340/2340/2340 2339/2339/2339 2338/2338/2338
f 2343/2343/2343 2342/2342/2342 2341/2341/2341
f 2346/2346/2346 2345/2345/2345 2344/2344/2344
f 2349/2349/2349 2348/2348/2348 2347/2347/2347
f 2352/2352/2352 2351/2351/2351 2350/2350/2350
f 2355/2355/2355 2354/2354/2354 2353/2353/2353
f 2358/2358/2358 2357/2357/2357 2356/2356/2356
f 2361/2361/2361 2360/2360/2360 2359/2359/2359
f 2364/2364/2364 2363/2363/2363 2362/2362/2362
f 2367/2367/2367 2366/2366/2366 2365/2365/2365
f 2370/2370/2370 2369/2369/2369 2368/2368/2368
f 2373/2373/2373 2372/2372/2372 2371/2371/2371
f 2376/2376/2376 2375/2375/2375 2374/2374/2374
f 2379/2379/2379 2378/2378/2378 2377/2377/2377
f 2382/2382/2382 2381/2381/2381 2380/2380/2380
f 2385/2385/2385 2384/2384/2384 2383/2383/2383
f 2388/2388/2388 2387/2387/2387 2386/2386/2386
f 2391/2391/2391 2390/2390/2390 2389/2389/2389
f 2394/2394/2394 2393/2393/2393 2392/2392/2392
f 2397/2397/2397 2396/2396/2396 2395/2395/2395
f 2400/2400/2400 2399/2399/2399 2398/2398/2398
f 2403/2403/2403 2402/2402/2402 2401/2401/2401
f 2406/2406/2406 2405/2405/2405 2404/2404/2404
f 2409/2409/2409 2408/2408/2408 2407/2407/2407
f 2412/2412/2412 2411/2411/2411 2410/2410/2410
f 2415/2415/2415 2414/2414/2414 2413/2413/2413
f 2418/2418/2418 2417/2417/2417 2416/2416/2416
f 2421/2421/2421 2420/2420/2420 2419/2419/2419
f 2424/2424/2424 2423/2423/2423 2422/2422/2422
f 2427/2427/2427 2426/2426/2426 2425/2425/2425
f 2430/2430/2430 2429/2429/2429 2428/2428/2428
f 2433/2433/2433 2432/2432/2432 2431/2431/2431
f 2436/2436/2436 2435/2435/2435 2434/2434/2434
f 2439/2439/2439 2438/2438/2438 2437/2437/2437
f 2442/2442/2442 2441/2441/2441 2440/2440/2440
f 2445/2445/2445 2444/2444/2444 2443/2443/2443
f 2448/2448/2448 2447/2447/2447 2446/2446/2446
f 2451/2451/2451 2450/2450/2450 2449/2449/2449
f 2454/2454/2454 2453/2453/2453 2452/2452/2452
f 2457/2457/2457 2456/2456/2456 2455/2455/2455
f 2460/2460/2460 2459/2459/2459 2458/2458/2458
f 2463/2463/2463 2462/2462/2462 2461/2461/2461
f 2466/2466/2466 2465/2465/2465 2464/2464/2464
f 2469/2469/2469 2468/2468/2468 2467/2467/2467
f 2472/2472/2472 2471/2471/2471 2470/2470/2470
f 2475/2475/2475 2474/2474/2474 2473/2473/2473
f 2478/2478/2478 2477/2477/2477 2476/2476/2476
f 2481/2481/2481 2480/2480/2480 2479/2479/2479
f 2484/2484/2484 2483/2483/2483 2482/2482/2482
f 2487/2487/2487 2486/2486/2486 2485/2485/2485
f 2490/2490/2490 2489/2489/2489 2488/2488/2488
f 2493/2493/2493 2492/2492/2492 2491/2491/2491
f 2496/2496/2496 2495/2495/2495 2494/2494/2494
f 2499/2499/2499 2498/2498/2498 2497/2497/2497
f 2502/2502/2502 2501/2501/2501 2500/2500/2500
f 2505/2505/2505 2504/2504/2504 2503/2503/2503
f 2508/2508/2508 2507/2507/2507 2506/2506/2506
f 2511/2511/2511 2510/2510/2510 2509/2509/2509
f 2514/2514/2514 2513/2513/2513 2512/2512/2512
f 2517/2517/2517 2516/2516/2516 2515/2515/2515
f 2520/2520/2520 2519/2519/2519 2518/2518/2518
f 2523/2523/2523 2522/2522/2522 2521/2521/2521
f 2526/2526/2526 2525/2525/2525 2524/2524/2524
f 2529/2529/2529 2528/2528/2528 2527/2527/2527
f 2532/2532/2532 2531/2531/2531 2530/2530/2530
f 2535/2535/2535 2534/2534/2534 2533/2533/2533
f 2538/2538/2538 2537/2537/2537 2536/2536/2536
f 2541/2541/2541 2540/2540/2540 2539/2539/2539
f 2544/2544/2544 2543/2543/2543 2542/2542/2542
f 2547/2547/2547 2546/2546/2546 2545/2545/2545
f 2550/2550/2550 2549/2549/2549 2548/2548/2548
f 2553/2553/2553 2552/2552/2552 2551/2551/2551
f 2556/2556/2556 2555/2555/2555 2554/2554/2554
f 2559/2559/2559 2558/2558/2558 2557/2557/2557
f 2562/2562/2562 2561/2561/2561 2560/2560/2560
f 2565/2565/2565 2564/2564/2564 2563/2563/2563
f 2568/2568/2568 2567/2567/2567 2566/2566/2566
f 2571/2571/2571 2570/2570/2570 2569/2569/2569
f 2574/2574/2574 2573/2573/2573 2572/2572/2572
f 2577/2577/2577 2576/2576/2576 2575/2575/2575
f 2580/2580/2580 2579/2579/2579 2578/2578/2578
f 2583/2583/2583 2582/2582/2582 2581/2581/2581
f 2586/2586/2586 2585/2585/2585 2584/2584/2584
f 2589/2589/2589 2588/2588/2588 2587/2587/2587
f 2592/2592/2592 2591/2591/2591 2590/2590/2590
f 2595/2595/2595 2594/2594/2594 2593/2593/2593
f 2598/2598/2598 2597/2597/2597 2596/2596/2596
f 2601/2601/2601 2600/2600/2600 2599/2599/2599
f 2604/2604/2604 2603/2603/2603 2602/2602/2602
f 2607/2607/2607 2606/2606/2606 2605/2605/2605
f 2610/2610/2610 2609/2609/2609 2608/2608/2608
f 2613/2613/2613 2612/2612/2612 2611/2611/2611
f 2616/2616/2616 2615/2615/2615 2614/2614/2614
f 2619/2619/2619 2618/2618/2618 2617/2617/2617
f 2622/2622/2622 2621/2621/2621 2620/2620/2620
f 2625/2625/2625 2624/2624/2624 2623/2623/2623
f 2628/2628/2628 2627/2627/2627 2626/2626/2626
f 2631/2631/2631 2630/2630/2630 2629/2629/2629
f 2634/2634/2634 2633/2633/2633 2632/2632/2632
f 2637/2637/2637 2636/2636/2636 2635/2635/2635
f 2640/2640/2640 2639/2639/2639 2638/2638/2638
f 2641/2641/2641 2640/2640/2640 2638/2638/2638
f 2644/2644/2644 2643/2643/2643 2642/2642/2642
f 2645/2645/2645 2644/2644/2644 2642/2642/2642
f 2648/2648/2648 2647/2647/2647 2646/2646/2646
f 2651/2651/2651 2650/2650/2650 2649/2649/2649
f 2654/2654/2654 2653/2653/2653 2652/2652/2652
f 2657/2657/2657 2656/2656/2656 2655/2655/2655
f 2660/2660/2660 2659/2659/2659 2658/2658/2658
f 2661/2661/2661 2660/2660/2660 2658/2658/2658
f 2664/2664/2664 2663/2663/2663 2662/2662/2662
f 2665/2665/2665 2664/2664/2664 2662/2662/2662
f 2668/2668/2668 2667/2667/2667 2666/2666/2666
f 2669/2669/2669 2668/2668/2668 2666/2666/2666
f 2672/2672/2672 2671/2671/2671 2670/2670/2670
f 2675/2675/2675 2674/2674/2674 2673/2673/2673
f 2678/2678/2678 2677/2677/2677 2676/2676/2676
f 2679/2679/2679 2678/2678/2678 2676/2676/2676
f 2682/2682/2682 2681/2681/2681 2680/2680/2680
f 2683/2683/2683 2682/2682/2682 2680/2680/2680
f 2686/2686/2686 2685/2685/2685 2684/2684/2684
f 2687/2687/2687 2686/2686/2686 2684/2684/2684
f 2690/2690/2690 2689/2689/2689 2688/2688/2688
f 2693/2693/2693 2692/2692/2692 2691/2691/2691
f 2696/2696/2696 2695/2695/2695 2694/2694/2694
f 2697/2697/2697 2696/2696/2696 2694/2694/2694
f 2700/2700/2700 2699/2699/2699 2698/2698/2698
f 2701/2701/2701 2700/2700/2700 2698/2698/2698
f 2704/2704/2704 2703/2703/2703 2702/2702/2702
f 2705/2705/2705 2704/2704/2704 2702/2702/2702
f 2708/2708/2708 2707/2707/2707 2706/2706/2706
f 2709/2709/2709 2708/2708/2708 2706/2706/2706
f 2712/2712/2712 2711/2711/2711 2710/2710/2710
f 2713/2713/2713 2712/2712/2712 2710/2710/2710
f 2716/2716/2716 2715/2715/2715 2714/2714/2714
f 2717/2717/2717 2716/2716/2716 2714/2714/2714
f 2720/2720/2720 2719/2719/2719 2718/2718/2718
f 2721/2721/2721 2720/2720/2720 2718/2718/2718
f 2724/2724/2724 2723/2723/2723 2722/2722/2722
f 2725/2725/2725 2724/2724/2724 2722/2722/2722
f 2728/2728/2728 2727/2727/2727 2726/2726/2726
f 2729/2729/2729 2728/2728/2728 2726/2726/2726
f 2732/2732/2732 2731/2731/2731 2730/2730/2730
f 2733/2733/2733 2732/2732/2732 2730/2730/2730
f 2736/2736/2736 2735/2735/2735 2734/2734/2734
f 2737/2737/2737 2736/2736/2736 2734/2734/2734
f 2740/2740/2740 2739/2739/2739 2738/2738/2738
f 2743/2743/2743 2742/2742/2742 2741/2741/2741
f 2746/2746/2746 2745/2745/2745 2744/2744/2744
f 2747/2747/2747 2746/2746/2746 2744/2744/2744
f 2750/2750/2750 2749/2749/2749 2748/2748/2748
f 2751/2751/2751 2750/2750/2750 2748/2748/2748
f 2754/2754/2754 2753/2753/2753 2752/2752/2752
f 2755/2755/2755 2754/2754/2754 2752/2752/2752
f 2758/2758/2758 2757/2757/2757 2756/2756/2756
f 2759/2759/2759 2758/2758/2758 2756/2756/2756
f 2762/2762/2762 2761/2761/2761 2760/2760/2760
f 2765/2765/2765 2764/2764/2764 2763/2763/2763
f 2768/2768/2768 2767/2767/2767 2766/2766/2766
f 2769/2769/2769 2768/2768/2768 2766/2766/2766
f 2772/2772/2772 2771/2771/2771 2770/2770/2770
f 2773/2773/2773 2772/2772/2772 2770/2770/2770
f 2776/2776/2776 2775/2775/2775 2774/2774/2774
f 2777/2777/2777 2776/2776/2776 2774/2774/2774
f 2780/2780/2780 2779/2779/2779 2778/2778/2778
f 2781/2781/2781 2780/2780/2780 2778/2778/2778
f 2784/2784/2784 2783/2783/2783 2782/2782/2782
f 2785/2785/2785 2784/2784/2784 2782/2782/2782
f 2788/2788/2788 2787/2787/2787 2786/2786/2786
f 2789/2789/2789 2788/2788/2788 2786/2786/2786
f 2792/2792/2792 2791/2791/2791 2790/2790/2790
f 2793/2793/2793 2792/2792/2792 2790/2790/2790
f 2796/2796/2796 2795/2795/2795 2794/2794/2794
f 2797/2797/2797 2796/2796/2796 2794/2794/2794
f 2800/2800/2800 2799/2799/2799 2798/2798/2798
f 2801/2801/2801 2800/2800/2800 2798/2798/2798
f 2804/2804/2804 2803/2803/2803 2802/2802/2802
f 2805/2805/2805 2804/2804/2804 2802/2802/2802
f 2808/2808/2808 2807/2807/2807 2806/2806/2806
f 2809/2809/2809 2808/2808/2808 2806/2806/2806
f 2812/2812/2812 2811/2811/2811 2810/2810/2810
f 2813/2813/2813 2812/2812/2812 2810/2810/2810
f 2816/2816/2816 2815/2815/2815 2814/2814/2814
f 2817/2817/2817 2816/2816/2816 2814/2814/2814
f 2820/2820/2820 2819/2819/2819 2818/2818/2818
f 2821/2821/2821 2820/2820/2820 2818/2818/2818
f 2824/2824/2824 2823/2823/2823 2822/2822/2822
f 2825/2825/2825 2824/2824/2824 2822/2822/2822
f 2828/2828/2828 2827/2827/2827 2826/2826/2826
f 2829/2829/2829 2828/2828/2828 2826/2826/2826
f 2832/2832/2832 2831/2831/2831 2830/2830/2830
f 2833/2833/2833 2832/2832/2832 2830/2830/2830
f 2836/2836/2836 2835/2835/2835 2834/2834/2834
f 2837/2837/2837 2836/2836/2836 2834/2834/2834
f 2840/2840/2840 2839/2839/2839 2838/2838/2838
f 2841/2841/2841 2840/2840/2840 2838/2838/2838
f 2844/2844/2844 2843/2843/2843 2842/2842/2842
f 2845/2845/2845 2844/2844/2844 2842/2842/2842
f 2848/2848/2848 2847/2847/2847 2846/2846/2846
f 2849/2849/2849 2848/2848/2848 2846/2846/2846
f 2852/2852/2852 2851/2851/2851 2850/2850/2850
f 2853/2853/2853 2852/2852/2852 2850/2850/2850
f 2856/2856/2856 2855/2855/2855 2854/2854/2854
f 2859/2859/2859 2858/2858/2858 2857/2857/2857
f 2862/2862/2862 2861/2861/2861 2860/2860/2860
f 2863/2863/2863 2862/2862/2862 2860/2860/2860
f 2866/2866/2866 2865/2865/2865 2864/2864/2864
f 2867/2867/2867 2866/2866/2866 2864/2864/2864
f 2870/2870/2870 2869/2869/2869 2868/2868/2868
f 2873/2873/2873 2872/2872/2872 2871/2871/2871
f 2876/2876/2876 2875/2875/2875 2874/2874/2874
f 2877/2877/2877 2876/2876/2876 2874/2874/2874
f 2880/2880/2880 2879/2879/2879 2878/2878/2878
f 2881/2881/2881 2880/2880/2880 2878/2878/2878
f 2884/2884/2884 2883/2883/2883 2882/2882/2882
f 2885/2885/2885 2884/2884/2884 2882/2882/2882
f 2888/2888/2888 2887/2887/2887 2886/2886/2886
f 2889/2889/2889 2888/2888/2888 2886/2886/2886
f 2892/2892/2892 2891/2891/2891 2890/2890/2890
f 2893/2893/2893 2892/2892/2892 2890/2890/2890
f 2896/2896/2896 2895/2895/2895 2894/2894/2894
f 2897/2897/2897 2896/2896/2896 2894/2894/2894
f 2900/2900/2900 2899/2899/2899 2898/2898/2898
f 2901/2901/2901 2900/2900/2900 2898/2898/2898
f 2904/2904/2904 2903/2903/2903 2902/2902/2902
f 2905/2905/2905 2904/2904/2904 2902/2902/2902
f 2908/2908/2908 2907/2907/2907 2906/2906/2906
f 2909/2909/2909 2908/2908/2908 2906/2906/2906
f 2912/2912/2912 2911/2911/2911 2910/2910/2910
f 2913/2913/2913 2912/2912/2912 2910/2910/2910
f 2916/2916/2916 2915/2915/2915 2914/2914/2914
f 2919/2919/2919 2918/2918/2918 2917/2917/2917
f 2922/2922/2922 2921/2921/2921 2920/2920/2920
f 2923/2923/2923 2922/2922/2922 2920/2920/2920
f 2926/2926/2926 2925/2925/2925 2924/2924/2924
f 2927/2927/2927 2926/2926/2926 2924/2924/2924
f 2930/2930/2930 2929/2929/2929 2928/2928/2928
f 2931/2931/2931 2930/2930/2930 2928/2928/2928
f 2934/2934/2934 2933/2933/2933 2932/2932/2932
f 2935/2935/2935 2934/2934/2934 2932/2932/2932
f 2938/2938/2938 2937/2937/2937 2936/2936/2936
f 2939/2939/2939 2938/2938/2938 2936/2936/2936
f 2942/2942/2942 2941/2941/2941 2940/2940/2940
f 2943/2943/2943 2942/2942/2942 2940/2940/2940
f 2946/2946/2946 2945/2945/2945 2944/2944/2944
f 2947/2947/2947 2946/2946/2946 2944/2944/2944
f 2950/2950/2950 2949/2949/2949 2948/2948/2948
f 2951/2951/2951 2950/2950/2950 2948/2948/2948
f 2954/2954/2954 2953/2953/2953 2952/2952/2952
f 2955/2955/2955 2954/2954/2954 2952/2952/2952
f 2958/2958/2958 2957/2957/2957 2956/2956/2956
f 2959/2959/2959 2958/2958/2958 2956/2956/2956
f 2962/2962/2962 2961/2961/2961 2960/2960/2960
f 2963/2963/2963 2962/2962/2962 2960/2960/2960
f 2966/2966/2966 2965/2965/2965 2964/2964/2964
f 2967/2967/2967 2966/2966/2966 2964/2964/2964
f 2970/2970/2970 2969/2969/2969 2968/2968/2968
f 2971/2971/2971 2970/2970/2970 2968/2968/2968
f 2974/2974/2974 2973/2973/2973 2972/2972/2972
f 2975/2975/2975 2974/2974/2974 2972/2972/2972
f 2978/2978/2978 2977/2977/2977 2976/2976/2976
f 2979/2979/2979 2978/2978/2978 2976/2976/2976
f 2982/2982/2982 2981/2981/2981 2980/2980/2980
f 2983/2983/2983 2982/2982/2982 2980/2980/2980
f 2986/2986/2986 2985/2985/2985 2984/2984/2984
f 2989/2989/2989 2988/2988/2988 2987/2987/2987
f 2992/2992/2992 2991/2991/2991 2990/2990/2990
f 2993/2993/2993 2992/2992/2992 2990/2990/2990
f 2996/2996/2996 2995/2995/2995 2994/2994/2994
f 2997/2997/2997 2996/2996/2996 2994/2994/2994
f 3000/3000/3000 2999/2999/2999 2998/2998/2998
f 3001/3001/3001 3000/3000/3000 2998/2998/2998
f 3004/3004/3004 3003/3003/3003 3002/3002/3002
f 3005/3005/3005 3004/3004/3004 3002/3002/3002
f 3008/3008/3008 3007/3007/3007 3006/3006/3006
f 3009/3009/3009 3008/3008/3008 3006/3006/3006
f 3012/3012/3012 3011/3011/3011 3010/3010/3010
f 3013/3013/3013 3012/3012/3012 3010/3010/3010
f 3016/3016/3016 3015/3015/3015 3014/3014/3014
f 3019/3019/3019 3018/3018/3018 3017/3017/3017
f 3022/3022/3022 3021/3021/3021 3020/3020/3020
f 3023/3023/3023 3022/3022/3022 3020/3020/3020
f 3026/3026/3026 3025/3025/3025 3024/3024/3024
f 3027/3027/3027 3026/3026/3026 3024/3024/3024
f 3030/3030/3030 3029/3029/3029 3028/3028/3028
f 3031/3031/3031 3030/3030/3030 3028/3028/3028
f 3034/3034/3034 3033/3033/3033 3032/3032/3032
f 3035/3035/3035 3034/3034/3034 3032/3032/3032
f 3038/3038/3038 3037/3037/3037 3036/3036/3036
f 3039/3039/3039 3038/3038/3038 3036/3036/3036
f 3042/3042/3042 3041/3041/3041 3040/3040/3040
f 3043/3043/3043 3042/3042/3042 3040/3040/3040
f 3046/3046/3046 3045/3045/3045 3044/3044/3044
f 3047/3047/3047 3046/3046/3046 3044/3044/3044
f 3050/3050/3050 3049/3049/3049 3048/3048/3048
f 3051/3051/3051 3050/3050/3050 3048/3048/3048
f 3054/3054/3054 3053/3053/3053 3052/3052/3052
f 3055/3055/3055 3054/3054/3054 3052/3052/3052
f 3058/3058/3058 3057/3057/3057 3056/3056/3056
f 3061/3061/3061 3060/3060/3060 3059/3059/3059
f 3064/3064/3064 3063/3063/3063 3062/3062/3062
f 3065/3065/3065 3064/3064/3064 3062/3062/3062
f 3068/3068/3068 3067/3067/3067 3066/3066/3066
f 3071/3071/3071 3070/3070/3070 3069/3069/3069
f 3074/3074/3074 3073/3073/3073 3072/3072/3072
f 3077/3077/3077 3076/3076/3076 3075/3075/3075
f 3080/3080/3080 3079/3079/3079 3078/3078/3078
f 3081/3081/3081 3080/3080/3080 3078/3078/3078
f 3084/3084/3084 3083/3083/3083 3082/3082/3082
f 3085/3085/3085 3084/3084/3084 3082/3082/3082
f 3088/3088/3088 3087/3087/3087 3086/3086/3086
f 3089/3089/3089 3088/3088/3088 3086/3086/3086
f 3092/3092/3092 3091/3091/3091 3090/3090/3090
f 3093/3093/3093 3092/3092/3092 3090/3090/3090
f 3096/3096/3096 3095/3095/3095 3094/3094/3094
f 3097/3097/3097 3096/3096/3096 3094/3094/3094
f 3100/3100/3100 3099/3099/3099 3098/3098/3098
f 3101/3101/3101 3100/3100/3100 3098/3098/3098
f 3104/3104/3104 3103/3103/3103 3102/3102/3102
f 3105/3105/3105 3104/3104/3104 3102/3102/3102
f 3108/3108/3108 3107/3107/3107 3106/3106/3106
f 3109/3109/3109 3108/3108/3108 3106/3106/3106
f 3112/3112/3112 3111/3111/3111 3110/3110/3110
f 3115/3115/3115 3114/3114/3114 3113/3113/3113
f 3118/3118/3118 3117/3117/3117 3116/3116/3116
f 3119/3119/3119 3118/3118/3118 3116/3116/3116
f 3122/3122/3122 3121/3121/3121 3120/3120/3120
f 3123/3123/3123 3122/3122/3122 3120/3120/3120
f 3126/3126/3126 3125/3125/3125 3124/3124/3124
f 3129/3129/3129 3128/3128/3128 3127/3127/3127
f 3132/3132/3132 3131/3131/3131 3130/3130/3130
f 3133/3133/3133 3132/3132/3132 3130/3130/3130
f 3136/3136/3136 3135/3135/3135 3134/3134/3134
f 3137/3137/3137 3136/3136/3136 3134/3134/3134
f 3140/3140/3140 3139/3139/3139 3138/3138/3138
f 3141/3141/3141 3140/3140/3140 3138/3138/3138
f 3144/3144/3144 3143/3143/3143 3142/3142/3142
f 3145/3145/3145 3144/3144/3144 3142/3142/3142
f 3148/3148/3148 3147/3147/3147 3146/3146/3146
f 3149/3149/3149 3148/3148/3148 3146/3146/3146
f 3152/3152/3152 3151/3151/3151 3150/3150/3150
f 3153/3153/3153 3152/3152/3152 3150/3150/3150
f 3156/3156/3156 3155/3155/3155 3154/3154/3154
f 3157/3157/3157 3156/3156/3156 3154/3154/3154
f 3160/3160/3160 3159/3159/3159 3158/3158/3158
f 3161/3161/3161 3160/3160/3160 3158/3158/3158
f 3164/3164/3164 3163/3163/3163 3162/3162/3162
f 3165/3165/3165 3164/3164/3164 3162/3162/3162
f 3168/3168/3168 3167/3167/3167 3166/3166/3166
f 3169/3169/3169 3168/3168/3168 3166/3166/3166
f 3172/3172/3172 3171/3171/3171 3170/3170/3170
f 3175/3175/3175 3174/3174/3174 3173/3173/3173
f 3178/3178/3178 3177/3177/3177 3176/3176/3176
f 3179/3179/3179 3178/3178/3178 3176/3176/3176
f 3182/3182/3182 3181/3181/3181 3180/3180/3180
f 3183/3183/3183 3182/3182/3182 3180/3180/3180
f 3186/3186/3186 3185/3185/3185 3184/3184/3184
f 3187/3187/3187 3186/3186/3186 3184/3184/3184
f 3190/3190/3190 3189/3189/3189 3188/3188/3188
f 3191/3191/3191 3190/3190/3190 3188/3188/3188
f 3194/3194/3194 3193/3193/3193 3192/3192/3192
f 3195/3195/3195 3194/3194/3194 3192/3192/3192
f 3198/3198/3198 3197/3197/3197 3196/3196/3196
f 3199/3199/3199 3198/3198/3198 3196/3196/3196
f 3202/3202/3202 3201/3201/3201 3200/3200/3200
f 3203/3203/3203 3202/3202/3202 3200/3200/3200
f 3206/3206/3206 3205/3205/3205 3204/3204/3204
f 3207/3207/3207 3206/3206/3206 3204/3204/3204
f 3210/3210/3210 3209/3209/3209 3208/3208/3208
f 3211/3211/3211 3210/3210/3210 3208/3208/3208
f 3214/3214/3214 3213/3213/3213 3212/3212/3212
f 3215/3215/3215 3214/3214/3214 3212/3212/3212
f 3218/3218/3218 3217/3217/3217 3216/3216/3216
f 3219/3219/3219 3218/3218/3218 3216/3216/3216
f 3222/3222/3222 3221/3221/3221 3220/3220/3220
f 3223/3223/3223 3222/3222/3222 3220/3220/3220
f 3226/3226/3226 3225/3225/3225 3224/3224/3224
f 3227/3227/3227 3226/3226/3226 3224/3224/3224
f 3230/3230/3230 3229/3229/3229 3228/3228/3228
f 3231/3231/3231 3230/3230/3230 3228/3228/3228
f 3234/3234/3234 3233/3233/3233 3232/3232/3232
f 3235/3235/3235 3234/3234/3234 3232/3232/3232
f 3238/3238/3238 3237/3237/3237 3236/3236/3236
f 3239/3239/3239 3238/3238/3238 3236/3236/3236
f 3242/3242/3242 3241/3241/3241 3240/3240/3240
f 3245/3245/3245 3244/3244/3244 3243/3243/3243
f 3248/3248/3248 3247/3247/3247 3246/3246/3246
f 3249/3249/3249 3248/3248/3248 3246/3246/3246
f 3252/3252/3252 3251/3251/3251 3250/3250/3250
f 3253/3253/3253 3252/3252/3252 3250/3250/3250
f 3256/3256/3256 3255/3255/3255 3254/3254/3254
f 3257/3257/3257 3256/3256/3256 3254/3254/3254
f 3260/3260/3260 3259/3259/3259 3258/3258/3258
f 3261/3261/3261 3260/3260/3260 3258/3258/3258
f 3264/3264/3264 3263/3263/3263 3262/3262/3262
f 3265/3265/3265 3264/3264/3264 3262/3262/3262
f 3268/3268/3268 3267/3267/3267 3266/3266/3266
f 3269/3269/3269 3268/3268/3268 3266/3266/3266
f 3272/3272/3272 3271/3271/3271 3270/3270/3270
f 3275/3275/3275 3274/3274/3274 3273/3273/3273
f 3278/3278/3278 3277/3277/3277 3276/3276/3276
f 3279/3279/3279 3278/3278/3278 3276/3276/3276
f 3282/3282/3282 3281/3281/3281 3280/3280/3280
f 3283/3283/3283 3282/3282/3282 3280/3280/3280
f 3286/3286/3286 3285/3285/3285 3284/3284/3284
f 3287/3287/3287 3286/3286/3286 3284/3284/3284
f 3290/3290/3290 3289/3289/3289 3288/3288/3288
f 3291/3291/3291 3290/3290/3290 3288/3288/3288
f 3294/3294/3294 3293/3293/3293 3292/3292/3292
f 3295/3295/3295 3294/3294/3294 3292/3292/3292
f 3298/3298/3298 3297/3297/3297 3296/3296/3296
f 3299/3299/3299 3298/3298/3298 3296/3296/3296
f 3302/3302/3302 3301/3301/3301 3300/3300/3300
f 3303/3303/3303 3302/3302/3302 3300/3300/3300
f 3306/3306/3306 3305/3305/3305 3304/3304/3304
f 3307/3307/3307 3306/3306/3306 3304/3304/3304
f 3310/3310/3310 3309/3309/3309 3308/3308/3308
f 3311/3311/3311 3310/3310/3310 3308/3308/3308
f 3314/3314/3314 3313/3313/3313 3312/3312/3312
f 3317/3317/3317 3316/3316/3316 3315/3315/3315
f 3320/3320/3320 3319/3319/3319 3318/3318/3318
f 3321/3321/3321 3320/3320/3320 3318/3318/3318
f 3324/3324/3324 3323/3323/3323 3322/3322/3322
f 3327/3327/3327 3326/3326/3326 3325/3325/3325
f 3330/3330/3330 3329/3329/3329 3328/3328/3328
f 3333/3333/3333 3332/3332/3332 3331/3331/3331
f 3336/3336/3336 3335/3335/3335 3334/3334/3334
f 3337/3337/3337 3336/3336/3336 3334/3334/3334
f 3340/3340/3340 3339/3339/3339 3338/3338/3338
f 3341/3341/3341 3340/3340/3340 3338/3338/3338
f 3344/3344/3344 3343/3343/3343 3342/3342/3342
f 3345/3345/3345 3344/3344/3344 3342/3342/3342
f 3348/3348/3348 3347/3347/3347 3346/3346/3346
f 3349/3349/3349 3348/3348/3348 3346/3346/3346
f 3352/3352/3352 3351/3351/3351 3350/3350/3350
f 3353/3353/3353 3352/3352/3352 3350/3350/3350
f 3356/3356/3356 3355/3355/3355 3354/3354/3354
f 3357/3357/3357 3356/3356/3356 3354/3354/3354
f 3360/3360/3360 3359/3359/3359 3358/3358/3358
f 3361/3361/3361 3360/3360/3360 3358/3358/3358
f 3364/3364/3364 3363/3363/3363 3362/3362/3362
f 3365/3365/3365 3364/3364/3364 3362/3362/3362
f 3368/3368/3368 3367/3367/3367 3366/3366/3366
f 3371/3371/3371 3370/3370/3370 3369/3369/3369
f 3374/3374/3374 3373/3373/3373 3372/3372/3372
f 3375/3375/3375 3374/3374/3374 3372/3372/3372
f 3378/3378/3378 3377/3377/3377 3376/3376/3376
f 3379/3379/3379 3378/3378/3378 3376/3376/3376
f 3382/3382/3382 3381/3381/3381 3380/3380/3380
f 3385/3385/3385 3384/3384/3384 3383/3383/3383
f 3388/3388/3388 3387/3387/3387 3386/3386/3386
f 3389/3389/3389 3388/3388/3388 3386/3386/3386
f 3392/3392/3392 3391/3391/3391 3390/3390/3390
f 3393/3393/3393 3392/3392/3392 3390/3390/3390
f 3396/3396/3396 3395/3395/3395 3394/3394/3394
f 3397/3397/3397 3396/3396/3396 3394/3394/3394
f 3400/3400/3400 3399/3399/3399 3398/3398/3398
f 3401/3401/3401 3400/3400/3400 3398/3398/3398
f 3404/3404/3404 3403/3403/3403 3402/3402/3402
f 3405/3405/3405 3404/3404/3404 3402/3402/3402
f 3408/3408/3408 3407/3407/3407 3406/3406/3406
f 3411/3411/3411 3410/3410/3410 3409/3409/3409
f 3414/3414/3414 3413/3413/3413 3412/3412/3412
f 3417/3417/3417 3416/3416/3416 3415/3415/3415
f 3420/3420/3420 3419/3419/3419 3418/3418/3418
f 3423/3423/3423 3422/3422/3422 3421/3421/3421
f 3426/3426/3426 3425/3425/3425 3424/3424/3424
f 3429/3429/3429 3428/3428/3428 3427/3427/3427
f 3432/3432/3432 3431/3431/3431 3430/3430/3430
f 3433/3433/3433 3432/3432/3432 3430/3430/3430
f 3436/3436/3436 3435/3435/3435 3434/3434/3434
f 3439/3439/3439 3438/3438/3438 3437/3437/3437
f 3442/3442/3442 3441/3441/3441 3440/3440/3440
f 3445/3445/3445 3444/3444/3444 3443/3443/3443
f 3448/3448/3448 3447/3447/3447 3446/3446/3446
f 3451/3451/3451 3450/3450/3450 3449/3449/3449
f 3454/3454/3454 3453/3453/3453 3452/3452/3452
f 3457/3457/3457 3456/3456/3456 3455/3455/3455
f 3460/3460/3460 3459/3459/3459 3458/3458/3458
f 3463/3463/3463 3462/3462/3462 3461/3461/3461
f 3466/3466/3466 3465/3465/3465 3464/3464/3464
f 3467/3467/3467 3466/3466/3466 3464/3464/3464
f 3470/3470/3470 3469/3469/3469 3468/3468/3468
f 3473/3473/3473 3472/3472/3472 3471/3471/3471
f 3476/3476/3476 3475/3475/3475 3474/3474/3474
f 3479/3479/3479 3478/3478/3478 3477/3477/3477
f 3482/3482/3482 3481/3481/3481 3480/3480/3480
f 3485/3485/3485 3484/3484/3484 3483/3483/3483
f 3488/3488/3488 3487/3487/3487 3486/3486/3486
f 3491/3491/3491 3490/3490/3490 3489/3489/3489
f 3494/3494/3494 3493/3493/3493 3492/3492/3492
f 3495/3495/3495 3494/3494/3494 3492/3492/3492
f 3498/3498/3498 3497/3497/3497 3496/3496/3496
f 3501/3501/3501 3500/3500/3500 3499/3499/3499
f 3504/3504/3504 3503/3503/3503 3502/3502/3502
f 3507/3507/3507 3506/3506/3506 3505/3505/3505
f 3510/3510/3510 3509/3509/3509 3508/3508/3508
f 3513/3513/3513 3512/3512/3512 3511/3511/3511
f 3516/3516/3516 3515/3515/3515 3514/3514/3514
f 3519/3519/3519 3518/3518/3518 3517/3517/3517
f 3522/3522/3522 3521/3521/3521 3520/3520/3520
f 3523/3523/3523 3522/3522/3522 3520/3520/3520
f 3526/3526/3526 3525/3525/3525 3524/3524/3524
f 3529/3529/3529 3528/3528/3528 3527/3527/3527
f 3532/3532/3532 3531/3531/3531 3530/3530/3530
f 3535/3535/3535 3534/3534/3534 3533/3533/3533
f 3538/3538/3538 3537/3537/3537 3536/3536/3536
f 3539/3539/3539 3538/3538/3538 3536/3536/3536
f 3542/3542/3542 3541/3541/3541 3540/3540/3540
f 3545/3545/3545 3544/3544/3544 3543/3543/3543
f 3548/3548/3548 3547/3547/3547 3546/3546/3546
f 3549/3549/3549 3548/3548/3548 3546/3546/3546
f 3552/3552/3552 3551/3551/3551 3550/3550/3550
f 3553/3553/3553 3552/3552/3552 3550/3550/3550
f 3556/3556/3556 3555/3555/3555 3554/3554/3554
f 3557/3557/3557 3556/3556/3556 3554/3554/3554
f 3560/3560/3560 3559/3559/3559 3558/3558/3558
f 3561/3561/3561 3560/3560/3560 3558/3558/3558
f 3564/3564/3564 3563/3563/3563 3562/3562/3562
f 3567/3567/3567 3566/3566/3566 3565/3565/3565
f 3570/3570/3570 3569/3569/3569 3568/3568/3568
f 3573/3573/3573 3572/3572/3572 3571/3571/3571
f 3576/3576/3576 3575/3575/3575 3574/3574/3574
f 3577/3577/3577 3576/3576/3576 3574/3574/3574
f 3580/3580/3580 3579/3579/3579 3578/3578/3578
f 3581/3581/3581 3580/3580/3580 3578/3578/3578
f 3584/3584/3584 3583/3583/3583 3582/3582/3582
f 3585/3585/3585 3584/3584/3584 3582/3582/3582
f 3588/3588/3588 3587/3587/3587 3586/3586/3586
f 3591/3591/3591 3590/3590/3590 3589/3589/3589
f 3594/3594/3594 3593/3593/3593 3592/3592/3592
f 3597/3597/3597 3596/3596/3596 3595/3595/3595
f 3600/3600/3600 3599/3599/3599 3598/3598/3598
f 3603/3603/3603 3602/3602/3602 3601/3601/3601
f 3606/3606/3606 3605/3605/3605 3604/3604/3604
f 3607/3607/3607 3606/3606/3606 3604/3604/3604
f 3610/3610/3610 3609/3609/3609 3608/3608/3608
f 3611/3611/3611 3610/3610/3610 3608/3608/3608
f 3614/3614/3614 3613/3613/3613 3612/3612/3612
f 3615/3615/3615 3614/3614/3614 3612/3612/3612
f 3618/3618/3618 3617/3617/3617 3616/3616/3616
f 3621/3621/3621 3620/3620/3620 3619/3619/3619
f 3624/3624/3624 3623/3623/3623 3622/3622/3622
f 3625/3625/3625 3624/3624/3624 3622/3622/3622
f 3628/3628/3628 3627/3627/3627 3626/3626/3626
f 3629/3629/3629 3628/3628/3628 3626/3626/3626
f 3632/3632/3632 3631/3631/3631 3630/3630/3630
f 3633/3633/3633 3632/3632/3632 3630/3630/3630
f 3636/3636/3636 3635/3635/3635 3634/3634/3634
f 3637/3637/3637 3636/3636/3636 3634/3634/3634
f 3640/3640/3640 3639/3639/3639 3638/3638/3638
f 3643/3643/3643 3642/3642/3642 3641/3641/3641
f 3646/3646/3646 3645/3645/3645 3644/3644/3644
f 3647/3647/3647 3646/3646/3646 3644/3644/3644
f 3650/3650/3650 3649/3649/3649 3648/3648/3648
f 3651/3651/3651 3650/3650/3650 3648/3648/3648
f 3654/3654/3654 3653/3653/3653 3652/3652/3652
f 3655/3655/3655 3654/3654/3654 3652/3652/3652
f 3658/3658/3658 3657/3657/3657 3656/3656/3656
f 3659/3659/3659 3658/3658/3658 3656/3656/3656
f 3662/3662/3662 3661/3661/3661 3660/3660/3660
f 3663/3663/3663 3662/3662/3662 3660/3660/3660
f 3666/3666/3666 3665/3665/3665 3664/3664/3664
f 3667/3667/3667 3666/3666/3666 3664/3664/3664
f 3670/3670/3670 3669/3669/3669 3668/3668/3668
f 3671/3671/3671 3670/3670/3670 3668/3668/3668
f 3674/3674/3674 3673/3673/3673 3672/3672/3672
f 3675/3675/3675 3674/3674/3674 3672/3672/3672
f 3678/3678/3678 3677/3677/3677 3676/3676/3676
f 3681/3681/3681 3680/3680/3680 3679/3679/3679
f 3684/3684/3684 3683/3683/3683 3682/3682/3682
f 3685/3685/3685 3684/3684/3684 3682/3682/3682
f 3688/3688/3688 3687/3687/3687 3686/3686/3686
f 3689/3689/3689 3688/3688/3688 3686/3686/3686
